:020000040800F2
:1000000098B90020750400087D0200087F020008EE
:1000100083020008870200088B020008000000002D
:100020000000000000000000000000008F02000837
:10003000910200080000000093020008313100081E
:100040008F0400088F0400088F040008858B0008C7
:100050008F0400088F0400088F0400088F04000834
:100060008F0400088F0400088F0400088F04000824
:10007000339400088F0400088F0400088F040008E0
:100080008F040008AB9200088F0400088F0400085A
:100090008F0400088F0400088F0400088F040008F4
:1000A0008F0400088F0400088F0400088F040008E4
:1000B0008F0400088F0400088F0400088F040008D4
:1000C0008F0400088F0400088F0400088F040008C4
:1000D0008F0400088F0400089F910008D392000845
:1000E0008F0400088F0400088F0400088F040008A4
:1000F0008F0400088F0400088F0400088F04000894
:100100008F0400088F0400088F0400088F04000883
:100110008F0400088F040008A92E00088F0400082F
:100120008F0400088F0400088F0400088F04000863
:1001300000F002F800F081F80AA090E8000C824478
:100140008344AAF10107DA4501D100F076F8AFF255
:10015000090EBAE80F0013F0010F18BFFB1A43F0A5
:1001600001031847208401004084010010F8013B7E
:100170000A4413F0030408BF10F8014B1D1108BF17
:1001800010F8015B641E05D010F8016B641E01F8C5
:10019000016BF9D1002D15D010F8014B03F00C03C1
:1001A0000C2BA1EB04040ABF10F8013BA4EB831451
:1001B000A4EB032405F1010314F8016B5B1E01F8A5
:1001C000016BF9D5914238BF10F8013BD1D370478C
:1001D0000023002400250026103A28BF78C1FBD850
:1001E000520728BF30C148BF0B607047672917F01E
:1001F000C687692914F08485642914F081857829DB
:1002000014F0BA85732915F04E83002070471FB58E
:100210009DE8030015F07CF815F05EFE0400002058
:10022000002117F04BF9401C60600020002117F0FE
:100230005BF9E0601FBD10B510BD16F078F91146EE
:10024000FFF7E5FF00F014F816F0D6FB03B4FFF754
:10025000F2FF03BC03F0CEFA80F30888704702482F
:1002600002490160FEE700000CED00E00100FA0524
:1002700002F06AFF01E002F0F5FFFCE7704700BF03
:10028000FEE700BFFEE700BFFEE700BFFEE77047E6
:10029000704770470CB50020019000906C480068D2
:1002A00040F480306A49086000BF6948006800F483
:1002B000003000900198401C0190009818B90198F6
:1002C000B0F5A06FF1D16248006800F4003010B1C1
:1002D0000120009001E0002000900098012843D107
:1002E0005C48006840F010005A4908600846006801
:1002F00020F0030008600846006840F00200086033
:10030000534840685249486008464068486008467B
:10031000406840F4806048600846406820F47C10E3
:1003200048600846406840F4E810486008460068A5
:1003300040F08070086000BF4548006800F0007021
:100340000028F9D04248406820F003004049486046
:100350000846406840F00200486000BF3C484068E2
:1003600000F00C000828F9D10CBD10B5FFF792FF82
:1003700010BD10B53648006840F0010034490860EF
:1003800008464068344908403149486008460068DA
:10039000324908402E4908600846006820F4802051
:1003A00008600846406820F4FE0048604FF41F00D3
:1003B0008860FFF7DAFF4FF000602949086010BD40
:1003C00010B5002100200022214B5B6803F00C01D6
:1003D00021B1042906D0082928D107E0214B224C5D
:1003E000236027E01F4B204C236023E0184B5B6801
:1003F00003F47010164B5B6803F48032022303EBA6
:10040000904022B9194B4343174C23600DE0104B29
:100410005B6803F4003323B1144B4343124C236055
:1004200003E0104B4343104C236003E00D4B0E4C94
:10043000236000BF00BF064B5B68C3F303130C4C83
:10044000E15C094B1B68CB40074C236010BD0000EA
:1004500000100240002002400000FFF8FFFFF6FEFF
:1004600008ED00E000127A000000002000093D00C5
:10047000040000200948804709480047FEE7FEE7DE
:10048000FEE7FEE7FEE7FEE7FEE7FEE7FEE7FEE744
:1004900004480549054A064B7047000073030008ED
:1004A0003101000898B3002098B9002098B50020C9
:1004B00098B5002031490143314A1160704770B549
:1004C000002100230F22C47804B32D4C246804F4C7
:1004D000E064C4F5E064210AC1F10403CA40447831
:1004E00004FA03F18478144021430901254C06786D
:1004F000A155047804F01F050124AC4005786D1166
:10050000AD0005F1E025C5F8004109E0047804F0EC
:100510001F050124AC401C4D0678761145F8264095
:1005200070BD1A4A0A400243154B1B1F1A607047E0
:1005300039B1134A121D12680243114B1B1D1A6078
:1005400006E00F4A121D126882430D4B1B1D1A60F4
:100550007047042808D14FF0E021096941F00401F7
:100560004FF0E022116107E04FF0E021096921F02E
:1005700004014FF0E0221161704700000000FA050D
:100580000CED00E000E400E080E100E080FFFF1FF0
:1005900010B5012001F03CF8002001F039F810BD41
:1005A0002A49086070472949091F08607047274990
:1005B00084310860704701460020254A10884FF6B4
:1005C0007F4210400843224A1080704701460020B5
:1005D0001F4A10884FF68072104008431C4A108052
:1005E000704708B500220092194A2C3A0092009AEE
:1005F00002440092009A116008BD08B5014600202F
:10060000009013482C3800900098084400900098FF
:10061000008808BD0D489C300068C0B270470C4887
:100620000830008840F0010009490831088070470F
:100630000648A0300068C0B27047054808300088FE
:1006400040F00200024908310880704704860D42DC
:100650002C6C004001684FF6FE72114001600021D1
:10066000016041608160C1608D49884208D18C4938
:100670000839496841F00F01894A083A51608AE017
:1006800087491431884208D185490839496841F0C1
:10069000F001834A083A51607DE08149283188425F
:1006A00008D17F490839496841F470617C4A083AA9
:1006B000516070E07A493C31884208D17849083964
:1006C000496841F47041764A083A516063E07449E0
:1006D0005031884208D172490839496841F4702183
:1006E0006F4A083A516056E06D496431884208D13A
:1006F0006B490839496841F47001694A083A516008
:1007000049E067497831884208D165490839496824
:1007100041F07061624A083A51603CE061498842A8
:1007200006D1011F096841F00F01021F116032E07C
:100730005C491431884208D15A49091F096841F0BF
:10074000F001584A121F116025E0564928318842AD
:1007500008D15449091F096841F47061514A121FB8
:10076000116018E04F493C31884208D14D49091FBA
:10077000096841F470414B4A121F11600BE049496E
:100780005031884207D14749091F096841F4702157
:10079000444A121F1160704710B50022026847F6E4
:1007A000F0739A430C6A8B6823430C6923434C69AA
:1007B00023438C692343CC6923434C6A23438C6ACB
:1007C00023431A430260CB6843600B6883604B6825
:1007D000C36010BD0021016041608160C1600161A2
:1007E00041618161C161016241628162704721B1F1
:1007F000026842F00102026004E002684FF6FE73F4
:100800001A40026070471AB103680B43036002E0AC
:1008100003688B4303607047416070470146486836
:1008200080B2704701460020002201F080531BB1C6
:100830001C4B083B1A6802E0194B083B1A6802EA95
:1008400001030BB1012000E00020704700F080514F
:1008500019B11449091F086002E0114908394860BC
:10086000704701460020002201F080531BB10D4B60
:10087000083B1A6802E00A4B083B1A6802EA0103C7
:100880000BB1012000E00020704700F0805119B149
:100890000449091F086002E00149083948607047AF
:1008A000080002400804024001460020FE4A106889
:1008B00000F03800084310607047FB49096821F0D8
:1008C0000801F94A11601146096801431160704737
:1008D000F549096821F01001F34A116011460968D1
:1008E000014311607047F148EF494860F0484860A3
:1008F0007047EE48EC494860ED4848607047EA4868
:10090000006940F08000E84908617047E6480069E6
:1009100040F08000E449086170470420E249C9685A
:1009200001F0010109B101200EE0DF49C96801F0C1
:10093000040109B1022007E0DB49C96801F0100198
:1009400009B1032000E00420704700B502460423EB
:10095000FFF7E3FF034603E0FFF7DFFF0346521E06
:10096000012B01D1002AF7D102B90523184600BD99
:1009700030B5044604254FF43020FFF7E6FF054666
:10098000042D17D1C848006940F00200C64908612B
:1009900008464461006940F0400008614FF430208F
:1009A000FFF7D3FF0546C048006941F6FD710840D6
:1009B000BD490861284630BD10B504244FF43020ED
:1009C000FFF7C3FF0446042C16D1B748006940F076
:1009D0000400B54908610846006940F0400008611C
:1009E0004FF43020FFF7B1FF0446AF48006941F6ED
:1009F000FB710840AC490861204610BD00B50246B5
:100A00000423FFF78AFF034603E0FFF786FF034650
:100A1000521E012B01D1002AF7D102B90523184635
:100A200000BD10B504244FF43020FFF7E7FF044663
:100A3000042C16D19C48006940F004009A490861D2
:100A40000846006940F0400008614FF43020FFF78D
:100A5000D5FF04469448006941F6FB71084092496D
:100A60000861204610BD00208F49C96901F00201CC
:100A700009B1012000E00020704730B5A52504240D
:100A8000FFF7F1FF00B100254FF43020FFF75DFFC5
:100A90000446042C3AD1854883498860844888609C
:100AA0000846006940F0200008610846006940F0EF
:100AB000400008614FF43020FFF747FF0446042C44
:100AC0001BD17948006941F6DF7108407649086119
:100AD0000846006940F01000086176480580E00291
:100AE000FFF733FF0446052C10D06F48006941F62C
:100AF000EF7108406C49086108E0052C06D06A488F
:100B0000006941F6EF71084067490861204630BD31
:100B100078B506460C46042500200090E802FFF751
:100B200014FF0546042D24D15F48006940F0010000
:100B30005D4908613480E802FFF707FF0546042D90
:100B400010D1B01C0090200C00990880E802FFF73B
:100B5000FCFE05465448006941F6FE7108405249C2
:100B6000086106E05048006941F6FE7108404E49B0
:100B70000861284678BD70B504460D460426F0028B
:100B8000FFF7E3FE0646042E11D14748006940F006
:100B90000100454908612580F002FFF7D6FE0646B0
:100BA0004148006941F6FE7108403F4908613046FE
:100BB00070BD70B505460E460424E002FFF7C5FE81
:100BC0000446042C17D13948374988603848886072
:100BD0000846006940F0100008612E80E002FFF72F
:100BE000B4FE0446052C06D02F48006941F6EF718B
:100BF00008402D490861204670BD2DE9F0430446A8
:100C00004FF6FF763746B046B1460425E443E6B2D8
:100C1000C4F30727C4F307484FEA1469E802FFF753
:100C200094FE0546042D49D120481F49886020487C
:100C300088600846006940F010000861FF2E06D069
:100C40001C4808300680E802FFF77FFE0546042DA9
:100C500008D1FF2F06D017480A300780E802FFF7B7
:100C600074FE0546042D0AD1B8F1FF0F07D01148D4
:100C70000C30A0F80080E802FFF767FE0546042D5F
:100C80000AD1B9F1FF0F07D00A480E30A0F8009042
:100C9000E802FFF75AFE0546052D0FD0024800690D
:100CA00041F6EF71084007E000200240230167454C
:100CB000AB89EFCD00F8FF1F664908612846BDE803
:100CC000F08330B5054604244FF43020FFF73DFE95
:100CD0000446042C41D160485E4988605F488860C2
:100CE0000846006940F0200008610846006940F0AD
:100CF000400008614FF43020FFF727FE0446042C23
:100D000022D15448006941F6DF7108405149086119
:100D10000846006940F0100008611DB100205049EC
:100D2000088002E0A5204E4908804FF43020FFF7EC
:100D30000CFE0446052C10D04648006941F6EF71C0
:100D400008404449086108E0052C06D04148006984
:100D500041F6DF7108403F490861204630BDF0B5DB
:100D600005460E46174604243B483A4988603B48EE
:100D70008860E002FFF7E9FD0446042C19D13548EC
:100D8000006940F010003349086147F0F800304333
:100D900028433349891C0880E002FFF7D6FD04464A
:100DA000052C06D02B48006941F6EF71084029490F
:100DB00008612046F0BD2748C06980087047254873
:100DC000006A704700202349096801F0200109B139
:100DD000012000E00020704729B11E4A1269024339
:100DE0001C4B1A6104E01B4A12698243194B1A61B9
:100DF000704701460020012908D1164AD26902F045
:100E000001020AB1012008E0002006E0114AD26880
:100E10000A400AB1012000E0002070470D49C86077
:100E2000704704200B49C96801F0010109B1012094
:100E30000EE00849C96801F0040109B1022007E089
:100E40000449C96801F0100109B1032000E0042041
:100E5000704700000020024023016745AB89EFCDB9
:100E600000F8FF1F10B50446CC48844208D1012188
:100E7000042000F0B3FB0021042000F0AFFB46E0AB
:100E8000C748844208D10121082000F0A7FB0021B7
:100E9000082000F0A3FB3AE0C248844208D10121B7
:100EA000102000F09BFB0021102000F097FB2EE0AB
:100EB000BD48844208D10121202000F08FFB002191
:100EC000202000F08BFB22E0B848844208D10121A9
:100ED000402000F083FB0021402000F07FFB16E063
:100EE000B348844208D10121802000F077FB002123
:100EF000802000F073FB0AE0AE48844207D1012154
:100F0000801500F06BFB0021A01500F067FB10BD01
:100F100010B50121084600F061FB0021012000F01E
:100F20005DFB10BD2DE9F0410246002500260020A2
:100F300000230024002791F803C00CF00F0591F85E
:100F400003C00CF0100CBCF1000F03D091F802C0EC
:100F50004CEA050591F800C0BCF1000F31D01468CF
:100F600000202BE04FF0010C0CFA00F3B1F800C0A8
:100F70000CEA03069E4220D183004FF00F0C0CFABE
:100F800003F7BC4305FA03FC4CEA040491F803C0E0
:100F9000BCF1280F06D14FF0010C0CFA00FCC2F88E
:100FA00014C00AE091F803C0BCF1480F05D14FF01E
:100FB000010C0CFA00FCC2F810C0401C0828D1D368
:100FC0001460B1F800C0BCF1FF0F34DD546800209C
:100FD0002EE000F1080C4FF0010808FA0CF3B1F80C
:100FE00000C00CEA03069E4221D183004FF00F0C93
:100FF0000CFA03F7BC4305FA03FC4CEA040491F82D
:1010000003C0BCF1280F05D100F1080C08FA0CF858
:10101000C2F8148091F803C0BCF1480F07D100F169
:10102000080C4FF0010808FA0CF8C2F81080401CB8
:101030000828CED35460BDE8F0814FF6FF710180DF
:10104000022181700421C17070470246002093681C
:101050000B400BB1012000E000207047014688687A
:1010600080B2704702460020D3680B400BB10120CC
:1010700000E0002070470146C86880B270470161F7
:101080007047416170470AB1016100E041617047FA
:10109000C16070474FF480320A438261816182618E
:1010A00082698269704702460020434B18684FF6F8
:1010B0008073184040EA021008433F4B18607047A5
:1010C0003E49C8617047F0B50A460023002400215C
:1010D000002500F00046B6F1004F02D1364EF1690E
:1010E00001E0354E7168C0F3034583B200F4401649
:1010F000B6F5401F08D121F070612F4E766826F0BA
:1011000070662D4F7E6012E000F48016B6F5801FE9
:1011100006D1032606FA05F4A14341F0706106E00A
:10112000460D360103FA06F6B14341F0706122B173
:10113000460D360103FA06F6314300F00046B6F1DB
:10114000004F02D11C4EF16101E01B4E7160F0BDF9
:1011500030B500228B071C0F0F2303FA04F2164B45
:1011600008338C1053F824309343134C08348D10FB
:1011700044F8253023468C1053F824308C07240F74
:1011800000FA04F423430C4C08348D1044F8253045
:1011900030BD0A49DC31086070470000000801409A
:1011A000000C0140001001400014014000180140F3
:1011B000001C0140002001400000014000002042CE
:1011C0000E49086070470D49486070470B498860B8
:1011D00070474AF6AA200949086070474CF6CC408F
:1011E00006490860704701460020044AD2680A4058
:1011F0000AB1012000E000207047000000300040EC
:1012000010B50121080700F0F6F900214FF08050D9
:1012100000F0F1F910BD2A490862704728490861B9
:10122000704701460020274A106820F0E00008437C
:10123000106070472249A0310860704710B502461F
:101240000020204B186820F00300104318601E4B4C
:101250001B6843F004031C4C2360012901D130BFFB
:1012600000E020BF184B1B6823F00403164C2360DA
:1012700010BD1448006840F0040012490860084698
:10128000006840F0020008600F48006840F0040069
:101290000D49086000BF00BF30BF70470146002005
:1012A000084A52680A400AB1012000E00020704755
:1012B0000449096841EA8001024A11607047000050
:1012C00000000E420070004010ED00E0DF480068B2
:1012D00040F00100DD49086008464068DC490840EC
:1012E000DA49486008460068DA490840D74908608A
:1012F0000846006820F4802008600846406820F412
:10130000FE0048604FF41F0088607047CF490968AD
:1013100021F48031CD4A11601146096821F4802101
:101320001160B0F5803F03D0B0F5802F0ED106E0FC
:10133000C649096841F48031C44A116007E0C349D5
:10134000096841F4A021C14A116000E000BF00BF5C
:10135000704710B501460022002300204A11012ADF
:1013600002D1BA4C236806E0022A02D1B74C236AA4
:1013700001E0B64C636A01F01F02012494401C4056
:101380000CB1012000E0002010BD38B50020009015
:101390000024002500BF3120FFF7DBFF0546009841
:1013A000401C00900098B0F5A06F01D0002DF2D045
:1013B0003120FFF7CEFF08B1012400E000242046D1
:1013C00038BD01460020A14A106820F0F80040EA2C
:1013D000C10010607047A0490860704702460020B5
:1013E0009A4B586820F47C1042EA01031843974B4B
:1013F0005860704798490866704701460020934A34
:10140000506820F003000843506070478F484068E0
:1014100000F00C007047014600208C4A506820F014
:10142000F00008435060704701460020874A50682A
:1014300020F4E06008435060704701460020834A72
:10144000506820F4605040EAC1005060704729B1F4
:101450007E4A527A02437D4B5A7204E07B4A527AAA
:1014600082437A4B5A7270477B49D8310860704783
:1014700001460020754A506820F4404008435060FF
:1014800070470021714A20321170704A82F8201092
:10149000012802D004280AD104E001216B4A20323D
:1014A000117005E00521694A2032117000E000BF8B
:1014B00000BF70476949086070476449096A014381
:1014C000624A11627047654944390860704730B517
:1014D00000210022002400235C4D6D6805F00C0102
:1014E00021B1042905D0082923D105E05C4D056010
:1014F00022E05B4D05601FE0544D6D6805F47012ED
:10150000524D6D6805F48034022505EB92421CB9FA
:10151000544D554305600BE04C4D6D6805F40035A6
:101520001DB1504D5543056002E04D4D55430560DA
:1015300002E04B4D056000BF00BF444D6D6805F0F3
:10154000F0010909484D6B5C0568DD4045603F4D81
:101550006D6805F4E061090A434D6B5C4568DD4048
:1015600085603A4D6D6805F46051C90A3E4D6B5C6B
:101570004568DD40C560354D6D6805F44041890B17
:101580003A4D6B5CC568B5FBF3F5056130BD29B11B
:101590002E4A526902432D4B5A6104E02B4A52698C
:1015A00082432A4B5A61704729B1284A9269024303
:1015B000264B9A6104E0254A92698243234B9A6143
:1015C000704729B1214AD2690243204BDA6104E015
:1015D0001E4AD26982431D4BDA61704729B11B4A0A
:1015E000D2680243194BDA6004E0184AD268824399
:1015F000164BDA60704729B1144A12690243134B43
:101600001A6104E0114A12698243104B1A61704753
:1016100012494039086070470F49C86470470B4948
:10162000C87170470948406A40F0807007494862B5
:10163000704701460020054A92680A400AB101201D
:1016400000E0002070470149887270470010024096
:101650000000FFF8FFFFF6FE000042428004424215
:1016600000127A0000093D00140000202400002030
:1016700010B50446FE48844208D10121C014FFF78A
:10168000ADFF0021E014FFF7A9FFC4E0B4F1804FE3
:1016900008D101210846FFF7AEFF00210120FFF726
:1016A000AAFFB8E0F348844208D101210220FFF7E5
:1016B000A2FF00210220FFF79EFFACE0EE4884422B
:1016C00008D101210420FFF796FF00210420FFF735
:1016D00092FFA0E0E948844208D101210820FFF7E9
:1016E0008AFF00210820FFF786FF94E0E448844247
:1016F00008D101211020FFF77EFF00211020FFF705
:101700007AFF88E0DF48844208D101212020FFF7DA
:1017100072FF00212020FFF76EFF7CE0DA48844250
:1017200008D101214014FFF759FF00216014FFF791
:1017300055FF70E0D548844209D10121C804FFF764
:101740004DFF00214FF40020FFF748FF63E0D04831
:10175000844209D101210805FFF740FF00214FF421
:101760008010FFF73BFF56E0CA48844209D10121AF
:101770004805FFF733FF00214FF40010FFF72EFF5D
:1017800049E0C548844208D101214020FFF733FFDA
:1017900000214020FFF72FFF3DE0C048844208D1E0
:1017A00001218020FFF727FF00218020FFF723FF82
:1017B00031E0BB48844208D101218015FFF71BFFAF
:1017C0000021A015FFF717FF25E0B648844209D194
:1017D00001210804FFF702FF00214FF48030FFF7DA
:1017E000FDFE18E0B048844209D101214804FFF70A
:1017F000F5FE00214FF40030FFF7F0FE0BE0AB48A0
:10180000844208D101218804FFF7E8FE00214FF44B
:101810008020FFF7E3FE10BD00220288944B98421F
:101820000ED0994B98420BD0B0F1804F08D0914B1D
:10183000984205D0904B984202D0904B984204D1E8
:101840004FF68F731A404B881A438D4B984207D03E
:101850008C4B984204D04FF6FF431A40CB881A4372
:1018600002808B8883850B880385814B98420BD03F
:10187000854B984208D08B4B984205D08A4B9842B2
:1018800002D08A4B984201D10B7A038601238382CE
:10189000704770B5002400220023058C4FF6FE76B9
:1018A00035400584028C8388048B4FF68F752C405D
:1018B000B51E2C400D882C43751E2A400D892A43E5
:1018C0004D882A436A4DA8420BD06F4DA84208D0DC
:1018D000744DA84205D0744DA84202D0734DA84261
:1018E00013D14FF6F7752A404D892A434FF6FB7501
:1018F0002A408D882A434FF6FF652B404FF6FF554F
:101900002B408D892B43CD892B4383800483CD8845
:101910008586028470BD70B5002400220023058CEA
:101920004FF6EF7635400584028C8388048B48F6A9
:10193000FF752C404FF6FF452C400D884FF6FF7683
:1019400006EA05252C434FF6DF752A400D8906EA85
:1019500005152A434D8806EA05152A43444DA84239
:1019600002D0494DA8421DD14FF67F752A404D89BE
:101970004FF6FF7606EA05152A434FF6BF752A4053
:101980008D8806EA05152A434FF6FF352B404FF2A6
:10199000FF752B408D8906EA85052B43CD8906EA24
:1019A00085052B4383800483CD880587028470BD21
:1019B00070B5002400220023058C4FF6FF663540E9
:1019C0000584028C8388848B4FF68F752C404FF6EC
:1019D000FC752C400D882C434FF6FF552A400D898D
:1019E0004FF6FF7606EA05252A434D8806EA0525C7
:1019F0002A431F4DA84202D0234DA8421DD14FF2C9
:101A0000FF752A404D894FF6FF7606EA05252A43E1
:101A10004FF6FF352A408D8806EA05252A434EF603
:101A2000FF752B404DF6FF752B408D8906EA051595
:101A30002B43CD8906EA05152B4383808483CD880B
:101A40008587028470BD70B5002200230024058CB8
:101A50004EF6FF7635400584038C8488828B48F6E9
:101A6000FF752A404FF6FF452A400D8820E0000010
:101A7000002C01400004004000080040000C004021
:101A8000001000400014004000340140004C0140B0
:101A9000005001400054014000180040001C00406C
:101AA0000020004000400140004401400048014047
:101AB0004FF6FF7606EA05252A434DF6FF752B40C3
:101AC0000D8906EA05352B434D8806EA05352B437B
:101AD000FA4DA84202D0FA4DA84208D14BF6FF7544
:101AE0002C408D894FF6FF7606EA85152C438480BD
:101AF0008283CD88A0F84050038470BD828B4FF262
:101B0000FF331A408283828B4FF6FF7303EA01236F
:101B10001A4382837047F0B50C4615460022002117
:101B20000026078C4EF6FF7C07EA0C070784828BA1
:101B3000018C4FF6FF7707EA043640F6FF473A403C
:101B40004FF6FF7707EA05273A434FF6FF7707EA94
:101B500003373A43D94FB8420ED0D94FB8420BD0D1
:101B6000B0F1804F08D0D74FB84205D0D64FB84219
:101B700002D0D64FB84206D14DF6FF77394046F431
:101B80008057394305E047F6FF57394044F4805702
:101B9000394382830184F0BD828B4FF6F3731A4080
:101BA0008283828B0A4382837047F0B50C461546C8
:101BB000002200210026078C4FF6FF6C07EA0C0775
:101BC0000784828B018C4FF6FF7707EA04264FF6D5
:101BD0000C773A404FF6FF7707EA03172F433A4353
:101BE000B64FB8420ED0B64FB8420BD0B0F1804FCE
:101BF00008D0B44FB84205D0B34FB84202D0B34F6B
:101C0000B84206D14FF6FF57394046F48077394342
:101C100005E04FF2FF57394044F48077394382831F
:101C20000184F0BD028B4FF2FF331A400283028B16
:101C30004FF6FF7303EA01231A4302837047F0B59E
:101C40000C461546002200210026078C4FF6EF7C3B
:101C500007EA0C070784028B018C4FF6FF7707EA2F
:101C6000041640F6FF473A404FF6FF7707EA03377E
:101C70003A434FF6FF7707EA05273A438F4FB842BA
:101C80000ED08F4FB8420BD0B0F1804F08D08D4F9F
:101C9000B84205D08C4FB84202D08C4FB84206D122
:101CA0004FF6DF77394046F01007394305E04FF62D
:101CB0005F77394044F01007394302830184F0BD57
:101CC000028B4FF6F3731A400283028B0A4302839E
:101CD0007047F0B50C46154600220021068C4FF6E1
:101CE000FE773E400684028B018C4FF60C76324024
:101CF0007E1C06EA03162E433243704EB0420ED0CD
:101D00006F4EB0420BD0B0F1804F08D06D4EB04254
:101D100005D06D4EB04202D06C4EB04206D14FF6A7
:101D2000FD76314044F00106314305E04FF6F5768B
:101D3000314044F00106314302830184F0BD70B5A7
:101D400005460C465D4885420ED05D4885420BD065
:101D5000B5F1804F08D05B48854205D05A4885428E
:101D600002D05A48854200D100E000BF208850B917
:101D70002389A28861882846FFF7ABFFE1882846BF
:101D8000FFF79EFF25E0208804280AD12389A28836
:101D900061882846FFF753FFE1882846FFF742FF96
:101DA00017E0208808280AD12389A288618828465C
:101DB000FFF7FBFEE1882846FFF7EEFE09E02389E6
:101DC000A28861882846FFF7A6FEE1882846FFF72B
:101DD00095FE70BD2DE9F04105460C460026012711
:101DE000608808B9022600E00026A088012801D1F9
:101DF000022700E001272088A0B92389A2886188F2
:101E00002846FFF766FFE1882846FFF759FF238938
:101E10003A4631462846FFF712FFE1882846FFF789
:101E200001FF13E02389A28861882846FFF707FF96
:101E3000E1882846FFF7F6FE23893A4631462846D0
:101E4000FFF747FFE1882846FFF73AFFBDE8F0813A
:101E50000A884B881A438B881A43CB881A430B890C
:101E60001A434B891A438B891A43A0F844207047C0
:101E70004FF6FF71818000210180C1804180017295
:101E800070470021018041808180C18001814181B2
:101E90008181C181704700210180418001218180C1
:101EA0000021C18001817047002101804180818033
:101EB000C18001814181818170470000002C014077
:101EC000003401400004004000080040000C0040C5
:101ED00021B1028842F00102028004E002884FF63C
:101EE000FE731A400280704731B1B0F8442042F4CA
:101EF0000042A0F8442005E0B0F84420C2F30E02EE
:101F0000A0F8442070471AB183890B43838102E013
:101F100083898B43838170478182704741EA020342
:101F2000A0F8483070471AB183890B43838102E0DF
:101F300083898B438381704701894FF6F872114082
:101F4000018170470A46002101894FF68F731940BD
:101F500011430181704730B504460D46294620469D
:101F6000FFF7F0FF208940F00700208130BD2DE908
:101F7000F04104460D4616461F46602D06D13B46ED
:101F8000012231462046FFF75AFE05E03B4601227A
:101F900031462046FFF79DFE29462046FFF7D2FF37
:101FA000208940F007002081BDE8F08130B50C4663
:101FB00000210189C9B24FF6FF7505EA03251543D3
:101FC00025432943018130BD2DE9F04105460E46E8
:101FD00017469846002443463A4631462846FFF7BE
:101FE000E5FF2C894FF6F870044044F007044FF6E3
:101FF0008F70044044F070042C81BDE8F081F0B58E
:1020000004460D4616461F463B46324629462046A4
:10201000FFF7CCFF208940F480402081F0BD01858E
:10202000828270470A46002101884FF68F7319405B
:10203000114301807047F0B50C4615461E4600213D
:10204000002200230189028B038C4FF6F877394078
:1020500021434FF6FC473A4040F201173A434FF60E
:10206000DD773B404FF6FF7707EA06172F433B43E8
:10207000018102830384F0BD0A460021018B4FF6E3
:102080008F7319401143018370470A460021018B69
:1020900048F6FF7319404FF6FF7303EA0223194312
:1020A000018370470A460021818B4FF68F731940D8
:1020B0001143818370470A460021818B48F6FF73E4
:1020C00019404FF6FF7303EA0223194381837047D7
:1020D00021B1028842F08002028004E002884FF6BB
:1020E0007F731A400280704721B1828842F0040257
:1020F000828004E082884FF6FB731A40828070472A
:1021000021B1828842F00802828004E082884FF682
:10211000F7731A408280704721B1828842F0010231
:10212000828004E082884FF6FE731A4082807047F6
:102130000A460021018B4FF6F773194011430183C2
:1021400070470A460021018B4FF2FF7319404FF68A
:10215000FF7303EA02231943018370470A460021F3
:10216000818B4FF6F77319401143818370470A46FC
:102170000021818B4FF2FF7319404FF6FF7303EA82
:1021800002231943818370470A460021018B4FF6D1
:10219000FB7319401143018370470A460021018BEC
:1021A0004FF6FF3319404FF6FF7303EA022319433A
:1021B000018370470A460021818B4FF6FB7319405B
:1021C0001143818370470A460021818B4FF6FF330C
:1021D00019404FF6FF7303EA0223194381837047C6
:1021E0000A460021018B4FF67F731940114301838A
:1021F00070470A460021018BC1F30E014FF6FF73B1
:1022000003EA02231943018370470A460021818BA8
:102210004FF67F7319401143818370470A460021AE
:10222000818BC1F30E014FF6FF7303EA02231943BA
:10223000818370470A460021018C4FF6FD731940D7
:102240001143018470470A460021018C4FF6F77351
:1022500019401143018470470A460021018C4FF652
:10226000DF7319404FF6FF7303EA02131943018429
:1022700070470A460021018C4FF67F7319404FF6D4
:10228000FF7303EA02131943018470470A460021D1
:10229000018C4FF6FF5319404FF6FF7303EA0223F8
:1022A0001943018470470A460021018C4FF2FF73E5
:1022B00019404FF6FF7303EA022319430184704764
:1022C0000A460021018C4DF6FF7319404FF6FF734B
:1022D00003EA023319430184704730B50023012417
:1022E0008C40A3B2048C9C430484048C02FA01F554
:1022F000ADB22C43048430BD30B5002304248C409F
:10230000A3B2048C9C430484048C02FA01F5ADB2A0
:102310002C43048430BD70B50346002000241846C9
:10232000183001258D40ACB21D8CA5431D8409B128
:10233000082909D100EB6100056825F070050560EA
:102340000568154305600EE00D1FC5F34E052844D2
:10235000056825F4E045056005684FF6FF7606EA56
:1023600002263543056070BD21B1028842F00202A9
:10237000028004E002884FF6FD731A400280704725
:1023800021B1028842F00402028004E002884FF684
:10239000FB731A400280704721B1828842F08002AC
:1023A000828004E082884FF67F731A4082807047F3
:1023B00002884FF6F7731A40028002880A430280AF
:1023C000704782884FF68F731A40828082880A4352
:1023D0008280704702894FF6F8731A4002810289A1
:1023E0000A430281704702894FF67F731A400281C7
:1023F00002890A4302817047818470478185704752
:10240000818670470187704781877047A0F8401028
:10241000704702884FF6FF431A40028002880A4341
:10242000028070470146888E70470146088F7047CA
:102430000146888F70470146B1F840007047014659
:10244000888C70470146088D704702460020138A29
:102450000B400BB1012000E000207047CA4302820C
:10246000704730B50246002000230024158A05EA93
:102470000103958905EA010413B10CB1012000E0C4
:10248000002030BDCA4302827047000010B50446E8
:10249000FB48844209D101218803FFF79FF80021FE
:1024A0004FF48040FFF79AF832E0F648844209D1B1
:1024B00001214804FFF79FF800214FF40030FFF797
:1024C0009AF825E0F048844209D101218804FFF7F9
:1024D00092F800214FF48020FFF78DF818E0EB48C8
:1024E000844209D10121C804FFF785F800214FF487
:1024F0000020FFF780F80BE0E548844208D1012175
:102500000805FFF778F800214FF48010FFF773F803
:1025100010BD2DE9F04786B005460E460024A246C0
:1025200000BFA1460027B08900B100BF2F462C8A0A
:102530004CF6FF700440F08804432C82AC894EF6C0
:10254000F3100440B088318908437189084304437B
:10255000AC81AC8A4FF6FF400440B0890443AC82A2
:1025600001A8FEF7B4FFC648874202D1DDF810A0EB
:1025700001E0DDF80CA0A88900F4004040B10AEBAE
:10258000CA0000EB0A1031684900B0FBF1F807E01F
:102590000AEBCA0000EB0A1031688900B0FBF1F8C1
:1025A0006420B8FBF0F004012009642101FB1089CC
:1025B000A88900F4004040B1322000EBC900B0FB14
:1025C000F1F000F00700044308E0322000EB0910AE
:1025D0006421B0FBF1F000F00F0004432C8106B041
:1025E000BDE8F0874FF41651016000218180C18061
:1025F00001810C21418100218181704710B5024683
:102600000020108A4FF2FF0318400B884C882343A8
:102610008C882343CC8823431843108210BD0021AB
:10262000018041808180C180704721B1828942F45C
:102630000052828104E082894DF6FF731A40828144
:102640007047F0B50346002400260025002040F620
:102650006A17B94200D100BF1846C1F3421401F015
:102660001F06012707FA06F5012C01D10C3004E002
:10267000022C01D1103000E014301AB107682F434A
:10268000076002E00768AF430760F0BD1AB1838AB4
:102690000B43838202E0838A8B4383827047028AE2
:1026A0004FF6F0731A400282028A0A430282704790
:1026B00082894FF2FF731A40828182890A438281A4
:1026C000704721B1828942F00202828104E082894E
:1026D0004FF6FD731A4082817047028A4FF6DF730E
:1026E0001A400282028A0A430282704721B1028A9A
:1026F00042F48042028204E0028A4BF6FF731A40E1
:1027000002827047C1F308028280704701468888C0
:10271000C0F308007047818941F001018181704751
:10272000028BD2B20283028B42EA012202837047FB
:10273000028B02F47F420283028B0A4302837047BA
:1027400021B1828A42F02002828204E0828A4FF61E
:10275000DF731A408282704721B1828A42F01002F0
:10276000828204E0828A4FF6EF731A4082827047B9
:1027700021B1828A42F00802828204E0828A4FF606
:10278000F7731A408282704721B1828942F4004275
:10279000828103E08289C2F30E028281704721B1F7
:1027A000828A42F40062828204E0828A4FF2FF73DE
:1027B0001A4082827047828A4FF6FB731A408282E7
:1027C000828A0A438282704721B1828A42F00202E1
:1027D000828204E0828A4FF6FD731A40828270473B
:1027E00002460020B1F5007F00D100BF13880B40E6
:1027F0000BB1012000E00020704701F40072B2F537
:10280000007F00D100BFCA430280704770B5024606
:10281000002400230025002040F66A16B14200D1B2
:1028200000BFC1F3421501F01F03012606FA03F3AE
:10283000012D02D19689334006E0022D02D1168A7D
:10284000334001E0968A33400C12012606FA04F464
:102850001688344013B10CB1012000E0002070BD97
:1028600010B50022002340F66A14A14200D100BF37
:102870000A1201249440A3B2DC43048010BD00007E
:10288000003801400044004000480040004C004037
:102890000050004010B50446FA48844208D1012196
:1028A0004015FEF79BFE00216015FEF797FE17E02E
:1028B000F548844208D101210015FEF78FFE002162
:1028C0002015FEF78BFE0BE0F048844208D1012171
:1028D000C803FEF783FE00214FF40040FEF77EFEA2
:1028E00010BD30B50246002000235068E84C20405F
:1028F0000D790C6844EA0524204350609068E54C4B
:102900002040D1E902542C434D7944EA4504204348
:102910009060D06A20F470000C7C641EE4B2234303
:1029200040EA0350D06230BD002101600171417165
:102930008160C16001210174704721B1826842F059
:102940000102826003E0826822F001028260704727
:1029500021B1826842F48072826003E0826822F4CE
:1029600080728260704710B50023CBB21AB1446800
:102970001C43446002E044689C43446010BD81688D
:1029800041F0080181607047014600208A6802F02A
:1029900008020AB1012000E000207047816841F080
:1029A000040181607047014600208A6802F0040239
:1029B0000AB1012000E00020704721B1826842F492
:1029C000A002826003E0826822F4A0028260704765
:1029D000014600208A6802F480020AB1012000E06A
:1029E0000020704710B50A4600210023416821F4F9
:1029F0006041531E41EA4331416010BD21B142683C
:102A000042F40062426003E0426822F400624260E5
:102A10007047F0B504460D4600200021092D11DD58
:102A2000E068A5F10A0606EB4607072606FA07F155
:102A30008843A5F10A0606EB460603FA06F10843A9
:102A4000E0600CE0206905EB4507072606FA07F170
:102A5000884305EB450603FA06F108432061072A7F
:102A60000FDA606B561E06EB86071F2606FA07F183
:102A70008843561E06EB860605FA06F10843606396
:102A800022E00D2A0FDA206BD61F06EB86071F26E1
:102A900006FA07F18843D61F06EB860605FA06F10B
:102AA0000843206310E0E06AA2F10D0606EB8607FA
:102AB0001F2606FA07F18843A2F10D0606EB8606EB
:102AC00005FA06F10843E062F0BD21B1826842F4E4
:102AD0008012826003E0826822F480128260704774
:102AE0000146C86C80B2704766484C300068704739
:102AF00021B1426842F48062426003E0426822F4FD
:102B000080624260704721B1426842F48052426064
:102B100003E0426822F48052426070470A46002176
:102B2000816821F4E04111438160704721B18268DE
:102B300042F40042826003E0826822F40042826034
:102B4000704721B1826842F40212826003E0826819
:102B500022F4021282607047014600208A6802F463
:102B600000120AB1012000E000207047F0B50446D1
:102B70001546002000220026092911DDE068A1F198
:102B80000A0707EB470C072707FA0CF29043A1F15D
:102B90000A0707EB470703FA07F21043E0600CE06F
:102BA000206901EB410C072707FA0CF2904301EB77
:102BB000410703FA07F210432061A06BC0F30156EE
:102BC000EF1C06F1010CA7EB0C0707EB870C1F2786
:102BD00007FA0CF29043EF1C06F1010CA7EB0C076F
:102BE00007EB870701FA07F21043A063F0BD10B5A9
:102BF0000A4600210023816B21F44011531E41EA53
:102C00000351816310BD08B5002300930090009B21
:102C10000B440093009B1A6008BD08B502460020D3
:102C20000090009201F12800009B18440090009849
:102C3000006880B208BD0A4600214168164B194061
:102C40001143416070474162826270470A46002129
:102C5000416821F01F0111434160704740B10949AB
:102C60000831096841F40001064A0832116007E0A2
:102C700004490831096821F40001024A0832116050
:102C8000704700000024014000280140003C014042
:102C9000FFFEF0FFFDF7F1FFFFFD3FFF02460020C2
:102CA00013680B400BB1012000E000207047CA43BD
:102CB0000260704770B502460020002300240B120A
:102CC0005568CEB205EA060415681D4015B10CB171
:102CD000012000E0002070BD00220A12D3430360EF
:102CE0007047000029B1504A128802434E4B1A80A7
:102CF00004E04D4A128882434B4B1A8070474A4881
:102D0000001D008840F010004749091D08807047E9
:102D10004548001D00884FF6EF7108404249091DE3
:102D200008807047002140481C300188001F00883F
:102D300041EA0040704700B50246FFF7E0FF100C83
:102D4000394918310880091D0A80FFF7E1FF00BDED
:102D500000B50246FFF7D3FFC2F303403249083102
:102D60000880091D0A80FFF7D3FF00BD00B50246A9
:102D7000FFF7C5FF100C2C4920310880091D0A807F
:102D8000FFF7C6FF00BD0020274910310988090759
:102D9000080B2549143109880843704700BF2248B1
:102DA000001D008800F020000028F8D070471E4861
:102DB000001D00884FF6F77108401B49091D088067
:102DC00000BF1948001D008800F008000028F8D056
:102DD000704701460020144A121D12880A400AB1A9
:102DE000012000E0002070470F49091D0988814338
:102DF0000D4A121D11807047014600200A4A121D1B
:102E000012880A40D0B2084A12880A4012B108B1AA
:102E1000012000E0002070470349091D0988814313
:102E2000014A121D118070470028004030BF7047D2
:102E300072B6704762B6704710B54FF4A060FDF7E8
:102E400039FB10BD7FB505460C4601211020FEF769
:102E5000B8FBADF80850ADF804400020ADF80A000A
:102E6000ADF8060001A91948FEF7D6FC012211466B
:102E70001648FFF748F836208DF8000003208DF83B
:102E800001008DF8020001208DF803006846FDF76F
:102E900016FB01210D48FFF71BF800200C490860C4
:102EA0007FBD0B490860704710B501210748FFF747
:102EB000D8FA012805D10648006810B10448006816
:102EC000804701210148FFF7DDFA10BD00100040E6
:102ED0002800002010B56FF00400FDF73AFB4FF01A
:102EE000E020006940F002004FF0E021086142F26A
:102EF000283048610846006940F00100086110BDB3
:102F0000F0B504460D4600212AE001EB81008B4E0E
:102F100056F8200010BB01EB810046F8204001204C
:102F200001EB8106854F07EB8606707401EB81008B
:102F30003E4606EB8000456001EB810006EB800019
:102F4000826001EB810006EB80000374002001EB3E
:102F5000810607EB8606F0600846F0BD481CC1B24A
:102F60001E29D2DBFF20F8E710B50146002027E03C
:102F700000EB8002714B53F822208A421ED10022BE
:102F800000EB80036D4C44F8232000EB800304EB3E
:102F900083035A7400EB800304EB83035A6000EB55
:102FA000800304EB83039A6000EB800304EB83034C
:102FB0001A7400EB800304EB8303DA60421CD0B286
:102FC0001E28D5DB10BD002100EB80025B4B43F8CF
:102FD000221000EB800203EB8202517400EB8002AE
:102FE00003EB8202516000EB800203EB82029160EE
:102FF00000EB800203EB8202117400EB800203EB12
:103000008202D1607047002048E000EB80014B4A0B
:1030100002EB8101097CE9BB00EB800102EB81013D
:10302000497C012938D100EB800102EB8101C9689C
:1030300081BB00EB800102EB8101496859B100EBD3
:10304000800102EB81014968491E00EB80023B4B85
:1030500003EB8202516000EB8001384A02EB8101F0
:103060004968B9B9012100EB8002344B03EB8202BD
:10307000D16000EB80011A4602EB8101896849B1F9
:1030800000EB800102EB8101896800EB800203EB19
:10309000820200E000E05160411CC8B21E28B4DB8F
:1030A000704710B5002440E004EB8400234901EB95
:1030B0008000407C012836D104EB840051F82000C8
:1030C00088B304EB840001EB8000007C012806D16A
:1030D00004EB8401194A52F82100804723E004EBF5
:1030E0008400164901EB8000007CE0B904EB840009
:1030F00001EB8000C068B0B104EB84010F4A52F8C4
:1031000021008047002004EB84010C4A02EB81017E
:10311000C86004EB8400114601EB8000806810B9A0
:103120002046FFF750FF601CC4B21E2CBCDB10BD54
:1031300010B504F0BBFDFFF766FF10BD740D002055
:10314000002000210160704710B5FFF7C3FE04F0B6
:103150005BFC04F0F7FC04F0BDFB06F095F903F00E
:10316000E5FB02F093FA04F042FB01F070FC01F081
:103170000EFD01F03EFE02F02BFA01F03CF810F0DB
:1031800093FD07F073FC05F0C8FC07F010FB044644
:103190000DF0C8FB40F25371032000F0DBFF012368
:1031A0000A2211463248FFF7ABFE00230A221146DD
:1031B0003048FFF7A5FE00230A2205212E48FFF71D
:1031C0009FFE0123002205212C48FFF799FE0023D2
:1031D000642208212A48FFF793FE00234FF47A72F5
:1031E00005212848FFF78CFE00230A2211462648B5
:1031F000FFF786FE00230A2211462448FFF780FECF
:1032000000230A2211462248FFF77AFE00230A22F1
:1032100011462048FFF774FE00230A2211461E487B
:10322000FFF76EFE00234FF47A7264211B48FFF70C
:1032300067FE0023642219461948FFF761FE002348
:103240000A2219461748FFF75BFE00230A220521D0
:103250001548FFF755FE0123002205211348FFF70B
:103260004FFE10BD10B5FFF71CFF00F08AFF10BD28
:103270005D6900088B5B0008D3450008E74600083D
:1032800069790008A9780008E77A000885840008B1
:10329000373C010893150108B90C010865210108A4
:1032A00013D20008FD940008A3CE0008CDCE00087C
:1032B00070B503460C4603E014F8015B03F8015BAC
:1032C0001500A2F10102F7D170BD30B5034601E04F
:1032D00003F8011B1400A2F10102F9D130BD00B5C1
:1032E0007C494FF42072C8680021FFF7EEFF79494E
:1032F0004FF4A04288680021FFF7E7FF01207549DD
:10330000087400BD0022002105E07248C068405CDE
:1033100000B1521C491CB1F5207FF6D36420504304
:103320004FF42073B0FBF3F0C0B270472DE9F041C9
:1033300006460024A0466748007C10B96549086825
:1033400080471EB94FF0FF30BDE8F0816248006849
:10335000B6FBF0F085B260480068B6FBF0F100FB08
:10336000116008B1681C85B25C480068441E1BE00F
:103370005848C068005D20B908F101001FFA80F8C4
:1033800001E04FF00008A8450DD1002704E05149A5
:10339000C968E2198D547F1CAF42F8D34E490968C1
:1033A00004FB01F0D0E7641E002CE1DA4FF0FF309F
:1033B000CAE770B505464748007C20B9454908680A
:1033C0008047012070BD46480068854212D24248BD
:1033D0000068B5FBF0F13F48C068425C002405E09E
:1033E00000203C4BDB680E199855641C9442F7DBB7
:1033F0000020E7E70220E5E72DE9F04105463548E2
:10340000007C20B9334908688047BDE8F081314825
:1034100080682E1A3248006886421ED22E4B1B68E6
:10342000B6FBF3F02B4BDB68195C2A46002402E064
:1034300000231355641C284B1B684B43A342F7D849
:10344000002407E00023234FFF6800EB040C07F87B
:103450000C30641C8C42F5DBD7E700BFD5E770B5B4
:10346000044604B970BD1B488068251AFFF7E0FCCC
:103470002046FFF7C1FFFFF7DDFC00BFF2E770B5A4
:103480000546FFF7D5FC2846FFF750FF0446FFF737
:10349000D1FC601C08B9002070BD0E488068204433
:1034A000FAE770B506460C462046FFF73FFF054693
:1034B000681C08B9002070BD064989684819224671
:1034C0003146FFF7F5FE3046FFF7C9FF0148806837
:1034D0002844F0E738000020300000202C000020B5
:1034E00034000020012080F3138800BF00BF65482E
:1034F000006800F4E06064490843001D6149086009
:10350000BFF3408F00BF00BFFEE72DE9F05F064626
:103510000F4690460024B3463D46A14617E0687822
:103520004FEA002A28788244AD1C2046641C574983
:1035300021F810A0B4F5806F07D100244FF4806209
:10354000584600F0DAF80BF5006B09F10209C145A5
:10355000E5D324B1A2B24D49584600F0CEF8BDE8FB
:10356000F09F10B50446206849490840B0F1005F5B
:1035700008D16068474908602068FCF76DFE45483F
:103580000068804710BD08B54FF6FF70009002221A
:103590006946414800F0B1F84048FFF7E2FF08BD36
:1035A0003E483849091F08607047F0B59BB0054692
:1035B0000E461746684600F02BF932462946684603
:1035C00000F0FBFC17A9684600F05CFD002409E050
:1035D000395D17A8005D814202D000201BB0F0BD0C
:1035E000601CC4B2102CF3DBFF20F7E738B50446AB
:1035F000221D2B482168FFF7D8FF50B10020009012
:1036000002226946244800F078F8FCF728FEFF20E3
:1036100038BD0020FCE738B50446221D204821684B
:10362000FFF7C3FF40B100200090022269461A480C
:1036300000F063F8FF2038BD0020FCE700201949A6
:10364000088019490860704710B50446208815495C
:103650000988884214D1628813490968104BC81838
:10366000211DFFF752FF0F480088401C0D490880BC
:1036700060880D49096808440B490860FF2010BDA7
:103680000020FCE70CED00E00000FA054C62002091
:103690000000FE2F4C000020001400080018000855
:1036A00000A80108500000205400002001460888AE
:1036B00070472DE9F04105460E461746002407E005
:1036C00036F814102846FDF756FAAD1C601C84B27B
:1036D000BC42F5DBBDE8F08130B503460C4615462B
:1036E000002207E01846FFF7E1FF24F812009B1CB8
:1036F000501C82B2AA42F5DB30BD2DE9F05F804656
:103700008A461746B8F1006F02D33848804501D386
:10371000BDE8F09FFDF7E7F8A8F1006B4FEADB2565
:10372000CBF34909C9F58064A74200DC3C464EE072
:103730004FF0006101EBC5204A142D49FFF7CCFF83
:1037400000260BE009EB0600294931F810004FF67E
:10375000FF71884200D003E0701C86B2A642F1DB04
:1037600000BFA6421BDA4FF0006101EBC520FDF758
:10377000FFF8002608E03AF8160006EB09011C4A9B
:1037800022F81100701C86B2A642F4DB4FF00061F3
:1037900001EBC5204A141649FFF78BFF04E02246CF
:1037A00051464046FFF785FFA74200D110E06D1C4F
:1037B0004FF000090AEB440A08EB4408381B87B2B3
:1037C000B7F5806F02DD4FF4806400E03C46AFE760
:1037D00000BFFDF794F800BF9AE713B50446012235
:1037E00001A92046FFF789FF1CBD00000000040866
:1037F0004C6A0020014600BF704700BF704770B59B
:1038000004460D46E1B2002005F091FC204670BD53
:10381000002101604160FE498160FE4AC260CA43E6
:103820000261FC4AD2434261704770B503460024EE
:10383000002010E00E5C451C4D5D46EA0526851C07
:103840004D5D46EA0546C51C4D5D46EA056543F8F3
:103850002450641C001D9042ECD370BD2DE9F04350
:10386000C0B080468946D8F80040D8F80450D8F84F
:103870000860D8F80C70402249466846FFF7D5FF2B
:1038800005EA060027EA0501084300990844E249D1
:1038900008440444E00140EA54642C4404EA05006E
:1038A00026EA0401084301990844DC490844074416
:1038B000380340EA1757274407EA040025EA0701BE
:1038C000084302990844D64908440644700440EA73
:1038D000D6363E4406EA070024EA06010843039967
:1038E0000844D04908440544A80540EA95253544D4
:1038F00005EA060027EA0501084304990844CA4975
:1039000008440444E00140EA54642C4404EA0500FD
:1039100026EA0401084305990844C44908440744B9
:10392000380340EA1757274407EA040025EA07014D
:10393000084306990844BE4908440644700440EA16
:10394000D6363E4406EA070024EA060108430799F2
:103950000844B84908440544A80540EA952535447B
:1039600005EA060027EA0501084308990844B24918
:1039700008440444E00140EA54642C4404EA05008D
:1039800026EA0401084309990844AC49084407445D
:10399000380340EA1757274407EA040025EA0701DD
:1039A00008430A990844A0F524404F38064470049F
:1039B00040EAD6363E4406EA070024EA06010843F8
:1039C0000B9908449E4908440544A80540EA9525FA
:1039D000354405EA060027EA050108430C99084426
:1039E000984908440444E00140EA54642C4404EA41
:1039F000050026EA040108430D9908449249084449
:103A00000744380340EA1757274407EA040025EA29
:103A1000070108430E9908448C4908440644700481
:103A200040EAD6363E4406EA070024EA0601084387
:103A30000F990844864908440544A80540EA95259D
:103A4000354405EA070026EA0701084301990844BE
:103A5000804908440444600140EAD4642C4404EAE8
:103A6000060025EA06010843069908447A490844F5
:103A70000744780240EAD757274407EA050024EABA
:103A8000050108430B990844744908440644B003EF
:103A900040EA96463E4406EA040027EA0401084349
:103AA000009908446E4908440544280540EA153544
:103AB000354405EA070026EA07010843059908444A
:103AC000684908440444600140EAD4642C4404EA90
:103AD000060025EA060108430A9908446249084499
:103AE0000744780240EAD757274407EA050024EA4A
:103AF000050108430F9908445C4908440644B00393
:103B000040EA96463E4406EA040027EA04010843D8
:103B100004990844564908440544280540EA1535E7
:103B2000354405EA070026EA0701084309990844D5
:103B3000504908440444600140EAD4642C4404EA37
:103B4000060025EA060108430E9908444A4908443C
:103B50000744780240EAD757274407EA050024EAD9
:103B60000501084303990844444908440644B00346
:103B700040EA96463E4406EA040027EA0401084368
:103B8000089908443E4908440544280540EA15358B
:103B9000354405EA070026EA070108430D99084461
:103BA000384908440444600140EAD4642C4404EADF
:103BB000060025EA060108430299084432490844F0
:103BC0000744780240EAD757274407EA050024EA69
:103BD00005010843079908442C4908440644B003EA
:103BE00040EA96463E4406EA040027EA04010843F8
:103BF0000C990844264908440544280540EA15352F
:103C0000354485EA0600784005990844214943E097
:103C10000123456789ABCDEF78A46AD756B7C7E8CB
:103C2000DB702024EECEBDC1AF0F7CF52AC68747DE
:103C3000134630A8019546FDD8988069AFF7448BAC
:103C4000BED75C892211906B937198FD8E4379A643
:103C50002108B44962251EF640B340C0515A5E2681
:103C6000AAC7B6E95D102FD65314440281E6A1D845
:103C7000C8FBD3E7E6CDE121D60737C3870DD5F4DE
:103C8000ED145A4505E9E3A9F8A3EFFCD9026F67E3
:103C90008A4C2A8D4239FAFF08440444200140EA44
:103CA00014742C4484EA0500704008990844FC49C7
:103CB00008440744F80240EA5757274487EA0400BB
:103CC00068400B990844F74908440644300440EA28
:103CD00016463E4486EA070060400E990844F249C1
:103CE00008440544E80540EA5525354485EA0600C0
:103CF000784001990844ED4908440444200140EA11
:103D000014742C4484EA0500704004990844E8497E
:103D100008440744F80240EA5757274487EA04005A
:103D2000684007990844E34908440644300440EADF
:103D300016463E4486EA070060400A990844DE4978
:103D400008440544E80540EA5525354485EA06005F
:103D500078400D990844D94908440444200140EAB8
:103D600014742C4484EA0500704000990844D44936
:103D700008440744F80240EA5757274487EA0400FA
:103D8000684003990844CF4908440644300440EA97
:103D900016463E4486EA0700604006990844CA4930
:103DA00008440544E80540EA5525354485EA0600FF
:103DB000784009990844C54908440444200140EA70
:103DC00014742C4484EA050070400C990844C049DE
:103DD00008440744F80240EA5757274487EA04009A
:103DE00068400F990844BB4908440644300440EA3F
:103DF00016463E4486EA0700604002990844B649E8
:103E000008440544E80540EA5525354465EA0700BD
:103E1000704000990844B14908440444A00140EAB4
:103E200094642C4464EA0600684007990844AC494D
:103E300008440744B80240EA9757274467EA050058
:103E400060400E990844A74908440644F00340EA3C
:103E500056463E4466EA0400784005990844A24963
:103E600008440544680540EAD525354465EA07005D
:103E700070400C9908449D4908440444A00140EA5C
:103E800094642C4464EA0600684003990844984905
:103E900008440744B80240EA9757274467EA0500F8
:103EA00060400A990844934908440644F00340EAF4
:103EB00056463E4466EA04007840019908448E491B
:103EC00008440544680540EAD525354465EA0700FD
:103ED000704008990844894908440444A00140EA14
:103EE00094642C4464EA060068400F9908448449AD
:103EF00008440744B80240EA9757274467EA050098
:103F00006040069908447F4908440644F00340EAAB
:103F100056463E4466EA040078400D9908447A49C2
:103F200008440544680540EAD525354465EA07009C
:103F3000704004990844754908440444A00140EACB
:103F400094642C4464EA060068400B990844704964
:103F500008440744B80240EA9757274467EA050037
:103F60006040029908446B4908440644F00340EA63
:103F700056463E4466EA040078400999084466497A
:103F800008440544680540EAD5253544D8F80000C2
:103F90002044C8F80000D8F804002844C8F80400F9
:103FA000D8F808003044C8F80800D8F80C003844A5
:103FB000C8F80C0040B0BDE8F0832DE9F047044696
:103FC0000F4615460026B046B1462088C0F3C50806
:103FD000C8F14009206800EBC50020602068B0EB04
:103FE000C50F02D26068401C6060606800EB5570CD
:103FF00060604D451CD304F1180101EB08004A46EE
:10400000394611F058F804F1180104F10800FFF7DF
:1040100025FC4E4605E0B91904F10800FFF71EFC27
:10402000403606F14000A842F5D94FF0000800E004
:104030000026AA1BB91904F1180303EB080011F0BC
:104040003AF8BDE8F08770B5034614460022002018
:1040500015E011F822501D5431F82250C5F30726FF
:10406000451C5E5551F82250C5F30746851C5E5528
:1040700051F822502D0EC61C9D55521C001DA04209
:10408000E7D370BD2DE9FC4104460E46002500270C
:104090002088C0F3C505382D40D2C5F138003FE077
:1040A00081F6718722619D6D0C38E5FD44EABEA45E
:1040B000A9CFDE4B604BBBF670BCBFBEC67E9B2853
:1040C000FA27A1EA8530EFD4051D880439D0D4D968
:1040D000E599DBE6F87CA21F6556ACC4442229F4BE
:1040E00097FF2A43A72394AB39A093FCC3595B6580
:1040F00092CC0C8F7DF4EFFFD15D84854F7EA86F4D
:10410000E0E62CFE144301A3A111084E827E53F772
:1041100035F23ABDBBD2D72A91D386EBC5F17800F0
:104120000746082221466846FFF78DFF3A460849B0
:104130002046FFF742FF082269462046FFF73DFF71
:10414000102204F108013046FFF77DFFBDE8FC8135
:104150005800002070B505460C4645F25550FDF755
:104160002FF82846FDF72FF82046FDF72FF8FDF72A
:1041700030F8FDF733F870BD4AF6AA20034908600D
:10418000704700B5FFF7F8FF00BD000000300040A9
:1041900070B5054600240AE02146002000F0B2FF79
:1041A00081B2F94800EB44000180601CC4B2082CC5
:1041B000F2DB00240BE02146012000F0A3FF81B2D6
:1041C000F148203000EB44000180601CC4B2082C90
:1041D000F1DB00240BE02146022000F093FF81B2C6
:1041E000E948403000EB44000180601CC4B2082C58
:1041F000F1DB70BD70470020E44981F8A10281F82D
:10420000A0024FF41670A1F88C020020A1F89202CF
:10421000A1F89002A1F88E02012081F88A02002004
:1042200081F8880281F8A20281F8890281F8A3024C
:1042300081F8810281F88002142081F8820270479F
:1042400070477047D14890F88202704710B5044615
:10425000CE4890F8820208B9002010BDCB4991F8F1
:104260008012CA4A02EB411020222146FFF720F8B3
:10427000C64890F88002401CC44981F88002084674
:1042800090F88202401E81F88202084690F880026F
:10429000142802D1002081F88002FF20DDE710B54C
:1042A0000446BA4890F88202142801D1002010BDBB
:1042B000B64890F88102B54A02EB40112022204610
:1042C000FEF7F6FFB14890F88102401CAF4981F833
:1042D0008102084690F88202401C81F8820208465A
:1042E00090F88102142802D1002081F88102012077
:1042F000DDE7F0B589B004460D4616461F46F1B21B
:104300008DF8121000218DF8131000208DF8100088
:10431000E9B28DF8111005940797002102910391DD
:104320008DF800006846FFF791FF09B0F0BD2DE958
:10433000F04389B080460C4616461F46DDF8409093
:104340002546A9788DF81210E9788DF81310287891
:104350008DF8100069788DF81110CDF81890CDE91E
:1043600002678DF800806846FFF770FF09B0BDE86E
:10437000F083864981F8A2027047844890F8A2022F
:10438000704770B50446207C00F096FF002848D1A5
:1043900002207E4981F8A002207C00F061FF48BB2A
:1043A0007A48B0F88C02B0F5967F51DA207C02F0A2
:1043B00061FC18B9207C02F04AFC20B1E07C401E70
:1043C000E074012070BD7148B0F88C0200283FD124
:1043D0006E4890F8A10258B101206C4981F8A00202
:1043E000084690F8A102401E81F8A1020220E9E7E8
:1043F0000320E7E7207C00F033FF0546012D0ED1B6
:10440000207C02F037FC18B9207C02F020FC20B19F
:10441000E07C401EE0740520D4E70420D2E70620AB
:10442000D0E7207C00F039FF012811D1207C02F078
:1044300021FC18B9207C02F00AFC48B1E07C401E47
:10444000E074627CA17C207C00F047FE0120B9E78B
:104450000020B7E770B5044600264D48007830B11B
:10446000012811D0022828D003280CD152E00020C6
:10447000464981F8A0020120454908704FF47A703E
:104480004249A1F8920299E0627CA17C207C00F074
:10449000F5FD88B1207C02F0EDFB207C02F0D7FB1B
:1044A0004FF416703949A1F88C020220384908707F
:1044B00014203649A1F8920280E0207C00F0FCFE36
:1044C000022826D1207C02F0D5FB207C02F0BFFB25
:1044D00001F0DFF920B12D4890F8A002012804D1A5
:1044E00000202A4981F8A10203E00120274981F830
:1044F000A1020120254981F8A00203202449087067
:104500004FF47A702149A1F892024FF41670A1F885
:104510008C0253E02046FFF734FF0546072D4BD2AF
:10452000DFE805F004050E172038410044E0FF26BF
:1045300000201749087014201449A1F892023BE0AA
:104540000120134908704FF47A701049A1F89202C3
:1045500032E0032600200E49087014200B49A1F810
:10456000920229E0627CA17C207C00F0DEFD08B193
:10457000042600E0012600200549087014200349A4
:10458000A1F8920218E0000065010020507200209E
:10459000C501002005260020FB4908701420FB49B6
:1045A000A1F8920208E002260020F74908701420C2
:1045B000F649A1F8920200BF00BF00BF00BFF34858
:1045C000B0F8920218B90E260020EF490870304664
:1045D00070BD00B5ED4890F8A00202280BD1EB4861
:1045E000B0F88C02002806DDE848B0F88C02401EC6
:1045F000E649A1F88C02E548B0F89602642807DA8B
:10460000E248B0F89602401CE049A1F8960205E0A5
:10461000FFF7F0FD0020DD49A1F89602DB48B0F875
:104620009202002806DDD948B0F89202401ED74910
:10463000A1F89202D548B0F89002002806DDD348D0
:10464000B0F89002401ED149A1F89002CF48B0F8CE
:104650008E02002806DDCD48B0F88E02401ECB4900
:10466000A1F88E02C948B0F89402002806DDC748B8
:10467000B0F89402401EC549A1F89402C348B0F8AE
:104680009802002806DDC148B0F89802401EBF49D4
:10469000A1F89802BD48B0F89A02002806DDBB4890
:1046A000B0F89A02401EB949A1F89A02B748B0F88A
:1046B0009C02002806DDB548B0F89C02401EB349B4
:1046C000A1F89C0200BD437A00F10A0202EB8302CA
:1046D0001160427A521C427270470146487A0A229F
:1046E00002EB800070477CB5A84890F8A2020F2822
:1046F00073D2DFE800F00872A7727272723E73F133
:10470000497EF0EF3A00A248FFF7C9FDE8B1012069
:104710009E4981F889029E48807C9E4988709C4809
:10472000C07CC8709A48007C08709948407C4870EA
:104730009748406948600020487208720120C1F81B
:104740002A000E20FFF715FE0EE09048B0F89E02FA
:1047500050B18E48B0F89C0230B900208B49A1F8C6
:104760009E0202200FF069F852E10220FFF701FEDD
:104770004EE141F6583364220121002003F0E6F9AE
:104780000A20FFF7F6FD43E1002003F002FA18BB10
:10479000002003F015FA38B97F497E48FFF793FFF0
:1047A0000220FFF7E6FD17E07B4966317948FFF705
:1047B0008AFF7748C06930B1764BD3F82A10586821
:1047C000734BDA699047734AD2F82A10506800F0A8
:1047D000B3FD0020FFF7CDFD1AE118E141F6583393
:1047E00064220021084603F0B1F90B20FFF7C1FD58
:1047F0000EE1002003F0CDF918BB002003F0E0F932
:1048000038B965496348FFF75EFF0220FFF7B1FD45
:1048100017E0614969315F48FFF755FF5C48C0699F
:1048200030B15C4BD3F82A105868594BDA6990477D
:10483000584AD2F82A10506800F07EFD0020FFF799
:1048400098FDE5E05248FFF705FE04462046042C9B
:1048500034D007DC68B101280CD0022816D0032818
:1048600065D11FE0052838D00E2845D0FF285ED13D
:104870004EE05CE008200EF0E0FF4FF497704549F1
:10488000C1F82A000D20FFF774FD50E008200EF05B
:10489000D4FF4FF497703F49C1F82A000D20FFF76D
:1048A00068FD44E008200EF0C8FF40F22D103949A1
:1048B000C1F82A000D20FFF75CFD38E008200EF05B
:1048C000BCFF4FF497703349C1F82A000D20FFF761
:1048D00050FD2CE02DE06CE060E02E49087803F0FC
:1048E00015F807200EF0A9FF02202A49C1F82A0076
:1048F0000D20FFF73EFD1AE008200EF09EFF40F26B
:104900002F102449C1F82A000D20FFF732FD0EE0D8
:104910002049087802F0FAFF07200EF08EFF0220EF
:104920001C49C1F82A000D20FFF723FD00BF00BF7E
:104930006EE01748C06930B1164BD3F82A1058689A
:10494000134BDA6990471348D0F82A0040F22D1132
:10495000884201D1012000E0002010B1662005F05E
:1049600089FE0C4AD2F82A10506800F0E5FC0020BD
:10497000FFF7FFFC01200549A1F89E024FF4FA70F1
:10498000A1F89C0244E00000C50100205072002004
:10499000F874002018750020E0A5010041F6583396
:1049A00064220021084603F0D1F80C20FFF7E1FC57
:1049B0002EE0002003F0EDF840BB002003F000F9EA
:1049C00020B914491448FFF77EFE04E0114969310B
:1049D0001148FFF778FE1148806970B10E48FFF763
:1049E0007CFE85B20D48C1688068CDE900010B49A5
:1049F00008782A468B6908499847074AD2F82A104E
:104A0000506800F099FC0020FFF7B3FC00E000BF05
:104A100000BF7CBDE0A5010018750020F8740020DF
:104A200010B5044614B902F0A5FC10BD3A4800EBDD
:104A3000C400C079F9E710B504461CB902F09DFC2A
:104A4000C0B210BD344800EBC4008079F9E710B55E
:104A5000324800F0FCF8314B9A7859781B7803F013
:104A6000010002F08EFC04222C492B48FEF720FCAA
:104A700004222A49091D28480830FEF719FC04229F
:104A80002649083124481030FEF712FC10BD38B515
:104A900005460C46207820B9E278A178607802F0CB
:104AA00070FC617820781D4A12F8200061F3000044
:104AB000217802F82100A078217802EB810148706A
:104AC000E07840B2217802EB81018870104600F056
:104AD000A6F861782078104A12F8300061F30000DF
:104AE000217802F83100A078217802EBC1014870EA
:104AF000E07840B2217802EBC101887020788DF80F
:104B0000000000208DF8020001208DF80100002037
:104B10008DF8030038BD0000467500205E7500204A
:104B20000146F84830F811007047F74890F8FE0049
:104B30007047F54890F8FC007047F0B50346002434
:104B400000201A4600BF03E015682844121D641CAB
:104B5000B4EB910FF8D301F0030555B101F0030652
:104B6000C6F10406F7004FF0FF36FE4015683540E9
:104B70002844F0BD02460B46002104E0505C08B119
:104B800000207047491C9942F8D3FF20F9E710B57F
:104B9000DE48DF4908604FF43171DD480068FFF7F7
:104BA000CCFF0446DA480068D0F8C402A04226D1FF
:104BB000F4B94FF43171D6480068FFF7DBFFFF28E6
:104BC0000FD14FF43171D048FFF7B7FF0446CE48FC
:104BD000C0F8C4424FF4B2720146CC48FEF78DFDD6
:104BE0001CE04FF4B272C849C848FEF775FD15E0E5
:104BF0004FF4B272C449C548FEF76EFD0EE04FF4A3
:104C00003171C148FFF799FF0446BF48C0F8C4425C
:104C10004FF4B2720146BD48FEF76FFD10BD70B58E
:104C200004460C222146B8482430FEF741FB4FF4DD
:104C30003171B548FFF781FF0546B348C0F8C4524B
:104C40004FF4B2720146B148FEF757FD70BD10B582
:104C500004460C22AC4924312046FEF729FB10BD46
:104C600070B50446CC222146A7483030FEF720FB21
:104C70004FF43171A448FFF760FF0546A248C0F821
:104C8000C4524FF4B2720146A048FEF736FD70BD23
:104C900010B50446CC229C4930312046FEF708FB73
:104CA00010BD70B50446242221469748FEF700FB4C
:104CB0004FF431719448FFF740FF05469248C0F821
:104CC000C4524FF4B27201469048FEF716FD70BD13
:104CD00010B5044624228C492046FEF7E9FA10BD9F
:104CE00070B504468022214686482030FEF7E0FA5F
:104CF0004FF431718448FFF720FF05468248C0F821
:104D0000C4524FF4B27201468048FEF7F6FC70BD03
:104D100010B5044680227B4920312046FEF7C8FAB0
:104D200010BD70B505460C46224629467548A3308D
:104D3000FEF7BEFA744880F8A1414FF43171FFF7D5
:104D4000FCFE06467048C0F8C4624FF4B2720146D9
:104D50006E48FEF7D2FC70BD70B505460C46224683
:104D600029466848C330FEF7A3FA674880F8A24195
:104D70004FF43171FFF7E1FE06466348C0F8C462A4
:104D80004FF4B27201466148FEF7B7FC70BD10B532
:104D900004465D4890F8A12100F2A3112046FEF7D9
:104DA00087FA10BD10B50446574890F8A22100F2CA
:104DB000C3112046FEF77CFA10BD534890F8A201BB
:104DC000704770B50446504880F8A0414FF43171E7
:104DD000FFF7B3FE05464C48C0F8C4524FF4B27218
:104DE00001464A48FEF789FC70BD474890F8A0018B
:104DF000704710B50024474847490860C421464819
:104E00000068FFF79AFE044643480068D0F8C400E3
:104E1000A04221D1D4B94048006800884AF2A001DC
:104E200088420DD0C4213D48FFF787FE04463B4829
:104E3000C0F8C440642201463648FEF75EFC18E024
:104E4000642236493348FEF747FC12E064223349B6
:104E50003048FEF741FC0CE0C4213048FFF76DFEFE
:104E600004462E48C0F8C440642201462948FEF793
:104E700044FC10BD10B5044654222849091D2046A3
:104E8000FEF716FA10BD70B5044654222146234899
:104E9000001DFEF70DFAC4212048FFF74EFE05461F
:104EA0001E48C0F8C450642201461A48FEF725FC8B
:104EB00070BD10B504462022184958312046FEF72F
:104EC000F7F910BD70B5044620222146134858302A
:104ED000FEF7EEF9C4211148FFF72FFE05460F48F3
:104EE000C0F8C450642201460A48FEF706FC70BDB3
:104EF00010B504462A22094978312046FEF7D8F930
:104F000010BD0000CC020020CC01002000D8030816
:104F1000C801002000EC030894040020980400203D
:104F200070B504462A2221465148FEF7C1F9C42132
:104F30004F487838FFF701FE05464D487838C0F8ED
:104F4000C450642201464B48FEF7D7FB70BD10B534
:104F50000446202246492A312046FEF7A9F910BD11
:104F600070B504462022214641482A30FEF7A0F9B8
:104F7000C4213F487838FFF7E0FD05463C487838C3
:104F8000C0F8C450642201463A48FEF7B6FB70BD33
:104F900008B500200090012269463748FEF79CFBC7
:104FA000BDF8000008BD08B5002000900122694648
:104FB0003148801CFEF790FBBDF8000008BD08B525
:104FC00000200090012269462B48001DFEF784FB5B
:104FD000BDF8000008BD08B5002000900122694618
:104FE0002548801DFEF778FBBDF8000008BD70B5B0
:104FF00004460D46B4F57A6F09DAC4EBC4011E4AC3
:10500000083202EB81000E222946FEF765FB70BDD7
:1050100070B504460D46B4F57A6F09DAC4EBC401E5
:10502000154A083202EB81000E222946FEF765FB85
:1050300070BD01B5012269460F48FEF75EFB08BD51
:1050400001B5012269460C48801CFEF756FB08BDDD
:1050500001B5012269460848001DFEF74EFB08BD58
:1050600001B5012269460448801DFEF746FB08BDD4
:105070001005002000EC030800A8010870B50446E4
:105080000E46154624B92946304600F015FB70BD82
:1050900004EB840000EBC4008F4901EBC000807872
:1050A00008B10020F3E7012004EB840101EBC40107
:1050B000894A02EBC101087104EB840000EBC400D3
:1050C000114601EBC000867104EB840000EBC400C4
:1050D00001EBC0004571FF20D9E770B504460D46CD
:1050E000164624B93146284600F0F6FA70BD002075
:1050F00004EB840101EBC401774A02EBC1010871A2
:1051000000BFF3E770B504460D461CB9284600F011
:10511000E8FA70BD04EB840000EBC4006E4901EBBB
:10512000C000083050F82500F3E770B504460E467D
:1051300015466CB929462046FFF7E4FF04EB8401CD
:1051400001EBC401644A02EBC101083141F82500BA
:1051500004EB840000EBC4005F4901EBC0000830A1
:1051600050F825100120B040014009B1012070BD68
:105170000020FCE7024602EB820000EBC200564B27
:1051800003EBC000283050F831007047024602EBB4
:10519000820000EBC200504B03EBC0004078704728
:1051A00070B504460E4615466CB929462046FFF7F1
:1051B000E1FF04EB840101EBC401474A02EBC101AA
:1051C000283141F8350004EB840000EBC40042496B
:1051D00001EBC000283050F835100120B0400140EC
:1051E00009B1012070BD0020FCE770B504460D46F2
:1051F0001CB9284600F024FB70BD04EB840000EBD2
:10520000C400354901EBC000283000EBC500406800
:10521000F2E770B504460E46154674B92946204695
:10522000FFF7E3FF04EB840101EBC4012A4A02EB20
:10523000C101283101EBC501486004EB840000EB9B
:10524000C400254901EBC000283000EBC5004068D0
:105250000121B140084008B1012070BD0020FCE7E9
:1052600010B5044614B900F00CFB10BD04EB84002B
:1052700000EBC400184901EBC0004078F5E710B519
:10528000044614B900F001FB10BD04EB840000EBF0
:10529000C400114911F83000F6E710B5044614B9FE
:1052A00000F0F7FA10BD04EB840000EBC4000A49DB
:1052B00001EBC000C078F5E710B5044614B900F062
:1052C000B3FA10BD04EB840000EBC400024901EB0B
:1052D000C0008078F5E700006C75002070B588B0DC
:1052E0000546FFF760FE064600240AE0A0B201A9C9
:1052F000FFF77DFE0398A84202D1012008B070BDDF
:10530000641CB442F2D30020F8E770B588B00546BB
:10531000FFF749FE064600240AE0A0B201A9FFF704
:1053200066FE0398A84202D1069808B070BD641CBE
:10533000B442F2D30220F8E7F0B587B005460E4636
:10534000FFF731FE074600240DE0A0B26946FFF7E3
:105350004EFE0298A84205D10596A0B26946FFF715
:1053600057FE02E0641CBC42EFD300BF07B0F0BDA3
:10537000F0B587B007461C2239466846FDF798FF0E
:10538000FFF711FE0546FFF71AFE0646FFF723FE5C
:105390000446069469462046FFF73AFEB5F57A6F53
:1053A0000ADA681C85B240F69F70844202DA601CFB
:1053B00084B211E000240FE040F69F70844202DACC
:1053C000601C84B200E0002440F69F70864202DA3E
:1053D000701C86B200E000262846FFF731FE3046FA
:1053E000FFF736FE2046FFF73BFE07B0F0BD2DE984
:1053F000F04F9BB004460D4617464FF0000BD946C0
:1054000020888D49A0FB0110A0788C4A50430918D0
:10541000E0788B4A00FB02F00918207942F2107202
:1054200000FB02F0091860794FF0640200FB02F003
:105430000918A07908181A9028887F49A0FB011044
:10544000A8787E4A00FB02F00918E8787C4A00FB45
:1054500002F00918287942F2107200FB02F00918D4
:1054600068794FF0640200FB02F00918A879081867
:105470001990FFF798FD8246C84654E01FFA88F05D
:1054800012A9FFF7B4FDBDF848006B49A0FB01105D
:105490009DF84A00694A504309189DF84B00684A34
:1054A00000FB02F009189DF84C0042F2107200FB5C
:1054B00002F009189DF84D004FF0640200FB02F065
:1054C00009189DF84E000E181A98864229D319988B
:1054D000864226D8BBF5787F00DB26E009F101097A
:1054E000DDE91423DDE91610CDE90423CDE906102A
:1054F0009DF84E009DF84D109DF84C209DF84B30C6
:10550000CDE90032CDE902109DF84A30BDF84820BF
:105510004CA109A80FF08EFB1FB109A938460FF066
:10552000BEFD08F10108D045A8D300BF48461BB016
:10553000BDE8F08F2DE9F04399B004460D464FF0D9
:1055400000090027FFF72FFD8046002639E0B0B2A2
:1055500012A9FFF74CFDBDF84800218888422FD1E1
:105560009DF84A00A17888422AD19DF84B00E17845
:10557000884225D1B9F5BF5F00DB24E07F1CDDE95F
:105580001423DDE91610CDE90423CDE906109DF8BA
:105590004E009DF84D109DF84C209DF84B30CDE904
:1055A0000032CDE902109DF84A30BDF848202DA107
:1055B00009A80FF03FFB1DB109A928460FF06FFDA8
:1055C000761C4645C3D300BF384619B0BDE8F0830A
:1055D00010B50024FFF7DCFC0446012C0CD00020A1
:1055E000FFF72EFD0020FFF733FD0020FFF738FD09
:1055F0000120FFF71EFD01E000BF00BF10BD88B015
:10560000002413E0039401200690482C01D100BF30
:1056100000BF01A8FFF7ACFE2046FFF776FE06901C
:105620000698012801D000BFFEE7641CB4F57A6F2C
:10563000E8D300BFFEE7000000E40B5400E1F505ED
:1056400040420F00253464253264253264253264DB
:105650002532642532642F25642F25642F25642F7D
:1056600025642300253034642530326425303264CB
:105670002530326425303264253032642F25642F82
:1056800025642F25642F25642300000010B5002415
:105690000CE0002104EB440000EB0412FE4840F84B
:1056A0002210603840F82410601CC4B2082CF0DBD3
:1056B00000F06CFE10BD70470246F7487838807CD9
:1056C00008B1002070470120F34B783B187518464D
:1056D00082754175FF20F5E70022EF4B783B1A7584
:1056E00070470146EC48603850F821007047024688
:1056F000E948603850F8210001239340184008B170
:10570000012070470020FCE70146E348403850F88C
:10571000310070470146E0487838407C704710B54A
:105720000246DD48403850F831000124944000EA38
:1057300004030BB1012010BD0020FCE730B5024688
:1057400001EB410000EB0114D34800EB84004068FA
:105750000124944000EA040393B101EB410000EB03
:105760000114CD4800EB84004068984301EB4104EC
:1057700004EB0115C84C04EB85046060012030BDCA
:105780000020FCE730B5024601EB410000EB0114BC
:10579000C14800EB840080680124944000EA0403BF
:1057A00093B101EB410000EB0114BB4800EB840016
:1057B0008068984301EB410404EB0115B64C04EBFF
:1057C0008504A060012030BD0020FCE710B5024632
:1057D00001EB410000EB0114AF4850F82400012414
:1057E000944000EA04030BB1012010BD0020FCE747
:1057F000024601EB410000EB0113A74800EB8300D8
:105800000C3030F812007047A3487838C0687047F1
:10581000024601EB410000EB01139F4800EB8300BF
:105820002C3030F8120070479B487838807C7047E5
:1058300099487838017D09B1012070470020FCE7C4
:1058400001469548403800EBC1004068704710B5EC
:1058500002469148403800EBC10040680124944062
:1058600000EA04030BB1012010BD0020FCE7024652
:105870000B4689487838417C09B1012070470020E7
:10588000FCE785487838407C704783487838007C4E
:10589000704781487838C07C704710B57E487838AA
:1058A000007D38B100207D4908707D4908707D4930
:1058B000087010BD79480078052808DA7748007824
:1058C000401C764908707648007800F00EFB73485B
:1058D000007805287ED173480178022000F0C0FED0
:1058E00088B16D4860386F49097850F821006C49DB
:1058F0000A7801219140084367496039694A127862
:1059000041F8220010E0644860386649097850F890
:10591000210063490A780121914088435E4960393A
:10592000604A127841F822005E480178012000F0B8
:1059300097FEB8B15B48007800EB400101EB001125
:10594000554850F8210056490A78012191400843F2
:105950005449097801EB410202EB01124E4941F82A
:10596000220016E04F48007800EB400101EB0011E7
:10597000494850F821004A490A780121914088435A
:105980004849097801EB410202EB0112424941F812
:10599000220044480178012000F0C0FEC0B1414817
:1059A000007800EB400101EB00113B4800EB810067
:1059B00040683B490A7801219140084339490978F8
:1059C00001EB410202EB0112334901EB8201486015
:1059D000344800E036E00178012000F07AFEC0B1E2
:1059E0003048007800EB400101EB00112A4800EB41
:1059F000810080682A490A78012191400843294999
:105A0000097801EB410202EB0112234901EB82010B
:105A1000886000202149087022480078401C2149F4
:105A200008700846007808280CD1002008701C482F
:105A30000078401C1A49087008460078102801D1E7
:105A40000020087000F09EFC13497839C86000BF40
:105A50002FE770B510487838007D18B10E487838B7
:105A6000807C00B970BD0C487838857D447D28461F
:105A700000F03BFA2146012000F0F2FDD0B104EB2A
:105A8000440000EB0411044850F821000121A94012
:105A9000084304EB440107E01C7700206005002068
:105AA000610500206205002001EB0412F94941F86C
:105AB000220010E004EB440000EB0411F54850F81C
:105AC00021000121A940884304EB440101EB0412A9
:105AD000F04941F822002146012000F01FFE90B15C
:105AE00004EB440000EB0411EA4800EB810041683C
:105AF0000120A840014304EB440000EB0412E548F8
:105B000000EB820041602146012000F0E2FD90B1EF
:105B100004EB440000EB0411DE4800EB81008168D7
:105B20000120A840014304EB440000EB0412D948D3
:105B300000EB820081602146012000F014FE014646
:105B400004EB440000EB0412D24800EB82000C305E
:105B500020F815102146012000F011FE04EB44014D
:105B600001EB0412CB4901EB82012C3121F8150025
:105B700000F008FCC7497839C86000BF72E710B56B
:105B8000FFF78BFEFFF765FF10BD2DE9F041012502
:105B9000FFF783FEFFF75DFFBE487838007D28B928
:105BA000BC487838807C08B9BDE8F081B9487838BD
:105BB000007D40B90021B7487838817400F082F93F
:105BC00000F072F96BE1B3487838807C30B1B148AD
:105BD0007838C088401CAF497839C880AD487838DB
:105BE000807CF8B94FF41670AA4978398880012171
:105BF000A848783881740020A6497839C880488040
:105C00000021A448783841740020A249783948819D
:105C10000874887D00F069F99E497839487D00F064
:105C2000FEFA3CE19B487838C088052820D1994A83
:105C3000783A517D907DFFF7A5FD964A783A517DDF
:105C4000907DFFF77BFD934A783A517D907DFFF779
:105C5000BDFD20B101218F487838C17403E00021D7
:105C60008C487838C17402218A487838817416E1EA
:105C700088487838C0880528A4DD86487838408868
:105C8000C0B384487838C088824978394988401A36
:105C9000282897DD7F487838867D477D807D05FA06
:105CA00000F47C487838417D383000EBC100406812
:105CB000A043784978394A7D383101EBC201486008
:105CC00074487838417D383050F83100A04371492C
:105CD00078394A7D383141F832000020383948801F
:105CE000087500216B487838817400F0EBF800F0FB
:105CF000DBF8D4E0FFE7674A783A517D907DFFF703
:105D000041FD00284FD063487838867D477D39466D
:105D10003046FFF76DFD642844DD39463046FFF715
:105D200067FDB0F5167F30DD5A487838807D05FA7A
:105D300000F400205749783908740846417D38300E
:105D400000EBC1004068A043524978394A7D3831A0
:105D500001EBC20148604F487838417D383050F837
:105D60003100A0434B4978394A7D383141F832003F
:105D700000203839488008750021464878388174F9
:105D800000F0A0F800F090F80CE039463046FFF73C
:105D90002FFD642806DD01203E4978390874084645
:105DA000C08848807BE03B487838C08839497839DA
:105DB0008988884224D137487838807D05FA00F4F4
:105DC00034487838417D383000EBC10040682043CA
:105DD000304978394A7D383101EBC20148600121F0
:105DE0002C487838417400202A49783908750021F8
:105DF00028487838817400F065F800F055F84EE0D6
:105E0000FFF702FD06464FF07E5112F087F92FD2C0
:105E1000204878384089962807DA1E487838408923
:105E2000401C1C497839488139E01A487838807D0F
:105E300005FA00F417487838417D383050F83100C1
:105E40002043144978394A7D383141F83200022123
:105E500010487838417400200E49783908750021BF
:105E60000C487838817400F02DF800F01DF816E029
:105E700008487838C088642811D1064A783A517D9C
:105E8000907DFFF7A3FC38B10020024978390874EF
:105E900005E000001C77002001200249087400BFC3
:105EA00082E60000A47600200020F7490860F74948
:105EB000C1F88401F44908390860F5490860091FF0
:105EC000086070470020F049091D0860EF49C1F8DB
:105ED0009001ED490C310860EE490860EA49103143
:105EE0000860EA49C1F89C0170470021E64A121D8A
:105EF0001160E64AC2F89011E34A0C321160E54A9B
:105F00001160E14A10321160E04AC2F89C11102879
:105F100073D2DFE800F0081C31475C738AA0B5CB70
:105F2000E2FCFBFAF9F80021D74A121D1160D74AAA
:105F3000C2F89011D44A0C321160D64A1160D24A8C
:105F4000103211600121D14AC2F89C1165E1012192
:105F5000CD4A121D11600021CC4AC2F89011CA4AE4
:105F60000C321160CB4A1160C74A10321160012116
:105F7000C64AC2F89C1150E10021C34A121D1160AB
:105F80000121C24AC2F890110021BF4A0C321160AF
:105F9000C04A1160BC4A103211600121BB4AC2F8EC
:105FA0009C113AE10121B84A121D1160B74AC2F8AA
:105FB00090110021B44A0C321160B64A1160B24A05
:105FC000103211600121B14AC2F89C1125E1002173
:105FD000AD4A121D1160AD4AC2F890110121AA4AC2
:105FE0000C3211600021AB4A1160A74A10321160D7
:105FF0000121A64AC2F89C110FE1FBE00121A24A4F
:10600000121D11600021A14AC2F8901101219E4A7F
:106010000C32116000219F4A11609B4A10321160BE
:1060200001219A4AC2F89C11F7E00021964A121DFC
:1060300011600121954AC2F89011934A0C32116007
:106040000021944A1160904A1032116001218F4A58
:10605000C2F89C11E1E001218B4A121D11608B4AAC
:10606000C2F89011884A0C3211600021894A1160EF
:10607000854A103211600121844AC2F89C11CCE09B
:106080000021814A121D1160804AC2F890117E4A97
:106090000C32116001217F4A116000217A4A1032CE
:1060A00011600121794AC2F89C11B6E00121764ABB
:1060B000121D11600021754AC2F89011724A0C320B
:1060C00011600121734A116000216F4A1032116082
:1060D00001216E4AC2F89C119FE000216A4A121DFC
:1060E00011600121694AC2F890110021664A0C3200
:1060F00011600121674A11600021634A103211606A
:106100000121624A04E060E049E031E01AE002E087
:10611000C2F89C1181E001215B4A121D11605B4AAB
:10612000C2F890110021584A0C3211600121594ADD
:1061300011600021544A103211600121534AC2F803
:106140009C116AE00021504A121D11604F4AC2F8AA
:10615000901101214C4A0C3211604E4A116000210D
:10616000494A103211600121484AC2F89C1154E09A
:106170000121454A121D11600021444AC2F89011C4
:106180000121414A0C321160424A116000213E4A0D
:106190001032116001213D4AC2F89C113DE00021FE
:1061A000394A121D11600121384AC2F89011364A4D
:1061B0000C321160374A11600021334A10321160ED
:1061C0000121324AC2F89C1127E001212E4A121DFA
:1061D00011602E4AC2F890112B4A0C3211602D4AE0
:1061E00011600021284A103211600121274AC2F8AB
:1061F0009C1112E00021244A121D1160234AC2F8AA
:106200009011214A0C321160224A11601E4A10324C
:1062100011601E4AC2F89C1100BF00BF70470021E8
:10622000194A1160194AC2F88411174A083A1160D4
:10623000174A1160121F1160082871D2DFE800F0C0
:1062400004132C3D4D5E718200210F4A11600F4AEC
:10625000C2F884110C4A083A11600D4A11600121FC
:10626000121F11608CE00121074A11600021074ACA
:10627000C2F88411044A083A1160054A11600121EC
:10628000121F11607CE000008881224200802242BF
:10629000B0012242948121420021514A1160012122
:1062A000504AC2F8841100214D4A083A11604E4A02
:1062B00011600121121F116062E00121484A116042
:1062C000484AC2F884110021454A083A1160464AFA
:1062D00011600121121F116052E00021404A11603B
:1062E000404AC2F8841101213D4A083A1160002158
:1062F0003D4A11600121121F116041E00121384A1D
:1063000011600021374AC2F884110121344A083A49
:1063100011600021344A11600121121F11602FE029
:1063200020E000212E4A116001212E4AC2F884117A
:106330002B4A083A116000212B4A11600121121FDB
:1063400011601DE00121264A1160264AC2F884111D
:10635000234A083A11600021234A11600121121FCB
:1063600011600DE000211E4A11601E4AC2F884111E
:106370001B4A083A11601C4A1160121F116000BFCD
:1063800000BF704710B500F027FD10BD08B5012112
:106390006020FBF709F901211448FAF794FE102058
:1063A0008DF8030003208DF80200FF20ADF80000F7
:1063B00069460F48FAF7B6FD2020ADF8000069469F
:1063C0000C48FAF7AFFD4FF4C050ADF80000694635
:1063D0000948FAF7A7FDFFF767FDFFF773FD08BD52
:1063E0008881224200802242B00122420002300015
:1063F00000140140000C01400010014000B591B0B4
:1064000001214FF40670FBF7CFF801210846FBF796
:10641000BEF800208DF82F0003208DF82E003020CC
:10642000ADF82C000BA94F48FAF77CFD0120ADF820
:106430002C000BA94C48FAF775FD4C48FCF72AFADA
:106440004A484C3000904A480190002002901E209B
:10645000039000200490802005904000069080006A
:106460000790202008900002099000200A906946B9
:106470004048FAF791F901213E48FAF7B8F90020AF
:106480000C9001208DF834008DF835004FF4602019
:106490000E9000200F9003208DF840000CA9334887
:1064A000FCF71FFA062301220E213048FCF7B1FA4F
:1064B000062302220F212D48FCF7ABFA0623032204
:1064C00008212A48FCF7A5FA01212848FCF735FAEB
:1064D00001212648FCF73CFA01212448FCF76DFA1B
:1064E00001212448FAF783F92048FCF748FA00BF55
:1064F0001E48FCF749FA0028FAD11C48FCF74EFA6E
:1065000000BF1A48FCF74FFA0028FAD101211748BA
:10651000FCF753FA01211748FAF769F911B000BDE9
:1065200010B503460021022B01DD002010BD002222
:1065300009E002EB42000E4C04EB400030F813007F
:106540000144501CC2B20A2AF3DB0A20B1FBF0F16D
:10655000B1FBF0F400FB1410052800D9491C88B2E7
:10656000E4E7000000100140000C0140002401405D
:106570007C7900200800024010B50A4600210AE09C
:1065800000EB4003C3EB8014D64B03EB8403D03302
:106590005A544B1CD9B200EB4003C3EB8014D14BCF
:1065A00013F824308B42EBDC10BD10B500F0DCFC9E
:1065B0003F20CC4908390860062048600220087254
:1065C000C949C8480838C0F8F81005210020FFF76D
:1065D000D3FF0821C348083880F8FC10C349C0F82D
:1065E000EC1105210120FFF7C7FF0821BD4808383D
:1065F00080F8F011BE49C0F8E01205210220FFF733
:10660000BBFF0621B748083880F8E412B949C0F842
:10661000D41305210320FFF7AFFF0621B148083846
:1066200080F8D813B449C0F8C81405210420FFF736
:10663000A3FF0421AB48083880F8CC14AF49C0F858
:10664000BC1505210846FFF797FF10BD014601EB79
:106650004100C0EB8112A34800EB82004068704704
:10666000024602EB4200C0EB82139E4800EB83001F
:10667000406801238B40184008B10120704700207A
:10668000FCE710B5014601EB4102C2EB8113954ACC
:1066900002EB8302D068002301EB4102C2EB8114BC
:1066A000904A02EB8402D36010BD10B5014601EBA5
:1066B0004102C2EB81138B4A02EB830290680023F4
:1066C00001EB4102C2EB8114864A02EB8402936023
:1066D00010BD10B5024602EB4200C0EB82138148A8
:1066E00000EB8300C06801238B401840A0B102EB8F
:1066F0004200C0EB82137B4800EB8300C06801239B
:106700008B40984302EB4203C3EB8214754B03EBBF
:106710008403D860012010BD0020FCE710B50246BC
:1067200002EB4200C0EB82136E4800EB83008068EE
:1067300001238B401840A0B102EB4200C0EB821352
:10674000684800EB8300806801238B40984302EB8C
:106750004203C3EB8214634B03EB84039860012074
:1067600010BD0020FCE7024602EB4200C0EB8213A2
:106770005C4800EB8300103030F81100704702468F
:1067800002EB4200C0EB8213564800EB830050300E
:1067900030F81100704710B500F066FD10BD2DE90E
:1067A000F0410446012700257AE007FA05F628465D
:1067B000D4F8F0108847C0B304F19000405D20B9D0
:1067C000002104F1100020F8151004F1100030F839
:1067D00015004FF6FF71884209DA04F1100030F815
:1067E0001500401C81B204F1100020F8151004F1CE
:1067F0009000415D4030405D814208DA04F1900034
:10680000405D401CC1B204F19000415546E0606813
:106810003040A8BB002104F1B0004155606830430E
:106820006060A0683043A06038E0FFE704F1B0008A
:10683000405D20B9002104F1500020F8151004F14A
:10684000500030F815004FF6FF71884209DA04F164
:10685000500030F81500401C81B204F1500020F8BF
:10686000151004F1B000415D2030405D814208DA2E
:1068700004F1B000405D401CC1B204F1B0004155CC
:106880000CE06068304048B1002104F190004155AF
:106890006068B0436060E0683043E060681CC5B287
:1068A0002078A84281DCBDE8F08170B50126002483
:1068B00011E006FA04F50B4808380068284040B19A
:1068C00004EB4401C1EB8412064901EB8200FFF79F
:1068D00066FF601CC4B2034808384068A042E8D88C
:1068E00070BD0000C0790020077000082770000804
:1068F000B97000084D7100089D710008ED71000825
:106900000146F848C06801228A40104008B10120C1
:1069100070470020FCE70146F248806901228A4066
:10692000104008B1012070470020FCE710B5FFF7C8
:1069300065FDFFF73AFE10BD017801290AD14168D3
:10694000B1F57A7F03D24168491C416005E001211D
:10695000C17002E00021C1704160704710B5FFF7BF
:10696000A4FF03210420FFF77BFEDF490870032109
:106970000420FFF7D3FEDC4949780843DA49487020
:1069800003210420FFF7A5FED74989780843D6499B
:1069900088700846FFF7D0FF00210846FFF760FE29
:1069A000D14981F8280000210846FFF7B7FECE49FB
:1069B00091F829100843CC4981F8290000210846A4
:1069C000FFF787FEC84991F82A100843C64981F8A5
:1069D0002A0001210020FFF743FEC34981F830005F
:1069E00001210020FFF79AFEBF4991F831100143C1
:1069F000BD4880F8311001210020FFF76AFEBA4936
:106A000091F832100143B84880F832100021032079
:106A1000FFF726FEB449087200210320FFF77EFE2F
:106A2000B149497A0843B049487200210320FFF771
:106A300050FEAD49897A0843AB4988720121032091
:106A4000FFF70EFEA849087601210320FFF766FE36
:106A5000A549497E0843A449487601210320FFF750
:106A600038FEA149897E08439F498876032108465C
:106A7000FFF7F6FD9C49087403210846FFF74EFE18
:106A80009949497C01439848417403210846FFF71E
:106A900020FE9549897C0143934881740421032099
:106AA000FFF7DEFD904981F8200004210320FFF765
:106AB00035FE8D4991F8211001438B4880F8211053
:106AC00004210320FFF705FE874991F822100143B6
:106AD000854880F8221000210520FFF7C1FD82497A
:106AE00081F8380000210520FFF718FE7E4991F853
:106AF000391008437C4981F8390000210520FFF74F
:106B0000E8FD794991F83A100843774981F83A004D
:106B100001210520FFF7A4FD734981F84000012100
:106B20000520FFF7FBFD704991F8411001436E48C5
:106B300080F8411001210520FFF7CBFD6A4991F84B
:106B400042100143684880F8421002210520FFF7F7
:106B500087FD654981F8480002210520FFF7DEFD29
:106B6000614991F8491001435F4880F849100221BA
:106B70000520FFF7AEFD5C4991F84A1001435A48E1
:106B800080F84A1003210520FFF76AFD564981F875
:106B9000500003210520FFF7C1FD534991F8511022
:106BA0000143514880F8511003210520FFF791FD62
:106BB0004D4991F8521001434B4880F8521010BDD6
:106BC0000146042901DB002070474748383010F89F
:106BD0003100F9E70146042901DB002070474248F3
:106BE000383000EBC100407838B100223E483830E0
:106BF00000EBC10042700120F0E70020EEE7014603
:106C0000042901DB002070473748383000EBC10011
:106C1000807838B100223448383000EBC1008270EF
:106C20000120F0E70020EEE70146022901DB002009
:106C300070472D4800EBC100C078F9E701460229F2
:106C400001DB00207047284810F83100FAE70146C0
:106C5000022901DB00207047234800EBC100407887
:106C600030B10020204A02EBC10250700120F2E74F
:106C70000020F0E70146022901DB002070471A4896
:106C800000EBC100807830B10020174A02EBC1024E
:106C900090700120F2E70020F0E70146022901DBB5
:106CA000002070471048283010F83100F9E70146FD
:106CB000022901DB002070470B48283000EBC1009F
:106CC000407838B100220848283000EBC1004270FB
:106CD0000120F0E70020EEE70146022906DB002054
:106CE00070470000D07F0020787F0020954800EB9F
:106CF000C100807830B10022924800EBC100827060
:106D00000120EDE70020EBE70146022901DB00202E
:106D100070478C48203810F83100F9E70146022905
:106D200001DB002070478748203800EBC100407825
:106D300038B100228348203800EBC10042700120A6
:106D4000F0E70020EEE70146022901DB0020704752
:106D50007C48203800EBC100807838B100227948A7
:106D6000203800EBC10082700120F0E70020EEE740
:106D70000146022901DB002070477248103810F8E4
:106D80003100F9E70146022901DB002070476D4818
:106D9000103800EBC100407838B100226948103843
:106DA00000EBC10042700120F0E70020EEE7014651
:106DB000022901DB002070476248103800EBC10057
:106DC000807838B100225F48103800EBC100827033
:106DD0000120F0E70020EEE72DE9F05F0220FFF749
:106DE0009FFB8346584610F0E3FD8046564A574BBA
:106DF00010F02EFE064600224FF0804310F028FED1
:106E0000044610F087FB82465046BDE8F09F2DE90E
:106E1000FF5F83465846FFF783FB8246CAF58050E2
:106E200011F064F80190504610F0C2FD07460022B0
:106E3000474B10F00DFE054610F06CFB00900199D9
:106E400010F072FF03904349039811F09BF8054638
:106E500011F02CF881464048B0F90000484504D3B1
:106E60003D48B0F9B400484503D9FF2004B0BDE85F
:106E7000F09F00242AE0384830F91400484505D92D
:106E80003549601C31F9100048450AD3324830F9C1
:106E90001400484505D03049601C31F910004845C0
:106EA00012D12D49601C31F91000A9EB00012A4ACA
:106EB000601C32F91000A0EB0900814201D9029454
:106EC00002E0601CC0B20290601CC4B25A2CD2DB3B
:106ED0000298CBE72DE9F84F04462046FFF720FB48
:106EE0000090009810F064FD07464FF066321B4B8F
:106EF00010F0AEFD054610F00DFB83464FF08B41C0
:106F000010F012FF8146484610F0D6FE0746144A9C
:106F1000144B10F045FB054610F006FD00F0FF0A8B
:106F20005046BDE8F88F10B50120FFF770FF10BD87
:106F300010B50020FFF76BFF10BD322070473220E4
:106F400070470000A07F0020B4D934E70C684A3FA6
:106F50000000244000007A447E82010866660A40F0
:106F6000B81E85EB51B89E3F08B501217D20FAF788
:106F70001BFB0121D748FAF7A6F848208DF803003B
:106F800003208DF802004FF4F850ADF80000694678
:106F9000D148F9F7C7FF4FF47070ADF800006946AB
:106FA000CE48F9F7BFFF4FF47F40ADF800006946C7
:106FB000CB48F9F7B7FF4FF63070ADF800006946DF
:106FC000C848F9F7AFFF4FF46040ADF800006946DC
:106FD000C548F9F7A7FFF020ADF800006946BE48A4
:106FE000F9F7A0FF10208DF8030003208DF80200B0
:106FF0000220ADF800006946BB48F9F793FF012075
:10700000BA49086008BD014611B1012909D103E060
:10701000B7480068C0B27047B548001F0068C0B2EA
:10702000F9E70020F7E70146082943D2DFE801F03D
:10703000040B131B232B323AAE48006808B9012019
:1070400070470020FCE7AB48001F006808B901202A
:10705000F6E70020F4E7A7480838006808B90120DF
:10706000EEE70020ECE7A3480C38006808B90120DF
:10707000E6E70020E4E79F481038006808B90120DF
:10708000DEE70020DCE79C48006808B90120D7E76C
:107090000020D5E79848001F006808B90120CFE715
:1070A0000020CDE794480838006808B90120C7E7F8
:1070B0000020C5E70020C3E70146082944D2DFE8E5
:1070C00001F0040B131B232B333B8C48006808B9D9
:1070D000012070470020FCE78848001D006808B9BF
:1070E0000120F6E70020F4E784480830006808B97A
:1070F0000120EEE70020ECE780480C30006808B97A
:107100000120E6E70020E4E77C481030006808B979
:107110000120DEE70020DCE778481430006808B979
:107120000120D6E70020D4E774481830006808B979
:107130000120CEE70020CCE76F480C38006808B982
:107140000120C6E70020C4E70020C2E70146062967
:1071500022D2DFE801F003080D12171C6448243026
:107160000068C0B27047624828300068C0B2F9E7D2
:107170005E4850380068C0B2F4E75C484C3800689C
:10718000C0B2EFE7594848380068C0B2EAE75B4848
:10719000001F0068C0B2E5E70020E3E701460629CA
:1071A00022D2DFE801F003080D12171C50480C3002
:1071B0000068C0B270474E4810300068C0B2F9E7AE
:1071C0004B4814300068C0B2F4E7494818300068F2
:1071D000C0B2EFE746481C300068C0B2EAE7444856
:1071E00020300068C0B2E5E70020E3E7014631B196
:1071F00001290CD0022912D0032920D117E03D48E3
:107200001438006808B9012070470020FCE73948AD
:107210001838006808B90120F6E70020F4E735487F
:107220001C38006808B90120EEE70020ECE731487F
:107230002038006808B90120E6E70020E4E70020D4
:10724000E2E708B501210420FAF7AEF928208DF80D
:10725000030003208DF80200F020ADF8000069461D
:107260001D48F9F75FFE08BD70B50024FFF7E9FF80
:1072700000252BE01848083001680F2020EA01049F
:107280001C482038006810B944F0010401E024F0E3
:10729000010418481C38006810B944F0020401E0E9
:1072A00024F0020413481838006810B944F00404AC
:1072B00001E024F004040F481438006810B944F0C9
:1072C000080401E024F00804681C85B2FF2DD1DB1E
:1072D000204670BD0002300000080140001001404F
:1072E0000014014000180140000C0140848121423B
:1072F00014012342300121422401224224812242EE
:10730000704720B14FF40051194A116103E04FF466
:107310000051174A51617047704720B14FF48041C6
:10732000134A116103E04FF48041114A51617047E3
:1073300008B501211020FAF737F94FF4C040ADF835
:10734000000010208DF8030003208DF8020069462C
:107350000748F9F7E7FD0020FFF7DFFF0020FFF700
:10736000DBFF0020FFF7CDFF0020FFF7C9FF08BDBE
:1073700000100140FA48C0787047F94890F90200BF
:10738000704710B5F74B1B7860F30003F54C237082
:107390002346597053B2A37010BD10B50446F1488E
:1073A000007864F34100EF4908700846007841080E
:1073B000EB48007861F34100E9490870E949097830
:1073C000C1F34000FFF79DFF10BD10B50446E5482E
:1073D000007864F38200E349087008460078810869
:1073E000DF48007861F38200DD490870DD490978E3
:1073F000C1F38000FFF791FF10BD10B50446D948D6
:10740000007864F3C300D749087008460078C108C3
:10741000D348007861F3C300D1490870D149097895
:10742000C1F3C000FFF778FF10BD10B50446CD488A
:10743000007864F30410CB4908700846007801090D
:10744000C748007861F30410C5490870C549097838
:10745000C1F30010FFF754FF10BD10B5FFF76DFD2D
:1074600040B2BF49C870084690F90300642804DCA4
:10747000084690F9030005280BDAB9484078022144
:1074800041EA1010B649497860F30711B4484170D9
:107490000DE0B348C07850B1B14840780D2101EA01
:1074A0001010AF49497860F30711AD484170FFF7FC
:1074B0003AFDFF2815D1AA484078012141EA101071
:1074C000A749497860F30711A5484170A54840785D
:1074D00018B90020A249887013E0FF20A0498870E5
:1074E0000FE09F4840780E2101EA10109C4949782E
:1074F00060F307119A484170FFF715FD40B29849B3
:1075000088709848407838BB954890F902009549B2
:1075100091F90210884207DB914890F902009149E5
:1075200091F90210884207D18D48007820F02000A0
:1075300020308B49087036E0894890F9021089485C
:1075400090F90200C01C81422DDD8548007820F0B2
:1075500020008349087026E0814890F902008149A3
:1075600091F90210884207DC7D4890F902007D49BC
:1075700091F90210884207D17948007820F0200064
:107580002030774908700EE0754890F90210754870
:1075900090F90200C01E814205DA7148007820F09F
:1075A00020006F49087010BD10B56D48007800F0DC
:1075B000010000B36A480078C0F34000D8B96848B9
:1075C0000078C0F34010B0B16548C088654989892A
:1075D000884205DA6248C088401C6149C8800EE0D4
:1075E00000205F49C88008460078C0F3800018B1C9
:1075F0000020FFF7EAFE02E00120FFF7E6FE10BDE3
:1076000010B55748408957494989884204DA544897
:107610004089401C52494881514840895149498913
:1076200088421CD14E480078C0F34010B8B9012000
:10763000FFF7B3FE0120FFF7C8FE0020484948814C
:1076400008818880C8800846007820F040000870D3
:107650000846007820F00100401C087018E04148FE
:10766000408940490979401A3D49498988420FD1EA
:107670003C48407830B10020FFF7D7FE0120FFF7EB
:10768000BCFE05E00120FFF7D0FE0020FFF7B5FEAD
:1076900010BD10B53248007800F00100002850D02D
:1076A0002F480078C0F34010002840D12C480078C3
:1076B000C0F3400020B92A480078C0F3801078B3A6
:1076C000274800892749C988884205DA2448008963
:1076D000401C2349088136E0214800892149C98896
:1076E000884211D11E480078C0F3801060B9002094
:1076F000FFF753FE00201A4988800846007820F0E2
:107700004000403008701EE01548808815490989FE
:10771000884206DA12488088401C1149888012E0AD
:1077200002E0FFF76DFF0EE0FFF76AFF0BE00C4889
:10773000007820F040000A4908700020FFF72DFE75
:1077400001E0FFF75DFF10BD10B500F098F958B1EA
:107750000448007820F00100401C0249087009E04C
:10776000F47F0020008000205448007820F00100C1
:10777000524908705148007800F0010000B34F48AA
:1077800040784F49497801F00F01884215D04B48A5
:1077900041784B48407861F3030049494870002024
:1077A00048810846007820F0010008700020FFF7AB
:1077B000F4FD0020FFF709FE18E0FFF76AFF15E06F
:1077C0003F48007800F0010080B100203C4948812A
:1077D0000846007820F0010008700020FFF7DDFD6A
:1077E0000020FFF7F2FD0020FFF71FFE10BD10B5CF
:1077F000042032498870002048700846007820F044
:107800000100401C08704FF4966088814FF4E150ED
:10781000C8808010088105200871B4204881FFF7D6
:1078200087FD10BD10B5274800780A2805DA2548DD
:107830000078401C2349087035E000202149087079
:107840001F48407820490978B1EB101F08D01C4828
:10785000407800091C490870FF200BF0FAFD13E086
:1078600017484078000978B9FFF787FD174909786C
:10787000884209D0FFF781FD14490870FFF77DFDAC
:10788000C4B220460BF0E5FDFFF752FB1049097822
:10789000884208D0FFF74CFB0D490870FFF748FB02
:1078A00004460BF088FD10BD10B5FFF7D6FDFFF7BD
:1078B0007BFEFFF749FFFFF7B5FF10BD00800020FA
:1078C000F47F002063050020660500206405002089
:1078D0006505002008B501211020F9F765FE10208C
:1078E0008DF8030003208DF802004FF48160ADF89D
:1078F000000069464048F9F715FB08213E48F9F7B2
:10790000C0FB08BD01203D490870704700B5024624
:1079100012B9FFF7F7FF03E00120394901F822000F
:1079200000BD10B53748007801280ADA4FF48061AD
:107930003148F9F7A4FB33480078401C31490870FE
:1079400011E03048007802280ADA4FF480612A48B2
:10795000F9F797FB2B480078401C2A49087002E091
:1079600000202849087010BD10B5FFF7DAFF234842
:10797000007838B92148407820B908211E48F9F725
:107980007EFB10BD1D48007838B900201B494870A7
:1079900008211948F9F773FB2CE01848C07805282E
:1079A00005DA1648C078401C1449C87022E000204F
:1079B0001249C8700846407838B908210E48F9F7CE
:1079C00060FB01200D49487014E00C4880780928BC
:1079D00005DA0A488078401C0849887003E00020D6
:1079E00006490870887008210348F9F748FB002011
:1079F0000249487000BFC4E700100140670500203D
:107A00000E8000206F05002008B501211920F9F72C
:107A1000CBFD01214648F9F756FB10208DF80300F5
:107A200003208DF802004020ADF80000694641486F
:107A3000F9F778FA40213F48F9F723FB4FF400406B
:107A4000ADF8000069463C48F9F76CFA4FF4004184
:107A50003948F9F716FB08BD10B5012037494870C1
:107A6000C1033548F9F70BFB10BD10B500203349B1
:107A700048704FF400413048F9F703FB10BD30481F
:107A8000007808B9002070472D480078012800D1FF
:107A9000F9E70220F7E72948807870470120274955
:107AA0000870704700202549087070472348007807
:107AB000704710B502210320FEF7D2FD204908705F
:107AC00002210320FEF705FE1D49497808431C49A1
:107AD000487002210320FEF721FE194989780843E6
:107AE0001749887010BD10B5FFF7E3FF1348007801
:107AF000C0B1FFF7B1FF1148C078642805DA0F481C
:107B0000C078401C0D49C87011E00C48C07864284A
:107B10000DD1FFF7AAFF00200849C87008700120A6
:107B2000887004E0FFF7A1FF00200449C87010BD71
:107B300000023000000C01400010014070050020E0
:107B40007405002010B500F0D0FD10BD70B50228FE
:107B500000DB70BD00EB8004F54D15F8244004B146
:107B6000F7E700EB8004F24D05EB8404617000EB55
:107B7000800405EB8404A27000EB800405EB840410
:107B8000E380012400EB8005E94E06F8254000BFA4
:107B9000DFE70146022901DB0020704701EB81008D
:107BA000E34A12F82000F8E70146022901DB002031
:107BB000704701EB8100DE4A02EB8000007AF7E7B4
:107BC0000146022901DB0020704701EB8100D84A01
:107BD00002EB8000407A00F00100F5E7014602293F
:107BE00001DB0020704701EB8100D14A02EB8000ED
:107BF000407AC0F38000F5E70146022901DB00204E
:107C0000704701EB8100CA4A02EB8000407AC0F362
:107C10004000F5E70146022901DB0020704701EB37
:107C20008100C34A02EB8000807AC0F34000F5E790
:107C30000146022901DB0020704701EB8100BC4AAC
:107C400002EB8000807A00F00100F5E710B500201B
:107C5000FEF7C0FF38B141F65833642200210846D0
:107C6000FFF774FF0AE00020FEF7C9FF30B141F6CC
:107C70005833642201210020FFF768FF0120FEF73E
:107C8000A9FF38B141F65833642200210120FFF7E3
:107C90005DFF0AE00120FEF7B2FF30B141F6583334
:107CA000642201210846FFF751FF10BD00200FE0BC
:107CB00000EB80019E4A02EB8101498A491C8AB28D
:107CC00000EB80019A4B03EB81014A82411CC8B250
:107CD0000228EDDB704710B5002421E02046FFF7B5
:107CE00013F804EB8401924A02EB8101897A60F374
:107CF000000104EB840002EB800081722046FFF754
:107D000037F804EB84018A4A02EB8101897A60F337
:107D1000410104EB840002EB80008172601CC4B25C
:107D2000022CDBDB10BD10B5002082490870A2E3F5
:107D30008048007800EB80007D4911F82000002881
:107D40007ED07C48007800EB800001EB8000007C56
:107D5000082851D2DFE800F00451FFF3F2F1F0EB14
:107D60007448007800EB8000714901EB8000407A94
:107D700020F001016F48007800EB80006C4A02EBB4
:107D8000800041726B48007800EB8000114601EBE7
:107D90008000407A20F004016648007800EB800003
:107DA00002EB800041726348007800EB80001146CE
:107DB00001EB8000407A20F002015E48007800EB81
:107DC000800002EB8000417201205A49097801EBE2
:107DD000810102EB8101087200215648007800EB16
:107DE000800002EB8000418201205249097801EBBA
:107DF000810102EB8101087437E34E480078FEF7F9
:107E000083FFE8B34B480078FEF7B2FFC0B3002011
:107E10004849097801EB8101454A02EB8101087468
:107E200002204449097801EB810102EB81010872CB
:107E30004048007800EB8000114601EB800000E034
:107E400014E3407A20F00100401C3A49097801EB24
:107E5000810102EB810148723648007800EB800016
:107E6000114601EB8000407A20F00200801C31496D
:107E7000097801EB810102EB81014872002000E0EA
:107E800006E02C49097801EB810102F8210061E04C
:107E90002848007800EB8000254901EB80004078FD
:107EA00038BB24480078FEF72FFFC0B100202149DD
:107EB000097801EB81011E4A02EB8101087402205E
:107EC0001C49097801EB810102EB81010872002055
:107ED0001849097801EB810102F821003AE00220FB
:107EE0001449097801EB8101114A02EB8101087400
:107EF00030E010480078FEF73BFF10B300200D493A
:107F0000097801EB81010A4A02EB81010874022021
:107F10000849097801EB810102EB81010872002018
:107F20000449097801EB810102F8210012E05DE2C9
:107F30001A8000207C0500201FE2D1E17FE14EE0A5
:107F400009E00220FE49097801EB8101FD4A02EBBC
:107F50008101087489E2FA48007800EB8000F94951
:107F600001EB8000407860B9F5480078FEF7D6FE56
:107F7000F3480078FEF7E7FEF148007800F09EFA3B
:107F80000BE0EF480078FEF7C9FEED480078FEF7F9
:107F9000DAFEEB48007800F0A8FAE948007800EB38
:107FA0008000E84A02EB80008178E548007800F024
:107FB00050FBE348007800F073FA0021E0480078B5
:107FC00000EB8000DF4A02EB800041820320DC49A5
:107FD000097801EB810102EB8101087445E2D84880
:107FE0000078FEF791FEE8B3D5480078FEF7C0FEB2
:107FF000C0B3D348007800F05AFA0021D048007886
:1080000000F027FBCE48007800F086FA0020CC492B
:10801000097801EB8101CB4A02EB8101087402204F
:10802000C749097801EB810102EB81010872C4485C
:10803000007800EB8000114601EB8000407A20F0D0
:108040000100401CBE49097801EB810102EB81016E
:108050004872BB48007800EB8000114601EB8000BD
:10806000407A00E011E020F00200801CB449097859
:1080700001EB810102EB810148720020B0490978CF
:1080800001EB810102F8210010BDAD48007800EB42
:108090008000AC4901EB8000408AA949097801EBD6
:1080A0008101A84A02EB8101C98888427DDAA4488F
:1080B000007800EB8000114601EB8000407858BB4F
:1080C0009F480078FEF720FE002824D09C480078C6
:1080D00000F0EDF900219A48007800F0BAFA9848CB
:1080E000007800F019FA00209549097801EB810128
:1080F000944A02EB8101087402209149097801EB4E
:10810000810102EB8101087200208D49097801EBA1
:10811000810102F8210091E089480078FEF728FEED
:10812000002827D08648007800F0C1F90021844853
:10813000007800F08EFA8248007800F0EDF980486F
:108140000078C0B900207E49097801EB81017D4AA1
:1081500002EB8101087402207949097801EB810161
:1081600002EB8101087200207549097801EB810159
:1081700002F8210062E000207149097801EB8101D9
:10818000704A02EB8101087402206D49097801EB05
:10819000810102EB8101087200206949097801EB35
:1081A000810102F8210049E0FFE76548007800F00E
:1081B0007EF900216248007800F04BFA60480078B0
:1081C00000F0AAF900205E49097801EB81015D4ABF
:1081D00002EB810108745A48007800EB80001146D8
:1081E00001EB8000407A20F00100401C54490978DE
:1081F00001EB810102EB810148725148007800EBEC
:108200008000114601EB8000407A20F00400001D40
:108210004B49097801EB810102EB81014872022090
:108220004749097801EB810102EB810108720020C6
:108230004349097801EB810102F8210015E1002191
:108240003F48007800EB80003E4A02EB800041820C
:108250003B480078E8B93C49087800EBD0714910F8
:10826000A0EB410119B1012000F03FF902E001202B
:1082700000F024F93248007800EB8000314A02EB2C
:1082800080008178012000F0E4F9012000F008F975
:108290001CE02D49087800EBD0714910A0EB41019A
:1082A00019B1002000F021F902E0002000F006F9E9
:1082B0002348007800EB8000224A02EB800081789E
:1082C000002000F0C6F9002000F0EAF805201C4963
:1082D000097801EB81011B4A02EB81010874C4E0BB
:1082E0001748007800EB8000164901EB8000408AB7
:1082F000C82841DD002000F0DAF80021084600F02F
:10830000A8F9002000F008F9012000F0D0F80021C1
:10831000012000F09EF9012000F0FEF8002108483D
:10832000007800EB8000074A02EB8000418206489B
:108330000078032814DA04480078401C024905E05C
:108340007C0500201A8000207D0500200870042094
:108350005049097801EB810102EB810108740BE0BF
:1083600000204D49087006204A49097801EB810137
:108370004A4A02EB8101087477E000214548007801
:1083800000EB8000454A02EB8000418241480078C2
:1083900088B9012000F0A9F83E48007800EB800081
:1083A0003E4A02EB80008178012000F052F9012062
:1083B00000F076F810E0002000F097F835480078DB
:1083C00000EB8000354A02EB80008178002000F04D
:1083D00040F9002000F064F807202E49097801EBED
:1083E00081012E4A02EB810108743EE029480078A1
:1083F00000EB8000294901EB8000408A002833DD32
:10840000002000F054F80021084600F022F9002076
:1084100000F082F8012000F04AF80021012000F06D
:1084200018F9012000F078F800211A48007800EBD4
:1084300080001A4A02EB8000418200201549097829
:1084400001EB810102EB81010874022011490978D6
:1084500001EB810102EB8101087200200D490978CE
:1084600001EB810102F8210000BF00BF094800783C
:10847000401C08490870074800780228FFF658ACED
:1084800000BF01E610B5FFF7E1FBFFF74CFCFFF77B
:1084900022FC10BD7C0500207D0500201A800020F4
:1084A00010B5044680219348F8F7E9FD10BD10B5DA
:1084B000044680218F48F8F7E4FD10BD10B504464E
:1084C000012C08D101218C48F8F7DBFD02218A48F4
:1084D000F8F7D5FD08E03CB904218748F8F7D1FD4D
:1084E00008218548F8F7CBFD10BD10B50446012CD6
:1084F00008D101218048F8F7C2FD02217E48F8F733
:10850000C0FD08E03CB904217B48F8F7B8FD08211C
:108510007948F8F7B6FD10BD10B50446012C08D116
:1085200001217548F8F7ABFD02217348F8F7A7FD64
:1085300008E03CB904217048F8F7A1FD08216E4815
:10854000F8F79DFD10BD10B50446012C08D101219E
:108550006948F8F796FD02216748F8F792FD08E0B0
:108560003CB904216448F8F78CFD08216248F8F70B
:1085700088FD10BD08B501214920F9F715F8012142
:108580005E48F8F7A0FD10208DF8030003208DF859
:1085900002008020ADF8000069465648F8F7C2FC9A
:1085A0000F20ADF8000069465348F8F7BBFC1820CF
:1085B0008DF8030003208DF802000002ADF80000E2
:1085C00069464C48F8F7AEFC08BD00B587B00121FC
:1085D0000420F8F7F6FF6320ADF8140040F2CF2036
:1085E000ADF810000020ADF81600ADF8120004A997
:1085F0004348F9F711F901214148F9F769FD0020D5
:10860000ADF806006020ADF800000120ADF80200D2
:108610000020ADF8080069463948F9F7C9F9082182
:108620003748F9F79BFD40213548F9F73BFD69468E
:108630003348F9F708FA08213148F9F798FD402145
:108640002F48F9F738FD01212D48F9F741FC07B013
:1086500000BD7FB504460D46022C00DD7FBD642DB4
:1086600000DD6425ADF806506020ADF80000012063
:10867000ADF802000020ADF80800012C0CD16946CD
:108680001F48F9F795F908211D48F9F767FD012101
:108690001B48F9F729FC0CE05CB969461848F9F762
:1086A000D2F908211648F9F762FD01211448F9F7BB
:1086B0001BFC00BFD2E710B5FFF75CFFFFF785FF9B
:1086C0000020FFF740FF0120FFF73DFF0021084693
:1086D000FFF7BFFF00210120FFF7BBFF0020FFF7DE
:1086E000E6FE0120FFF7E3FE10BD10B5FFF7E3FF44
:1086F00010BD0000000C01400018014000023000D5
:108700000008004008B501211C20F8F74DFF0121A9
:108710001948F8F7D8FC10208DF8030003208DF8D5
:1087200002000120ADF8000069461448F8F7FAFB92
:108730000620ADF8000069461048F8F7F3FB022167
:108740000E48F8F79EFC04210C48F8F79AFC01212A
:108750000A48F8F796FC01210848F8F790FC08BD94
:1087600010B501210548F8F78AFC10BD10B50121AC
:108770000248F8F786FC10BD0002300000100140EE
:1087800008B503208DF8000001208DF803008DF856
:1087900001008DF802006846F7F791FE08BD01461A
:1087A000CA1701EB92729210A1EB82022AB96422DD
:1087B00091FBF2F302FB131232B94FF4C87291FB32
:1087C000F2F302FB13120AB1012070470020FCE70C
:1087D0002DE9FE4F07460C46904600200290C14608
:1087E0008246834600260025019000903846FFF718
:1087F000D6FF002832D00D2C2CD2DFE804F02B0756
:108800000A0D101316191C1F222528004FF0050A07
:1088100023E04FF0010A20E04FF0020A1DE04FF084
:10882000050A1AE04FF0000A17E04FF0030A14E0BF
:108830004FF0050A11E04FF0010A0EE04FF0040A74
:108840000BE04FF0060A08E04FF0020A05E04FF097
:10885000040A02E00020BDE8FE8F31E00D2C2CD28E
:10886000DFE804F02B070A0D101316191C1F222530
:1088700028004FF0060A22E04FF0020A1FE04FF0F6
:10888000020A1CE04FF0050A19E04FF0000A16E05A
:108890004FF0030A13E04FF0050A10E04FF0010A11
:1088A0000DE04FF0040A0AE04FF0060A07E04FF02F
:1088B000020A04E04FF0040A01E00020CBE700BF09
:1088C000642097FBF0F100FB1170C5B22846E91750
:1088D00005EB91718910019101982844C0B2009074
:1088E0000721009890FBF1F201FB120000F0FF0B52
:1088F0000BEB0A004844C6B2072E01DA029606E0E6
:10890000072096FBF0F100FB1160C0B202900298C4
:10891000A1E72DE9F05F06460F4690469946DDE94E
:108920000AAB002440F2B270864203DB40F633000B
:10893000864202DD0120BDE8F09F40F2B2750AE0F8
:108940002846FFF72CFF10B19948044401E09948EC
:108950000444681C85B2B542F2DB781EC7B200251C
:1089600010E09548405D40F2A321484304EBC01459
:108970003046FFF714FF18B1012D01D18F48044490
:10898000681C85B2BD42ECDBA8F1010040F2A321D6
:10899000484304EBC014C9EB4910C0EB092004EBB9
:1089A0000014CAEB0A1004EB80045C4401214FF070
:1089B000C050F8F706FE0120F8F72DFC2046FAF724
:1089C000BAF9FAF7EBF90020B5E770B500260024F4
:1089D00000257B4806883604001D00880644774839
:1089E000B6FBF0F477480088A0423AD075490C8075
:1089F00040F2B2750EE02846FFF7D1FE30B1B4F573
:108A0000B77F02D3A4F5B77402E006E0A4F26D14B8
:108A1000681C85B2B4F5B67FEDD800BF6A48858082
:108A2000002516E068498888FFF7B9FE30B1012DAE
:108A300004D11D2C01D31D3C09E00CE05E48405DD3
:108A4000A04203D85C48405D241A00E003E0681CA3
:108A500085B21C2CE6D200BF681C5B498871601C83
:108A6000C8715648B6FBF0F100FB11644FF4616029
:108A7000B4FBF0F0544908704FF46160B4FBF0F1BE
:108A800000FB11403C21B0FBF1F04F4948704FF41E
:108A90006160B4FBF0F100FB11403C21B0FBF1F24E
:108AA00001FB1200484988700B46DA799979988859
:108AB000FFF78EFE44490872002070BD2DE9FC4787
:108AC00004460D4616461F46DDE90A89FAF717F9EE
:108AD000FAF764F93B46324629462046CDE900893B
:108AE000FFF717FFFAF714F9BDE8FC87014636488F
:108AF000808888803448807988713348C079C8710B
:108B00003148007A08723048007808702E48407862
:108B100048702D488078887070471CB5002401216A
:108B20004FF0C050F8F74DFD0120F8F774FBF7F750
:108B30002FFD4FF44070F8F7C0FC0120F8F7C3FC9C
:108B4000FAF72CF9FAF733F901210846FAF7CAF8CF
:108B5000FAF724F9FAF7D3F84FF22440FAF7F8F8C5
:108B6000FAF71CF9002000900346024601460190E6
:108B7000FFF7CFFEFAF7CCF8FFF702FEFFF725FF6D
:108B800000201CBD10B50120FAF736F908B1FFF737
:108B90001CFF0220FAF730F920B10220FAF73CF965
:108BA000FFF713FF0520FAF737F9FAF7F7F810BDCA
:108BB0000085E2018033E10140830108805101001A
:108BC000182800407E0500204280002010B5044691
:108BD000F74850F82400408948B1F54850F824007F
:108BE0004089401EF24951F82410488120E0F048A5
:108BF00050F824000078D8B10020ED4951F8241035
:108C00000870EB4850F82400806988B1E84B53F8AD
:108C100024305988E64B53F82430D868E44B53F895
:108C200024309A6990470020E14951F82410488087
:108C300010BD012809D1DF49DD4A5160DE49526883
:108C4000D160DE49DA4A52681161022809D1DC4953
:108C5000D74A9160DB499268D160DB49D44A926877
:108C60001161704700B591B001214804F8F7A9FCE3
:108C700001210846F8F78BFC01210420F8F794FC49
:108C80000420ADF8400003208DF8420018208DF834
:108C9000430010A9CD48F8F745F90820ADF8400089
:108CA00004208DF8430010A9C848F8F73BF92620A6
:108CB0008DF82C0000208DF82D0001208DF82E005D
:108CC0008DF82F000BA8F7F7FAFB11208DF82C0078
:108CD00000208DF82D0002208DF82E0001208DF847
:108CE0002F000BA8F7F7EBFBB9480090B1480069DB
:108CF00001901020029080010390002004908020B9
:108D0000059000200690079008904FF400500990BD
:108D100000200A906946AF48F7F73EFD0122022184
:108D2000AC48F7F770FD0021AA48F7F760FD012273
:108D30008021A748001FF9F7A9FC4FF4E1300C90FF
:108D40000020ADF83400ADF83600ADF83800ADF8CD
:108D50003C000C20ADF83A000CA99D48001FF9F723
:108D6000D8FB012240F225519948001FF9F769FC10
:108D7000012240F224419648001FF9F762FC0122CB
:108D800028219348001FF9F75CFC012260219048DC
:108D9000001FF9F756FC40218D48001FF9F72DFD03
:108DA00001218B48001FF9F740FC11B000BD00B550
:108DB00091B001210820F8F7F7FB01218804F8F7AA
:108DC00000FC01210846F8F7E2FB4FF48060ADF8A3
:108DD000400003208DF8420018208DF8430010A9B0
:108DE0007D48F8F79FF84FF40060ADF8400004208C
:108DF0008DF8430010A97848F8F794F827208DF8EB
:108E00002C0000208DF82D008DF82E0001208DF80B
:108E10002F000BA8F7F753FB0C208DF82C00002037
:108E20008DF82D0002208DF82E0001208DF82F00E6
:108E30000BA8F7F744FB694800906148006901906E
:108E4000102002904FF4C050039000200490802026
:108E5000059000200690079008904FF4005009906C
:108E600000200A9069465B486438F7F795FC0122B8
:108E7000022158486438F7F7C6FC00215548643889
:108E8000F7F7B5FC012280215448001FF9F7FEFBDB
:108E9000524800904A48C0680190002002904FF468
:108EA00080600390002004908020059000200690B0
:108EB000079008904FF44050099000200A906946AE
:108EC00044485038F7F768FC012142485038F7F71A
:108ED0008EFC012240214148001FF9F7D7FB4FF4D7
:108EE000E1300C900020ADF83400ADF83600ADF85C
:108EF0003800ADF83C000C20ADF83A000CA937481A
:108F0000001FF9F706FB40213448001FF9F775FCF4
:108F1000012228213148001FF9F793FB012260212B
:108F20002E48001FF9F78DFB012240F224412B4807
:108F3000001FF9F786FB01212848001FF9F775FB90
:108F400011B000BD10B504462046FFF772FE012C9B
:108F500001D1FFF787FE022C01D1FFF728FF10BDDA
:108F6000012801D1134A5161022801D1144A5161EB
:108F70007047012801D10F4A9161022801D1104A9E
:108F80009161704701460A4850F821000078012895
:108F900001D100207047064850F82100408820B1D8
:108FA000034850F821004088F4E70020F2E7000071
:108FB0004C800020608000207C8400207C80002089
:108FC0007C88002098A0002098880020000801409C
:108FD0000444004080000240000C0140044800406E
:108FE0000146FE4850F821004078012804D1FB4892
:108FF00050F82100808870470020FCE710B5024639
:109000000B46F64850F822000078012801D10020D4
:1090100010BD002107E0F14850F82200C068405C14
:109020005854481C81B2ED4850F8220040888842CC
:10903000F1DC0020E94C54F822406080FF20E7E793
:109040000021E64A52F82020518070472DE9F04176
:1090500004460F461646E14850F82400407801289F
:1090600063D0DE4850F824008680002507E0785D54
:10907000DA4951F8241009694855681C85B2B5428F
:10908000F5DB0120D54951F8241048707CB9D3484C
:1090900050F824008088D2498864D04850F82400D1
:1090A000006908650121CE484430F7F7A0FB012C88
:1090B00012D1CA4850F824008088C9498431086018
:1090C000C64850F824000069C549C1F88C00012148
:1090D000C3488030F7F78BFB022C0FD1BF4850F804
:1090E00024008088BE490862BC4850F8240000690A
:1090F00088620121BA481C30F7F779FB032C11D1A3
:10910000B64850F824008088B6490860B34850F843
:1091100024000069B349083108600121B148001FEB
:10912000F7F765FB0120BDE8F0810020FBE770B593
:1091300004460D462E4654B92946AB48F9F7E2FAE3
:1091400000BF4021A848F9F74BFB0128F9D1012CB9
:109150000AD12946A548F9F7D5FA00BF4021A3480E
:10916000F9F73EFB0128F9D1022C0AD12946A04883
:10917000F9F7C8FA00BF40219D48F9F731FB0128F3
:10918000F9D1032C0AD129469A48F9F7BBFA00BF56
:1091900040219848F9F724FB0128F9D170BD70B53A
:1091A00040F225519148F9F731FB10B392484069DC
:1091B00040B18E48F9F7AAFAC4B28F4841692046F7
:1091C000884716E001208C49087032204881084603
:1091D0004088B0F5806F0CDA8448F9F797FAC1B28D
:1091E000854842884088401C834B58801846C06898
:1091F000815408217D48F9F7F3FA50B17B48008883
:10920000C5B27A48001D0088C5B208217748F9F731
:10921000F4FA04217548F9F7E3FA50B1734800886D
:10922000C5B27248001D0088C5B204216F48F9F725
:10923000E4FA02216D48F9F7D3FA50B16B4800887F
:10924000C5B26A48001D0088C5B202216748F9F717
:10925000D4FA01216548F9F7C3FA50B16348008890
:10926000C5B26248001D0088C5B201215F48F9F708
:10927000C4FA40F224415D48F9F7C8FAA0B15B484E
:109280000088C5B25948001D0088C5B25A48806997
:1092900038B1594B5988D8689A6990470020564987
:1092A000488000205449087070BD10B54FF0007020
:1092B000F7F7D7FA60B14FF00070F7F7E6FA002041
:1092C0004D4948708880002145488030F7F78FFA73
:1092D00010BD70B540F225514548F9F797FA10B323
:1092E0004648406940B14248F9F710FAC4B24348D1
:1092F00041692046884716E0012040490870052052
:10930000488108464088B0F5806F0CDA3848F9F794
:10931000FDF9C1B2394842884088401C374B58801B
:109320001846C068815408213148F9F759FA50B1FC
:109330002F480088C5B22E48001D0088C5B20821FC
:109340002B48F9F75AFA04212948F9F749FA50B19C
:1093500027480088C5B22648001D0088C5B20421F0
:109360002348F9F74AFA02212148F9F739FA50B1AE
:109370001F480088C5B21E48001D0088C5B20221E2
:109380001B48F9F73AFA01211948F9F729FA50B1BF
:1093900017480088C5B21648001D0088C5B20121D3
:1093A0001348F9F72AFA40F224411148F9F72EFA46
:1093B00030B30F480088C5B20D48001D0088C5B203
:1093C000002107483030F7F712FA05483030F7F738
:1093D00025FAC0F580600949488012E04C800020E1
:1093E000000002405C04024000380140004400409C
:1093F00000480040004C0040608000207C88002035
:1094000016E04FF480611448F7F706FA012112487C
:10941000F7F7EDF91148806938B1104B5988D868D1
:109420009A69904700200D49488000200B49087038
:1094300070BD10B52020F7F714FA58B12020F7F7C7
:1094400024FA002005494870888000210248143819
:10945000F7F7CDF910BD0000300002407C880020F5
:1094600010B5FFF74FF910BD70B505460C46042D39
:1094700006D114B1FFF774F901E0FFF777F900E0C6
:1094800000BF00BF70BD000010B5FFF7E9FF10BDC1
:109490002DE9FC47824688461646DDF830900024C8
:1094A000002717E0022000FB07850DB9BDE8FC8707
:1094B00069782878FFF7D8FF28780F4901F8140059
:1094C000012001EB44014870042C01DA601CC4B295
:1094D000781CC7B206EBD671B7EB610FE2DBB9F1CE
:1094E000000F06D000200090620003490190504612
:1094F000C84700BFDAE700008005002070477047CA
:1095000010B5044654222146F048F9F7D1FE6421F3
:10951000EF480BF047FEEFA3F0A2F4A1EC480BF0EC
:1095200089FB10BDFA48007830B101280DD002281F
:109530001AD003282FD11EE00020F6490880F649F2
:1095400008600120F249087025E0F2480088401CBC
:10955000F049088008460088C82804DD00200880FB
:109560000220EB49087016E00120EB490860032057
:10957000E74908700FE0E7480088401CE54908808B
:1095800008460088C82805DD00200880E0490870EA
:10959000FF20704700BF00BF0020FAE7FF207047A0
:1095A00010B5DE48007878B10020DC490870C74863
:1095B000FBF760FC6421C6480BF0F4FDC5A3C7A20D
:1095C000CAA1C3480BF036FBFFF7E8FF10B1FF203C
:1095D000D3490870FFF7A6FF10B1FF20D1490870EA
:1095E000CF480078FF280AD1CE480078FF2806D15E
:1095F0000020CB490870CB490870FF2010BD002027
:10960000FCE7C9494870704710B5C848007810B1E8
:10961000012838D10CE04FF40071C5480BF0C2FDB1
:109620000921C4A003F070FD0120C04908702CE09E
:10963000C3A1BF480BF093FC40B10020BB490870A8
:10964000C1490880C1490880FF2010BDBE4800887C
:10965000401CBD49088008460088C82812DD00204B
:109660000880B2490870B9480088401CB749088092
:1096700008460088052805DD00200880AB490870F1
:10968000EE20E2E701E0EE20DFE700BF0020DCE7AC
:1096900070B50024AE48007822287DD2DFE800F0C3
:1096A000111E49568491C2CFEFEEEDECEBEA7C7CC3
:1096B000E9E8E7E67C7C7C7CE5E47C7C7C7C7C7C6B
:1096C000E3E24FF400719A480BF06CFD0421A1A075
:1096D00003F01AFD01209E49087000E39FA1944801
:1096E0000BF03DFC40B102209949087000209C49D4
:1096F00008809C4908701BE099480088401C9849E4
:10970000088008460088B0F5967F11DD00200880AB
:109710008F49087093480078401C924908700846A9
:109720000078052804DD00200870EE2088490870C4
:10973000D5E24FF400717E480BF034FD0A218AA077
:1097400003F0E2FC032082490870C8E289A178484E
:109750000BF005FC40B104207D49087000208049D1
:109760000880804908701EE07D480088401C7C49C4
:10977000088008460088B0F5967F14DD0020088038
:1097800002207349087077480078401C75490870BA
:1097900008460078052800E07FE204DD002008701C
:1097A000EE206B4908709AE24FF4007160480BF0AC
:1097B000F9FC0A2171A003F0A7FC05206449087098
:1097C0008DE271A15A480BF0CAFB20B96FA158482D
:1097D0000BF0C5FB40B106205D49087000206049D0
:1097E0000880604908701CE05D480088401C5C49A6
:1097F000088008460088B0F5967F12DD00200880BA
:1098000004205349087057480078401C5549087097
:1098100008460078052804DD00200870EE204C4939
:1098200008705CE24FF4007141480BF0BBFC0B2167
:1098300057A003F069FC0720454908704FE252A188
:109840003B480BF08CFB20B950A139480BF087FB4B
:10985000B0B108203E4908700020414908804149C4
:1098600008702AE0DBE1C9E1C4E1BFE192E184E1F3
:1098700057E149E11BE10DE1D1E0C3E095E01DE0D6
:1098800037480088401C3649088008460088B0F5F3
:10989000967F12DD0020088006202D49087031488F
:1098A0000078401C2F49087008460078052804DD20
:1098B00000200870EE202649087010E24FF4007175
:1098C0001B480BF06FFC1F2168E000000C06002015
:1098D000A7A40020313138383300000033392E3945
:1098E000362E31302E3235300000000041542B51DD
:1098F000494F50454E3D312C302C22544350222CA0
:10990000222573222C25732C302C310D0A000000E7
:109910006806002066060020840122426B060020B3
:10992000690600206A0600200CA500206C060020B5
:1099300098A0002041542B43474D4D0D0A000000D4
:109940004543323000000000700600206E06002003
:109950007206002041540D0A000000004F4B000029
:10996000740600207306002041542B4350494E3F9B
:109970000D0A0000524541445900000041542B4358
:109980005245473F0D0A00002C3100002C350000E5
:1099900041542B43475245473F0D0A00F8A003F0BE
:1099A000B3FB0920FE49087099E1AFF25001FD4870
:1099B0000BF0D5FA40B10A20F94908700020FA49A5
:1099C0000880FA4908701CE0F7480088401CF649F6
:1099D000088008460088B0F5967F12DD00200880D8
:1099E0000820EF490870F1480078401CEF490870E2
:1099F00008460078052804DD00200870EE20E849BC
:109A000008706CE14FF40071E6480BF0CBFB0C21C1
:109A1000E7A003F079FB0B20E14908705FE1AFF2AA
:109A2000C401E0480BF09BFA40B11020DC490870FB
:109A30000020DD490880DD4908702AE0E0A1D9480E
:109A40000BF08DFA40B10C20D54908700020D649A2
:109A50000880D64908701CE0D3480088401CD249D1
:109A6000088008460088B0F5967F12DD0020088047
:109A70000A20CB490870CD480078401CCB490870BB
:109A800008460078052804DD00200870EE20C4494F
:109A9000087024E14FF40071C2480BF083FB0E21E3
:109AA000C9A003F031FB0D20BD49087017E1AFF2EA
:109AB0005411BC480BF053FA40B10220B849087069
:109AC0000020B9490880B94908701CE0B6480088F0
:109AD000401CB549088008460088B0F5967F12DD25
:109AE000002008800C20AE490870B0480078401C67
:109AF000AE49087008460078052804DD002008708B
:109B0000EE20A7490870EAE04FF40071A5480BF079
:109B100049FB0B21B0A003F0F7FA1120A04908700F
:109B2000DDE0AFF2C8119F480BF019FA40B10020F8
:109B30009E4908709C4908801220994908701BE0D2
:109B400099480088401C9849088008460088642885
:109B500012DD002008801020914908709348007899
:109B6000401C9249087008460078032804DD002054
:109B70000870EE208A490870B1E04FF400718948FE
:109B80000BF010FB212197A003F0BEFA13208449AB
:109B90000870A4E0AFF23C2182480BF0E0F940B13C
:109BA0000020824908708049088018207C4908708C
:109BB0001BE07D480088401C7B49088008460088DF
:109BC000642812DD0020088012207549087077484B
:109BD0000078401C7549087008460078032804DDA9
:109BE00000200870EE206E49087078E019206C495A
:109BF000087074E020206A49087070E04FF400712A
:109C000068480BF0CFFA80480BF0DFF9054629468B
:109C10007D4803F079FA2120614908705FE07BA15B
:109C200060480BF09CF940B100205D4908705E4926
:109C300008805E490870FF2070BD78A159480BF07C
:109C40008EF960B10E2178A003F05EFA002056492B
:109C5000088056490870EE20514908701CE05248AF
:109C60000088401C5049088008460088B0F5967F5F
:109C700012DD002008802020494908704B480078F8
:109C8000401C4A49087008460078052804DD002079
:109C90000870EE204249087021E06748007820B142
:109CA00001280BD0022818D111E0FFF777FC0446F9
:109CB000FF2C02D10120604908700EE0FFF732FC52
:109CC0000446FF2C02D102205B49087005E0002009
:109CD000334908705849087000BF00BF00BF00BF7B
:109CE0000020A9E755487047554870475548007807
:109CF0007047554870475548704700215448407890
:109D0000022804D12D20534A5054481CC1B2504857
:109D10008078504A5054481CC1B24D48C0785054C5
:109D2000481CC1B22E205054481CC1B2484800798A
:109D30005054481CC1B2464840795054481CC1B2E6
:109D400010467047002142480078022804D12D2097
:109D5000414A5054481CC1B23D48007B3E4A5054D1
:109D6000481CC1B23A48407B5054481CC1B23848E4
:109D7000807B5054481CC1B22E205054481C6DE0CA
:109D800041542B5149435347503D312C312C2243F0
:109D90004D494F54222C22222C22222C310D0A0014
:109DA0007206002098A00020740600207306002090
:109DB00041542B51494143543D310D0A00000000EC
:109DC0004552524F5200000041542B5149444541E5
:109DD00043543D310D0A000041542B43545A553D24
:109DE000330D0A0041542B514E54503D312C223238
:109DF00030322E3131322E31302E3336222C313268
:109E0000332C310D0A000000A7A400202B51494F2C
:109E100050454E3A20302C30000000002B51494F65
:109E200050454E3A20302C0041542B5149434C4F61
:109E300053453D300D0A00007606002098A400200E
:109E4000C1050020C0050020D0050020DF0500204E
:109E500088050020F805002002060020C1B2FD4858
:109E6000C07B5054481CC1B2FA48007C5054481C76
:109E7000C1B2104670472DE9F041074688460024DC
:109E8000F5480078E8B9F5A1F6480BF068F8044603
:109E9000B4B1AFF2C00120460BF061F8851CF2A10D
:109EA000F0480BF05CF8044654B104F109000BF0E3
:109EB00049F886B23146284607F0C5FD00BF00BF0D
:109EC00000BF00BF0020BDE8F081002070470020E7
:109ED000E8490860704710B50024E64800684EF66F
:109EE0006021884205D2E3480068401CE1490860CF
:109EF00088E0E148007830B1012814D0022871D000
:109F000003287ED172E00020DC4908704FF4007114
:109F1000D4480BF047F90821D9A003F0F5F8012047
:109F2000D54908706DE0AFF2CC51CE480BF017F870
:109F300028B3D6A1CB480BF012F80446B4B10F21D8
:109F4000D4480BF02FF9A41D02222146D148F9F77D
:109F5000AFF92078322802DB2078382803DD002092
:109F6000CD49087002E00120CB4908700220C249A7
:109F700008700020C9490880C949087030E0C9A1AB
:109F8000B8480AF0ECFF60B10020BB490870B9493D
:109F90000860C2490880C24908700120B7490870AA
:109FA0001EE0BE480088401CBC4908800846008866
:109FB000642815DD00200880AF490870B848007893
:109FC000401CB749087008460078032808DD0020C7
:109FD0000870A9490870A74908600120A7490870BE
:109FE0000FE0FFE70320A44908700AE00020AC4915
:109FF0000870A14908709F49086001209F490870B6
:10A0000000BF00BF10BD10B5044654222146A84829
:10A01000F9F74EF92046FAF736FFFF2010BD70B56C
:10A0200006460D46A34880680A2801D1002070BD6D
:10A030004FF44370F9F723FA04460CB90020F6E711
:10A0400025812A46314604F10A00F9F731F9994889
:10A05000006850B900206060206096480460446049
:10A060008068401C934988600DE000206060914842
:10A07000406844608F48406820608E484460806833
:10A08000401C8C498860FF20D1E78A48006808B9E5
:10A0900000207047874800680830FAE710B5854807
:10A0A000006808B9002010BD824804680068406854
:10A0B00020B100207F490968496808607D48006830
:10A0C00040687C49086008468068401E88602046D9
:10A0D000F9F7C5F9FF20E6E710B56848007800B940
:10A0E00010BD75480078032859D005DC48B1012817
:10A0F00013D0022877D131E0042866D0EE28F9D1B8
:10A1000083E0FFF7C2FF6D4908600846006800B9A8
:10A11000E6E701206849087080E04FF4007151487B
:10A120000BF040F84FF4007165480BF03BF840210C
:10A1300064480BF059F861480068028862A16148E0
:10A140000AF078FD5F480AF040FF044621465D486A
:10A1500002F0DAFF0220584908705FE05FA1414831
:10A160000AF0FDFE40B103205349087000205C490D
:10A1700008705C49088011E05A480088642805DAB4
:10A1800058480088401C5749088007E0002055497E
:10A190000880534908700320474908703EE04FF497
:10A1A000007130480AF0FEFF4FF4007144480AF095
:10A1B000F9FF42480068018840480068801C02F0AE
:10A1C000A3FF04203C49087028E047A125480AF075
:10A1D000C6FE48B1EE20384908700020404908709A
:10A1E0004049088010E016E03E480088642805DAFF
:10A1F0003C480088401C3B49088005E00020394964
:10A200000880EE202C49087008E0FFF747FF002087
:10A210002949087000BF00BF00BF00BF00BF00BFDA
:10A220005EE770B504460D4629462046FFF7F7FE67
:10A23000FF2070BD30B585B000242D48006841F284
:10A240007071884256D22A480068401C284908602C
:10A25000DEE1000088050020770600202B514955DB
:10A2600052433A0098A000202272656376222C3077
:10A270002C00000060060020780600206406002004
:10A2800041542B4353510D0A000000002B435351FE
:10A290003A200000C1050020C00500207A060020F9
:10A2A000790600202B434D45204552524F523A002B
:10A2B0000C06002038A500207C0600208006002027
:10A2C0009888002044A5002041542B514953454E05
:10A2D000443D302C25640D0A000000003E000000C3
:10A2E0007D0600207E06002053454E44204F4B0043
:10A2F00088060020CE48007830B1012814D002280A
:10A300007ED003287DD128E10020CA4908704FF48F
:10A310000071C9480AF046FF0A21C8A002F0F4FE05
:10A320000120C349087072E1AFF6D011C2480AF0AB
:10A3300016FE002866D0C4A1BF480AF010FE0446ED
:10A34000002C7DD00834607830382178303901EB2A
:10A35000810100EB4100642190FBF1F201FB12004E
:10A3600000F5FA6080B2ADF80C00BDF80C0040F6C4
:10A37000330188420DDD0020B6490880B6490870D7
:10A38000AB490870B54908600120AA49087005B0BA
:10A3900030BDE41C607830382178303901EB810120
:10A3A00000EB4100C0B28DF80E009DF80E000C28A5
:10A3B0000CDD0020A7490880A74908709C49087057
:10A3C000A649086001209B490870E0E7E41C60781A
:10A3D00030382178303901EB810100EB4100C0B207
:10A3E0008DF80F009DF80F001F2810DD00209949FF
:10A3F0000880994908708E4908709849086002E001
:10A400009DE003E186E001208A490870BFE7E41C73
:10A41000607830382178303901EB810100EB410060
:10A42000C0B28DF810009DF8100017280EDD002036
:10A4300088490880884908707D490870874900E08C
:10A440005FE0086001207B490870A0E7E41C6078A9
:10A4500030382178303901EB810100EB4100C0B286
:10A460008DF811009DF811003B280CDD0020794982
:10A470000880794908706E490870784908600120A1
:10A480006C49087083E7E41C6078303821783039F3
:10A4900001EB810100EB41003C2190FBF1F201FB5B
:10A4A0001200C0B28DF812009DF812003B280CDD9E
:10A4B000002068490880684908705D49087067494C
:10A4C000086001205B49087061E703A807F0C5FC3C
:10A4D000BDF80C00642190FBF1F201FB1200C5B243
:10A4E0009DF812009DF811109DF81020CDE9002173
:10A4F00002909DF80F209DF80E100023284608F0CA
:10A50000F3FE00205349088053490870022048494F
:10A51000087013E04F480088401C4E4908800846E8
:10A52000008864280ADD002008804B4908704049F3
:10A5300008704A49086001203E49087067E04FF4FE
:10A5400000713D480AF02EFE0821AFF2CC2002F047
:10A55000DBFD03203649087059E0AFF6004136486C
:10A560000AF0FDFC50B3AFF2DC2133480AF0F7FCEF
:10A570000446B4B10F213A480AF014FEA41D022289
:10A5800021463748F8F794FE2078322802DB2078FD
:10A59000382803DD00203349087002E001203149EA
:10A5A00008700020224908702C4908602949088059
:10A5B0002949087001201F49087026E0AFF21C31BC
:10A5C0001D480AF0CCFC60B10020194908702349ED
:10A5D000086020490880204908700120154908704A
:10A5E00013E01C480088401C1A490880084600886F
:10A5F00064280ADD00200880174908700C4908709B
:10A600001649086001200B49087000E000BF00BF38
:10A6100000BFBCE610B500F022F900B110BD02F099
:10A6200070FE08B1FFF706FEFFF756FD00BFF5E725
:10A63000840600206406002098A0002041542B438B
:10A64000434C4B3F0D0A00002B43434C4B3A202216
:10A6500000000000860600208506002088060020F5
:10A66000C1050020C0050020F648007A7047F54873
:10A670000078704710B50446F248406838B1F14898
:10A680004068A04205D06A20EE49486001E0ED48EC
:10A690004460EC49486808F083FF10BD10B5EA48F3
:10A6A000006808B9002010BDE748046800684068E9
:10A6B00020B10020E449096849680860E248006860
:10A6C0004068E149086008468068401E886020466E
:10A6D000F8F7C5FEFF20E6E72DE9F04705460E46F0
:10A6E00017469846D8488068202801D1FFF7D6FF42
:10A6F0002420F8F7C4FE044614B90020BDE8F08712
:10A7000030460AF062FC81464A46314604F10800B0
:10A71000F8F7CEFD6561A761C4F81C8001212162B4
:10A72000C948006850B9002060602060C6480460D5
:10A7300044608068401CC44988600DE0002060606F
:10A74000C14840684460C04840682060BE484460DA
:10A750008068401CBC498860FF20CFE70246BA48A9
:10A76000016805E04869904201D1086A704749686C
:10A770000029F7D140F22F10F8E70246B2480168ED
:10A7800005E04869904201D10846704749680029B0
:10A79000F7D10020F9E70246AB4B186804E04369A3
:10A7A000934200D1016240680028F8D17047A74861
:10A7B00070470120A64981F8980070470020A449FD
:10A7C00081F8980070470021A14A116151614FF44E
:10A7D000FA601146A1F884000020A1F8860081F8F3
:10A7E000800000219160D1604FF4FA601146A1F819
:10A7F00082000020A1F896004EF27860A1F88E0049
:10A800000020A1F89000012081F89800704710B551
:10A8100002460B4600210AE08E4800EBC10411CC31
:10A8200050405C40204300D110BD481CC1B22029DB
:10A83000F2DB88480838C478083000EBC4000CC04C
:10A8400084480838C078401C824C083CE0702046A0
:10A85000C078202801D10020E070FF20E4E77C4888
:10A8600090F8810070477A4890F88000704710B5E2
:10A8700004460020784908807849087078480068C4
:10A8800018B177480068F8F7EAFD7548046010BD14
:10A8900001207449087070470020724908707047A1
:10A8A00070480078704730B50346002014E0141A51
:10A8B000641E0C5D6C4D05EB1414247803F81040F5
:10A8C000141A641E0C5D04F00F042C5D012505EBC9
:10A8D00040055C55441CE0B29042E8DB30BD30B529
:10A8E0000346002010E00C5C5F4D05EB1414247847
:10A8F00003F810400C5C04F00F042C5D012505EBFF
:10A9000040055C55441CE0B29042ECDB30BD30B5F4
:10A910000346002014E0141A641E0C5D524D05EB32
:10A920001414247803F81040141A641E0C5D04F00B
:10A930000F042C5D012505EB40055C55441CE0B27D
:10A940009042E8DB30BD01462F2906DD3A2904DAC2
:10A95000A1F13000C2B210467047602906DD6729B8
:10A9600004DAA1F15700C2B21046F5E7402906DD2E
:10A97000472904DAA1F13700C2B21046ECE7FF2004
:10A98000EAE7F0B504460E461546002313E000271B
:10A99000012101EB4301605CFFF7D5FF074614F886
:10A9A0001300FFF7D0FF47EA0010C7B2681EC01AB5
:10A9B0003754581CC3B2AB42E9DBF0BDF0B50446D6
:10A9C0000D461646002311E00027012101EB43014B
:10A9D000605CFFF7B8FF074614F81300FFF7B3FFFA
:10A9E00047EA0010C7B2EF54581CC3B2B342EBDBC6
:10A9F000F0BD10B5FDF743F818B901201149086002
:10AA000002E000200F49086010BD10B50F48FAF7AA
:10AA1000BEF90E482030FAF7C5F9FAF7CEF948B179
:10AA20000A4820300AF0D1FAC4B221460748203043
:10AA300008F0B0FF054809F00AF8FAF7D6F901491D
:10AA4000886010BD30A7002064A70020E406002025
:10AA500088A5002030A60020900600209206002045
:10AA600094060020040800204C8301081CB502F065
:10AA7000FAFBFE480090FE480190684602F0A4FEF2
:10AA8000FFF7C3FF1CBD2DE9F04104F0F8F90746BC
:10AA90000022F84BF8A1384604F077F9F84AF9A1FA
:10AAA000384604F0A5F9F64A1032F8A1384604F009
:10AAB0009FF9F34A2032F7A1384604F099F9F0499A
:10AAC000083908680CF05DFF05462A460B46F4A1DC
:10AAD000384604F05AF9EA49083948680CF051FF41
:10AAE00005462A460B46EFA1384604F04EF90022EF
:10AAF000EE4BEFA1384604F048F9384603F019FF51
:10AB0000044624B9384602F095FEBDE8F08120786D
:10AB10007B2806D0384602F08DFE2046F8F79FFCD1
:10AB2000F3E720460AF051FA0546F8F7A8FCE24997
:10AB300008600846006830B9384602F07BFE2046BF
:10AB4000F8F78DFCE1E75020F8F799FCDB49086045
:10AB50000846006850B9384602F06CFE2046F8F707
:10AB60007EFCD5480068F8F77AFCCEE70020D34990
:10AB700009680870D1490968887006F0F7F8CF496C
:10AB8000096888800020CD49096848700C20CB49AD
:10AB90000968C8800C22CAA1C84800680830F8F7C4
:10ABA00087FB20460AF011FAC4490968A1F8480059
:10ABB000C1480068C1490968C86420460AF005FA1E
:10ABC0000546BE4909682A46C86C2146F8F770FB5D
:10ABD000BA48006807F0ECF8B7480068F8F73FFC9F
:10ABE000B6480068F8F73BFC2046F8F738FC3846D2
:10ABF00002F020FE00BF88E72DE9F04104F03FF9A4
:10AC0000804604F03CF907460022B14B9AA1404629
:10AC100004F0BBF89A4A9BA1404604F0E9F8984A30
:10AC200010329AA1404604F0E3F8954A203299A1E7
:10AC3000404604F0DDF89249083908680CF0A1FE9E
:10AC400005462A460B4696A1404604F09EF88C49DC
:10AC5000083948680CF095FE05462A460B4691A136
:10AC6000404604F092F83A469AA1404603F09BFF12
:10AC70009A4908680CF085FE05462A460B4698A1BD
:10AC8000384604F082F8954948680CF07AFE05468B
:10AC90002A460B4695A1384604F077F88F49886814
:10ACA0000CF06FFE05462A460B4694A1384604F088
:10ACB0006CF8404603F03DFE044624B9404602F0DD
:10ACC000B9FDBDE8F08120787B2806D0404602F02F
:10ACD000B1FD2046F8F7C3FBF3E720460AF075F90B
:10ACE0000546F8F7CCFB884908600846006830B98B
:10ACF000404602F09FFD2046F8F7B1FBE1E7502007
:10AD0000F8F7BDFB814908600846006850B9404625
:10AD100002F090FD2046F8F7A2FB7B480068F8F7A8
:10AD20009EFBCEE7002079490968087077490968D9
:10AD3000887006F01BF875490968888000207349FF
:10AD4000096848700C2071490968C8800C225CA110
:10AD50006E4800680830F8F7ABFA20460AF035F97B
:10AD60006A490968A1F848006748006867490968A6
:10AD7000C86420460AF029F90546644909682A464C
:10AD8000C86C2146F8F794FA6048006807F010F89C
:10AD90005D480068F8F763FB5C480068F8F75FFB04
:10ADA0002046F8F75CFB404602F044FD00BF88E710
:10ADB00010B557480088B0F5FA6F05DA5448008896
:10ADC000401C5349088012E0002051490880514836
:10ADD000007810B9FFF757FE01E0FFF70DFF4D486F
:10ADE000007808B9012000E000204A49087010BD31
:10ADF0002DE9F047054604F042F8814604F03FF89B
:10AE000080460022444B1CA1484603F0BEFF1C4A6A
:10AE10001CA1484603F0ECFF194A10321BA148461A
:10AE200003F0E6FF164A20321AA1484603F0E0FF7D
:10AE30001349083908680CF0A4FD064632460B4653
:10AE400017A1484603F0A1FF0D49083948680CF0E6
:10AE500098FD064632460B4612A1484603F095FF80
:10AE60002A462EA1484603F0C3FF59E07F3400086C
:10AE70005F34000800408F40636D64496400000047
:10AE8000C40600206272616E640000006D6F64652C
:10AE90006C00000064657669636549640000000029
:10AEA000726F7700636F6C756D6E00000000F03F8D
:10AEB0006D61636E6F0000000C0800200808002020
:10AEC0007465726D696E616C5F6D73670000000080
:10AED00000488F40646174610000000030A70020CA
:10AEE000646F6F722073746174650000737973749A
:10AEF000656D2073746174650000000073746F7277
:10AF00006520737461746500140800201008002027
:10AF1000180800201A08002000588F4074730000A1
:10AF20004246AFF25001484603F03DFEF84908683A
:10AF30000CF027FD064632460B46AFF25C01404658
:10AF400003F023FFF24948680CF01BFD0646324629
:10AF50000B46AFF26801404603F017FFEC498868E2
:10AF60000CF00FFD064632460B46AFF2700140462C
:10AF700003F00BFF484603F0DCFC044624B94846C6
:10AF800002F058FCBDE8F08720787B2806D04846C0
:10AF900002F050FC2046F8F762FAF3E720460AF088
:10AFA00014F80646F8F76BFADA49086008460068B4
:10AFB00030B9484602F03EFC2046F8F750FAE1E787
:10AFC0005020F8F75CFAD44908600846006850B988
:10AFD000484602F02FFC2046F8F741FACD480068B9
:10AFE000F8F73DFACEE70120CB4909680870002048
:10AFF000C94909688870C8490968C87005F0B6FE73
:10B00000C549096888800020C349096848700C2038
:10B01000C1490968C8800C22AFF25C11BE480068C3
:10B020000830F8F745F9BC480068083008B900BF97
:10B0300000BF204609F0C9FFB7490968A1F84800D8
:10B04000B4480068B4490968C864204609F0BDFFE7
:10B050000646B14909683246C86C2146F8F728F916
:10B06000AD48006806F0A4FEAB48006800780128EF
:10B0700008D0A8480068F8F7F2F9A7480068F8F780
:10B08000EEF911E00120A44909688870A24800681F
:10B0900006F0D8F9FF2807D19E480068F8F7DFF9D5
:10B0A0009D480068F8F7DBF92046F8F7D8F94846DC
:10B0B00002F0C0FB00BF65E770B50546002400261E
:10B0C000AFF24021284603F0D4FC044604B970BD19
:10B0D000924920690AF0B0F800B1F8E7AFF25421C4
:10B0E000284603F0C6FC044604B9F0E78B4910314A
:10B0F00020690AF0A1F800B1E9E7AFF2682128461B
:10B1000003F0B7FC044604B9E1E784492031206923
:10B110000AF092F800B1DAE7AFF20021284603F016
:10B12000A8FC044604B9D2E726693046FFF760FE62
:10B1300000BFCCE72DE9F041054603F0A0FE06462E
:10B140000022774BAFF2D021304603F01EFE734A47
:10B15000AFF2D021304603F04BFE704A1032AFF20E
:10B16000D421304603F044FE6C4A2032AFF2DC2199
:10B17000304603F03DFE00226A4B6BA1304603F0DF
:10B1800004FE6BA26CA1304603F032FE2A46AFF2F9
:10B190007421304603F02CFE304603F0CAFB04460F
:10B1A00024B9304602F046FBBDE8F08120787B28C8
:10B1B00006D0304602F03EFB2046F8F750F9F3E7A0
:10B1C000204609F002FF0746F8F759F95B49086085
:10B1D0000846006830B9304602F02CFB2046F8F7EC
:10B1E0003EF9E1E75020F8F74AF95549086008466A
:10B1F000006850B9304602F01DFB2046F8F72FF9E1
:10B200004E480068F8F72BF9CEE701204C49096851
:10B21000087000204A490968887049490968C8705F
:10B2200005F0A4FD46490968888000204449096862
:10B2300048700C2042490968C8800C22AFF2803166
:10B240003F4800680830F8F733F83D480068083098
:10B2500008B900BF00BF204609F0B7FE38490968A9
:10B26000A1F848003548006835490968C864204697
:10B2700009F0ABFE0746324909683A46C86C2146D8
:10B28000F8F716F82E48006806F092FD2C48006882
:10B290000078012808D029480068F8F7E0F8284825
:10B2A0000068F8F7DCF811E001202549096888708A
:10B2B0002348006806F0C6F8FF2807D11F48006839
:10B2C000F8F7CDF81E480068F8F7C9F82046F8F7F7
:10B2D000C6F8304602F0AEFA00BF65E770B5054625
:10B2E00000240026AFF26441284603F0C2FB044666
:10B2F00004B970BD0949206909F09EFF00B1F8E763
:10B30000AFF27841284603F0B4FB0446D4B9F0E725
:10B3100030A70020200800201C080020C4060020C0
:10B3200000688F400000F03F666C6167000000001D
:10B3300073756363657373006D736700280800207D
:10B3400024080020FE49206909F076FF00B1D0E70B
:10B35000AFF2C041284603F08CFB044604B9C8E7AD
:10B36000F7491031206909F067FF00B1C1E7AFF27A
:10B370007441284603F07DFB044604B9B9E7F1495E
:10B38000606988600846806830B10120F9F719FDCE
:10B39000032008F052FA0CE00020F9F712FDF9F74B
:10B3A0000CFD18B1052008F048FA02E0042008F06E
:10B3B00044FAAFF29841284603F05BFB044604B917
:10B3C00097E726693046FFF7B5FE00BF91E72DE904
:10B3D000F04705460E46914603F051FD8246002295
:10B3E000D94BAFF26C51504603F0CFFCD44A103A1F
:10B3F000AFF27051504603F0FBFCD14AAFF27451EA
:10B40000504603F0F5FCCE4A1032AFF27851504668
:10B4100003F0EEFC30460CF0B4FA07463A460B4611
:10B42000CAA1504603F0B1FC4A46CAA1504603F0F7
:10B43000DFFC0022C94BAFF21011504603F0A5FC0F
:10B44000AFF21412AFF21011504603F0D1FC2A46AD
:10B45000AFF23851504603F0CBFC504603F069FA86
:10B46000044624B9504602F0E5F9BDE8F08720789B
:10B470007B2806D0504602F0DDF92046F7F7EFFFB3
:10B48000F3E7204609F0A1FD0746F7F7F8FFB449B6
:10B4900008600846006830B9504602F0CBF92046F3
:10B4A000F7F7DDFFE1E75020F7F7E9FFAD49086066
:10B4B0000846006850B9504602F0BCF92046F7F73C
:10B4C000CEFFA7480068F7F7CAFFCEE70120A549DD
:10B4D000096808700020A34909688870A1490968B3
:10B4E000C87005F043FC9F490968888000209D4989
:10B4F000096848700C209B490968C8800C22AFF28B
:10B500004061984800680830F7F7D2FE9548006817
:10B51000083008B900BF00BF204609F056FD914928
:10B520000968A1F848008E4800688E490968C86417
:10B53000204609F04AFD07468A4909683A46C86C20
:10B540002146F7F7B5FE8748006806F031FC8548CC
:10B5500000680078012808D081480068F7F77FFF6D
:10B5600080480068F7F77BFF11E001207D490968FA
:10B5700088707C48006805F065FFFF2807D178488F
:10B580000068F7F76CFF77480068F7F768FF204618
:10B59000F7F765FF504602F04DF900BF65E72DE96A
:10B5A000F04387B080460027B946AFF22871404685
:10B5B00003F05FFA6C4908600846006810B907B0EC
:10B5C000BDE8F0836849096808695D49103909F0E8
:10B5D00033FE00B1F3E7AFF24C71404603F049FA95
:10B5E000614908600846006800B9E8E75E490968F3
:10B5F0000869534909F020FE00B1E0E7AFF26C7131
:10B60000404603F036FA584908600846006800B919
:10B61000D5E75549096808694949103109F00CFE18
:10B6200000B1CCE749A1404603F023FA4E49086037
:10B630000846006800B9C2E74B48006844692046E4
:10B64000F9F74CFE00B1BAE742A1404603F011FA07
:10B65000454908600846006800B9B0E742480068FC
:10B66000076942A1404603F004FA414908600846D0
:10B67000006800B9A3E7AFF2D8713D48006803F055
:10B68000F8F9394908600846006800B997E7364874
:10B6900000684569AFF2F4713548006803F0E9F9D4
:10B6A000314908600846006800B988E72E480068FC
:10B6B0004669721E691EAFF621732046F8F719FE1F
:10B6C000384608F009F8062008F0B7F80294039508
:10B6D000049601200590684606F0A6FB6846F9F737
:10B6E00047FEAFF2C871404603F0C3F91E49086037
:10B6F0000846006800B962E71B480068D0F810905F
:10B700003A4621464846FFF762FE00BF57E72DE95B
:10B71000F041054603F0B3FB06460022154BAFF699
:10B72000A801304603F031FB054A103AAFF6AC01F0
:10B73000304603F05DFB024AAFF6B00130461BE035
:10B74000D406002030A7002000788F40636F646526
:10B75000000000006F726465724964000000F03FF1
:10B76000300800202C080020340800207661720088
:10B770003808002000888F4003F03AFBF74AAFF604
:10B78000EC01304603F034FB0022F54BAFF2684188
:10B79000304603F0FAFAAFF26842AFF26441304645
:10B7A00003F026FB2A46AFF68C01304603F020FB5F
:10B7B000304603F0BEF8044624B9304602F03AF8A9
:10B7C000BDE8F08120787B2806D0304602F032F8C0
:10B7D0002046F7F744FEF3E7204609F0F6FB07465C
:10B7E000F7F74DFEDF4908600846006830B930467B
:10B7F00002F020F82046F7F732FEE1E75020F7F795
:10B800003EFED94908600846006850B9304602F04B
:10B8100011F82046F7F723FED2480068F7F71FFE1D
:10B82000CEE70120D049096808700020CE49096898
:10B830008870CD490968C87005F098FACA49096846
:10B8400088800020C849096848700C20C6490968EA
:10B85000C8800C22AFF69811C34800680830F7F78B
:10B8600027FDC1480068083008B900BF00BF204666
:10B8700009F0ABFBBC490968A1F84800B948006869
:10B88000B9490968C864204609F09FFB0746B649D4
:10B8900009683A46C86C2146F7F70AFDB2480068C5
:10B8A00006F086FAB04800680078012808D0AD4854
:10B8B0000068F7F7D4FDAC480068F7F7D0FD11E059
:10B8C0000120A94909688870A748006805F0BAFDF9
:10B8D000FF2807D1A3480068F7F7C1FDA248006818
:10B8E000F7F7BDFD2046F7F7BAFD304601F0A2FF9D
:10B8F00000BF65E770B505460026AFF678212846FB
:10B9000003F0B7F8994908600846006800B970BDAF
:10B910009649096808699149203909F08DFC00B100
:10B92000F5E7AFF69821284603F0A3F88F490860A1
:10B930000846006800B9EAE78C4909680869874940
:10B94000103909F079FC00B1E1E7AFF6B8212846DB
:10B9500003F08FF8854908600846006800B9D6E70B
:10B960008249096808697D4909F066FC00B1CEE7A3
:10B970007FA1284603F07DF87C49086008460068EE
:10B9800000B9C4E779480068446914B1FCF786F847
:10B9900001E0FCF787F8AFF67C21284603F069F850
:10B9A000724908600846006800B9B0E76F4800684F
:10B9B00006693046FFF7ABFE00BFA8E72DE9F05F50
:10B9C00005460E46914603F05AFA824600226B4B1A
:10B9D000AFF65C31504603F0D8F9604A203AAFF632
:10B9E0005C31504603F004FA5C4A103AAFF6643119
:10B9F000504603F0FDF9594AAFF66831504603F05E
:10BA0000F7F930460BF0BDFF07463A460B46AFF25A
:10BA1000C421504603F0B9F94A46AFF2C821504656
:10BA200003F0E6F93046F9F770FC834658460BF010
:10BA3000A8FF07463A460B4651A1504603F0A5F928
:10BA40002A46AFF62831504603F0D2F9504602F0AC
:10BA500070FF044624B9504601F0ECFEBDE8F09FAB
:10BA600020787B2806D0504601F0E4FE2046F7F708
:10BA7000F6FCF3E7204609F0A8FA0746F7F7FFFCC3
:10BA8000434908600846006830B9504601F0D2FECC
:10BA90002046F7F7E4FCE1E75020F7F7F0FC3D49DA
:10BAA00008600846006850B9504601F0C3FE2046C1
:10BAB000F7F7D5FC36480068F7F7D1FCCEE7012050
:10BAC0003449096808700020324909688870314992
:10BAD0000968C87005F04AF92E4909688880002075
:10BAE0002C49096848700C202A490968C8800C2232
:10BAF000AFF63441274800680830F7F7D9FB2548EE
:10BB00000068083008B900BF00BF204609F05DFAA0
:10BB100020490968A1F848001D4800681D490968C6
:10BB2000C864204609F051FA07461A4909683A469E
:10BB3000C86C2146F7F7BCFB1648006806F038F9D8
:10BB4000144800680078012826D011480068F7F7EB
:10BB500086FC10480068F7F782FC2FE0E40600201E
:10BB60000000F03F400800203C080020440800206E
:10BB7000646F6F727374617465000000005C9140C3
:10BB8000736869706D656E7420737461746500000C
:10BB90004C080020480800200120F84909688870F6
:10BBA000F648006805F04EFCFF2807D1F44800680D
:10BBB000F7F755FCF1480068F7F751FC2046F7F716
:10BBC0004EFC504601F036FE00BF47E72DE9F0413C
:10BBD000054600260027AFF65451284602F049FFDB
:10BBE000E84908600846006808B9BDE8F081E54901
:10BBF00009680869E44909F01FFB00B1F5E7AFF6F1
:10BC00007451284602F035FFDE4908600846006896
:10BC100000B9EAE7DB4909680869DB49103109F036
:10BC20000BFB00B1E1E7AFF69451284602F021FF8B
:10BC3000D44908600846006800B9D6E7D1490968C8
:10BC40000869D149203109F0F7FA00B1CDE7AFF228
:10BC50000451284602F00DFFCA49086008460068F2
:10BC600000B9C2E7C74800684469AFF218512846D6
:10BC700002F0FFFEC34908600846006800B9B4E757
:10BC8000C04800680669AFF66C51284602F0F1FE24
:10BC9000BC4908600846006800B9A6E7B9480068D2
:10BCA0000769324621463846FFF788FE00BF9CE709
:10BCB0002DE9F041054603F0E2F806460022B34BB9
:10BCC000AFF64C61304603F060F8AF4AAFF64C6116
:10BCD000304603F08DF8AC4A1032AFF65061304672
:10BCE00003F086F8A84A2032AFF65861304603F0D8
:10BCF0007FF80022A64BAFF6D011304603F045F88E
:10BD0000AFF6D412A3A1304603F072F82A46AFF67C
:10BD1000F451304603F06CF8304602F00AFE044657
:10BD200024B9304601F086FDBDE8F08120787B28FB
:10BD300006D0304601F07EFD2046F7F790FBF3E792
:10BD4000204609F042F90746F7F799FB9349086046
:10BD50000846006830B9304601F06CFD2046F7F720
:10BD60007EFBE1E75020F7F78AFB8D490860084623
:10BD7000006850B9304601F05DFD2046F7F76FFBD3
:10BD800086480068F7F76BFBCEE701208449096815
:10BD90000870002082490968887081490968C87064
:10BDA00004F0E4FF7E490968888000207C49096826
:10BDB00048700C207A490968C8800C22AFF60071DF
:10BDC000774800680830F7F773FA7548006808305C
:10BDD00008B900BF00BF204609F0F7F870490968AC
:10BDE000A1F848006D4800686D490968C86420469C
:10BDF00009F0EBF807466A4909683A46C86C2146DB
:10BE0000F7F756FA6648006805F0D2FF6448006804
:10BE10000078012808D061480068F7F720FB6048E7
:10BE20000068F7F71CFB11E001205D490968887084
:10BE30005B48006805F006FBFF2807D157480068FB
:10BE4000F7F70DFB56480068F7F709FB2046F7F7B0
:10BE500006FB304601F0EEFC00BF65E770B5044616
:10BE60000025AFF6E071204602F003FE4D49086060
:10BE70000846006800B970BD4A4909680869424926
:10BE800009F0DAF900B1F6E74749204602F0F1FD82
:10BE9000444908600846006800B9ECE74149096870
:10BEA00008693949103109F0C7F900B1E3E73E49A3
:10BEB0000831204602F0DDFD3A4908600846006876
:10BEC00000B9D8E73749096808692F49203109F0D6
:10BED000B3F900B1CFE735A1204602F0CAFD3149E0
:10BEE00008600846006800B9C5E74FF4807126482D
:10BEF000403009F079F92B490968086909F065F8BB
:10BF0000064628480068324601691F484030F7F766
:10BF1000CFF924490968086909F057F8C6B23146D3
:10BF200019484030F8F718FF2148806870B10320A5
:10BF300007F083FC1B490968086909F046F8C6B296
:10BF400031461148403007F025FD0DE0052007F08F
:10BF500074FC14490968086909F037F8C6B231461B
:10BF60000948403007F016FD12A1204602F081FD7D
:10BF70000C49086008460068F0B97CE748080020D2
:10BF80004C08002050080020C4060020006C91409E
:10BF90000000F03F6D65737361676500580800200D
:10BFA000540800205C0800208CAE000875726C00FC
:10BFB00030A7002074730000F74800680569284620
:10BFC000FFF776FE00BF56E710B5002409E02146D2
:10BFD0000020F9F797F881B2F04820F81410601C9F
:10BFE000C4B2082CF3DB0220EC49891E087010BD96
:10BFF0002DE9F041054602F042FF06460022E84BDB
:10C00000E849304602F0C1FEE74AE6490C313046C5
:10C0100002F0EEFEE44A1032E2491431304602F0FA
:10C02000E7FEE14A2032DF491C31304602F0E0FEF3
:10C030000022DE4BAFF61051304602F0A6FEAFF6FE
:10C040001052AFF2B001304602F0D2FE2A46AFF2F3
:10C050009C01304602F0CCFE304602F06AFC0446F9
:10C0600024B9304601F0E6FBBDE8F08120787B285A
:10C0700006D0304601F0DEFB2046F7F7F0F9F3E793
:10C08000204608F0A2FF0746F7F7F9F9C84908600B
:10C090000846006830B9304601F0CCFB2046F7F77F
:10C0A000DEF9E1E75020F7F7EAF9C24908600846EF
:10C0B000006850B9304601F0BDFB2046F7F7CFF9D4
:10C0C000BB480068F7F7CBF9CEE70120B94909680A
:10C0D00008700020B74909688870B6490968C870B7
:10C0E00004F044FEB349096888800020B14909681A
:10C0F00048700C20AF490968C8800C22A949483112
:10C10000AC4800680830F7F7D3F8AA480068083050
:10C1100008B900BF00BF204608F057FFA5490968CD
:10C12000A1F84800A2480068A2490968C8642046EE
:10C1300008F04BFF07469F4909683A46C86C2146FC
:10C14000F7F7B6F89B48006805F032FE994800689A
:10C150000078012808D096480068F7F780F99548DC
:10C160000068F7F77CF911E00120924909688870AE
:10C170009048006805F066F9FF2807D18C480068F0
:10C18000F7F76DF98B480068F7F769F92046F7F77C
:10C1900066F9304601F04EFB00BF65E770B5044616
:10C1A000002580490C31204602F063FC824908607A
:10C1B0000846006800B970BD7F49096808697A4976
:10C1C00009F03AF800B1F6E776491431204602F05A
:10C1D00050FC794908600846006800B9EBE77649E9
:10C1E000096808697049103109F026F800B1E2E7E2
:10C1F0006C491C31204602F03CFC6F49086008463F
:10C20000006800B9D7E76C490968086966492031B8
:10C2100009F012F800B1CEE7AFF6B021204602F0E7
:10C2200028FC664908600846006800B9C3E75D4914
:10C2300028316248006802F01CFC5F49086008462B
:10C24000006800B9B7E75C480068007D5349891E63
:10C25000887454492C315948006802F00AFC564948
:10C2600008600846006800B9A5E753480068007DEB
:10C270004A49891EC874FFF7A7FEAFF2C8212046BD
:10C2800002F0F7FB4C4908600846006800B992E7E5
:10C290004948006805692846FFF7AAFE00BF8AE7FB
:10C2A0002DE9F047054600263C48801E807C401E54
:10C2B0003A4931F81000891EC97C491E01228A4082
:10C2C000104008B1022600E0032602F0D8FD8146A6
:10C2D00000223B4B3349484602F057FD324A314970
:10C2E0000C31484602F084FD2F4A10322D4914319A
:10C2F000484602F07DFD2C4A20322A491C3148462E
:10C3000002F076FD30460BF03CFB07463A460B4602
:10C310002CA1484602F039FD2A46AFF26831484662
:10C3200002F066FD484602F004FB044624B9484684
:10C3300001F080FABDE8F08720787B2806D04846D7
:10C3400001F078FA2046F7F78AF8F3E7204608F07C
:10C350003CFE0746F7F793F81D4908600846006859
:10C3600030B9484601F066FA2046F7F778F8E1E779
:10C370005020F7F784F8174908600846006850B95C
:10C38000484601F057FA2046F7F769F81048006868
:10C39000F7F765F8CEE71FE05C08002052A7002001
:10C3A0000074914078AE0008C40600200000F03F01
:10C3B0006408002060080020680800206C08002045
:10C3C000007C91406173696C6520737461746500D1
:10C3D00074080020700800200120FE4909680870D8
:10C3E0000020FC4909688870FA490968C87004F09F
:10C3F000BDFCF849096888800020F6490968487042
:10C400000C20F4490968C8800C22F349F1480068FF
:10C410000830F6F74DFFEF480068083008B900BF54
:10C4200000BF204608F0D1FDEA490968A1F848009C
:10C43000EA480068E7490968C864204608F0C5FD75
:10C440000746E44909683A46C86C2146F6F730FFCA
:10C45000E048006805F0ACFCDE4800680078012880
:10C4600008D0DE480068F6F7FAFFDA480068F6F709
:10C47000F6FF11E00120D74909688870D5480068A7
:10C4800004F0E0FFFF2807D1D4480068F6F7E7FF83
:10C49000D0480068F6F7E3FF2046F6F7E0FF48468D
:10C4A00001F0C8F900BF45E770B504460025CA4948
:10C4B0003C39204602F0DDFAC949086008460068A8
:10C4C00000B970BDC64909680869C64908F0B4FEDC
:10C4D00000B1F6E7C0493439204602F0CAFAC04933
:10C4E00008600846006800B9EBE7BD4909680869BB
:10C4F000BC49103108F0A0FE00B1E2E7B6492C3982
:10C50000204602F0B6FAB64908600846006800B94D
:10C51000D7E7B34909680869B249203108F08CFEB1
:10C5200000B1CEE7AFF27451204602F0A2FAAC4956
:10C5300008600846006800B9C3E7A94800680569B3
:10C540002846FFF7ADFE00BFBBE72DE9F0410546E9
:10C5500002F095FC06460022A34B9F49483930461D
:10C5600002F013FC9F4A9C493C39304602F040FCE3
:10C570009C4A103298493439304602F039FC994AC5
:10C58000203295492C39304602F032FC0022974B7C
:10C590009749304602F0F9FB954A0832AFF20C6138
:10C5A000304602F025FC2A46AFF2F851304602F040
:10C5B0001FFC304602F0BDF9044624B9304601F0B4
:10C5C00039F9BDE8F08120787B2806D0304601F0AB
:10C5D00031F92046F6F743FFF3E7204608F0F5FC73
:10C5E0000746F6F74CFF834908600846006830B9F3
:10C5F000304601F01FF92046F6F731FFE1E7502001
:10C60000F6F73DFF7C4908600846006850B930469F
:10C6100001F010F92046F6F722FF76480068F6F799
:10C620001EFFCEE701207449096808700020724996
:10C630000968887070490968C87004F097FB6E49F2
:10C640000968888000206C49096848700C206A4994
:10C650000968C8800C226049674800680830F6F70E
:10C6600027FE65480068083008B900BF00BF2046B3
:10C6700008F0ABFC60490968A1F848005D48006813
:10C680005D490968C864204608F09FFC07465A497E
:10C6900009683A46C86C2146F6F70AFE5648006813
:10C6A00005F086FB544800680078012808D05148FE
:10C6B0000068F6F7D4FE50480068F6F7D0FE11E0A7
:10C6C00001204D49096888704B48006804F0BAFEA3
:10C6D000FF2807D147480068F6F7C1FE46480068C2
:10C6E000F6F7BDFE2046F6F7BAFE304601F0A2F896
:10C6F00000BF66E770B50446002537493C3920463F
:10C7000002F0B7F93D4908600846006800B970BDFD
:10C710003A4909680869334908F08EFD00B1F6E727
:10C720002D493439204602F0A4F9344908600846FE
:10C73000006800B9EBE731490968086929491031F7
:10C7400008F07AFD00B1E2E723492C39204602F0D7
:10C7500090F92A4908600846006800B9D7E72749D8
:10C76000096808691F49203108F066FD00B1CEE76D
:10C77000FFF72AFCAFF2C471204602F07AF91F4994
:10C7800008600846006800B9C1E71C4800680569F0
:10C790002846FFF7DAFE00BFB9E72DE9FC41054660
:10C7A00017A103C9CDE9000102F069FB8046002210
:10C7B000154B09494839404602F0E7FA094A06494B
:10C7C0003C39404602F014FB064A10320249343923
:10C7D00040461BE070080020C0AE0008740800202E
:10C7E00078080020C4060020008491400000F03F3B
:10C7F00028B3000884080020800800208808002052
:10C800003078303030300000008C914002F0F0FA87
:10C81000FC4AFD49404602F0EBFA2A46AFF66C01AD
:10C82000404602F0E5FAF94908780BF0C1F80646EF
:10C8300032460B46F6A1404602F0A7FA0222F3491F
:10C84000891C0DF10200FEF74AF86A46F3A1404642
:10C8500002F0CEFA0222ED49091D0DF10200FEF7A9
:10C860003EF86A46EFA1404602F0C2FA0222E749CA
:10C87000891D0DF10200FEF732F86A46EBA1404631
:10C8800002F0B6FA0222E14908310DF10200FEF78A
:10C8900026F86A46E7A1404602F0AAFA0222DB49DE
:10C8A0000A310DF10200FEF71AF86A46E3A140468C
:10C8B00002F09EFA0222D5490C310DF10200FEF77A
:10C8C0000EF86A46DFA1404602F092FA0222CF49F2
:10C8D0000E310DF10200FEF702F86A46DBA1404678
:10C8E00002F086FA0222C94910310DF10200FDF76B
:10C8F000F6FF6A46D7A1404602F07AFA404602F0B7
:10C9000018F8044624B9404600F094FFBDE8FC81C5
:10C9100020787B2806D0404600F08CFF2046F6F7B2
:10C920009EFDF3E7204608F050FB0646F6F7A7FD0C
:10C93000CA4908600846006830B9404600F07AFFEE
:10C940002046F6F78CFDE1E75020F6F798FDC44944
:10C9500008600846006850B9404600F06BFF20466A
:10C96000F6F77DFDBD480068F6F779FDCEE70120BA
:10C97000BB49096808700020B94909688870B8493E
:10C980000968C87004F0F2F9B54909688880002088
:10C99000B349096848700C20B1490968C8800C2265
:10C9A00099492C31AE4800680830F6F781FCAC4854
:10C9B0000068083008B900BF00BF204608F005FB3A
:10C9C000A7490968A1F84800A4480068A449096873
:10C9D000C864204608F0F9FA0646A14909683246BB
:10C9E000C86C2146F6F764FC9D48006805F0E0F944
:10C9F0009B4800680078012808D098480068F6F73E
:10CA00002EFD97480068F6F72AFD11E001209449B1
:10CA1000096888709248006804F014FDFF2807D167
:10CA20008E480068F6F71BFD8D480068F6F717FD85
:10CA30002046F6F714FD404600F0FCFE00BF65E717
:10CA400070B50446002570491039204602F011F8EF
:10CA5000844908600846006800B970BD81490968CA
:10CA600008696849203908F0E7FB00B1F5E7664935
:10CA70000839204601F0FDFF7A4908600846006841
:10CA800000B9EAE77749096808695E49103908F092
:10CA9000D3FB00B1E1E75C49204601F0EAFF7149B0
:10CAA00008600846006800B9D7E76E490968086958
:10CAB000544908F0C1FB00B1CFE7AFF6083120467A
:10CAC00001F0D7FF674908600846006800B9C4E76D
:10CAD0006448006805692846FFF75FFE00BFBCE7B1
:10CAE0002DE9FC5F81460C46002602F0C8F983461A
:10CAF00000225D4B44491C39584602F046F9414A30
:10CB0000203A41491039584602F072F93D4A103A2C
:10CB10003D490839584602F06BF93A4A3A495846B5
:10CB200002F066F90022514B5149584602F02DF9A6
:10CB30004F4A083202F10801584602F059F94A46B4
:10CB4000AFF69031584602F053F9207830384FF460
:10CB50007A7148436178303901EBC10202EB01116F
:10CB600000EB8101A078303800EB800001EB400140
:10CB7000E0783038084480B2ADF800006079303891
:10CB80002179303901EB810100EB4100C0B28DF811
:10CB90000200E0793038A179303901EB810100EBF6
:10CBA0004100C0B28DF8030000208DF804008DF81C
:10CBB00005008DF8060031466846F8F7BBFC824652
:10CBC0000AEB4A10F6F75BFC064626B1314668468A
:10CBD000F8F7B0FC8246324626A1584602F008F922
:10CBE00050460AF0CEFE07463A460B4622A158466A
:10CBF00002F0CBF8584601F09CFE05460DB95846A8
:10CC00003EE041E0E406002094AE000850A700207A
:10CC1000636865636B20737461746500726F77205D
:10CC200031000000726F772032000000726F7720B1
:10CC300033000000726F772034000000726F77209D
:10CC400035000000726F772036000000726F772089
:10CC500037000000726F7720380000009408002031
:10CC60009008002098080020009C91400000F03FB0
:10CC700028B300086C6F67006C6F674E756D00001D
:10CC800000F0D8FDBDE8FC9F28787B2806D05846E8
:10CC900000F0D0FD2846F6F7E2FBF3E7284608F05F
:10CCA00094F90746F6F7EBFBFA4908600846006876
:10CCB00030B9584600F0BEFD2846F6F7D0FBE1E754
:10CCC0005020F6F7DCFBF44908600846006850B9CC
:10CCD000584600F0AFFD2846F6F7C1FBED48006866
:10CCE000F6F7BDFBCEE70120EB490968087000208C
:10CCF000E94909688870E8490968C87004F036F89D
:10CD0000E549096888800020E349096848700C20DB
:10CD1000E1490968C8800C22E049DF480068083012
:10CD2000F6F7C6FADC480068083008B900BF00BF53
:10CD3000284608F04AF9D8490968A1F84800D548BA
:10CD40000068D5490968C864284608F03EF90746D6
:10CD5000D14909683A46C86C2946F6F7A9FACE487F
:10CD6000006805F025F8CC4800680078012808D054
:10CD7000C8480068F6F773FBC7480068F6F76FFB12
:10CD800011E00120C44909688870C348006804F0B4
:10CD900059FBFF2807D1BF480068F6F760FBBE4883
:10CDA0000068F6F75CFB2846F6F759FB584600F09A
:10CDB00041FD00BF66E72DE9F0410546002400264D
:10CDC0000027B6493C39284601F053FE04460CB909
:10CDD000BDE8F081B249206908F02EFA00B1F7E70A
:10CDE000AE493439284601F044FE044604B9EFE761
:10CDF000AB491031206908F01FFA00B1E8E7A749F4
:10CE00002C39284601F035FE044604B9E0E7A44970
:10CE10002031206908F010FA00B1D9E7A1A1284615
:10CE200001F027FE044604B9D2E72769AFF67C611A
:10CE3000284601F01EFE044604B9C9E726693946B2
:10CE40003046FFF74DFE00BFC2E770B50024002555
:10CE500000F075F918B300F072F99449088000F0F9
:10CE60006EF90646F6F70BFB914908600846006824
:10CE700000B970BD8E48006800F066F98B480188E3
:10CE80008B48006800F01DFB20B989480068F6F760
:10CE9000E6FA04E086480068F6F7E1FAE9E700BF41
:10CEA000E7E710B500F046FA00F049FB00B910BD05
:10CEB00003F044FD20B900207E4981F88000F6E7A8
:10CEC000FDF776FFFDF795FD00BFF0E72DE9F04196
:10CED00000240025002600BF002700F012FA08B940
:10CEE000BDE8F081FFF7B1FF03F028FD00B9F7E7D7
:10CEF0007148007830B101280FD0022832D00328C1
:10CF00000AD1B4E004F03CFD6C49086008460068B2
:10CF100010B1012068490870B8E06848006801F065
:10CF20000EFB6749086008460068B8B15B4948399C
:10CF30006348006801F09DFD62490860084600688A
:10CF400018B903205C490870CAE75E480068808A07
:10CF50005D49088002205849087002E003205649C4
:10CF6000087093E05848008840F25A42811A904273
:10CF700047D011DC40F2EE32A0EB0201904228D003
:10CF800005DCA0F2EA30A0B102286AD119E002293A
:10CF900027D0682965D12CE006294AD004DC022973
:10CFA00037D004295DD13CE008294AD00C2958D15A
:10CFB0004FE043480068FEF77FF803203E490870C1
:10CFC00053E03F480068FEF789F903203A490870AA
:10CFD0004BE03B480068FEF7E2FA03203649087050
:10CFE00043E037480068FEF785FC032032490870AB
:10CFF0003BE033480068FEF7E9FD03202E49087046
:10D0000033E02F480068FEF729FF03202A49087003
:10D010002BE02B480068FFF7C1F803202649087071
:10D0200023E027480068FFF73FFA032022490870F1
:10D030001BE023480068FFF75DFB03201E490870D2
:10D0400013E01F480068FFF7FBFC03201A49087033
:10D050000BE01B480068FFF7AEFE0320164908707E
:10D0600003E003201449087000BF00BF0EE014481D
:10D07000006818B11248006800F0DCFB0F48006837
:10D08000F6F7EDF900200C49087000BF00BF00BFA3
:10D0900026E70000A4080020A0080020C0AE000879
:10D0A000C40600206461746500000000A808002028
:10D0B000AC08002088A50020B0080020B40800209B
:10D0C000B8080020C0080020B208002008B50121DF
:10D0D0001020F4F769FA0220ADF8000010208DF856
:10D0E000030003208DF8020069464148F3F71AFF58
:10D0F00002213F48F3F7C5FF08BD10B5FFF7E6FF73
:10D100000220FBF71FFF10BD70B504460D46AAB202
:10D1100021460220FBF79AFF70BD70B505460E460A
:10D12000144631462846FFF7EFFF00BF0220FBF709
:10D1300057FF18B12000A4F10104F7D170BD10B55C
:10D140000220FBF71FFF10BD10B504462146022048
:10D15000FBF754FF10BD2DE9F04106460F4614467B
:10D160002448007810B101283FD10FE02248046024
:10D17000304607F02AFF054629463046FFF7C4FF30
:10D1800001201C4908700020BDE8F081FFF7D7FF9F
:10D19000D8B1FFF7D4FF8046F6F771F9054695B18F
:10D1A0002846FFF7D1FF002012490870394628466B
:10D1B00007F0D5FE20B12846F6F751F9FF20E3E746
:10D1C0002846F6F74CF90020DEE70B48006828B146
:10D1D00009480068401E0849086004E0002005492D
:10D1E0000870EE20D0E70020CEE700BF00BFCBE7FD
:10D1F00000100140CC080020D00800200120FE498A
:10D200004870FE49087000204880FB48007848704C
:10D21000704710B5F948007800B910BDF74840884C
:10D220001E2809DAF5484088401CF449488002214C
:10D23000F348F3F726FF11E0F04840883C2809DA6C
:10D24000EE484088401CED4948800221EC48F3F745
:10D2500016FF03E00020E9494880087000BFDCE7C2
:10D26000E5480078704710B5FFF747FFE549E24809
:10D27000C16000218172E4490161E4494161E449EE
:10D28000C161E4490162E44981610020DA49087220
:10D290000121D948C172E1498162E1494162E14914
:10D2A000C162E1494163E1490163E149816340F2BF
:10D2B000DC51A0F84010DF49C163DF4981640021DF
:10D2C00080F84610DD49C164DD490165DD498165AD
:10D2D000DD49C165DD494165002180F84410022126
:10D2E00080F8471000214166016681660167C166CA
:10D2F000D74941674FF47A71A0F87C10D54981670E
:10D3000010BDBD484078042801DB01207047002093
:10D31000FCE710B5B84A1170507001231278C2EBC7
:10D320000214B54A083202EB840253700122B24B58
:10D330009A7010BD70B50025AF484078052829D2F5
:10D34000DFE800F003294188B200AB480078C0EB69
:10D350000011A948083010F82100D8B9A648007873
:10D36000C0EB0011A448083000EB8100006950B107
:10D37000A1490978C1EB01129F49083101EB8201F3
:10D38000086980470546FF2D04D101209A4948705D
:10D390000020888093E0984881880078C0EB0012D4
:10D3A0009548083000EB8200008F814205DA9248F0
:10D3B0008088401C9049888004E000208E49888045
:10D3C000022048707BE000248B480078C0EB0011FD
:10D3D0008948083000EB81004078B0BB864800786F
:10D3E000C0EB00118448083000EB8100C06850B1E8
:10D3F00081490978C1EB01127F49083101EB8201B3
:10D40000C86880470446FF2C0FD101207A498870F4
:10D4100003204870012178480078C0EB001276485C
:10D42000083000EB8200417013E0EE2C11D1002097
:10D430007149487008460078401C0870084600781A
:10D44000022806D10020087003E0FFE703206A49A4
:10D45000487034E0002468480078C0EB001166484A
:10D46000083000EB81008078D0B963480078C0EBC9
:10D4700000116148083000EB8100806850B15E49BE
:10D480000978C1EB01125C49083101EB820188681F
:10D4900080470446FF2C06D104205749487002E01B
:10D4A0000420554948700AE053490978C1EB01123C
:10D4B0005149083101EB82014868804700BF00BF35
:10D4C00070BD70B504460D464B488078B0B14A48EF
:10D4D0000078C0EB00114848083000EB810040693B
:10D4E00060B145480078C0EB00114348083000EBBC
:10D4F0008100294642692046904770BD0020FCE724
:10D5000070B504460D463C488078B0B13A48007882
:10D51000C0EB00113848083000EB8100806960B131
:10D5200035480078C0EB00113348083000EB81002B
:10D53000294682692046904770BD0020FCE72E48AE
:10D540008078704710B52C480078C0EB00112A484D
:10D55000083000EB8100006B50B127490978C1EB1E
:10D5600001122549083101EB8201086B804710BD8B
:10D570000020FCE710B520480078C0EB00111E48E1
:10D58000083000EB8100C06950B11B490978C1EB3C
:10D5900001121949083101EB8201C869804710BDA9
:10D5A0000020FCE710B514480078C0EB00111248C9
:10D5B000083000EB8100406B50B10F490978C1EB96
:10D5C00001120D49083101EB8201486B804710BD03
:10D5D0000020FCE710B508480078C0EB00110648B1
:10D5E000083000EB8100006AB0B303490978C1EB51
:10D5F00001120149083130E070A70020D408002052
:10D600000010014015A60008919600080996000830
:10D61000779E000823A20008A1950008F39C00084B
:10D62000E99C0008F79C0008FB9C0008459D000849
:10D63000CB9E0008ED9C0008B3040108CBF700085E
:10D6400099FA000829FC000881FE000863F7000829
:10D6500079FC0008E1F6000804E001EB8201086AA9
:10D66000804710BD0020FCE710B523480078C0EBD0
:10D6700000112148083000EB8100406A50B11E497A
:10D680000978C1EB01121C49083101EB8201486A9B
:10D69000804710BD0020FCE710B517480078C0EBAC
:10D6A00000111548083000EB8100C06A50B11249E2
:10D6B0000978C1EB01121049083101EB8201C86AF7
:10D6C000804710BD0020FCE710B50B480078C0EB88
:10D6D00000110948083000EB8100806A50B106490A
:10D6E0000978C1EB01120449083101EB8201886A13
:10D6F000804710BD0020FCE770A70020F7480068B5
:10D70000F649496808447047014609B90020704746
:10D71000087B102801D10120F9E70020F7E700B5C8
:10D7200002461046FFF7F0FF08B9002000BD10695F
:10D73000FCE708B5072003460122E9A10090EB4869
:10D7400007F078FAE94808BD70B504460D4604B103
:10D750000DB9012070BDAC4201D10020FAE705E00F
:10D76000207808B90020F5E7641C6D1C207807F0CC
:10D7700054FA0646287807F050FA8642F0D020780E
:10D7800007F04BFA0646287807F047FA301AE1E727
:10D790002DE9F04104460D460026002714B900206B
:10D7A000BDE8F081204607F010FC461C3046296891
:10D7B000884707460FB90020F2E73246214638462F
:10D7C00007F079FC3846EBE738B9C949C94A116016
:10D7D000C9495160C94991607047C549C54A11603E
:10D7E000016809B101681160C349C24A51604168CA
:10D7F00009B1416851600021BE4A91601146096833
:10D80000BB4A914207D1BB494968BB4A914202D108
:10D81000BA49B84A916000BFDEE770B504462820D7
:10D820002168884705461DB12821284607F0DCFC01
:10D83000284670BD70B50446002522E02568A08901
:10D8400000F4807020B9A06810B1A068FFF7F2FF63
:10D85000A08900F4807028B9206918B1A54A206910
:10D8600051688847A08900F4007028B9206A18B16F
:10D87000A04A206A516888479E48416820468847E8
:10D880002C46002CDAD170BD2E2070472DE9F043D4
:10D8900091B080460C4600BF00201090FFF7F4FFC7
:10D8A000814600250CB1206818B9002011B0BDE8F0
:10D8B000F08300253CE0A16820680844405D3428DE
:10D8C00020D00ADCA0F12B0009282ED2DFE800F0DE
:10D8D000202D212A2D1617181900382816D006DCFD
:10D8E000352810D036280FD037281ED10DE0392822
:10D8F0000DD045280FD0652817D10BE000BF00BF21
:10D9000000BF00BF00BF00BF00BF00BF00BF00BF1F
:10D9100000BF00BF00BFA16820680844405D0DF84B
:10D92000050003E00DF8059000E00AE000BF6D1C63
:10D930003F2D05D224B1A068284461688842BAD33B
:10D9400000BF00200DF8050010A9684609F0A8FDE9
:10D9500006460F4668461099884201D10020A5E787
:10D96000C8E90667664A674B304639460AF06EF9E1
:10D9700004D86FF00040C8F8140011E00022624B98
:10D98000304639460AF028F804D84FF00040C8F86D
:10D99000140005E03046394609F096FFC8F8140037
:10D9A0000820C8F80C00A0686A461099891A084433
:10D9B000A06001207AE770B5064614461D46504A1D
:10D9C000504B204629460AF041F903D86FF0004039
:10D9D00070610FE000224C4B2046294609F0FCFF05
:10D9E00003D84FF00040706104E02046294609F05A
:10D9F0006BFF706120462946C6E9064570BD2DE9DA
:10DA0000F04104460D46002600270CB1206810B9ED
:10DA10000020BDE8F081606828B1D4E90110884297
:10DA200001D30020F5E7B5F1004F01D30020F0E766
:10DA3000A068401C05446068A84203D3A168206820
:10DA40000844E6E7206908B10020E2E7B5F1804F1D
:10DA500007D3B5F1004F02D26FF0004702E000207B
:10DA6000D7E76F00206A60B13946226A2068904784
:10DA70000646E6B9E16920688847002060602060BA
:10DA8000C7E73846A1698847064636B9E169206884
:10DA90008847002060602060BBE72EB1A068421C70
:10DAA0003046216807F007FBE16920688847676016
:10DAB0002660A0683044ACE770B5044600250CB180
:10DAC000206800B970BDA16820684518284607F095
:10DAD0007CFAA1680844A06000BFF3E7D8080020E2
:10DAE00025692E25692E256900000000F0A7002079
:10DAF000B74A0108E0080020154B0108634B0108F4
:10DB00000000C0FFFFFFDF410000E0C12DE9F04F42
:10DB10008BB082460D464FF00009DAE90678002600
:10DB20000024FFF7B1FE83461DB900200BB0BDE80D
:10DB3000F08F002213463846414609F089FF002243
:10DB40001346CDE9000109F083FE05D0F9A104A830
:10DB500007F070F806461BE03A464346F7A104A8D2
:10DB600007F068F8064602AAF6A104A807F0CCF967
:10DB7000012806D13A464346DDE9020109F068FE74
:10DB800006D03A464346F0A104A807F053F80646EB
:10DB9000002E01DB192E01DD0020C7E7711C28468D
:10DBA000FFF72DFF8146B9F1000F01D10020BDE73D
:10DBB00000240DE004A8005D584503D12E2009F88B
:10DBC000040004E004A8005D09F8040000BF641C20
:10DBD000B442EFD3002009F80400A8683044A860DC
:10DBE0000120A3E702460023002100BF23E0505C90
:10DBF000302806DB505C392803DC505C30380344A5
:10DC000015E0505C412806DB505C462803DC505C84
:10DC1000373803440BE0505C612806DB505C662813
:10DC200003DC505C5738034401E0002070470329AF
:10DC300000D21B01491C0429D9D31846F6E72DE967
:10DC4000FF5F80468946154600240026C246002014
:10DC50000390834602900190A9EB0A00062800DA9F
:10DC600081E00AF10200FFF7BDFF0646B6F55C4F02
:10DC700003D3B6F5604F00D275E0B6F5584F29D3FF
:10DC8000B6F55C4F26D20AF10607002000900C2062
:10DC90000290A9EB0700062800DA64E038785C28D7
:10DCA00002D17878752800D05DE0B81CFFF79AFFA4
:10DCB00000900098B0F55C4F03D30098B0F5604F2A
:10DCC00000D350E0C6F30901009861F39F2000F5EE
:10DCD000803402E0062002903446802C02D20120DB
:10DCE000039018E0B4F5006F04D202200390C02026
:10DCF000019010E0B4F5803F04D203200390E020AF
:10DD0000019008E0B4F5881F04D204200390F020AD
:10DD1000019000E027E00398401E00F0FF0B0BE0AD
:10DD200004F0BF0040F08000296801F80B00A4094E
:10DD3000ABF1010000F0FF0BBBF1000FF0DC03982A
:10DD4000012804DD019820432968087003E004F0ED
:10DD50007F002968087029680398084428600298A1
:10DD600004B0BDE8F09F0020FAE72DE9F84F8046A7
:10DD70000C46A16820680844461CA1682068084435
:10DD8000451C002000900027A1682068405C2228E4
:10DD900000D0A6E04FF0000AD1460DE028785C28BC
:10DDA00009D1681C2168401A6168884200D398E054
:10DDB00009F101096D1C6D1C2068281A61688842F0
:10DDC00002D228782228E9D12068281A616888427E
:10DDD00002D22878222800D083E0A1682068084475
:10DDE000281AA0EB090A0AF10100216988470746B1
:10DDF00007B976E0009761E030785C2807D016F824
:10DE0000010B009908700098401C009056E04FF0FC
:10DE10000209A81B012800DA63E07078662819D08F
:10DE200008DC222832D02F2832D05C282FD062285C
:10DE300040D108E06E2814D0722819D074281ED062
:10DE4000752837D12BE00820009908700098401CF5
:10DE5000009030E00C20009908700098401C009061
:10DE600029E00A20009908700098401C009022E0E8
:10DE70000D20009908700098401C00901BE00920BC
:10DE8000009908700098401C009014E000BF00BF8B
:10DE90007078009908700098401C00900BE06A466A
:10DEA00029463046FFF7CBFE8146B9F1000F00D17D
:10DEB00017E000E015E000BF4E4400BFAE429BD328
:10DEC0000020009908701020C8F80C00C8F81070E5
:10DED0002068281AA060A068401CA0600120BDE84E
:10DEE000F88F17B138466169884716B12068301A33
:10DEF000A0600020F3E72DE9F04707468A4600249A
:10DF000000260025A046A146BAF1000F02D100204C
:10DF1000BDE8F087F7B903215046FFF770FD0646CC
:10DF20000EB90020F4E70AA1304607F02AF80120D4
:10DF3000EEE700006E756C6C0000000025312E319C
:10DF400035670000256C670025312E3137670000EA
:10DF5000222200003C4622E020780C2811D006DC6A
:10DF600008280DD009280FD00A2810D10AE00D2862
:10DF700009D0222802D05C2809D100E000BF00BFF0
:10DF800000BF00BF00BF00BF09F1010905E0207814
:10DF9000202801DA09F1050900BF00BF641C2078C0
:10DFA0000028D9D1E01B00EB090808F10301504615
:10DFB000FFF725FD06460EB90020A9E7B9F1000FCD
:10DFC0000FD12220307042463946701C07F073F89A
:10DFD000222108F1010031540021401C315401205C
:10DFE00096E722203070751C3C463DE020781F28C3
:10DFF00008DD2078222805D020785C2802D02078FF
:10E0000028702FE05C2005F8010B20780C2815D033
:10E0100006DC08280FD0092819D00A281AD110E0E8
:10E020000D2811D0222803D05C2813D1287018E0C5
:10E030002220287015E06220287012E066202870E7
:10E040000FE06E2028700CE07220287009E0742028
:10E05000287006E02278F7A1284606F0EBFD2D1D7A
:10E0600000BF00BF641C6D1C20780028BED1222197
:10E0700008F1010031540021401C3154012047E7D0
:10E0800070B504460D4629462069FFF734FF70BD80
:10E09000014609B1086808B90020704702E08868A5
:10E0A000401C886041B1D1E90120904204D28A68C5
:10E0B0000868805C2028F2DDD1E90120904202D17D
:10E0C0008868401E88600846E7E710B504461CB122
:10E0D000206808B1A06808B1002010BD7CB1A0681C
:10E0E000001D616888420AD2A2682168881803224C
:10E0F000D2A106F089FF10B9A068C01CA06020461C
:10E10000EBE72DE9F04180460C4600270025E0684A
:10E11000B0F57A7F02D30020BDE8F081E068401CB2
:10E12000E06044B1D4E90110884204D2A1682068BB
:10E13000405C7B2800D07BE0A068401CA0602046AB
:10E14000FFF7A6FF4CB1D4E90110884205D2A168BF
:10E150002068405C7D2800D15DE01CB1D4E901104D
:10E16000884203D3A068401EA06061E0A068401E02
:10E17000A06000BF04F11000FFF74FFB064606B990
:10E1800056E017B93746354602E02E6075603546D1
:10E19000A068401CA0602046FFF77AFF2146284671
:10E1A000FFF7E3FD00B943E02046FFF771FF286960
:10E1B00028620020286144B1D4E90110884204D2C9
:10E1C000A1682068405C3A2800D031E0A068401C7B
:10E1D000A0602046FFF75CFF2146284600F0A8F823
:10E1E00000B925E02046FFF753FF44B1D4E9011000
:10E1F000884204D2A1682068405C2C28BAD044B17F
:10E20000D4E90110884204D2A1682068405C7D28CE
:10E2100000D00DE000BFE068401EE0604020C8F87C
:10E220000C00C8F80870A068401CA060012073E7CB
:10E2300017B13846FFF7FEFA00206DE72DE9F041EF
:10E2400007460C460026B046E068B0F57A7F02D358
:10E250000020BDE8F081E068401CE060A168206813
:10E26000405C5B2800D05DE0A068401CA0602046B8
:10E27000FFF70EFF4CB1D4E90110884205D2A16826
:10E280002068405C5D2800D141E01CB1D4E9011058
:10E29000884203D3A068401EA06043E0A068401EEF
:10E2A000A06000BF04F11000FFF7B7FA054605B9FA
:10E2B00038E016B92E46A84604E0C8F80050C5F864
:10E2C0000480A846A068401CA0602046FFF7E0FE3E
:10E2D0002146404600F02CF800B923E02046FFF725
:10E2E000D7FE44B1D4E90110884204D2A168206865
:10E2F000405C2C28D6D044B1D4E90110884204D225
:10E30000A1682068405C5D2800D00BE000BFE06899
:10E31000401EE0602020F860BE60A068401CA06045
:10E32000012096E716B13046FFF784FA002090E707
:10E3300070B505460C460CB1206808B9002070BDC8
:10E34000A4B1A068001D616888420FD8A268216846
:10E3500088180422AFF2244106F056FE30B904209A
:10E36000E860A068001DA0600120E8E79CB1A068FB
:10E37000401D616888420ED8A2682168881805226D
:10E380002FA106F041FE30B90120E860A068401DD1
:10E39000A0600120D3E7ACB1A068001D616888428D
:10E3A00010D8A26821688818042227A106F02CFE44
:10E3B00040B90220E86001206861A068001DA060EB
:10E3C0000120BCE76CB1D4E90110884209D2A168F0
:10E3D0002068405C222804D121462846FFF7C5FC6E
:10E3E000ADE7BCB1D4E90110884213D2A16820681E
:10E3F000405C2D2809D0A1682068405C302809DBEA
:10E40000A1682068405C392804DC21462846FFF7D3
:10E410003DFA94E7E4B1D4E90110884218D2A1682A
:10E420002068405C5B2813D121462846FFF706FF91
:10E4300085E700007525303478000000EFBBBF0091
:10E4400066616C7365000000747275650000000001
:10E450006CB1D4E90110884209D2A1682068405CFF
:10E460007B2804D121462846FFF74BFE67E70020B2
:10E4700065E72DE9F04389B004460D4617461C2197
:10E4800002A806F0B1FE00260020F74908604860A7
:10E4900004B934E00294204606F097FD401C039036
:10E4A00000200490F14A07CA06AB07C3EF48FFF704
:10E4B000B4F9064606B922E002A8FFF706FE814637
:10E4C000FFF7E6FD804641463046FFF731FF00B9D1
:10E4D00015E05FB102A8FFF7DBFDDDE9031088421C
:10E4E00003D204990298405C00B108E01DB1049980
:10E4F000029808442860304609B0BDE8F08316B1A0
:10E500003046FFF797F9C4B1009400200190DDE98F
:10E510000310884202D20498019004E0039810B1DD
:10E520000398401E01901DB1DDE9000108442860F8
:10E53000CD48DDE9001206C000BF0020DCE710B5C1
:10E540000446002211462046FFF793FF10BD2DE937
:10E55000F04781460C4600250026D9F8087014B90A
:10E560000020BDE8F087606908B1022000E00120CA
:10E570000646711C2046FFF742FA05460DB90020F9
:10E58000EFE77B2005F8010BE068401CE060606964
:10E5900010B10A2005F8010BA0683044A06069E0C2
:10E5A0006069B8B12046E168FFF729FA05460DB960
:10E5B0000020D6E74FF0000804E0092005F8010B21
:10E5C00008F10108E0684045F7D8D4E902010844A1
:10E5D000A06000BF2146386AFFF78DFC08B9002013
:10E5E000BFE72046FFF768FA606908B1022000E043
:10E5F0000120064631462046FFF701FA05460DB9CF
:10E600000020AEE73A2005F8010B606910B109203F
:10E6100005F8010BA0683044A0602146384600F0A0
:10E62000A9F808B900209CE72046FFF745FA606981
:10E6300008B1012000E00020396809B1012100E0A3
:10E6400000214618711C2046FFF7D9F905460DB97F
:10E65000002086E7386810B12C2005F8010B6069AE
:10E6600010B10A2005F8010B00202870A068304482
:10E67000A0603F68002F93D1606910B1E068401C32
:10E6800000E0022001462046FFF7B9F905460DB922
:10E69000002066E7606950B1002003E0092105F819
:10E6A000011B401CE168491E8142F7D800BF7D2054
:10E6B00005F8010B00202870E068401EE060012092
:10E6C0004FE72DE9F04107460C460025A846BE68F5
:10E6D00014B90020BDE8F08101212046FFF78FF931
:10E6E00005460DB90020F5E75B202870A068401CA6
:10E6F000A060E068401CE06028E02146304600F061
:10E7000039F808B90020E5E72046FFF7D5F9306869
:10E71000D8B1606908B1022000E00120804608F10C
:10E7200001012046FFF76BF905460DB90020D1E73E
:10E730002C2005F8010B606910B1202005F8010BB1
:10E7400000202870A0684044A0603668002ED4D114
:10E7500002212046FFF753F905460DB90020B9E71D
:10E760005D2005F8010B00202870E068401EE06085
:10E770000120AFE72DE9F04104460E46002504B123
:10E7800016B90020BDE8F081207B10285AD008DCA3
:10E7900001281CD0022829D0042809D0082860D1DB
:10E7A00033E0202853D0402856D0802859D131E07A
:10E7B00005213046FFF723F905460DB90020E1E7B2
:10E7C000AFF69001284606F0DCFB0120DAE70621CF
:10E7D0003046FFF714F905460DB90020D2E7AFF235
:10E7E000A031284606F0CDFB0120CBE705213046BD
:10E7F000FFF705F905460DB90020C3E7AFF2B831C0
:10E80000284606F0BEFB0120BCE731462046FFF754
:10E810007DF9B7E70027206908B90020B2E7206931
:10E8200006F0D3FB471C39463046FFF7E8F80546AB
:10E830000DB90020A6E73A462846216906F03BFCC0
:10E8400001209FE731462046FFF71AFC9AE7314640
:10E850002046FFF736FF95E731462046FFF777FE63
:10E8600090E700208EE70000D8080020E008002094
:10E87000F0B589B007460E461446002524216846A7
:10E8800006F0B2FC4FF480702168884700904FF486
:10E8900080700190059694E8070006AB07C30098C6
:10E8A00000B933E069463846FFF764FF00B92DE050
:10E8B0006846FFF701F9A06850B1029B591C009807
:10E8C000A2689047054605B920E0002000901AE0B4
:10E8D000029A501C21688847054605B916E0DDE913
:10E8E0000130401C834201D2019801E00298401C93
:10E8F00002462846009906F0DEFB00200299685483
:10E90000009861688847284609B0F0BD009810B1AA
:10E9100000986168884715B12846616888470020DB
:10E92000F2E710B50446F74A01212046FFF7A0FFA1
:10E9300010BD10B50446F34A00212046FFF798FFAA
:10E9400010BD70B58AB006460C461546242101A8B4
:10E9500006F04AFC002C02DA00200AB070BDE9483B
:10E960000168204688470190019808B90020F4E723
:10E9700002940020039005900695E24A07CA07AB6F
:10E9800007C301A93046FFF7F5FE28B9DD4A019813
:10E99000516888470020E0E70198DEE7F0B589B0CC
:10E9A00007460C4615461E462421684606F01CFC08
:10E9B000002D00DB14B9002009B0F0BD00940195D2
:10E9C00000200290012004900596CE4A07CA06ABAB
:10E9D00007C369463846FFF7CDFEEDE70146002242
:10E9E000002309B9002070478A6801E05B1C1268A7
:10E9F000002AFBD11846F6E702460B4600210AB969
:10EA000000207047916801E05B1E096809B1002B86
:10EA1000FAD10846F5E770B505460C46002C01DA38
:10EA2000002070BD21462846FFF7E6FFF9E72DE9F3
:10EA3000F04105460E461746002405B116B90020E0
:10EA4000BDE8F081AC684FB100E024687CB130468D
:10EA5000216A06F0F1FB0028F7D108E000E0246805
:10EA60002CB13046216AFEF76FFE0028F7D1204610
:10EA7000E6E770B504460D46002229462046FFF71A
:10EA8000D6FF70BD70B504460D46012229462046CA
:10EA9000FFF7CDFF70BD70B504460D4629462046F0
:10EAA000FFF7E7FF08B1012070BD0020FCE701601F
:10EAB0004860704770B505460E4600240DB9002029
:10EAC00070BD3046FEF7A9FE04460CB90020F7E7FA
:10EAD00028222946204606F033FB00202062E06809
:10EAE00040F48070E0600020606020602046E7E72E
:10EAF00070B504460E46002506B10CB9002070BD65
:10EB0000A5680DB9A66008E000E02D682868002817
:10EB1000FBD131462846FFF7CAFF0120EFE770B569
:10EB200004460D4629462046FFF7E2FF70BD7047B8
:10EB30002DE9F04707460D4614461E46DDF82090A5
:10EB40004FF00008C2460FB105B114B90020BDE86E
:10EB5000F087B9F1000F07D02846FFF7E8FF80469D
:10EB6000E06840F4007A0CE031462846FEF710FEDB
:10EB70008046B8F1000F01D10020E8E7E06820F4FA
:10EB8000007AA08900F4007020B9206A10B1206AD0
:10EB900071688847C4F82080C4F80CA02146384624
:10EBA000FFF7A6FFD3E7F8B504460D46164600204A
:10EBB000544B3246294600902046FFF7B9FFF8BD76
:10EBC000F8B504460D46164601204E4B32462946FE
:10EBD00000902046FFF7ACFFF8BD70B504460D4627
:10EBE00004B970BD47492846FFF764FF0646314621
:10EBF0002046FFF77DFF00BFF3E7F8B504460D465A
:10EC0000164604B105B9F8BD3E493046FFF752FF3C
:10EC1000074600203B4B3A46294600902046FFF726
:10EC200087FF00BFEFE710B53648FEF7F6FD044654
:10EC30000CB10420E060204610BDF8B504460D4636
:10EC4000FFF7F1FF064600202E4B32462946009082
:10EC50002046FFF76DFF08B13046F8BD3046FEF79D
:10EC6000E9FD0020F9E710B52648FEF7D6FD044679
:10EC70000CB10220E060204610BDF8B504460D46F8
:10EC8000FFF7F1FF064600201E4B32462946009052
:10EC90002046FFF74DFF08B13046F8BD3046FEF77D
:10ECA000C9FD0020F9E710B51648FEF7B6FD044689
:10ECB0000CB10120E060204610BDF8B504460D46B9
:10ECC000FFF7F1FF064600200E4B32462946009022
:10ECD0002046FFF72DFF08B13046F8BD3046FEF75D
:10ECE000A9FD0020F9E770B505460648FEF795FD39
:10ECF000044624B10DB1022000E00120E06020466E
:10ED000070BD0000E0080020F8B505460E46144628
:10ED10002046FFF7E8FF07460020F74B3A4631460A
:10ED200000902846FFF704FF08B13846F8BD384682
:10ED3000FEF780FD0020F9E770B505460E46EE4867
:10ED4000FEF76BFD0446F4B10820E060C4E9065606
:10ED5000EA4AEB4B2846314608F078FF03D86FF0BB
:10ED6000004060610FE00022E64B2846314608F083
:10ED700033FE03D84FF00040606104E0284631467E
:10ED800008F0A2FD6061204670BD2DE9F8430646FB
:10ED90000F4614461D4620462946FFF7CDFF804604
:10EDA0000020D54B4246394600903046FFF7C0FE62
:10EDB00010B14046BDE8F8834046FEF73BFD002019
:10EDC000F8E770B50546CC48FEF727FD04466CB160
:10EDD0001020E060C8492846FEF7DAFC206120696F
:10EDE00020B92046FEF726FD002070BD2046FCE736
:10EDF000F8B505460E4614462046FFF7E2FF0746E3
:10EE00000020BD4B3A46314600902846FFF790FE61
:10EE100008B13846F8BD3846FEF70CFD0020F9E78A
:10EE200070B50546B448FEF7F8FC04466CB1802086
:10EE3000E060B1492846FEF7ABFC2061206920B9AB
:10EE40002046FEF7F7FC002070BD2046FCE7F8B531
:10EE500005460E4614462046FFF7E2FF074600200F
:10EE6000A54B3A46314600902846FFF761FE08B1AF
:10EE70003846F8BD3846FEF7DDFC0020F9E710B54E
:10EE80009D48FEF7CAFC04460CB14020E0602046D5
:10EE900010BDF8B504460D46FFF7F1FF0646002009
:10EEA000954B3246294600902046FFF741FE08B1B7
:10EEB0003046F8BD3046FEF7BDFC0020F9E710B53E
:10EEC0008D48FEF7AAFC04460CB12020E0602046E5
:10EED00010BDF8B504460D46FFF7F1FF06460020C9
:10EEE000854B3246294600902046FFF721FE08B1A7
:10EEF0003046F8BD3046FEF79DFC0020F9E702469B
:10EF000002B109B900207047486810B1D1E9000387
:10EF10001860086810B1D1E90030586090688842E4
:10EF200001D1086890600020486008600846EAE760
:10EF300070B505460C46002C01DA002070BD214654
:10EF40002846FFF759FD064631462846FFF7D7FF0A
:10EF5000F4E770B504460D4629462046FFF7E8FF62
:10EF60000646FEF767FC70BD70B504460D4629469F
:10EF70002046FFF77EFD064631462046FFF7BFFFDD
:10EF800070BD70B504460D4629462046FFF77AFD50
:10EF9000064631462046FFF7B2FF70BD70B5044605
:10EFA0000D4629462046FFF7DFFF0646FEF742FCE6
:10EFB00070BD70B504460D4629462046FFF7E1FFB7
:10EFC0000646FEF737FC70BD2DE9F04106460F46B8
:10EFD00014460025002F01DABDE8F081394630469D
:10EFE000FFF70AFD054625B921463046FFF780FDAB
:10EFF000F2E72560686860606C60B068A84201D183
:10F00000B46001E06068046000BFE5E770B50646E3
:10F010000D4614460EB104B10DB9002070BDAC42CE
:10F0200001D10120FAE728682060686860602068E4
:10F0300008B120684460606808B160680460B06826
:10F04000A84200D1B4600020286068602846FEF71E
:10F05000F1FB0120E2E72DE9F04105460C4616469A
:10F06000002C01DABDE8F08121462846FFF7C4FCF8
:10F070000746324639462846FFF7C8FF00BFF1E78A
:10F0800010B504461C4841682046884710BD2DE94C
:10F09000F04107460D4614461E4604B115B900203E
:10F0A000BDE8F081A08900F4007020B9206A10B199
:10F0B000206AFFF7E5FF10492846FEF769FB20624A
:10F0C000E06820F40070E060324629463846FFF7D9
:10F0D000AEFC8046224641463846FFF797FF0120A6
:10F0E000DEE770B504460D46164600233246294633
:10F0F0002046FFF7CCFF70BDE00800200000C0FFF5
:10F10000FFFFDF410000E0C170B504460D46164622
:10F110000123324629462046FFF7B9FF70BD70B57E
:10F120000546F748FEF779FB044634B14FF4887082
:10F13000E0602846FFF7FBFC2061204670BD70B5FB
:10F140000546EF48FEF769FB044634B14FF4A07062
:10F15000E0602846FFF7EBFCA060204670BD70B56C
:10F160000546E748FEF759FB044634B14FF490706A
:10F17000E0602846FFF7DBFCA060204670BD2DE96B
:10F18000F05F0646894600240025A346A246B9F151
:10F19000000F00DB16B90020BDE8F09FFFF78FFEDF
:10F1A0008246002417E056F8240008F0EAFB0746E0
:10F1B000FFF7C2FD054625B95046FEF73BFB002090
:10F1C000EAE714B9CAF8085003E029465846FFF7A1
:10F1D0006EFCAB46641CBAF1000F01D04C45E2D383
:10F1E0005046D9E72DE9F05F064689460024002500
:10F1F000A346A246B9F1000F00DB16B90020BDE816
:10F20000F09FFFF75CFE8246002417E056F82400CA
:10F2100008F052FD0746FFF78FFD054625B9504619
:10F22000FEF708FB0020EAE714B9CAF8085003E02B
:10F2300029465846FFF73BFCAB46641CBAF1000F69
:10F2400001D04C45E2D35046D9E72DE9F0470646B8
:10F250000F4600240025A146A046002F00DB16B96A
:10F260000020BDE8F087FFF72AFE8046002417E063
:10F2700006EBC400D0E900211046FFF75DFD05460E
:10F2800025B94046FEF7D6FA0020EAE714B9C8F8D7
:10F29000085003E029464846FFF709FCA946641CCC
:10F2A000B8F1000F01D0BC42E2D34046D9E72DE9C6
:10F2B000F04706460F4600240025A146A046002F31
:10F2C00000DB16B90020BDE8F087FFF7F8FD8046A7
:10F2D000002414E056F82400FFF773FD054625B915
:10F2E0004046FEF7A7FA0020EDE714B9C8F8085029
:10F2F00003E029464846FFF7DAFBA946641CB8F14B
:10F30000000F01D0BC42E5D34046DCE72DE9F047D1
:10F310000446894600250027A846002604B948E08F
:10F320007748FEF77AFA054605B942E0E06820F42E
:10F330008070E86060696861D4E90601C5E906018A
:10F34000206938B16E492069FEF722FA28612869E0
:10F3500000B92EE0206A68B1A08900F4007008B1FD
:10F36000206A03E06649206AFEF712FA2862286ADA
:10F3700000B91EE0B9F1000F02D12846BDE8F087C0
:10F38000A76812E001213846FFF7C0FF064606B91C
:10F390000FE0B8F1000F05D0C8F80060C6F804808F
:10F3A000B04601E0AE60B0463F68002FEAD1284683
:10F3B000E4E715B12846FEF73DFA0020DEE70146F6
:10F3C00000B9704755E00278202A01D1401C50E076
:10F3D0000278092A01D1401C4BE002780D2A01D1A4
:10F3E000401C46E002780A2A01D1401C41E0027824
:10F3F0002F2A0BD142782F2A08D100E0401C027836
:10F40000002A36D002780A2A33D0F7E702782F2A6A
:10F410000ED142782A2A0BD100E0401C02782AB192
:10F4200002782A2AF9D142782F2AF6D1801C20E0CE
:10F430000278222A19D110F8012B01F8012B0AE0D9
:10F4400002785C2A03D110F8012B01F8012B10F887
:10F45000012B01F8012B027812B10278222AEFD198
:10F4600010F8012B01F8012B03E010F8012B01F833
:10F47000012B0278002AA6D10A7000BFA1E701463D
:10F4800009B900207047087B08B90120FAE700207D
:10F49000F8E7014609B900207047087B012800D130
:10F4A000FAE70020F8E7014609B900207047087B19
:10F4B000022801D10120F9E70020F7E7014609B948
:10F4C00000207047087B00F0030008B10120F8E736
:10F4D0000020F6E7014609B900207047087B0428A0
:10F4E00001D10120F9E70020F7E7014609B9002022
:10F4F0007047087B082801D10120F9E70020F7E7D1
:10F50000E0080020014609B900207047087B202848
:10F5100001D10120F9E70020F7E7014609B90020F1
:10F520007047087B402801D10120F9E70020F7E768
:10F53000014609B900207047087B802801D10120CD
:10F54000F9E70020F7E72DE9F0470446894692469F
:10F550005CB1B9F1000F08D0207B99F80C108842FB
:10F5600003D12046FFF78BFF10B10020BDE8F087E4
:10F57000207B102814D008DC01280DD002280CD0E4
:10F5800004280BD008280FD109E020280AD04028F1
:10F5900009D0802808D104E000BF00BF00BF00BF31
:10F5A00000BF00BF00BF01E00020DFE700BF4C4507
:10F5B00001D10120DAE7207B102821D008DC0128C6
:10F5C0000DD002280CD004280BD008287DD10AE0E9
:10F5D000202827D040283CD0802876D111E000BFD9
:10F5E00000BF0120C2E7D9E906532A46D4E90671D3
:10F5F000384608F02DF901D10120B7E70020B5E722
:10F6000000BF206910B1D9F8100008B90020ADE79B
:10F61000D9F81010206905F00FFE08B90120A5E700
:10F620000020A3E7A568D9F8086009E052463146F2
:10F630002846FFF788FF08B9002097E72D6836684D
:10F640000DB1002EF2D1B54201D000208EE701208D
:10F650008CE7002500260CB1A06800E000200546DC
:10F6600011E052464846296AFFF7E1F906460EB90D
:10F6700000207BE7524631462846FFF764FF08B971
:10F68000002073E72D68002DEBD1B9F1000F02D0F7
:10F69000D9F8080000E00020064612E05246204655
:10F6A000316AFFF7C4F9054615B900205EE70CE0A2
:10F6B000524629463046FFF746FF08B9002055E775
:10F6C0003668002EEAD1012050E700204EE710B541
:10F6D0000446024801682046884710BDE008002023
:10F6E000F84800787047FF207047F748007830B13D
:10F6F00001280DD002281AD003282FD11EE00020A7
:10F70000F2490880F24908600120EF49087025E0BD
:10F71000EE480088401CED49088008460088C8284B
:10F7200004DD002008800220E749087016E001206F
:10F73000E74908600320E44908700FE0E3480088C7
:10F74000401CE249088008460088C82805DD0020E2
:10F750000880DD490870FF20704700BF00BF00200F
:10F76000FAE710B5DB48007800281DD00020D94901
:10F770000870D948F5F77EFB6421D84805F034FDC0
:10F78000D7A3D9A2DCA1D54805F054FAE148F5F792
:10F7900090FB6421E04805F027FDDE4B1033DD4A85
:10F7A000DEA1DD4805F046FAFFF79FFF10B1FF200C
:10F7B000E0490870DF480078FF2804D10020DD49C7
:10F7C0000870FF2010BD0020FCE770B50024DA4867
:10F7D00000780A287AD2DFE800F005123C4D7A87DB
:10F7E000B3C4FEFD4FF40071D44805F0DBFC0D21DD
:10F7F000D3A0FDF789FC0120CF49087049E1D4A1CD
:10F80000CE4805F0ACFB40B10220CB490870002087
:10F81000D0490880D04908701AE0CE480088401CC2
:10F82000CC49088008460088642811DD0020088043
:10F83000C1490870C8480078401CC749087008468C
:10F840000078052804DD00200870EE20BA49087011
:10F850001FE14FF40071B94805F0A4FCAE4805F073
:10F86000B4FB05462946AC48FDF74EFC0320B249DF
:10F8700008700EE1B9A1B14805F071FB40B1042058
:10F88000AD4908700020B3490880B34908701CE0F6
:10F89000B0480088401CAF49088008460088B0F591
:10F8A000967F12DD002008800220A3490870AA4834
:10F8B0000078401CA849087008460078032804DD39
:10F8C00000200870EE209C490870E2E0C4E04FF48C
:10F8D00000719A4805F066FC2421A4A0FDF714FCF1
:10F8E000052095490870D4E099A1944805F037FBAC
:10F8F00040B106209049087000209649088096493A
:10F9000008701CE093480088401C92490880084613
:10F910000088B0F5967F12DD00200880042086491B
:10F9200008708D480078401C8B49087008460078A4
:10F93000032804DD00200870EE207F490870A8E04D
:10F940004FF400717D4805F02DFC644805F03DFB47
:10F95000054629466148FDF7D7FB07207649087020
:10F9600097E08CA1754805F0FAFA20B978A17348A0
:10F9700005F0F5FA40B100206F490870754908801C
:10F9800075490870FF2070BD84A16C4805F0E7FA46
:10F9900040B100206F4908806F490870082066490F
:10F9A00008701FE06B480088401C6A4908800846C0
:10F9B0000088B0F5967F15DD0020088006205E499E
:10F9C000087065480078401C634908700846007854
:10F9D000032801E014E006E004DD00200870EE20BA
:10F9E0005549087055E04FF40071544805F0DAFBB2
:10F9F0000D216CA0FDF788FB09204F49087048E0F5
:10FA000053A14E4805F0ABFA40B1EE204A490870C8
:10FA1000002050490880504908701CE04D4800887B
:10FA2000401C4C49088008460088B0F5967F12DDDE
:10FA30000020088008204049087047480078401C92
:10FA40004549087008460078032804DD0020087046
:10FA5000EE20394908701CE05648007820B1012892
:10FA600006D0022813D10CE00120524908700EE0A4
:10FA7000FFF73BFE0446FF2C02D102204D490870DF
:10FA800005E000202C4908704A49087000BF00BFFB
:10FA900000BF00BF002076E710B54748007810B1DE
:10FAA00001280DD190E04FF40071244805F07AFB55
:10FAB000082142A0FDF728FB01203F490870B0E073
:10FAC000ADE00000EC08002064090020620900207D
:10FAD0008401224267090020ED08002000A80020D0
:10FAE000313138383300000033392E39362E313079
:10FAF0002E3235300000000041542B4349505354FE
:10FB00004152543D22544350222C222573222C254D
:10FB1000730D0A004109002064A8002041542B43C2
:10FB2000574A41503D222573222C222573220D0A6B
:10FB300000000000660900206809002098A000204D
:10FB400041542B43574D4F44453D310D0A000000B1
:10FB50004F4B00006A0900206909002057494649B7
:10FB600020434F4E4E4543544544000041542B43DF
:10FB70004950534E54504346473D312C382C226E49
:10FB800074702E616C6979756E2E636F6D220D0A2B
:10FB900000000000434F4E4E454354004552524F23
:10FBA0005200000041542B434950434C4F53450DE4
:10FBB0000A0000006C0900206D09002041542B4709
:10FBC0004D520D0A00000000F7A1FA4805F0C7F9F0
:10FBD00040B10020F8490870F8490880F8490880C9
:10FBE000FF2010BDF5480088401CF44908800846F5
:10FBF0000088642812DD00200880EF490870F04872
:10FC00000088401CEE49088008460088052805DD6C
:10FC100000200880E8490870EE20E2E701E0EE20CD
:10FC2000DFE700BF0020DCE72DE9F041074688460A
:10FC30000024E4480078D8B9E3A1DE4805F08FF944
:10FC40000446A4B1E2A1204605F089F9451CDEA1D5
:10FC5000D84805F084F904464CB1601D05F072F9EE
:10FC600086B23146284601F0EEFE00BF00BF00BF5D
:10FC700000BF0020BDE8F0810020704770B5064647
:10FC80000D46D44880680A2801D1002070BD4FF489
:10FC90004370F3F7F4FB04460CB90020F6E7258126
:10FCA0002A46314604F10A00F3F702FBC94800680E
:10FCB00050B9002060602060C648046044608068DD
:10FCC000401CC44988600DE000206060C148406865
:10FCD0004460C04840682060BE4844608068401C62
:10FCE000BC498860FF20D1E7BA48006808B9002005
:10FCF0007047B84800680830FAE710B5B5480068A2
:10FD000008B9002010BDB34804680068406820B1FD
:10FD10000020B049096849680860AE48006840683A
:10FD2000AC49086008468068401E88602046F3F7AA
:10FD300096FBFF20E6E710B5A748007800B910BD94
:10FD4000A6480078032859D005DC48B1012813D013
:10FD5000022877D131E0042866D0EE28F9D183E07B
:10FD6000FFF7C2FF9E4908600846006800B9E6E751
:10FD700001209A49087080E04FF400718D4805F029
:10FD800011FA4FF40071974805F00CFA402196489B
:10FD900005F02AFA92480068028894A1924804F07B
:10FDA00049FF914805F011F9044621468E48FDF7B8
:10FDB000ABF90220894908705FE090A17D4805F009
:10FDC000CEF840B103208549087000208C490870A6
:10FDD0008C49088011E08B480088642805DA89483E
:10FDE0000088401C8749088007E00020854908807A
:10FDF000834908700320794908703EE04FF4007190
:10FE00006C4805F0CFF94FF40071764805F0CAF957
:10FE100073480068018872480068801CFDF774F917
:10FE200004206E49087028E077A1624805F097F831
:10FE300048B1EE2069490870002071490870714985
:10FE4000088010E016E06F480088642805DA6D48E5
:10FE50000088401C6B49088005E000206949088043
:10FE6000EE205E49087008E0FFF747FF00205B497D
:10FE7000087000BF00BF00BF00BF00BF00BF5EE74B
:10FE800070B504460D4629462046FFF7F7FEFF20D1
:10FE900070BD30B585B000245D48006841F27071D6
:10FEA000884205D25A480068401C5949086057E208
:10FEB0005848007830B1012814D002284DD00328CA
:10FEC00070D157E00020444908704FF40071394860
:10FED00005F068F90B2150A0FDF716F901204D49F6
:10FEE00008703CE2AFF29831324805F038F8F8B1CA
:10FEF0004CA1304805F033F8044684B14BA12D489D
:10FF000005F02DF8044654B1641C2078372803DD31
:10FF100000204749087002E001204549087002208E
:10FF20003C4908700020434908804349087013E0A9
:10FF300040480088401C3F490880084600886428E3
:10FF40000ADD00200880334908703B4908703049B9
:10FF5000086001202049087001E24FF40071154843
:10FF600005F020F9112135A0FDF7CEF8032029492D
:10FF70000870F4E1AFF228410E4804F0F0FF0028C9
:10FF800070D033A10B4804F0EAFF0446002C6AD07D
:10FF9000113433A1074804F0E2FF20B101208DF8AD
:10FFA0000E00C3E0DAE15FE057524F4F4D2D333280
:10FFB0000000000098A000206D09002070090020BA
:10FFC0006E090020720900202B4950442C000000CB
:10FFD0003A000000C8A80020610900207309002031
:10FFE0007809002098880020D4A8002041542B4391
:10FFF000495053454E443D25640D0A003E00000023
:020000040801F1
:10000000740900207609002053454E44204F4B00D0
:10001000800900207C09002041542B43574A41505D
:100020003F0D0A002B43574A41503A002D00000073
:10003000EC0800207E0900207D09002041542B435C
:100040004950534E545054494D453F0D0A0000004D
:100050002B434950534E545054494D453A000000EB
:100060004A616E0064E158E1F7A1F84804F077FFB7
:1000700018B102208DF80E0058E0F5A1F34804F005
:100080006EFF18B103208DF80E004FE0F1A1EF488C
:1000900004F065FF18B104208DF80E0046E0EEA1D3
:1000A000EA4804F05CFF18B105208DF80E003DE031
:1000B000EAA1E64804F053FF18B106208DF80E00BF
:1000C00034E0E7A1E14804F04AFF18B107208DF8B9
:1000D0000E002BE0E3A1DD4804F041FF18B1082039
:1000E0008DF80E0022E0E0A1D84804F038FF18B1E6
:1000F00009208DF80E0019E0DDA1D44804F02FFF8F
:1001000018B10A208DF80E0010E0DAA1CF4804F0F3
:1001100026FF18B10B208DF80E0007E0D6A1CB48C2
:1001200004F01DFF10B10C208DF80E009DF80E009C
:100130000C280DDD0020D1490880D1490870D14933
:100140000870D14908600120D049087005B030BD61
:100150002078302816DB2078392813DC241D6178BC
:1001600030392278303A02EB820201EB4200C117AB
:1001700000EBD1614911A0EB4111C9B28DF80F100C
:10018000E41C06E0641D20783038C0B28DF80F0002
:10019000A41C9DF80F001F280CDD0020B749088023
:1001A000B7490870B7490870B74908600120B749D6
:1001B0000870CBE7607830382178303901EB810165
:1001C00000EB4100182190FBF1F201FB1200C0B2DC
:1001D0008DF810009DF8100017280CDD0020A749AD
:1001E0000880A7490870A7490870A749086001203E
:1001F000A6490870AAE7E41C6078303821783039C5
:1002000001EB810100EB41003C2190FBF1F201FB8D
:100210001200C0B28DF811009DF811003B280CDDD2
:1002200000209649088096490870964908709649BA
:10023000086001209549087088E7E41C6078303830
:100240002178303901EB810100EB41003C2190FB2A
:10025000F1F201FB1200C0B28DF812009DF81200FD
:100260003B280CDD002085490880854908708549B8
:1002700008708549086001208449087066E7E41C1D
:10028000E07830380A2190FBF1F201FB120220786D
:1002900030384FF47A7148436178303901EBC1034B
:1002A00003EB011100EB8101A078303800EB8000F6
:1002B00001EB4000104480B2ADF80C00BDF80C001A
:1002C00040F6330188420CDD00206C4908806C49FF
:1002D00008706C4908706C49086001206B4908700F
:1002E00034E703A801F0B9FDBDF80C00642190FBD0
:1002F000F1F201FB1200C5B29DF812009DF8111039
:100300009DF81020CDE9002102909DF80F209DF866
:100310000E100023284602F0E7FF0020594908701C
:10032000574908705849086001205849087014E07E
:1003300052480088401C51490880084600886428BB
:100340000BDD002008804E4908704E4908704E4968
:10035000086001204D490870F8E600E000BF00BFCA
:1003600000BFF3E610B500244948006841F27071FF
:10037000884205D246480068401C4549086097E01D
:100380004448007810B101285DD110E000203F49B9
:1003900008704FF400712D4804F004FF0B21AFF2F8
:1003A0008830FCF7B1FE01203A4908707FE0AFF6D3
:1003B0006001264804F0D3FD20B3AFF29831234802
:1003C00004F0CDFD044684B133A1204804F0C7FDFC
:1003D000044654B1241D2078342803DD0020304920
:1003E000087002E001202E49087000202949087099
:1003F0002C4908802C4908702549086001202349B0
:1004000008701FE027480088401C264908800846DD
:100410000088B0F5967F15DD002008801D49087022
:1004200021480078401C20490870084600780328BD
:1004300008DD002008701749087015490860012080
:100440001249087033E031E04665620098A0002050
:100450004D617200417072004D6179004A756E0005
:100460004A756C00417567005365707400000000A8
:100470004F6374004E6F7600446563007E09002070
:100480007C0900207D0900208009002061090020EE
:1004900088090020840900202C312C2D0000000048
:1004A000EC080020860900208509002000BF00BF5D
:1004B00010BD10B5FFF73FFCFCF723FF08B1FFF7B5
:1004C000E8FC10BDF748007A704770B50546F5485E
:1004D000046808E0294604F10B0004F0ADFE08B9F9
:1004E000204670BD6468002CF4D10020F9E770B597
:1004F00005462846FFF7E9FF04460CB9002070BD09
:1005000004F10800FBE770B5054635B1288820B135
:10051000A878022801DCE81C20B900BF00BF4FF01A
:10052000FF3070BDDF48007A012804DB00BF00BF48
:100530006FF00100F5E7E81CFFF7D9FF064626B18A
:10054000A878B0706FF00200EBE74C20F2F797FF4D
:10055000044624B900BF00BF6FF00300E1E7442266
:10056000294604F10800F2F7A3FECE48006850B90E
:10057000002060602060CB4804604460007A401C2A
:10058000C84908720DE000206060C64840684460B9
:10059000C44840682060C3484460007A401CC14998
:1005A0000872FF20BDE770B505462846FFF78DFFAE
:1005B000044624B900BF00BF4FF0FF3070BDB948FA
:1005C000007A01280AD1B7480068B64949688842CC
:1005D00004D10020B349086048601BE0B1480068BE
:1005E000A04206D1AF496068086000200968086031
:1005F00010E0AC484068A04206D1AA492068486093
:1006000000204968486005E0D4E900104860D4E95A
:1006100000010860A348007A401EA24908722046E3
:10062000F2F71DFFFF20C9E770B5054600264420FC
:10063000F2F725FF04460CB9701E70BD27229AA15F
:10064000E01CF2F735FE1822294604F11200F2F7F9
:100650002FFE272020800120A0702046FFF753FFA7
:100660000646002E05DA2046F2F7F9FE6FF001008B
:10067000E3E7FF20E1E730B50346002014E0141A59
:10068000641E0C5D8C4D05EB1414247803F81040A7
:10069000141A641E0C5D04F00F042C5D012505EB9B
:1006A00040055C55441CE0B29042E8DB30BD834815
:1006B000D0E90020521C40F100008049C1E900202F
:1006C00003C9704700B58FB014227DA10AA804F0B9
:1006D00037FDFFF7ECFFCDE9080106A801F0A4FB08
:1006E000082208A90AA8FFF7C6FF00207949C88494
:1006F0004FF480717748283004F054FD9DF81E00B7
:100700009DF81D109DF81C209DF81B30CDE902328C
:10071000CDE904109DF81A00BDF818100AAB6E4A16
:10072000CDE900106D49A2F5847004F083FA6948A0
:10073000283004F04AFC6749C884FF200FB000BD90
:1007400070B5054600243C20624908800846C07800
:1007500020F00200801CC87004208870A1F82801D5
:1007600004225FA15C48801FF2F7A2FD18205949BE
:10077000A1F82E015848F4F70AFB5648C07820F03B
:10078000800080305349C8700820A1F85401082225
:1007900055A151482630F2F78BFD4E48C07820F025
:1007A000400040304B49C8700C20A1F860010C2279
:1007B00050A149483230F2F77BFD4648C07820F01E
:1007C00004004449C8700846C07820F01800C8707A
:1007D0000846C07820F02000C8700C2088800C22C9
:1007E00048A13C48801DF2F763FD70BD10B50020A4
:1007F0003849C8844FF480713648283004F0D2FC60
:100800003448C07820F018003249C8700846C078D3
:1008100020F02000C8700846C07820F00400C8709E
:1008200010BD10B5FFF74EFF2A48C07820F0180021
:100830002849C8700846C07820F02000C8700846D3
:10084000C07820F00400001DC87010BD2149088048
:1008500070472049887070471E48C07820F0020019
:10086000801C1C49C87070471A48C07820F00200EC
:100870001849C87070471748C07820F040001549E3
:10088000C87070471348C07820F0400040301149CC
:10089000C87070470F48C07820F080000D49C870BC
:1008A0007047000084AA0020636F6E74726F6C6CD6
:1008B00065725F6D73672F0090090020A00900200A
:1008C00046464646464646464646464646464646C8
:1008D0000000000014A9002044AA00207C84010824
:1008E0004D515454000000007465726D696E616C66
:1008F0000000000076656E64696E67313233303611
:10090000000000007465726D696E616C5F6D7367E5
:10091000000000000848C07820F0800080300649C0
:10092000C870704710B504462046FFF77DFE20468C
:10093000FFF706FF10BD000014A90020E2488078F0
:100940007047E148807820B10020DF494860C870D6
:1009500010E0DD48406842F6E061884207D2DA489C
:100960004068401CD84948600020C87002E001205F
:10097000D549C87070470178D44A117041885180B8
:1009800081889180704710B5D048007818B3CF485F
:100990004088B0F57A7F02DD0020CB490870CB4853
:1009A000418880880A3000EBC00202EB0010B1EBF6
:1009B000800F05DAC5484088401CC44948800AE0D9
:1009C0000020C24908700120BF4908700020BF49BB
:1009D0004880F2F787FD10BD70B592B005460C4611
:1009E00016468DF80660ADF80440224629460DF102
:1009F0000700F2F75DFC01A8FFF785FD12B070BD9E
:100A000042F6E060B04948600120C870704700209D
:100A1000AD4988704870AE490870488088740021DC
:100A2000AB4881820020AA4988720021A8488181B0
:100A3000704700B5FFF7E4FFFFF7E9FF00BD0120B5
:100A4000A1490870704700209F490870704710B591
:100A50009D48007800B910BD9B48407806286FD0AB
:100A600005DC17D2DFE800F010162F356E74092868
:100A700067D004DC072879D008280BD1D5E01228EC
:100A800009D01F28F9D10CE1FCF73BFC10B1022082
:100A90008D4948700DE18F480068B0F57A7F05D226
:100AA0008C480068401C8B49086005E0002089499B
:100AB00008600220844948708548007810B10320FE
:100AC00081494870F5E001F03AF903207E49487009
:100AD000EFE07F48007888B17B48C07818B10420E7
:100AE0007949487004E006207749487001208870F1
:100AF0000020784908607849087020E0754800684F
:100B0000B0F57A7F05D273480068401C71490860CF
:100B100015E000206F4908606F480078022808DA65
:100B20006D480078401C6C49087002206649487086
:100B300005E0002068490870082063494870B8E063
:100B40003AE07DE001F01CF905205F494870B0E013
:100B50005F48807A58B101205B4988700620487050
:100B600000205C4908605C49087024E02AE059488C
:100B70000068B0F57A7F05D256480068401C554998
:100B8000086018E0002053490860534800780328A3
:100B900008DA51480078401C4F49087004204A493F
:100BA000487008E000204A49087002204649487011
:100BB0000020494908707CE001F08EF80720424986
:100BC000487076E043480068B0F57A7F05D2414826
:100BD0000068401C3F49086026E000203D4908604D
:100BE0003B48807C40B100203B49087038498874FC
:100BF00006203549487017E037480078062808DA9B
:100C000035480078401C3449087006202E49487049
:100C10000AE000202E49087088722B4988702E49FE
:100C200008701F202849487043E001F067F8092048
:100C30002549487042F6E06048600120C87038E0FD
:100C40002348007850B100202249086022490870EA
:100C50001F49087002201C49487021E01D480068A7
:100C6000B0F57A7F05D21B480068401C194908601E
:100C700016E000201749086017480078012808DAB4
:100C800015480078401C1449087008200E49487027
:100C900006E00020104908701F200B494870DAE672
:100CA00007E0F9F790FDFCF7A9FA00200649487023
:100CB00000BF00BF00BFCEE610B5FFF742FEFFF752
:100CC00062FEFFF7C4FE10BDB0090020A809002095
:100CD00012AB0020B8090020BC0900202DE9F0412A
:100CE00006460D465020F2F7CAFB044614B9002010
:100CF000BDE8F08100202070A07000F037F8A080DF
:100D000000206070184804F060F9E080164804F094
:100D10005CF907463A46144904F10800F2F7C8FAAC
:100D2000A4F84850B4F84800F2F7A9FBE064E06C7E
:100D300010B92046F2F793FB2A463146E06CF2F7F1
:100D4000B7FA204601F034F8E06CF2F788FB204651
:100D5000F2F785FB00BFCBE770B504460D46294688
:100D6000204601F053F970BD90AA0020FE4800888B
:100D7000401CFD490880084600887047F0B50022F5
:100D80000023002600240546C71700EB5767C7F36A
:100D9000C7121546D71702EB5767FB111D46DF1721
:100DA00003EB5767FE110546C71700EB5767FF11A6
:100DB000A0EBC717FCB2012E0CDB44F080050D70D0
:100DC00042F080054D7043F080058D70CE70042593
:100DD0000D7117E0012B09DB44F080050D7042F026
:100DE00080054D708B7003250D710BE0012A06DB29
:100DF00044F080050D704A7002250D7102E0087004
:100E000001250D71F0BD0020D849B1F82811083135
:100E1000D64AB2F82E21114488B2D449C978C1F318
:100E2000800139B1D1498988091DD04AD28C114439
:100E3000014488B2CD49C978C90929B1CB49B1F873
:100E40005411891C014488B2C849C978C1F3801182
:100E500029B1C649B1F86011891C014488B27047B4
:100E600070B50446FFF7CFFF05462146FFF786FF22
:100E700070BD1CB500246846FFF7F2FFFFF7C3FF03
:100E80009DF80410491C084484B220461CBD7CB562
:100E90000546002410202855641C6846FFF7E0FF33
:100EA000002606E01DF806002855601C84B2701C60
:100EB000C6B29DF80400B042F4DCAC49B1F8280198
:100EC000C11700EB1161C1F307212955601C84B2E1
:100ED000A649B1F82801C11700EB11610912A0EB76
:100EE00001212955601C84B2A049B1F82821281994
:100EF00001F59571F2F7DCF99C48B0F8280120441F
:100F000084B29A4880782855601C84B2281901223E
:100F10009649C91CF2F7CCF9601C84B29349088841
:100F2000C11700EB1161C1F307212955601C84B280
:100F30008E490888C11700EB11610912A0EB01214D
:100F40002955601C84B28949B1F82E01C11700EB04
:100F50001161C1F307212955601C84B28349B1F89E
:100F60002E01C11700EB11610912A0EB01212955D7
:100F7000601C84B27D49B1F82E21281901F59871C1
:100F8000F2F796F97948B0F82E01204484B27748F8
:100F9000C078C0F3800000283DD074498888C1170C
:100FA00000EB1161C1F307212955601C84B26F4920
:100FB0008888C11700EB11610912A0EB01212955A6
:100FC000601C84B269498A882819891DF2F770F972
:100FD00066488088204484B26449C88CC11700EBFD
:100FE0001161C1F307212955601C84B25F49C88C87
:100FF000C11700EB11610912A0EB01212955601CFA
:1010000084B25A49CA8C28192831F2F751F9574845
:10101000C08C204484B25548C078C00918B35349E5
:10102000B1F85401C11700EB1161C1F30721295533
:10103000601C84B24D49B1F85401C11700EB116135
:101040000912A0EB01212955601C84B24749B1F86F
:101050005421281901F5AB71F2F72AF94348B0F889
:101060005401204484B24148C078C0F3801018B3C2
:101070003E49B1F86001C11700EB1161C1F30721CE
:101080002955601C84B23949B1F86001C11700EBE1
:1010900011610912A0EB01212955601C84B233496A
:1010A000B1F86021281901F5B171F2F701F92F4863
:1010B000B0F86001204484B220467CBD0420704713
:1010C00010B50246002040231354401C0223135441
:1010D000401C0B46CC1701EB1464C4F307241454D2
:1010E000401CCC1701EB14642412A1EB042414540B
:1010F000401C10BD01460020CA88921CB1F848303F
:101100001A4490B20A78002A01DD821C90B270471E
:1011100070B504460D462046FFF7ECFF064629460B
:10112000FFF72CFE70BD7CB5044669462046FFF7EC
:10113000EFFF2046FFF7DEFF9DF80410491C08442E
:1011400085B228467CBD2DE9FC4106460D460027A8
:10115000002469463046FFF7DBFF30202855307801
:10116000012809D1285D03E0BE09002014A9002050
:1011700040F00200285509E03078022804D1285DAB
:1011800040F00400285501E0285D2855B07801287A
:1011900004D1285D40F00800285501E0285D28555D
:1011A0007078012804D1285D40F00100285501E045
:1011B000285D2855601C84B2002706E01DF8070052
:1011C0002855601C84B2781CC7B29DF80400B84250
:1011D000F4DCF088C11700EB1161C1F30721295538
:1011E000601C84B2F088C11700EB11610912A0EBFA
:1011F00001212955601C84B2F288281906F10801E2
:10120000F2F756F8F088204484B2307890B1B08874
:10121000C11700EB1161C1F307212955601C84B28D
:10122000B088C11700EB11610912A0EB012129550B
:10123000601C84B2B6F848202819F16CF2F738F82F
:10124000B6F84800204484B22046BDE8FC81002066
:101250003D4A1168022004E00A89D21C024490B27F
:1012600049680029F8D1704770B50446FFF7EFFFD1
:1012700005462146FFF782FD70BD1CB50024684677
:10128000FFF7F2FFFFF7E3FF9DF80410491C084445
:1012900084B220461CBD2DE9FC41054600242A48A5
:1012A0000668FFF763FD07466846FFF7DDFF82200B
:1012B0002855641C4FF0000808E01DF80800285568
:1012C000601C84B208F1010000F0FF089DF80400E2
:1012D0004045F2DC3846F91707EB1161C1F30721ED
:1012E0002955601C84B23846F91707EB11610912C1
:1012F000A7EB01212955601C84B220E03089C11779
:1013000000EB1161C1F307212955601C84B23089BB
:10131000C11700EB11610912A0EB01212955601CD6
:1013200084B23289281906F10B01F1F7C1FF308927
:10133000204484B2B07A2855601C84B27668002EAE
:10134000DCD12046BDE8FC8184AA002094490880B5
:10135000704794484078934A1278904205D191485A
:101360004088142801D1002070478E480278001D63
:1013700050F822100022001F0378001D40F823209F
:10138000001F0078401C874A107010464088401C9F
:10139000508010460078142801D1002010700846B3
:1013A000E2E770B5054600247E4840787D4909781B
:1013B000884209D17B48408830B9FFF7CAFF04460C
:1013C00014B12046F2F74BF876484178001D40F8FA
:1013D0002150001F4078401C7249487008464088E0
:1013E000401E488008464078142801D100204870EB
:1013F000012070BD6C4840786B4A1278904205D14C
:1014000069484088142801D1002070476648027856
:10141000001D50F822100022001F0378001D40F824
:101420002320001F0078401C5F4A1070104640883F
:10143000401C508010460078142801D10020107004
:101440000846E2E770B505460024574840785649FB
:10145000097888420ED15448408858B9FFF7CAFF2E
:1014600004463CB1E06C10B1E06CF1F7F8FF2046A7
:10147000F1F7F5FF4C484178001D40F82150001F5E
:101480004078401C4849487008464088401E4880C3
:1014900008464078142801D100204870012070BD12
:1014A00041484078404A1278904205D13E484088F1
:1014B000142801D1002070473B480278001D50F8E5
:1014C00022100846F7E710B5002438480068B0F548
:1014D000FA7F05D235480068401C3449086010BDC9
:1014E000002032490860FFF7DBFF0446002C41D0A2
:1014F0002B480088A18888420CD1FFF77BFF044667
:101500003CB1E06C10B1E06CF1F7A9FF2046F1F7B7
:10151000A6FFE4E7F9F7A7F928B1204600F048FC58
:10152000E078401CE070E07814280CDDFFF762FFE3
:1015300004463CB1E06C10B1E06CF1F790FF20463E
:10154000F1F78DFFCBE72078012806D104F10800E0
:1015500018B1E08808B1E06C60B9FFF74BFF0446B2
:101560003CB1E06C10B1E06CF1F779FF2046F1F787
:1015700076FFB4E700BFB2E710B50024FFF7E9FE3D
:1015800004462CB1208800F02EFC2046F1F767FFBE
:1015900010BD10B5FFF797FFFFF7EEFF10BD00007D
:1015A000C0090020C4090020180A00206C0A00208D
:1015B00010B502460B461146042B02D3887840082A
:1015C00010B14FF0FF3010BD887800F00100FE4CE4
:1015D0002071C8786071C87810B16FF00100F2E72F
:1015E0000120F94C2070FF20EDE770B504460D4650
:1015F0002646042D01D2012070BDF348C088401C4E
:10160000F149C880F178B07801EB002081B2EE4852
:10161000018101460889FFF799FEFF20ECE72DE9DB
:10162000F04106460F463546FEF74CFF804608F16E
:101630000400B84203D94FF0FF30BDE8F081E24822
:101640008089401C81B2E0488181E978A87801EB6B
:10165000002081B2DC48C18100240DE0281D015D1D
:10166000D94810300155281D005D802802D16FF047
:101670000100E2E7601CC4B24445EFDB0120D2491F
:101680008872FF20D9E70246022902DA4FF0FF30C4
:101690007047507810B16FF00100F9E70120CA4B94
:1016A00098741846808A401C83B2C7488382FF2002
:1016B000EEE770B504460D4620783A2840D008DCA5
:1016C00020280FD0302831D0322834D0332846D1CA
:1016D0003BE03B283ED040280DD0902814D0D028A5
:1016E0003DD11AE029462046FFF762FF002801DDC0
:1016F000202070BD35E029462046FFF776FF002800
:1017000001DD4020F5E72CE029462046FFF787FF62
:10171000002801DD9020ECE723E029462046FFF772
:10172000B2FF002801DDD020E3E71AE00120A6493E
:1017300088743020DDE70120A34988743220D8E77F
:101740000120A14988743A20D3E701209E4988747A
:101750003320CEE701209C4988743B20C9E7002054
:10176000C7E700BF0020C4E710B5024600210020F3
:101770000023491C545C04F08004002C2ED0545CDF
:1017800004F07F040444A0B24C1CA1B2545C04F0E9
:101790008004ECB1545C04F07F0400EBC414A0B2EC
:1017A0004C1CA1B2545C04F080045CB1545C00EBAE
:1017B0008434A0B24C1CA1B2545C00EB4454A0B2DF
:1017C00004230DE00323545C00EB8434A0B207E053
:1017D0000223545C00EBC414A0B201E00123505C6E
:1017E00010BD024600210020491C535C03F0800319
:1017F0009BB14B1C99B2535C03F080035BB14B1C53
:1018000099B2535C03F080031BB14B1C99B20420C6
:1018100004E0032002E0022000E0012070472DE9EF
:10182000F04307468846144600250026A946204670
:10183000FFF7D7FF0646042E02DD0120BDE8F08346
:10184000601C30444178601C805D01EB00201FFA71
:1018500080F9C14501D00220F0E700250AE0795D5A
:10186000601C3044801C405D814201D00320E5E7CC
:10187000681C85B24D45F2DB0020DFE72DE9F04121
:1018800080460C46002500272046FFF7AAFF0546A4
:10189000042D02DD0020BDE8F081601C2844417861
:1018A000601C405D01EB0020C7B2B8F1010F18D1F8
:1018B0000220F1F7E4FD064676B1601C2844801C46
:1018C00038444178601C2844801CC05D01EB002036
:1018D00030803046FFF765FDE81C3844801C044426
:1018E00002E0E81C384404442046D4E70146374867
:1018F0004078364A1278904204D13448408808B97A
:10190000FF20704731484278001D40F82210001F28
:101910004078401C2D4A507010464088401E508030
:1019200010464078202801D1002050700120E8E7BF
:1019300026484078254A1278904205D123484088AD
:10194000202801D10020704720480278001D50F85F
:1019500022100022001F0378001D40F82320001FE2
:101960000078401C194A107010464088401C508076
:1019700010460078202801D1002010700846E2E7C8
:1019800000B5FFF7D5FF00BD2DE9F0410546002465
:101990000026284603F019FB0746F1F770FD0446C0
:1019A00014B90120BDE8F081284603F00EFB07467C
:1019B0003A4629462046F1F77BFC2046FFF796FF82
:1019C0000646FF2E0AD103E012AB0020700A002069
:1019D00014B12046F1F743FD0220E3E70020E1E7E0
:1019E00070B50446002500262046FFF7FAFE05469E
:1019F000042D01DD002070BD601C28444178601C6E
:101A0000405D01EB0020C6B23046F4E72DE9F0411D
:101A100004460D464FF00008002600272846FFF731
:101A2000A3FE06462846FFF7DBFF074624B9B81C8D
:101A3000301A1FFA80F803E0381D301A1FFA80F8B8
:101A40004046BDE8F0812DE9FF5F05460C460026C3
:101A50000027002003908246814602908046019034
:101A6000FBF74FFC18B9002004B0BDE8F09F2DE152
:101A7000002C01DC3046F7E72846FFF775FE03909F
:101A80002846FFF7AEFE8246BAF1040F03DD6D1C57
:101A9000601E84B21AE10AF10100039908441FFA9A
:101AA00080F9A14503DD6D1C601E84B20EE1E1B238
:101AB0002846FFF7FEFD029002983B287DD00CDC03
:101AC00032287BD004DC202810D0302877D112E0D7
:101AD00033287FD03A28F9D17DE0402807D09028DC
:101AE00006D0B02805D0D028F0D103E0E4E0E3E050
:101AF000E2E0E1E0E0E0764A12681189744A126897
:101B000002F10B002A46FFF78AFE0190704A126824
:101B100011896F4A126802F10B002A46FFF77FFE17
:101B200098B929460020FFF7A9FE07460FB9022001
:101B30009AE73846FFF728FF8046B8F1000F01D03A
:101B4000032091E7701CC6B242E0614A12685268F5
:101B500011895F4A1268526802F10B002A46FFF7AA
:101B60005EFE98B929460020FFF788FE07460FB9A8
:101B7000022079E73846FFF707FF8046B8F1000FEB
:101B800001D0032070E7701CC6B221E0514803F079
:101B90001CFA1FFA80FB2A4659464E48FFF73FFEC3
:101BA00090B929460020FFF731FF834629460020DF
:101BB000FFF764FE5946009003E00DE009E074E091
:101BC00008E0FFF7C9F803E06D1C601E84B27DE0F9
:101BD00072E000BF00BF00BF3D4A126811893C4A55
:101BE000126802F10B002A46FFF719FE0190384AED
:101BF00012681189364A126802F10B002A46FFF773
:101C00000EFE98B929460120FFF738FE07460FB9A6
:101C1000022029E73846FFF7B7FE8046B8F1000FEB
:101C200001D0032020E7701CC6B23DE0284A1268AC
:101C300052681189264A1268526802F10B002A463E
:101C4000FFF7EDFD98B929460120FFF717FE07467B
:101C50000FB9022008E73846FFF796FE8046B8F134
:101C6000000F01D00320FFE6701CC6B21CE019482B
:101C700003F0ABF91FFA80FB2A4659461548FFF7D7
:101C8000CEFD68B929460120FFF7C0FE83462946EC
:101C90000120FFF7F3FD59460090FFF75DF803E0E0
:101CA0006D1C601E84B211E006E0002C03DD6D1C8B
:101CB000601E84B20AE000BF00BF4D44A4EB0900DF
:101CC00084B2002003908246814600BFD0E6000027
:101CD00084AA0020D0AA002008B550A00068009077
:101CE00002216846FBF70CFC08BD08B54CA0006853
:101CF000009002216846FBF703FC08BD70B5002484
:101D000000254848C078C0F3800008B1FEF7DAFC2F
:101D1000FFF7AFF805462846F1F7B1FB044604B9D2
:101D200070BDFEF799FD2046FFF7B1F82946204621
:101D3000FBF7E6FB2046F1F792FB00BFF0E770B53A
:101D400000240025FEF790FD3648C078C0F38000DF
:101D500008B1FEF7B7FCFFF78CF805462846F1F707
:101D60008EFB044604B970BD2046FFF790F8294663
:101D70002046FBF7C5FB2046F1F771FB00BFF2E7F9
:101D800070B500240025FFF778FA05462846F1F7DC
:101D900076FB044604B970BD2046FFF77CFA29465D
:101DA0002046FBF7ADFB2046F1F759FB00BFF2E7F9
:101DB00070B50646002400253046FFF7B4F9054605
:101DC0002846F1F75CFB044604B970BD2146304655
:101DD000FFF7B9F929462046FBF792FB2046F1F7B9
:101DE0003EFB00BFF1E770B5044600250026FFF773
:101DF00065F906463046F1F742FB054605B970BD68
:101E000021462846FFF75CF931462846FBF778FB68
:101E10002846F1F724FB00BFF1E70000C0000000F6
:101E2000E000000014A900203EB504466846F6F71D
:101E30005DFE9DF80200A0719DF8010060719DF8A3
:101E4000000020719DF80700E0709DF80600A0706A
:101E5000BDF80400208000203EBD7CB50446A0797A
:101E60006179CDE900102379E278A1782088F6F72E
:101E700025FE00207CBD1CB5024600BF93798C79FD
:101E8000A34206DB93798C791B1BDBB28DF80630FD
:101E90000AE08B79C3F13C0394792344DBB28DF8DB
:101EA000063053795B1E537153794C79A34206DB9C
:101EB00053794C791B1BDBB28DF805300AE04B7966
:101EC000C3F13C0354792344DBB28DF80530137918
:101ED0005B1E137113790C79A34206DB13790C791D
:101EE0001B1BDBB28DF8043007E00B79C3F118033C
:101EF00014792344DBB28DF804309DF80430C3EB31
:101F000003139B00C3EB03139B009DF80540C4EB38
:101F1000041403EB84039DF8064018191CBD024607
:101F200010790B79984201DD0120704710790B7907
:101F3000984202DA4FF0FF30F7E750794B79984238
:101F400001DD0120F1E750794B79984202DA4FF038
:101F5000FF30EAE790798B79984201DD0120E4E7D0
:101F600090798B79984202DA4FF0FF30DDE700205C
:101F7000DBE70146088840F63402904204DC08881A
:101F800040F2E372904202DA4FF0FF3070478878F7
:101F90000C2802DC8878012802DA4FF0FF30F5E7E0
:101FA000C8781F2802DCC878012802DA4FF0FF3019
:101FB000ECE70879172802DC0879002802DA4FF0EC
:101FC000FF30E3E748793C2802DC4879002802DA50
:101FD0004FF0FF30DAE788793C2802DC8879002866
:101FE00002DA4FF0FF30D1E70020CFE710B5064806
:101FF000FFF71AFF0448008840F2E371884201DAD3
:10200000012010BD0020FCE7F40A002070B5054651
:102010000C46F948007808B1FF2070BD2046F1F762
:102020002EFAF54988600846806808B9FF20F4E771
:10203000F149224688682946F1F73AF90120EE492C
:10204000087000BFE9E7EC48007808B90020704745
:102050000020E949087008468068F8E710B5E749AC
:102060000868F1F7FCF9E5494868F1F7F8F9E34940
:102070008868F1F7F4F9E249886CF1F7F0F910BDDE
:102080002DE9F04104460E461546DD48007810B9AA
:10209000DB48407810B10020BDE8F081206820B115
:1020A000606810B1A06800B10DB9FF20F4E72068A6
:1020B00002F08BFF0746F1F7E2F9D049086060684B
:1020C00002F083FF0746F1F7DAF9CC494860A068CF
:1020D00002F07BFF0746F1F7D2F9C84988604FF458
:1020E0000170F1F7CCF9C6498864C448806840B1F2
:1020F000C248406828B1C148006810B10846806CE9
:1021000018B9FFF7ABFFFE20C6E7206802F05DFFBD
:102110000746BA4A216810683A46F1F7C9F860687C
:1021200002F053FF0746B54A616850683A46F1F736
:10213000BFF8A06802F049FF0746B04AA16890685E
:102140003A46F1F7B5F8142204F10C01AB480C3013
:10215000F1F7AEF8AA48C56186610120A849087068
:1021600000BF99E738B5FEF7E9FB00B938BDA448D0
:10217000007818B9A248407800B9F7E7A04800787D
:1021800018B900209E494870D8E19D48407806283B
:102190007ED2DFE800F003466173D3FD97494868BB
:1021A00098A102F0DCFE40B39448816897A003F048
:1021B00043F870B1012092494870964990484164B3
:1021C00000210164806958B38D488169383088479F
:1021D00026E0FFF743FF8F496631894841640221B9
:1021E0000164806918B186488169383088470020C9
:1021F000834908700520487012E0FFF72FFF8549DA
:1022000065317F48416402210164806918B17C48CE
:102210008169383088470020794908700520487066
:102220008BE1F1F70BFA00217548C1628162002051
:10223000734908620021724841620163806C001D8D
:102240006F4948630020896C08806D49896C48801B
:1022500002206B49487070E100216948C1628162C7
:10226000002067490862002165484162016303203C
:102270006349487000204861C86000BF60484069F9
:10228000802847DA5E484069401C5D49486100E0AB
:102290004EE15A48C068896B401AB0F5007F0AD2F7
:1022A0005648C0685649896B401A5549896B08449D
:1022B0005349886005E05248806B00F50070504932
:1022C00088604F48C0694E4C0090A468631E4C4C17
:1022D000A26B4A4C2168606800F03AF9401C98B93A
:1022E000FFF7BCFE4B496731454841640221016458
:1022F000806918B1424881693830884700204049D8
:1023000008700520487018E004203D4948700020FE
:10231000C86012E0FFF7A2FE3E49683138484164C8
:1023200002210164806918B13548816938308847D5
:1023300000203349087005204870FEE03048C0682E
:102340000A2869DA2E48C068401C2D49C860FFF78A
:102350007AFE0446002C7DD029492031204600F029
:102360002BF9C5B22046F1F77AF8281D062872D25B
:10237000DFE800F0C3BFBBB7C7032148006A1F49AD
:10238000C968884268D11E48806A1D49896800E092
:10239000BDE08842F6D11A48406A1949896B8842E3
:1023A000F0D11748816BC06A08441449C968884253
:1023B00052D81348816BC06A0844114988630846A3
:1023C000808D896C48800E49886CF1F73DF920BBFF
:1023D000FFF744FE0F496931094841640221016455
:1023E000806918B10648816938308847002004495F
:1023F000087005204870B9E694AB002028AB002097
:1024000048AB002058594A5F5600000056322E3320
:102410002E300000C0D4010075E04948806C00886F
:10242000401C4749896C08804548806B4549C9680C
:10243000884227D24248806B642148434149C96899
:10244000B0FBF1F13E48C06B814217D03C48806B35
:10245000642102E056E054E034E048433949C96859
:10246000B0FBF1F13648C163374941640121016491
:10247000806918B132488169383088470220304974
:1024800048702DE02E48806B2E49C968884227D1BC
:102490002C480C30F1F7BFF820B1052028494870CE
:1024A00000204860FFF7DAFD2749254841640221F2
:1024B00001646421C163806990B121488169383029
:1024C00088470DE004201E49487020491C4841649B
:1024D00001210164806918B1194881693830884741
:1024E0000FE00420164948700BE00420144948709E
:1024F00007E004201249487003E0042010494870A6
:1025000000BF00BF02E003200D49487015E00C48F1
:102510004068052805DA0A484068401C08494860B8
:1025200005E0F0F7DFFF002005490870487004E07F
:10253000002003490870487000BF00BF00BF15E6C7
:1025400048AB002028AB0020C0D4010056D60100C3
:102550002DE9FE4F04460D4616461F46DDF8309025
:102560004FF48060F0F78BFF8046B8F1000F03D185
:102570004FF0FF30BDE8FE8F4A482B4622464A49BD
:10258000CDE900670290404602F054FBB9F1000F1C
:102590000AD0404602F019FD824651464046C847DF
:1025A0004046F0F75CFF05E04046F0F758FF6FF05B
:1025B0000100DFE70120DDE72DE9F04106460D4689
:1025C000002706B11DB94FF0FF30BDE8F08137A1FB
:1025D000304602F0C4FC044614B94FF0FF30F4E773
:1025E00004F1090002F0AEFC286133A104F10900F6
:1025F00002F0B5FC044614B96FF00100E5E733A121
:10260000304602F0ACFC044614B96FF00200DCE77F
:1026100004F1100002F096FCE86031A1304602F0AF
:102620009EFC044614B96FF00200CEE704F11500D9
:1026300002F088FC686030A104F1150002F08FFC04
:10264000044614B96FF00200BFE7601C02F07AFC88
:10265000401CA86029A1601C02F081FC044614B94A
:102660006FF00200B1E7601C02F06CFC286024A14E
:10267000304602F074FC044614B96FF00200A4E77F
:10268000686920B9E86810B16FF003009DE7201D6C
:1026900002F09BFC0746211DEA686869F0F708FE16
:1026A000012092E798060020F48401084854545011
:1026B0002F312E31200000003230362050617274EC
:1026C00069616C20436F6E74656E7400436F6E7445
:1026D000656E742D4C656E6774683A2000000000CA
:1026E000436F6E74656E742D52616E67653A206239
:1026F00079746573200000002D0000002F00000099
:102700000D0A0D0A00000000FE4908607047FE49EE
:1027100008607047FD4908607047FD4908607047D0
:10272000FC4908607047FC4908607047FB49086035
:102730007047FB4908607047FA4908607047FA49DA
:1027400008607047F94908607047F94908607047A8
:10275000F84908607047F84908607047F749086011
:102760007047F74908607047F64908607047F649B6
:1027700008607047F548807870470020F3498870FA
:102780007047F24908800021F04A91707047F04884
:10279000807870470020EE4988707047EC490880C7
:1027A0000021EB4A9170704770B5044600256179AD
:1027B000207901EB002085B2E078822802D08328BE
:1027C00075D103E00120E149887019E1E0480088F3
:1027D000A84202D10120DE49887045F64001681AFE
:1027E0008D4270D01DDC45F23071A5EB01008D42A9
:1027F0005ED00DDCA5F58040A0F5A150A8B3E0287F
:1028000028D0B0F5987F31D0B0F5407F73D143E048
:10281000202859D0502862D0602861D0E028F5D116
:102820006BE0902868D008DC102871D0302870D078
:1028300060286FD07028E9D19CE0D0286BD0F028B8
:102840006AD0B0F5BF5F68D0A0F5B850F038002866
:10285000DCD1C6E0BA48006830B1A078C01EC1B271
:10286000201DB74A12689047C7E00AE0B5480068E3
:1028700030B1A078C01EC1B2201DB24A1268904784
:10288000BBE0B148006830B1A078C01EC1B2201DC5
:10289000AD4A12689047B0E0A648006830B1A07811
:1028A000C01EC1B2201DA34A12689047A5E0A6E051
:1028B000A148006830B1A078C01EC1B2201D9E4A58
:1028C0001268904799E029E09C48006830B1A078F0
:1028D000C01EC1B2201D994A126890478DE08CE05D
:1028E0009248006830B1A078C01EC1B2201D8F4A46
:1028F0001268904781E07FE047E08D48006830B182
:10290000A078C01EC1B2201D894A1268904774E0A9
:102910000FE019E023E043E04DE057E08048006815
:1029200030B1A078C01EC1B2201D7D4A1268904708
:1029300063E07C48006830B1A078C01EC1B2201DA1
:10294000784A1268904758E07748006830B1A0781C
:10295000C01EC1B2201D744A126890474DE06D48F8
:10296000006830B1A078C01EC1B2201D694A12684B
:10297000904742E06848006830B1A078C01EC1B2FC
:10298000201D654A1268904737E06448006830B1FE
:10299000A078C01EC1B2201D604A126890472CE08A
:1029A0005B48006830B1A078C01EC1B2201D584AF3
:1029B0001268904721E05548006830B1A078C01EE9
:1029C000C1B2201D514A1268904716E04E48006877
:1029D00030B1A078C01EC1B2201D4B4A126890478A
:1029E0000BE04848006830B1A078C01EC1B2201D7D
:1029F000444A1268904700E000BF00BF00E000BFFB
:102A000000BF70BD2DE9F0410446002500270026D7
:102A10005048007801280FDA5A2C09D14E484D4908
:102A2000097844544B480078401C4A490870C7E074
:102A3000002048490870C3E04648007802280FDAB1
:102A4000A52C09D1444843490978445441480078A9
:102A5000401C40490870B3E000203E490870AFE0D8
:102A60003C48007803280FDAFA2C09DA3A48394949
:102A70000978445437480078401C364908709FE074
:102A80000020344908709BE032480078042811DAAD
:102A9000822C01D0832C09D12F482E490978445427
:102AA0002C480078401C2B49087089E000202949F7
:102AB000087085E027480078FF2809DA264825496C
:102AC0000978445423480078401C2249087002E0E9
:102AD0000020204908701F480078C01E1E498978D0
:102AE00088426DDB1C488078801E81B21A48C01C69
:102AF00000F01EF9074617480078401E1649095C89
:102B000014482BE0480B00204C0B0020440B002005
:102B1000400B0020340B0020380B00203C0B002021
:102B2000280B00202C0B0020300B0020200B002055
:102B3000240B0020140B0020180B00201C0B00207D
:102B4000080B00200C0B0020100B0020FE0A0020B8
:102B5000020B0020FC0A0020A0AC00200078801EA0
:102B60001D4A105C01EB002086B2B74225D1104609
:102B70004178007801EB00201849088010468078E1
:102B800088701046C078C870002507E0281D1249DB
:102B9000095C1248001D4155681CC5B20F48807879
:102BA000C01EA842F2DC0D48A0F8FE6000200C49CF
:102BB00008700A48FFF7F8FD02E000200849087095
:102BC000BDE8F08110B50120F6F7BCF9AFF2CB11EA
:102BD0000120F6F7C5F910BDA0AC0020A0AB002085
:102BE000FC0A002070B5054600242888C11700EBB8
:102BF0001161C1F30721404A1155641C2888C1178F
:102C000000EB11610912A0EB01211155641CA87899
:102C100011460855641CE8780855641C002607E036
:102C2000281D805D34490855601CC4B2701CC6B2B2
:102C3000A878C01EB042F3DCB5F8FE00C11700EB67
:102C40001161C1F307212C4A1155601CC4B2B5F8BB
:102C5000FE00C11700EB11610912A0EB0121115513
:102C6000601CC4B2224624490120F6F7EFF970BD7A
:102C70002DE9F04106460F46154645F6A5201F49A9
:102C80000880E81C88700846C670002405E0395D9D
:102C90001A48001D0155601CC4B2AC42F7DB17484E
:102CA0008078801E81B21548C01C00F041F813499D
:102CB000A1F8FE000846FFF795FFBDE8F08170B56A
:102CC00004460D46217862788818FFF75AFD2A4697
:102CD00021468320FFF7CCFF70BD70B504460D463A
:102CE000217862788818FFF74CFD2A462146822019
:102CF000FFF7BEFF70BD0000A0AE0020A0AD002019
:102D000070B502460C46FF25FF2309E012F8010BBF
:102D100080EA03010E48405C80EA05030D48455CEB
:102D20002000A4F10106B4B2F0D143EA052070BD41
:102D3000F0B506460F460024002539463046FFF719
:102D4000DFFF04462512E0B245EA00252846F0BD23
:102D5000500B0020500C00200022FD4B9A720122E3
:102D60001A70704770B504460D46F2F71CF9F84921
:102D7000888108468089897A01EB8101A0EB4100B6
:102D800030B1F348807A401CF14988720120087004
:102D900070BDEF4A927A22B1ED4A927A521EEC4B04
:102DA0009A720122EA4B1A707047704770B5044658
:102DB0000D46F4F773FE70BD70B505460E4606B9B4
:102DC00070BD4021E34802F00FFA00240BE0E01C44
:102DD000285CFF2804D0E01C285CDE49085500E090
:102DE00004E0601CC4B2F01EA042F0DC00BF00BFD3
:102DF000E6E770B505460E4606B970BD0A21D5480E
:102E0000403002F0F1F900240CE0E01C285CFF28BF
:102E100005D0E01C295CCF484030015500E004E0BB
:102E2000601CC4B2F01EA042EFDC00BF00BFE4E7AC
:102E300070B504460D46C748F2F725F870BD10B5C9
:102E4000024601B910BDC44B00241C605C609C604C
:102E5000DC6000200BE0C31CD35CFF2B04D0C31C40
:102E6000D35CBD4C235400E004E0431CD8B2CB1E1D
:102E70008342F0DC00BF00BFE4E710B5024601B9B1
:102E800010BDB54B00241C615C619C61DC610020BD
:102E90000CE0C31CD35CFF2B05D0C31CD45CAE4B31
:102EA00010331C5400E004E0431CD8B2CB1E834214
:102EB000EFDC00BF00BFE3E770B504460D46A6484F
:102EC000F2F700F870BD10B5024609B1112900DA19
:102ED00010BD002005E0C31CD35CA04C2354431C50
:102EE000D8B21828F7DB00BFF2E770B504460D46EC
:102EF00018219A48F1F715FF182145F2907001F05A
:102F00009CFD70BD10B5024601B910BD0024944B64
:102F100083F83E40002014E0C31CD35CFF2B0DD08F
:102F2000C31CD45C8E4B2A331C542A3B93F83E308E
:102F30005B1CDCB28A4B83F83E4000E004E0431C9B
:102F4000D8B2CB1E8342E7DC00BF00BFDDE710B57F
:102F5000024601B910BD0024814B83F85340002084
:102F600014E0C31CD35CFF2B0DD0C31CD45C7C4B82
:102F70003F331C543F3B93F853305B1CDCB2784B1F
:102F800083F8534000E004E0431CD8B2CB1E8342D8
:102F9000E7DC00BF00BFDDE770B505460E46002444
:102FA00006E06F482A30005D6D490855601CC4B2C8
:102FB0006B4890F83E00A042F3DC694890F83E0070
:102FC00067490875002406E065483F30015D2A38EE
:102FD0000155601CC4B2624890F85300A042F3DC73
:102FE0005F4890F853005E4981F829000846F1F7E0
:102FF00097FF70BD10B5024601B910BD0024584BB3
:1030000083F83E40002014E0C31CD35CFF2B0DD09E
:10301000C31CD45C524B2A331C542A3B93F83E30D9
:103020005B1CDCB24E4B83F83E4000E004E0431CE6
:10303000D8B2CB1E8342E7DC00BF00BFDDE710B58E
:10304000024601B910BD0024454B83F853400020CF
:1030500014E0C31CD35CFF2B0DD0C31CD45C404BCD
:103060003F331C543F3B93F853305B1CDCB23C4B6A
:1030700083F8534000E004E0431CD8B2CB1E8342E7
:10308000E7DC00BF00BFDDE70022354B83F85520A9
:1030900083F85620A3F85820012283F85420704763
:1030A00010B52F4890F85400002878D02C4890F89C
:1030B00055000C2874D2DFE800F006747E88929CDC
:1030C000A6B0BAC4CED62648017D90F83E00814213
:1030D00006D1234890F8291090F8530081420AD075
:1030E00000201F49A1F8580081F8560081F85500CA
:1030F00081F8540010BD002412E01948015D2A3007
:10310000005D81420AD000201549A1F8580081F8DD
:10311000560081F8550081F85400EBE7601CC4B2FA
:103120000F48007DA042E8DC00241DE00C4815306B
:10313000015D2A30005D814214D000200849A1F8C9
:10314000580081F8560081F8550081F85400D1E705
:10315000A4B1002050B1002030B1002010B10020F7
:10316000B6B00020601CC4B2FB4890F82900A04211
:10317000DCDC0120F84981F855001421F6482A309A
:1031800002F010F80021F44880F83E1014213F307E
:1031900002F008F80021F04880F85310A1E0A1E007
:1031A0009EE014214FF4AA4001F047FC0220EA49B6
:1031B00081F8550095E0142145F2505001F03DFC96
:1031C0000320E54981F855008BE0142145F2207079
:1031D00001F033FC0420E04981F8550081E014211E
:1031E00045F2307001F029FC0520DB4981F85500DB
:1031F00077E0202145F2907001F01FFC0620D649AF
:1032000081F855006DE0142145F6400001F015FCF1
:103210000720D14981F8550063E0142145F650009C
:1032200001F00BFC0820CC4981F8550059E0202121
:1032300045F6A00001F001FC0920C74981F85500BE
:103240004FE00A2145F6B00001F0F7FB0A20C24921
:1032500081F8550045E0022001F0DCFB0B20BE495F
:1032600081F855003DE0FFF785FA68B10020F7F7D7
:1032700001FA0020B849A1F8580081F8560081F8F9
:10328000550081F854002AE0B348B0F8580064288B
:1032900007DAB148B0F85800401CAF49A1F858000F
:1032A0001DE00020AC49A1F85800084690F85600EF
:1032B000022809DA084690F85600401C81F85600AA
:1032C000002081F855000AE06820F7F7D3F90020C4
:1032D000A14981F8560081F8550081F8540000E0BA
:1032E00000BF00BF00BF05E7F0B505AC70CC9B4F39
:1032F000F88039727A72BB72FC723D737E7300275C
:10330000DFF858C28CF801708CF80270ACF80470C9
:1033100001278CF80070F0BD3EB590480078002879
:1033200048D08E48407810B1012842D113E08B4834
:10333000407B8A49097B894AD27A884CCDE90021B1
:103340000290A37A627A217AA07901F002FA012030
:10335000214648702DE0FFF70DFA48B10020F7F73D
:1033600089F900207D4988808870487008701FE0C6
:103370007A488088642805DA78488088401C774934
:10338000888015E0002075498880084680780228EA
:1033900006DA08468078401C88700020487007E0F4
:1033A0006820F7F767F900206C498870487008704A
:1033B00000BF00BF3EBD6A4988700021684A517055
:1033C000D170918001211170704710B56448007868
:1033D00000283DD06248407810B1012836D107E07E
:1033E0005F49887801F038FA01205D4948702EE085
:1033F000FFF7C0F948B10020F7F73CF90020584921
:103400008880C870487008701FE05548808864281C
:1034100005DA53488088401C5149888015E0002017
:103420004F4988800846C078022806DA0846C078E6
:10343000401CC8700020487007E06820F7F71AF9B0
:1034400000204749C8704870087000E000BF00BF06
:1034500010BD444988700021424A5170D17091805A
:1034600001211170704710B53E48007800283DD00A
:103470003C48407810B1012836D107E039498878B6
:1034800001F0ABF90120374948702EE0FFF772F9DF
:1034900048B10020F7F7EEF8002032498880C87064
:1034A000487008701FE02F488088642805DA2D488E
:1034B0008088401C2B49888015E00020294988809D
:1034C0000846C078022806DA0846C078401CC87052
:1034D0000020487007E06820F7F7CCF80020214969
:1034E000C8704870087000E000BF00BF10BD1E49E2
:1034F000887000211C4A5170D17091800121117097
:10350000704710B518480078002848D01648407811
:1035100010B1012841D107E01349887801F00BFA76
:1035200001201149487039E0FFF724F948B1002023
:10353000F7F7A0F800200C498880C8704870087020
:103540002AE009488088642810DA07488088401CEF
:103550000549888020E00000B6B00020A8B0002017
:10356000560D0020500D0020680D00200020F94964
:1035700088800846C078022806DA0846C078401CD1
:10358000C8700020487007E06820F7F773F8002043
:10359000F049C8704870087000E000BF00BF10BD5F
:1035A0000021ED4A5170917091801146886001218F
:1035B0001170704710B5E848007800283DD0E64803
:1035C000407810B1012836D107E0E349886800F05F
:1035D00003FC0120E04948702EE0FFF7CBF848B12A
:1035E0000020F7F747F80020DB4988808870487092
:1035F00008701FE0D8488088642805DAD64880889B
:10360000401CD549888015E00020D34988800846B1
:103610008078022806DA08468078401C88700020EE
:10362000487007E06820F7F725F80020CA4988703D
:103630004870087000E000BF00BF10BD0021C74AFD
:10364000517091709180114688600121117070470E
:1036500010B5C248007800283DD0C048407810B16D
:10366000012836D107E0BD49886800F091FB0120B0
:10367000BA4948702EE0FFF77DF848B10020F6F710
:10368000F9FF0020B54988808870487008701FE0F5
:10369000B2488088642805DAB0488088401CAF4969
:1036A000888015E00020AD4988800846807802288F
:1036B00006DA08468078401C88700020487007E0D1
:1036C0006820F6F7D7FF0020A4498870487008707A
:1036D00000E000BF00BF10BD10B504460020A049A7
:1036E0004870887088800C2221469D48C01DEFF7E5
:1036F000DFFD01209A49087010BD10B59848007888
:1037000000283DD09648407810B1012836D107E016
:103710009348C01D00F084FB0120914948702EE0C1
:10372000FFF728F848B10020F6F7A4FF00208C49E5
:1037300088808870487008701FE0894880886428F5
:1037400005DA87488088401C8549888015E000207C
:103750008349888008468078022806DA08468078FF
:10376000401C88700020487007E06820F6F782FF50
:1037700000207B4988704870087000E000BF00BFDF
:1037800010BD784988700021764A5170D1709180BF
:1037900001211170704710B5FDF7D0F87249097812
:1037A000884207D0FDF7CAF86F49087008460078CC
:1037B000FFF7E7FF6B48007800283DD06948407864
:1037C00010B1012836D107E06649887801F083F806
:1037D0000120644948702EE0FEF7CCFF48B100207C
:1037E000F6F748FF00205F498880C870487008706D
:1037F0001FE05C488088642805DA5A488088401CAD
:103800005849888015E00020564988800846C078CD
:10381000022806DA0846C078401CC87000204870AC
:1038200007E06820F6F726FF00204E49C870487070
:10383000087000E000BF00BF10BD00214B4A91702E
:103840009180D1701146487001211170704710B5F8
:10385000F2F7A1FF002846D1F6F709FF50B144481E
:10386000007800283FD10120414908700920FFF766
:10387000E4FF38E0FDF762F83E490978884208D154
:103880003B48007828B9F9F78DFE3B490978884212
:1038900029D0F9F787FE38490870FDF74FF8354908
:1038A0000870002032490870FDF748F8C0B1F1F700
:1038B0009CFA50B1F9F776FE18B10220FFF7BDFF70
:1038C00011E00320FFF7B9FF0DE0F1F776FA18B128
:1038D0000520FFF7B2FF06E00420FFF7AEFF02E08D
:1038E0000020FFF7AAFF21480078002851D01F4888
:1038F000807810B101284AD107E01C49487801F0CE
:1039000089F801201949887042E0FEF733FF48B179
:103910000020F6F7AFFE002014498880C870887038
:10392000087033E011488088642805DA0F488088E1
:10393000401C0E49888029E000200C4988800846F8
:10394000C07802281ADA0846C078401CC8700020E7
:1039500088701BE0680D0020B8B10020C4B10020C1
:10396000D0B100205C0D00206E0D0020620D002003
:10397000700D00206F0D0020710D00206820F6F7FB
:1039800079FE0020F549C8708870087000E000BF1B
:1039900000BF10BD10B50246F14B83F806110020A0
:1039A00005E0145CEE4B9B1D1C54431CD8B28842AE
:1039B000F7DB0023EA4C6370A380A370012323701C
:1039C00010BD10B5E648007800283FD0E4484078A4
:1039D00010B1012838D109E0E14890F80611801DA6
:1039E00000F090FE0120DE4948702EE0FEF7C2FE96
:1039F00048B10020F6F73EFE0020D9498880887043
:103A0000487008701FE0D6488088642805DAD448DA
:103A10008088401CD249888015E00020D0498880E9
:103A200008468078022806DA08468078401C8870AC
:103A30000020487007E06820F6F71CFE0020C84907
:103A400088704870087000E000BF00BF10BD0146DC
:103A50000022C44B5A709A709A80002005E00B5CDB
:103A6000C04A921D1354421CD0B22028F7DB012219
:103A7000BC4B1A70704710B5BA48007800283DD08A
:103A8000B848407810B1012836D107E0B548801D0C
:103A900000F022FE0120B34948702EE0FEF76AFED6
:103AA00048B10020F6F7E6FD0020AE498880887016
:103AB000487008701FE0AB488088642805DAA94880
:103AC0008088401CA749888015E00020A54988808F
:103AD00008468078022806DA08468078401C8870FC
:103AE0000020487007E06820F6F7C4FD00209D49DB
:103AF00088704870087000E000BF00BF10BD9A4891
:103B0000007870472DE9F04F09AC94E8F010DDE93A
:103B10000F9ADDF838804FF0000BDFF84CE28EF89A
:103B200001B08EF802B0AEF804B0F346ABF8060070
:103B3000ABF808108BF80A208BF80B308BF80C4090
:103B40008BF80D508BF80E608BF80F708BF810C04F
:103B50008BF811808BF81290CBF814A0DDF844B0EC
:103B6000CEF818B04FF0010B8EF800B0BDE8F08F22
:103B700010B58AB07C48007800285AD07A4840783E
:103B800010B1012853D124E077488069764949690A
:103B9000754A927C744B5B7CCDE90532CDE9071008
:103BA0007148007C7049CA7B897B6F4B5B7BCDE998
:103BB0000131CDE903206C48007B6B4C0090E37A27
:103BC000A27A2189E08800F037FA01202146487066
:103BD0002EE0FEF7CFFD48B10020F6F74BFD0020A8
:103BE000614988808870487008701FE05E4880884E
:103BF000642805DA5C488088401C5B49888015E0B1
:103C000000205949888008468078022806DA08464C
:103C10008078401C88700020487007E06820F6F724
:103C200029FD0020504988704870087000E000BFEE
:103C300000BF0AB010BD10B5FFF75FFD4B4800781C
:103C400000B110BDFFF7BDFE4548007800B1F8E7B0
:103C5000FFF711FF4348007800B1F2E7FFF7F7FDE7
:103C60003E48007800B1ECE7FFF756FB404800788B
:103C700000B1E6E7FFF7ECFC3E48007800B1E0E772
:103C8000FFF798FC3C48007800B1DAE7FFF7EBFB60
:103C90003A48007800B1D4E7FFF797FB384800783E
:103CA00000B1CEE700BFCCE710B53648F1F720F9F8
:103CB00000F06AF8AFF6C340FEF753FDAFF681405F
:103CC000FEF752FDAFF63F40FEF751FDAFF6CB5089
:103CD000FEF73EFDAFF68950FEF73DFDAFF64750CB
:103CE000FEF73CFDAFF62160FEF72CFDAFF6056058
:103CF000FEF72BFDAFF6B960FEF71BFDAFF6856052
:103D0000FEF71AFDAFF64F60FEF719FDAFF65770DC
:103D1000FEF706FDAFF62570FEF705FDAFF6EF6086
:103D2000FEF704FDAFF67B70FEF7F7FCAFF6D77039
:103D3000FEF7F0FCAFF6D370FEF7E6FCAFF6AD7021
:103D4000FEF7E5FCF2F727FD18B10C20FFF775FD33
:103D500002E00020FFF771FD10BD0000620D0020A1
:103D6000A0AF0020F0B1002018B20020D0B1002098
:103D7000A8B00020C4B10020B8B10020500D002030
:103D8000560D0020B6B0002010B5FEF71BFF10BD89
:103D900010B504467120FE49087060204870642008
:103DA00094FBF0F030308870642094FBF0F100FB5D
:103DB00011400A2190FBF1F03030F549C8700A201B
:103DC00094FBF0F100FB11403030F14908710521FE
:103DD000EF48FEF782FF10BD10B504467120EC4994
:103DE000087020204870642094FBF0F03030887018
:103DF000642094FBF0F100FB11400A2190FBF1F0EC
:103E00003030E349C8700A2094FBF0F100FB114008
:103E10003030DF4908710521DD48FEF75EFF10BD37
:103E200010B504467F20DA490870202048702078B9
:103E300088706078C870A0780871E078487120793F
:103E400088716079C871A0790872E0794872207A27
:103E50008872607AC872A07A0873E07A48730E217B
:103E6000CB48FEF73AFF10BD10B57120C849087065
:103E7000802048700221C648FEF72FFF10BD2DE9B3
:103E8000FE4306460F4690461C460A9DC1A207CA3D
:103E90008DE807007120BE490870002048709DF829
:103EA000000088709DF80100C8709DF8020008713C
:103EB0009DF8030048719DF8040088719DF8050085
:103EC000C8719DF8060008729DF8070048723A20F4
:103ED00088720A2096FBF0F03030C8720A2096FBF8
:103EE000F0F100FB11603030A94908732D204873B0
:103EF0000A2097FBF0F0303088730A2097FBF0F12E
:103F000000FB11703030A249C8732D2008740A20BC
:103F100098FBF0F0303048740A2098FBF0F100FB79
:103F2000118030309A4988742C20C8749C48B4FBA6
:103F3000F0F0303008759A48B4FBF0F100FB114006
:103F400042F21071B0FBF1F030309149487542F205
:103F50001070B4FBF0F100FB11404FF47A71B0FB2C
:103F6000F1F030308A4988754FF47A70B4FBF0F183
:103F700000FB11406421B0FBF1F030308449C8757A
:103F80006420B4FBF0F100FB11400A21B0FBF1F01A
:103F900030307F4908760A20B4FBF0F100FB114075
:103FA00030307B4948762C2088767D48B5FBF0F090
:103FB0003030C8767A48B5FBF0F100FB115042F280
:103FC0001071B0FBF1F030307149087742F2107097
:103FD000B5FBF0F100FB11504FF47A71B0FBF1F03A
:103FE00030306B4948774FF47A70B5FBF0F100FB45
:103FF00011506421B0FBF1F03030654988776420BE
:10400000B5FBF0F100FB11500A21B0FBF1F03030AC
:104010005F49C8770A20B5FBF0F100FB1150303042
:104020005B4981F820002E2081F821002221584888
:10403000FEF753FEBDE8FE832DE9F04FA5B0044620
:104040000D4616461F46DDE930ABDDE92E8955A148
:1040500003C9CDE9230155A103C9CDE9210155A12A
:1040600003C9CDE91F0155A207CA1CAB07C356A25D
:10407000D2E900109268CDE91A02199155A30FCB2D
:10408000CDE91723CDE9150156A2D2E90030D2E9D6
:104090000212CDE91130CDE9131256A3D3E9001273
:1040A000D3E90203CDE90F03CDE90D1255A3D3E9FE
:1040B00001021968DB68CDE90B23CDE9091055A38E
:1040C000D3E901211868DB68CDE90713CDE90502C2
:1040D00054A3D3E90021D3E90203CDE90303CDE9D9
:1040E00001212046E11704EB1161090A284A1170E9
:1040F000E11704EB11610912A4EB012151704FF497
:104100007A7095FBF0F03030114688704FF47A7079
:1041100095FBF0F100FB1150642190FBF1F0303081
:104120001146C870642095FBF0F100FB11500A2184
:1041300090FBF1F03030114608710A2095FBF0F148
:1041400000FB11503030114648712D2088710A2033
:1041500096FBF0F03030C8710A2096FBF0F100FBBE
:1041600011603030114608722D2048720A2097FBEA
:10417000F0F0303088720A2097FBF0F100FB1170EC
:1041800030301146C872202008730A2052E0000027
:1041900034B20020B9CAD5CFD0C5CFA200000000EC
:1041A000A0860100BBF5B9F1BAC53A00B2E3BCDCA8
:1041B000BAC53A00BBF5B5C0BAC53A00B3F6BBF50F
:1041C000B3C9B9A600000000B3F6BBF5CAA7B0DCBE
:1041D00000000000BAECCDE2BCECB2E2B3C9B9A673
:1041E00000000000BAECCDE2BCECB2E2CAA7B0DC41
:1041F00000000000BAECCDE2C4A3BFE9B9CAD5CF34
:1042000000000000BBF5B5C0B5E7BBFAD5FDB3A310
:1042100000000000BBF5B5C0B5E7BBFAB3ACCAB14E
:1042200000000000BBF5B5C0B5E7BBFAC0EBCFDFBF
:104230000000000098FBF0F0303048730A2098FB33
:10424000F0F100FB11803030114688733A20C873BA
:104250000A2099FBF0F0303008740A2099FBF0F145
:1042600000FB11903030114648743A2088740A20BF
:104270009AFBF0F03030C8740A209AFBF0F100FB92
:1042800011A0303011460875202048755B208875D4
:104290009DF88C00C8759DF88D0008769DF88E00FD
:1042A00048769DF88F0088769DF89000C8769DF836
:1042B000910008779DF8920048770A209BFBF0F068
:1042C000303088770A209BFBF0F100FB11B03030D2
:1042D0001146C8772C2081F820009DF8840081F8D1
:1042E00021009DF8850081F822009DF8860081F864
:1042F00023009DF8870081F824009DF8880081F84C
:1043000025009DF8890081F826009DF88A0081F833
:1043100027000A21329890FBF1F03030114681F8E5
:1043200028000A21329890FBF1F201FB1200303094
:10433000F94981F829002C2081F82A009DF87C0099
:1043400081F82B009DF87D0081F82C009DF87E00FF
:1043500081F82D009DF87F0081F82E009DF88000E7
:1043600081F82F009DF8810081F830009DF88200CF
:1043700081F831000A21339890FBF1F03030E649A2
:1043800081F832000A21339890FBF1F201FB120010
:104390003030E14981F833002C2081F83400349822
:1043A00018B39DF8700081F835009DF8710081F810
:1043B00036009DF8720081F837009DF8730081F88F
:1043C00038009DF8740081F839009DF8750081F877
:1043D0003A009DF8760081F83B009DF8770081F85F
:1043E0003C002C2081F83D0023E09DF86400CA4980
:1043F00081F835009DF8650081F836009DF866006B
:1044000081F837009DF8670081F838009DF8680052
:1044100081F839009DF8690081F83A009DF86A003A
:1044200081F83B009DF86B0081F83C002C2081F85E
:104430003D00BA493598884234D19DF82400B649E8
:1044400081F83E009DF8250081F83F009DF8260088
:1044500081F840009DF8270081F841009DF8280070
:1044600081F842009DF8290081F843009DF82A0058
:1044700081F844009DF82B0081F845009DF82C0040
:1044800081F846009DF82D0081F847009DF82E0028
:1044900081F848009DF82F0081F849002C2081F810
:1044A0004A006CE09E493598884234D19DF814004A
:1044B000994981F83E009DF8150081F83F009DF86C
:1044C000160081F840009DF8170081F841009DF822
:1044D000180081F842009DF8190081F843009DF80A
:1044E0001A0081F844009DF81B0081F845009DF8F2
:1044F0001C0081F846009DF81D0081F847009DF8DA
:104500001E0081F848009DF81F0081F849002C200A
:1045100081F84A0033E09DF804007F4981F83E00AD
:104520009DF8050081F83F009DF8060081F84000E5
:104530009DF8070081F841009DF8080081F84200CD
:104540009DF8090081F843009DF80A0081F84400B5
:104550009DF80B0081F845009DF80C0081F846009D
:104560009DF80D0081F847009DF80E0081F8480085
:104570009DF80F0081F849002C2081F84A00694914
:104580003698884234D19DF85400634981F84B0035
:104590009DF8550081F84C009DF8560081F84D00BB
:1045A0009DF8570081F84E009DF8580081F84F00A3
:1045B0009DF8590081F850009DF85A0081F851008B
:1045C0009DF85B0081F852009DF85C0081F8530073
:1045D0009DF85D0081F854009DF85E0081F855005B
:1045E0009DF85F0081F856005D2081F857006CE06F
:1045F0004D493698884234D19DF84400464981F8A7
:104600004B009DF8450081F84C009DF8460081F86C
:104610004D009DF8470081F84E009DF8480081F854
:104620004F009DF8490081F850009DF84A0081F83C
:1046300051009DF84B0081F852009DF84C0081F824
:1046400053009DF84D0081F854009DF84E0081F80C
:1046500055009DF84F0081F856005D2081F8570005
:1046600033E09DF834002C4981F84B009DF835006B
:1046700081F84C009DF8360081F84D009DF8370018
:1046800081F84E009DF8380081F84F009DF8390000
:1046900081F850009DF83A0081F851009DF83B00E8
:1046A00081F852009DF83C0081F853009DF83D00D0
:1046B00081F854009DF83E0081F855009DF83F00B8
:1046C00081F856005D2081F8570058211248FEF706
:1046D00004FB25B0BDE8F08F70B5054650200E49AB
:1046E000087000204870002405E0295DA01C0A4ADB
:1046F0001154601CC4B2202CF7DB22210648FEF7BF
:10470000ECFA70BD70B506460C465220024908709E
:104710004020487000250FE034B20020888A010054
:10472000B58B0100708E010001900100715DA81C25
:10473000D24A1154681CC5B2A542F7DBFF21A01C68
:10474000CE4A1154E01C1154211D1046FEF7C5FA43
:1047500070BD2DE9F04705460E4614469A46DDE940
:104760000989089F0020C54908709C2048705A207C
:104770008870A520C870642095FBF0F100FB1150F3
:10478000BE4908710D2096FBF0F100FB1160BB499A
:1047900048712046E11704EBD1614911A4EB4111A6
:1047A000B64A9171182097FBF0F100FB1170114689
:1047B000C8713C2098FBF0F100FB11801146087293
:1047C0003C2099FBF0F100FB1190114648720A2140
:1047D0001046FEF782FABDE8F0873EB50446A8A071
:1047E00000680290A7A103C9CDE90001FF2C15D1F3
:1047F0005020A2490870802048709DF80000887001
:104800009DF80100C8709DF8020008719DF8030032
:10481000487106219948FEF760FA1CE0632C00DD20
:1048200063245020954908708020487020208870AB
:104830000A2094FBF0F03030C8700A2094FBF0F1AD
:1048400000FB114030308D4908712020487106214D
:104850008A48FEF742FA3EBD3EB5044688A000688D
:10486000029088A103C9CDE90001FF2C15D17F205A
:1048700082490870F02048709DF8000088709DF80B
:104880000100C8709DF8020008719DF8030048718E
:1048900006217A48FEF721FA1CE0632C00DD632430
:1048A0007F2076490870F0204870202088700A2008
:1048B00094FBF0F03030C8700A2094FBF0F100FB5C
:1048C000114030306D4908712020487106216B4835
:1048D000FEF703FA3EBD1FB504466CA003C8CDE940
:1048E0000201AFF2B86103C9CDE90001502063496C
:1048F00008706020487064B19DF8080088709DF8C9
:104900000900C8709DF80A0008719DF80B004871F5
:104910000CE09DF80000594988709DF80100C870AE
:104920009DF8020008719DF8030048710621534864
:10493000FEF7D3F91FBD10B588B0044655A1D1E9E3
:104940000023D1E90201CDE90423CDE9060155A3F5
:10495000D3E90012D3E90203CDE90203CDE9001245
:104960005120464908700020487044B39DF800006B
:1049700088709DF80100C8709DF8020008719DF8CC
:10498000030048719DF8040088719DF80500C87106
:104990009DF8060008729DF8070048729DF808000F
:1049A00088729DF80900C8729DF80A0008739DF886
:1049B0000B0048730E213148FEF78FF928E09DF86F
:1049C00010002E4988709DF81100C8709DF81200E3
:1049D00008719DF8130048719DF8140088719DF8C6
:1049E0001500C8719DF8160008729DF817004872EE
:1049F0009DF8180088729DF81900C8729DF81A0079
:104A000008739DF81B0048730E211C48FEF765F9DA
:104A100008B010BD10B50446002018490870842065
:104A200048705A2088700120C8700020087108461C
:104A300044710621FEF751F910BD70B504460D46CC
:104A40002046E11704EB1161090A0C4A1170E117C5
:104A500004EB11610912A4EB01215170002605E05D
:104A60002021B01C054A1154701CC6B2AE42F7DBBF
:104A7000A91C0248FEF731F970BD000034B20020D5
:104A8000B6C80000D2ECB3A300000000D4DACFDF38
:104A900000000000C9E8B1B8C9D0CEB4C6F4D3C391
:104AA0000000000020C7EBC9A8C2EBB9BACEEF20C6
:104AB00000000000704770B5064600F009FC05686C
:104AC00006F10B0020F00704B4429CBF002070BD2B
:104AD0002B466A68BAB11068A04210D304F10801ED
:104AE00088423CBF5068586007D351681019416034
:104AF0001168091B016058601460101D70BD1346D9
:104B00005268002AE7D12146284600F0EDFB002834
:104B1000DED170BD70B50446051F00F0D9FB0068FA
:104B2000002C14BF446870BD002C18BFAC423CBFC1
:104B300020466468F8D301680A18AA4218BF456085
:104B400003D12A6805461144016028684119A14231
:104B50001CBF6C6070BD6168696021680844286092
:104B600070BD70B50D460646041F00F0B1FBD0F8CD
:104B700000C0C5B1E6B105F10B0020F00703AB4260
:104B80003CBF002070BD2068984238BFDCF804208C
:104B900013D3C11A08292FD3E01840F8041B23604F
:104BA000FFF7B8FF28E03046FFF7B4FF002070BDE4
:104BB0002846BDE87040FFF77EBF002A18BFA2421A
:104BC0003CBF94465268F8D30119914216D111683E
:104BD0000844984212D3C11A08293CBF206050688B
:104BE00008D35168E0184160216812681144C91A5D
:104BF00001602360CCF80400201D70BD181FFFF772
:104C00005AFF050007D021680A1F211D00F098FAFD
:104C1000201DFFF77FFF284670BD10B5044600F049
:104C20004FFB0068005DC00602D504F1200010BDF6
:104C3000204610BD0FB41CB5084B06AA7B4469463C
:104C40000090059800F005FE04460020694600F03B
:104C500013FE20461CBC5DF814FB0000390C00005C
:104C600070B5044685690068C10601D5302600E0AC
:104C70002026C00707D070BDD4E9012130469047F7
:104C8000206A401C20626D1EF6D570BD70B50446CA
:104C900085690078C00707D170BDD4E901212020C3
:104CA0009047206A401C20626D1EF6D570BD70B51D
:104CB0000C460546012A05D02878800600D5EA6909
:104CC000002302E0012305E05B1C934202D2E05C7A
:104CD0000028F9D1A869E618C01AA861286A184402
:104CE00028622846FFF7BCFF04E0D5E9012114F84B
:104CF000010B9047B442F8D32846FFF7C7FF70BDB9
:104D00002DE9F0410646002410687529314616A5A4
:104D100010D0AFF30080002802DA404213A507E06C
:104D200031688A0701D512A502E0490704D511A50B
:104D3000012401E0AFF3008000210A2206F12407DC
:104D400009E0B0FBF2FCB0FBF2F302FB1C003030D8
:104D500078541846491C0028F3D123462A46304689
:104D6000BDE8F04100F00ABB000000002D0000008B
:104D70002B0000002000000070B504460D462146BF
:104D80001068AFF300802188090502D50F4A7A44E4
:104D900002E00E4A7A440E32002104F1240305E0B9
:104DA00000F00F060009965D5E54491C0028F7D1FB
:104DB00020780023000704D5702D02D009B102230A
:104DC00011322046BDE8704000F0D8BACA35000064
:104DD0002DE9F05F894604464FF0000ADFF824B160
:104DE000FB44C0F820A02046E168884700287DD019
:104DF000252806D0D4E901219047206A401C206272
:104E0000F1E700255F462046E168884720280646EE
:104E100007DB312E05D2B81910F8200C08B1054374
:104E2000F1E7A80701D525F00405C4F81CA0002768
:104E3000C4F818A02A2E09D0304602F0C4FA38B3BC
:104E400004EB8708303EC8F8186019E059F8041BD5
:104E5000204604EB87029161E1688847012F0646EE
:104E600018D1E069002820DA25F020051DE0D8F8E7
:104E7000180000EB800006EB40003038C8F818003E
:104E80002046E1688847064602F09DFA0028EED1E8
:104E9000012F0AD02E2E08D12046E16888477F1CBA
:104EA0000646022F45F02005C4DBA069002803DA7E
:104EB000404245F00105A061E80701D025F010054A
:104EC000A6B1A6F14100192802D8203645F40065A4
:104ED0004A463146204625604D46EBF787F960B1DA
:104EE000012807D0ED1D25F0070000E007E000F1E4
:104EF000080978E705F1040975E730467AE7206A82
:104F0000BDE8F09FA03500000FB400B58DB010A92A
:104F1000099000910B904FF0FF300A9000200C9008
:104F2000064878440690064878446A4607900F99E8
:104F300009A800F015FF0DB05DF814FB5B0E000032
:104F4000730E000070B5064600F0C6F90468054609
:104F500030460A22002100F083FF2C6070BD30B57E
:104F600005460B462A4613F8014B12F8010B08B10F
:104F7000A042F8D01CB1002802D06D1CF1E72846F1
:104F800030BD40EA0103024630B59B0710D14FF017
:104F9000013400E008C208C91D1B9D4315EAC41F67
:104FA000F8D013F0FF0102F8011B0DD01B0AF8E73F
:104FB00011F8013B002B02F8013B05D011F8013B31
:104FC000002B02F8013BF3D130BD10B5431C02E0C9
:104FD00010F8011B71B18107FAD14FF0013202C8FC
:104FE0008C1A8C4314EAC211F9D0C01A0A0603D0F5
:104FF000C01E10BDC01A10BD0A0401D0801E10BD15
:105000000902FCD0401E10BD40EA010370B59B07A9
:105010002ED14FF00136042A2AD308C810C99D1B8F
:105020009D43121F15EAC61517D0D8B2E1B2401A37
:1050300050EA056110D198B2A1B2401A50EA054178
:105040000AD123F07F4024F07F41401A50EA052125
:1050500002D1180EA0EB146070BDA342DBD018BAC9
:1050600021BA884201D9012070BD4FF0FF3070BDD8
:105070000AB9002070BD10F8013B11F8014B63B173
:10508000A3420AD1521E08D010F8013B11F8014B7F
:105090001BB1A34201D1521EEDD1181B70BD421E9F
:1050A00012F8013F002BFBD111F8013B002B02F855
:1050B000013BF9D17047032A40F2308010F0030C15
:1050C00000F0158011F8013BBCF1020F624498BF5B
:1050D00011F801CB00F8013B38BF11F8013BA2F1F8
:1050E000040298BF00F801CB38BF00F8013B11F073
:1050F000030300F02580083AC0F0088051F8043B13
:10510000083A51F804CBA0E80810F5E7121D5CBF7F
:1051100051F8043B40F8043BAFF30080D20724BFB2
:1051200011F8013B11F801CB48BF11F8012B24BF46
:1051300000F8013B00F801CB48BF00F8012B704795
:1051400010B5203AC0F00B80B1E81850203AA0E822
:105150001850B1E81850A0E81850BFF4F5AF5FEA56
:10516000027C24BFB1E81850A0E8185044BF18C909
:1051700018C0BDE810405FEA827C24BF51F8043BB0
:1051800040F8043B08BF7047D20728BF31F8023B04
:1051900048BF11F8012B28BF20F8023B48BF00F898
:1051A000012B70474FF000020429C0F0128010F06C
:1051B000030C00F01B80CCF1040CBCF1020F18BFF3
:1051C00000F8012BA8BF20F8022BA1EB0C0100F086
:1051D0000DB85FEAC17C24BF00F8012B00F8012B59
:1051E00048BF00F8012B70474FF0000200B513468E
:1051F00094469646203922BFA0E80C50A0E80C50F7
:10520000B1F12001BFF4F7AF090728BFA0E80C50A7
:1052100048BF0CC05DF804EB890028BF40F8042BA0
:1052200008BF704748BF20F8022B11F0804F18BF0D
:1052300000F8012B704700004FF0013C50F8042BA0
:1052400051F8043B9A4221D1A2EB0C03934313EA99
:10525000CC1317D150F8042B51F8043B9A4215D1C6
:10526000A2EB0C03934313EACC130BD150F8042B9D
:1052700051F8043B9A4209D1A2EB0C03934313EA81
:10528000CC13DBD04FF00000704700BFD01A01BA3A
:10529000B1FA81F101F0180122FA01F0CB40C1F11D
:1052A0002001DBB2C0B2C01A2CFA01F3D11A91432B
:1052B00011EAC311E6D170477047704770477047D5
:1052C00010B500F009FE001D10BD00BFF121000067
:1052D000004870473CB300200048704734B30020BA
:1052E000704770477047704738B504460A4600203B
:1052F0006946AFF30080002808BF38BD0246009918
:10530000204600F0EDFD012038BD012001F008B974
:10531000F8B5AFF30080054600200C46102000BF12
:105320000646A819A0420DD9324669460020AFF3BF
:105330000080070008BF01F0F3F80098A04218BFF2
:105340000546C419FFF7C4FF05600746F01D20F0AD
:1053500007004619284600F00AF8B44208BFF8BD15
:10536000A21B31463868BDE8F84000F0B9BD002105
:105370000160C0E901107047102070472DE9F04727
:105380000D4699469246044600F1240801688806B5
:1053900004D5E06921F01001216000E00120A8425D
:1053A00001DD471B00E00027A1697A1902EB090023
:1053B000081AA0612078C00602D42046FFF750FCEE
:1053C000002608E0D4E901211AF806009047206A77
:1053D000401C761C20624E45F4DB2078C0060AD5BE
:1053E0002046FFF73DFC06E0D4E90121302090473C
:1053F000206A401C2062381EA7F10107F4DC07E098
:10540000D4E9012118F805009047206A401C206269
:10541000281EA5F10105F3DC2046FFF737FC2078B4
:10542000000602D50220BDE8F0870120FBE77047A7
:105430002DE9FF4F0C461E464FF0FF378BB0D2E9E7
:105440000001DDF860800A908A46C1F30A5505B96B
:105450003D46002108464FF00000BAF1000F00F46D
:10546000400005DA00EB80004FF4400101EA5000F3
:105470004FEA9059B9F1010F00DDB9460A9850EA98
:105480004A000ED044F61050A5F2FF3545432F14C4
:10549000B8F1000F1ED07542291E1EDDC9F10002B1
:1054A0001CE0B8F1010F4FF0000001D0302103E003
:1054B000F24305E02154401CB042FBDB30460022A1
:1054C000002121540B99C1F80880C1E900200FB0D8
:1054D000BDE8F08FBD1B6D1CDEE74A4600DA69426D
:1054E00006A800F0AFFF06AB93E8070003AB83E824
:1054F000070050460A9901F0DFFA8DE80700A0F591
:1055000000501F3800900398002D09DD42F21F0162
:105510004A46084403A90390684601F068FD08E084
:10552000A0F500504A461F3803A90390684601F0D1
:1055300086FD8DE807000004000C03D04FF0FF301B
:10554000410800E01046B8F1000F03D0002200929D
:1055500015461EE0751E05D400F0DCFC30326255A5
:105560006D1EF9D5B3460122084302D000227F1CEC
:1055700004E02078302801D100227F1E002A0997FC
:1055800086D01DE0112D07DA00F0C4FC30326255E0
:105590006D1C50EA0102F5D1084302D00098C8B151
:1055A0000EE00021681E05E0235C625C6354225417
:1055B000401E491C8142F7DBAB46A81B401E0990E8
:1055C000002004F80B000B98099AC0F80880C0E985
:1055D000002B7CE711264FF0000859E72DE9F04F2A
:1055E00088460446D21D22F0070191B0D1E900019E
:1055F000CDE90A0101F06DFE02460B98C00F01D003
:105600002D2007E02068810701D52B2002E0202112
:1056100001EAC000032A099001D0072A05DB0346EE
:105620004146204600F0C4FC0BE12078800601D5FD
:10563000E06900E00620B8F1650F814606D0B8F1B8
:10564000660F18D0B8F1670F70D131E00020B9F1C2
:10565000110F009001DB112301E009F101030AAAF7
:1056600001A90CA8FFF7E4FEDDE90C70002609F1A2
:105670000105834647E001204B4600904FF000476C
:105680000AAA01A90CA8FFF7D3FEDDE90DB00C9919
:105690005D46002610B909F101000D18B9EB0500AF
:1056A00003D4C0F1FF3609F10105A5EB09002BE099
:1056B000B9F1010F01DA4FF001090020B9F1110F22
:1056C0000090484601DD112300E003460AAA01A923
:1056D0000CA8FFF7ADFEDDE90C704D4600268346B1
:1056E000207800070AD4AB4500DA5D4601A8012DF9
:1056F00004DD411911F8011C302907D04F4502DAA9
:1057000017F1040F04DA012082460FE06D1EEEE768
:10571000002F02DCED1B3E4403E0781CA84200DDB4
:105720007D1CB81B00F1010A4FF0004720780007EC
:1057300003D4AA4501DB4FF0FF3A0021B7F1004F37
:105740000DF143088DF8431024D002202B23002FA5
:1057500001DA7F422D230A21021EA0F1010000DCA4
:105760005FB197FBF1FC97FBF1F201FB1C7C174644
:105770000CF1300C08F801CDEEE7A8F10100037040
:105780002188090501D5452100E06521A0F1010826
:1057900000F8011C09980FA9A1EB0807FF1D00B133
:1057A0000120411901EBEA70A1693844081A401E32
:1057B000A0612078C00602D42046FFF751FA09986C
:1057C00028B1D4E901219047206A401C206220784A
:1057D000C00622D52046FFF743FA1EE0002E04DB68
:1057E000B34502DD01A8805D00E03020D4E901214D
:1057F0009047206A401C2062761CAAF101005FEAF3
:10580000000A0AD100F068FBC0680168405CD4E976
:1058100001219047206A401C2062281EA5F1010545
:10582000DCDC07E0D4E9012118F8010B9047206A7D
:10583000401C2062381EA7F10107F3DC2046FFF769
:1058400025FA032011B043E601694A1C0261087879
:10585000704700B58FB0CDE90131002105910549B0
:105860007944CDE9031011466846FFF7B1FA0FB04D
:1058700000BD0000E5FFFFFF0A6802F8010B0A60A7
:10588000704710B5436913B1AFF3008001E0FFF733
:105890000EFA012010BD127800F124010A700022D6
:1058A0004A700122EDE711684FF0FF32E9E700008E
:1058B0002DE9FF4F064689B00878FF2806D0491C1D
:1058C0002D2805D000244FF0000908E000200CE04E
:1058D0000124F8E709EB8903491C00EB4309087828
:1058E000FF28F7D114B1C9F10000814610780025D6
:1058F0002C46AA4629462D2801D02B2804D1521C1B
:105900002D2813D0002082468B461078FF280FD018
:105910004FF0000C0A21521CA5FB017804FB018109
:1059200005FB0C11C5194BEB0104EEE70120EAE77A
:10593000002108464FF00000BAF1000F02D000EB42
:1059400080004008C0F38158B8F1010F01DD4FF02D
:10595000FF380C9809EB000755EA040009D04FF016
:10596000020917F5FA7F0BDA4FEACA70C6E900B0F0
:1059700012E04FEACA70C6E900B00DB0BDE8F08F82
:10598000B7F5FA7F0DDDF0487844D0E90010C6E99C
:10599000001040EACA707060FFF79EFCC0F80090EB
:1059A000EBE7391E02DAC8F1000200E0424600DAF5
:1059B000794206A800F046FD06AB93E8070003AB6A
:1059C00083E8070044F23E005BEA04010090584679
:1059D00004D144F21E012C465D460091210C0904BD
:1059E000014306D10099240444EA15442D041039DA
:1059F000009104F07F41014306D10099240244EA5A
:105A000015642D020839009104F07041014306D15C
:105A10000099240144EA15742D01091F009104F036
:105A20004041014306D10099A40044EA9574AD00B9
:105A3000891E009104F00041084304D100986D19BB
:105A40006441401E009042466846002FCDE9014562
:105A500003A902DD01F007FB01E001F0DCFABAF175
:105A6000000F04460D4601D084F0004440F2FF7759
:105A700024F00040284303D0C4F30A50B84212D1A6
:105A8000FFF72AFCC0F80090C4F30A50B8420AD1CC
:105A9000AE487844D0E90010C6E9001004F0004197
:105AA0000843706069E7C6E9005466E72DE9FF4FD7
:105AB0001F464FF0000A4FF0FF38454691B0D7E936
:105AC0000146CDF83CA000F007FAC0680168405CD0
:105AD0001090B96912986D1C8847396A81468847C9
:105AE0000028F6D1B9F1FF3F0AD0002E24F4D0648B
:105AF00011DDB9F12B0F08D0B9F12D0F0BD102E058
:105B0000404615B03AE744F48064B96912986D1CB8
:105B10008847761E8146600504A901D52D2000E046
:105B20002B20002E01F1010B0DF130088DF8100033
:105B30003FDDB9F1690F08D0B9F1490F05D0B9F1CE
:105B40006E0F02D0B9F14E0F1CD13B4601A8009553
:105B500080E85002DDE912126FF0020002F075FBDE
:105B6000C11CCED10EE0B96912986D1C88478146E0
:105B70001398761E44F4007405600F98401C002EA4
:105B80000F9016DDB9F1300FEDD0B9F1780F02D0DA
:105B9000B9F1580F0DD10F9801280AD13B46CDE934
:105BA0000054DDE91212001F029602F04CFBC11CEA
:105BB000A7D1109989453ED144F0800406E013999D
:105BC000681CAAF1010A44F400740860B9696D1CEC
:105BD0001298761E884730288146F0D02BE0109925
:105BE000894505D1200603D4761E44F0800418E0D0
:105BF000484601F0E8FB08B3761E0DF123018B4502
:105C000044F4007408D2A9F130000BF8010B20060F
:105C100007D5AAF1010003E0200602D40AF1010031
:105C20008246A00502D51399681C0860B9691298CC
:105C30006D1C88478146002ED1DC53E0002E51DDDB
:105C4000B9F1650F02D0B9F1450F4BD1A00549D587
:105C5000B9696D1C1298761E24F440748847002E92
:105C600081460CDD2B2804D0B9F12D0F07D144F467
:105C70008074B96912986D1C8847761E8146E005CC
:105C800001D52D2100E02B2108F8011BCDF8008063
:105C900021E0761E0DF13901884544F400740CD2E0
:105CA000A9F1300010F0FF0088F8000002D100993F
:105CB000884509D908F1010806E0E00501D5244826
:105CC00001E042F20F708246B96912986D1C884754
:105CD000814613980560002E04DD484601F073FBF1
:105CE0000028D6D1F96912988847FF2053468BF8CF
:105CF000000088F8000000200A900B9004AA0CA96C
:105D00000AA8FFF7D5FDA00502D46FF00100F8E660
:105D100014F0240F0AD0E00714D13868DDE90A1224
:105D2000031D3B600068C0E900120BE00AA9684649
:105D300001F0F2FAE00705D13868009A011D3960D8
:105D4000006802602846DCE6182C00000E2B0000DC
:105D5000F1D8FFFF026811441378016018467047BC
:105D6000D1600549794451610449794411620021A7
:105D70001161114600F05CB9EDFFFFFF3102000038
:105D8000426842B1016811F8013B23B1521EC0E9DB
:105D90000012184670470121C160881E7047426892
:105DA0005AB1C368016843B983688B4205D0491E64
:105DB000521CC0E90012002070474FF0FF307047BE
:105DC0000FB4002300B589B00CA900910B99CB60EA
:105DD000204B7B440693204B7B44079304236FF0B6
:105DE0000042CDE901321D4A7A446B4608920246D0
:105DF000002002F026FA09B05DF814FB70B50646E3
:105E00004FF0FF3015460C46324686B00091CDE982
:105E1000010169460020049004A8FFF7D1FF034662
:105E20000498211825B108B10A4600E022462A60EC
:105E300000280DD0002B02DD0098884208D03246A1
:105E4000081B69460094CDE9010404A8FFF7B8FFD8
:105E500006B070BDABFFFFFFC3FFFFFFB301000043
:105E60002DE9F04791460F4680460446002614F877
:105E7000015B2DB1FFF724FA0068405DC007F6D141
:105E80002B2D02D02D2D18D0641E4A4639462046AF
:105E900000F088FA27B13968A14201D1C7F8008023
:105EA0004FF0020471050BD54042002803DDFFF7D7
:105EB00013FA0460A007BDE8F08746F48066E4E7C3
:105EC0000028F8DAFFF708FA04606FF00040F2E704
:105ED0000048704734B300200048704754B3002096
:105EE000034640688C46002818BF88423CBF0346E2
:105EF0004068F8D318681844884207D00CF10300B2
:105F000020F00700001D411A521A0146081D0A60C0
:105F1000FEF700BE30B5B0F10A024FEA900E71F103
:105F200000034EEA817EB0EB0E0061EB91014FEA77
:105F3000101E4EEA017E10EB0E0041EB11114FEAEC
:105F4000102E4EEA016E10EB0E0041EB11214FEACC
:105F5000104E4EEA014E10EB0E0041EB114140187D
:105F600041F100014FEAD00040EA41704FEAD1010F
:105F700010EB80054FEA810444EA907444EB01047D
:105F80006D1944EB0404521BA3414FF0000348BFBA
:105F90000A3200D530BD401C41F1000130BD10B5C2
:105FA0000446FFF78DF90068005D00F0010010BDA8
:105FB0002DE9F0411F46044603260168072A01F433
:105FC000006004DB08B116A505E016A503E008B1E2
:105FD00015A500E015A521F010002060A069C01EE5
:105FE000A0610FB1401EA0612046FEF739FE4FB1FF
:105FF000D4E9012138469047206A401C2062C01C29
:10600000206206E0206AFAE7D4E9012115F8010BC5
:106010009047761EF8D22046FEF738FEBDE8F081A4
:106020004E414E006E616E00494E4600696E66003C
:106030002DE9F34F4FF0000A0C4656468DB0012073
:106040000C9001F10C000B9062690B9801219047B4
:1060500005002DD0252D2CD0216A8847C0B162695A
:106060000B9801219047216A88470028F7D162697F
:10607000411E0B98904700E0761CA1690D98884757
:10608000216A88470028F7D1E1690D988847DBE746
:10609000A1690D988847A842074601D1761CD3E72D
:1060A000E1690D9888477F1C02D1BAF1000F6FD0CB
:1060B0006BE162690B9800273D46394690472A28D4
:1060C00004D162690B98012190470125DFF8D08245
:1060D00062690B9801219047A0F130010A290AD288
:1060E0004745E5DC07EB870100EB4107303FDFD494
:1060F00045F01005ECE7E90601D46FF000476C2885
:106100000AD04C2814D0682815D06A280DD07428DD
:106110001CD07A281AD01DE062690B9801219047A3
:106120006C2802D045F0040514E045F002050DE0AE
:1061300045F020050AE062690B9801219047682824
:1061400002D045F0080505E045F4006562690B984A
:1061500001219047C4E9015765283DD019DC582832
:106160007AD00CDC452837D004DC252826D04128FD
:106170009ED131E046282FD0472899D12CE05B28CA
:1061800077D0612828D063287CD0642823D15AE0B6
:10619000F6E06F2848D008DC66281DD067281BD0A1
:1061A000692821D06E2816D127E0702845D07328A1
:1061B00068D0752847D078280DD14DE0A1690D9899
:1061C0008847252805463FF469AFE1690D9888475F
:1061D0006D1C3FF46AAFD8E00D9923466A466FF014
:1061E000010002F02EF8C5E045F0400023464FF0D4
:1061F00000026060A80736D43EE0E8077FF447AFAE
:106200002068011D21600068290501D506701BE783
:10621000290701D5068017E7A90703D5F117C0E9BB
:10622000006111E706600FE745F0400023464FF09C
:1062300008026060A80716D41EE040F60E0125EAA9
:106240000100606016E045F0400023464FF00A026E
:106250006060A80707D40FE045F040006060A80721
:1062600008D5234610220D996FF00100AFF300808E
:1062700080E007E0102223460D996FF00100AFF394
:10628000008077E04FF0000963284F46C8464B4630
:10629000CB4602D05B2806D038E0E80601D40120C6
:1062A000A060012732E06269D4F80CB00B9801219C
:1062B00090475E2807D14FF0010949466269D4F83A
:1062C0000CB00B989047216939B900210A4603ABFD
:1062D00043F82120491C0829FADBD8B3216949B3C6
:1062E00008F1010862690B98012190475D28F4D1FB
:1062F000B9F1000F09D0002003A951F82020D243A2
:1063000041F82020401C0828F7DB03AB2069002857
:1063100020794FEA40701ED05B462246CDF80080BF
:10632000CDE901970D9900286FF0010020DAAFF355
:1063300000801FE0C11703AA00EBD1614B1121F0CF
:106340001F0102EB8302411A1368012088400343B6
:106350001360C7E719E00D99224600286FF001008D
:10636000009702DAAFF3008004E0AFF3008001E0B1
:10637000AFF3008000280ADA401C06D10C9820B147
:106380004FF0FF300FB0BDE8F08F5046FAE7E90755
:1063900001D10AF1010A064400200C9054E60000E5
:1063A000CCCCCC0C2DE9F05F824615468B460027FD
:1063B0000AF10104B9460078302801D09DB113E0FC
:1063C00014F8010B0127782803D0582801D045B1D3
:1063D0000AE00DB1102D07D1002714F8010B10258C
:1063E00002E0082500E00A250026B0460EE005FB85
:1063F000080005FB06F101271FFA80F801EB1046A3
:10640000B6F5803F00D3B94614F8010B294600F0D9
:10641000BEF80028EBDABBF1000F05D00FB1641E07
:1064200000E05446CBF80040B9F1000F06D0FEF76B
:1064300053FF02210160C81EBDE8F09F48EA0640F4
:10644000FAE700002DE9F047814616468AB0334846
:1064500078440DC88DE80D0030487844801C03ACAA
:106460000DC884E80D0041F69B300844372190FBAD
:10647000F1F290FBF1F5A5F1800501FB12041B3C44
:1064800002D56442012000E00020DFF890A08046A1
:106490000027FA44AAF1BE0A0DE0E00709D032460F
:1064A000684607EB47010AEB810100F0C8FD8DE863
:1064B000070064107F1C002CEFD1184F7F44AC3FC5
:1064C00018E0E80714D007EB04100DF1180A90E863
:1064D0000E008AE80E00C068F04201D198190890B9
:1064E000324606A903A800F0AAFD03AB83E8070023
:1064F0006D10641C002DE4D132466946B8F1000FDE
:1065000003A802D000F073FD01E000F098FDC9E996
:106510000001C9F808200AB0BDE8F087C01F0000DC
:1065200010B500F075FABDE8104000F06BBA754682
:10653000FFF7CEFCAE4605006946534620F0070043
:10654000854618B020B5E9F7A3FFBDE820404FF01D
:1065500000064FF000074FF000084FF0000B21F04D
:106560000701AC46ACE8C009ACE8C009ACE8C0091A
:10657000ACE8C0098D46704710B5FEF7ADFE006867
:1065800010BD10B50446FEF7A7FE046010BD3A2802
:1065900000D2303820F02002412A01D3A2F1370086
:1065A000884201D34FF0FF30704700002DE9FF4FC4
:1065B0001F464FF03C0987B04FF00042DDE9141050
:1065C00001F10108DDF858A002EA405003900020D4
:1065D00004908346054604460590B969461E08980E
:1065E0008847AAF1010A0290BAF1000F37DD02983C
:1065F0002E2815D01021FFF7CAFF00282ADB4FF004
:10660000010B0499014316D0B9F1000F0BDB4A4688
:10661000C11700F025FA05430C43A9F1040905E070
:106620000120059007E008B145F001050120049024
:10663000059800B9361DB969089808F1010888471E
:10664000BBF1000FAAF1010A0290CDD00999C1F85F
:106650000080C9E70298702808D0502806D0F96950
:1066600008988847BBF1000F14D04FE0002002903B
:106670000120BBF1000F049009D0B969089808F116
:1066800001088847AAF10109B9F1000F07DCF9698F
:10669000089888476FF001000BB0BDE8F08F2B28F9
:1066A00004D02D280CD14FF0FF300490B969089820
:1066B00008F101088847A9F10109B9F1000FE6DDE9
:1066C000411CE4D00A21FFF762FF0028DFDB0299BA
:1066D00008F1010801EB810100EB41000290B9696A
:1066E000089888470A21FFF752FF099AA9F1010982
:1066F000B9F1000FC2F8008001DD0028E7DAF9697E
:10670000089888470499029800FB016655EA04003E
:1067100004D004F04041090002D006E0039898E05C
:10672000A40044EA9574AD00B61E04F000410800D0
:1067300002D16D196441761E159810F0240F03D014
:106740004FF00B095C4803E04FF028096FF07D0023
:106750008246564507DAAAEB06018944B9F1410F92
:1067600001DD4FF0410901200021A9F1010200F0F3
:1067700077F9024628400B462140084301D0012109
:1067800000E00021501E029143F1FF3128402140DA
:10679000084301D0012000E000200299834651EA1D
:1067A0000B014FD0002108464FF00000039900F480
:1067B000400039B100EB80004FF4400100EBD07095
:1067C00001EA60008015012802DD4FF0FF3000E093
:1067D00013D0401C36D0029860B3BBF1000F0CD12F
:1067E0004A460120002100F03BF92840214008439F
:1067F00001D0012000E00020E0B101204A46002144
:1068000000F02EF9034640190A4661412D1A8C41C9
:1068100011D3B9F1400F09DD159810F0240F02D003
:10682000AAF1340603E0AAF1170600E0761C002561
:106830004FF0004406E05B1E42F1FF3220EA030500
:1068400021EA0204CAF10100B04206DA1B490398AA
:1068500008430190002000900EE0039AC4F3D32176
:10686000E80A0A43164940EA44500A433146CDE952
:106870000002684600F09CFD159810F0240F0BD024
:106880001598C00715D13868DDE90012031D3B607B
:106890000068C0E900120CE002A8694600F03CFD67
:1068A0001598C00705D13868029A011D3960006843
:1068B00002604046F0E6000002FCFFFF0000F07FAF
:1068C0000000F03F2DE9FF4F92461D4685B04FF086
:1068D0000041DDE9124BDDE914727F1E01EA4B50E5
:1068E000414940F0FF4940EA0108002122F0200020
:1068F0004928049102D04E2828D04CE03BA0012624
:1069000007C88DE80700A9690698641C88477F1EA0
:10691000014606D41DF8060018B121F0200181427D
:106920000BD0E96906988847032E34D0082E32D060
:106930006FF0010009B0BDE8F08F761C032E01D086
:10694000082EE0D1601CCAF80000DCE7A9690698AF
:10695000641C88477F1E2AD420F02000412826D1BD
:10696000A9690698641C88477F1E20D420F0200067
:106970004E281CD1A9690698641C88477F1E48F4DC
:10698000002849F48009CAF8004001D4282806D01C
:10699000E969069888475FEACB7012D022E0A969BE
:1069A0000698641C88477F1E01D4002803DAE96931
:1069B00006988847BCE72928F1D1641CCAF8004032
:1069C000E9E71BF0240F07D028680499031D2B600A
:1069D0000068C0E9001805E02868021D2A60006808
:1069E000C0F800902046A5E70000F07F494E4649D8
:1069F0004E495459000000000446AFF30080204681
:106A0000E9F724FC002801D0ECF7F4BE7047000041
:106A100010B5012805D0002103A000F034F80120B2
:106A200010BD09A1F8E7000053494752544D454DA8
:106A30003A204F7574206F662068656170206D651F
:106A40006D6F7279000000003A2048656170206D1A
:106A5000656D6F727920636F727275707465640012
:106A6000B2F120030AD5C2F1200301FA02F120FAA3
:106A700003F300FA02F041EA0301704700FA03F160
:106A80004FF00000704770B505460C460A2000E044
:106A90006D1CECF7B2FE35B128780028F8D102E081
:106AA000641CECF7AAFE14B120780028F8D1BDE8E8
:106AB00070400A20ECF7A1BE5FEA400C08BF91F0DD
:106AC000000F4FEA8C234FEAC12243EA51514FEAAB
:106AD0001C5018BF00F5F0404FEA300018BF41F0DD
:106AE00000415FEA6C5C00F02980BCF1FF3F08BF09
:106AF00040F080407047130C06BF12044FF0100C9A
:106B00004FF0000C130E04BF12020CF1080C130F0F
:106B100004BF12010CF1040C930F04BF92000CF19E
:106B2000020CD30F04BF52000CF1010C11464FF0C0
:106B30000002A0F11F00A0EB0C00704711F0004F05
:106B400008BF704731F000413FF4D5AF0B0C06BFD2
:106B500009044FF0100C4FF0000C0B0E04BF09029B
:106B60000CF1080C0B0F04BF09010CF1040C8B0F86
:106B700004BF89000CF1020CCB0F04BF49000CF1DB
:106B8000010CCCF12003A0EB0C0022FA03F302FA73
:106B90000CF241EA030100F10100704720F07F4C44
:106BA00080EA030023F07F47ACEB070303F57C5337
:106BB00000F0004003F1FF032DE980494FEA154B37
:106BC00009B44FEA144325EA0B4E24EA03480FF2B6
:106BD000042606EB132749083E785FEA320203FBDE
:106BE0000667C7F5000707FB06F64FEA54374FEA7A
:106BF000D64606F1020607FB066CCCF1005C4FEAB4
:106C00001C472CEA074C07FB06F40CFB06F504EBCB
:106C100015464FEA961634BF00204FF000404FEA69
:106C2000D13706FB07FC4FEA1C4C0CFB0BF7D21BC1
:106C300003FB0CF761EB07010CFB0EF7B0EB074011
:106C400072EB17420CFB08F734BFA2EB0742B2EB22
:106C5000074261EB17414FEA0C444FEA910706FBEC
:106C600007FC4FEA1C4C0CFB0BF7B0EBC74072EB78
:106C7000573203FB0CF734BFA2EBC742B2EBC7425B
:106C800061EB57310CFB0EF7B0EBC70072EB57729C
:106C90000CFB08F734BFA2EBC702B2EBC70261EBF3
:106CA0005771039F4FEA816141EA921104EBCC04D2
:106CB0004FEAD1374FEA826206FB07FC42EA9012A4
:106CC0004FEA80604FEA1C4C0CFB0BF7D21B03FB16
:106CD0000CF761EB07010CFB0EF7B0EB074072EB12
:106CE00017420CFB08F734BFA2EB0742B2EB074296
:106CF00061EB17414FEA8C554FEA910704EB9C2456
:106D000006FB07FC4FEA1C4C0CFB0BF7B0EBC74033
:106D100072EB573203FB0CF734BFA2EBC742B2EB66
:106D2000C74261EB57310CFB0EF7B0EBC70072EBBB
:106D300057720CFB08F734BFA2EBC702B2EBC702D5
:106D400061EB577115EB4C254FEA816141EA9211D5
:106D50004FEA82624FEAD13742EA901206FB07FC03
:106D600044F100044FEA80604FEA1C4C0CFB0BF727
:106D7000D21B03FB0CF761EB07010CFB0EF7B0EB2A
:106D8000074072EB17420CFB08F734BFA2EB074237
:106D9000B2EB074261EB174115EB1C154FEA81314D
:106DA00041EA92414FEA823242EA90424FEA803011
:106DB0004FEA0C7644F1000448EA03434EEA0B48DC
:106DC0004FF0000EB2EB080C71EB030724BF6246D4
:106DD00039464EEB0E0E4FF0000B00185241494160
:106DE0004BEB0B0BB2EB080C71EB03077BF1000BC9
:106DF00024BF624639464EEB0E0E4FF0000B0018D2
:106E0000524149414BEB0B0BB2EB080C71EB030702
:106E10007BF1000B24BF624639464EEB0E0E51EA61
:106E2000020718BF46F0010616EB0E7655F1000278
:106E300054F1000103D5BDE88901BDE80088BDE833
:106E40008901BDE80048B619524141EB0101A3F1A7
:106E50000103704780807F7E7D7C7B7A79787776AE
:106E600076757473727171706F6E6E6D6C6C6B6A27
:106E70006A696868676666656464636362616160C5
:106E8000605F5F5E5E5D5D5C5C5B5B5A5A59595842
:106E900058575756565555555454535352525251AC
:106EA000515050504F4F4F4E4E4D4D4D4C4C4C4B02
:106EB0004B4B4A4A4A494949484848474747474649
:106EC0004646454545444444444343434342424285
:106ED0004241414146EA0646A3F570534FEA164641
:106EE00046EA42564FEAD22242EA415210B54FEAF0
:106EF000D121A3F1010300F017F820F0004000F1C8
:106F0000010C00F0004701EB00501146BCF5006F8A
:106F100040EA070000D210BD02484FF0000140EAED
:106F2000070010BD0000F07F002B26D4770021D091
:106F30001CB54FEA370703B44FF010004FF01001B3
:106F40004FF000000FBCBDE810400BF1010BBBF18E
:106F5000010F08BF5FEA170722BF12F1010211F10A
:106F600001014FF0004143F1000300F0004043EA0B
:106F700000007047F9D35708DAE746EA064613F1EE
:106F8000400F4FEA16461FDD13F1200FDFBF1643F7
:106F90000A46002120335B42C8D0C3F1200746EAED
:106FA000064602FA07F74FEA164646EA0706C3F115
:106FB000200722FA03F201FA07F721FA03F14FF052
:106FC000000342EA0702B1E746EA020646EA06463D
:106FD0004FEA164646EA0106BCBF46EA0646360CAC
:106FE0004FF000034FF000024FF000019EE72DE943
:106FF000C048934630B491E8380007C831EA400CE5
:1070000048BF34EA430C03D5FFF7C8FDFFF78CFFF8
:10701000F0BCBDE800882DE9C048934630B491E843
:10702000380007C831EA400C48BF34EA430C03D5A6
:10703000FFF7B4FDFFF74EFFF0BCBDE800882DE977
:10704000C048934630B491E8380007C810F0804F2C
:1070500008BF13F0804F03D100F019F8FFF764FF69
:10706000F0BCBDE800882DE9C048934630B491E8F3
:10707000380007C810F0804F08BF13F0804F03D1CD
:1070800000F005F8FFF726FFF0BCBDE8008820F00F
:107090007F4780EA030023F07F4C07EB0C03A3F546
:1070A0007C5300F00040A3F1FE0392F0000F00F0CB
:1070B000B38095F0000F00F077802DE901494FEA89
:1070C00011404FEA144621EA004800FB06FC24EA7E
:1070D000064708FB06F607FB08F800FB07F718EB66
:1070E00006484CEB164C4FEA124B18EB07484FEA98
:1070F00015464CEB174022EA0B4E0BFB06FC25EA2B
:1071000006470EFB06F607FB0EFE0BFB07F71EEB12
:10711000064E4CEB164C4FF000061EEB074E4CEBA8
:10712000174B18EB0B0840F1000018EB0E0B58EB57
:10713000000840F100008F1A4FF000013CBFC94326
:10714000661B14BFB5EB040C00213CBFC943F61B02
:107150004FEA17444EEA8E0E27EA04454FEA1C47D1
:1071600004FB07622CEA074C05FB07F70CFB05F64E
:1071700004FB0CFC16EB074642EB174216EB0C46E1
:1071800042EB1C421BEB060658EB0202414146EA69
:107190009E0601D5BDE80189B619524141EB0101B6
:1071A000A3F10103BDE801894FEA14454FEA1147F5
:1071B00024EA054621EA074C05FB07F406FB07F71E
:1071C0000CFB06F105FB0CFC11EB074144EB1744EB
:1071D0004FEA124711EB0C4144EB1C4422EA074CE6
:1071E00005FB07F206FB07F70CFB06F605FB0CFC9C
:1071F00016EB074642EB174216EB0C4642EB1C45DA
:107200006A1854F1000148BF7047B619524141EB6A
:107210000101A3F10103704795F0000F37D04FEA49
:1072200011424FEA144721EA024624EA074C02FBC6
:1072300007F106FB07F70CFB06F402FB0CFC14EB52
:10724000074441EB17414FEA154714EB0C4441EB5F
:107250001C4125EA074C02FB07F506FB07F70CFB70
:1072600006F602FB0CFC16EB074645EB174516EB42
:107270000C4645EB1C42121951F1000148BF704702
:10728000B619524141EB0101A3F1010370474FEAE6
:1072900014454FEA114724EA054621EA074C05FB4D
:1072A00007F106FB07F70CFB06F24FF0000605FBA3
:1072B0000CFC12EB074241EB174112EB0C4251EB75
:1072C0001C4148BF7047921841EB0101A3F1010333
:1072D0007047490050EAC12018BF04204A0D18BF6A
:1072E00040F0010040F2FF72B2EB515F08BF40F086
:1072F0000200012808BF0520704740F2013200203B
:107300004FF0E04100F06FBF024A0020110700F08B
:107310006ABF000001FDFFFF10B50446D1E900017E
:1073200000F002F8206010BDF8B504460D466A462C
:1073300000F050F800987E30009000281FDC0022FA
:1073400013462046294600F083FA18D0002140F663
:1073500008004FF0000006462046294600F0DAF803
:10736000044640F6080006EA00014FF0000034F041
:10737000004004BF0220FFF704F92046F8BD009842
:10738000FF280DDB0220FFF7FCF800221346204601
:10739000294600F05BFC8CBF04484FF0FF40F8BD6D
:1073A00020462946BDE8F84000F0B4B8000080FF50
:1073B00010B504460A46D4E90003194600F036F831
:1073C000C4E9000110BD30380A2801D201207047FD
:1073D0000020704710B5144600222260114A21F0A7
:1073E00000439342A8BF10BD53EA000208BF10BD7E
:1073F000B3F5801FA8BF226807DA362200F0F3FE3B
:107400006FF0350221F000432260DFF81CC06FF3FB
:107410001E510CEB23531A4441F0FF5141F000512F
:10742000226010BD0000F07F02FCFFFF2DE9F0415B
:1074300006460C4640F2FF75174635EA14502BD02D
:1074400000221346304600F003FA25D03A46304673
:10745000214600F0C8FE06460C4635EA145010D00E
:1074600000221346304600F0F3F915D10220FFF751
:1074700088F8FFF749FF0A46214662F31E01BDE87E
:10748000F0810220FFF77DF8FFF737FF0A4621461B
:1074900062F31E01BDE8F08130462146BDE8F0816F
:1074A00000B583B00A460021CDE9001101466846C7
:1074B000FEF7A4FCDDE9000103B000BD10B5002912
:1074C0000AD00878002807D005487844FDF7B4FEB4
:1074D000002801D0002010BD0248784410BD0000F3
:1074E000E2100000DA10000010B500290AD0087878
:1074F000002807D005487844FDF79EFE002801D0FB
:10750000002010BD0248784410BD0000C6110000E4
:10751000BE11000021F00042A2F16052B2F5801FBE
:1075200001F0004328BFD2F17F6C0BD95FEA001C49
:1075300043EAC20242EB507018BF704728BF20F0E8
:1075400001007047B2F5801FBCBF184670474FEA74
:10755000410C1CF5001F02D2084600F0DABD70B5E0
:1075600000F020FB00000089FFF7F6BF4FF000405D
:10757000A0F580007047000002494FF0000000F0C5
:1075800000BE00BF0000F87F491058BFC1F1404164
:107590005B1058BFC3F140438B42EFF3008070474C
:1075A0002DE9C04130B4DFF8A0C23CEA111418BF85
:1075B0003CEA131400F0EC8081EA03051CEA111484
:1075C00044EAD57418BF1CEA131500F0C780A4EB79
:1075D00005044FF0004545EAC12145EAC32341EACD
:1075E000505143EA525304F17F74994204F5003438
:1075F0004FEAC0204FEAC22208BF904200F09C80B0
:107600004FEA13650FF24016765D4FEA134506FB0D
:1076100005F7C7F1807706FB07F74FEAD737A7FBD7
:1076200003687642C8F58038A7FB06CE38BFA8F1BC
:10763000010807FB08E64FF0000EA6FB028CE6FBF4
:1076400003CEDCF1000CCEF1004E38BFAEF1010EDE
:10765000A6FB0C584FF000074FF00005E6FB0E8725
:10766000A1FB08C6A0FB07CE16EB0E0645F10005F0
:10767000E1FB076515F1E04E7EBFA4F580345FEABB
:1076800046066D4116F1800745F100054FEA1727C0
:107690004FEA066647EA0567A6F1DE46B6F1805F67
:1076A0004FEA15251FD9384624F0010C05EBC471AB
:1076B000BCF1FE6F01EB0C1102D8F0BCBDE80081FB
:1076C00024425CBF01F5801E9EEAC47F02D4F0BC58
:1076D000BDE80081244238D4F0BCA1F1C041BDE82E
:1076E000004100F0ADBA4FEAD22242EA43524FEADB
:1076F000D323A7FB02864FEAD02040EA415007FB84
:1077000003661EEA0E0F4FEAD12105FB026658BF41
:10771000A6EB0056B6EB00564FEA520E4EEAC37E79
:1077200018EB0E0E56EB530EBDD518EB02085E415A
:107730007F1C55F10005B6E74FF480154FF00007A8
:107740004FF000064FF00008ADE7F0BC4FF000002E
:1077500001F1C04101F00041BDE8008111EA0C1FB8
:107760000CEA131500D00CE013EA0C1F00F0258082
:107770004FF00000F0BC81EA030101F00041BDE8D8
:107780000081F0BCBDE8004181EA030100F058BA75
:10779000F0BCBDE8004170B500F004FA097EFC3E83
:1077A00000F007B881EA03014FF0000001F000414A
:1077B000704781EA030100F043BAF0BCBDE8004124
:1077C0004FF0000021497047FFFDFBF9F7F5F4F297
:1077D000F0EEEDEBE9E8E6E4E3E1E0DEDDDBDAD86C
:1077E000D7D5D4D3D1D0CFCDCCCBCAC8C7C6C5C4CA
:1077F000C2C1C0BFBEBDBCBBBAB9B8B7B6B5B4B3E1
:10780000B2B1B0AFAEADACABAAA9A8A8A7A6A5A4CB
:10781000A3A3A2A1A09F9F9E9D9C9C9B9A9999988F
:107820009797969595949393929191908F8F8E8E32
:107830008D8C8C8B8B8A89898888878786858584BF
:1078400084838382828181800000FF070000F87FAB
:1078500051EA030C17D41CF5801F58BFBCF5801FDC
:1078600000F10680994218BF704708BF90427047E8
:1078700007D711F5801F58BF13F5801F19D49942FF
:107880007047894270471CF5801F08D5BCF5801FE2
:10789000F7D58B4218BF704708BF824270474FF43C
:1078A000001C1CEB410F38BF1CEB430F01D28B4275
:1078B000704770B500F076F9922449004FF00051FE
:1078C0004FF08053FFF760BE4FEA41034FEA535336
:1078D000A3F58063D3F11E03C8BFD3F1210C0CDDE7
:1078E0004FF0004242EAC12242EA505232FA03FC0F
:1078F0008CEAE17CACEBE1707047102BC4BF002038
:10790000704703F5787CBCF1FF3F04D06FF0004274
:1079100082EA2100704770B500F044F94992248052
:1079200000207047F2E700004FEA1153A3F580638F
:10793000D3F11E03A8BFD3F1200C08DB4FF00042A7
:1079400042EAC12252EA505232FA03F07047094229
:107950000BD4102BC4BF0020704703F5787CBCF11A
:10796000FF3F05D04FF0FF3070474FF000007047E9
:1079700070B500F017F900BF4992248000207047CD
:10798000F0E710F0004248BF4042B0FA80F310FA2E
:1079900003F10AD0C3F11D0303F580634FEA4150A0
:1079A00002EB035202EBD12170474FF00000704709
:1079B000B0FA80F310FA03F10AD0C3F11D0303F506
:1079C00080634FEA41504FEA035202EBD1217047E6
:1079D0004FF000007047000051EA030C17D41CF56B
:1079E000801F58BFBCF5801F00F10680994218BF68
:1079F000704708BF9042704707D711F5801F58BFE6
:107A000013F5801F19D499427047894270471CF5BD
:107A1000801F08D5BCF5801FF7D58B4218BF704773
:107A200008BF824270474FF4001C1CEB410F38BF67
:107A30001CEB430F01D28B42704770B500F0B2F8D7
:107A4000922449004FF000514FF08053FFF79CBD46
:107A5000DFF848C170B51CEA111E1EBF1CEA1315E1
:107A60009EEA0C0F95EA0C0F00F06F8081EA030488
:107A700023EA4C134EEAD47E21EA4C1141F48011E2
:107A800043F48013AE44A1FB024CA0FB0365AEF1AE
:107A90007F7E361955EB0C05A1FB034C4CF100031E
:107AA000A0FB021C16EB0C06654153F100030942D2
:107AB00018BF46F0010613F4007F0BD14FEA0331E3
:107AC0004FEA0530340341EA155140EA16506FF091
:107AD00003020AE04FEAC3214FEAC520F40241EA5B
:107AE000555140EA56506FF0020202EB2E4201EB74
:107AF000025585EACE710AD05FEA440C18BF24F023
:107B0000004450F1000041F1000120EAD47040F23D
:107B1000FE7C624500D270BDA84214BF4FF0804485
:107B20004FF04044002E08BF0024BEF1806FA8BF74
:107B3000A1F1C041BDE8704080F282804FF00000AA
:107B400001F1C04101F0004170479EEA0C0F0CEAC0
:107B5000131518BF95EA0C0F06D04FF0000081EA0C
:107B6000030E0EF0004170BD00F01CF88900013ECC
:107B700000F007B800F009B84FEA430C5FEA5C5C1C
:107B800008D081EA030100F05BB84FEA410C5FEADC
:107B90005C5CF6D14FF00000014970470000FF0720
:107BA0000000F87F0EF1020E2EF0030E5EF8046B5B
:107BB000364205D4012A43EB030515F5001F12D800
:107BC000012841EB010C1CF5001F0CD80ED14FEA27
:107BD000D17C15F5001F0CEB4C0C0CF1020C08BF0E
:107BE0004CEBD37C04E04FF0080C01E04FEAD37C6F
:107BF0000CEB4C0526FA05F606F00706B6F1040C68
:107C000006D20EEB860CBDE870404CF0010C6047CC
:107C1000DFE80CF0090B02024FF000414FF00000CA
:107C2000A1F5002170BD19461046012851EB010451
:107C300018BFD4F5001484BF002001F0004170BDCE
:107C40000808A0F500114FEA3101704753EA010C12
:107C500017D41CF5801F58BFBCF5801F00F10680AB
:107C60008B4218BF704708BF8242704707D713F591
:107C7000801F58BF11F5801F19D48B4270479B425B
:107C800070471CF5801F08D5BCF5801FF7D59942B9
:107C900018BF704708BF904270474FF4001C1CEBA0
:107CA000430F38BF1CEB410F01D2994270470FB40C
:107CB0000CBC03BCFFF7C1BE43004FEAD30C4FEA34
:107CC0003C0C43401FBF40070CF1605113F0FE4FC6
:107CD00070471CF0006F03D100200CF0004170478A
:107CE0000CF0004343EA507010B540EACC0000F0BD
:107CF000CAF900BF000000924FEA0001FFF7A0BFE1
:107D00004FF000414FF00000A1F5002170474010F6
:107D100058BFC0F14040491058BFC1F140418142B5
:107D2000EFF30080704700004FF47F0C1CEAD01284
:107D30001EBF1CEAD11392EA0C0F93EA0C0F00F05D
:107D4000858090EA010F48BF42F4807240F4000C35
:107D500041F400002CF07F4120F07F4000B58142CB
:107D6000A2EB03020FF2081CACEB504EC0F1000076
:107D70009EF800E04FEA4E0E00FB0EFC38BF4900B3
:107D80004FEA2C1C02F5FA020CFB0EF34FEACE1E52
:107D90004FEA112C4FEAC1210EEB635E42EB224207
:107DA0000EFB0CFC4FEA1C5300FB03114FEA112C95
:107DB0004FEA01310EFB0CFC4FEADC4C00FB0C11CE
:107DC000C14228BF09184CEB03335DF804EB10EBFC
:107DD000410143EBC250B2F57C0F38BF704729D543
:107DE00012F0F00F1CBF00F1C04000F000407047DF
:107DF000008182838485868788898B8C8D8E8F9184
:107E00009293959697999A9C9D9FA0A2A3A5A7A8A7
:107E1000AAACAEB0B2B3B5B7B9BCBEC0C2C5C7C9D3
:107E2000CCCED1D4D7D9DCDFE2E6E9ECF0F3F7FA37
:107E3000FE0000004FEA400C0CF1807CBCF17E4F4C
:107E400028BF7047B0F1C04000F063B990EA010F5D
:107E50000CEAD11348BF42F48072624538BF6345D3
:107E600007D213F47F0F16D080EA010000F0004023
:107E7000704710B500F007F9097EFC3E00F005B828
:107E800080EA010000F00040704780EA010000F045
:107E9000004000F03EB912F47F0F04BF0248704763
:107EA00080EA010000F035B90000C07FC10DD1F1BA
:107EB0009E0206DB4FEA002343F0004323FA02F060
:107EC0007047004207D54FEA4001B1F1FE4F02D2A0
:107ED0004FF00000704710B500F0D5F849922480AB
:107EE000002070476FEA20007047000010F000414A
:107EF00048BF4042B0FA80F310FA03F2C3F19D0389
:107F00000BD051EAC35101EB1220530638BF704722
:107F100000F1010008BF20F00100704750EA010C99
:107F200000F113801CF5000F58BFBCF5000F01D401
:107F30008842704707D710F5000F58BF11F5000FA2
:107F400015D488427047894270471CF5000F04D54C
:107F5000BCF5000FF7D5814270474FF0807C1CEBD9
:107F6000400F38BF1CEB410F01D28142704710B562
:107F700000F089F8922449004FF000504FF08051F2
:107F8000FFF7C5BE4FF47F0C1CEAD0121EBF1CEADF
:107F9000D11392EA0C0F93EA0C0F00F0478090EA9D
:107FA000010F48BF42F480724FF0004C4CEA0020B1
:107FB0004CEA012102EB0302A0FB0113A2F500022F
:107FC000002918BF43F001035B0028BF4FEA3303C9
:107FD00042EB22425FEA132C4CEBC2502EBFBCEBAB
:107FE000436FB2F57C0F70474FEA036CBCF1004F52
:107FF00008BF20F00100B2F57C0F38BF70470BD5E9
:1080000082F0FF0212F5803FC8BF704700F1C04008
:10801000D8BF00F00040704700F5000C5FEA4C0C40
:1080200048BF7047B0F1C04000F073B890EA010F4C
:108030000CEAD11348BF42F48072624538BF6345F1
:1080400004D280EA010000F00040704710B500F053
:108050001AF800BF8900013E00F007B800F009B827
:108060005FEA410C5FEA1C6C08D080EA010000F076
:1080700050B85FEA400C5FEA1C6CF6D14FF000404C
:10808000A0F5800070470EF1020E2EF0030E5EF890
:10809000044B244204D44FEA4102B2F17F4F11D87D
:1080A0004FEA4003B3F17F4F0CD80ED14FEAD07C9A
:1080B000B2F17F4F0CEB4C0C0CF1020C08BF4CEBF7
:1080C000D17C04E04FF0080C01E04FEAD17C0CEBCE
:1080D0004C0324FA03F404F00704B4F1040C06D2B0
:1080E0000EEB840CBDE810404CF0010C6047DFE85B
:1080F0000CF0070802024FF00040A0F5800010BD10
:108100000846420018BFD2F1807288BF00F00040DC
:1081100010BDFF2141EAD050C005704751EA000C64
:1081200000F113801CF5000F58BFBCF5000F01D4FF
:108130008142704707D711F5000F58BF10F5000FA7
:1081400015D481427047894270471CF5000F04D551
:10815000BCF5000FF7D5884270474FF0807C1CEBD0
:10816000410F38BF1CEB400F01D28842704780EAB4
:10817000010081EA000180EA0100FFF7F8BEFDF787
:108180002DBA0CF00F03092B08BF082000F05F8008
:108190000A2B0BD0082B18BF704708BF1CF0400FEC
:1081A0000AD04FF000004FF0000170471CF0400F64
:1081B00018BF4FF0004070471CF0100F08D020F09F
:1081C000704300F07F4242EAD3014FEA43707047A8
:1081D00000F0604021F07F4242EA000201F07F405F
:1081E00040EA727070474FF0FF0C4CF4E06C1CEAF0
:1081F00011531CBF9CEA030C9445C2BFDA4201EB49
:1082000002517047002B0DD0BCF1000F0FD0002A97
:1082100001F00041A4BF41F0E04141F07F614FF027
:108220000000704701F000414FF00000704750EA35
:1082300001334FF09B0C18BF4CF0806C7FF49CA96D
:108240007047FDF733BCFEF7B1B9FEF73BBB1CF43A
:10825000801F11D01CF4E02F03D06FEACC3149000D
:1082600070474FF04050EFF3008222F0704242EA34
:10827000000282F3008870474FF000007047666B81
:10828000D5667C62595E685AA8561453AC4F6C4C44
:1082900053495F468E43DD404C3ED83B80394437DE
:1082A000203515332131432F792DC42B212A9028D5
:1082B0001027A0254024EF22AC2176204C1F301E31
:1082C0001E1D181C1C1B2B1A431964188E17C1166F
:1082D000FC153E158814D81330138E12F2115C1160
:1082E000CC104110BB0F3A0FBE0E460ED30D640DDD
:1082F000FA0C930C2F0CCF0B730B1A0BC40A710AD8
:10830000210AD50989094109FB08B8087708390805
:10831000FC07C107890752071D07EA06B806890648
:108320005A062D060206D805AF05880562053D05EB
:108330001905F604000303060104060205000305FF
:108340001F1C1F1E1F1E1F1F1E1F1E1F30313233FA
:10835000343536373839414243444546303132337B
:108360003435363738394142434445464030580069
:10837000303132333435363738396162636465669B
:1083800040307800040000080000000000000002F7
:10839000000100001000000002400000000000A0EA
:1083A0000000000005400000000000C800000000C0
:1083B0000C4000000000409C00000000194000003C
:1083C0000020BCBE0000000034400000BFC91B8E6E
:1083D00000000004B5400000504BCFD06607E2CF4C
:1083E000010000006C4100003E8251AADFEEA7347C
:1083F00001000000D9420000DCB5A0E23A301F972E
:10840000FFFFFFFFB4450000FD25A0C8E9A3C14F51
:10841000FFFFFFFFFF3F00000000008000000000A2
:10842000FF3F0000000000800000000041542B438B
:108430005245470D0A0000000D0A4F4B0D0A00007F
:1084400041544F0D0A00000041542B4353510D0A73
:108450000000000041542B524542540D0A00000018
:108460000D0A434F4E4E4543540D0A000D0A2B434F
:1084700053513A20000000002B2B2B007B22494453
:10848000223A222573222C22534E223A222573228D
:108490002C22436D64223A223231222C2241636B1A
:1084A000223A223030222C2254696D65223A7B22F6
:1084B00079656172223A25642C226D6F6E74682290
:1084C0003A25642C22646179223A25642C22686F53
:1084D0007572223A25642C226D696E757465223A94
:1084E00025642C227365636F6E64223A25647D7D5A
:1084F0000000000047455420257320485454502F55
:10850000312E310D0A486F73743A2025730D0A55C8
:108510007365722D4167656E743A2047656E6572AA
:10852000616C446F776E6C6F61644170706C6963ED
:108530006174696F6E0D0A52616E67653A206279E7
:108540007465733D25642D25640D0A416363657070
:10855000743A202A2F2A0D0A436F6E6E6563746980
:108560006F6E3A206B6565702D616C6976650D0ADA
:1085700044657669636549643A2025730D0A0D0ADE
:1085800000000000D886010800000020740D0000E3
:108590006C010008008A0108740D002024AC000062
:1085A000D0010008000000000000F07F1001000072
:1085B00043000000F8FFFFFF0040404040404040C3
:1085C00040404141414141404040404040404040A6
:1085D000404040404040404040050202020202024A
:1085E0000202020202020202022020202020202099
:1085F00020202002020202020202909090909090AD
:10860000101010101010101010101010101010106A
:1086100010101010020202020202888888888888DE
:1086200008080808080808080808080808080808CA
:1086300008080808020202024000000000000000D2
:10864000000000000000000000000000000000002A
:10865000000000000000000000000000000000001A
:10866000000000000000000000000000000000000A
:1086700000000000000000000000000000000000FA
:1086800000000000000000000000000000000000EA
:1086900000000000000000000000000000000000DA
:1086A00000000000000000000000000000000000CA
:1086B0000000000000000000000000001C0000009E
:1086C00043000000F8FFFFFF0C0000000E00000058
:1086D0000F0000002E000000500600A24A04000116
:1086E000600901020304060708090C611020050255
:1086F00004060820200680020000200940125000D5
:1087000000DF32000805330008CC0F0020CC5F17D3
:10871000A101037C8000011207C6F02C1327000082
:1087200034440000406100006489000009A8000092
:1087300002C300002BE300006E1501001A2C01009B
:10874000E1520100A9D2000421183010613D01005E
:10875000D11401009B7700002DF30008430AD908CB
:1087600043B3BD084387A00843866A0844073E3EDA
:1087700000001E180413F5D6280006887E000003AA
:10878000000170040100040405CA6400061D100005
:108790000800FF01021C3001091F54013E40E01C8B
:1087A000001800474C3230323133393836363831E0
:1087B00038333330363837303438356302F6000119
:1087C0003C049112233C031EA05803040C3333399C
:1087D0002E39362E31302E3235113C0631313838B3
:1087E000338E045C045443509804400C63726774E5
:1087F00056656E64696E67246009323334353637E6
:108800003839343110C9E8021306150A1F304F28D1
:108810000579D987B0A40223FFAE8983A98E1006FB
:10882000788401084004124808122C0812541012CF
:108830003808126C041260149C06004E554C4C789B
:1088400005011C0FD9CC9973212D0552701C04F021
:1088500049026C045D7B040519F8D3A00F4C340B5E
:1088600033373031323031393031690F103133AD77
:10887000032D95061210E5AC05474C48587C06219F
:108880001040072D303531312DE20DFF75030D31CC
:108890003C030004C308070001100AB74A01081589
:1088A0004B010863040D7351040A1C01FC69F85F55
:1088B00060EA64067D91040C07104142434445463A
:1088C000C007EC050001E02E59060E51148A050E72
:1088D0005514E20503DB2000012008C1814001C0DE
:1088E000804104610C2108E118A11C011A30011615
:1088F00038013660012E70012F6000FF00C0C101F9
:10890000C30302C2C60607C705C5C404CC0C0DCDFF
:108910000FCFCE0E0ACACB0BC90908C8D81819D96F
:108920001BDBDA1A1EDEDF1FDD1D1CDC14D4D5159F
:10893000D71716D6D21213D311D1D010F03031F18F
:1089400033F3F23236F6F737F53534F43CFCFD3DBF
:10895000FF3F3EFEFA3A3BFB39F9F83828E8E929AF
:10896000EB2B2AEAEE2E2FEF2DEDEC2CE42425E55F
:1089700027E7E62622E2E323E12120E0A06061A1CF
:1089800063A3A26266A6A767A56564A46CACAD6D7F
:10899000AF6F6EAEAA6A6BAB69A9A86878B8B979EF
:1089A000BB7B7ABABE7E7FBF7DBDBC7CB47475B51F
:1089B00077B7B67672B2B373B17170B0509091510F
:1089C0009353529296565797559594549C5C5D9D3F
:1089D0005F9F9E5E5A9A9B5B99595898884849892F
:1089E0004B8B8A4A4E8E8F4F8D4D4C8C44848545DF
:1089F00087474686824243834181800A22407F0026
:0400000508000131BD
:00000001FF
