:020000040800F2
:1000000098B90020750400087D0200087F020008EE
:1000100083020008870200088B020008000000002D
:100020000000000000000000000000008F02000837
:10003000910200080000000093020008F13000085F
:100040008F0400088F0400088F040008C18A00088C
:100050008F0400088F0400088F0400088F04000834
:100060008F0400088F0400088F0400088F04000824
:100070006F9300088F0400088F0400088F040008A5
:100080008F040008E79100088F0400088F0400081F
:100090008F0400088F0400088F0400088F040008F4
:1000A0008F0400088F0400088F0400088F040008E4
:1000B0008F0400088F0400088F0400088F040008D4
:1000C0008F0400088F0400088F0400088F040008C4
:1000D0008F0400088F040008DB9000080F920008CE
:1000E0008F0400088F0400088F0400088F040008A4
:1000F0008F0400088F0400088F0400088F04000894
:100100008F0400088F0400088F0400088F04000883
:100110008F0400088F040008692E00088F0400086F
:100120008F0400088F0400088F0400088F04000863
:1001300000F002F800F081F80AA090E8000C824478
:100140008344AAF10107DA4501D100F076F8AFF255
:10015000090EBAE80F0013F0010F18BFFB1A43F0A5
:100160000103184780830100A083010010F8013BC0
:100170000A4413F0030408BF10F8014B1D1108BF17
:1001800010F8015B641E05D010F8016B641E01F8C5
:10019000016BF9D1002D15D010F8014B03F00C03C1
:1001A0000C2BA1EB04040ABF10F8013BA4EB831451
:1001B000A4EB032405F1010314F8016B5B1E01F8A5
:1001C000016BF9D5914238BF10F8013BD1D370478C
:1001D0000023002400250026103A28BF78C1FBD850
:1001E000520728BF30C148BF0B607047672917F01E
:1001F0007687692914F03485642914F031857829CB
:1002000014F06A85732915F0FE82002070471FB52F
:100210009DE8030015F02CF815F00EFE04000020F8
:10022000002117F0FBF8401C60600020002117F04F
:100230000BF9E0601FBD10B510BD16F028F911468E
:10024000FFF7E5FF00F014F816F086FB03B4FFF7A4
:10025000F2FF03BC03F0A6FA80F308887047024857
:1002600002490160FEE700000CED00E00100FA0524
:1002700002F04AFF01E002F0D0FFFCE7704700BF48
:10028000FEE700BFFEE700BFFEE700BFFEE77047E6
:10029000704770470CB50020019000906C480068D2
:1002A00040F480306A49086000BF6948006800F483
:1002B000003000900198401C0190009818B90198F6
:1002C000B0F5A06FF1D16248006800F4003010B1C1
:1002D0000120009001E0002000900098012843D107
:1002E0005C48006840F010005A4908600846006801
:1002F00020F0030008600846006840F00200086033
:10030000534840685249486008464068486008467B
:10031000406840F4806048600846406820F47C10E3
:1003200048600846406840F4E810486008460068A5
:1003300040F08070086000BF4548006800F0007021
:100340000028F9D04248406820F003004049486046
:100350000846406840F00200486000BF3C484068E2
:1003600000F00C000828F9D10CBD10B5FFF792FF82
:1003700010BD10B53648006840F0010034490860EF
:1003800008464068344908403149486008460068DA
:10039000324908402E4908600846006820F4802051
:1003A00008600846406820F4FE0048604FF41F00D3
:1003B0008860FFF7DAFF4FF000602949086010BD40
:1003C00010B5002100200022214B5B6803F00C01D6
:1003D00021B1042906D0082928D107E0214B224C5D
:1003E000236027E01F4B204C236023E0184B5B6801
:1003F00003F47010164B5B6803F48032022303EBA6
:10040000904022B9194B4343174C23600DE0104B29
:100410005B6803F4003323B1144B4343124C236055
:1004200003E0104B4343104C236003E00D4B0E4C94
:10043000236000BF00BF064B5B68C3F303130C4C83
:10044000E15C094B1B68CB40074C236010BD0000EA
:1004500000100240002002400000FFF8FFFFF6FEFF
:1004600008ED00E000127A000000002000093D00C5
:10047000040000200948804709480047FEE7FEE7DE
:10048000FEE7FEE7FEE7FEE7FEE7FEE7FEE7FEE744
:1004900004480549054A064B7047000073030008ED
:1004A0003101000898B3002098B9002098B50020C9
:1004B00098B5002031490143314A1160704770B549
:1004C000002100230F22C47804B32D4C246804F4C7
:1004D000E064C4F5E064210AC1F10403CA40447831
:1004E00004FA03F18478144021430901254C06786D
:1004F000A155047804F01F050124AC4005786D1166
:10050000AD0005F1E025C5F8004109E0047804F0EC
:100510001F050124AC401C4D0678761145F8264095
:1005200070BD1A4A0A400243154B1B1F1A607047E0
:1005300039B1134A121D12680243114B1B1D1A6078
:1005400006E00F4A121D126882430D4B1B1D1A60F4
:100550007047042808D14FF0E021096941F00401F7
:100560004FF0E022116107E04FF0E021096921F02E
:1005700004014FF0E0221161704700000000FA050D
:100580000CED00E000E400E080E100E080FFFF1FF0
:1005900010B5012001F01CF8002001F019F810BD81
:1005A0002A49086070472949091F08607047274990
:1005B00084310860704701460020254A10884FF6B4
:1005C0007F4210400843224A1080704701460020B5
:1005D0001F4A10884FF68072104008431C4A108052
:1005E000704708B500220092194A2C3A0092009AEE
:1005F00002440092009A116008BD08B5014600202F
:10060000009013482C3800900098084400900098FF
:10061000008808BD0D489C300068C0B270470C4887
:100620000830008840F0010009490831088070470F
:100630000648A0300068C0B27047054808300088FE
:1006400040F00200024908310880704704860D42DC
:100650002C6C004001684FF6FE72114001600021D1
:10066000016041608160C1608D49884208D18C4938
:100670000839496841F00F01894A083A51608AE017
:1006800087491431884208D185490839496841F0C1
:10069000F001834A083A51607DE08149283188425F
:1006A00008D17F490839496841F470617C4A083AA9
:1006B000516070E07A493C31884208D17849083964
:1006C000496841F47041764A083A516063E07449E0
:1006D0005031884208D172490839496841F4702183
:1006E0006F4A083A516056E06D496431884208D13A
:1006F0006B490839496841F47001694A083A516008
:1007000049E067497831884208D165490839496824
:1007100041F07061624A083A51603CE061498842A8
:1007200006D1011F096841F00F01021F116032E07C
:100730005C491431884208D15A49091F096841F0BF
:10074000F001584A121F116025E0564928318842AD
:1007500008D15449091F096841F47061514A121FB8
:10076000116018E04F493C31884208D14D49091FBA
:10077000096841F470414B4A121F11600BE049496E
:100780005031884207D14749091F096841F4702157
:10079000444A121F1160704710B50022026847F6E4
:1007A000F0739A430C6A8B6823430C6923434C69AA
:1007B00023438C692343CC6923434C6A23438C6ACB
:1007C00023431A430260CB6843600B6883604B6825
:1007D000C36010BD0021016041608160C1600161A2
:1007E00041618161C161016241628162704721B1F1
:1007F000026842F00102026004E002684FF6FE73F4
:100800001A40026070471AB103680B43036002E0AC
:1008100003688B4303607047416070470146486836
:1008200080B2704701460020002201F080531BB1C6
:100830001C4B083B1A6802E0194B083B1A6802EA95
:1008400001030BB1012000E00020704700F080514F
:1008500019B11449091F086002E0114908394860BC
:10086000704701460020002201F080531BB10D4B60
:10087000083B1A6802E00A4B083B1A6802EA0103C7
:100880000BB1012000E00020704700F0805119B149
:100890000449091F086002E00149083948607047AF
:1008A000080002400804024001460020FE4A106889
:1008B00000F03800084310607047FB49096821F0D8
:1008C0000801F94A11601146096801431160704737
:1008D000F549096821F01001F34A116011460968D1
:1008E000014311607047F148EF494860F0484860A3
:1008F0007047EE48EC494860ED4848607047EA4868
:10090000006940F08000E84908617047E6480069E6
:1009100040F08000E449086170470420E249C9685A
:1009200001F0010109B101200EE0DF49C96801F0C1
:10093000040109B1022007E0DB49C96801F0100198
:1009400009B1032000E00420704700B502460423EB
:10095000FFF7E3FF034603E0FFF7DFFF0346521E06
:10096000012B01D1002AF7D102B90523184600BD99
:1009700030B5044604254FF43020FFF7E6FF054666
:10098000042D17D1C848006940F00200C64908612B
:1009900008464461006940F0400008614FF430208F
:1009A000FFF7D3FF0546C048006941F6FD710840D6
:1009B000BD490861284630BD10B504244FF43020ED
:1009C000FFF7C3FF0446042C16D1B748006940F076
:1009D0000400B54908610846006940F0400008611C
:1009E0004FF43020FFF7B1FF0446AF48006941F6ED
:1009F000FB710840AC490861204610BD00B50246B5
:100A00000423FFF78AFF034603E0FFF786FF034650
:100A1000521E012B01D1002AF7D102B90523184635
:100A200000BD10B504244FF43020FFF7E7FF044663
:100A3000042C16D19C48006940F004009A490861D2
:100A40000846006940F0400008614FF43020FFF78D
:100A5000D5FF04469448006941F6FB71084092496D
:100A60000861204610BD00208F49C96901F00201CC
:100A700009B1012000E00020704730B5A52504240D
:100A8000FFF7F1FF00B100254FF43020FFF75DFFC5
:100A90000446042C3AD1854883498860844888609C
:100AA0000846006940F0200008610846006940F0EF
:100AB000400008614FF43020FFF747FF0446042C44
:100AC0001BD17948006941F6DF7108407649086119
:100AD0000846006940F01000086176480580E00291
:100AE000FFF733FF0446052C10D06F48006941F62C
:100AF000EF7108406C49086108E0052C06D06A488F
:100B0000006941F6EF71084067490861204630BD31
:100B100078B506460C46042500200090E802FFF751
:100B200014FF0546042D24D15F48006940F0010000
:100B30005D4908613480E802FFF707FF0546042D90
:100B400010D1B01C0090200C00990880E802FFF73B
:100B5000FCFE05465448006941F6FE7108405249C2
:100B6000086106E05048006941F6FE7108404E49B0
:100B70000861284678BD70B504460D460426F0028B
:100B8000FFF7E3FE0646042E11D14748006940F006
:100B90000100454908612580F002FFF7D6FE0646B0
:100BA0004148006941F6FE7108403F4908613046FE
:100BB00070BD70B505460E460424E002FFF7C5FE81
:100BC0000446042C17D13948374988603848886072
:100BD0000846006940F0100008612E80E002FFF72F
:100BE000B4FE0446052C06D02F48006941F6EF718B
:100BF00008402D490861204670BD2DE9F0430446A8
:100C00004FF6FF763746B046B1460425E443E6B2D8
:100C1000C4F30727C4F307484FEA1469E802FFF753
:100C200094FE0546042D49D120481F49886020487C
:100C300088600846006940F010000861FF2E06D069
:100C40001C4808300680E802FFF77FFE0546042DA9
:100C500008D1FF2F06D017480A300780E802FFF7B7
:100C600074FE0546042D0AD1B8F1FF0F07D01148D4
:100C70000C30A0F80080E802FFF767FE0546042D5F
:100C80000AD1B9F1FF0F07D00A480E30A0F8009042
:100C9000E802FFF75AFE0546052D0FD0024800690D
:100CA00041F6EF71084007E000200240230167454C
:100CB000AB89EFCD00F8FF1F664908612846BDE803
:100CC000F08330B5054604244FF43020FFF73DFE95
:100CD0000446042C41D160485E4988605F488860C2
:100CE0000846006940F0200008610846006940F0AD
:100CF000400008614FF43020FFF727FE0446042C23
:100D000022D15448006941F6DF7108405149086119
:100D10000846006940F0100008611DB100205049EC
:100D2000088002E0A5204E4908804FF43020FFF7EC
:100D30000CFE0446052C10D04648006941F6EF71C0
:100D400008404449086108E0052C06D04148006984
:100D500041F6DF7108403F490861204630BDF0B5DB
:100D600005460E46174604243B483A4988603B48EE
:100D70008860E002FFF7E9FD0446042C19D13548EC
:100D8000006940F010003349086147F0F800304333
:100D900028433349891C0880E002FFF7D6FD04464A
:100DA000052C06D02B48006941F6EF71084029490F
:100DB00008612046F0BD2748C06980087047254873
:100DC000006A704700202349096801F0200109B139
:100DD000012000E00020704729B11E4A1269024339
:100DE0001C4B1A6104E01B4A12698243194B1A61B9
:100DF000704701460020012908D1164AD26902F045
:100E000001020AB1012008E0002006E0114AD26880
:100E10000A400AB1012000E0002070470D49C86077
:100E2000704704200B49C96801F0010109B1012094
:100E30000EE00849C96801F0040109B1022007E089
:100E40000449C96801F0100109B1032000E0042041
:100E5000704700000020024023016745AB89EFCDB9
:100E600000F8FF1F10B50446CC48844208D1012188
:100E7000042000F093FB0021042000F08FFB46E0EB
:100E8000C748844208D10121082000F087FB0021D7
:100E9000082000F083FB3AE0C248844208D10121D7
:100EA000102000F07BFB0021102000F077FB2EE0EB
:100EB000BD48844208D10121202000F06FFB0021B1
:100EC000202000F06BFB22E0B848844208D10121C9
:100ED000402000F063FB0021402000F05FFB16E0A3
:100EE000B348844208D10121802000F057FB002143
:100EF000802000F053FB0AE0AE48844207D1012174
:100F0000801500F04BFB0021A01500F047FB10BD41
:100F100010B50121084600F041FB0021012000F03E
:100F20003DFB10BD2DE9F0410246002500260020C2
:100F300000230024002791F803C00CF00F0591F85E
:100F400003C00CF0100CBCF1000F03D091F802C0EC
:100F50004CEA050591F800C0BCF1000F31D01468CF
:100F600000202BE04FF0010C0CFA00F3B1F800C0A8
:100F70000CEA03069E4220D183004FF00F0C0CFABE
:100F800003F7BC4305FA03FC4CEA040491F803C0E0
:100F9000BCF1280F06D14FF0010C0CFA00FCC2F88E
:100FA00014C00AE091F803C0BCF1480F05D14FF01E
:100FB000010C0CFA00FCC2F810C0401C0828D1D368
:100FC0001460B1F800C0BCF1FF0F34DD546800209C
:100FD0002EE000F1080C4FF0010808FA0CF3B1F80C
:100FE00000C00CEA03069E4221D183004FF00F0C93
:100FF0000CFA03F7BC4305FA03FC4CEA040491F82D
:1010000003C0BCF1280F05D100F1080C08FA0CF858
:10101000C2F8148091F803C0BCF1480F07D100F169
:10102000080C4FF0010808FA0CF8C2F81080401CB8
:101030000828CED35460BDE8F0814FF6FF710180DF
:10104000022181700421C17070470246002093681C
:101050000B400BB1012000E000207047014688687A
:1010600080B2704702460020D3680B400BB10120CC
:1010700000E0002070470146C86880B270470161F7
:101080007047416170470AB1016100E041617047FA
:10109000C16070474FF480320A438261816182618E
:1010A00082698269704702460020434B18684FF6F8
:1010B0008073184040EA021008433F4B18607047A5
:1010C0003E49C8617047F0B50A460023002400215C
:1010D000002500F00046B6F1004F02D1364EF1690E
:1010E00001E0354E7168C0F3034583B200F4401649
:1010F000B6F5401F08D121F070612F4E766826F0BA
:1011000070662D4F7E6012E000F48016B6F5801FE9
:1011100006D1032606FA05F4A14341F0706106E00A
:10112000460D360103FA06F6B14341F0706122B173
:10113000460D360103FA06F6314300F00046B6F1DB
:10114000004F02D11C4EF16101E01B4E7160F0BDF9
:1011500030B500228B071C0F0F2303FA04F2164B45
:1011600008338C1053F824309343134C08348D10FB
:1011700044F8253023468C1053F824308C07240F74
:1011800000FA04F423430C4C08348D1044F8253045
:1011900030BD0A49DC31086070470000000801409A
:1011A000000C0140001001400014014000180140F3
:1011B000001C0140002001400000014000002042CE
:1011C00010B50121080700F0F6F900214FF080501A
:1011D00000F0F1F910BD2A490862704728490861FA
:1011E000704701460020274A106820F0E0000843BD
:1011F000106070472249A0310860704710B5024660
:101200000020204B186820F00300104318601E4B8C
:101210001B6843F004031C4C2360012901D130BF3B
:1012200000E020BF184B1B6823F00403164C23601A
:1012300010BD1448006840F00400124908600846D8
:10124000006840F0020008600F48006840F00400A9
:101250000D49086000BF00BF30BF70470146002045
:10126000084A52680A400AB1012000E00020704795
:101270000449096841EA8001024A11607047000090
:1012800000000E420070004010ED00E0DF480068F2
:1012900040F00100DD49086008464068DC4908402C
:1012A000DA49486008460068DA490840D7490860CA
:1012B0000846006820F4802008600846406820F452
:1012C000FE0048604FF41F0088607047CF490968EE
:1012D00021F48031CD4A11601146096821F4802142
:1012E0001160B0F5803F03D0B0F5802F0ED106E03D
:1012F000C649096841F48031C44A116007E0C34916
:10130000096841F4A021C14A116000E000BF00BF9C
:10131000704710B501460022002300204A11012A1F
:1013200002D1BA4C236806E0022A02D1B74C236AE4
:1013300001E0B64C636A01F01F02012494401C4096
:101340000CB1012000E0002010BD38B50020009055
:101350000024002500BF3120FFF7DBFF0546009881
:10136000401C00900098B0F5A06F01D0002DF2D085
:101370003120FFF7CEFF08B1012400E00024204611
:1013800038BD01460020A14A106820F0F80040EA6C
:10139000C10010607047A0490860704702460020F5
:1013A0009A4B586820F47C1042EA01031843974B8B
:1013B0005860704798490866704701460020934A74
:1013C000506820F003000843506070478F48406821
:1013D00000F00C007047014600208C4A506820F055
:1013E000F00008435060704701460020874A50686B
:1013F00020F4E06008435060704701460020834AB3
:10140000506820F4605040EAC1005060704729B134
:101410007E4A527A02437D4B5A7204E07B4A527AEA
:1014200082437A4B5A7270477B49D83108607047C3
:1014300001460020754A506820F44040084350603F
:1014400070470021714A20321170704A82F82010D2
:10145000012802D004280AD104E001216B4A20327D
:10146000117005E00521694A2032117000E000BFCB
:1014700000BF70476949086070476449096A0143C1
:10148000624A11627047654944390860704730B557
:1014900000210022002400235C4D6D6805F00C0142
:1014A00021B1042905D0082923D105E05C4D056050
:1014B00022E05B4D05601FE0544D6D6805F470122D
:1014C000524D6D6805F48034022505EB92421CB93B
:1014D000544D554305600BE04C4D6D6805F40035E7
:1014E0001DB1504D5543056002E04D4D554305601B
:1014F00002E04B4D056000BF00BF444D6D6805F034
:10150000F0010909484D6B5C0568DD4045603F4DC1
:101510006D6805F4E061090A434D6B5C4568DD4088
:1015200085603A4D6D6805F46051C90A3E4D6B5CAB
:101530004568DD40C560354D6D6805F44041890B57
:101540003A4D6B5CC568B5FBF3F5056130BD29B15B
:101550002E4A526902432D4B5A6104E02B4A5269CC
:1015600082432A4B5A61704729B1284A9269024343
:10157000264B9A6104E0254A92698243234B9A6183
:10158000704729B1214AD2690243204BDA6104E055
:101590001E4AD26982431D4BDA61704729B11B4A4A
:1015A000D2680243194BDA6004E0184AD2688243D9
:1015B000164BDA60704729B1144A12690243134B83
:1015C0001A6104E0114A12698243104B1A61704794
:1015D00012494039086070470F49C86470470B4989
:1015E000C87170470948406A40F0807007494862F6
:1015F000704701460020054A92680A400AB101205E
:1016000000E00020704701498872704700100240D6
:101610000000FFF8FFFFF6FE000042428004424255
:1016200000127A0000093D00140000202400002070
:1016300010B50446FE48844208D10121C014FFF7CA
:10164000ADFF0021E014FFF7A9FFC4E0B4F1804F23
:1016500008D101210846FFF7AEFF00210120FFF766
:10166000AAFFB8E0F348844208D101210220FFF725
:10167000A2FF00210220FFF79EFFACE0EE4884426B
:1016800008D101210420FFF796FF00210420FFF775
:1016900092FFA0E0E948844208D101210820FFF729
:1016A0008AFF00210820FFF786FF94E0E448844287
:1016B00008D101211020FFF77EFF00211020FFF745
:1016C0007AFF88E0DF48844208D101212020FFF71B
:1016D00072FF00212020FFF76EFF7CE0DA48844291
:1016E00008D101214014FFF759FF00216014FFF7D2
:1016F00055FF70E0D548844209D10121C804FFF7A5
:101700004DFF00214FF40020FFF748FF63E0D04871
:10171000844209D101210805FFF740FF00214FF461
:101720008010FFF73BFF56E0CA48844209D10121EF
:101730004805FFF733FF00214FF40010FFF72EFF9D
:1017400049E0C548844208D101214020FFF733FF1A
:1017500000214020FFF72FFF3DE0C048844208D120
:1017600001218020FFF727FF00218020FFF723FFC2
:1017700031E0BB48844208D101218015FFF71BFFEF
:101780000021A015FFF717FF25E0B648844209D1D4
:1017900001210804FFF702FF00214FF48030FFF71A
:1017A000FDFE18E0B048844209D101214804FFF74A
:1017B000F5FE00214FF40030FFF7F0FE0BE0AB48E0
:1017C000844208D101218804FFF7E8FE00214FF48C
:1017D0008020FFF7E3FE10BD00220288944B984260
:1017E0000ED0994B98420BD0B0F1804F08D0914B5E
:1017F000984205D0904B984202D0904B984204D129
:101800004FF68F731A404B881A438D4B984207D07E
:101810008C4B984204D04FF6FF431A40CB881A43B2
:1018200002808B8883850B880385814B98420BD07F
:10183000854B984208D08B4B984205D08A4B9842F2
:1018400002D08A4B984201D10B7A0386012383820E
:10185000704770B5002400220023058C4FF6FE76F9
:1018600035400584028C8388048B4FF68F752C409D
:10187000B51E2C400D882C43751E2A400D892A4325
:101880004D882A436A4DA8420BD06F4DA84208D01C
:10189000744DA84205D0744DA84202D0734DA842A1
:1018A00013D14FF6F7752A404D892A434FF6FB7541
:1018B0002A408D882A434FF6FF652B404FF6FF558F
:1018C0002B408D892B43CD892B4383800483CD8886
:1018D0008586028470BD70B5002400220023058C2B
:1018E0004FF6EF7635400584028C8388048B48F6EA
:1018F000FF752C404FF6FF452C400D884FF6FF76C4
:1019000006EA05252C434FF6DF752A400D8906EAC5
:1019100005152A434D8806EA05152A43444DA84279
:1019200002D0494DA8421DD14FF67F752A404D89FE
:101930004FF6FF7606EA05152A434FF6BF752A4093
:101940008D8806EA05152A434FF6FF352B404FF2E6
:10195000FF752B408D8906EA85052B43CD8906EA64
:1019600085052B4383800483CD880587028470BD61
:1019700070B5002400220023058C4FF6FF66354029
:101980000584028C8388848B4FF68F752C404FF62C
:10199000FC752C400D882C434FF6FF552A400D89CD
:1019A0004FF6FF7606EA05252A434D8806EA052507
:1019B0002A431F4DA84202D0234DA8421DD14FF209
:1019C000FF752A404D894FF6FF7606EA05252A4322
:1019D0004FF6FF352A408D8806EA05252A434EF644
:1019E000FF752B404DF6FF752B408D8906EA0515D6
:1019F0002B43CD8906EA05152B4383808483CD884C
:101A00008587028470BD70B5002200230024058CF8
:101A10004EF6FF7635400584038C8488828B48F629
:101A2000FF752A404FF6FF452A400D8820E0000050
:101A3000002C01400004004000080040000C004061
:101A4000001000400014004000340140004C0140F0
:101A5000005001400054014000180040001C0040AC
:101A60000020004000400140004401400048014087
:101A70004FF6FF7606EA05252A434DF6FF752B4003
:101A80000D8906EA05352B434D8806EA05352B43BB
:101A9000FA4DA84202D0FA4DA84208D14BF6FF7584
:101AA0002C408D894FF6FF7606EA85152C438480FD
:101AB0008283CD88A0F84050038470BD828B4FF2A2
:101AC000FF331A408283828B4FF6FF7303EA0123B0
:101AD0001A4382837047F0B50C4615460022002158
:101AE0000026078C4EF6FF7C07EA0C070784828BE2
:101AF000018C4FF6FF7707EA043640F6FF473A407D
:101B00004FF6FF7707EA05273A434FF6FF7707EAD4
:101B100003373A43D94FB8420ED0D94FB8420BD011
:101B2000B0F1804F08D0D74FB84205D0D64FB84259
:101B300002D0D64FB84206D14DF6FF77394046F471
:101B40008057394305E047F6FF57394044F4805742
:101B5000394382830184F0BD828B4FF6F3731A40C0
:101B60008283828B0A4382837047F0B50C46154608
:101B7000002200210026078C4FF6FF6C07EA0C07B5
:101B80000784828B018C4FF6FF7707EA04264FF615
:101B90000C773A404FF6FF7707EA03172F433A4393
:101BA000B64FB8420ED0B64FB8420BD0B0F1804F0E
:101BB00008D0B44FB84205D0B34FB84202D0B34FAB
:101BC000B84206D14FF6FF57394046F48077394383
:101BD00005E04FF2FF57394044F480773943828360
:101BE0000184F0BD028B4FF2FF331A400283028B57
:101BF0004FF6FF7303EA01231A4302837047F0B5DF
:101C00000C461546002200210026078C4FF6EF7C7B
:101C100007EA0C070784028B018C4FF6FF7707EA6F
:101C2000041640F6FF473A404FF6FF7707EA0337BE
:101C30003A434FF6FF7707EA05273A438F4FB842FA
:101C40000ED08F4FB8420BD0B0F1804F08D08D4FDF
:101C5000B84205D08C4FB84202D08C4FB84206D162
:101C60004FF6DF77394046F01007394305E04FF66D
:101C70005F77394044F01007394302830184F0BD97
:101C8000028B4FF6F3731A400283028B0A430283DE
:101C90007047F0B50C46154600220021068C4FF621
:101CA000FE773E400684028B018C4FF60C76324064
:101CB0007E1C06EA03162E433243704EB0420ED00D
:101CC0006F4EB0420BD0B0F1804F08D06D4EB04295
:101CD00005D06D4EB04202D06C4EB04206D14FF6E8
:101CE000FD76314044F00106314305E04FF6F576CC
:101CF000314044F00106314302830184F0BD70B5E8
:101D000005460C465D4885420ED05D4885420BD0A5
:101D1000B5F1804F08D05B48854205D05A488542CE
:101D200002D05A48854200D100E000BF208850B957
:101D30002389A28861882846FFF7ABFFE1882846FF
:101D4000FFF79EFF25E0208804280AD12389A28876
:101D500061882846FFF753FFE1882846FFF742FFD6
:101D600017E0208808280AD12389A288618828469C
:101D7000FFF7FBFEE1882846FFF7EEFE09E0238926
:101D8000A28861882846FFF7A6FEE1882846FFF76B
:101D900095FE70BD2DE9F04105460C460026012751
:101DA000608808B9022600E00026A088012801D139
:101DB000022700E001272088A0B92389A288618832
:101DC0002846FFF766FFE1882846FFF759FF238979
:101DD0003A4631462846FFF712FFE1882846FFF7CA
:101DE00001FF13E02389A28861882846FFF707FFD7
:101DF000E1882846FFF7F6FE23893A463146284611
:101E0000FFF747FFE1882846FFF73AFFBDE8F0817A
:101E10000A884B881A438B881A43CB881A430B894C
:101E20001A434B891A438B891A43A0F84420704700
:101E30004FF6FF71818000210180C18041800172D5
:101E400070470021018041808180C18001814181F2
:101E50008181C18170470021018041800121818001
:101E60000021C18001817047002101804180818073
:101E7000C18001814181818170470000002C0140B7
:101E8000003401400004004000080040000C004005
:101E900021B1028842F00102028004E002884FF67C
:101EA000FE731A400280704731B1B0F8442042F40A
:101EB0000042A0F8442005E0B0F84420C2F30E022E
:101EC000A0F8442070471AB183890B43838102E054
:101ED00083898B43838170478182704741EA020383
:101EE000A0F8483070471AB183890B43838102E020
:101EF00083898B438381704701894FF6F8721140C3
:101F0000018170470A46002101894FF68F731940FD
:101F100011430181704730B504460D4629462046DD
:101F2000FFF7F0FF208940F00700208130BD2DE948
:101F3000F04104460D4616461F46602D06D13B462D
:101F4000012231462046FFF75AFE05E03B460122BA
:101F500031462046FFF79DFE29462046FFF7D2FF77
:101F6000208940F007002081BDE8F08130B50C46A3
:101F700000210189C9B24FF6FF7505EA0325154313
:101F800025432943018130BD2DE9F04105460E4628
:101F900017469846002443463A4631462846FFF7FE
:101FA000E5FF2C894FF6F870044044F007044FF623
:101FB0008F70044044F070042C81BDE8F081F0B5CE
:101FC00004460D4616461F463B46324629462046E5
:101FD000FFF7CCFF208940F480402081F0BD0185CF
:101FE000828270470A46002101884FF68F7319409C
:101FF000114301807047F0B50C4615461E4600217E
:10200000002200230189028B038C4FF6F8773940B8
:1020100021434FF6FC473A4040F201173A434FF64E
:10202000DD773B404FF6FF7707EA06172F433B4328
:10203000018102830384F0BD0A460021018B4FF623
:102040008F7319401143018370470A460021018BA9
:1020500048F6FF7319404FF6FF7303EA0223194352
:10206000018370470A460021818B4FF68F73194018
:102070001143818370470A460021818B48F6FF7324
:1020800019404FF6FF7303EA022319438183704717
:1020900021B1028842F08002028004E002884FF6FB
:1020A0007F731A400280704721B1828842F0040297
:1020B000828004E082884FF6FB731A40828070476A
:1020C00021B1828842F00802828004E082884FF6C3
:1020D000F7731A408280704721B1828842F0010272
:1020E000828004E082884FF6FE731A408280704737
:1020F0000A460021018B4FF6F77319401143018303
:1021000070470A460021018B4FF2FF7319404FF6CA
:10211000FF7303EA02231943018370470A46002133
:10212000818B4FF6F77319401143818370470A463C
:102130000021818B4FF2FF7319404FF6FF7303EAC2
:1021400002231943818370470A460021018B4FF611
:10215000FB7319401143018370470A460021018B2C
:102160004FF6FF3319404FF6FF7303EA022319437A
:10217000018370470A460021818B4FF6FB7319409B
:102180001143818370470A460021818B4FF6FF334C
:1021900019404FF6FF7303EA022319438183704706
:1021A0000A460021018B4FF67F73194011430183CA
:1021B00070470A460021018BC1F30E014FF6FF73F1
:1021C00003EA02231943018370470A460021818BE9
:1021D0004FF67F7319401143818370470A460021EF
:1021E000818BC1F30E014FF6FF7303EA02231943FB
:1021F000818370470A460021018C4FF6FD73194018
:102200001143018470470A460021018C4FF6F77391
:1022100019401143018470470A460021018C4FF692
:10222000DF7319404FF6FF7303EA02131943018469
:1022300070470A460021018C4FF67F7319404FF614
:10224000FF7303EA02131943018470470A46002111
:10225000018C4FF6FF5319404FF6FF7303EA022338
:102260001943018470470A460021018C4FF2FF7325
:1022700019404FF6FF7303EA0223194301847047A4
:102280000A460021018C4DF6FF7319404FF6FF738B
:1022900003EA023319430184704730B50023012457
:1022A0008C40A3B2048C9C430484048C02FA01F594
:1022B000ADB22C43048430BD30B5002304248C40DF
:1022C000A3B2048C9C430484048C02FA01F5ADB2E1
:1022D0002C43048430BD70B503460020002418460A
:1022E000183001258D40ACB21D8CA5431D8409B169
:1022F000082909D100EB6100056825F0700505602B
:102300000568154305600EE00D1FC5F34E05284412
:10231000056825F4E045056005684FF6FF7606EA96
:1023200002263543056070BD21B1028842F00202E9
:10233000028004E002884FF6FD731A400280704765
:1023400021B1028842F00402028004E002884FF6C4
:10235000FB731A400280704721B1828842F08002EC
:10236000828004E082884FF67F731A408280704733
:1023700002884FF6F7731A40028002880A430280EF
:10238000704782884FF68F731A40828082880A4392
:102390008280704702894FF6F8731A4002810289E1
:1023A0000A430281704702894FF67F731A40028107
:1023B00002890A4302817047818470478185704792
:1023C000818670470187704781877047A0F8401069
:1023D000704702884FF6FF431A40028002880A4382
:1023E000028070470146888E70470146088F70470B
:1023F0000146888F70470146B1F84000704701469A
:10240000888C70470146088D704702460020138A69
:102410000B400BB1012000E000207047CA4302824C
:10242000704730B50246002000230024158A05EAD3
:102430000103958905EA010413B10CB1012000E004
:10244000002030BDCA4302827047000010B5044628
:10245000FB48844209D101218803FFF79FF800213E
:102460004FF48040FFF79AF832E0F648844209D1F1
:1024700001214804FFF79FF800214FF40030FFF7D7
:102480009AF825E0F048844209D101218804FFF739
:1024900092F800214FF48020FFF78DF818E0EB4808
:1024A000844209D10121C804FFF785F800214FF4C7
:1024B0000020FFF780F80BE0E548844208D10121B5
:1024C0000805FFF778F800214FF48010FFF773F844
:1024D00010BD2DE9F04786B005460E460024A24601
:1024E00000BFA1460027B08900B100BF2F462C8A4B
:1024F0004CF6FF700440F08804432C82AC894EF601
:10250000F3100440B08831890843718908430443BB
:10251000AC81AC8A4FF6FF400440B0890443AC82E2
:1025200001A8FEF7B4FFC648874202D1DDF810A02B
:1025300001E0DDF80CA0A88900F4004040B10AEBEE
:10254000CA0000EB0A1031684900B0FBF1F807E05F
:102550000AEBCA0000EB0A1031688900B0FBF1F801
:102560006420B8FBF0F004012009642101FB10890C
:10257000A88900F4004040B1322000EBC900B0FB54
:10258000F1F000F00700044308E0322000EB0910EE
:102590006421B0FBF1F000F00F0004432C8106B081
:1025A000BDE8F0874FF41651016000218180C180A1
:1025B00001810C21418100218181704710B50246C3
:1025C0000020108A4FF2FF0318400B884C882343E9
:1025D0008C882343CC8823431843108210BD0021EC
:1025E000018041808180C180704721B1828942F49D
:1025F0000052828104E082894DF6FF731A40828185
:102600007047F0B50346002400260025002040F660
:102610006A17B94200D100BF1846C1F3421401F055
:102620001F06012707FA06F5012C01D10C3004E042
:10263000022C01D1103000E014301AB107682F438A
:10264000076002E00768AF430760F0BD1AB1838AF4
:102650000B43838202E0838A8B4383827047028A22
:102660004FF6F0731A400282028A0A4302827047D0
:1026700082894FF2FF731A40828182890A438281E4
:10268000704721B1828942F00202828104E082898E
:102690004FF6FD731A4082817047028A4FF6DF734E
:1026A0001A400282028A0A430282704721B1028ADA
:1026B00042F48042028204E0028A4BF6FF731A4021
:1026C00002827047C1F30802828070470146888801
:1026D000C0F308007047818941F001018181704792
:1026E000028BD2B20283028B42EA0122028370473C
:1026F000028B02F47F420283028B0A4302837047FB
:1027000021B1828A42F02002828204E0828A4FF65E
:10271000DF731A408282704721B1828A42F0100230
:10272000828204E0828A4FF6EF731A4082827047F9
:1027300021B1828A42F00802828204E0828A4FF646
:10274000F7731A408282704721B1828942F40042B5
:10275000828103E08289C2F30E028281704721B137
:10276000828A42F40062828204E0828A4FF2FF731E
:102770001A4082827047828A4FF6FB731A40828227
:10278000828A0A438282704721B1828A42F0020221
:10279000828204E0828A4FF6FD731A40828270477B
:1027A00002460020B1F5007F00D100BF13880B4026
:1027B0000BB1012000E00020704701F40072B2F577
:1027C000007F00D100BFCA430280704770B5024647
:1027D000002400230025002040F66A16B14200D1F3
:1027E00000BFC1F3421501F01F03012606FA03F3EF
:1027F000012D02D19689334006E0022D02D1168ABE
:10280000334001E0968A33400C12012606FA04F4A4
:102810001688344013B10CB1012000E0002070BDD7
:1028200010B50022002340F66A14A14200D100BF77
:102830000A1201249440A3B2DC43048010BD0000BE
:10284000003801400044004000480040004C004077
:102850000050004010B50446FA48844208D10121D6
:102860004015FEF79BFE00216015FEF797FE17E06E
:10287000F548844208D101210015FEF78FFE0021A2
:102880002015FEF78BFE0BE0F048844208D10121B1
:10289000C803FEF783FE00214FF40040FEF77EFEE2
:1028A00010BD30B50246002000235068E84C20409F
:1028B0000D790C6844EA0524204350609068E54C8B
:1028C0002040D1E902542C434D7944EA4504204389
:1028D0009060D06A20F470000C7C641EE4B2234344
:1028E00040EA0350D06230BD0021016001714171A6
:1028F0008160C16001210174704721B1826842F09A
:102900000102826003E0826822F001028260704767
:1029100021B1826842F48072826003E0826822F40E
:1029200080728260704710B50023CBB21AB1446840
:102930001C43446002E044689C43446010BD8168CD
:1029400041F0080181607047014600208A6802F06A
:1029500008020AB1012000E000207047816841F0C0
:10296000040181607047014600208A6802F0040279
:102970000AB1012000E00020704721B1826842F4D2
:10298000A002826003E0826822F4A00282607047A5
:10299000014600208A6802F480020AB1012000E0AA
:1029A0000020704710B50A4600210023416821F439
:1029B0006041531E41EA4331416010BD21B142687C
:1029C00042F40062426003E0426822F40062426026
:1029D0007047F0B504460D4600200021092D11DD99
:1029E000E068A5F10A0606EB4607072606FA07F196
:1029F0008843A5F10A0606EB460603FA06F10843EA
:102A0000E0600CE0206905EB4507072606FA07F1B0
:102A1000884305EB450603FA06F108432061072ABF
:102A20000FDA606B561E06EB86071F2606FA07F1C3
:102A30008843561E06EB860605FA06F108436063D6
:102A400022E00D2A0FDA206BD61F06EB86071F2621
:102A500006FA07F18843D61F06EB860605FA06F14B
:102A60000843206310E0E06AA2F10D0606EB86073A
:102A70001F2606FA07F18843A2F10D0606EB86062B
:102A800005FA06F10843E062F0BD21B1826842F424
:102A90008012826003E0826822F4801282607047B4
:102AA0000146C86C80B2704766484C300068704779
:102AB00021B1426842F48062426003E0426822F43D
:102AC00080624260704721B1426842F480524260A5
:102AD00003E0426822F48052426070470A460021B7
:102AE000816821F4E04111438160704721B182681F
:102AF00042F40042826003E0826822F40042826075
:102B0000704721B1826842F40212826003E0826859
:102B100022F4021282607047014600208A6802F4A3
:102B200000120AB1012000E000207047F0B5044611
:102B30001546002000220026092911DDE068A1F1D8
:102B40000A0707EB470C072707FA0CF29043A1F19D
:102B50000A0707EB470703FA07F21043E0600CE0AF
:102B6000206901EB410C072707FA0CF2904301EBB7
:102B7000410703FA07F210432061A06BC0F301562E
:102B8000EF1C06F1010CA7EB0C0707EB870C1F27C6
:102B900007FA0CF29043EF1C06F1010CA7EB0C07AF
:102BA00007EB870701FA07F21043A063F0BD10B5E9
:102BB0000A4600210023816B21F44011531E41EA93
:102BC0000351816310BD08B5002300930090009B62
:102BD0000B440093009B1A6008BD08B50246002014
:102BE0000090009201F12800009B1844009000988A
:102BF000006880B208BD0A4600214168164B1940A2
:102C00001143416070474162826270470A46002169
:102C1000416821F01F0111434160704740B10949EB
:102C20000831096841F40001064A0832116007E0E2
:102C300004490831096821F40001024A0832116090
:102C4000704700000024014000280140003C014082
:102C5000FFFEF0FFFDF7F1FFFFFD3FFF0246002002
:102C600013680B400BB1012000E000207047CA43FD
:102C70000260704770B502460020002300240B124A
:102C80005568CEB205EA060415681D4015B10CB1B1
:102C9000012000E0002070BD00220A12D34303602F
:102CA0007047000029B1504A128802434E4B1A80E7
:102CB00004E04D4A128882434B4B1A8070474A48C1
:102CC000001D008840F010004749091D088070472A
:102CD0004548001D00884FF6EF7108404249091D24
:102CE00008807047002140481C300188001F008880
:102CF00041EA0040704700B50246FFF7E0FF100CC4
:102D0000394918310880091D0A80FFF7E1FF00BD2D
:102D100000B50246FFF7D3FFC2F303403249083142
:102D20000880091D0A80FFF7D3FF00BD00B50246E9
:102D3000FFF7C5FF100C2C4920310880091D0A80BF
:102D4000FFF7C6FF00BD0020274910310988090799
:102D5000080B2549143109880843704700BF2248F1
:102D6000001D008800F020000028F8D070471E48A1
:102D7000001D00884FF6F77108401B49091D0880A7
:102D800000BF1948001D008800F008000028F8D096
:102D9000704701460020144A121D12880A400AB1E9
:102DA000012000E0002070470F49091D0988814378
:102DB0000D4A121D11807047014600200A4A121D5B
:102DC00012880A40D0B2084A12880A4012B108B1EB
:102DD000012000E0002070470349091D0988814354
:102DE000014A121D118070470028004030BF704713
:102DF00072B6704762B6704710B54FF4A060FDF729
:102E000059FB10BD7FB505460C4601211020FEF789
:102E1000B8FBADF80850ADF804400020ADF80A004A
:102E2000ADF8060001A91948FEF7D6FC01221146AB
:102E30001648FFF748F836208DF8000003208DF87B
:102E400001008DF8020001208DF803006846FDF7AF
:102E500036FB01210D48FFF71BF800200C490860E4
:102E60007FBD0B490860704710B501210748FFF787
:102E7000D8FA012805D10648006810B10448006856
:102E8000804701210148FFF7DDFA10BD0010004026
:102E90002800002010B56FF00400FDF75AFB4FF03A
:102EA000E020006940F002004FF0E021086142F2AA
:102EB000283048610846006940F00100086110BDF3
:102EC000F0B504460D4600212AE001EB81008B4E4F
:102ED00056F8200010BB01EB810046F8204001208D
:102EE00001EB8106854F07EB8606707401EB8100CC
:102EF0003E4606EB8000456001EB810006EB80005A
:102F0000826001EB810006EB80000374002001EB7E
:102F1000810607EB8606F0600846F0BD481CC1B28A
:102F20001E29D2DBFF20F8E710B50146002027E07C
:102F300000EB8002714B53F822208A421ED10022FE
:102F400000EB80036D4C44F8232000EB800304EB7E
:102F500083035A7400EB800304EB83035A6000EB95
:102F6000800304EB83039A6000EB800304EB83038C
:102F70001A7400EB800304EB8303DA60421CD0B2C6
:102F80001E28D5DB10BD002100EB80025B4B43F80F
:102F9000221000EB800203EB8202517400EB8002EE
:102FA00003EB8202516000EB800203EB820291602E
:102FB00000EB800203EB8202117400EB800203EB52
:102FC0008202D1607047002048E000EB80014B4A4C
:102FD00002EB8101097CE9BB00EB800102EB81017E
:102FE000497C012938D100EB800102EB8101C968DD
:102FF00081BB00EB800102EB8101496859B100EB14
:10300000800102EB81014968491E00EB80023B4BC5
:1030100003EB8202516000EB8001384A02EB810130
:103020004968B9B9012100EB8002344B03EB8202FD
:10303000D16000EB80011A4602EB8101896849B139
:1030400000EB800102EB8101896800EB800203EB59
:10305000820200E000E05160411CC8B21E28B4DBCF
:10306000704710B5002440E004EB8400234901EBD5
:103070008000407C012836D104EB840051F8200008
:1030800088B304EB840001EB8000007C012806D1AA
:1030900004EB8401194A52F82100804723E004EB35
:1030A0008400164901EB8000007CE0B904EB840049
:1030B00001EB8000C068B0B104EB84010F4A52F804
:1030C00021008047002004EB84010C4A02EB8101BF
:1030D000C86004EB8400114601EB8000806810B9E1
:1030E0002046FFF750FF601CC4B21E2CBCDB10BD95
:1030F00010B504F079FDFFF766FF10BD740D0020D8
:10310000002000210160704710B5FFF7C3FE04F0F6
:1031100019FC04F0B5FC04F07BFB06F053F903F056
:10312000A3FB02F051FA04F000FB01F04AFC01F0AD
:10313000E8FC01F018FE02F006FA01F016F810F0B3
:103140006BFD07F087FC05F086FC07F024FB0446C6
:103150000DF0B0FB01230A2211463248FFF7B0FE02
:1031600000230A2211463048FFF7AAFE00230A2254
:1031700005212E48FFF7A4FE0123002205212C483B
:10318000FFF79EFE0023642208212A48FFF798FEDD
:1031900000234FF47A7205212748FFF791FE0023A0
:1031A0000A2211462548FFF78BFE00230A2211460A
:1031B0002348FFF785FE00230A2211462148FFF726
:1031C0007FFE00230A2211461F48FFF779FE0023E5
:1031D0000A2211461D48FFF773FE00234FF47A724E
:1031E00064211B48FFF76CFE00236422194619482E
:1031F000FFF766FE00230A2219461748FFF760FE14
:1032000000230A2205211548FFF75AFE0123002258
:1032100005211348FFF754FE10BD10B5FFF721FF3D
:1032200010BD000099680008C75A0008474500080B
:103230005B460008A5780008E5770008237A0008B7
:10324000C1830008A73B010823150108490C0108A8
:10325000D5200108FBD10008399400088BCE000866
:10326000B5CE000870B503460C4603E014F8015BC8
:1032700003F8015B1500A2F10102F7D170BD30B572
:10328000034601E003F8011B1400A2F10102F9D189
:1032900030BD00B57C494FF42072C8680021FFF7AB
:1032A000EEFF79494FF4A04288680021FFF7E7FF5D
:1032B00001207549087400BD0022002105E0724814
:1032C000C068405C00B1521C491CB1F5207FF6D3A8
:1032D000642050434FF42073B0FBF3F0C0B270474A
:1032E0002DE9F04106460024A0466748007C10B94D
:1032F0006549086880471EB94FF0FF30BDE8F0818E
:1033000062480068B6FBF0F085B260480068B6FB22
:10331000F0F100FB116008B1681C85B25C480068E0
:10332000441E1BE05848C068005D20B908F1010048
:103330001FFA80F801E04FF00008A8450DD10027E2
:1033400004E05149C968E2198D547F1CAF42F8D39B
:103350004E49096804FB01F0D0E7641E002CE1DA55
:103360004FF0FF30CAE770B505464748007C20B9EA
:10337000454908688047012070BD4648006885427D
:1033800012D242480068B5FBF0F13F48C068425C89
:10339000002405E000203C4BDB680E199855641CA6
:1033A0009442F7DB0020E7E70220E5E72DE9F04152
:1033B00005463548007C20B9334908688047BDE898
:1033C000F081314880682E1A3248006886421ED249
:1033D0002E4B1B68B6FBF3F02B4BDB68195C2A46BF
:1033E000002402E000231355641C284B1B684B4348
:1033F000A342F7D8002407E00023234FFF6800EB27
:10340000040C07F80C30641C8C42F5DBD7E700BFD6
:10341000D5E770B5044604B970BD1B488068251A0D
:10342000FFF7E6FC2046FFF7C1FFFFF7E3FC00BF14
:10343000F2E770B50546FFF7DBFC2846FFF750FFC3
:103440000446FFF7D7FC601C08B9002070BD0E4889
:1034500080682044FAE770B506460C462046FFF720
:103460003FFF0546681C08B9002070BD0649896801
:10347000481922463146FFF7F5FE3046FFF7C9FFEF
:10348000014880682844F0E7380000203000002020
:103490002C00002034000020012080F3138800BF9E
:1034A00000BF6548006800F4E06064490843001DFF
:1034B00061490860BFF3408F00BF00BFFEE72DE900
:1034C000F05F06460F4690460024B3463D46A146AF
:1034D00017E068784FEA002A28788244AD1C20461D
:1034E000641C574921F810A0B4F5806F07D100245F
:1034F0004FF48062584600F0DAF80BF5006B09F1E2
:103500000209C145E5D324B1A2B24D49584600F0A5
:10351000CEF8BDE8F09F10B5044620684949084040
:10352000B0F1005F08D16068474908602068FCF787
:1035300093FE45480068804710BD08B54FF6FF7000
:10354000009002226946414800F0B1F84048FFF778
:10355000E2FF08BD3E483849091F08607047F0B5D2
:103560009BB005460E461746684600F029F93246DC
:103570002946684600F0F9FC17A9684600F05AFD94
:10358000002409E0395D17A8005D814202D00020C7
:103590001BB0F0BD601CC4B2102CF3DBFF20F7E7BA
:1035A00038B50446221D2B482168FFF7D8FF50B1DB
:1035B0000020009002226946244800F078F8FCF7C9
:1035C0004EFEFF2038BD0020FCE738B50446221D22
:1035D00020482168FFF7C3FF40B10020009002227D
:1035E00069461A4800F063F8FF2038BD0020FCE768
:1035F00000201949088019490860704710B5044631
:10360000208815490988884214D1628813490968BD
:10361000104BC818211DFFF752FF0F480088401CAF
:103620000D49088060880D49096808440B49086005
:10363000FF2010BD0020FCE70CED00E00000FA05C3
:103640004C6200200000FE2F4C00002000140008F7
:103650000018000800A801085000002054000020B5
:103660000146088870472DE9F04105460E46174689
:10367000002407E036F814102846FDF77CFAAD1C4C
:10368000601C84B2BC42F5DBBDE8F08130B5034676
:103690000C461546002207E01846FFF7E1FF24F824
:1036A00012009B1C501C82B2AA42F5DB30BD2DE9F2
:1036B000F05F80468A461746B8F1006F02D337485C
:1036C000804501D3BDE8F09FFDF70DF9A8F1006B2F
:1036D0004FEADB25CBF34909C9F58064A74200DC3A
:1036E0003C464DE04FF0006101EBC5204A142C49E7
:1036F000FFF7CCFF00260BE009EB0600284931F864
:1037000010004FF6FF71884200D003E0701C86B2B3
:10371000A642F1DB00BFA6421BDA4FF0006101EBCD
:10372000C520FDF725F9002608E03AF8160006EB5B
:1037300009011B4A22F81100701C86B2A642F4DB74
:103740004FF0006101EBC5204A141549FFF78BFFCC
:1037500004E0224651464046FFF785FFA74200D1CC
:103760000FE06D1C4FF000090AEB440AA044381B1F
:1037700087B2B7F5806F02DD4FF4806400E03C460D
:10378000B0E700BFFDF7BBF800BF9BE713B50446E9
:10379000012201A92046FFF78AFF1CBD0000040892
:1037A0004C6A0020014600BF704700BF704770B5EB
:1037B00004460D46E1B2002005F057FC204670BDDE
:1037C000002101604160FE498160FE4AC260CA4337
:1037D0000261FC4AD2434261704770B5034600243F
:1037E000002010E00E5C451C4D5D46EA0526851C58
:1037F0004D5D46EA0546C51C4D5D46EA056543F844
:103800002450641C001D9042ECD370BD2DE9F043A0
:10381000C0B080468946D8F80040D8F80450D8F89F
:103820000860D8F80C70402249466846FFF7D5FF7B
:1038300005EA060027EA0501084300990844E24921
:1038400008440444E00140EA54642C4404EA0500BE
:1038500026EA0401084301990844DC490844074466
:10386000380340EA1757274407EA040025EA07010E
:10387000084302990844D64908440644700440EAC3
:10388000D6363E4406EA070024EA060108430399B7
:103890000844D04908440544A80540EA9525354424
:1038A00005EA060027EA0501084304990844CA49C5
:1038B00008440444E00140EA54642C4404EA05004E
:1038C00026EA0401084305990844C449084407440A
:1038D000380340EA1757274407EA040025EA07019E
:1038E000084306990844BE4908440644700440EA67
:1038F000D6363E4406EA070024EA06010843079943
:103900000844B84908440544A80540EA95253544CB
:1039100005EA060027EA0501084308990844B24968
:1039200008440444E00140EA54642C4404EA0500DD
:1039300026EA0401084309990844AC4908440744AD
:10394000380340EA1757274407EA040025EA07012D
:1039500008430A990844A0F524404F3806447004EF
:1039600040EAD6363E4406EA070024EA0601084348
:103970000B9908449E4908440544A80540EA95254A
:10398000354405EA060027EA050108430C99084476
:10399000984908440444E00140EA54642C4404EA91
:1039A000050026EA040108430D9908449249084499
:1039B0000744380340EA1757274407EA040025EA7A
:1039C000070108430E9908448C49084406447004D2
:1039D00040EAD6363E4406EA070024EA06010843D8
:1039E0000F990844864908440544A80540EA9525EE
:1039F000354405EA070026EA07010843019908440F
:103A0000804908440444600140EAD4642C4404EA38
:103A1000060025EA06010843069908447A49084445
:103A20000744780240EAD757274407EA050024EA0A
:103A3000050108430B990844744908440644B0033F
:103A400040EA96463E4406EA040027EA0401084399
:103A5000009908446E4908440544280540EA153594
:103A6000354405EA070026EA07010843059908449A
:103A7000684908440444600140EAD4642C4404EAE0
:103A8000060025EA060108430A99084462490844E9
:103A90000744780240EAD757274407EA050024EA9A
:103AA000050108430F9908445C4908440644B003E3
:103AB00040EA96463E4406EA040027EA0401084329
:103AC00004990844564908440544280540EA153538
:103AD000354405EA070026EA070108430999084426
:103AE000504908440444600140EAD4642C4404EA88
:103AF000060025EA060108430E9908444A4908448D
:103B00000744780240EAD757274407EA050024EA29
:103B10000501084303990844444908440644B00396
:103B200040EA96463E4406EA040027EA04010843B8
:103B3000089908443E4908440544280540EA1535DB
:103B4000354405EA070026EA070108430D990844B1
:103B5000384908440444600140EAD4642C4404EA2F
:103B6000060025EA06010843029908443249084440
:103B70000744780240EAD757274407EA050024EAB9
:103B800005010843079908442C4908440644B0033A
:103B900040EA96463E4406EA040027EA0401084348
:103BA0000C990844264908440544280540EA15357F
:103BB000354485EA0600784005990844214943E0E8
:103BC0000123456789ABCDEF78A46AD756B7C7E81C
:103BD000DB702024EECEBDC1AF0F7CF52AC687472F
:103BE000134630A8019546FDD8988069AFF7448BFD
:103BF000BED75C892211906B937198FD8E4379A694
:103C00002108B44962251EF640B340C0515A5E26D1
:103C1000AAC7B6E95D102FD65314440281E6A1D895
:103C2000C8FBD3E7E6CDE121D60737C3870DD5F42E
:103C3000ED145A4505E9E3A9F8A3EFFCD9026F6733
:103C40008A4C2A8D4239FAFF08440444200140EA94
:103C500014742C4484EA0500704008990844FC4917
:103C600008440744F80240EA5757274487EA04000B
:103C700068400B990844F74908440644300440EA78
:103C800016463E4486EA070060400E990844F24911
:103C900008440544E80540EA5525354485EA060010
:103CA000784001990844ED4908440444200140EA61
:103CB00014742C4484EA0500704004990844E849CF
:103CC00008440744F80240EA5757274487EA0400AB
:103CD000684007990844E34908440644300440EA30
:103CE00016463E4486EA070060400A990844DE49C9
:103CF00008440544E80540EA5525354485EA0600B0
:103D000078400D990844D94908440444200140EA08
:103D100014742C4484EA0500704000990844D44986
:103D200008440744F80240EA5757274487EA04004A
:103D3000684003990844CF4908440644300440EAE7
:103D400016463E4486EA0700604006990844CA4980
:103D500008440544E80540EA5525354485EA06004F
:103D6000784009990844C54908440444200140EAC0
:103D700014742C4484EA050070400C990844C0492E
:103D800008440744F80240EA5757274487EA0400EA
:103D900068400F990844BB4908440644300440EA8F
:103DA00016463E4486EA0700604002990844B64938
:103DB00008440544E80540EA5525354465EA07000E
:103DC000704000990844B14908440444A00140EA05
:103DD00094642C4464EA0600684007990844AC499E
:103DE00008440744B80240EA9757274467EA0500A9
:103DF00060400E990844A74908440644F00340EA8D
:103E000056463E4466EA0400784005990844A249B3
:103E100008440544680540EAD525354465EA0700AD
:103E200070400C9908449D4908440444A00140EAAC
:103E300094642C4464EA0600684003990844984955
:103E400008440744B80240EA9757274467EA050048
:103E500060400A990844934908440644F00340EA44
:103E600056463E4466EA04007840019908448E496B
:103E700008440544680540EAD525354465EA07004D
:103E8000704008990844894908440444A00140EA64
:103E900094642C4464EA060068400F9908448449FD
:103EA00008440744B80240EA9757274467EA0500E8
:103EB0006040069908447F4908440644F00340EAFC
:103EC00056463E4466EA040078400D9908447A4913
:103ED00008440544680540EAD525354465EA0700ED
:103EE000704004990844754908440444A00140EA1C
:103EF00094642C4464EA060068400B9908447049B5
:103F000008440744B80240EA9757274467EA050087
:103F10006040029908446B4908440644F00340EAB3
:103F200056463E4466EA04007840099908446649CA
:103F300008440544680540EAD5253544D8F8000012
:103F40002044C8F80000D8F804002844C8F8040049
:103F5000D8F808003044C8F80800D8F80C003844F5
:103F6000C8F80C0040B0BDE8F0832DE9F0470446E6
:103F70000F4615460026B046B1462088C0F3C50856
:103F8000C8F14009206800EBC50020602068B0EB54
:103F9000C50F02D26068401C6060606800EB55701D
:103FA00060604D451CD304F1180101EB08004A463E
:103FB000394611F030F804F1180104F10800FFF758
:103FC00025FC4E4605E0B91904F10800FFF71EFC78
:103FD000403606F14000A842F5D94FF0000800E055
:103FE0000026AA1BB91904F1180303EB080011F00D
:103FF00012F8BDE8F08770B5034614460022002091
:1040000015E011F822501D5431F82250C5F307264F
:10401000451C5E5551F82250C5F30746851C5E5578
:1040200051F822502D0EC61C9D55521C001DA04259
:10403000E7D370BD2DE9FC4104460E46002500275C
:104040002088C0F3C505382D40D2C5F138003FE0C7
:1040500081F6718722619D6D0C38E5FD44EABEA4AE
:10406000A9CFDE4B604BBBF670BCBFBEC67E9B28A3
:10407000FA27A1EA8530EFD4051D880439D0D4D9B8
:10408000E599DBE6F87CA21F6556ACC4442229F40E
:1040900097FF2A43A72394AB39A093FCC3595B65D0
:1040A00092CC0C8F7DF4EFFFD15D84854F7EA86F9D
:1040B000E0E62CFE144301A3A111084E827E53F7C3
:1040C00035F23ABDBBD2D72A91D386EBC5F1780041
:1040D0000746082221466846FFF78DFF3A46084901
:1040E0002046FFF742FF082269462046FFF73DFFC2
:1040F000102204F108013046FFF77DFFBDE8FC8186
:104100005800002070B5054600240AE02146002032
:1041100000F0B2FF81B2F94800EB44000180601C5E
:10412000C4B2082CF2DB00240BE02146012000F091
:10413000A3FF81B2F148203000EB44000180601CF5
:10414000C4B2082CF1DB00240BE02146022000F071
:1041500093FF81B2E948403000EB44000180601CCD
:10416000C4B2082CF1DB70BD70470020E44981F82F
:10417000A10281F8A0024FF41670A1F88C02002071
:10418000A1F89202A1F89002A1F88E02012081F814
:104190008A02002081F8880281F8A20281F889024F
:1041A00081F8A30281F8810281F88002142081F84D
:1041B0008202704770477047D14890F8820270477A
:1041C00010B50446CE4890F8820208B9002010BD10
:1041D000CB4991F88012CA4A02EB411020222146B5
:1041E000FFF740F8C64890F88002401CC44981F8A7
:1041F0008002084690F88202401E81F8820208463A
:1042000090F88002142802D1002081F88002FF205B
:10421000DDE710B50446BA4890F88202142801D1AF
:10422000002010BDB64890F88102B54A02EB40115B
:1042300020222046FFF716F8B14890F88102401C72
:10424000AF4981F88102084690F88202401C81F84B
:104250008202084690F88102142802D1002081F8D9
:1042600081020120DDE7F0B589B004460D4616460F
:104270001F46F1B28DF8121000218DF813100020A6
:104280008DF81000E9B28DF8111005940797002100
:10429000029103918DF800006846FFF791FF09B085
:1042A000F0BD2DE9F04389B080460C4616461F4606
:1042B000DDF840902546A9788DF81210E9788DF840
:1042C000131028788DF8100069788DF81110CDF84A
:1042D0001890CDE902678DF800806846FFF770FFFF
:1042E00009B0BDE8F083864981F8A202704784488E
:1042F00090F8A202704770B50446207C00F096FF4B
:10430000002848D102207E4981F8A002207C00F0DC
:1043100061FF48BB7A48B0F88C02B0F5967F51DA5D
:10432000207C02F045FC18B9207C02F02EFC20B164
:10433000E07C401EE074012070BD7148B0F88C0232
:1043400000283FD16E4890F8A10258B101206C4975
:1043500081F8A002084690F8A102401E81F8A1024F
:104360000220E9E70320E7E7207C00F033FF054661
:10437000012D0ED1207C02F01BFC18B9207C02F02C
:1043800004FC20B1E07C401EE0740520D4E704204A
:10439000D2E70620D0E7207C00F039FF012811D1B8
:1043A000207C02F005FC18B9207C02F0EEFB48B13D
:1043B000E07C401EE074627CA17C207C00F047FE23
:1043C0000120B9E70020B7E770B5044600264D4844
:1043D000007830B1012811D0022828D003280CD150
:1043E00052E00020464981F8A002012045490870AA
:1043F0004FF47A704249A1F8920299E0627CA17C64
:10440000207C00F0F5FD88B1207C02F0D1FB207CFF
:1044100002F0BBFB4FF416703949A1F88C02022060
:104420003849087014203649A1F8920280E0207CB7
:1044300000F0FCFE022826D1207C02F0B9FB207C93
:1044400002F0A3FB01F0C3F920B12D4890F8A002BF
:10445000012804D100202A4981F8A10203E00120AB
:10446000274981F8A1020120254981F8A0020320F3
:10447000244908704FF47A702149A1F892024FF450
:104480001670A1F88C0253E02046FFF734FF054672
:10449000072D4BD2DFE805F004050E172038410048
:1044A00044E0FF2600201749087014201449A1F8A1
:1044B00092023BE00120134908704FF47A701049D2
:1044C000A1F8920232E0032600200E490870142061
:1044D0000B49A1F8920229E0627CA17C207C00F0CB
:1044E000DEFD08B1042600E0012600200549087021
:1044F00014200349A1F8920218E000006501002091
:1045000050720020C501002005260020FB490870DC
:104510001420FB49A1F8920208E002260020F74986
:1045200008701420F649A1F8920200BF00BF00BF36
:1045300000BFF348B0F8920218B90E260020EF49E8
:104540000870304670BD00B5ED4890F8A002022812
:104550000BD1EB48B0F88C02002806DDE848B0F833
:104560008C02401EE649A1F88C02E548B0F896029C
:10457000642807DAE248B0F89602401CE049A1F846
:10458000960205E0FFF7F0FD0020DD49A1F8960254
:10459000DB48B0F89202002806DDD948B0F8920254
:1045A000401ED749A1F89202D548B0F890020028E1
:1045B00006DDD348B0F89002401ED149A1F8900220
:1045C000CF48B0F88E02002806DDCD48B0F88E0244
:1045D000401ECB49A1F88E02C948B0F894020028C9
:1045E00006DDC748B0F89402401EC549A1F8940200
:1045F000C348B0F89802002806DDC148B0F8980218
:10460000401EBF49A1F89802BD48B0F89A020028A0
:1046100006DDBB48B0F89A02401EB949A1F89A02DB
:10462000B748B0F89C02002806DDB548B0F89C02F7
:10463000401EB349A1F89C0200BD437A00F10A0272
:1046400002EB83021160427A521C427270470146AB
:10465000487A0A2202EB800070477CB5A84890F89F
:10466000A2020F2873D2DFE800F00872A7727272FC
:10467000723E73F1497EF0EF3A00A248FFF7C9FDA0
:10468000E8B101209E4981F889029E48807C9E49BC
:1046900088709C48C07CC8709A48007C0870994813
:1046A000407C487097484069486000204872087212
:1046B0000120C1F82A000E20FFF715FE0EE09048F9
:1046C000B0F89E0250B18E48B0F89C0230B900207C
:1046D0008B49A1F89E0202200FF067F852E10220F8
:1046E000FFF701FE4EE141F658336422012100201C
:1046F00003F0CAF90A20FFF7F6FD43E1002003F0BA
:10470000E6F918BB002003F0F9F938B97F497E4873
:10471000FFF793FF0220FFF7E6FD17E07B496631C4
:104720007948FFF78AFF7748C06930B1764BD3F8F4
:104730002A105868734BDA699047734AD2F82A10E6
:10474000506800F0B4FD0020FFF7CDFD1AE118E13C
:1047500041F6583364220021084603F095F90B20F6
:10476000FFF7C1FD0EE1002003F0B1F918BB0020F6
:1047700003F0C4F938B965496348FFF75EFF0220CA
:10478000FFF7B1FD17E0614969315F48FFF755FF59
:104790005C48C06930B15C4BD3F82A105868594B5B
:1047A000DA699047584AD2F82A10506800F07FFD25
:1047B0000020FFF798FDE5E05248FFF705FE0446AC
:1047C0002046042C34D007DC68B101280CD0022824
:1047D00016D0032865D11FE0052838D00E2845D013
:1047E000FF285ED14EE05CE008200EF0DEFF4FF4C3
:1047F00097704549C1F82A000D20FFF774FD50E07D
:1048000008200EF0D2FF4FF497703F49C1F82A00FC
:104810000D20FFF768FD44E008200EF0C6FF40F2CF
:104820002D103949C1F82A000D20FFF75CFD38E052
:1048300008200EF0BAFF4FF497703349C1F82A00F0
:104840000D20FFF750FD2CE02DE06CE060E02E49DC
:10485000087802F0F9FF07200EF0A7FF02202A498E
:10486000C1F82A000D20FFF73EFD1AE008200EF0E7
:104870009CFF40F22F102449C1F82A000D20FFF7B9
:1048800032FD0EE02049087802F0DEFF07200EF02E
:104890008CFF02201C49C1F82A000D20FFF723FDE0
:1048A00000BF00BF6EE01748C06930B1164BD3F8A7
:1048B0002A105868134BDA6990471348D0F82A0039
:1048C00040F22D11884201D1012000E0002010B1FA
:1048D000662005F0C3FE0C4AD2F82A10506800F09A
:1048E000E6FC0020FFF7FFFC01200549A1F89E022D
:1048F0004FF4FA70A1F89C0244E00000C5010020CA
:1049000050720020F874002018750020E0A5010006
:1049100041F6583364220021084603F0B5F80C2014
:10492000FFF7E1FC2EE0002003F0D1F840BB0020AF
:1049300003F0E4F820B914491448FFF77EFE04E0C0
:10494000114969311148FFF778FE1148806970B14B
:104950000E48FFF77CFE85B20D48C1688068CDE93E
:1049600000010B4908782A468B6908499847074A8D
:10497000D2F82A10506800F09AFC0020FFF7B3FC30
:1049800000E000BF00BF7CBDE0A50100187500205D
:10499000F874002010B5044614B902F089FC10BD6B
:1049A0003A4800EBC400C079F9E710B504461CB9D9
:1049B00002F081FCC0B210BD344800EBC400807925
:1049C000F9E710B5324800F0FCF8314B9A78597885
:1049D0001B7803F0010002F072FC04222C492B48E2
:1049E000FEF740FC04222A49091D28480830FEF73A
:1049F00039FC04222649083124481030FEF732FCE5
:104A000010BD38B505460C46207820B9E278A1786B
:104A1000607802F054FC617820781D4A12F820007A
:104A200061F30000217802F82100A078217802EBE0
:104A300081014870E07840B2217802EB81018870F2
:104A4000104600F0A6F861782078104A12F830007D
:104A500061F30000217802F83100A078217802EBA0
:104A6000C1014870E07840B2217802EBC101887042
:104A700020788DF8000000208DF8020001208DF8CC
:104A8000010000208DF8030038BD000046750020AD
:104A90005E7500200146F84830F811007047F7486D
:104AA00090F8FE007047F54890F8FC007047F0B5AC
:104AB0000346002400201A4600BF03E0156828447E
:104AC000121D641CB4EB910FF8D301F0030555B12E
:104AD00001F00306C6F10406F7004FF0FF36FE4072
:104AE000156835402844F0BD02460B46002104E01D
:104AF000505C08B100207047491C9942F8D3FF2050
:104B0000F9E710B5DE48DF4908604FF43171DD4840
:104B10000068FFF7CCFF0446DA480068D0F8C4020A
:104B2000A04226D1F4B94FF43171D6480068FFF79E
:104B3000DBFFFF280FD14FF43171D048FFF7B7FFEB
:104B40000446CE48C0F8C4424FF4B2720146CC4885
:104B5000FEF7ADFD1CE04FF4B272C849C848FEF73D
:104B600095FD15E04FF4B272C449C548FEF78EFDBD
:104B70000EE04FF43171C148FFF799FF0446BF487A
:104B8000C0F8C4424FF4B2720146BD48FEF78FFD33
:104B900010BD70B504460C222146B8482430FEF7FB
:104BA00061FB4FF43171B548FFF781FF0546B3480B
:104BB000C0F8C4524FF4B2720146B148FEF777FD17
:104BC00070BD10B504460C22AC4924312046FEF7D6
:104BD00049FB10BD70B50446CC222146A7483030B1
:104BE000FEF740FB4FF43171A448FFF760FF054624
:104BF000A248C0F8C4524FF4B2720146A048FEF772
:104C000056FD70BD10B50446CC229C49303120467B
:104C1000FEF728FB10BD70B50446242221469748B4
:104C2000FEF720FB4FF431719448FFF740FF054633
:104C30009248C0F8C4524FF4B27201469048FEF751
:104C400036FD70BD10B5044624228C492046FEF77F
:104C500009FB10BD70B504468022214686482030ED
:104C6000FEF700FB4FF431718448FFF720FF054643
:104C70008248C0F8C4524FF4B27201468048FEF731
:104C800016FD70BD10B5044680227B4920312046B8
:104C9000FEF7E8FA10BD70B505460C4622462946D7
:104CA0007548A330FEF7DEFA744880F8A1414FF44E
:104CB0003171FFF7FCFE06467048C0F8C4624FF43D
:104CC000B27201466E48FEF7F2FC70BD70B5054643
:104CD0000C46224629466848C330FEF7C3FA6748A7
:104CE00080F8A2414FF43171FFF7E1FE06466348B8
:104CF000C0F8C4624FF4B27201466148FEF7D7FCB7
:104D000070BD10B504465D4890F8A12100F2A311D2
:104D10002046FEF7A7FA10BD10B50446574890F894
:104D2000A22100F2C3112046FEF79CFA10BD5348A1
:104D300090F8A201704770B50446504880F8A04131
:104D40004FF43171FFF7B3FE05464C48C0F8C4522A
:104D50004FF4B27201464A48FEF7A9FC70BD4748BD
:104D600090F8A001704710B50024474847490860F3
:104D7000C42146480068FFF79AFE0446434800688D
:104D8000D0F8C400A04221D1D4B9404800680088BE
:104D90004AF2A00188420DD0C4213D48FFF787FEAA
:104DA00004463B48C0F8C440642201463648FEF73A
:104DB0007EFC18E0642236493348FEF767FC12E0B7
:104DC000642233493048FEF761FC0CE0C4213048CE
:104DD000FFF76DFE04462E48C0F8C4406422014629
:104DE0002948FEF764FC10BD10B50446542228493A
:104DF000091D2046FEF736FA10BD70B50446542250
:104E000021462348001DFEF72DFAC4212048FFF754
:104E10004EFE05461E48C0F8C450642201461A489A
:104E2000FEF745FC70BD10B50446202218495831E4
:104E30002046FEF717FA10BD70B504462022214621
:104E400013485830FEF70EFAC4211148FFF72FFE21
:104E500005460F48C0F8C450642201460A48FEF7D0
:104E600026FC70BD10B504462A2209497831204637
:104E7000FEF7F8F910BD0000CC020020CC010020A4
:104E800000D80308C801002000EC030894040020A7
:104E90009804002070B504462A2221465148FEF7A6
:104EA000E1F9C4214F487838FFF701FE05464D4827
:104EB0007838C0F8C450642201464B48FEF7F7FB2F
:104EC00070BD10B50446202246492A312046FEF71F
:104ED000C9F910BD70B504462022214641482A3048
:104EE000FEF7C0F9C4213F487838FFF7E0FD0546DA
:104EF0003C487838C0F8C450642201463A48FEF76E
:104F0000D6FB70BD08B500200090012269463748E5
:104F1000FEF7BCFBBDF8000008BD08B500200090FE
:104F2000012269463148801CFEF7B0FBBDF8000045
:104F300008BD08B500200090012269462B48001DDD
:104F4000FEF7A4FBBDF8000008BD08B500200090E6
:104F5000012269462548801DFEF798FBBDF8000038
:104F600008BD70B504460D46B4F57A6F09DAC4EB96
:104F7000C4011E4A083202EB81000E222946FEF7C8
:104F800085FB70BD70B504460D46B4F57A6F09DA3D
:104F9000C4EBC401154A083202EB81000E222946F7
:104FA000FEF785FB70BD01B5012269460F48FEF78B
:104FB0007EFB08BD01B5012269460C48801CFEF746
:104FC00076FB08BD01B5012269460848001DFEF7C1
:104FD0006EFB08BD01B5012269460448801DFEF73D
:104FE00066FB08BD1005002000EC030800A80108BE
:104FF00070B504460E46154624B92946304600F0E1
:10500000F9FA70BD04EB840000EBC4008F4901EB9A
:10501000C000807808B10020F3E7012004EB840190
:1050200001EBC401894A02EBC101087104EB840061
:1050300000EBC400114601EBC000867104EB840054
:1050400000EBC40001EBC0004571FF20D9E770B54B
:1050500004460D46164624B93146284600F0DAFAD1
:1050600070BD002004EB840101EBC401774A02EB20
:10507000C101087100BFF3E770B504460D461CB9C5
:10508000284600F0CCFA70BD04EB840000EBC400AD
:105090006E4901EBC000083050F82500F3E770B509
:1050A00004460E4615466CB929462046FFF7E4FF34
:1050B00004EB840101EBC401644A02EBC101083135
:1050C00041F8250004EB840000EBC4005F4901EBCC
:1050D000C000083050F825100120B040014009B14F
:1050E000012070BD0020FCE7024602EB820000EBCD
:1050F000C200564B03EBC000283050F83100704717
:10510000024602EB820000EBC200504B03EBC000F2
:105110004078704770B504460E4615466CB929466E
:105120002046FFF7E1FF04EB840101EBC401474A8D
:1051300002EBC101283141F8350004EB840000EB9B
:10514000C400424901EBC000283050F8351001205E
:10515000B040014009B1012070BD0020FCE770B5EE
:1051600004460D461CB9284600F008FB70BD04EB50
:10517000840000EBC400354901EBC000283000EB8F
:10518000C5004068F2E770B504460E46154674B98E
:1051900029462046FFF7E3FF04EB840101EBC4013D
:1051A0002A4A02EBC101283101EBC501486004EB3A
:1051B000840000EBC400254901EBC000283000EB5F
:1051C000C50040680121B140084008B1012070BD10
:1051D0000020FCE710B5044614B900F0F0FA10BD49
:1051E00004EB840000EBC400184901EBC0004078D8
:1051F000F5E710B5044614B900F0E5FA10BD04EB6C
:10520000840000EBC400114911F83000F6E710B536
:10521000044614B900F0DBFA10BD04EB840000EB87
:10522000C4000A4901EBC000C078F5E710B5044698
:1052300014B900F097FA10BD04EB840000EBC40031
:10524000024901EBC0008078F5E700006C75002092
:1052500070B588B00546FFF760FE064600240AE0F8
:10526000A0B201A9FFF77DFE0398A84202D1012058
:1052700008B070BD641CB442F2D30020F8E770B5EA
:1052800088B00546FFF749FE064600240AE0A0B2B2
:1052900001A9FFF766FE0398A84202D1069808B05C
:1052A00070BD641CB442F2D340F22F10F7E7F0B5A2
:1052B00087B005460E46FFF730FE074600240DE096
:1052C000A0B26946FFF74DFE0298A84205D10596A7
:1052D000A0B26946FFF756FE02E0641CBC42EFD361
:1052E00000BF07B0F0BDF0B587B007461C223946B5
:1052F0006846FDF7B7FFFFF710FE0546FFF719FEFA
:105300000646FFF722FE0446069469462046FFF74C
:1053100039FEB5F57A6F0ADA681C85B240F69F70DF
:10532000844202DA601C84B211E000240FE040F6EF
:105330009F70844202DA601C84B200E0002440F6D0
:105340009F70864202DA701C86B200E00026284672
:10535000FFF730FE3046FFF735FE2046FFF73AFEF6
:1053600007B0F0BD2DE9F04F9BB004460D4617463F
:105370004FF0000BD94620887E49A0FB0110A07891
:105380007D4A50430918E0787C4A00FB02F0091876
:10539000207942F2107200FB02F0091860794FF098
:1053A000640200FB02F00918A07908181A902888F6
:1053B0007049A0FB0110A8786F4A00FB02F00918A1
:1053C000E8786E4A00FB02F00918287942F2107260
:1053D00000FB02F0091868794FF0640200FB02F04C
:1053E0000918A87908181990FFF797FD8246C84652
:1053F00054E01FFA88F012A9FFF7B3FDBDF848008A
:105400005C49A0FB01109DF84A005B4A5043091813
:105410009DF84B00594A00FB02F009189DF84C001A
:1054200042F2107200FB02F009189DF84D004FF097
:10543000640200FB02F009189DF84E000E181A983D
:10544000864229D31998864226D8BBF5787F00DB9F
:1054500026E009F10109DDE91423DDE91610CDE9A3
:105460000423CDE906109DF84E009DF84D109DF8DF
:105470004C209DF84B30CDE90032CDE902109DF86B
:105480004A30BDF848203EA109A80FF083FB1FB1A8
:1054900009A938460FF0B3FD08F10108D045A8D39B
:1054A00000BF48461BB0BDE8F08F2DE9F04399B02E
:1054B00004460D464FF000090027FFF72EFD8046F9
:1054C000002639E0B0B212A9FFF74BFDBDF8480045
:1054D000218888422FD19DF84A00A17888422AD19C
:1054E0009DF84B00E178884225D1B9F5BF5F00DB1C
:1054F00024E07F1CDDE91423DDE91610CDE9042347
:10550000CDE906109DF84E009DF84D109DF84C20F9
:105510009DF84B30CDE90032CDE902109DF84A30BC
:10552000BDF848201EA109A80FF034FB1DB109A940
:1055300028460FF064FD761C4645C3D300BF3846AD
:1055400019B0BDE8F08310B50024FFF7DBFC04467A
:10555000012C0CD00020FFF72DFD0020FFF732FDBD
:105560000020FFF737FD0120FFF71DFD01E000BF20
:1055700000BF10BD00E40B5400E1F50540420F00F0
:10558000253464253264253264253264253264254D
:1055900032642F25642F25642F25642F2564230072
:1055A000253034642530326425303264253032644D
:1055B00025303264253032642F25642F25642F2551
:1055C000642F25642300000010B500240CE00021A6
:1055D00004EB440000EB0412FE4840F8221060384F
:1055E00040F82410601CC4B2082CF0DB00F06CFE04
:1055F00010BD70470246F7487838807C08B100201B
:1056000070470120F34B783B187518468275417539
:10561000FF20F5E70022EF4B783B1A7570470146F3
:10562000EC48603850F8210070470246E94860387D
:1056300050F8210001239340184008B10120704721
:105640000020FCE70146E348403850F8310070473D
:105650000146E0487838407C704710B50246DD4886
:10566000403850F831000124944000EA04030BB1A3
:10567000012010BD0020FCE730B5024601EB4100DF
:1056800000EB0114D34800EB8400406801249440EF
:1056900000EA040393B101EB410000EB0114CD4893
:1056A00000EB84004068984301EB410404EB0115D2
:1056B000C84C04EB85046060012030BD0020FCE78D
:1056C00030B5024601EB410000EB0114C14800EB8C
:1056D000840080680124944000EA040393B101EB44
:1056E000410000EB0114BB4800EB84008068984344
:1056F00001EB410404EB0115B64C04EB8504A060FA
:10570000012030BD0020FCE710B5024601EB41004E
:1057100000EB0114AF4850F824000124944000EA43
:1057200004030BB1012010BD0020FCE7024601EB91
:10573000410000EB0113A74800EB83000C3030F868
:1057400012007047A3487838C0687047024601EBE2
:10575000410000EB01139F4800EB83002C3030F830
:10576000120070479B487838807C70479948783899
:10577000017D09B1012070470020FCE701469548F2
:10578000403800EBC1004068704710B502469148B0
:10579000403800EBC10040680124944000EA040353
:1057A0000BB1012010BD0020FCE702460B468948E2
:1057B0007838417C09B1012070470020FCE785481A
:1057C0007838407C704783487838007C704781483F
:1057D0007838C07C704710B57E487838007D38B185
:1057E00000207D4908707D4908707D49087010BD12
:1057F00079480078052808DA77480078401C76490F
:1058000008707648007800F00EFB73480078052891
:105810007ED173480178022000F0C0FE88B16D4847
:1058200060386F49097850F821006C490A780121E5
:105830009140084367496039694A127841F822006B
:1058400010E0644860386649097850F821006349DF
:105850000A780121914088435E496039604A127894
:1058600041F822005E480178012000F097FEB8B1AF
:105870005B48007800EB400101EB0011554850F8FF
:10588000210056490A78012191400843544909787A
:1058900001EB410202EB01124E4941F8220016E0F1
:1058A0004F48007800EB400101EB0011494850F8E7
:1058B00021004A490A7801219140884348490978E2
:1058C00001EB410202EB0112424941F82200444837
:1058D0000178012000F0C0FEC0B14148007800EB23
:1058E000400101EB00113B4800EB810040683B495F
:1058F0000A780121914008433949097801EB4102B6
:1059000002EB0112334901EB82014860344800E0A8
:1059100036E00178012000F07AFEC0B1304800780E
:1059200000EB400101EB00112A4800EB8100806888
:105930002A490A780121914008432949097801EB55
:10594000410202EB0112234901EB82018860002031
:105950002149087022480078401C214908700846F7
:10596000007808280CD1002008701C480078401CE2
:105970001A49087008460078102801D100200870E4
:1059800000F09EFC13497839C86000BF2FE770B55E
:1059900010487838007D18B10E487838807C00B9FE
:1059A00070BD0C487838857D447D284600F03BFA70
:1059B0002146012000F0F2FDD0B104EB440000EBE1
:1059C0000411044850F821000121A940084304EBC8
:1059D000440107E01C7700206005002061050020DD
:1059E0006205002001EB0412F94941F8220010E0A1
:1059F00004EB440000EB0411F54850F821000121AC
:105A0000A940884304EB440101EB0412F04941F83A
:105A100022002146012000F01FFE90B104EB44005B
:105A200000EB0411EA4800EB810041680120A84026
:105A3000014304EB440000EB0412E54800EB820054
:105A400041602146012000F0E2FD90B104EB4400EA
:105A500000EB0411DE4800EB810081680120A840C2
:105A6000014304EB440000EB0412D94800EB820030
:105A700081602146012000F014FE014604EB440041
:105A800000EB0412D24800EB82000C3020F8151015
:105A90002146012000F011FE04EB440101EB041249
:105AA000CB4901EB82012C3121F8150000F008FCF4
:105AB000C7497839C86000BF72E710B5FFF78BFEA1
:105AC000FFF765FF10BD2DE9F0410125FFF783FECB
:105AD000FFF75DFFBE487838007D28B9BC487838AC
:105AE000807C08B9BDE8F081B9487838007D40B9BC
:105AF0000021B7487838817400F082F900F072F91B
:105B00006BE1B3487838807C30B1B1487838C088D0
:105B1000401CAF497839C880AD487838807CF8B9E6
:105B20004FF41670AA49783988800121A84878383E
:105B300081740020A6497839C88048800021A44893
:105B4000783841740020A249783948810874887DEA
:105B500000F069F99E497839487D00F0FEFA3CE191
:105B60009B487838C088052820D1994A783A517DD9
:105B7000907DFFF7A5FD964A783A517D907DFFF71D
:105B80007BFD934A783A517D907DFFF7BDFD20B1B2
:105B900001218F487838C17403E000218C4878389F
:105BA000C17402218A487838817416E188487838AF
:105BB000C0880528A4DD864878384088C0B384486A
:105BC0007838C088824978394988401A282897DD72
:105BD0007F487838867D477D807D05FA00F47C48D3
:105BE0007838417D383000EBC1004068A0437849E7
:105BF00078394A7D383101EBC20148607448783801
:105C0000417D383050F83100A043714978394A7DE0
:105C1000383141F8320000203839488008750021B9
:105C20006B487838817400F0EBF800F0DBF8D4E0D2
:105C3000FFE7674A783A517D907DFFF741FD0028E4
:105C40004FD063487838867D477D39463046FFF728
:105C50006DFD642844DD39463046FFF767FDB0F539
:105C6000167F30DD5A487838807D05FA00F4002030
:105C70005749783908740846417D383000EBC10037
:105C80004068A043524978394A7D383101EBC2015E
:105C900048604F487838417D383050F83100A04393
:105CA0004B4978394A7D383141F832000020383983
:105CB00048800875002146487838817400F0A0F8C3
:105CC00000F090F80CE039463046FFF72FFD6428CD
:105CD00006DD01203E49783908740846C0884880AE
:105CE0007BE03B487838C0883949783989888842D0
:105CF00024D137487838807D05FA00F43448783864
:105D0000417D383000EBC10040682043304978398C
:105D10004A7D383101EBC201486001212C487838B6
:105D2000417400202A4978390875002128487838BC
:105D3000817400F065F800F055F84EE0FFF702FDC1
:105D400006464FF07E5112F099F92FD2204878384C
:105D50004089962807DA1E4878384089401C1C493B
:105D60007839488139E01A487838807D05FA00F49E
:105D700017487838417D383050F8310020431449B5
:105D800078394A7D383141F832000221104878389C
:105D9000417400200E497839087500210C48783884
:105DA000817400F02DF800F01DF816E008487838EE
:105DB000C088642811D1064A783A517D907DFFF75A
:105DC000A3FC38B1002002497839087405E00000CE
:105DD0001C77002001200249087400BF82E6000001
:105DE000A47600200020F7490860F749C1F8840133
:105DF000F44908390860F5490860091F08607047D0
:105E00000020F049091D0860EF49C1F89001ED49F3
:105E10000C310860EE490860EA4910310860EA492F
:105E2000C1F89C0170470021E64A121D1160E64A44
:105E3000C2F89011E34A0C321160E54A1160E14A60
:105E400010321160E04AC2F89C11102873D2DFE8CA
:105E500000F0081C31475C738AA0B5CBE2FCFBFA6A
:105E6000F9F80021D74A121D1160D74AC2F89011E3
:105E7000D44A0C321160D64A1160D24A10321160F5
:105E80000121D14AC2F89C1165E10121CD4A121DC0
:105E900011600021CC4AC2F89011CA4A0C3211603C
:105EA000CB4A1160C74A103211600121C64AC2F8BC
:105EB0009C1150E10021C34A121D11600121C24A08
:105EC000C2F890110021BF4A0C321160C04A116023
:105ED000BC4A103211600121BB4AC2F89C113AE160
:105EE0000121B84A121D1160B74AC2F89011002171
:105EF000B44A0C321160B64A1160B24A10321160D5
:105F00000121B14AC2F89C1125E10021AD4A121DC0
:105F10001160AD4AC2F890110121AA4A0C321160F9
:105F20000021AB4A1160A74A103211600121A64A34
:105F3000C2F89C110FE1FBE00121A24A121D116081
:105F40000021A14AC2F8901101219E4A0C32116031
:105F500000219F4A11609B4A1032116001219A4A28
:105F6000C2F89C11F7E00021964A121D1160012130
:105F7000954AC2F89011934A0C3211600021944A5C
:105F80001160904A1032116001218F4AC2F89C11B1
:105F9000E1E001218B4A121D11608B4AC2F8901179
:105FA000884A0C3211600021894A1160854A1032FA
:105FB00011600121844AC2F89C11CCE00021814A81
:105FC000121D1160804AC2F890117E4A0C32116095
:105FD00001217F4A116000217A4A103211600121AB
:105FE000794AC2F89C11B6E00121764A121D11606F
:105FF0000021754AC2F89011724A0C3211600121D9
:10600000734A116000216F4A1032116001216E4AFB
:10601000C2F89C119FE000216A4A121D1160012103
:10602000694AC2F890110021664A0C3211600121C0
:10603000674A11600021634A103211600121624AEF
:1060400004E060E049E031E01AE002E0C2F89C11AF
:1060500081E001215B4A121D11605B4AC2F8901178
:106060000021584A0C3211600121594A1160002167
:10607000544A103211600121534AC2F89C116AE05F
:106080000021504A121D11604F4AC2F8901101219F
:106090004C4A0C3211604E4A11600021494A1032BC
:1060A00011600121484AC2F89C1154E00121454A7F
:1060B000121D11600021444AC2F890110121414A89
:1060C0000C321160424A116000213E4A10321160C8
:1060D00001213D4AC2F89C113DE00021394A121DC0
:1060E00011600121384AC2F89011364A0C32116011
:1060F000374A11600021334A103211600121324ABF
:10610000C2F89C1127E001212E4A121D11602E4A6F
:10611000C2F890112B4A0C3211602D4A11600021F7
:10612000284A103211600121274AC2F89C1112E05E
:106130000021244A121D1160234AC2F89011214AFD
:106140000C321160224A11601E4A103211601E4A40
:10615000C2F89C1100BF00BF70470021194A1160AE
:10616000194AC2F88411174A083A1160174A116097
:10617000121F1160082871D2DFE800F004132C3DD3
:106180004D5E718200210F4A11600F4AC2F88411DE
:106190000C4A083A11600D4A11600121121F11606A
:1061A0008CE00121074A11600021074AC2F88411DE
:1061B000044A083A1160054A11600121121F11605A
:1061C0007CE000008881224200802242B00122420D
:1061D000948121420021514A11600121504AC2F8A4
:1061E000841100214D4A083A11604E4A1160012184
:1061F000121F116062E00121484A1160484AC2F84A
:1062000084110021454A083A1160464A1160012173
:10621000121F116052E00021404A1160404AC2F84A
:10622000841101213D4A083A116000213D4A116064
:106230000121121F116041E00121384A1160002143
:10624000374AC2F884110121344A083A116000210A
:10625000344A11600121121F11602FE020E000215B
:106260002E4A116001212E4AC2F884112B4A083AA5
:10627000116000212B4A11600121121F11601DE0E5
:106280000121264A1160264AC2F88411234A083A9D
:1062900011600021234A11600121121F11600DE0DD
:1062A00000211E4A11601E4AC2F884111B4A083A96
:1062B00011601C4A1160121F116000BF00BF7047BF
:1062C00010B500F027FD10BD08B501216020FBF7D7
:1062D0004BF901211448FAF7F6FE10208DF803005F
:1062E00003208DF80200FF20ADF8000069460F483A
:1062F000FAF718FE2020ADF8000069460C48FAF7BE
:1063000011FE4FF4C050ADF8000069460948FAF795
:1063100009FEFFF767FDFFF773FD08BD8881224284
:1063200000802242B00122420002300000140140ED
:10633000000C01400010014000B591B001214FF464
:106340000670FBF711F901210846FBF700F9002060
:106350008DF82F0003208DF82E003020ADF82C0092
:106360000BA94F48FAF7DEFD0120ADF82C000BA970
:106370004C48FAF7D7FD4C48FCF76CFA4A484C30C9
:1063800000904A480190002002901E2003900020B7
:106390000490802005904000069080000790202007
:1063A00008900002099000200A9069464048FAF7D8
:1063B000F3F901213E48FAF71AFA00200C90012067
:1063C0008DF834008DF835004FF460200E900020D9
:1063D0000F9003208DF840000CA93348FCF761FAB8
:1063E000062301220E213048FCF7F3FA062302228D
:1063F0000F212D48FCF7EDFA0623032208212A4835
:10640000FCF7E7FA01212848FCF777FA0121264832
:10641000FCF77EFA01212448FCF7AFFA0121244859
:10642000FAF7E5F92048FCF78AFA00BF1E48FCF7A6
:106430008BFA0028FAD11C48FCF790FA00BF1A48E2
:10644000FCF791FA0028FAD101211748FCF795FAD8
:1064500001211748FAF7CBF911B000BD10B503467A
:106460000021022B01DD002010BD002209E002EB1B
:1064700042000E4C04EB400030F813000144501C65
:10648000C2B20A2AF3DB0A20B1FBF0F1B1FBF0F44F
:1064900000FB1410052800D9491C88B2E4E700006D
:1064A00000100140000C0140002401407C790020D4
:1064B0000800024010B50A4600210AE000EB400344
:1064C000C3EB8014D64B03EB8403D0335A544B1CDC
:1064D000D9B200EB4003C3EB8014D14B13F8243046
:1064E0008B42EBDC10BD10B500F0DCFC3F20CC494A
:1064F000083908600620486002200872C949C84867
:106500000838C0F8F81005210020FFF7D3FF082154
:10651000C348083880F8FC10C349C0F8EC110521C5
:106520000120FFF7C7FF0821BD48083880F8F011A7
:10653000BE49C0F8E01205210220FFF7BBFF06218B
:10654000B748083880F8E412B949C0F8D4130521D7
:106550000320FFF7AFFF0621B148083880F8D813B1
:10656000B449C0F8C81405210420FFF7A3FF042193
:10657000AB48083880F8CC14AF49C0F8BC150521E9
:106580000846FFF797FF10BD014601EB4100C0EB45
:106590008112A34800EB820040687047024602EB7C
:1065A0004200C0EB82139E4800EB83004068012349
:1065B0008B40184008B1012070470020FCE710B55F
:1065C000014601EB4102C2EB8113954A02EB8302C3
:1065D000D068002301EB4102C2EB8114904A02EB28
:1065E0008402D36010BD10B5014601EB4102C2EB3D
:1065F00081138B4A02EB83029068002301EB410276
:10660000C2EB8114864A02EB8402936010BD10B580
:10661000024602EB4200C0EB8213814800EB83008C
:10662000C06801238B401840A0B102EB4200C0EBD0
:1066300082137B4800EB8300C06801238B409843A2
:1066400002EB4203C3EB8214754B03EB8403D86067
:10665000012010BD0020FCE710B5024602EB42000D
:10666000C0EB82136E4800EB8300806801238B40EF
:106670001840A0B102EB4200C0EB8213684800EB67
:106680008300806801238B40984302EB4203C3EBF5
:106690008214634B03EB84039860012010BD00203B
:1066A000FCE7024602EB4200C0EB82135C4800EBC1
:1066B0008300103030F811007047024602EB4200B0
:1066C000C0EB8213564800EB8300503030F81100C5
:1066D000704710B500F066FD10BD2DE9F04104468D
:1066E000012700257AE007FA05F62846D4F8F010CD
:1066F0008847C0B304F19000405D20B9002104F147
:10670000100020F8151004F1100030F815004FF6B5
:10671000FF71884209DA04F1100030F81500401CBE
:1067200081B204F1100020F8151004F19000415DD1
:106730004030405D814208DA04F19000405D401C29
:10674000C1B204F19000415546E060683040A8BBFA
:10675000002104F1B0004155606830436060A068DA
:106760003043A06038E0FFE704F1B000405D20B99D
:10677000002104F1500020F8151004F1500030F809
:1067800015004FF6FF71884209DA04F1500030F825
:106790001500401C81B204F1500020F8151004F1DE
:1067A000B000415D2030405D814208DA04F1B00064
:1067B000405D401CC1B204F1B00041550CE060687E
:1067C000304048B1002104F1900041556068B04369
:1067D0006060E0683043E060681CC5B22078A84281
:1067E00081DCBDE8F08170B50126002411E006FAD5
:1067F00004F50B4808380068284040B104EB440118
:10680000C1EB8412064901EB8200FFF766FF601CB2
:10681000C4B2034808384068A042E8D870BD000000
:10682000C0790020436F0008636F0008F56F00080F
:1068300089700008D9700008297100080146F848DD
:10684000C06801228A40104008B101207047002032
:10685000FCE70146F248806901228A40104008B1F5
:10686000012070470020FCE710B5FFF765FDFFF73A
:106870003AFE10BD017801290AD14168B1F57A7F4D
:1068800003D24168491C416005E00121C17002E06A
:106890000021C1704160704710B5FFF7A4FF0321CC
:1068A0000420FFF77BFEDF49087003210420FFF777
:1068B000D3FEDC4949780843DA49487003210420B3
:1068C000FFF7A5FED74989780843D649887008465E
:1068D000FFF7D0FF00210846FFF760FED14981F89D
:1068E000280000210846FFF7B7FECE4991F829108D
:1068F0000843CC4981F8290000210846FFF787FEAC
:10690000C84991F82A100843C64981F82A00012194
:106910000020FFF743FEC34981F830000121002029
:10692000FFF79AFEBF4991F831100143BD4880F846
:10693000311001210020FFF76AFEBA4991F83210A8
:106940000143B84880F8321000210320FFF726FEEB
:10695000B449087200210320FFF77EFEB149497A4D
:106960000843B049487200210320FFF750FEAD49AB
:10697000897A0843AB49887201210320FFF70EFE94
:10698000A849087601210320FFF766FEA549497E44
:106990000843A449487601210320FFF738FEA149A6
:1069A000897E08439F49887603210846FFF7F6FD54
:1069B0009C49087403210846FFF74EFE9949497C1B
:1069C00001439848417403210846FFF720FE95498A
:1069D000897C01439348817404210320FFF7DEFD85
:1069E000904981F8200004210320FFF735FE8D49EE
:1069F00091F8211001438B4880F8211004210320D5
:106A0000FFF705FE874991F822100143854880F879
:106A1000221000210520FFF7C1FD824981F83800CE
:106A200000210520FFF718FE7E4991F83910084330
:106A30007C4981F8390000210520FFF7E8FD7949FC
:106A400091F83A100843774981F83A00012105206E
:106A5000FFF7A4FD734981F8400001210520FFF7ED
:106A6000FBFD704991F8411001436E4880F84110D8
:106A700001210520FFF7CBFD6A4991F8421001433F
:106A8000684880F8421002210520FFF787FD65491C
:106A900081F8480002210520FFF7DEFD614991F8E9
:106AA000491001435F4880F8491002210520FFF793
:106AB000AEFD5C4991F84A1001435A4880F84A10EB
:106AC00003210520FFF76AFD564981F85000032194
:106AD0000520FFF7C1FD534991F85110014351487A
:106AE00080F8511003210520FFF791FD4D4991F8E1
:106AF000521001434B4880F8521010BD0146042942
:106B000001DB002070474748383010F83100F9E7C2
:106B10000146042901DB002070474248383000EB71
:106B2000C100407838B100223E48383000EBC10047
:106B300042700120F0E70020EEE70146042901DB66
:106B4000002070473748383000EBC100807838B1FA
:106B500000223448383000EBC10082700120F0E799
:106B60000020EEE70146022901DB002070472D4896
:106B700000EBC100C078F9E70146022901DB0020E3
:106B80007047284810F83100FAE70146022901DB76
:106B900000207047234800EBC100407830B100204E
:106BA000204A02EBC10250700120F2E70020F0E71A
:106BB0000146022901DB002070471A4800EBC100A2
:106BC000807830B10020174A02EBC102907001209A
:106BD000F2E70020F0E70146022901DB00207047C0
:106BE0001048283010F83100F9E70146022901DB8E
:106BF000002070470B48283000EBC100407838B1C6
:106C000000220848283000EBC10042700120F0E764
:106C10000020EEE70146022906DB00207047000055
:106C2000D07F0020787F0020954800EBC10080785D
:106C300030B10022924800EBC10082700120EDE7E4
:106C40000020EBE70146022901DB002070478C4859
:106C5000203810F83100F9E70146022901DB002055
:106C600070478748203800EBC100407838B10022D7
:106C70008348203800EBC10042700120F0E700207B
:106C8000EEE70146022901DB002070477C482038EE
:106C900000EBC100807838B100227948203800EB41
:106CA000C10082700120F0E70020EEE701460229D2
:106CB00001DB002070477248103810F83100F9E706
:106CC0000146022901DB002070476D48103800EBB7
:106CD000C100407838B100226948103800EBC1008B
:106CE00042700120F0E70020EEE70146022901DBB7
:106CF000002070476248103800EBC100807838B13E
:106D000000225F48103800EBC10082700120F0E7DC
:106D10000020EEE72DE9F05F0220FFF79FFB83469E
:106D2000584610F0F5FD8046564A574B10F040FE8D
:106D3000064600224FF0804310F03AFE044610F061
:106D400099FB82465046BDE8F09F2DE9FF5F8346E0
:106D50005846FFF783FB8246CAF5805011F076F85B
:106D60000190504610F0D4FD07460022474B10F02A
:106D70001FFE054610F07EFB0090019910F084FF85
:106D800003904349039811F0ADF8054611F03EF821
:106D900081464048B0F90000484504D33D48B0F969
:106DA000B400484503D9FF2004B0BDE8F09F00249B
:106DB0002AE0384830F91400484505D93549601CA7
:106DC00031F9100048450AD3324830F914004845DB
:106DD00005D03049601C31F91000484512D12D49C9
:106DE000601C31F91000A9EB00012A4A601C32F93D
:106DF0001000A0EB0900814201D9029402E0601C5E
:106E0000C0B20290601CC4B25A2CD2DB0298CBE70D
:106E10002DE9F84F04462046FFF720FB009000982C
:106E200010F076FD07464FF066321B4B10F0C0FDA8
:106E3000054610F01FFB83464FF08B4110F024FFF6
:106E40008146484610F0E8FE0746144A144B10F0FD
:106E500057FB054610F018FD00F0FF0A5046BDE84C
:106E6000F88F10B50120FFF770FF10BD10B500209E
:106E7000FFF76BFF10BD32207047322070470000D3
:106E8000A07F0020B4D934E70C684A3F00002440BA
:106E900000007A44DE81010866660A40B81E85EB70
:106EA00051B89E3F08B501217D20FAF75DFB012115
:106EB000D748FAF708F948208DF8030003208DF829
:106EC00002004FF4F850ADF800006946D148FAF7D7
:106ED00029F84FF47070ADF800006946CE48FAF713
:106EE00021F84FF47F40ADF800006946CB48FAF72F
:106EF00019F84FF63070ADF800006946C848FAF747
:106F000011F84FF46040ADF800006946C548FAF743
:106F100009F8F020ADF800006946BE48FAF702F81B
:106F200010208DF8030003208DF802000220ADF838
:106F300000006946BB48F9F7F5FF0120BA4908602F
:106F400008BD014611B1012909D103E0B748006825
:106F5000C0B27047B548001F0068C0B2F9E7002012
:106F6000F7E70146082943D2DFE801F0040B131BC1
:106F7000232B323AAE48006808B901207047002040
:106F8000FCE7AB48001F006808B90120F6E70020C5
:106F9000F4E7A7480838006808B90120EEE70020A8
:106FA000ECE7A3480C38006808B90120E6E70020A8
:106FB000E4E79F481038006808B90120DEE70020A8
:106FC000DCE79C48006808B90120D7E70020D5E736
:106FD0009848001F006808B90120CFE70020CDE7DE
:106FE00094480838006808B90120C7E70020C5E7C1
:106FF0000020C3E70146082944D2DFE801F0040B72
:10700000131B232B333B8C48006808B901207047C1
:107010000020FCE78848001D006808B90120F6E759
:107020000020F4E784480830006808B90120EEE742
:107030000020ECE780480C30006808B90120E6E742
:107040000020E4E77C481030006808B90120DEE742
:107050000020DCE778481430006808B90120D6E742
:107060000020D4E774481830006808B90120CEE742
:107070000020CCE76F480C38006808B90120C6E74B
:107080000020C4E70020C2E70146062922D2DFE83B
:1070900001F003080D12171C644824300068C0B2C8
:1070A0007047624828300068C0B2F9E75E4850383F
:1070B0000068C0B2F4E75C484C380068C0B2EFE743
:1070C000594848380068C0B2EAE75B48001F0068CA
:1070D000C0B2E5E70020E3E70146062922D2DFE857
:1070E00001F003080D12171C50480C300068C0B2A4
:1070F00070474E4810300068C0B2F9E74B48143072
:107100000068C0B2F4E7494818300068C0B2EFE741
:1071100046481C300068C0B2EAE7444820300068A6
:10712000C0B2E5E70020E3E7014631B101290CD008
:10713000022912D0032920D117E03D4814380068F5
:1071400008B9012070470020FCE73948183800686A
:1071500008B90120F6E70020F4E735481C3800683C
:1071600008B90120EEE70020ECE73148203800683C
:1071700008B90120E6E70020E4E70020E2E708B5CF
:1071800001210420FAF7F0F928208DF803000320EC
:107190008DF80200F020ADF8000069461D48F9F7AF
:1071A000C1FE08BD70B50024FFF7E9FF00252BE004
:1071B0001848083001680F2020EA01041C482038D4
:1071C000006810B944F0010401E024F001041848FB
:1071D0001C38006810B944F0020401E024F00204F5
:1071E00013481838006810B944F0040401E024F092
:1071F00004040F481438006810B944F0080401E092
:1072000024F00804681C85B2FF2DD1DB204670BD38
:10721000000230000008014000100140001401404D
:1072200000180140000C01408481214214012342D6
:10723000300121422401224224812242704720B1A0
:107240004FF40051194A116103E04FF40051174AFD
:1072500051617047704720B14FF48041134A11616A
:1072600003E04FF48041114A5161704708B5012194
:107270001020FAF779F94FF4C040ADF80000102063
:107280008DF8030003208DF8020069460748F9F7DE
:1072900049FE0020FFF7DFFF0020FFF7DBFF0020A3
:1072A000FFF7CDFF0020FFF7C9FF08BD0010014028
:1072B000FA48C0787047F94890F90200704710B555
:1072C000F74B1B7860F30003F54C2370234659708D
:1072D00053B2A37010BD10B50446F148007864F3B2
:1072E0004100EF490870084600784108EB480078F3
:1072F00061F34100E9490870E9490978C1F34000A8
:10730000FFF79DFF10BD10B50446E548007864F313
:107310008200E3490870084600788108DF48007859
:1073200061F38200DD490870DD490978C1F380000E
:10733000FFF791FF10BD10B50446D948007864F3FB
:10734000C300D749087008460078C108D3480078C0
:1073500061F3C300D1490870D1490978C1F3C00075
:10736000FFF778FF10BD10B50446CD48007864F3F0
:107370000410CB490870084600780109C748007816
:1073800061F30410C5490870C5490978C1F30010BC
:10739000FFF754FF10BD10B5FFF76DFD40B2BF49B8
:1073A000C870084690F90300642804DC084690F988
:1073B000030005280BDAB9484078022141EA101091
:1073C000B649497860F30711B44841700DE0B348FD
:1073D000C07850B1B14840780D2101EA1010AF4992
:1073E000497860F30711AD484170FFF73AFDFF2877
:1073F00015D1AA484078012141EA1010A7494978DF
:1074000060F30711A5484170A548407818B90020DD
:10741000A249887013E0FF20A04988700FE09F48C0
:1074200040780E2101EA10109C49497860F3071159
:107430009A484170FFF715FD40B298498870984806
:10744000407838BB954890F90200954991F90210AF
:10745000884207DB914890F90200914991F90210A6
:10746000884207D18D48007820F0200020308B49D9
:10747000087036E0894890F90210894890F90200B6
:10748000C01C81422DDD8548007820F02000834912
:10749000087026E0814890F90200814991F90210B4
:1074A000884207DC7D4890F902007D4991F902107D
:1074B000884207D17948007820F0200020307749B1
:1074C00008700EE0754890F90210754890F90200B6
:1074D000C01E814205DA7148007820F020006F4913
:1074E000087010BD10B56D48007800F0010000B3C1
:1074F0006A480078C0F34000D8B968480078C0F303
:107500004010B0B16548C08865498989884205DA6C
:107510006248C088401C6149C8800EE000205F4975
:10752000C88008460078C0F3800018B10020FFF73B
:10753000EAFE02E00120FFF7E6FE10BD10B5574855
:10754000408957494989884204DA54484089401C97
:1075500052494881514840895149498988421CD142
:107560004E480078C0F34010B8B90120FFF7B3FED1
:107570000120FFF7C8FE0020484948810881888023
:10758000C8800846007820F040000870084600785F
:1075900020F00100401C087018E041484089404933
:1075A0000979401A3D49498988420FD13C484078C1
:1075B00030B10020FFF7D7FE0120FFF7BCFE05E049
:1075C0000120FFF7D0FE0020FFF7B5FE10BD10B57B
:1075D0003248007800F00100002850D02F48007891
:1075E000C0F34010002840D12C480078C0F3400080
:1075F00020B92A480078C0F3801078B32748008962
:107600002749C988884205DA24480089401C234953
:10761000088136E0214800892149C988884211D172
:107620001E480078C0F3801060B90020FFF753FEB9
:1076300000201A4988800846007820F04000403039
:1076400008701EE01548808815490989884206DAC5
:1076500012488088401C1149888012E002E0FFF740
:107660006DFF0EE0FFF76AFF0BE00C48007820F09A
:1076700040000A4908700020FFF72DFE01E0FFF7E7
:107680005DFF10BD10B500F098F958B104480078BE
:1076900020F00100401C0249087009E0F47F00203E
:1076A000008000205448007820F001005249087002
:1076B0005148007800F0010000B34F4840784F492E
:1076C000497801F00F01884215D04B4841784B486A
:1076D000407861F30300494948700020488108461A
:1076E000007820F0010008700020FFF7F4FD002072
:1076F000FFF709FE18E0FFF76AFF15E03F48007842
:1077000000F0010080B100203C4948810846007823
:1077100020F0010008700020FFF7DDFD0020FFF7DA
:10772000F2FD0020FFF71FFE10BD10B50420324906
:107730008870002048700846007820F00100401C46
:1077400008704FF4966088814FF4E150C880801033
:10775000088105200871B4204881FFF787FD10BD1E
:1077600010B5274800780A2805DA25480078401C1B
:107770002349087035E00020214908701F484078EF
:1077800020490978B1EB101F08D01C484078000947
:107790001C490870FF200BF014FE13E017484078D6
:1077A000000978B9FFF787FD17490978884209D0A1
:1077B000FFF781FD14490870FFF77DFDC4B2204634
:1077C0000BF0FFFDFFF752FB10490978884208D003
:1077D000FFF74CFB0D490870FFF748FB04460BF020
:1077E000A2FD10BD10B5FFF7D6FDFFF77BFEFFF73A
:1077F00049FFFFF7B5FF10BD00800020F47F002097
:107800006305002066050020640500206505002052
:1078100008B501211020F9F7A7FE10208DF803000C
:1078200003208DF802004FF48160ADF80000694636
:107830004048F9F777FB08213E48F9F722FC08BDDC
:1078400001203D490870704700B5024612B9FFF7A4
:10785000F7FF03E00120394901F8220000BD10B50F
:107860003748007801280ADA4FF480613148F9F787
:1078700006FC33480078401C3149087011E030485C
:10788000007802280ADA4FF480612A48F9F7F9FBF8
:107890002B480078401C2A49087002E00020284943
:1078A000087010BD10B5FFF7DAFF2348007838B92B
:1078B0002148407820B908211E48F9F7E0FB10BDA7
:1078C0001D48007838B900201B4948700821194824
:1078D000F9F7D5FB2CE01848C078052805DA1648DA
:1078E000C078401C1449C87022E000201249C870BA
:1078F0000846407838B908210E48F9F7C2FB012044
:107900000D49487014E00C488078092805DA0A48C7
:107910008078401C0849887003E000200649087000
:10792000887008210348F9F7AAFB00200249487033
:1079300000BFC4E700100140670500200E80002052
:107940006F05002008B501211920F9F70DFE01216E
:107950004648F9F7B8FB10208DF8030003208DF896
:1079600002004020ADF8000069464148F9F7DAFA14
:1079700040213F48F9F785FB4FF40040ADF8000087
:1079800069463C48F9F7CEFA4FF400413948F9F717
:1079900078FB08BD10B5012037494870C103354850
:1079A000F9F76DFB10BD10B50020334948704FF456
:1079B00000413048F9F765FB10BD3048007808B940
:1079C000002070472D480078012800D1F9E70220F7
:1079D000F7E72948807870470120274908707047E9
:1079E000002025490870704723480078704710B57B
:1079F00002210320FEF7D2FD204908700221032056
:107A0000FEF705FE1D49497808431C4948700221CC
:107A10000320FEF721FE1949897808431749887029
:107A200010BD10B5FFF7E3FF13480078C0B1FFF7B2
:107A3000B1FF1148C078642805DA0F48C078401CAF
:107A40000D49C87011E00C48C07864280DD1FFF7CB
:107A5000AAFF00200849C87008700120887004E05F
:107A6000FFF7A1FF00200449C87010BD00023000DC
:107A7000000C01400010014070050020740500203A
:107A800010B500F0D0FD10BD70B5022800DB70BD50
:107A900000EB8004F54D15F8244004B1F7E700EB46
:107AA0008004F24D05EB8404617000EB800405EB6B
:107AB0008404A27000EB800405EB8404E3800124BD
:107AC00000EB8005E94E06F8254000BFDFE70146E0
:107AD000022901DB0020704701EB8100E34A12F824
:107AE0002000F8E70146022901DB0020704701EB86
:107AF0008100DE4A02EB8000007AF7E701460229A6
:107B000001DB0020704701EB8100D84A02EB8000C6
:107B1000407A00F00100F5E70146022901DB002070
:107B2000704701EB8100D14A02EB8000407AC0F33C
:107B30008000F5E70146022901DB0020704701EBD8
:107B40008100CA4A02EB8000407AC0F34000F5E7AA
:107B50000146022901DB0020704701EB8100C34A86
:107B600002EB8000807AC0F34000F5E7014602296D
:107B700001DB0020704701EB8100BC4A02EB800072
:107B8000807A00F00100F5E710B50020FEF7C0FF95
:107B900038B141F65833642200210846FFF774FFDC
:107BA0000AE00020FEF7C9FF30B141F658336422E5
:107BB00001210020FFF768FF0120FEF7A9FF38B17F
:107BC00041F65833642200210120FFF75DFF0AE0EF
:107BD0000120FEF7B2FF30B141F658336422012193
:107BE0000846FFF751FF10BD00200FE000EB8001B9
:107BF0009E4A02EB8101498A491C8AB200EB80014E
:107C00009A4B03EB81014A82411CC8B20228EDDB8A
:107C1000704710B5002421E02046FFF713F804EB6D
:107C20008401924A02EB8101897A60F3000104EB3E
:107C3000840002EB800081722046FFF737F804EBE6
:107C400084018A4A02EB8101897A60F3410104EBE5
:107C5000840002EB80008172601CC4B2022CDBDB6A
:107C600010BD10B5002082490870A2E3804800785A
:107C700000EB80007D4911F8200000287ED07C4870
:107C8000007800EB800001EB8000007C082851D2D6
:107C9000DFE800F00451FFF3F2F1F0EB74480078F4
:107CA00000EB8000714901EB8000407A20F0010177
:107CB0006F48007800EB80006C4A02EB8000417254
:107CC0006B48007800EB8000114601EB8000407AA1
:107CD00020F004016648007800EB800002EB800091
:107CE00041726348007800EB8000114601EB800090
:107CF000407A20F002015E48007800EB800002EB41
:107D00008000417201205A49097801EB810102EBA0
:107D10008101087200215648007800EB800002EBD8
:107D20008000418201205249097801EB810102EB78
:107D30008101087437E34E480078FEF783FFE8B30B
:107D40004B480078FEF7B2FFC0B3002048490978DD
:107D500001EB8101454A02EB81010874022044498C
:107D6000097801EB810102EB81010872404800783B
:107D700000EB8000114601EB800000E014E3407A44
:107D800020F00100401C3A49097801EB810102EB27
:107D9000810148723648007800EB8000114601EB03
:107DA0008000407A20F00200801C3149097801EB04
:107DB000810102EB81014872002000E006E02C49BD
:107DC000097801EB810102F8210061E02848007880
:107DD00000EB8000254901EB8000407838BB244847
:107DE0000078FEF72FFFC0B100202149097801EB90
:107DF00081011E4A02EB8101087402201C490978A6
:107E000001EB810102EB8101087200201849097819
:107E100001EB810102F821003AE0022014490978BF
:107E200001EB8101114A02EB8101087430E0104836
:107E30000078FEF73BFF10B300200D49097801EBF5
:107E400081010A4A02EB810108740220084909787D
:107E500001EB810102EB81010872002004490978DD
:107E600001EB810102F8210012E05DE21A8000209E
:107E70007C0500201FE2D1E17FE14EE009E0022015
:107E8000FE49097801EB8101FD4A02EB810108748A
:107E900089E2FA48007800EB8000F94901EB8000A4
:107EA000407860B9F5480078FEF7D6FEF3480078D0
:107EB000FEF7E7FEF148007800F09EFA0BE0EF488D
:107EC0000078FEF7C9FEED480078FEF7DAFEEB48D1
:107ED000007800F0A8FAE948007800EB8000E84A52
:107EE00002EB80008178E548007800F050FBE34821
:107EF000007800F073FA0021E048007800EB800081
:107F0000DF4A02EB800041820320DC49097801EB63
:107F1000810102EB8101087445E2D8480078FEF740
:107F200091FEE8B3D5480078FEF7C0FEC0B3D34851
:107F3000007800F05AFA0021D048007800F027FBC2
:107F4000CE48007800F086FA0020CC49097801EB91
:107F50008101CB4A02EB810108740220C7490978EC
:107F600001EB810102EB81010872C448007800EB4B
:107F70008000114601EB8000407A20F00100401C97
:107F8000BE49097801EB810102EB81014872BB48CF
:107F9000007800EB8000114601EB8000407A00E0A1
:107FA00011E020F00200801CB449097801EB810146
:107FB00002EB810148720020B049097801EB810190
:107FC00002F8210010BDAD48007800EB8000AC49FC
:107FD00001EB8000408AA949097801EB8101A84A98
:107FE00002EB8101C98888427DDAA448007800EB61
:107FF0008000114601EB8000407858BB9F48007814
:10800000FEF720FE002824D09C48007800F0EDF90F
:1080100000219A48007800F0BAFA9848007800F0F9
:1080200019FA00209549097801EB8101944A02EB85
:108030008101087402209149097801EB810102EB6A
:108040008101087200208D49097801EB810102F855
:10805000210091E089480078FEF728FE002827D00B
:108060008648007800F0C1F900218448007800F0CB
:108070008EFA8248007800F0EDF980480078C0B9A7
:1080800000207E49097801EB81017D4A02EB8101E4
:10809000087402207949097801EB810102EB810122
:1080A000087200207549097801EB810102F821006E
:1080B00062E000207149097801EB8101704A02EB0E
:1080C0008101087402206D49097801EB810102EBFE
:1080D0008101087200206949097801EB810102F8E9
:1080E000210049E0FFE76548007800F07EF90021B3
:1080F0006248007800F04BFA6048007800F0AAF976
:1081000000205E49097801EB81015D4A02EB8101A3
:1081100008745A48007800EB8000114601EB80009B
:10812000407A20F00100401C5449097801EB81019C
:1081300002EB810148725148007800EB8000114643
:1081400001EB8000407A20F00400001D4B490978C3
:1081500001EB810102EB8101487202204749097855
:1081600001EB810102EB810108720020434909788B
:1081700001EB810102F8210015E100213F48007860
:1081800000EB80003E4A02EB800041823B480078D1
:10819000E8B93C49087800EBD0714910A0EB4101E7
:1081A00019B1012000F03FF902E0012000F024F9AC
:1081B0003248007800EB8000314A02EB8000817881
:1081C000012000F0E4F9012000F008F91CE02D493D
:1081D000087800EBD0714910A0EB410119B10020E3
:1081E00000F021F902E0002000F006F923480078B1
:1081F00000EB8000224A02EB80008178002000F032
:10820000C6F9002000F0EAF805201C49097801EBC6
:1082100081011B4A02EB81010874C4E01748007811
:1082200000EB8000164901EB8000408AC82841DD40
:10823000002000F0DAF80021084600F0A8F900203C
:1082400000F008F9012000F0D0F80021012000F032
:108250009EF9012000F0FEF800210848007800EBAC
:108260008000074A02EB800041820648007803281C
:1082700014DA04480078401C024905E07C0500201F
:108280001A8000207D0500200870042050490978DC
:1082900001EB810102EB810108740BE000204D49E4
:1082A000087006204A49097801EB81014A4A02EB2D
:1082B0008101087477E000214548007800EB8000D8
:1082C000454A02EB800041824148007888B901208C
:1082D00000F0A9F83E48007800EB80003E4A02EB2F
:1082E00080008178012000F052F9012000F076F83A
:1082F00010E0002000F097F83548007800EB80008F
:10830000354A02EB80008178002000F040F900201F
:1083100000F064F807202E49097801EB81012E4A0C
:1083200002EB810108743EE02948007800EB8000F0
:10833000294901EB8000408A002833DD002000F04D
:1083400054F80021084600F022F9002000F082F8DD
:10835000012000F04AF80021012000F018F9012066
:1083600000F078F800211A48007800EB80001A4AE3
:1083700002EB8000418200201549097801EB810160
:1083800002EB8101087402201149097801EB810197
:1083900002EB8101087200200D49097801EB81018F
:1083A00002F8210000BF00BF09480078401C0849BE
:1083B0000870074800780228FFF658AC00BF01E6B5
:1083C00010B5FFF7E1FBFFF74CFCFFF722FC10BDF7
:1083D0007C0500207D0500201A80002010B5044691
:1083E00080219348F8F74BFE10BD10B5044680215C
:1083F0008F48F8F746FE10BD10B50446012C08D191
:1084000001218C48F8F73DFE02218A48F8F737FE33
:1084100008E03CB904218748F8F733FE0821854875
:10842000F8F72DFE10BD10B50446012C08D101212E
:108430008048F8F724FE02217E48F8F722FE08E083
:108440003CB904217B48F8F71AFE08217948F8F76F
:1084500018FE10BD10B50446012C08D10121754845
:10846000F8F70DFE02217348F8F709FE08E03CB961
:1084700004217048F8F703FE08216E48F8F7FFFD65
:1084800010BD10B50446012C08D101216948F8F748
:10849000F8FD02216748F8F7F4FD08E03CB9042133
:1084A0006448F8F7EEFD08216248F8F7EAFD10BDD0
:1084B00008B501214920F9F757F801215E48F8F77E
:1084C00002FE10208DF8030003208DF802008020AA
:1084D000ADF8000069465648F8F724FD0F20ADF8C6
:1084E000000069465348F8F71DFD18208DF8030079
:1084F00003208DF802000002ADF8000069464C48E8
:10850000F8F710FD08BD00B587B001210420F9F788
:1085100038F86320ADF8140040F2CF20ADF8100019
:108520000020ADF81600ADF8120004A94348F9F791
:1085300053F901214148F9F7ABFD0020ADF80600E1
:108540006020ADF800000120ADF802000020ADF879
:10855000080069463948F9F70BFA08213748F9F756
:10856000DDFD40213548F9F77DFD69463348F9F7CF
:108570004AFA08213148F9F7DAFD40212F48F9F786
:108580007AFD01212D48F9F783FC07B000BD7FB5C6
:1085900004460D46022C00DD7FBD642D00DD642500
:1085A000ADF806506020ADF800000120ADF80200E3
:1085B0000020ADF80800012C0CD169461F48F9F7DE
:1085C000D7F908211D48F9F7A9FD01211B48F9F742
:1085D0006BFC0CE05CB969461848F9F714FA0821FD
:1085E0001648F9F7A4FD01211448F9F75DFC00BF16
:1085F000D2E710B5FFF75CFFFFF785FF0020FFF71C
:1086000040FF0120FFF73DFF00210846FFF7BFFFB5
:1086100000210120FFF7BBFF0020FFF7E6FE01204D
:10862000FFF7E3FE10BD10B5FFF7E3FF10BD00003C
:10863000000C01400018014000023000000800401A
:1086400008B501211C20F8F78FFF01211948F8F720
:108650003AFD10208DF8030003208DF80200012060
:10866000ADF8000069461448F8F75CFC0620ADF848
:10867000000069461048F8F755FC02210E48F8F74B
:1086800000FD04210C48F8F7FCFC01210A48F8F72A
:10869000F8FC01210848F8F7F2FC08BD10B50121EB
:1086A0000548F8F7ECFC10BD10B501210248F8F7B9
:1086B000E8FC10BD000230000010014008B50320A6
:1086C0008DF8000001208DF803008DF801008DF871
:1086D00002006846F7F7F3FE08BD0146CA1701EB32
:1086E00092729210A1EB82022AB9642291FBF2F3FA
:1086F00002FB131232B94FF4C87291FBF2F302FB82
:1087000013120AB1012070470020FCE72DE9FE4F4B
:1087100007460C46904600200290C146824683469A
:1087200000260025019000903846FFF7D6FF00286C
:1087300032D00D2C2CD2DFE804F02B070A0D1013D9
:1087400016191C1F222528004FF0050A23E04FF0C0
:10875000010A20E04FF0020A1DE04FF0050A1AE07E
:108760004FF0000A17E04FF0030A14E04FF0050A3B
:1087700011E04FF0010A0EE04FF0040A0BE04FF059
:10878000060A08E04FF0020A05E04FF0040A02E092
:108790000020BDE8FE8F31E00D2C2CD2DFE804F084
:1087A0002B070A0D101316191C1F222528004FF045
:1087B000060A22E04FF0020A1FE04FF0020A1CE016
:1087C0004FF0050A19E04FF0000A16E04FF0030AD7
:1087D00013E04FF0050A10E04FF0010A0DE04FF0F2
:1087E000040A0AE04FF0060A07E04FF0020A04E02C
:1087F0004FF0040A01E00020CBE700BF642097FBA4
:10880000F0F100FB1170C5B22846E91705EB917134
:108810008910019101982844C0B200900721009866
:1088200090FBF1F201FB120000F0FF0B0BEB0A00D2
:108830004844C6B2072E01DA029606E0072096FBEE
:10884000F0F100FB1160C0B202900298A1E72DE99F
:10885000F05F06460F4690469946DDE90AAB0024D4
:1088600040F2B270864203DB40F63300864202DDFE
:108870000120BDE8F09F40F2B2750AE02846FFF7FC
:108880002CFF10B19948044401E099480444681C45
:1088900085B2B542F2DB781EC7B2002510E09548DC
:1088A000405D40F2A321484304EBC0143046FFF77B
:1088B00014FF18B1012D01D18F480444681C85B202
:1088C000BD42ECDBA8F1010040F2A321484304EBD8
:1088D000C014C9EB4910C0EB092004EB0014CAEB2B
:1088E0000A1004EB80045C4401214FF0C050F8F7FB
:1088F00048FE0120F8F76FFC2046FAF7FCF9FAF77A
:108900002DFA0020B5E770B50026002400257B482D
:1089100006883604001D008806447748B6FBF0F44C
:1089200077480088A0423AD075490C8040F2B27571
:108930000EE02846FFF7D1FE30B1B4F5B77F02D381
:10894000A4F5B77402E006E0A4F26D14681C85B2C9
:10895000B4F5B67FEDD800BF6A488580002516E0E3
:1089600068498888FFF7B9FE30B1012D04D11D2C6C
:1089700001D31D3C09E00CE05E48405DA04203D8F5
:108980005C48405D241A00E003E0681C85B21C2CA2
:10899000E6D200BF681C5B498871601CC8715648EC
:1089A000B6FBF0F100FB11644FF46160B4FBF0F032
:1089B000544908704FF46160B4FBF0F100FB1140C2
:1089C0003C21B0FBF1F04F4948704FF46160B4FBBB
:1089D000F0F100FB11403C21B0FBF1F201FB120071
:1089E000484988700B46DA7999799888FFF78EFEA6
:1089F00044490872002070BD2DE9FC4704460D462D
:108A000016461F46DDE90A89FAF759F9FAF7A6F979
:108A10003B46324629462046CDE90089FFF717FF3D
:108A2000FAF756F9BDE8FC87014636488088888009
:108A30003448807988713348C079C8713148007AE8
:108A400008723048007808702E48407848702D48E9
:108A50008078887070471CB5002401214FF0C05009
:108A6000F8F78FFD0120F8F7B6FBF7F791FD4FF40B
:108A70004070F8F702FD0120F8F705FDFAF76EF9EE
:108A8000FAF775F901210846FAF70CF9FAF766F9D1
:108A9000FAF715F94FF22440FAF73AF9FAF75EF9C6
:108AA000002000900346024601460190FFF7CFFEEA
:108AB000FAF70EF9FFF702FEFFF725FF00201CBDB5
:108AC00010B50120FAF778F908B1FFF71CFF022072
:108AD000FAF772F920B10220FAF77EF9FFF713FFD7
:108AE0000520FAF779F9FAF739F910BD0085E201A6
:108AF0008033E101A0820108805101001828004064
:108B00007E0500204280002010B50446F74850F84A
:108B10002400408948B1F54850F824004089401E9F
:108B2000F24951F82410488120E0F04850F8240020
:108B30000078D8B10020ED4951F824100870EB48B6
:108B400050F82400806988B1E84B53F824305988E4
:108B5000E64B53F82430D868E44B53F824309A6934
:108B600090470020E14951F82410488010BD0128A9
:108B700009D1DF49DD4A5160DE495268D160DE49E2
:108B8000DA4A52681161022809D1DC49D74A91605A
:108B9000DB499268D160DB49D44A92681161704721
:108BA00000B591B001214804F8F7EBFC012108461B
:108BB000F8F7CDFC01210420F8F7D6FC0420ADF82D
:108BC000400003208DF8420018208DF8430010A9C2
:108BD000CD48F8F7A7F90820ADF8400004208DF83B
:108BE000430010A9C848F8F79DF926208DF82C00FD
:108BF00000208DF82D0001208DF82E008DF82F001B
:108C00000BA8F7F75CFC11208DF82C0000208DF8E4
:108C10002D0002208DF82E0001208DF82F000BA8CA
:108C2000F7F74DFCB9480090B14800690190102059
:108C30000290800103900020049080200590002085
:108C40000690079008904FF40050099000200A9079
:108C50006946AF48F7F7A0FD01220221AC48F7F7BB
:108C6000D2FD0021AA48F7F7C2FD01228021A748C2
:108C7000001FF9F7EBFC4FF4E1300C900020ADF849
:108C80003400ADF83600ADF83800ADF83C000C20EB
:108C9000ADF83A000CA99D48001FF9F71AFC012213
:108CA00040F225519948001FF9F7ABFC012240F230
:108CB00024419648001FF9F7A4FC0122282193487B
:108CC000001FF9F79EFC012260219048001FF9F770
:108CD00098FC40218D48001FF9F76FFD01218B485A
:108CE000001FF9F782FC11B000BD00B591B0012161
:108CF0000820F8F739FC01218804F8F742FC01212B
:108D00000846F8F724FC4FF48060ADF840000320DB
:108D10008DF8420018208DF8430010A97D48F8F71F
:108D200001F94FF40060ADF8400004208DF84300D5
:108D300010A97848F8F7F6F827208DF82C000020C5
:108D40008DF82D008DF82E0001208DF82F000BA836
:108D5000F7F7B5FB0C208DF82C0000208DF82D00C6
:108D600002208DF82E0001208DF82F000BA8F7F7B8
:108D7000A6FB6948009061480069019010200290AC
:108D80004FF4C050039000200490802005900020F4
:108D90000690079008904FF40050099000200A9028
:108DA00069465B486438F7F7F7FC0122022158480E
:108DB0006438F7F728FD002155486438F7F717FDA8
:108DC000012280215448001FF9F740FC52480090CE
:108DD0004A48C0680190002002904FF480600390E0
:108DE00000200490802005900020069007900890B5
:108DF0004FF44050099000200A906946444850388A
:108E0000F7F7CAFC012142485038F7F7F0FC01227D
:108E100040214148001FF9F719FC4FF4E1300C9054
:108E20000020ADF83400ADF83600ADF83800ADF8EC
:108E30003C000C20ADF83A000CA93748001FF9F7A8
:108E400048FB40213448001FF9F7B7FC01222821D4
:108E50003148001FF9F7D5FB012260212E48001F81
:108E6000F9F7CFFB012240F224412B48001FF9F70C
:108E7000C8FB01212848001FF9F7B7FB11B000BD5E
:108E800010B504462046FFF772FE012C01D1FFF712
:108E900087FE022C01D1FFF728FF10BD012801D168
:108EA000134A5161022801D1144A516170470128C7
:108EB00001D10F4A9161022801D1104A9161704796
:108EC00001460A4850F821000078012801D100200D
:108ED0007047064850F82100408820B1034850F8F8
:108EE00021004088F4E70020F2E700004C800020D9
:108EF000608000207C8400207C8000207C88002012
:108F000098A00020988800200008014004440040F8
:108F100080000240000C0140044800400146FE4829
:108F200050F821004078012804D1FB4850F8210076
:108F3000808870470020FCE710B502460B46F648D3
:108F400050F822000078012801D1002010BD002136
:108F500007E0F14850F82200C068405C5854481CB3
:108F600081B2ED4850F8220040888842F1DC0020B0
:108F7000E94C54F822406080FF20E7E70021E64AF0
:108F800052F82020518070472DE9F04104460F46E9
:108F90001646E14850F824004078012863D0DE48A6
:108FA00050F824008680002507E0785DDA4951F802
:108FB000241009694855681C85B2B542F5DB0120CB
:108FC000D54951F8241048707CB9D34850F8240092
:108FD0008088D2498864D04850F824000069086528
:108FE0000121CE484430F7F702FC012C12D1CA48C7
:108FF00050F824008088C94984310860C64850F878
:1090000024000069C549C1F88C000121C3488030A3
:10901000F7F7EDFB022C0FD1BF4850F824008088F1
:10902000BE490862BC4850F82400006988620121EA
:10903000BA481C30F7F7DBFB032C11D1B64850F8C7
:1090400024008088B6490860B34850F824000069BD
:10905000B349083108600121B148001FF7F7C7FB89
:109060000120BDE8F0810020FBE770B504460D4605
:109070002E4654B92946AB48F9F724FB00BF4021DE
:10908000A848F9F78DFB0128F9D1012C0AD129460E
:10909000A548F9F717FB00BF4021A348F9F780FB6B
:1090A0000128F9D1022C0AD12946A048F9F70AFB78
:1090B00000BF40219D48F9F773FB0128F9D1032C2B
:1090C0000AD129469A48F9F7FDFA00BF402198488D
:1090D000F9F766FB0128F9D170BD70B540F2255152
:1090E0009148F9F773FB10B39248406940B18E483C
:1090F000F9F7ECFAC4B28F4841692046884716E078
:1091000001208C4908703220488108464088B0F51B
:10911000806F0CDA8448F9F7D9FAC1B285484288E1
:109120004088401C834B58801846C06881540821F1
:109130007D48F9F735FB50B17B480088C5B27A48C5
:10914000001D0088C5B208217748F9F736FB0421D5
:109150007548F9F725FB50B173480088C5B27248CD
:10916000001D0088C5B204216F48F9F726FB0221D3
:109170006D48F9F715FB50B16B480088C5B26A48D5
:10918000001D0088C5B202216748F9F716FB0121CE
:109190006548F9F705FB50B163480088C5B26248DD
:1091A000001D0088C5B201215F48F9F706FB40F2B7
:1091B00024415D48F9F70AFBA0B15B480088C5B2BD
:1091C0005948001D0088C5B25A48806938B1594BCA
:1091D0005988D8689A6990470020564948800020ED
:1091E0005449087070BD10B54FF00070F7F739FBA7
:1091F00060B14FF00070F7F748FB00204D49487010
:109200008880002145488030F7F7F1FA10BD70B52D
:1092100040F225514548F9F7D9FA10B3464840695C
:1092200040B14248F9F752FAC4B243484169204676
:10923000884716E00120404908700520488108460B
:109240004088B0F5806F0CDA3848F9F73FFAC1B2C0
:10925000394842884088401C374B58801846C068BF
:10926000815408213148F9F79BFA50B12F48008802
:10927000C5B22E48001D0088C5B208212B48F9F759
:109280009CFA04212948F9F78BFA50B12748008845
:10929000C5B22648001D0088C5B204212348F9F74D
:1092A0008CFA02212148F9F77BFA50B11F48008857
:1092B000C5B21E48001D0088C5B202211B48F9F73F
:1092C0007CFA01211948F9F76BFA50B11748008868
:1092D000C5B21648001D0088C5B201211348F9F730
:1092E0006CFA40F224411148F9F770FA30B30F4894
:1092F0000088C5B20D48001D0088C5B2002107488E
:109300003030F7F774FA05483030F7F787FAC0F5D0
:1093100080600949488012E04C8000200000024033
:109320005C04024000380140004400400048004016
:10933000004C0040608000207C88002016E04FF444
:1093400080611448F7F768FA01211248F7F74FFADD
:109350001148806938B1104B5988D8689A6990478C
:1093600000200D49488000200B49087070BD10B5E1
:109370002020F7F776FA58B12020F7F786FA002078
:10938000054948708880002102481438F7F72FFA01
:1093900010BD0000300002407C88002010B5FFF7AF
:1093A0004FF910BD70B505460C46042D06D114B119
:1093B000FFF774F901E0FFF777F900E000BF00BFA5
:1093C00070BD000010B5FFF7E9FF10BD2DE9FC47A7
:1093D000824688461646DDF830900024002717E0C4
:1093E000022000FB07850DB9BDE8FC876978287865
:1093F000FFF7D8FF28780F4901F81400012001EB8E
:1094000044014870042C01DA601CC4B2781CC7B255
:1094100006EBD671B7EB610FE2DBB9F1000F06D0B6
:10942000002000906200034901905046C84700BFE9
:10943000DAE70000800500207047704710B5044649
:1094400054222146F048F9F70DFF6421EF480BF054
:1094500059FEEFA3F0A2F4A1EC480BF09BFB10BD6A
:10946000FA48007830B101280DD002281AD003281C
:109470002FD11EE00020F6490880F649086001203F
:10948000F249087025E0F2480088401CF049088045
:1094900008460088C82804DD002008800220EB4927
:1094A000087016E00120EB4908600320E7490870C6
:1094B0000FE0E7480088401CE5490880084600881E
:1094C000C82805DD00200880E0490870FF207047AB
:1094D00000BF00BF0020FAE7FF20704710B5DE484C
:1094E000007878B10020DC490870C748FBF77CFCA5
:1094F0006421C6480BF006FEC5A3C7A2CAA1C34893
:109500000BF048FBFFF7E8FF10B1FF20D3490870CC
:10951000FFF7A6FF10B1FF20D1490870CF480078AF
:10952000FF280AD1CE480078FF2806D10020CB4979
:109530000870CB490870FF2010BD0020FCE7C94926
:109540004870704710B5C848007810B1012838D16C
:109550000CE04FF40071C5480BF0D4FD0921C4A004
:1095600003F0C6FD0120C04908702CE0C3A1BF482C
:109570000BF0A5FC40B10020BB490870C149088030
:10958000C1490880FF2010BDBE480088401CBD496D
:10959000088008460088C82812DD00200880B249EB
:1095A0000870B9480088401CB74908800846008800
:1095B000052805DD00200880AB490870EE20E2E7B1
:1095C00001E0EE20DFE700BF0020DCE770B50024FB
:1095D000AE48007822287DD2DFE800F0111E4956FF
:1095E0008491C2CFEFEEEDECEBEA7C7CE9E8E7E6B4
:1095F0007C7C7C7CE5E47C7C7C7C7C7CE3E24FF4C2
:1096000000719A480BF07EFD0421A1A003F070FDCB
:1096100001209E49087000E39FA194480BF04FFC85
:1096200040B102209949087000209C4908809C495B
:1096300008701BE099480088401C9849088008463B
:109640000088B0F5967F11DD002008808F490870F2
:1096500093480078401C9249087008460078052815
:1096600004DD00200870EE2088490870D5E24FF430
:1096700000717E480BF046FD0A218AA003F038FDF8
:10968000032082490870C8E289A178480BF017FCD2
:1096900040B104207D49087000208049088080493D
:1096A00008701EE07D480088401C7C490880084600
:1096B0000088B0F5967F14DD0020088002207349F1
:1096C000087077480078401C754908700846007893
:1096D000052800E07FE204DD00200870EE206B49E1
:1096E00008709AE24FF4007160480BF00BFD0A21FC
:1096F00071A003F0FDFC0520644908708DE271A1A2
:109700005A480BF0DCFB20B96FA158480BF0D7FB8F
:1097100040B106205D49087000206049088060491A
:1097200008701CE05D480088401C5C4908800846C1
:109730000088B0F5967F12DD002008800420534990
:10974000087057480078401C554908700846007852
:10975000052804DD00200870EE204C4908705CE20A
:109760004FF4007141480BF0CDFC0B2157A003F0E2
:10977000BFFC0720454908704FE252A13B480BF05F
:109780009EFB20B950A139480BF099FBB0B10820DD
:109790003E490870002041490880414908702AE08C
:1097A000DBE1C9E1C4E1BFE192E184E157E149E1D4
:1097B0001BE10DE1D1E0C3E095E01DE037480088F2
:1097C000401C3649088008460088B0F5967F12DDB7
:1097D0000020088006202D49087031480078401C80
:1097E0002F49087008460078052804DD002008701D
:1097F000EE202649087010E24FF400711B480BF070
:1098000081FC1F2168E000000C060020A7A40020B6
:10981000313138383300000033392E39362E3130AB
:109820002E3235300000000041542B51494F504535
:109830004E3D312C302C22544350222C22257322B1
:109840002C25732C302C310D0A00000068060020F6
:1098500066060020840122426B0600206906002073
:109860006A0600200CA500206C06002098A00020AD
:1098700041542B43474D4D0D0A0000004543323003
:1098800000000000700600206E0600207206002016
:1098900041540D0A000000004F4B000074060020E8
:1098A0007306002041542B4350494E3F0D0A0000DF
:1098B000524541445900000041542B435245473F13
:1098C0000D0A00002C3100002C35000041542B43C0
:1098D000475245473F0D0A00F8A003F009FC092054
:1098E000FE49087099E1AFF25001FD480BF0E7FA2C
:1098F00040B10A20F94908700020FA490880FA4965
:1099000008701CE0F7480088401CF64908800846AB
:109910000088B0F5967F12DD002008800820EF490E
:109920000870F1480078401CEF490870084600783C
:10993000052804DD00200870EE20E84908706CE17D
:109940004FF40071E6480BF0DDFB0C21E7A003F0BB
:10995000CFFB0B20E14908705FE1AFF2C401E048A2
:109960000BF0ADFA40B11020DC4908700020DD4951
:109970000880DD4908702AE0E0A1D9480BF09FFA81
:1099800040B10C20D54908700020D6490880D6493E
:1099900008701CE0D3480088401CD2490880084663
:1099A0000088B0F5967F12DD002008800A20CB49A0
:1099B0000870CD480078401CCB49087008460078F4
:1099C000052804DD00200870EE20C449087024E159
:1099D0004FF40071C2480BF095FB0E21C9A003F0B3
:1099E00087FB0D20BD49087017E1AFF25411BC4848
:1099F0000BF065FA40B10220B84908700020B9495F
:109A00000880B94908701CE0B6480088401CB54978
:109A1000088008460088B0F5967F12DD0020088097
:109A20000C20AE490870B0480078401CAE49087060
:109A300008460078052804DD00200870EE20A749BC
:109A40000870EAE04FF40071A5480BF05BFB0B21B6
:109A5000B0A003F04DFB1120A0490870DDE0AFF28B
:109A6000C8119F480BF02BFA40B100209E490870A6
:109A70009C4908801220994908701BE09948008889
:109A8000401C9849088008460088642812DD0020A0
:109A9000088010209149087093480078401C924932
:109AA000087008460078032804DD00200870EE20C6
:109AB0008A490870B1E04FF4007189480BF022FB2D
:109AC000212197A003F014FB132084490870A4E01F
:109AD000AFF23C2182480BF0F2F940B100208249FC
:109AE00008708049088018207C4908701BE07D4878
:109AF0000088401C7B49088008460088642812DDE5
:109B00000020088012207549087077480078401CB2
:109B10007549087008460078032804DD00200870A5
:109B2000EE206E49087078E019206C49087074E0E6
:109B300020206A49087070E04FF4007168480BF00B
:109B4000E1FA80480BF0F1F9054629467D4803F01B
:109B5000CFFA2120614908705FE07BA160480BF0DB
:109B6000AEF940B100205D4908705E4908805E4949
:109B70000870FF2070BD78A159480BF0A0F960B1C2
:109B80000E2178A003F0B4FA002056490880564907
:109B90000870EE20514908701CE052480088401CB3
:109BA0005049088008460088B0F5967F12DD0020F5
:109BB00008802020494908704B480078401C4A49D9
:109BC000087008460078052804DD00200870EE20A3
:109BD0004249087021E06748007820B101280BD085
:109BE000022818D111E0FFF777FC0446FF2C02D1C0
:109BF0000120604908700EE0FFF732FC0446FF2C9C
:109C000002D102205B49087005E00020334908704A
:109C10005849087000BF00BF00BF00BF0020A9E77F
:109C20005548704755487047554800787047554823
:109C3000704755487047002154484078022804D1A5
:109C40002D20534A5054481CC1B250488078504A85
:109C50005054481CC1B24D48C0785054481CC1B241
:109C60002E205054481CC1B2484800795054481C1A
:109C7000C1B2464840795054481CC1B210467047A2
:109C8000002142480078022804D12D20414A505436
:109C9000481CC1B23D48007B3E4A5054481CC1B2EA
:109CA0003A48407B5054481CC1B23848807B5054DD
:109CB000481CC1B22E205054481C6DE041542B5119
:109CC00049435347503D312C312C22434D494F5489
:109CD000222C22222C22222C310D0A007206002076
:109CE00098A00020740600207306002041542B51D8
:109CF000494143543D310D0A000000004552524F86
:109D00005200000041542B514944454143543D31D8
:109D10000D0A000041542B43545A553D330D0A009F
:109D200041542B514E54503D312C223230322E3181
:109D300031322E31302E3336222C3132332C310D4C
:109D40000A000000A7A400202B51494F50454E3A6D
:109D500020302C30000000002B51494F50454E3A26
:109D600020302C0041542B5149434C4F53453D303A
:109D70000D0A00007606002098A40020C1050020EE
:109D8000C0050020D0050020DF0500208805002048
:109D9000F805002002060020C1B2FD48C07B5054E7
:109DA000481CC1B2FA48007C5054481CC1B210464D
:109DB00070472DE9F041074688460024F5480078B1
:109DC000E8B9F5A1F6480BF07AF80446B4B1AFF261
:109DD000C00120460BF073F8851CF2A1F0480BF08F
:109DE0006EF8044654B104F109000BF05BF886B23A
:109DF0003146284607F0DFFD00BF00BF00BF00BFAF
:109E00000020BDE8F081002070470020E84908608C
:109E1000704710B50024E64800684EF6602188427D
:109E200005D2E3480068401CE149086088E0E14849
:109E3000007830B1012814D0022871D003287ED1D7
:109E400072E00020DC4908704FF40071D4480BF038
:109E500059F90821D9A003F04BF90120D549087020
:109E60006DE0AFF2CC51CE480BF029F828B3D6A163
:109E7000CB480BF024F80446B4B10F21D4480BF0C2
:109E800041F9A41D02222146D148F9F7EBF92078C7
:109E9000322802DB2078382803DD0020CD49087005
:109EA00002E00120CB4908700220C249087000205E
:109EB000C9490880C949087030E0C9A1B8480AF00A
:109EC000FEFF60B10020BB490870B9490860C24973
:109ED0000880C24908700120B74908701EE0BE48DA
:109EE0000088401CBC49088008460088642815DDAD
:109EF00000200880AF490870B8480078401CB74976
:109F0000087008460078032808DD00200870A94979
:109F10000870A74908600120A74908700FE0FFE713
:109F20000320A44908700AE00020AC490870A14948
:109F300008709F49086001209F49087000BF00BF5A
:109F400010BD10B5044654222146A848F9F78AF9F5
:109F50002046FAF752FFFF2010BD70B506460D46A9
:109F6000A34880680A2801D1002070BD4FF44370D7
:109F7000F9F75FFA04460CB90020F6E725812A4676
:109F8000314604F10A00F9F76DF99948006850B9B3
:109F90000020606020609648046044608068401C37
:109FA000934988600DE000206060914840684460FB
:109FB0008F48406820608E4844608068401C8C490F
:109FC0008860FF20D1E78A48006808B90020704700
:109FD000874800680830FAE710B58548006808B976
:109FE000002010BD824804680068406820B100204D
:109FF0007F490968496808607D48006840687C4975
:10A00000086008468068401E88602046F9F701FA1B
:10A01000FF20E6E710B56848007800B910BD754824
:10A020000078032859D005DC48B1012813D0022854
:10A0300077D131E0042866D0EE28F9D183E0FFF72C
:10A04000C2FF6D4908600846006800B9E6E70120D4
:10A050006849087080E04FF4007151480BF052F8E5
:10A060004FF4007165480BF04DF8402164480BF047
:10A070006BF861480068028862A161480AF08AFDB5
:10A080005F480AF052FF044621465D4803F030F86D
:10A090000220584908705FE05FA141480AF00FFFB5
:10A0A00040B103205349087000205C4908705C49A6
:10A0B000088011E05A480088642805DA584800886A
:10A0C000401C5749088007E0002055490880534943
:10A0D00008700320474908703EE04FF40071304893
:10A0E0000BF010F84FF4007144480BF00BF84248A5
:10A0F0000068018840480068801C02F0F9FF0420D5
:10A100003C49087028E047A125480AF0D8FE48B12C
:10A11000EE20384908700020404908704049088006
:10A1200010E016E03E480088642805DA3C480088C4
:10A13000401C3B49088005E0002039490880EE209A
:10A140002C49087008E0FFF747FF002029490870F4
:10A1500000BF00BF00BF00BF00BF00BF5EE770B51B
:10A1600004460D4629462046FFF7F7FEFF2070BD46
:10A1700030B585B000242D48006841F270718842E6
:10A1800056D22A480068401C2849086034E2000082
:10A1900088050020770600202B51495552433A008C
:10A1A00098A000202272656376222C302C000000DB
:10A1B00060060020780600206406002041542B43EE
:10A1C00053510D0A000000002B4353513A20000068
:10A1D000C1050020C00500207A0600207906002075
:10A1E0002B434D45204552524F523A000C06002059
:10A1F00038A500207C0600208006002098880020DA
:10A2000044A5002041542B514953454E443D302C28
:10A2100025640D0A000000003E0000007D060020BD
:10A220007E06002053454E44204F4B0088060020F8
:10A23000F948007830B1012814D002287AD00328D8
:10A2400079D172E10020F54908704FF40071F448AB
:10A250000AF058FF0A21F3A002F04AFF0120EE495C
:10A260000870C8E1AFF6D011ED480AF028FE0028CA
:10A270007ED0EFA1EA480AF022FE0446002C78D0F6
:10A280000834607830382178303901EB810100EBF7
:10A290004100642190FBF1F201FB120000F5FA602D
:10A2A00080B2ADF80C00BDF80C0040F633018842D6
:10A2B00018DD0020E1490880D7490870E04800789F
:10A2C000401CDF49087008460078032808DD00209C
:10A2D0000870D1490870DB4908600120CF49087037
:10A2E00005B030BDE41C607830382178303901EB9E
:10A2F000810100EB4100C0B28DF80E009DF80E0008
:10A300000C2819DD0020CD490880C3490870CC48CD
:10A310000078401CCA49087008460078032808DD08
:10A3200000200870BC490870C64908600120BB497C
:10A330000870D5E7EBE05DE1E41C60783038217807
:10A34000303901EB810100EB4100C0B28DF80F0004
:10A350009DF80F001F281ADD0020B8490880AE497B
:10A360000870B7480078401CB5490870084601E0FD
:10A37000ADE0A5E00078032808DD00200870A649BC
:10A380000870B04908600120A4490870A8E7E41CDF
:10A39000607830382178303901EB810100EB4100E1
:10A3A000C0B28DF810009DF81000172817DD0020AE
:10A3B000A249088098490870A1480078401CA0492B
:10A3C000087008460078032808DD002008709249CC
:10A3D00008709C49086001209049087080E7E41CDF
:10A3E000607830382178303901EB810100EB410091
:10A3F000C0B28DF811009DF811003B2817DD002038
:10A400008E490880844908708D480078401C8C492A
:10A41000087008460078032808DD002008707E498F
:10A4200008708849086001207C49087058E7E41CDE
:10A43000607830382178303901EB810100EB410040
:10A440003C2190FBF1F201FB1200C0B28DF812002A
:10A450009DF812003B2817DD0020784908806E49DE
:10A46000087077480078401C7549087008460078E5
:10A47000032808DD002008706749087071490860EA
:10A480000120664908702BE703A807F09EFCBDF881
:10A490000C00642190FBF1F201FB1200C5B29DF8A3
:10A4A00012009DF811109DF81020CDE900210290B6
:10A4B0009DF80F209DF80E100023284608F0CCFED2
:10A4C00000205F4908700220534908701EE05B4875
:10A4D0000088401C5949088008460088642815DD1A
:10A4E000002008804C49087055480078401C5449A9
:10A4F000087008460078032808DD002008704649E7
:10A5000008705049086001204449087073E04FF416
:10A51000007143480AF0F6FD0821AFF2603002F006
:10A52000E7FD03203C49087065E0AFF694413C48E4
:10A530000AF0C5FC50B3AFF2703139480AF0BFFCE5
:10A540000446B4B10F2140480AF0DCFDA41D0222EC
:10A5500021463D48F8F786FE2078322802DB207835
:10A56000382803DD00203949087002E0012037490E
:10A570000870002028490870324908602F49088077
:10A580002F49087001202549087032E0AFF2B03140
:10A5900023480AF094FC60B100201F490870294943
:10A5A0000860264908802649087001201B49087068
:10A5B0001FE022480088401C204908800846008887
:10A5C000642816DD002008800220134908701C480A
:10A5D0000078401C1A49087008460078032808DDF6
:10A5E000002008700C4908701649086001200B49CA
:10A5F000087000E000BF00BF00BF71E610B500F0BA
:10A6000022F900B110BD02F070FE08B1FFF7B0FDF5
:10A61000FFF700FD00BFF5E7840600206406002078
:10A6200098A0002041542B43434C4B3F0D0A00009F
:10A630002B43434C4B3A20220000000086060020AA
:10A640008506002088060020C1050020C0050020E6
:10A65000F648007A7047F5480078704710B5044610
:10A66000F248406838B1F1484068A04205D06A20FD
:10A67000EE49486001E0ED484460EC49486808F064
:10A6800047FF10BD10B5EA48006808B9002010BDAA
:10A69000E74804680068406820B10020E449096880
:10A6A00049680860E24800684068E1490860084677
:10A6B0008068401E88602046F8F7ABFEFF20E6E782
:10A6C0002DE9F04705460E4617469846D84880685B
:10A6D000202801D1FFF7D6FF2420F8F7AAFE044670
:10A6E00014B90020BDE8F08730460AF01EFC814610
:10A6F0004A46314604F10800F8F7B4FD6561A761E8
:10A70000C4F81C8001212162C948006850B90020AA
:10A7100060602060C648046044608068401CC44992
:10A7200088600DE000206060C14840684460C04817
:10A7300040682060BE4844608068401CBC49886016
:10A74000FF20CFE70246BA48016805E04869904219
:10A7500001D1086A704749680029F7D140F22F10EB
:10A76000F8E70246B248016805E04869904201D125
:10A770000846704749680029F7D10020F9E70246EA
:10A78000AB4B186804E04369934200D10162406812
:10A790000028F8D17047A74870470120A64981F8E2
:10A7A000980070470020A44981F898007047002164
:10A7B000A14A116151614FF4FA601146A1F8840079
:10A7C0000020A1F8860081F8800000219160D1600E
:10A7D0004FF4FA601146A1F882000020A1F896001B
:10A7E0004EF27860A1F88E000020A1F890000120C0
:10A7F00081F89800704710B502460B4600210AE028
:10A800008E4800EBC10411CC50405C40204300D185
:10A8100010BD481CC1B22029F2DB88480838C47832
:10A82000083000EBC4000CC084480838C078401CD5
:10A83000824C083CE0702046C078202801D10020DE
:10A84000E070FF20E4E77C4890F8810070477A4888
:10A8500090F88000704710B50446002078490880C1
:10A86000784908707848006818B177480068F8F7A8
:10A87000D0FD7548046010BD012074490870704710
:10A88000002072490870704770480078704730B5F2
:10A890000346002014E0141A641E0C5D6C4D05EB99
:10A8A0001414247803F81040141A641E0C5D04F08C
:10A8B0000F042C5D012505EB40055C55441CE0B2FE
:10A8C0009042E8DB30BD30B50346002010E00C5C60
:10A8D0005F4D05EB1414247803F810400C5C04F071
:10A8E0000F042C5D012505EB40055C55441CE0B2CE
:10A8F0009042ECDB30BD30B50346002014E0141A62
:10A90000641E0C5D524D05EB1414247803F81040BE
:10A91000141A641E0C5D04F00F042C5D012505EB78
:10A9200040055C55441CE0B29042E8DB30BD014676
:10A930002F2906DD3A2904DAA1F13000C2B210460F
:10A940007047602906DD672904DAA1F15700C2B219
:10A950001046F5E7402906DD472904DAA1F1370062
:10A96000C2B21046ECE7FF20EAE7F0B504460E4617
:10A970001546002313E00027012101EB4301605C31
:10A98000FFF7D5FF074614F81300FFF7D0FF47EA9B
:10A990000010C7B2681EC01A3754581CC3B2AB426D
:10A9A000E9DBF0BDF0B504460D461646002311E084
:10A9B0000027012101EB4301605CFFF7B8FF074668
:10A9C00014F81300FFF7B3FF47EA0010C7B2EF54C3
:10A9D000581CC3B2B342EBDBF0BD10B5FCF7EDFF82
:10A9E00018B901201149086002E000200F490860F1
:10A9F00010BD10B50F48FAF784F90E482030FAF769
:10AA00008BF9FAF794F948B10A4820300AF08DFA28
:10AA1000C4B221460748203008F074FF054808F00A
:10AA2000CEFFFAF79CF90149886010BD30A70020DD
:10AA300064A70020E406002088A5002030A600209E
:10AA400090060020920600209406002004080020B2
:10AA5000AC8201081CB502F0FAFBFE480090FE48EB
:10AA60000190684602F0A4FEFFF7C3FF1CBD2DE96C
:10AA7000F04104F0F8F907460022F84BF8A13846F7
:10AA800004F077F9F84AF9A1384604F0A5F9F64A36
:10AA90001032F8A1384604F09FF9F34A2032F7A1AA
:10AAA000384604F099F9F049083908680CF019FFA4
:10AAB00005462A460B46F4A1384604F05AF9EA49FD
:10AAC000083948680CF00DFF05462A460B46EFA1F1
:10AAD000384604F04EF90022EE4BEFA1384604F060
:10AAE00048F9384603F019FF044624B9384602F005
:10AAF00095FEBDE8F08120787B2806D0384602F02C
:10AB00008DFE2046F8F785FCF3E720460AF00DFAA3
:10AB10000546F8F78EFCE24908600846006830B93F
:10AB2000384602F07BFE2046F8F773FCE1E7502040
:10AB3000F8F77FFCDB4908600846006850B93846E2
:10AB400002F06CFE2046F8F764FCD5480068F8F780
:10AB500060FCCEE70020D34909680870D149096834
:10AB6000887006F0CBF8CF49096888800020CD496D
:10AB7000096848700C20CB490968C8800C22CAA11A
:10AB8000C84800680830F8F76DFB20460AF0CDF998
:10AB9000C4490968A1F84800C1480068C14909686A
:10ABA000C86420460AF0C1F90546BE4909682A462C
:10ABB000C86C2146F8F756FBBA48006807F0B0F8B1
:10ABC000B7480068F8F725FCB6480068F8F721FC9C
:10ABD0002046F8F71EFC384602F020FE00BF88E74A
:10ABE0002DE9F04104F03FF9804604F03CF90746B6
:10ABF0000022B14B9AA1404604F0BBF89A4A9BA1AF
:10AC0000404604F0E9F8984A10329AA1404604F010
:10AC1000E3F8954A203299A1404604F0DDF89249C4
:10AC2000083908680CF05DFE05462A460B4696A1D9
:10AC3000404604F09EF88C49083948680CF051FEF3
:10AC400005462A460B4691A1404604F092F83A4642
:10AC50009AA1404603F09BFF9A4908680CF041FE18
:10AC600005462A460B4698A1384604F082F89549D5
:10AC700048680CF036FE05462A460B4695A1384634
:10AC800004F077F88F4988680CF02BFE05462A46B9
:10AC90000B4694A1384604F06CF8404603F03DFEA4
:10ACA000044624B9404602F0B9FDBDE8F0812078A1
:10ACB0007B2806D0404602F0B1FD2046F8F7A9FBFC
:10ACC000F3E720460AF031F90546F8F7B2FB884968
:10ACD00008600846006830B9404602F09FFD2046F3
:10ACE000F8F797FBE1E75020F8F7A3FB81490860EC
:10ACF0000846006850B9404602F090FD2046F8F73B
:10AD000088FB7B480068F8F784FBCEE70020794990
:10AD10000968087077490968887005F0EFFF754980
:10AD20000968888000207349096848700C207149BF
:10AD30000968C8800C225CA16E4800680830F8F7EA
:10AD400091FA20460AF0F1F86A490968A1F848002A
:10AD50006748006867490968C86420460AF0E5F852
:10AD60000546644909682A46C86C2146F8F77AFA0C
:10AD70006048006806F0D4FF5D480068F8F749FBBA
:10AD80005C480068F8F745FB2046F8F742FB404670
:10AD900002F044FD00BF88E710B557480088B0F5C1
:10ADA000FA6F05DA54480088401C5349088012E0C5
:10ADB0000020514908805148007810B9FFF757FE2C
:10ADC00001E0FFF70DFF4D48007808B9012000E0D1
:10ADD00000204A49087010BD2DE9F047054604F0EF
:10ADE00042F8814604F03FF880460022444B1CA103
:10ADF000484603F0BEFF1C4A1CA1484603F0ECFF86
:10AE0000194A10321BA1484603F0E6FF164A2032C9
:10AE10001AA1484603F0E0FF1349083908680CF00E
:10AE200060FD064632460B4617A1484603F0A1FFD7
:10AE30000D49083948680CF054FD064632460B4669
:10AE400012A1484603F095FF2A462EA1484603F07A
:10AE5000C3FF59E0333400081334000800408F402A
:10AE6000636D644964000000C40600206272616E74
:10AE7000640000006D6F64656C00000064657669B5
:10AE80006365496400000000726F7700636F6C7542
:10AE90006D6E00000000F03F6D61636E6F0000009A
:10AEA0000C080020080800207465726D696E616CE2
:10AEB0005F6D73670000000000488F40646174613B
:10AEC0000000000030A70020646F6F72207374616F
:10AED0007465000073797374656D207374617465B3
:10AEE0000000000073746F726520737461746500F4
:10AEF0001408002010080020180800201A0800205C
:10AF000000588F40747300004246AFF2500148462B
:10AF100003F03DFEF84908680CF0E3FC06463246B3
:10AF20000B46AFF25C01404603F023FFF24948684C
:10AF30000CF0D7FC064632460B46AFF2680140469D
:10AF400003F017FFEC4988680CF0CBFC064632464C
:10AF50000B46AFF27001404603F00BFF484603F08A
:10AF6000DCFC044624B9484602F058FCBDE8F087F2
:10AF700020787B2806D0484602F050FC2046F8F79F
:10AF800048FAF3E7204609F0D0FF0646F8F751FAF1
:10AF9000DA4908600846006830B9484602F03EFCCD
:10AFA0002046F8F736FAE1E75020F8F742FAD4499C
:10AFB00008600846006850B9484602F02FFC204659
:10AFC000F8F727FACD480068F8F723FACEE7012012
:10AFD000CB49096808700020C94909688870C849C8
:10AFE0000968C87005F08AFEC54909688880002094
:10AFF000C349096848700C20C1490968C8800C22FF
:10B00000AFF25C11BE4800680830F8F72BF9BC4875
:10B010000068083008B900BF00BF204609F085FF6E
:10B02000B7490968A1F84800B4480068B4490968FC
:10B03000C864204609F079FF0646B14909683246DE
:10B04000C86C2146F8F70EF9AD48006806F068FEB6
:10B05000AB4800680078012808D0A8480068F8F7D5
:10B06000D8F9A7480068F8F7D4F911E00120A449FD
:10B0700009688870A248006806F0ACF9FF2807D17B
:10B080009E480068F8F7C5F99D480068F8F7C1F9CF
:10B090002046F8F7BEF9484602F0C0FB00BF65E75E
:10B0A00070B5054600240026AFF24021284603F083
:10B0B000D4FC044604B970BD924920690AF06CF8CA
:10B0C00000B1F8E7AFF25421284603F0C6FC04466D
:10B0D00004B9F0E78B49103120690AF05DF800B13E
:10B0E000E9E7AFF26821284603F0B7FC044604B94B
:10B0F000E1E78449203120690AF04EF800B1DAE72F
:10B10000AFF20021284603F0A8FC044604B9D2E7B8
:10B1100026693046FFF760FE00BFCCE72DE9F0411D
:10B12000054603F0A0FE06460022774BAFF2D02181
:10B13000304603F01EFE734AAFF2D021304603F0D2
:10B140004BFE704A1032AFF2D421304603F044FE79
:10B150006C4A2032AFF2DC21304603F03DFE002283
:10B160006A4B6BA1304603F004FE6BA26CA1304623
:10B1700003F032FE2A46AFF27421304603F02CFE73
:10B18000304603F0CAFB044624B9304602F046FBC1
:10B19000BDE8F08120787B2806D0304602F03EFBE7
:10B1A0002046F8F736F9F3E7204609F0BEFE0746D9
:10B1B000F8F73FF95B4908600846006830B9304647
:10B1C00002F02CFB2046F8F724F9E1E75020F8F7CD
:10B1D00030F9554908600846006850B9304602F019
:10B1E0001DFB2046F8F715F94E480068F8F711F9ED
:10B1F000CEE701204C490968087000204A490968D7
:10B20000887049490968C87005F078FD46490968A1
:10B21000888000204449096848700C204249096828
:10B22000C8800C22AFF280313F4800680830F8F740
:10B2300019F83D480068083008B900BF00BF204633
:10B2400009F073FE38490968A1F8480035480068DC
:10B2500035490968C864204609F067FE0746324947
:10B2600009683A46C86C2146F7F7FCFF2E4800688B
:10B2700006F056FD2C4800680078012808D02948BF
:10B280000068F8F7C6F828480068F8F7C2F811E037
:10B2900001202549096888702348006806F09AF85B
:10B2A000FF2807D11F480068F8F7B3F81E48006868
:10B2B000F8F7AFF82046F8F7ACF8304602F0AEFAEF
:10B2C00000BF65E770B5054600240026AFF2644173
:10B2D000284603F0C2FB044604B970BD0949206941
:10B2E00009F05AFF00B1F8E7AFF27841284603F0C1
:10B2F000B4FB0446D4B9F0E730A7002020080020B2
:10B300001C080020C406002000688F400000F03FA9
:10B31000666C61670000000073756363657373009A
:10B320006D7367002808002024080020FE4920696A
:10B3300009F032FF00B1D0E7AFF2C041284603F078
:10B340008CFB044604B9C8E7F7491031206909F0BD
:10B3500023FF00B1C1E7AFF27441284603F07DFB43
:10B36000044604B9B9E7F149606988600846806815
:10B3700030B10120F9F7DFFC032008F016FA0CE0E9
:10B380000020F9F7D8FCF9F7D2FC18B1052008F035
:10B390000CFA02E0042008F008FAAFF298412846BF
:10B3A00003F05BFB044604B997E726693046FFF7D4
:10B3B000B5FE00BF91E72DE9F04705460E469146E0
:10B3C00003F051FD82460022D94BAFF26C5150463A
:10B3D00003F0CFFCD44A103AAFF27051504603F05C
:10B3E000FBFCD14AAFF27451504603F0F5FCCE4A53
:10B3F0001032AFF27851504603F0EEFC30460CF0BC
:10B4000070FA07463A460B46CAA1504603F0B1FC13
:10B410004A46CAA1504603F0DFFC0022C94BAFF2F6
:10B420001011504603F0A5FCAFF21412AFF2101148
:10B43000504603F0D1FC2A46AFF23851504603F093
:10B44000CBFC504603F069FA044624B9504602F09A
:10B45000E5F9BDE8F08720787B2806D0504602F059
:10B46000DDF92046F7F7D5FFF3E7204609F05DFD4B
:10B470000746F7F7DEFFB44908600846006830B9B0
:10B48000504602F0CBF92046F7F7C3FFE1E7502022
:10B49000F7F7CFFFAD4908600846006850B950463D
:10B4A00002F0BCF92046F7F7B4FFA7480068F7F7A9
:10B4B000B0FFCEE70120A549096808700020A34924
:10B4C00009688870A1490968C87005F017FC9F4990
:10B4D0000968888000209D49096848700C209B49B4
:10B4E0000968C8800C22AFF24061984800680830B3
:10B4F000F7F7B8FE95480068083008B900BF00BFEC
:10B50000204609F012FD91490968A1F848008E48CB
:10B5100000688E490968C864204609F006FD0746A0
:10B520008A4909683A46C86C2146F7F79BFE874866
:10B53000006806F0F5FB854800680078012808D00F
:10B5400081480068F7F765FF80480068F7F761FFFA
:10B5500011E001207D49096888707C48006805F089
:10B5600039FFFF2807D178480068F7F752FF77487E
:10B570000068F7F74EFF2046F7F74BFF504602F002
:10B580004DF900BF65E72DE9F04387B080460027FD
:10B59000B946AFF22871404603F05FFA6C49086083
:10B5A0000846006810B907B0BDE8F083684909682B
:10B5B00008695D49103909F0EFFD00B1F3E7AFF21A
:10B5C0004C71404603F049FA61490860084600683A
:10B5D00000B9E8E75E4909680869534909F0DCFDEC
:10B5E00000B1E0E7AFF26C71404603F036FA58491B
:10B5F00008600846006800B9D5E755490968086938
:10B600004949103109F0C8FD00B1CCE749A14046D5
:10B6100003F023FA4E4908600846006800B9C2E703
:10B620004B48006844692046F9F712FE00B1BAE7BA
:10B6300042A1404603F011FA4549086008460068F7
:10B6400000B9B0E742480068076942A1404603F0EC
:10B6500004FA414908600846006800B9A3E7AFF260
:10B66000D8713D48006803F0F8F939490860084688
:10B67000006800B997E7364800684569AFF2F47191
:10B680003548006803F0E9F9314908600846006868
:10B6900000B988E72E4800684669721E691EAFF639
:10B6A00021732046F8F7DFFD384607F0CDFF06206E
:10B6B00008F07BF8029403950496012005906846F3
:10B6C00006F06AFB6846F9F70EFEAFF2C871404615
:10B6D00003F0C3F91E4908600846006800B962E734
:10B6E0001B480068D0F810903A4621464846FFF7BC
:10B6F00062FE00BF57E72DE9F041054603F0B3FBBA
:10B7000006460022154BAFF6A801304603F031FB88
:10B71000054A103AAFF6AC01304603F05DFB024A31
:10B72000AFF6B00130461BE0D406002030A7002061
:10B7300000788F40636F6465000000006F7264657D
:10B74000724964000000F03F300800202C080020FF
:10B7500034080020766172003808002000888F408D
:10B7600003F03AFBF74AAFF6EC01304603F034FB46
:10B770000022F54BAFF26841304603F0FAFAAFF21F
:10B780006842AFF26441304603F026FB2A46AFF62A
:10B790008C01304603F020FB304603F0BEF804462F
:10B7A00024B9304602F03AF8BDE8F08120787B28D1
:10B7B00006D0304602F032F82046F7F72AFEF3E7CB
:10B7C000204609F0B2FB0746F7F733FEDF49086071
:10B7D0000846006830B9304602F020F82046F7F7F6
:10B7E00018FEE1E75020F7F724FED9490860084623
:10B7F000006850B9304602F011F82046F7F709FE0C
:10B80000D2480068F7F705FECEE70120D049096865
:10B8100008700020CE4909688870CD490968C87051
:10B8200005F06CFACA49096888800020C84909688F
:10B8300048700C20C6490968C8800C22AFF69811E0
:10B84000C34800680830F7F70DFDC14800680830AC
:10B8500008B900BF00BF204609F067FBBC49096872
:10B86000A1F84800B9480068B9490968C864204689
:10B8700009F05BFB0746B64909683A46C86C2146A1
:10B88000F7F7F0FCB248006806F04AFAB0480068E2
:10B890000078012808D0AD480068F7F7BAFDAC4839
:10B8A0000068F7F7B6FD11E00120A9490968887022
:10B8B000A748006805F08EFDFF2807D1A34800685F
:10B8C000F7F7A7FDA2480068F7F7A3FD2046F7F7B2
:10B8D000A0FD304601F0A2FF00BF65E770B5054648
:10B8E0000026AFF67821284603F0B7F8994908609A
:10B8F0000846006800B970BD964909680869914911
:10B90000203909F049FC00B1F5E7AFF69821284647
:10B9100003F0A3F88F4908600846006800B9EAE719
:10B920008C49096808698749103909F035FC00B16C
:10B93000E1E7AFF6B821284603F08FF885490860A3
:10B940000846006800B9D6E78249096808697D4958
:10B9500009F022FC00B1CEE77FA1284603F07DF874
:10B960007C4908600846006800B9C4E77948006867
:10B97000446914B1FCF730F801E0FCF731F8AFF698
:10B980007C21284603F069F872490860084600687F
:10B9900000B9B0E76F48006806693046FFF7ABFEB4
:10B9A00000BFA8E72DE9F05F05460E46914603F07B
:10B9B0005AFA824600226B4BAFF65C31504603F0D8
:10B9C000D8F9604A203AAFF65C31504603F004FAE9
:10B9D0005C4A103AAFF66431504603F0FDF9594A1B
:10B9E000AFF66831504603F0F7F930460BF079FFB7
:10B9F00007463A460B46AFF2C421504603F0B9F968
:10BA00004A46AFF2C821504603F0E6F93046F9F74E
:10BA100036FC834658460BF064FF07463A460B4611
:10BA200051A1504603F0A5F92A46AFF628315046F9
:10BA300003F0D2F9504602F070FF044624B9504694
:10BA400001F0ECFEBDE8F09F20787B2806D0504640
:10BA500001F0E4FE2046F7F7DCFCF3E7204609F0AE
:10BA600064FA0746F7F7E5FC4349086008460068B2
:10BA700030B9504601F0D2FE2046F7F7CAFCE1E7A4
:10BA80005020F7F7D6FC3D4908600846006850B9D9
:10BA9000504601F0C3FE2046F7F7BBFC364800686D
:10BAA000F7F7B7FCCEE70120344909680870002099
:10BAB00032490968887031490968C87005F01EF973
:10BAC0002E490968888000202C49096848700C209C
:10BAD0002A490968C8800C22AFF63441274800681B
:10BAE0000830F7F7BFFB25480068083008B900BFE9
:10BAF00000BF204609F019FA20490968A1F848005A
:10BB00001D4800681D490968C864204609F00DFAFF
:10BB100007461A4909683A46C86C2146F7F7A2FB5E
:10BB20001648006806F0FCF8144800680078012800
:10BB300026D011480068F7F76CFC10480068F7F74A
:10BB400068FC2FE0E40600200000F03F40080020E1
:10BB50003C08002044080020646F6F7273746174A5
:10BB600065000000005C9140736869706D656E74DB
:10BB700020737461746500004C08002048080020A0
:10BB80000120F84909688870F648006805F022FC31
:10BB9000FF2807D1F4480068F7F73BFCF14800683C
:10BBA000F7F737FC2046F7F734FC504601F036FE35
:10BBB00000BF47E72DE9F041054600260027AFF614
:10BBC0005451284602F049FFE849086008460068D9
:10BBD00008B9BDE8F081E54909680869E44909F058
:10BBE000DBFA00B1F5E7AFF67451284602F035FFF5
:10BBF000DE4908600846006800B9EAE7DB490968E1
:10BC00000869DB49103109F0C7FA00B1E1E7AFF686
:10BC10009451284602F021FFD44908600846006884
:10BC200000B9D6E7D14909680869D149203109F03E
:10BC3000B3FA00B1CDE7AFF20451284602F00DFF90
:10BC4000CA4908600846006800B9C2E7C7480068EA
:10BC50004469AFF21851284602F0FFFEC34908605C
:10BC60000846006800B9B4E7C04800680669AFF646
:10BC70006C51284602F0F1FEBC4908600846006895
:10BC800000B9A6E7B9480068076932462146384638
:10BC9000FFF788FE00BF9CE72DE9F041054603F061
:10BCA000E2F806460022B34BAFF64C61304603F093
:10BCB00060F8AF4AAFF64C61304603F08DF8AC4AFD
:10BCC0001032AFF65061304603F086F8A84A2032B1
:10BCD000AFF65861304603F07FF80022A64BAFF66E
:10BCE000D011304603F045F8AFF6D412A3A1304688
:10BCF00003F072F82A46AFF6F451304603F06CF8C0
:10BD0000304602F00AFE044624B9304601F086FDB2
:10BD1000BDE8F08120787B2806D0304601F07EFD1A
:10BD20002046F7F776FBF3E7204609F0FEF80746D2
:10BD3000F7F77FFB934908600846006830B9304642
:10BD400001F06CFD2046F7F764FBE1E75020F7F7C0
:10BD500070FB8D4908600846006850B9304601F014
:10BD60005DFD2046F7F755FB86480068F7F751FB65
:10BD7000CEE70120844909680870002082490968DB
:10BD8000887081490968C87004F0B8FF7E49096865
:10BD9000888000207C49096848700C207A4909682D
:10BDA000C8800C22AFF60071774800680830F7F7BA
:10BDB00059FA75480068083008B900BF00BF20462E
:10BDC00009F0B3F870490968A1F848006D480068A7
:10BDD0006D490968C864204609F0A7F807466A4912
:10BDE00009683A46C86C2146F7F73CFA664800688D
:10BDF00005F096FF644800680078012808D0614883
:10BE00000068F7F706FB60480068F7F702FB11E0EF
:10BE100001205D49096888705B48006805F0DAFA1E
:10BE2000FF2807D157480068F7F7F3FA564800682B
:10BE3000F7F7EFFA2046F7F7ECFA304601F0EEFCA0
:10BE400000BF65E770B504460025AFF6E0712046F7
:10BE500002F003FE4D4908600846006800B970BD55
:10BE60004A4909680869424909F096F900B1F6E7BC
:10BE70004749204602F0F1FD444908600846006841
:10BE800000B9ECE74149096808693949103109F0FE
:10BE900083F900B1E3E73E490831204602F0DDFDB9
:10BEA0003A4908600846006800B9D8E73749096888
:10BEB00008692F49203109F06FF900B1CFE735A1AA
:10BEC000204602F0CAFD314908600846006800B902
:10BED000C5E74FF480712648403009F035F92B4909
:10BEE0000968086909F021F80646284800683246C2
:10BEF00001691F484030F7F7B5F924490968086916
:10BF000009F013F8C6B2314619484030F8F7DEFEA2
:10BF10002148806870B1032007F047FC1B4909687D
:10BF2000086909F002F8C6B231461148403007F0FE
:10BF3000E9FC0DE0052007F038FC144909680869A0
:10BF400008F0F3FFC6B231460948403007F0DAFC8A
:10BF500012A1204602F081FD0C49086008460068E5
:10BF6000F0B97CE7480800204C0800205008002069
:10BF7000C4060020006C91400000F03F6D657373B3
:10BF80006167650058080020540800205C08002004
:10BF900074AE000875726C0030A700207473000046
:10BFA000F748006805692846FFF776FE00BF56E7A8
:10BFB00010B5002409E021460020F9F75DF881B2B0
:10BFC000F04820F81410601CC4B2082CF3DB0220E7
:10BFD000EC49891E087010BD2DE9F041054602F0BC
:10BFE00042FF06460022E84BE849304602F0C1FE17
:10BFF000E74AE6490C31304602F0EEFEE44A1032E0
:10C00000E2491431304602F0E7FEE14A2032DF49CE
:10C010001C31304602F0E0FE0022DE4BAFF610513C
:10C02000304602F0A6FEAFF61052AFF2B001304635
:10C0300002F0D2FE2A46AFF29C01304602F0CCFE5E
:10C04000304602F06AFC044624B9304601F0E6FBB3
:10C05000BDE8F08120787B2806D0304601F0DEFB79
:10C060002046F7F7D6F9F3E7204608F05EFF0746CB
:10C07000F7F7DFF9C84908600846006830B930466C
:10C0800001F0CCFB2046F7F7C4F9E1E75020F7F7C1
:10C09000D0F9C24908600846006850B9304601F03E
:10C0A000BDFB2046F7F7B5F9BB480068F7F7B1F9D3
:10C0B000CEE70120B949096808700020B74909682E
:10C0C0008870B6490968C87004F018FEB349096859
:10C0D00088800020B149096848700C20AF49096880
:10C0E000C8800C22A9494831AC4800680830F7F7ED
:10C0F000B9F8AA480068083008B900BF00BF204658
:10C1000008F013FFA5490968A1F84800A248006893
:10C11000A2490968C864204608F007FF07469F49FE
:10C1200009683A46C86C2146F7F79CF89B480068B6
:10C1300005F0F6FD994800680078012808D0964877
:10C140000068F7F766F995480068F7F762F911E0BB
:10C1500001209249096888709048006805F03AF912
:10C16000FF2807D18C480068F7F753F98B4800681F
:10C17000F7F74FF92046F7F74CF9304601F04EFB40
:10C1800000BF65E770B50446002580490C312046A4
:10C1900002F063FC824908600846006800B970BD7F
:10C1A0007F49096808697A4908F0F6FF00B1F6E7A7
:10C1B00076491431204602F050FC7949086008465F
:10C1C000006800B9EBE776490968086970491031E1
:10C1D00008F0E2FF00B1E2E76C491C31204602F0B2
:10C1E0003CFC6F4908600846006800B9D7E76C4915
:10C1F000096808696649203108F0CEFF00B1CEE732
:10C20000AFF6B021204602F028FC664908600846D7
:10C21000006800B9C3E75D4928316248006802F050
:10C220001CFC5F4908600846006800B9B7E75C4835
:10C230000068007D5349891E887454492C3159483F
:10C24000006802F00AFC564908600846006800B918
:10C25000A5E753480068007D4A49891EC874FFF766
:10C26000A7FEAFF2C821204602F0F7FB4C49086058
:10C270000846006800B992E7494800680569284601
:10C28000FFF7AAFE00BF8AE72DE9F0470546002622
:10C290003C48801E807C401E3A4931F81000891EBF
:10C2A000C97C491E01228A40104008B1022600E0E4
:10C2B000032602F0D8FD814600223B4B3349484615
:10C2C00002F057FD324A31490C31484602F084FDF4
:10C2D0002F4A10322D491431484602F07DFD2C4A78
:10C2E00020322A491C31484602F076FD30460BF0D8
:10C2F000F8FA07463A460B462CA1484602F039FDAB
:10C300002A46AFF26831484602F066FD484602F020
:10C3100004FB044624B9484601F080FABDE8F087E2
:10C3200020787B2806D0484601F078FA2046F7F7B7
:10C3300070F8F3E7204608F0F8FD0746F7F779F8BC
:10C340001D4908600846006830B9484601F066FAA1
:10C350002046F7F75EF8E1E75020F7F76AF817494B
:10C3600008600846006850B9484601F057FA204670
:10C37000F7F74FF810480068F7F74BF8CEE71FE0E3
:10C380005C08002052A700200074914060AE0008B5
:10C39000C40600200000F03F640800206008002070
:10C3A000680800206C080020007C91406173696C73
:10C3B00065207374617465007408002070080020A3
:10C3C0000120FE49096808700020FC49096888704E
:10C3D000FA490968C87004F091FCF8490968888036
:10C3E0000020F649096848700C20F4490968C880A3
:10C3F0000C22F349F14800680830F6F733FFEF48A4
:10C400000068083008B900BF00BF204608F08DFD65
:10C41000EA490968A1F84800EA480068E74909685C
:10C42000C864204608F081FD0746E44909683A4699
:10C43000C86C2146F6F716FFE048006805F070FC6E
:10C44000DE4800680078012808D0DE480068F6F76A
:10C45000E0FFDA480068F6F7DCFF11E00120D74979
:10C4600009688870D548006804F0B4FFFF2807D138
:10C47000D4480068F6F7CDFFD0480068F6F7C9FF4A
:10C480002046F6F7C6FF484601F0C8F900BF45E769
:10C4900070B504460025CA493C39204602F0DDFA51
:10C4A000C94908600846006800B970BDC6490968F6
:10C4B0000869C64908F070FE00B1F6E7C049343992
:10C4C000204602F0CAFAC04908600846006800B970
:10C4D000EBE7BD4909680869BC49103108F05CFE0A
:10C4E00000B1E2E7B6492C39204602F0B6FAB64967
:10C4F00008600846006800B9D7E7B34909680869C9
:10C50000B249203108F048FE00B1CEE7AFF27451D5
:10C51000204602F0A2FAAC4908600846006800B95B
:10C52000C3E7A948006805692846FFF7ADFE00BFCC
:10C53000BBE72DE9F041054602F095FC06460022D6
:10C54000A34B9F494839304602F013FC9F4A9C494F
:10C550003C39304602F040FC9C4A1032984934394C
:10C56000304602F039FC994A203295492C39304640
:10C5700002F032FC0022974B9749304602F0F9FB5B
:10C58000954A0832AFF20C61304602F025FC2A468B
:10C59000AFF2F851304602F01FFC304602F0BDF910
:10C5A000044624B9304601F039F9BDE8F08120781D
:10C5B0007B2806D0304601F031F92046F6F729FFF6
:10C5C000F3E7204608F0B1FC0746F6F732FF83494F
:10C5D00008600846006830B9304601F01FF920466F
:10C5E000F6F717FFE1E75020F6F723FF7C490860D4
:10C5F0000846006850B9304601F010F92046F6F7B9
:10C6000008FF76480068F6F704FFCEE7012074497A
:10C6100009680870002072490968887070490968C3
:10C62000C87004F06BFB6E490968888000206C4973
:10C63000096848700C206A490968C8800C22604962
:10C64000674800680830F6F70DFE65480068083056
:10C6500008B900BF00BF204608F067FC60490968C0
:10C66000A1F848005D4800685D490968C864204633
:10C6700008F05BFC07465A4909683A46C86C2146EF
:10C68000F6F7F0FD5648006805F04AFB544800688C
:10C690000078012808D051480068F6F7BAFE5048E3
:10C6A0000068F6F7B6FE11E001204D490968887070
:10C6B0004B48006804F08EFEFF2807D14748006809
:10C6C000F6F7A7FE46480068F6F7A3FE2046F6F701
:10C6D000A0FE304601F0A2F800BF66E770B5044640
:10C6E000002537493C39204602F0B7F93D4908603A
:10C6F0000846006800B970BD3A49096808693349BD
:10C7000008F04AFD00B1F6E72D493439204602F021
:10C71000A4F9344908600846006800B9EBE73149DC
:10C72000096808692949103108F036FD00B1E2E7CF
:10C7300023492C39204602F090F92A49086008461E
:10C74000006800B9D7E72749096808691F492031FF
:10C7500008F022FD00B1CEE7FFF72AFCAFF2C4716A
:10C76000204602F07AF91F4908600846006800B9BF
:10C77000C1E71C48006805692846FFF7DAFE00BFDC
:10C78000B9E72DE9FC41054617A103C9CDE9000130
:10C7900002F069FB80460022154B094948394046A2
:10C7A00002F0E7FA094A06493C39404602F014FB18
:10C7B000064A10320249343940461BE07008002016
:10C7C000A8AE00087408002078080020C4060020E5
:10C7D000008491400000F03F10B30008840800205E
:10C7E0008008002088080020307830303030000089
:10C7F000008C914002F0F0FAFC4AFD49404602F0FC
:10C80000EBFA2A46AFF66C01404602F0E5FAF94928
:10C8100008780BF07DF8064632460B46F6A14046F6
:10C8200002F0A7FA0222F349891C0DF10200FEF77B
:10C830004AF86A46F3A1404602F0CEFA0222ED49D8
:10C84000091D0DF10200FEF73EF86A46EFA14046D1
:10C8500002F0C2FA0222E749891D0DF10200FEF73B
:10C8600032F86A46EBA1404602F0B6FA0222E149EC
:10C8700008310DF10200FEF726F86A46E7A14046AE
:10C8800002F0AAFA0222DB490A310DF10200FEF79A
:10C890001AF86A46E3A1404602F09EFA0222D54900
:10C8A0000C310DF10200FEF70EF86A46DFA140469A
:10C8B00002F092FA0222CF490E310DF10200FEF78A
:10C8C00002F86A46DBA1404602F086FA0222C94914
:10C8D00010310DF10200FDF7F6FF6A46D7A1404680
:10C8E00002F07AFA404602F018F8044624B94046AD
:10C8F00000F094FFBDE8FC8120787B2806D04046FC
:10C9000000F08CFF2046F6F784FDF3E7204608F0A0
:10C910000CFB0646F6F78DFDCA490860084600681C
:10C9200030B9404600F07AFF2046F6F772FDE1E7A5
:10C930005020F6F77EFDC44908600846006850B9EB
:10C94000404600F06BFF2046F6F763FDBD480068E7
:10C95000F6F75FFDCEE70120BB49096808700020AB
:10C96000B94909688870B8490968C87004F0C6F9FF
:10C97000B549096888800020B349096848700C20CF
:10C98000B1490968C8800C2299492C31AE48006829
:10C990000830F6F767FCAC480068083008B900BFFB
:10C9A00000BF204608F0C1FAA7490968A1F848006D
:10C9B000A4480068A4490968C864204608F0B5FA8C
:10C9C0000646A14909683246C86C2146F6F74AFC7A
:10C9D0009D48006805F0A4F99B480068007801288C
:10C9E00008D098480068F6F714FD97480068F6F7F5
:10C9F00010FD11E001209449096888709248006890
:10CA000004F0E8FCFF2807D18E480068F6F701FD26
:10CA10008D480068F6F7FDFC2046F6F7FAFC404624
:10CA200000F0FCFE00BF65E770B5044600257049C4
:10CA30001039204602F011F8844908600846006861
:10CA400000B970BD8149096808696849203908F052
:10CA5000A3FB00B1F5E766490839204601F0FDFF68
:10CA60007A4908600846006800B9EAE7774909682A
:10CA700008695E49103908F08FFB00B1E1E75C49B5
:10CA8000204601F0EAFF714908600846006800B9D5
:10CA9000D7E76E4909680869544908F07DFB00B181
:10CAA000CFE7AFF60831204601F0D7FF67490860AD
:10CAB0000846006800B9C4E764480068056928466C
:10CAC000FFF75FFE00BFBCE72DE9FC5F81460C4627
:10CAD000002602F0C8F9834600225D4B44491C3908
:10CAE000584602F046F9414A203A41491039584621
:10CAF00002F072F93D4A103A3D490839584602F0B1
:10CB00006BF93A4A3A49584602F066F90022514B0D
:10CB10005149584602F02DF94F4A083202F10801F6
:10CB2000584602F059F94A46AFF69031584602F09D
:10CB300053F9207830384FF47A71484361783039AE
:10CB400001EBC10202EB011100EB8101A07830384A
:10CB500000EB800001EB4001E0783038084480B2FF
:10CB6000ADF80000607930382179303901EB81016E
:10CB700000EB4100C0B28DF80200E0793038A179B5
:10CB8000303901EB810100EB4100C0B28DF80300A8
:10CB900000208DF804008DF805008DF80600314660
:10CBA0006846F8F782FC82460AEB4A10F6F741FC29
:10CBB000064626B131466846F8F777FC824632468B
:10CBC00026A1584602F008F950460AF08AFE0746A8
:10CBD0003A460B4622A1584602F0CBF8584601F0DF
:10CBE0009CFE05460DB958463EE041E0E4060020B3
:10CBF0007CAE000850A70020636865636B207374E7
:10CC000061746500726F772031000000726F7720C9
:10CC100032000000726F772033000000726F7720BF
:10CC200034000000726F772035000000726F7720AB
:10CC300036000000726F772037000000726F772097
:10CC40003800000094080020900800209808002078
:10CC5000009C91400000F03F10B300086C6F67002B
:10CC60006C6F674E756D000000F0D8FDBDE8FC9F4D
:10CC700028787B2806D0584600F0D0FD2846F6F7E5
:10CC8000C8FBF3E7284608F050F90746F6F7D1FB52
:10CC9000FA4908600846006830B9584600F0BEFD01
:10CCA0002846F6F7B6FBE1E75020F6F7C2FBF44959
:10CCB00008600846006850B9584600F0AFFD2846A5
:10CCC000F6F7A7FBED480068F6F7A3FBCEE70120D7
:10CCD000EB49096808700020E94909688870E8494B
:10CCE0000968C87004F00AF8E549096888800020DE
:10CCF000E349096848700C20E1490968C8800C22A2
:10CD0000E049DF4800680830F6F7ACFADC48006814
:10CD1000083008B900BF00BF284608F006F9D84916
:10CD20000968A1F84800D5480068D5490968C86471
:10CD3000284608F0FAF80746D14909683A46C86C0F
:10CD40002946F6F78FFACE48006804F0E9FFCC4890
:10CD500000680078012808D0C8480068F6F759FB39
:10CD6000C7480068F6F755FB11E00120C44909687F
:10CD70008870C348006804F02DFBFF2807D1BF4826
:10CD80000068F6F746FBBE480068F6F742FB284607
:10CD9000F6F73FFB584600F041FD00BF66E72DE97E
:10CDA000F0410546002400260027B6493C392846B4
:10CDB00001F053FE04460CB9BDE8F081B249206988
:10CDC00008F0EAF900B1F7E7AE493439284601F036
:10CDD00044FE044604B9EFE7AB491031206908F07E
:10CDE000DBF900B1E8E7A7492C39284601F035FE08
:10CDF000044604B9E0E7A4492031206908F0CCF9E1
:10CE000000B1D9E7A1A1284601F027FE044604B9E4
:10CE1000D2E72769AFF67C61284601F01EFE044682
:10CE200004B9C9E7266939463046FFF74DFE00BF11
:10CE3000C2E770B50024002500F075F918B300F0C2
:10CE400072F99449088000F06EF90646F6F7F1FA97
:10CE5000914908600846006800B970BD8E480068B6
:10CE600000F066F98B4801888B48006800F01DFBD4
:10CE700020B989480068F6F7CCFA04E086480068D3
:10CE8000F6F7C7FAE9E700BFE7E710B500F046FAA2
:10CE900000F049FB00B910BD03F018FD20B90020D7
:10CEA0007E4981F88000F6E7FDF776FFFDF795FDF6
:10CEB00000BFF0E72DE9F04100240025002600BF67
:10CEC000002700F012FA08B9BDE8F081FFF7B1FFC2
:10CED00003F0FCFC00B9F7E77148007830B1012895
:10CEE0000FD0022832D003280AD1B4E004F001FDAB
:10CEF0006C4908600846006810B101206849087054
:10CF0000B8E06848006801F00EFB67490860084611
:10CF10000068B8B15B4948396348006801F09DFD7D
:10CF2000624908600846006818B903205C49087027
:10CF3000CAE75E480068808A5D4908800220584937
:10CF4000087002E003205649087093E058480088B2
:10CF500040F25A42811A904247D011DC40F2EE3240
:10CF6000A0EB0201904228D005DCA0F2EA30A0B18B
:10CF700002286AD119E0022927D0682965D12CE05E
:10CF800006294AD004DC022937D004295DD13CE0CF
:10CF900008294AD00C2958D14FE043480068FEF7D1
:10CFA0007FF803203E49087053E03F480068FEF7D1
:10CFB00089F903203A4908704BE03B480068FEF7C6
:10CFC000E2FA03203649087043E037480068FEF76C
:10CFD00085FC0320324908703BE033480068FEF7C7
:10CFE000E9FD03202E49087033E02F480068FEF762
:10CFF00029FF03202A4908702BE02B480068FFF71F
:10D00000C1F803202649087023E027480068FFF78D
:10D010003FFA0320224908701BE023480068FFF70D
:10D020005DFB03201E49087013E01F480068FFF7EE
:10D03000FBFC03201A4908700BE01B480068FFF74F
:10D04000AEFE03201649087003E00320144908705F
:10D0500000BF00BF0EE01448006818B11248006815
:10D0600000F0DCFB0F480068F6F7D3F900200C490C
:10D07000087000BF00BF00BF26E70000A408002022
:10D08000A0080020A8AE0008C406002064617465F2
:10D0900000000000A8080020AC08002088A500209F
:10D0A000B0080020B4080020B8080020C008002004
:10D0B000B208002008B501211020F4F755FA02202B
:10D0C000ADF8000010208DF8030003208DF8020059
:10D0D00069464148F3F726FF02213F48F3F7D1FFA5
:10D0E00008BD10B5FFF7E6FF0220FBF7C9FE10BD33
:10D0F00070B504460D46AAB221460220FBF744FF54
:10D1000070BD70B505460E46144631462846FFF7F9
:10D11000EFFF00BF0220FBF701FF18B12000A4F1D0
:10D120000104F7D170BD10B50220FBF7C9FE10BD98
:10D1300010B5044621460220FBF7FEFE10BD2DE986
:10D14000F04106460F4614462448007810B10128E5
:10D150003FD10FE022480460304607F0E6FE054666
:10D1600029463046FFF7C4FF01201C490870002003
:10D17000BDE8F081FFF7D7FFD8B1FFF7D4FF8046B5
:10D18000F6F757F9054695B12846FFF7D1FF00207D
:10D19000124908703946284607F091FE20B128460A
:10D1A000F6F737F9FF20E3E72846F6F732F90020D3
:10D1B000DEE70B48006828B109480068401E0849AE
:10D1C000086004E0002005490870EE20D0E7002048
:10D1D000CEE700BF00BFCBE700100140CC08002025
:10D1E000D00800200120FE494870FE490870002048
:10D1F0004880FB4800784870704710B5F9480078BF
:10D2000000B910BDF74840881E2809DAF548408863
:10D21000401CF44948800221F348F3F732FF11E043
:10D22000F04840883C2809DAEE484088401CED4927
:10D2300048800221EC48F3F722FF03E00020E9498F
:10D240004880087000BFDCE7E5480078704710B5FB
:10D25000FFF747FFE549E248C16000218172E449D8
:10D260000161E4494161E449C161E4490162E44981
:10D2700081610020DA4908720121D948C172E1496F
:10D280008162E1494162E149C162E1494163E149A9
:10D290000163E149816340F2DC51A0F84010DF49AD
:10D2A000C163DF498164002180F84610DD49C16413
:10D2B000DD490165DD498165DD49C165DD494165BE
:10D2C000002180F84410022180F8471000214166B7
:10D2D000016681660167C166D74941674FF47A717B
:10D2E000A0F87C10D549816710BDBD48407804285E
:10D2F00001DB012070470020FCE710B5B84A11702F
:10D30000507001231278C2EB0214B54A083202EBC6
:10D31000840253700122B24B9A7010BD70B5002583
:10D32000AF484078052829D2DFE800F0032941887A
:10D33000B200AB480078C0EB0011A948083010F8E3
:10D340002100D8B9A6480078C0EB0011A4480830E5
:10D3500000EB8100006950B1A1490978C1EB0112CD
:10D360009F49083101EB8201086980470546FF2D7E
:10D3700004D101209A4948700020888093E09848A1
:10D3800081880078C0EB00129548083000EB8200DD
:10D39000008F814205DA92488088401C904988803D
:10D3A00004E000208E498880022048707BE0002441
:10D3B0008B480078C0EB00118948083000EB8100F1
:10D3C0004078B0BB86480078C0EB00118448083034
:10D3D00000EB8100C06850B181490978C1EB0112AE
:10D3E0007F49083101EB8201C86880470446FF2C61
:10D3F0000FD101207A4988700320487001217848B4
:10D400000078C0EB00127648083000EB82004170D3
:10D4100013E0EE2C11D100207149487008460078C5
:10D42000401C087008460078022806D100200870C9
:10D4300003E0FFE703206A49487034E000246848AD
:10D440000078C0EB00116648083000EB810080785E
:10D45000D0B963480078C0EB00116148083000EB98
:10D460008100806850B15E490978C1EB01125C49C6
:10D47000083101EB8201886880470446FF2C06D101
:10D4800004205749487002E00420554948700AE0DA
:10D4900053490978C1EB01125149083101EB82016E
:10D4A0004868804700BF00BF70BD70B504460D4698
:10D4B0004B488078B0B14A480078C0EB001148482A
:10D4C000083000EB8100406960B145480078C0EB4E
:10D4D00000114348083000EB81002946426920468C
:10D4E000904770BD0020FCE770B504460D463C48EF
:10D4F0008078B0B13A480078C0EB00113848083065
:10D5000000EB8100806960B135480078C0EB001104
:10D510003348083000EB8100294682692046904755
:10D5200070BD0020FCE72E488078704710B52C486D
:10D530000078C0EB00112A48083000EB8100006B36
:10D5400050B127490978C1EB01122549083101EB97
:10D550008201086B804710BD0020FCE710B5204811
:10D560000078C0EB00111E48083000EB8100C06954
:10D5700050B11B490978C1EB01121949083101EB7F
:10D580008201C869804710BD0020FCE710B514482F
:10D590000078C0EB00111248083000EB8100406BAE
:10D5A00050B10F490978C1EB01120D49083101EB67
:10D5B0008201486B804710BD0020FCE710B5084889
:10D5C0000078C0EB00110648083000EB8100006ACB
:10D5D000B0B303490978C1EB01120149083130E0C9
:10D5E00070A70020D408002000100140FDA500080D
:10D5F000CD95000845950008B39D00085FA100087F
:10D60000DD9400082F9C0008259C0008339C00082E
:10D61000379C0008819C0008079E0008299C000890
:10D62000FB030108B3F70008DFF9000867FA0008F8
:10D63000C1FD00084BF70008B9FB0008C9F6000857
:10D6400004E001EB8201086A804710BD0020FCE77E
:10D6500010B523480078C0EB00112148083000EBDA
:10D660008100406A50B11E490978C1EB01121C4982
:10D67000083101EB8201486A804710BD0020FCE7B9
:10D6800010B517480078C0EB00111548083000EBC2
:10D690008100C06A50B112490978C1EB01121049EA
:10D6A000083101EB8201C86A804710BD0020FCE709
:10D6B00010B50B480078C0EB00110948083000EBAA
:10D6C0008100806A50B106490978C1EB0112044912
:10D6D000083101EB8201886A804710BD0020FCE719
:10D6E00070A70020F7480068F64949680844704769
:10D6F000014609B900207047087B102801D101209C
:10D70000F9E70020F7E700B502461046FFF7F0FF03
:10D7100008B9002000BD1069FCE708B507200346E2
:10D720000122E9A10090EB4807F034FAE94808BD6E
:10D7300070B504460D4604B10DB9012070BDAC4270
:10D7400001D10020FAE705E0207808B90020F5E7CC
:10D75000641C6D1C207807F010FA0646287807F044
:10D760000CFA8642F0D0207807F007FA06462878AF
:10D7700007F003FA301AE1E72DE9F04104460D46BF
:10D780000026002714B90020BDE8F081204607F0EC
:10D79000CCFB461C30462968884707460FB9002055
:10D7A000F2E732462146384607F035FC3846EBE7CB
:10D7B00038B9C949C94A1160C9495160C94991601C
:10D7C0007047C549C54A1160016809B10168116017
:10D7D000C349C24A5160416809B1416851600021A2
:10D7E000BE4A916011460968BB4A914207D1BB49C4
:10D7F0004968BB4A914202D1BA49B84A916000BF18
:10D80000DEE770B5044628202168884705461DB12B
:10D810002821284607F098FC284670BD70B50446BC
:10D82000002522E02568A08900F4807020B9A06856
:10D8300010B1A068FFF7F2FFA08900F4807028B94A
:10D84000206918B1A54A206951688847A08900F469
:10D85000007028B9206A18B1A04A206A5168884728
:10D860009E484168204688472C46002CDAD170BD7E
:10D870002E2070472DE9F04391B080460C4600BF42
:10D8800000201090FFF7F4FF814600250CB12068BE
:10D8900018B9002011B0BDE8F08300253CE0A16874
:10D8A00020680844405D342820D00ADCA0F12B0019
:10D8B00009282ED2DFE800F0202D212A2D16171876
:10D8C0001900382816D006DC352810D036280FD09D
:10D8D00037281ED10DE039280DD045280FD06528F6
:10D8E00017D10BE000BF00BF00BF00BF00BF00BFEB
:10D8F00000BF00BF00BF00BF00BF00BF00BFA168E6
:10D9000020680844405D0DF8050003E00DF805901F
:10D9100000E00AE000BF6D1C3F2D05D224B1A068D5
:10D92000284461688842BAD300BF00200DF8050082
:10D9300010A9684609F064FD06460F46684610992E
:10D94000884201D10020A5E7C8E90667664A674B0F
:10D95000304639460AF02AF904D86FF00040C8F87A
:10D96000140011E00022624B3046394609F0E4FF12
:10D9700004D84FF00040C8F8140005E0304639469E
:10D9800009F052FFC8F814000820C8F80C00A0687D
:10D990006A461099891A0844A06001207AE770B598
:10D9A000064614461D46504A504B204629460AF06A
:10D9B000FDF803D86FF0004070610FE000224C4B7F
:10D9C0002046294609F0B8FF03D84FF000407061A7
:10D9D00004E02046294609F027FF706120462946C9
:10D9E000C6E9064570BD2DE9F04104460D46002606
:10D9F00000270CB1206810B90020BDE8F0816068F4
:10DA000028B1D4E90110884201D30020F5E7B5F12F
:10DA1000004F01D30020F0E7A068401C0544606877
:10DA2000A84203D3A16820680844E6E7206908B14A
:10DA30000020E2E7B5F1804F07D3B5F1004F02D2E5
:10DA40006FF0004702E00020D7E76F00206A60B166
:10DA50003946226A206890470646E6B9E16920689F
:10DA60008847002060602060C7E73846A169884782
:10DA7000064636B9E169206888470020606020606A
:10DA8000BBE72EB1A068421C3046216807F0C3FAFC
:10DA9000E1692068884767602660A0683044ACE789
:10DAA00070B5044600250CB1206800B970BDA168AE
:10DAB00020684518284607F038FAA1680844A06095
:10DAC00000BFF3E7D808002025692E25692E2569B7
:10DAD00000000000F0A70020174A0108E00800201D
:10DAE000754A0108C34A01080000C0FFFFFFDF417B
:10DAF0000000E0C12DE9F04F8BB082460D464FF09B
:10DB00000009DAE9067800260024FFF7B1FE834613
:10DB10001DB900200BB0BDE8F08F00221346384637
:10DB2000414609F045FF00221346CDE9000109F006
:10DB30003FFE05D0F9A104A807F02CF806461BE02B
:10DB40003A464346F7A104A807F024F8064602AA7D
:10DB5000F6A104A807F088F9012806D13A46434601
:10DB6000DDE9020109F024FE06D03A464346F0A161
:10DB700004A807F00FF80646002E01DB192E01DD80
:10DB80000020C7E7711C2846FFF72DFF8146B9F139
:10DB9000000F01D10020BDE700240DE004A8005DC6
:10DBA000584503D12E2009F8040004E004A8005DC4
:10DBB00009F8040000BF641CB442EFD3002009F848
:10DBC0000400A8683044A8600120A3E702460023AF
:10DBD000002100BF23E0505C302806DB505C392870
:10DBE00003DC505C3038034415E0505C412806DB10
:10DBF000505C462803DC505C373803440BE0505C33
:10DC0000612806DB505C662803DC505C573803440F
:10DC100001E000207047032900D21B01491C0429A0
:10DC2000D9D31846F6E72DE9FF5F804689461546A9
:10DC300000240026C24600200390834602900190F3
:10DC4000A9EB0A00062800DA81E00AF10200FFF7DA
:10DC5000BDFF0646B6F55C4F03D3B6F5604F00D264
:10DC600075E0B6F5584F29D3B6F55C4F26D20AF1C8
:10DC70000607002000900C200290A9EB0700062860
:10DC800000DA64E038785C2802D17878752800D012
:10DC90005DE0B81CFFF79AFF00900098B0F55C4F6C
:10DCA00003D30098B0F5604F00D350E0C6F30901EC
:10DCB000009861F39F2000F5803402E00620029076
:10DCC0003446802C02D20120039018E0B4F5006F96
:10DCD00004D202200390C020019010E0B4F5803FF0
:10DCE00004D203200390E020019008E0B4F5881FDF
:10DCF00004D204200390F020019000E027E0039874
:10DD0000401E00F0FF0B0BE004F0BF0040F080006D
:10DD1000296801F80B00A409ABF1010000F0FF0B2A
:10DD2000BBF1000FF0DC0398012804DD01982043CB
:10DD30002968087003E004F07F00296808702968EA
:10DD4000039808442860029804B0BDE8F09F0020C2
:10DD5000FAE72DE9F84F80460C46A1682068084490
:10DD6000461CA16820680844451C0020009000273C
:10DD7000A1682068405C222800D0A6E04FF0000A8D
:10DD8000D1460DE028785C2809D1681C2168401A2A
:10DD90006168884200D398E009F101096D1C6D1C8F
:10DDA0002068281A6168884202D228782228E9D19E
:10DDB0002068281A6168884202D22878222800D078
:10DDC00083E0A16820680844281AA0EB090A0AF138
:10DDD000010021698847074607B976E0009761E0AE
:10DDE00030785C2807D016F8010B0099087000986D
:10DDF000401C009056E04FF00209A81B012800DAF1
:10DE000063E07078662819D008DC222832D02F28E9
:10DE100032D05C282FD0622840D108E06E2814D080
:10DE2000722819D074281ED0752837D12BE008200D
:10DE3000009908700098401C009030E00C20009978
:10DE400008700098401C009029E00A200099087092
:10DE50000098401C009022E00D2000990870009866
:10DE6000401C00901BE00920009908700098401C9D
:10DE7000009014E000BF00BF70780099087000980F
:10DE8000401C00900BE06A4629463046FFF7CBFE67
:10DE90008146B9F1000F00D117E000E015E000BFA6
:10DEA0004E4400BFAE429BD3002000990870102062
:10DEB000C8F80C00C8F810702068281AA060A06884
:10DEC000401CA0600120BDE8F88F17B13846616999
:10DED000884716B12068301AA0600020F3E72DE9CA
:10DEE000F04707468A46002400260025A046A146A2
:10DEF000BAF1000F02D10020BDE8F087F7B9032185
:10DF00005046FFF770FD06460EB90020F4E70AA15F
:10DF1000304606F0E6FF0120EEE700006E756C6CFF
:10DF20000000000025312E3135670000256C6700A8
:10DF300025312E3137670000222200003C4622E0C6
:10DF400020780C2811D006DC08280DD009280FD025
:10DF50000A2810D10AE00D2809D0222802D05C2816
:10DF600009D100E000BF00BF00BF00BF00BF00BF7D
:10DF700009F1010905E02078202801DA09F10509F5
:10DF800000BF00BF641C20780028D9D1E01B00EB43
:10DF9000090808F103015046FFF725FD06460EB9B2
:10DFA0000020A9E7B9F1000F0FD1222030704246BE
:10DFB0003946701C07F02FF8222108F10100315476
:10DFC0000021401C3154012096E722203070751C3E
:10DFD0003C463DE020781F2808DD2078222805D027
:10DFE00020785C2802D0207828702FE05C2005F88B
:10DFF000010B20780C2815D006DC08280FD0092842
:10E0000019D00A281AD110E00D2811D0222803D0E7
:10E010005C2813D1287018E02220287015E06220B7
:10E02000287012E0662028700FE06E2028700CE047
:10E030007220287009E07420287006E02278F7A189
:10E04000284606F0A7FD2D1D00BF00BF641C6D1CF7
:10E0500020780028BED1222108F10100315400218E
:10E06000401C3154012047E770B504460D4629464F
:10E070002069FFF734FF70BD014609B1086808B98F
:10E080000020704702E08868401C886041B1D1E9F7
:10E090000120904204D28A680868805C2028F2DD62
:10E0A000D1E90120904202D18868401E886008466C
:10E0B000E7E710B504461CB1206808B1A06808B1B4
:10E0C000002010BD7CB1A068001D616888420AD2A2
:10E0D000A268216888180322D2A106F045FF10B972
:10E0E000A068C01CA0602046EBE72DE9F041804607
:10E0F0000C4600270025E068B0F57A7F02D30020A7
:10E10000BDE8F081E068401CE06044B1D4E9011052
:10E11000884204D2A1682068405C7B2800D07BE064
:10E12000A068401CA0602046FFF7A6FF4CB1D4E9D0
:10E130000110884205D2A1682068405C7D2800D18A
:10E140005DE01CB1D4E90110884203D3A068401EF1
:10E15000A06061E0A068401EA06000BF04F1100054
:10E16000FFF74FFB064606B956E017B93746354666
:10E1700002E02E6075603546A068401CA060204615
:10E18000FFF77AFF21462846FFF7E3FD00B943E099
:10E190002046FFF771FF286928620020286144B1FA
:10E1A000D4E90110884204D2A1682068405C3A2872
:10E1B00000D031E0A068401CA0602046FFF75CFF63
:10E1C0002146284600F0A8F800B925E02046FFF7D0
:10E1D00053FF44B1D4E90110884204D2A1682068F9
:10E1E000405C2C28BAD044B1D4E90110884204D252
:10E1F000A1682068405C7D2800D00DE000BFE06889
:10E20000401EE0604020C8F80C00C8F80870A06804
:10E21000401CA060012073E717B13846FFF7FEFAF3
:10E2200000206DE72DE9F04107460C460026B04678
:10E23000E068B0F57A7F02D30020BDE8F081E068A5
:10E24000401CE060A1682068405C5B2800D05DE075
:10E25000A068401CA0602046FFF70EFF4CB1D4E937
:10E260000110884205D2A1682068405C5D2800D179
:10E2700041E01CB1D4E90110884203D3A068401EDC
:10E28000A06043E0A068401EA06000BF04F1100041
:10E29000FFF7B7FA054605B938E016B92E46A84685
:10E2A00004E0C8F80050C5F80480A846A068401CE7
:10E2B000A0602046FFF7E0FE2146404600F02CF823
:10E2C00000B923E02046FFF7D7FE44B1D4E901109E
:10E2D000884204D2A1682068405C2C28D6D044B182
:10E2E000D4E90110884204D2A1682068405C5D280E
:10E2F00000D00BE000BFE068401EE0602020F86026
:10E30000BE60A068401CA060012096E716B13046B0
:10E31000FFF784FA002090E770B505460C460CB173
:10E32000206808B9002070BDA4B1A068001D616814
:10E3300088420FD8A268216888180422AFF22441CD
:10E3400006F012FE30B90420E860A068001DA0604D
:10E350000120E8E79CB1A068401D616888420ED8A2
:10E36000A2682168881805222FA106F0FDFD30B9AA
:10E370000120E860A068401DA0600120D3E7ACB197
:10E38000A068001D6168884210D8A26821688818BA
:10E39000042227A106F0E8FD40B90220E860012030
:10E3A0006861A068001DA0600120BCE76CB1D4E9E1
:10E3B0000110884209D2A1682068405C222804D15B
:10E3C00021462846FFF7C5FCADE7BCB1D4E90110F2
:10E3D000884213D2A1682068405C2D2809D0A1682A
:10E3E0002068405C302809DBA1682068405C39283F
:10E3F00004DC21462846FFF73DFA94E7E4B1D4E96E
:10E400000110884218D2A1682068405C5B2813D1B3
:10E4100021462846FFF706FF85E7000075253034C2
:10E4200078000000EFBBBF0066616C736500000000
:10E4300074727565000000006CB1D4E90110884267
:10E4400009D2A1682068405C7B2804D12146284677
:10E45000FFF74BFE67E7002065E72DE9F04389B041
:10E4600004460D4617461C2102A806F06DFE002644
:10E470000020F7490860486004B934E0029420465F
:10E4800006F053FD401C039000200490F14A07CA97
:10E4900006AB07C3EF48FFF7B4F9064606B922E01A
:10E4A00002A8FFF706FE8146FFF7E6FD80464146DB
:10E4B0003046FFF731FF00B915E05FB102A8FFF762
:10E4C000DBFDDDE90310884203D204990298405C29
:10E4D00000B108E01DB10499029808442860304654
:10E4E00009B0BDE8F08316B13046FFF797F9C4B123
:10E4F000009400200190DDE90310884202D20498C4
:10E50000019004E0039810B10398401E01901DB1E2
:10E51000DDE9000108442860CD48DDE9001206C0AD
:10E5200000BF0020DCE710B504460022114620465B
:10E53000FFF793FF10BD2DE9F04781460C460025FB
:10E540000026D9F8087014B90020BDE8F08760698A
:10E5500008B1022000E001200646711C2046FFF7AA
:10E5600042FA05460DB90020EFE77B2005F8010BC4
:10E57000E068401CE060606910B10A2005F8010BFA
:10E58000A0683044A06069E06069B8B12046E168E5
:10E59000FFF729FA05460DB90020D6E74FF000082D
:10E5A00004E0092005F8010B08F10108E068404586
:10E5B000F7D8D4E902010844A06000BF2146386AB8
:10E5C000FFF78DFC08B90020BFE72046FFF768FA87
:10E5D000606908B1022000E001200646314620466D
:10E5E000FFF701FA05460DB90020AEE73A2005F81D
:10E5F000010B606910B1092005F8010BA0683044D7
:10E60000A0602146384600F0A9F808B900209CE730
:10E610002046FFF745FA606908B1012000E00020BC
:10E62000396809B1012100E000214618711C20461B
:10E63000FFF7D9F905460DB9002086E7386810B113
:10E640002C2005F8010B606910B10A2005F8010BB8
:10E6500000202870A0683044A0603F68002F93D14C
:10E66000606910B1E068401C00E0022001462046CD
:10E67000FFF7B9F905460DB9002066E7606950B1AA
:10E68000002003E0092105F8011B401CE168491E38
:10E690008142F7D800BF7D2005F8010B00202870CB
:10E6A000E068401EE06001204FE72DE9F041074699
:10E6B0000C460025A846BE6814B90020BDE8F081CC
:10E6C00001212046FFF78FF905460DB90020F5E737
:10E6D0005B202870A068401CA060E068401CE060DF
:10E6E00028E02146304600F039F808B90020E5E777
:10E6F0002046FFF7D5F93068D8B1606908B102202B
:10E7000000E00120804608F101012046FFF76BF987
:10E7100005460DB90020D1E72C2005F8010B6069F2
:10E7200010B1202005F8010B00202870A06840449B
:10E73000A0603668002ED4D102212046FFF753F99D
:10E7400005460DB90020B9E75D2005F8010B002052
:10E750002870E068401EE0600120AFE72DE9F0413D
:10E7600004460E46002504B116B90020BDE8F0812C
:10E77000207B10285AD008DC01281CD0022829D080
:10E78000042809D0082860D133E0202853D040283D
:10E7900056D0802859D131E005213046FFF723F9C2
:10E7A00005460DB90020E1E7AFF69001284606F0D6
:10E7B00098FB0120DAE706213046FFF714F90546F9
:10E7C0000DB90020D2E7AFF2A031284606F089FB50
:10E7D0000120CBE705213046FFF705F905460DB9C5
:10E7E0000020C3E7AFF2B831284606F07AFB0120DB
:10E7F000BCE731462046FFF77DF9B7E700272069DF
:10E8000008B90020B2E7206906F08FFB471C3946A3
:10E810003046FFF7E8F805460DB90020A6E73A466E
:10E820002846216906F0F7FB01209FE73146204684
:10E83000FFF71AFC9AE731462046FFF736FF95E7C7
:10E8400031462046FFF777FE90E700208EE7000074
:10E85000D8080020E0080020F0B589B007460E4631
:10E86000144600252421684606F06EFC4FF48070A3
:10E870002168884700904FF480700190059694E8D5
:10E88000070006AB07C3009800B933E06946384675
:10E89000FFF764FF00B92DE06846FFF701F9A068B3
:10E8A00050B1029B591C0098A2689047054605B9D3
:10E8B00020E0002000901AE0029A501C216888474E
:10E8C000054605B916E0DDE90130401C834201D25E
:10E8D000019801E00298401C02462846009906F083
:10E8E0009AFB00200299685400986168884728467E
:10E8F00009B0F0BD009810B100986168884715B163
:10E900002846616888470020F2E710B50446F74AB8
:10E9100001212046FFF7A0FF10BD10B50446F34AC1
:10E9200000212046FFF798FF10BD70B58AB006465B
:10E930000C461546242101A806F006FC002C02DA3C
:10E9400000200AB070BDE948016820468847019060
:10E95000019808B90020F4E7029400200390059084
:10E960000695E24A07CA07AB07C301A93046FFF77D
:10E97000F5FE28B9DD4A0198516888470020E0E794
:10E980000198DEE7F0B589B007460C4615461E46ED
:10E990002421684606F0D8FB002D00DB14B90020C6
:10E9A00009B0F0BD00940195002002900120049070
:10E9B0000596CE4A07CA06AB07C369463846FFF735
:10E9C000CDFEEDE701460022002309B90020704783
:10E9D0008A6801E05B1C1268002AFBD11846F6E742
:10E9E00002460B4600210AB900207047916801E0F9
:10E9F0005B1E096809B1002BFAD10846F5E770B52E
:10EA000005460C46002C01DA002070BD2146284640
:10EA1000FFF7E6FFF9E72DE9F04105460E461746F8
:10EA2000002405B116B90020BDE8F081AC684FB1F3
:10EA300000E024687CB13046216A06F0ADFB002876
:10EA4000F7D108E000E024682CB13046216AFEF7D7
:10EA50006FFE0028F7D12046E6E770B504460D4664
:10EA6000002229462046FFF7D6FF70BD70B5044648
:10EA70000D46012229462046FFF7CDFF70BD70B537
:10EA800004460D4629462046FFF7E7FF08B101205E
:10EA900070BD0020FCE701604860704770B5054616
:10EAA0000E4600240DB9002070BD3046FEF7A9FEC9
:10EAB00004460CB90020F7E728222946204606F034
:10EAC000EFFA00202062E06840F48070E0600020EF
:10EAD000606020602046E7E770B504460E460025DA
:10EAE00006B10CB9002070BDA5680DB9A66008E09C
:10EAF00000E02D6828680028FBD131462846FFF742
:10EB0000CAFF0120EFE770B504460D4629462046AE
:10EB1000FFF7E2FF70BD70472DE9F04707460D464D
:10EB200014461E46DDF820904FF00008C2460FB193
:10EB300005B114B90020BDE8F087B9F1000F07D086
:10EB40002846FFF7E8FF8046E06840F4007A0CE0D2
:10EB500031462846FEF710FE8046B8F1000F01D17D
:10EB60000020E8E7E06820F4007AA08900F4007053
:10EB700020B9206A10B1206A71688847C4F82080E3
:10EB8000C4F80CA021463846FFF7A6FFD3E7F8B536
:10EB900004460D4616460020544B32462946009046
:10EBA0002046FFF7B9FFF8BDF8B504460D461646F6
:10EBB00001204E4B3246294600902046FFF7ACFF1D
:10EBC000F8BD70B504460D4604B970BD47492846E6
:10EBD000FFF764FF064631462046FFF77DFF00BF82
:10EBE000F3E7F8B504460D46164604B105B9F8BD7D
:10EBF0003E493046FFF752FF074600203B4B3A465E
:10EC0000294600902046FFF787FF00BFEFE710B5C9
:10EC10003648FEF7F6FD04460CB10420E0602046BD
:10EC200010BDF8B504460D46FFF7F1FF064600207B
:10EC30002E4B3246294600902046FFF76DFF08B163
:10EC40003046F8BD3046FEF7E9FD0020F9E710B583
:10EC50002648FEF7D6FD04460CB10220E0602046AF
:10EC600010BDF8B504460D46FFF7F1FF064600203B
:10EC70001E4B3246294600902046FFF74DFF08B153
:10EC80003046F8BD3046FEF7C9FD0020F9E710B563
:10EC90001648FEF7B6FD04460CB10120E0602046A0
:10ECA00010BDF8B504460D46FFF7F1FF06460020FB
:10ECB0000E4B3246294600902046FFF72DFF08B143
:10ECC0003046F8BD3046FEF7A9FD0020F9E770B5E3
:10ECD00005460648FEF795FD044624B10DB1022015
:10ECE00000E00120E060204670BD0000E008002048
:10ECF000F8B505460E4614462046FFF7E8FF0746DE
:10ED00000020F74B3A46314600902846FFF704FFB3
:10ED100008B13846F8BD3846FEF780FD0020F9E717
:10ED200070B505460E46EE48FEF76BFD0446F4B19D
:10ED30000820E060C4E90656EA4AEB4B2846314613
:10ED400008F034FF03D86FF0004060610FE000224C
:10ED5000E64B2846314608F0EFFD03D84FF000405F
:10ED6000606104E02846314608F05EFD606120469F
:10ED700070BD2DE9F84306460F4614461D46204651
:10ED80002946FFF7CDFF80460020D54B4246394645
:10ED900000903046FFF7C0FE10B14046BDE8F88352
:10EDA0004046FEF73BFD0020F8E770B50546CC482D
:10EDB000FEF727FD04466CB11020E060C8492846E4
:10EDC000FEF7DAFC2061206920B92046FEF726FD17
:10EDD000002070BD2046FCE7F8B505460E461446F7
:10EDE0002046FFF7E2FF07460020BD4B3A4631467A
:10EDF00000902846FFF790FE08B13846F8BD384627
:10EE0000FEF70CFD0020F9E770B50546B448FEF7A3
:10EE1000F8FC04466CB18020E060B1492846FEF75A
:10EE2000ABFC2061206920B92046FEF7F7FC0020EA
:10EE300070BD2046FCE7F8B505460E461446204650
:10EE4000FFF7E2FF07460020A54B3A463146009007
:10EE50002846FFF761FE08B13846F8BD3846FEF790
:10EE6000DDFC0020F9E710B59D48FEF7CAFC04461A
:10EE70000CB14020E060204610BDF8B504460D46B8
:10EE8000FFF7F1FF06460020954B324629460090D9
:10EE90002046FFF741FE08B13046F8BD3046FEF788
:10EEA000BDFC0020F9E710B58D48FEF7AAFC04462A
:10EEB0000CB12020E060204610BDF8B504460D4698
:10EEC000FFF7F1FF06460020854B324629460090A9
:10EED0002046FFF721FE08B13046F8BD3046FEF768
:10EEE0009DFC0020F9E7024602B109B900207047F5
:10EEF000486810B1D1E900031860086810B1D1E981
:10EF0000003058609068884201D108689060002005
:10EF1000486008600846EAE770B505460C46002CD4
:10EF200001DA002070BD21462846FFF759FD06464C
:10EF300031462846FFF7D7FFF4E770B504460D4683
:10EF400029462046FFF7E8FF0646FEF767FC70BD3E
:10EF500070B504460D4629462046FFF77EFD06465D
:10EF600031462046FFF7BFFF70BD70B504460D4621
:10EF700029462046FFF77AFD064631462046FFF730
:10EF8000B2FF70BD70B504460D4629462046FFF716
:10EF9000DFFF0646FEF742FC70BD70B504460D4625
:10EFA00029462046FFF7E1FF0646FEF737FC70BD15
:10EFB0002DE9F04106460F4614460025002F01DAE0
:10EFC000BDE8F08139463046FFF70AFD054625B910
:10EFD00021463046FFF780FDF2E7256068686060F3
:10EFE0006C60B068A84201D1B46001E06068046060
:10EFF00000BFE5E770B506460D4614460EB104B1F4
:10F000000DB9002070BDAC4201D10120FAE728689B
:10F01000206068686060206808B1206844606068AB
:10F0200008B160680460B068A84200D1B4600020F4
:10F03000286068602846FEF7F1FB0120E2E72DE931
:10F04000F04105460C461646002C01DABDE8F08179
:10F0500021462846FFF7C4FC074632463946284673
:10F06000FFF7C8FF00BFF1E710B504461C48416830
:10F070002046884710BD2DE9F04107460D4614464D
:10F080001E4604B115B90020BDE8F081A08900F446
:10F09000007020B9206A10B1206AFFF7E5FF10491F
:10F0A0002846FEF769FB2062E06820F40070E0600B
:10F0B000324629463846FFF7AEFC80462246414696
:10F0C0003846FFF797FF0120DEE770B504460D468E
:10F0D00016460023324629462046FFF7CCFF70BD76
:10F0E000E00800200000C0FFFFFFDF410000E0C19A
:10F0F00070B504460D461646012332462946204681
:10F10000FFF7B9FF70BD70B50546F748FEF779FB0C
:10F11000044634B14FF48870E0602846FFF7FBFCEA
:10F120002061204670BD70B50546EF48FEF769FBCB
:10F13000044634B14FF4A070E0602846FFF7EBFCC2
:10F14000A060204670BD70B50546E748FEF759FB44
:10F15000044634B14FF49070E0602846FFF7DBFCC2
:10F16000A060204670BD2DE9F05F06468946002468
:10F170000025A346A246B9F1000F00DB16B9002016
:10F18000BDE8F09FFFF78FFE8246002417E056F897
:10F19000240008F0A6FB0746FFF7C2FD054625B987
:10F1A0005046FEF73BFB0020EAE714B9CAF80850C6
:10F1B00003E029465846FFF76EFCAB46641CBAF1E3
:10F1C000000F01D04C45E2D35046D9E72DE9F05F5E
:10F1D0000646894600240025A346A246B9F1000F41
:10F1E00000DB16B90020BDE8F09FFFF75CFE824609
:10F1F000002417E056F8240008F00EFD0746FFF73C
:10F200008FFD054625B95046FEF708FB0020EAE7CA
:10F2100014B9CAF8085003E029465846FFF73BFCEA
:10F22000AB46641CBAF1000F01D04C45E2D3504606
:10F23000D9E72DE9F04706460F4600240025A146F0
:10F24000A046002F00DB16B90020BDE8F087FFF7CD
:10F250002AFE8046002417E006EBC400D0E9002116
:10F260001046FFF75DFD054625B94046FEF7D6FA84
:10F270000020EAE714B9C8F8085003E029464846D8
:10F28000FFF709FCA946641CB8F1000F01D0BC428D
:10F29000E2D34046D9E72DE9F04706460F46002461
:10F2A0000025A146A046002F00DB16B90020BDE8CE
:10F2B000F087FFF7F8FD8046002414E056F824009C
:10F2C000FFF773FD054625B94046FEF7A7FA002073
:10F2D000EDE714B9C8F8085003E029464846FFF79F
:10F2E000DAFBA946641CB8F1000F01D0BC42E5D39B
:10F2F0004046DCE72DE9F047044689460025002713
:10F30000A846002604B948E07748FEF77AFA054691
:10F3100005B942E0E06820F48070E86060696861E7
:10F32000D4E90601C5E90601206938B16E492069B2
:10F33000FEF722FA2861286900B92EE0206A68B138
:10F34000A08900F4007008B1206A03E06649206AD1
:10F35000FEF712FA2862286A00B91EE0B9F1000F20
:10F3600002D12846BDE8F087A76812E0012138469F
:10F37000FFF7C0FF064606B90FE0B8F1000F05D051
:10F38000C8F80060C6F80480B04601E0AE60B04640
:10F390003F68002FEAD12846E4E715B12846FEF77A
:10F3A0003DFA0020DEE7014600B9704755E00278DB
:10F3B000202A01D1401C50E00278092A01D1401CCA
:10F3C0004BE002780D2A01D1401C46E002780A2A5F
:10F3D00001D1401C41E002782F2A0BD142782F2A1C
:10F3E00008D100E0401C0278002A36D002780A2AB0
:10F3F00033D0F7E702782F2A0ED142782A2A0BD190
:10F4000000E0401C02782AB102782A2AF9D1427819
:10F410002F2AF6D1801C20E00278222A19D110F878
:10F42000012B01F8012B0AE002785C2A03D110F8C5
:10F43000012B01F8012B10F8012B01F8012B0278A8
:10F4400012B10278222AEFD110F8012B01F8012B1A
:10F4500003E010F8012B01F8012B0278002AA6D155
:10F460000A7000BFA1E7014609B900207047087B78
:10F4700008B90120FAE70020F8E7014609B90020A1
:10F480007047087B012800D1FAE70020F8E7014621
:10F4900009B900207047087B022801D10120F9E753
:10F4A0000020F7E7014609B900207047087B00F00B
:10F4B000030008B10120F8E70020F6E7014609B98A
:10F4C00000207047087B042801D10120F9E70020C3
:10F4D000F7E7014609B900207047087B082801D1E9
:10F4E0000120F9E70020F7E7E0080020014609B90C
:10F4F00000207047087B202801D10120F9E7002077
:10F50000F7E7014609B900207047087B402801D180
:10F510000120F9E70020F7E7014609B9002070470C
:10F52000087B802801D10120F9E70020F7E72DE9C9
:10F53000F0470446894692465CB1B9F1000F08D005
:10F54000207B99F80C10884203D12046FFF78BFFEF
:10F5500010B10020BDE8F087207B102814D008DC13
:10F5600001280DD002280CD004280BD008280FD178
:10F5700009E020280AD0402809D0802808D104E0DA
:10F5800000BF00BF00BF00BF00BF00BF00BF01E061
:10F590000020DFE700BF4C4501D10120DAE7207BE6
:10F5A000102821D008DC01280DD002280CD0042816
:10F5B0000BD008287DD10AE0202827D040283CD055
:10F5C000802876D111E000BF00BF0120C2E7D9E951
:10F5D00006532A46D4E90671384608F0E9F801D105
:10F5E0000120B7E70020B5E700BF206910B1D9F8C6
:10F5F000100008B90020ADE7D9F81010206905F017
:10F60000CBFD08B90120A5E70020A3E7A568D9F83C
:10F61000086009E0524631462846FFF788FF08B9DE
:10F62000002097E72D6836680DB1002EF2D1B54263
:10F6300001D000208EE701208CE7002500260CB1C8
:10F64000A06800E00020054611E052464846296ABD
:10F65000FFF7E1F906460EB900207BE75246314636
:10F660002846FFF764FF08B9002073E72D68002DD6
:10F67000EBD1B9F1000F02D0D9F8080000E000206A
:10F68000064612E052462046316AFFF7C4F90546A5
:10F6900015B900205EE70CE0524629463046FFF7D8
:10F6A00046FF08B9002055E73668002EEAD1012050
:10F6B00050E700204EE710B5044602480168204696
:10F6C000884710BDE0080020FB4800787047FF2005
:10F6D0007047FA48007830B101280DD002281AD0BE
:10F6E00003282FD11EE00020F5490880F549086065
:10F6F0000120F249087025E0F1480088401CF049DB
:10F70000088008460088C82804DD00200880022000
:10F71000EA49087016E00120EA4908600320E74939
:10F7200008700FE0E6480088401CE549088008465C
:10F730000088C82805DD00200880E0490870FF2007
:10F74000704700BF00BF0020FAE710B5DE48007820
:10F7500000281DD00020DC490870DC48F5F744FB88
:10F760006421DB4805F0F0FCDAA3DCA2DFA1D84875
:10F7700005F010FAE448F5F756FB6421E34805F07C
:10F78000E3FCE14B1033E04AE1A1E04805F002FA66
:10F79000FFF79FFF10B1FF20E3490870E2480078AF
:10F7A000FF2804D10020E0490870FF2010BD002090
:10F7B000FCE770B50024DD480078082879D2DFE83E
:10F7C00000F004113B4C7986B1C24FF40071D84867
:10F7D00005F098FC0D21D7A0FDF78AFC0120D34944
:10F7E0000870F9E0D7A1D24805F069FB40B10220CA
:10F7F000CE4908700020D4490880D44908701AE026
:10F80000D1480088401CD0490880084600886428F8
:10F8100011DD00200880C5490870CC480078401CE4
:10F82000CA49087008460078052804DD00200870E1
:10F83000EE20BE490870CFE04FF40071BC4805F0DF
:10F8400061FCB24805F071FB05462946AF48FDF75B
:10F850004FFC0320B5490870BEE0BDA1B44805F0D7
:10F860002EFB40B10420B14908700020B649088041
:10F87000B64908701CE0B4480088401CB2490880B2
:10F8800008460088B0F5FA7F12DD002008800220CB
:10F89000A6490870AD480078401CAC49087008467D
:10F8A0000078032804DD00200870EE209F490870CE
:10F8B00092E074E04FF400719D4805F023FC1421A0
:10F8C000A7A0FDF715FC05209849087084E09DA1CC
:10F8D000974805F0F4FA40B10620944908700020DA
:10F8E00099490880994908701BE097480088401C96
:10F8F0009549088008460088B0F5967F11DD002004
:10F90000088004208949087090480078401C8F497D
:10F91000087008460078032803DD0020087083493A
:10F92000087059E04FF40071814805F0EBFB68481E
:10F9300005F0FBFA054629466548FDF7D9FB072087
:10F940007A49087048E08CA1794805F0B8FA40B1CE
:10F950000020764908707C4908807C490870FF20A7
:10F9600070BD79480088401C7749088008460088A7
:10F97000B0F5FA7F12DD0020088006206B49087080
:10F9800072480078401C71490870084600780328C6
:10F9900004DD00200870EE20644908701CE07848FF
:10F9A000007820B1012806D0022813D10CE00120F4
:10F9B000734908700EE0FFF78CFE0446FF2C02D15D
:10F9C00002206F49087005E00020584908706C4912
:10F9D000087000BF00BF00BF00BF0020C0E710B527
:10F9E0006848007810B1012838D10CE04FF400715C
:10F9F0004F4805F087FB082163A0FDF779FB012044
:10FA0000604908702CE063A1494805F058FA40B1FC
:10FA100000205C4908706249088062490880FF2024
:10FA200010BD5F480088401C5D490880084600887A
:10FA3000642812DD00200880524908705948008867
:10FA4000401C5849088008460088052805DD00202C
:10FA500008804C490870EE20E2E701E0EE20DFE785
:10FA600000BF0020DCE72DE9F0410746884600246E
:10FA70004D480078D8B94DA12D4805F020FA04462C
:10FA8000A4B14CA1204605F01AFA451C47A128480C
:10FA900005F015FA04464CB1601D05F003FA86B274
:10FAA0003146284601F087FF00BF00BF00BF00BFFE
:10FAB0000020BDE8F0810000EC080020640900206F
:10FAC000620900208401224267090020ED0800201D
:10FAD00000A80020313138383300000033392E3986
:10FAE000362E31302E3235300000000041542B4389
:10FAF000495053544152543D22544350222C222504
:10FB000073222C25730D0A004109002064A80020EF
:10FB100041542B43574A41503D222573222C222524
:10FB200073220D0A00000000660900206809002009
:10FB300098A0002041542B43574D4F44453D310D73
:10FB40000A0000004F4B00006A09002069090020EC
:10FB50005749464920434F4E4E45435445440000C3
:10FB600041542B434950534E54504346473D312C4A
:10FB70002D380D0A00000000434F4E4E45435400FF
:10FB80006C0900206D09002041542B474D520D0A8D
:10FB90000000000057524F4F4D2D3332000000003F
:10FBA000700900206E090020720900202B49504482
:10FBB0002C0000003A0000000020704770B5064697
:10FBC0000D46FD4880680A2801D1002070BD4FF421
:10FBD0004370F3F72EFC04460CB90020F6E72581AC
:10FBE0002A46314604F10A00F3F73CFBF24800686C
:10FBF00050B9002060602060EF4804604460806875
:10FC0000401CED4988600DE000206060EA484068D3
:10FC10004460E94840682060E74844608068401CD0
:10FC2000E5498860FF20D1E7E348006808B9002073
:10FC30007047E14800680830FAE710B5DE48006810
:10FC400008B9002010BDDC4804680068406820B195
:10FC50000020D949096849680860D74800684068A9
:10FC6000D549086008468068401E88602046F3F742
:10FC7000D0FBFF20E6E710B5D048007800B910BDF2
:10FC8000CF480078032859D005DC48B1012813D0AB
:10FC9000022877D131E0042866D0EE28F9D183E03C
:10FCA000FFF7C2FFC74908600846006800B9E6E7E9
:10FCB0000120C349087080E04FF40071C24805F08C
:10FCC00021FA4FF40071C14805F01CFA4021C048E8
:10FCD00005F03AFABB4800680288BEA1BC4804F0AF
:10FCE00059FFBB4805F021F904462146B848FDF705
:10FCF000FFF90220B24908705FE0BAA1B24805F0EE
:10FD0000DEF840B10320AE4908700020B649087003
:10FD1000B649088011E0B5480088642805DAB34880
:10FD20000088401CB149088007E00020AF490880E6
:10FD3000AD4908700320A24908703EE04FF40071FD
:10FD4000A14805F0DFF94FF40071A04805F0DAF999
:10FD50009C48006801889B480068801CFDF7C8F932
:10FD600004209749087028E0A1A1974805F0A7F85A
:10FD700048B1EE209249087000209B4908709B49C9
:10FD8000088010E016E099480088642805DA974852
:10FD90000088401C9549088005E0002093490880B0
:10FDA000EE208749087008E0FFF747FF00208449EC
:10FDB000087000BF00BF00BF00BF00BF00BF5EE70C
:10FDC00070B504460D4629462046FFF7F7FEFF2092
:10FDD00070BD30B585B000248748006841F270716D
:10FDE000884205D284480068401C8349086091E23B
:10FDF0008248007830B1012814D0022872D003283C
:10FE000071D139E200206D4908704FF400716E48DD
:10FE100005F078F911217AA0FDF76AF901207749F8
:10FE2000087076E2AFF2E421674805F048F8002850
:10FE30007ED078A1644805F042F80446002C78D0C2
:10FE4000113478A1604805F03AF818B101208DF816
:10FE50000E0063E074A15C4805F031F818B102208F
:10FE60008DF80E005AE071A1574805F028F818B136
:10FE700003208DF80E0051E06DA1534805F01FF8E6
:10FE800018B104208DF80E0048E06AA14E4805F034
:10FE900016F818B105208DF80E003FE066A14A481B
:10FEA00005F00DF818B106208DF80E0036E063A1BC
:10FEB000454805F004F818B107208DF80E002DE034
:10FEC0005FA1414804F0FBFF18B108208DF80E0037
:10FED00024E05CA13C4804F0F2FF28B109208DF831
:10FEE0000E001BE0BBE113E258A1374804F0E7FF26
:10FEF00018B10A208DF80E0010E055A1324804F028
:10FF0000DEFF18B10B208DF80E0007E051A12E483E
:10FF100004F0D5FF10B10C208DF80E009DF80E00F6
:10FF20000C281BDD00204C4908803449087001E092
:10FF300074E16AE149480078401C48490870084665
:10FF40000078032808DD002008702C4908702A4931
:10FF5000086001201949087005B030BD241D617882
:10FF600030392278303A02EB820201EB4200C117AD
:10FF700000EBD1614911A0EB4111C9B28DF80F100E
:10FF80009DF80F001F286CDD0020334908801B49B5
:10FF9000087032480078401C3049087008460078E4
:10FFA000032808DD00200870144908701249086011
:10FFB000012002490870CFE7C8A80020610900208D
:10FFC000730900207809002098A00020988800205C
:10FFD000D4A8002041542B43495053454E443D255D
:10FFE000640D0A003E00000074090020760900201C
:10FFF00053454E44204F4B00800900207C090020CF
:020000040801F1
:1000000041542B434950534E545054494D453F0D94
:100010000A0000002B434950534E545054494D455B
:100020003A0000004A616E00466562004D61720050
:10003000417072004D6179004A756E004A756C001E
:100040004175670053657074000000004F637400D1
:100050004E6F7600446563007E0900207D09002014
:10006000FFE7E41C607830382178303901EB8101FA
:1000700000EB4100182190FBF1F201FB1200C0B22D
:100080008DF810009DF81000172817DD0020DF49BB
:100090000880DF490870DF480078401CDD4908709F
:1000A00008460078032808DD00200870D849087049
:1000B000D94908600120D94908704DE7E41C6078EF
:1000C00030382178303901EB810100EB41003C21CF
:1000D00090FBF1F201FB1200C0B28DF811009DF807
:1000E00011003B2817DD0020C8490880C849087066
:1000F000C8480078401CC7490870084600780328A3
:1001000008DD00200870C2490870C349086001205A
:10011000C249087020E7E41C607830382178303913
:1001200001EB810100EB41003C2190FBF1F201FB6E
:100130001200C0B28DF812009DF812003B2817DDA6
:100140000020B2490880B2490870B2480078401CCB
:10015000B049087008460078032808DD00200870C0
:10016000AB490870AC4908600120AC490870F3E65F
:10017000E41C607830382178303901EB810100EBE4
:100180004100642190FBF1F201FB120000F5FA60DE
:1001900080B2ADF80C00BDF80C0040F63301884287
:1001A00017DD00209949088099490870994800781E
:1001B000401C9849087008460078032808DD002094
:1001C00008709349087094490860012093490870A9
:1001D000C2E603A801F0F9FDBDF80C00642190FB14
:1001E000F1F201FB1200C5B29DF812009DF811104A
:1001F0009DF81020CDE9002102909DF80F209DF878
:100200000E100023284603F027F8022080490870CA
:1002100000207E4908807F4908701FE07B480088E5
:10022000401C7A49088008460088B0F5967F15DDA5
:10023000002008807649087076480078401C75498F
:10024000087008460078032808DD0020087070490F
:1002500008707149086001207049087059E04FF436
:1002600000716F4804F04EFF0B216EA0FCF740FFB9
:100270000320674908704CE0AFF23871684804F019
:100280001EFE18B36AA1664804F019FE044684B144
:1002900069A1634804F013FE044654B1241D20787C
:1002A000342803DD00206649087002E0012064491B
:1002B0000870002056490870544908805549087054
:1002C0005549086001205549087020E04F480088D2
:1002D000401C4E49088008460088B0F5967F16DD20
:1002E0000020088002204A4908704A480078401CD3
:1002F0004849087008460078032808DD0020087087
:10030000434908704449086001204449087000E0EE
:1003100000BF00BF00BF1FE610B5002449480068B9
:10032000B0F5FA7F05D247480068401C454908608F
:1003300062E04548007810B101285BD10FE0002051
:10034000364908704FF40071354804F0DBFE0B218C
:1003500034A0FCF7CDFE01203B4908704BE0AFF61E
:100360001C012F4804F0ABFD18B331A12C4804F058
:10037000A6FD044684B130A1294804F0A0FD04463E
:1003800054B1241D2078342803DD00202C49087046
:1003900002E001202A49087000202B4908702B49EF
:1003A00008802B4908702749086001201B49087004
:1003B0001FE026480088401C244908800846008821
:1003C000B0F5967F15DD002008801F490870204891
:1003D0000078401C1E49087008460078032808DD94
:1003E00000200870184908701649086001200B4960
:1003F000087000E000BF00BF10BD10B5FFF73BFC68
:10040000FCF773FF08B1FFF7E4FC10BD7E09002084
:100410007C0900207D09002080090020610900205E
:1004200098A0002041542B43574A41503F0D0A00E9
:100430002B43574A41503A002C312C2D000000002C
:10044000EC0800208809002084090020860900208B
:1004500085090020F748007A704770B50546F548D1
:10046000046808E0294604F10B0004F095FE08B981
:10047000204670BD6468002CF4D10020F9E770B507
:1004800005462846FFF7E9FF04460CB9002070BD79
:1004900004F10800FBE770B5054635B1288820B1A6
:1004A000A878022801DCE81C20B900BF00BF4FF08B
:1004B000FF3070BDDF48007A012804DB00BF00BFB9
:1004C0006FF00100F5E7E81CFFF7D9FF064626B1FB
:1004D000A878B0706FF00200EBE74C20F2F7A9FFAC
:1004E000044624B900BF00BF6FF00300E1E74422D7
:1004F000294604F10800F2F7B5FECE48006850B96D
:10050000002060602060CB4804604460007A401C9A
:10051000C84908720DE000206060C6484068446029
:10052000C44840682060C3484460007A401CC14908
:100530000872FF20BDE770B505462846FFF78DFF1E
:10054000044624B900BF00BF4FF0FF3070BDB9486A
:10055000007A01280AD1B7480068B649496888423C
:1005600004D10020B349086048601BE0B14800682E
:10057000A04206D1AF4960680860002009680860A1
:1005800010E0AC484068A04206D1AA492068486003
:1005900000204968486005E0D4E900104860D4E9CB
:1005A00000010860A348007A401EA2490872204654
:1005B000F2F72FFFFF20C9E770B50546002644205B
:1005C000F2F737FF04460CB9701E70BD27229AA1BE
:1005D000E01CF2F747FE1822294604F11200F2F758
:1005E00041FE272020800120A0702046FFF753FF06
:1005F0000646002E05DA2046F2F70BFF6FF00100E9
:10060000E3E7FF20E1E730B50346002014E0141AC9
:10061000641E0C5D8C4D05EB1414247803F8104017
:10062000141A641E0C5D04F00F042C5D012505EB0B
:1006300040055C55441CE0B29042E8DB30BD834885
:10064000D0E90020521C40F100008049C1E900209F
:1006500003C9704700B58FB014227DA10AA804F029
:100660001FFDFFF7ECFFCDE9080106A801F094FBA0
:10067000082208A90AA8FFF7C6FF00207949C88404
:100680004FF480717748283004F03CFD9DF81E003F
:100690009DF81D109DF81C209DF81B30CDE90232FD
:1006A000CDE904109DF81A00BDF818100AAB6E4A87
:1006B000CDE900106D49A2F5847004F06BFA694829
:1006C000283004F032FC6749C884FF200FB000BD19
:1006D00070B5054600243C20624908800846C07871
:1006E00020F00200801CC87004208870A1F8280146
:1006F00004225FA15C48801FF2F7B4FD182059491D
:10070000A1F82E015848F4F7FCFA5648C07820F0BA
:10071000800080305349C8700820A1F85401082295
:1007200055A151482630F2F79DFD4E48C07820F083
:10073000400040304B49C8700C20A1F860010C22E9
:1007400050A149483230F2F78DFD4648C07820F07C
:1007500004004449C8700846C07820F01800C870EA
:100760000846C07820F02000C8700C2088800C2239
:1007700048A13C48801DF2F775FD70BD10B5002002
:100780003849C8844FF480713648283004F0BAFCE8
:100790003448C07820F018003249C8700846C07844
:1007A00020F02000C8700846C07820F00400C8700F
:1007B00010BD10B5FFF74EFF2A48C07820F0180092
:1007C0002849C8700846C07820F02000C870084644
:1007D000C07820F00400001DC87010BD21490880B9
:1007E00070472049887070471E48C07820F002008A
:1007F000801C1C49C87070471A48C07820F002005D
:100800001849C87070471748C07820F04000154953
:10081000C87070471348C07820F04000403011493C
:10082000C87070470F48C07820F080000D49C8702C
:100830007047000084AA0020636F6E74726F6C6C46
:1008400065725F6D73672F0090090020A00900207A
:100850004646464646464646464646464646464638
:100860000000000014A9002044AA0020DC83010835
:100870004D515454000000007465726D696E616CD6
:100880000000000076656E64696E67313233303681
:10089000000000007465726D696E616C5F6D736756
:1008A000000000000848C07820F080008030064931
:1008B000C870704710B504462046FFF77DFE2046FD
:1008C000FFF706FF10BD000014A90020E248807861
:1008D0007047E148807820B10020DF494860C87047
:1008E00010E0DD48406842F6E061884207D2DA480D
:1008F0004068401CD84948600020C87002E00120D0
:10090000D549C87070470178D44A11704188518028
:1009100081889180704710B5D048007818B3CF48CF
:100920004088B0F57A7F02DD0020CB490870CB48C3
:10093000418880880A3000EBC00202EB0010B1EB66
:10094000800F05DAC5484088401CC44948800AE049
:100950000020C24908700120BF4908700020BF492B
:100960004880F2F799FD10BD70B592B005460C466F
:1009700016468DF80660ADF80440224629460DF172
:100980000700F2F76FFC01A8FFF785FD12B070BDFC
:1009900042F6E060B04948600120C870704700200E
:1009A000AD4988704870AE4908704880887400214D
:1009B000AB4881820020AA4988720021A848818121
:1009C000704700B5FFF7E4FFFFF7E9FF00BD012026
:1009D000A1490870704700209F490870704710B502
:1009E0009D48007800B910BD9B48407806286FD01C
:1009F00005DC17D2DFE800F010162F356E740928D9
:100A000067D004DC072879D008280BD1D5E012285C
:100A100009D01F28F9D10CE1FCF767FC10B10220C6
:100A20008D4948700DE18F480068B0F57A7F05D296
:100A30008C480068401C8B49086005E0002089490B
:100A400008600220844948708548007810B103206E
:100A500081494870F5E001F02AF903207E49487089
:100A6000EFE07F48007888B17B48C07818B1042057
:100A70007949487004E00620774948700120887061
:100A80000020784908607849087020E075480068BF
:100A9000B0F57A7F05D273480068401C7149086040
:100AA00015E000206F4908606F480078022808DAD6
:100AB0006D480078401C6C490870022066494870F7
:100AC00005E0002068490870082063494870B8E0D4
:100AD0003AE07DE001F00CF905205F494870B0E094
:100AE0005F48807A58B101205B49887006204870C1
:100AF00000205C4908605C49087024E02AE05948FD
:100B00000068B0F57A7F05D256480068401C554908
:100B1000086018E000205349086053480078032813
:100B200008DA51480078401C4F49087004204A49AF
:100B3000487008E000204A49087002204649487081
:100B40000020494908707CE001F07EF80720424906
:100B5000487076E043480068B0F57A7F05D2414896
:100B60000068401C3F49086026E000203D490860BD
:100B70003B48807C40B100203B490870384988746C
:100B800006203549487017E037480078062808DA0B
:100B900035480078401C3449087006202E494870BA
:100BA0000AE000202E49087088722B4988702E496F
:100BB00008701F202849487043E001F057F80920C9
:100BC0002549487042F6E06048600120C87038E06E
:100BD0002348007850B1002022490860224908705B
:100BE0001F49087002201C49487021E01D48006818
:100BF000B0F57A7F05D21B480068401C194908608F
:100C000016E000201749086017480078012808DA24
:100C100015480078401C1449087008200E49487097
:100C200006E00020104908701F200B494870DAE6E2
:100C300007E0F9F7BCFDFCF7D5FA0020064948703B
:100C400000BF00BF00BFCEE610B5FFF742FEFFF7C2
:100C500062FEFFF7C4FE10BDB0090020A809002005
:100C600012AB0020B8090020BC0900202DE9F0419A
:100C700006460D465020F2F7DCFB044614B900206E
:100C8000BDE8F08100202070A07000F037F8A0804F
:100C900000206070184804F048F9E080164804F01D
:100CA00044F907463A46144904F10800F2F7DAFA23
:100CB000A4F84850B4F84800F2F7BBFBE064E06CDD
:100CC00010B92046F2F7A5FB2A463146E06CF2F750
:100CD000C9FA204601F024F8E06CF2F79AFB2046AE
:100CE000F2F797FB00BFCBE770B504460D462946E7
:100CF000204601F043F970BD90AA0020FE4800880C
:100D0000401CFD490880084600887047F0B5002265
:100D10000023002600240546C71700EB5767C7F3DA
:100D2000C7121546D71702EB5767FB111D46DF1791
:100D300003EB5767FE110546C71700EB5767FF1116
:100D4000A0EBC717FCB2012E0CDB44F080050D7040
:100D500042F080054D7043F080058D70CE70042503
:100D60000D7117E0012B09DB44F080050D7042F096
:100D700080054D708B7003250D710BE0012A06DB99
:100D800044F080050D704A7002250D7102E0087074
:100D900001250D71F0BD0020D849B1F828110831A6
:100DA000D64AB2F82E21114488B2D449C978C1F389
:100DB000800139B1D1498988091DD04AD28C1144AA
:100DC000014488B2CD49C978C90929B1CB49B1F8E4
:100DD0005411891C014488B2C849C978C1F38011F3
:100DE00029B1C649B1F86011891C014488B2704725
:100DF00070B50446FFF7CFFF05462146FFF786FF93
:100E000070BD1CB500246846FFF7F2FFFFF7C3FF73
:100E10009DF80410491C084484B220461CBD7CB5D2
:100E20000546002410202855641C6846FFF7E0FFA3
:100E3000002606E01DF806002855601C84B2701CD0
:100E4000C6B29DF80400B042F4DCAC49B1F8280108
:100E5000C11700EB1161C1F307212955601C84B251
:100E6000A649B1F82801C11700EB11610912A0EBE6
:100E700001212955601C84B2A049B1F82821281904
:100E800001F59571F2F7EEF99C48B0F8280120447D
:100E900084B29A4880782855601C84B228190122AF
:100EA0009649C91CF2F7DEF9601C84B293490888A0
:100EB000C11700EB1161C1F307212955601C84B2F1
:100EC0008E490888C11700EB11610912A0EB0121BE
:100ED0002955601C84B28949B1F82E01C11700EB75
:100EE0001161C1F307212955601C84B28349B1F80F
:100EF0002E01C11700EB11610912A0EB0121295548
:100F0000601C84B27D49B1F82E21281901F5987131
:100F1000F2F7A8F97948B0F82E01204484B2774856
:100F2000C078C0F3800000283DD074498888C1177C
:100F300000EB1161C1F307212955601C84B26F4990
:100F40008888C11700EB11610912A0EB0121295516
:100F5000601C84B269498A882819891DF2F782F9D0
:100F600066488088204484B26449C88CC11700EB6D
:100F70001161C1F307212955601C84B25F49C88CF7
:100F8000C11700EB11610912A0EB01212955601C6A
:100F900084B25A49CA8C28192831F2F763F95748A4
:100FA000C08C204484B25548C078C00918B3534956
:100FB000B1F85401C11700EB1161C1F307212955A4
:100FC000601C84B24D49B1F85401C11700EB1161A6
:100FD0000912A0EB01212955601C84B24749B1F8E0
:100FE0005421281901F5AB71F2F73CF94348B0F8E8
:100FF0005401204484B24148C078C0F3801018B333
:101000003E49B1F86001C11700EB1161C1F307213E
:101010002955601C84B23949B1F86001C11700EB51
:1010200011610912A0EB01212955601C84B23349DA
:10103000B1F86021281901F5B171F2F713F92F48C1
:10104000B0F86001204484B220467CBD0420704783
:1010500010B50246002040231354401C02231354B1
:10106000401C0B46CC1701EB1464C4F30724145442
:10107000401CCC1701EB14642412A1EB042414547B
:10108000401C10BD01460020CA88921CB1F84830AF
:101090001A4490B20A78002A01DD821C90B270478F
:1010A00070B504460D462046FFF7ECFF064629467C
:1010B000FFF72CFE70BD7CB5044669462046FFF75D
:1010C000EFFF2046FFF7DEFF9DF80410491C08449F
:1010D00085B228467CBD2DE9FC4106460D46002719
:1010E000002469463046FFF7DBFF30202855307872
:1010F000012809D1285D03E0BE09002014A90020C1
:1011000040F00200285509E03078022804D1285D1B
:1011100040F00400285501E0285D2855B0780128EA
:1011200004D1285D40F00800285501E0285D2855CD
:101130007078012804D1285D40F00100285501E0B5
:10114000285D2855601C84B2002706E01DF80700C2
:101150002855601C84B2781CC7B29DF80400B842C0
:10116000F4DCF088C11700EB1161C1F307212955A8
:10117000601C84B2F088C11700EB11610912A0EB6A
:1011800001212955601C84B2F288281906F1080152
:10119000F2F768F8F088204484B2307890B1B088D3
:1011A000C11700EB1161C1F307212955601C84B2FE
:1011B000B088C11700EB11610912A0EB012129557C
:1011C000601C84B2B6F848202819F16CF2F74AF88E
:1011D000B6F84800204484B22046BDE8FC810020D7
:1011E0003D4A1168022004E00A89D21C024490B2F0
:1011F00049680029F8D1704770B50446FFF7EFFF42
:1012000005462146FFF782FD70BD1CB500246846E7
:10121000FFF7F2FFFFF7E3FF9DF80410491C0844B5
:1012200084B220461CBD2DE9FC41054600242A4815
:101230000668FFF763FD07466846FFF7DDFF82207B
:101240002855641C4FF0000808E01DF808002855D8
:10125000601C84B208F1010000F0FF089DF8040052
:101260004045F2DC3846F91707EB1161C1F307215D
:101270002955601C84B23846F91707EB1161091231
:10128000A7EB01212955601C84B220E03089C117E9
:1012900000EB1161C1F307212955601C84B230892C
:1012A000C11700EB11610912A0EB01212955601C47
:1012B00084B23289281906F10B01F1F7D3FF308986
:1012C000204484B2B07A2855601C84B27668002E1F
:1012D000DCD12046BDE8FC8184AA00209449088026
:1012E000704794484078934A1278904205D19148CB
:1012F0004088142801D1002070478E480278001DD4
:1013000050F822100022001F0378001D40F823200F
:10131000001F0078401C874A107010464088401C0F
:10132000508010460078142801D100201070084623
:10133000E2E770B5054600247E4840787D4909788B
:10134000884209D17B48408830B9FFF7CAFF04467C
:1013500014B12046F2F75DF876484178001D40F858
:101360002150001F4078401C724948700846408850
:10137000401E488008464078142801D1002048705B
:10138000012070BD6C4840786B4A1278904205D1BC
:1013900069484088142801D10020704766480278C7
:1013A000001D50F822100022001F0378001D40F895
:1013B0002320001F0078401C5F4A107010464088B0
:1013C000401C508010460078142801D10020107075
:1013D0000846E2E770B5054600245748407856496C
:1013E000097888420ED15448408858B9FFF7CAFF9F
:1013F00004463CB1E06C10B1E06CF2F70AF820460C
:10140000F2F707F84C484178001D40F82150001FC2
:101410004078401C4849487008464088401E488033
:1014200008464078142801D100204870012070BD82
:1014300041484078404A1278904205D13E48408861
:10144000142801D1002070473B480278001D50F855
:1014500022100846F7E710B5002438480068B0F5B8
:10146000FA7F05D235480068401C3449086010BD39
:10147000002032490860FFF7DBFF0446002C41D012
:101480002B480088A18888420CD1FFF77BFF0446D7
:101490003CB1E06C10B1E06CF1F7BBFF2046F1F716
:1014A000B8FFE4E7F9F7D3F928B1204600F038FC9B
:1014B000E078401CE070E07814280CDDFFF762FF54
:1014C00004463CB1E06C10B1E06CF1F7A2FF20469D
:1014D000F1F79FFFCBE72078012806D104F108003F
:1014E00018B1E08808B1E06C60B9FFF74BFF044623
:1014F0003CB1E06C10B1E06CF1F78BFF2046F1F7E6
:1015000088FFB4E700BFB2E710B50024FFF7E9FE9B
:1015100004462CB1208800F01EFC2046F1F779FF2C
:1015200010BD10B5FFF797FFFFF7EEFF10BD0000ED
:10153000C0090020C4090020180A00206C0A0020FD
:1015400010B502460B461146042B02D3887840089A
:1015500010B14FF0FF3010BD887800F00100F94C59
:101560002071C8786071C87810B16FF00100F2E79F
:101570000120F44C2070FF20EDE770B504460D46C5
:101580002646042D01D2012070BDEE48C088401CC3
:10159000EC49C880F178B07801EB002081B2E948CD
:1015A000018101460889FFF799FEFF20ECE72DE94C
:1015B000F04106460F463546FEF74CFF804608F1DF
:1015C0000400B84203D94FF0FF30BDE8F081DD4898
:1015D0008089401C81B2DB488181E978A87801EBE1
:1015E000002081B2D748C18100240DE0281D015D93
:1015F000D44810300155281D005D802802D16FF0BD
:101600000100E2E7601CC4B24445EFDB0120CD4994
:101610008872FF20D9E70246022902DA4FF0FF3034
:101620007047507810B16FF00100F9E70120C54B09
:1016300098741846808A401C83B2C2488382FF2077
:10164000EEE770B504460D4620783A283AD008DC1B
:1016500020280FD0302831D0322831D0332837D14C
:1016600032E03B2832D040280DD0902814D0D0282A
:101670002ED11AE029462046FFF762FF002801DD3F
:10168000202070BD26E029462046FFF776FF00287F
:1016900001DD4020F5E71DE029462046FFF787FFE2
:1016A000002801DD9020ECE714E029462046FFF7F2
:1016B000B2FF002801DDD020E3E70BE03020E0E7B7
:1016C0003220DEE73A20DCE73320DAE73B20D8E7B8
:1016D0000020D6E700BF0020D3E710B50246002166
:1016E00000200023491C545C04F08004002C2ED000
:1016F000545C04F07F040444A0B24C1CA1B2545CBE
:1017000004F08004ECB1545C04F07F0400EBC414DA
:10171000A0B24C1CA1B2545C04F080045CB1545CD7
:1017200000EB8434A0B24C1CA1B2545C00EB4454D6
:10173000A0B204230DE00323545C00EB8434A0B278
:1017400007E00223545C00EBC414A0B201E00123C3
:10175000505C10BD024600210020491C535C03F080
:1017600080039BB14B1C99B2535C03F080035BB1C7
:101770004B1C99B2535C03F080031BB14B1C99B214
:10178000042004E0032002E0022000E00120704772
:101790002DE9F04307468846144600250026A94651
:1017A0002046FFF7D7FF0646042E02DD0120BDE8E4
:1017B000F083601C30444178601C805D01EB0020A8
:1017C0001FFA80F9C14501D00220F0E700250AE0A8
:1017D000795D601C3044801C405D814201D0032053
:1017E000E5E7681C85B24D45F2DB0020DFE72DE917
:1017F000F04180460C46002500272046FFF7AAFF4F
:101800000546042D02DD0020BDE8F081601C28445F
:101810004178601C405D01EB0020C7B2B8F1010FB8
:1018200018D10220F1F705FE064676B1601C284467
:10183000801C38444178601C2844801CC05D01EB4A
:10184000002030803046FFF774FDE81C3844801CCF
:10185000044402E0E81C384404442046D4E701462E
:1018600039484078384A1278904204D13648408846
:1018700008B9FF20704734484278001D40F8221014
:10188000001F4078401C304A507010464088401E6F
:10189000508010464078202801D10020507001204F
:1018A000E8E729484078284A1278904205D126482E
:1018B0004088202801D10020704723480278001D6D
:1018C00050F822100022001F0378001D40F823204A
:1018D000001F0078401C1C4A107010464088401CB5
:1018E000508010460078202801D100201070084652
:1018F000E2E700B5FFF7D5FF00BD2DE9F041054651
:1019000000240026284603F010FB0746F1F791FD5E
:10191000044614B90120BDE8F081284603F005FB18
:1019200007463A4629462046F1F79CFC2046FFF739
:1019300096FF0646FF2E09D114B12046F1F769FD46
:101940000220E8E712AB0020700A00200020E2E746
:1019500070B50446002500262046FFF7FBFE05462D
:10196000042D01DD002070BD601C28444178601CFE
:10197000405D01EB0020C6B23046F4E72DE9F041AE
:1019800004460D464FF00008002600272846FFF7C2
:10199000A4FE06462846FFF7DBFF074624B9B81C1D
:1019A000301A1FFA80F803E0381D301A1FFA80F849
:1019B0004046BDE8F0812DE9FF5F05460C46002654
:1019C00000270020039082468146029080460190C5
:1019D000FBF78BFC18B9002004B0BDE8F09F2DE1A7
:1019E000002C01DC3046F7E72846FFF776FE03902F
:1019F0002846FFF7AFFE8246BAF1040F03DD6D1CE7
:101A0000601E84B21AE10AF10100039908441FFA2A
:101A100080F9A14503DD6D1C601E84B20EE1E1B2C8
:101A20002846FFF70EFE029002983B287DD00CDC82
:101A300032287BD004DC202810D0302877D112E067
:101A400033287FD03A28F9D17DE0402807D090286C
:101A500006D0B02805D0D028F0D103E0E4E0E3E0E0
:101A6000E2E0E1E0E0E0764A12681189744A126827
:101A700002F10B002A46FFF78BFE0190704A1268B4
:101A800011896F4A126802F10B002A46FFF780FEA7
:101A900098B929460020FFF7AAFE07460FB9022091
:101AA0009AE73846FFF729FF8046B8F1000F01D0CA
:101AB000032091E7701CC6B242E0614A1268526886
:101AC00011895F4A1268526802F10B002A46FFF73B
:101AD0005FFE98B929460020FFF789FE07460FB937
:101AE000022079E73846FFF708FF8046B8F1000F7B
:101AF00001D0032070E7701CC6B221E0514803F00A
:101B000014FA1FFA80FB2A4659464E48FFF740FE5A
:101B100090B929460020FFF731FF8346294600206F
:101B2000FFF765FE5946009003E00DE009E074E020
:101B300008E0FFF7D9F803E06D1C601E84B27DE079
:101B400072E000BF00BF00BF3D4A126811893C4AE5
:101B5000126802F10B002A46FFF71AFE0190384A7C
:101B600012681189364A126802F10B002A46FFF703
:101B70000FFE98B929460120FFF739FE07460FB935
:101B8000022029E73846FFF7B8FE8046B8F1000F7B
:101B900001D0032020E7701CC6B23DE0284A12683D
:101BA00052681189264A1268526802F10B002A46CF
:101BB000FFF7EEFD98B929460120FFF718FE07460A
:101BC0000FB9022008E73846FFF797FE8046B8F1C4
:101BD000000F01D00320FFE6701CC6B21CE01948BC
:101BE00003F0A3F91FFA80FB2A4659461548FFF770
:101BF000CFFD68B929460120FFF7C0FE834629467C
:101C00000120FFF7F4FD59460090FFF76DF803E05F
:101C10006D1C601E84B211E006E0002C03DD6D1C1B
:101C2000601E84B20AE000BF00BF4D44A4EB09006F
:101C300084B2002003908246814600BFD0E60000B7
:101C400084AA0020D0AA002008B550A00068009007
:101C500002216846FBF748FC08BD08B54CA00068A7
:101C6000009002216846FBF73FFC08BD70B50024D8
:101C700000254848C078C0F3800008B1FEF7EAFCB0
:101C8000FFF7BFF805462846F1F7D3FB044604B931
:101C900070BDFEF7A9FD2046FFF7C1F82946204692
:101CA000FBF722FC2046F1F7B4FB00BFF0E770B56C
:101CB00000240025FEF7A0FD3648C078C0F3800060
:101CC00008B1FEF7C7FCFFF79CF805462846F1F778
:101CD000B0FB044604B970BD2046FFF7A0F82946C2
:101CE0002046FBF701FC2046F1F793FB00BFF2E72B
:101CF00070B500240025FFF788FA05462846F1F75D
:101D000098FB044604B970BD2046FFF78CFA2946BB
:101D10002046FBF7E9FB2046F1F77BFB00BFF2E72B
:101D200070B50646002400253046FFF7C4F9054685
:101D30002846F1F77EFB044604B970BD21463046C3
:101D4000FFF7C9F929462046FBF7CEFB2046F1F7FD
:101D500060FB00BFF1E770B5044600250026FFF7E1
:101D600075F906463046F1F764FB054605B970BDC6
:101D700021462846FFF76CF931462846FBF7B4FBAD
:101D80002846F1F746FB00BFF1E70000C000000065
:101D9000E000000014A900203EB504466846F6F7AE
:101DA00043FE9DF80200A0719DF8010060719DF84E
:101DB000000020719DF80700E0709DF80600A070FB
:101DC000BDF80400208000203EBD7CB50446A0790B
:101DD0006179CDE900102379E278A1782088F6F7BF
:101DE0000BFE00207CBD1CB5024600BF93798C79A8
:101DF000A34206DB93798C791B1BDBB28DF806308E
:101E00000AE08B79C3F13C0394792344DBB28DF86B
:101E1000063053795B1E537153794C79A34206DB2C
:101E200053794C791B1BDBB28DF805300AE04B79F6
:101E3000C3F13C0354792344DBB28DF805301379A8
:101E40005B1E137113790C79A34206DB13790C79AD
:101E50001B1BDBB28DF8043007E00B79C3F11803CC
:101E600014792344DBB28DF804309DF80430C3EBC1
:101E700003139B00C3EB03139B009DF80540C4EBC9
:101E8000041403EB84039DF8064018191CBD024698
:101E900010790B79984201DD0120704710790B7998
:101EA000984202DA4FF0FF30F7E750794B799842C9
:101EB00001DD0120F1E750794B79984202DA4FF0C9
:101EC000FF30EAE790798B79984201DD0120E4E761
:101ED00090798B79984202DA4FF0FF30DDE70020ED
:101EE000DBE70146088840F63402904204DC0888AB
:101EF00040F2E372904202DA4FF0FF307047887888
:101F00000C2802DC8878012802DA4FF0FF30F5E770
:101F1000C8781F2802DCC878012802DA4FF0FF30A9
:101F2000ECE70879172802DC0879002802DA4FF07C
:101F3000FF30E3E748793C2802DC4879002802DAE0
:101F40004FF0FF30DAE788793C2802DC88790028F6
:101F500002DA4FF0FF30D1E70020CFE710B5064896
:101F6000FFF71AFF0448008840F2E371884201DA63
:101F7000012010BD0020FCE7F40A002070B50546E2
:101F80000C46F948007808B1FF2070BD2046F1F7F3
:101F900050FAF54988600846806808B9FF20F4E7E0
:101FA000F149224688682946F1F75CF90120EE499B
:101FB000087000BFE9E7EC48007808B900207047D6
:101FC0000020E949087008468068F8E710B5E7493D
:101FD0000868F1F71EFAE5494868F1F71AFAE3498B
:101FE0008868F1F716FAE249886CF1F712FA10BD29
:101FF0002DE9F04104460E461546DD48007810B93B
:10200000DB48407810B10020BDE8F081206820B1A5
:10201000606810B1A06800B10DB9FF20F4E7206836
:1020200002F083FF0746F1F704FAD04908606068C0
:1020300002F07BFF0746F1F7FCF9CC494860A06845
:1020400002F073FF0746F1F7F4F9C84988604FF4CE
:102050000170F1F7EEF9C6498864C448806840B160
:10206000C248406828B1C148006810B10846806C79
:1020700018B9FFF7ABFFFE20C6E7206802F055FF56
:102080000746BA4A216810683A46F1F7EBF86068EB
:1020900002F04BFF0746B54A616850683A46F1F7CF
:1020A000E1F8A06802F041FF0746B04AA1689068D5
:1020B0003A46F1F7D7F8142204F10C01AB480C3082
:1020C000F1F7D0F8AA48C56186610120A8490870D7
:1020D00000BF99E738B5FEF7F9FB00B938BDA44851
:1020E000007818B9A248407800B9F7E7A04800780E
:1020F00018B900209E494870D8E19D4840780628CC
:102100007ED2DFE800F003466173D3FD974948684B
:1021100098A102F0D4FE40B39448816897A003F0E0
:102120003BF870B10120924948709649904841644B
:1021300000210164806958B38D488169383088472F
:1021400026E0FFF743FF8F49663189484164022149
:102150000164806918B18648816938308847002059
:10216000834908700520487012E0FFF72FFF85496A
:1021700065317F48416402210164806918B17C485F
:1021800081693830884700207949087005204870F7
:102190008BE1F1F72DFA00217548C16281620020C0
:1021A000734908620021724841620163806C001D1E
:1021B0006F4948630020896C08806D49896C4880AC
:1021C00002206B49487070E100216948C162816258
:1021D00000206749086200216548416201630320CD
:1021E0006349487000204861C86000BF604840698A
:1021F000802847DA5E484069401C5D49486100E03C
:102200004EE15A48C068896B401AB0F5007F0AD287
:102210005648C0685649896B401A5549896B08442D
:102220005349886005E05248806B00F500705049C2
:1022300088604F48C0694E4C0090A468631E4C4CA7
:10224000A26B4A4C2168606800F03AF9401C98B9CA
:10225000FFF7BCFE4B4967314548416402210164E8
:10226000806918B142488169383088470020404968
:1022700008700520487018E004203D49487000208F
:10228000C86012E0FFF7A2FE3E4968313848416459
:1022900002210164806918B1354881693830884766
:1022A00000203349087005204870FEE03048C068BF
:1022B0000A2869DA2E48C068401C2D49C860FFF71B
:1022C0007AFE0446002C7DD029492031204600F0BA
:1022D0002BF9C5B22046F1F79CF8281D062872D2CA
:1022E000DFE800F0C3BFBBB7C7032148006A1F493E
:1022F000C968884268D11E48806A1D49896800E023
:10230000BDE08842F6D11A48406A1949896B884273
:10231000F0D11748816BC06A08441449C9688842E3
:1023200052D81348816BC06A084411498863084633
:10233000808D896C48800E49886CF1F75FF920BB6D
:10234000FFF744FE0F4969310948416402210164E5
:10235000806918B1064881693830884700200449EF
:10236000087005204870B9E694AB002028AB002027
:1023700048AB002058594A5F5600000056322E33B1
:102380002E300000C0D4010075E04948806C008800
:10239000401C4749896C08804548806B4549C9689D
:1023A000884227D24248806B642148434149C9682A
:1023B000B0FBF1F13E48C06B814217D03C48806BC6
:1023C000642102E056E054E034E048433949C968EA
:1023D000B0FBF1F13648C163374941640121016422
:1023E000806918B132488169383088470220304905
:1023F00048702DE02E48806B2E49C968884227D14D
:102400002C480C30F1F7E1F820B10520284948703C
:1024100000204860FFF7DAFD274925484164022182
:1024200001646421C163806990B1214881693830B9
:1024300088470DE004201E49487020491C4841642B
:1024400001210164806918B11948816938308847D1
:102450000FE00420164948700BE00420144948702E
:1024600007E004201249487003E004201049487036
:1024700000BF00BF02E003200D49487015E00C4882
:102480004068052805DA0A484068401C0849486049
:1024900005E0F1F701F8002005490870487004E0F4
:1024A000002003490870487000BF00BF00BF15E658
:1024B00048AB002028AB0020C0D4010056D6010054
:1024C0002DE9FE4F04460D4616461F46DDF83090B6
:1024D0004FF48060F0F7ADFF8046B8F1000F03D1F4
:1024E0004FF0FF30BDE8FE8F4A482B4622464A494E
:1024F000CDE900670290404602F04CFBB9F1000FB5
:102500000AD0404602F011FD824651464046C84777
:102510004046F0F77EFF05E04046F0F77AFF6FF0A7
:102520000100DFE70120DDE72DE9F04106460D4619
:10253000002706B11DB94FF0FF30BDE8F08137A18B
:10254000304602F0BCFC044614B94FF0FF30F4E70B
:1025500004F1090002F0A6FC286133A104F109008E
:1025600002F0ADFC044614B96FF00100E5E733A1B9
:10257000304602F0A4FC044614B96FF00200DCE718
:1025800004F1100002F08EFCE86031A1304602F048
:1025900096FC044614B96FF00200CEE704F1150072
:1025A00002F080FC686030A104F1150002F087FCA5
:1025B000044614B96FF00200BFE7601C02F072FC21
:1025C000401CA86029A1601C02F079FC044614B9E3
:1025D0006FF00200B1E7601C02F064FC286024A1E7
:1025E000304602F06CFC044614B96FF00200A4E718
:1025F000686920B9E86810B16FF003009DE7201DFD
:1026000002F093FC0746211DEA686869F0F72AFE8C
:10261000012092E798060020548401084854545041
:102620002F312E312000000032303620506172747C
:1026300069616C20436F6E74656E7400436F6E74D5
:10264000656E742D4C656E6774683A20000000005A
:10265000436F6E74656E742D52616E67653A2062C9
:1026600079746573200000002D0000002F00000029
:102670000D0A0D0A00000000FE4908607047FE497F
:1026800008607047FD4908607047FD490860704761
:10269000FC4908607047FC4908607047FB490860C6
:1026A0007047FB4908607047FA4908607047FA496B
:1026B00008607047F94908607047F9490860704739
:1026C000F84908607047F84908607047F7490860A2
:1026D0007047F74908607047F64908607047F64947
:1026E00008607047F548807870470020F34988708B
:1026F0007047F24908800021F04A91707047F04815
:10270000807870470020EE4988707047EC49088057
:102710000021EB4A9170704770B50446002561793D
:10272000207901EB002085B2E078822802D083284E
:1027300075D103E00120E149887019E1E048008883
:10274000A84202D10120DE49887045F64001681A8E
:102750008D4270D01DDC45F23071A5EB01008D4239
:102760005ED00DDCA5F58040A0F5A150A8B3E0280F
:1027700028D0B0F5987F31D0B0F5407F73D143E0D9
:10278000202859D0502862D0602861D0E028F5D1A7
:102790006BE0902868D008DC102871D0302870D009
:1027A00060286FD07028E9D19CE0D0286BD0F02849
:1027B0006AD0B0F5BF5F68D0A0F5B850F0380028F7
:1027C000DCD1C6E0BA48006830B1A078C01EC1B202
:1027D000201DB74A12689047C7E00AE0B548006874
:1027E00030B1A078C01EC1B2201DB24A1268904715
:1027F000BBE0B148006830B1A078C01EC1B2201D56
:10280000AD4A12689047B0E0A648006830B1A078A1
:10281000C01EC1B2201DA34A12689047A5E0A6E0E1
:10282000A148006830B1A078C01EC1B2201D9E4AE8
:102830001268904799E029E09C48006830B1A07880
:10284000C01EC1B2201D994A126890478DE08CE0ED
:102850009248006830B1A078C01EC1B2201D8F4AD6
:102860001268904781E07FE047E08D48006830B112
:10287000A078C01EC1B2201D894A1268904774E03A
:102880000FE019E023E043E04DE057E080480068A6
:1028900030B1A078C01EC1B2201D7D4A1268904799
:1028A00063E07C48006830B1A078C01EC1B2201D32
:1028B000784A1268904758E07748006830B1A078AD
:1028C000C01EC1B2201D744A126890474DE06D4889
:1028D000006830B1A078C01EC1B2201D694A1268DC
:1028E000904742E06848006830B1A078C01EC1B28D
:1028F000201D654A1268904737E06448006830B18F
:10290000A078C01EC1B2201D604A126890472CE01A
:102910005B48006830B1A078C01EC1B2201D584A83
:102920001268904721E05548006830B1A078C01E79
:10293000C1B2201D514A1268904716E04E48006807
:1029400030B1A078C01EC1B2201D4B4A126890471A
:102950000BE04848006830B1A078C01EC1B2201D0D
:10296000444A1268904700E000BF00BF00E000BF8B
:1029700000BF70BD2DE9F041044600250027002668
:102980005048007801280FDA5A2C09D14E484D4999
:10299000097844544B480078401C4A490870C7E005
:1029A000002048490870C3E04648007802280FDA42
:1029B000A52C09D14448434909784454414800783A
:1029C000401C40490870B3E000203E490870AFE069
:1029D0003C48007803280FDAFA2C09DA3A483949DA
:1029E0000978445437480078401C364908709FE005
:1029F0000020344908709BE032480078042811DA3E
:102A0000822C01D0832C09D12F482E4909784454B7
:102A10002C480078401C2B49087089E00020294987
:102A2000087085E027480078FF2809DA26482549FC
:102A30000978445423480078401C2249087002E079
:102A40000020204908701F480078C01E1E49897860
:102A500088426DDB1C488078801E81B21A48C01CF9
:102A600000F01EF9074617480078401E1649095C19
:102A700014482BE0480B00204C0B0020440B002096
:102A8000400B0020340B0020380B00203C0B0020B2
:102A9000280B00202C0B0020300B0020200B0020E6
:102AA000240B0020140B0020180B00201C0B00200E
:102AB000080B00200C0B0020100B0020FE0A002049
:102AC000020B0020FC0A0020A0AC00200078801E31
:102AD0001D4A105C01EB002086B2B74225D110469A
:102AE0004178007801EB0020184908801046807872
:102AF00088701046C078C870002507E0281D12496C
:102B0000095C1248001D4155681CC5B20F48807809
:102B1000C01EA842F2DC0D48A0F8FE6000200C495F
:102B200008700A48FFF7F8FD02E000200849087025
:102B3000BDE8F08110B50120F6F7A2F9AFF2CB1194
:102B40000120F6F7ABF910BDA0AC0020A0AB00202F
:102B5000FC0A002070B5054600242888C11700EB48
:102B60001161C1F30721404A1155641C2888C1171F
:102B700000EB11610912A0EB01211155641CA8782A
:102B800011460855641CE8780855641C002607E0C7
:102B9000281D805D34490855601CC4B2701CC6B243
:102BA000A878C01EB042F3DCB5F8FE00C11700EBF8
:102BB0001161C1F307212C4A1155601CC4B2B5F84C
:102BC000FE00C11700EB11610912A0EB01211155A4
:102BD000601CC4B2224624490120F6F7D5F970BD25
:102BE0002DE9F04106460F46154645F6A5201F493A
:102BF0000880E81C88700846C670002405E0395D2E
:102C00001A48001D0155601CC4B2AC42F7DB1748DE
:102C10008078801E81B21548C01C00F041F813492D
:102C2000A1F8FE000846FFF795FFBDE8F08170B5FA
:102C300004460D46217862788818FFF75AFD2A4627
:102C400021468320FFF7CCFF70BD70B504460D46CA
:102C5000217862788818FFF74CFD2A4621468220A9
:102C6000FFF7BEFF70BD0000A0AE0020A0AD0020A9
:102C700070B502460C46FF25FF2309E012F8010B50
:102C800080EA03010E48405C80EA05030D48455C7C
:102C90002000A4F10106B4B2F0D143EA052070BDD2
:102CA000F0B506460F460024002539463046FFF7AA
:102CB000DFFF04462512E0B245EA00252846F0BDB4
:102CC000500B0020500C00200022FD4B9A72012274
:102CD0001A70704770B504460D46F2F71EF9F849B0
:102CE000888108468089897A01EB8101A0EB410047
:102CF00030B1F348807A401CF14988720120087095
:102D000070BDEF4A927A22B1ED4A927A521EEC4B94
:102D10009A720122EA4B1A707047704770B50446E8
:102D20000D46F4F759FE70BD70B505460E4606B95E
:102D300070BD4021E34802F007FA00240BE0E01CDC
:102D4000285CFF2804D0E01C285CDE49085500E020
:102D500004E0601CC4B2F01EA042F0DC00BF00BF63
:102D6000E6E770B505460E4606B970BD0A21D5489E
:102D7000403002F0E9F900240CE0E01C285CFF2858
:102D800005D0E01C295CCF484030015500E004E04C
:102D9000601CC4B2F01EA042EFDC00BF00BFE4E73D
:102DA00070B504460D46C748F2F727F870BD10B558
:102DB000024601B910BDC44B00241C605C609C60DD
:102DC000DC6000200BE0C31CD35CFF2B04D0C31CD1
:102DD000D35CBD4C235400E004E0431CD8B2CB1EAE
:102DE0008342F0DC00BF00BFE4E710B5024601B942
:102DF00010BDB54B00241C615C619C61DC6100204E
:102E00000CE0C31CD35CFF2B05D0C31CD45CAE4BC1
:102E100010331C5400E004E0431CD8B2CB1E8342A4
:102E2000EFDC00BF00BFE3E770B504460D46A648DF
:102E3000F2F702F870BD10B5024609B1112900DAA7
:102E400010BD002005E0C31CD35CA04C2354431CE0
:102E5000D8B21828F7DB00BFF2E770B504460D467C
:102E600018219A48F1F717FF182145F2907001F0E8
:102E700094FD70BD10B5024601B910BD0024944BFD
:102E800083F83E40002014E0C31CD35CFF2B0DD020
:102E9000C31CD45C8E4B2A331C542A3B93F83E301F
:102EA0005B1CDCB28A4B83F83E4000E004E0431C2C
:102EB000D8B2CB1E8342E7DC00BF00BFDDE710B510
:102EC000024601B910BD0024814B83F85340002015
:102ED00014E0C31CD35CFF2B0DD0C31CD45C7C4B13
:102EE0003F331C543F3B93F853305B1CDCB2784BB0
:102EF00083F8534000E004E0431CD8B2CB1E834269
:102F0000E7DC00BF00BFDDE770B505460E460024D4
:102F100006E06F482A30005D6D490855601CC4B258
:102F20006B4890F83E00A042F3DC694890F83E0000
:102F300067490875002406E065483F30015D2A387E
:102F40000155601CC4B2624890F85300A042F3DC03
:102F50005F4890F853005E4981F829000846F1F770
:102F600099FF70BD10B5024601B910BD0024584B41
:102F700083F83E40002014E0C31CD35CFF2B0DD02F
:102F8000C31CD45C524B2A331C542A3B93F83E306A
:102F90005B1CDCB24E4B83F83E4000E004E0431C77
:102FA000D8B2CB1E8342E7DC00BF00BFDDE710B51F
:102FB000024601B910BD0024454B83F85340002060
:102FC00014E0C31CD35CFF2B0DD0C31CD45C404B5E
:102FD0003F331C543F3B93F853305B1CDCB23C4BFB
:102FE00083F8534000E004E0431CD8B2CB1E834278
:102FF000E7DC00BF00BFDDE70022354B83F855203A
:1030000083F85620A3F85820012283F854207047F3
:1030100010B52F4890F85400002878D02C4890F82C
:1030200055000C2874D2DFE800F006747E88929C6C
:10303000A6B0BAC4CED62648017D90F83E008142A3
:1030400006D1234890F8291090F8530081420AD005
:1030500000201F49A1F8580081F8560081F855005A
:1030600081F8540010BD002412E01948015D2A3097
:10307000005D81420AD000201549A1F8580081F86E
:10308000560081F8550081F85400EBE7601CC4B28B
:103090000F48007DA042E8DC00241DE00C481530FC
:1030A000015D2A30005D814214D000200849A1F85A
:1030B000580081F8560081F8550081F85400D1E796
:1030C000A4B1002050B1002030B1002010B1002088
:1030D000B6B00020601CC4B2FB4890F82900A042A2
:1030E000DCDC0120F84981F855001421F6482A302B
:1030F00002F008F80021F44880F83E1014213F3017
:1031000002F000F80021F04880F85310A1E0A1E09F
:103110009EE014214FF4AA4001F03FFC0220EA494E
:1031200081F8550095E0142145F2505001F035FC2E
:103130000320E54981F855008BE0142145F2207009
:1031400001F02BFC0420E04981F8550081E01421B6
:1031500045F2307001F021FC0520DB4981F8550073
:1031600077E0202145F2907001F017FC0620D64947
:1031700081F855006DE0142145F6400001F00DFC8A
:103180000720D14981F8550063E0142145F650002D
:1031900001F003FC0820CC4981F8550059E02021BA
:1031A00045F6A00001F0F9FB0920C74981F8550058
:1031B0004FE00A2145F6B00001F0EFFB0A20C249BA
:1031C00081F8550045E0022001F0D4FB0B20BE49F8
:1031D00081F855003DE0FFF785FA68B10020F7F768
:1031E0003DFA0020B849A1F8580081F8560081F84E
:1031F000550081F854002AE0B348B0F8580064281C
:1032000007DAB148B0F85800401CAF49A1F858009F
:103210001DE00020AC49A1F85800084690F856007F
:10322000022809DA084690F85600401C81F856003A
:10323000002081F855000AE06820F7F70FFA002017
:10324000A14981F8560081F8550081F8540000E04A
:1032500000BF00BF00BF05E7F0B505AC70CC9B4FC9
:10326000F88039727A72BB72FC723D737E730027EC
:10327000DFF858C28CF801708CF80270ACF804705A
:1032800001278CF80070F0BD3EB59048007800280A
:1032900048D08E48407810B1012842D113E08B48C5
:1032A000407B8A49097B894AD27A884CCDE9002142
:1032B0000290A37A627A217AA07901F002FA0120C1
:1032C000214648702DE0FFF70DFA48B10020F7F7CE
:1032D000C5F900207D4988808870487008701FE01B
:1032E0007A488088642805DA78488088401C7749C5
:1032F000888015E00020754988800846807802287B
:1033000006DA08468078401C88700020487007E084
:103310006820F7F7A3F900206C498870487008709E
:1033200000BF00BF3EBD6A4988700021684A5170E5
:10333000D170918001211170704710B564480078F8
:1033400000283DD06248407810B1012836D107E00E
:103350005F49887801F034FA01205D4948702EE019
:10336000FFF7C0F948B10020F7F778F90020584975
:103370008880C870487008701FE0554880886428AD
:1033800005DA53488088401C5149888015E00020A8
:103390004F4988800846C078022806DA0846C07877
:1033A000401CC8700020487007E06820F7F756F905
:1033B00000204749C8704870087000E000BF00BF97
:1033C00010BD444988700021424A5170D1709180EB
:1033D00001211170704710B53E48007800283DD09B
:1033E0003C48407810B1012836D107E03949887847
:1033F00001F0ABF90120374948702EE0FFF772F970
:1034000048B10020F7F72AF9002032498880C870B7
:10341000487008701FE02F488088642805DA2D481E
:103420008088401C2B49888015E00020294988802D
:103430000846C078022806DA0846C078401CC870E2
:103440000020487007E06820F7F708F900202149BC
:10345000C8704870087000E000BF00BF10BD1E4972
:10346000887000211C4A5170D17091800121117027
:10347000704710B518480078002848D016484078A2
:1034800010B1012841D107E01349887801F003FA0F
:1034900001201149487039E0FFF724F948B10020B4
:1034A000F7F7DCF800200C498880C8704870087075
:1034B0002AE009488088642810DA07488088401C80
:1034C0000549888020E00000B6B00020A8B00020A8
:1034D000560D0020500D0020680D00200020F949F5
:1034E00088800846C078022806DA0846C078401C62
:1034F000C8700020487007E06820F7F7AFF8002098
:10350000F049C8704870087000E000BF00BF10BDEF
:103510000021ED4A5170917091801146886001211F
:103520001170704710B5E848007800283DD0E64893
:10353000407810B1012836D107E0E349886800F0EF
:1035400003FC0120E04948702EE0FFF7CBF848B1BA
:103550000020F7F783F80020DB49888088704870E6
:1035600008701FE0D8488088642805DAD64880882B
:10357000401CD549888015E00020D3498880084642
:103580008078022806DA08468078401C887000207F
:10359000487007E06820F7F761F80020CA49887092
:1035A0004870087000E000BF00BF10BD0021C74A8E
:1035B000517091709180114688600121117070479F
:1035C00010B5C248007800283DD0C048407810B1FE
:1035D000012836D107E0BD49886800F091FB012041
:1035E000BA4948702EE0FFF77DF848B10020F7F7A0
:1035F00035F80020B54988808870487008701FE051
:10360000B2488088642805DAB0488088401CAF49F9
:10361000888015E00020AD4988800846807802281F
:1036200006DA08468078401C88700020487007E061
:103630006820F7F713F80020A449887048700870D4
:1036400000E000BF00BF10BD10B504460020A04937
:103650004870887088800C2221469D48C01DEFF775
:1036600001FE01209A49087010BD10B598480078F5
:1036700000283DD09648407810B1012836D107E0A7
:103680009348C01D00F084FB0120914948702EE052
:10369000FFF728F848B10020F6F7E0FF00208C493A
:1036A00088808870487008701FE089488088642886
:1036B00005DA87488088401C8549888015E000200D
:1036C0008349888008468078022806DA0846807890
:1036D000401C88700020487007E06820F6F7BEFFA5
:1036E00000207B4988704870087000E000BF00BF70
:1036F00010BD784988700021764A5170D170918050
:1037000001211170704710B5FDF7E0F87249097892
:10371000884207D0FDF7DAF86F490870084600784C
:10372000FFF7E7FF6B48007800283DD069484078F4
:1037300010B1012836D107E06649887801F07BF89E
:103740000120644948702EE0FEF7CCFF48B100200C
:10375000F6F784FF00205F498880C87048700870C1
:103760001FE05C488088642805DA5A488088401C3D
:103770005849888015E00020564988800846C0785E
:10378000022806DA0846C078401CC870002048703D
:1037900007E06820F6F762FF00204E49C8704870C5
:1037A000087000E000BF00BF10BD00214B4A9170BF
:1037B0009180D1701146487001211170704710B589
:1037C000F2F787FF002846D1F6F745FF50B144488D
:1037D000007800283FD10120414908700920FFF7F7
:1037E000E4FF38E0FDF772F83E490978884208D1D5
:1037F0003B48007828B9F9F7C9FE3B490978884267
:1038000029D0F9F7C3FE38490870FDF75FF835494C
:103810000870002032490870FDF758F8C0B1F1F780
:103820009EFA50B1F9F7B2FE18B10220FFF7BDFFC2
:1038300011E00320FFF7B9FF0DE0F1F778FA18B1B6
:103840000520FFF7B2FF06E00420FFF7AEFF02E01D
:103850000020FFF7AAFF21480078002851D01F4818
:10386000807810B101284AD107E01C49487801F05E
:1038700081F801201949887042E0FEF733FF48B112
:103880000020F6F7EBFE002014498880C87088708D
:10389000087033E011488088642805DA0F48808872
:1038A000401C0E49888029E000200C498880084689
:1038B000C07802281ADA0846C078401CC870002078
:1038C00088701BE0680D0020B8B10020C4B1002052
:1038D000D0B100205C0D00206E0D0020620D002094
:1038E000700D00206F0D0020710D00206820F6F78C
:1038F000B5FE0020F549C8708870087000E000BF70
:1039000000BF10BD10B50246F14B83F80611002030
:1039100005E0145CEE4B9B1D1C54431CD8B288423E
:10392000F7DB0023EA4C6370A380A37001232370AC
:1039300010BD10B5E648007800283FD0E448407834
:1039400010B1012838D109E0E14890F80611801D36
:1039500000F090FE0120DE4948702EE0FEF7C2FE26
:1039600048B10020F6F77AFE0020D9498880887097
:10397000487008701FE0D6488088642805DAD4486B
:103980008088401CD249888015E00020D04988807A
:1039900008468078022806DA08468078401C88703D
:1039A0000020487007E06820F6F758FE0020C8495C
:1039B00088704870087000E000BF00BF10BD01466D
:1039C0000022C44B5A709A709A80002005E00B5C6C
:1039D000C04A921D1354421CD0B22028F7DB0122AA
:1039E000BC4B1A70704710B5BA48007800283DD01B
:1039F000B848407810B1012836D107E0B548801D9D
:103A000000F022FE0120B34948702EE0FEF76AFE66
:103A100048B10020F6F722FE0020AE498880887069
:103A2000487008701FE0AB488088642805DAA94810
:103A30008088401CA749888015E00020A54988801F
:103A400008468078022806DA08468078401C88708C
:103A50000020487007E06820F6F700FE00209D492E
:103A600088704870087000E000BF00BF10BD9A4821
:103A7000007870472DE9F04F09AC94E8F010DDE9CB
:103A80000F9ADDF838804FF0000BDFF84CE28EF82B
:103A900001B08EF802B0AEF804B0F346ABF8060001
:103AA000ABF808108BF80A208BF80B308BF80C4021
:103AB0008BF80D508BF80E608BF80F708BF810C0E0
:103AC0008BF811808BF81290CBF814A0DDF844B07D
:103AD000CEF818B04FF0010B8EF800B0BDE8F08FB3
:103AE00010B58AB07C48007800285AD07A484078CF
:103AF00010B1012853D124E077488069764949699B
:103B0000754A927C744B5B7CCDE90532CDE9071098
:103B10007148007C7049CA7B897B6F4B5B7BCDE928
:103B20000131CDE903206C48007B6B4C0090E37AB7
:103B3000A27A2189E08800F037FA012021464870F6
:103B40002EE0FEF7CFFD48B10020F6F787FD0020FC
:103B5000614988808870487008701FE05E488088DE
:103B6000642805DA5C488088401C5B49888015E041
:103B700000205949888008468078022806DA0846DD
:103B80008078401C88700020487007E06820F6F7B5
:103B900065FD0020504988704870087000E000BF43
:103BA00000BF0AB010BD10B5FFF75FFD4B480078AD
:103BB00000B110BDFFF7BDFE4548007800B1F8E741
:103BC000FFF711FF4348007800B1F2E7FFF7F7FD78
:103BD0003E48007800B1ECE7FFF756FB404800781C
:103BE00000B1E6E7FFF7ECFC3E48007800B1E0E703
:103BF000FFF798FC3C48007800B1DAE7FFF7EBFBF1
:103C00003A48007800B1D4E7FFF797FB38480078CE
:103C100000B1CEE700BFCCE710B53648F1F722F986
:103C200000F06AF8AFF6C340FEF753FDAFF68140EF
:103C3000FEF752FDAFF63F40FEF751FDAFF6CB5019
:103C4000FEF73EFDAFF68950FEF73DFDAFF647505B
:103C5000FEF73CFDAFF62160FEF72CFDAFF60560E8
:103C6000FEF72BFDAFF6B960FEF71BFDAFF68560E2
:103C7000FEF71AFDAFF64F60FEF719FDAFF657706D
:103C8000FEF706FDAFF62570FEF705FDAFF6EF6017
:103C9000FEF704FDAFF67B70FEF7F7FCAFF6D770CA
:103CA000FEF7F0FCAFF6D370FEF7E6FCAFF6AD70B2
:103CB000FEF7E5FCF2F70DFD18B10C20FFF775FDDE
:103CC00002E00020FFF771FD10BD0000620D002032
:103CD000A0AF0020F0B1002018B20020D0B1002029
:103CE000A8B00020C4B10020B8B10020500D0020C1
:103CF000560D0020B6B0002010B5FEF71BFF10BD1A
:103D000010B504467120FE49087060204870642098
:103D100094FBF0F030308870642094FBF0F100FBED
:103D200011400A2190FBF1F03030F549C8700A20AB
:103D300094FBF0F100FB11403030F149087105218E
:103D4000EF48FEF782FF10BD10B504467120EC4924
:103D5000087020204870642094FBF0F030308870A8
:103D6000642094FBF0F100FB11400A2190FBF1F07C
:103D70003030E349C8700A2094FBF0F100FB114099
:103D80003030DF4908710521DD48FEF75EFF10BDC8
:103D900010B504467F20DA4908702020487020784A
:103DA00088706078C870A0780871E07848712079D0
:103DB00088716079C871A0790872E0794872207AB8
:103DC0008872607AC872A07A0873E07A48730E210C
:103DD000CB48FEF73AFF10BD10B57120C8490870F6
:103DE000802048700221C648FEF72FFF10BD2DE944
:103DF000FE4306460F4690461C460A9DC1A207CACE
:103E00008DE807007120BE490870002048709DF8B9
:103E1000000088709DF80100C8709DF802000871CC
:103E20009DF8030048719DF8040088719DF8050015
:103E3000C8719DF8060008729DF8070048723A2084
:103E400088720A2096FBF0F03030C8720A2096FB88
:103E5000F0F100FB11603030A94908732D20487340
:103E60000A2097FBF0F0303088730A2097FBF0F1BE
:103E700000FB11703030A249C8732D2008740A204D
:103E800098FBF0F0303048740A2098FBF0F100FB0A
:103E9000118030309A4988742C20C8749C48B4FB37
:103EA000F0F0303008759A48B4FBF0F100FB114097
:103EB00042F21071B0FBF1F030309149487542F296
:103EC0001070B4FBF0F100FB11404FF47A71B0FBBD
:103ED000F1F030308A4988754FF47A70B4FBF0F114
:103EE00000FB11406421B0FBF1F030308449C8750B
:103EF0006420B4FBF0F100FB11400A21B0FBF1F0AB
:103F000030307F4908760A20B4FBF0F100FB114005
:103F100030307B4948762C2088767D48B5FBF0F020
:103F20003030C8767A48B5FBF0F100FB115042F210
:103F30001071B0FBF1F030307149087742F2107027
:103F4000B5FBF0F100FB11504FF47A71B0FBF1F0CA
:103F500030306B4948774FF47A70B5FBF0F100FBD5
:103F600011506421B0FBF1F030306549887764204E
:103F7000B5FBF0F100FB11500A21B0FBF1F030303D
:103F80005F49C8770A20B5FBF0F100FB11503030D3
:103F90005B4981F820002E2081F821002221584819
:103FA000FEF753FEBDE8FE832DE9F04FA5B00446B1
:103FB0000D4616461F46DDE930ABDDE92E8955A1D9
:103FC00003C9CDE9230155A103C9CDE9210155A1BB
:103FD00003C9CDE91F0155A207CA1CAB07C356A2EE
:103FE000D2E900109268CDE91A02199155A30FCBBE
:103FF000CDE91723CDE9150156A2D2E90030D2E967
:104000000212CDE91130CDE9131256A3D3E9001203
:10401000D3E90203CDE90F03CDE90D1255A3D3E98E
:1040200001021968DB68CDE90B23CDE9091055A31E
:10403000D3E901211868DB68CDE90713CDE9050252
:1040400054A3D3E90021D3E90203CDE90303CDE969
:1040500001212046E11704EB1161090A284A117079
:10406000E11704EB11610912A4EB012151704FF427
:104070007A7095FBF0F03030114688704FF47A700A
:1040800095FBF0F100FB1150642190FBF1F0303012
:104090001146C870642095FBF0F100FB11500A2115
:1040A00090FBF1F03030114608710A2095FBF0F1D9
:1040B00000FB11503030114648712D2088710A20C4
:1040C00096FBF0F03030C8710A2096FBF0F100FB4F
:1040D00011603030114608722D2048720A2097FB7B
:1040E000F0F0303088720A2097FBF0F100FB11707D
:1040F00030301146C872202008730A2052E00000B8
:1041000034B20020B9CAD5CFD0C5CFA2000000007C
:10411000A0860100BBF5B9F1BAC53A00B2E3BCDC38
:10412000BAC53A00BBF5B5C0BAC53A00B3F6BBF59F
:10413000B3C9B9A600000000B3F6BBF5CAA7B0DC4E
:1041400000000000BAECCDE2BCECB2E2B3C9B9A603
:1041500000000000BAECCDE2BCECB2E2CAA7B0DCD1
:1041600000000000BAECCDE2C4A3BFE9B9CAD5CFC4
:1041700000000000BBF5B5C0B5E7BBFAD5FDB3A3A1
:1041800000000000BBF5B5C0B5E7BBFAB3ACCAB1DF
:1041900000000000BBF5B5C0B5E7BBFAC0EBCFDF50
:1041A0000000000098FBF0F0303048730A2098FBC4
:1041B000F0F100FB11803030114688733A20C8734B
:1041C0000A2099FBF0F0303008740A2099FBF0F1D6
:1041D00000FB11903030114648743A2088740A2050
:1041E0009AFBF0F03030C8740A209AFBF0F100FB23
:1041F00011A0303011460875202048755B20887565
:104200009DF88C00C8759DF88D0008769DF88E008D
:1042100048769DF88F0088769DF89000C8769DF8C6
:10422000910008779DF8920048770A209BFBF0F0F8
:10423000303088770A209BFBF0F100FB11B0303062
:104240001146C8772C2081F820009DF8840081F861
:1042500021009DF8850081F822009DF8860081F8F4
:1042600023009DF8870081F824009DF8880081F8DC
:1042700025009DF8890081F826009DF88A0081F8C4
:1042800027000A21329890FBF1F03030114681F876
:1042900028000A21329890FBF1F201FB1200303025
:1042A000F94981F829002C2081F82A009DF87C002A
:1042B00081F82B009DF87D0081F82C009DF87E0090
:1042C00081F82D009DF87F0081F82E009DF8800078
:1042D00081F82F009DF8810081F830009DF8820060
:1042E00081F831000A21339890FBF1F03030E64933
:1042F00081F832000A21339890FBF1F201FB1200A1
:104300003030E14981F833002C2081F834003498B2
:1043100018B39DF8700081F835009DF8710081F8A0
:1043200036009DF8720081F837009DF8730081F81F
:1043300038009DF8740081F839009DF8750081F807
:104340003A009DF8760081F83B009DF8770081F8EF
:104350003C002C2081F83D0023E09DF86400CA4910
:1043600081F835009DF8650081F836009DF86600FB
:1043700081F837009DF8670081F838009DF86800E3
:1043800081F839009DF8690081F83A009DF86A00CB
:1043900081F83B009DF86B0081F83C002C2081F8EF
:1043A0003D00BA493598884234D19DF82400B64979
:1043B00081F83E009DF8250081F83F009DF8260019
:1043C00081F840009DF8270081F841009DF8280001
:1043D00081F842009DF8290081F843009DF82A00E9
:1043E00081F844009DF82B0081F845009DF82C00D1
:1043F00081F846009DF82D0081F847009DF82E00B9
:1044000081F848009DF82F0081F849002C2081F8A0
:104410004A006CE09E493598884234D19DF81400DA
:10442000994981F83E009DF8150081F83F009DF8FC
:10443000160081F840009DF8170081F841009DF8B2
:10444000180081F842009DF8190081F843009DF89A
:104450001A0081F844009DF81B0081F845009DF882
:104460001C0081F846009DF81D0081F847009DF86A
:104470001E0081F848009DF81F0081F849002C209B
:1044800081F84A0033E09DF804007F4981F83E003E
:104490009DF8050081F83F009DF8060081F8400076
:1044A0009DF8070081F841009DF8080081F842005E
:1044B0009DF8090081F843009DF80A0081F8440046
:1044C0009DF80B0081F845009DF80C0081F846002E
:1044D0009DF80D0081F847009DF80E0081F8480016
:1044E0009DF80F0081F849002C2081F84A006949A5
:1044F0003698884234D19DF85400634981F84B00C6
:104500009DF8550081F84C009DF8560081F84D004B
:104510009DF8570081F84E009DF8580081F84F0033
:104520009DF8590081F850009DF85A0081F851001B
:104530009DF85B0081F852009DF85C0081F8530003
:104540009DF85D0081F854009DF85E0081F85500EB
:104550009DF85F0081F856005D2081F857006CE0FF
:104560004D493698884234D19DF84400464981F837
:104570004B009DF8450081F84C009DF8460081F8FD
:104580004D009DF8470081F84E009DF8480081F8E5
:104590004F009DF8490081F850009DF84A0081F8CD
:1045A00051009DF84B0081F852009DF84C0081F8B5
:1045B00053009DF84D0081F854009DF84E0081F89D
:1045C00055009DF84F0081F856005D2081F8570096
:1045D00033E09DF834002C4981F84B009DF83500FC
:1045E00081F84C009DF8360081F84D009DF83700A9
:1045F00081F84E009DF8380081F84F009DF8390091
:1046000081F850009DF83A0081F851009DF83B0078
:1046100081F852009DF83C0081F853009DF83D0060
:1046200081F854009DF83E0081F855009DF83F0048
:1046300081F856005D2081F8570058211248FEF796
:1046400004FB25B0BDE8F08F70B5054650200E493B
:10465000087000204870002405E0295DA01C0A4A6B
:104660001154601CC4B2202CF7DB22210648FEF74F
:10467000ECFA70BD70B506460C465220024908702F
:104680004020487000250FE034B20020888A0100E5
:10469000B58B0100708E010001900100715DA81CB6
:1046A000CE4A1154681CC5B2A542F7DBFF21A01CFD
:1046B000CA4A1154E01C1154211D1046FEF7C5FAD8
:1046C00070BD2DE9F04705460E4614469A46DDE9D1
:1046D0000989089F0020C14908709C2048705A2011
:1046E0008870A520C870642095FBF0F100FB115084
:1046F000BA4908710D2096FBF0F100FB1160B74933
:1047000048712046E11704EBD1614911A4EB411136
:10471000B24A9171182097FBF0F100FB117011461D
:10472000C8713C2098FBF0F100FB11801146087223
:104730003C2099FBF0F100FB1190114648720A21D0
:104740001046FEF782FABDE8F0873EB50446A4A005
:1047500000680290A3A103C9CDE90001FF2C15D187
:1047600050209E490870802048709DF80000887095
:104770009DF80100C8709DF8020008719DF80300C3
:10478000487106219548FEF760FA18E0632C00DDB9
:104790006324502091490870802048700A2094FBBF
:1047A000F0F0303088700A2094FBF0F100FB1140EB
:1047B00030308A49C87004218848FEF746FA3EBD69
:1047C0003EB5044686A00068029086A103C9CDE9E3
:1047D0000001FF2C15D17F2080490870F02048701F
:1047E0009DF8000088709DF80100C8709DF80200D7
:1047F00008719DF80300487106217848FEF725FAF4
:1048000018E0632C00DD63247F2074490870F020D9
:1048100048700A2094FBF0F0303088700A2094FB36
:10482000F0F100FB114030306C49C87004216B4836
:10483000FEF70BFA3EBD1FB504466CA003C8CDE9D8
:104840000201AFF2A86103C9CDE90001502063491C
:1048500008706020487064B19DF8080088709DF869
:104860000900C8709DF80A0008719DF80B00487196
:104870000CE09DF80000594988709DF80100C8704F
:104880009DF8020008719DF8030048710621534805
:10489000FEF7DBF91FBD10B588B0044655A1D1E97C
:1048A0000023D1E90201CDE90423CDE9060155A396
:1048B000D3E90012D3E90203CDE90203CDE90012E6
:1048C0005120464908700020487044B39DF800000C
:1048D00088709DF80100C8709DF8020008719DF86D
:1048E000030048719DF8040088719DF80500C871A7
:1048F0009DF8060008729DF8070048729DF80800B0
:1049000088729DF80900C8729DF80A0008739DF826
:104910000B0048730E213148FEF797F928E09DF807
:1049200010002E4988709DF81100C8709DF8120083
:1049300008719DF8130048719DF8140088719DF866
:104940001500C8719DF8160008729DF8170048728E
:104950009DF8180088729DF81900C8729DF81A0019
:1049600008739DF81B0048730E211C48FEF76DF973
:1049700008B010BD10B50446002018490870842006
:1049800048705A2088700120C870002008710846BD
:1049900044710621FEF759F910BD70B504460D4665
:1049A0002046E11704EB1161090A0C4A1170E11766
:1049B00004EB11610912A4EB01215170002605E0FE
:1049C0002021B01C054A1154701CC6B2AE42F7DB60
:1049D000A91C0248FEF739F970BD000034B200206E
:1049E000B6C80000D2ECB3A300000000D4DACFDFD9
:1049F00000000000C9E8B1B8C9D0CEB4C6F4D3C332
:104A00000000000020C7EBC9A8C2EBB9BACEEF2066
:104A100000000000704770B5064600F009FC05680C
:104A200006F10B0020F00704B4429CBF002070BDCB
:104A30002B466A68BAB11068A04210D304F108018D
:104A400088423CBF5068586007D3516810194160D4
:104A50001168091B016058601460101D70BD134679
:104A60005268002AE7D12146284600F0EDFB0028D5
:104A7000DED170BD70B50446051F00F0D9FB00689B
:104A8000002C14BF446870BD002C18BFAC423CBF62
:104A900020466468F8D301680A18AA4218BF456026
:104AA00003D12A6805461144016028684119A142D2
:104AB0001CBF6C6070BD6168696021680844286033
:104AC00070BD70B50D460646041F00F0B1FBD0F86E
:104AD00000C0C5B1E6B105F10B0020F00703AB4201
:104AE0003CBF002070BD2068984238BFDCF804202D
:104AF00013D3C11A08292FD3E01840F8041B2360F0
:104B0000FFF7B8FF28E03046FFF7B4FF002070BD84
:104B10002846BDE87040FFF77EBF002A18BFA242BA
:104B20003CBF94465268F8D30119914216D11168DE
:104B30000844984212D3C11A08293CBF206050682B
:104B400008D35168E0184160216812681144C91AFD
:104B500001602360CCF80400201D70BD181FFFF712
:104B60005AFF050007D021680A1F211D00F098FA9E
:104B7000201DFFF77FFF284670BD10B5044600F0EA
:104B80004FFB0068005DC00602D504F1200010BD97
:104B9000204610BD0FB41CB5084B06AA7B446946DD
:104BA0000090059800F005FE04460020694600F0DC
:104BB00013FE20461CBC5DF814FB0000390C0000FD
:104BC00070B5044685690068C10601D5302600E04D
:104BD0002026C00707D070BDD4E901213046904798
:104BE000206A401C20626D1EF6D570BD70B504466B
:104BF00085690078C00707D170BDD4E90121202064
:104C00009047206A401C20626D1EF6D570BD70B5BD
:104C10000C460546012A05D02878800600D5EA69A9
:104C2000002302E0012305E05B1C934202D2E05C1A
:104C30000028F9D1A869E618C01AA861286A1844A2
:104C400028622846FFF7BCFF04E0D5E9012114F8EB
:104C5000010B9047B442F8D32846FFF7C7FF70BD59
:104C60002DE9F0410646002410687529314616A545
:104C700010D0AFF30080002802DA404213A507E00D
:104C800031688A0701D512A502E0490704D511A5AC
:104C9000012401E0AFF3008000210A2206F124077D
:104CA00009E0B0FBF2FCB0FBF2F302FB1C00303079
:104CB00078541846491C0028F3D123462A4630462A
:104CC000BDE8F04100F00ABB000000002D0000002C
:104CD0002B0000002000000070B504460D46214660
:104CE0001068AFF300802188090502D50F4A7A4485
:104CF00002E00E4A7A440E32002104F1240305E05A
:104D000000F00F060009965D5E54491C0028F7D19B
:104D100020780023000704D5702D02D009B10223AA
:104D200011322046BDE8704000F0D8BACA35000004
:104D30002DE9F05F894604464FF0000ADFF824B100
:104D4000FB44C0F820A02046E168884700287DD0B9
:104D5000252806D0D4E901219047206A401C206212
:104D6000F1E700255F462046E1688847202806468F
:104D700007DB312E05D2B81910F8200C08B1054315
:104D8000F1E7A80701D525F00405C4F81CA0002709
:104D9000C4F818A02A2E09D0304602F0C4FA38B35D
:104DA00004EB8708303EC8F8186019E059F8041B76
:104DB000204604EB87029161E1688847012F06468F
:104DC00018D1E069002820DA25F020051DE0D8F888
:104DD000180000EB800006EB40003038C8F81800DF
:104DE0002046E1688847064602F09DFA0028EED189
:104DF000012F0AD02E2E08D12046E16888477F1C5B
:104E00000646022F45F02005C4DBA069002803DA1E
:104E1000404245F00105A061E80701D025F01005EA
:104E2000A6B1A6F14100192802D8203645F4006544
:104E30004A463146204625604D46EBF7D7F960B12A
:104E4000012807D0ED1D25F0070000E007E000F184
:104E5000080978E705F1040975E730467AE7206A22
:104E6000BDE8F09FA03500000FB400B58DB010A9CB
:104E7000099000910B904FF0FF300A9000200C90A9
:104E8000064878440690064878446A4607900F9989
:104E900009A800F015FF0DB05DF814FB5B0E0000D3
:104EA000730E000070B5064600F0C6F904680546AA
:104EB00030460A22002100F083FF2C6070BD30B51F
:104EC00005460B462A4613F8014B12F8010B08B1B0
:104ED000A042F8D01CB1002802D06D1CF1E7284692
:104EE00030BD40EA0103024630B59B0710D14FF0B8
:104EF000013400E008C208C91D1B9D4315EAC41F08
:104F0000F8D013F0FF0102F8011B0DD01B0AF8E7DF
:104F100011F8013B002B02F8013B05D011F8013BD1
:104F2000002B02F8013BF3D130BD10B5431C02E069
:104F300010F8011B71B18107FAD14FF0013202C89C
:104F40008C1A8C4314EAC211F9D0C01A0A0603D095
:104F5000C01E10BDC01A10BD0A0401D0801E10BDB5
:104F60000902FCD0401E10BD40EA010370B59B074A
:104F70002ED14FF00136042A2AD308C810C99D1B30
:104F80009D43121F15EAC61517D0D8B2E1B2401AD8
:104F900050EA056110D198B2A1B2401A50EA054119
:104FA0000AD123F07F4024F07F41401A50EA0521C6
:104FB00002D1180EA0EB146070BDA342DBD018BA6A
:104FC00021BA884201D9012070BD4FF0FF3070BD79
:104FD0000AB9002070BD10F8013B11F8014B63B114
:104FE000A3420AD1521E08D010F8013B11F8014B20
:104FF0001BB1A34201D1521EEDD1181B70BD421E40
:1050000012F8013F002BFBD111F8013B002B02F8F5
:10501000013BF9D17047032A40F2308010F0030CB5
:1050200000F0158011F8013BBCF1020F624498BFFB
:1050300011F801CB00F8013B38BF11F8013BA2F198
:10504000040298BF00F801CB38BF00F8013B11F013
:10505000030300F02580083AC0F0088051F8043BB3
:10506000083A51F804CBA0E80810F5E7121D5CBF20
:1050700051F8043B40F8043BAFF30080D20724BF53
:1050800011F8013B11F801CB48BF11F8012B24BFE7
:1050900000F8013B00F801CB48BF00F8012B704736
:1050A00010B5203AC0F00B80B1E81850203AA0E8C3
:1050B0001850B1E81850A0E81850BFF4F5AF5FEAF7
:1050C000027C24BFB1E81850A0E8185044BF18C9AA
:1050D00018C0BDE810405FEA827C24BF51F8043B51
:1050E00040F8043B08BF7047D20728BF31F8023BA5
:1050F00048BF11F8012B28BF20F8023B48BF00F839
:10510000012B70474FF000020429C0F0128010F00C
:10511000030C00F01B80CCF1040CBCF1020F18BF93
:1051200000F8012BA8BF20F8022BA1EB0C0100F026
:105130000DB85FEAC17C24BF00F8012B00F8012BF9
:1051400048BF00F8012B70474FF0000200B513462E
:1051500094469646203922BFA0E80C50A0E80C5097
:10516000B1F12001BFF4F7AF090728BFA0E80C5048
:1051700048BF0CC05DF804EB890028BF40F8042B41
:1051800008BF704748BF20F8022B11F0804F18BFAE
:1051900000F8012B704700004FF0013C50F8042B41
:1051A00051F8043B9A4221D1A2EB0C03934313EA3A
:1051B000CC1317D150F8042B51F8043B9A4215D167
:1051C000A2EB0C03934313EACC130BD150F8042B3E
:1051D00051F8043B9A4209D1A2EB0C03934313EA22
:1051E000CC13DBD04FF00000704700BFD01A01BADB
:1051F000B1FA81F101F0180122FA01F0CB40C1F1BE
:105200002001DBB2C0B2C01A2CFA01F3D11A9143CB
:1052100011EAC311E6D17047704770477047704775
:1052200010B500F009FE001D10BD00BFF121000007
:10523000004870473CB300200048704734B300205A
:10524000704770477047704738B504460A460020DB
:105250006946AFF30080002808BF38BD02460099B8
:10526000204600F0EDFD012038BD012001F008B915
:10527000F8B5AFF30080054600200C46102000BFB3
:105280000646A819A0420DD9324669460020AFF360
:105290000080070008BF01F0F3F80098A04218BF93
:1052A0000546C419FFF7C4FF05600746F01D20F04E
:1052B00007004619284600F00AF8B44208BFF8BDB6
:1052C000A21B31463868BDE8F84000F0B9BD0021A6
:1052D0000160C0E901107047102070472DE9F047C8
:1052E0000D4699469246044600F124080168880656
:1052F00004D5E06921F01001216000E00120A842FE
:1053000001DD471B00E00027A1697A1902EB0900C3
:10531000081AA0612078C00602D42046FFF750FC8E
:10532000002608E0D4E901211AF806009047206A17
:10533000401C761C20624E45F4DB2078C0060AD55E
:105340002046FFF73DFC06E0D4E9012130209047DC
:10535000206A401C2062381EA7F10107F4DC07E038
:10536000D4E9012118F805009047206A401C20620A
:10537000281EA5F10105F3DC2046FFF737FC207855
:10538000000602D50220BDE8F0870120FBE7704748
:105390002DE9FF4F0C461E464FF0FF378BB0D2E988
:1053A0000001DDF860800A908A46C1F30A5505B90C
:1053B0003D46002108464FF00000BAF1000F00F40E
:1053C000400005DA00EB80004FF4400101EA500094
:1053D0004FEA9059B9F1010F00DDB9460A9850EA39
:1053E0004A000ED044F61050A5F2FF3545432F1465
:1053F000B8F1000F1ED07542291E1EDDC9F1000252
:105400001CE0B8F1010F4FF0000001D0302103E0A3
:10541000F24305E02154401CB042FBDB3046002241
:10542000002121540B99C1F80880C1E900200FB078
:10543000BDE8F08FBD1B6D1CDEE74A4600DA69420D
:1054400006A800F0AFFF06AB93E8070003AB83E8C4
:10545000070050460A9901F0DFFA8DE80700A0F531
:1054600000501F3800900398002D09DD42F21F0103
:105470004A46084403A90390684601F068FD08E025
:10548000A0F500504A461F3803A90390684601F072
:1054900086FD8DE807000004000C03D04FF0FF30BC
:1054A000410800E01046B8F1000F03D0002200923E
:1054B00015461EE0751E05D400F0DCFC3032625546
:1054C0006D1EF9D5B3460122084302D000227F1C8D
:1054D00004E02078302801D100227F1E002A09979D
:1054E00086D01DE0112D07DA00F0C4FC3032625581
:1054F0006D1C50EA0102F5D1084302D00098C8B1F2
:105500000EE00021681E05E0235C625C63542254B7
:10551000401E491C8142F7DBAB46A81B401E099088
:10552000002004F80B000B98099AC0F80880C0E925
:10553000002B7CE711264FF0000859E72DE9F04FCA
:1055400088460446D21D22F0070191B0D1E900013E
:10555000CDE90A0101F06DFE02460B98C00F01D0A3
:105560002D2007E02068810701D52B2002E02021B3
:1055700001EAC000032A099001D0072A05DB03468F
:105580004146204600F0C4FC0BE12078800601D59E
:10559000E06900E00620B8F1650F814606D0B8F159
:1055A000660F18D0B8F1670F70D131E00020B9F163
:1055B000110F009001DB112301E009F101030AAA98
:1055C00001A90CA8FFF7E4FEDDE90C70002609F143
:1055D0000105834647E001204B4600904FF000470D
:1055E0000AAA01A90CA8FFF7D3FEDDE90DB00C99BA
:1055F0005D46002610B909F101000D18B9EB050050
:1056000003D4C0F1FF3609F10105A5EB09002BE039
:10561000B9F1010F01DA4FF001090020B9F1110FC2
:105620000090484601DD112300E003460AAA01A9C3
:105630000CA8FFF7ADFEDDE90C704D460026834651
:10564000207800070AD4AB4500DA5D4601A8012D99
:1056500004DD411911F8011C302907D04F4502DA49
:1056600017F1040F04DA012082460FE06D1EEEE709
:10567000002F02DCED1B3E4403E0781CA84200DD55
:105680007D1CB81B00F1010A4FF00047207800078D
:1056900003D4AA4501DB4FF0FF3A0021B7F1004FD8
:1056A0000DF143088DF8431024D002202B23002F46
:1056B00001DA7F422D230A21021EA0F1010000DC45
:1056C0005FB197FBF1FC97FBF1F201FB1C7C1746E5
:1056D0000CF1300C08F801CDEEE7A8F101000370E1
:1056E0002188090501D5452100E06521A0F10108C7
:1056F00000F8011C09980FA9A1EB0807FF1D00B1D4
:105700000120411901EBEA70A1693844081A401ED2
:10571000A0612078C00602D42046FFF751FA09980C
:1057200028B1D4E901219047206A401C20622078EA
:10573000C00622D52046FFF743FA1EE0002E04DB08
:10574000B34502DD01A8805D00E03020D4E90121ED
:105750009047206A401C2062761CAAF101005FEA93
:10576000000A0AD100F068FBC0680168405CD4E917
:1057700001219047206A401C2062281EA5F10105E6
:10578000DCDC07E0D4E9012118F8010B9047206A1E
:10579000401C2062381EA7F10107F3DC2046FFF70A
:1057A00025FA032011B043E601694A1C026108781A
:1057B000704700B58FB0CDE9013100210591054951
:1057C0007944CDE9031011466846FFF7B1FA0FB0EE
:1057D00000BD0000E5FFFFFF0A6802F8010B0A6048
:1057E000704710B5436913B1AFF3008001E0FFF7D4
:1057F0000EFA012010BD127800F124010A70002277
:105800004A700122EDE711684FF0FF32E9E700002E
:105810002DE9FF4F064689B00878FF2806D0491CBD
:105820002D2805D000244FF0000908E000200CE0EE
:105830000124F8E709EB8903491C00EB43090878C8
:10584000FF28F7D114B1C9F1000081461078002576
:105850002C46AA4629462D2801D02B2804D1521CBB
:105860002D2813D0002082468B461078FF280FD0B9
:105870004FF0000C0A21521CA5FB017804FB0181AA
:1058800005FB0C11C5194BEB0104EEE70120EAE71B
:10589000002108464FF00000BAF1000F02D000EBE3
:1058A00080004008C0F38158B8F1010F01DD4FF0CE
:1058B000FF380C9809EB000755EA040009D04FF0B7
:1058C000020917F5FA7F0BDA4FEACA70C6E900B091
:1058D00012E04FEACA70C6E900B00DB0BDE8F08F23
:1058E000B7F5FA7F0DDDF0487844D0E90010C6E93D
:1058F000001040EACA707060FFF79EFCC0F800908C
:10590000EBE7391E02DAC8F1000200E0424600DA95
:10591000794206A800F046FD06AB93E8070003AB0A
:1059200083E8070044F23E005BEA04010090584619
:1059300004D144F21E012C465D460091210C09045D
:10594000014306D10099240444EA15442D0410397A
:10595000009104F07F41014306D10099240244EAFA
:1059600015642D020839009104F07041014306D1FD
:105970000099240144EA15742D01091F009104F0D7
:105980004041014306D10099A40044EA9574AD005A
:10599000891E009104F00041084304D100986D195C
:1059A0006441401E009042466846002FCDE9014503
:1059B00003A902DD01F007FB01E001F0DCFABAF116
:1059C000000F04460D4601D084F0004440F2FF77FA
:1059D00024F00040284303D0C4F30A50B84212D147
:1059E000FFF72AFCC0F80090C4F30A50B8420AD16D
:1059F000AE487844D0E90010C6E9001004F0004138
:105A00000843706069E7C6E9005466E72DE9FF4F77
:105A10001F464FF0000A4FF0FF38454691B0D7E9D6
:105A20000146CDF83CA000F007FAC0680168405C70
:105A30001090B96912986D1C8847396A8146884769
:105A40000028F6D1B9F1FF3F0AD0002E24F4D0642B
:105A500011DDB9F12B0F08D0B9F12D0F0BD102E0F8
:105A6000404615B03AE744F48064B96912986D1C59
:105A70008847761E8146600504A901D52D2000E0E7
:105A80002B20002E01F1010B0DF130088DF81000D4
:105A90003FDDB9F1690F08D0B9F1490F05D0B9F16F
:105AA0006E0F02D0B9F14E0F1CD13B4601A80095F4
:105AB00080E85002DDE912126FF0020002F075FB7F
:105AC000C11CCED10EE0B96912986D1C8847814681
:105AD0001398761E44F4007405600F98401C002E45
:105AE0000F9016DDB9F1300FEDD0B9F1780F02D07B
:105AF000B9F1580F0DD10F9801280AD13B46CDE9D5
:105B00000054DDE91212001F029602F04CFBC11C8A
:105B1000A7D1109989453ED144F0800406E013993D
:105B2000681CAAF1010A44F400740860B9696D1C8C
:105B30001298761E884730288146F0D02BE01099C5
:105B4000894505D1200603D4761E44F0800418E070
:105B5000484601F0E8FB08B3761E0DF123018B45A2
:105B600044F4007408D2A9F130000BF8010B2006B0
:105B700007D5AAF1010003E0200602D40AF10100D2
:105B80008246A00502D51399681C0860B96912986D
:105B90006D1C88478146002ED1DC53E0002E51DD7C
:105BA000B9F1650F02D0B9F1450F4BD1A00549D528
:105BB000B9696D1C1298761E24F440748847002E33
:105BC00081460CDD2B2804D0B9F12D0F07D144F408
:105BD0008074B96912986D1C8847761E8146E0056D
:105BE00001D52D2100E02B2108F8011BCDF8008004
:105BF00021E0761E0DF13901884544F400740CD281
:105C0000A9F1300010F0FF0088F8000002D10099DF
:105C1000884509D908F1010806E0E00501D52448C6
:105C200001E042F20F708246B96912986D1C8847F4
:105C3000814613980560002E04DD484601F073FB91
:105C40000028D6D1F96912988847FF2053468BF86F
:105C5000000088F8000000200A900B9004AA0CA90C
:105C60000AA8FFF7D5FDA00502D46FF00100F8E601
:105C700014F0240F0AD0E00714D13868DDE90A12C5
:105C8000031D3B600068C0E900120BE00AA96846EA
:105C900001F0F2FAE00705D13868009A011D396079
:105CA000006802602846DCE6182C00000E2B00007D
:105CB000F1D8FFFF0268114413780160184670475D
:105CC000D160054979445161044979441162002148
:105CD0001161114600F05CB9EDFFFFFF31020000D9
:105CE000426842B1016811F8013B23B1521EC0E97C
:105CF0000012184670470121C160881E7047426833
:105D00005AB1C368016843B983688B4205D0491E04
:105D1000521CC0E90012002070474FF0FF3070475E
:105D20000FB4002300B589B00CA900910B99CB608A
:105D3000204B7B440693204B7B44079304236FF056
:105D40000042CDE901321D4A7A446B460892024670
:105D5000002002F026FA09B05DF814FB70B5064683
:105D60004FF0FF3015460C46324686B00091CDE923
:105D7000010169460020049004A8FFF7D1FF034603
:105D80000498211825B108B10A4600E022462A608D
:105D900000280DD0002B02DD0098884208D0324642
:105DA000081B69460094CDE9010404A8FFF7B8FF79
:105DB00006B070BDABFFFFFFC3FFFFFFB3010000E4
:105DC0002DE9F04791460F4680460446002614F818
:105DD000015B2DB1FFF724FA0068405DC007F6D1E2
:105DE0002B2D02D02D2D18D0641E4A463946204650
:105DF00000F088FA27B13968A14201D1C7F80080C4
:105E00004FF0020471050BD54042002803DDFFF777
:105E100013FA0460A007BDE8F08746F48066E4E763
:105E20000028F8DAFFF708FA04606FF00040F2E7A4
:105E30000048704734B300200048704754B3002036
:105E4000034640688C46002818BF88423CBF034682
:105E50004068F8D318681844884207D00CF1030052
:105E600020F00700001D411A521A0146081D0A6061
:105E7000FEF700BE30B5B0F10A024FEA900E71F1A4
:105E800000034EEA817EB0EB0E0061EB91014FEA18
:105E9000101E4EEA017E10EB0E0041EB11114FEA8D
:105EA000102E4EEA016E10EB0E0041EB11214FEA6D
:105EB000104E4EEA014E10EB0E0041EB114140181E
:105EC00041F100014FEAD00040EA41704FEAD101B0
:105ED00010EB80054FEA810444EA907444EB01041E
:105EE0006D1944EB0404521BA3414FF0000348BF5B
:105EF0000A3200D530BD401C41F1000130BD10B563
:105F00000446FFF78DF90068005D00F0010010BD48
:105F10002DE9F0411F46044603260168072A01F4D3
:105F2000006004DB08B116A505E016A503E008B182
:105F300015A500E015A521F010002060A069C01E85
:105F4000A0610FB1401EA0612046FEF739FE4FB19F
:105F5000D4E9012138469047206A401C2062C01CC9
:105F6000206206E0206AFAE7D4E9012115F8010B66
:105F70009047761EF8D22046FEF738FEBDE8F08145
:105F80004E414E006E616E00494E4600696E6600DD
:105F90002DE9F34F4FF0000A0C4656468DB0012014
:105FA0000C9001F10C000B9062690B980121904755
:105FB00005002DD0252D2CD0216A8847C0B16269FB
:105FC0000B9801219047216A88470028F7D1626920
:105FD000411E0B98904700E0761CA1690D988847F8
:105FE000216A88470028F7D1E1690D988847DBE7E7
:105FF000A1690D988847A842074601D1761CD3E7CE
:10600000E1690D9888477F1C02D1BAF1000F6FD06B
:106010006BE162690B9800273D46394690472A2874
:1060200004D162690B98012190470125DFF8D082E5
:1060300062690B9801219047A0F130010A290AD228
:106040004745E5DC07EB870100EB4107303FDFD434
:1060500045F01005ECE7E90601D46FF000476C2825
:106060000AD04C2814D0682815D06A280DD074287E
:106070001CD07A281AD01DE062690B980121904744
:106080006C2802D045F0040514E045F002050DE04F
:1060900045F020050AE062690B98012190476828C5
:1060A00002D045F0080505E045F4006562690B98EB
:1060B00001219047C4E9015765283DD019DC5828D3
:1060C0007AD00CDC452837D004DC252826D041289E
:1060D0009ED131E046282FD0472899D12CE05B286B
:1060E00077D0612828D063287CD0642823D15AE057
:1060F000F6E06F2848D008DC66281DD067281BD042
:10610000692821D06E2816D127E0702845D0732841
:1061100068D0752847D078280DD14DE0A1690D9839
:106120008847252805463FF469AFE1690D988847FF
:106130006D1C3FF46AAFD8E00D9923466A466FF0B4
:10614000010002F02EF8C5E045F0400023464FF074
:1061500000026060A80736D43EE0E8077FF447AF4E
:106160002068011D21600068290501D506701BE724
:10617000290701D5068017E7A90703D5F117C0E95C
:10618000006111E706600FE745F0400023464FF03D
:1061900008026060A80716D41EE040F60E0125EA4A
:1061A0000100606016E045F0400023464FF00A020F
:1061B0006060A80707D40FE045F040006060A807C2
:1061C00008D5234610220D996FF00100AFF300802F
:1061D00080E007E0102223460D996FF00100AFF335
:1061E000008077E04FF0000963284F46C8464B46D1
:1061F000CB4602D05B2806D038E0E80601D4012067
:10620000A060012732E06269D4F80CB00B9801213C
:1062100090475E2807D14FF0010949466269D4F8DA
:106220000CB00B989047216939B900210A4603AB9D
:1062300043F82120491C0829FADBD8B3216949B366
:1062400008F1010862690B98012190475D28F4D19B
:10625000B9F1000F09D0002003A951F82020D24342
:1062600041F82020401C0828F7DB03AB20690028F8
:1062700020794FEA40701ED05B462246CDF8008060
:10628000CDE901970D9900286FF0010020DAAFF3F6
:1062900000801FE0C11703AA00EBD1614B1121F070
:1062A0001F0102EB8302411A136801208840034357
:1062B0001360C7E719E00D99224600286FF001002E
:1062C000009702DAAFF3008004E0AFF3008001E052
:1062D000AFF3008000280ADA401C06D10C9820B1E8
:1062E0004FF0FF300FB0BDE8F08F5046FAE7E907F6
:1062F00001D10AF1010A064400200C9054E6000086
:10630000CCCCCC0C2DE9F05F824615468B4600279D
:106310000AF10104B9460078302801D09DB113E09C
:1063200014F8010B0127782803D0582801D045B173
:106330000AE00DB1102D07D1002714F8010B10252C
:1063400002E0082500E00A250026B0460EE005FB25
:10635000080005FB06F101271FFA80F801EB104643
:10636000B6F5803F00D3B94614F8010B294600F07A
:10637000BEF80028EBDABBF1000F05D00FB1641EA8
:1063800000E05446CBF80040B9F1000F06D0FEF70C
:1063900053FF02210160C81EBDE8F09F48EA064095
:1063A000FAE700002DE9F047814616468AB03348E7
:1063B00078440DC88DE80D0030487844801C03AC4B
:1063C0000DC884E80D0041F69B300844372190FB4E
:1063D000F1F290FBF1F5A5F1800501FB12041B3CE5
:1063E00002D56442012000E00020DFF890A0804642
:1063F0000027FA44AAF1BE0A0DE0E00709D03246B0
:10640000684607EB47010AEB810100F0C8FD8DE803
:10641000070064107F1C002CEFD1184F7F44AC3F65
:1064200018E0E80714D007EB04100DF1180A90E803
:106430000E008AE80E00C068F04201D19819089059
:10644000324606A903A800F0AAFD03AB83E80700C3
:106450006D10641C002DE4D132466946B8F1000F7E
:1064600003A802D000F073FD01E000F098FDC9E937
:106470000001C9F808200AB0BDE8F087C01F00007D
:1064800010B500F075FABDE8104000F06BBA754623
:10649000FFF7CEFCAE4605006946534620F00700E4
:1064A000854618B020B5E9F7F3FFBDE820404FF06E
:1064B00000064FF000074FF000084FF0000B21F0EE
:1064C0000701AC46ACE8C009ACE8C009ACE8C009BB
:1064D000ACE8C0098D46704710B5FEF7ADFE006808
:1064E00010BD10B50446FEF7A7FE046010BD3A28A3
:1064F00000D2303820F02002412A01D3A2F1370027
:10650000884201D34FF0FF30704700002DE9FF4F64
:106510001F464FF03C0987B04FF00042DDE91410F0
:1065200001F10108DDF858A002EA40500390002074
:1065300004908346054604460590B969461E0898AE
:106540008847AAF1010A0290BAF1000F37DD0298DC
:106550002E2815D01021FFF7CAFF00282ADB4FF0A4
:10656000010B0499014316D0B9F1000F0BDB4A4629
:10657000C11700F025FA05430C43A9F1040905E011
:106580000120059007E008B145F0010501200490C5
:10659000059800B9361DB969089808F101088847BF
:1065A000BBF1000FAAF1010A0290CDD00999C1F800
:1065B0000080C9E70298702808D0502806D0F969F1
:1065C00008988847BBF1000F14D04FE000200290DC
:1065D0000120BBF1000F049009D0B969089808F1B7
:1065E00001088847AAF10109B9F1000F07DCF96930
:1065F000089888476FF001000BB0BDE8F08F2B289A
:1066000004D02D280CD14FF0FF300490B9690898C0
:1066100008F101088847A9F10109B9F1000FE6DD89
:10662000411CE4D00A21FFF762FF0028DFDB02995A
:1066300008F1010801EB810100EB41000290B9690A
:10664000089888470A21FFF752FF099AA9F1010922
:10665000B9F1000FC2F8008001DD0028E7DAF9691E
:10666000089888470499029800FB016655EA0400DF
:1066700004D004F04041090002D006E0039898E0FD
:10668000A40044EA9574AD00B61E04F00041080071
:1066900002D16D196441761E159810F0240F03D0B5
:1066A0004FF00B095C4803E04FF028096FF07D00C4
:1066B0008246564507DAAAEB06018944B9F1410F33
:1066C00001DD4FF0410901200021A9F1010200F094
:1066D00077F9024628400B462140084301D00121AA
:1066E00000E00021501E029143F1FF31284021407B
:1066F000084301D0012000E000200299834651EABE
:106700000B014FD0002108464FF00000039900F420
:10671000400039B100EB80004FF4400100EBD07035
:1067200001EA60008015012802DD4FF0FF3000E033
:1067300013D0401C36D0029860B3BBF1000F0CD1CF
:106740004A460120002100F03BF92840214008433F
:1067500001D0012000E00020E0B101204A460021E4
:1067600000F02EF9034640190A4661412D1A8C416A
:1067700011D3B9F1400F09DD159810F0240F02D0A4
:10678000AAF1340603E0AAF1170600E0761C002502
:106790004FF0004406E05B1E42F1FF3220EA0305A1
:1067A00021EA0204CAF10100B04206DA1B4903984B
:1067B00008430190002000900EE0039AC4F3D32117
:1067C000E80A0A43164940EA44500A433146CDE9F3
:1067D0000002684600F09CFD159810F0240F0BD0C5
:1067E0001598C00715D13868DDE90012031D3B601C
:1067F0000068C0E900120CE002A8694600F03CFD08
:106800001598C00705D13868029A011D39600068E3
:1068100002604046F0E6000002FCFFFF0000F07F4F
:106820000000F03F2DE9FF4F92461D4685B04FF026
:106830000041DDE9124BDDE914727F1E01EA4B5085
:10684000414940F0FF4940EA0108002122F02000C0
:106850004928049102D04E2828D04CE03BA00126C4
:1068600007C88DE80700A9690698641C88477F1E41
:10687000014606D41DF8060018B121F0200181421E
:106880000BD0E96906988847032E34D0082E32D001
:106890006FF0010009B0BDE8F08F761C032E01D027
:1068A000082EE0D1601CCAF80000DCE7A969069850
:1068B000641C88477F1E2AD420F02000412826D15E
:1068C000A9690698641C88477F1E20D420F0200008
:1068D0004E281CD1A9690698641C88477F1E48F47D
:1068E000002849F48009CAF8004001D4282806D0BD
:1068F000E969069888475FEACB7012D022E0A9695F
:106900000698641C88477F1E01D4002803DAE969D1
:1069100006988847BCE72928F1D1641CCAF80040D2
:10692000E9E71BF0240F07D028680499031D2B60AA
:106930000068C0E9001805E02868021D2A600068A8
:10694000C0F800902046A5E70000F07F494E464978
:106950004E495459000000000446AFF30080204621
:10696000E9F774FC002801D0ECF71CBF7047000069
:1069700010B5012805D0002103A000F034F8012053
:1069800010BD09A1F8E7000053494752544D454D49
:106990003A204F7574206F662068656170206D65C0
:1069A0006D6F7279000000003A2048656170206DBB
:1069B000656D6F727920636F7272757074656400B3
:1069C000B2F120030AD5C2F1200301FA02F120FA44
:1069D00003F300FA02F041EA0301704700FA03F101
:1069E0004FF00000704770B505460C460A2000E0E5
:1069F0006D1CECF7DAFE35B128780028F8D102E0FA
:106A0000641CECF7D2FE14B120780028F8D1BDE860
:106A100070400A20ECF7C9BE5FEA400C08BF91F055
:106A2000000F4FEA8C234FEAC12243EA51514FEA4B
:106A30001C5018BF00F5F0404FEA300018BF41F07D
:106A400000415FEA6C5C00F02980BCF1FF3F08BFA9
:106A500040F080407047130C06BF12044FF0100C3A
:106A60004FF0000C130E04BF12020CF1080C130FB0
:106A700004BF12010CF1040C930F04BF92000CF13F
:106A8000020CD30F04BF52000CF1010C11464FF061
:106A90000002A0F11F00A0EB0C00704711F0004FA6
:106AA00008BF704731F000413FF4D5AF0B0C06BF73
:106AB00009044FF0100C4FF0000C0B0E04BF09023C
:106AC0000CF1080C0B0F04BF09010CF1040C8B0F27
:106AD00004BF89000CF1020CCB0F04BF49000CF17C
:106AE000010CCCF12003A0EB0C0022FA03F302FA14
:106AF0000CF241EA030100F10100704720F07F4CE5
:106B000080EA030023F07F47ACEB070303F57C53D7
:106B100000F0004003F1FF032DE980494FEA154BD7
:106B200009B44FEA144325EA0B4E24EA03480FF256
:106B3000042606EB132749083E785FEA320203FB7E
:106B40000667C7F5000707FB06F64FEA54374FEA1A
:106B5000D64606F1020607FB066CCCF1005C4FEA54
:106B60001C472CEA074C07FB06F40CFB06F504EB6C
:106B700015464FEA961634BF00204FF000404FEA0A
:106B8000D13706FB07FC4FEA1C4C0CFB0BF7D21B62
:106B900003FB0CF761EB07010CFB0EF7B0EB0740B2
:106BA00072EB17420CFB08F734BFA2EB0742B2EBC3
:106BB000074261EB17414FEA0C444FEA910706FB8D
:106BC00007FC4FEA1C4C0CFB0BF7B0EBC74072EB19
:106BD000573203FB0CF734BFA2EBC742B2EBC742FC
:106BE00061EB57310CFB0EF7B0EBC70072EB57723D
:106BF0000CFB08F734BFA2EBC702B2EBC70261EB94
:106C00005771039F4FEA816141EA921104EBCC0472
:106C10004FEAD1374FEA826206FB07FC42EA901244
:106C20004FEA80604FEA1C4C0CFB0BF7D21B03FBB6
:106C30000CF761EB07010CFB0EF7B0EB074072EBB2
:106C400017420CFB08F734BFA2EB0742B2EB074236
:106C500061EB17414FEA8C554FEA910704EB9C24F6
:106C600006FB07FC4FEA1C4C0CFB0BF7B0EBC740D4
:106C700072EB573203FB0CF734BFA2EBC742B2EB07
:106C8000C74261EB57310CFB0EF7B0EBC70072EB5C
:106C900057720CFB08F734BFA2EBC702B2EBC70276
:106CA00061EB577115EB4C254FEA816141EA921176
:106CB0004FEA82624FEAD13742EA901206FB07FCA4
:106CC00044F100044FEA80604FEA1C4C0CFB0BF7C8
:106CD000D21B03FB0CF761EB07010CFB0EF7B0EBCB
:106CE000074072EB17420CFB08F734BFA2EB0742D8
:106CF000B2EB074261EB174115EB1C154FEA8131EE
:106D000041EA92414FEA823242EA90424FEA8030B1
:106D10004FEA0C7644F1000448EA03434EEA0B487C
:106D20004FF0000EB2EB080C71EB030724BF624674
:106D300039464EEB0E0E4FF0000B00185241494100
:106D40004BEB0B0BB2EB080C71EB03077BF1000B69
:106D500024BF624639464EEB0E0E4FF0000B001872
:106D6000524149414BEB0B0BB2EB080C71EB0307A3
:106D70007BF1000B24BF624639464EEB0E0E51EA02
:106D8000020718BF46F0010616EB0E7655F1000219
:106D900054F1000103D5BDE88901BDE80088BDE8D4
:106DA0008901BDE80048B619524141EB0101A3F148
:106DB0000103704780807F7E7D7C7B7A797877764F
:106DC00076757473727171706F6E6E6D6C6C6B6AC8
:106DD0006A69686867666665646463636261616066
:106DE000605F5F5E5E5D5D5C5C5B5B5A5A595958E3
:106DF000585757565655555554545353525252514D
:106E0000515050504F4F4F4E4E4D4D4D4C4C4C4BA2
:106E10004B4B4A4A4A4949494848484747474746E9
:106E20004646454545444444444343434342424225
:106E30004241414146EA0646A3F570534FEA1646E1
:106E400046EA42564FEAD22242EA415210B54FEA90
:106E5000D121A3F1010300F017F820F0004000F168
:106E6000010C00F0004701EB00501146BCF5006F2B
:106E700040EA070000D210BD02484FF0000140EA8E
:106E8000070010BD0000F07F002B26D4770021D032
:106E90001CB54FEA370703B44FF010004FF0100154
:106EA0004FF000000FBCBDE810400BF1010BBBF12F
:106EB000010F08BF5FEA170722BF12F1010211F1AB
:106EC00001014FF0004143F1000300F0004043EAAC
:106ED00000007047F9D35708DAE746EA064613F18F
:106EE000400F4FEA16461FDD13F1200FDFBF164398
:106EF0000A46002120335B42C8D0C3F1200746EA8E
:106F0000064602FA07F74FEA164646EA0706C3F1B5
:106F1000200722FA03F201FA07F721FA03F14FF0F2
:106F2000000342EA0702B1E746EA020646EA0646DD
:106F30004FEA164646EA0106BCBF46EA0646360C4C
:106F40004FF000034FF000024FF000019EE72DE9E3
:106F5000C048934630B491E8380007C831EA400C85
:106F600048BF34EA430C03D5FFF7C8FDFFF78CFF99
:106F7000F0BCBDE800882DE9C048934630B491E8E4
:106F8000380007C831EA400C48BF34EA430C03D547
:106F9000FFF7B4FDFFF74EFFF0BCBDE800882DE918
:106FA000C048934630B491E8380007C810F0804FCD
:106FB00008BF13F0804F03D100F019F8FFF764FF0A
:106FC000F0BCBDE800882DE9C048934630B491E894
:106FD000380007C810F0804F08BF13F0804F03D16E
:106FE00000F005F8FFF726FFF0BCBDE8008820F0B0
:106FF0007F4780EA030023F07F4C07EB0C03A3F5E7
:107000007C5300F00040A3F1FE0392F0000F00F06B
:10701000B38095F0000F00F077802DE901494FEA29
:1070200011404FEA144621EA004800FB06FC24EA1E
:10703000064708FB06F607FB08F800FB07F718EB06
:1070400006484CEB164C4FEA124B18EB07484FEA38
:1070500015464CEB174022EA0B4E0BFB06FC25EACB
:1070600006470EFB06F607FB0EFE0BFB07F71EEBB3
:10707000064E4CEB164C4FF000061EEB074E4CEB49
:10708000174B18EB0B0840F1000018EB0E0B58EBF8
:10709000000840F100008F1A4FF000013CBFC943C7
:1070A000661B14BFB5EB040C00213CBFC943F61BA3
:1070B0004FEA17444EEA8E0E27EA04454FEA1C4772
:1070C00004FB07622CEA074C05FB07F70CFB05F6EF
:1070D00004FB0CFC16EB074642EB174216EB0C4682
:1070E00042EB1C421BEB060658EB0202414146EA0A
:1070F0009E0601D5BDE80189B619524141EB010157
:10710000A3F10103BDE801894FEA14454FEA114795
:1071100024EA054621EA074C05FB07F406FB07F7BE
:107120000CFB06F105FB0CFC11EB074144EB17448B
:107130004FEA124711EB0C4144EB1C4422EA074C86
:1071400005FB07F206FB07F70CFB06F605FB0CFC3C
:1071500016EB074642EB174216EB0C4642EB1C457A
:107160006A1854F1000148BF7047B619524141EB0B
:107170000101A3F10103704795F0000F37D04FEAEA
:1071800011424FEA144721EA024624EA074C02FB67
:1071900007F106FB07F70CFB06F402FB0CFC14EBF3
:1071A000074441EB17414FEA154714EB0C4441EB00
:1071B0001C4125EA074C02FB07F506FB07F70CFB11
:1071C00006F602FB0CFC16EB074645EB174516EBE3
:1071D0000C4645EB1C42121951F1000148BF7047A3
:1071E000B619524141EB0101A3F1010370474FEA87
:1071F00014454FEA114724EA054621EA074C05FBEE
:1072000007F106FB07F70CFB06F24FF0000605FB43
:107210000CFC12EB074241EB174112EB0C4251EB15
:107220001C4148BF7047921841EB0101A3F10103D3
:107230007047490050EAC12018BF04204A0D18BF0A
:1072400040F0010040F2FF72B2EB515F08BF40F026
:107250000200012808BF0520704740F201320020DB
:107260004FF0E04100F06FBF024A0020110700F02C
:107270006ABF000001FDFFFF10B50446D1E900011F
:1072800000F002F8206010BDF8B504460D466A46CD
:1072900000F050F800987E30009000281FDC00229B
:1072A00013462046294600F083FA18D0002140F604
:1072B00008004FF0000006462046294600F0DAF8A4
:1072C000044640F6080006EA00014FF0000034F0E2
:1072D000004004BF0220FFF704F92046F8BD0098E3
:1072E000FF280DDB0220FFF7FCF8002213462046A2
:1072F000294600F05BFC8CBF04484FF0FF40F8BD0E
:1073000020462946BDE8F84000F0B4B8000080FFF0
:1073100010B504460A46D4E90003194600F036F8D1
:10732000C4E9000110BD30380A2801D2012070479D
:107330000020704710B5144600222260114A21F047
:1073400000439342A8BF10BD53EA000208BF10BD1E
:10735000B3F5801FA8BF226807DA362200F0F3FEDB
:107360006FF0350221F000432260DFF81CC06FF39C
:107370001E510CEB23531A4441F0FF5141F00051D0
:10738000226010BD0000F07F02FCFFFF2DE9F041FC
:1073900006460C4640F2FF75174635EA14502BD0CE
:1073A00000221346304600F003FA25D03A46304614
:1073B000214600F0C8FE06460C4635EA145010D0AF
:1073C00000221346304600F0F3F915D10220FFF7F2
:1073D00088F8FFF749FF0A46214662F31E01BDE81F
:1073E000F0810220FFF77DF8FFF737FF0A462146BC
:1073F00062F31E01BDE8F08130462146BDE8F08110
:1074000000B583B00A460021CDE900110146684667
:10741000FEF7A4FCDDE9000103B000BD10B50029B2
:107420000AD00878002807D005487844FDF7B4FE54
:10743000002801D0002010BD0248784410BD000093
:10744000E2100000DA10000010B500290AD0087818
:10745000002807D005487844FDF79EFE002801D09B
:10746000002010BD0248784410BD0000C611000085
:10747000BE11000021F00042A2F16052B2F5801F5F
:1074800001F0004328BFD2F17F6C0BD95FEA001CEA
:1074900043EAC20242EB507018BF704728BF20F089
:1074A00001007047B2F5801FBCBF184670474FEA15
:1074B000410C1CF5001F02D2084600F0DABD70B581
:1074C00000F020FB00000089FFF7F6BF4FF00040FE
:1074D000A0F580007047000002494FF0000000F066
:1074E00000BE00BF0000F87F491058BFC1F1404105
:1074F0005B1058BFC3F140438B42EFF300807047ED
:107500002DE9C04130B4DFF8A0C23CEA111418BF25
:107510003CEA131400F0EC8081EA03051CEA111424
:1075200044EAD57418BF1CEA131500F0C780A4EB19
:1075300005044FF0004545EAC12145EAC32341EA6D
:10754000505143EA525304F17F74994204F50034D8
:107550004FEAC0204FEAC22208BF904200F09C8050
:107560004FEA13650FF24016765D4FEA134506FBAE
:1075700005F7C7F1807706FB07F74FEAD737A7FB78
:1075800003687642C8F58038A7FB06CE38BFA8F15D
:10759000010807FB08E64FF0000EA6FB028CE6FB95
:1075A00003CEDCF1000CCEF1004E38BFAEF1010E7F
:1075B000A6FB0C584FF000074FF00005E6FB0E87C6
:1075C000A1FB08C6A0FB07CE16EB0E0645F1000591
:1075D000E1FB076515F1E04E7EBFA4F580345FEA5C
:1075E00046066D4116F1800745F100054FEA172761
:1075F0004FEA066647EA0567A6F1DE46B6F1805F08
:107600004FEA15251FD9384624F0010C05EBC4714B
:10761000BCF1FE6F01EB0C1102D8F0BCBDE800819B
:1076200024425CBF01F5801E9EEAC47F02D4F0BCF8
:10763000BDE80081244238D4F0BCA1F1C041BDE8CE
:10764000004100F0ADBA4FEAD22242EA43524FEA7B
:10765000D323A7FB02864FEAD02040EA415007FB24
:1076600003661EEA0E0F4FEAD12105FB026658BFE2
:10767000A6EB0056B6EB00564FEA520E4EEAC37E1A
:1076800018EB0E0E56EB530EBDD518EB02085E41FB
:107690007F1C55F10005B6E74FF480154FF0000749
:1076A0004FF000064FF00008ADE7F0BC4FF00000CF
:1076B00001F1C04101F00041BDE8008111EA0C1F59
:1076C0000CEA131500D00CE013EA0C1F00F0258023
:1076D0004FF00000F0BC81EA030101F00041BDE879
:1076E0000081F0BCBDE8004181EA030100F058BA16
:1076F000F0BCBDE8004170B500F004FA097EFC3E24
:1077000000F007B881EA03014FF0000001F00041EA
:10771000704781EA030100F043BAF0BCBDE80041C4
:107720004FF0000021497047FFFDFBF9F7F5F4F237
:10773000F0EEEDEBE9E8E6E4E3E1E0DEDDDBDAD80C
:10774000D7D5D4D3D1D0CFCDCCCBCAC8C7C6C5C46A
:10775000C2C1C0BFBEBDBCBBBAB9B8B7B6B5B4B381
:10776000B2B1B0AFAEADACABAAA9A8A8A7A6A5A46C
:10777000A3A3A2A1A09F9F9E9D9C9C9B9A99999830
:107780009797969595949393929191908F8F8E8ED3
:107790008D8C8C8B8B8A8989888887878685858460
:1077A00084838382828181800000FF070000F87F4C
:1077B00051EA030C17D41CF5801F58BFBCF5801F7D
:1077C00000F10680994218BF704708BF9042704789
:1077D00007D711F5801F58BF13F5801F19D49942A0
:1077E0007047894270471CF5801F08D5BCF5801F83
:1077F000F7D58B4218BF704708BF824270474FF4DD
:10780000001C1CEB410F38BF1CEB430F01D28B4215
:10781000704770B500F076F9922449004FF000519E
:107820004FF08053FFF760BE4FEA41034FEA5353D6
:10783000A3F58063D3F11E03C8BFD3F1210C0CDD87
:107840004FF0004242EAC12242EA505232FA03FCAF
:107850008CEAE17CACEBE1707047102BC4BF0020D8
:10786000704703F5787CBCF1FF3F04D06FF0004215
:1078700082EA2100704770B500F044F949922480F3
:1078800000207047F2E700004FEA1153A3F5806330
:10789000D3F11E03A8BFD3F1200C08DB4FF0004248
:1078A00042EAC12252EA505232FA03F070470942CA
:1078B0000BD4102BC4BF0020704703F5787CBCF1BB
:1078C000FF3F05D04FF0FF3070474FF0000070478A
:1078D00070B500F017F900BF49922480002070476E
:1078E000F0E710F0004248BF4042B0FA80F310FACF
:1078F00003F10AD0C3F11D0303F580634FEA415041
:1079000002EB035202EBD12170474FF000007047A9
:10791000B0FA80F310FA03F10AD0C3F11D0303F5A6
:1079200080634FEA41504FEA035202EBD121704786
:107930004FF000007047000051EA030C17D41CF50B
:10794000801F58BFBCF5801F00F10680994218BF08
:10795000704708BF9042704707D711F5801F58BF86
:1079600013F5801F19D499427047894270471CF55E
:10797000801F08D5BCF5801FF7D58B4218BF704714
:1079800008BF824270474FF4001C1CEB410F38BF08
:107990001CEB430F01D28B42704770B500F0B2F878
:1079A000922449004FF000514FF08053FFF79CBDE7
:1079B000DFF848C170B51CEA111E1EBF1CEA131582
:1079C0009EEA0C0F95EA0C0F00F06F8081EA030429
:1079D00023EA4C134EEAD47E21EA4C1141F4801183
:1079E00043F48013AE44A1FB024CA0FB0365AEF14F
:1079F0007F7E361955EB0C05A1FB034C4CF10003BF
:107A0000A0FB021C16EB0C06654153F10003094272
:107A100018BF46F0010613F4007F0BD14FEA033183
:107A20004FEA0530340341EA155140EA16506FF031
:107A300003020AE04FEAC3214FEAC520F40241EAFB
:107A4000555140EA56506FF0020202EB2E4201EB14
:107A5000025585EACE710AD05FEA440C18BF24F0C3
:107A6000004450F1000041F1000120EAD47040F2DE
:107A7000FE7C624500D270BDA84214BF4FF0804426
:107A80004FF04044002E08BF0024BEF1806FA8BF15
:107A9000A1F1C041BDE8704080F282804FF000004B
:107AA00001F1C04101F0004170479EEA0C0F0CEA61
:107AB000131518BF95EA0C0F06D04FF0000081EAAD
:107AC000030E0EF0004170BD00F01CF88900013E6D
:107AD00000F007B800F009B84FEA430C5FEA5C5CBD
:107AE00008D081EA030100F05BB84FEA410C5FEA7D
:107AF0005C5CF6D14FF00000014970470000FF07C1
:107B00000000F87F0EF1020E2EF0030E5EF8046BFB
:107B1000364205D4012A43EB030515F5001F12D8A0
:107B2000012841EB010C1CF5001F0CD80ED14FEAC7
:107B3000D17C15F5001F0CEB4C0C0CF1020C08BFAE
:107B40004CEBD37C04E04FF0080C01E04FEAD37C0F
:107B50000CEB4C0526FA05F606F00706B6F1040C08
:107B600006D20EEB860CBDE870404CF0010C60476D
:107B7000DFE80CF0090B02024FF000414FF000006B
:107B8000A1F5002170BD19461046012851EB0104F2
:107B900018BFD4F5001484BF002001F0004170BD6F
:107BA0000808A0F500114FEA3101704753EA010CB3
:107BB00017D41CF5801F58BFBCF5801F00F106804C
:107BC0008B4218BF704708BF8242704707D713F532
:107BD000801F58BF11F5801F19D48B4270479B42FC
:107BE00070471CF5801F08D5BCF5801FF7D599425A
:107BF00018BF704708BF904270474FF4001C1CEB41
:107C0000430F38BF1CEB410F01D2994270470FB4AC
:107C10000CBC03BCFFF7C1BE43004FEAD30C4FEAD4
:107C20003C0C43401FBF40070CF1605113F0FE4F66
:107C300070471CF0006F03D100200CF0004170472A
:107C40000CF0004343EA507010B540EACC0000F05D
:107C5000CAF900BF000000924FEA0001FFF7A0BF81
:107C60004FF000414FF00000A1F500217047401097
:107C700058BFC0F14040491058BFC1F14041814256
:107C8000EFF30080704700004FF47F0C1CEAD01225
:107C90001EBF1CEAD11392EA0C0F93EA0C0F00F0FE
:107CA000858090EA010F48BF42F4807240F4000CD6
:107CB00041F400002CF07F4120F07F4000B581426C
:107CC000A2EB03020FF2081CACEB504EC0F1000017
:107CD0009EF800E04FEA4E0E00FB0EFC38BF490054
:107CE0004FEA2C1C02F5FA020CFB0EF34FEACE1EF3
:107CF0004FEA112C4FEAC1210EEB635E42EB2242A8
:107D00000EFB0CFC4FEA1C5300FB03114FEA112C35
:107D10004FEA01310EFB0CFC4FEADC4C00FB0C116E
:107D2000C14228BF09184CEB03335DF804EB10EB9C
:107D3000410143EBC250B2F57C0F38BF704729D5E3
:107D400012F0F00F1CBF00F1C04000F0004070477F
:107D5000008182838485868788898B8C8D8E8F9124
:107D60009293959697999A9C9D9FA0A2A3A5A7A848
:107D7000AAACAEB0B2B3B5B7B9BCBEC0C2C5C7C974
:107D8000CCCED1D4D7D9DCDFE2E6E9ECF0F3F7FAD8
:107D9000FE0000004FEA400C0CF1807CBCF17E4FED
:107DA00028BF7047B0F1C04000F063B990EA010FFE
:107DB0000CEAD11348BF42F48072624538BF634574
:107DC00007D213F47F0F16D080EA010000F00040C4
:107DD000704710B500F007F9097EFC3E00F005B8C9
:107DE00080EA010000F00040704780EA010000F0E6
:107DF000004000F03EB912F47F0F04BF0248704704
:107E000080EA010000F035B90000C07FC10DD1F15A
:107E10009E0206DB4FEA002343F0004323FA02F000
:107E20007047004207D54FEA4001B1F1FE4F02D240
:107E30004FF00000704710B500F0D5F8499224804B
:107E4000002070476FEA20007047000010F00041EA
:107E500048BF4042B0FA80F310FA03F2C3F19D0329
:107E60000BD051EAC35101EB1220530638BF7047C3
:107E700000F1010008BF20F00100704750EA010C3A
:107E800000F113801CF5000F58BFBCF5000F01D4A2
:107E90008842704707D710F5000F58BF11F5000F43
:107EA00015D488427047894270471CF5000F04D5ED
:107EB000BCF5000FF7D5814270474FF0807C1CEB7A
:107EC000400F38BF1CEB410F01D28142704710B503
:107ED00000F089F8922449004FF000504FF0805193
:107EE000FFF7C5BE4FF47F0C1CEAD0121EBF1CEA80
:107EF000D11392EA0C0F93EA0C0F00F0478090EA3E
:107F0000010F48BF42F480724FF0004C4CEA002051
:107F10004CEA012102EB0302A0FB0113A2F50002CF
:107F2000002918BF43F001035B0028BF4FEA330369
:107F300042EB22425FEA132C4CEBC2502EBFBCEB4B
:107F4000436FB2F57C0F70474FEA036CBCF1004FF2
:107F500008BF20F00100B2F57C0F38BF70470BD589
:107F600082F0FF0212F5803FC8BF704700F1C040A9
:107F7000D8BF00F00040704700F5000C5FEA4C0CE1
:107F800048BF7047B0F1C04000F073B890EA010FED
:107F90000CEAD11348BF42F48072624538BF634592
:107FA00004D280EA010000F00040704710B500F0F4
:107FB0001AF800BF8900013E00F007B800F009B8C8
:107FC0005FEA410C5FEA1C6C08D080EA010000F017
:107FD00050B85FEA400C5FEA1C6CF6D14FF00040ED
:107FE000A0F5800070470EF1020E2EF0030E5EF831
:107FF000044B244204D44FEA4102B2F17F4F11D81E
:108000004FEA4003B3F17F4F0CD80ED14FEAD07C3A
:10801000B2F17F4F0CEB4C0C0CF1020C08BF4CEB97
:10802000D17C04E04FF0080C01E04FEAD17C0CEB6E
:108030004C0324FA03F404F00704B4F1040C06D250
:108040000EEB840CBDE810404CF0010C6047DFE8FB
:108050000CF0070802024FF00040A0F5800010BDB0
:108060000846420018BFD2F1807288BF00F000407D
:1080700010BDFF2141EAD050C005704751EA000C05
:1080800000F113801CF5000F58BFBCF5000F01D4A0
:108090008142704707D711F5000F58BF10F5000F48
:1080A00015D481427047894270471CF5000F04D5F2
:1080B000BCF5000FF7D5884270474FF0807C1CEB71
:1080C000410F38BF1CEB400F01D28842704780EA55
:1080D000010081EA000180EA0100FFF7F8BEFDF728
:1080E0002DBA0CF00F03092B08BF082000F05F80A9
:1080F0000A2B0BD0082B18BF704708BF1CF0400F8D
:108100000AD04FF000004FF0000170471CF0400F04
:1081100018BF4FF0004070471CF0100F08D020F03F
:10812000704300F07F4242EAD3014FEA4370704748
:1081300000F0604021F07F4242EA000201F07F40FF
:1081400040EA727070474FF0FF0C4CF4E06C1CEA90
:1081500011531CBF9CEA030C9445C2BFDA4201EBE9
:1081600002517047002B0DD0BCF1000F0FD0002A38
:1081700001F00041A4BF41F0E04141F07F614FF0C8
:108180000000704701F000414FF00000704750EAD6
:1081900001334FF09B0C18BF4CF0806C7FF49CA90E
:1081A0007047FDF733BCFEF7B1B9FEF73BBB1CF4DB
:1081B000801F11D01CF4E02F03D06FEACC314900AE
:1081C00070474FF04050EFF3008222F0704242EAD5
:1081D000000282F3008870474FF000007047666B22
:1081E000D5667C62595E685AA8561453AC4F6C4CE5
:1081F00053495F468E43DD404C3ED83B803944377F
:10820000203515332131432F792DC42B212A902875
:108210001027A0254024EF22AC2176204C1F301ED1
:108220001E1D181C1C1B2B1A431964188E17C1160F
:10823000FC153E158814D81330138E12F2115C1100
:10824000CC104110BB0F3A0FBE0E460ED30D640D7D
:10825000FA0C930C2F0CCF0B730B1A0BC40A710A78
:10826000210AD50989094109FB08B80877083908A6
:10827000FC07C107890752071D07EA06B8068906E9
:108280005A062D060206D805AF05880562053D058C
:108290001905F604000303060104060205000305A0
:1082A0001F1C1F1E1F1E1F1F1E1F1E1F303132339B
:1082B000343536373839414243444546303132331C
:1082C000343536373839414243444546403058000A
:1082D000303132333435363738396162636465663C
:1082E0004030780004000008000000000000000298
:1082F000000100001000000002400000000000A08B
:108300000000000005400000000000C80000000060
:108310000C4000000000409C0000000019400000DC
:108320000020BCBE0000000034400000BFC91B8E0E
:1083300000000004B5400000504BCFD06607E2CFEC
:10834000010000006C4100003E8251AADFEEA7341C
:1083500001000000D9420000DCB5A0E23A301F97CE
:10836000FFFFFFFFB4450000FD25A0C8E9A3C14FF2
:10837000FFFFFFFFFF3F0000000000800000000043
:10838000FF3F0000000000800000000041542B432C
:108390005245470D0A0000000D0A4F4B0D0A000020
:1083A00041544F0D0A00000041542B4353510D0A14
:1083B0000000000041542B524542540D0A000000B9
:1083C0000D0A434F4E4E4543540D0A000D0A2B43F0
:1083D00053513A20000000002B2B2B007B224944F4
:1083E000223A222573222C22534E223A222573222E
:1083F0002C22436D64223A223231222C2241636BBB
:10840000223A223030222C2254696D65223A7B2296
:1084100079656172223A25642C226D6F6E74682230
:108420003A25642C22646179223A25642C22686FF3
:108430007572223A25642C226D696E757465223A34
:1084400025642C227365636F6E64223A25647D7DFA
:108450000000000047455420257320485454502FF5
:10846000312E310D0A486F73743A2025730D0A5569
:108470007365722D4167656E743A2047656E65724B
:10848000616C446F776E6C6F61644170706C69638E
:108490006174696F6E0D0A52616E67653A20627988
:1084A0007465733D25642D25640D0A416363657011
:1084B000743A202A2F2A0D0A436F6E6E6563746921
:1084C0006F6E3A206B6565702D616C6976650D0A7B
:1084D00044657669636549643A2025730D0A0D0A7F
:1084E000000000003886010800000020740D000024
:1084F0006C01000850890108740D002024AC0000B4
:10850000D0010008000000000000F07F1001000012
:1085100043000000F8FFFFFF004040404040404063
:108520004040414141414140404040404040404046
:1085300040404040404040404005020202020202EA
:108540000202020202020202022020202020202039
:10855000202020020202020202029090909090904D
:10856000101010101010101010101010101010100B
:10857000101010100202020202028888888888887F
:10858000080808080808080808080808080808086B
:108590000808080802020202400000000000000073
:1085A00000000000000000000000000000000000CB
:1085B00000000000000000000000000000000000BB
:1085C00000000000000000000000000000000000AB
:1085D000000000000000000000000000000000009B
:1085E000000000000000000000000000000000008B
:1085F000000000000000000000000000000000007B
:10860000000000000000000000000000000000006A
:108610000000000000000000000000001C0000003E
:1086200043000000F8FFFFFF0C0000000E000000F8
:108630000F0000002E000000500600A24A040001B6
:10864000600901020304060708090C6110200502F5
:1086500004060820200680020000200910095000AE
:108660000093320008B9044007CC0F0020CC5F17FC
:10867000A101037C8000011207C6F02C1327000023
:1086800034440000406100006489000009A8000033
:1086900002C300002BE300006E1501001A2C01003C
:1086A000E1520100A9D2000421183010613D0100FF
:1086B000D11401009B7700002DF30008430AD9086C
:1086C00043B3BD084387A00843866A0844073E3E7B
:1086D00000001E180413F5D6280006887E0000034B
:1086E000000170040100040405CA6400061D1000A6
:1086F0000800FF01021C3001091F54013E40E01C2C
:10870000001800474C323032313339383636383180
:1087100038333330363837303438356302F60001B9
:108720003C049112233C031EA05803040C3333393C
:108730002E39362E31302E3235113C063131383853
:10874000338E045C045443509804B005474C485899
:1087500024C0083233343536373810C9E8021306DE
:10876000150A1F304F280579D987B0A40223FFAE20
:108770008983A98E1006D8830108A00412A80812C4
:108780008C0812B41012980812CC0412C0149C0663
:10879000004E554C4C7805011C0FD9CC9973251C03
:1087A0000552701C04F049026C045D7B040519F845
:1087B000D3F0D24C340B33373031323031393031A1
:1087C000690F103133AD032D9506061110D4211019
:1087D00040072D303531312DE20DFF75030D313C51
:1087E000030004C3080700011006174A01087504B6
:1087F00012C3080D7351040A1C01FC69F85F60EA9A
:1088000064066D91040C081039414243444546C04A
:1088100007E0050001E02EE60651143A0E5514E279
:108820000503DB2000012008C1814001C080410414
:10883000610C2108E118A11C011A3001163801361B
:1088400060012E70012F6000FF00C0C101C3030250
:10885000C2C60607C705C5C404CC0C0DCD0FCFCECC
:108860000E0ACACB0BC90908C8D81819D91BDBDAFC
:108870001A1EDEDF1FDD1D1CDC14D4D515D717161C
:10888000D6D21213D311D1D010F03031F133F3F22C
:108890003236F6F737F53534F43CFCFD3DFF3F3E0C
:1088A000FEFA3A3BFB39F9F83828E8E929EB2B2A9C
:1088B000EAEE2E2FEF2DEDEC2CE42425E527E7E65C
:1088C0002622E2E323E12120E0A06061A163A3A2CC
:1088D0006266A6A767A56564A46CACAD6DAF6F6E4C
:1088E000AEAA6A6BAB69A9A86878B8B979BB7B7A7C
:1088F000BABE7E7FBF7DBDBC7CB47475B577B7B69C
:108900007672B2B373B17170B0509091519353526B
:108910009296565797559594549C5C5D9D5F9F9E8B
:108920005E5A9A9B5B99595898884849894B8B8A1B
:108930004A4E8E8F4F8D4D4C8C44848545874746DB
:1089400086824243834181800A22407F00000000EA
:0400000508000131BD
:00000001FF
