:020000040800F2
:10180000A0B80020711C0008791A00087B1A000893
:101810007F1A0008831A0008871A000800000000D9
:101820000000000000000000000000008B1A00080B
:101830008D1A0008000000008F1A0008DD52000811
:101840008B1C00088B1C00088B1C0008ED980008FE
:101850008B1C00088B1C00088B1C00088B1C0008CC
:101860008B1C00088B1C00088B1C00088B1C0008BC
:101870008B1C00088B1C0008F9E600088B1C000874
:101880008B1C00088B1C00088B1C00088B1C00089C
:10189000D3A700088B1C00088DA700088B1C00082C
:1018A0008B1C00088B1C00088B1C00088B1C00087C
:1018B0008B1C00088B1C00088B1C00088B1C00086C
:1018C0008B1C00088B1C00088B1C00088B1C00085C
:1018D0008B1C0008BDE500088B1C00088B1C000851
:1018E0008B1C00088B1C00088B1C00088B1C00083C
:1018F0008B1C00088B1C00088B1C00088B1C00082C
:101900008B1C00088B1C00088B1C00088B1C00081B
:1019100021E700088B1C0008555000088B1C0008AC
:101920008B1C00088B1C00088B1C000829E8000891
:1019300000F002F800F07DF80AA090E8000C824464
:101940008344AAF10107DA4501D100F072F8AFF241
:10195000090EBAE80F0013F0010F18BFFB1A43F08D
:10196000010318476CCC01008CCC01000A444FF0F5
:10197000000C10F8013B13F0070408BF10F8014BEE
:101980001D1108BF10F8015B641E05D010F8016B33
:10199000641E01F8016BF9D113F0080F1EBF10F897
:1019A000014BAD1C0C1B09D16D1E58BF01F801CBBA
:1019B000FAD505E014F8016B01F8016B6D1EF9D53D
:1019C0009142D6D370470000002300240025002652
:1019D000103A28BF78C1FBD8520728BF30C148BF92
:1019E0000B60704767291CF03C80692918F0F0856E
:1019F000642918F0ED85782918F02686732919F0E6
:101A0000AE83002070471FB59DE8030019F0DCF895
:101A100019F0D0FE0400002000211BF0C1F9401C89
:101A20006060002000211BF0D1F9E0601FBD10B5FF
:101A300010BD1AF0EEF91146FFF7E5FF00F014F8BB
:101A40001AF04CFC03B4FFF7F2FF03BC03F0CEFF27
:101A500080F308887047024802490160FEE70000F1
:101A60000CED00E00100FA0503F098FE03F040FCE5
:101A700001E003F0EAFCFCE7704700BFFEE700BFAF
:101A8000FEE700BFFEE700BFFEE770477047704704
:101A90000CB50020019000906C48006840F4803044
:101AA0006A49086000BF6948006800F4003000908F
:101AB0000198401C0190009818B90198B0F5A06FEA
:101AC000F1D16248006800F4003010B101200090AC
:101AD00001E0002000900098012843D15C48006894
:101AE00040F010005A4908600846006820F00300E2
:101AF00008600846006840F00200086053484068EB
:101B0000524948600846406848600846406840F4CA
:101B1000806048600846406820F47C1048600846B1
:101B2000406840F4E81048600846006840F0807063
:101B3000086000BF4548006800F000700028F9D038
:101B40004248406820F00300404948600846406829
:101B500040F00200486000BF3C48406800F00C00C4
:101B60000828F9D10CBD10B5FFF792FF10BD10B5D4
:101B70003648006840F00100344908600846406873
:101B800034490840314948600846006832490840F5
:101B90002E4908600846006820F480200860084646
:101BA000406820F4FE0048604FF41F008860FFF793
:101BB000DAFF4FF000602949086010BD10B5002120
:101BC00000200022214B5B6803F00C0121B10429A5
:101BD00006D0082928D107E0214B224C236027E0BA
:101BE0001F4B204C236023E0184B5B6803F47010FC
:101BF000164B5B6803F48032022303EB904022B95A
:101C0000194B4343174C23600DE0104B5B6803F402
:101C1000003323B1144B4343124C236003E0104BB9
:101C20004343104C236003E00D4B0E4C236000BF78
:101C300000BF064B5B68C3F303130C4CE15C094B1C
:101C40001B68CB40074C236010BD00000010024011
:101C5000002002400000FFF8FFFFF6FE08ED00E064
:101C600000127A000000002000093D00040000205E
:101C70000948804709480047FEE7FEE7FEE7FEE720
:101C8000FEE7FEE7FEE7FEE7FEE7FEE7044805495C
:101C9000054A064B704700006F1B00083119000809
:101CA000A0B20020A0B80020A0B40020A0B4002062
:101CB00031490143314A1160704770B5002100235A
:101CC0000F22C47804B32D4C246804F4E064C4F5F6
:101CD000E064210AC1F10403CA40447804FA03F124
:101CE0008478144021430901254C0678A1550478D5
:101CF00004F01F050124AC4005786D11AD0005F11D
:101D0000E025C5F8004109E0047804F01F0501242E
:101D1000AC401C4D0678761145F8264070BD1A4A35
:101D20000A400243154B1B1F1A60704739B1134A12
:101D3000121D12680243114B1B1D1A6006E00F4A68
:101D4000121D126882430D4B1B1D1A607047042838
:101D500008D14FF0E021096941F004014FF0E02281
:101D6000116107E04FF0E021096921F004014FF013
:101D7000E0221161704700000000FA050CED00E060
:101D800000E400E080E100E080FFFF1F10B50120CB
:101D900001F014FD002001F011FD10BD2A4908607A
:101DA00070472949091F0860704727498431086036
:101DB000704701460020254A10884FF67F421040A8
:101DC0000843224A10807047014600201F4A1088AD
:101DD0004FF68072104008431C4A1080704708B5C7
:101DE00000220092194A2C3A0092009A0244009272
:101DF000009A116008BD08B5014600200090134804
:101E00002C3800900098084400900098008808BD85
:101E10000D489C300068C0B270470C4808300088FC
:101E200040F0010009490831088070470648A03099
:101E30000068C0B2704705480830008840F00200D2
:101E4000024908310880704704860D422C6C00401E
:101E500010B50446FE48844209D10121480601F02C
:101E6000A0FC00214FF0007001F09BFC08E0012174
:101E7000880601F096FC00214FF0806001F091FC93
:101E800010BD30B5024600200023146824F002047F
:101E90001460146844F00104146000E05B1C546892
:101EA00004F001041CB94FF6FF74A342F6D1546844
:101EB00004F001040CB900206CE08C79012C04D1F1
:101EC000146844F08004146003E0146824F0800473
:101ED0001460CC79012C04D1146844F040041460DF
:101EE00003E0146824F0400414600C7A012C04D13F
:101EF000146844F02004146003E0146824F0200403
:101F000014604C7A012C04D1146844F0100414605D
:101F100003E0146824F0100414608C7A012C04D1BE
:101F2000146844F00804146003E0146824F0080402
:101F30001460CC7A012C04D1146844F004041460B9
:101F400003E0146824F0040414608C78A407CD78AE
:101F500044EA05640D7944EA05444D7944EA0554A0
:101F60000D886D1E2C43D461146824F001041460A4
:101F7000002300E05B1C546804F001041CB14FF620
:101F8000FF74A342F6D1546804F001040CB10020A0
:101F900000E0012030BD10B50021837A012202FA51
:101FA00003F1AC4A126842F00102AA4B1A60A94A36
:101FB0001C3212688A43A74B1C331A60027BCAB9D1
:101FC000A44A0C3212688A43A24B0C331A6042882E
:101FD000C38842EA03439F4A4032847A42F834304D
:101FE0000288838842EA03439A4A4032847A02EBA9
:101FF000C4025360027B012A19D1964A0C3212683E
:102000000A43944B0C331A604288038842EA034324
:10201000904A4032847A42F83430C288838842EA57
:1020200003438C4A4032847A02EBC4025360C27A82
:102030003AB9884A121D12688A43864B1B1D1A60E2
:1020400006E0844A121D12680A43824B1B1D1A6067
:10205000028932B97F4A143212688A437D4B1433A5
:102060001A600289012A06D17A4A143212680A4398
:10207000784B14331A60427B012A06D1754A1C3210
:1020800012680A43734B1C331A60724A126822F0BA
:102090000102704B1A6010BD00218171C171017283
:1020A00041728172C1728170C1700321017102217C
:1020B00041710121018070476649096841F00101C1
:1020C000644A11601146096843F60E729143614AF1
:1020D00011601146096841EA002111601146096842
:1020E00021F001011160704721B1026842F4803291
:1020F000026003E0026822F4803202607047E1B1BE
:10210000026842F0800202604FF4C272125842F438
:1021100080734FF4C27213504FF4CA72125842F4D3
:1021200080734FF4CA7213504FF4D272125842F4B3
:1021300080734FF4D27213501BE0026822F08002C9
:1021400002604FF4C272125822F480734FF4C272CC
:1021500013504FF4CA72125822F480734FF4CA72AB
:1021600013504FF4D272125822F480734FF4D2728B
:102170001350704710B502460020936803F0806347
:10218000B3F1806F00D110E0936803F00063B3F106
:10219000006F01D1012008E0936803F08053B3F190
:1021A000805F01D1022000E00420042879D002F5EC
:1021B000C07303EB00131B6803F0010402F5C07346
:1021C00003EB00131C600B7A7BB94B7A0C8843EA53
:1021D000445302F5C07404EB00142468234302F551
:1021E000C07404EB0014236010E00B7A4C6843EADF
:1021F000C4034C7A234302F5C07404EB0014246832
:10220000234302F5C07404EB001423608B7A03F0BF
:102210000F038B7202F5C07303EB00135B6823F0AE
:102220000F0402F5C07303EB00135C6002F5C0738A
:1022300003EB00135B688C7A234302F5C07404EB54
:10224000001463608B7B1C064B7B44EA034403E071
:1022500000640040006600400B7B44EA0323CC7A14
:10226000234302F5C07404EB0014A3608B7C1C06AE
:102270004B7C44EA03440B7C44EA0323CC7B23439A
:1022800002F5C07404EB0014E36002F5C07303EBC5
:1022900000131B6843F0010402F5C07303EB001345
:1022A0001C6010BD10B50246002321B1012907D0E2
:1022B00002290FD109E09068F94C00EA04030BE011
:1022C0009068F84C00EA040306E09068F64C00EAD7
:1022D000040301E0002300BF00BFF44C181BA3421D
:1022E00016D007DC83B16FF08060184470B102280B
:1022F00018D111E0B0F5007F10D0ED4C204448B16A
:10230000B0F5003F0ED10BE002230DE000230BE0FF
:10231000002309E0002307E0012305E0012303E097
:10232000012301E0002300BF00BFD8B210BD21B1DE
:10233000012907D002290FD109E0826842F080020A
:1023400082600AE0826842F40042826005E08268AE
:1023500042F40002826000E000BF00BF704710B589
:1023600000F5D87303EB01131B6803F00403137229
:10237000137A53B900F5D87303EB01131B6840F2CD
:10238000FF7404EA5353136009E000F5D87303EBBC
:1023900001131B686FF0604404EAD303536000F537
:1023A000D87303EB01131B6803F00203537200F5AB
:1023B000D87303EB01135B6803F00F03937200F50E
:1023C000D87303EB01135B681B0AD37400F5D87351
:1023D00003EB01139B68D37200F5D87303EB011371
:1023E0009B681C0A147300F5D87303EB01139B68F8
:1023F0001C0C547300F5D87303EB01139B681B0E80
:10240000937300F5D87303EB0113DB68D37300F506
:10241000D87303EB0113DB681C0A147400F5D8733E
:1024200003EB0113DB681C0C547400F5D87303EB49
:102430000113DB681B0E937421B9C36843F02003BA
:10244000C36003E0036943F02003036110BD21B9B9
:10245000C26842F02002C26003E0026942F020023A
:10246000026170470246002019B9D36803F00300E7
:1024700006E0012903D1136903F0030000E0002006
:10248000704710B502460B4600204FF6FF71BBB9EE
:10249000146824F0020444F00104146000E0491EB2
:1024A000546804F00304012C01D00029F7D15468CA
:1024B00004F00304012C01D0002032E0012030E0C0
:1024C000012B13D1146824F00304146000E0491EAA
:1024D000546804F003040CB10029F8D1546804F0E6
:1024E00003040CB100201CE001201AE0022B17D1DC
:1024F000146824F0010444F00204146000E0491E52
:10250000546804F00304022C01D00029F7D1546868
:1025100004F00304022C01D0002002E0012000E0BE
:10252000002010BD014600200A6822F0010242F09E
:1025300002020A604A6802F00302022A00D1012066
:10254000704701464FF6FF7200200B6823F002032C
:102550000B6000E0521E4B6803F00203022B01D116
:10256000002AF7D14B6803F00203022B00D00120B0
:102570007047014600208A6902F0700070470146EA
:1025800000208A69100E7047014600208A69C2F354
:10259000074070471AB143690B43436102E0436946
:1025A0008B434361704710B50246002001F470036D
:1025B00043B19369C1F3130423400BB101202DE013
:1025C00000202BE001F0807343B15368C1F3130482
:1025D00023400BB1012021E000201FE001F0006347
:1025E00043B19368C1F3130423400BB1012015E0FC
:1025F000002013E001F0007343B1D368C1F313046A
:1026000023400BB1012009E0002007E01369C1F36A
:10261000130423400BB1012000E0002010BD002274
:10262000244B994202D10023836111E0C1F31302CC
:1026300001F000730BB1C2600AE001F080630BB1DE
:10264000026105E001F000630BB1826000E04260CE
:1026500070470246002002EA01030BB1012000E0AE
:102660000020704770B504460D460026606928407A
:10267000002872D0B5F5807F69D01DDC082D42D0CE
:1026800006DC012D2DD0022D31D0042D7FD134E078
:10269000102D3ED0202D42D0402D78D145E00000B5
:1026A00003000004000300080000031000010008FC
:1026B0000001FFF77000F030B5F5004F61D009DC84
:1026C000B5F5007F4AD0B5F5806F4DD0B5F5006FF8
:1026D0005DD150E0B5F5803F2DD0B5F5003F56D126
:1026E0002FE0A0685549FFF7B4FF064651E0E068C7
:1026F0000321FFF7AEFF06464BE0E0680821FFF735
:10270000A8FF064645E0E0681021FFF7A2FF064655
:102710003FE020690321FFF79CFF064639E020696E
:102720000821FFF796FF064633E020691021FFF7E6
:1027300090FF06462DE060680821FFF78AFF0646F5
:1027400027E060681021FFF784FF064621E0A069BA
:102750000121FFF77EFF06461BE01BE0A069022176
:10276000FFF777FF064614E0A0690421FFF771FF29
:1027700006460EE00BE0A0697021FFF76AFF0646EF
:1027800007E060680421FFF764FF064601E00026C9
:1027900000BF00E00026304670BDB1F5007F3AD0A2
:1027A0000FDC202928D006DC01291CD004291DD0EB
:1027B000082940D11DE0402921D0B1F5807F3AD1D0
:1027C00026E0B1F5004F31D006DCB1F5806F25D0A1
:1027D000B1F5006F2FD124E0B1F5803F12D0B1F5F3
:1027E000003F28D111E0154A826025E00822C2602E
:1027F00022E01022C2601FE0082202611CE01022C9
:10280000026119E00822426016E01022426013E0E3
:102810000422426010E0042242600DE00422426083
:102820000AE0002282610422426005E00022826107
:102830000422426000E000BF00BF704701010100B8
:1028400001684FF6FE721140016000210160416095
:102850008160C1608D49884208D18C490839496836
:1028600041F00F01894A083A51608AE087491431E2
:10287000884208D185490839496841F0F001834A06
:10288000083A51607DE081492831884208D17F496A
:102890000839496841F470617C4A083A516070E037
:1028A0007A493C31884208D178490839496841F46D
:1028B0007041764A083A516063E074495031884269
:1028C00008D172490839496841F470216F4A083AC1
:1028D000516056E06D496431884208D16B4908392E
:1028E000496841F47001694A083A516049E0674912
:1028F0007831884208D165490839496841F07061EA
:10290000624A083A51603CE06149884206D1011FA1
:10291000096841F00F01021F116032E05C49143177
:10292000884208D15A49091F096841F0F001584A04
:10293000121F116025E056492831884208D15449B8
:10294000091F096841F47061514A121F116018E0B3
:102950004F493C31884208D14D49091F096841F46B
:1029600070414B4A121F11600BE0494950318842B7
:1029700007D14749091F096841F47021444A121FD1
:102980001160704710B50022026847F6F0739A4351
:102990000C6A8B6823430C6923434C6923438C697D
:1029A0002343CC6923434C6A23438C6A23431A4351
:1029B0000260CB6843600B6883604B68C36010BDE6
:1029C0000021016041608160C160016141618161FC
:1029D000C161016241628162704721B1026842F0C7
:1029E0000102026004E002684FF6FE731A400260C2
:1029F00070471AB103680B43036002E003688B431E
:102A000003607047416070470146486880B2704774
:102A100001460020002201F080531BB11C4B083BF3
:102A20001A6802E0194B083B1A6802EA01030BB16D
:102A3000012000E00020704700F0805119B11449D6
:102A4000091F086002E011490839486070470146D3
:102A50000020002201F080531BB10D4B083B1A6887
:102A600002E00A4B083B1A6802EA01030BB101209D
:102A700000E00020704700F0805119B10449091F9F
:102A8000086002E0014908394860704708000240C8
:102A90000804024001460020FE4A106800F0380099
:102AA000084310607047FB49096821F00801F94AA2
:102AB000116011460968014311607047F5490968C2
:102AC00021F01001F34A11601146096801431160B9
:102AD0007047F148EF494860F04848607047EE4859
:102AE000EC494860ED4848607047EA48006940F0AA
:102AF0008000E84908617047E648006940F08000BE
:102B0000E449086170470420E249C96801F0010105
:102B100009B101200EE0DF49C96801F0040109B1E3
:102B2000022007E0DB49C96801F0100109B1032068
:102B300000E00420704700B502460423FFF7E3FFDE
:102B4000034603E0FFF7DFFF0346521E012B01D1CE
:102B5000002AF7D102B90523184600BD30B5044656
:102B600004254FF43020FFF7E6FF0546042D17D16A
:102B7000C848006940F00200C6490861084644613F
:102B8000006940F0400008614FF43020FFF7D3FFA8
:102B90000546C048006941F6FD710840BD4908611D
:102BA000284630BD10B504244FF43020FFF7C3FF92
:102BB0000446042C16D1B748006940F00400B5491A
:102BC00008610846006940F0400008614FF4302079
:102BD000FFF7B1FF0446AF48006941F6FB710840BA
:102BE000AC490861204610BD00B502460423FFF73A
:102BF0008AFF034603E0FFF786FF0346521E012BC0
:102C000001D1002AF7D102B90523184600BD10B53D
:102C100004244FF43020FFF7E7FF0446042C16D1BC
:102C20009C48006940F004009A4908610846006920
:102C300040F0400008614FF43020FFF7D5FF044614
:102C40009448006941F6FB710840924908612046AA
:102C500010BD00208F49C96901F0020109B10120AE
:102C600000E00020704730B5A5250424FFF7F1FFF0
:102C700000B100254FF43020FFF75DFF0446042C1F
:102C80003AD185488349886084488860084600694D
:102C900040F0200008610846006940F040000861EB
:102CA0004FF43020FFF747FF0446042C1BD179482E
:102CB000006941F6DF7108407649086108460069FD
:102CC00040F01000086176480580E002FFF733FF0E
:102CD0000446052C10D06F48006941F6EF7108409A
:102CE0006C49086108E0052C06D06A48006941F685
:102CF000EF71084067490861204630BD78B5064647
:102D00000C46042500200090E802FFF714FF05465A
:102D1000042D24D15F48006940F001005D4908613D
:102D20003480E802FFF707FF0546042D10D1B01CE0
:102D30000090200C00990880E802FFF7FCFE054691
:102D40005448006941F6FE7108405249086106E0A6
:102D50005048006941F6FE7108404E490861284616
:102D600078BD70B504460D460426F002FFF7E3FE79
:102D70000646042E11D14748006940F0010045493C
:102D800008612580F002FFF7D6FE0646414800693B
:102D900041F6FE7108403F490861304670BD70B58C
:102DA00005460E460424E002FFF7C5FE0446042C47
:102DB00017D1394837498860384888600846006923
:102DC00040F0100008612E80E002FFF7B4FE0446D8
:102DD000052C06D02F48006941F6EF7108402D49B7
:102DE0000861204670BD2DE9F04304464FF6FF769A
:102DF0003746B046B1460425E443E6B2C4F307279C
:102E0000C4F307484FEA1469E802FFF794FE054649
:102E1000042D49D120481F49886020488860084611
:102E2000006940F010000861FF2E06D01C480830F1
:102E30000680E802FFF77FFE0546042D08D1FF2F2C
:102E400006D017480A300780E802FFF774FE0546EF
:102E5000042D0AD1B8F1FF0F07D011480C30A0F8AB
:102E60000080E802FFF767FE0546042D0AD1B9F19C
:102E7000FF0F07D00A480E30A0F80090E802FFF7D5
:102E80005AFE0546052D0FD00248006941F6EF7144
:102E9000084007E00020024023016745AB89EFCDE1
:102EA00000F8FF1F664908612846BDE8F08330B589
:102EB000054604244FF43020FFF73DFE0446042C61
:102EC00041D160485E4988605F4888600846006973
:102ED00040F0200008610846006940F040000861A9
:102EE0004FF43020FFF727FE0446042C22D154482B
:102EF000006941F6DF7108405149086108460069E0
:102F000040F0100008611DB100205049088002E027
:102F1000A5204E4908804FF43020FFF70CFE0446F0
:102F2000052C10D04648006941F6EF71084044492D
:102F3000086108E0052C06D04148006941F6DF71C0
:102F400008403F490861204630BDF0B505460E46B1
:102F5000174604243B483A4988603B488860E002B1
:102F6000FFF7E9FD0446042C19D13548006940F00B
:102F700010003349086147F0F800304328433349D3
:102F8000891C0880E002FFF7D6FD0446052C06D018
:102F90002B48006941F6EF71084029490861204635
:102FA000F0BD2748C069800870472548006A70470F
:102FB00000202349096801F0200109B1012000E047
:102FC0000020704729B11E4A126902431C4B1A6146
:102FD00004E01B4A12698243194B1A61704701468B
:102FE0000020012908D1164AD26902F001020AB173
:102FF000012008E0002006E0114AD2680A400AB128
:10300000012000E0002070470D49C860704704208F
:103010000B49C96801F0010109B101200EE008491E
:10302000C96801F0040109B1022007E00449C96838
:1030300001F0100109B1032000E0042070470000F6
:103040000020024023016745AB89EFCD00F8FF1F48
:1030500010B50446CC48844208D10121042000F078
:1030600093FB0021042000F08FFB46E0C748844218
:1030700008D10121082000F087FB0021082000F082
:1030800083FB3AE0C248844208D10121102000F0BD
:103090007BFB0021102000F077FB2EE0BD4884422E
:1030A00008D10121202000F06FFB0021202000F03A
:1030B0006BFB22E0B848844208D10121402000F097
:1030C00063FB0021402000F05FFB16E0B348844220
:1030D00008D10121802000F057FB0021802000F062
:1030E00053FB0AE0AE48844207D10121801500F06D
:1030F0004BFB0021A01500F047FB10BD10B50121CE
:10310000084600F041FB0021012000F03DFB10BD0E
:103110002DE9F0410246002500260020002300246E
:10312000002791F803C00CF00F0591F803C00CF0D4
:10313000100CBCF1000F03D091F802C04CEA050559
:1031400091F800C0BCF1000F31D0146800202BE0D2
:103150004FF0010C0CFA00F3B1F800C00CEA0306C2
:103160009E4220D183004FF00F0C0CFA03F7BC43B2
:1031700005FA03FC4CEA040491F803C0BCF1280FE3
:1031800006D14FF0010C0CFA00FCC2F814C00AE0A2
:1031900091F803C0BCF1480F05D14FF0010C0CFAB7
:1031A00000FCC2F810C0401C0828D1D31460B1F84C
:1031B00000C0BCF1FF0F34DD546800202EE000F1A8
:1031C000080C4FF0010808FA0CF3B1F800C00CEA43
:1031D00003069E4221D183004FF00F0C0CFA03F737
:1031E000BC4305FA03FC4CEA040491F803C0BCF1AB
:1031F000280F05D100F1080C08FA0CF8C2F8148069
:1032000091F803C0BCF1480F07D100F1080C4FF052
:10321000010808FA0CF8C2F81080401C0828CED328
:103220005460BDE8F0814FF6FF710180022181708A
:103230000421C17070470246002093680B400BB117
:10324000012000E0002070470146886880B2704786
:1032500002460020D3680B400BB1012000E00020A3
:1032600070470146C86880B270470161704741618C
:1032700070470AB1016100E041617047C160704769
:103280004FF480320A43826181618261826982697E
:10329000704702460020434B18684FF68073184071
:1032A00040EA021008433F4B186070473E49C8612E
:1032B0007047F0B50A46002300240021002500F0E5
:1032C0000046B6F1004F02D1364EF16901E0354EAD
:1032D0007168C0F3034583B200F44016B6F5401F91
:1032E00008D121F070612F4E766826F070662D4F60
:1032F0007E6012E000F48016B6F5801F06D103262A
:1033000006FA05F4A14341F0706106E0460D36016E
:1033100003FA06F6B14341F0706122B1460D360161
:1033200003FA06F6314300F00046B6F1004F02D131
:103330001C4EF16101E01B4E7160F0BD30B5002202
:103340008B071C0F0F2303FA04F2164B08338C1063
:1033500053F824309343134C08348D1044F825302F
:1033600023468C1053F824308C07240F00FA04F401
:1033700023430C4C08348D1044F8253030BD0A49E5
:10338000DC3108607047000000080140000C01407B
:10339000001001400014014000180140001C0140D1
:1033A00000200140000001400000204210B5012132
:1033B000080700F0F6F900214FF0805000F0F1F915
:1033C00010BD2A49086270472849086170470146C4
:1033D0000020274A106820F0E00008431060704782
:1033E0002249A0310860704710B502460020204BEA
:1033F000186820F00300104318601E4B1B6843F050
:1034000004031C4C2360012901D130BF00E020BF20
:10341000184B1B6823F00403164C236010BD14489E
:10342000006840F00400124908600846006840F057
:10343000020008600F48006840F004000D49086071
:1034400000BF00BF30BF704701460020084A5268E5
:103450000A400AB1012000E00020704704490968D1
:1034600041EA8001024A11607047000000000E42EC
:103470000070004010ED00E0DF48006840F00100FF
:10348000DD49086008464068DC490840DA49486080
:1034900008460068DA490840D749086008460068CD
:1034A00020F4802008600846406820F4FE00486050
:1034B0004FF41F0088607047CF49096821F48031BC
:1034C000CD4A11601146096821F480211160B0F5E0
:1034D000803F03D0B0F5802F0ED106E0C6490968C1
:1034E00041F48031C44A116007E0C349096841F4DE
:1034F000A021C14A116000E000BF00BF704710B5B5
:1035000001460022002300204A11012A02D1BA4CB0
:10351000236806E0022A02D1B74C236A01E0B64CC8
:10352000636A01F01F02012494401C400CB1012089
:1035300000E0002010BD38B50020009000240025D8
:1035400000BF3120FFF7DBFF05460098401C0090CC
:103550000098B0F5A06F01D0002DF2D03120FFF718
:10356000CEFF08B1012400E00024204638BD01460A
:103570000020A14A106820F0F80040EAC100106065
:103580007047A04908607047024600209A4B58686F
:1035900020F47C1042EA01031843974B58607047AF
:1035A00098490866704701460020934A506820F009
:1035B00003000843506070478F48406800F00C00DB
:1035C0007047014600208C4A506820F0F000084304
:1035D0005060704701460020874A506820F4E06040
:1035E00008435060704701460020834A506820F429
:1035F000605040EAC1005060704729B17E4A527A5B
:1036000002437D4B5A7204E07B4A527A82437A4BE2
:103610005A7270477B49D8310860704701460020D4
:10362000754A506820F440400843506070470021BC
:10363000714A20321170704A82F82010012802D09D
:1036400004280AD104E001216B4A2032117005E000
:103650000521694A2032117000E000BF00BF7047A9
:103660006949086070476449096A0143624A116206
:103670007047654944390860704730B50021002221
:10368000002400235C4D6D6805F00C0121B1042974
:1036900005D0082923D105E05C4D056022E05B4D93
:1036A00005601FE0544D6D6805F47012524D6D6851
:1036B00005F48034022505EB92421CB9544D554364
:1036C00005600BE04C4D6D6805F400351DB1504DA3
:1036D0005543056002E04D4D5543056002E04B4DFA
:1036E000056000BF00BF444D6D6805F0F001090999
:1036F000484D6B5C0568DD4045603F4D6D6805F4E5
:10370000E061090A434D6B5C4568DD4085603A4DD8
:103710006D6805F46051C90A3E4D6B5C4568DD403B
:10372000C560354D6D6805F44041890B3A4D6B5CC1
:10373000C568B5FBF3F5056130BD29B12E4A526964
:1037400002432D4B5A6104E02B4A526982432A4BB3
:103750005A61704729B1284A92690243264B9A61FF
:1037600004E0254A92698243234B9A61704729B14C
:10377000214AD2690243204BDA6104E01E4AD26931
:1037800082431D4BDA61704729B11B4AD26802435C
:10379000194BDA6004E0184AD2688243164BDA60AB
:1037A000704729B1144A12690243134B1A6104E0AD
:1037B000114A12698243104B1A617047124940390D
:1037C000086070470F49C86470470B49C87170475B
:1037D0000948406A40F080700749486270470146D6
:1037E0000020054A92680A400AB1012000E000204A
:1037F0007047014988727047001002400000FFF8CE
:10380000FFFFF6FE000042428004424200127A00AE
:1038100000093D00140000202400002010B50446DB
:10382000FE48844208D10121C014FFF7ADFF0021FA
:10383000E014FFF7A9FFC4E0B4F1804F08D10121E3
:103840000846FFF7AEFF00210120FFF7AAFFB8E00E
:10385000F348844208D101210220FFF7A2FF002192
:103860000220FFF79EFFACE0EE48844208D1012120
:103870000420FFF796FF00210420FFF792FFA0E04D
:10388000E948844208D101210820FFF78AFF00217E
:103890000820FFF786FF94E0E448844208D1012124
:1038A0001020FFF77EFF00211020FFF77AFF88E04D
:1038B000DF48844208D101212020FFF772FF002158
:1038C0002020FFF76EFF7CE0DA48844208D1012116
:1038D0004014FFF759FF00216014FFF755FF70E017
:1038E000D548844209D10121C804FFF74DFF0021CA
:1038F0004FF40020FFF748FF63E0D048844209D12D
:1039000001210805FFF740FF00214FF48010FFF769
:103910003BFF56E0CA48844209D101214805FFF720
:1039200033FF00214FF40010FFF72EFF49E0C54898
:10393000844208D101214020FFF733FF00214020BD
:10394000FFF72FFF3DE0C048844208D101218020CD
:10395000FFF727FF00218020FFF723FF31E0BB485E
:10396000844208D101218015FFF71BFF0021A0151B
:10397000FFF717FF25E0B648844209D1012108046A
:10398000FFF702FF00214FF48030FFF7FDFE18E043
:10399000B048844209D101214804FFF7F5FE002117
:1039A0004FF40030FFF7F0FE0BE0AB48844208D143
:1039B00001218804FFF7E8FE00214FF48020FFF783
:1039C000E3FE10BD00220288944B98420ED0994B22
:1039D00098420BD0B0F1804F08D0914B984205D05F
:1039E000904B984202D0904B984204D14FF68F737F
:1039F0001A404B881A438D4B984207D08C4B984203
:103A000004D04FF6FF431A40CB881A4302808B88BC
:103A100083850B880385814B98420BD0854B984258
:103A200008D08B4B984205D08A4B984202D08A4BE3
:103A3000984201D10B7A038601238382704770B5C7
:103A4000002400220023058C4FF6FE7635400584C5
:103A5000028C8388048B4FF68F752C40B51E2C404A
:103A60000D882C43751E2A400D892A434D882A4310
:103A70006A4DA8420BD06F4DA84208D0744DA842A1
:103A800005D0744DA84202D0734DA84213D14FF611
:103A9000F7752A404D892A434FF6FB752A408D88D9
:103AA0002A434FF6FF652B404FF6FF552B408D897B
:103AB0002B43CD892B4383800483CD888586028464
:103AC00070BD70B5002400220023058C4FF6EF7600
:103AD00035400584028C8388048B48F6FF752C40A2
:103AE0004FF6FF452C400D884FF6FF7606EA052578
:103AF0002C434FF6DF752A400D8906EA05152A4347
:103B00004D8806EA05152A43444DA84202D0494D86
:103B1000A8421DD14FF67F752A404D894FF6FF769A
:103B200006EA05152A434FF6BF752A408D8806EA36
:103B300005152A434FF6FF352B404FF2FF752B40FA
:103B40008D8906EA85052B43CD8906EA85052B4339
:103B500083800483CD880587028470BD70B50024FE
:103B600000220023058C4FF6FF6635400584028C49
:103B70008388848B4FF68F752C404FF6FC752C4054
:103B80000D882C434FF6FF552A400D894FF6FF76DE
:103B900006EA05252A434D8806EA05252A431F4DD6
:103BA000A84202D0234DA8421DD14FF2FF752A40F2
:103BB0004D894FF6FF7606EA05252A434FF6FF3575
:103BC0002A408D8806EA05252A434EF6FF752B40CC
:103BD0004DF6FF752B408D8906EA05152B43CD89DF
:103BE00006EA05152B4383808483CD88858702846C
:103BF00070BD70B5002200230024058C4EF6FF76C0
:103C000035400584038C8488828B48F6FF752A40F2
:103C10004FF6FF452A400D8820E00000002C0140AF
:103C20000004004000080040000C0040001000406C
:103C30000014004000340140004C0140005001409D
:103C40000054014000180040001C004000200040CB
:103C50000040014000440140004801404FF6FF761B
:103C600006EA05252A434DF6FF752B400D8906EA25
:103C700005352B434D8806EA05352B43FA4DA842FE
:103C800002D0FA4DA84208D14BF6FF752C408D8921
:103C90004FF6FF7606EA85152C4384808283CD8813
:103CA000A0F84050038470BD828B4FF2FF331A405E
:103CB0008283828B4FF6FF7303EA01231A438283C8
:103CC0007047F0B50C461546002200210026078CEF
:103CD0004EF6FF7C07EA0C070784828B018C4FF6B7
:103CE000FF7707EA043640F6FF473A404FF6FF7782
:103CF00007EA05273A434FF6FF7707EA03373A43C7
:103D0000D94FB8420ED0D94FB8420BD0B0F1804F46
:103D100008D0D74FB84205D0D64FB84202D0D64FC0
:103D2000B84206D14DF6FF77394046F48057394303
:103D300005E047F6FF57394044F480573943828302
:103D40000184F0BD828B4FF6F3731A408283828B1D
:103D50000A4382837047F0B50C46154600220021C5
:103D60000026078C4FF6FF6C07EA0C070784828B4E
:103D7000018C4FF6FF7707EA04264FF60C773A409E
:103D80004FF6FF7707EA03172F433A43B64FB8427F
:103D90000ED0B64FB8420BD0B0F1804F08D0B44F20
:103DA000B84205D0B34FB84202D0B34FB84206D1A3
:103DB0004FF6FF57394046F48077394305E04FF21C
:103DC000FF57394044F48077394382830184F0BD42
:103DD000028B4FF2FF331A400283028B4FF6FF73C0
:103DE00003EA01231A4302837047F0B50C461546D7
:103DF000002200210026078C4FF6EF7C07EA0C0713
:103E00000784028B018C4FF6FF7707EA041640F611
:103E1000FF473A404FF6FF7707EA03373A434FF63A
:103E2000FF7707EA05273A438F4FB8420ED08F4FEE
:103E3000B8420BD0B0F1804F08D08D4FB84205D0BA
:103E40008C4FB84202D08C4FB84206D14FF6DF7784
:103E5000394046F01007394305E04FF65F773940A7
:103E600044F01007394302830184F0BD028B4FF602
:103E7000F3731A400283028B0A4302837047F0B542
:103E80000C46154600220021068C4FF6FE773E4078
:103E90000684028B018C4FF60C7632407E1C06EABB
:103EA00003162E433243704EB0420ED06F4EB042D6
:103EB0000BD0B0F1804F08D06D4EB04205D06D4EA2
:103EC000B04202D06C4EB04206D14FF6FD76314082
:103ED00044F00106314305E04FF6F576314044F0F9
:103EE0000106314302830184F0BD70B505460C46DE
:103EF0005D4885420ED05D4885420BD0B5F1804FBC
:103F000008D05B48854205D05A48854202D05A48BD
:103F1000854200D100E000BF208850B92389A288E3
:103F200061882846FFF7ABFFE1882846FFF79EFF30
:103F300025E0208804280AD12389A28861882846A0
:103F4000FFF753FFE1882846FFF742FF17E020887C
:103F500008280AD12389A28861882846FFF7FBFE3A
:103F6000E1882846FFF7EEFE09E02389A2886188F0
:103F70002846FFF7A6FEE1882846FFF795FE70BDAC
:103F80002DE9F04105460C4600260127608808B956
:103F9000022600E00026A088012801D1022700E0C7
:103FA00001272088A0B92389A28861882846FFF7C5
:103FB00066FFE1882846FFF759FF23893A463146D4
:103FC0002846FFF712FFE1882846FFF701FF13E0BC
:103FD0002389A28861882846FFF707FFE1882846E1
:103FE000FFF7F6FE23893A4631462846FFF747FF9A
:103FF000E1882846FFF73AFFBDE8F0810A884B8840
:104000001A438B881A43CB881A430B891A434B896E
:104010001A438B891A43A0F8442070474FF6FF716A
:10402000818000210180C1804180017270470021A0
:10403000018041808180C180018141818181C18174
:104040007047002101804180012181800021C180D1
:10405000018170470021018041808180C180018100
:104060004181818170470000002C014000340140F3
:104070000004004000080040000C004021B102880C
:1040800042F00102028004E002884FF6FE731A40FB
:104090000280704731B1B0F8442042F40042A0F8E9
:1040A000442005E0B0F84420C2F30E02A0F84420FA
:1040B00070471AB183890B43838102E083898B4364
:1040C000838170478182704741EA0203A0F848303B
:1040D00070471AB183890B43838102E083898B4344
:1040E0008381704701894FF6F87211400181704752
:1040F0000A46002101894FF68F731940114301814F
:10410000704730B504460D4629462046FFF7F0FFBC
:10411000208940F00700208130BD2DE9F0410446A0
:104120000D4616461F46602D06D13B4601223146FC
:104130002046FFF75AFE05E03B4601223146204665
:10414000FFF79DFE29462046FFF7D2FF208940F069
:1041500007002081BDE8F08130B50C4600210189BF
:10416000C9B24FF6FF7505EA0325154325432943D8
:10417000018130BD2DE9F04105460E4617469846AF
:10418000002443463A4631462846FFF7E5FF2C898E
:104190004FF6F870044044F007044FF68F70044067
:1041A00044F070042C81BDE8F081F0B504460D4662
:1041B00016461F463B46324629462046FFF7CCFFAF
:1041C000208940F480402081F0BD018582827047C3
:1041D0000A46002101884FF68F7319401143018070
:1041E0007047F0B50C4615461E46002100220023FC
:1041F0000189028B038C4FF6F877394021434FF643
:10420000FC473A4040F201173A434FF6DD773B4016
:104210004FF6FF7707EA06172F433B4301810283DE
:104220000384F0BD0A460021018B4FF68F731940BD
:104230001143018370470A460021018B48F6FF7342
:1042400019404FF6FF7303EA0223194301837047B5
:104250000A460021818B4FF68F73194011438183E9
:1042600070470A460021818B48F6FF7319404FF6CC
:10427000FF7303EA022319438183704721B1028847
:1042800042F08002028004E002884FF67F731A40F9
:104290000280704721B1828842F00402828004E0EB
:1042A00082884FF6FB731A408280704721B1828862
:1042B00042F00802828004E082884FF6F7731A40C9
:1042C0008280704721B1828842F00102828004E03E
:1042D00082884FF6FE731A40828070470A4600219A
:1042E000018B4FF6F77319401143018370470A465B
:1042F0000021018B4FF2FF7319404FF6FF7303EA61
:1043000002231943018370470A460021818B4FF62F
:10431000F77319401143818370470A460021818B4E
:104320004FF2FF7319404FF6FF7303EA022319435C
:10433000818370470A460021018B4FF6FB731940B9
:104340001143018370470A460021018B4FF6FF336A
:1043500019404FF6FF7303EA0223194301837047A4
:104360000A460021818B4FF6FB731940114381836C
:1043700070470A460021818B4FF6FF3319404FF6F4
:10438000FF7303EA02231943818370470A46002121
:10439000018B4FF67F7319401143018370470A4622
:1043A0000021018BC1F30E014FF6FF7303EA0223D4
:1043B0001943018370470A460021818B4FF67F73B2
:1043C00019401143818370470A460021818BC1F354
:1043D0000E014FF6FF7303EA0223194381837047EE
:1043E0000A460021018C4FF6FD73194011430184E8
:1043F00070470A460021018C4FF6F77319401143AC
:10440000018470470A460021018C4FF6DF73194082
:104410004FF6FF7303EA02131943018470470A46FB
:104420000021018C4FF67F7319404FF6FF7303EAAA
:1044300002131943018470470A460021018C4FF68C
:10444000FF5319404FF6FF7303EA02231943018417
:1044500070470A460021018C4FF2FF7319404FF656
:10446000FF7303EA02231943018470470A460021BF
:10447000018C4DF6FF7319404FF6FF7303EA0233C8
:1044800019430184704730B5002301248C40A3B246
:10449000048C9C430484048C02FA01F5ADB22C43D5
:1044A000048430BD30B5002304248C40A3B2048CB6
:1044B0009C430484048C02FA01F5ADB22C430484BD
:1044C00030BD70B503460020002418461830012581
:1044D0008D40ACB21D8CA5431D8409B1082909D1BA
:1044E00000EB6100056825F070050560056815435F
:1044F00005600EE00D1FC5F34E052844056825F440
:10450000E045056005684FF6FF7606EA022635436A
:10451000056070BD21B1028842F00202028004E011
:1045200002884FF6FD731A400280704721B102885D
:1045300042F00402028004E002884FF6FB731A4046
:104540000280704721B1828842F08002828004E0BC
:1045500082884FF67F731A408280704702884FF638
:10456000F7731A40028002880A43028070478288EB
:104570004FF68F731A40828082880A438280704788
:1045800002894FF6F8731A40028102890A430281B8
:10459000704702894FF67F731A40028102890A43ED
:1045A000028170478184704781857047818670479A
:1045B0000187704781877047A0F8401070470288D4
:1045C0004FF6FF431A40028002880A430280704778
:1045D0000146888E70470146088F70470146888FD4
:1045E00070470146B1F8400070470146888C70471B
:1045F0000146088D704702460020138A0B400BB11C
:10460000012000E000207047CA430282704730B5A5
:104610000246002000230024158A05EA010395893B
:1046200005EA010413B10CB1012000E0002030BD07
:10463000CA4302827047000010B50446FB4884421A
:1046400009D101218803FFF79FF800214FF4804032
:10465000FFF79AF832E0F648844209D10121480474
:10466000FFF79FF800214FF40030FFF79AF825E09C
:10467000F048844209D101218804FFF792F8002113
:104680004FF48020FFF78DF818E0EB48844209D101
:104690000121C804FFF785F800214FF40020FFF73F
:1046A00080F80BE0E548844208D101210805FFF7B6
:1046B00078F800214FF48010FFF773F810BD2DE952
:1046C000F04786B005460E460024A24600BFA1462C
:1046D0000027B08900B100BF2F462C8A4CF6FF702E
:1046E0000440F08804432C82AC894EF6F310044059
:1046F000B08831890843718908430443AC81AC8A8E
:104700004FF6FF400440B0890443AC8201A8FEF795
:10471000B4FFC648874202D1DDF810A001E0DDF801
:104720000CA0A88900F4004040B10AEBCA0000EBDD
:104730000A1031684900B0FBF1F807E00AEBCA0043
:1047400000EB0A1031688900B0FBF1F86420B8FB77
:10475000F0F004012009642101FB1089A88900F40C
:10476000004040B1322000EBC900B0FBF1F000F096
:104770000700044308E0322000EB09106421B0FB7D
:10478000F1F000F00F0004432C8106B0BDE8F08783
:104790004FF41651016000218180C18001810C21FC
:1047A000418100218181704710B502460020108AA6
:1047B0004FF2FF0318400B884C8823438C88234317
:1047C000CC8823431843108210BD00210180418012
:1047D0008180C180704721B1828942F40052828178
:1047E00004E082894DF6FF731A4082817047F0B56C
:1047F0000346002400260025002040F66A17B9422F
:1048000000D100BF1846C1F3421401F01F06012772
:1048100007FA06F5012C01D10C3004E0022C01D17D
:10482000103000E014301AB107682F43076002E02F
:104830000768AF430760F0BD1AB1838A0B438382D8
:1048400002E0838A8B4383827047028A4FF6F073BB
:104850001A400282028A0A430282704782894FF21A
:10486000FF731A40828182890A438281704721B195
:10487000828942F00202828104E082894FF6FD7350
:104880001A4082817047028A4FF6DF731A40028213
:10489000028A0A430282704721B1028A42F48042AE
:1048A000028204E0028A4BF6FF731A4002827047CC
:1048B000C1F308028280704701468888C0F308006F
:1048C0007047818941F0010181817047028BD2B22A
:1048D0000283028B42EA012202837047028B02F4B8
:1048E0007F420283028B0A430283704721B1828A8E
:1048F00042F02002828204E0828A4FF6DF731A407F
:104900008282704721B1828A42F01002828204E0E2
:10491000828A4FF6EF731A408282704721B1828AF1
:1049200042F00802828204E0828A4FF6F7731A404E
:104930008282704721B1828942F40042828103E081
:104940008289C2F30E028281704721B1828A42F4C9
:104950000062828204E0828A4FF2FF731A408282F0
:104960007047828A4FF6FB731A408282828A0A431A
:104970008282704721B1828A42F00202828204E080
:10498000828A4FF6FD731A408282704702460020E9
:10499000B1F5007F00D100BF13880B400BB101209F
:1049A00000E00020704701F40072B2F5007F00D1F2
:1049B00000BFCA430280704770B50246002400233E
:1049C0000025002040F66A16B14200D100BFC1F3B5
:1049D000421501F01F03012606FA03F3012D02D14F
:1049E0009689334006E0022D02D1168A334001E059
:1049F000968A33400C12012606FA04F416883440D5
:104A000013B10CB1012000E0002070BD10B50022F0
:104A1000002340F66A14A14200D100BF0A1201240B
:104A20009440A3B2DC43048010BD00000038014074
:104A30000044004000480040004C0040005000404E
:104A400010B50446FA48844208D101214015FEF70A
:104A50009BFE00216015FEF797FE17E0F5488442A3
:104A600008D101210015FEF78FFE00212015FEF769
:104A70008BFE0BE0F048844208D10121C803FEF709
:104A800083FE00214FF40040FEF77EFE10BD30B5DE
:104A90000246002000235068E84C20400D790C6845
:104AA00044EA0524204350609068E54C2040D1E959
:104AB00002542C434D7944EA450420439060D06A67
:104AC00020F470000C7C641EE4B2234340EA0350DF
:104AD000D06230BD00210160017141718160C1600F
:104AE00001210174704721B1826842F001028260A5
:104AF00003E0826822F001028260704721B182687F
:104B000042F48072826003E0826822F480728260E4
:104B1000704710B50023CBB21AB144681C434460FF
:104B200002E044689C43446010BD816841F0080184
:104B300081607047014600208A6802F008020AB1CD
:104B4000012000E000207047816841F0040181608D
:104B50007047014600208A6802F004020AB1012071
:104B600000E00020704721B1826842F4A002826018
:104B700003E0826822F4A0028260704701460020B0
:104B80008A6802F480020AB1012000E00020704728
:104B900010B50A4600210023416821F46041531EEC
:104BA00041EA4331416010BD21B1426842F40062E4
:104BB000426003E0426822F4006242607047F0B550
:104BC00004460D4600200021092D11DDE068A5F105
:104BD0000A0606EB4607072606FA07F18843A5F101
:104BE0000A0606EB460603FA06F10843E0600CE00D
:104BF000206905EB4507072606FA07F1884305EB10
:104C0000450603FA06F108432061072A0FDA606BB4
:104C1000561E06EB86071F2606FA07F18843561E26
:104C200006EB860605FA06F10843606322E00D2ACA
:104C30000FDA206BD61F06EB86071F2606FA07F150
:104C40008843D61F06EB860605FA06F10843206363
:104C500010E0E06AA2F10D0606EB86071F2606FAB1
:104C600007F18843A2F10D0606EB860605FA06F168
:104C70000843E062F0BD21B1826842F48012826094
:104C800003E0826822F48012826070470146C86C9B
:104C900080B2704766484C300068704721B1426866
:104CA00042F48062426003E0426822F48062426023
:104CB000704721B1426842F48052426003E042688A
:104CC00022F48052426070470A460021816821F434
:104CD000E04111438160704721B1826842F4004293
:104CE000826003E0826822F400428260704721B152
:104CF000826842F40212826003E0826822F40212A7
:104D000082607047014600208A6802F400120AB1EE
:104D1000012000E000207047F0B504461546002051
:104D200000220026092911DDE068A1F10A0707EB3E
:104D3000470C072707FA0CF29043A1F10A0707EB8B
:104D4000470703FA07F21043E0600CE0206901EB2B
:104D5000410C072707FA0CF2904301EB410703FAD5
:104D600007F210432061A06BC0F30156EF1C06F15F
:104D7000010CA7EB0C0707EB870C1F2707FA0CF2B7
:104D80009043EF1C06F1010CA7EB0C0707EB87071C
:104D900001FA07F21043A063F0BD10B50A460021E6
:104DA0000023816B21F44011531E41EA03518163BA
:104DB00010BD08B5002300930090009B0B440093A6
:104DC000009B1A6008BD08B50246002000900092C2
:104DD00001F12800009B184400900098006880B200
:104DE00008BD0A4600214168164B19401143416035
:104DF00070474162826270470A460021416821F093
:104E00001F0111434160704740B1094908310968E9
:104E100041F40001064A0832116007E004490831F4
:104E2000096821F40001024A08321160704700004D
:104E30000024014000280140003C0140FFFEF0FF3B
:104E4000FDF7F1FFFFFD3FFF0246002013680B4016
:104E50000BB1012000E000207047CA430260704798
:104E600070B502460020002300240B125568CEB214
:104E700005EA060415681D4015B10CB1012000E0DB
:104E8000002070BD00220A12D34303607047000067
:104E900029B1504A128802434E4B1A8004E04D4A11
:104EA000128882434B4B1A8070474A48001D008885
:104EB00040F010004749091D088070474548001D13
:104EC00000884FF6EF7108404249091D088070477D
:104ED000002140481C300188001F008841EA004042
:104EE000704700B50246FFF7E0FF100C3949183152
:104EF0000880091D0A80FFF7E1FF00BD00B50246EA
:104F0000FFF7D3FFC2F30340324908310880091D7F
:104F10000A80FFF7D3FF00BD00B50246FFF7C5FFCB
:104F2000100C2C4920310880091D0A80FFF7C6FFAC
:104F300000BD00202749103109880907080B2549C1
:104F4000143109880843704700BF2248001D0088BB
:104F500000F020000028F8D070471E48001D00888F
:104F60004FF6F77108401B49091D088000BF19481A
:104F7000001D008800F008000028F8D070470146A6
:104F80000020144A121D12880A400AB1012000E0D4
:104F9000002070470F49091D098881430D4A121DE1
:104FA00011807047014600200A4A121D12880A40EB
:104FB000D0B2084A12880A4012B108B1012000E0BC
:104FC000002070470349091D09888143014A121DC9
:104FD000118070470028004030BF704772B670479C
:104FE00062B6704710B54FF4A060FCF761FE10BDCB
:104FF0007FB505460C4601211020FEF7B8FBADF841
:105000000850ADF804400020ADF80A00ADF80600E5
:1050100001A91948FEF7D6FC012211461648FFF7F0
:1050200048F836208DF8000003208DF801008DF837
:10503000020001208DF803006846FCF73EFE0121C6
:105040000D48FFF71BF800200C4908607FBD0B4995
:105050000860704710B501210748FFF7D8FA01280A
:1050600005D10648006810B1044800688047012156
:105070000148FFF7DDFA10BD0010004028000020B5
:1050800010B56FF00400FCF762FE4FF0E0200069FD
:1050900040F002004FF0E021086142F22830486100
:1050A0000846006940F00100086110BDF0B50446F3
:1050B0000D4600212AE001EB81008A4E56F82000BF
:1050C00010BB01EB810046F82040012001EB810676
:1050D000844F07EB8606707401EB81003E4606EBB9
:1050E0008000456001EB810006EB8000826001EBEF
:1050F000810006EB80000374002001EB810607EBC2
:105100008606F0600846F0BD481CC1B21E29D2DBFD
:10511000FF20F8E710B50146002027E000EB8002F1
:10512000704B53F822208A421ED1002200EB8003EC
:105130006C4C44F8232000EB800304EB83035A7487
:1051400000EB800304EB83035A6000EB800304EB65
:1051500083039A6000EB800304EB83031A7400EB73
:10516000800304EB8303DA60421CD0B21E28D5DB37
:1051700010BD002100EB80025A4B43F8221000EBD7
:10518000800203EB8202517400EB800203EB820287
:10519000516000EB800203EB8202916000EB800221
:1051A00003EB8202117400EB800203EB8202D160F8
:1051B0007047002048E000EB80014A4A02EB810181
:1051C000097CE9BB00EB800102EB8101497C0129EC
:1051D00038D100EB800102EB8101C96881BB00EB93
:1051E000800102EB8101496859B100EB800102EBBB
:1051F00081014968491E00EB80023A4B03EB8202B1
:10520000516000EB8001374A02EB81014968B9B96E
:10521000012100EB8002334B03EB8202D16000EBF3
:1052200080011A4602EB8101896849B100EB8001D7
:1052300002EB8101896800EB800203EB820200E04F
:1052400000E05160411CC8B21E28B4DB704710B5A5
:10525000002440E004EB8400224901EB8000407C04
:10526000012836D104EB840051F8200088B304EB08
:10527000840001EB8000007C012806D104EB84014E
:10528000184A52F82100804723E004EB84001549B6
:1052900001EB8000007CE0B904EB840001EB8000AE
:1052A000C068B0B104EB84010E4A52F82100804777
:1052B000002004EB84010B4A02EB8101C86004EB7F
:1052C0008400114601EB8000806810B92046FFF78A
:1052D00050FF601CC4B21E2CBCDB10BD00B5FFF734
:1052E00068FF00BDD40A0020002000210160704743
:1052F00010B5FFF7C5FE01F046FF02F006F803F017
:1053000065FB03F09FFD02F067FB04F027F804F053
:1053100029FD01F094FE01F098FA04F047F801F03D
:1053200014F901F023FA0CF0D5F913F087FE04F01C
:10533000A8FA02F0F2FA00230A2211464548FFF7C4
:10534000B5FE00230A2208214348FFF7AFFE0123E0
:10535000002211464148FFF7A9FE00230A22052139
:105360003F48FFF7A3FE0123002205213D48FFF738
:105370009DFE00230A2205213B48FFF797FE0123EB
:10538000002205213948FFF791FE00230A2205215A
:105390003748FFF78BFE0123002205213548FFF730
:1053A00085FE0023642208213348FFF77FFE002397
:1053B000322264213148FFF779FE00234FF47A72DC
:1053C00005212F48FFF772FE0023322264212D4869
:1053D000FFF76CFE0023322264212B48FFF766FEA4
:1053E00000234FF47A7264212848FFF75FFE002300
:1053F00042F2107219462648FFF758FE00234FF478
:105400007A7219462348FFF751FE00230A221146FB
:105410002148FFF74BFE00234FF47A7264211F48A6
:10542000FFF744FE0023642219461D48FFF73EFEA5
:1054300000230A2219461B48FFF738FE00230A22E0
:1054400011461948FFF732FE10BD10B5FFF7FFFEF9
:1054500010BD0000957E0008879D0008259E00086D
:10546000AF670008BB6700085F3C0108BD3D01084D
:10547000E16B0008A56C000841940008D1A2000867
:10548000939300084D7F01080D9401088997010846
:105490003D98010843970108CF970108BD9D010879
:1054A000815E0108BD6301082F79000870B50346CD
:1054B0000C4603E014F8015B03F8015B1500A2F150
:1054C0000102F7D170BD30B5034601E003F8011BBE
:1054D0001400A2F10102F9D130BD00B57C494FF4AE
:1054E000F072C8680021FFF7EEFF79494FF470525F
:1054F00088680021FFF7E7FF01207549087400BDA7
:105500000022002105E07248C068405C00B1521CD6
:10551000491CB1F5F07FF6D3642050434FF4F0738B
:10552000B0FBF3F0C0B270472DE9F041064600240D
:10553000A0466748007C10B96549086880471EB9D5
:105540004FF0FF30BDE8F08162480068B6FBF0F034
:1055500085B260480068B6FBF0F100FB116008B14D
:10556000681C85B25C480068441E1BE05848C0684F
:10557000005D20B908F101001FFA80F801E04FF04A
:105580000008A8450DD1002704E05149C968E21977
:105590008D547F1CAF42F8D34E49096804FB01F0DB
:1055A000D0E7641E002CE1DA4FF0FF30CAE770B597
:1055B00005464748007C20B94549086880470120D6
:1055C00070BD46480068854212D242480068B5FB6B
:1055D000F0F13F48C068425C002405E000203C4BED
:1055E000DB680E199855641C9442F7DB0020E7E74E
:1055F0000220E5E72DE9F04105463548007C20B959
:10560000334908688047BDE8F081314880682E1A28
:105610003248006886421ED22E4B1B68B6FBF3F060
:105620002B4BDB68195C2A46002402E0002313554B
:10563000641C284B1B684B43A342F7D8002407E0A7
:105640000023234FFF6800EB040C07F80C30641CA8
:105650008C42F5DBD7E700BFD5E770B5044604B947
:1056600070BD1B488068251AFFF7B8FC2046FFF77D
:10567000C1FFFFF7B5FC00BFF2E770B50546FFF7C5
:10568000ADFC2846FFF750FF0446FFF7A9FC601C5D
:1056900008B9002070BD0E4880682044FAE770B554
:1056A00006460C462046FFF73FFF0546681C08B932
:1056B000002070BD06498968481922463146FFF727
:1056C000F5FE3046FFF7C9FF014880682844F0E73F
:1056D00038000020300000202C0000203400002082
:1056E000012080F3138800BF00BF6548006800F404
:1056F000E06064490843001D61490860BFF3408FC2
:1057000000BF00BFFEE72DE9F05F06460F4690465A
:105710000024B3463D46A14617E068784FEA002AC8
:1057200028788244AD1C2046641C574921F810A0FB
:10573000B4F5806F07D100244FF48062584600F022
:10574000DAF80BF5006B09F10209C145E5D324B184
:10575000A2B24D49584600F0CEF8BDE8F09F10B512
:105760000446206849490840B0F1005F08D16068EC
:10577000474908602068FCF76BF945480068804796
:1057800010BD08B54FF6FF700090022269464148EF
:1057900000F0B1F84048FFF7E2FF08BD3E48384945
:1057A000091F08607047F0B59BB005460E461746C6
:1057B000684600F029F932462946684600F0F9FCAF
:1057C00017A9684600F05AFD002409E0395D17A8C2
:1057D000005D814202D000201BB0F0BD601CC4B24D
:1057E000102CF3DBFF20F7E738B50446221D2B48C9
:1057F0002168FFF7D8FF50B10020009002226946CF
:10580000244800F078F8FCF726F9FF2038BD002086
:10581000FCE738B50446221D20482168FFF7C3FF86
:1058200040B100200090022269461A4800F063F857
:10583000FF2038BD0020FCE70020194908801949E5
:105840000860704710B504462088154909888842C9
:1058500014D1628813490968104BC818211DFFF73D
:1058600052FF0F480088401C0D49088060880D4990
:10587000096808440B490860FF2010BD0020FCE7C0
:105880000CED00E00000FA050C4B00200000FE2F9C
:105890004C000020001400080018000800F801085F
:1058A00050000020540000200146088870472DE970
:1058B000F04105460E461746002407E036F814105E
:1058C0002846FDF74EFAAD1C601C84B2BC42F5DBE5
:1058D000BDE8F08130B503460C461546002207E0CE
:1058E0001846FFF7E1FF24F812009B1C501C82B2FF
:1058F000AA42F5DB30BD2DE9F05F80468A461746A7
:10590000B8F1006F02D33748804501D3BDE8F09F5E
:10591000FDF7DFF8A8F1006B4FEADB25CBF349096F
:10592000C9F58064A74200DC3C464DE04FF00061C1
:1059300001EBC5204A142C49FFF7CCFF00260BE0F1
:1059400009EB0600284931F810004FF6FF71884234
:1059500000D003E0701C86B2A642F1DB00BFA64275
:105960001BDA4FF0006101EBC520FDF7F7F80026C8
:1059700008E03AF8160006EB09011B4A22F811006C
:10598000701C86B2A642F4DB4FF0006101EBC5202B
:105990004A141549FFF78BFF04E022465146404662
:1059A000FFF785FFA74200D10FE06D1C4FF0000903
:1059B0000AEB440AA044381B87B2B7F5806F02DDBA
:1059C0004FF4806400E03C46B0E700BFFDF78DF87F
:1059D00000BF9BE713B50446012201A92046FFF74B
:1059E0008AFF1CBD000004080C530020014600BFC4
:1059F000704700BF704770B504460D46E1B2002005
:105A000008F0A4FD204670BD002101604160FE4900
:105A10008160FE4AC260CA430261FC4AD2434261CD
:105A2000704770B503460024002010E00E5C451C52
:105A30004D5D46EA0526851C4D5D46EA0546C51CBA
:105A40004D5D46EA056543F82450641C001D9042F4
:105A5000ECD370BD2DE9F043C0B080468946D8F83C
:105A60000040D8F80450D8F80860D8F80C704022EC
:105A700049466846FFF7D5FF05EA060027EA050113
:105A8000084300990844E24908440444E00140EA1C
:105A900054642C4404EA050026EA040108430199F1
:105AA0000844DC4908440744380340EA17572744B0
:105AB00007EA040025EA0701084302990844D64989
:105AC00008440644700440EAD6363E4406EA07001D
:105AD00024EA0601084303990844D04908440544D0
:105AE000A80540EA9525354405EA060027EA0501A0
:105AF000084304990844CA4908440444E00140EAC0
:105B000054642C4404EA050026EA0401084305997C
:105B10000844C44908440744380340EA1757274457
:105B200007EA040025EA0701084306990844BE492C
:105B300008440644700440EAD6363E4406EA0700AC
:105B400024EA0601084307990844B8490844054473
:105B5000A80540EA9525354405EA060027EA05012F
:105B6000084308990844B24908440444E00140EA63
:105B700054642C4404EA050026EA04010843099908
:105B80000844AC4908440744380340EA17572744FF
:105B900007EA040025EA070108430A990844A0F52A
:105BA00024404F380644700440EAD6363E4406EAA4
:105BB000070024EA060108430B9908449E4908445B
:105BC0000544A80540EA9525354405EA060027EA7C
:105BD000050108430C990844984908440444E0012D
:105BE00040EA54642C4404EA050026EA0401084310
:105BF0000D990844924908440744380340EA17576E
:105C0000274407EA040025EA070108430E990844DF
:105C10008C4908440644700440EAD6363E4406EAFD
:105C2000070024EA060108430F99084486490844FE
:105C30000544A80540EA9525354405EA070026EA0B
:105C4000070108430199084480490844044460015D
:105C500040EAD4642C4404EA060025EA060108431D
:105C6000069908447A4908440744780240EAD7571D
:105C7000274407EA050024EA050108430B99084474
:105C8000744908440644B00340EA96463E4406EA96
:105C9000040027EA04010843009908446E490844B7
:105CA0000544280540EA1535354405EA070026EA8B
:105CB0000701084305990844684908440444600101
:105CC00040EAD4642C4404EA060025EA06010843AD
:105CD0000A990844624908440744780240EAD757C1
:105CE000274407EA050024EA050108430F99084400
:105CF0005C4908440644B00340EA96463E4406EA3E
:105D0000040027EA0401084304990844564908445A
:105D10000544280540EA1535354405EA070026EA1A
:105D200007010843099908445049084404446001A4
:105D300040EAD4642C4404EA060025EA060108433C
:105D40000E9908444A4908440744780240EAD75764
:105D5000274407EA050024EA05010843039908449B
:105D6000444908440644B00340EA96463E4406EAE5
:105D7000040027EA04010843089908443E490844FE
:105D80000544280540EA1535354405EA070026EAAA
:105D9000070108430D990844384908440444600148
:105DA00040EAD4642C4404EA060025EA06010843CC
:105DB00002990844324908440744780240EAD75718
:105DC000274407EA050024EA050108430799084427
:105DD0002C4908440644B00340EA96463E4406EA8D
:105DE000040027EA040108430C99084426490844A2
:105DF0000544280540EA1535354485EA0600784013
:105E000005990844214943E00123456789ABCDEF5B
:105E100078A46AD756B7C7E8DB702024EECEBDC1A0
:105E2000AF0F7CF52AC68747134630A8019546FD7B
:105E3000D8988069AFF7448BBED75C892211906BEC
:105E4000937198FD8E4379A62108B44962251EF608
:105E500040B340C0515A5E26AAC7B6E95D102FD69E
:105E60005314440281E6A1D8C8FBD3E7E6CDE12173
:105E7000D60737C3870DD5F4ED145A4505E9E3A9D4
:105E8000F8A3EFFCD9026F678A4C2A8D4239FAFFDA
:105E900008440444200140EA14742C4484EA0500B8
:105EA000704008990844FC4908440744F80240EA55
:105EB0005757274487EA040068400B990844F7497C
:105EC00008440644300440EA16463E4486EA070089
:105ED00060400E990844F24908440544E80540EA48
:105EE0005525354485EA0600784001990844ED4976
:105EF00008440444200140EA14742C4484EA050058
:105F0000704004990844E84908440744F80240EA0C
:105F10005757274487EA0400684007990844E34933
:105F200008440644300440EA16463E4486EA070028
:105F300060400A990844DE4908440544E80540EAFF
:105F40005525354485EA060078400D990844D9491D
:105F500008440444200140EA14742C4484EA0500F7
:105F6000704000990844D44908440744F80240EAC4
:105F70005757274487EA0400684003990844CF49EB
:105F800008440644300440EA16463E4486EA0700C8
:105F9000604006990844CA4908440544E80540EAB7
:105FA0005525354485EA0600784009990844C549D5
:105FB00008440444200140EA14742C4484EA050097
:105FC00070400C990844C04908440744F80240EA6C
:105FD0005757274487EA040068400F990844BB4993
:105FE00008440644300440EA16463E4486EA070068
:105FF000604002990844B64908440544E80540EA6F
:106000005525354465EA0700704000990844B149B8
:1060100008440444A00140EA94642C4464EA060065
:10602000684007990844AC4908440744B80240EA6C
:106030009757274467EA050060400E990844A7492E
:1060400008440644F00340EA56463E4466EA04002B
:10605000784005990844A24908440544680540EA87
:10606000D525354465EA070070400C9908449D49E0
:1060700008440444A00140EA94642C4464EA060005
:10608000684003990844984908440744B80240EA24
:106090009757274467EA050060400A9908449349E6
:1060A00008440644F00340EA56463E4466EA0400CB
:1060B0007840019908448E4908440544680540EA3F
:1060C000D525354465EA0700704008990844894998
:1060D00008440444A00140EA94642C4464EA0600A5
:1060E00068400F990844844908440744B80240EACC
:1060F0009757274467EA05006040069908447F499E
:1061000008440644F00340EA56463E4466EA04006A
:1061100078400D9908447A4908440544680540EAE6
:10612000D525354465EA070070400499084475494F
:1061300008440444A00140EA94642C4464EA060044
:1061400068400B990844704908440744B80240EA83
:106150009757274467EA05006040029908446B4955
:1061600008440644F00340EA56463E4466EA04000A
:10617000784009990844664908440544680540EA9E
:10618000D5253544D8F800002044C8F80000D8F8D8
:1061900004002844C8F80400D8F808003044C8F8BF
:1061A0000800D8F80C003844C8F80C0040B0BDE82E
:1061B000F0832DE9F04704460F4615460026B04609
:1061C000B1462088C0F3C508C8F14009206800EB3B
:1061D000C50020602068B0EBC50F02D26068401C8B
:1061E0006060606800EB557060604D451CD304F141
:1061F000180101EB08004A46394614F0B8FB04F1D7
:10620000180104F10800FFF725FC4E4605E0B91916
:1062100004F10800FFF71EFC403606F14000A842DA
:10622000F5D94FF0000800E00026AA1BB91904F1C7
:10623000180303EB080014F09AFBBDE8F08770B573
:10624000034614460022002015E011F822501D5488
:1062500031F82250C5F30726451C5E5551F82250EF
:10626000C5F30746851C5E5551F822502D0EC61CFD
:106270009D55521C001DA042E7D370BD2DE9FC4185
:1062800004460E46002500272088C0F3C505382D9A
:1062900040D2C5F138003FE081F6718722619D6DE3
:1062A0000C38E5FD44EABEA4A9CFDE4B604BBBF63B
:1062B00070BCBFBEC67E9B28FA27A1EA8530EFD40A
:1062C000051D880439D0D4D9E599DBE6F87CA21FF6
:1062D0006556ACC4442229F497FF2A43A72394AB04
:1062E00039A093FCC3595B6592CC0C8F7DF4EFFF12
:1062F000D15D84854F7EA86FE0E62CFE144301A398
:10630000A111084E827E53F735F23ABDBBD2D72A8F
:1063100091D386EBC5F178000746082221466846EE
:10632000FFF78DFF3A4608492046FFF742FF082253
:1063300069462046FFF73DFF102204F10801304670
:10634000FFF77DFFBDE8FC815C00002008B501205F
:10635000B94B002204210090104604F059FF04219B
:10636000002004F0DEFF0420B44B002280210090C6
:10637000104604F04DFF0420B04B1B1F0122812169
:106380000090002004F044FF8021002004F0C9FFA9
:106390008121002004F0C5FF2020A84B1B1D0122F5
:1063A00082210090002004F033FF6422822100202B
:1063B00004F09EFF0420A24B00229621009010467C
:1063C00004F026FF04209F4B01229721009000201B
:1063D00004F01EFF9621002004F0A3FF9721002067
:1063E00004F09FFF0420984B012298210090002088
:1063F00004F00EFF9821002004F093FF08BD7047C1
:106400001CB504460121914800EB840000230422BE
:10641000CDE90001214640F2371004F096FC042239
:10642000214640F2371004F02CFD042104EB8400D7
:1064300000EBC400864A02EBC000001D002380224E
:10644000CDE90001214640F2371004F07EFC042122
:1064500004EB840000EBC4007D4A02EBC000012382
:106460008122CDE90001214640F2371004F06DFC95
:106470008022214640F2371004F003FD812221469C
:1064800040F2371004F0FDFC202104EB840000EB07
:10649000C4006F4A02EBC000083001238222CDE91C
:1064A0000001214640F2371004F04FFC64238222A1
:1064B000214640F2371004F0C2FC0421654800EB8D
:1064C000C40000239622CDE90001214640F2371096
:1064D00004F03BFC04215F4800EBC400001D0123D5
:1064E0009722CDE90001214640F2371004F02DFC3F
:1064F0009622214640F2371004F0C3FC9722214631
:1065000040F2371004F0BDFC042104EB4400524A71
:1065100002EB800001239822CDE90001214640F2E0
:10652000371004F012FC9822214640F2371004F094
:10653000A8FC1CBD10B50120FFF762FF0220FFF789
:106540005FFF0320FFF75CFF10BD00B587B002F0CE
:1065500074F900F007008DF8040002F06EF900F005
:1065600007008DF805003D48006804903B48001D79
:1065700000680590394808300068069002F05DF91F
:1065800030B941F23710ADF806003548029011E0FD
:1065900002F053F900F0080030B142F23710ADF8C4
:1065A00006002F48029005E040F23710ADF80600D3
:1065B0002B48029001A805F03FF9BDF8060000F451
:1065C000805080B106F0CFFCFFF7B4FF00230A2211
:1065D00005212448FEF76AFD0123002211462248C6
:1065E000FEF764FD25E0BDF8060000F4005080B120
:1065F00007F019FCFFF703FF00230A2205211948C1
:10660000FEF754FD0123002211461848FEF74EFD07
:106610000FE007F008FCFFF799FE00230A2205218E
:106620001048FEF743FD0123002211460F48FEF7F4
:106630003DFD07B000BD00001C0400203C5F0020B1
:10664000A46700209867002064640020B2670020DF
:10665000F05D00205A5D002074670020E8F7FF1FFE
:10666000010002036DBC000891D0000891DF000812
:1066700000215548007D01430A015348407D42EA0C
:10668000101129B1A1F2151028B1222805D100E07E
:1066900000BF012070470220FCE70120FAE710B597
:1066A00004460A2221461F2008F047F910BD2DE9B3
:1066B000F04180460C461546DDE906672A4621462C
:1066C000112008F03AF9BDE8F081F8B505460C460E
:1066D0001646A5F11000102843D2DFE800F00809A3
:1066E00014191B1D1F2324292F424231323C3AE04A
:1066F000AFF245000022134621460090284600F0E4
:1067000025F90020F8BD284600F074FE0020F9E7C6
:106710000020F7E70020F5E70020F3E7284600F027
:106720005BF820E01FE0207801F0FBF80020E9E7AB
:106730002146284600F0A3FC0020E3E70020E1E723
:1067400011E0204600F0A3FD00221146284608F083
:10675000F4F80020D6E7AFF2B901204611F0E7FBCC
:1067600001E00220CEE700BF0020CBE710B51648BD
:1067700000F0A3FD41F23710134908800120887012
:10678000124848600C2212490F480830FEF78EFE6E
:106790000D4808F061F8AFF2CD0008F065F808F098
:1067A00098FD0C4808F04EFBFFF762FF10BD10B5D6
:1067B00008F021FE08F059F910BD10B508F03AFEB6
:1067C00008F008FA10BD00000C5B00200609030069
:1067D000E8F7FF1F6FF4000870B5054600240AE0D3
:1067E0002146002000F092FF81B2FA4800EB4400FD
:1067F0000180601CC4B2082CF2DB00240BE02146AF
:10680000012000F083FF81B2F248203000EB440009
:106810000180601CC4B2082CF1DB00240BE021468F
:10682000022000F073FF81B2EA48403000EB4400E0
:106830000180601CC4B2082CF1DB6122E549491ECD
:10684000284608F07AF870BD70470020E24981F8C8
:10685000F90181F8F801642081F8EB010020A1F82A
:10686000F001A1F8EE01A1F8EC01012081F8EA01A4
:10687000002081F8E80181F8FA0181F8E90181F846
:10688000FB0181F8E10181F8E001142081F8E201C7
:10689000704770477047D04890F8E201704710B5D4
:1068A0000446CD4890F8E20108B9002010BDCA495D
:1068B00091F8E01101EB4101C74A02EBC100182237
:1068C0002146FEF7F3FDC44890F8E001401CC249A0
:1068D00081F8E001084690F8E201401E81F8E201EB
:1068E000084690F8E001142802D1002081F8E00168
:1068F000FF20DBE710B50446B74890F8E201142802
:1069000001D1002010BDB44890F8E10100EB400037
:10691000B14A02EBC00118222046FEF7C7FDAE487F
:1069200090F8E101401CAC4981F8E101084690F87B
:10693000E201401C81F8E201084690F8E1011428C8
:1069400002D1002081F8E1010120DBE72DE9F043CD
:1069500087B080460C4616461F46DDF8389025461F
:10696000A9788DF81210E9788DF8131028788DF831
:10697000100069788DF81110CDF81490CDE90267F8
:106980008DF800806846FFF78AFF07B0BDE8F08306
:10699000914981F8FA0170478F4890F8FA017047E1
:1069A00070B50446207C00F08BFF002842D1022005
:1069B000894981F8F801207C00F056FF18BB207C43
:1069C00002F0A9F818B9207C02F0B4F820B1E07CFC
:1069D000401EE074012070BD7F4890F8EB01002854
:1069E0003FD17D4890F8F90158B101207A4981F8EA
:1069F000F801084690F8F901401E81F8F9010220DB
:106A0000E9E70320E7E7207C00F02EFF0546012D93
:106A10000ED1207C02F07FF818B9207C02F08AF8B1
:106A200020B1E07C401EE0740520D4E70420D2E7CA
:106A30000620D0E7207C00F034FF012811D1207C13
:106A400002F069F818B9207C02F074F848B1E07CD3
:106A5000401EE074627CA17C207C00F042FE01209C
:106A6000B9E70020B7E770B5044600265B48007818
:106A700030B1012811D0022827D003280CD150E0D2
:106A80000020554981F8F8010120544908704FF45D
:106A90007A705149A1F8F00190E0627CA17C207CE1
:106AA00000F0F0FD80B1207C02F035F8207C02F08F
:106AB00041F86420484981F8EB01022047490870F9
:106AC00014204549A1F8F00178E0207C00F0F8FEA0
:106AD000022825D1207C02F01EF8207C02F02AF842
:106AE00001F07DF820B13C4890F8F801012804D16C
:106AF0000020394981F8F90103E00120364981F885
:106B0000F9010120344981F8F80103203349087064
:106B10004FF47A703049A1F8F001642081F8EB015C
:106B20004CE02046FFF73CFF0546072D44D2DFE846
:106B300005F004050E1720313A003DE0FF26002045
:106B40002649087014202449A1F8F00134E00120FE
:106B5000224908704FF47A701F49A1F8F0012BE028
:106B6000032600201D49087014201B49A1F8F001DC
:106B700022E0627CA17C207C00F0DBFD08B10426D1
:106B800000E0012600201549087014201249A1F8E0
:106B9000F00111E0052600201049087014200E496C
:106BA000A1F8F00108E0022600200C49087014202A
:106BB0000949A1F8F00100BF00BF00BF00BF0648AF
:106BC000B0F8F00118B90E260020044908703046CC
:106BD00070BD000069010020305B0020C901002069
:106BE00000B5F84890F8F80102280BD1F54890F864
:106BF000EB01002806DDF34890F8EB01401EF14957
:106C000081F8EB01EF48B0F8F401642807DAED48A9
:106C1000B0F8F401401CEB49A1F8F40105E0FFF7DE
:106C200013FE0020E749A1F8F401E648B0F8F001AE
:106C3000002806DDE348B0F8F001401EE149A1F864
:106C4000F001E048B0F8EE01002806DDDD48B0F8BC
:106C5000EE01401EDB49A1F8EE01DA48B0F8EC0184
:106C6000002806DDD748B0F8EC01401ED549A1F850
:106C7000EC01D448B0F8F201002806DDD148B0F8A4
:106C8000F201401ECF49A1F8F201CE48B0F8F6015A
:106C9000002806DDCB48B0F8F601401EC949A1F82E
:106CA000F60100BD7CB5C74890F8FA010B2835D233
:106CB000DFE800F006343534343434F7F6F5F40008
:106CC000C148FFF717FE28B30120BE4981F8E9014A
:106CD000BD48807CBD498870BB48C07CC870BA483C
:106CE000007C0870B848407C487003204871B84860
:106CF000C1F80600B748C1F80A00B748C1F80E004D
:106D00000846007818B9FFF7B3FC012803D1022028
:106D1000FFF73EFE02E00720FFF73AFE73E1AA48C4
:106D2000FFF7A1FE04462046042C7BD007DC68B1A7
:106D300001280CD0022825D0032807D13EE00528E1
:106D40006ED00E286DD0FF28F7D1C7E0E9E0A34848
:106D50009E49C1F806009F48C1F80A00002008714A
:106D60009948406950B19848C1688068CDE90001F0
:106D70009549087812224B69944998470920FFF7F2
:106D800007FECEE09548401E9049C1F806009148A4
:106D9000C1F80A00002008718B48406950B18A4947
:106DA000D1E90201CDE900018749087812224B6937
:106DB000864998470920FFF7EBFDB2E084488349F4
:106DC000C1F806008648C1F80A00002008717D4815
:106DD00090F8FB01401C7B4981F8FB01084690F8C4
:106DE000FB01022804DC7849087C01F08EFE20B10A
:106DF0007B48401C7549C1F80A007348406950B18E
:106E00007149D1E90201CDE900016F4908781222E8
:106E10004B696E4998470920FFF7BAFD81E001E010
:106E20001CE03FE06D48801E6849C1F806006C48D0
:106E3000C1F80A00002008716348406950B16248F7
:106E4000C1688068CDE900015F49087812224B696A
:106E50005E4998470920FFF79BFD62E000205949F1
:106E600081F8FB015D48801E5849C1F80600594869
:106E7000C1F80A00012008715348406950B15248D6
:106E8000C1688068CDE900014F49087812224B693A
:106E90004E4998470920FFF77BFD42E0ABE042E016
:106EA00085E053E04D48401C4849C1F806004C4875
:106EB000C1F80A00002008714348406950B14248B7
:106EC000C1688068CDE900013F49087812224B690A
:106ED0003E4998470920FFF75BFD22E03B490878CF
:106EE00002F086FA0020374981F8FB01384837491B
:106EF000C1F806003748C1F80A000120087132487D
:106F0000406950B13048C1688068CDE900012E4920
:106F1000087812224B692D4998470920FFF738FD60
:106F200000BF00BF6FE032202649A1F8F6012748D4
:106F3000007818B9FFF79CFB012803D10A20FFF75E
:106F400027FD02E00820FFF723FD5CE003F056FA7E
:106F5000054635B1EE2D0FD0FE2D03D0FF2D24D1E7
:106F600006E022E01C4865301849C1F80E001CE01C
:106F70000220FFF70DFD18E00020144908711648A3
:106F80006630C1F80E001048406950B10E48C16823
:106F90008068CDE900010C49087812224B690B4941
:106FA00098470A20FFF7F4FC00BF00BF2BE003F076
:106FB00061FA0546B5B1EE2D17D0FE2D13D0FF2D89
:106FC00017D111E0305B0020305D0020485D0020CB
:106FD000888A0100708E0100B0AD0100B78B0100FE
:106FE0000190010005E000BF00BF0A20FFF7D0FCC0
:106FF00000BF00BF07E00548B0F8F60110B9002057
:10700000FFF7C6FC00BF00BF7CBD0000305B002066
:1070100010B5044614B901F073FF10BD3C4800EBF5
:10702000C400C079F9E710B504461CB901F06BFF44
:10703000C0B210BD364800EBC4008079F9E710B546
:10704000344800F0FBF8334B9A7859781B7803F0FA
:10705000010001F05CFF04222E492D48FEF726FABC
:1070600004222C49091D2A480830FEF71FFA042281
:107070002849083126481030FEF718FA10BD38B5F7
:1070800005460C46207820B9E278A178607801F0B6
:107090003EFF617820781F4A12F8200061F300005B
:1070A000217802F82100A078217802EB8101487054
:1070B000E07840B2217802EB81018870104600F040
:1070C000A6F861782078124A12F8300061F30000C7
:1070D000217802F83100A078217802EBC1014870D4
:1070E000E07840B2217802EBC101887020788DF8F9
:1070F000000000208DF8020001208DF80100002022
:107100008DF8030004226946284607F016FC38BDB6
:107110005A5D0020725D00200146AA4830F8110037
:107120007047A94890F8FE007047A74890F8FC0007
:107130007047F0B50346002400201A4600BF03E064
:1071400015682844121D641CB4EB910FF8D301F0AC
:10715000030555B101F00306C6F10406F7004FF030
:10716000FF36FE40156835402844F0BD02460B4608
:10717000002104E0505C08B100207047491C99428E
:10718000F8D3FF20F9E710B59048914908604FF413
:10719000D0718F480068FFF7CCFF04468C48006828
:1071A000D0F8A001A04223D1E4B94FF4D0718848AF
:1071B0000068FFF7DBFFFF280ED14FF4D071824843
:1071C000FFF7B7FF04468048C0F8A041D22201462D
:1071D0007E48FEF790FB19E0D2227B497B48FEF700
:1071E00079FB13E0D22278497848FEF773FB0DE073
:1071F0004FF4D0717448FFF79CFF04467248C0F802
:10720000A041D22201467148FEF775FB10BD70B552
:1072100004460C2221466C482430FEF747F94FF40F
:10722000D0716948FFF785FF05466748C0F8A0514F
:10723000D22201466548FEF75EFB70BD10B50446DC
:107240000C22614924312046FEF730F910BD70B59B
:107250000446CC2221465C483030FEF727F94FF433
:10726000D0715948FFF765FF05465748C0F8A0514F
:10727000D22201465548FEF73EFB70BD10B50446CC
:10728000CC22514930312046FEF710F910BD70B5BF
:107290000446242221464C48FEF708F94FF4D071E9
:1072A0004948FFF746FF05464748C0F8A051D2229B
:1072B00001464648FEF71FFB70BD10B50446242268
:1072C00041492046FEF7F2F810BD70B50446802211
:1072D00021463C482030FEF7E9F84FF4D0713A4897
:1072E000FFF727FF05463848C0F8A051D2220146D3
:1072F0003648FEF700FB70BD10B5044680223149C8
:1073000020312046FEF7D2F810BD10B500243148D8
:1073100031490860582130480068FFF70AFF0446E9
:107320002D480068806DA04220D1CCB92A48006861
:1073300000884AF2A00188420CD058212748FFF764
:10734000F8FE0446254884652E2201462148FEF7B2
:10735000D2FA17E02E2221491E48FEF7BBFA11E0AF
:107360002E221E491B48FEF7B5FA0BE058211B4898
:10737000FFF7DFFE0446194884652E2201461548B2
:10738000FEF7B9FA10BD10B5044654221349091D81
:107390002046FEF78BF810BD70B5044654222146F6
:1073A0000E48001DFEF782F858210C48FFF7C1FE79
:1073B00005460A4885652E2201460648FEF79BFAD7
:1073C00070BD0000D0020020D001002000D80308CA
:1073D000CC01002000EC0308740300207803002097
:1073E0000120A349087070470020A1490870704728
:1073F0007047704710B5044605209E49087001216A
:107400009C48C170017165209A49A1F801000221D0
:107410009848C171012101726521A0F80510002171
:10742000C172012101736621A0F809100121C17305
:1074300001746621A0F80D100221C17401210175AB
:107440006621A0F8111003208A4948750021894857
:1074500081750121C1758176C17602218177012173
:10746000C1770320834981F822000021814880F8F8
:107470002310012180F82410014691F82300FFF722
:10748000D2FD01467B4880F82610002180F82710A5
:1074900080F82810012180F8291080F82A10014670
:1074A00091F82900FFF7BFFD0146724880F82C10C3
:1074B000002180F82D1080F82E10022180F82F1066
:1074C000012180F83010014691F82F00FFF7ABFD45
:1074D0000146684880F83210002180F8331080F8A7
:1074E00034100220634981F835000121614880F899
:1074F000361080F837106049C0F83A10012180F842
:107500003810022180F83E10012180F83F105A49BE
:10751000C0F84210012180F840100520554981F83B
:1075200046000021534880F8471080F84810012198
:1075300080F8491080F84B10002180F84C10012190
:1075400080F84D1080F84F10002180F85010012174
:1075500080F85110022180F85310002180F8541057
:10756000012180F85510022180F85710002180F881
:107570005810012180F859105B220146204607F07F
:10758000DCF910BD10B5044604203C490870002009
:10759000487000213948017181700121C1700021BA
:1075A0004171017201218171C17141720021017328
:1075B00081720121C1720221417300210174817322
:1075C0000121C17304220146204607F0B6F910BD1F
:1075D00010B5044605202949087000204870002194
:1075E0002648017181700121C17041710021017231
:1075F00001218171C17141720021017381720121E8
:10760000C172022141730021017481730121C17390
:10761000022141730021017481730121C17304228D
:107620000146204607F089F910BD10B586B0044622
:1076300002208DF8040001208DF8050001218DF84D
:1076400006108DF807100E49CDF8091002218DF8AB
:107650000D1001218DF80E108DF80F100849CDF88E
:107660001110112201A9152007F067F906B010BD0D
:10767000D80300207E5D002078560100D95D0020EF
:107680004023010070B504460E46154624B929462C
:10769000304600F0B7F970BD04EB840000EBC40085
:1076A0008F4901EBC000807808B10020F3E701208A
:1076B00004EB840101EBC401894A02EBC1010871AA
:1076C00004EB840000EBC400114601EBC00086719E
:1076D00004EB840000EBC40001EBC0004571FF2007
:1076E000D9E770B504460D46164624B931462846FA
:1076F00000F098F970BD002004EB840101EBC40197
:10770000774A02EBC101087100BFF3E770B5044688
:107710000D461CB9284600F08AF970BD04EB8400C0
:1077200000EBC4006E4901EBC000083050F82500A2
:10773000F3E770B504460E4615466CB92946204657
:10774000FFF7E4FF04EB840101EBC401644A02EBA0
:10775000C101083141F8250004EB840000EBC400AE
:107760005F4901EBC000083050F825100120B040FF
:10777000014009B1012070BD0020FCE7024602EB88
:10778000820000EBC200564B03EBC000283050F8DB
:1077900031007047024602EB820000EBC200504B02
:1077A00003EBC0004078704770B504460E4615469E
:1077B0006CB929462046FFF7E1FF04EB840101EB99
:1077C000C401474A02EBC101283141F8350004EBFE
:1077D000840000EBC400424901EBC000283050F89F
:1077E00035100120B040014009B1012070BD0020DA
:1077F000FCE770B504460D461CB9284600F0C6F9F2
:1078000070BD04EB840000EBC400354901EBC000FF
:10781000283000EBC5004068F2E770B504460E461C
:10782000154674B929462046FFF7E3FF04EB8401AF
:1078300001EBC4012A4A02EBC101283101EBC50169
:10784000486004EB840000EBC400254901EBC00054
:10785000283000EBC50040680121B140084008B164
:10786000012070BD0020FCE710B5044614B900F0FB
:10787000AEF910BD04EB840000EBC400184901EB25
:10788000C0004078F5E710B5044614B900F0A3F93C
:1078900010BD04EB840000EBC400114911F8300066
:1078A000F6E710B5044614B900F099F910BD04EBE1
:1078B000840000EBC4000A4901EBC000C078F5E782
:1078C00010B5044614B900F055F910BD04EB84005E
:1078D00000EBC400024901EBC0008078F5E700002E
:1078E000F05D00201FB5044603208DF80000002045
:1078F0008DF8010001218DF802108DF805108DF82A
:10790000061002218DF8091001218DF80A100D22B0
:107910006946204607F011F81FBD10B502F0E8FDDA
:1079200010BD01212A4A517011460870704710B5E8
:1079300002F047FE02F011FE2649487024484078C4
:1079400018B92348807800B910BD2148407828B97B
:1079500002F016FE00201E49887037E01C4880782F
:1079600010B1012831D105E002F006FE01201849CE
:1079700088702AE002F008FE30BB02F0FAFD70B118
:1079800013480078134908700120887002F0E5FD63
:10799000104948700422182006F0CFFF0DE00C4873
:1079A00000780C4908700020887002F0D6FD094963
:1079B00048700422182006F0C0FF06480BF032F988
:1079C000002003498870487000BF00BF00BFBBE7BC
:1079D000E0030020E503002010B500240CE00021A6
:1079E00004EB440000EB0412FE4840F8221060381B
:1079F00040F82410601CC4B2082CF0DB00F0D0FC6E
:107A000010BD70470246F7487838807C08B10020E6
:107A100070470120F34B783B187518468275417505
:107A2000FF20F5E70022EF4B783B1A7570470146BF
:107A3000EC48603850F8210070470246E948603849
:107A400050F8210001239340184008B101207047ED
:107A50000020FCE70146E348403850F83100704709
:107A60000146E0487838407C704710B50246DD4852
:107A7000403850F831000124944000EA04030BB16F
:107A8000012010BD0020FCE730B5024601EB4100AB
:107A900000EB0114D34800EB8400406801249440BB
:107AA00000EA040393B101EB410000EB0114CD485F
:107AB00000EB84004068984301EB410404EB01159E
:107AC000C84C04EB85046060012030BD0020FCE759
:107AD00030B5024601EB410000EB0114C14800EB58
:107AE000840080680124944000EA040393B101EB10
:107AF000410000EB0114BB4800EB84008068984310
:107B000001EB410404EB0115B64C04EB8504A060C5
:107B1000012030BD0020FCE710B5024601EB41001A
:107B200000EB0114AF4850F824000124944000EA0F
:107B300004030BB1012010BD0020FCE7024601EB5D
:107B4000410000EB0113A74800EB83000C3030F834
:107B500012007047A3487838C0687047024601EBAE
:107B6000410000EB01139F4800EB83002C3030F8FC
:107B7000120070479B487838807C70479948783865
:107B8000017D09B1012070470020FCE701469548BE
:107B9000403800EBC1004068704710B5024691487C
:107BA000403800EBC10040680124944000EA04031F
:107BB0000BB1012010BD0020FCE702460B468948AE
:107BC0007838417C09B1012070470020FCE78548E6
:107BD0007838407C704783487838007C704781480B
:107BE0007838C07C704710B57E487838007D38B151
:107BF00000207D4908707D4908707D49087010BDDE
:107C000079480078052810DA77480078401C7649D2
:107C100008707648007800F001FB7548007800F0A5
:107C20006EFB7348007800F051FB6F480078052820
:107C30007DD100F091FB044604F0010088B1694851
:107C400060386B49097850F8210068490A780121A9
:107C50009140084363496039654A127841F822002F
:107C600010E0604860386249097850F821005F49A7
:107C70000A780121914088435A4960395C4A127858
:107C800041F8220000F06DFB044604F00100B8B199
:107C90005748007800EB400101EB0011514850F8C3
:107CA000210052490A78012191400843504909783E
:107CB00001EB410202EB01124A4941F8220016E0B1
:107CC0004B48007800EB400101EB0011454850F8AB
:107CD000210046490A7801219140884344490978A6
:107CE00001EB410202EB01123E4941F82200002063
:107CF0003D4908703E480078401C3D4908700846E0
:107D0000007808280CD10020087038480078401C02
:107D10003649087008460078102801D10020087004
:107D20003248007800F07AFA3148007800E009E043
:107D300000F0E5FA2E48007800F0C8FA00202A4941
:107D4000087000BF00F028FB26497839C86000BFE2
:107D500055E72DE9F04123487838007D18B12148D6
:107D60007838807C08B9BDE8F0811E487838857D78
:107D7000447D284600F052FA204600F0A7FA00F0B1
:107D8000F0FA804600F0F2FA074600F0F4FA0646F0
:107D900008F0010088B104EB440000EB0411114825
:107DA00050F821000121A940084304EB440101EBF4
:107DB00004120C4941F8220010E004EB440000EBEF
:107DC0000411084850F821000121A940884304EB20
:107DD000440101EB0412034941F8220007F00100BD
:107DE000D8B107E0A05F0020E9030020EA030020EB
:107DF000EB03002004EB440000EB0411EA4800EB25
:107E0000810080680121A940084304EB440101EB93
:107E10000412E54901EB8201886006F0010090B18F
:107E200004EB440000EB0411DF4800EB81004068E4
:107E30000121A940084304EB440101EB0412DA4993
:107E400001EB8201486000F0A1FA81B204EB44002A
:107E500000EB0412D44800EB82000C3020F815101F
:107E600000F08EFA81B204EB440000EB0412CE481D
:107E700000EB82002C3020F8151000F08DFACA4972
:107E80007839C86000BF6EE710B5FFF7ACFEFFF7AA
:107E900060FF10BD2DE9F0410125FFF7A4FEFFF7BB
:107EA00058FFC1487838007D28B9BF487838807CB1
:107EB00008B9BDE8F081BC487838007D40B90021A0
:107EC000B9487838817400F09BF900F08CF969E1C9
:107ED000B5487838807C30B1B3487838C088401CC9
:107EE000B1497839C880B0487838807CF8B94FF407
:107EF0001670AD49783988800121AB487838817493
:107F00000020A9497839C88048800021A6487838DF
:107F100041740020A449783948810874887D00F0B4
:107F20007DF9A1497839487D00F09AF93AE19E48F7
:107F30007838C088052820D19B4A783A517D907DB9
:107F4000FFF7C6FD984A783A517D907DFFF79CFD7A
:107F5000954A783A517D907DFFF7DEFD20B10121F1
:107F600091487838C17403E000218F487838C17493
:107F700002218D487838817414E18B487838C088A4
:107F80000528A4DD884878384088C0B3864878380A
:107F9000C088854978394988401A282897DD824861
:107FA0007838867D477D807D05FA00F47E487838F4
:107FB000417D383000EBC1004068A0437A497839F0
:107FC0004A7D383101EBC201486077487838417DFD
:107FD000383050F83100A043734978394A7D383140
:107FE00041F83200002038394880087500216E4879
:107FF0007838817400F004F900F0F5F8D2E0FFE77A
:10800000694A783A517D907DFFF762FD00284FD094
:1080100065487838867D477D39463046FFF78EFDC6
:10802000642844DD39463046FFF788FDB0F5167FF9
:1080300030DD5D487838807D05FA00F400205A492B
:10804000783908740846417D383000EBC10040683B
:10805000A043554978394A7D383101EBC201486067
:1080600051487838417D383050F83100A0434E49AE
:1080700078394A7D383141F832000020383948805B
:108080000875002148487838817400F0B9F800F08C
:10809000AAF80CE039463046FFF750FD642806DDAB
:1080A00001204149783908740846C088488079E041
:1080B0003D487838C0883C4978398988884224D13D
:1080C00039487838807D05FA00F437487838417DA2
:1080D000383000EBC10040682043334978394A7D8D
:1080E000383101EBC201486001212F4878384174D2
:1080F00000202D497839087500212B487838817483
:1081000000F07EF800F06FF84CE0FFF723FD064624
:108110004FF07E5115F074FC2FD2234878384089F7
:10812000962807DA204878384089401C1E4978395B
:10813000488137E01C487838807D05FA00F41A48F9
:108140007838417D383050F831002043164978396D
:108150004A7D383141F832000221134878384174A1
:10816000002011497839087500210F48783881744A
:1081700000F046F800F037F814E00B487838C08873
:1081800064280FD1084A783A517D907DFFF7C4FCEE
:1081900020B1002004497839087403E00120024925
:1081A0007839087400BF84E6A05F0020B5490968EB
:1081B00021F00F01B34A11601146096800F00F0267
:1081C0001143B04A11607047AE49096821F47061EB
:1081D000AC4A11601146096800F00F0241EA022121
:1081E000A84A116070470120A74908600020A749EC
:1081F000C1F8B401A449091F0860A5494860704747
:108200000120A149203908600020A049C1F894014B
:108210009D49243908609E490860704700B50346AF
:108220009B48006801219940084000B100BDFFF75C
:10823000E7FF1846FFF7BAFF01209349203908608D
:1082400000209249C1F894010120C1F890019048A2
:1082500000680121994008438D49086000BFE5E7A7
:1082600000B503468A48406801219940084000B1A2
:1082700000BDFFF7B8FF1846FFF7A6FF01208249AF
:10828000086000208149C1F8B4010120C1F8B001A3
:108290007F4840680121994008437D49486000BFFC
:1082A000E6E700207B4908607B48006820F00F006B
:1082B0007949086070470020764920310860764887
:1082C000006820F470607449086070477049497A0A
:1082D000814200D170476E49487200216D4A116099
:1082E0006D49096821F00F016B4A11601146096858
:1082F00000F00F021143684A116000BFEAE76449C9
:10830000097A814200D17047614908720021614AAF
:10831000203211606049096821F470615E4A116081
:108320001146096800F00F0241EA02215A4A116021
:1083300000BFE8E7014657485C38006808B10020F4
:1083400070470120FCE7014652487C38006808B1BC
:10835000002070470120FCE710B5012000F0C8F9AB
:1083600010BD10B5002000F0C3F910BD10B50020FD
:1083700000F0D9F910BD10B5002000F0E8F910BDEB
:1083800010B50021084600F04CFA10BD10B50021D0
:10839000084600F03AFA10BD10B500F00AFC10BD16
:1083A00008B501216020FBF7D5F901213B48FAF718
:1083B00080FF10208DF8030003208DF802003F207D
:1083C000ADF8000069462F480C38FAF7A1FE4FF4CB
:1083D0007C50ADF8000069462A480C38FAF798FE40
:1083E00048208DF8030003208DF802002020ADF80E
:1083F0000000694628480C38FAF78AFE10208DF8EC
:10840000030003208DF802001F20ADF8000069462C
:1084100021480C38FAF77CFE4020ADF80000694690
:108420001D480C38FAF774FE48208DF8030003202D
:108430008DF802004FF40050ADF800006946164870
:108440000C38FAF765FE10208DF8030003208DF834
:1084500002004FF4F850ADF8000069460E480C38A1
:10846000FAF756FE00200B49203108600C49C1F88C
:1084700090010120074908310860FFF7B4FEFFF7BB
:10848000BFFE08BD0C180140B40123420000234286
:1084900000620020908122420C1401400002300052
:1084A0000080224200B591B001214FF40470FBF727
:1084B00051F901210846FBF740F900208DF82F0003
:1084C00003208DF82E000F20ADF82C000BA9554885
:1084D000FAF71EFE1020ADF82C000BA95148FAF750
:1084E00017FE5148FCF7ACFA4F484C3000904F480B
:1084F0000190002002903220039000200490802000
:10850000059040000690800007902020089000020F
:10851000099000200A9069464548FAF733FA01218C
:108520004348FAF75AFA00200C9001208DF83400E5
:108530008DF835004FF460200E9000200F9005203C
:108540008DF840000CA93848FCF7A1FA0623012257
:108550000A213548FCF733FB062302220B2132485F
:10856000FCF72DFB062303220C212F48FCF727FBE9
:10857000062304220D212C48FCF721FB06230522AB
:108580000E212948FCF71BFB01212748FCF7ABFA19
:1085900001212548FCF7B2FA01212348FCF7E3FA50
:1085A00001212348FAF719FA1F48FCF7BEFA00BF69
:1085B0001D48FCF7BFFA0028FAD11B48FCF7C4FAA3
:1085C00000BF1948FCF7C5FA0028FAD10121164866
:1085D000FCF7C9FA01211648FAF7FFF911B000BDFE
:1085E00010B503460021042B01DD002010BD002240
:1085F00009E002EB82000D4C04EB400030F8130060
:108600000144501CC2B20A2AF3DB0A20B1FBF0F18C
:10861000B1FBF0F400FB1410052800D9491C88B206
:10862000E4E7000000100140002401400C6200203B
:108630000800024010B50A4600210AE000EB4003A2
:10864000C3EB8014D04B03EB8403D0335A544B1C40
:10865000D9B200EB4003C3EB8014CB4B13F82430AA
:108660008B42EBDC10BD10B500F068FB1F20C64943
:10867000083908600520486001200872C349C248D3
:108680000838C0F8F8100A210020FFF7D3FF0121B5
:10869000BD48083880F8FC10BD49C0F8EC110A212B
:1086A0000120FFF7C7FF0C21B748083880F8F01108
:1086B000B849C0F8E01204210220FFF7BBFF0C21EB
:1086C000B148083880F8E412B349C0F8D413042143
:1086D0000320FFF7AFFF0C21AB48083880F8D81310
:1086E000AE49C0F8C81404210846FFF7A3FF10BD27
:1086F000014601EB4100C0EB8112A34800EB820070
:1087000040687047024602EB4200C0EB82139E486D
:1087100000EB8300406801238B40184008B1012022
:1087200070470020FCE710B5014601EB4102C2EBA7
:108730008113954A02EB8302D068002301EB4102CA
:10874000C2EB8114904A02EB8402D36010BD10B5D5
:10875000014601EB4102C2EB81138B4A02EB83021B
:108760009068002301EB4102C2EB8114864A02EBC0
:108770008402936010BD10B5024602EB4200C0EBCC
:108780008213814800EB8300C06801238B401840AE
:10879000A0B102EB4200C0EB82137B4800EB8300E8
:1087A000C06801238B40984302EB4203C3EB821461
:1087B000754B03EB8403D860012010BD0020FCE75B
:1087C00010B5024602EB4200C0EB82136E4800EB8C
:1087D0008300806801238B401840A0B102EB420067
:1087E000C0EB8213684800EB8300806801238B4054
:1087F000984302EB4203C3EB8214634B03EB840305
:108800009860012010BD0020FCE7024602EB420008
:10881000C0EB82135C4800EB8300103030F811008D
:108820007047024602EB4200C0EB8213564800EB51
:108830008300503030F81100704710B500F0D9FABD
:1088400010BD2DE9F0410446012700257AE007FA22
:1088500005F62846D4F8F0108847C0B304F190001C
:10886000405D20B9002104F1100020F8151004F13A
:10887000100030F815004FF6FF71884209DA04F154
:10888000100030F81500401C81B204F1100020F8EF
:10889000151004F19000415D4030405D814208DADE
:1088A00004F19000405D401CC1B204F190004155BC
:1088B00046E060683040A8BB002104F1B00041559B
:1088C000606830436060A0683043A06038E0FFE734
:1088D00004F1B000405D20B9002104F1500020F8FF
:1088E000151004F1500030F815004FF6FF71884262
:1088F00009DA04F1500030F81500401C81B204F18F
:10890000500020F8151004F1B000415D2030405DAA
:10891000814208DA04F1B000405D401CC1B204F1AC
:10892000B00041550CE06068304048B1002104F1CE
:10893000900041556068B0436060E0683043E0609B
:10894000681CC5B22078A84281DCBDE8F08170B512
:108950000126002411E006FA04F50B4808380068E7
:10896000284040B104EB4401C1EB8412064901EBFD
:108970008200FFF766FF601CC4B2034808384068F5
:10898000A042E8D870BD000078620020478300084C
:1089900035830008BD8D0008A1890008B78900084B
:1089A0000146DC48C06801228A40104008B101201D
:1089B00070470020FCE70146D648806901228A40C2
:1089C000104008B1012070470020FCE710B5FFF708
:1089D00069FD10BD017851B94168B1F57A7F03D2C4
:1089E0004168491C416005E00121C17002E000219D
:1089F000C1704160704710B500210220FFF782FE70
:108A0000044601210220FFF77DFE0440C2480470A5
:108A100000210220FFF7AFFE044601210220FFF7EC
:108A2000AAFE0443BC4880780443BB4884700021FC
:108A30000220FFF7C5FE044601210220FFF7C0FE19
:108A40000443B54840780443B348447000210320F0
:108A5000FFF758FE044601210320FFF753FE0440B0
:108A6000AD48047200210320FFF785FE0446012172
:108A70000320FFF780FE0443A748807A0443A648FA
:108A8000847200210320FFF79BFE0446012103208E
:108A9000FFF796FE0443A048407A04439E48447280
:108AA00000210420FFF72EFE044601210420FFF7D9
:108AB00029FE04409848047400210420FFF75BFE5F
:108AC000044601210420FFF756FE04439248807CAF
:108AD00004439148847400210420FFF771FE04468A
:108AE00001210420FFF76CFE04438B48407C0443C3
:108AF00089484474FFF76EFF87480830FFF76AFF24
:108B000085481030FFF766FF10BD0146824800EB34
:108B1000C100C078704701467F4800EBC1008078F3
:108B200030B100207C4A02EBC102907001207047F6
:108B30000020FCE70146784800EBC100407830B1E6
:108B40000020754A02EBC1025070012070470020DE
:108B5000FCE710B504210220FFF7D4FD10BD10B5CD
:108B600005210220FFF7CEFD10BD10B50621022021
:108B7000FFF7C8FD10BD10B507210220FFF7C2FDA9
:108B800010BD10B508210220FFF7BCFD10BD10B5C7
:108B900009210220FFF7B6FD10BD10B50A21022001
:108BA000FFF7B0FD10BD10B50B210220FFF7AAFDA5
:108BB00010BD2DE9F05F0420FFF712FD83465846F3
:108BC00014F068FB8046554A554B14F0B3FB06463B
:108BD00000224FF0804314F0ADFB044614F00CF972
:108BE00082465046BDE8F09F2DE9FF5F8346584618
:108BF000FFF7F6FC8246CAF5805014F0E9FD0190BB
:108C0000504614F047FB07460022464B14F092FBF7
:108C1000054614F0F1F80090019914F0F7FC039068
:108C20004149039814F020FE054614F0B1FD814639
:108C30003E48B0F90000484504D33C48B0F9B400C0
:108C4000484503D9FF2004B0BDE8F09F00242AE086
:108C5000364830F91400484505D93449601C31F9CB
:108C6000100048450AD3314830F91400484505D072
:108C70002E49601C31F91000484512D12B49601C67
:108C800031F91000A9EB0001284A601C32F91000EC
:108C9000A0EB0900814201D9029402E0601CC0B23D
:108CA0000290601CC4B25A2CD2DB0298CBE72DE9AB
:108CB000F84F04462046FFF793FC0090009814F00C
:108CC000E9FA07464FF06632194B14F033FB0546BC
:108CD00014F092F883464FF08B4114F097FC8146D4
:108CE000484614F05BFC0746124A134B14F0CAF8CE
:108CF000054614F08BFA00F0FF0A5046BDE8F88FE5
:108D000010B50020FFF770FF10BD10B50520FFF76C
:108D1000CEFF10BD746700203C670020B4D934E753
:108D20000C684A3F0000244000007A4462DB0108DE
:108D300066660A40B81E85EB51B89E3F08B5012112
:108D40007920FAF707FD01213348FAF7B2FA4820F3
:108D50008DF8030003208DF80200C020ADF800005C
:108D600069462E48FAF7D4F94FF44040ADF80000B8
:108D700069462B48FAF7CCF94CF28000ADF80000B8
:108D800069462848FAF7C4F941F2C210ADF800006C
:108D900069462548FAF7BCF910208DF80300032036
:108DA0008DF802004FF48070ADF8000069461B4852
:108DB000FAF7AEF901201D49086008BD01461C48BC
:108DC00050F82100026801209043704708B5012146
:108DD0000420FAF7BFFC28208DF8030003208DF84B
:108DE00002000F20ADF8000069461248FAF790F92A
:108DF00008BD70B50025FFF7E9FF002407E00D4826
:108E0000083001680F2020EA0105601C84B2FF2CA5
:108E1000F5DB284670BD0000000230000010014064
:108E20000014014000180140000C0140A001224242
:108E3000EC0300200008014010B5FFF788FDFFF7A4
:108E4000DAFD10BD10B5FFF70EFC472140F2F3101C
:108E5000FCF7CEF8AFF21F00FCF7F9F810BD0000E8
:108E600018B18021244A116003E08021224A121D9A
:108E70001160704720B14FF40041204A116004E0B6
:108E80004FF400411D4A121D11607047704720B118
:108E90004FF48041194A116004E04FF48041174AB1
:108EA000121D1160704708B501212820FAF752FC05
:108EB0004FF44040ADF8000010208DF8030003206F
:108EC0008DF8020069460D481038FAF721F9802024
:108ED000ADF80000694608481038FAF719F9002083
:108EE000FFF7D5FF0020FFF7D1FF0020FFF7C2FFFB
:108EF0000020FFF7B5FF08BD10140140100C014021
:108F0000FE48C0787047FD4890F90200704710B5E0
:108F1000FB4B1B7860F30003F94C23702346597018
:108F200053B2A37010BD10B50446F548007864F341
:108F30004100F3490870084600784108EF4800787E
:108F400061F34100ED490870ED490978C1F3400033
:108F5000FFF790FF10BD10B50446E948007864F3B0
:108F60008200E7490870084600788108E3480078E5
:108F700061F38200E1490870E1490978C1F380009A
:108F8000FFF785FF10BD10B50446DD48007864F397
:108F9000C300DB49087008460078C108D74800784C
:108FA00061F3C300D5490870D5490978C1F3C00001
:108FB000FFF76CFF10BD10B50446D148007864F38C
:108FC0000410CF490870084600780109CB480078A2
:108FD00061F30410C9490870C9490978C1F3001048
:108FE000FFF73EFF10BD10B5FFF78FFE40B2C3493B
:108FF000C870084690F90300642804DC084690F91C
:10900000030005280BDABD484078022141EA101020
:10901000BA49497860F30711B84841700DE0B74884
:10902000C07850B1B54840780D2101EA1010B3491D
:10903000497860F30711B1484170FFF761FEFF28DE
:1090400015D1AE484078012141EA1010AB4949786A
:1090500060F30711A9484170A948407818B9002069
:10906000A649887013E0FF20A44988700FE0A34848
:1090700040780E2101EA1010A049497860F30711E9
:109080009E484170FFF73CFE40B29C4988709C4866
:10909000407838BB994890F90200994991F902103B
:1090A000884207DB954890F90200954991F9021032
:1090B000884207D19148007820F0200020308F4965
:1090C000087036E08D4890F902108D4890F9020042
:1090D000C01C81422DDD8948007820F0200087499E
:1090E000087026E0854890F90200854991F9021040
:1090F000884207DC814890F90200814991F9021009
:10910000884207D17D48007820F0200020307B493C
:1091100008700EE0794890F90210794890F9020041
:10912000C01E814205DA7548007820F0200073499E
:10913000087010BD10B57148007800F0010000B350
:109140006E480078C0F34000D8B96C480078C0F38E
:109150004010B0B16948C08869498989884205DAF8
:109160006648C088401C6549C8800EE000206349FD
:10917000C88008460078C0F3800018B10020FFF7CF
:10918000EAFE02E00120FFF7E6FE10BD10B55B48E5
:1091900040895B494989884204DA58484089401C23
:1091A00056494881554840895549498988421CD1CA
:1091B00052480078C0F34010B8B90120FFF7B3FE61
:1091C0000120FFF7C8FE00204C49488108818880B3
:1091D000C8800846007820F04000087008460078F3
:1091E00020F00100401C087018E0454840894449BF
:1091F0000979401A4149498988420FD1404840784D
:1092000030B10020FFF7D7FE0120FFF7BCFE05E0DC
:109210000120FFF7D0FE0020FFF7B5FE10BD10B50E
:109220003648007800F00100002850D0334800781C
:10923000C0F34010002840D130480078C0F340000F
:1092400020B92E480078C0F3801078B32B480089ED
:109250002B49C988884205DA28480089401C2749DB
:10926000088136E0254800892549C988884211D1FE
:1092700022480078C0F3801060B90020FFF753FE49
:1092800000201E4988800846007820F040004030C9
:1092900008701EE01948808819490989884206DA51
:1092A00016488088401C1549888012E002E0FFF7CC
:1092B0006DFF0EE0FFF76AFF0BE01048007820F02A
:1092C00040000E4908700020FFF72DFE01E0FFF777
:1092D0005DFF10BD10B50A48007800F0010030B302
:1092E000074840780549497801F00F0188421BD0B2
:1092F000034841780148407804E000009867002066
:10930000A467002061F303002649487000204881CB
:109310000846007820F0010008700020FFF703FEE7
:109320000020FFF718FE18E0FFF779FF15E01D4851
:10933000007800F0010080B100201A4948810846F9
:10934000007820F0010008700020FFF7ECFD0020FD
:10935000FFF701FE0020FFF72EFE10BD10B5042020
:1093600011498870002048700846007820F00100FC
:10937000401C08704FF4966088814FF4E150C8801B
:10938000801008810520087178204881FFF78BFD47
:1093900010BD10B5FFF727FEFFF7CCFEFFF79AFFD1
:1093A00010BD000098670020A467002008B50121C7
:1093B0001020FAF7CFF910208DF8030003208DF864
:1093C00002004FF46040ADF8000069464248F9F7EA
:1093D0009FFE4FF480414048F9F749FF4FF40041A8
:1093E0003D48F9F742FF08BD01203C49087070472D
:1093F00000B5024612B9FFF7F7FF03E00120384934
:1094000001F8220000BD10B536480078401C3549EF
:10941000087008460078032805DA4FF400512E48FA
:10942000F9F723FF0BE02F480078062807DD00201E
:109430002C4908704FF400512748F9F718FF10BD68
:1094400010B5FFF7E0FF2548007840B92348407881
:1094500028B94FF480412048F9F709FF10BD1F4893
:10946000007840B900201D4948704FF480411A48E7
:10947000F9F7FDFE2EE01948C078012805DA1748F3
:10948000C078401C1549C87024E000201349C870FA
:109490000846407840B94FF480410F48F9F7E7FE9D
:1094A00001200E49487015E00C488078052805DA3F
:1094B0000A488078401C0949887003E00020074969
:1094C000087088704FF480410348F9F7CEFE002001
:1094D0000249487000BFC1E7001001401C04002091
:1094E000B26700202404002008B503208DF8000096
:1094F00001208DF803008DF801008DF80200684608
:10950000F8F7DBFB08BD0146CA1701EB9272921017
:10951000A1EB82022AB9642291FBF2F302FB13123F
:1095200032B94FF4C87291FBF2F302FB13120AB185
:10953000012070470020FCE72DE9FE4F07460C464E
:10954000904600200290C1468246834600260025B0
:10955000019000903846FFF7D6FF002832D00D2C3E
:109560002CD2DFE804F02B070A0D101316191C1F6C
:10957000222528004FF0050A23E04FF0010A20E0E1
:109580004FF0020A1DE04FF0050A1AE04FF0000A02
:1095900017E04FF0030A14E04FF0050A11E04FF016
:1095A000010A0EE04FF0040A0BE04FF0060A08E053
:1095B0004FF0020A05E04FF0040A02E00020BDE887
:1095C000FE8F31E00D2C2CD2DFE804F02B070A0DC2
:1095D000101316191C1F222528004FF0060A22E03E
:1095E0004FF0020A1FE04FF0020A1CE04FF0050A9C
:1095F00019E04FF0000A16E04FF0030A13E04FF0B5
:10960000050A10E04FF0010A0DE04FF0040A0AE0ED
:109610004FF0060A07E04FF0020A04E04FF0040A98
:1096200001E0FF20CBE700BF642097FBF0F100FBD7
:109630001170C5B22846E91705EB917189100191A7
:1096400001982844C0B200900721009890FBF1F2E5
:1096500001FB120000F0FF0B0BEB0A004844C6B2FE
:10966000072E01DA029606E0072096FBF0F100FBD8
:109670001160C0B202900298A1E72DE9F05F0646A2
:109680000F4690469946DDE90AAB002440F2B270DD
:10969000864203DB40F63300864202DD0120BDE84E
:1096A000F09F40F2B2750AE02846FFF72CFF10B198
:1096B0009948044401E099480444681C85B2B542C5
:1096C000F2DB781EC7B2002510E09548405D40F2FD
:1096D000A321484304EBC0143046FFF714FF18B130
:1096E000012D01D18F480444681C85B2BD42ECDBDA
:1096F000A8F1010040F2A321484304EBC014C9EBD8
:109700004910C0EB092004EB0014CAEB0A1004EB6B
:1097100080045C4401214FF0C050FAF728F8012082
:10972000F9F74FFE2046FBF7DCFBFBF70DFC0020B2
:10973000B5E770B50026002400257B48068836046E
:10974000001D008806447748B6FBF0F4774800888F
:10975000A0423AD075490C8040F2B2750EE028461E
:10976000FFF7D1FE30B1B4F5B77F02D3A4F5B774DB
:1097700002E006E0A4F26D14681C85B2B4F5B67F71
:10978000EDD800BF6A488580002516E068498888C2
:10979000FFF7B9FE30B1012D04D11D2C01D31D3CC2
:1097A00009E00CE05E48405DA04203D85C48405DA3
:1097B000241A00E003E0681C85B21C2CE6D200BF2E
:1097C000681C5B498871601CC8715648B6FBF0F193
:1097D00000FB11644FF46160B4FBF0F05449087071
:1097E0004FF46160B4FBF0F100FB11403C21B0FB91
:1097F000F1F04F4948704FF46160B4FBF0F100FBA9
:1098000011403C21B0FBF1F201FB12004849887085
:109810000B46DA7999799888FFF78EFE44490872E9
:10982000002070BD2DE9FC4704460D4616461F4634
:10983000DDE90A89FBF739FBFBF786FB3B4632463D
:1098400029462046CDE90089FFF717FFFBF736FBD5
:10985000BDE8FC8701463648808888803448807996
:1098600088713348C079C8713148007A087230482D
:10987000007808702E48407848702D4880788870AD
:1098800070471CB5002401214FF0C050F9F76FFF5D
:109890000120F9F796FDF8F779FA4FF44070F9F7DF
:1098A000E2FE0120F9F7E5FEFBF74EFBFBF755FB67
:1098B00001210846FBF7ECFAFBF746FBFBF7F5FA4C
:1098C0004FF22440FBF71AFBFBF73EFB0020009011
:1098D0000346024601460190FFF7CFFEFBF7EEFA82
:1098E000FFF702FEFFF725FF00201CBD10B5012089
:1098F000FBF758FB08B1FFF71CFF0220FBF752FBF8
:1099000020B10220FBF75EFBFFF713FF0520FBF7FA
:1099100059FBFBF719FB10BD0085E2018033E10123
:1099200024DC010880510100182800402604002092
:10993000BE67002070B5044604EB840000EBC40051
:10994000FB4D05EB8000007D20F00700401C04EB80
:10995000840505EBC405F64E06EB8505287504EB7A
:10996000840000EBC400354605EB8000007D61F308
:10997000C30004EB840505EBC40506EB85052875DB
:1099800004EB840000EBC40006EB8000437504EB9D
:10999000840000EBC400354605EB800014304280A3
:1099A00070BD014601EB810000EBC100E04A02EB13
:1099B0008000007D20F0070001EB810202EBC10274
:1099C000DB4B03EB82021075704770B5044604EB65
:1099D000840000EBC400D64D05EB8000007B20F036
:1099E0000700401C04EB840505EBC405D04E06EBD4
:1099F0008505287304EB840000EBC400354605EBB5
:109A00008000007B61F3C30004EB840505EBC40513
:109A100006EB8505287304EB840000EBC40006EB1D
:109A20008000437304EB840000EBC400354605EB73
:109A300080000C30428070BD014601EB810000EBDC
:109A4000C100BB4A02EB8000007B20F0070001EB65
:109A5000810202EBC102B64B03EB82021073704726
:109A6000014601EB810000EBC100B14A02EB80002E
:109A7000407C00F00F007047014601EB810000EBD5
:109A8000C100AB4A02EB8000407C000970470146F0
:109A900001EB810000EBC100A54A02EB8000007BD6
:109AA00000F0070048B901EB810000EBC10002EBB8
:109AB0008000007C00F0070008B101207047002002
:109AC000FCE710B50446207D00F0070020B9207E99
:109AD00000F0070000B910BD207D00F0070058B964
:109AE00000210846E26990470020616A8847207E8D
:109AF00020F00700207669E0207E00F0070030B1FA
:109B0000012817D0022823D003285ED148E0207E08
:109B100020F00700401C20760A202060227DC2F33E
:109B2000C000216A8847207DC108207E61F3C30000
:109B300020764AE0206850B9E08A6060617D0120AB
:109B4000E2699047207E20F00700801C20763CE0F0
:109B5000207DC0F3C000217EC1F3C00188420DD03A
:109B60000A2020600020616A8847617D0020E26948
:109B70009047207E20F00700C01C2076606870B9F6
:109B800000210846E26990470020616A8847207EEC
:109B900020F007002076207D20F00700207514E0DB
:109BA000206888B9207E20F00700401C20760A201B
:109BB0002060227DC2F3C000216A8847207DC10851
:109BC000207E61F3C300207600BF00BF00BF82E7A4
:109BD00010B50446206B80470146607C61F3071096
:109BE0006074E06A8047617C60F303016174207BEC
:109BF00000F0070020B9207C00F0070000B910BD7C
:109C0000207B00F0070058B900210846E269904720
:109C10000020616A8847207C20F0070020749FE0C4
:109C2000207C00F0070030B1012817D0022823D093
:109C3000032812D17EE0207C20F00700401C207415
:109C40000A202060227BC2F3C000216A8847207B63
:109C5000C108207C61F3C300207480E0206850B903
:109C6000E0896060617B0120E2699047207C20F000
:109C70000700801C207472E0207BC0F3C00090B904
:109C8000E06A804708B300210846E2699047002057
:109C9000616A8847207B20F007002073207C20F039
:109CA0000700207411E0206B804770B10021084646
:109CB000E26990470020616A8847207B20F0070016
:109CC0002073207C20F007002074207BC0F3C000AC
:109CD000217CC1F3C00188420AD00A202060617B48
:109CE0000020E2699047207C20F00700C01C20740F
:109CF0006068E0B900210846E26990470020616A87
:109D00008847207B20F007002073207C20F007008C
:109D10002074207C20F0F00020302074A06A80475E
:109D2000012804D1207C20F0F0001030207416E0CF
:109D3000C8670020206888B9207C20F00700401CFC
:109D400020740A202060227BC2F3C000216A884769
:109D5000207BC108207C61F3C300207400BF00BFDA
:109D600000BF4CE710B500F085FA32483249C861AF
:109D70003248486232480862324888623248C862D3
:109D80003248086310BD002049E000EB800101EB80
:109D9000C001294A02EB8101896879B100EB800199
:109DA00001EBC00102EB81018968491E00EB8002D2
:109DB00002EBC002204B03EB8202916000EB8001BA
:109DC00001EBC0011C4A52F8211069B100EB80017F
:109DD00001EBC00152F82110491E00EB800202EB9A
:109DE000C002154B43F8221000EB800101EBC001CB
:109DF000114A02EB8101496879B100EB800101EB66
:109E0000C00102EB81014968491E00EB800202EBB0
:109E1000C002094B03EB82025160411CC8B2042806
:109E2000B3DB704710B50448FFF74BFE0248FFF75D
:109E3000CFFE10BDAB9F0008C8670020C7A0000878
:109E400013A000087DA10008538B00085F8B000859
:109E500010B54FF08040008B4FF68F7108404FF0E7
:109E6000804108830846008B40F0500008830021A1
:109E70004FF08040FAF702F910BD10B54FF0804066
:109E8000808B48F6FF7108404FF080418883084678
:109E9000808B40F4A040888300214FF08040FAF787
:109EA000EDF810BD10B5FA48008848F6FF7108407B
:109EB000F74908800846008840F4A0400880002147
:109EC000F3481C38FAF7DAF810BD10B5F1480088ED
:109ED0004FF68F710840EF4908800846008840F02F
:109EE000500008800021EB481838FAF7C7F810BD79
:109EF00010B54FF08040008B48F6FF7108404FF0DE
:109F0000804108830846008B40F0700008830121DF
:109F10008807FAF7B3F810BD10B54FF08040808B7A
:109F200048F6FF7108404FF0804188830846808BD7
:109F300040F4E040888301218807FAF79FF810BDBC
:109F400010B5D348008848F6FF710840D049088012
:109F50000846008840F4E04008800121CC481C38C5
:109F6000FAF78CF810BD10B5CA4800884FF68F710B
:109F70000840C84908800846008840F07000088002
:109F80000121C4481838FAF779F810BD4FF0804124
:109F900088867047C04908807047BD4924310880D1
:109FA0007047BC491C310880704770B505460C46A7
:109FB0002DB12046FFF7EAFFFFF79AFF01E0FFF718
:109FC00047FF70BD70B505460C462DB12046FFF722
:109FD000E1FFFFF7A1FF01E0FFF74FFF70BD70B594
:109FE00005460C462DB12046FFF7D7FFFFF7A8FF27
:109FF00001E0FFF757FF70BD70B505460C462DB167
:10A000002046FFF7CEFFFFF7AEFF01E0FFF75DFF51
:10A0100070BD10B5044644B10821A048F9F725F9F0
:10A0200020219E48F9F723F907E008219B48F9F71A
:10A030001EF920219948F9F718F910BD10B504460A
:10A0400054B14FF480519548F9F70FF94FF400518E
:10A050009248F9F70CF909E04FF480518F48F9F76D
:10A0600006F94FF400518D48F9F7FFF810BD10B50F
:10A0700004464CB14FF480718948F9F7F6F8802115
:10A080008748F9F7F4F808E04FF480718448F9F74D
:10A09000EEF880218248F9F7E8F810BD10B50446C3
:10A0A00044B108217D48F9F7E0F820217B48F9F711
:10A0B000DEF807E008217948F9F7D9F82021774838
:10A0C000F9F7D3F810BD10B50446012C08D10821CA
:10A0D0007248F9F7CAF820217048F9F7C6F807E086
:10A0E00008216E48F9F7C3F820216C48F9F7BDF84C
:10A0F00010BD10B50446012C08D101036748F9F7DB
:10A10000B4F861036548F9F7B0F809E04FF48051FD
:10A110006248F9F7ACF84FF400516048F9F7A7F836
:10A1200010BD10B50446012C08D101025C48F9F7B6
:10A130009CF880215A48F9F798F808E04FF48071AC
:10A140005748F9F794F880215548F9F790F810BD71
:10A1500010B50446012C08D108215048F9F785F8BC
:10A1600020214E48F9F781F807E008214B48F9F71C
:10A170007EF820214948F9F77AF810BD494800686F
:10A18000C0B27047474810300068C0B270474648B8
:10A190000068C0B2704745480068C0B2704700B55B
:10A1A00087B001210520F9F7E2FA01214FF4205090
:10A1B000F9F7D0FA6320ADF814000820ADF81000CC
:10A1C0000020ADF81600ADF8120004A94FF0804051
:10A1D000F9F7F8FB3220ADF806007020ADF800006A
:10A1E0000120ADF802000220ADF8080069464007E2
:10A1F000F9F725FC0821C806FAF770F800214FF09E
:10A200008040F9F73BFF07B000BD08B501213D20B4
:10A21000F9F7A0FA10208DF8030003208DF8020052
:10A220002820ADF8000069461C48F8F771FF0121AD
:10A230001F48F9F73EF801211E48F9F73AF81820AF
:10A240008DF8030003208DF802004FF40040ADF8B4
:10A25000000069461848F8F75BFF08BD08B5012102
:10A260000820F9F777FA48208DF8030003208DF8CD
:10A27000020008BD10B5FFF7C8FFFFF7EFFFFFF7BB
:10A280008EFFFFF7E5FD0020FFF71DFF10BD00006A
:10A290001C340140182C014040000040000C0140DB
:10A2A0000010014018812142180122423C01214244
:10A2B00000023000000118000008014010B5002025
:10A2C000FFF7CEFB10BD10B50020FFF7D5FB10BD8A
:10A2D00010B58648007818B98448407800B910BD98
:10A2E0008248007830B90020FFF7A6FB00207F49A4
:10A2F000487081E07D48407820B101281CD00228B8
:10A3000079D13CE0FFF7DAFF01280AD15A234FF454
:10A31000967201210020FFF758FB02207349487014
:10A3200009E05A234FF4967200210846FFF74DFBCF
:10A3300001206E4948705EE00020FFF7A8FBE8B9F5
:10A34000FFF7BCFF30B16948807920F00100674910
:10A35000887109E06548807940F00100634988719F
:10A360000846C078401CC8700220604948705A23D3
:10A370004FF4967201210020FFF727FB3BE00020FD
:10A38000FFF785FB88BBFFF79EFFB8B15748807980
:10A3900000F0010038B15548C078022807DA0020E3
:10A3A0005249487003E000205049087048704F48F7
:10A3B000807920F002004D4988711BE001204B4953
:10A3C00048700846807940F002008871084680781D
:10A3D000401C887008468078022807DA5A234FF418
:10A3E000967200210846FFF7F0FA03E000203F498B
:10A3F0000870487000BF00BF00BF70E710B53B4851
:10A40000407910B1012831D10FE0FFF757FF08B1B3
:10A41000FF2010BD0120354948715A234FF4967230
:10A4200000210846FFF7D1FA20E00020FFF72FFBBC
:10A43000D8B9FFF743FF48B100202C4948710846BE
:10A44000807920F001008871FF20E2E70020274991
:10A4500048710846807940F001008871FFF733FFAA
:10A4600008B1EE20D5E7FE20D3E700BF00BF1F48AC
:10A470004079CEE710B51D48407910B1012831D19F
:10A480000FE0FFF720FF08B1FF2010BD01201749A2
:10A4900048715A234FF4967201210020FFF795FA74
:10A4A00020E00020FFF7F3FAD8B9FFF70CFF48B11E
:10A4B00000200E4948710846807920F0020088711A
:10A4C000FF20E2E70020094948710846807940F002
:10A4D00002008871FFF7F2FE08B1EE20D5E7FE20FA
:10A4E000D3E700BF00BF01484079CEE72804002031
:10A4F00008B501217920F9F72DF901214848F8F72D
:10A50000D8FE10208DF8030003208DF802004FF4D0
:10A510000050ADF8000069464248F8F7F9FD4FF4E5
:10A5200000514048F8F7A3FE4FF400513D48F8F7BA
:10A530009EFE08BD10B501203B49487041033948D3
:10A54000F8F793FE10BD10B50020374948704FF45E
:10A5500000513448F8F78BFE10BD3448007808B934
:10A560000020704731480078012800D1F9E7022027
:10A57000F7E72D488078704701202B490870704715
:10A58000002029490870704727480078704710B5A7
:10A590000A210220FEF7B6F8244908700A21022099
:10A5A000FEF7E9F8214949780843204948700A2113
:10A5B0000220FEF705F91D49897808431B49887078
:10A5C00010BD10B5FFF7E3FF1748007808B3FFF799
:10A5D000B1FF1548C078142804DA1348C078401C2D
:10A5E0001149C870FFF7B9FF30B9FFF7ACFF002081
:10A5F0000D490870887011E00B48C07814280DD1FF
:10A60000FFF7A1FF00200849C8700870012088707A
:10A6100004E0FFF798FF00200349C87010BD000058
:10A6200000023000000C01403404002038040020F7
:10A6300008B501210520F9F78DF84FF48050ADF8E9
:10A64000000003208DF8020018208DF803006946F1
:10A650007848F8F75DFD4FF40060ADF80000482041
:10A660008DF8030069467348F8F752FD08BD2DE9DF
:10A67000FE4304460D4616461F46DDF82880FFF7C8
:10A68000D7FF01214806F9F772F86B48F7F7E0FBAE
:10A6900000208DF8060001208DF8070000208DF8BD
:10A6A00008008DF809008DF80A0001208DF80B00D4
:10A6B0008DF802808DF803408DF804608DF8055008
:10A6C000ADF8007069465C48F7F7DBFB0020BDE899
:10A6D000FE8308B501220E215748F7F75BFF1420CF
:10A6E0008DF8000000208DF801008DF80200012097
:10A6F0008DF803006846F7F7E0FA01224FF40741AE
:10A700004D48F7F747FF16208DF8000000208DF820
:10A7100001008DF8020001208DF803006846F7F76C
:10A72000CCFA08BD2DE9FF4105460E4617468DF8C7
:10A730000A7000208DF80B0001208DF80C00002419
:10A7400044EA054444EA0624C4F34F30ADF800005F
:10A75000042000EBC40080B2ADF80200002444F4F1
:10A760007F44600BADF80400002040EAC400801C68
:10A7700080B2ADF806000020ADF8080001208DF889
:10A780000D006846F7F707FCBDE8FF8110B54FF4F0
:10A7900080712948F7F766FF012803D10102264896
:10A7A000F7F7FBFF4FF400712348F7F75BFF012831
:10A7B00003D141022048F7F7F0FF4FF480611E48B3
:10A7C000F7F750FF012803D181021B48F7F7E5FF97
:10A7D00010BD10B504211848F7F744FF012803D134
:10A7E00004211548F7F7D9FF08211348F7F73AFF76
:10A7F000012803D108211048F7F7CFFF10BD01460B
:10A8000000208A6802F08062B2F1806F00D110E00F
:10A810008A6802F00062B2F1006F01D1012008E005
:10A820008A6802F08052B2F1805F01D1022000E01C
:10A8300004207047000801400064004008B5002073
:10A840000923042201210090FFF711FF08BD70B514
:10A8500004460D462A4621460020FFF763FF70BDDF
:10A860007FB5044660680090A07A002805DDA07AD4
:10A87000401EC0B28DF8040002E000208DF80400F4
:10A880009DF8030000F00F0078B900218DF80E103C
:10A890008DF80F10E07A00F0F0008DF80C00E07AEF
:10A8A00000F00F018DF80D100EE0E07A81098DF8AF
:10A8B0000E10E07A20F0C0018DF80F1000208DF806
:10A8C0000C0000218DF80D10002508E004F10B00AC
:10A8D000691C415C0DF105004155681CC5B29DF82D
:10A8E0000400A842F2DC684601F038FC7FBD70B578
:10A8F00086B004463448FFF782FF0646042E02D194
:10A90000002006B070BD0020029020680290042054
:10A910008DF80C0000208DF80D002079401CC0B28D
:10A920008DF80E00207B88B100208DF80F009DF877
:10A930000F00217B40EA0110C0B28DF80F009DF896
:10A940000F00617B08438DF80F0006E0E17BA07BE0
:10A9500041EA8010C0B28DF80F00002507E0601DAD
:10A96000425D0DF10F00691C4254681CC5B220798C
:10A97000A842F4DC01A91448F7F7FCFB0646042EB4
:10A9800001D10020BDE7FF20BBE730B585B0002135
:10A990000D48F7F767FD05460DB905B030BD002439
:10A9A0000EE000210848F7F75DFD38B16A46002146
:10A9B0000548F7F7D4FC6846FFF752FF601CC4B2A5
:10A9C000AC42EEDB00BFE8E7006400407FB5044620
:10A9D0000D46002620798DF8010000F0A7FF8DF8C4
:10A9E000020060798DF800009DF8030065F3030014
:10A9F0008DF80300082D07D19DF8030020F0F0002A
:10AA000010308DF8030005E09DF8030020F0F00001
:10AA10008DF8030000208DF80400E0880290029871
:10AA200000F0C0FE0390039810B9002004B070BD80
:10AA3000E288A168039800F005FE684601F0C7FBB4
:10AA4000FF2803D0039800F0A1FE00E0FF26304667
:10AA5000ECE72DE9FF4104460D4616461F468DF8EA
:10AA600001408DF802508DF800609DF8030067F3F7
:10AA700003008DF803009DF8030020F0F000103073
:10AA80008DF8030000208DF804000290684601F064
:10AA90009EFBBDE8FF8110B503460C46186808B957
:10AAA000002010BD196808E0087BA04204D1487B53
:10AAB000904201D10846F4E749680029F4D10846DC
:10AAC000EFE730B504460D46206808B9002030BDD8
:10AAD00021680BE00889A84207D1887A904204D106
:10AAE000487B984201D10846F1E749680029F1D135
:10AAF0000846ECE770B504460E4660892189884215
:10AB000001D1002070BD7379B27831882046FFF7FB
:10AB1000D8FF08B10120F5E7202000F043FE0546EC
:10AB20000DB90220EEE71822314605F1080000F0C9
:10AB300089FD206840B90020686028602560656054
:10AB40006089401C608109E00020686060684560A1
:10AB50006068286065606089401C6081FF20D1E7E3
:10AB600070B504460E4660892189884201D10020D3
:10AB700070BD727931792046FFF78DFF08B1012051
:10AB8000F6E7202000F00EFE05460DB90220EFE7A3
:10AB90001822314605F1080000F054FD206840B944
:10ABA000002068602860256065606089401C6081C5
:10ABB00009E0002068606068456060682860656042
:10ABC0006089401C6081FF20D2E770B504460E46C4
:10ABD000727931792046FFF75EFF05460DB90020F6
:10ABE00070BD6089012807D1D4E90001884203D1F2
:10ABF00000206060206015E0686828B928686060FF
:10AC00000020616848600DE0286828B96868206005
:10AC100000202168086005E0D5E900104860D5E90A
:10AC2000000108606089401E6081284600F0AEFD8A
:10AC3000FF20D5E72DE9F0478046894617461D4697
:10AC4000089E3A4649464046FFF725FF044614B998
:10AC50000020BDE8F087F82F0ADAE089B04201D081
:10AC60000120F6E732462946206900F0EBFC05E0BA
:10AC7000D4F810A031462846D04700BFFF20E8E7AF
:10AC80002DE9F0410746884615461E462A464146AC
:10AC90003846FFF700FF044614B90020BDE8F081F4
:10ACA000F82D05DAE2893046216900F0CBFC01E09D
:10ACB0000120F3E7FF20F1E7F0B506460F46144602
:10ACC000224639463046FFF7E6FE05460DB900201C
:10ACD000F0BDF82C01DAE889FAE70020F8E770B552
:10ACE00004460D462A462146FE48FFF7E5FF064684
:10ACF000304670BD2DE9F84306460C4617461D4602
:10AD00003B4622463146F7480095FFF793FF8046C1
:10AD1000F72C08DD3B462246FF21F2480095FFF75D
:10AD200089FF40EA08084046BDE8F8832DE9F04174
:10AD300004460D46164633462A462146E948FFF7A3
:10AD40009FFF07463846BDE8F0812DE9F04786B001
:10AD500004460D4616461F46DDE90E899DF80C0097
:10AD600067F303008DF80C008DF80560ADF8004026
:10AD70008DF8025000208DF80400ADF80690CDF853
:10AD800008809DF80D0020F020018DF80D109DF831
:10AD90000D0020F010018DF80D109DF80D0020F031
:10ADA00040018DF80D106946CE48FFF7A3FE82469C
:10ADB000504606B0BDE8F08770B50446C94D2D6811
:10ADC00005B970BDC74D286835E00589A54231D168
:10ADD000857A8D422ED10273057D63F3C715057503
:10ADE000057D0126B6EBD51F24D1057D05F00F05A5
:10ADF00065B9057D25F010060675057D25F0400630
:10AE00000675057D25F02006067513E0057D05F025
:10AE10000F05012D0ED1057D25F0100510350575A6
:10AE2000057D25F0400540350575057D25F020059B
:10AE30002035057540680028C7D100BFC1E72DE95E
:10AE4000F04106460F4615469846F72D02DD0020D4
:10AE5000BDE8F0812B463A463146A248FFF731FE65
:10AE600004460CB90020F3E7607D20F0200120317A
:10AE70006175A4F81880607D20F00F016175FF20D6
:10AE8000E6E72DE9F04106460F461546F72D02DDAF
:10AE90000020BDE8F0812B463A4631469148FFF745
:10AEA00010FE04460CB90020F3E7207D00F00F00EF
:10AEB000012805D1207D20F040004030207507E0BA
:10AEC000207D00F00F0018B9207D20F04001217591
:10AED000607D20F0800180316175E28904F11C0001
:10AEE000216900F0AFFBFF20D3E770B506460D46A1
:10AEF000F72D00DD70BD2A4631467A48FFF7CBFDBD
:10AF0000044604B9F6E70121A17600BFF2E770B567
:10AF100006460D46F72D01DD002070BD2A4631465C
:10AF20007048FFF7B8FD04460CB90020F5E7607DD6
:10AF3000C00928B1E28904F11C00216900F082FBFC
:10AF4000FF20EAE770B50446E078000938B9E678F2
:10AF500006F00F0322786178A078FFF77AFD227857
:10AF6000A1786048FFF797FD054605B970BD2078C8
:10AF7000F82811DAA06878B1D4E90221286900F034
:10AF800061FB687D0121B1EBD01F05D105F11C00EB
:10AF9000D4E9022100F056FB5348406820B15248E2
:10AFA000416805F10800884700BFDFE74E49486067
:10AFB000704708B54B48006800B908BD4A480068AA
:10AFC00018B9484800684849086047480068007D4B
:10AFD0000121B1EBD01F7DD143480068407BF828A8
:10AFE00078DA41480068007D00F00F00012871D038
:10AFF0003D480068807EA8B13B49096801F108001E
:10B000000821FFF7E3FC68B100213748006881762A
:10B010003548806830B1344A126802F10800324A7B
:10B020009168884730480068407DC0F3401048B3BD
:10B030002D480068407D00F00F00012822D12A49E8
:10B04000096801F108000821FFF7C0FCD0B12648CB
:10B050000068407D20F00F012348006841752248B8
:10B060000068007D20F0100010301F490968087545
:10B070001D48806830B11C4A126802F108001A4A63
:10B080009168884718480068407DC00910B30020C7
:10B09000009015480068C289134800680169684635
:10B0A00000F0D0FA10480068C0690099884205D1C4
:10B0B0000D480068007DC0F3801028BB0A4909686C
:10B0C00001F108000921FFF781FCE8B1064800689A
:10B0D000007D00E019E020F040004030024909689E
:10B0E000087503E0B0680020BC680020FE480099A5
:10B0F0000068C161FC48806830B1FB4A126802F107
:10B100000800F94A9168884700BFF748006840681E
:10B11000F549086000BF50E70246F44908681CE0A2
:10B12000017D0123B3EBD11F16D1417D01F00F0149
:10B1300091B9417DC1F3401171B1C38A018B8B423A
:10B1400003DAC18A491CC18206E00023C382417D23
:10B1500021F00F035B1C437540680028E0D1704765
:10B160000EB50020E1490860486048814FF48070C6
:10B1700008810020DC4908604860886001208DF863
:10B1800006008DF80700ADF8000000208DF80500DE
:10B19000AFF27B00029069460A2000F09EFD0EBDD2
:10B1A00070B504460D462A462146D148FFF784FD76
:10B1B0000646304670BD2DE9F84306460C46174654
:10B1C0001D464FF000083B4622463146C8480095D0
:10B1D000FFF730FD8046F72C08DD3B462246FF2175
:10B1E000C3480095FFF726FD40EA08084046BDE841
:10B1F000F8832DE9F04104460D46164633462A46AB
:10B200002146BB48FFF73CFD07463846BDE8F081C4
:10B210002DE9F04387B004460D4616461F46DDF87B
:10B2200038809DF8100066F303008DF810008DF84B
:10B2300009508DF80840ADF80A8003979DF8110079
:10B2400020F020018DF811109DF8110020F0100160
:10B250008DF811109DF8110020F040018DF81110AB
:10B2600001A9A348FFF77CFC8146484607B0BDE82A
:10B27000F08310B502469E4B1B6803B910BD9C4B72
:10B28000186831E0037B93422DD1037D61F3C7132E
:10B290000375037D0124B4EBD31F24D1037D03F098
:10B2A0000F03012B0CD1037D23F010040475037DE3
:10B2B00023F040040475037D23F02004047512E09C
:10B2C000037D03F00F0373B9037D23F010031033E4
:10B2D0000375037D23F0400340330375037D23F0A2
:10B2E00020032033037540680028CBD100BFC5E799
:10B2F000F0B505460E461746324629467C48FFF70C
:10B30000CAFB04460CB90020F0BD607D20F020018E
:10B31000203161752783607D20F00F016175FF206A
:10B32000F2E770B505460E46324629467048FFF7EB
:10B33000B2FB04460CB9002070BD207D00F00F0068
:10B34000012804D1207D20F04001217508E0207DF6
:10B3500000F00F0020B9207D20F040004030207523
:10B36000607D20F0800180316175E28904F11C006C
:10B37000216900F067F9FF20DEE770B506460D464B
:10B38000F72D00DD70BD2A4631465948FFF783FB93
:10B39000044604B9F6E70121A17600BFF2E770B5D3
:10B3A00006460D46F72D01DD002070BD2A463146C8
:10B3B0004F48FFF770FB04460CB90020F5E7607DAD
:10B3C000C00928B1E28904F11C00216900F03AF9B2
:10B3D000FF20EAE770B50446E078000938B9E6785E
:10B3E00006F00F0322786178A078FFF732FB22780D
:10B3F000A1783F48FFF74FFB054605B970BD20789F
:10B40000F82815DAA06898B1287D00F00F0078B907
:10B41000D4E90221286900F015F9687D0121B1EB1A
:10B42000D01F05D105F11C00D4E9022100F00AF972
:10B430003048406820B12F48416805F1080088472E
:10B4400000BFDBE72B494860704708B52848006813
:10B4500000B908BD2748006818B925480068254983
:10B46000086024480068007D0121B1EBD01F7DD128
:10B4700020480068407BF82878DA1E480068807E03
:10B48000A8B11C49096801F108000821FFF79EFADC
:10B4900068B100211748006881761648806830B18D
:10B4A000144A126802F10800124A9168884711484C
:10B4B0000068407DC0F3401090B30E480068407DA6
:10B4C00000F00F0001282BD10A49096801F108009A
:10B4D0000821FFF77BFA18B306480068407D20F08A
:10B4E0000F010448006807E0BC680020B068002035
:10B4F00098680020A4680020417550480068007DCD
:10B5000020F0100010304D49096808754B488068DC
:10B5100030B14A4A126802F10800484A91688847E7
:10B5200046480068C08905283DDA44480068407DE7
:10B53000C009D8B10020009040480068C2893F4847
:10B5400000680169684600F07DF83C480068C06901
:10B550000099884205D139480068007DC0F3801009
:10B5600000BB3649096801F1080000E01BE0092131
:10B57000FFF72CFAB0B131480068007D20F04000A0
:10B5800040302E49096808752C4800990068C1614F
:10B590002A48806830B1294A126802F10800274A17
:10B5A0009168884700BF25480068406823490860C3
:10B5B00000BF4EE70246224908681CE0017D0123D6
:10B5C000B3EBD11F16D1417D01F00F0191B9417D3F
:10B5D000C1F3401171B1C38A018B8B4203DAC18A76
:10B5E000491CC18206E00023C382417D21F00F0384
:10B5F0005B1C437540680028E0D170470EB5002001
:10B600000F490860486048814FF48070088100202D
:10B610000A4908604860886001208DF806008DF8AE
:10B620000700ADF8000000208DF80500AFF27B00A8
:10B6300002906946032000F050FB0EBDA468002074
:10B640009868002070B503460C4603E014F8015BCF
:10B6500003F8015B1500A2F10102F7D170BD30B50E
:10B66000034601E003F8011B1400A2F10102F9D125
:10B6700030BD00B55F494FF4A072C8680021FFF7E4
:10B68000EEFF5C494FF4205288680021FFF7E7FF86
:10B6900001205849087400BD0022002105E05548EA
:10B6A000C068405C00B1521C491CB1F5A07FF6D3C4
:10B6B000642050434FF4A073B0FBF3F0C0B2704766
:10B6C0002DE9F04106460024A0464A48007C10B906
:10B6D0004849086880471EB94FF0FF30BDE8F08147
:10B6E00045480068B6FBF0F085B243480068B6FBF9
:10B6F000F0F100FB116008B1681C85B23F4800689A
:10B70000441E1BE03B48C068005D20B908F1010001
:10B710001FFA80F801E04FF00008A8450DD100277E
:10B7200004E03449C968E2198D547F1CAF42F8D354
:10B730003149096804FB01F0D0E7641E002CE1DA0E
:10B740004FF0FF30CAE770B505462A48007C20B9A3
:10B75000284908688047012070BD29480068854253
:10B7600012D225480068B5FBF0F12248C068425C5F
:10B77000002405E000201F4BDB680E199855641C5F
:10B780009442F7DB0020E7E70220E5E770B50446C6
:10B7900004B970BD17488068251A2846FFF7D3FF03
:10B7A00000BFF6E770B505462846FFF789FF044657
:10B7B000601C08B9002070BD0E4880682044FAE77C
:10B7C00070B506460C462046FFF77AFF0546681C12
:10B7D00008B9002070BD07498968481922463146DA
:10B7E000FFF730FF3046FFF7D1FF0248806828445A
:10B7F000F0E700004C040020440400204004002036
:10B8000048040020002058490860584908805848DA
:10B8100055494860182055494880554818305249C4
:10B8200088600C2051498880514824304E49C860B6
:10B830000C204E49C880704770B50446608800F4FB
:10B84000704535B1B5F5805F08D0B5F5005F11D111
:10B8500008E020785F2800DD70BD0BE0207800B1A3
:10B86000FAE707E02078602803DA207840F06000EB
:10B87000207000BF00BF182221463D48FFF7E2FEBE
:10B880003B48017880F825103A4839498860FEF72E
:10B89000D5FF374908780021FEF7D9FF0121FF20A5
:10B8A000FEF7D5FFB5F5005F03D10221FE20FEF7BC
:10B8B000CEFF00BFD0E70146032902DD09B9002011
:10B8C00070472A4830F81100FAE70146032902DDE3
:10B8D00009B900207047244850F82100FAE770B5F4
:10B8E00004460D46032C02DD0CB9002070BD204635
:10B8F000FFF7E1FF06461C4850F824103246284660
:10B90000FFF7A0FEFF20F1E71948243070471848E0
:10B91000183070471648704715487047144890F81B
:10B9200026007047124890F82700704710480078AA
:10B9300070470F4890F8240070470D4840787047D2
:10B940000B48408870470A484088000B704710B584
:10B95000044607480470017880F82510002120462D
:10B96000FEF775FF10BD0000389200206004002033
:10B970000892002002020200624908607047624992
:10B980000860704770B5054600F0EBFE04467CB1D8
:10B990005D48006820B1072120465B4A1268904745
:10B9A000A06810B1E068FFF7F1FE204600F0CFFE7E
:10B9B00070BD38B50446A0788DF8010060788DF828
:10B9C000020020788DF800009DF8030020F0F000C0
:10B9D0008DF80300E07800F00F0038B3E0789DF8B0
:10B9E000031060F303018DF80310684600F00DFEAC
:10B9F00005462DB9A06810B1E068FFF7C7FE38BD55
:10BA00004048006820B120463E490968884704E064
:10BA1000A06810B1E068FFF7B9FEA86810B1E86847
:10BA2000FFF7B4FE284600F092FEE8E761799DF842
:10BA3000030061F303008DF80300684600F0E5FDA4
:10BA400005462DB9A06810B1E068FFF79FFED6E764
:10BA50002079072851D2DFE800F0500405061E07C0
:10BA6000080000BF00BF00BF00BF2748006820B12A
:10BA700021792846244A12689047A06810B1E068EE
:10BA8000FFF784FEA86810B1E868FFF77FFE28463C
:10BA900000F05DFE32E02869010C491C61F317409B
:10BAA00028612869C0F30740022810DA2869C0F32A
:10BAB0000170012804D1286920F04050286116E067
:10BAC000286920F0404000F1004028610FE00E4856
:10BAD000006820B1217928460B4A12689047A8686F
:10BAE00010B1E868FFF752FE284600F030FEA0686B
:10BAF00010B1E068FFF74AFE00E000BF00BF00BFE2
:10BB00007DE70000680400206C04002000209749B5
:10BB100008604860088170470021418001717047CA
:10BB200002469248006808B9002070478F480168B3
:10BB300000E049688868904201D00029F9D109B92C
:10BB4000002104E08868904201D10846EDE70846EC
:10BB5000EBE770B505460E4684480089B0F5807F56
:10BB600001D1002070BD2846FFF7DAFF08B101209F
:10BB7000F8E71820FFF716FE04460CB90220F1E79B
:10BB80000C22314604F10C00FFF75CFD04F10C00BF
:10BB9000FFF7C2FF7548006858B900206060206058
:10BBA000A5607248046044600089401C6F490881A8
:10BBB0000EE0A560002060606C48406844606B48FF
:10BBC00040682060694844600089401C67490881DA
:10BBD000FF20C7E770B505462846FFF7A1FF0446DA
:10BBE0000CB9002070BD6148008901280AD15F4866
:10BBF00000685E494968884204D100205B4948607A
:10BC0000086017E0606830B9584920684860002033
:10BC1000496848600EE0206830B95449606808609F
:10BC200000200968086005E0D4E900104860D4E904
:10BC3000000108604D480089401E4C49088120469B
:10BC4000FFF7A4FDFF20CDE770B505460E46284658
:10BC5000FFF766FF04460CB9002070BD0C22314688
:10BC600004F10C00FFF7EEFCFF20F6E710B53F48AB
:10BC7000046804B910BD2CE0E089A189884205DA86
:10BC8000E07C012802D1E089401CE081E089A189A3
:10BC900088421DD1607C10B1012818D10CE0002130
:10BCA000E18101212174606928B1A07C012802D1C1
:10BCB000207A616988470AE001212174606928B10E
:10BCC000A07C012802D1207A6169884700BF00BFAB
:10BCD0006468002CD0D100BFCCE770B504460D4697
:10BCE00029462046FFF735FF0646304670BD70B541
:10BCF00004462046FFF76EFF0546284670BD70B526
:10BD000004460D4629462046FFF79EFF064630466C
:10BD100070BD30B505460B462846FFF701FF0446C7
:10BD20000CB9002030BDE374FF20FBE710B50446DA
:10BD30002046FFF7F5FE03460BB9002010BD187C26
:10BD4000012803D100211974FF20F7E70120F5E74E
:10BD500010B504462046FFF7E3FE03460BB900206A
:10BD600010BD0021D981FF20FAE700004892002091
:10BD700010B5044601212046FFF7CBFF2046FFF710
:10BD8000E7FF10BD10B5044600212046FFF7C1FFB4
:10BD90002046FFF7CBFF2046FFF7DAFF10BD10B5B6
:10BDA00004462046FFF7C2FF2046FFF7D1FF10BD33
:10BDB00070B5054600241CE0AC4218D1F648006876
:10BDC00050B104EB840101EB0421F44A02EB410180
:10BDD000481CF14909688847002004EB840101EB05
:10BDE0000421EE4A02F811002846FFF7CBFF601C41
:10BDF000C4B2022CE0DB70BD3EB501208DF8060018
:10BE00000520ADF8000000208DF8070001208DF816
:10BE10000500AFF263000290002405E06946204669
:10BE2000FFF75BFF601CC4B2022CF7DB3EBD10B510
:10BE30000446D9480460FFF7DFFF00F098FB00F0EC
:10BE4000D9FC10BD1FB5044620680090E068019041
:10BE5000207902900298FFF7A5FC0390039808B997
:10BE6000029870B9611DDDE90220FFF7EBFB68461F
:10BE700000F0CAFC012804D1029810B10398FFF722
:10BE800085FC1FBD70B5054600244EE004EB840020
:10BE900000EB0420C14911F81000E8BB2046FFF771
:10BEA00067FF012004EB840101EB0421BB4A02F887
:10BEB000110004EB840101EB042102EB410128682D
:10BEC000C1F80100287904EB840101EB042102EBA5
:10BED000410108812A7904EB840101EB0421AF4B75
:10BEE00003EB410101F10A00691DFFF7ABFB0020E4
:10BEF00004EB840101EB0421A84A02EB41018871A3
:10BF000004EB840000EB0420114601EB4000807933
:10BF1000401C04EB840100E005E001EB042102EB8E
:10BF20004101887170BD601CC4B2022CAEDB00BF41
:10BF3000F8E770B50546002474E004EB840000EBDC
:10BF40000420964911F81000012869D104EB8400FF
:10BF500000EB042001EB4000D0F801002968884282
:10BF60005ED104EB840000EB04208C4901EB40001F
:10BF70008179E87B81423AD12046FFF710FF04EB3C
:10BF8000840101EB0421854B03EB41010A3104EBF1
:10BF9000840303EB0423814E06EB43031B89C8187B
:10BFA0002A79691DFFF74EFB04EB840000EB0420A7
:10BFB000314601EB400000892979084404EB8401F3
:10BFC00001EB0421324602EB4101088104EB8400BD
:10BFD00000EB0420114601EB40008079401C04EB8B
:10BFE000840101EB042102EB4101887118E06A48E9
:10BFF000006850B104EB840101EB0421674A02EBB5
:10C000004101481C6449096888472046FFF7BAFE89
:10C01000002004EB840101EB0421604A02F81100C6
:10C02000601CC4B2022C88DB70BD7FB505460024BD
:10C0300090E004EB840000EB0420584911F8100054
:10C0400001286ED104EB840000EB042001EB4000DA
:10C05000D0F80100296888427AD104EB840000EB13
:10C0600004204E4901EB40008179E87B814259D19F
:10C070002046FFF787FE04EB840101EB0421474BC8
:10C0800003EB41010A3104EB840303EB0423434E29
:10C0900006EB43031B89C8182A79691DFFF7D2FAFA
:10C0A00004EB840000EB0420314601EB40000089E2
:10C0B0002979084404EB840101EB0421324602EBA8
:10C0C0004101088128680090E868019004EB840031
:10C0D00000EB0420114601EB400000890290029819
:10C0E000FFF760FB0390039898B104EB840303EB24
:10C0F000042306EB430303F10A01DDE90220FFF705
:10C10000A1FA684600F080FB012802D10398FFF7EE
:10C110003DFB002004EB840101EB04211F4A02F8DF
:10C12000110015E01C48006850B104EB840101EBDC
:10C1300004211A4A02EB4101481C17490968884743
:10C14000002004EB840101EB0421144A02F81100E1
:10C15000601CC4B2022CFFF66CAF7FBD10B5044664
:10C16000A07B30B1012808D002280AD0032810D1C2
:10C170000BE02046FFF766FE0CE02046FFF782FE4C
:10C1800008E02046FFF7D5FE04E02046FFF74DFF0C
:10C1900000E000BF00BF10BD7004002054920020DA
:10C1A00010B50446204600F056FBFF2800D110BD14
:10C1B0000020FCE70021C74881730020C5490871B1
:10C1C00008730021C3484173C1738173704710B570
:10C1D00086B004461022214601A8FFF733FA01A8D1
:10C1E00000F03BFAFF2801D106B010BD0020FBE7AC
:10C1F00010B50446B8488078FF2802D10020B6491F
:10C200008870B548807810B101281DD114E0B1497B
:10C210006068C860206808600021AE48C1738173FF
:10C22000401DD4E90221FFF70DFA207AA9490871CF
:10C230000120A949887008E0A648FEF758FBFF28AE
:10C2400001D1A549887000E000BF00BFA2488078F6
:10C2500010BD10B50446A0484078FF2802D1002048
:10C260009D4948709C48407830B1012817D0022879
:10C2700053D0032868D15FE0964920680860606861
:10C28000C860208995490880208995490880002147
:10C2900090488173C17301208F49487055E08F48E1
:10C2A0000088072821DD8E4A12888C4B1B88D21A01
:10C2B000E068811807228748401DFFF7C3F907206F
:10C2C000844908710846807B18B90121814881732F
:10C2D00002E002217F48817380480088C01F7F49A7
:10C2E000088002207C49487016E07D4A12887B4B0A
:10C2F0001B88D21AE0688118784802887548401D6A
:10C30000FFF7A0F975480078724908710321714858
:10C31000817303207049487017E06E48FEF7E7FA12
:10C32000FF2808D101206C4948706A48C07B401C36
:10C33000C1B26848C17308E06648FEF7D8FAFF2822
:10C3400001D16549487000E000BF00BF62484078F5
:10C3500010BD10B5FEF719FB10BD10B55E48007892
:10C36000052876D2DFE800F0031746768F0000F04C
:10C370000FFA5C4908600846006858B10846006832
:10C380008068072803D902205349087002E0012081
:10C39000514908708BE0534800680069800F48B924
:10C3A00050480068FFF724FFFF2822D103204A49A4
:10C3B00008701EE04B48006800690121B1EB907FD6
:10C3C00003D104204449087013E04648006800691E
:10C3D0000221B1EB907F0CD142480068006920F047
:10C3E0004040404909680861FFF7E4FE00203A49EF
:10C3F00008705CE03B4800680069800F48B9394824
:10C400000068FFF726FFFF2822D103203249087079
:10C410001EE03448006800690121B1EB907F03D130
:10C4200004202D49087013E02E480068006902219D
:10C43000B1EB907F0CD12B480068006920F04040A0
:10C44000284909680861FFF7B5FE002022490870F5
:10C450002DE02BE023480068C078000978B9FFF789
:10C46000A9FE20480068006920F0405000F180508B
:10C470001C490968086100201749087002E004207F
:10C480001549087013E017480068806820B1154905
:10C490000968C868FFF77AF9FFF78CFE1148006851
:10C4A00000F055F900200C49087000E000BF00BF03
:10C4B00010BD10B500F082F90020074948600870EF
:10C4C0004870887010BD10B5FFF743FFFFF745FFB8
:10C4D00010BD000068960020780400208004002031
:10C4E000820400207404002010B50346C04A11687D
:10C4F00001B910BD37E001F118000268C2F3036210
:10C5000052B90268C2F30172012A05D10278521CA5
:10C51000046862F30704046002780A2A02D00278F1
:10C520000A2A1FDD0288120A521C046862F30F24D3
:10C530000460026822F0FF0202600288C2F3072250
:10C54000022A04D00288C2F30722022A06DD02680A
:10C5500022F0706202F18072026003E0026822F051
:10C560004052026049680029C5D100BFC1E70EB53D
:10C5700000209F4908604860886001208DF806000F
:10C580008DF80700ADF8000000208DF80500AFF22F
:10C59000A700029069460220FFF79FFB0EBD94485A
:10C5A00000687047924840687047914880687047BB
:10C5B0008020704710B501468D4803680BB90020F4
:10C5C00010BD1EE003F1080250784C78A04217D14C
:10C5D00010780C78A04213D190788C78A0420FD1BB
:10C5E000D07800F00F00CC7804F00F04A04207D1FF
:10C5F000D0780009CC78B0EB141F01D11846DFE7E2
:10C600005B68002BDED10020DAE730B5054628460E
:10C61000FFF7D0FF04460CB9002030BD04F108003C
:10C62000FBE700B97047816921F47F02826181696B
:10C6300021F070628261816921F47F4282618169A7
:10C6400021F0FF028261816921F04052826181699B
:10C6500021F04042826100BFE4E770B505466448BE
:10C660008068802801D1002070BD2846FFF7A2FF16
:10C6700008B10120F8E71C20FFF794F804460CB934
:10C680000220F1E71422294604F10800FEF7DAFF40
:10C690002046FFF7C6FF5648006848B90020606092
:10C6A00020605348046044600120514988600DE0D7
:10C6B000002060604E48406820604D4840684460FB
:10C6C0004B4844608068401C49498860FF20CBE7A4
:10C6D00070B505462846FFF76DFF04460CB90020EB
:10C6E00070BD606838B9206828B9002040494860AA
:10C6F0000860886026E0606858B93D492068486055
:10C700000020496848603A488068401E384988607F
:10C7100018E0206858B93649606808600020096848
:10C72000086033488068401E314988600AE0D4E9D7
:10C7300000104860D4E9000108602D488068401E60
:10C740002B4988602046FFF721F8FF20C8E710B585
:10C7500004462046FFF7BCFF08B9002010BDFF20AB
:10C76000FCE72348006808B90020704720480168AA
:10C770000AE001F118021068C0F30360012802D139
:10C7800001F10800F1E749680029F2D10020ECE747
:10C790001748006808B9002070471548016809E08B
:10C7A00001F118021068C0F3017010B901F108001E
:10C7B000F2E749680029F3D10020EDE770B50C4895
:10C7C000006800B970BD0A480468656807E06069E0
:10C7D000FEF7DCFF2046FEF7D9FF2C466568002CEB
:10C7E000F5D10020024908604860886000BFE9E791
:10C7F0007896002000202C4908704870142048804A
:10C80000704729494888704710B504462648407843
:10C8100025490978884204D12348408808B9012075
:10C8200010BD21494A78091D01EB02101022214652
:10C83000FEF708FF1C484078401C1B49487008461A
:10C840004088401E488008464078142801D10020C6
:10C850004870FF20E4E710B50446134840781249B9
:10C860000978884205D110484088142801D1012058
:10C8700010BD0D480278001D00EB02111022204669
:10C88000FEF7E0FE08480078401C0749087008469B
:10C890004088401C488008460078142801D10020B8
:10C8A0000870FF20E4E70000849600202DE9F041A5
:10C8B00088B007460E469046384600F02AFD0546E9
:10C8C0001DB9002008B0BDE8F081687E08B90120DC
:10C8D000F8E70222314605F1200000F0D2FC0446C0
:10C8E0009CBB8DF81170FFF721F88DF812008DF8C0
:10C8F00010609DF8130020F00F00801C8DF81300CD
:10C900009DF8130020F0F0008DF8130000208DF842
:10C91000140006900021079104A8FFF758FCFF2897
:10C9200011D18DF8016002208DF800000F208DF8E4
:10C93000020000208DF805008DF80500694605F11C
:10C94000200000F0B5FC0320BCE7FFE7A078A0B111
:10C95000022803D00F2817D10220B3E74046D4E9BC
:10C960000221FEF76FFEE068FEF710FF214605F199
:10C97000200000F051FCFF20A4E7214605F1200033
:10C9800000F04AFCEE209DE704209BE72DE9F043F0
:10C9900089B080460F4691461E46404600F0B9FCDD
:10C9A00004461CB9002009B0BDE8F083607E08B9D8
:10C9B0000120F8E70322394604F1200000F061FC71
:10C9C0000546002D44D18DF81580FEF7AFFF8DF898
:10C9D00016008DF814709DF8170020F00F00C01C91
:10C9E0008DF817009DF8170020F0F0008DF8170063
:10C9F00000208DF8180007963046FEF7D3FE089009
:10CA0000089808B90420CEE7324649460898FEF750
:10CA100019FE05A8FFF7DBFBFF2812D18DF8057082
:10CA200003208DF804000F208DF8060000208DF8FB
:10CA300009008DF8090001A904F1200000F038FC7C
:10CA400004E0079810B10898FEF7A0FE0320AAE7BB
:10CA5000A87860B1032803D00F280FD10220A2E7E5
:10CA6000294604F1200000F0D7FBFF209BE7294670
:10CA700004F1200000F0D0FBEE2094E7052092E7BF
:10CA80002DE9FF4706460F46904699460C9DFF2E1E
:10CA90000ED14FF6FF7087420AD1FE208DF80100BB
:10CAA0009DF8030020F0F00010308DF8030016E030
:10CAB0003946304600F0BAFD04461CB9002004B0E7
:10CAC000BDE8F087607E08B90120F8E720788DF88E
:10CAD00001009DF8030020F0F0008DF80300FEF740
:10CAE00025FF8DF802008DF800809DF8030020F0EE
:10CAF0000F00C01C8DF8030000208DF80400029583
:10CB00002846FEF74FFE0390039808B90220D6E7A7
:10CB10002A4649460398FEF795FD6846FFF757FBFE
:10CB2000FF2800D1CBE7029810B10398FEF72EFE44
:10CB30000320C4E7F8B50446E07800F00F000828A9
:10CB400000D1F8BDE07800F00F0004280AD10422DB
:10CB50006846E168FEF776FD9DF8000000F0D9FB1D
:10CB6000054603E0A07800F0D4FB05462DB9A06887
:10CB700010B1E068FEF70AFEE3E7E07800F00F008E
:10CB8000042811D10121697618222846E168FEF7B0
:10CB900059FD05F11801284600F056FEA068D8B1ED
:10CBA000E068FEF7F3FD17E0E07800F00F0221786F
:10CBB00005F1200000F065FB06462EB9A06810B113
:10CBC000E068FEF7E3FDBCE7E07800F00F00B0702E
:10CBD000E168F160A068B06000BFB2E72DE9F04104
:10CBE00005460E46687800F094FB07460FB9BDE88D
:10CBF000F081022E01D100217976E87800F00F0251
:10CC0000297807F1200000F03CFB044604B9EEE768
:10CC10000020A070E67000BFE9E71FB50446FF20C2
:10CC20008DF80100FEF782FE8DF8020000208DF8DD
:10CC300000009DF8030020F00F00401C8DF8030059
:10CC40009DF8030020F0F00010308DF80300002064
:10CC50008DF8040002906846FFF7B9FA1FBD2DE970
:10CC6000FF4104460D4616461F46DDF828808DF824
:10CC700001408DF802508DF800609DF8030020F00F
:10CC80000F008DF803009DF8030020F0F000103035
:10CC90008DF803008DF804808DF805700020029057
:10CCA0006846FFF794FABDE8FF812DE9FF4105468C
:10CCB0000E4614461F46DDF828808DF801508DF889
:10CCC00002608DF800409DF8030067F303008DF8C3
:10CCD00003009DF8030020F0F00010308DF80300F1
:10CCE00000208DF80400B8F1010F12D1214628462A
:10CCF000FDF7F5FF02900298FEF754FD03900398AC
:10CD000008B9BDE8FF8121462846039AFEF70EF8D0
:10CD100001E0002002906846FFF759FAFF2804D08E
:10CD2000029810B10398FEF731FD00BFE9E77FB527
:10CD300004460D468DF80140FEF7F8FD8DF802001F
:10CD400001208DF800009DF8030020F00F00001D69
:10CD50008DF803009DF8030020F0F0008DF803002B
:10CD600000208DF80400042002900298FEF71AFDBE
:10CD70000390039800B97FBD042229460398FEF76B
:10CD800061FC6846FFF723FA00BFF4E7F8B50446F4
:10CD90002689B3B22178A078E268FDF7ABFF05469B
:10CDA0006078FE2802D06078FF2800D1F8BDFF2D02
:10CDB0000ED12178A078FEF7AAF800200090E6783E
:10CDC00006F00F0322786178A078FFF76EFF15E078
:10CDD00055B901200090E67806F00F0322786178BB
:10CDE000A078FFF73CFF09E005200090E67806F008
:10CDF0000F0322786178A078FFF731FF00BFD5E7F5
:10CE000030B587B0044604226846E168FEF71AFC94
:10CE1000BDF802109DF8010000F008FC05461DBB9E
:10CE2000BDF8020000F4704048B9684600F092F97D
:10CE30008DF800009DF8000050B907B030BD68467D
:10CE400000F038F98DF800009DF8000000B9F4E713
:10CE50009DF800008DF8040001A800F042FCA078C5
:10CE60006946FFF764FFE8E700216983687E0128CF
:10CE700003D0A0786946FFF75AFF00BFDDE730B561
:10CE800087B0044604226846E168FEF7DBFBBDF884
:10CE900002109DF8010000F0C9FB05465DBBBDF81E
:10CEA000020000F4704048B9684600F053F98DF86C
:10CEB00000009DF8000050B907B030BD684600F092
:10CEC000F9F88DF800009DF8000000B9F4E79DF82E
:10CED00000008DF804009DF801008DF80500BDF8F4
:10CEE0000200ADF8060001A800F0FBFBA07869463F
:10CEF000FFF71DFFE0E700216983697628788DF848
:10CF00000000A0786946FFF712FF00BFD4E738B5EC
:10CF100004466078FF2802D06078FE2800D138BD32
:10CF2000FEF704FD054604200090E17801F00F03B0
:10CF30002278A0782946FFF792FE00BFEFE70EB5F2
:10CF400001208DF806008DF807006420ADF8000080
:10CF500000208DF80500AFF23D30029069460820B0
:10CF6000FEF7BBFE0EBD10B5FEF7D0FDFEF74AFC86
:10CF7000AFF26500FEF75BFFAFF24740FEF7FCFC47
:10CF8000AFF2A730FEF7FBFC00F0A1FCFEF7E8F8DB
:10CF9000FFF7D5FF10BD38B50446E0780121B1EBAD
:10CFA000101F13D1E07800F00F0001280ED0E078B8
:10CFB00000F00F00082809D0E07800F00F000C28DE
:10CFC00004D02046FEF7F5FC002038BDE07800F0E4
:10CFD0000F00082819D004DC012807D003281ED12F
:10CFE00009E0092816D00C2819D109E02046FFF7DE
:10CFF00007FF0120E9E72046FFF7C8FE0120E4E72C
:10D000002046FFF73CFF0120DFE72046FDF79AFFAF
:10D010000120DAE72046FDF795FF0120D5E7012042
:10D020000090E27802F00F036178A0780022FFF709
:10D0300016FE0120C9E710B51B48007820B1012871
:10D040000BD0022821D115E01848FFF7A9F8FF28D6
:10D0500002D101201449087018E01448FFF79BFF23
:10D06000012803D102201049087002E000200E4977
:10D0700008700BE00D48806818B10C49C868FEF7CD
:10D0800085FB00200849087000E000BF00BF10BD0C
:10D0900010B5FFF7D0FF0648FEF774FCFFF713FA50
:10D0A000FDF787FF10BD000084040020C897002012
:10D0B0002C92002070B505462878FD2817DA002448
:10D0C00013E0FA4800EB84004078697888420AD17E
:10D0D000F64800EB840040886988884203D104F157
:10D0E0006000C0B270BD601C84B2142CE9DB2878EB
:10D0F0005F2813DD2878FF2810D028786038EB49A6
:10D1000051F8200050B929786039E84A02EB8100D3
:10D1100004222946FEF796FA2878E3E7002415E072
:10D12000E24850F8240078B9E04901EB8400042279
:10D130002946FEF787FA04F16000DC4901F8240073
:10D14000084610F82400CDE7601C84B2142CE7DBFD
:10D150000020C7E770B505462878602815DA012455
:10D1600011E0D34800EB840040786978884208D108
:10D17000CF4800EB840040886988884201D1E0B242
:10D1800070BD601C84B2142CEBDB2878602810DAA8
:10D19000287870B12878C64951F8200048B9297814
:10D1A000C34A02EB810004222946FEF74BFA287895
:10D1B000E6E7012413E0BE4850F8240068B9BC49F2
:10D1C00001EB840004222946FEF73CFAB84901F835
:10D1D0002440B64810F82400D2E7601C84B2142C16
:10D1E000E9DB0020CCE7B3490860704710B503467F
:10D1F0000C46186808B9002010BD196808E0487A84
:10D20000A04204D1087A904201D10846F4E7496867
:10D210000029F4D10020EFE770B504460E463278BD
:10D2200071782046FFF7E2FF05460DB9002070BD7A
:10D23000A068012807D1D4E90001884203D1002069
:10D240002060606015E0686828B928686060002088
:10D25000616848600DE0286828B96868206000208F
:10D260002168086005E0D5E900010860D5E90010F3
:10D270004860A068401EA0602846FEF787FAFF209D
:10D28000D5E710B503460C46186808B9002010BD54
:10D29000196809E0487AA04205D1087A904202D183
:10D2A00001F10800F3E749680029F3D10020EEE717
:10D2B00070B505460E46A868142801D1002070BD3F
:10D2C000327871782846FFF7DCFF08B10120F6E7D5
:10D2D0001820FEF767FA04460CB90220EFE7102287
:10D2E000314604F10800FEF7ADF9286828B900209E
:10D2F000606020602C606C6006E000206060686800
:10D300004460686820606C60A868401CA860FF20CA
:10D31000D5E702466848006808B9002070476648AB
:10D32000016806E0087A904202D101F10800F5E7B1
:10D3300049680029F6D10020F0E72DE9F04389B0D3
:10D3400007460E4690464FF000093846FFF7E1FFCA
:10D3500005461DB9002009B0BDE8F083687E08B914
:10D360000120F8E70222314605F12000FFF789FF8E
:10D3700004469CBB8DF81570FEF7D8FA8DF81600A0
:10D380008DF814609DF8170020F00F00801C8DF8B8
:10D3900017009DF8170020F0F0008DF8170000200E
:10D3A0008DF8180007900021089105A8FEF70FFFDF
:10D3B000FF2814D18DF8056002208DF804000F209D
:10D3C0008DF8060000208DF809008DF8090001A9EC
:10D3D00005F12000FFF76CFF0320BCE701E004200B
:10D3E000B9E7A078B0B1022804D00F281AD14FF0C5
:10D3F000050917E04046D4E90221FEF723F9E06869
:10D40000FEF7C4F9214605F12000FFF705FF4FF0B4
:10D41000FF0907E0214605F12000FFF7FDFE4FF070
:10D42000EE0900BF00BF484695E72DE9F04788B0F8
:10D4300080460F4691461E464FF0000A4046FFF7D1
:10D4400068FF04461CB9002008B0BDE8F087607E84
:10D4500008B90120F8E70322394604F12000FFF75C
:10D4600010FF0546002D4ED18DF81180FEF75EFAB3
:10D470008DF812008DF810709DF8130020F00F0049
:10D48000C01C8DF813009DF8130020F0F0008DF8FB
:10D49000130000208DF8140006963046FEF782F93E
:10D4A0000790079850B90220CEE70000D8970020D7
:10D4B00028980020880400207898002032464946A9
:10D4C0000798FEF7BFF804A8FEF781FEFF2813D1E6
:10D4D0008DF8017003208DF800000F208DF80200F8
:10D4E00000208DF805008DF80500694604F1200044
:10D4F000FFF7DEFE0320A7E7069810B10798FEF7B6
:10D5000045F90420A0E7A87870B1032804D00F28BB
:10D5100012D14FF0050A0FE0294604F12000FFF771
:10D520007BFE4FF0FF0A07E0294604F12000FFF7D9
:10D5300073FE4FF0EE0A00BF00BF504684E70021A3
:10D5400001604160816070470021417001210170DC
:10D5500000210171418070470246E948006808B91E
:10D5600000207047E648016806E0087A904202D140
:10D5700001F12800F5E749680029F6D10020F0E71D
:10D580000246DF48006808B900207047DC4801689F
:10D5900006E0087A904202D101F12000F5E74968DF
:10D5A0000029F6D10020F0E702460B46D448006877
:10D5B00008B900207047D248016809E0487A9042D3
:10D5C00005D14889984202D101F12000F2E749686B
:10D5D0000029F3D10020EDE70246C948006808B9E8
:10D5E00000207047C648016805E0087A904201D1E2
:10D5F0000846F6E749680029F7D10020F1E702461E
:10D600000B46BF48006808B900207047BC48016855
:10D6100008E0487A904204D14889984201D10846EE
:10D62000F3E749680029F4D10020EEE702460B46F3
:10D63000B348006808B900207047B148016809E0A4
:10D64000487A904205D14889984202D101F10800F8
:10D65000F2E749680029F3D10020EDE702460B46C6
:10D66000A748006808B900207047A548016808E08D
:10D67000487A904204D14889984201D1087AF3E768
:10D6800049680029F4D10020EEE702460B469C4889
:10D69000006808B9002070479948016809E0487A95
:10D6A000904205D14889984202D191F82100F2E7D1
:10D6B00049680029F3D10020EDE702469048006850
:10D6C00008B9002070478E48016806E0087A904249
:10D6D00002D191F82100F5E749680029F6D1002030
:10D6E000F0E770B5054686488068402801D10020E3
:10D6F00070BD2878FFF70DFE06460EB10120F7E752
:10D700003420FEF74FF804460CB90220F0E704F18C
:10D710002800FFF714FF04F12000FFF715FF18227F
:10D72000294604F10800FDF78DFF7548006850B9DF
:10D730000020606020607248046044608068401C83
:10D740006F4988600DE0002060606D48406844606B
:10D750006B48406820606A4844608068401C6849A3
:10D760008860FF20C4E770B505462878FFF734FFCE
:10D7700004460CB9002070BD6148006860494968E2
:10D78000884208D15E488068012804D100205C49A5
:10D790000860486017E0606830B9594920684860FF
:10D7A0000020496848600EE0206830B9544960683C
:10D7B000086000200968086005E0D4E900104860AE
:10D7C000D4E9000108604E488068401E4C498860DA
:10D7D0002046FDF7DBFFFF20CDE770B50446256846
:10D7E00009E06E68286910B16869FDF7CFFF284627
:10D7F000FDF7CCFF3546002DF3D10020206060609E
:10D80000A06070BD70B505462C6804B970BD17E006
:10D810006668A07A0F2812D0207B0A2803DA207BC2
:10D82000401C20730BE0206910B16069FDF7AEFF6A
:10D8300004F108012846FFF7EFFC0121617334462B
:10D84000002CE5D100BFE1E770B504460D462D4838
:10D85000006820B1294620462A4A126890476B7812
:10D86000227861786088FDF7A7FA70BD70B506462A
:10D870002348046804B970BD25E065682020005D78
:10D8800001281FD1608CB0F5967F07DA608C401CB0
:10D89000608404F12800FFF7B5FF13E0012184F84C
:10D8A0002410002184F8211004F1200104F1080063
:10D8B000FFF7CAFF04F12800FFF78FFF04F108000B
:10D8C000FFF751FF2C46002CD7D100BFD3E70EB590
:10D8D00000200B4908604860886001208DF8060030
:10D8E0008DF80700ADF8000000208DF80500AFF2BC
:10D8F0008300029069460920FEF7EFF90EBD000093
:10D900007898002088040020F949086070472DE9C4
:10D91000FF4104460D4616461F46DDF828808DF867
:10D9200001408DF802508DF800609DF8030020F052
:10D930000F008DF803009DF8030020F0F000103078
:10D940008DF803008DF804808DF80570002002909A
:10D950006846FEF73CFCBDE8FF8138B504466078B8
:10D96000FF2802D06078FE2800D138BD0420009046
:10D97000E57805F00F032278DE4D95F82510A078A4
:10D98000FFF7C5FF00BFF0E710B50446042C17D120
:10D990000021D84880F8261080F8291080F8271038
:10D9A0000420FEF7B6F900210520FEF7B2F9FEF7D4
:10D9B00080FDD04A92F8261092F82400FDF759FC19
:10D9C00010BD10B586B00446CA4890F824008DF802
:10D9D0000900C84890F825008DF80A0000208DF84D
:10D9E0000800C44890F82600012807D19DF80B00D4
:10D9F00020F00F00401C8DF80B0006E09DF80B0096
:10DA000020F00F000C308DF80B009DF80B0020F07B
:10DA1000F00010308DF80B0000208DF80C00042071
:10DA200004900498FDF7BEFE0590059808B906B06D
:10DA300010BDFDF77BFF8DF80400FDF77EFF8DF82C
:10DA40000500FDF77DFFADF8060001A9DDE9042022
:10DA5000FDF7F8FD02A8FEF7BAFB00BFE7E70EB539
:10DA600001208DF8060000208DF807004FF4967015
:10DA7000ADF8000001208DF80500AFF2F300029030
:10DA800069460420FEF729F901208DF806000020E0
:10DA90008DF807006420ADF8000000208DF8050027
:10DAA000AFF2E100029069460520FEF716F90EBDBF
:10DAB0002DE9FF4105460E4614461F46DDF8288035
:10DAC0008DF801508DF802608DF800409DF803003C
:10DAD00067F303008DF803009DF8030020F0F000C9
:10DAE00010308DF8030000208DF80400B8F1010F0C
:10DAF00012D121462846FDF753FB02900298FDF70C
:10DB000051FE0390039808B9BDE8FF8121462846DD
:10DB1000039AFDF76EFB01E0002002906846FEF7D5
:10DB200056FBFF2804D0029810B10398FDF72EFE93
:10DB300000BFE9E72DE9FF4105460E4614461F46A2
:10DB40008DF801508DF802608DF800409DF80300BB
:10DB500067F303008DF803009DF8030020F0F00048
:10DB600010308DF8030000208DF804002046FDF7EA
:10DB7000A2FE02900298FDF715FE0390039808B9E3
:10DB8000BDE8FF8120460399FDF7A9FE6846FEF730
:10DB90001EFBFF2804D0029810B10398FDF7F6FD94
:10DBA00000BFEDE77FB504460E461546FDF7B6FE0D
:10DBB00010B9002004B070BDFDF7BBFE8DF8010068
:10DBC000FDF7B4FE8DF802008DF800409DF80300CB
:10DBD00020F00F00C01C8DF803009DF8030020F01A
:10DBE000F0008DF8030000208DF8040002950298E3
:10DBF000FDF7D8FD0390039808B90120DAE72A461B
:10DC000031460398FDF71EFD6846FEF7E0FAFF284F
:10DC100006D0029820B10398FDF7B8FD0220C9E7AD
:10DC2000FF20C7E7F8B505460C46A87801281AD1A9
:10DC30002178A078FDF7B4FA50B906200090E67874
:10DC400006F00F0322786978A078FFF760FEF8BD30
:10DC500001200090E67806F00F0322786978A0781A
:10DC6000FFF726FF09E002200090E67806F00F0398
:10DC700022786978A078FFF74AFE1D48006818B13D
:10DC800020461B490968884700BFE0E7F8B505460C
:10DC90000C46A87801283AD12789BBB22178A07810
:10DCA000E268FDF788FA06466078FE2802D06078C0
:10DCB000FF2800D1F8BDFF2E0ED12178A078FDF706
:10DCC0006EFB00200090E77807F00F032278697858
:10DCD000A078FFF7EDFE24E076B901200090E77808
:10DCE00007F00F0322786978A078FFF710FE18E09C
:10DCF0008C0400200892002005200090E77807F0AF
:10DD00000F0322786978A078FFF701FE09E002206E
:10DD10000090E77807F00F0322786978A078FFF782
:10DD2000F6FDA148006818B120469F490968884758
:10DD300000BFBFE770B504460D466079A8B96878A2
:10DD4000FF2812D1A8782070012060710420FDF70F
:10DD5000FFFF01210420FDF7DCFF0520FDF7F8FFA0
:10DD600001210520FDF7D5FF09E06079012806D1E2
:10DD70002078A978884202D10420FDF7E9FF70BD20
:10DD8000F8B505460C46687901284BD1E668FDF7E1
:10DD9000D7FD7188884245D1FDF7CFFD7178884263
:10DDA00040D1A878012825D1A0782978884216D1B9
:10DDB000FDF7BCFD3178884202D03078FDF7C7FD11
:10DDC000E77807F00F0322786178A078FFF7B2FEBA
:10DDD0000120A870A978A078FDF74BFA22E0032073
:10DDE0000090E27802F00F036978A0780022FFF734
:10DDF0008EFD17E0A0782870FDF798FD31788842F5
:10DE000002D03078FDF7A3FDE77807F00F03227802
:10DE10006178A078FFF78EFE0120A870A978A0781D
:10DE2000FDF727FAF8BD10B5FDF770FEFDF7EAFC27
:10DE3000FDF7E4FBAFF2DD40FDF7F9FFFFF70FFE62
:10DE400010BDF8B506460C46F078032801D1012034
:10DE5000F8BDE0780121B1EB101F0ED1E07800F0A1
:10DE60000F00082809D0E07800F00F00012804D046
:10DE70002046FDF79EFD0020EAE7E07800F00F0065
:10DE80000E2847D2DFE800F046070D13191F462E73
:10DE900030354624463A21463046FFF74BFF0125F0
:10DEA00044E021463046FFF7BDFE01253EE0214615
:10DEB0003046FFF7EBFE012538E021463046FFF7FC
:10DEC0005FFF012532E00420FFF75EFD01252DE014
:10DED000E77807F00F0322787178A078FFF72AFE21
:10DEE000012523E0012521E02046FDF773FA0125F5
:10DEF0001CE02046FDF76EFA012517E00020009097
:10DF0000E77807F00F0322787178A078FFF7D0FD4B
:10DF100001250BE001200090E77807F00F0322783D
:10DF20007178A078FFF7F3FC012500BF00BFE8B2CD
:10DF30008EE710B504461D48007820B101280BD0AB
:10DF4000022822D116E01A48FEF72AF9FF2802D14A
:10DF500001201649087019E015492046FFF771FFA6
:10DF6000012803D102201149087002E000200F4966
:10DF700008700BE00E48806818B10D49C868FDF7BD
:10DF800005FC00200949087000E000BF00BF10BD7B
:10DF900010B50848FFF7CDFF0648FDF7F3FCFDF785
:10DFA00054FAFEF790FA10BD8C0400209004002073
:10DFB000849800202C92002010B50446F84850F8B0
:10DFC0002400408948B1F64850F824004089401E9A
:10DFD000F34951F82410488120E0F14850F824001A
:10DFE0000078D8B10020EE4951F824100870EC48B0
:10DFF00050F82400806988B1E94B53F824305988DF
:10E00000E74B53F82430D868E54B53F824309A692D
:10E0100090470020E24951F82410488010BD48B9CB
:10E02000E049DF4A1160E0491268D160DF49DC4A0B
:10E0300012681161032809D1DD49D94AD160DD494F
:10E04000D268D160DC49D64AD2681161704700B508
:10E0500091B0012144F20400F5F77CFB0121084650
:10E06000F5F76BFB4FF40070ADF8400003208DF81E
:10E07000420018208DF8430010A9D048F5F748F861
:10E080004FF48060ADF8400048208DF8430010A99F
:10E09000CA48F5F73DF825208DF82C0000208DF8B2
:10E0A0002D0001208DF82E008DF82F000BA8F3F71E
:10E0B00004FE0E208DF82C0000208DF82D0002208B
:10E0C0008DF82E0001208DF82F000BA8F3F7F5FD39
:10E0D000BB480090B3480069019010200290800175
:10E0E0000390002004908020059000200690079067
:10E0F00008904FF40050099000200A906946B148FA
:10E10000F4F740FC01220221AE48F4F772FC002132
:10E11000AC48F4F762FC01228021A948001FF6F701
:10E120008BFBA74800909F48C06801900020029098
:10E130004FF4806003900020049080200590002020
:10E140000690079008904FF44050099000200A90E4
:10E1500069469C481430F4F715FC012199481430A5
:10E16000F4F73BFC012240219548001FF6F764FBC1
:10E170004FF416500C900020ADF83400ADF8360086
:10E18000ADF83800ADF83C000C20ADF83A000CA911
:10E190008B48001FF6F793FA012240F22441884889
:10E1A000001FF6F724FB012228218548001FF6F7FF
:10E1B0001EFB012260218248001FF6F718FB402158
:10E1C0007F48001FF6F7EFFB01217D48001FF6F79F
:10E1D00002FB11B000BD00B591B001211020F5F790
:10E1E000B9FA0121C804F5F7C2FA01210220F5F7B6
:10E1F000A4FA4FF48060ADF8400003208DF842008F
:10E2000018208DF8430010A96F48F4F781FF4FF4F0
:10E210000060ADF8400004208DF8430010A96A4862
:10E22000F4F776FF34208DF82C0000208DF82D00B7
:10E2300001208DF82E008DF82F000BA8F3F73DFD7F
:10E240003B208DF82C0000208DF82D0002208DF849
:10E250002E0001208DF82F000BA8F3F72EFD5B4850
:10E2600000905348006901901020029080010390B3
:10E2700000200490802005900020069007900890D0
:10E280004FF44050099000200A9069465048F4F736
:10E2900079FB012202214E48F4F7ABFB00214C48E8
:10E2A000F4F79BFB012280214848001FF6F7C4FACF
:10E2B000464800903E48C0680190002002904FF40C
:10E2C000806003900020049080200590002006903C
:10E2D000079008904FF44050099000200A9069463A
:10E2E0003B482838F4F74EFB012139482838F4F729
:10E2F00074FB012240213548001FF6F79DFA4FF4C8
:10E30000E1300C900020ADF83400ADF83600ADF8E7
:10E310003800ADF83C000C20ADF83A000CA92B48B1
:10E32000001FF6F7CCF940212848001FF6F73BFB09
:10E33000012228212548001FF6F759FA0122602101
:10E340002248001FF6F753FA012240F224411F48E9
:10E35000001FF6F74CFA01211C48001FF6F73BFAA4
:10E3600011B000BD10B504462046FFF758FE0CB9A9
:10E37000FFF76DFE032C01D1FFF72DFF10BD08B98B
:10E38000084A5161032801D1094A5161704708B90F
:10E39000044A9161032801D1054A91617047000048
:10E3A00094980020A8980020C49C0020C4980020C5
:10E3B000C4A00020E0A40020E0A00020000801404C
:10E3C000043801404400024000100140044C004069
:10E3D000580402400146FE4850F821000078012808
:10E3E00001D100207047FA4850F82100408820B140
:10E3F000F74850F821004088F4E70020F2E7014692
:10E40000F34850F821004078012804D1F04850F832
:10E410002100808870470020FCE710B502460B46BB
:10E42000EB4850F822000078012801D1002010BDEF
:10E43000002107E0E64850F82200C068405C5854CC
:10E44000481C81B2E24850F8220040888842F1DC42
:10E450000020DF4C54F822406080FF20E7E70021D5
:10E46000DB4A52F82020518070472DE9F0410446E4
:10E470000F461646D64850F824004078012863D04D
:10E48000D34850F824008680002507E0785DD04905
:10E4900051F8241009694855681C85B2B542F5DB6E
:10E4A0000120CB4951F8241048707CB9C84850F875
:10E4B00024008088C7498864C54850F82400006952
:10E4C00008650121C3484430F4F787FA012C12D1C2
:10E4D000BF4850F824008088BE4984310860BC4899
:10E4E00050F824000069BB49C1F88C000121B948EB
:10E4F0008030F4F772FA022C0FD1B54850F824009E
:10E500008088B4490862B24850F8240000698862E3
:10E510000121B0481C30F4F760FA032C11D1AC484B
:10E5200050F824008088AC490860A94850F82400BD
:10E530000069A949083108600121A748001FF4F7C4
:10E540004CFA0120BDE8F0810020FBE770B50446DD
:10E550000D462E4654B92946A048F6F7A9F900BF42
:10E5600040219E48F6F712FA0128F9D1012C0AD170
:10E5700029469B48F6F79CF900BF40219848F6F7DA
:10E5800005FA0128F9D1022C0AD129469548F6F757
:10E590008FF900BF40219348F6F7F8F90128F9D127
:10E5A000032C0AD129469048F6F782F900BF402192
:10E5B0008D48F6F7EBF90128F9D170BD70B540F23E
:10E5C00025518648F6F7F8F910B38848406940B1FC
:10E5D0008248F6F771F9C4B28448416920468847F9
:10E5E00016E00120814908703220488108464088A1
:10E5F000B0F5806F0CDA7948F6F75EF9C1B27B4866
:10E6000042884088401C794B58801846C068815425
:10E6100008217248F6F7BAF950B170480088C5B2BF
:10E620006E48001D0088C5B208216C48F6F7BBF99A
:10E6300004216A48F6F7AAF950B168480088C5B2C3
:10E640006648001D0088C5B204216448F6F7ABF99E
:10E6500002216248F6F79AF950B160480088C5B2C5
:10E660005E48001D0088C5B202215C48F6F79BF9A0
:10E6700001215A48F6F78AF950B158480088C5B2C6
:10E680005648001D0088C5B201215448F6F78BF9A1
:10E6900040F224415148F6F78FF960B34F480088A3
:10E6A000C5B24E48001D0088C5B200214948583007
:10E6B000F4F793F947485830F4F7A6F9C0F58060AD
:10E6C0004A4948804FF4806142485830F4F79AF93B
:10E6D000012140485830F4F780F94448806938B146
:10E6E000424B5988D8689A69904700203F49488032
:10E6F00000203E49087070BD10B54FF40050F4F78B
:10E70000A6F960B14FF40050F4F7B5F9002037498D
:10E710004870888000212F484430F4F75EF910BD1E
:10E7200010B508213048F6F731F950B12E4800886D
:10E73000C4B22D48001D0088C4B208212A48F6F74B
:10E7400032F904212848F6F721F950B1264800880B
:10E75000C4B22548001D0088C4B204212248F6F73F
:10E7600022F902212048F6F711F950B11E4800881D
:10E77000C4B21D48001D0088C4B202211A48F6F731
:10E7800012F901211848F6F701F950B1164800882E
:10E79000C4B21548001D0088C4B201211248F6F722
:10E7A00002F940F224411048F6F706F9D8B30E48B2
:10E7B0000088C4B20C48001D0088C4B2002106487D
:10E7C0002C38F4F70AF904482C38F4F71DF90FE057
:10E7D00094980020000002405C0402400038014090
:10E7E0000044004000480040004C0040A898002031
:10E7F000C0F58060154948804FF480611448F4F7F3
:10E8000001F901211248F4F7E8F81048806938B19D
:10E810000E4B5988D8689A69904700200B49488068
:10E8200000200A49087010BD10B50A48F4F70FF926
:10E8300058B10848F4F71FF900200449487088804F
:10E84000002103482830F4F7C8F810BDC4A0002008
:10E85000300402400000021010B504462422214674
:10E86000E048F6F723FE10BDDF49086070472DE948
:10E87000F04106460F4690461D4605F10C00F6F79E
:10E88000FCFE044614B90020BDE8F0812DB12A46F3
:10E89000414604F10C00F6F709FEE771A6716581A7
:10E8A00000F0CCF92081002060716080CD48807834
:10E8B0002071CC4800882080204600F00EFAFF2806
:10E8C00000D1E1E72046F6F7C8FE0120DCE770B58D
:10E8D00005460C462046F6F7D0FE06460EB9002047
:10E8E00070BD24B1224629463046F6F7DFFD30469A
:10E8F00000F0F3F9FF2800D1F2E73046F6F7ADFE5D
:10E900000120EDE710B500231A4619460220FFF753
:10E91000AEFF10BD10B500231A4606210320FFF7F5
:10E92000A6FF10BD70B504460D46164633462A466E
:10E9300021460320FFF79BFF70BD70B504460D46CE
:10E94000164633462A4621460420FFF790FF70BD45
:10E9500013B50446012301AA21460520FFF787FFCE
:10E960001CBD0146A148407818B100209F4A908004
:10E9700004E001209D4A50700020908070470020E4
:10E980009A498880704770B50446FFF7F8FFE07930
:10E99000102847DAE079072842D2DFE800F0410486
:10E9A0000C16272F3500F6F747FFE07900221146B5
:10E9B000FFF7C3FF35E004F10C00F6F715FF18B9B7
:10E9C000E0790421FFF7C4FF2BE004F10C00F6F717
:10E9D00039FFFF2805D1E07900221146FFF7ADFF8E
:10E9E00003E0E0790321FFF7B3FF1AE0F6F724FF15
:10E9F000E07900221146FFF7A0FF12E0E07924221F
:10EA00007849FFF79AFF0CE07848407838B1012048
:10EA100076490870E07924227249FFF78EFF00E002
:10EA200000BF10E07048006860B16289E07904F1CD
:10EA30000C016D4B1B68984705461DB1E0792946CE
:10EA4000FFF786FF00BF002070BD10B50446A07917
:10EA5000012803D12046FFF796FF05E0A0790228A0
:10EA600002D12046FFF77DFF10BD10B55F4840780A
:10EA700000282ED05D488088401C5C49888008466C
:10EA80008088B0F5167F05DD00200870487048804A
:10EA9000C8801EE05548007868B154484088401C42
:10EAA0005249488008464088C82812DD0020488026
:10EAB000FFF728FF0DE04D48C088401C4B49C88037
:10EAC0000846C088B0F5C87F03DD0020C880FFF786
:10EAD00021FF10BD38B546480078052878D2DFE818
:10EAE00000F0030E2F676F0000F0F2F84149086054
:10EAF0000846006810B101203D49087068E03D48B3
:10EB00000068408837490988884215D1394800682B
:10EB100040793449897888420ED136490968088994
:10EB200000F06AF8FF2803D103203149087006E09D
:10EB300004202F49087002E002202D49087047E0A8
:10EB40002C480068807A0C30C0B22A4A00901268C3
:10EB50005179284A12689078264A1368FF22FDF7F7
:10EB60008FFF0446022C0BD003DC3CB1012C04D1F6
:10EB700005E0032C05D0FF2C04D000BF00BF00BF70
:10EB800000BF00BF1B48006840884FF6FF718842F5
:10EB900008D1184800684079FF2803D103201449A0
:10EBA000087002E004201249087000BF00BF0FE0A7
:10EBB00010480068FFF749FF04200D49087007E07E
:10EBC0000C480068F6F749FD00200949087000BFAD
:10EBD00000BF38BD10B5FFF77DFF00F08AF810BD0B
:10EBE000704700009C040020C00400209404002012
:10EBF000C4040020C80400200146002208E04F4859
:10EC000030F81200884201D100207047501CC2B277
:10EC1000202AF4DB4948001FC378001D20F8131098
:10EC2000001FC078401C454B1B1FD8701846C07889
:10EC3000202801D10020D870FF20E6E73F48001FC0
:10EC400000883E49091F0988491C3C4A121F11804F
:10EC50007047024650781378984203D1907808B9EB
:10EC6000012070475378101D40F823105078401C45
:10EC700050709078401E90705078D378984201D1AF
:10EC800000205070FF20ECE7014648780B7898424E
:10EC900005D18878CB78984201D1002070470B7855
:10ECA000081D50F823200878401C08708878401C04
:10ECB00088700878CB78984201D1002008701046FF
:10ECC000ECE710B5044621461D48FFF7C2FF10BD12
:10ECD00000B51B48FFF7D8FF00BD10B5044621461C
:10ECE0001848FFF7B6FF10BD00B51648FFF7CCFF78
:10ECF00000BD10B51448007810B101281CD10DE0FA
:10ED0000002012490860FFF7EFFF1049086008462D
:10ED1000006810B101200C4908700DE00B48006834
:10ED200000F098FBFF2806D108480068F6F795FC2C
:10ED300000200549087000BF00BF10BDE4A80020F6
:10ED4000CC04002020050020740500207805002058
:10ED500039490860704770B5044638480088022871
:10ED600020DAAA2C0BD100203449088008460188FB
:10ED70000088401C314A10803148445439E02F4803
:10ED80000088012835D1BB2C08D12C480188008887
:10ED9000401C2A4A10802A4844542AE0002027496F
:10EDA000088026E0254801880088401C234A1080FE
:10EDB00023484454054610460088032819DD688816
:10EDC000B0F5007F03DD00201146088070BD688823
:10EDD0000C301A49098888420BD11748006828B1BD
:10EDE000164801881648144A1268904700201349B3
:10EDF000088000BFEAE770B505460E46002404E02F
:10EE0000285DFFF7A8FF601C84B2B442F8DB70BD38
:10EE1000704770B504460D462A4621460020FFF78C
:10EE200024FB70BD10B50020FFF79CFAAFF239014A
:10EE30000020FFF7ACFA10BD7C0500208005002003
:10EE400024A90020F84908607047F8480068401C71
:10EE5000F64908600846006870472DE9F047074604
:10EE60004FF0000C00253B4600BF12E01868000E72
:10EE70001A6802F47F0240EA12201A8802F47F42E4
:10EE800040EA02201A7840EA026005441B1D0CF19A
:10EE9000010CCA1701EB9272BCEBA20FE6D3CA17A2
:10EEA00001EB92729210A1EB8202EAB308464FEA9C
:10EEB000E17801EB98784FEAA808A1EB8808C8F13F
:10EEC00004084FEAC8094FF0FF3828FA09F8D3F8C8
:10EED000009008EA09084FEA18690A464FEAE17803
:10EEE00001EB98784FEAA808A1EB8808C8F104085C
:10EEF0004FEAC80A4FF0FF3828FA0AF8D3F800A002
:10EF000008EA0A0808F47F0849EA18280C464FEA7C
:10EF1000E17901EB99794FEAA909A1EB8909C9F1D6
:10EF200004094FEAC90A00E023E04FF0FF3929FA4B
:10EF30000AF9B3F800A009EA0A0909F47F4948EA86
:10EF400009280E464FEAE17901EB99794FEAA909C0
:10EF5000A1EB8909C9F104094FEAC90A4FF0FF3949
:10EF600029FA0AF993F800A009EA0A0948EA0968A7
:10EF700045442846BDE8F0870146AD484078AC4A94
:10EF80001278904204D1AA48408808B901207047FD
:10EF9000A7484278001D40F82210001F4078401C0E
:10EFA000A34A507010464088401E5080104640785A
:10EFB000142801D100205070FF20E8E79C484078D9
:10EFC0009B4A1278904205D199484088142801D173
:10EFD0000020704796480278001D50F82210002249
:10EFE000001F0378001D40F82320001F0078401CFC
:10EFF0008F4A107010464088401C508010460078A0
:10F00000142801D1002010700846E2E770B50546CB
:10F010000C460C2C00DA70BD2E4670880C30A042D5
:10F0200011D12046F6F729FB064666B1224629464D
:10F030003046F6F73BFA3046FFF79EFF012802D133
:10F040003046F6F70AFB00BFE5E70246794800685C
:10F0500008B9002070477748016805E0C868904209
:10F0600001D10846F6E749680029F7D10020F1E709
:10F0700010B504462046FFF7E8FF03460BB9002011
:10F0800010BD03F10800FBE770B5054669488068CC
:10F090007D2801D1002070BDA9688868FFF7E8FFCE
:10F0A00008B10120F7E71420F6F7E7FA04460CB997
:10F0B0000220F0E70C22294604F10800F6F7F6F9E1
:10F0C0005C48006850B900206060206059480460C6
:10F0D00044608068401C574988600DE000206060F3
:10F0E0005448406844605348406820605148446038
:10F0F0008068401C4F498860FF20CCE770B505460A
:10F100002846FFF7A2FF04460CB9002070BD49480D
:10F11000806801280AD14748006846494968884202
:10F1200004D1002043490860486017E0606830B9A6
:10F130004049206848600020496848600EE0206827
:10F1400030B93C496068086000200968086005E043
:10F15000D4E900010860D4E90010486035488068AF
:10F16000401E344988602046F6F777FAFF20CDE745
:10F170003048006808B9002070472E48016805E053
:10F18000487A10B901F10800F6E749680029F7D17B
:10F190000020F1E72748006808B90020704725489B
:10F1A000016806E0C87A032802D101F10800F5E7FA
:10F1B00049680029F6D10020F0E73EB505460C4627
:10F1C00001208DF80000FFF740FE019004F10C00D3
:10F1D000F6F753FA0290029808B901203EBD029951
:10F1E00001F10C0022462946F6F760F9DDE901013C
:10F1F0008860AA2002990870BB2002994870029882
:10F200004480221D91B2029A02F10800FFF725FE08
:10F21000029948606846FFF737FFFF280CD0029834
:10F22000F6F71BFA0220D9E7DC0500208405002050
:10F230008805002030AB0020FF20CFE701B584B067
:10F2400000208DF805008DF806008DF807008DF878
:10F250000400049802900C20F6F70FFA039003982C
:10F2600010B9002005B000BDDDE903108860002062
:10F2700003994880042104A8FFF7EFFD0399486033
:10F28000AA2003990870BB200399487001A8FFF7D2
:10F29000FBFEFF2804D00398F6F7DFF90020E1E732
:10F2A000FF20DFE770B50546A868FFF7E1FE0446DA
:10F2B0000CB9FF2070BD607848B1A06810B1A0689B
:10F2C000F6F7CBF96068FFF719FFFF20F2E700209F
:10F2D000F0E710B5FFF7A6FDAFF2CF20FFF738FD3E
:10F2E00010BD10B5FFF744FF044604B910BDA26875
:10F2F00052880C3291B2A068FFF78BFD58B1012003
:10F300006070207838B9A06810B1A068F6F7A5F948
:10F310006068FFF7F3FE00BFE8E710B5FFF73AFFBC
:10F3200004463CB1A06810B1A068F6F796F9606891
:10F33000FFF7E4FE10BD10B542480078052858D20A
:10F34000DFE800F0032A343F4F00FFF737FE3E4965
:10F35000086008460068F0B1084600684088001D53
:10F3600081B2394800680830FFF777FD0446364817
:10F3700000684068A04203D00420324908700AE0C7
:10F3800031480068408818B901202E49087002E011
:10F3900002202C4908702CE02B480068FFF782FF00
:10F3A000FF2802D104202749087022E02649096875
:10F3B0008868FFF743FFFF2802D103202149087026
:10F3C00017E02248006840B11F48006841881E4885
:10F3D00000680C301D4A12689047042019490870D3
:10F3E00007E019480068F6F738F900201549087059
:10F3F00000BF00BF10BD1649086800B9704715E08E
:10F40000417A91B1C17A03290FDA817A642903DA4A
:10F41000817A491C817208E000228272C17A032934
:10F4200003DAC17A491CC172427240680028E7D1F0
:10F4300000BFE3E710B5FFF77EFFFFF752FFFFF7CE
:10F440006CFF10BDE0050020E4050020DC05002075
:10F4500030AB002010B5044660890C3081B22046E4
:10F46000FFF7ABFEFF2800D110BD0020FCE770B510
:10F4700006460C460C2C01D2002070BD2046F6F743
:10F48000FCF8054685B1224631462846F6F70EF8C7
:10F490002846FFF716FC012804D12846F6F7DDF8C8
:10F4A0000120EAE7FF20E8E70220E6E7F7480068E6
:10F4B000F649496808447047014609B90020704779
:10F4C000087B102801D10120F9E70020F7E700B5FB
:10F4D00002461046FFF7F0FF08B9002000BD106992
:10F4E000FCE708B5072003460122E9A10090EB489C
:10F4F0000BF008F8E94808BD70B504460D4604B1A4
:10F500000DB9012070BDAC4201D10020FAE705E041
:10F51000207808B90020F5E7641C6D1C20780AF0FB
:10F52000D8FF064628780AF0D4FF8642F0D020782B
:10F530000AF0CFFF064628780AF0CBFF301AE1E741
:10F540002DE9F04104460D460026002714B900209D
:10F55000BDE8F08120460BF0A0F9461C3046296832
:10F56000884707460FB90020F2E732462146384661
:10F570000BF0FDF93846EBE738B9C949C94A1160C3
:10F58000C9495160C94991607047C549C54A116070
:10F59000016809B101681160C349C24A51604168FC
:10F5A00009B1416851600021BE4A91601146096865
:10F5B000BB4A914207D1BB494968BB4A914202D13B
:10F5C000BA49B84A916000BFDEE770B5044628200A
:10F5D0002168884705461DB1282128460BF060FAAE
:10F5E000284670BD70B50446002522E02568A08934
:10F5F00000F4807020B9A06810B1A068FFF7F2FF96
:10F60000A08900F4807028B9206918B1A54A206942
:10F6100051688847A08900F4007028B9206A18B1A1
:10F62000A04A206A516888479E484168204688471A
:10F630002C46002CDAD170BD2E2070472DE9F04306
:10F6400091B080460C4600BF00201090FFF7F4FFF9
:10F65000814600250CB1206818B9002011B0BDE822
:10F66000F08300253CE0A16820680844405D342810
:10F6700020D00ADCA0F12B0009282ED2DFE800F010
:10F68000202D212A2D1617181900382816D006DC2F
:10F69000352810D036280FD037281ED10DE0392854
:10F6A0000DD045280FD0652817D10BE000BF00BF53
:10F6B00000BF00BF00BF00BF00BF00BF00BF00BF52
:10F6C00000BF00BF00BFA16820680844405D0DF87E
:10F6D000050003E00DF8059000E00AE000BF6D1C96
:10F6E0003F2D05D224B1A068284461688842BAD36E
:10F6F00000BF00200DF8050010A968460DF042FB80
:10F7000006460F4668461099884201D10020A5E7B9
:10F71000C8E90667664A674B304639460DF008FF70
:10F7200004D86FF00040C8F8140011E00022624BCA
:10F73000304639460DF0C2FD04D84FF00040C8F8FD
:10F74000140005E0304639460DF030FDC8F81400CD
:10F750000820C8F80C00A0686A461099891A084465
:10F76000A06001207AE770B5064614461D46504A4F
:10F77000504B204629460DF0DBFE03D86FF00040C9
:10F7800070610FE000224C4B204629460DF096FD9B
:10F7900003D84FF00040706104E0204629460DF088
:10F7A00005FD706120462946C6E9064570BD2DE974
:10F7B000F04104460D46002600270CB1206810B920
:10F7C0000020BDE8F081606828B1D4E901108842CA
:10F7D00001D30020F5E7B5F1004F01D30020F0E799
:10F7E000A068401C05446068A84203D3A168206853
:10F7F0000844E6E7206908B10020E2E7B5F1804F50
:10F8000007D3B5F1004F02D26FF0004702E00020AD
:10F81000D7E76F00206A60B13946226A20689047B6
:10F820000646E6B9E16920688847002060602060EC
:10F83000C7E73846A1698847064636B9E1692068B6
:10F840008847002060602060BBE72EB1A068421CA2
:10F85000304621680BF08BF8E169206888476760C3
:10F860002660A0683044ACE770B5044600250CB1B2
:10F87000206800B970BDA1682068451828460BF0C3
:10F880000CF8A1680844A06000BFF3E7E805002079
:10F8900025692E25692E2569000000003CAB00205B
:10F8A0006FA30108F0050020CDA301081BA40108E7
:10F8B0000000C0FFFFFFDF410000E0C12DE9F04F75
:10F8C0008BB082460D464FF00009DAE90678002633
:10F8D0000024FFF7B1FE83461DB900200BB0BDE840
:10F8E000F08F00221346384641460DF023FD0022DA
:10F8F0001346CDE900010DF01DFC05D0F9A104A8C7
:10F900000AF000FE06461BE03A464346F7A104A86B
:10F910000AF0F8FD064602AAF6A104A80AF05CFF68
:10F92000012806D13A464346DDE902010DF002FC0A
:10F9300006D03A464346F0A104A80AF0E3FD064685
:10F94000002E01DB192E01DD0020C7E7711C2846BF
:10F95000FFF72DFF8146B9F1000F01D10020BDE76F
:10F9600000240DE004A8005D584503D12E2009F8BD
:10F97000040004E004A8005D09F8040000BF641C52
:10F98000B442EFD3002009F80400A8683044A8600E
:10F990000120A3E702460023002100BF23E0505CC2
:10F9A000302806DB505C392803DC505C30380344D7
:10F9B00015E0505C412806DB505C462803DC505CB7
:10F9C000373803440BE0505C612806DB505C662846
:10F9D00003DC505C5738034401E0002070470329E2
:10F9E00000D21B01491C0429D9D31846F6E72DE99A
:10F9F000FF5F80468946154600240026C246002047
:10FA00000390834602900190A9EB0A00062800DAD1
:10FA100081E00AF10200FFF7BDFF0646B6F55C4F34
:10FA200003D3B6F5604F00D275E0B6F5584F29D331
:10FA3000B6F55C4F26D20AF10607002000900C2094
:10FA40000290A9EB0700062800DA64E038785C2809
:10FA500002D17878752800D05DE0B81CFFF79AFFD6
:10FA600000900098B0F55C4F03D30098B0F5604F5C
:10FA700000D350E0C6F30901009861F39F2000F520
:10FA8000803402E0062002903446802C02D201200D
:10FA9000039018E0B4F5006F04D202200390C02058
:10FAA000019010E0B4F5803F04D203200390E020E1
:10FAB000019008E0B4F5881F04D204200390F020E0
:10FAC000019000E027E00398401E00F0FF0B0BE0E0
:10FAD00004F0BF0040F08000296801F80B00A40981
:10FAE000ABF1010000F0FF0BBBF1000FF0DC03985D
:10FAF000012804DD019820432968087003E004F020
:10FB00007F002968087029680398084428600298D3
:10FB100004B0BDE8F09F0020FAE72DE9F84F8046D9
:10FB20000C46A16820680844461CA1682068084467
:10FB3000451C002000900027A1682068405C222816
:10FB400000D0A6E04FF0000AD1460DE028785C28EE
:10FB500009D1681C2168401A6168884200D398E086
:10FB600009F101096D1C6D1C2068281A6168884222
:10FB700002D228782228E9D12068281A61688842B0
:10FB800002D22878222800D083E0A16820680844A7
:10FB9000281AA0EB090A0AF10100216988470746E3
:10FBA00007B976E0009761E030785C2807D016F856
:10FBB000010B009908700098401C009056E04FF02F
:10FBC0000209A81B012800DA63E07078662819D0C2
:10FBD00008DC222832D02F2832D05C282FD062288F
:10FBE00040D108E06E2814D0722819D074281ED095
:10FBF000752837D12BE00820009908700098401C28
:10FC0000009030E00C20009908700098401C009093
:10FC100029E00A20009908700098401C009022E01A
:10FC20000D20009908700098401C00901BE00920EE
:10FC3000009908700098401C009014E000BF00BFBD
:10FC40007078009908700098401C00900BE06A469C
:10FC500029463046FFF7CBFE8146B9F1000F00D1AF
:10FC600017E000E015E000BF4E4400BFAE429BD35A
:10FC70000020009908701020C8F80C00C8F8107017
:10FC80002068281AA060A068401CA0600120BDE880
:10FC9000F88F17B138466169884716B12068301A65
:10FCA000A0600020F3E72DE9F04707468A460024CC
:10FCB00000260025A046A146BAF1000F02D100207F
:10FCC000BDE8F087F7B903215046FFF770FD0646FF
:10FCD0000EB90020F4E70AA130460AF0BAFD01206F
:10FCE000EEE700006E756C6C0000000025312E31CF
:10FCF00035670000256C670025312E31376700001D
:10FD0000222200003C4622E020780C2811D006DC9C
:10FD100008280DD009280FD00A2810D10AE00D2894
:10FD200009D0222802D05C2809D100E000BF00BF22
:10FD300000BF00BF00BF00BF09F1010905E0207846
:10FD4000202801DA09F1050900BF00BF641C2078F2
:10FD50000028D9D1E01B00EB090808F10301504647
:10FD6000FFF725FD06460EB90020A9E7B9F1000FFF
:10FD70000FD12220307042463946701C0AF0F7FD40
:10FD8000222108F1010031540021401C315401208E
:10FD900096E722203070751C3C463DE020781F28F5
:10FDA00008DD2078222805D020785C2802D0207831
:10FDB00028702FE05C2005F8010B20780C2815D066
:10FDC00006DC08280FD0092819D00A281AD110E01B
:10FDD0000D2811D0222803D05C2813D1287018E0F8
:10FDE0002220287015E06220287012E0662028701A
:10FDF0000FE06E2028700CE07220287009E074205B
:10FE0000287006E02278F7A128460AF07BFB2D1D1A
:10FE100000BF00BF641C6D1C20780028BED12221C9
:10FE200008F1010031540021401C3154012047E702
:10FE300070B504460D4629462069FFF734FF70BDB2
:10FE4000014609B1086808B90020704702E08868D7
:10FE5000401C886041B1D1E90120904204D28A68F7
:10FE60000868805C2028F2DDD1E90120904202D1AF
:10FE70008868401E88600846E7E710B504461CB154
:10FE8000206808B1A06808B1002010BD7CB1A0684E
:10FE9000001D616888420AD2A2682168881803227E
:10FEA000D2A10AF019FD10B9A068C01CA0602046BC
:10FEB000EBE72DE9F04180460C4600270025E0687D
:10FEC000B0F57A7F02D30020BDE8F081E068401CE5
:10FED000E06044B1D4E90110884204D2A1682068EE
:10FEE000405C7B2800D07BE0A068401CA0602046DE
:10FEF000FFF7A6FF4CB1D4E90110884205D2A168F2
:10FF00002068405C7D2800D15DE01CB1D4E901107F
:10FF1000884203D3A068401EA06061E0A068401E34
:10FF2000A06000BF04F11000FFF74FFB064606B9C2
:10FF300056E017B93746354602E02E607560354603
:10FF4000A068401CA0602046FFF77AFF21462846A3
:10FF5000FFF7E3FD00B943E02046FFF771FF286992
:10FF600028620020286144B1D4E90110884204D2FB
:10FF7000A1682068405C3A2800D031E0A068401CAD
:10FF8000A0602046FFF75CFF2146284600F0A8F855
:10FF900000B925E02046FFF753FF44B1D4E9011032
:10FFA000884204D2A1682068405C2C28BAD044B1B1
:10FFB000D4E90110884204D2A1682068405C7D2801
:10FFC00000D00DE000BFE068401EE0604020C8F8AF
:10FFD0000C00C8F80870A068401CA060012073E7FE
:10FFE00017B13846FFF7FEFA00206DE72DE9F04122
:10FFF00007460C460026B046E068B0F57A7F02D38B
:020000040801F1
:100000000020BDE8F081E068401CE060A168206845
:10001000405C5B2800D05DE0A068401CA0602046EA
:10002000FFF70EFF4CB1D4E90110884205D2A16858
:100030002068405C5D2800D141E01CB1D4E901108A
:10004000884203D3A068401EA06043E0A068401E21
:10005000A06000BF04F11000FFF7B7FA054605B92C
:1000600038E016B92E46A84604E0C8F80050C5F896
:100070000480A846A068401CA0602046FFF7E0FE70
:100080002146404600F02CF800B923E02046FFF757
:10009000D7FE44B1D4E90110884204D2A168206897
:1000A000405C2C28D6D044B1D4E90110884204D257
:1000B000A1682068405C5D2800D00BE000BFE068CC
:1000C000401EE0602020F860BE60A068401CA06078
:1000D000012096E716B13046FFF784FA002090E73A
:1000E00070B505460C460CB1206808B9002070BDFB
:1000F000A4B1A068001D616888420FD8A268216879
:1001000088180422AFF224410AF0E6FB30B904203B
:10011000E860A068001DA0600120E8E79CB1A0682D
:10012000401D616888420ED8A2682168881805229F
:100130002FA10AF0D1FB30B90120E860A068401D72
:10014000A0600120D3E7ACB1A068001D61688842BF
:1001500010D8A26821688818042227A10AF0BCFBE5
:1001600040B90220E86001206861A068001DA0601D
:100170000120BCE76CB1D4E90110884209D2A16822
:100180002068405C222804D121462846FFF7C5FCA0
:10019000ADE7BCB1D4E90110884213D2A168206850
:1001A000405C2D2809D0A1682068405C302809DB1C
:1001B000A1682068405C392804DC21462846FFF706
:1001C0003DFA94E7E4B1D4E90110884218D2A1685D
:1001D0002068405C5B2813D121462846FFF706FFC4
:1001E00085E700007525303478000000EFBBBF00C4
:1001F00066616C7365000000747275650000000034
:100200006CB1D4E90110884209D2A1682068405C31
:100210007B2804D121462846FFF74BFE67E70020E4
:1002200065E72DE9F04389B004460D4617461C21C9
:1002300002A80AF035FC00260020F7490860486053
:1002400004B934E0029420460AF027FB401C0390D6
:1002500000200490F14A07CA06AB07C3EF48FFF736
:10026000B4F9064606B922E002A8FFF706FE814669
:10027000FFF7E6FD804641463046FFF731FF00B903
:1002800015E05FB102A8FFF7DBFDDDE9031088424E
:1002900003D204990298405C00B108E01DB10499B2
:1002A000029808442860304609B0BDE8F08316B1D2
:1002B0003046FFF797F9C4B1009400200190DDE9C2
:1002C0000310884202D20498019004E0039810B110
:1002D0000398401E01901DB1DDE90001084428602B
:1002E000CD48DDE9001206C000BF0020DCE710B5F4
:1002F0000446002211462046FFF793FF10BD2DE96A
:10030000F04781460C4600250026D9F8087014B93C
:100310000020BDE8F087606908B1022000E00120FC
:100320000646711C2046FFF742FA05460DB900202B
:10033000EFE77B2005F8010BE068401CE060606996
:1003400010B10A2005F8010BA0683044A06069E0F4
:100350006069B8B12046E168FFF729FA05460DB992
:100360000020D6E74FF0000804E0092005F8010B53
:1003700008F10108E0684045F7D8D4E902010844D3
:10038000A06000BF2146386AFFF78DFC08B9002045
:10039000BFE72046FFF768FA606908B1022000E075
:1003A0000120064631462046FFF701FA05460DB901
:1003B0000020AEE73A2005F8010B606910B1092072
:1003C00005F8010BA0683044A0602146384600F0D3
:1003D000A9F808B900209CE72046FFF745FA6069B4
:1003E00008B1012000E00020396809B1012100E0D6
:1003F00000214618711C2046FFF7D9F905460DB9B2
:10040000002086E7386810B12C2005F8010B6069E0
:1004100010B10A2005F8010B00202870A0683044B4
:10042000A0603F68002F93D1606910B1E068401C64
:1004300000E0022001462046FFF7B9F905460DB954
:10044000002066E7606950B1002003E0092105F84B
:10045000011B401CE168491E8142F7D800BF7D2086
:1004600005F8010B00202870E068401EE0600120C4
:100470004FE72DE9F04107460C460025A846BE6827
:1004800014B90020BDE8F08101212046FFF78FF963
:1004900005460DB90020F5E75B202870A068401CD8
:1004A000A060E068401CE06028E02146304600F093
:1004B00039F808B90020E5E72046FFF7D5F930689C
:1004C000D8B1606908B1022000E00120804608F13F
:1004D00001012046FFF76BF905460DB90020D1E771
:1004E0002C2005F8010B606910B1202005F8010BE4
:1004F00000202870A0684044A0603668002ED4D147
:1005000002212046FFF753F905460DB90020B9E74F
:100510005D2005F8010B00202870E068401EE060B7
:100520000120AFE72DE9F04104460E46002504B155
:1005300016B90020BDE8F081207B10285AD008DCD5
:1005400001281CD0022829D0042809D0082860D10D
:1005500033E0202853D0402856D0802859D131E0AC
:1005600005213046FFF723F905460DB90020E1E7E4
:10057000AFF6900128460AF06CF90120DAE706216F
:100580003046FFF714F905460DB90020D2E7AFF267
:10059000A03128460AF05DF90120CBE7052130465D
:1005A000FFF705F905460DB90020C3E7AFF2B831F2
:1005B00028460AF04EF90120BCE731462046FFF7F5
:1005C0007DF9B7E70027206908B90020B2E7206964
:1005D0000AF063F9471C39463046FFF7E8F805464C
:1005E0000DB90020A6E73A46284621690AF0BFF96E
:1005F00001209FE731462046FFF71AFC9AE7314673
:100600002046FFF736FF95E731462046FFF777FE95
:1006100090E700208EE70000E8050020F0050020AC
:10062000F0B589B007460E461446002524216846D9
:100630000AF036FA4FF480702168884700904FF432
:1006400080700190059694E8070006AB07C30098F8
:1006500000B933E069463846FFF764FF00B92DE082
:100660006846FFF701F9A06850B1029B591C009839
:10067000A2689047054605B920E0002000901AE0E6
:10068000029A501C21688847054605B916E0DDE945
:100690000130401C834201D2019801E00298401CC5
:1006A0000246284600990AF062F90020029968542F
:1006B000009861688847284609B0F0BD009810B1DD
:1006C00000986168884715B128466168884700200E
:1006D000F2E710B50446F74A01212046FFF7A0FFD4
:1006E00010BD10B50446F34A00212046FFF798FFDD
:1006F00010BD70B58AB006460C461546242101A8E7
:100700000AF0CEF9002C02DA00200AB070BDE948E8
:100710000168204688470190019808B90020F4E755
:1007200002940020039005900695E24A07CA07ABA1
:1007300007C301A93046FFF7F5FE28B9DD4A019845
:10074000516888470020E0E70198DEE7F0B589B0FE
:1007500007460C4615461E46242168460AF0A0F9B5
:10076000002D00DB14B9002009B0F0BD0094019504
:1007700000200290012004900596CE4A07CA06ABDD
:1007800007C369463846FFF7CDFEEDE70146002274
:10079000002309B9002070478A6801E05B1C1268D9
:1007A000002AFBD11846F6E702460B4600210AB99B
:1007B00000207047916801E05B1E096809B1002BB9
:1007C000FAD10846F5E770B505460C46002C01DA6B
:1007D000002070BD21462846FFF7E6FFF9E72DE926
:1007E000F04105460E461746002405B116B9002013
:1007F000BDE8F081AC684FB100E024687CB13046C0
:10080000216A0AF075F90028F7D108E000E02468B1
:100810002CB13046216AFEF76FFE0028F7D1204642
:10082000E6E770B504460D46002229462046FFF74C
:10083000D6FF70BD70B504460D46012229462046FC
:10084000FFF7CDFF70BD70B504460D462946204622
:10085000FFF7E7FF08B1012070BD0020FCE7016051
:100860004860704770B505460E4600240DB900205B
:1008700070BD3046FEF7A9FE04460CB90020F7E72C
:100880002822294620460AF0B7F800202062E068B6
:1008900040F48070E0600020606020602046E7E760
:1008A00070B504460E46002506B10CB9002070BD97
:1008B000A5680DB9A66008E000E02D68286800284A
:1008C000FBD131462846FFF7CAFF0120EFE770B59C
:1008D00004460D4629462046FFF7E2FF70BD7047EB
:1008E0002DE9F04707460D4614461E46DDF82090D8
:1008F0004FF00008C2460FB105B114B90020BDE8A1
:10090000F087B9F1000F07D02846FFF7E8FF8046CF
:10091000E06840F4007A0CE031462846FEF710FE0D
:100920008046B8F1000F01D10020E8E7E06820F42C
:10093000007AA08900F4007020B9206A10B1206A02
:1009400071688847C4F82080C4F80CA02146384656
:10095000FFF7A6FFD3E7F8B504460D46164600207C
:10096000544B3246294600902046FFF7B9FFF8BDA8
:10097000F8B504460D46164601204E4B3246294630
:1009800000902046FFF7ACFFF8BD70B504460D4659
:1009900004B970BD47492846FFF764FF0646314653
:1009A0002046FFF77DFF00BFF3E7F8B504460D468C
:1009B000164604B105B9F8BD3E493046FFF752FF6F
:1009C000074600203B4B3A46294600902046FFF759
:1009D00087FF00BFEFE710B53648FEF7F6FD044687
:1009E0000CB10420E060204610BDF8B504460D4669
:1009F000FFF7F1FF064600202E4B324629460090B5
:100A00002046FFF76DFF08B13046F8BD3046FEF7CF
:100A1000E9FD0020F9E710B52648FEF7D6FD0446AB
:100A20000CB10220E060204610BDF8B504460D462A
:100A3000FFF7F1FF064600201E4B32462946009084
:100A40002046FFF74DFF08B13046F8BD3046FEF7AF
:100A5000C9FD0020F9E710B51648FEF7B6FD0446BB
:100A60000CB10120E060204610BDF8B504460D46EB
:100A7000FFF7F1FF064600200E4B32462946009054
:100A80002046FFF72DFF08B13046F8BD3046FEF78F
:100A9000A9FD0020F9E770B505460648FEF795FD6B
:100AA000044624B10DB1022000E00120E0602046A0
:100AB00070BD0000F0050020F8B505460E4614464E
:100AC0002046FFF7E8FF07460020F74B3A4631463D
:100AD00000902846FFF704FF08B13846F8BD3846B5
:100AE000FEF780FD0020F9E770B505460E46EE489A
:100AF000FEF76BFD0446F4B10820E060C4E9065639
:100B0000EA4AEB4B284631460CF012FD03D86FF051
:100B1000004060610FE00022E64B284631460CF0B1
:100B2000CDFB03D84FF00040606104E02846314619
:100B30000CF03CFB6061204670BD2DE9F843064691
:100B40000F4614461D4620462946FFF7CDFF804636
:100B50000020D54B4246394600903046FFF7C0FE94
:100B600010B14046BDE8F8834046FEF73BFD00204B
:100B7000F8E770B50546CC48FEF727FD04466CB192
:100B80001020E060C8492846FEF7DAFC20612069A1
:100B900020B92046FEF726FD002070BD2046FCE768
:100BA000F8B505460E4614462046FFF7E2FF074615
:100BB0000020BD4B3A46314600902846FFF790FE94
:100BC00008B13846F8BD3846FEF70CFD0020F9E7BD
:100BD00070B50546B448FEF7F8FC04466CB18020B9
:100BE000E060B1492846FEF7ABFC2061206920B9DE
:100BF0002046FEF7F7FC002070BD2046FCE7F8B564
:100C000005460E4614462046FFF7E2FF0746002041
:100C1000A54B3A46314600902846FFF761FE08B1E1
:100C20003846F8BD3846FEF7DDFC0020F9E710B580
:100C30009D48FEF7CAFC04460CB14020E060204607
:100C400010BDF8B504460D46FFF7F1FF064600203B
:100C5000954B3246294600902046FFF741FE08B1E9
:100C60003046F8BD3046FEF7BDFC0020F9E710B570
:100C70008D48FEF7AAFC04460CB12020E060204617
:100C800010BDF8B504460D46FFF7F1FF06460020FB
:100C9000854B3246294600902046FFF721FE08B1D9
:100CA0003046F8BD3046FEF79DFC0020F9E70246CD
:100CB00002B109B900207047486810B1D1E90003BA
:100CC0001860086810B1D1E9003058609068884217
:100CD00001D1086890600020486008600846EAE793
:100CE00070B505460C46002C01DA002070BD214687
:100CF0002846FFF759FD064631462846FFF7D7FF3D
:100D0000F4E770B504460D4629462046FFF7E8FF94
:100D10000646FEF767FC70BD70B504460D462946D1
:100D20002046FFF77EFD064631462046FFF7BFFF0F
:100D300070BD70B504460D4629462046FFF77AFD82
:100D4000064631462046FFF7B2FF70BD70B5044637
:100D50000D4629462046FFF7DFFF0646FEF742FC18
:100D600070BD70B504460D4629462046FFF7E1FFE9
:100D70000646FEF737FC70BD2DE9F04106460F46EA
:100D800014460025002F01DABDE8F08139463046CF
:100D9000FFF70AFD054625B921463046FFF780FDDD
:100DA000F2E72560686860606C60B068A84201D1B5
:100DB000B46001E06068046000BFE5E770B5064616
:100DC0000D4614460EB104B10DB9002070BDAC4201
:100DD00001D10120FAE72868206068686060206817
:100DE00008B120684460606808B160680460B06859
:100DF000A84200D1B4600020286068602846FEF751
:100E0000F1FB0120E2E72DE9F04105460C461646CC
:100E1000002C01DABDE8F08121462846FFF7C4FC2A
:100E20000746324639462846FFF7C8FF00BFF1E7BC
:100E300010B504461C4841682046884710BD2DE97E
:100E4000F04107460D4614461E4604B115B9002070
:100E5000BDE8F081A08900F4007020B9206A10B1CB
:100E6000206AFFF7E5FF10492846FEF769FB20627C
:100E7000E06820F40070E060324629463846FFF70B
:100E8000AEFC8046224641463846FFF797FF0120D8
:100E9000DEE770B504460D46164600233246294665
:100EA0002046FFF7CCFF70BDF00500200000C0FF1A
:100EB000FFFFDF410000E0C170B504460D46164655
:100EC0000123324629462046FFF7B9FF70BD70B5B1
:100ED0000546F748FEF779FB044634B14FF48870B5
:100EE000E0602846FFF7FBFC2061204670BD70B52E
:100EF0000546EF48FEF769FB044634B14FF4A07095
:100F0000E0602846FFF7EBFCA060204670BD70B59E
:100F10000546E748FEF759FB044634B14FF490709C
:100F2000E0602846FFF7DBFCA060204670BD2DE99D
:100F3000F05F0646894600240025A346A246B9F183
:100F4000000F00DB16B90020BDE8F09FFFF78FFE11
:100F50008246002417E056F824000CF084F9074676
:100F6000FFF7C2FD054625B95046FEF73BFB0020C2
:100F7000EAE714B9CAF8085003E029465846FFF7D3
:100F80006EFCAB46641CBAF1000F01D04C45E2D3B5
:100F90005046D9E72DE9F05F064689460024002532
:100FA000A346A246B9F1000F00DB16B90020BDE848
:100FB000F09FFFF75CFE8246002417E056F82400FD
:100FC0000CF0ECFA0746FFF78FFD054625B95046B1
:100FD000FEF708FB0020EAE714B9CAF8085003E05E
:100FE00029465846FFF73BFCAB46641CBAF1000F9C
:100FF00001D04C45E2D35046D9E72DE9F0470646EB
:101000000F4600240025A146A046002F00DB16B99C
:101010000020BDE8F087FFF72AFE8046002417E095
:1010200006EBC400D0E900211046FFF75DFD054640
:1010300025B94046FEF7D6FA0020EAE714B9C8F809
:10104000085003E029464846FFF709FCA946641CFE
:10105000B8F1000F01D0BC42E2D34046D9E72DE9F8
:10106000F04706460F4600240025A146A046002F63
:1010700000DB16B90020BDE8F087FFF7F8FD8046D9
:10108000002414E056F82400FFF773FD054625B947
:101090004046FEF7A7FA0020EDE714B9C8F808505B
:1010A00003E029464846FFF7DAFBA946641CB8F17D
:1010B000000F01D0BC42E5D34046DCE72DE9F04704
:1010C0000446894600250027A846002604B948E0C2
:1010D0007748FEF77AFA054605B942E0E06820F461
:1010E0008070E86060696861D4E90601C5E90601BD
:1010F000206938B16E492069FEF722FA2861286913
:1011000000B92EE0206A68B1A08900F4007008B12F
:10111000206A03E06649206AFEF712FA2862286A0C
:1011200000B91EE0B9F1000F02D12846BDE8F087F2
:10113000A76812E001213846FFF7C0FF064606B94E
:101140000FE0B8F1000F05D0C8F80060C6F80480C1
:10115000B04601E0AE60B0463F68002FEAD12846B5
:10116000E4E715B12846FEF73DFA0020DEE7014628
:1011700000B9704755E00278202A01D1401C50E0A8
:101180000278092A01D1401C4BE002780D2A01D1D6
:10119000401C46E002780A2A01D1401C41E0027856
:1011A0002F2A0BD142782F2A08D100E0401C027868
:1011B000002A36D002780A2A33D0F7E702782F2A9D
:1011C0000ED142782A2A0BD100E0401C02782AB1C5
:1011D00002782A2AF9D142782F2AF6D1801C20E001
:1011E0000278222A19D110F8012B01F8012B0AE00C
:1011F00002785C2A03D110F8012B01F8012B10F8BA
:10120000012B01F8012B027812B10278222AEFD1CA
:1012100010F8012B01F8012B03E010F8012B01F865
:10122000012B0278002AA6D10A7000BFA1E701466F
:1012300009B900207047087B08B90120FAE70020AF
:10124000F8E7014609B900207047087B012800D162
:10125000FAE70020F8E7014609B900207047087B4B
:10126000022801D10120F9E70020F7E7014609B97A
:1012700000207047087B00F0030008B10120F8E768
:101280000020F6E7014609B900207047087B0428D2
:1012900001D10120F9E70020F7E7014609B9002054
:1012A0007047087B082801D10120F9E70020F7E703
:1012B000F0050020014609B900207047087B20286E
:1012C00001D10120F9E70020F7E7014609B9002024
:1012D0007047087B402801D10120F9E70020F7E79B
:1012E000014609B900207047087B802801D1012000
:1012F000F9E70020F7E72DE9F047044689469246D2
:101300005CB1B9F1000F08D0207B99F80C1088422D
:1013100003D12046FFF78BFF10B10020BDE8F08716
:10132000207B102814D008DC01280DD002280CD016
:1013300004280BD008280FD109E020280AD0402823
:1013400009D0802808D104E000BF00BF00BF00BF63
:1013500000BF00BF00BF01E00020DFE700BF4C4539
:1013600001D10120DAE7207B102821D008DC0128F8
:101370000DD002280CD004280BD008287DD10AE01B
:10138000202827D040283CD0802876D111E000BF0B
:1013900000BF0120C2E7D9E906532A46D4E9067105
:1013A00038460BF0C7FE01D10120B7E70020B5E7B2
:1013B00000BF206910B1D9F8100008B90020ADE7CE
:1013C000D9F81010206909F093FB08B90120A5E7AE
:1013D0000020A3E7A568D9F8086009E05246314625
:1013E0002846FFF788FF08B9002097E72D68366880
:1013F0000DB1002EF2D1B54201D000208EE70120C0
:101400008CE7002500260CB1A06800E0002005460E
:1014100011E052464846296AFFF7E1F906460EB93F
:1014200000207BE7524631462846FFF764FF08B9A3
:10143000002073E72D68002DEBD1B9F1000F02D029
:10144000D9F8080000E00020064612E05246204687
:10145000316AFFF7C4F9054615B900205EE70CE0D4
:10146000524629463046FFF746FF08B9002055E7A7
:101470003668002EEAD1012050E700204EE710B573
:101480000446024801682046884710BDF005002048
:101490000120FA4981F88E0070470020F74981F851
:1014A0008E0070470021F54A116151614FF47A7046
:1014B0001146A1F87C000020A1F87E0081F8780098
:1014C00000219160D1604FF4FA601146A1F87A00D2
:1014D0000020A1F88C004EF27860A1F88400002072
:1014E000A1F88600012081F88E00704710B50246F1
:1014F0000B4600210AE0E24800EBC10411CC504049
:101500005C40204300D110BD481CC1B22029F2DB51
:10151000DB480838C478083000EBC4000CC0D84859
:101520000838C078401CD64C083CE0702046C07893
:10153000202801D10020E070FF20E4E7CF4890F898
:10154000790070470120CF49087070470020CD49CD
:1015500008707047CB4800787047C84890F878000A
:10156000704730B50346002014E0141A641E0C5D69
:10157000C54D05EB1414247803F81040141A641EAA
:101580000C5D04F00F042C5D012505EB40055C5556
:10159000441CE0B29042E8DB30BD30B50346002089
:1015A00010E00C5CB84D05EB1414247803F81040DF
:1015B0000C5C04F00F042C5D012505EB40055C5527
:1015C000441CE0B29042ECDB30BD30B50346002055
:1015D00014E0141A641E0C5DAB4D05EB1414247852
:1015E00003F81040141A641E0C5D04F00F042C5D07
:1015F000012505EB40055C55441CE0B29042E8DB58
:1016000030BD01462F2906DD3A2904DAA1F1300068
:10161000C2B210467047602906DD672904DAA1F1DD
:101620005700C2B21046F5E7402906DD472904DA23
:10163000A1F13700C2B21046ECE7FF20EAE7F0B5AF
:1016400004460E461546002313E00027012101EB56
:101650004301605CFFF7D5FF074614F81300FFF75E
:10166000D0FF47EA0010C7B2681EC01A3754581C92
:10167000C3B2AB42E9DBF0BDF0B504460D461646F9
:10168000002311E00027012101EB4301605CFFF71B
:10169000B8FF074614F81300FFF7B3FF47EA00103E
:1016A000C7B2EF54581CC3B2B342EBDBF0BD30B548
:1016B0000346002400BF09E018780D78A84201D045
:1016C000012030BD5B1C491C601CC4B29442F3DB9A
:1016D0000020F6E730B58BB00024002504F01FFC95
:1016E0006A4800906A4801906846FDF745FF02A8E5
:1016F000F5F7E3FD0023DDE90710594058400143A9
:1017000005D0102207A96348FFF747FF04E0102225
:1017100007A96048FFF741FF5F48F5F7EDFD0F228D
:101720005D495EA0FFF7C3FF04460F225A494031CE
:101730005EA0FFF7BCFF054604B925B100204F4964
:1017400081F8820003E001204C4981F88200FFF714
:10175000A9FE0BB030BD70B592B0054657A0006829
:101760000F90142256A10AA809F046F959A0006862
:101770000990002410A808F083F94048D0E900300F
:101780005A1C40F100003D49C1E9002008220AA886
:10179000FFF7E7FE4FF48070F3F76FFF044614B9CC
:1017A000002012B070BD4FF48071204609F056F948
:1017B0009DF846109DF845009DF844209DF8433063
:1017C000CDE90432CDE906019DF84200BDF8401094
:1017D00009AA0AABCDE90032CDE902100FAB2D4AC0
:1017E0003D49204608F08EFE204609F056F8064690
:1017F000324621462846F3F759FE2046F3F72DFFDF
:101800000120CEE730B59BB034A000681A9034A018
:101810000068199033A00068189033A000681790F2
:1018200032A000681690142225A111A809F0E4F84E
:1018300028A00068109027A000680F9000240DA831
:1018400008F01EF90D48D0E90020521C40F10000BC
:101850000A49C1E9002003C9084AC2E90201082275
:101860000649083111A8FFF77CFE4FF49670F3F794
:1018700004FF04460CB91BB030BD39E050AB00206A
:10188000E8AB00203E06002030DC01087B56000853
:101890005B560008FF050020E8AC00206A756D6902
:1018A0002F646576696365636F6D6D006A756D6938
:1018B0002F736572766572636F6D6D003231000053
:1018C00046464646464646464646464646464646B8
:1018D000000000003030000010DD01083032000050
:1018E000303400003038000031300000303100006A
:1018F0004FF49671204609F0B1F89DF83A109DF822
:1019000039009DF838209DF83730CDE90932CDE90E
:101910000B019DF83600BDF83410FEA20FABCDE9E7
:101920000532CDE9071017A818A919AA10ABCDE9FF
:101930000132CDE9031011A81AABF84AF84900901A
:10194000204608F0DFFD204608F0A7FF0546F3F724
:1019500094FEF44908600846006820B92046F3F771
:101960007CFE1BB030BD5820F3F787FEEE490860BF
:101970000846006838B92046F3F76FFEE94800686A
:10198000F3F76BFEEDE70020E74909680870E649C8
:101990000968887006F07AFEE349096888800020AB
:1019A000E149096848700F20DF490968A1F846003D
:1019B0000F22DE49DC480068801DF3F777FD2046E2
:1019C00008F06BFFD8490968A1F84C00D5480068B9
:1019D000D54909688864204608F05FFF0546D2496A
:1019E00009682A46886C2146F3F760FD08220DA994
:1019F000CD4800685030F3F759FDCB48006806F039
:101A000003FCC8480068F3F728FEC7480068F3F7EE
:101A100024FE2046F3F721FE00BFA2E770B50026A2
:101A200000241AE02046F6F702F80646002510E0EA
:101A30000120A840304028B10120BD4901EB04112C
:101A4000485504E00020BA4901EB04114855681CD0
:101A5000C5B2102DECDB601CC4B2082CE2DB70BDFB
:101A60000246B34800EB0210405C704700B5ADF58C
:101A7000257DAFF290100068A490AFF2A810006826
:101A8000A3901422AFF2C8119EA808F0B5FF002061
:101A90009D9001209C9000209B909A90999097A8EF
:101AA00007F0EEFFA348D0E900305A1C40F10000D7
:101AB000A049C1E9002003C99E4AC2E916010822D3
:101AC0009C4958319EA8FFF74CFD0020F7F71DF800
:101AD00010B19948999001E098489990FFF79EFFBE
:101AE0004FF41670F3F7C9FD9D909D9810B90DF550
:101AF000257D00BD4FF416719D9808F0AFFFF5F7F6
:101B000010FB9690F5F711FB95900020F5F78BFAF6
:101B1000949004F06FFB939004F05EFB929004F0BD
:101B20004DFB91909DF862029DF861129DF8602234
:101B30009DF85F328C938D928E918F909DF85E12FE
:101B4000BDF85C227A4890F87F00794B93F87E309C
:101B500088938A928B918990754890F87D0074499A
:101B600091F87C10724A92F87B20714B93F87A308E
:101B700084938592869187906D4890F8791090F8BB
:101B8000782090F877006A4B93F8763080938292B1
:101B900083918190664890F87500654991F87410BA
:101BA000634A92F87320624B93F872307C937D9273
:101BB0007E917F905E4890F871005D4991F87010B9
:101BC0005B4A92F86F205A4B93F86E307893799273
:101BD0007A917B90564890F86D2090F86C005449AB
:101BE00091F86B10524B93F86A3074937792759119
:101BF00076904F4890F8691090F868004C4A92F837
:101C000067204B4B93F8663070937192739172908A
:101C1000474890F86500464991F86410444A92F8A4
:101C20006320434B93F862306C936D926E916F908A
:101C30003F4890F8611090F8602090F85F003C4BAE
:101C400093F85E3068936A926B916990384890F887
:101C50005D1090F85C2090F85B00354B93F85A309B
:101C60006493669267916590314890F8592090F896
:101C7000581090F857002E4B93F85630609361AB94
:101C800007C32B4890F85500294991F85410284A69
:101C900092F85320264B93F852305C935D925E91FC
:101CA0005F90234890F8511090F85000204A92F825
:101CB0004F201F4B93F84E30589359925B915A9096
:101CC0001B4890F84D2090F84C1090F84B00184BA2
:101CD00093F84A30549355AB07C3154890F8491010
:101CE00090F84800124A92F84720114B93F846307A
:101CF00050935192539152900D4890F845000C49E1
:101D000091F8442091F84310094B93F842304C93DA
:101D10004E9215E056332E392E360000FF05002076
:101D200088DD010848060020440600202006002027
:101D300068AD002050AB002002900100708E0100C1
:101D40004D914F90FE4890F8411090F8402090F847
:101D50003F00FB4B93F83E3048934A924B91499099
:101D6000F74890F83D1090F83C2090F83B00F44B79
:101D700093F83A304493469247914590F04890F852
:101D8000391090F83800EE4A92F83720EC4B93F86F
:101D900036304093419243914290E94890F8352083
:101DA00090F83400E64991F83310E54B93F832305F
:101DB000CDE93C31CDE93E02E14890F8311090F890
:101DC0003000DF4A92F82F20DD4B93F82E30CDE91A
:101DD0003832CDE93A01DA4890F82D00D84991F827
:101DE0002C10D74A92F82B20D54B93F82A30CDE906
:101DF0003432CDE93610D24890F82900D04991F814
:101E00002810CF4A92F82720CD4B93F82630CDE901
:101E10003032CDE93210CA4890F8252090F82410CD
:101E200090F82300C64B93F82230CDE92C30CDE951
:101E30002E12C34890F8212090F82000C049C97F95
:101E4000BF4B9B7FCDE92831CDE92A02BC48417FB9
:101E5000007FBB4AD27EBA4B9B7ECDE92432CDE9CE
:101E60002601B748407EB6490A7EC97DB44B9B7DAA
:101E7000CDE92031CDE92220B148407DB0490A7D2D
:101E8000C97CAF4B9B7CCDE91C31CDE91E20AC4811
:101E9000407CAB49097CAA4AD27BA94B9B7BCDE90C
:101EA0001832CDE91A10A648427B007BA449C97AB2
:101EB000A34B9B7ACDE91431CDE91602A048407AB4
:101EC0009F49097A9E4AD2799D4B9B79CDE9103280
:101ED000CDE912109A4842790179C078984B9B78E5
:101EE000CDE90C30CDE90E12954840789449097837
:101EF000969B959ACDE90823CDE90A10949B939A75
:101F000099999C98CDE90423CDE90610A3AA9EAB2C
:101F100091999298CDE90032CDE90210A4AB894A9B
:101F200089499D9808F0EEFA9D9808F0B6FC9690C5
:101F3000F3F7A3FB854908600846006818B99D9827
:101F4000F3F78BFBD3E55820F3F797FB8049086044
:101F50000846006838B99D98F3F77FFB7B48006816
:101F6000F3F77BFBC3E500207949096808707849DD
:101F70000968887006F08AFB754909688880002026
:101F80007349096848701F2071490968A1F8460023
:101F90001F2270496E480068801DF3F787FA9D98EC
:101FA00008F07BFC6A490968A1F84C0067480068A2
:101FB0006749096888649D9808F06FFC96906448AA
:101FC0000068806C9590969A9D99F3F76FFA0822B5
:101FD00097A95F4800685030F3F768FA5C480068DA
:101FE00006F012F959480068F3F737FB58480068C3
:101FF000F3F733FB9D98F3F730FB00BF77E501B5AE
:10200000ADF5247D54A00068A390AFF2387000684D
:10201000A2901422AFF258719DA808F0EDFC0020A8
:102020009C909B909A90999097A807F029FD082280
:102030004A499DA8FFF795FA0020F6F766FD10B112
:102040004748999001E047489990FFF7E7FC4FF423
:102050001670F3F712FB9C909C9810B90DF5257D36
:1020600000BD4FF416719C9808F0F8FCF5F759F88C
:102070009690F5F75AF895900020F4F7D4FF9490D5
:1020800004F0B8F8939004F0A7F8929004F096F852
:1020900091909DF862029DF861129DF860229DF872
:1020A0005F328C938D928E918F909DF85E02BDF879
:1020B0005C12234A92F87F20214B93F87E3088935C
:1020C00089928A918B901E4890F87D001C4991F866
:1020D0007C2091F87B101A4B93F87A308493869287
:1020E00085918790164890F8792090F8781090F8AC
:1020F0007700134B93F87630809381AB07C3104879
:1021000090F8751090F874000D4A92F873200C4BFB
:1021100093F872307C937D927F917E90084890F87E
:102120007100074991F8702091F86F10044B93F8F3
:102130006E3078937A9279917B90014814E0000098
:1021400068AD0020FF050020ECDE010850060020ED
:102150004C060020E8AC002030330000B0AB00207B
:1021600002900100708E010090F86D00FD4991F819
:102170006C2091F86B10FB4B93F86A307493769255
:1021800075917790F74890F8691090F8682090F86A
:102190006700F44B93F8663070937292739171906C
:1021A000F04890F8652090F86400EE4991F86310CB
:1021B000EC4B93F862306C936F926D916E90E9489E
:1021C00090F8612090F86000E64991F85F10E54BC7
:1021D00093F85E3068936B9269916A90E14890F849
:1021E0005D1090F85C00DF4A92F85B20DD4B93F8BD
:1021F0005A306493659267916690DA4890F8591066
:1022000090F8582090F85700D64B93F856306093CA
:10221000629263916190D34890F8551090F85420E1
:1022200090F85300CF4B93F852305C935E925F91DD
:102230005D90CC4890F85100CA4991F85010C94AB5
:1022400092F84F20C74B93F84E30589359925A91B9
:102250005B90C44890F84D2090F84C1090F84B00DB
:10226000C04B93F84A30549355AB07C3BD4890F820
:10227000491090F84800BB4A92F84720B94B93F8B0
:1022800046305093519253915290B64890F8451071
:1022900090F84400B34A92F84320B24B93F842308E
:1022A0004C934D924F914E90AE4890F8412090F84B
:1022B0004000AC4991F83F10AA4B93F83E30489348
:1022C0004B9249914A90A74890F83D1090F83C00F5
:1022D000A44A92F83B20A34B93F83A30449345929A
:1022E000479146909F4890F839009E4991F83810E0
:1022F0009C4A92F837209B4B93F83630409341929A
:1023000042914390974890F83500964991F83410DF
:10231000944A92F83320934B93F83230CDE93C3213
:10232000CDE93E108F4890F831008E4991F8302069
:1023300091F82F108B4B93F82E30CDE93831CDE941
:102340003A20884890F82D00864991F82C10854A4B
:1023500092F82B20834B93F82A30CDE93432CDE923
:102360003610804890F829007E4991F8282091F88D
:1023700027107C4B93F82630CDE93031CDE932205F
:10238000784890F82500774991F8242091F8231097
:10239000744B93F82230CDE92C31CDE92E207148D1
:1023A00090F821006F4991F820106E4AD27F6D4B52
:1023B0009B7FCDE92832CDE92A106A48417F007F12
:1023C000684AD27E674B9B7ECDE92432CDE9260157
:1023D0006448427E017EC07D624B9B7DCDE920300A
:1023E000CDE922125F48417D027DC07C5D4B9B7C24
:1023F000CDE91C30CDE91E215A48427C007C594968
:10240000C97B584B9B7BCDE91831CDE91A02554861
:10241000427B017BC07A534B9B7ACDE91430CDE9E6
:1024200016125048417A007A4E4AD2794D4B9B7928
:10243000CDE91032CDE912014A4841790279C078DC
:10244000484B9B78CDE90C30CDE90E2145484078CA
:1024500044490978969B959ACDE90823CDE90A105D
:10246000949B939A9999A498CDE90423CDE90610F9
:10247000A2AA9DAB91999298CDE90032CDE90210C4
:10248000A3AB394A39499C9808F03CF89C9808F06D
:1024900004FA9690F3F7F1F83549086008460068A9
:1024A00018B99C98F3F7D9F8D8E55820F3F7E5F870
:1024B000304908600846006838B99C98F3F7CDF8B1
:1024C0002B480068F3F7C9F8C8E5002029490968D6
:1024D000087028490968887006F0D8F82549096805
:1024E000888000202349096848701F202149096815
:1024F000A1F846001F2220491E480068801DF2F7FF
:10250000D5FF9C9808F0C9F91A490968A1F84C0050
:10251000174800681749096888649C9808F0BDF955
:10252000969014480068806C9590969A9C99F2F762
:10253000BDFF082297A90F4800685030F2F7B6FF98
:102540000C48006805F060FE09480068F3F785F85C
:1025500008480068F3F781F89C98F3F77EF800BF0D
:102560007CE5000068AD0020FF050020ECDE0108DE
:102570005806002054060020E8AC0020F0B593B0C7
:102580000546AFF69840006812901422AFF6D0418D
:102590000DA808F031FAAFF6C44000680C90AFF611
:1025A000CC4000680B900026002409A807F068FAC8
:1025B0000822FE490DA8FEF7D4FF4FF48070F3F710
:1025C0005CF804460CB913B0F0BD4FF4807120469E
:1025D00008F044FA9DF82A009DF829109DF828205B
:1025E0009DF82730CDE90532CDE907109DF826008A
:1025F000BDF824100CAACDE90125CDE903100DA8E2
:1026000012ABEB4AEB490090204607F07BFF2046D7
:1026100008F043F90746F3F730F8E7490860084641
:10262000006818B92046F3F718F8CCE75820F3F7FC
:1026300024F8E24908600846006838B92046F3F7F4
:102640000CF8DD480068F3F708F8BCE70120DB4927
:10265000096808700020D94909688870D749096855
:10266000A1F84E0006F012F8D449096888800020CD
:10267000D249096848701F20D0490968A1F846006E
:102680001F22CF49CD480068801DF2F70FFFCB48CD
:102690000068801D08B900BF00BF204608F0FDF8A3
:1026A000C6490968A1F84C00C3480068C3490968D5
:1026B0008864204608F0F1F80746C04909683A46A0
:1026C000886C2146F2F7F2FE082209A9BB4800688F
:1026D0005030F2F7EBFEB948006805F095FDB748B9
:1026E00000680078012808D0B3480068F2F7B5FF09
:1026F000B2480068F2F7B1FF11E00120AF49096864
:102700008870AE48006807F011F9FF2807D1AA4881
:102710000068F2F7A2FFA9480068F2F79EFF204682
:10272000F2F79BFF00BF4EE72DE9F04798B08146D6
:102730000D4692462C46AFF64C6000681790AFF6F7
:102740006C60006816901422AFF68C6111A808F036
:1027500053F9AFF6686000681090002700260EA8B5
:1027600007F08EF900209149183981F87900082284
:1027700020A911A8FEF7F5FE2079012806D10D90B9
:1027800001220DA916A8FEF7ECFE07E002200D902D
:1027900001220DA916A8FEF7E4FE00BF4FF49670C3
:1027A000F2F76BFF064616B918B0BDE8F0874FF494
:1027B0009671304608F052F99DF83E009DF83D10A4
:1027C0009DF83C209DF83B30CDE90A32CDE90C1054
:1027D0009DF83A10BDF83800D4F80A20D4F8063035
:1027E000CDE90632CDE9080116ABA07861782278F0
:1027F000CDE90403CDE9022110A811A917AB6C4A59
:10280000CDE900106F49304607F07CFE304608F0F5
:1028100044F88046F2F731FF6B49086008460068CB
:1028200018B93046F2F719FFBEE75820F2F725FF36
:10283000664908600846006838B93046F2F70DFF6F
:1028400061480068F2F709FFAEE701205F490968B7
:10285000087000205D49096888705C490968A1F822
:102860004E0005F013FF5949096888800020574938
:10287000096848701F2055490968A1F846001F22C1
:102880004F4952480068801DF2F710FE4F4800681B
:10289000801D08B900BF00BF304607F0FEFF4B495E
:1028A0000968A1F84C0048480068484909688864EC
:1028B000304607F0F2FF8046444909684246886C7A
:1028C0003146F2F7F3FD08220EA940480068503067
:1028D000F2F7ECFD3D48006805F096FC3B480068C7
:1028E0000078012808D038480068F2F7B6FE37486B
:1028F0000068F2F7B2FE11E00120344909688870DF
:102900003248006807F012F8FF2807D12E48006807
:10291000F2F7A3FE2D480068F2F79FFE3046F2F76B
:102920009CFE00BF40E770B596B0054628A0006841
:10293000159028A000681490142227490FA808F0C9
:102940005BF8254A083207CA0CAB07C323A000680E
:102950000B90002409A807F093F80822134950317E
:102960000FA8FEF7FEFD4FF48070F2F786FE0446D6
:102970000CB916B070BD4FF48071204608F06EF8A7
:102980009DF82A009DF829109DF828209DF82730F1
:10299000CDE90532CDE907109DF82600BDF82410D9
:1029A0000BAACDE90125CDE9031019E068AB0020A1
:1029B000FF05002008E20108600600205C060020F8
:1029C00028AD002034E301086806002064060020DA
:1029D0003034000030310000C018010830300000F1
:1029E0000FA815ABFD4AFE490090204607F08AFD6E
:1029F000204607F052FF0646F2F73FFEF94908600D
:102A00000846006818B92046F2F727FEB1E75820BB
:102A1000F2F733FEF44908600846006838B92046EA
:102A2000F2F71BFEEF480068F2F717FEA1E700205F
:102A3000ED4909680870EC490968887005F026FEC0
:102A4000E949096888800020E749096848701F2023
:102A5000E5490968A1F846001F22E449E2480068F8
:102A6000801DF2F723FD204607F017FFDE490968B5
:102A7000A1F84C00DB480068DB49096888642046FF
:102A800007F00BFF0646D84909683246886C214694
:102A9000F2F70CFD082209A9D34800685030F2F77C
:102AA00005FDD148006805F0AFFBCE480068F2F79D
:102AB000D4FDCD480068F2F7D0FD2046F2F7CDFDF9
:102AC00000BF56E770B594B00546C9A000681390E2
:102AD000AFF20010006812901422C6490DA807F04A
:102AE0008BFFAFF2081000680C9000240AA806F0D3
:102AF000C7FF0822C0490DA8FEF733FD4FF48070D0
:102B0000F2F7BBFD04460CB914B070BD4FF48071F0
:102B1000204607F0A3FF9DF82E009DF82D109DF88C
:102B20002C209DF82B30CDE90532CDE907109DF81A
:102B30002A00BDF828100CAACDE90125CDE9031023
:102B40000DA813ABA54AA6490090204607F0DAFC71
:102B5000204607F0A2FE0646F2F78FFDA74908605F
:102B60000846006818B92046F2F777FDCCE75820F0
:102B7000F2F783FDA24908600846006838B920468C
:102B8000F2F76BFD9D480068F2F767FDBCE7002097
:102B90009B49096808709A490968887005F076FDB4
:102BA00097490968888000209549096848701F2066
:102BB00093490968A1F846001F228C499048006893
:102BC000801DF2F773FC204607F067FE8C49096808
:102BD000A1F84C0089480068894909688864204642
:102BE00007F05BFE0646864909683246886C214636
:102BF000F2F75CFC08220AA9814800685030F2F71D
:102C000055FC7F48006805F0FFFA7C480068F2F741
:102C100024FD7B480068F2F720FD2046F2F71DFDF9
:102C200000BF71E770B594B0044671A000681390BE
:102C3000AFF258200068129014226E490DA807F0D8
:102C4000DBFEAFF2702000680C9000250AA806F0A9
:102C500017FF082268490DA8FEF783FC607838B991
:102C600001200990012209A912A8FEF77AFC07E0C9
:102C700000200990012209A912A8FEF772FC00BFEA
:102C80004FF48070F2F7F9FC05460DB914B070BD31
:102C90004FF48071284607F0E1FE9DF82E009DF864
:102CA0002D109DF82C209DF82B30CDE90632CDE972
:102CB00008109DF82A10BDF8280012AB2278CDE943
:102CC0000223CDE904010CA80DA913AB434ACDE9B9
:102CD00000104C49284607F015FC284607F0DDFD9A
:102CE0000646F2F7CAFC484908600846006818B969
:102CF0002846F2F7B2FCC9E75820F2F7BEFC434978
:102D000008600846006838B92846F2F7A6FC3E4835
:102D10000068F2F7A2FCB9E700203C490968087096
:102D20003A490968887005F0B1FC3849096888801B
:102D300000203649096848701F2034490968A1F805
:102D400046001F22294931480068801DF2F7AEFB7A
:102D5000284607F0A2FD2D490968A1F84C002A4831
:102D600000682A4909688864284607F096FD0646E7
:102D7000264909683246886C2946F2F797FB0822F3
:102D80000AA9224800685030F2F790FB1F480068FB
:102D900005F03AFA1C480068F2F75FFC1B4800682F
:102DA000F2F75BFC2846F2F758FC00BF6EE730B53F
:102DB00091B017A00068109014220E490BA807F0DC
:102DC0001BFEAFF2E83000680A90002408A806F065
:102DD00057FE0822084910390BA81BE0FF05002008
:102DE00078E10108700600206C060020E8AC0020A5
:102DF00030390000C0180108A0AB00207806002080
:102E00007406002050DE0108800600207C060020A9
:102E100030430000FEF7A5FB4FF48070F2F72DFC65
:102E200004460CB911B030BD4FF48071204607F054
:102E300015FE9DF826009DF825109DF824209DF88C
:102E40002330CDE90432CDE906109DF82200BDF80B
:102E500020100AAA0BABCDE90032CDE9021010AB6D
:102E6000FD4AFE49204607F04DFB204607F015FDC0
:102E70000546F2F702FCFA4908600846006818B9EE
:102E80002046F2F7EAFBCDE75820F2F7F6FBF549CA
:102E900008600846006838B92046F2F7DEFBF048C3
:102EA0000068F2F7DAFBBDE70020EE490968087018
:102EB000EC490968887005F0E9FBEA4909688880EF
:102EC0000020E849096848701F20E6490968A1F810
:102ED00046001F22E449E3480068801DF2F7E6FA45
:102EE000204607F0DAFCDF490968A1F84C00DC480D
:102EF0000068DC4909688864204607F0CEFC054676
:102F0000D84909682A46886C2146F2F7CFFA082288
:102F100008A9D44800685030F2F7C8FAD1480068D0
:102F200005F072F9CE480068F2F797FBCD480068CB
:102F3000F2F793FB2046F2F790FB00BF72E730B543
:102F400091B0CAA0006810901422C9490BA807F0DC
:102F500053FDAFF2785000680A90002408A806F0EC
:102F60008FFD0822C3490BA8FEF7FBFA4FF4C87087
:102F7000F2F783FB04460CB911B030BD4FF4C871B1
:102F8000204607F06BFD9DF826009DF825109DF862
:102F900024209DF82330CDE90432CDE906109DF8B8
:102FA0002200BDF820100AAA0BABCDE90032CDE912
:102FB000021010ABA84AA949204607F0A3FA204600
:102FC00007F06BFC0546F2F758FBAB490860084672
:102FD000006818B92046F2F740FBCDE75820F2F719
:102FE0004CFBA64908600846006838B92046F2F74D
:102FF00034FBA1480068F2F730FBBDE700209F4991
:10300000096808709D490968887005F03FFB9B4975
:103010000968888000209949096848701F209749ED
:103020000968A1F846001F228F4994480068801D56
:10303000F2F73CFA204607F030FC90490968A1F805
:103040004C008D4800688D4909688864204607F067
:1030500024FC0546894909682A46886C2146F2F70E
:1030600025FA082208A9854800685030F2F71EFAB0
:103070008248006805F0C8F87F480068F2F7EDFA6A
:103080007E480068F2F7E9FA2046F2F7E6FA00BF58
:1030900072E7F0B595B00646344674A00068149007
:1030A000AFF2C86000681390142271490EA807F0AF
:1030B000A3FCAFF2E06000680D9000250BA806F0BD
:1030C000DFFC08226B490EA8FEF74BFA4FF4C870DC
:1030D000F2F7D3FA054615B9002015B0F0BD4FF44C
:1030E000C871284607F0BAFC9DF832009DF83110EF
:1030F0009DF830209DF82F30CDE90732CDE9091039
:103100009DF82E00BDF82C10D4E90223CDE903234D
:10311000CDE905100DA90EAA606814ABCDE9002118
:1031200002904D4A5649284607F0ECF9284607F028
:10313000B4FB0746F2F7A1FA524908600846006856
:1031400020B92846F2F789FA0020C6E75820F2F79E
:1031500094FA4D4908600846006840B92846F2F7DD
:103160007CFA48480068F2F778FA0020B5E70020BA
:1031700045490968087044490968887005F086FA6D
:1031800041490968888000203F49096848701F202C
:103190003D490968A1F846001F2233493A480068B2
:1031A000801DF2F783F9284607F077FB3649096856
:1031B000A1F84C0033480068334909688864284600
:1031C00007F06BFB0746304909683A46886C294688
:1031D000F2F76CF908220BA92B4800685030F2F77F
:1031E00065F92948006805F00FF826480068F2F7ED
:1031F00034FA25480068F2F730FA2846F2F72DFA3B
:1032000000BF6AE730B593B020A000681290AFF617
:10321000400000681190142215490CA807F0ECFB3F
:10322000AFF6480000680B90002409A806F028FCBF
:1032300010484838D0E900305A1C40F100000D49D0
:103240004839C1E900200846D0E90010094A483A47
:10325000C2E90C1008221BE0FF05002010DD010868
:103260008806002084060020E8AC002030410000E1
:10327000C018010898AB0020900600208C060020A2
:1032800094E20108980600209406002032300000E5
:10329000FE490CA8FEF765F94FF48070F2F7EDF9DE
:1032A00004460CB913B030BD4FF48071204607F0CE
:1032B000D5FB9DF82A009DF829109DF828209DF83F
:1032C0002730CDE90432CDE906109DF82600BDF87F
:1032D00024100BAA0CABCDE90032CDE9021012ABE1
:1032E000EB4AEC49204607F00DF9204607F0D5FAE5
:1032F0000546F2F7C2F9E84908600846006818B9BF
:103300002046F2F7AAF9CDE75820F2F7B6F9E349DB
:1033100008600846006838B92046F2F79EF9DE4892
:103320000068F2F79AF9BDE70020DC4909680870E7
:10333000DA490968887005F0A9F9D84909688880D0
:103340000020D649096848700F20D4490968A1F8BF
:1033500046000F22D249D1480068801DF2F7A6F836
:10336000204607F09AFACD490968A1F84C00CA48EE
:103370000068CA4909688864204607F08EFA054645
:10338000C64909682A46886C2146F2F78FF8082258
:1033900009A9C24800685030F2F788F8BF480068B1
:1033A00004F032FFBC480068F2F757F9BB480068E8
:1033B000F2F753F92046F2F750F900BF72E730B543
:1033C00093B0B8A000681290AFF6F81000681190A2
:1033D0001422B5490CA807F00FFBAFF600200068D7
:1033E0000B90002409A806F04BFB0822A7490839D6
:1033F0000CA8FEF7B6F84FF48070F2F73EF90446D9
:103400000CB913B030BD4FF48071204607F026FB95
:103410009DF82A009DF829109DF828209DF8273056
:10342000CDE90432CDE906109DF82600BDF8241040
:103430000BAA0CABCDE90032CDE9021012AB944AD5
:103440009449204607F05EF8204607F026FA054624
:10345000F2F713F9954908600846006818B9204644
:10346000F2F7FBF8CDE75820F2F707F9904908602A
:103470000846006838B92046F2F7EFF88B48006834
:10348000F2F7EBF8BDE70020894909680870884920
:103490000968887005F0FAF8854909688880002075
:1034A0008349096848701F2081490968A1F84600CE
:1034B0001F2280497E480068801DF1F7F7FF2046F3
:1034C00007F0EBF97A490968A1F84C0077480068E1
:1034D000774909688864204607F0DFF90546744992
:1034E00009682A46886C2146F1F7E0FF082209A9FD
:1034F0006F4800685030F1F7D9FF6D48006804F05C
:1035000083FE6A480068F2F7A8F869480068F2F795
:10351000A4F82046F2F7A1F800BF72E730B593B0E7
:1035200065A000681290AFF6543000681190142224
:103530005D490CA807F060FAAFF6603000680B90A8
:10354000002409A806F09CFA50483038D0E9003031
:103550005A1C40F100004D493039C1E900200846AD
:10356000D0E90010494A303AC2E908100822474918
:1035700010390CA8FDF7F5FF4FF48070F2F77DF8D5
:1035800004460CB913B030BD4FF48071204607F0EB
:1035900065FA9DF82A009DF829109DF828209DF8CD
:1035A0002730CDE90432CDE906109DF82600BDF89C
:1035B00024100BAA0CABCDE90032CDE9021012ABFE
:1035C000334A3449204606F09DFF204607F065F94E
:1035D0000546F2F752F8394908600846006818B9FC
:1035E0002046F2F73AF8CDE75820F2F746F834498A
:1035F00008600846006838B92046F2F72EF82F48D0
:103600000068F2F72AF8BDE700202D490968087024
:103610002B490968887005F039F8294909688880BC
:1036200000202749096848701F2025490968A1F82A
:1036300046001F221F4922480068801DF1F736FF0F
:10364000204607F02AF91E490968A1F84C001B48DA
:1036500000681B4909688864204607F01EF9054682
:10366000174909682A46886C2146F1F71FFF08228E
:1036700009A9134800685030F1F718FF1048006896
:1036800004F0C2FD0D4800681CE0000080AB002083
:10369000FF05002010DD0108A00600209C06002088
:1036A0002006002030420000C0180108A8060020B3
:1036B000A4060020E8AC002031420000B006002043
:1036C000AC060020F1F7C9FFFE480068F1F7C5FF1E
:1036D0002046F1F7C2FF00BF54E730B593B0FAA01F
:1036E00000681290AFF61450006811901422F74948
:1036F0000CA807F081F9AFF61C5000680B9000246D
:1037000009A806F0BDF90822F1490CA8FDF729FF28
:103710004FF48070F1F7B1FF04460CB913B030BD1F
:103720004FF48071204607F099F99DF82A009DF822
:1037300029109DF828209DF82730CDE90432CDE9E5
:1037400006109DF82600BDF824100BAA0CABCDE99D
:103750000032CDE9021012ABDE4ADF49204606F006
:10376000D1FE204607F099F80546F1F786FFDB49C0
:1037700008600846006818B92046F1F76EFFCDE7EB
:103780005820F1F77AFFD64908600846006838B932
:103790002046F1F762FFD1480068F1F75EFFBDE710
:1037A0000020CF4909680870CD490968887004F085
:1037B0006DFFCB49096888800020C94909684870B5
:1037C0001F20C7490968A1F846001F22C549C448FF
:1037D0000068801DF1F76AFE204607F05EF8C049D8
:1037E0000968A1F84C00BD480068BD4909688864B3
:1037F000204607F052F80546B94909682A46886C00
:103800002146F1F753FE082209A9B5480068503057
:10381000F1F74CFEB248006804F0F6FCAF480068CF
:10382000F1F71BFFAE480068F1F717FF2046F1F7EC
:1038300014FF00BF72E770B596B00546A2A00068FD
:103840001590AFF670600068149014229F490FA87D
:1038500007F0D2F89D4A083207CA0CAB07C3AFF68F
:103860008C6000680B90002409A806F009F9082272
:1038700097490FA8FDF775FE4FF49670F1F7FDFE1E
:1038800004460CB916B070BD4FF49671204607F08F
:10389000E5F89DF82A009DF829109DF828209DF84C
:1038A0002730CDE90532CDE907109DF82600BDF897
:1038B00024100BAACDE90125CDE903100FA815AB03
:1038C000844A89490090204606F01CFE204606F0F6
:1038D000E4FF0646F1F7D1FE844908600846006817
:1038E00018B92046F1F7B9FECCE75820F1F7C5FE2C
:1038F0007F4908600846006838B92046F1F7ADFEF8
:103900007A480068F1F7A9FEBCE700207849096809
:10391000087077490968887004F0B8FE744909682E
:10392000888000207249096848701F207049096822
:10393000A1F846001F226B496D480068801DF1F711
:10394000B5FD204606F0A9FF69490968A1F84C00B9
:1039500066480068664909688864204606F09DFF4D
:103960000646634909683246886C2146F1F79EFD98
:10397000082209A95E4800685030F1F797FD5C48BD
:10398000006804F041FC59480068F1F766FE5848A9
:103990000068F1F762FE2046F1F75FFE00BF71E7B5
:1039A0002DE9F0438DB053A000680C90AFF6DC70A9
:1039B00000680B901422454906A807F01DF8434AF9
:1039C000083207CA03AB07C3AFF6F0700068029075
:1039D000684606F055F808223D49383106A8FDF73B
:1039E000C0FDFDF724F98146FDF721F98046FDF77A
:1039F0001EF90746374A40A14846FDF7D1F806AA06
:103A00003EA14846FDF7CCF80CAA3DA14846FDF77B
:103A1000C7F802AA3BA14846FDF7C2F83A463AA1C8
:103A20004846FCF798FF3A4A3AA13846FDF7B8F8FD
:103A300042463AA14846FCF78EFFBDF8000009F067
:103A400029FC05462A460B4636A14046FDF775F887
:103A50009DF8020009F01EFC05462A460B4633A1DC
:103A60004046FDF76AF89DF8030009F013FC05468F
:103A70002A460B462FA14046FDF75FF89DF804004B
:103A800009F008FC05462A460B462BA14046FDF7E7
:103A900054F89DF8050009F0FDFB05462A460B4643
:103AA00027A14046FDF749F89DF8060009F0F2FB12
:103AB00005462A460B4624A14046FDF73EF84846F7
:103AC00046E00000AC06002030440000C0180108A9
:103AD00088AB0020FF05002010DD0108B80600209B
:103AE000B4060020E8AC002004E40108C006002071
:103AF000BC0600203131000049440000534E000054
:103B0000436D640041636B006461746100000000F8
:103B1000F5610108494343494400000054696D655B
:103B20000000000079656172000000006D6F6E7426
:103B30006800000064617900686F75720000000021
:103B40006D696E75746500007365636F6E64000067
:103B5000FCF7C7FD04462CB94846FBF743FD0DB002
:103B6000BDE8F08320787B2806D04846FBF73AFD75
:103B70002046F1F772FDF2E7204606F08EFE05467C
:103B8000F1F77BFDFE4908600846006830B94846F9
:103B9000FBF728FD2046F1F760FDE0E75820F1F73C
:103BA0006CFDF84908600846006850B94846FBF7C4
:103BB00019FD2046F1F751FDF1480068F1F74DFD80
:103BC000CDE70020EF4909680870EE490968887060
:103BD00004F05CFDEB49096888800020E949096828
:103BE00048701F20E7490968A1F846001F22E649EE
:103BF000E4480068801DF1F759FC204606F04DFEB0
:103C0000E0490968A1F84C00DD480068DD49096811
:103C10008864204606F041FE0546DA4909682A46CE
:103C2000886C2146F1F742FC08226946D5480068B5
:103C30005030F1F73BFCD348006804F0E5FAD04877
:103C40000068F1F70AFDCF480068F1F706FD20464D
:103C5000F1F703FD4846FBF7C5FC00BF7FE710B551
:103C6000CA4890F88E0000B910BD02F0C2F902F007
:103C700094FA00B9F8E705F05CFB20B90020C349CD
:103C800081F87800F0E7C14890F88200A0B9BF48F9
:103C9000B0F88000B0F57A7F07DABC48B0F8800051
:103CA000401CBA49A1F8800053E00020B749A1F8B0
:103CB0008000FFF7A7FA4CE0B44890F8780078BB92
:103CC000B248B0F87A00B0F5FA6F07DAAF48B0F84A
:103CD0007A00401CAD49A1F87A0005E00020AB490C
:103CE000A1F87A00FDF78EFDA848B0F88C0042F2EA
:103CF0001071884207DAA548B0F88C00401CA3492F
:103D0000A1F88C0025E00020A049A1F88C0005F066
:103D100055F9FDF7C7FB05F016FB02F0A5F818E012
:103D2000FFE79A48B0F884004EF66021884207DA2F
:103D30009648B0F88400401C9449A1F8840008E03B
:103D400002F02EFA28B900209049A1F88400FDF76E
:103D50008DFE00BF88E770B5002402F0BDFA28B3DD
:103D600002F0BAFA8A49088002F0B6FA0546F1F77D
:103D700084FC884908600846006800B970BD854821
:103D8000006802F0AEFA8248008801B281480068FB
:103D900002F0ECF958B97E4801887E48006805F0C9
:103DA000DEF904467B480068F1F757FC04E07948E7
:103DB0000068F1F752FCE1E700BFDFE72DE9F04FC3
:103DC00089B0002500260020089000210691079167
:103DD000059002F0E2F910B909B0BDE8F08FFFF7E5
:103DE000BAFF6D48007840B1012812D002282FD0C8
:103DF000032841F0C68001F0B5B805F026F96749FF
:103E000008600846006810B101206349087001F09D
:103E1000B8B862480068FCF76AFA61490860084669
:103E2000006888B1AFF228315D480068FCF7F9FC02
:103E30005C4908600968012208695B49FDF7FFFBDE
:103E400002205549087002E0032053490870DEE75C
:103E50005548007809287DD00CDC81F07D80DFE8B2
:103E600010F07B081E008B010B0235021B031F03A1
:103E7000230327030D2800F0208707DC0A286AD0D7
:103E80000B2869D00C2841F06780FDE3112801F070
:103E900000801B2872D02028F5D101F012B8002034
:103EA0000490824683460024AFF2B0313C4800685B
:103EB000FCF7B7FC3B4908600846006840B93B483E
:103EC00004900498FEF75AFB03203349087083E7F7
:103ED000344909680822086906A9FDF7B0FB2B4A96
:103EE000DDE90601C2E9060105F0ACFE48B12F4844
:103EF000801E04900498FEF741FB032026490870B9
:103F00006AE7DDE90601FDF7F1FA00287ED0AFF29D
:103F1000F43123480068FCF784FC25490860AFF2BF
:103F2000FC3123480068FCF77CFC1E490860084609
:103F30000068808A1F490880AFF210411C48006861
:103F4000FCF76FFC1749086008460068007D1949B6
:103F5000887002E028E3EFE3EFE3AFF22841144872
:103F60000068FCF75EFC0F49086008460068007DA9
:103F70001049C870AFF240410D481DE0FDE300005C
:103F8000C8060020C4060020E8AC002050AB00208A
:103F9000CC060020D0060020E4060020E806002021
:103FA000EC060020F4060020E506002098BA010087
:103FB000F0060020D40600200068FCF732FCF94926
:103FC000086008460068007DF7490871AFF290412B
:103FD000F6480068FCF725FCF249086008460068CE
:103FE000007DF1494871AFF2A041F0480068FCF74C
:103FF00018FCEC49086008460068007DEA498871B1
:10400000084605F0E2FD50B1E94800E0ADE004905B
:104010000498FEF7B3FA0320E6490870DCE6E648A8
:1040200005F02EFDE049E44805F0A5FD01280FD17B
:10403000DD49E14805F04BFD3C280CD9DC48401E29
:1040400004900498FEF79AFA0320DA490870C3E650
:10405000D54805F02EFDAFF25051D8480068FCF766
:10406000E0FBD74908600846006848B9D048801C82
:1040700004900498FEF782FA0320CE490870ABE65C
:10408000D0A1CF480068FCF7CCFB8246BAF1000F04
:1040900009D1C748801C04900498FEF76FFA0320EA
:1040A000C449087098E65046FCF770FB00F0FF0B1F
:1040B000F2F7F1FB584509DABD48401C049004981A
:1040C000FEF75CFA0320BB49087085E6002444E053
:1040D00021465046FCF777FB0390BCA10398FCF700
:1040E000A0FBB049086008460068007D0890BAA1AE
:1040F0000398FCF796FBAB49086008460068057D0D
:10410000B7A10398FCF78DFBA64908600846006834
:10411000067D102E00DD1026082D00DD082500206C
:104120008DF808008DF809508DF80A6001208DF88F
:104130000B00AD480090AD48D0E90683424602A985
:104140000020F2F703FC20B10120A84981F8790092
:1041500001E000BF00BF601CC4B25C45B8DBA448EE
:1041600004900498FEF70AFA01E000BF00BF0320A4
:104170009049087000F0F4BEAFF280618F4800688B
:10418000FCF74FFB8749086009680822086906A9FF
:10419000FDF755FA9548D0E90232DDE9061059409D
:1041A0005040014364D10120904981F87800AFF27A
:1041B000946182480068FCF734FB7C490860AFF2E8
:1041C0009C617A480068FCF72CFB76490860084639
:1041D0000068808A74490880AFF2B0617348006853
:1041E000FCF71FFB6F49086008460068007D6E49B8
:1041F0008870AFF2C0616D480068FCF712FB694936
:10420000086008460068007D6749C870AFF2D86151
:1042100066480068FCF705FB6249086008460068CC
:10422000007D61490871AFF2E86160480068FCF701
:10423000F8FA5C49086008460068007D5A494871F0
:10424000AFF2FC6159480068FCF7EBFA5549086089
:1042500008460068007D54498871084605F0B5FCA1
:1042600018B1032053490870B6E54F4805F021FC0A
:104270000320504908707DE7AFF280714F48006815
:10428000FCF7CFFA4749086009680822086906A9BF
:10429000FDF7D5F9554ADDE90610C2E91810AFF26D
:1042A000987146480068FCF7BCFA4549086047A188
:1042B00043480068FCF7B5FA3A4908600968087D88
:1042C000FDF79DFE03203B49087053E7FDF745F9D4
:1042D00018B90320374908707EE5AFF2E07137481E
:1042E0000068FCF79EFA0446082206A92069FDF73B
:1042F000A6F93E4ADDE90610C2E91A10AFF2F871DC
:104300002E480068FCF78DFA824630A15046FCF733
:1043100088FA044694F81490AFF600012748006824
:10432000FCF77FFA8346AFF604015846FCF779FAAA
:104330000446A08A1C490880AFF610015846FCF7D5
:1043400070FA0446207D18498870AFF61801584667
:10435000FCF767FA0446207D1349C870AFF62801C0
:104360005846FCF75EFA0446207D0F490871AFF607
:1043700030015846FCF755FA0446207D0A49487139
:10438000AFF63C015846FCF74CFA0446207D06493E
:104390008871084605F019FC18B10320054908701A
:1043A0001AE527E0F4060020D4060020F0060020DD
:1043B00096BA0100E4060020DC060020EC0600208E
:1043C000F80600204C69737400000000436F6E749F
:1043D00061696E4E756D00004C61794E756D00001F
:1043E0004D6F746F4E756D002927010850AB00208A
:1043F00068B90100FE4805F043FBFE49FC4805F0A2
:10440000BAFB01280CD14846FEF78DFAF949F84865
:1044100005F05DFB782809D90320F7490870DBE433
:10442000F44805F046FB4846FEF77DFADDE9060153
:10443000FDF75CF860B3F1A15046FCF7F2F90446D1
:10444000012204A92069FDF7FAF8EDA15046FCF716
:10445000E8F90446012203A92069FDF7F0F8E9A173
:104460005046FCF7DEF9044694F8148000208DF8DD
:1044700008009DF810008DF809009DF80C008DF8DB
:104480000A008DF80B8002A90020F2F7F8FD00BFAA
:104490000320D94908706DE60320D749087069E602
:1044A0000320D549087065E60320D349087061E60A
:1044B000AFF6B811D5480068FCF7B3F9D4490860E5
:1044C00009680822086906A9FDF7B9F8D148D0E9BA
:1044D0001632DDE9061059405040014360D1AFF675
:1044E000C411CA480068FCF79CF9CB490860AFF6D4
:1044F000CC11C9480068FCF794F9C5490860084622
:104500000068808ABB490880AFF6E011C2480068A5
:10451000FCF787F9BE49086008460068007DB54988
:104520008870AFF6F011BC480068FCF77AF9B8491A
:10453000086008460068007DAE49C870AFF60821E3
:10454000B5480068FCF76DF9B14908600846006895
:10455000007DA8490871AFF61821AF480068FCF744
:1045600060F9AB49086008460068007DA1494871C0
:10457000AFF62C21A8480068FCF753F9A44908605D
:1045800008460068007D9B498871084605F01DFBC0
:1045900018B10320984908701EE4964805F089FA7E
:1045A000032095490870E5E50020049005F04AFBDA
:1045B00018B10320904908700EE4AFF6C02193486B
:1045C0000068FCF72EF9924908600968082208691A
:1045D00006A9FDF734F88F4ADDE90610C2E9141088
:1045E000AFF6DC2189480068FCF71BF98B490860AD
:1045F000AFF2282189480068FCF713F98449086064
:1046000008460068077DAFF6EC2180480068FCF79B
:1046100008F981490860AFF6F4217F480068FCF78B
:1046200000F97B49086008460068808A7149088063
:10463000AFF6083178480068FCF7F3F87449086071
:1046400008460068007D6B498870AFF618317248E3
:104650000068FCF7E6F86E49086008460068007DCF
:104660006449C870AFF630316B480068FCF7D9F880
:104670006749086008460068007D5E490871AFF62A
:1046800040316548006800E016E2FCF7CAF860496E
:10469000086008460068007D56494871AFF65831F9
:1046A0005D480068FCF7BDF8594908600846006895
:1046B000007D50498871084605F087FA18B103203B
:1046C0004D4908701CE44A4805F0DAF94949484860
:1046D00005F051FA01280CD13846FEF7F3F94549A7
:1046E000434805F0F4F93C2809D9032042490870F1
:1046F00006E4404805F0DDF93846FEF7E3F9DDE968
:104700000601FCF7F3FE98B13CA144480068FCF7B1
:1047100088F83F49086009680122086904A9FCF784
:104720008EFF9DF81000012802D13846F3F7F9F802
:104730000320314908701DE500E081E1FCF70DFF21
:1047400018B903202C49087068E4AFF650412F488F
:104750000068FCF766F82E490860096808220869B5
:1047600006A9FCF76CFF2B4ADDE90601C2E912013C
:10477000AFF658412548006800E07AE1FCF751F8AF
:1047800025490860AFF6644123480068FCF749F802
:104790001F49086008460068808A16490880AFF6FD
:1047A00074411D480068FCF73CF819490860084648
:1047B0000068007D0F498870AFF688411648006890
:1047C000FCF72FF81249086008460068007D094987
:1047D000C870AFF69C4110480068FCF722F80C49FD
:1047E000086008460068007D0249087118E0000072
:1047F000DC060020D4060020E4060020456E000000
:104800004D6F640054656D7000000000EC060020E0
:10481000F406002050AB0020F0060020F80600202F
:10482000AFF6E441F9480068FBF7FBFFF849086080
:1048300008460068007DF7494871AFF6F441F34837
:104840000068FBF7EEFFF249086008460068007D4B
:10485000F0498871084605F0B8F918B10320EE490F
:1048600008700CE4ED4805F00BF9EA49EB4805F057
:1048700082F901280BD1FEF762FBE649E74805F013
:1048800026F9782808D90320E34908700AE4E148AA
:1048900005F00FF9FEF753FBDDE90601FCF726FEF4
:1048A00000287DD02020F0F7E8FE04461CB9032044
:1048B000D949087009E4AFF6B051D9480068FBF750
:1048C000B0FFD8490860D8A1D6480068FBF7A9FF17
:1048D000CF4908600968086905F0DFFF8046CC48C9
:1048E000006842460169D348F0F7E0FDC84909680D
:1048F000086905F0D2FFCF4981F88000CEA1C948F0
:104900000068FBF78EFFC24908600968086905F076
:10491000C4FF8046BE48006842460169C548403031
:10492000F0F7C4FDBA490968086905F0B6FFC14946
:1049300081F88100C3A1BB480068FBF772FFB4494E
:1049400008600968086905F0A8FF8046F0F795FE41
:104950002060AF490968086905F09FFF8046AC4AAE
:104960001268116942462068F0F7A0FDB7A1AD4872
:104970000068FBF756FFA64908600968086905F05A
:104980008CFF8046F0F779FE6060A14909680869EC
:1049900005F083FF80469E4A12681169424600E096
:1049A0004AE06068F0F782FDA9A19E480068FBF725
:1049B00038FF974908600968086905F06EFF80466E
:1049C000F0F75BFEA06092490968086905F065FF91
:1049D00080468F4A126811694246A068F0F766FD6A
:1049E0009DA190480068FBF71CFF894908600846B4
:1049F00000684069E0609AA18A480068FBF711FFEF
:104A00008349086009681022086904F11001FCF765
:104A100033FE04F0A5FC944A9449204605F05CF965
:104A20006068F0F71AFE2068F0F717FEA068F0F74C
:104A300014FE2046F0F711FE0320774908708FE23C
:104A4000AFF6487176480068FBF7EBFE70490860E6
:104A500009680822086906A9FCF7F1FD844ADDE926
:104A60000601C2E90A01FEF7AAFC03206A490870A0
:104A700076E2AFF678716A480068FBF7D2FE6449C7
:104A8000086009680822086906A9FCF7D8FD784A79
:104A9000DDE90610C2E9081000201146A1F87E00E9
:104AA0005C4805F092F818B103205B49087013E4E4
:104AB00003205949087053E20024A046FCF74DFD3D
:104AC00018B903205449087006E4AFF6D071544871
:104AD0000068FBF7A6FE4E490860096808220869CD
:104AE00006A9FCF7ACFD624ADDE90610C2E9101028
:104AF000AFF6D8714A480068FBF793FE4349086057
:104B0000AFF6E07141480068FBF78BFE4049086052
:104B100008460068808A3F490880AFF6F0713B483C
:104B20000068FBF77EFE3A49086008460068007D91
:104B3000384988704F4935480068FBF772FE3449A0
:104B4000086008460068007D3249C8704949091D5F
:104B50002E480068FBF765FE2D490860084600688E
:104B6000007D2C49087143490C3128480068FBF747
:104B700058FE2749086008460068007D25494871AD
:104B80003C49143121480068FBF74BFE204908607E
:104B900008460068007D1F498871364930391B4836
:104BA0000068FBF73EFE1A4908601A4805F00DF848
:104BB00018B103201849087031E4184804F060FF68
:104BC0001449164804F0D7FF01280BD1FEF7EFF87F
:104BD0001049124804F07BFF782808D903200E49B9
:104BE00008701CE40B4804F064FFFEF7E0F8DDE910
:104BF0000601FCF77BFC40B10620F0F73EFD0446C1
:104C0000D4BB03200449087009E452E0F0060020F8
:104C1000F4060020D4060020E4060020DC06002074
:104C2000EC060020F8060020507562546F7069632E
:104C300000000000F4B00020537562546F70696387
:104C400000000000486F73740000000055524C00D3
:104C50004677566572000000467753697A65000012
:104C600046774D4435000000258F01089330010838
:104C700050AB0020343B0108FFE7C349C34800683C
:104C8000FBF7CFFDC2490860C2A1C1480068FBF72D
:104C9000C8FDC349086008460068808AA0800020DB
:104CA000608001202070204604F067FB2046F0F76A
:104CB000D4FC0320BB49087052E1FCF74EFC18B944
:104CC0000320B849087067E4B7A1B0480068FBF753
:104CD000A8FDB349086009680822086906A9FCF71D
:104CE000AEFCB24ADDE90601C2E90E01AAA1A7485D
:104CF0000068FBF796FDAE490860A3491C31AC483B
:104D00000068FBF78EFDA649086008460068808AA7
:104D1000A84908809C492431A5480068FBF781FD1B
:104D20009F49086008460068007DA249887096493E
:104D30002C319F480068FBF774FD994908600846CC
:104D40000068007D9B49C8708F49303198480068E1
:104D5000FBF767FD9249086008460068007D9549A9
:104D600008718949383192480068FBF75AFD8C492F
:104D7000086008460068007D8E49487182494031CC
:104D80008B480068FBF74DFD8549086008460068C0
:104D9000007D88498871084604F017FF18B1032088
:104DA0008049087008E4844804F06AFE814982481A
:104DB00004F0E1FE01280BD1FEF78FFC7D497E480F
:104DC00004F085FE782808D903207649087079E434
:104DD000784804F06EFEFEF780FCDDE90601FCF782
:104DE00085FBE8B35520F0F748FC04461CB90320C6
:104DF0006C49087066E4644964480068FBF711FD7B
:104E0000634908606DA162480068FBF70AFD6449C8
:104E100008600968086905F040FD80466048006840
:104E2000424601692046F0F741FB67A158480068F7
:104E3000FBF7F7FC5A4908600968086905F02DFD81
:104E40008046574800684246016904F14000F0F787
:104E50002DFB5FA14E480068FBF7E3FC504900E0E2
:104E600013E008600968086905F017FD80464C48A2
:104E700000684246016904F14A00F0F717FB20463A
:104E800001F01BFB2046F0F7E8FB032045490870C2
:104E900066E045A13D480068FBF7C3FC4049086057
:104EA00009680822086906A9FCF7C9FB3F4ADDE941
:104EB0000601C2E91C01FEF773FD032039490870A1
:104EC0004EE039A131480068FBF7ABFC344908607B
:104ED00009680822086906A9FCF7B1FB334ADDE935
:104EE0000601C2E90C01284928480068FBF799FC33
:104EF0002749086038A126480068FBF792FC28493A
:104F000008600968086905F0C8FC04462448006880
:104F1000224601693348F0F7C9FA33A11C480068FA
:104F2000FBF77FFC1E4908600968086905F0B5FCBD
:104F300004461B480068224601692A484030F0F7C1
:104F4000B5FA2848F2F7C1F90120184981F8820022
:104F500003201449087003E003201249087000BFC1
:104F600000BF0EE00948006818B108480068FAF769
:104F700039FB20480068F0F770FB002009490870F1
:104F800000BF00BF00BF6CE4083B0108EC06002036
:104F9000F8060020446F776E54696D6500000000CC
:104FA000F4060020E4060020534E000050AB002021
:104FB000F0060020D4060020DC0600204950616481
:104FC0006472657373000000706F727400000000FB
:104FD0006D6F646500000000446576696365546F19
:104FE00070696300E8AC0020536572766572546F97
:104FF00070696300E8060020FA48007830B10128A3
:105000000DD002281AD003282FD11EE00020F64927
:105010000880F64908600120F249087025E0F2484E
:105020000088401CF049088008460088C82804DD34
:10503000002008800220EB49087016E00120EB49AF
:1050400008600320E74908700FE0E7480088401C2B
:10505000E549088008460088C82805DD002008804A
:10506000E0490870FF20704700BF00BF0020FAE74A
:1050700000B5FFF7C1FF00BD10B50024DC48007883
:10508000062810D2DFE800F00310445185924FF457
:105090000071D84805F0E2FC1021D7A001F013F907
:1050A0000120D3490870C0E0D8A1D24805F0BFFB69
:1050B00040B10020D7490880D74908700220CC4968
:1050C000087024E0D3480088642805DAD1480088B5
:1050D000401CD04908801AE00020CE490880CE4804
:1050E0000078052808DACC480078401CCA490870C6
:1050F0000020BF4908700AE00020C7490870BC4979
:105100000870C5490870C3490880EE2010BD8CE0C6
:105110004FF40071B74805F0A1FC1021BFA001F0C9
:10512000D2F80320B24908707FE0C1A1B14805F070
:105130007EFB40B10020B7490880B74908700420C1
:10514000AB49087024E0B3480088642805DAB14808
:105150000088401CAF4908801AE00020AD49088053
:10516000AD480078032808DAAB480078401CAA490B
:10517000087002209E4908700AE00020A6490870C5
:105180009B490870A4490870A2490880EE20BDE739
:105190004BE04FF40071974805F060FC1021A8A087
:1051A00001F091F80520924908703EE0A9A19148CC
:1051B00005F03DFB98B1002096490880964908709B
:1051C0008B490870A5A18B4805F031FB00F108045C
:1051D00014222146A448F0F769F9FF2096E78D488C
:1051E0000088642805DA8B480088401C89490880BB
:1051F0001AE000208749088087480078032808DAE9
:1052000085480078401C844908700420784908705B
:105210000AE0002080490870754908707E490870CE
:105220007C490880EE2071E700BF00BF00206DE7D9
:105230008E4870478E4870478B48704730B503469C
:105240000C4621461A4607E008781578A84201D096
:10525000002030BD491C521C08780028F4D11046AB
:10526000F7E710B503460C461946224603E00878D6
:105270001070521C491C08782C2804D0087810B1F2
:1052800008780D28F3D10020107008782C2802D15E
:10529000481C014610BD0020FCE7F0B504460E4650
:1052A000701E205C0A2803D1B01E205C0D2801D09E
:1052B0000020F0BD20780D2802D160780A2801D0A6
:1052C0000020F6E700250AE06A4850F8251020463D
:1052D000FFF7B4FF074607B103E0681CC5B2022D13
:1052E000F2DB00BF15B1012D13D106E05F4938464E
:1052F000FFF7B7FF0746FF20DBE75D493846FFF7BA
:10530000B0FF07465A493846FFF7ABFF0746FF2074
:10531000CFE70020CDE75848007870470120574973
:1053200008707047002055490870704710B5534801
:10533000007800B910BDFCF701F900B1FAE703F0FD
:10534000F8FFE0B1FCF709F9C8B94D48B0F9000021
:1053500047F23051884206DA49480088401C00B2C2
:10536000474908800EE000204549088003F026FEEA
:10537000FCF798F803F0E7FF00F076FD02E000206C
:105380003F4908803F480068401C3E490860084685
:1053900000680A2803D100203749087084E03948A2
:1053A0000068394988427FD10120334908700020C4
:1053B000344908603548007808B9012000E0002031
:1053C000324908700846007850B13149086805F044
:1053D00064FA04462E490868214600F074FF63E031
:1053E00058E000005A07002058070020B001224270
:1053F0005B070020E0A400207573722E636E415499
:105400002B434D4450570D0A000000007573722E57
:10541000636E00005E0700205C0700207573722E2B
:10542000636E41542B534F434B410D0A0000000063
:105430007A642E6A756D6961692E636E00000000E2
:105440007573722E636E41542B49434349440D0AD0
:10545000000000002B49434349443A002B49434391
:1054600049443A20000000003207002014070020C1
:10547000230700200C0700205507002056070020B6
:105480004C0700205007002020BF020054070020D6
:10549000000700206249086805F0FFF904466049EA
:1054A0000868214600F00FFF00BF43E770B50446CF
:1054B00064215C4805F0D2FA04F1400322465AA167
:1054C000584805F01FF85F480078022806D00328E6
:1054D00015D004284CD0052810D157E04FF40071A6
:1054E000594805F0BBFA4F4805F0D7F9054629465B
:1054F0004C4800F0E8FE0320524908708CE053A1AC
:10550000514805F094F918B104204E4908702EE076
:105510004F480068401C4E49086008460068C8288B
:1055200025D90220474908700020494908604948A8
:105530000068401C47490860084600680321B0FB2A
:10554000F1F201FB120090B942480068092809D124
:1055500000204049086002203A4908703E4908701E
:10556000EE2070BD02203C4908703649087053E0B7
:105570004FF40071344805F071FA1021AFF2641055
:1055800000F0A1FE05202F49087045E021462E4875
:1055900005F04DF978B104F140012B4805F047F9C9
:1055A00048B100202B4908600220264908702A498A
:1055B0000870FF20D5E726480068401C2449086091
:1055C00008460068C82826D904201E490870002013
:1055D0001F4908601F480068401C1E4908600846B3
:1055E00000680321B0FBF1F201FB120098B91948E1
:1055F0000068092809D100201649086002201149D5
:10560000087015490870EE20ABE702200D490870BC
:1056100004201149087000BF00BF0020A1E700006E
:1056200000070020E8AD00207573722E636E4154B0
:105630002B534F434B413D5443502C25732C257322
:105640000D0A000060070020E0A400204F4B00007E
:10565000640700206807002061070020FB480078ED
:1056600030B101280DD002281AD003282FD11EE016
:105670000020F7490880F74908600120F3490870C5
:1056800025E0F3480088401CF1490880084600885E
:10569000C82804DD002008800220EC49087016E0CC
:1056A0000120EC4908600320E84908700FE0E84851
:1056B0000088401CE649088008460088C82805DDA7
:1056C00000200880E1490870FF20704700BF00BF3C
:1056D0000020FAE700B5FFF7C1FF00BD70B5054631
:1056E0000E46144600BF3146284605F0A0F818B90A
:1056F0002000A4F10104F6D10CB9002070BD0120F6
:10570000FCE710B50024D44800780A2872D2DFE8FC
:1057100000F0051223306472A6B3EDFA4FF4007165
:10572000CE4805F09BF90321CDA000F0CCFD01206F
:10573000C94908701AE1CB480088642805DAC948CD
:105740000088401CC749088005E00020C549088042
:105750000220C149087009E14FF40071BF4805F00B
:105760007DF90921C0A000F0AEFD0320BA49087000
:10577000FCE0C0A1B94805F05AF840B10020B94991
:105780000880BE4908700420B349087024E0B54879
:105790000088642805DAB3480088401CB1490880B5
:1057A0001AE00020AF490880B4480078052808DADC
:1057B000B2480078401CB14908700220A649087020
:1057C0000AE00020AD490870A3490870AB49087091
:1057D000A4490880EE2010BDC8E04FF400719F4836
:1057E00005F03CF90921A6A000F06DFD05209A49BD
:1057F0000870BBE0B9E0A5A1984805F018F840B1E1
:105800000020984908809D49087006209249087038
:1058100024E094480088642805DA92480088401CF7
:10582000904908801AE000208E490880934800784B
:10583000032808DA91480078401C90490870042039
:10584000854908700AE000208C4908708249087078
:105850008A49087083490880EE20BCE786E04FF44F
:1058600000717E4805F0FAF80A218CA000F02BFDAB
:1058700007207949087079E08BA1784804F0D7FFB8
:1058800090B10020774908807C490870082072494F
:10589000087086A1714804F0CAFF041D1422214635
:1058A0008448EFF703FE20E06E480088642805DA9C
:1058B0006C480088401C6B49088016E0002069494C
:1058C00008806E480078032808DA6C480078401C8D
:1058D0006A49087006206049087006E000206749A0
:1058E0000870604908805C4908703FE04FF400711F
:1058F0005A4805F0B3F809216FA000F0E4FC092034
:105900005549087000BF68A1544804F090FF40B1A9
:10591000002054490880594908704F490870FF20F9
:1059200059E750480088642805DA4E480088401C32
:105930004C49088018E000204A4908804F48007808
:10594000032808DA4D480078401C4C4908700820AC
:105950004149087008E00020484908704149088022
:105960003D490870FF2036E700E000BF00BF00207F
:1059700031E75448704754487047544870474D4881
:1059800070476FF07F400021324A116000BF010074
:10599000A0F10100FBD17047002004E000214A4A39
:1059A0001154411CC8B20F28F8DB704730B50346CC
:1059B0000C4621461A4607E008781578A84201D01F
:1059C000002030BD491C521C08780028F4D1104634
:1059D000F7E710B503460C461946224603E008785F
:1059E0001070521C491C08782C2804D0087810B17B
:1059F00008780D28F3D10020107008782C2802D1E7
:105A0000481C014610BD0020FCE7F0B504460E46D8
:105A1000701E205C0A2803D1B01E205C0D2801D026
:105A20000020F0BD20780D2802D160780A2801D02E
:105A30000020F6E700254FE0254850F825102046C5
:105A4000FFF7B4FF074607B148E043E0CE07002068
:105A5000CC070020B0012242CF070020E0A40020A4
:105A60002B2B2B00D207002041542B494E464F0DC3
:105A70000A0000004C54452D34470000D007002098
:105A800041542B534F434B0D0A0000007A642E6A99
:105A9000756D6961692E636E0000000041542B49E9
:105AA000434349440D0A00004F4B00002B4F4B3D30
:105AB00000000000A607002041542B455841540D1A
:105AC0000A0000004CAE0020880700209707002045
:105AD00080070020681CC5B2022DADDB00BF45B9B0
:105AE000FFF75AFFBB493846FFF773FF0746FF2011
:105AF00097E7002095E7B848007870470120B7493C
:105B0000087070470020B5490870704710B5B34859
:105B1000007800B910BDFBF711FD00B1FAE703F002
:105B200008FCE0B1FBF719FDC8B9AD48B0F90000B9
:105B300047F23051884206DAA9480088401C00B27A
:105B4000A74908800EE00020A549088003F036FA36
:105B5000FBF7A8FC03F0F7FB00F086F902E0002059
:105B60009F4908809F480068401C9E49086008467D
:105B700000689D49884211D10120974908709BA176
:105B80009B4804F066FE9B49086804F086FE0446C4
:105B900098490868214600F096FB30E0914800687B
:105BA00091490A3188420AD19349086804F075FE88
:105BB000044691490868214600F085FB1FE08948AA
:105BC000006889491E3188420AD18A49486804F030
:105BD00064FE044687494868214600F074FB0EE0E5
:105BE0008048006880493231884208D183A18048CA
:105BF00004F02FFE0020784908707A49086000BF41
:105C000088E770B500247B49086804F046FE054625
:105C100078490868294600F056FB4FF4FA7278A1DB
:105C200079A000F077FB0446FF2C00D170BD00BFC7
:105C3000FCE770B5044664217C4804F00FFF04F1D2
:105C4000400322467AA1794804F05CFC7E48007843
:105C500006280CD2DFE800F0030C1E2F6977032121
:105C6000AFF2042000F02FFB012077490870ADE06F
:105C700076480068401C754908600846006832286C
:105C800007D90020086002206F490870704800782A
:105C900008709BE04FF400716E4804F0DFFE63482B
:105CA00004F0FBFD05462946604800F00CFB03208C
:105CB000654908708AE068A1664804F0B8FD18B12B
:105CC0000420614908702FE060480068401C5F496B
:105CD000086008460068C82826D902205A4908707A
:105CE00000205A4908605D480068401C5B49086014
:105CF000084600680321B0FBF1F201FB120098B9DD
:105D000056480068092809D10020544908604E49C6
:105D1000087002204E490870EE2070BD02204C49E8
:105D2000087000204849087050E04FF4007149485D
:105D300004F094FE0921AFF2B82000F0C4FA052067
:105D40004149087042E02146424804F070FD60B1CC
:105D500004F140013F4804F06AFD30B102203A49A5
:105D600008703B490870FF20D7E738480068401C9E
:105D70003649086008460068C82826D904203249F8
:105D8000087000203149086034480068401C3349DD
:105D90000860084600680321B0FBF1F201FB120025
:105DA00098B92E480068092809D100202B490860BD
:105DB00025490870022026490870EE20ADE7002032
:105DC0002149087004202249087000BF00BF00204C
:105DD000A3E7000088070020C9070020CA070020A9
:105DE000C0070020C4070020407E05004154000089
:105DF0004CAE00206C0700207407002054430000C4
:105E00000D0A2B4F4B0D0A0041542B534F434B317E
:105E10003D302C544350432C7A642E6A756D696171
:105E2000692E636E2C313838330000005BAE0020E1
:105E300041542B534F434B3D544350432C25732C1B
:105E400025730D0A00000000D4070020D8070020A9
:105E5000D5070020E0A400202B4F4B00DC070020DA
:105E60000120EB494870704700B5FFF7F9FF0120AA
:105E7000E849087000204880E5480078487000BD77
:105E8000E448007800B97047E248407820BBE14818
:105E900040881E280BDADF484088401CDD494880D6
:105EA0000120DD490860DD49C1F8880132E0D948A8
:105EB00040883C280BDAD7484088401CD5494880A8
:105EC0000020D5490860D549C1F8880122E00020AA
:105ED000D049488008701DE0CE4840881E2808DA66
:105EE000CC484088401CCB4948800020CA49086003
:105EF00010E0C84840883C2808DAC6484088401C62
:105F0000C44948800120C449086003E00020C14919
:105F10004880087000BFB6E7BD480078704710B5EC
:105F200000F0CAF9BE49BA48C16000214172BD49BA
:105F30000161BD494161BD49C161BD498161002027
:105F4000B34908720121B2488172BA494162BA4923
:105F50000162BA498162BA49C1624FF4FA610186AD
:105F6000B8498163012180F835100021C163B64929
:105F70000164B6498164B6494164002180F8341057
:105F8000022180F83610B3490165B349C164B349B1
:105F90004165B349816540F6B831A0F85C10B1495C
:105FA0004166012180F8611000218166AE49C16619
:105FB000AE494167AE490167002180F860100321B6
:105FC00080F86210AB49C167AB498167AB49C0F843
:105FD0008010AB49C0F8841041F28831A0F88810D5
:105FE00010BD8B484078042801DB01207047002059
:105FF000FCE710B500248648407805282FD2DFE85A
:1060000000F0032F4977A6008148007800EB40019B
:1060100001EBC0017E48083010F82100F8B97C4837
:10602000007800EB400101EBC0017948083000EB3B
:106030008100006960B17649097801EB410202EB09
:10604000C1027349083101EB8201086980470446A7
:10605000FF2C04D101206E4948700020888083E025
:106060006B488188007800EB400202EBC002684870
:10607000083000EB8200008D814205DA6448808898
:10608000401C6349888004E0002061498880022028
:10609000487069E000207B49097829BB5C4A127886
:1060A00002EB420303EBC203594A083202EB8302BC
:1060B000D1688847FF2807D10121724A1170544ADC
:1060C00091700321517012E0EE2810D10021504A46
:1060D000517011460978491C11701146097803293D
:1060E00005D10021117002E00321494A51703BE0C3
:1060F00000204749097801EB410202EBC102444903
:10610000083101EB82014978E9B94149097801EB8D
:10611000410202EBC1023E49083101EB820189686C
:1061200059B13B4A127802EB420303EBC203384AEF
:10613000083202EB830291688847FF2806D10421C8
:10614000334A517002E00421314A51700CE0304969
:10615000097801EB410202EBC1022D49083101EB44
:1061600082014868804700BF00BF10BD70B504467B
:106170000D462748807870B12548007800EB400133
:1061800001EBC0012248083000EB8100294642693A
:106190002046904770BD0020FCE71D48807870477E
:1061A00010B51B49097801EB410202EBC102184905
:1061B000083101EB8201486A804710BD10B51449CF
:1061C000097801EB410202EBC1021149083101EBF0
:1061D00082018869804710BD10B50D49097801EB2F
:1061E000410202EBC1020A49083101EB8201C86990
:1061F000804710BD10B50649097801EB410202EB5A
:10620000C1020349083101EB8201086A804710BDD1
:10621000C0AE0020E0070020B00122420000224270
:10622000FB71010835670108AD660108E16F0108DF
:10623000196601088B6F0108876F01088F6F0108CD
:10624000557001080D5B0108035701080B5A01083E
:10625000D55601087B590108775901087F59010873
:10626000F75A01082D530108795001089B52010883
:1062700071500108355201083152010839520108A4
:1062800017530108E407002008B501211020EDF79D
:1062900061FA4FF48050ADF8000010208DF8030033
:1062A00003208DF8020069464148ECF731FF4FF4B6
:1062B00080503F49086108BD10B5FFF7E5FF032096
:1062C000F8F750F810BD70B504460D46AAB2214645
:1062D0000320F8F7CAF870BD10B50320F8F77AF874
:1062E00010BD10B5044621460320F8F796F810BDFE
:1062F00070B505460E46144631462846FFF7E3FFC3
:1063000000BF0320F8F77BF818B12000A4F10104C6
:10631000F7D170BD2DE9F04106460F4614462548D9
:10632000007810B101283FD10FE0234804603046C7
:1063300004F0B3FA054629463046FFF7C4FF0120B2
:106340001C4908700020BDE8F081FFF7C5FFD8B1F7
:10635000FFF7C2FF8046EFF790F9054695B1284652
:10636000FFF7BFFF0020134908703946284604F0A4
:106370005EFA20B12846EFF770F9FF20E3E72846E0
:10638000EFF76BF90020DEE70B48006828B10A48F8
:106390000068401E0849086004E0002005490870B4
:1063A000EE20D0E70020CEE700BF00BFCBE7000023
:1063B00000100140E8070020EC07002010B5002481
:1063C000434890F85400012876D14248007830B113
:1063D000012814D0022822D003286BD157E03E4870
:1063E0000088401C3C49088008460088B0F57A7F48
:1063F00004DD002008800120364908705BE0FFF7CB
:106400008BFD36490870FBF748F802F0C2FFFEF733
:1064100089FFFFF777FB02202E4908704BE02F48D9
:10642000007820B1012820D002282DD10EE0284884
:1064300001F068FDC4B2FF2C02D103202549087089
:10644000EE2C02D10320234908701EE02048FFF7FC
:106450002DF8C4B2FF2C02D103201E490870EE2C87
:1064600002D103201B4908700FE01948FFF7E1FB38
:10647000C4B2FF2C02D1032016490870EE2C02D1C1
:1064800003201449087000E000BF00BF13E00020A3
:10649000104908700E4981F85400FEF73FFFFFF7DE
:1064A0002DFB02F072FFFAF7F3FFEFF719F902E0A4
:1064B00002E0FFE700BF00BF10BD10B50446012099
:1064C00084F85400552221460148EEF7EFFF10BD35
:1064D000F00700204508002048080020460800205A
:1064E00010B503460C461946224603E008781070A2
:1064F000521C491C08782C2804D0087810B1087860
:106500000D28F3D10020107008782C2802D1481CE7
:10651000014610BD0020FCE7FD48007830B101289D
:106520000DD002281AD003282FD11EE00020F949EF
:1065300008800120F8490860F549087025E0F54811
:106540000088401CF349088008460088C82804DDFC
:10655000002008800220EE49087016E00020EE4975
:1065600008600320EA4908700FE0EA480088401CF0
:10657000E849088008460088C82805DD0020088012
:10658000E3490870FF20704700BF00BF0020FAE712
:10659000E248007830B101280ED002281BD0032831
:1065A00031D120E00020DE4908800120DA4928317D
:1065B0000860DA49087026E0D9480088401CD849AC
:1065C000088008460088C82804DD002008800220D2
:1065D000D249087017E00020CF4928310860032015
:1065E000CE4908700FE0CE480088401CCC49088096
:1065F00008460088C82805DD00200880C7490870C3
:10660000FF20704700BF00BF0020FAE710B50A2145
:10661000C4A0FFF758FE10BD10B5C548007878B18A
:106620000020C3490870C348F0F7ADFE6421C2489A
:1066300004F014FAC1A3C3A2C6A1BF4803F062FFCD
:10664000FFF7A6FF10B1FF20C9490870FFF764FFEC
:1066500010B1FF20C7490870C5480078FF280AD14B
:10666000C4480078FF2806D10020C1490870C149FC
:106670000870FF2010BD0020FCE770B50446BEA5E1
:10668000002609E028782178884201D0002070BDDA
:106690006D1C641C701CC6B2284604F0FEF8B042A3
:1066A000F0D80120F3E7B7494870704710B5B648F5
:1066B000007810B1012838D10CE04FF40071B348D4
:1066C00004F0CCF90921B2A0FFF7FDFD0120AE498D
:1066D00008702CE0B1A1AD4804F0A9F840B1002049
:1066E000A9490870AF490880AF490880FF2010BD54
:1066F000AC480088401CAB49088008460088C82880
:1067000012DD00200880A0490870A7480088401CBE
:10671000A549088008460088052805DD0020088076
:1067200099490870EE20E2E701E0EE20DFE700BFC4
:106730000020DCE72DE9F0470027B8469148407873
:10674000272849D2DFE810F065009D008F01E9019C
:106750004800A602DF021803AF03480048004800C3
:106760006D024900270048007A02F6014800AA009D
:10677000D60058014800480048004800480048003A
:106780004800480072009C01250322022F02C0032A
:10679000EC02B302ED037B48007820B101280BD056
:1067A000022818D111E0FFF7F3FE0746FF2F02D1B0
:1067B0000120744908700EE0FFF7AEFE0746FF2F78
:1067C00002D102206F49087005E00D206D49487024
:1067D0000020087000BF00BFD0E374A16B4804F034
:1067E00026F828B1002067494870734908600FE017
:1067F00071480068401C704908600846006840F60F
:10680000B831884204D900206B4908605D4948705E
:10681000B4E34FF400715D4804F020F9042167A04F
:10682000FFF751FD1E2057494870A7E365A157485F
:1068300003F0FDFF40B101205249487000205E493D
:106840000860614908701BE05B480068401C5A49B9
:10685000086008460068B0F5967F11D900200860EE
:106860004849487058480078401C57490870084605
:1068700000780A2804DD002008700E204149487085
:106880007CE34FF40071414804F0E8F80A214FA07E
:10689000FFF719FD13203B4948706FE34EA13B48B9
:1068A00003F0C5FF40B1142036494870002042492A
:1068B0000860454908701CE03F480068401C3E499C
:1068C000086008460068B0F5967F12D9002008607D
:1068D00001202C4948703C480078401C3A49087017
:1068E000084600780A2804DD002008700E2025499B
:1068F000487043E34FF40071244804F0AFF80A21D4
:106900003AA0FFF7E0FC15201E49487036E300006E
:10691000600900205E0900208801224264090020ED
:106920006209002041542B52455345540D0A000082
:1069300067090020A60800205BAF002031383833FB
:10694000000000007A642E6A756D6961692E636EBD
:106950000000000041542B43495053544152543DD0
:1069600022544350222C222573222C25730D0A0019
:1069700065090020660900200D0A534D5320524539
:10698000414459001C09002068090020E0A40020AF
:1069900041542B43474D4D0D0A00000041697237A9
:1069A000323000006C0900206A090020534D53204A
:1069B00052454144590000007C09002041540D0A11
:1069C000000000004F4B00008009002041542B4381
:1069D00050494E3F0D0A00000D0A2B4350494E3AD4
:1069E0002052454144590D0A0000000041542B49F2
:1069F000434349440D0A0000FBA1FE4803F017FF82
:106A000098B10220FC4948700020FC490860FC490C
:106A10000870F5A1F74803F00AFF00F108081422F6
:106A20004146F848EEF742FD1CE0F4480068401C7F
:106A3000F249086008460068B0F5967F12D9002038
:106A400008601420EC494870ED480078401CEC497F
:106A50000870084600780A2804DD002008700E201F
:106A6000E54948708AE24FF40071E24803F0F6FF0E
:106A70000821E5A0FFF727FC1F20DF4948707DE2D1
:106A800000240025A1460026E2A1DA4803F0CFFE4B
:106A900000F10804B4B1E2492046FFF721FD00BF30
:106AA0000BE0605D2C2800D109E006EB8600460073
:106AB000605D30380644681CC5B2032DF1DB00BFB1
:106AC000CD488662CC48806A002808DD0320CA4988
:106AD00048700020C9490860C94908701CE0C748CF
:106AE0000068401CC549086008460068B0F5967FFC
:106AF00012D9002008600220BF494870C0480078C1
:106B0000401CBF490870084600780A2804DD0020B0
:106B100008700E20B849487030E24FF40071B54853
:106B200003F09CFF0B21BFA0FFF7CDFB1120B24962
:106B3000487023E2BEA1AF4803F079FE40B12120A6
:106B4000AD4948700020AD490860AD4908701CE0AF
:106B5000AA480068401CA949086008460068B0F5CA
:106B6000967F12D9002008600320A3494870A448EA
:106B70000078401CA2490870084600780A2804DD05
:106B8000002008700E209C494870F7E14FF4007116
:106B9000984803F063FF0D21A8A0FFF794FB222083
:106BA00095494870EAE10024A8A1924803F03FFE0D
:106BB00000F10C042078302809D10C208E4948704F
:106BC00000208E4908608E490870BDE8F087207863
:106BD000312808D10520884948700020874908607D
:106BE00087490870F1E785480068401C83490860C0
:106BF00008460068B0F5967F12D900200860212071
:106C00007D4948707E480078401C7D4908700846E0
:106C10000078052804DD002008700E2076494870B1
:106C2000ACE14FF40071734803F018FF0E218BA004
:106C3000FFF749FB1020704948709FE18BA16D4818
:106C400003F0F5FD40B105206B49487000206B4909
:106C500008606B4908701CE068480068401C674980
:106C6000086008460068B0F5FA7F12D90020086075
:106C70000C206149487062480078401C60490870E7
:106C800008460078052804DD002008700E205A49C7
:106C9000487073E14FF40071564803F0DFFE112194
:106CA00074A0FFF710FB25205349487066E16FA1DF
:106CB000504803F0BCFD40B106204F494870002009
:106CC0004E4908604E4908701CE04C480068401C62
:106CD0004A49086008460068B0F5967F12D900203E
:106CE000086005204449487045480078401C4449E4
:106CF000087008460078052804DD002008700E2082
:106D00003D4948703AE14FF400713A4803F0A6FE5D
:106D10000A215DA0FFF7D7FA2420374948702DE1FA
:106D200052A1344803F083FD40B107203249487036
:106D3000002032490860324908701CE02F48006882
:106D4000401C2E49086008460068B0F5967F12D9AD
:106D50000020086006202849487029480078401C17
:106D60002749087008460078052804DD00200870CF
:106D70000E202149487001E14FF400711D4803F0D5
:106D80006DFE0A2143A0FFF79EFA20201A494870A1
:106D9000F4E035A1174803F04AFD40B10820164938
:106DA0004870002015490860154908707AE01348BA
:106DB0000068401C1149086008460068B0F5967FDD
:106DC00070D90020086007200B4948700C480078F3
:106DD000401C0B490870084600780A2862DD002034
:106DE00008700E2004495CE02B49434349443A2093
:106DF00000000000E0A400201C0900207C09002005
:106E0000800900208A08002041542B4353510D0A69
:106E1000000000000D0A2B4353513A2000000000EF
:106E20006C08002041542B43474154543F0D0A0045
:106E30000D0A2B43474154543A20310041542B430F
:106E400049504D4F44453F0D0A0000000D0A2B43A9
:106E500049504D4F44453A200000000041542B4317
:106E600049504D4F44453D310D0A00000D0A4F4B2E
:106E70000D0A000041542B435354543D22434D49C5
:106E80004F54220D0A00000041542B4349494352FC
:106E90000D0A000041542B43494653520D0A00008D
:106EA00000E048706AE04FF40071FB4803F0D6FD43
:106EB000FA4803F0F2FC04462146F848FFF703FACB
:106EC0002320F749487059E0AFF26001F24803F01F
:106ED000AEFC40B12620F24948700020F14908601C
:106EE000F14908701CE0EF480068401CED4908605B
:106EF00008460068B0F5967F12D900200860082087
:106F0000E7494870E8480078401CE749087008469F
:106F10000078052804DD002008700E20E049487044
:106F20002CE0E2A1DC4803F082FC48B10D20DC49F2
:106F300048700020DB490860DB490870FF2044E608
:106F4000D8480068401CD749086008460068B0F57A
:106F5000967F12D9002008600820D1494870D24895
:106F60000078401CD049087008460078032804DDEA
:106F7000002008700E20CA49487000BF00BF0020E2
:106F800023E6CD487047CD487047CD487047CD487F
:106F90007047704730B502460B461946144607E065
:106FA00008782578A84201D0012030BD491C641C16
:106FB00008780028F4D100BFF7E730B503460C4647
:106FC00021461A4607E008781578A84201D000202B
:106FD00030BD491C521C08780028F4D11046F7E750
:106FE000F0B504460D460027681E205C0A2803D130
:106FF000A81E205C0D2801D00020F0BD20780D28AF
:1070000002D160780A2801D00020F6E7AE48016876
:107010002046FFF7BFFF074617B90120AB49887428
:10702000A94841682046FFF7C8FF064636B101204F
:10703000A649C874A1493046FFF752FAA2488168B0
:107040002046FFF7A7FF074617B901209F4908759B
:10705000FF20D2E79E480078704710B50D219DA013
:10706000FFF731F941F6FF729EA18B48FEF736FB20
:1070700008B1012010BD0020FCE770B50024934842
:10708000407D072820D2DFE800F004203354697FD8
:10709000920098480068401C9649086008460068BD
:1070A0004EF6602188420FD901208849487500209A
:1070B0009049086085498874C8740875888008807C
:1070C0004881C8800882888194E00320F7F797F907
:1070D00000B170BD8849086803F0DFFB05468649AA
:1070E00008682946FFF7EFF802207849487581E0E3
:1070F0007648807C18B103207449487518E07348BD
:107100008088032811DA71480088401C6F49088084
:107110000846008896280BDD08468088401C888039
:10712000002008800120487502E00020674948756A
:1071300060E00320F7F763F910B105206349487553
:107140006E49086803F0A9FB05466C4908682946A2
:10715000FFF7B9F804205D4948754BE05B48C07CF7
:1071600018B10520594948750DE05848C088401CA1
:107170005649C8800846C088B0F5967F03DD0020D8
:10718000C8800520487535E00320F7F738F900B1CD
:107190009FE75949486803F080FB0546564948680F
:1071A0002946FFF790F806204849487522E04748ED
:1071B000007D18B10020454948751AE04348008A0F
:1071C000012812DA41488089401C404988810846DC
:1071D0008089B0F5967F0CDD0846008A401C088245
:1071E000002088810520487503E000203749088287
:1071F000487500BF00BF00BF6BE710B5FAF79EF9F6
:1072000000B110BD02F095F8E0B1FAF7A6F9C8B9DF
:107210003B48B0F9000047F23051884206DA38485E
:107220000088401C00B2364908800EE00020344936
:10723000088001F0C3FEFAF735F902F084F8FEF792
:1072400013FE02E000202E49088000BFD9E710B5E8
:107250002C4800780B2872D008DC62D2DFE800F0FE
:10726000596271A1FAF9F8F7F6F5F400112867D020
:107270000ADCA0F10C000528EFD2DFE810F0E201F3
:107280000F021D02B002BE0214287DD03CDC122881
:107290007BD0132845D118E3E0A400205BAF002089
:1072A0001C0900207C09002080090020434F4E4E1D
:1072B0004543540D0A0000004CAF00206C0800202C
:1072C0007B0800208A08002060080020C0AF002052
:1072D0005109002041542B434950434C4F53450D15
:1072E0000A0000000D0A434C4F5345204F4B0D0A36
:1072F00000000000840900204C08002054080020F1
:10730000480900205D09002015287DD0FF28C1D143
:1073100045E30F22FD49FE48EEF7C8F80120FD497C
:10732000087044E34FF40071F84803F097FB0E2116
:10733000F9A0FEF7C8FF0220F649087037E372E1B2
:1073400088E2AFF2D841F14803F071FA40B103206E
:10735000F04908700020F4490860F44908701FE003
:10736000F1480068401CF049086008460068B0F524
:10737000967F15D9002008600120E6490870EB4887
:107380000078401CE94901E0B0E271E2087008466B
:1073900000780A2804DD00200870FF20DD4908700D
:1073A00005E30024E2A1D94803F041FA0446002C89
:1073B00064D0E2A1D54803F03AFA044614B107209C
:1073C000D4490870E0A1D14803F031FA044614B161
:1073D0000920D0490870DFA1CC4803F028FA044600
:1073E00014B10920CB490870DDA1C84803F01FFA89
:1073F000044614B10420C7490870DCA1C34803F057
:1074000016FA044624B100E09DE20420C149087048
:10741000D9A1BE4803F00BFA044614B10420BD49BB
:107420000870D9A1B94803F002FA044614B1042047
:10743000B8490870D7A1B54803F0F9F9044614B16A
:107440000420B449087006E0AEE09FE071E062E01D
:1074500051E024E016E0D2A1AC4803F0E8F904467C
:1074600014B10420AB490870D0A1A84803F0DFF99B
:10747000044634B10420A749087002E0FF20A54962
:10748000087094E24FF40071A04803F0E7FA0C2171
:10749000C9A0FEF718FF05209E49087087E2CAA11F
:1074A0009A4803F0C4F940B106209A4908700020B8
:1074B0009D4908609D4908701CE09B480068401C7D
:1074C0009949086008460068B0F5967F12D90020F7
:1074D000086004208F49087094480078401C934944
:1074E0000870084600780A2804DD00200870FF2094
:1074F000884908705BE28C480068401C8A49086033
:1075000008460068B0F5967F04D90020086007207F
:10751000804908704BE24FF400717C4803F09EFAFA
:107520000B21AFF20070FEF7CEFE082079490870FB
:107530003DE2AFF20471754803F079F940B10920DA
:1075400074490870002078490860784908701CE088
:1075500075480068401C7449086008460068B0F52A
:10756000967F12D90020086007206A4908706F488A
:107570000078401C6D490870084600780A2804DD30
:1075800000200870FF206349087010E24FF400717A
:107590005E4803F063FA0D21AFF26070FEF793FED0
:1075A0000A205C49087002E20024AFF2607157487B
:1075B00003F03DF900F10C04BCB12078302808D16B
:1075C0000B2054490870002057490860574908703B
:1075D00010BD2078312808D10D204E4908700020B8
:1075E0005149086051490870F2E74F480068401C53
:1075F0004D49086008460068B0F5967F12D9002012
:10760000086009204349087048480078401C4749F1
:107610000870084600780A2804DD00200870FF2062
:107620003C490870C3E14FF40071384803F016FA82
:107630000E21AFF2D870FEF746FE0C2035490870D7
:10764000B5E1AFF2D871314803F0F1F840B10D2047
:1076500030490870002034490860344908701CE043
:1076600031480068401C3049086008460068B0F5A1
:10767000FA7F12D9002008600B20264908702B4899
:107680000078401C29490870084600780A2804DD63
:1076900000200870FF201F49087088E14FF4007136
:1076A0001A4803F0DBF91121AFF63800FEF70BFEA4
:1076B0000E20184908707AE1AFF65001134803F024
:1076C000B6F840B10F201349087000201649086031
:1076D0001649087082E014480068401C124908608E
:1076E00008460068B0F5967F78D9002008600D2024
:1076F000084908700D480078401C0C49087008467D
:1077000000780A286ADD0020087064E0E0A4002008
:10771000D6AF00205D09002041542B4349505354FB
:10772000415455530D0A0000940900209809002087
:107730000D0A53544154453A000000004950204975
:107740004E495449414C0000495020535441525431
:1077500000000000495020434F4E464947000000BA
:107760004950204750525341435400004950205340
:10777000544154555300000054435020434F4E4E43
:10778000454354494E470000434F4E4E4543542015
:107790004F4B000054435020434C4F53494E470039
:1077A00054435020434C4F53454400005044502014
:1077B000444541435400000041542B434950534831
:1077C00055540D0A000000000D0A53485554204F2F
:1077D0004B0D0A0002E0FF20CA490870E7E04FF4B1
:1077E0000071C94803F03AF90A21AFF66410FEF7B8
:1077F0006AFD1020C3490870D9E0AFF69011C24865
:1078000003F015F840B11120BE4908700020BF49AF
:107810000860BF4908701CE0BC480068401CBB49B8
:10782000086008460068B0F5967F12D9002008600D
:107830000F20B4490870B6480078401CB44908705D
:10784000084600780A2804DD00200870FF20AD49B2
:107850000870ACE04FF40071AB4803F0FFF80A2168
:10786000AFF6D010FEF72FFD1120A64908709EE05C
:10787000AFF25011A44802F0DAFF40B11320A14941
:1078800008700020A1490860A14908701CE09F48C9
:107890000068401C9D49086008460068B0F5967F66
:1078A00012D9002008601120964908709848007885
:1078B000401C97490870084600780A2804DD00201B
:1078C0000870FF208F49087071E04FF400718E48F6
:1078D00003F0C4F88F4802F0E0FF044621468D48CB
:1078E000FEF7F1FC14208C49087060E0AFF68421AB
:1078F000854802F09CFF40B11520874908700020A0
:1079000082490860824908701CE080480068401C79
:107910007E49086008460068B0F5967F12D90020BD
:10792000086013207C49087079480078401C784929
:107930000870084600780A2804DD00200870FF203F
:107940007549087033E075A16F4802F070FF40B1CF
:107950000020714908706D4908606D490870FF206A
:1079600036E66A480068401C6849086008460068B6
:10797000B0F5967F12D9002008600820664908708B
:1079800063480078401C62490870084600780A285D
:1079900004DD00200870FF205F49087007E0FEF753
:1079A00035FEFEF7F5FDFEF7B7FDEE2010E600BF51
:1079B00000200DE610B501F0BCFC00287ED0AFF22F
:1079C0001C21514802F033FF10B157A002F08EFD88
:1079D00058A14D4802F02BFF10B15EA002F086FDC9
:1079E00064A1494802F023FF10B166A002F07EFDB9
:1079F00069A1454802F01BFF10B16EA002F076FDB0
:107A000074A1414802F013FF10B17AA002F06EFD9C
:107A100081A13D4802F00BFF10B189A002F066FD84
:107A200091A1394802F003FF10B199A002F05EFD68
:107A3000A1A1354802F0FBFE10B1A2A002F056FD54
:107A4000A3A1314802F0F3FE10B1ABA002F04EFD4D
:107A5000B4A12D4802F0EBFE10B1B7A002F046FD34
:107A6000BAA1294802F0E3FE10B1C3A002F03EFD26
:107A7000CCA1254802F0DBFE10B1D2A002F036FD09
:107A8000D8A1214802F0D3FE10B1DEA002F02EFDF5
:107A9000E4A11D4802F0CBFE10B1E9A002F026FDE2
:107AA000EFA1194802F0C3FE10B1F1A002F01EFDD3
:107AB000F3A1154802F0BBFE20B100E020E0F3A0E6
:107AC00002F014FDF4A1104802F0B1FE10B1F6A0CE
:107AD00002F00CFDF8A10C4802F0A9FE10B1F9A0CB
:107AE00002F004FDFAA1084802F0A1FE10B1FCA0CA
:107AF00002F0FCFCFEA1044802F099FE00B1FDE199
:107B0000FFE100005D090020E0A4002094090020AE
:107B1000980900205BAF0020010900200D0A434FA7
:107B20004E4E4543540D0A00434C4F5345440D0AF5
:107B30000000000054686520736F636B65742068F3
:107B40006173206265656E2073687574646F776E0B
:107B50000000000054686520736F636B65742068D3
:107B60006173206265656E2073687574646F776EEB
:107B70000D0A0000556E646566696E656420657265
:107B8000726F7200556E646566696E656420657219
:107B9000726F720D0A00000054686520736F636B8A
:107BA0006574206973206E6F7420636F6E6E6563F9
:107BB0007465640054686520736F636B6574206935
:107BC00073206E6F7420636F6E6E65637465640DF1
:107BD0000A00000054686520736F636B6574206948
:107BE0007320616C726561647920636F6E6E65638A
:107BF0007465640054686520736F636B65742069F5
:107C00007320616C726561647920636F6E6E656369
:107C10007465640D0A00000052656D6F746F206812
:107C20006F73742068617320726573657420746863
:107C30006520636F6E6E656374696F6E000000008F
:107C400052656D6F746F20686F7374206861732064
:107C500072657365742074686520636F6E6E65630A
:107C600074696F6E0D0A0000416E20657374616265
:107C70006C697368656420636F6E6E656374696FA9
:107C80006E2069732061626F727465640000000089
:107C9000416E2065737461626C697368656420630A
:107CA0006F6E6E656374696F6E2069732061626FB9
:107CB000727465640D0A000054696D65206F7574F7
:107CC0000000000054696D65206F75740D0A000096
:107CD00052656D6F746520686F73742068617320DE
:107CE00072656A65637465642074686520636F6E8D
:107CF0006E656374696F6E0052656D6F74652068A0
:107D00006F7374206861732072656A65637465645B
:107D10002074686520636F6E6E656374696F6E0DA5
:107D20000A000000496E76616C69642070617261BE
:107D30006D65746572000000496E76616C6964203F
:107D4000706172616D657465720D0A00546865201A
:107D5000737570706C696564206275666665722003
:107D6000697320746F6F206C61726765206F722079
:107D7000736D616C6C0000005468652073757070E1
:107D80006C6965642062756666657220697320742B
:107D90006F6F206C61726765206F7220736D616C0C
:107DA0006C0D0A0054686520616464726573732009
:107DB0006973206E6F7420617661696C61626C65B5
:107DC000000000005468652061646472657373206C
:107DD0006973206E6F7420617661696C61626C6595
:107DE0000D0A000054686520616464726573732035
:107DF000697320616C726561647920696E207573A6
:107E000065000000546865206164647265737320C6
:107E1000697320616C726561647920696E20757385
:107E2000650D0A0052656D6F746520686F7374206C
:107E3000697320756E726561636861626C650000CC
:107E400052656D6F746520686F7374206973207557
:107E50006E726561636861626C650D0A0000000006
:107E60004E6574776F726B206572726F72000000DE
:107E70004E6574776F726B206572726F720D0A00B7
:107E80004E6F206275666665720000004E6F20625C
:107E900075666665720D0A00496E76616C696420CC
:107EA0007473617069000000496E76616C696420CA
:107EB00074736170690D0A004E6F2074736170698C
:107EC000000000004E6F2074736170690D0A00009D
:107ED00054435049502069732069646C6500000068
:107EE00054435049502069732069646C650D0A0041
:107EF0004E6F206572726F720000000007A002F0E2
:107F0000F5FA10BD10B50446542221460648EDF797
:107F1000CDFA2046EFF740FAFF2010BD4E6F2065E6
:107F200072726F720D0A0000A6080020704770B5CB
:107F300004460D4601203C490870042221463A4877
:107F4000801CEDF7B3FA3848856070BD0EB5364831
:107F5000007818B93448407800B90EBD324800782E
:107F600018B90020304948705CE02F48407820B1B3
:107F7000012827D0022854D146E004222A49891C2E
:107F80006846EDF793FA9DF801109DF80200EFF7AF
:107F900054FD60B100208DF8040001208DF805002B
:107FA0002248CDF8060002201F49487009E09DF8DC
:107FB00001109DF80200EFF725FD10B101201A49CC
:107FC00048702EE0EFF7D6FDE8B902201649487058
:107FD00001208DF804008DF805001548CDF8060045
:107FE000EFF7F5FD012807D100208DF804000F48B8
:107FF000801ECDF8060006E000208DF804000B4836
:10800000401ECDF806000CE00748806818B106480D
:108010008168684688470020034948700870886076
:1080200000BF00BF00BF98E7E8AF0020B78B01009A
:10803000888A010010B500F01FFB10BD70B5002547
:10804000002600240420EDF718FB064606B970BD93
:10805000F949304600F022FB05462846EDF70DFBB6
:1080600004461CB93046EDF7F8FAF0E721463046F1
:1080700000F021FB3046EDF7F0FA29462046FEF7E6
:1080800022F92046EDF7E9FA00BFE0E72DE9F041DB
:1080900006464FF000080027002400254FF48071A9
:1080A000E64802F0DBFCE548F9F755FB10B9002083
:1080B000BDE8F0814FF4AF70EDF7DFFA04460CB97C
:1080C0000020F5E7DE49204600F004FB0746A674D1
:1080D0003846EDF7D2FA054625B92046EDF7BDFA48
:1080E0000020E5E72946204600F0B1FB2046EDF7E9
:1080F000B4FA4FF6FF7239462846FEF7F9F82846DB
:10810000EDF7ABFA0120D3E72DE9F04705460E461F
:1081100017464FF00008C14600244720EDF7ADFA9E
:108120008146B9F1000F01D1BDE8F0873B463246E8
:108130002946484600F0D7FD80464046EDF79DFAB7
:1081400004461CB94846EDF788FAEDE72146484653
:1081500000F050FE4846EDF780FA41462046FEF713
:10816000B2F82046EDF779FA00BFDDE770B50025DB
:10817000002600244720EDF780FA064606B970BDB8
:10818000304600F085FE05462846EDF776FA0446AF
:108190001CB93046EDF761FAF1E72146304600F0B0
:1081A00080FE3046EDF759FA29462046FEF78BF857
:1081B0002046EDF752FA00BFE1E770B50025002632
:1081C00000244720EDF759FA064606B970BD30463F
:1081D00000F089FE05462846EDF74FFA04461CB923
:1081E0003046EDF73AFAF1E72146304600F084FEDA
:1081F0003046EDF732FA29462046FEF764F820466D
:10820000EDF72BFA00BFE1E770B506460025002424
:10821000304600F05BFC05462846EDF72EFA044692
:1082200004B970BD2146304600F089FC05464FF682
:10823000FF7229462046FEF75BF82046EDF70DFA5F
:1082400000BFEEE701467F4840787E4A12789042B0
:1082500004D17C48408808B9FF20704779484278AB
:10826000001D40F82210001F4078401C754A5070D5
:1082700010464088401E5080104640780A2801D1A0
:10828000002050700120E8E76E4840786D4A12786F
:10829000904205D16B4840880A2801D100207047E0
:1082A00068480278001D50F822100022001F037851
:1082B000001D40F82320001F0078401C614A107008
:1082C00010464088401C5080104600780A2801D192
:1082D000002010700846E2E730B502460C46002147
:1082E00000230025491C505C00F0800000282ED09F
:1082F000505C00F07F00184483B2481C81B2505C8F
:1083000000F08000E8B1505C00F07F0003EBC0108B
:1083100083B2481C81B2505C00F0800058B1505CC0
:1083200003EB803083B2481C81B2505C03EB4050B9
:1083300083B204250DE00325505C03EB803083B24B
:1083400007E00225505C03EBC01083B201E0012579
:10835000535C681C184483B29C4201DB012030BD91
:108360000020FCE7024600210020491C535C03F07A
:1083700080039BB14B1C99B2535C03F080035BB14B
:108380004B1C99B2535C03F080031BB14B1C99B298
:10839000042004E0032002E0022000E001207047F6
:1083A00010B50246002100200023491C545C04F053
:1083B0008004002C2ED0545C04F07F040444A0B24E
:1083C0004C1CA1B2545C04F08004ECB1545C04F089
:1083D0007F0400EBC414A0B24C1CA1B2545C04F0A6
:1083E00080045CB1545C00EB8434A0B24C1CA1B29C
:1083F000545C00EB4454A0B204230DE00323545C0E
:1084000000EB8434A0B207E00223545C00EBC414F8
:10841000A0B201E00123505C10BD2DE9F04180467F
:108420000C46002500272046FFF79CFF0546042D3B
:108430000ADD0020BDE8F081D0090020F4AF002063
:10844000FF0500209C090020601C28444178601C26
:10845000405D01EB0020C7B2B8F1010F18D1022036
:10846000EDF70BF9064676B1601C2844801C3844B1
:108470004178601C2844801CC05D01EB00203080E6
:10848000304601F0BCFAE81C3844801C044402E089
:10849000E81C384404442046CCE770B50446002567
:1084A00000262046FFF75EFF0546042D01DD002073
:1084B00070BD601C28444178601C405D01EB0020C9
:1084C000C6B23046F4E72DE9F04104460D464FF0C0
:1084D0000008002600272846FFF762FF06462846C8
:1084E000FFF7DBFF074624B9B81C301A1FFA80F8E3
:1084F00003E0381D301A1FFA80F84046BDE8F081CD
:108500002DE9F04307468846144600250026A94673
:108510002046FFF727FF0646042E02DD0120BDE8B6
:10852000F083601C30444178601C805D01EB0020CA
:108530001FFA80F9C14501D00220F0E700250AE0CA
:10854000795D601C3044801C405D814201D0032075
:10855000E5E7681C85B24D45F2DB0020DFE72DE939
:10856000F041054600240026284602F096F9074609
:10857000EDF783F8044614B90120BDE8F0812846E0
:1085800002F08BF907463A4629462046ECF78EFF63
:108590002046FFF757FE0646FF2E05D114B12046B0
:1085A000EDF75BF80220E8E70020E6E710B500F001
:1085B00063F82D4802F071F90446EDF75EF82B4997
:1085C00008600846006800B910BD5820EDF755F85E
:1085D000274908600846006820B924480068EDF77C
:1085E0003CF8F1E700202249096808702049096831
:1085F000887000F04BF81E490968888000201C49EB
:10860000096848700F201A490968A1F846000F222E
:10861000184917480068801DECF748FF124802F01F
:108620003CF913490968A1F84C001048006810494A
:10863000096888640C4802F030F904460C4909685E
:108640002246886C0849ECF731FF09480068FFF7BB
:10865000DBFD06480068EDF700F805480068ECF718
:10866000FCFF00BFB0E70000F4AF0020CC09002001
:10867000C80900202006002010B54FF48071FE4884
:1086800002F0ECF9FC48F9F766F810BDFB480088E9
:10869000401CFA49088008460088704710B5024619
:1086A000002040231370022353708B789370CC7892
:1086B000D470042010BD0246002013780B54401CD7
:1086C00053784B70401C93780B54401CD3780B5458
:1086D000401C70472DE9F84F04468B4600260027C2
:1086E000B246B046102020700020A0710421E17134
:1086F0000422E3A104F10800ECF7D8FE0421217361
:108700000121A174A1736173617400212174E1736B
:108710003C21A1820020A0752021E175202259462C
:1087200004F11800ECF7C2FE607B01280BD1002198
:1087300084F84B11072184F84C110722D2A104F2CE
:108740004D10ECF7B3FEA07B01280BD1002184F87B
:108750005411072184F855110722CBA104F5AB7001
:10876000ECF7A4FE607C012820D1002184F83810A9
:108770000F2184F839100F22C5A104F13A00ECF75B
:1087800095FEBD4802F089F8010A84F84910BA48FC
:1087900002F083F884F84A00B74802F07EF80246F7
:1087A000B549009004F14B00ECF780FE2C25607B6E
:1087B000012800D10935A07B012800D10935607C52
:1087C000012804D1AC4802F068F813300544C5F321
:1087D000C7163046F11706EB5161CF113846F9172D
:1087E00007EB51614FEAE11A05F07F08BAF1010F7A
:1087F0000DDB48F08000A07046F08001E17047F08A
:108800008001217184F805A00420607017E0012F19
:1088100009DB48F08000A07046F08001E17027710C
:10882000032060700BE0012E06DB48F08000A07092
:10883000E6700220607002E0A57001206070607830
:10884000401C00EB05091FFA89F0BDE8F88F2DE9FF
:10885000F04105460E46002428783055641C002758
:1088600007E0A81CC15D781C3154601C84B2781CE0
:10887000C7B26878B842F4DCA8793055601C84B27D
:10888000E8793055601C84B2EB79A97903EB0122B9
:10889000301905F10801ECF709FEE979A87901EB37
:1088A0000020204484B2287B3055601C84B2687B51
:1088B00020B1305D40F08000305503E0305D20F0A5
:1088C00080003055A87B20B1305D40F0400030552D
:1088D00003E0305D20F040003055E87B20B1305D92
:1088E00040F02000305503E0305D20F0200030558E
:1088F000287C20B1315D287C41EAC0003055687C7D
:1089000020B1305D40F00400305503E0305D20F0D0
:1089100004003055A87C20B1305D40F00200305595
:1089200003E0305D20F002003055601C84B2A88A5C
:10893000C11700EB1161C1F307213155601C84B2EE
:10894000A88AC11700EB11610912A0EB0121315572
:10895000601C84B2A87D3055601C84B2E87D30551F
:10896000601C84B2EB7DA97D03EB0122301905F177
:108970001801ECF79BFDE97DA87D01EB0020204468
:1089800084B2687C002839D095F838003055601CD6
:1089900084B295F839003055601C84B295F83930AE
:1089A00095F8381003EB0122301905F13A01ECF784
:1089B0007DFD95F8391095F8380001EB0020204432
:1089C00084B295F849003055601C84B295F84A008D
:1089D0003055601C84B295F84A3095F8491003EB85
:1089E0000122301905F14B01ECF760FD95F84A10B2
:1089F00095F8490001EB0020204484B2687BE0B187
:108A000095F84B013055601C84B295F84C013055F7
:108A1000601C84B295F84C3195F84B1103EB0122A0
:108A2000301905F24D11ECF741FD95F84C1195F810
:108A30004B0101EB0020204484B2A87B80B395F861
:108A400054013055601C84B295F855013055601CB6
:108A500084B295F8553195F8541103EB0122301981
:108A600005F5AB71ECF722FD95F8551195F8540119
:108A700001EB0020204414E0F4AF0020D4090020D2
:108A80004D515454000000006A756D69303031005A
:108A90006A756D692F646576696365636F6E6E00D4
:108AA00000E084B22046BDE8F08102461346042966
:108AB00001DA012070471878202801D00220F9E758
:108AC000D87808B10320F5E70020F3E72DE9F0415D
:108AD000014600220023002594460024002600279A
:108AE000B1F84600801CB1F84C8000EB080408780F
:108AF000002800DDA41CC4F3C71210464FEAE27838
:108B000002EB58684FEAE81318464FEAE37803EBA4
:108B100058684FEAE81504F07F0C012D01DB0426AC
:108B200008E0012B01DB032604E0012A01DB022619
:108B300000E00126701C0719B8B2BDE8F0812DE9EC
:108B4000FE4F05460E464FF0000A0027B8460020AB
:108B5000029083468146019000900024B5F84600BB
:108B6000801CB5F84C1000EB01092878002801DDC5
:108B700009F10209C9F3C7173846F91707EB516124
:108B80004FEAE11840464FEAE87108EB5161C9111C
:108B9000029109F07F0B0298012811DB4BF0800055
:108BA0008DF8040047F080008DF8050048F0800043
:108BB0008DF8060002988DF807000420009020E050
:108BC000B8F1010F0CDB4BF080008DF8040047F08A
:108BD00080008DF805008DF806800320009010E0DD
:108BE000012F08DB4BF080008DF804008DF8057034
:108BF0000220009005E009F0FF008DF8040001203C
:108C0000009030203055A87818B1305D40F0080051
:108C10003055287820B1305D297840EA4100305540
:108C2000687818B1305D40F001003055601C84B2A6
:108C30004FF0000A07E001A810F80A003055601C48
:108C400084B20AF1010A00988245F4D335F8460F40
:108C5000C11700EB1161C1F307213155601C84B2CB
:108C60002888C11700EB11610912A0EB01213155D1
:108C7000601C84B235F846293019A91DECF716FCA2
:108C8000B5F84600204484B2287890B1A888C1176E
:108C900000EB1161C1F307213155601C84B2A88833
:108CA000C11700EB11610912A0EB01213155601CC5
:108CB00084B2B5F84C203019A96CECF7F7FBB5F885
:108CC0004C00204484B22046BDE8FE8F0246134685
:108CD000042901DA012070471878402801D00220C9
:108CE000F9E70020F7E72DE9FF4F81B0044615466C
:108CF0009A4600260027B046B346B14600200090B1
:108D000082202070FFF7C2FC0246C01702EB106001
:108D1000000AA071FFF7BAFC0246C01702EB106010
:108D20000012A2EB0020E0712846E91705EB116163
:108D3000090A2172E91705EB11610912A5EB01215E
:108D400061722A4604F10A000299ECF7AFFB84F83D
:108D500046A06E1D3046F11706EB5161C1F3C717EF
:108D60003846F91707EB51614FEAE11840464FEAE0
:108D7000E87108EB51614FEAE11B3046F11706EB51
:108D80005161C911A6EBC11101F0FF09BBF1010F3F
:108D90000DDB49F08000A07047F08001E17048F0E1
:108DA0008001217184F805B00420607019E0B8F1E9
:108DB000010F0ADB49F08000A07047F08001E170EC
:108DC00084F80480032060700BE0012F06DB49F07B
:108DD0008000A070E7700220607002E0A6700120A1
:108DE00060706078401C30440090009880B205B0FC
:108DF000BDE8F08F2DE9F04105460E4600242878A5
:108E00003055641C002707E0A81CC15D781C315454
:108E1000601C84B2781CC7B26878B842F4DCA879C8
:108E20003055601C84B2E8793055601C84B2287AD1
:108E30003055601C84B2687A3055601C84B26B7AFD
:108E4000297A03EB0122301905F10A01ECF72EFB18
:108E5000697A287A01EB0020204484B295F8460014
:108E60003055601C84B22046BDE8F08102461346AE
:108E7000052901DA012070471878902801D00220D6
:108E8000F9E71879802801D10320F4E70020F2E700
:108E90000146C02008700120487000208870022020
:108EA000704730B502460B46002014781C54401C15
:108EB000002107E0941C655C4C1C1D55441CA0B2AD
:108EC0004C1CE1B254788C42F4DC30BD02461346AF
:108ED000022901DA012070471878D02801D0022039
:108EE000F9E70020F7E70146E0200870012048700C
:108EF000002088700220704730B502460B460020E3
:108F000014781C54401C002107E0941C655C4C1C28
:108F10001D55441CA0B24C1CE1B254788C42F4DCC8
:108F200030BD00002DE9F04106460D465820ECF713
:108F3000A4FB044614B90020BDE8F08104F1500000
:108F400000F09EFD00202070A070FFF79FFBA08026
:108F500000206070184801F0A0FCA4F846001648F4
:108F600001F09BFC07463A461349A01DECF79EFA18
:108F7000A4F84C50B4F84C00ECF77FFBA064A06C54
:108F800010B92046ECF769FB2A463146A06CECF795
:108F90008DFA2046FFF738F9A06CECF75EFB20460F
:108FA000ECF75BFB00BFC7E770B504460D462946EA
:108FB000204600F057FE70BDF4B000200020F749B5
:108FC00048700021F5484181C1800020F3490871B3
:108FD0000021F24801818182C18101820020EF4994
:108FE00008730021ED4841820020EC49C884887054
:108FF0000021EA4841768183C17501760020E74966
:1090000088750021E5488176704710B50446252211
:10901000E3A1ED48ECF74AFA20222146EA48401D38
:10902000ECF744FA2B22E9A1F448ECF73FFA2022AE
:109030002146F2480F30ECF739FA10BD10B5F04870
:10904000FFF7E3FFFEF7F6FF10BD10B5FFF71CF9C1
:1090500010BD70B504460D46264630783B2873D0C7
:109060000CDC32285CD004DC202810D0302871D1F0
:1090700050E0332860D03A286CD157E0402814D013
:1090800090281FD0B02830D0D02863D12FE02946B7
:109090002046FFF70AFD38B90021C0484181012070
:1090A000BE490871202070BD56E029462046FFF7D2
:1090B0000DFE28B9E178A07801EB0020B749C887F8
:1090C0004020F0E729462046FFF7D0FE60B9B348BC
:1090D000407E401CC1B2B1484176007E401CC1B206
:1090E000AE4801769020DEE736E0B020DBE7294687
:1090F0002046FFF7EBFE60B90120A8490873084637
:10910000008A401C81B2A548018200218182D020C2
:10911000C9E721E00021A148418181823020C2E7D6
:1091200000219E48418181823220BCE700219B487A
:10913000418181823A20B6E70021984841818182AD
:109140003320B0E700E005E00021944841818182AE
:109150003B20A8E70020A6E700BF0020A3E72DE9F9
:10916000FE4F05460C4600260027B146B246B046E3
:10917000002002908346DBE0002C02DC3046BDE894
:10918000FE8F2846FFF70CF98146A14503DD6D1CD3
:10919000601E84B2CCE02846FFF7E4F88246BAF1BC
:1091A000040F03DD6D1C601E84B2C1E00AF10100F2
:1091B00048441FFA80F8A04503DD6D1C601E84B290
:1091C000B6E0E1B22846FFF744FF029002983B2840
:1091D0005CD00CDC322856D004DC202810D030289B
:1091E00073D112E033284FD03A28F9D14DE040280E
:1091F00007D0902806D0B02805D0D028F0D103E0C1
:109200008CE08BE08AE089E088E02A4625216E48E0
:10921000FFF776F928B12A462B217848FFF770F935
:1092200098B929460020FFF7F8F807460FB9022041
:10923000A5E73846FFF793F98346BBF1000F01D04D
:1092400003209CE7701CC6B21CE06E4801F025FBB1
:1092500080B22A46014601906A48FFF751F968B981
:1092600029460020FFF72FF9294601900020FFF73B
:10927000D4F800900199FFF797FE03E06D1C601E83
:1092800084B255E04AE000BF00BF00BF2A46252156
:109290004D48FFF735F928B12A462B215748FFF7EB
:1092A0002FF9B0B929460120FFF7B7F8074617B9DB
:1092B0004FF0FF3063E73846FFF751F98346BBF1C3
:1092C000000F03D06FF0010059E720E0701CC6B218
:1092D0001CE04C4801F0E1FA80B22A4601460190B8
:1092E0004848FFF70DF968B929460120FFF7EBF868
:1092F000294601900120FFF790F800900199FFF7AF
:1093000053FE03E06D1C601E84B211E006E0002CE9
:1093100003DD6D1C601E84B20AE000BF00BF45443F
:10932000A4EB080084B24FF00009CA46C84600BF4B
:1093300022E71A48007920B11848807D08B1012041
:1093400070470020FCE70020144981F82E0081F8C6
:109350002D00012081F82C0042F6E0608862704701
:1093600010B5FFF72BFEF8F79DF8FFF7ECFFFCF7C1
:10937000D3FD08B9FCF778FD10BD0178224A1170C1
:10938000418851808188918070470120034908708D
:10939000704700200149087070470000D80900207C
:1093A0006A756D692F3030303030303030303030C9
:1093B00030303030303030303030303030303030AD
:1093C000303030303000000076B100206A756D69B1
:1093D00053696E676C65436869702F303030303088
:1093E000303030303030303030303030303030307D
:1093F0003030303030303030303030009BB10020F1
:10940000FF05002034B10020180A002070B5F7488D
:10941000007800287BD0F5484078052878D005DC16
:1094200024D2DFE800F010244E78BD000F2870D061
:1094300004DC06286ED0072818D13CE1122826D07B
:109440001F28F9D16AE1FCF7CCFD78B1E848006843
:10945000401CE7490860084600680A2806D3002037
:1094600008600120E14988700220487066E1E14807
:109470000078012807D1FEF7A0FEDC48C08E401C12
:1094800081B2DA48C1861220D849487056E1D748DF
:10949000018FC08800EB800000EB8000C82202EB47
:1094A0008000814206DAD148008F401C81B2CF484B
:1094B000018705E00021CD4801870220CB49487093
:1094C0003CE10021C9480181C088401C81B2C748E5
:1094D000C18090F82C00C54981F82D000020FEF7CE
:1094E000D5FD18B91220C149487070BDBF48C08869
:1094F000401C81B2BD48C18090F82D0018B10120F8
:10950000BA4981F82E000320B849487016E116E1E7
:109510007FE0F7E0C3E0B5480079012812D1F7F702
:10952000C1FF0021B148417690F82E00012803D1F7
:109530000420AE49487032E00120AC49887506200D
:1095400048702CE0A9480089401C81B2A7480181DD
:109550000089C82802DB0120A4494870A34840893B
:10956000401C81B2A1484181A248007801280BD15A
:109570009E48C088052812DD00219C48C180418199
:109580001F209A4948700AE09848C0880A2806DDDA
:1095900000219648C18041811F2094494870CDE048
:1095A0009248407E28B9012225219348FEF7ACFD60
:1095B00025E08E48407E012805D101222B218F48CD
:1095C000FEF7A2FD1BE08948407E02280FD18C489F
:1095D00090F8810038B18A4890F88110002240301C
:1095E000FEF792FD0BE001208049887507E07F4877
:1095F000407E022803DD01207C49887588777B48FE
:10960000C07D401CC1B27948C175052077494870BA
:1096100094E07648807D98BB7448807E401CC1B23F
:10962000724881760146887E03F034FE04460022AB
:10963000744B03F07DFF05D200216C488176042035
:109640006A4948706948808B401C81B267488183B1
:109650000146888B03F01EFE044600226A4B03F08D
:1096600067FF1BD20120614981F82E0042F6E060BD
:10967000886260480078012803D10F2048700DE00F
:1096800003E01F205949487008E0002157488183B2
:109690000020564981F82E00062048704EE0FEF763
:1096A00065FD5248C089401C81B25048C1810720E5
:1096B0004E49487042E04D48408AC82806DA4B4877
:1096C000408A401C81B24948418205E00620474952
:1096D00048700021454841824448808A401C81B23C
:1096E00042488182808AB0F5966F0ADD4148007851
:1096F000012803D10F203D49487002E01F203B495B
:1097000048701BE03B480078012801D1FEF755FD69
:10971000FFF754FC0020354948700FE035480078C9
:10972000012801D1FEF749FDFFF748FCF7F7BAFE23
:10973000FCF79AFB00202D49487000BF00BF00BF16
:10974000D3E610B531480078E8B1304840880A289F
:1097500002DD0020254908702C48418880880A30A5
:10976000814205DA29484088401C284948800AE09F
:1097700000202649087001201C4908700020234958
:109780004880E8F768F910BD10B5002400F00FF923
:109790000446DCB12088C11700EB1161090A1C4A9C
:1097A00091702088C11700EB11610912A0EB012113
:1097B000CAB21749CA70FEF741FC002014498870EC
:1097C00000211348C1702046EBF747FF10BD074842
:1097D0000079F8B10548007BE0B10448807DC8B14C
:1097E00000200249886281F82C0026E0D809002078
:1097F000200A0020C0AE002076B100209BB10020DE
:10980000F4B000200000494000407F40180A0020CA
:10981000D00900203048806A42F6E061884208D2D0
:109820002D48806A401C2C498862002081F82C0059
:1098300003E00120284981F82C00704710B500246E
:1098400000F0A2F80446002C44D02348C08FA18821
:1098500088420CD100F042F804463CB1A06C10B133
:10986000A06CEBF7FAFE2046EBF7F7FE10BDF7F71A
:1098700074FE38B12046FEF7C7FCB4F84E00401C19
:10988000A4F84E00B4F84E000A280CDD00F026F8CB
:1098900004463CB1A06C10B1A06CEBF7DEFE204694
:1098A000EBF7DBFEE2E72078012806D1A01D20B10E
:1098B000B4F8460008B1A06C60B900F00FF8044697
:1098C0003CB1A06C10B1A06CEBF7C7FE2046EBF7E3
:1098D000C4FECBE700BFC9E7D8090020664840783E
:1098E000654A1278904205D163484088142801D116
:1098F0000020704760480278001D50F822100022B6
:10990000001F0378001D40F82320001F0078401C32
:10991000594A107010464088401C5080104600780C
:10992000142801D1002010700846E2E770B5054602
:109930000024514840785049097888420ED14E4859
:10994000408858B9FFF7CAFF04463CB1A06C10B17B
:10995000A06CEBF782FE2046EBF77FFE464841788D
:10996000001D40F82150001F4078401C42494870BB
:1099700008464088401E488008464078142801D197
:1099800000204870012070BD3B4840783A4A127868
:10999000904205D138484088142801D100207047F2
:1099A00035480278001D50F822100846F7E7334882
:1099B0004078324A1278904205D1304840881428C5
:1099C00001D1002070472D480278001D50F8221068
:1099D0000022001F0378001D40F82320001F00789C
:1099E000401C264A107010464088401C508010468B
:1099F0000078142801D1002010700846E2E770B505
:109A0000054600241D4840781C490978884209D140
:109A10001A48408830B9FFF7CAFF044614B12046FF
:109A2000EBF71BFE15484178001D40F82150001F40
:109A30004078401C1149487008464088401E4880C4
:109A400008464078142801D100204870012070BDDC
:109A50000A484078094A1278904205D10748408860
:109A6000142801D10020704704480278001D50F8E6
:109A700022100846F7E70000240A0020780A002098
:109A80003EB504466846EFF7E5FE9DF80200A0717A
:109A90009DF8010060719DF8000020719DF807009D
:109AA000E0709DF80600A070BDF804002080002042
:109AB0003EBD7CB50446A0796179CDE900102379DB
:109AC000E278A1782088EFF7ADFE00207CBD1CB5C0
:109AD000024600BF93798C79A34206DB93798C7997
:109AE0001B1BDBB28DF806300AE08B79C3F13C0317
:109AF00094792344DBB28DF8063053795B1E5371A1
:109B000053794C79A34206DB53794C791B1BDBB2AA
:109B10008DF805300AE04B79C3F13C0354792344B6
:109B2000DBB28DF8053013795B1E137113790C7954
:109B3000A34206DB13790C791B1BDBB28DF80430D2
:109B400007E00B79C3F1180314792344DBB28DF8D5
:109B500004309DF80430C3EB03139B00C3EB0313E5
:109B60009B009DF80540C4EB041403EB84039DF8AF
:109B7000064018191CBD024610790B79984201DD88
:109B80000120704710790B79984202DA4FF0FF30CC
:109B9000F7E750794B79984201DD0120F1E75079E0
:109BA0004B79984202DA4FF0FF30EAE790798B79EF
:109BB000984201DD0120E4E790798B79984202DA3E
:109BC0004FF0FF30DDE70020DBE70146088840F674
:109BD0003402904204DC088840F2E372904202DAD8
:109BE0004FF0FF30704788780C2802DC8878012815
:109BF00002DA4FF0FF30F5E7C8781F2802DCC8789A
:109C0000012802DA4FF0FF30ECE70879172802DC70
:109C10000879002802DA4FF0FF30E3E748793C2862
:109C200002DC4879002802DA4FF0FF30DAE7887961
:109C30003C2802DC8879002802DA4FF0FF30D1E7B7
:109C40000020CFE710B50648FFF71AFF0448008848
:109C500040F2E371884201DA012010BD0020FCE7E8
:109C6000CC0A002070B505460C46F948007808B1CA
:109C7000FF2070BD2046EBF700FDF54988600846DF
:109C8000806808B9FF20F4E7F14922468868294630
:109C9000EBF70CFC0120EE49087000BFE9E7EC4847
:109CA000007808B9002070470020E949087008468C
:109CB0008068F8E710B5E7490868EBF7CEFCE5499E
:109CC0004868EBF7CAFCE3498868EBF7C6FCE24951
:109CD000886CEBF7C2FC10BD2DE9F04104460E463E
:109CE0001546DD48007810B9DB48407810B10020F7
:109CF000BDE8F081206820B1606810B1A06800B1B3
:109D00000DB9FF20F4E7206800F0C7FD0746EBF728
:109D1000B4FCD0490860606800F0BFFD0746EBF76F
:109D2000ACFCCC494860A06800F0B7FD0746EBF7F3
:109D3000A4FCC84988604FF40170EBF79EFCC6494B
:109D40008864C448806840B1C248406828B1C148AE
:109D5000006810B10846806C18B9FFF7ABFFFE2011
:109D6000C6E7206800F099FD0746BA4A21681068E6
:109D70003A46EBF79BFB606800F08FFD0746B54A5B
:109D8000616850683A46EBF791FBA06800F085FDEA
:109D90000746B04AA16890683A46EBF787FB142261
:109DA00004F10C01AB480C30EBF780FBAA48C5610D
:109DB00086610120A849087000BF99E738B5FFF710
:109DC000B8FA00B938BDA448007818B9A24840785C
:109DD00000B9F7E7A048007818B900209E494870FC
:109DE000DEE19D48407806287ED2DFE800F0034699
:109DF0006173D3FD9749486898A100F018FD40B3FE
:109E00009448816897A000F073FE70B101209249D8
:109E1000487096499048416400210164806958B3B4
:109E20008D4881693830884726E0FFF743FF8F4926
:109E300066318948416402210164806918B186480D
:109E400081693830884700208349087005204870B0
:109E500012E0FFF72FFF854965317F4841640221F9
:109E60000164806918B17C488169383088470020D6
:109E7000794908700520487091E1EBF7DDFC00217D
:109E80007548C162816200207349086200217248EE
:109E900041620163806C001D6F4948630020896C3A
:109EA00008806D49896C488002206B49487076E1D2
:109EB00000216948C162816200206749086200216F
:109EC000654841620163032063494870002048618E
:109ED000C86000BF60484069802847DA5E48406932
:109EE000401C5D49486100E054E15A48C068896BF4
:109EF000401AB0F5007F0AD25648C0685649896BAF
:109F0000401A5549896B08445349886005E0524816
:109F1000806B00F50070504988604F48C0694E4C16
:109F20000090A468631E4C4CA26B4A4C2168606888
:109F300000F040F9401C98B9FFF7BCFE4B4967316F
:109F40004548416402210164806918B14248816931
:109F5000383088470020404908700520487018E0D4
:109F600004203D4948700020C86012E0FFF7A2FEBF
:109F70003E4968313848416402210164806918B162
:109F800035488169383088470020334908700520FA
:109F9000487004E13048C068052869DA2E48C06876
:109FA000401C2D49C860FFF77AFE0446002C7DD086
:109FB00029492031204600F031F9C5B22046EBF79F
:109FC0004CFB281D062872D2DFE800F0C9C5C1BDD0
:109FD000CD032148006A1F49C968884268D11E48DC
:109FE000806A1D49896800E0C3E08842F6D11A48BA
:109FF000406A1949896B8842F0D11748816BC06A61
:10A0000008441449C968884252D81348816BC06A11
:10A010000844114988630846808D896C48800E4940
:10A02000886CEBF70FFC20BBFFF744FE0F4969314A
:10A030000948416402210164806918B106488169B8
:10A040003830884700200449087005204870B9E678
:10A0500034B20020C8B10020E8B100205958475F51
:10A060005600000056332E392E360000C0D40100B1
:10A070007BE04C48806C0088401C4A49896C088011
:10A080004848806B4849C968884227D24548806B58
:10A09000642148434449C968B0FBF1F14148C06BB1
:10A0A000814217D03F48806B642102E05CE05AE0B7
:10A0B0003AE048433C49C968B0FBF1F13948C16313
:10A0C0003A49416401210164806918B135488169C8
:10A0D0003830884702203349487033E03148806B7C
:10A0E0003149C96888422DD12F480C30EBF791FBDC
:10A0F00018B12E492B48416403E02C496B312948A3
:10A100004164FFF7D7FD0221264801646421C16341
:10A11000806918B123488169383088470520214972
:10A120004870002048600DE003201E494870204917
:10A130001C48416401210164806918B11948816992
:10A14000383088470FE00420164948700BE004209F
:10A150001449487007E004201249487003E00420C5
:10A160001049487000BF00BF02E003200D4948704D
:10A1700015E00C484068052805DA0A484068401C8C
:10A180000849486005E0E7F766FC002005490870CB
:10A19000487004E0002003490870487000BF00BF09
:10A1A00000BF0FE6E8B10020C8B10020C0D4010014
:10A1B00056D601002DE9FE4F04460D4616461F46B1
:10A1C000DDF830904FF48060EBF757FA8046B8F135
:10A1D000000F03D14FF0FF30BDE8FE8F4A482B46F9
:10A1E00022464A49CDE900670290404600F08AF9CC
:10A1F000B9F1000F0AD0404600F04FFB82465146AD
:10A200004046C8474046EBF728FA05E04046EBF7E2
:10A2100024FA6FF00100DFE70120DDE72DE9F041CE
:10A2200006460D46002706B11DB94FF0FF30BDE8C8
:10A23000F08137A1304600F0FAFA044614B94FF025
:10A24000FF30F4E704F1090000F0E4FA286133A1DB
:10A2500004F1090000F0EBFA044614B96FF00100B4
:10A26000E5E733A1304600F0E2FA044614B96FF096
:10A270000200DCE704F1100000F0CCFAE86031A144
:10A28000304600F0D4FA044614B96FF00200CEE76D
:10A2900004F1150000F0BEFA686030A104F1150069
:10A2A00000F0C5FA044614B96FF00200BFE7601C65
:10A2B00000F0B0FA401CA86029A1601C00F0B7FAB9
:10A2C000044614B96FF00200B1E7601C00F0A2FA76
:10A2D000286024A1304600F0AAFA044614B96FF0B1
:10A2E0000200A4E7686920B9E86810B16FF00300C4
:10A2F0009DE7201D00F0D1FA0746211DEA68686934
:10A30000EBF7D4F8012092E7FF05002040E50108B3
:10A31000485454502F312E31200000003230362066
:10A320005061727469616C20436F6E74656E740065
:10A33000436F6E74656E742D4C656E6774683A2059
:10A3400000000000436F6E74656E742D52616E677D
:10A35000653A206279746573200000002D000000CA
:10A360002F0000000D0A0D0A00000000704770B5B4
:10A37000064600F009FC056806F10B0020F0070412
:10A38000B4429CBF002070BD2B466A68BAB1106809
:10A39000A04210D304F1080188423CBF50685860C5
:10A3A00007D35168101941601168091B016058609A
:10A3B0001460101D70BD13465268002AE7D1214673
:10A3C000284600F0EDFB0028DED170BD70B50446D4
:10A3D000051F00F0D9FB0068002C14BF446870BD55
:10A3E000002C18BFAC423CBF20466468F8D301681B
:10A3F0000A18AA4218BF456003D12A6805461144CD
:10A40000016028684119A1421CBF6C6070BD616881
:10A41000696021680844286070BD70B50D46064625
:10A42000041F00F0B1FBD0F800C0C5B1E6B105F1E2
:10A430000B0020F00703AB423CBF002070BD20683A
:10A44000984238BFDCF8042013D3C11A08292FD34F
:10A45000E01840F8041B2360FFF7B8FF28E03046FF
:10A46000FFF7B4FF002070BD2846BDE87040FFF73D
:10A470007EBF002A18BFA2423CBF94465268F8D360
:10A480000119914216D111680844984212D3C11A99
:10A4900008293CBF2060506808D35168E01841602B
:10A4A000216812681144C91A01602360CCF80400C5
:10A4B000201D70BD181FFFF75AFF050007D0216847
:10A4C0000A1F211D00F098FA201DFFF77FFF284684
:10A4D00070BD10B5044600F04FFB0068005DC0067B
:10A4E00002D504F1200010BD204610BD0FB4044970
:10A4F00010B503AA029800F037FE10BC5DF814FBFB
:10A50000580000200FB41CB5084B06AA7B446946CE
:10A510000090059800F0F9FD04460020694600F01F
:10A5200007FE20461CBC5DF814FB0000210C000057
:10A5300070B5044685690068C10601D5302600E083
:10A540002026C00707D070BDD4E9012130469047CE
:10A55000206A401C20626D1EF6D570BD70B50446A1
:10A5600085690078C00707D170BDD4E9012120209A
:10A570009047206A401C20626D1EF6D570BD70B5F4
:10A580000C460546012A05D02878800600D5EA69E0
:10A59000002302E0012305E05B1C934202D2E05C51
:10A5A0000028F9D1A869E618C01AA861286A1844D9
:10A5B00028622846FFF7BCFF04E0D5E9012114F822
:10A5C000010B9047B442F8D32846FFF7C7FF70BD90
:10A5D0002DE9F0410646002410687529314616A57C
:10A5E00010D0AFF30080002802DA404213A507E044
:10A5F00031688A0701D512A502E0490704D511A5E3
:10A60000012401E0AFF3008000210A2206F12407B3
:10A6100009E0B0FBF2FCB0FBF2F302FB1C003030AF
:10A6200078541846491C0028F3D123462A46304660
:10A63000BDE8F04100F0FEBA000000002D0000006F
:10A640002B0000002000000070B504460D46214696
:10A650001068AFF300802188090502D50F4A7A44BB
:10A6600002E00E4A7A440E32002104F1240305E090
:10A6700000F00F060009965D5E54491C0028F7D1D2
:10A6800020780023000704D5702D02D009B10223E1
:10A6900011322046BDE8704000F0CCBADE35000033
:10A6A0002DE9F05F894604464FF0000ADFF824B137
:10A6B000FB44C0F820A02046E168884700287DD0F0
:10A6C000252806D0D4E901219047206A401C206249
:10A6D000F1E700255F462046E168884720280646C6
:10A6E00007DB312E05D2B81910F8200C08B105434C
:10A6F000F1E7A80701D525F00405C4F81CA0002740
:10A70000C4F818A02A2E09D0304602F0CEFA38B389
:10A7100004EB8708303EC8F8186019E059F8041BAC
:10A72000204604EB87029161E1688847012F0646C5
:10A7300018D1E069002820DA25F020051DE0D8F8BE
:10A74000180000EB800006EB40003038C8F8180015
:10A750002046E1688847064602F0A7FA0028EED1B5
:10A76000012F0AD02E2E08D12046E16888477F1C91
:10A770000646022F45F02005C4DBA069002803DA55
:10A78000404245F00105A061E80701D025F0100521
:10A79000A6B1A6F14100192802D8203645F400657B
:10A7A0004A463146204625604D46E7F71BF960B121
:10A7B000012807D0ED1D25F0070000E007E000F1BB
:10A7C000080978E705F1040975E730467AE7206A59
:10A7D000BDE8F09FB43500000FB400B58DB010A9EE
:10A7E000099000910B904FF0FF300A9000200C90E0
:10A7F000064878440690064878446A4607900F99C0
:10A8000009A800F01BFF0DB05DF814FB670E0000F7
:10A810007F0E000070B5064600F0BAF904680546E0
:10A8200030460A22002100F089FF2C6070BD30B54F
:10A8300005460B462A4613F8014B12F8010B08B1E6
:10A84000A042F8D01CB1002802D06D1CF1E72846C8
:10A8500030BD40EA0103024630B59B0710D14FF0EE
:10A86000013400E008C208C91D1B9D4315EAC41F3E
:10A87000F8D013F0FF0102F8011B0DD01B0AF8E716
:10A8800011F8013B002B02F8013B05D011F8013B08
:10A89000002B02F8013BF3D130BD10B5431C02E0A0
:10A8A00010F8011B71B18107FAD14FF0013202C8D3
:10A8B0008C1A8C4314EAC211F9D0C01A0A0603D0CC
:10A8C000C01E10BDC01A10BD0A0401D0801E10BDEC
:10A8D0000902FCD0401E10BD40EA010370B59B0781
:10A8E0002ED14FF00136042A2AD308C810C99D1B67
:10A8F0009D43121F15EAC61517D0D8B2E1B2401A0F
:10A9000050EA056110D198B2A1B2401A50EA05414F
:10A910000AD123F07F4024F07F41401A50EA0521FC
:10A9200002D1180EA0EB146070BDA342DBD018BAA0
:10A9300021BA884201D9012070BD4FF0FF3070BDAF
:10A940000AB9002070BD10F8013B11F8014B63B14A
:10A95000A3420AD1521E08D010F8013B11F8014B56
:10A960001BB1A34201D1521EEDD1181B70BD032AA9
:10A9700040F2308010F0030C00F0158011F8013B1C
:10A98000BCF1020F624498BF11F801CB00F8013B03
:10A9900038BF11F8013BA2F1040298BF00F801CBC7
:10A9A00038BF00F8013B11F0030300F02580083A9E
:10A9B000C0F0088051F8043B083A51F804CBA0E8F5
:10A9C0000810F5E7121D5CBF51F8043B40F8043B4A
:10A9D000AFF30080D20724BF11F8013B11F801CB7F
:10A9E00048BF11F8012B24BF00F8013B00F801CB50
:10A9F00048BF00F8012B704710B5203AC0F00B801B
:10AA0000B1E81850203AA0E81850B1E81850A0E872
:10AA10001850BFF4F5AF5FEA027C24BFB1E81850CC
:10AA2000A0E8185044BF18C918C0BDE810405FEA3C
:10AA3000827C24BF51F8043B40F8043B08BF7047B8
:10AA4000D20728BF31F8023B48BF11F8012B28BFBD
:10AA500020F8023B48BF00F8012B70474FF000027E
:10AA60000429C0F0128010F0030C00F01B80CCF120
:10AA7000040CBCF1020F18BF00F8012BA8BF20F88E
:10AA8000022BA1EB0C0100F00DB85FEAC17C24BFE2
:10AA900000F8012B00F8012B48BF00F8012B70478C
:10AAA0004FF0000200B5134694469646203922BF67
:10AAB000A0E80C50A0E80C50B1F12001BFF4F7AFB2
:10AAC000090728BFA0E80C5048BF0CC05DF804EB94
:10AAD000890028BF40F8042B08BF704748BF20F802
:10AAE000022B11F0804F18BF00F8012B70470000B7
:10AAF0004FF0013C50F8042B51F8043B9A4221D10D
:10AB0000A2EB0C03934313EACC1317D150F8042B98
:10AB100051F8043B9A4215D1A2EB0C03934313EA7C
:10AB2000CC130BD150F8042B51F8043B9A4209D1B5
:10AB3000A2EB0C03934313EACC13DBD04FF00000DD
:10AB4000704700BFD01A01BAB1FA81F101F01801C3
:10AB500022FA01F0CB40C1F12001DBB2C0B2C01A31
:10AB60002CFA01F3D11A914311EAC311E6D17047CF
:10AB7000704770477047704710B500F01BFE001D0E
:10AB800010BD00BF1D2200000048704748B20020E1
:10AB90000048704740B200207047704770477047C8
:10ABA00038B504460A4600206946AFF30080002805
:10ABB00008BF38BD02460099204600F0FFFD012085
:10ABC00038BD012001F01EB9F8B5AFF3008005468D
:10ABD00000200C46102000BF0646A819A0420DD93F
:10ABE000324669460020AFF30080070008BF01F03D
:10ABF00009F90098A04218BF0546C419FFF7C4FF21
:10AC000005600746F01D20F007004619284600F0B1
:10AC10000AF8B44208BFF8BDA21B31463868BDE847
:10AC2000F84000F0CBBD00210160C0E90110704781
:10AC3000102070472DE9F0470D469946924604468C
:10AC400000F124080168880604D5E06921F01001AC
:10AC5000216000E00120A84201DD471B00E0002741
:10AC6000A1697A1902EB0900081AA0612078C006D0
:10AC700002D42046FFF75CFC002608E0D4E901215D
:10AC80001AF806009047206A401C761C20624E4548
:10AC9000F4DB2078C0060AD52046FFF749FC06E021
:10ACA000D4E9012130209047206A401C2062381EE0
:10ACB000A7F10107F4DC07E0D4E9012118F8050049
:10ACC0009047206A401C2062281EA5F10105F3DC94
:10ACD0002046FFF743FC2078000602D50220BDE89D
:10ACE000F0870120FBE770472DE9FF4F0C461E4619
:10ACF0004FF0FF378BB0D2E90001DDF860800A9099
:10AD00008A46C1F30A5505B93D46002108464FF071
:10AD10000000BAF1000F00F4400005DA00EB8000FB
:10AD20004FF4400101EA50004FEA9059B9F1010F88
:10AD300000DDB9460A9850EA4A000ED044F6105099
:10AD4000A5F2FF3545432F14B8F1000F1ED0754210
:10AD5000291E1EDDC9F100021CE0B8F1010F4FF001
:10AD6000000001D0302103E0F24305E02154401CF3
:10AD7000B042FBDB30460022002121540B99C1F880
:10AD80000880C1E900200FB0BDE8F08FBD1B6D1C2D
:10AD9000DEE74A4600DA694206A800F0C1FF06ABCA
:10ADA00093E8070003AB83E8070050460A9901F0D7
:10ADB000F5FA8DE80700A0F500501F3800900398C1
:10ADC000002D09DD42F21F014A46084403A9039001
:10ADD000684601F07EFD08E0A0F500504A461F38A5
:10ADE00003A90390684601F09CFD8DE8070000046C
:10ADF000000C03D04FF0FF30410800E01046B8F1DE
:10AE0000000F03D00022009215461EE0751E05D4E7
:10AE100000F0EEFC303262556D1EF9D5B3460122CA
:10AE2000084302D000227F1C04E02078302801D1A2
:10AE300000227F1E002A099786D01DE0112D07DA17
:10AE400000F0D6FC303262556D1C50EA0102F5D19B
:10AE5000084302D00098C8B10EE00021681E05E04A
:10AE6000235C625C63542254401E491C8142F7DB20
:10AE7000AB46A81B401E0990002004F80B000B985D
:10AE8000099AC0F80880C0E9002B7CE711264FF032
:10AE9000000859E72DE9F04F88460446D21D22F0FC
:10AEA000070191B0D1E90001CDE90A0101F083FE6B
:10AEB00002460B98C00F01D02D2007E020688107C3
:10AEC00001D52B2002E0202101EAC000032A0990CD
:10AED00001D0072A05DB03464146204600F0D6FC98
:10AEE0000BE12078800601D5E06900E00620B8F18A
:10AEF000650F814606D0B8F1660F18D0B8F1670F1C
:10AF000070D131E00020B9F1110F009001DB112365
:10AF100001E009F101030AAA01A90CA8FFF7E4FE68
:10AF2000DDE90C70002609F10105834647E00120A8
:10AF30004B4600904FF000470AAA01A90CA8FFF762
:10AF4000D3FEDDE90DB00C995D46002610B909F17C
:10AF500001000D18B9EB050003D4C0F1FF3609F16B
:10AF60000105A5EB09002BE0B9F1010F01DA4FF063
:10AF700001090020B9F1110F0090484601DD1123AD
:10AF800000E003460AAA01A90CA8FFF7ADFEDDE91F
:10AF90000C704D4600268346207800070AD4AB4546
:10AFA00000DA5D4601A8012D04DD411911F8011CEC
:10AFB000302907D04F4502DA17F1040F04DA0120D7
:10AFC00082460FE06D1EEEE7002F02DCED1B3E44D3
:10AFD00003E0781CA84200DD7D1CB81B00F1010ACB
:10AFE0004FF000472078000703D4AA4501DB4FF05B
:10AFF000FF3A0021B7F1004F0DF143088DF84310DF
:10B0000024D002202B23002F01DA7F422D230A2196
:10B01000021EA0F1010000DC5FB197FBF1FC97FB81
:10B02000F1F201FB1C7C17460CF1300C08F801CD45
:10B03000EEE7A8F1010003702188090501D545213B
:10B0400000E06521A0F1010800F8011C09980FA992
:10B05000A1EB0807FF1D00B10120411901EBEA70C7
:10B06000A1693844081A401EA0612078C00602D4A5
:10B070002046FFF75DFA099828B1D4E901219047ED
:10B08000206A401C20622078C00622D52046FFF7A7
:10B090004FFA1EE0002E04DBB34502DD01A8805DFF
:10B0A00000E03020D4E901219047206A401C206252
:10B0B000761CAAF101005FEA000A0AD100F07AFBCF
:10B0C000C0680168405CD4E901219047206A401CB7
:10B0D0002062281EA5F10105DCDC07E0D4E901218E
:10B0E00018F8010B9047206A401C2062381EA7F117
:10B0F0000107F3DC2046FFF731FA032011B043E6E5
:10B1000001694A1C02610878704700B58FB0CDE92B
:10B1100001310021059105497944CDE9031011461B
:10B120006846FFF7BDFA0FB000BD0000E5FFFFFF66
:10B130000A6802F8010B0A60704710B5436913B141
:10B14000AFF3008001E0FFF71AFA012010BD12787A
:10B1500000F124010A7000224A700122EDE7116813
:10B160004FF0FF32E9E70000074B70B50D467B4416
:10B17000FFF7CBFF0446284600F040FE10B14FF029
:10B18000FF3070BD204670BD85A8FEFF2DE9FF4F42
:10B19000064689B00878FF2806D0491C2D2805D01E
:10B1A00000244FF0000908E000200CE00124F8E73B
:10B1B00009EB8903491C00EB43090878FF28F7D104
:10B1C00014B1C9F100008146107800252C46AA462A
:10B1D00029462D2801D02B2804D1521C2D2813D00C
:10B1E000002082468B461078FF280FD04FF0000CCD
:10B1F0000A21521CA5FB017804FB018105FB0C11FF
:10B20000C5194BEB0104EEE70120EAE700210846EF
:10B210004FF00000BAF1000F02D000EB80004008B0
:10B22000C0F38158B8F1010F01DD4FF0FF380C98E1
:10B2300009EB000755EA040009D04FF0020917F5A1
:10B24000FA7F0BDA4FEACA70C6E900B012E04FEAA3
:10B25000CA70C6E900B00DB0BDE8F08FB7F5FA7F4F
:10B260000DDDF0487844D0E90010C6E9001040EA4E
:10B27000CA707060FFF78CFCC0F80090EBE7391ED5
:10B2800002DAC8F1000200E0424600DA794206A87C
:10B2900000F046FD06AB93E8070003AB83E8070028
:10B2A00044F23E005BEA04010090584604D144F2A7
:10B2B0001E012C465D460091210C0904014306D174
:10B2C0000099240444EA15442D041039009104F037
:10B2D0007F41014306D10099240244EA15642D02FE
:10B2E0000839009104F07041014306D1009924010E
:10B2F00044EA15742D01091F009104F040410143F7
:10B3000006D10099A40044EA9574AD00891E00910D
:10B3100004F00041084304D100986D196441401EB7
:10B32000009042466846002FCDE9014503A902DDA1
:10B3300001F00BFB01E001F0E0FABAF1000F044666
:10B340000D4601D084F0004440F2FF7724F0004025
:10B35000284303D0C4F30A50B84212D1FFF718FCB7
:10B36000C0F80090C4F30A50B8420AD1AE487844FD
:10B37000D0E90010C6E9001004F0004108437060F5
:10B3800069E7C6E9005466E72DE9FF4F1F464FF015
:10B39000000A4FF0FF38454691B0D7E90146CDF895
:10B3A0003CA000F007FAC0680168405C1090B969E1
:10B3B00012986D1C8847396A814688470028F6D163
:10B3C000B9F1FF3F0AD0002E24F4D06411DDB9F1A9
:10B3D0002B0F08D0B9F12D0F0BD102E0404615B06C
:10B3E0003AE744F48064B96912986D1C8847761E68
:10B3F0008146600504A901D52D2000E02B20002EF8
:10B4000001F1010B0DF130088DF810003FDDB9F1AD
:10B41000690F08D0B9F1490F05D0B9F16E0F02D00C
:10B42000B9F14E0F1CD13B4601A8009580E85002AF
:10B43000DDE912126FF0020002F079FBC11CCED1DF
:10B440000EE0B96912986D1C884781461398761EE4
:10B4500044F4007405600F98401C002E0F9016DD18
:10B46000B9F1300FEDD0B9F1780F02D0B9F1580F22
:10B470000DD10F9801280AD13B46CDE90054DDE9F2
:10B480001212001F029602F050FBC11CA7D11099A6
:10B4900089453ED144F0800406E01399681CAAF166
:10B4A000010A44F400740860B9696D1C1298761E94
:10B4B000884730288146F0D02BE01099894505D186
:10B4C000200603D4761E44F0800418E0484601F0BC
:10B4D000ECFB08B3761E0DF123018B4544F4007498
:10B4E00008D2A9F130000BF8010B200607D5AAF10C
:10B4F000010003E0200602D40AF101008246A00503
:10B5000002D51399681C0860B96912986D1C8847A8
:10B510008146002ED1DC53E0002E51DDB9F1650FDC
:10B5200002D0B9F1450F4BD1A00549D5B9696D1CC1
:10B530001298761E24F440748847002E81460CDD54
:10B540002B2804D0B9F12D0F07D144F48074B969C8
:10B5500012986D1C8847761E8146E00501D52D2185
:10B5600000E02B2108F8011BCDF8008021E0761EB9
:10B570000DF13901884544F400740CD2A9F1300072
:10B5800010F0FF0088F8000002D10099884509D921
:10B5900008F1010806E0E00501D5244801E042F287
:10B5A0000F708246B96912986D1C884781461398BE
:10B5B0000560002E04DD484601F077FB0028D6D157
:10B5C000F96912988847FF2053468BF8000088F8E5
:10B5D000000000200A900B9004AA0CA90AA8FFF70B
:10B5E000D5FDA00502D46FF00100F8E614F0240F99
:10B5F0000AD0E00714D13868DDE90A12031D3B6068
:10B600000068C0E900120BE00AA9684601F0F6FAEA
:10B61000E00705D13868009A011D396000680260B2
:10B620002846DCE6883300007E320000F1D8FFFFB8
:10B63000026811441378016018467047D1600549CB
:10B640007944516104497944116200211161114624
:10B6500000F05CB9EDFFFFFF31020000426842B12B
:10B66000016811F8013B23B1521EC0E900121846CF
:10B6700070470121C160881E704742685AB1C36893
:10B68000016843B983688B4205D0491E521CC0E94A
:10B690000012002070474FF0FF3070470FB40023B6
:10B6A00000B589B00CA900910B99CB60204B7B446D
:10B6B0000693204B7B44079304236FF00042CDE9AF
:10B6C00001321D4A7A446B4608920246002002F07D
:10B6D0002AFA09B05DF814FB70B506464FF0FF304A
:10B6E00015460C46324686B00091CDE90101694607
:10B6F0000020049004A8FFF7D1FF03460498211806
:10B7000025B108B10A4600E022462A6000280DD083
:10B71000002B02DD0098884208D03246081B69469B
:10B720000094CDE9010404A8FFF7B8FF06B070BD8E
:10B73000ABFFFFFFC3FFFFFFB30100002DE9F047A0
:10B7400091460F4680460446002614F8015B2DB151
:10B75000FFF712FA0068405DC007F6D12B2D02D02A
:10B760002D2D18D0641E4A463946204600F088FA2E
:10B7700027B13968A14201D1C7F800804FF0020417
:10B7800071050BD54042002803DDFFF701FA046084
:10B79000A007BDE8F08746F48066E4E70028F8DA01
:10B7A000FFF7F6F904606FF00040F2E700487047D9
:10B7B00040B200200048704760B200200346406855
:10B7C0008C46002818BF88423CBF03464068F8D327
:10B7D00018681844884207D00CF1030020F00700D5
:10B7E000001D411A521A0146081D0A60FEF7EEBDFF
:10B7F00030B5B0F10A024FEA900E71F100034EEA43
:10B80000817EB0EB0E0061EB91014FEA101E4EEA13
:10B81000017E10EB0E0041EB11114FEA102E4EEAA3
:10B82000016E10EB0E0041EB11214FEA104E4EEA73
:10B83000014E10EB0E0041EB1141401841F10001A7
:10B840004FEAD00040EA41704FEAD10110EB800589
:10B850004FEA810444EA907444EB01046D1944EB0F
:10B860000404521BA3414FF0000348BF0A3200D525
:10B8700030BD401C41F1000130BD10B50446FFF75A
:10B880007BF90068005D00F0010010BD2DE9F0417A
:10B890001F46044603260168072A01F4006004DB02
:10B8A00008B116A505E016A503E008B115A500E04E
:10B8B00015A521F010002060A069C01EA0610FB185
:10B8C000401EA0612046FEF733FE4FB1D4E90121AE
:10B8D00038469047206A401C2062C01C206206E067
:10B8E000206AFAE7D4E9012115F8010B9047761E8A
:10B8F000F8D22046FEF732FEBDE8F0814E414E0000
:10B900006E616E00494E4600696E66002DE9F34F88
:10B910004FF0000A0C4656468DB001200C9001F104
:10B920000C000B9062690B980121904705002DD007
:10B93000252D2CD0216A8847C0B162690B9801215E
:10B940009047216A88470028F7D16269411E0B9809
:10B95000904700E0761CA1690D988847216A8847C6
:10B960000028F7D1E1690D988847DBE7A1690D98B8
:10B970008847A842074601D1761CD3E7E1690D98B4
:10B9800088477F1C02D1BAF1000F6FD06BE162696A
:10B990000B9800273D46394690472A2804D1626912
:10B9A0000B98012190470125DFF8D08262690B983E
:10B9B00001219047A0F130010A290AD24745E5DC70
:10B9C00007EB870100EB4107303FDFD445F010055E
:10B9D000ECE7E90601D46FF000476C280AD04C2848
:10B9E00014D0682815D06A280DD074281CD07A2865
:10B9F0001AD01DE062690B98012190476C2802D093
:10BA000045F0040514E045F002050DE045F0200581
:10BA10000AE062690B9801219047682802D045F03E
:10BA2000080505E045F4006562690B98012190471F
:10BA3000C4E9015765283DD019DC58287AD00CDCC0
:10BA4000452837D004DC252826D041289ED131E076
:10BA500046282FD0472899D12CE05B2877D0612841
:10BA600028D063287CD0642823D15AE0F6E06F28E0
:10BA700048D008DC66281DD067281BD0692821D053
:10BA80006E2816D127E0702845D0732868D0752815
:10BA900047D078280DD14DE0A1690D988847252819
:10BAA00005463FF469AFE1690D9888476D1C3FF486
:10BAB0006AAFD8E00D9923466A466FF0010002F0A4
:10BAC00032F8C5E045F0400023464FF000026060C8
:10BAD000A80736D43EE0E8077FF447AF2068011D91
:10BAE00021600068290501D506701BE7290701D5EB
:10BAF000068017E7A90703D5F117C0E9006111E730
:10BB000006600FE745F0400023464FF008026060F2
:10BB1000A80716D41EE040F60E0125EA0100606079
:10BB200016E045F0400023464FF00A026060A80787
:10BB300007D40FE045F040006060A80708D5234611
:10BB400010220D996FF00100AFF3008080E007E054
:10BB5000102223460D996FF00100AFF3008077E0CB
:10BB60004FF0000963284F46C8464B46CB4602D0EB
:10BB70005B2806D038E0E80601D40120A060012748
:10BB800032E06269D4F80CB00B98012190475E282E
:10BB900007D14FF0010949466269D4F80CB00B98FF
:10BBA0009047216939B900210A4603AB43F82120A7
:10BBB000491C0829FADBD8B3216949B308F1010807
:10BBC00062690B98012190475D28F4D1B9F1000F0B
:10BBD00009D0002003A951F82020D24341F82020A9
:10BBE000401C0828F7DB03AB2069002820794FEAC6
:10BBF00040701ED05B462246CDF80080CDE901970B
:10BC00000D9900286FF0010020DAAFF300801FE0EB
:10BC1000C11703AA00EBD1614B1121F01F0102EB08
:10BC20008302411A13680120884003431360C7E769
:10BC300019E00D99224600286FF00100009702DA02
:10BC4000AFF3008004E0AFF3008001E0AFF30080C9
:10BC500000280ADA401C06D10C9820B14FF0FF30C2
:10BC60000FB0BDE8F08F5046FAE7E90701D10AF1BD
:10BC7000010A064400200C9054E60000CCCCCC0C09
:10BC80002DE9F05F824615468B4600270AF1010434
:10BC9000B9460078302801D09DB113E014F8010BAB
:10BCA0000127782803D0582801D045B10AE00DB10A
:10BCB000102D07D1002714F8010B102502E00825EC
:10BCC00000E00A250026B0460EE005FB080005FB53
:10BCD00006F101271FFA80F801EB1046B6F5803F08
:10BCE00000D3B94614F8010B294600F0C2F8002829
:10BCF000EBDABBF1000F05D00FB1641E00E0544633
:10BD0000CBF80040B9F1000F06D0FEF741FF022149
:10BD10000160C81EBDE8F09F48EA0640FAE700004F
:10BD20002DE9F047814616468AB0334878440DC85D
:10BD30008DE80D0030487844801C03AC0DC884E8C1
:10BD40000D0041F69B300844372190FBF1F290FB47
:10BD5000F1F5A5F1800501FB12041B3C02D56442FC
:10BD6000012000E00020DFF890A080460027FA4480
:10BD7000AAF1BE0A0DE0E00709D03246684607EB9B
:10BD800047010AEB810100F0CCFD8DE8070064104B
:10BD90007F1C002CEFD1184F7F44AC3F18E0E80720
:10BDA00014D007EB04100DF1180A90E80E008AE891
:10BDB0000E00C068F04201D198190890324606A9D9
:10BDC00003A800F0AEFD03AB83E807006D10641C10
:10BDD000002DE4D132466946B8F1000F03A802D025
:10BDE00000F077FD01E000F09CFDC9E90001C9F811
:10BDF00008200AB0BDE8F087C81F0000007B00F0F3
:10BE00008000704710B500F075FABDE8104000F0F2
:10BE10006BBA7546FFF7CAFCAE4605006946534645
:10BE200020F00700854618B020B5E5F72FFFBDE8E4
:10BE300020404FF000064FF000074FF000084FF091
:10BE4000000B21F00701AC46ACE8C009ACE8C00922
:10BE5000ACE8C009ACE8C0098D46704710B5FEF7E4
:10BE600097FE006810BD10B50446FEF791FE046011
:10BE700010BD3A2800D2303820F02002412A01D3E8
:10BE8000A2F13700884201D34FF0FF307047000025
:10BE90002DE9FF4F1F464FF03C0987B04FF000429D
:10BEA000DDE9141001F10108DDF858A002EA405064
:10BEB0000390002004908346054604460590B96926
:10BEC000461E08988847AAF1010A0290BAF1000FAD
:10BED00037DD02982E2815D01021FFF7CAFF002861
:10BEE0002ADB4FF0010B0499014316D0B9F1000F82
:10BEF0000BDB4A46C11700F025FA05430C43A9F1B4
:10BF0000040905E00120059007E008B145F00105AE
:10BF100001200490059800B9361DB969089808F108
:10BF200001088847BBF1000FAAF1010A0290CDD0A9
:10BF30000999C1F80080C9E70298702808D05028F4
:10BF400006D0F96908988847BBF1000F14D04FE07C
:10BF5000002002900120BBF1000F049009D0B969C4
:10BF6000089808F101088847AAF10109B9F1000F02
:10BF700007DCF969089888476FF001000BB0BDE84D
:10BF8000F08F2B2804D02D280CD14FF0FF300490D7
:10BF9000B969089808F101088847A9F10109B9F1C0
:10BFA000000FE6DD411CE4D00A21FFF762FF002804
:10BFB000DFDB029908F1010801EB810100EB410090
:10BFC0000290B969089888470A21FFF752FF099A39
:10BFD000A9F10109B9F1000FC2F8008001DD0028C4
:10BFE000E7DAF969089888470499029800FB016626
:10BFF00055EA040004D004F04041090002D006E0F4
:10C00000039898E0A40044EA9574AD00B61E04F0CD
:10C010000041080002D16D196441761E159810F098
:10C02000240F03D04FF00B095C4803E04FF02809C0
:10C030006FF07D008246564507DAAAEB0601894477
:10C04000B9F1410F01DD4FF0410901200021A9F1B3
:10C05000010200F077F9024628400B4621400843D0
:10C0600001D0012100E00021501E029143F1FF3177
:10C0700028402140084301D0012000E0002002991F
:10C08000834651EA0B014FD0002108464FF00000D3
:10C09000039900F4400039B100EB80004FF44001F7
:10C0A00000EBD07001EA60008015012802DD4FF03E
:10C0B000FF3000E013D0401C36D0029860B3BBF1D3
:10C0C000000F0CD14A460120002100F03BF9284026
:10C0D0002140084301D0012000E00020E0B1012010
:10C0E0004A46002100F02EF9034640190A466141F4
:10C0F0002D1A8C4111D3B9F1400F09DD159810F0BC
:10C10000240F02D0AAF1340603E0AAF1170600E0DA
:10C11000761C00254FF0004406E05B1E42F1FF3222
:10C1200020EA030521EA0204CAF10100B04206DA5E
:10C130001B49039808430190002000900EE0039AE9
:10C14000C4F3D321E80A0A43164940EA44500A439B
:10C150003146CDE90002684600F09CFD159810F0CC
:10C16000240F0BD01598C00715D13868DDE90012EF
:10C17000031D3B600068C0E900120CE002A869469C
:10C1800000F03CFD1598C00705D13868029A011DE2
:10C190003960006802604046F0E6000002FCFFFFE4
:10C1A0000000F07F0000F03F2DE9FF4F92461D4652
:10C1B00085B04FF00041DDE9124BDDE914727F1EBE
:10C1C00001EA4B50414940F0FF4940EA0108002193
:10C1D00022F020004928049102D04E2828D04CE0BB
:10C1E0003BA0012607C88DE80700A9690698641CD2
:10C1F00088477F1E014606D41DF8060018B121F0BD
:10C20000200181420BD0E96906988847032E34D07B
:10C21000082E32D06FF0010009B0BDE8F08F761C17
:10C22000032E01D0082EE0D1601CCAF80000DCE724
:10C23000A9690698641C88477F1E2AD420F0200034
:10C24000412826D1A9690698641C88477F1E20D4FE
:10C2500020F020004E281CD1A9690698641C88474C
:10C260007F1E48F4002849F48009CAF8004001D430
:10C27000282806D0E969069888475FEACB7012D073
:10C2800022E0A9690698641C88477F1E01D4002813
:10C2900003DAE96906988847BCE72928F1D1641CCC
:10C2A000CAF80040E9E71BF0240F07D0286804997A
:10C2B000031D2B600068C0E9001805E02868021D16
:10C2C0002A600068C0F800902046A5E70000F07FD3
:10C2D000494E46494E495459000000000446AFF308
:10C2E00000802046E5F7AEFB002801D0E9F77EBBD1
:10C2F0007047000010B5012805D0002103A000F010
:10C3000034F8012010BD09A1F8E700005349475255
:10C31000544D454D3A204F7574206F662068656115
:10C3200070206D656D6F7279000000003A204865DD
:10C330006170206D656D6F727920636F72727570B8
:10C3400074656400B2F120030AD5C2F1200301FA3A
:10C3500002F120FA03F300FA02F041EA0301704708
:10C3600000FA03F14FF00000704770B505460C4627
:10C370000A2000E06D1CE9F73CFB35B12878002865
:10C38000F8D102E0641CE9F734FB14B120780028EE
:10C39000F8D1BDE870400A20E9F72BBB5FEA400CFA
:10C3A00008BF91F0000F4FEA8C234FEAC12243EA05
:10C3B00051514FEA1C5018BF00F5F0404FEA3000D1
:10C3C00018BF41F000415FEA6C5C00F02980BCF1CD
:10C3D000FF3F08BF40F080407047130C06BF1204B7
:10C3E0004FF0100C4FF0000C130E04BF12020CF1B2
:10C3F000080C130F04BF12010CF1040C930F04BFBF
:10C4000092000CF1020CD30F04BF52000CF1010C8E
:10C4100011464FF00002A0F11F00A0EB0C00704786
:10C4200011F0004F08BF704731F000413FF4D5AF25
:10C430000B0C06BF09044FF0100C4FF0000C0B0E54
:10C4400004BF09020CF1080C0B0F04BF09010CF129
:10C45000040C8B0F04BF89000CF1020CCB0F04BF3E
:10C4600049000CF1010CCCF12003A0EB0C0022FAE6
:10C4700003F302FA0CF241EA030100F101007047F4
:10C4800020F07F4C80EA030023F07F47ACEB0703EA
:10C4900003F57C5300F0004003F1FF032DE98049D0
:10C4A0004FEA154B09B44FEA144325EA0B4E24EA30
:10C4B00003480FF2042606EB132749083E785FEA8B
:10C4C000320203FB0667C7F5000707FB06F64FEAD3
:10C4D00054374FEAD64606F1020607FB066CCCF14C
:10C4E000005C4FEA1C472CEA074C07FB06F40CFBE8
:10C4F00006F504EB15464FEA961634BF00204FF0C0
:10C5000000404FEAD13706FB07FC4FEA1C4C0CFBFE
:10C510000BF7D21B03FB0CF761EB07010CFB0EF7CB
:10C52000B0EB074072EB17420CFB08F734BFA2EBED
:10C530000742B2EB074261EB17414FEA0C444FEA66
:10C54000910706FB07FC4FEA1C4C0CFB0BF7B0EB0A
:10C55000C74072EB573203FB0CF734BFA2EBC74264
:10C56000B2EBC74261EB57310CFB0EF7B0EBC700E3
:10C5700072EB57720CFB08F734BFA2EBC702B2EBA9
:10C58000C70261EB5771039F4FEA816141EA921143
:10C5900004EBCC044FEAD1374FEA826206FB07FC7A
:10C5A00042EA90124FEA80604FEA1C4C0CFB0BF7FA
:10C5B000D21B03FB0CF761EB07010CFB0EF7B0EB92
:10C5C000074072EB17420CFB08F734BFA2EB07429F
:10C5D000B2EB074261EB17414FEA8C554FEA9107E6
:10C5E00004EB9C2406FB07FC4FEA1C4C0CFB0BF7EE
:10C5F000B0EBC74072EB573203FB0CF734BFA2EB32
:10C60000C742B2EBC74261EB57310CFB0EF7B0EB00
:10C61000C70072EB57720CFB08F734BFA2EBC702DE
:10C62000B2EBC70261EB577115EB4C254FEA816104
:10C6300041EA92114FEA82624FEAD13742EA901200
:10C6400006FB07FC44F100044FEA80604FEA1C4CF3
:10C650000CFB0BF7D21B03FB0CF761EB07010CFB88
:10C660000EF7B0EB074072EB17420CFB08F734BF34
:10C67000A2EB0742B2EB074261EB174115EB1C1529
:10C680004FEA813141EA92414FEA823242EA9042D6
:10C690004FEA80304FEA0C7644F1000448EA034345
:10C6A0004EEA0B484FF0000EB2EB080C71EB03079B
:10C6B00024BF624639464EEB0E0E4FF0000B0018B9
:10C6C000524149414BEB0B0BB2EB080C71EB0307EA
:10C6D0007BF1000B24BF624639464EEB0E0E4FF045
:10C6E000000B0018524149414BEB0B0BB2EB080C0D
:10C6F00071EB03077BF1000B24BF624639464EEB1A
:10C700000E0E51EA020718BF46F0010616EB0E7630
:10C7100055F1000254F1000103D5BDE88901BDE8DF
:10C720000088BDE88901BDE80048B619524141EBD7
:10C730000101A3F10103704780807F7E7D7C7B7ABD
:10C740007978777676757473727171706F6E6E6DBD
:10C750006C6C6B6A6A696868676666656464636363
:10C7600062616160605F5F5E5E5D5D5C5C5B5B5AE9
:10C770005A59595858575756565555555454535356
:10C7800052525251515050504F4F4F4E4E4D4D4DB1
:10C790004C4C4C4B4B4B4A4A4A49494948484847FC
:10C7A000474747464646454545444444444343433A
:10C7B000434242424241414146EA0646A3F5705394
:10C7C0004FEA164646EA42564FEAD22242EA415220
:10C7D00010B54FEAD121A3F1010300F017F820F0C2
:10C7E000004000F1010C00F0004701EB0050114641
:10C7F000BCF5006F40EA070000D210BD02484FF0C0
:10C80000000140EA070010BD0000F07F002B26D495
:10C81000770021D01CB54FEA370703B44FF0100062
:10C820004FF010014FF000000FBCBDE810400BF1BD
:10C83000010BBBF1010F08BF5FEA170722BF12F11E
:10C84000010211F101014FF0004143F1000300F03A
:10C85000004043EA00007047F9D35708DAE746EA98
:10C86000064613F1400F4FEA16461FDD13F1200F65
:10C87000DFBF16430A46002120335B42C8D0C3F114
:10C88000200746EA064602FA07F74FEA164646EA46
:10C890000706C3F1200722FA03F201FA07F721FA8B
:10C8A00003F14FF0000342EA0702B1E746EA02064D
:10C8B00046EA06464FEA164646EA0106BCBF46EA85
:10C8C0000646360C4FF000034FF000024FF0000117
:10C8D0009EE72DE9C048934630B491E8380007C878
:10C8E00031EA400C48BF34EA430C03D5FFF7C8FDDA
:10C8F000FFF78CFFF0BCBDE800882DE9C0489346E7
:10C9000030B491E8380007C831EA400C48BF34EA37
:10C91000430C03D5FFF7B4FDFFF74EFFF0BCBDE8B5
:10C9200000882DE9C048934630B491E8380007C824
:10C9300010F0804F08BF13F0804F03D100F019F8BA
:10C94000FFF764FFF0BCBDE800882DE9C0489346BE
:10C9500030B491E8380007C810F0804F08BF13F0DA
:10C96000804F03D100F005F8FFF726FFF0BCBDE8CB
:10C97000008820F07F4780EA030023F07F4C07EB1C
:10C980000C03A3F57C5300F00040A3F1FE0392F0EA
:10C99000000F00F0B38095F0000F00F077802DE9D4
:10C9A00001494FEA11404FEA144621EA004800FBD2
:10C9B00006FC24EA064708FB06F607FB08F800FB1E
:10C9C00007F718EB06484CEB164C4FEA124B18EBE6
:10C9D00007484FEA15464CEB174022EA0B4E0BFB7B
:10C9E00006FC25EA06470EFB06F607FB0EFE0BFBD0
:10C9F00007F71EEB064E4CEB164C4FF000061EEBF5
:10CA0000074E4CEB174B18EB0B0840F1000018EBEE
:10CA10000E0B58EB000840F100008F1A4FF0000198
:10CA20003CBFC943661B14BFB5EB040C00213CBFDF
:10CA3000C943F61B4FEA17444EEA8E0E27EA044517
:10CA40004FEA1C4704FB07622CEA074C05FB07F77B
:10CA50000CFB05F604FB0CFC16EB074642EB1742F9
:10CA600016EB0C4642EB1C421BEB060658EB02028F
:10CA7000414146EA9E0601D5BDE80189B6195241F9
:10CA800041EB0101A3F10103BDE801894FEA14451F
:10CA90004FEA114724EA054621EA074C05FB07F453
:10CAA00006FB07F70CFB06F105FB0CFC11EB07413D
:10CAB00044EB17444FEA124711EB0C4144EB1C4482
:10CAC00022EA074C05FB07F206FB07F70CFB06F60C
:10CAD00005FB0CFC16EB074642EB174216EB0C4627
:10CAE00042EB1C456A1854F1000148BF7047B61963
:10CAF000524141EB0101A3F10103704795F0000F92
:10CB000037D04FEA11424FEA144721EA024624EA9D
:10CB1000074C02FB07F106FB07F70CFB06F402FBD0
:10CB20000CFC14EB074441EB17414FEA154714EB9B
:10CB30000C4441EB1C4125EA074C02FB07F506FBC0
:10CB400007F70CFB06F602FB0CFC16EB074645EB61
:10CB5000174516EB0C4645EB1C42121951F100012A
:10CB600048BF7047B619524141EB0101A3F10103DF
:10CB700070474FEA14454FEA114724EA054621EA77
:10CB8000074C05FB07F106FB07F70CFB06F24FF01D
:10CB9000000605FB0CFC12EB074241EB174112EBC0
:10CBA0000C4251EB1C4148BF7047921841EB010108
:10CBB000A3F101037047490050EAC12018BF0420C7
:10CBC0004A0D18BF40F0010040F2FF72B2EB515F16
:10CBD00008BF40F00200012808BF0520704740F25E
:10CBE000013200204FF0E04100F06FBF024A002008
:10CBF000110700F06ABF000001FDFFFF10B50446F9
:10CC0000D1E9000100F002F8206010BDF8B504463B
:10CC10000D466A4600F050F800987E3000900028DB
:10CC20001FDC002213462046294600F083FA18D064
:10CC3000002140F608004FF0000006462046294635
:10CC400000F0DAF8044640F6080006EA00014FF06A
:10CC5000000034F0004004BF0220FFF704F9204632
:10CC6000F8BD0098FF280DDB0220FFF7FCF800223A
:10CC700013462046294600F05BFC8CBF04484FF069
:10CC8000FF40F8BD20462946BDE8F84000F0B4B8A2
:10CC9000000080FF10B504460A46D4E90003194697
:10CCA00000F036F8C4E9000110BD30380A2801D27E
:10CCB000012070470020704710B514460022226002
:10CCC000114A21F000439342A8BF10BD53EA00026D
:10CCD00008BF10BDB3F5801FA8BF226807DA36224F
:10CCE00000F0F3FE6FF0350221F000432260DFF820
:10CCF0001CC06FF31E510CEB23531A4441F0FF513B
:10CD000041F00051226010BD0000F07F02FCFFFFE7
:10CD10002DE9F04106460C4640F2FF75174635EA0C
:10CD200014502BD000221346304600F003FA25D0D1
:10CD30003A463046214600F0C8FE06460C4635EA23
:10CD4000145010D000221346304600F0F3F915D1EC
:10CD50000220FFF788F8FFF749FF0A46214662F3F1
:10CD60001E01BDE8F0810220FFF77DF8FFF737FFD5
:10CD70000A46214662F31E01BDE8F0813046214695
:10CD8000BDE8F08100B583B00A460021CDE900116D
:10CD900001466846FEF7A0FCDDE9000103B000BDD6
:10CDA00010B500290AD00878002807D00548784433
:10CDB000FDF79EFE002801D0002010BD02487844F7
:10CDC00010BD00004A1800004218000010B50029EC
:10CDD0000AD00878002807D005487844FDF788FE77
:10CDE000002801D0002010BD0248784410BD00008A
:10CDF0002E1900002619000021F00042A2F1605215
:10CE0000B2F5801F01F0004328BFD2F17F6C0BD92F
:10CE10005FEA001C43EAC20242EB507018BF704741
:10CE200028BF20F001007047B2F5801FBCBF184634
:10CE300070474FEA410C1CF5001F02D2084600F073
:10CE4000DABD70B500F020FB00000089FFF7F6BFE7
:10CE50004FF00040A0F580007047000002494FF0FD
:10CE6000000000F000BE00BF0000F87F491058BF6E
:10CE7000C1F140415B1058BFC3F140438B42EFF317
:10CE8000008070472DE9C04130B4DFF8A0C23CEA11
:10CE9000111418BF3CEA131400F0EC8081EA03057A
:10CEA0001CEA111444EAD57418BF1CEA131500F0EB
:10CEB000C780A4EB05044FF0004545EAC12145EACF
:10CEC000C32341EA505143EA525304F17F7499421B
:10CED00004F500344FEAC0204FEAC22208BF904256
:10CEE00000F09C804FEA13650FF24016765D4FEA22
:10CEF000134506FB05F7C7F1807706FB07F74FEAF6
:10CF0000D737A7FB03687642C8F58038A7FB06CE63
:10CF100038BFA8F1010807FB08E64FF0000EA6FB9A
:10CF2000028CE6FB03CEDCF1000CCEF1004E38BFE4
:10CF3000AEF1010EA6FB0C584FF000074FF00005B4
:10CF4000E6FB0E87A1FB08C6A0FB07CE16EB0E067C
:10CF500045F10005E1FB076515F1E04E7EBFA4F544
:10CF600080345FEA46066D4116F1800745F1000501
:10CF70004FEA17274FEA066647EA0567A6F1DE463D
:10CF8000B6F1805F4FEA15251FD9384624F0010C11
:10CF900005EBC471BCF1FE6F01EB0C1102D8F0BCC3
:10CFA000BDE8008124425CBF01F5801E9EEAC47F7B
:10CFB00002D4F0BCBDE80081244238D4F0BCA1F119
:10CFC000C041BDE8004100F0ADBA4FEAD22242EACA
:10CFD00043524FEAD323A7FB02864FEAD02040EA10
:10CFE000415007FB03661EEA0E0F4FEAD12105FBF5
:10CFF000026658BFA6EB0056B6EB00564FEA520E3B
:10D000004EEAC37E18EB0E0E56EB530EBDD518EB51
:10D0100002085E417F1C55F10005B6E74FF480150C
:10D020004FF000074FF000064FF00008ADE7F0BCEE
:10D030004FF0000001F1C04101F00041BDE8008166
:10D0400011EA0C1F0CEA131500D00CE013EA0C1FB8
:10D0500000F025804FF00000F0BC81EA030101F0F0
:10D060000041BDE80081F0BCBDE8004181EA030158
:10D0700000F058BAF0BCBDE8004170B500F004FA09
:10D08000097EFC3E00F007B881EA03014FF0000082
:10D0900001F00041704781EA030100F043BAF0BC9F
:10D0A000BDE800414FF0000021497047FFFDFBF94A
:10D0B000F7F5F4F2F0EEEDEBE9E8E6E4E3E1E0DECB
:10D0C000DDDBDAD8D7D5D4D3D1D0CFCDCCCBCAC83D
:10D0D000C7C6C5C4C2C1C0BFBEBDBCBBBAB9B8B764
:10D0E000B6B5B4B3B2B1B0AFAEADACABAAA9A8A857
:10D0F000A7A6A5A4A3A3A2A1A09F9F9E9D9C9C9B25
:10D100009A999998979796959594939392919190CF
:10D110008F8F8E8E8D8C8C8B8B8A89898888878760
:10D120008685858484838382828181800000FF07D5
:10D130000000F87F51EA030C17D41CF5801F58BF7C
:10D14000BCF5801F00F10680994218BF704708BFE8
:10D150009042704707D711F5801F58BF13F5801F05
:10D1600019D499427047894270471CF5801F08D531
:10D17000BCF5801FF7D58B4218BF704708BF8242AD
:10D1800070474FF4001C1CEB410F38BF1CEB430FE2
:10D1900001D28B42704770B500F076F992244900B5
:10D1A0004FF000514FF08053FFF760BE4FEA41034C
:10D1B0004FEA5353A3F58063D3F11E03C8BFD3F1E5
:10D1C000210C0CDD4FF0004242EAC12242EA5052EB
:10D1D00032FA03FC8CEAE17CACEBE1707047102B77
:10D1E000C4BF0020704703F5787CBCF1FF3F04D03A
:10D1F0006FF0004282EA2100704770B500F044F9F8
:10D200004992248000207047F2E700004FEA115352
:10D21000A3F58063D3F11E03A8BFD3F1200C08DB74
:10D220004FF0004242EAC12252EA505232FA03F071
:10D23000704709420BD4102BC4BF0020704703F580
:10D24000787CBCF1FF3F05D04FF0FF3070474FF0C6
:10D250000000704770B500F017F900BF49922480B4
:10D2600000207047F0E710F0004248BF4042B0FA9B
:10D2700080F310FA03F10AD0C3F11D0303F58063B4
:10D280004FEA415002EB035202EBD12170474FF0BD
:10D2900000007047B0FA80F310FA03F10AD0C3F12E
:10D2A0001D0303F580634FEA41504FEA035202EB3E
:10D2B000D12170474FF000007047000051EA030C85
:10D2C00017D41CF5801F58BFBCF5801F00F10680E5
:10D2D000994218BF704708BF9042704707D711F5B1
:10D2E000801F58BF13F5801F19D499427047894297
:10D2F00070471CF5801F08D5BCF5801FF7D58B4201
:10D3000018BF704708BF824270474FF4001C1CEBE7
:10D31000410F38BF1CEB430F01D28B42704770B5F1
:10D3200000F0B2F8922449004FF000514FF08053C2
:10D33000FFF79CBDDFF848C170B51CEA111E1EBF87
:10D340001CEA13159EEA0C0F95EA0C0F00F06F8093
:10D3500081EA030423EA4C134EEAD47E21EA4C11FD
:10D3600041F4801143F48013AE44A1FB024CA0FBB6
:10D370000365AEF17F7E361955EB0C05A1FB034C1E
:10D380004CF10003A0FB021C16EB0C06654153F1A7
:10D390000003094218BF46F0010613F4007F0BD1C9
:10D3A0004FEA03314FEA0530340341EA155140EAB0
:10D3B00016506FF003020AE04FEAC3214FEAC5207E
:10D3C000F40241EA555140EA56506FF0020202EB76
:10D3D0002E4201EB025585EACE710AD05FEA440C79
:10D3E00018BF24F0004450F1000041F1000120EA90
:10D3F000D47040F2FE7C624500D270BDA84214BFDA
:10D400004FF080444FF04044002E08BF0024BEF18E
:10D41000806FA8BFA1F1C041BDE8704080F282805A
:10D420004FF0000001F1C04101F0004170479EEA59
:10D430000C0F0CEA131518BF95EA0C0F06D04FF02D
:10D44000000081EA030E0EF0004170BD00F01CF8F0
:10D450008900013E00F007B800F009B84FEA430C1C
:10D460005FEA5C5C08D081EA030100F05BB84FEA38
:10D47000410C5FEA5C5CF6D14FF000000149704757
:10D480000000FF070000F87F0EF1020E2EF0030EE1
:10D490005EF8046B364205D4012A43EB030515F50B
:10D4A000001F12D8012841EB010C1CF5001F0CD8FD
:10D4B0000ED14FEAD17C15F5001F0CEB4C0C0CF192
:10D4C000020C08BF4CEBD37C04E04FF0080C01E0E9
:10D4D0004FEAD37C0CEB4C0526FA05F606F007065E
:10D4E000B6F1040C06D20EEB860CBDE870404CF091
:10D4F000010C6047DFE80CF0090B02024FF000411D
:10D500004FF00000A1F5002170BD1946104601281A
:10D5100051EB010418BFD4F5001484BF002001F0C2
:10D52000004170BD0808A0F500114FEA31017047B5
:10D5300053EA010C17D41CF5801F58BFBCF5801F9F
:10D5400000F106808B4218BF704708BF82427047C7
:10D5500007D713F5801F58BF11F5801F19D48B42D0
:10D5600070479B4270471CF5801F08D5BCF5801F93
:10D57000F7D5994218BF704708BF904270474FF4E3
:10D58000001C1CEB430F38BF1CEB410F01D299422A
:10D5900070470FB40CBC03BCFFF7C1BE43004FEA99
:10D5A000D30C4FEA3C0C43401FBF40070CF16051C5
:10D5B00013F0FE4F70471CF0006F03D100200CF0F9
:10D5C000004170470CF0004343EA507010B540EA48
:10D5D000CC0000F0CAF900BF000000924FEA000141
:10D5E000FFF7A0BF4FF000414FF00000A1F5002170
:10D5F0007047401058BFC0F14040491058BFC1F1BA
:10D6000040418142EFF30080704700004FF47F0CEF
:10D610001CEAD0121EBF1CEAD11392EA0C0F93EA47
:10D620000C0F00F0858090EA010F48BF42F4807231
:10D6300040F4000C41F400002CF07F4120F07F40CA
:10D6400000B58142A2EB03020FF2081CACEB504E76
:10D65000C0F100009EF800E04FEA4E0E00FB0EFC09
:10D6600038BF49004FEA2C1C02F5FA020CFB0EF3FE
:10D670004FEACE1E4FEA112C4FEAC1210EEB635E3A
:10D6800042EB22420EFB0CFC4FEA1C5300FB031141
:10D690004FEA112C4FEA01310EFB0CFC4FEADC4C37
:10D6A00000FB0C11C14228BF09184CEB03335DF895
:10D6B00004EB10EB410143EBC250B2F57C0F38BFD5
:10D6C000704729D512F0F00F1CBF00F1C04000F0E8
:10D6D00000407047008182838485868788898B8C8F
:10D6E0008D8E8F919293959697999A9C9D9FA0A2CB
:10D6F000A3A5A7A8AAACAEB0B2B3B5B7B9BCBEC01B
:10D70000C2C5C7C9CCCED1D4D7D9DCDFE2E6E9ECBB
:10D71000F0F3F7FAFE0000004FEA400C0CF1807CB9
:10D72000BCF17E4F28BF7047B0F1C04000F063B934
:10D7300090EA010F0CEAD11348BF42F480726245AF
:10D7400038BF634507D213F47F0F16D080EA01007B
:10D7500000F00040704710B500F007F9097EFC3E6C
:10D7600000F005B880EA010000F00040704780EA50
:10D77000010000F0004000F03EB912F47F0F04BF3A
:10D780000248704780EA010000F035B90000C07F10
:10D79000C10DD1F19E0206DB4FEA002343F00043A6
:10D7A00023FA02F07047004207D54FEA4001B1F179
:10D7B000FE4F02D24FF00000704710B500F0D5F8D0
:10D7C00049922480002070476FEA200070470000D3
:10D7D00010F0004148BF4042B0FA80F310FA03F263
:10D7E000C3F19D030BD051EAC35101EB1220530644
:10D7F00038BF704700F1010008BF20F001007047FA
:10D8000050EA010C00F113801CF5000F58BFBCF565
:10D81000000F01D48842704707D710F5000F58BF9A
:10D8200011F5000F15D488427047894270471CF5E6
:10D83000000F04D5BCF5000FF7D5814270474FF0BB
:10D84000807C1CEB400F38BF1CEB410F01D28142A2
:10D85000704710B500F089F8922449004FF000504D
:10D860004FF08051FFF7C5BE4FF47F0C1CEAD01279
:10D870001EBF1CEAD11392EA0C0F93EA0C0F00F0C2
:10D88000478090EA010F48BF42F480724FF0004C8D
:10D890004CEA00204CEA012102EB0302A0FB011339
:10D8A000A2F50002002918BF43F001035B0028BF66
:10D8B0004FEA330342EB22425FEA132C4CEBC25097
:10D8C0002EBFBCEB436FB2F57C0F70474FEA036C81
:10D8D000BCF1004F08BF20F00100B2F57C0F38BF4B
:10D8E00070470BD582F0FF0212F5803FC8BF70472A
:10D8F00000F1C040D8BF00F00040704700F5000CB8
:10D900005FEA4C0C48BF7047B0F1C04000F073B8FC
:10D9100090EA010F0CEAD11348BF42F480726245CD
:10D9200038BF634504D280EA010000F00040704730
:10D9300010B500F01AF800BF8900013E00F007B8EA
:10D9400000F009B85FEA410C5FEA1C6C08D080EA7D
:10D95000010000F050B85FEA400C5FEA1C6CF6D1A1
:10D960004FF00040A0F5800070470EF1020E2EF03F
:10D97000030E5EF8044B244204D44FEA4102B2F194
:10D980007F4F11D84FEA4003B3F17F4F0CD80ED12F
:10D990004FEAD07CB2F17F4F0CEB4C0C0CF1020C37
:10D9A00008BF4CEBD17C04E04FF0080C01E04FEADB
:10D9B000D17C0CEB4C0324FA03F404F00704B4F11B
:10D9C000040C06D20EEB840CBDE810404CF0010CA8
:10D9D0006047DFE80CF0070802024FF00040A0F5B6
:10D9E000800010BD0846420018BFD2F1807288BF87
:10D9F00000F0004010BDFF2141EAD050C005704743
:10DA000051EA000C00F113801CF5000F58BFBCF563
:10DA1000000F01D48142704707D711F5000F58BF9E
:10DA200010F5000F15D481427047894270471CF5EC
:10DA3000000F04D5BCF5000FF7D5884270474FF0B2
:10DA4000807C1CEB410F38BF1CEB400F01D2884299
:10DA5000704780EA010081EA000180EA0100FFF7D7
:10DA6000F8BEFDF717BA0CF00F03092B08BF08200A
:10DA700000F05F800A2B0BD0082B18BF704708BF3F
:10DA80001CF0400F0AD04FF000004FF0000170472B
:10DA90001CF0400F18BF4FF0004070471CF0100FF3
:10DAA00008D020F0704300F07F4242EAD3014FEAF1
:10DAB0004370704700F0604021F07F4242EA00026C
:10DAC00001F07F4040EA727070474FF0FF0C4CF459
:10DAD000E06C1CEA11531CBF9CEA030C9445C2BFC6
:10DAE000DA4201EB02517047002B0DD0BCF1000F60
:10DAF0000FD0002A01F00041A4BF41F0E04141F005
:10DB00007F614FF00000704701F000414FF00000CE
:10DB1000704750EA01334FF09B0C18BF4CF0806CFB
:10DB20007FF49CA97047FDF72FBCFEF7B1B9FEF753
:10DB30003BBB1CF4801F11D01CF4E02F03D06FEA14
:10DB4000CC31490070474FF04050EFF3008222F093
:10DB5000704242EA000282F3008870474FF00000F2
:10DB60007047666BD5667C62595E685AA856145336
:10DB7000AC4F6C4C53495F468E43DD404C3ED83B26
:10DB800080394437203515332131432F792DC42B6B
:10DB9000212A90281027A0254024EF22AC217620AE
:10DBA0004C1F301E1E1D181C1C1B2B1A43196418F9
:10DBB0008E17C116FC153E158814D81330138E121B
:10DBC000F2115C11CC104110BB0F3A0FBE0E460E85
:10DBD000D30D640DFA0C930C2F0CCF0B730B1A0B97
:10DBE000C40A710A210AD50989094109FB08B80844
:10DBF00077083908FC07C107890752071D07EA069D
:10DC0000B80689065A062D060206D805AF0588050E
:10DC100062053D051905F60400030306010406022A
:10DC2000050003051F1C1F1E1F1E1F1F1E1F1E1F7A
:10DC30003031323334353637383941424344454642
:10DC40003031323334353637383941424344454632
:10DC5000403058003031323334353637383961622C
:10DC6000636465664030780004000008000000002E
:10DC7000000000020001000010000000024000004F
:10DC8000000000A00000000005400000000000C8E7
:10DC9000000000000C4000000000409C000000005C
:10DCA000194000000020BCBE00000000344000000D
:10DCB000BFC91B8E00000004B5400000504BCFD000
:10DCC0006607E2CF010000006C4100003E8251AACD
:10DCD000DFEEA73401000000D9420000DCB5A0E26D
:10DCE0003A301F97FFFFFFFFB4450000FD25A0C895
:10DCF000E9A3C14FFFFFFFFFFF3F000000000080CE
:10DD000000000000FF3F0000000000800000000055
:10DD10007B224944223A222573222C22436D64221D
:10DD20003A222573222C22534E223A222573222C8A
:10DD30002241636B223A222573222C2254696D659D
:10DD4000223A7B2279656172223A25642C226D6F1A
:10DD50006E7468223A25642C22646179223A256423
:10DD60002C22686F7572223A25642C226D696E75BB
:10DD70007465223A25642C227365636F6E64223ABF
:10DD800025647D7D000000007B224944223A222543
:10DD900073222C22436D64223A222573222C2253B3
:10DDA0004E223A222573222C2241636B223A2225ED
:10DDB00073222C2264617461223A7B22446576547A
:10DDC000797065223A222573222C224C61794E7596
:10DDD0006D223A222573222C224D6F746F4E756D81
:10DDE000223A222573222C224D6F64655479706586
:10DDF000223A222573222C22566572223A2225735A
:10DE0000227D2C2254696D65223A7B2279656172EC
:10DE1000223A25642C226D6F6E7468223A25642C98
:10DE200022646179223A25642C22686F7572223A45
:10DE300025642C226D696E757465223A25642C2246
:10DE40007365636F6E64223A25647D7D0000000077
:10DE50007B224944223A222573222C22436D6422DC
:10DE60003A222573222C22534E223A222573222C49
:10DE70002241636B223A222573222C226461746151
:10DE8000223A7B22436F6E7461696E4E756D223A41
:10DE900025642C22537461747573223A22257322EF
:10DEA0007D2C2254696D65223A7B2279656172224C
:10DEB0003A25642C226D6F6E7468223A25642C22F8
:10DEC000646179223A25642C22686F7572223A25A2
:10DED000642C226D696E757465223A25642C227358
:10DEE00065636F6E64223A25647D7D007B22494420
:10DEF000223A222573222C22436D64223A22257372
:10DF0000222C22534E223A222573222C2241636B6B
:10DF1000223A222573222C2264617461223A7B22E8
:10DF200052737369223A222573222C224E455422C1
:10DF30003A222573222C224943434944223A22257E
:10DF400073222C224C697374223A5B7B2274656DB8
:10DF500070223A25642C224972457272223A256455
:10DF60002C22636F6E7461696E223A25642C2272D2
:10DF700061636B7769647468223A25642C2272614C
:10DF8000636B686569676874223A25642C2263753F
:10DF90007272656E74223A5B5B25642C25642C25B5
:10DFA000642C25642C25642C25642C25642C256484
:10DFB0002C25642C25642C25642C25642C25642CAC
:10DFC00025642C25642C25645D2C5B25642C25643C
:10DFD0002C25642C25642C25642C25642C25642C8C
:10DFE00025642C25642C25642C25642C25642C2583
:10DFF000642C25642C25642C25645D2C5B25642C05
:10E0000025642C25642C25642C25642C25642C2562
:10E01000642C25642C25642C25642C25642C256413
:10E020002C25642C25642C25642C25645D2C5B2513
:10E03000642C25642C25642C25642C25642C2564F3
:10E040002C25642C25642C25642C25642C25642C1B
:10E0500025642C25642C25642C25642C25645D2CDA
:10E060005B25642C25642C25642C25642C25642CCC
:10E0700025642C25642C25642C25642C25642C25F2
:10E08000642C25642C25642C25642C25642C2564A3
:10E090005D2C5B25642C25642C25642C25642C25A3
:10E0A000642C25642C25642C25642C25642C256483
:10E0B0002C25642C25642C25642C25642C25642CAB
:10E0C00025645D2C5B25642C25642C25642C25643B
:10E0D0002C25642C25642C25642C25642C25642C8B
:10E0E00025642C25642C25642C25642C25642C2582
:10E0F000642C25645D2C5B25642C25642C25642C04
:10E1000025642C25642C25642C25642C25642C2561
:10E11000642C25642C25642C25642C25642C256412
:10E120002C25642C25645D5D7D5D7D2C2254696DFC
:10E1300065223A7B2279656172223A25642C226D30
:10E140006F6E7468223A25642C22646179223A2524
:10E15000642C22686F7572223A25642C226D696ED8
:10E16000757465223A25642C227365636F6E642290
:10E170003A25647D7D0000007B224944223A222515
:10E1800073222C22436D64223A222573222C2253BF
:10E190004E223A222573222C2241636B223A2225F9
:10E1A00073222C2264617461223A7B22436F6E7465
:10E1B00061696E4E756D223A25647D2C2254696D1D
:10E1C00065223A7B2279656172223A25642C226DA0
:10E1D0006F6E7468223A25642C22646179223A2594
:10E1E000642C22686F7572223A25642C226D696E48
:10E1F000757465223A25642C227365636F6E642200
:10E200003A25647D7D0000007B224944223A222584
:10E2100073222C22436D64223A222573222C22532E
:10E220004E223A222573222C2241636B223A222568
:10E2300073222C2264617461223A7B2241636B4514
:10E2400072726F72223A25647D2C2254696D6522A8
:10E250003A7B2279656172223A25642C226D6F6EB9
:10E260007468223A25642C22646179223A25642C50
:10E2700022686F7572223A25642C226D696E75745E
:10E2800065223A25642C227365636F6E64223A25F9
:10E29000647D7D007B224944223A222573222C2270
:10E2A000436D64223A222573222C22534E223A22B5
:10E2B0002573222C2241636B223A222573222C22C1
:10E2C00064617461223A7B22526174696F223A253B
:10E2D000642C22537461747573223A25642C224590
:10E2E0007272223A25647D2C2254696D65223A7B34
:10E2F0002279656172223A25642C226D6F6E7468F2
:10E30000223A25642C22646179223A25642C226801
:10E310006F7572223A25642C226D696E75746522C0
:10E320003A25642C227365636F6E64223A25647DFE
:10E330007D0000007B224944223A222573222C22B0
:10E34000436D64223A222573222C22534E223A2214
:10E350002573222C2241636B223A222573222C2220
:10E3600064617461223A7B22436F6E7461696E4E00
:10E37000756D223A25642C224C61794E756D223AD6
:10E3800025642C224D6F746F4E756D223A25642CD6
:10E3900022537461747573223A222573222C224D04
:10E3A0006F746F72457272223A25642C224972454D
:10E3B0007272223A25647D2C2254696D65223A7B63
:10E3C0002279656172223A25642C226D6F6E746821
:10E3D000223A25642C22646179223A25642C226831
:10E3E0006F7572223A25642C226D696E75746522F0
:10E3F0003A25642C227365636F6E64223A25647D2E
:10E400007D0000007B224944223A222573222C22DF
:10E41000436D64223A222573222C22534E223A2243
:10E420002573222C2241636B223A222573222C224F
:10E4300064617461223A7B22537461747573223A69
:10E4400025647D2C2254696D65223A7B22796561B1
:10E4500072223A25642C226D6F6E7468223A25640C
:10E460002C22646179223A25642C22686F7572220D
:10E470003A25642C226D696E757465223A25642CE8
:10E48000227365636F6E64223A25647D7D0000000F
:10E490007573722E636E41542B535953494E464F38
:10E4A0003F0D0A007573722E636E41542B43535116
:10E4B0003F0D0A007573722E636E41542B52454214
:10E4C0004F4F540D0A0000000D0A2B535953494E6B
:10E4D000464F3A000D0A2B4353513A0041542B4307
:10E4E0005245470D0A00000041542B4353510D0A79
:10E4F0000000000041542B455841540D0A00000013
:10E5000041542B524542540D0A0000002B2B2B0086
:10E510000D0A2B4F4B3D00000D0A4F4B0D0A00001A
:10E5200041544F0D0A0000000D0A434F4E4E454323
:10E53000540D0A000D0A2B4353513A2000000000ED
:10E5400047455420257320485454502F312E310D07
:10E550000A486F73743A2025730D0A557365722D3E
:10E560004167656E743A2047656E6572616C446FF1
:10E57000776E6C6F61644170706C69636174696F10
:10E580006E0D0A52616E67653A2062797465733D5B
:10E5900025642D25640D0A4163636570743A202A51
:10E5A0002F2A0D0A436F6E6E656374696F6E3A2091
:10E5B0006B6565702D616C6976650D0A44657669D9
:10E5C000636549643A2025730D0A0D0A00000000B6
:10E5D00024E7010800000020D40A00006C1900089C
:10E5E0005CE90108D40A0020CCAD0000C81900087D
:10E5F000000000000000F07F100100004300000058
:10E60000F8FFFFFF00404040404040404040414153
:10E6100041414140404040404040404040404040F7
:10E620004040404040050202020202020202020291
:10E63000020202020220202020202020202020028E
:10E64000020202020202909090909090101010101E
:10E6500010101010101010101010101010101010BA
:10E66000020202020202888888888888080808084E
:10E67000080808080808080808080808080808081A
:10E680000202020240000000000000000000000042
:10E69000000000000000000000000000000000007A
:10E6A000000000000000000000000000000000006A
:10E6B000000000000000000000000000000000005A
:10E6C000000000000000000000000000000000004A
:10E6D000000000000000000000000000000000003A
:10E6E000000000000000000000000000000000002A
:10E6F000000000000000000000000000000000001A
:10E7000000000000000000001C00000043000000AA
:10E71000F8FFFFFF0C0000000E0000000F000000DB
:10E720002E0000001184A24A0468090102030406B5
:10E730000708090C6910450204060823E00142207D
:10E74000223C13DB541408015514082C0D4C202CCA
:10E7500049170110027F801A07CA23132723344464
:10E760002340612364892309A82302C3232BE314D4
:10E770006E1501141A2C0114E1520123A9D2E904E7
:10E78000291814613D0114D11401239B77232DF323
:10E7900029084B0AD9084BB3BD084B87A0084B8604
:10E7A0006A08233E3E631E181BF5D628227E028B84
:10E7B0000312017A04040140230709231327233499
:10E7C000442340612364892309A82302C3232BE344
:10E7D000146E1501141A2C0114E1520123A9D2E977
:10E7E00004291814613D0114D11401239B77232DB2
:10E7F000F329084B0AD9084BB3BD084B87A0084B37
:10E80000866A08233E3E631E181BF5D628227E1218
:10E810001012080A1DFF010A1C30010121093E40A7
:10E82000549112231AA0D0000D347A642E6A756DAB
:10E830006961692E636E653138383374544350050D
:10E840001879D987B01E180122421C041E18812194
:10E85000421C041E3C81224238041E3C01234238E3
:10E86000041A1C041A04181A30041A2004C10217CE
:10E87000011A4019422022281373B61B0899041369
:10E88000C8684C20C89017013C0B1601207601186F
:10E890000352141409525409136801651E6FA30131
:10E8A00008CD04351BA40108380D3133373031321F
:10E8B000303139303530014A33076901110010D148
:10E8C0006A756D692F646576696365636F6E6E1E28
:10E8D000A4E4010890041AB4041AD4041AC804B5B4
:10E8E0004E554C4C091C0FF134D4A10292012A025E
:10E8F0000F711E0CE50108F4601AE8041ADC04111B
:10E9000019105A1004093A74BCF460057411997412
:10E910000110000D347A642E6A756D6961692E6389
:10E920006E6531383833F454435029E01A2004A975
:10E93000E01A18041A34040A3B28E4095AB6011BE9
:10E9400002490D021C010417D066050A540A71B170
:0CE950000B22E02E2C02531409525461DB
:0400000508001931A5
:00000001FF
