:020000040800F2
:10000000F0B90020750400087D0200087F02000896
:1000100083020008870200088B020008000000002D
:100020000000000000000000000000008F02000837
:10003000910200080000000093020008313100081E
:100040008F0400088F0400088F040008A98C0008A2
:100050008F0400088F0400088F0400088F04000834
:100060008F0400088F0400088F0400088F04000824
:10007000E79800088F0400088F0400088F04000828
:100080008F0400085F9700088F0400088F040008A1
:100090008F0400088F0400088F0400088F040008F4
:1000A0008F0400088F0400088F0400088F040008E4
:1000B0008F0400088F0400088F0400088F040008D4
:1000C0008F0400088F0400088F0400088F040008C4
:1000D0008F0400088F0400085396000887970008D3
:1000E0008F0400088F0400088F0400088F040008A4
:1000F0008F0400088F0400088F0400088F04000894
:100100008F0400088F0400088F0400088F04000883
:100110008F0400088F040008A92E00088F0400082F
:100120008F0400088F0400088F0400088F04000863
:1001300000F002F800F081F80AA090E8000C824478
:100140008344AAF10107DA4501D100F076F8AFF255
:10015000090EBAE80F0013F0010F18BFFB1A43F0A5
:1001600001031847603802008038020010F8013B94
:100170000A4413F0030408BF10F8014B1D1108BF17
:1001800010F8015B641E05D010F8016B641E01F8C5
:10019000016BF9D1002D15D010F8014B03F00C03C1
:1001A0000C2BA1EB04040ABF10F8013BA4EB831451
:1001B000A4EB032405F1010314F8016B5B1E01F8A5
:1001C000016BF9D5914238BF10F8013BD1D370478C
:1001D0000023002400250026103A28BF78C1FBD850
:1001E000520728BF30C148BF0B60704767291CF019
:1001F0000480692918F0AC85642918F0A98578294C
:1002000018F0E285732919F07683002070471FB536
:100210009DE8030019F0A4F819F098FE04000020EE
:1002200000211BF089F9401C6060002000211BF0B8
:1002300099F9E0601FBD10B510BD1AF0B6F911466E
:10024000FFF7E5FF00F014F81AF014FC03B4FFF711
:10025000F2FF03BC03F0D6FA80F308887047024827
:1002600002490160FEE700000CED00E00100FA0524
:1002700002F06AFF01E002F0FBFFFCE7704700BFFD
:10028000FEE700BFFEE700BFFEE700BFFEE77047E6
:10029000704770470CB50020019000906C480068D2
:1002A00040F480306A49086000BF6948006800F483
:1002B000003000900198401C0190009818B90198F6
:1002C000B0F5A06FF1D16248006800F4003010B1C1
:1002D0000120009001E0002000900098012843D107
:1002E0005C48006840F010005A4908600846006801
:1002F00020F0030008600846006840F00200086033
:10030000534840685249486008464068486008467B
:10031000406840F4806048600846406820F47C10E3
:1003200048600846406840F4E810486008460068A5
:1003300040F08070086000BF4548006800F0007021
:100340000028F9D04248406820F003004049486046
:100350000846406840F00200486000BF3C484068E2
:1003600000F00C000828F9D10CBD10B5FFF792FF82
:1003700010BD10B53648006840F0010034490860EF
:1003800008464068344908403149486008460068DA
:10039000324908402E4908600846006820F4802051
:1003A00008600846406820F4FE0048604FF41F00D3
:1003B0008860FFF7DAFF4FF000602949086010BD40
:1003C00010B5002100200022214B5B6803F00C01D6
:1003D00021B1042906D0082928D107E0214B224C5D
:1003E000236027E01F4B204C236023E0184B5B6801
:1003F00003F47010164B5B6803F48032022303EBA6
:10040000904022B9194B4343174C23600DE0104B29
:100410005B6803F4003323B1144B4343124C236055
:1004200003E0104B4343104C236003E00D4B0E4C94
:10043000236000BF00BF064B5B68C3F303130C4C83
:10044000E15C094B1B68CB40074C236010BD0000EA
:1004500000100240002002400000FFF8FFFFF6FEFF
:1004600008ED00E000127A000000002000093D00C5
:10047000040000200948804709480047FEE7FEE7DE
:10048000FEE7FEE7FEE7FEE7FEE7FEE7FEE7FEE744
:1004900004480549054A064B7047000073030008ED
:1004A00031010008F0B30020F0B90020F0B50020C1
:1004B000F0B5002031490143314A1160704770B5F1
:1004C000002100230F22C47804B32D4C246804F4C7
:1004D000E064C4F5E064210AC1F10403CA40447831
:1004E00004FA03F18478144021430901254C06786D
:1004F000A155047804F01F050124AC4005786D1166
:10050000AD0005F1E025C5F8004109E0047804F0EC
:100510001F050124AC401C4D0678761145F8264095
:1005200070BD1A4A0A400243154B1B1F1A607047E0
:1005300039B1134A121D12680243114B1B1D1A6078
:1005400006E00F4A121D126882430D4B1B1D1A60F4
:100550007047042808D14FF0E021096941F00401F7
:100560004FF0E022116107E04FF0E021096921F02E
:1005700004014FF0E0221161704700000000FA050D
:100580000CED00E000E400E080E100E080FFFF1FF0
:1005900010B5012001F03CF8002001F039F810BD41
:1005A0002A49086070472949091F08607047274990
:1005B00084310860704701460020254A10884FF6B4
:1005C0007F4210400843224A1080704701460020B5
:1005D0001F4A10884FF68072104008431C4A108052
:1005E000704708B500220092194A2C3A0092009AEE
:1005F00002440092009A116008BD08B5014600202F
:10060000009013482C3800900098084400900098FF
:10061000008808BD0D489C300068C0B270470C4887
:100620000830008840F0010009490831088070470F
:100630000648A0300068C0B27047054808300088FE
:1006400040F00200024908310880704704860D42DC
:100650002C6C004001684FF6FE72114001600021D1
:10066000016041608160C1608D49884208D18C4938
:100670000839496841F00F01894A083A51608AE017
:1006800087491431884208D185490839496841F0C1
:10069000F001834A083A51607DE08149283188425F
:1006A00008D17F490839496841F470617C4A083AA9
:1006B000516070E07A493C31884208D17849083964
:1006C000496841F47041764A083A516063E07449E0
:1006D0005031884208D172490839496841F4702183
:1006E0006F4A083A516056E06D496431884208D13A
:1006F0006B490839496841F47001694A083A516008
:1007000049E067497831884208D165490839496824
:1007100041F07061624A083A51603CE061498842A8
:1007200006D1011F096841F00F01021F116032E07C
:100730005C491431884208D15A49091F096841F0BF
:10074000F001584A121F116025E0564928318842AD
:1007500008D15449091F096841F47061514A121FB8
:10076000116018E04F493C31884208D14D49091FBA
:10077000096841F470414B4A121F11600BE049496E
:100780005031884207D14749091F096841F4702157
:10079000444A121F1160704710B50022026847F6E4
:1007A000F0739A430C6A8B6823430C6923434C69AA
:1007B00023438C692343CC6923434C6A23438C6ACB
:1007C00023431A430260CB6843600B6883604B6825
:1007D000C36010BD0021016041608160C1600161A2
:1007E00041618161C161016241628162704721B1F1
:1007F000026842F00102026004E002684FF6FE73F4
:100800001A40026070471AB103680B43036002E0AC
:1008100003688B4303607047416070470146486836
:1008200080B2704701460020002201F080531BB1C6
:100830001C4B083B1A6802E0194B083B1A6802EA95
:1008400001030BB1012000E00020704700F080514F
:1008500019B11449091F086002E0114908394860BC
:10086000704701460020002201F080531BB10D4B60
:10087000083B1A6802E00A4B083B1A6802EA0103C7
:100880000BB1012000E00020704700F0805119B149
:100890000449091F086002E00149083948607047AF
:1008A000080002400804024001460020FE4A106889
:1008B00000F03800084310607047FB49096821F0D8
:1008C0000801F94A11601146096801431160704737
:1008D000F549096821F01001F34A116011460968D1
:1008E000014311607047F148EF494860F0484860A3
:1008F0007047EE48EC494860ED4848607047EA4868
:10090000006940F08000E84908617047E6480069E6
:1009100040F08000E449086170470420E249C9685A
:1009200001F0010109B101200EE0DF49C96801F0C1
:10093000040109B1022007E0DB49C96801F0100198
:1009400009B1032000E00420704700B502460423EB
:10095000FFF7E3FF034603E0FFF7DFFF0346521E06
:10096000012B01D1002AF7D102B90523184600BD99
:1009700030B5044604254FF43020FFF7E6FF054666
:10098000042D17D1C848006940F00200C64908612B
:1009900008464461006940F0400008614FF430208F
:1009A000FFF7D3FF0546C048006941F6FD710840D6
:1009B000BD490861284630BD10B504244FF43020ED
:1009C000FFF7C3FF0446042C16D1B748006940F076
:1009D0000400B54908610846006940F0400008611C
:1009E0004FF43020FFF7B1FF0446AF48006941F6ED
:1009F000FB710840AC490861204610BD00B50246B5
:100A00000423FFF78AFF034603E0FFF786FF034650
:100A1000521E012B01D1002AF7D102B90523184635
:100A200000BD10B504244FF43020FFF7E7FF044663
:100A3000042C16D19C48006940F004009A490861D2
:100A40000846006940F0400008614FF43020FFF78D
:100A5000D5FF04469448006941F6FB71084092496D
:100A60000861204610BD00208F49C96901F00201CC
:100A700009B1012000E00020704730B5A52504240D
:100A8000FFF7F1FF00B100254FF43020FFF75DFFC5
:100A90000446042C3AD1854883498860844888609C
:100AA0000846006940F0200008610846006940F0EF
:100AB000400008614FF43020FFF747FF0446042C44
:100AC0001BD17948006941F6DF7108407649086119
:100AD0000846006940F01000086176480580E00291
:100AE000FFF733FF0446052C10D06F48006941F62C
:100AF000EF7108406C49086108E0052C06D06A488F
:100B0000006941F6EF71084067490861204630BD31
:100B100078B506460C46042500200090E802FFF751
:100B200014FF0546042D24D15F48006940F0010000
:100B30005D4908613480E802FFF707FF0546042D90
:100B400010D1B01C0090200C00990880E802FFF73B
:100B5000FCFE05465448006941F6FE7108405249C2
:100B6000086106E05048006941F6FE7108404E49B0
:100B70000861284678BD70B504460D460426F0028B
:100B8000FFF7E3FE0646042E11D14748006940F006
:100B90000100454908612580F002FFF7D6FE0646B0
:100BA0004148006941F6FE7108403F4908613046FE
:100BB00070BD70B505460E460424E002FFF7C5FE81
:100BC0000446042C17D13948374988603848886072
:100BD0000846006940F0100008612E80E002FFF72F
:100BE000B4FE0446052C06D02F48006941F6EF718B
:100BF00008402D490861204670BD2DE9F0430446A8
:100C00004FF6FF763746B046B1460425E443E6B2D8
:100C1000C4F30727C4F307484FEA1469E802FFF753
:100C200094FE0546042D49D120481F49886020487C
:100C300088600846006940F010000861FF2E06D069
:100C40001C4808300680E802FFF77FFE0546042DA9
:100C500008D1FF2F06D017480A300780E802FFF7B7
:100C600074FE0546042D0AD1B8F1FF0F07D01148D4
:100C70000C30A0F80080E802FFF767FE0546042D5F
:100C80000AD1B9F1FF0F07D00A480E30A0F8009042
:100C9000E802FFF75AFE0546052D0FD0024800690D
:100CA00041F6EF71084007E000200240230167454C
:100CB000AB89EFCD00F8FF1F664908612846BDE803
:100CC000F08330B5054604244FF43020FFF73DFE95
:100CD0000446042C41D160485E4988605F488860C2
:100CE0000846006940F0200008610846006940F0AD
:100CF000400008614FF43020FFF727FE0446042C23
:100D000022D15448006941F6DF7108405149086119
:100D10000846006940F0100008611DB100205049EC
:100D2000088002E0A5204E4908804FF43020FFF7EC
:100D30000CFE0446052C10D04648006941F6EF71C0
:100D400008404449086108E0052C06D04148006984
:100D500041F6DF7108403F490861204630BDF0B5DB
:100D600005460E46174604243B483A4988603B48EE
:100D70008860E002FFF7E9FD0446042C19D13548EC
:100D8000006940F010003349086147F0F800304333
:100D900028433349891C0880E002FFF7D6FD04464A
:100DA000052C06D02B48006941F6EF71084029490F
:100DB00008612046F0BD2748C06980087047254873
:100DC000006A704700202349096801F0200109B139
:100DD000012000E00020704729B11E4A1269024339
:100DE0001C4B1A6104E01B4A12698243194B1A61B9
:100DF000704701460020012908D1164AD26902F045
:100E000001020AB1012008E0002006E0114AD26880
:100E10000A400AB1012000E0002070470D49C86077
:100E2000704704200B49C96801F0010109B1012094
:100E30000EE00849C96801F0040109B1022007E089
:100E40000449C96801F0100109B1032000E0042041
:100E5000704700000020024023016745AB89EFCDB9
:100E600000F8FF1F10B50446CC48844208D1012188
:100E7000042000F0B3FB0021042000F0AFFB46E0AB
:100E8000C748844208D10121082000F0A7FB0021B7
:100E9000082000F0A3FB3AE0C248844208D10121B7
:100EA000102000F09BFB0021102000F097FB2EE0AB
:100EB000BD48844208D10121202000F08FFB002191
:100EC000202000F08BFB22E0B848844208D10121A9
:100ED000402000F083FB0021402000F07FFB16E063
:100EE000B348844208D10121802000F077FB002123
:100EF000802000F073FB0AE0AE48844207D1012154
:100F0000801500F06BFB0021A01500F067FB10BD01
:100F100010B50121084600F061FB0021012000F01E
:100F20005DFB10BD2DE9F0410246002500260020A2
:100F300000230024002791F803C00CF00F0591F85E
:100F400003C00CF0100CBCF1000F03D091F802C0EC
:100F50004CEA050591F800C0BCF1000F31D01468CF
:100F600000202BE04FF0010C0CFA00F3B1F800C0A8
:100F70000CEA03069E4220D183004FF00F0C0CFABE
:100F800003F7BC4305FA03FC4CEA040491F803C0E0
:100F9000BCF1280F06D14FF0010C0CFA00FCC2F88E
:100FA00014C00AE091F803C0BCF1480F05D14FF01E
:100FB000010C0CFA00FCC2F810C0401C0828D1D368
:100FC0001460B1F800C0BCF1FF0F34DD546800209C
:100FD0002EE000F1080C4FF0010808FA0CF3B1F80C
:100FE00000C00CEA03069E4221D183004FF00F0C93
:100FF0000CFA03F7BC4305FA03FC4CEA040491F82D
:1010000003C0BCF1280F05D100F1080C08FA0CF858
:10101000C2F8148091F803C0BCF1480F07D100F169
:10102000080C4FF0010808FA0CF8C2F81080401CB8
:101030000828CED35460BDE8F0814FF6FF710180DF
:10104000022181700421C17070470246002093681C
:101050000B400BB1012000E000207047014688687A
:1010600080B2704702460020D3680B400BB10120CC
:1010700000E0002070470146C86880B270470161F7
:101080007047416170470AB1016100E041617047FA
:10109000C16070474FF480320A438261816182618E
:1010A00082698269704702460020434B18684FF6F8
:1010B0008073184040EA021008433F4B18607047A5
:1010C0003E49C8617047F0B50A460023002400215C
:1010D000002500F00046B6F1004F02D1364EF1690E
:1010E00001E0354E7168C0F3034583B200F4401649
:1010F000B6F5401F08D121F070612F4E766826F0BA
:1011000070662D4F7E6012E000F48016B6F5801FE9
:1011100006D1032606FA05F4A14341F0706106E00A
:10112000460D360103FA06F6B14341F0706122B173
:10113000460D360103FA06F6314300F00046B6F1DB
:10114000004F02D11C4EF16101E01B4E7160F0BDF9
:1011500030B500228B071C0F0F2303FA04F2164B45
:1011600008338C1053F824309343134C08348D10FB
:1011700044F8253023468C1053F824308C07240F74
:1011800000FA04F423430C4C08348D1044F8253045
:1011900030BD0A49DC31086070470000000801409A
:1011A000000C0140001001400014014000180140F3
:1011B000001C0140002001400000014000002042CE
:1011C0000E49086070470D49486070470B498860B8
:1011D00070474AF6AA200949086070474CF6CC408F
:1011E00006490860704701460020044AD2680A4058
:1011F0000AB1012000E000207047000000300040EC
:1012000010B50121080700F0F6F900214FF08050D9
:1012100000F0F1F910BD2A490862704728490861B9
:10122000704701460020274A106820F0E00008437C
:10123000106070472249A0310860704710B502461F
:101240000020204B186820F00300104318601E4B4C
:101250001B6843F004031C4C2360012901D130BFFB
:1012600000E020BF184B1B6823F00403164C2360DA
:1012700010BD1448006840F0040012490860084698
:10128000006840F0020008600F48006840F0040069
:101290000D49086000BF00BF30BF70470146002005
:1012A000084A52680A400AB1012000E00020704755
:1012B0000449096841EA8001024A11607047000050
:1012C00000000E420070004010ED00E0DF480068B2
:1012D00040F00100DD49086008464068DC490840EC
:1012E000DA49486008460068DA490840D74908608A
:1012F0000846006820F4802008600846406820F412
:10130000FE0048604FF41F0088607047CF490968AD
:1013100021F48031CD4A11601146096821F4802101
:101320001160B0F5803F03D0B0F5802F0ED106E0FC
:10133000C649096841F48031C44A116007E0C349D5
:10134000096841F4A021C14A116000E000BF00BF5C
:10135000704710B501460022002300204A11012ADF
:1013600002D1BA4C236806E0022A02D1B74C236AA4
:1013700001E0B64C636A01F01F02012494401C4056
:101380000CB1012000E0002010BD38B50020009015
:101390000024002500BF3120FFF7DBFF0546009841
:1013A000401C00900098B0F5A06F01D0002DF2D045
:1013B0003120FFF7CEFF08B1012400E000242046D1
:1013C00038BD01460020A14A106820F0F80040EA2C
:1013D000C10010607047A0490860704702460020B5
:1013E0009A4B586820F47C1042EA01031843974B4B
:1013F0005860704798490866704701460020934A34
:10140000506820F003000843506070478F484068E0
:1014100000F00C007047014600208C4A506820F014
:10142000F00008435060704701460020874A50682A
:1014300020F4E06008435060704701460020834A72
:10144000506820F4605040EAC1005060704729B1F4
:101450007E4A527A02437D4B5A7204E07B4A527AAA
:1014600082437A4B5A7270477B49D8310860704783
:1014700001460020754A506820F4404008435060FF
:1014800070470021714A20321170704A82F8201092
:10149000012802D004280AD104E001216B4A20323D
:1014A000117005E00521694A2032117000E000BF8B
:1014B00000BF70476949086070476449096A014381
:1014C000624A11627047654944390860704730B517
:1014D00000210022002400235C4D6D6805F00C0102
:1014E00021B1042905D0082923D105E05C4D056010
:1014F00022E05B4D05601FE0544D6D6805F47012ED
:10150000524D6D6805F48034022505EB92421CB9FA
:10151000544D554305600BE04C4D6D6805F40035A6
:101520001DB1504D5543056002E04D4D55430560DA
:1015300002E04B4D056000BF00BF444D6D6805F0F3
:10154000F0010909484D6B5C0568DD4045603F4D81
:101550006D6805F4E061090A434D6B5C4568DD4048
:1015600085603A4D6D6805F46051C90A3E4D6B5C6B
:101570004568DD40C560354D6D6805F44041890B17
:101580003A4D6B5CC568B5FBF3F5056130BD29B11B
:101590002E4A526902432D4B5A6104E02B4A52698C
:1015A00082432A4B5A61704729B1284A9269024303
:1015B000264B9A6104E0254A92698243234B9A6143
:1015C000704729B1214AD2690243204BDA6104E015
:1015D0001E4AD26982431D4BDA61704729B11B4A0A
:1015E000D2680243194BDA6004E0184AD268824399
:1015F000164BDA60704729B1144A12690243134B43
:101600001A6104E0114A12698243104B1A61704753
:1016100012494039086070470F49C86470470B4948
:10162000C87170470948406A40F0807007494862B5
:10163000704701460020054A92680A400AB101201D
:1016400000E0002070470149887270470010024096
:101650000000FFF8FFFFF6FE000042428004424215
:1016600000127A0000093D00140000202400002030
:1016700010B50446FE48844208D10121C014FFF78A
:10168000ADFF0021E014FFF7A9FFC4E0B4F1804FE3
:1016900008D101210846FFF7AEFF00210120FFF726
:1016A000AAFFB8E0F348844208D101210220FFF7E5
:1016B000A2FF00210220FFF79EFFACE0EE4884422B
:1016C00008D101210420FFF796FF00210420FFF735
:1016D00092FFA0E0E948844208D101210820FFF7E9
:1016E0008AFF00210820FFF786FF94E0E448844247
:1016F00008D101211020FFF77EFF00211020FFF705
:101700007AFF88E0DF48844208D101212020FFF7DA
:1017100072FF00212020FFF76EFF7CE0DA48844250
:1017200008D101214014FFF759FF00216014FFF791
:1017300055FF70E0D548844209D10121C804FFF764
:101740004DFF00214FF40020FFF748FF63E0D04831
:10175000844209D101210805FFF740FF00214FF421
:101760008010FFF73BFF56E0CA48844209D10121AF
:101770004805FFF733FF00214FF40010FFF72EFF5D
:1017800049E0C548844208D101214020FFF733FFDA
:1017900000214020FFF72FFF3DE0C048844208D1E0
:1017A00001218020FFF727FF00218020FFF723FF82
:1017B00031E0BB48844208D101218015FFF71BFFAF
:1017C0000021A015FFF717FF25E0B648844209D194
:1017D00001210804FFF702FF00214FF48030FFF7DA
:1017E000FDFE18E0B048844209D101214804FFF70A
:1017F000F5FE00214FF40030FFF7F0FE0BE0AB48A0
:10180000844208D101218804FFF7E8FE00214FF44B
:101810008020FFF7E3FE10BD00220288944B98421F
:101820000ED0994B98420BD0B0F1804F08D0914B1D
:10183000984205D0904B984202D0904B984204D1E8
:101840004FF68F731A404B881A438D4B984207D03E
:101850008C4B984204D04FF6FF431A40CB881A4372
:1018600002808B8883850B880385814B98420BD03F
:10187000854B984208D08B4B984205D08A4B9842B2
:1018800002D08A4B984201D10B7A038601238382CE
:10189000704770B5002400220023058C4FF6FE76B9
:1018A00035400584028C8388048B4FF68F752C405D
:1018B000B51E2C400D882C43751E2A400D892A43E5
:1018C0004D882A436A4DA8420BD06F4DA84208D0DC
:1018D000744DA84205D0744DA84202D0734DA84261
:1018E00013D14FF6F7752A404D892A434FF6FB7501
:1018F0002A408D882A434FF6FF652B404FF6FF554F
:101900002B408D892B43CD892B4383800483CD8845
:101910008586028470BD70B5002400220023058CEA
:101920004FF6EF7635400584028C8388048B48F6A9
:10193000FF752C404FF6FF452C400D884FF6FF7683
:1019400006EA05252C434FF6DF752A400D8906EA85
:1019500005152A434D8806EA05152A43444DA84239
:1019600002D0494DA8421DD14FF67F752A404D89BE
:101970004FF6FF7606EA05152A434FF6BF752A4053
:101980008D8806EA05152A434FF6FF352B404FF2A6
:10199000FF752B408D8906EA85052B43CD8906EA24
:1019A00085052B4383800483CD880587028470BD21
:1019B00070B5002400220023058C4FF6FF663540E9
:1019C0000584028C8388848B4FF68F752C404FF6EC
:1019D000FC752C400D882C434FF6FF552A400D898D
:1019E0004FF6FF7606EA05252A434D8806EA0525C7
:1019F0002A431F4DA84202D0234DA8421DD14FF2C9
:101A0000FF752A404D894FF6FF7606EA05252A43E1
:101A10004FF6FF352A408D8806EA05252A434EF603
:101A2000FF752B404DF6FF752B408D8906EA051595
:101A30002B43CD8906EA05152B4383808483CD880B
:101A40008587028470BD70B5002200230024058CB8
:101A50004EF6FF7635400584038C8488828B48F6E9
:101A6000FF752A404FF6FF452A400D8820E0000010
:101A7000002C01400004004000080040000C004021
:101A8000001000400014004000340140004C0140B0
:101A9000005001400054014000180040001C00406C
:101AA0000020004000400140004401400048014047
:101AB0004FF6FF7606EA05252A434DF6FF752B40C3
:101AC0000D8906EA05352B434D8806EA05352B437B
:101AD000FA4DA84202D0FA4DA84208D14BF6FF7544
:101AE0002C408D894FF6FF7606EA85152C438480BD
:101AF0008283CD88A0F84050038470BD828B4FF262
:101B0000FF331A408283828B4FF6FF7303EA01236F
:101B10001A4382837047F0B50C4615460022002117
:101B20000026078C4EF6FF7C07EA0C070784828BA1
:101B3000018C4FF6FF7707EA043640F6FF473A403C
:101B40004FF6FF7707EA05273A434FF6FF7707EA94
:101B500003373A43D94FB8420ED0D94FB8420BD0D1
:101B6000B0F1804F08D0D74FB84205D0D64FB84219
:101B700002D0D64FB84206D14DF6FF77394046F431
:101B80008057394305E047F6FF57394044F4805702
:101B9000394382830184F0BD828B4FF6F3731A4080
:101BA0008283828B0A4382837047F0B50C461546C8
:101BB000002200210026078C4FF6FF6C07EA0C0775
:101BC0000784828B018C4FF6FF7707EA04264FF6D5
:101BD0000C773A404FF6FF7707EA03172F433A4353
:101BE000B64FB8420ED0B64FB8420BD0B0F1804FCE
:101BF00008D0B44FB84205D0B34FB84202D0B34F6B
:101C0000B84206D14FF6FF57394046F48077394342
:101C100005E04FF2FF57394044F48077394382831F
:101C20000184F0BD028B4FF2FF331A400283028B16
:101C30004FF6FF7303EA01231A4302837047F0B59E
:101C40000C461546002200210026078C4FF6EF7C3B
:101C500007EA0C070784028B018C4FF6FF7707EA2F
:101C6000041640F6FF473A404FF6FF7707EA03377E
:101C70003A434FF6FF7707EA05273A438F4FB842BA
:101C80000ED08F4FB8420BD0B0F1804F08D08D4F9F
:101C9000B84205D08C4FB84202D08C4FB84206D122
:101CA0004FF6DF77394046F01007394305E04FF62D
:101CB0005F77394044F01007394302830184F0BD57
:101CC000028B4FF6F3731A400283028B0A4302839E
:101CD0007047F0B50C46154600220021068C4FF6E1
:101CE000FE773E400684028B018C4FF60C76324024
:101CF0007E1C06EA03162E433243704EB0420ED0CD
:101D00006F4EB0420BD0B0F1804F08D06D4EB04254
:101D100005D06D4EB04202D06C4EB04206D14FF6A7
:101D2000FD76314044F00106314305E04FF6F5768B
:101D3000314044F00106314302830184F0BD70B5A7
:101D400005460C465D4885420ED05D4885420BD065
:101D5000B5F1804F08D05B48854205D05A4885428E
:101D600002D05A48854200D100E000BF208850B917
:101D70002389A28861882846FFF7ABFFE1882846BF
:101D8000FFF79EFF25E0208804280AD12389A28836
:101D900061882846FFF753FFE1882846FFF742FF96
:101DA00017E0208808280AD12389A288618828465C
:101DB000FFF7FBFEE1882846FFF7EEFE09E02389E6
:101DC000A28861882846FFF7A6FEE1882846FFF72B
:101DD00095FE70BD2DE9F04105460C460026012711
:101DE000608808B9022600E00026A088012801D1F9
:101DF000022700E001272088A0B92389A2886188F2
:101E00002846FFF766FFE1882846FFF759FF238938
:101E10003A4631462846FFF712FFE1882846FFF789
:101E200001FF13E02389A28861882846FFF707FF96
:101E3000E1882846FFF7F6FE23893A4631462846D0
:101E4000FFF747FFE1882846FFF73AFFBDE8F0813A
:101E50000A884B881A438B881A43CB881A430B890C
:101E60001A434B891A438B891A43A0F844207047C0
:101E70004FF6FF71818000210180C1804180017295
:101E800070470021018041808180C18001814181B2
:101E90008181C181704700210180418001218180C1
:101EA0000021C18001817047002101804180818033
:101EB000C18001814181818170470000002C014077
:101EC000003401400004004000080040000C0040C5
:101ED00021B1028842F00102028004E002884FF63C
:101EE000FE731A400280704731B1B0F8442042F4CA
:101EF0000042A0F8442005E0B0F84420C2F30E02EE
:101F0000A0F8442070471AB183890B43838102E013
:101F100083898B43838170478182704741EA020342
:101F2000A0F8483070471AB183890B43838102E0DF
:101F300083898B438381704701894FF6F872114082
:101F4000018170470A46002101894FF68F731940BD
:101F500011430181704730B504460D46294620469D
:101F6000FFF7F0FF208940F00700208130BD2DE908
:101F7000F04104460D4616461F46602D06D13B46ED
:101F8000012231462046FFF75AFE05E03B4601227A
:101F900031462046FFF79DFE29462046FFF7D2FF37
:101FA000208940F007002081BDE8F08130B50C4663
:101FB00000210189C9B24FF6FF7505EA03251543D3
:101FC00025432943018130BD2DE9F04105460E46E8
:101FD00017469846002443463A4631462846FFF7BE
:101FE000E5FF2C894FF6F870044044F007044FF6E3
:101FF0008F70044044F070042C81BDE8F081F0B58E
:1020000004460D4616461F463B46324629462046A4
:10201000FFF7CCFF208940F480402081F0BD01858E
:10202000828270470A46002101884FF68F7319405B
:10203000114301807047F0B50C4615461E4600213D
:10204000002200230189028B038C4FF6F877394078
:1020500021434FF6FC473A4040F201173A434FF60E
:10206000DD773B404FF6FF7707EA06172F433B43E8
:10207000018102830384F0BD0A460021018B4FF6E3
:102080008F7319401143018370470A460021018B69
:1020900048F6FF7319404FF6FF7303EA0223194312
:1020A000018370470A460021818B4FF68F731940D8
:1020B0001143818370470A460021818B48F6FF73E4
:1020C00019404FF6FF7303EA0223194381837047D7
:1020D00021B1028842F08002028004E002884FF6BB
:1020E0007F731A400280704721B1828842F0040257
:1020F000828004E082884FF6FB731A40828070472A
:1021000021B1828842F00802828004E082884FF682
:10211000F7731A408280704721B1828842F0010231
:10212000828004E082884FF6FE731A4082807047F6
:102130000A460021018B4FF6F773194011430183C2
:1021400070470A460021018B4FF2FF7319404FF68A
:10215000FF7303EA02231943018370470A460021F3
:10216000818B4FF6F77319401143818370470A46FC
:102170000021818B4FF2FF7319404FF6FF7303EA82
:1021800002231943818370470A460021018B4FF6D1
:10219000FB7319401143018370470A460021018BEC
:1021A0004FF6FF3319404FF6FF7303EA022319433A
:1021B000018370470A460021818B4FF6FB7319405B
:1021C0001143818370470A460021818B4FF6FF330C
:1021D00019404FF6FF7303EA0223194381837047C6
:1021E0000A460021018B4FF67F731940114301838A
:1021F00070470A460021018BC1F30E014FF6FF73B1
:1022000003EA02231943018370470A460021818BA8
:102210004FF67F7319401143818370470A460021AE
:10222000818BC1F30E014FF6FF7303EA02231943BA
:10223000818370470A460021018C4FF6FD731940D7
:102240001143018470470A460021018C4FF6F77351
:1022500019401143018470470A460021018C4FF652
:10226000DF7319404FF6FF7303EA02131943018429
:1022700070470A460021018C4FF67F7319404FF6D4
:10228000FF7303EA02131943018470470A460021D1
:10229000018C4FF6FF5319404FF6FF7303EA0223F8
:1022A0001943018470470A460021018C4FF2FF73E5
:1022B00019404FF6FF7303EA022319430184704764
:1022C0000A460021018C4DF6FF7319404FF6FF734B
:1022D00003EA023319430184704730B50023012417
:1022E0008C40A3B2048C9C430484048C02FA01F554
:1022F000ADB22C43048430BD30B5002304248C409F
:10230000A3B2048C9C430484048C02FA01F5ADB2A0
:102310002C43048430BD70B50346002000241846C9
:10232000183001258D40ACB21D8CA5431D8409B128
:10233000082909D100EB6100056825F070050560EA
:102340000568154305600EE00D1FC5F34E052844D2
:10235000056825F4E045056005684FF6FF7606EA56
:1023600002263543056070BD21B1028842F00202A9
:10237000028004E002884FF6FD731A400280704725
:1023800021B1028842F00402028004E002884FF684
:10239000FB731A400280704721B1828842F08002AC
:1023A000828004E082884FF67F731A4082807047F3
:1023B00002884FF6F7731A40028002880A430280AF
:1023C000704782884FF68F731A40828082880A4352
:1023D0008280704702894FF6F8731A4002810289A1
:1023E0000A430281704702894FF67F731A400281C7
:1023F00002890A4302817047818470478185704752
:10240000818670470187704781877047A0F8401028
:10241000704702884FF6FF431A40028002880A4341
:10242000028070470146888E70470146088F7047CA
:102430000146888F70470146B1F840007047014659
:10244000888C70470146088D704702460020138A29
:102450000B400BB1012000E000207047CA4302820C
:10246000704730B50246002000230024158A05EA93
:102470000103958905EA010413B10CB1012000E0C4
:10248000002030BDCA4302827047000010B50446E8
:10249000FB48844209D101218803FFF79FF80021FE
:1024A0004FF48040FFF79AF832E0F648844209D1B1
:1024B00001214804FFF79FF800214FF40030FFF797
:1024C0009AF825E0F048844209D101218804FFF7F9
:1024D00092F800214FF48020FFF78DF818E0EB48C8
:1024E000844209D10121C804FFF785F800214FF487
:1024F0000020FFF780F80BE0E548844208D1012175
:102500000805FFF778F800214FF48010FFF773F803
:1025100010BD2DE9F04786B005460E460024A246C0
:1025200000BFA1460027B08900B100BF2F462C8A0A
:102530004CF6FF700440F08804432C82AC894EF6C0
:10254000F3100440B088318908437189084304437B
:10255000AC81AC8A4FF6FF400440B0890443AC82A2
:1025600001A8FEF7B4FFC648874202D1DDF810A0EB
:1025700001E0DDF80CA0A88900F4004040B10AEBAE
:10258000CA0000EB0A1031684900B0FBF1F807E01F
:102590000AEBCA0000EB0A1031688900B0FBF1F8C1
:1025A0006420B8FBF0F004012009642101FB1089CC
:1025B000A88900F4004040B1322000EBC900B0FB14
:1025C000F1F000F00700044308E0322000EB0910AE
:1025D0006421B0FBF1F000F00F0004432C8106B041
:1025E000BDE8F0874FF41651016000218180C18061
:1025F00001810C21418100218181704710B5024683
:102600000020108A4FF2FF0318400B884C882343A8
:102610008C882343CC8823431843108210BD0021AB
:10262000018041808180C180704721B1828942F45C
:102630000052828104E082894DF6FF731A40828144
:102640007047F0B50346002400260025002040F620
:102650006A17B94200D100BF1846C1F3421401F015
:102660001F06012707FA06F5012C01D10C3004E002
:10267000022C01D1103000E014301AB107682F434A
:10268000076002E00768AF430760F0BD1AB1838AB4
:102690000B43838202E0838A8B4383827047028AE2
:1026A0004FF6F0731A400282028A0A430282704790
:1026B00082894FF2FF731A40828182890A438281A4
:1026C000704721B1828942F00202828104E082894E
:1026D0004FF6FD731A4082817047028A4FF6DF730E
:1026E0001A400282028A0A430282704721B1028A9A
:1026F00042F48042028204E0028A4BF6FF731A40E1
:1027000002827047C1F308028280704701468888C0
:10271000C0F308007047818941F001018181704751
:10272000028BD2B20283028B42EA012202837047FB
:10273000028B02F47F420283028B0A4302837047BA
:1027400021B1828A42F02002828204E0828A4FF61E
:10275000DF731A408282704721B1828A42F01002F0
:10276000828204E0828A4FF6EF731A4082827047B9
:1027700021B1828A42F00802828204E0828A4FF606
:10278000F7731A408282704721B1828942F4004275
:10279000828103E08289C2F30E028281704721B1F7
:1027A000828A42F40062828204E0828A4FF2FF73DE
:1027B0001A4082827047828A4FF6FB731A408282E7
:1027C000828A0A438282704721B1828A42F00202E1
:1027D000828204E0828A4FF6FD731A40828270473B
:1027E00002460020B1F5007F00D100BF13880B40E6
:1027F0000BB1012000E00020704701F40072B2F537
:10280000007F00D100BFCA430280704770B5024606
:10281000002400230025002040F66A16B14200D1B2
:1028200000BFC1F3421501F01F03012606FA03F3AE
:10283000012D02D19689334006E0022D02D1168A7D
:10284000334001E0968A33400C12012606FA04F464
:102850001688344013B10CB1012000E0002070BD97
:1028600010B50022002340F66A14A14200D100BF37
:102870000A1201249440A3B2DC43048010BD00007E
:10288000003801400044004000480040004C004037
:102890000050004010B50446FA48844208D1012196
:1028A0004015FEF79BFE00216015FEF797FE17E02E
:1028B000F548844208D101210015FEF78FFE002162
:1028C0002015FEF78BFE0BE0F048844208D1012171
:1028D000C803FEF783FE00214FF40040FEF77EFEA2
:1028E00010BD30B50246002000235068E84C20405F
:1028F0000D790C6844EA0524204350609068E54C4B
:102900002040D1E902542C434D7944EA4504204348
:102910009060D06A20F470000C7C641EE4B2234303
:1029200040EA0350D06230BD002101600171417165
:102930008160C16001210174704721B1826842F059
:102940000102826003E0826822F001028260704727
:1029500021B1826842F48072826003E0826822F4CE
:1029600080728260704710B50023CBB21AB1446800
:102970001C43446002E044689C43446010BD81688D
:1029800041F0080181607047014600208A6802F02A
:1029900008020AB1012000E000207047816841F080
:1029A000040181607047014600208A6802F0040239
:1029B0000AB1012000E00020704721B1826842F492
:1029C000A002826003E0826822F4A0028260704765
:1029D000014600208A6802F480020AB1012000E06A
:1029E0000020704710B50A4600210023416821F4F9
:1029F0006041531E41EA4331416010BD21B142683C
:102A000042F40062426003E0426822F400624260E5
:102A10007047F0B504460D4600200021092D11DD58
:102A2000E068A5F10A0606EB4607072606FA07F155
:102A30008843A5F10A0606EB460603FA06F10843A9
:102A4000E0600CE0206905EB4507072606FA07F170
:102A5000884305EB450603FA06F108432061072A7F
:102A60000FDA606B561E06EB86071F2606FA07F183
:102A70008843561E06EB860605FA06F10843606396
:102A800022E00D2A0FDA206BD61F06EB86071F26E1
:102A900006FA07F18843D61F06EB860605FA06F10B
:102AA0000843206310E0E06AA2F10D0606EB8607FA
:102AB0001F2606FA07F18843A2F10D0606EB8606EB
:102AC00005FA06F10843E062F0BD21B1826842F4E4
:102AD0008012826003E0826822F480128260704774
:102AE0000146C86C80B2704766484C300068704739
:102AF00021B1426842F48062426003E0426822F4FD
:102B000080624260704721B1426842F48052426064
:102B100003E0426822F48052426070470A46002176
:102B2000816821F4E04111438160704721B18268DE
:102B300042F40042826003E0826822F40042826034
:102B4000704721B1826842F40212826003E0826819
:102B500022F4021282607047014600208A6802F463
:102B600000120AB1012000E000207047F0B50446D1
:102B70001546002000220026092911DDE068A1F198
:102B80000A0707EB470C072707FA0CF29043A1F15D
:102B90000A0707EB470703FA07F21043E0600CE06F
:102BA000206901EB410C072707FA0CF2904301EB77
:102BB000410703FA07F210432061A06BC0F30156EE
:102BC000EF1C06F1010CA7EB0C0707EB870C1F2786
:102BD00007FA0CF29043EF1C06F1010CA7EB0C076F
:102BE00007EB870701FA07F21043A063F0BD10B5A9
:102BF0000A4600210023816B21F44011531E41EA53
:102C00000351816310BD08B5002300930090009B21
:102C10000B440093009B1A6008BD08B502460020D3
:102C20000090009201F12800009B18440090009849
:102C3000006880B208BD0A4600214168164B194061
:102C40001143416070474162826270470A46002129
:102C5000416821F01F0111434160704740B10949AB
:102C60000831096841F40001064A0832116007E0A2
:102C700004490831096821F40001024A0832116050
:102C8000704700000024014000280140003C014042
:102C9000FFFEF0FFFDF7F1FFFFFD3FFF02460020C2
:102CA00013680B400BB1012000E000207047CA43BD
:102CB0000260704770B502460020002300240B120A
:102CC0005568CEB205EA060415681D4015B10CB171
:102CD000012000E0002070BD00220A12D3430360EF
:102CE0007047000029B1504A128802434E4B1A80A7
:102CF00004E04D4A128882434B4B1A8070474A4881
:102D0000001D008840F010004749091D08807047E9
:102D10004548001D00884FF6EF7108404249091DE3
:102D200008807047002140481C300188001F00883F
:102D300041EA0040704700B50246FFF7E0FF100C83
:102D4000394918310880091D0A80FFF7E1FF00BDED
:102D500000B50246FFF7D3FFC2F303403249083102
:102D60000880091D0A80FFF7D3FF00BD00B50246A9
:102D7000FFF7C5FF100C2C4920310880091D0A807F
:102D8000FFF7C6FF00BD0020274910310988090759
:102D9000080B2549143109880843704700BF2248B1
:102DA000001D008800F020000028F8D070471E4861
:102DB000001D00884FF6F77108401B49091D088067
:102DC00000BF1948001D008800F008000028F8D056
:102DD000704701460020144A121D12880A400AB1A9
:102DE000012000E0002070470F49091D0988814338
:102DF0000D4A121D11807047014600200A4A121D1B
:102E000012880A40D0B2084A12880A4012B108B1AA
:102E1000012000E0002070470349091D0988814313
:102E2000014A121D118070470028004030BF7047D2
:102E300072B6704762B6704710B54FF4A060FDF7E8
:102E400039FB10BD7FB505460C4601211020FEF769
:102E5000B8FBADF80850ADF804400020ADF80A000A
:102E6000ADF8060001A91948FEF7D6FC012211466B
:102E70001648FFF748F836208DF8000003208DF83B
:102E800001008DF8020001208DF803006846FDF76F
:102E900016FB01210D48FFF71BF800200C490860C4
:102EA0007FBD0B490860704710B501210748FFF747
:102EB000D8FA012805D10648006810B10448006816
:102EC000804701210148FFF7DDFA10BD00100040E6
:102ED0002800002010B56FF00400FDF73AFB4FF01A
:102EE000E020006940F002004FF0E021086142F26A
:102EF000283048610846006940F00100086110BDB3
:102F0000F0B504460D4600212AE001EB81008B4E0E
:102F100056F8200010BB01EB810046F8204001204C
:102F200001EB8106854F07EB8606707401EB81008B
:102F30003E4606EB8000456001EB810006EB800019
:102F4000826001EB810006EB80000374002001EB3E
:102F5000810607EB8606F0600846F0BD481CC1B24A
:102F60001E29D2DBFF20F8E710B50146002027E03C
:102F700000EB8002714B53F822208A421ED10022BE
:102F800000EB80036D4C44F8232000EB800304EB3E
:102F900083035A7400EB800304EB83035A6000EB55
:102FA000800304EB83039A6000EB800304EB83034C
:102FB0001A7400EB800304EB8303DA60421CD0B286
:102FC0001E28D5DB10BD002100EB80025B4B43F8CF
:102FD000221000EB800203EB8202517400EB8002AE
:102FE00003EB8202516000EB800203EB82029160EE
:102FF00000EB800203EB8202117400EB800203EB12
:103000008202D1607047002048E000EB80014B4A0B
:1030100002EB8101097CE9BB00EB800102EB81013D
:10302000497C012938D100EB800102EB8101C9689C
:1030300081BB00EB800102EB8101496859B100EBD3
:10304000800102EB81014968491E00EB80023B4B85
:1030500003EB8202516000EB8001384A02EB8101F0
:103060004968B9B9012100EB8002344B03EB8202BD
:10307000D16000EB80011A4602EB8101896849B1F9
:1030800000EB800102EB8101896800EB800203EB19
:10309000820200E000E05160411CC8B21E28B4DB8F
:1030A000704710B5002440E004EB8400234901EB95
:1030B0008000407C012836D104EB840051F82000C8
:1030C00088B304EB840001EB8000007C012806D16A
:1030D00004EB8401194A52F82100804723E004EBF5
:1030E0008400164901EB8000007CE0B904EB840009
:1030F00001EB8000C068B0B104EB84010F4A52F8C4
:1031000021008047002004EB84010C4A02EB81017E
:10311000C86004EB8400114601EB8000806810B9A0
:103120002046FFF750FF601CC4B21E2CBCDB10BD54
:1031300010B504F04CFEFFF766FF10BDC40D002073
:10314000002000210160704710B5FFF7C3FE04F0B6
:103150001BFD04F0B7FD04F07DFC06F0EFFB03F06F
:10316000D1FC02F079FB04F0D8FB01F0CAFC01F0BD
:1031700068FD01F098FE02F055F901F044F811F0F5
:10318000A1FB07F0F5FE05F05AFD07F0A6FD044689
:103190000EF082F840F25371032000F0E3FF0123A8
:1031A0000A2211463548FFF7ABFE00230A221146DA
:1031B0003348FFF7A5FE00230A2205213148FFF717
:1031C0009FFE0123002205212F48FFF799FE0023CF
:1031D000642208212D48FFF793FE00234FF47A72F2
:1031E00005212B48FFF78CFE00230A2211462948AF
:1031F000FFF786FE00230A2211462748FFF780FECC
:1032000000230A2211462548FFF77AFE00230A22EE
:1032100011462348FFF774FE00230A221146214875
:10322000FFF76EFE0023642219461F48FFF768FE71
:1032300000230A2219461D48FFF762FE00230A22D6
:1032400005211B48FFF75CFE0123002205211948D8
:10325000FFF756FE00230A224FF4FA611648FFF7E3
:103260004FFE00230A2211461448FFF749FE10BD05
:1032700010B5FFF716FF00F08CFF10BD356B00088E
:10328000575D0008E3450008F7460008E97A0008A2
:10329000297A0008677C0008AB8500080B48010804
:1032A0007F1E01083516010825D70008B1990008CE
:1032B000C5D30008EFD300088B540008218E000806
:1032C00070B503460C4603E014F8015B03F8015B9C
:1032D0001500A2F10102F7D170BD30B5034601E03F
:1032E00003F8011B1400A2F10102F9D130BD00B5B1
:1032F0007C494FF42072C8680021FFF7EEFF79493E
:103300004FF4A04288680021FFF7E7FF01207549CC
:10331000087400BD0022002105E07248C068405CCE
:1033200000B1521C491CB1F5207FF6D364205043F4
:103330004FF42073B0FBF3F0C0B270472DE9F041B9
:1033400006460024A0466748007C10B96549086815
:1033500080471EB94FF0FF30BDE8F0816248006839
:10336000B6FBF0F085B260480068B6FBF0F100FBF8
:10337000116008B1681C85B25C480068441E1BE0FF
:103380005848C068005D20B908F101001FFA80F8B4
:1033900001E04FF00008A8450DD1002704E0514995
:1033A000C968E2198D547F1CAF42F8D34E490968B1
:1033B00004FB01F0D0E7641E002CE1DA4FF0FF308F
:1033C000CAE770B505464748007C20B945490868FA
:1033D0008047012070BD46480068854212D24248AD
:1033E0000068B5FBF0F13F48C068425C002405E08E
:1033F00000203C4BDB680E199855641C9442F7DBA7
:103400000020E7E70220E5E72DE9F04105463548D1
:10341000007C20B9334908688047BDE8F081314815
:1034200080682E1A3248006886421ED22E4B1B68D6
:10343000B6FBF3F02B4BDB68195C2A46002402E054
:1034400000231355641C284B1B684B43A342F7D839
:10345000002407E00023234FFF6800EB040C07F86B
:103460000C30641C8C42F5DBD7E700BFD5E770B5A4
:10347000044604B970BD1B488068251AFFF7D8FCC4
:103480002046FFF7C1FFFFF7D5FC00BFF2E770B59C
:103490000546FFF7CDFC2846FFF750FF0446FFF72F
:1034A000C9FC601C08B9002070BD0E48806820442B
:1034B000FAE770B506460C462046FFF73FFF054683
:1034C000681C08B9002070BD064989684819224661
:1034D0003146FFF7F5FE3046FFF7C9FF0148806827
:1034E0002844F0E738000020300000202C000020A5
:1034F00034000020012080F3138800BF00BF65481E
:10350000006800F4E06064490843001D61490860F8
:10351000BFF3408F00BF00BFFEE72DE9F05F064616
:103520000F4690460024B3463D46A14617E0687812
:103530004FEA002A28788244AD1C2046641C574973
:1035400021F810A0B4F5806F07D100244FF48062F9
:10355000584600F0DAF80BF5006B09F10209C14595
:10356000E5D324B1A2B24D49584600F0CEF8BDE8EB
:10357000F09F10B50446206849490840B0F1005F4B
:1035800008D16068474908602068FCF765FE454837
:103590000068804710BD08B54FF6FF70009002220A
:1035A0006946414800F0B1F84048FFF7E2FF08BD26
:1035B0003E483849091F08607047F0B59BB0054682
:1035C0000E461746684600F02BF9324629466846F3
:1035D00000F0FBFC17A9684600F05CFD002409E040
:1035E000395D17A8005D814202D000201BB0F0BDFC
:1035F000601CC4B2102CF3DBFF20F7E738B504469B
:10360000221D2B482168FFF7D8FF50B10020009001
:1036100002226946244800F078F8FCF720FEFF20DB
:1036200038BD0020FCE738B50446221D204821683B
:10363000FFF7C3FF40B100200090022269461A48FC
:1036400000F063F8FF2038BD0020FCE70020194996
:10365000088019490860704710B50446208815494C
:103660000988884214D1628813490968104BC81828
:10367000211DFFF752FF0F480088401C0D490880AC
:1036800060880D49096808440B490860FF2010BD97
:103690000020FCE70CED00E00000FA059C62002031
:1036A0000000FE2F4C000020001400080018000845
:1036B00000A801085000002054000020014608889E
:1036C00070472DE9F04105460E461746002407E0F5
:1036D00036F814102846FDF74EFAAD1C601C84B273
:1036E000BC42F5DBBDE8F08130B503460C4615461B
:1036F000002207E01846FFF7E1FF24F812009B1CA8
:10370000501C82B2AA42F5DB30BD2DE9F05F804645
:103710008A461746B8F1006F02D33848804501D376
:10372000BDE8F09FFDF7DFF8A8F1006B4FEADB255D
:10373000CBF34909C9F58064A74200DC3C464EE062
:103740004FF0006101EBC5204A142D49FFF7CCFF73
:1037500000260BE009EB0600294931F810004FF66E
:10376000FF71884200D003E0701C86B2A642F1DBF4
:1037700000BFA6421BDA4FF0006101EBC520FDF748
:10378000F7F8002608E03AF8160006EB09011C4A93
:1037900022F81100701C86B2A642F4DB4FF00061E3
:1037A00001EBC5204A141649FFF78BFF04E02246BF
:1037B00051464046FFF785FFA74200D110E06D1C3F
:1037C0004FF000090AEB440A08EB4408381B87B2A3
:1037D000B7F5806F02DD4FF4806400E03C46AFE750
:1037E00000BFFDF78CF800BF9AE713B5044601222D
:1037F00001A92046FFF789FF1CBD00000000040856
:103800009C6A0020014600BF704700BF704770B53A
:1038100004460D46E1B2012005F0E3FE204670BDEE
:10382000002101604160FE498160FE4AC260CA43D6
:103830000261FC4AD2434261704770B503460024DE
:10384000002010E00E5C451C4D5D46EA0526851CF7
:103850004D5D46EA0546C51C4D5D46EA056543F8E3
:103860002450641C001D9042ECD370BD2DE9F04340
:10387000C0B080468946D8F80040D8F80450D8F83F
:103880000860D8F80C70402249466846FFF7D5FF1B
:1038900005EA060027EA0501084300990844E249C1
:1038A00008440444E00140EA54642C4404EA05005E
:1038B00026EA0401084301990844DC490844074406
:1038C000380340EA1757274407EA040025EA0701AE
:1038D000084302990844D64908440644700440EA63
:1038E000D6363E4406EA070024EA06010843039957
:1038F0000844D04908440544A80540EA95253544C4
:1039000005EA060027EA0501084304990844CA4964
:1039100008440444E00140EA54642C4404EA0500ED
:1039200026EA0401084305990844C44908440744A9
:10393000380340EA1757274407EA040025EA07013D
:10394000084306990844BE4908440644700440EA06
:10395000D6363E4406EA070024EA060108430799E2
:103960000844B84908440544A80540EA952535446B
:1039700005EA060027EA0501084308990844B24908
:1039800008440444E00140EA54642C4404EA05007D
:1039900026EA0401084309990844AC49084407444D
:1039A000380340EA1757274407EA040025EA0701CD
:1039B00008430A990844A0F524404F38064470048F
:1039C00040EAD6363E4406EA070024EA06010843E8
:1039D0000B9908449E4908440544A80540EA9525EA
:1039E000354405EA060027EA050108430C99084416
:1039F000984908440444E00140EA54642C4404EA31
:103A0000050026EA040108430D9908449249084438
:103A10000744380340EA1757274407EA040025EA19
:103A2000070108430E9908448C4908440644700471
:103A300040EAD6363E4406EA070024EA0601084377
:103A40000F990844864908440544A80540EA95258D
:103A5000354405EA070026EA0701084301990844AE
:103A6000804908440444600140EAD4642C4404EAD8
:103A7000060025EA06010843069908447A490844E5
:103A80000744780240EAD757274407EA050024EAAA
:103A9000050108430B990844744908440644B003DF
:103AA00040EA96463E4406EA040027EA0401084339
:103AB000009908446E4908440544280540EA153534
:103AC000354405EA070026EA07010843059908443A
:103AD000684908440444600140EAD4642C4404EA80
:103AE000060025EA060108430A9908446249084489
:103AF0000744780240EAD757274407EA050024EA3A
:103B0000050108430F9908445C4908440644B00382
:103B100040EA96463E4406EA040027EA04010843C8
:103B200004990844564908440544280540EA1535D7
:103B3000354405EA070026EA0701084309990844C5
:103B4000504908440444600140EAD4642C4404EA27
:103B5000060025EA060108430E9908444A4908442C
:103B60000744780240EAD757274407EA050024EAC9
:103B70000501084303990844444908440644B00336
:103B800040EA96463E4406EA040027EA0401084358
:103B9000089908443E4908440544280540EA15357B
:103BA000354405EA070026EA070108430D99084451
:103BB000384908440444600140EAD4642C4404EACF
:103BC000060025EA060108430299084432490844E0
:103BD0000744780240EAD757274407EA050024EA59
:103BE00005010843079908442C4908440644B003DA
:103BF00040EA96463E4406EA040027EA04010843E8
:103C00000C990844264908440544280540EA15351E
:103C1000354485EA0600784005990844214943E087
:103C20000123456789ABCDEF78A46AD756B7C7E8BB
:103C3000DB702024EECEBDC1AF0F7CF52AC68747CE
:103C4000134630A8019546FDD8988069AFF7448B9C
:103C5000BED75C892211906B937198FD8E4379A633
:103C60002108B44962251EF640B340C0515A5E2671
:103C7000AAC7B6E95D102FD65314440281E6A1D835
:103C8000C8FBD3E7E6CDE121D60737C3870DD5F4CE
:103C9000ED145A4505E9E3A9F8A3EFFCD9026F67D3
:103CA0008A4C2A8D4239FAFF08440444200140EA34
:103CB00014742C4484EA0500704008990844FC49B7
:103CC00008440744F80240EA5757274487EA0400AB
:103CD00068400B990844F74908440644300440EA18
:103CE00016463E4486EA070060400E990844F249B1
:103CF00008440544E80540EA5525354485EA0600B0
:103D0000784001990844ED4908440444200140EA00
:103D100014742C4484EA0500704004990844E8496E
:103D200008440744F80240EA5757274487EA04004A
:103D3000684007990844E34908440644300440EACF
:103D400016463E4486EA070060400A990844DE4968
:103D500008440544E80540EA5525354485EA06004F
:103D600078400D990844D94908440444200140EAA8
:103D700014742C4484EA0500704000990844D44926
:103D800008440744F80240EA5757274487EA0400EA
:103D9000684003990844CF4908440644300440EA87
:103DA00016463E4486EA0700604006990844CA4920
:103DB00008440544E80540EA5525354485EA0600EF
:103DC000784009990844C54908440444200140EA60
:103DD00014742C4484EA050070400C990844C049CE
:103DE00008440744F80240EA5757274487EA04008A
:103DF00068400F990844BB4908440644300440EA2F
:103E000016463E4486EA0700604002990844B649D7
:103E100008440544E80540EA5525354465EA0700AD
:103E2000704000990844B14908440444A00140EAA4
:103E300094642C4464EA0600684007990844AC493D
:103E400008440744B80240EA9757274467EA050048
:103E500060400E990844A74908440644F00340EA2C
:103E600056463E4466EA0400784005990844A24953
:103E700008440544680540EAD525354465EA07004D
:103E800070400C9908449D4908440444A00140EA4C
:103E900094642C4464EA06006840039908449849F5
:103EA00008440744B80240EA9757274467EA0500E8
:103EB00060400A990844934908440644F00340EAE4
:103EC00056463E4466EA04007840019908448E490B
:103ED00008440544680540EAD525354465EA0700ED
:103EE000704008990844894908440444A00140EA04
:103EF00094642C4464EA060068400F99084484499D
:103F000008440744B80240EA9757274467EA050087
:103F10006040069908447F4908440644F00340EA9B
:103F200056463E4466EA040078400D9908447A49B2
:103F300008440544680540EAD525354465EA07008C
:103F4000704004990844754908440444A00140EABB
:103F500094642C4464EA060068400B990844704954
:103F600008440744B80240EA9757274467EA050027
:103F70006040029908446B4908440644F00340EA53
:103F800056463E4466EA040078400999084466496A
:103F900008440544680540EAD5253544D8F80000B2
:103FA0002044C8F80000D8F804002844C8F80400E9
:103FB000D8F808003044C8F80800D8F80C00384495
:103FC000C8F80C0040B0BDE8F0832DE9F047044686
:103FD0000F4615460026B046B1462088C0F3C508F6
:103FE000C8F14009206800EBC50020602068B0EBF4
:103FF000C50F02D26068401C6060606800EB5570BD
:1040000060604D451CD304F1180101EB08004A46DD
:10401000394615F078F804F1180104F10800FFF7AB
:1040200025FC4E4605E0B91904F10800FFF71EFC17
:10403000403606F14000A842F5D94FF0000800E0F4
:104040000026AA1BB91904F1180303EB080015F0A8
:104050005AF8BDE8F08770B50346144600220020E8
:1040600015E011F822501D5431F82250C5F30726EF
:10407000451C5E5551F82250C5F30746851C5E5518
:1040800051F822502D0EC61C9D55521C001DA042F9
:10409000E7D370BD2DE9FC4104460E4600250027FC
:1040A0002088C0F3C505382D40D2C5F138003FE067
:1040B00081F6718722619D6D0C38E5FD44EABEA44E
:1040C000A9CFDE4B604BBBF670BCBFBEC67E9B2843
:1040D000FA27A1EA8530EFD4051D880439D0D4D958
:1040E000E599DBE6F87CA21F6556ACC4442229F4AE
:1040F00097FF2A43A72394AB39A093FCC3595B6570
:1041000092CC0C8F7DF4EFFFD15D84854F7EA86F3C
:10411000E0E62CFE144301A3A111084E827E53F762
:1041200035F23ABDBBD2D72A91D386EBC5F17800E0
:104130000746082221466846FFF78DFF3A460849A0
:104140002046FFF742FF082269462046FFF73DFF61
:10415000102204F108013046FFF77DFFBDE8FC8125
:104160005C00002070B505460C4645F25550FDF741
:1041700027F82846FDF727F82046FDF727F8FDF732
:1041800028F8FDF72BF870BD4AF6AA20034908600D
:10419000704700B5FFF7F8FF00BD00000030004099
:1041A00070B5054600240AE02146002001F068FAB7
:1041B00081B2F94800EB44000180601CC4B2082CB5
:1041C000F2DB00240BE02146012001F059FA81B214
:1041D000F148203000EB44000180601CC4B2082C80
:1041E000F1DB00240BE02146022001F049FA81B204
:1041F000E948403000EB44000180601CC4B2082C48
:10420000F1DB70BD70470020E44981F8A10281F81C
:10421000A0024FF41670A1F88C020020A1F89202BF
:10422000A1F89002A1F88E02012081F88A020020F4
:1042300081F8880281F8A20281F8890281F8A3023C
:1042400081F8810281F88002142081F8820270478F
:1042500070477047D14890F88202704710B5044605
:10426000CE4890F8820208B9002010BDCB4991F8E1
:104270008012CA4A02EB411020222146FFF720F8A3
:10428000C64890F88002401CC44981F88002084664
:1042900090F88202401E81F88202084690F880025F
:1042A000142802D1002081F88002FF20DDE710B53C
:1042B0000446BA4890F88202142801D1002010BDAB
:1042C000B64890F88102B54A02EB40112022204600
:1042D000FEF7F6FFB14890F88102401CAF4981F823
:1042E0008102084690F88202401C81F8820208464A
:1042F00090F88102142802D1002081F88102012067
:10430000DDE7F0B589B004460D4616461F46F1B20A
:104310008DF8121000218DF8131000208DF8100078
:10432000E9B28DF8111005940797002102910391CD
:104330008DF800006846FFF791FF09B0F0BD2DE948
:10434000F04389B080460C4616461F46DDF8409083
:104350002546A9788DF81210E9788DF81310287881
:104360008DF8100069788DF81110CDF81890CDE90E
:1043700002678DF800806846FFF770FF09B0BDE85E
:10438000F083864981F8A2027047844890F8A2021F
:10439000704770B50446207C01F04CFA002848D1E3
:1043A00002207E4981F8A002207C01F017FA48BB68
:1043B0007A48B0F88C02B0F5967F51DA207C02F092
:1043C000DFFC18B9207C02F0C8FC20B1E07C401E64
:1043D000E074012070BD7148B0F88C0200283FD114
:1043E0006E4890F8A10258B101206C4981F8A002F2
:1043F000084690F8A102401E81F8A1020220E9E7D8
:104400000320E7E7207C01F0E9F90546012D0ED1F4
:10441000207C02F0B5FC18B9207C02F09EFC20B193
:10442000E07C401EE0740520D4E70420D2E706209B
:10443000D0E7207C01F0EFF9012811D1207C02F0B7
:104440009FFC18B9207C02F088FC48B1E07C401E3B
:10445000E074627CA17C207C01F0FDF80120B9E7CA
:104460000020B7E770B5044600264D48007830B10B
:10447000012811D0022828D003280CD152E00020B6
:10448000464981F8A00201204549087040F2DC50FD
:104490004249A1F8920299E0627CA17C207C01F063
:1044A000ABF888B1207C02F06BFC207C02F055FC5C
:1044B0004FF416703949A1F88C020220384908706F
:1044C0001E203649A1F8920280E0207C01F0B2F96A
:1044D000022826D1207C02F053FC207C02F03DFC17
:1044E00001F0BDFA20B12D4890F8A002012804D1B6
:1044F00000202A4981F8A10203E00120274981F820
:10450000A1020120254981F8A00203202449087056
:1045100040F2DC502149A1F892024FF41670A1F844
:104520008C0253E02046FFF734FF0546072D4BD29F
:10453000DFE805F004050E172038410044E0FF26AF
:104540000020174908701E201449A1F892023BE090
:1045500001201349087040F2DC501049A1F8920282
:1045600032E0032600200E4908701E200B49A1F8F6
:10457000920229E0627CA17C207C01F094F808B1D1
:10458000042600E001260020054908701E2003498A
:10459000A1F8920218E0000069010020A07200203A
:1045A000C901002005260020FD4908701E20FD4994
:1045B000A1F8920208E002260020F94908701E20A6
:1045C000F849A1F8920200BF00BF00BF00BFF54844
:1045D000B0F8920218B90E260020F1490870304652
:1045E00070BD00B5EF4890F8A00202280BD1ED484D
:1045F000B0F88C02002806DDEA48B0F88C02401EB4
:10460000E849A1F88C02E748B0F89602642807DA76
:10461000E448B0F89602401CE249A1F8960205E091
:10462000FFF7F0FD0020DF49A1F89602DD48B0F861
:104630009202002806DDDB48B0F89202401ED949FC
:10464000A1F89202D748B0F89002002806DDD548BC
:10465000B0F89002401ED349A1F89002D148B0F8BA
:104660008E02002806DDCF48B0F88E02401ECD49EC
:10467000A1F88E02CB48B0F89402002806DDC948A4
:10468000B0F89402401EC749A1F89402C548B0F89A
:104690009802002806DDC348B0F89802401EC149C0
:1046A000A1F89802BF48B0F89A02002806DDBD487C
:1046B000B0F89A02401EBB49A1F89A02B948B0F876
:1046C0009C02002806DDB748B0F89C02401EB549A0
:1046D000A1F89C0200BD437A00F10A0202EB8302BA
:1046E0001160427A521C427270470146487A0A228F
:1046F00002EB800070477CB5AA4890F8A2020F2810
:1047000076D2DFE800F00875C3757575755A8FF5B8
:10471000659AF4F35600A448FFF7C9FDE8B10120FB
:10472000A04981F88902A048807CA04988709E48F1
:10473000C07CC8709C48007C08709B48407C4870D6
:104740009948406948600020487208720120C1F809
:104750002A000E20FFF715FE2AE09248B0F89E02CC
:1047600010B39048B0F89C02F0B900208D49A1F830
:104770009E020CF09DFDC0B100F091FB50B109F01C
:104780009AF918B102200FF015FA11E003200FF08A
:1047900011FA0DE000F06BFB18B105200FF00AFADA
:1047A00006E004200FF006FA02E000200FF002FA03
:1047B00086E10220FFF7E5FD82E141F658336422ED
:1047C0000121002003F082FA0A20FFF7DAFD77E1E9
:1047D000002003F09EFA20BB002003F0B1FA40B99C
:1047E00073497248FFF777FF0220FFF7CAFD18E010
:1047F00065E16F4966316D48FFF76DFF6A48C06932
:1048000030B16A4BD3F82A105868674BDA69904781
:10481000664AD2F82A10506800F0B8FC0020FFF772
:10482000B0FD4DE141F6583364220021084603F003
:104830004DFA0B20FFF7A5FD42E1002003F069FAD5
:1048400018BB002003F07CFA38B959495748FFF7E4
:1048500042FF0220FFF795FD17E0554969315348A3
:10486000FFF739FF5048C06930B1504BD3F82A10D8
:1048700058684D4BDA6990474C4AD2F82A10506874
:1048800000F084FC0020FFF77CFD19E14648FFF7AB
:10489000E9FD04462046042C37D007DC68B1012826
:1048A0000CD0022816D0032865D122E0052838D084
:1048B0000E2845D0FF285ED14EE05CE008200FF0C6
:1048C00079F94FF497703949C1F82A000D20FFF7A4
:1048D00058FD50E008200FF06DF94FF498703349FF
:1048E000C1F82A000D20FFF74CFD44E045E0B8E098
:1048F000ACE008200FF05EF940F22D102B49C1F812
:104900002A000D20FFF73DFD35E008200FF052F999
:104910004FF497702549C1F82A000D20FFF731FDAB
:1049200029E02249087803F0B1F807200FF042F996
:1049300002201E49C1F82A000D20FFF722FD1AE0CF
:1049400008200FF037F94FF497701849C1F82A0082
:104950000D20FFF716FD0EE01449087803F096F8D5
:1049600007200FF027F902201049C1F82A000D2076
:10497000FFF707FD00BF00BFA2E00B48C06930B1E0
:104980000A4BD3F82A105868074BDA699047074852
:10499000D0F82A0040F22D1188420BD101200AE004
:1049A000C9010020A0720020487500206875002011
:1049B000E0A501000020D8B1424890F8A3020228E7
:1049C00007DA404890F8A302401C3E4981F8A30250
:1049D0002AE006F0EDF8682803D16A2006F0EBF82B
:1049E00022E006F0E5F8F8B9662006F0E4F81BE0EE
:1049F0003548D0F82A00022801D1012000E000202B
:104A000090B100202F4981F8A30206F0D1F86A285E
:104A100003D1682006F0CFF806E006F0C9F8662852
:104A200002D1002006F0C7F8274AD2F82A105068B1
:104A300000F0ACFB0020FFF7A4FC01202149A1F805
:104A40009E024FF4FA70A1F89C0239E041F6583307
:104A500064220021084603F039F90C20FFF791FC8D
:104A60002EE0002003F055F940BB002003F068F968
:104A700020B916491448FFF72EFE04E013496931A6
:104A80001148FFF728FE1248806970B10E48FFF701
:104A90002CFE85B20E48C1688068CDE900010C4942
:104AA00008782A468B6908499847074AD2F82A109D
:104AB000506800F06BFB0020FFF763FC00E000BFD4
:104AC00000BF7CBDA072002068750020E0A5010039
:104AD0004875002010B5044614B902F0DDFC10BD85
:104AE0003A4800EBC400C079F9E710B504461CB998
:104AF00002F0D5FCC0B210BD344800EBC400807990
:104B0000F9E710B5324800F0FCF8314B9A78597843
:104B10001B7803F0010002F0C6FC04222C492B484C
:104B2000FEF7CEFB04222A49091D28480830FEF76B
:104B3000C7FB04222649083124481030FEF7C0FB89
:104B400010BD38B505460C46207820B9E278A1782A
:104B5000607802F0A8FC617820781D4A12F82000E5
:104B600061F30000217802F82100A078217802EB9F
:104B700081014870E07840B2217802EB81018870B1
:104B8000104600F0A6F861782078104A12F830003C
:104B900061F30000217802F83100A078217802EB5F
:104BA000C1014870E07840B2217802EBC101887001
:104BB00020788DF8000000208DF8020001208DF88B
:104BC000010000208DF8030038BD0000967500201C
:104BD000AE7500200146F84830F811007047F748DC
:104BE00090F8FE007047F54890F8FC007047F0B56B
:104BF0000346002400201A4600BF03E0156828443D
:104C0000121D641CB4EB910FF8D301F0030555B1EC
:104C100001F00306C6F10406F7004FF0FF36FE4030
:104C2000156835402844F0BD02460B46002104E0DB
:104C3000505C08B100207047491C9942F8D3FF200E
:104C4000F9E710B5DE48DF4908604FF43171DD48FF
:104C50000068FFF7CCFF0446DA480068D0F8C402C9
:104C6000A04226D1F4B94FF43171D6480068FFF75D
:104C7000DBFFFF280FD14FF43171D048FFF7B7FFAA
:104C80000446CE48C0F8C4424FF4B2720146CC4844
:104C9000FEF73BFD1CE04FF4B272C849C848FEF76E
:104CA00023FD15E04FF4B272C449C548FEF71CFD60
:104CB0000EE04FF43171C148FFF799FF0446BF4839
:104CC000C0F8C4424FF4B2720146BD48FEF71DFD64
:104CD00010BD70B504460C222146B8482430FEF7BA
:104CE000EFFA4FF43171B548FFF781FF0546B3483D
:104CF000C0F8C4524FF4B2720146B148FEF705FD48
:104D000070BD10B504460C22AC4924312046FEF794
:104D1000D7FA10BD70B50446CC222146A7483030E2
:104D2000FEF7CEFA4FF43171A448FFF760FF054655
:104D3000A248C0F8C4524FF4B2720146A048FEF730
:104D4000E4FC70BD10B50446CC229C4930312046AD
:104D5000FEF7B6FA10BD70B50446242221469748E6
:104D6000FEF7AEFA4FF431719448FFF740FF054665
:104D70009248C0F8C4524FF4B27201469048FEF710
:104D8000C4FC70BD10B5044624228C492046FEF7B1
:104D900097FA10BD70B5044680222146864820301F
:104DA000FEF78EFA4FF431718448FFF720FF054675
:104DB0008248C0F8C4524FF4B27201468048FEF7F0
:104DC000A4FC70BD10B5044680227B4920312046EA
:104DD000FEF776FA10BD70B505460C462246294608
:104DE0007548A330FEF76CFA744880F8A1414FF47F
:104DF0003171FFF7FCFE06467048C0F8C4624FF4FC
:104E0000B27201466E48FEF780FC70BD70B5054673
:104E10000C46224629466848C330FEF751FA6748D7
:104E200080F8A2414FF43171FFF7E1FE0646634876
:104E3000C0F8C4624FF4B27201466148FEF765FCE7
:104E400070BD10B504465D4890F8A12100F2A31191
:104E50002046FEF735FA10BD10B50446574890F8C5
:104E6000A22100F2C3112046FEF72AFA10BD5348D2
:104E700090F8A201704770B50446504880F8A041F0
:104E80004FF43171FFF7B3FE05464C48C0F8C452E9
:104E90004FF4B27201464A48FEF737FC70BD4748EE
:104EA00090F8A001704710B50024474847490860B2
:104EB000C42146480068FFF79AFE0446434800684C
:104EC000D0F8C400A04221D1D4B94048006800887D
:104ED0004AF2A00188420DD0C4213D48FFF787FE69
:104EE00004463B48C0F8C440642201463648FEF7F9
:104EF0000CFC18E0642236493348FEF7F5FB12E05B
:104F0000642233493048FEF7EFFB0CE0C4213048FF
:104F1000FFF76DFE04462E48C0F8C44064220146E7
:104F20002948FEF7F2FB10BD10B50446542228496B
:104F3000091D2046FEF7C4F910BD70B50446542281
:104F400021462348001DFEF7BBF9C4212048FFF786
:104F50004EFE05461E48C0F8C450642201461A4859
:104F6000FEF7D3FB70BD10B5044620221849583116
:104F70002046FEF7A5F910BD70B504462022214653
:104F800013485830FEF79CF9C4211148FFF72FFE53
:104F900005460F48C0F8C450642201460A48FEF78F
:104FA000B4FB70BD10B504462A2209497831204669
:104FB000FEF786F910BD0000D0020020D0010020CD
:104FC00000D80308CC01002000EC0308980400205E
:104FD0009C04002070B504462A2221465148FEF761
:104FE0006FF9C4214F487838FFF701FE05464D4858
:104FF0007838C0F8C450642201464B48FEF785FB60
:1050000070BD10B50446202246492A312046FEF7DD
:1050100057F910BD70B504462022214641482A3078
:10502000FEF74EF9C4213F487838FFF7E0FD05460A
:105030003C487838C0F8C450642201463A48FEF72C
:1050400064FB70BD08B50020009001226946374816
:10505000FEF74AFBBDF8000008BD08B5002000902F
:10506000012269463148801CFEF73EFBBDF8000076
:1050700008BD08B500200090012269462B48001D9C
:10508000FEF732FBBDF8000008BD08B50020009017
:10509000012269462548801DFEF726FBBDF8000069
:1050A00008BD70B504460D46B4F5616F09DAC4EB6E
:1050B000C4011E4A083202EB81000E222946FEF787
:1050C00013FB70BD70B504460D46B4F5616F09DA87
:1050D000C4EBC401154A083202EB81000E222946B6
:1050E000FEF713FB70BD01B5012269460F48FEF7BC
:1050F0000CFB08BD01B5012269460C48801CFEF777
:1051000004FB08BD01B5012269460848001DFEF7F1
:10511000FCFA08BD01B5012269460448801DFEF76E
:10512000F4FA08BD1405002000EC0308004802084A
:1051300070B588B00546FFF790FF064600240AE0E8
:10514000A0B201A9FFF7ADFF0398A84202D1012048
:1051500008B070BD641CB442F2D30020F8E770B50B
:1051600088B00546FFF779FF064600240AE0A0B2A2
:1051700001A9FFF796FF0398A84202D1069808B04C
:1051800070BD641CB442F2D30220F8E7F0B587B0DA
:1051900005460E46FFF761FF074600240DE0A0B26A
:1051A0006946FFF77EFF0298A84205D10596A0B296
:1051B0006946FFF787FF02E0641CBC42EFD300BFE3
:1051C00007B0F0BDF0B587B007461C2239466846E7
:1051D000FEF776F8FFF741FF0546FFF74AFF064660
:1051E000FFF753FF0446069469462046FFF76AFF1F
:1051F000B5F5616F0ADA681C85B240F60F6084422B
:1052000002DA601C84B211E000240FE040F60F6067
:10521000844202DA601C84B200E0002440F60F6091
:10522000864202DA701C86B200E000262846FFF7AC
:1052300061FF3046FFF766FF2046FFF76BFF07B0C0
:10524000F0BD2DE9F04F9BB004460D4617464FF0D8
:10525000000BD9462088BA49A0FB0110A078B94AB2
:1052600050430918E078B84A00FB02F00918207989
:1052700042F2107200FB02F0091860794FF06402EC
:1052800000FB02F00918A07908181A902888AC4988
:10529000A0FB0110A878AB4A00FB02F00918E878DF
:1052A000A94A00FB02F00918287942F2107200FBAB
:1052B00002F0091868794FF0640200FB02F0091847
:1052C000A87908181990FFF7C8FE8246C84654E02E
:1052D0001FFA88F012A9FFF7E4FEBDF848009849CC
:1052E000A0FB01109DF84A00964A504309189DF80A
:1052F0004B00954A00FB02F009189DF84C0042F261
:10530000107200FB02F009189DF84D004FF0640286
:1053100000FB02F009189DF84E000E181A988642FC
:1053200029D31998864226D8BBF5787F00DB26E082
:1053300009F10109DDE91423DDE91610CDE90423A3
:10534000CDE906109DF84E009DF84D109DF84C20BB
:105350009DF84B30CDE90032CDE902109DF84A307E
:10536000BDF8482079A109A813F08CFC1FB109A948
:10537000384613F0BCFE08F10108D045A8D300BFA1
:1053800048461BB0BDE8F08F2DE9F04399B00446C4
:105390000D464FF000090027FFF75FFE804600260C
:1053A00039E0B0B212A9FFF77CFEBDF848002188B1
:1053B00088422FD19DF84A00A17888422AD19DF8D1
:1053C0004B00E178884225D1B9F5BF5F00DB24E0CE
:1053D0007F1CDDE91423DDE91610CDE90423CDE9B6
:1053E00006109DF84E009DF84D109DF84C209DF83C
:1053F0004B30CDE90032CDE902109DF84A30BDF8BE
:1054000048205AA109A813F03DFC1DB109A928465E
:1054100013F06DFE761C4645C3D300BF384619B065
:10542000BDE8F08310B50024FFF70CFE0446012C04
:105430000CD00020FFF75EFE0020FFF763FE002087
:10544000FFF768FE0120FFF74EFE01E000BF00BF3E
:1054500010BD88B0002413E0039401200690482C6E
:1054600001D100BF00BF01A8FFF7ACFE2046FFF747
:1054700076FE06900698012801D000BFFEE7641C66
:10548000B4F57A6FE8D300BFFEE770B596B000249C
:1054900000250026032001F023FC10B101203D4926
:1054A00008703C480078002847D03A48407810B14E
:1054B000012841D115E03848FFF7C3FC364937A031
:1054C00013F0D4FB0EA8FFF74EFD0EA937A013F082
:1054D000CDFB12A939A013F0C9FB01202D4948705A
:1054E0002AE0FFF7BAFD054600241EE0A0B207A996
:1054F000FFF7D7FDDDE90923DDE90B10CDE9032333
:10550000CDE905109DF822109DF821009DF820207E
:10551000CDE9002002919DF81F309DF81E20BDF8B6
:105520001C102BA013F0A2FB641CAC42DED30020A5
:1055300018494870087000BF00BF16B070BD000069
:1055400000E40B5400E1F50540420F0025346425CA
:1055500032642532642532642532642532642F2575
:10556000642F25642F25642F25642300253034649F
:10557000253032642530326425303264253032647F
:10558000253032642F25642F25642F25642F256450
:105590002300000064050020BA7500200D0A0D0AE2
:1055A000C9E8B1B849443A25730D0A00574946493C
:1055B000C3FBB3C63A25730D0A000000574946499C
:1055C000C3DCC2EBA3BA25730D0A0D0A000000006C
:1055D000253034642530326425303264253032641D
:1055E00025303264253032642F25642F25642F2521
:1055F000642F25640D0A000070B504460E4615465A
:1056000024B92946304600F03DF970BD04EB840012
:1056100000EBC4008F4901EBC000807808B1002086
:10562000F3E7012004EB840101EBC401894A02EB9A
:10563000C101087104EB840000EBC400114601EBCA
:10564000C000867104EB840000EBC40001EBC000D5
:105650004571FF20D9E770B504460D46164624B9BA
:105660003146284600F01EF970BD002004EB84018D
:1056700001EBC401774A02EBC101087100BFF3E7F7
:1056800070B504460D461CB9284600F010F970BDEF
:1056900004EB840000EBC4006E4901EBC00008304D
:1056A00050F82500F3E770B504460E4615466CB970
:1056B00029462046FFF7E4FF04EB840101EBC40117
:1056C000644A02EBC101083141F8250004EB840073
:1056D00000EBC4005F4901EBC000083050F8251012
:1056E0000120B040014009B1012070BD0020FCE75D
:1056F000024602EB820000EBC200564B03EBC000F7
:10570000283050F831007047024602EB820000EB6F
:10571000C200504B03EBC0004078704770B50446A0
:105720000E4615466CB929462046FFF7E1FF04EB0B
:10573000840101EBC401474A02EBC101283141F861
:10574000350004EB840000EBC400424901EBC000CB
:10575000283050F835100120B040014009B1012037
:1057600070BD0020FCE770B504460D461CB9284604
:1057700000F04CF970BD04EB840000EBC400354927
:1057800001EBC000283000EBC5004068F2E770B5BF
:1057900004460E46154674B929462046FFF7E3FF36
:1057A00004EB840101EBC4012A4A02EBC101283158
:1057B00001EBC501486004EB840000EBC4002549FF
:1057C00001EBC000283000EBC50040680121B1406A
:1057D000084008B1012070BD0020FCE710B5044668
:1057E00014B900F034F910BD04EB840000EBC400E0
:1057F000184901EBC0004078F5E710B5044614B92C
:1058000000F029F910BD04EB840000EBC40011493D
:1058100011F83000F6E710B5044614B900F01FF98E
:1058200010BD04EB840000EBC4000A4901EBC0008A
:10583000C078F5E710B5044614B900F0DBF810BDE8
:1058400004EB840000EBC400024901EBC000807847
:10585000F5E70000FC75002010B500240CE00021E5
:1058600004EB440000EB0412FE4840F822106038BC
:1058700040F82410601CC4B2082CF0DB00F06CFE71
:1058800010BD70470246F7487838807C08B1002088
:1058900070470120F34B783B1875184682754175A7
:1058A000FF20F5E70022EF4B783B1A757047014661
:1058B000EC48603850F8210070470246E9486038EB
:1058C00050F8210001239340184008B1012070478F
:1058D0000020FCE70146E348403850F831007047AB
:1058E0000146E0487838407C704710B50246DD48F4
:1058F000403850F831000124944000EA04030BB111
:10590000012010BD0020FCE730B5024601EB41004C
:1059100000EB0114D34800EB84004068012494405C
:1059200000EA040393B101EB410000EB0114CD4800
:1059300000EB84004068984301EB410404EB01153F
:10594000C84C04EB85046060012030BD0020FCE7FA
:1059500030B5024601EB410000EB0114C14800EBF9
:10596000840080680124944000EA040393B101EBB1
:10597000410000EB0114BB4800EB840080689843B1
:1059800001EB410404EB0115B64C04EB8504A06067
:10599000012030BD0020FCE710B5024601EB4100BC
:1059A00000EB0114AF4850F824000124944000EAB1
:1059B00004030BB1012010BD0020FCE7024601EBFF
:1059C000410000EB0113A74800EB83000C3030F8D6
:1059D00012007047A3487838C0687047024601EB50
:1059E000410000EB01139F4800EB83002C3030F89E
:1059F000120070479B487838807C70479948783807
:105A0000017D09B1012070470020FCE7014695485F
:105A1000403800EBC1004068704710B5024691481D
:105A2000403800EBC10040680124944000EA0403C0
:105A30000BB1012010BD0020FCE702460B4689484F
:105A40007838417C09B1012070470020FCE7854887
:105A50007838407C704783487838007C70478148AC
:105A60007838C07C704710B57E487838007D38B1F2
:105A700000207D4908707D4908707D49087010BD7F
:105A800079480078052808DA77480078401C76497C
:105A900008707648007800F00EFB734800780528FF
:105AA0007ED173480178022000F0C6FE88B16D48AF
:105AB00060386F49097850F821006C490A78012153
:105AC0009140084367496039694A127841F82200D9
:105AD00010E0644860386649097850F8210063494D
:105AE0000A780121914088435E496039604A127802
:105AF00041F822005E480178012000F09DFEB8B117
:105B00005B48007800EB400101EB0011554850F86C
:105B1000210056490A7801219140084354490978E7
:105B200001EB410202EB01124E4941F8220016E05E
:105B30004F48007800EB400101EB0011494850F854
:105B400021004A490A78012191408843484909784F
:105B500001EB410202EB0112424941F822004448A4
:105B60000178012000F0C6FEC0B14148007800EB8A
:105B7000400101EB00113B4800EB810040683B49CC
:105B80000A780121914008433949097801EB410223
:105B900002EB0112334901EB82014860344800E016
:105BA00036E00178012000F080FEC0B13048007876
:105BB00000EB400101EB00112A4800EB81008068F6
:105BC0002A490A780121914008432949097801EBC3
:105BD000410202EB0112234901EB8201886000209F
:105BE0002149087022480078401C21490870084665
:105BF000007808280CD1002008701C480078401C50
:105C00001A49087008460078102801D10020087051
:105C100000F09EFC13497839C86000BF2FE770B5CB
:105C200010487838007D18B10E487838807C00B96B
:105C300070BD0C487838857D447D284600F03BFADD
:105C40002146012000F0F8FDD0B104EB440000EB48
:105C50000411044850F821000121A940084304EB35
:105C6000440107E0AC7700206705002068050020AC
:105C70006905002001EB0412F84941F8220010E008
:105C800004EB440000EB0411F44850F8210001211A
:105C9000A940884304EB440101EB0412EF4941F8A9
:105CA00022002146012000F025FE90B104EB4400C3
:105CB00000EB0411E94800EB810041680120A84095
:105CC000014304EB440000EB0412E44800EB8200C3
:105CD00041602146012000F0E8FD90B104EB440052
:105CE00000EB0411DD4800EB810081680120A84031
:105CF000014304EB440000EB0412D84800EB82009F
:105D000081602146012000F01AFE014604EB4400A8
:105D100000EB0412D14800EB82000C3020F8151083
:105D20002146012000F017FE04EB440101EB0412B0
:105D3000CA4901EB82012C3121F8150000F008FC62
:105D4000C6497839C86000BF72E710B5FFF78BFE0F
:105D5000FFF765FF10BD2DE9F0410125FFF783FE38
:105D6000FFF75DFFBD487838007D28B9BB4878381B
:105D7000807C08B9BDE8F081B8487838007D40B92A
:105D80000021B6487838817400F082F900F072F989
:105D90006BE1B2487838807C30B1B0487838C08840
:105DA000401CAE497839C880AC487838807CF8B956
:105DB0004FF41670A949783988800121A7487838AE
:105DC00081740020A5497839C88048800021A34803
:105DD000783841740020A149783948810874887D59
:105DE00000F069F99D497839487D00F0FEFA3CE100
:105DF0009A487838C088052820D1984A783A517D49
:105E0000907DFFF7A5FD954A783A517D907DFFF78B
:105E10007BFD924A783A517D907DFFF7BDFD20B120
:105E200001218E487838C17403E000218B4878380E
:105E3000C174022189487838817416E1874878381E
:105E4000C0880528A4DD854878384088C0B38348D9
:105E50007838C088814978394988401A282897DDE0
:105E60007E487838867D477D807D05FA00F47B4842
:105E70007838417D383000EBC1004068A043774955
:105E800078394A7D383101EBC2014860734878386F
:105E9000417D383050F83100A043704978394A7D4F
:105EA000383141F832000020383948800875002127
:105EB0006A487838817400F0EBF800F0DBF8D4E041
:105EC000FFE7664A783A517D907DFFF741FD002853
:105ED0004FD062487838867D477D39463046FFF797
:105EE0006DFD642844DD39463046FFF767FDB0F5A7
:105EF000167F30DD59487838807D05FA00F400209F
:105F00005649783908740846417D383000EBC100A5
:105F10004068A043514978394A7D383101EBC201CC
:105F200048604E487838417D383050F83100A04301
:105F30004A4978394A7D383141F8320000203839F1
:105F400048800875002145487838817400F0A0F831
:105F500000F090F80CE039463046FFF72FFD64283A
:105F600006DD01203D49783908740846C08848801C
:105F70007BE03A487838C08838497839898888423F
:105F800024D136487838807D05FA00F433487838D3
:105F9000417D383000EBC100406820432F497839FB
:105FA0004A7D383101EBC201486001212B48783825
:105FB000417400202949783908750021274878382C
:105FC000817400F065F800F055F84EE0FFF702FD2F
:105FD0000646234916F0E0F82FD220487838408949
:105FE000962807DA1D4878384089401C1B497839C3
:105FF00048813AE019487838807D05FA00F417485E
:106000007838417D383050F83100204313497839D1
:106010004A7D383141F83200022110487838417405
:1060200000200E497839087500210C4878388174B1
:1060300000F02EF800F01EF817E008487838C08805
:10604000642812D1054A783A517D907DFFF7A4FC6F
:1060500040B1002001497839087406E0AC7700208F
:10606000CDCC4C3F01200249087400BF82E60000FD
:10607000347700200020F7490860F749C1F884010F
:10608000F44908390860F5490860091F086070473D
:106090000020F049091D0860EF49C1F89001ED4961
:1060A0000C310860EE490860EA4910310860EA499D
:1060B000C1F89C0170470021E64A121D1160E64AB2
:1060C000C2F89011E34A0C321160E54A1160E14ACE
:1060D00010321160E04AC2F89C11102873D2DFE838
:1060E00000F0081C31475C738AA0B5CBE2FCFBFAD8
:1060F000F9F80021D74A121D1160D74AC2F8901151
:10610000D44A0C321160D64A1160D24A1032116062
:106110000121D14AC2F89C1165E10121CD4A121D2D
:1061200011600021CC4AC2F89011CA4A0C321160A9
:10613000CB4A1160C74A103211600121C64AC2F829
:106140009C1150E10021C34A121D11600121C24A75
:10615000C2F890110021BF4A0C321160C04A116090
:10616000BC4A103211600121BB4AC2F89C113AE1CD
:106170000121B84A121D1160B74AC2F890110021DE
:10618000B44A0C321160B64A1160B24A1032116042
:106190000121B14AC2F89C1125E10021AD4A121D2E
:1061A0001160AD4AC2F890110121AA4A0C32116067
:1061B0000021AB4A1160A74A103211600121A64AA2
:1061C000C2F89C110FE1FBE00121A24A121D1160EF
:1061D0000021A14AC2F8901101219E4A0C3211609F
:1061E00000219F4A11609B4A1032116001219A4A96
:1061F000C2F89C11F7E00021964A121D116001219E
:10620000954AC2F89011934A0C3211600021944AC9
:106210001160904A1032116001218F4AC2F89C111E
:10622000E1E001218B4A121D11608B4AC2F89011E6
:10623000884A0C3211600021894A1160854A103267
:1062400011600121844AC2F89C11CCE00021814AEE
:10625000121D1160804AC2F890117E4A0C32116002
:1062600001217F4A116000217A4A10321160012118
:10627000794AC2F89C11B6E00121764A121D1160DC
:106280000021754AC2F89011724A0C321160012146
:10629000734A116000216F4A1032116001216E4A69
:1062A000C2F89C119FE000216A4A121D1160012171
:1062B000694AC2F890110021664A0C32116001212E
:1062C000674A11600021634A103211600121624A5D
:1062D00004E060E049E031E01AE002E0C2F89C111D
:1062E00081E001215B4A121D11605B4AC2F89011E6
:1062F0000021584A0C3211600121594A11600021D5
:10630000544A103211600121534AC2F89C116AE0CC
:106310000021504A121D11604F4AC2F8901101210C
:106320004C4A0C3211604E4A11600021494A103229
:1063300011600121484AC2F89C1154E00121454AEC
:10634000121D11600021444AC2F890110121414AF6
:106350000C321160424A116000213E4A1032116035
:1063600001213D4AC2F89C113DE00021394A121D2D
:1063700011600121384AC2F89011364A0C3211607E
:10638000374A11600021334A103211600121324A2C
:10639000C2F89C1127E001212E4A121D11602E4ADD
:1063A000C2F890112B4A0C3211602D4A1160002165
:1063B000284A103211600121274AC2F89C1112E0CC
:1063C0000021244A121D1160234AC2F89011214A6B
:1063D0000C321160224A11601E4A103211601E4AAE
:1063E000C2F89C1100BF00BF70470021194A11601C
:1063F000194AC2F88411174A083A1160174A116005
:10640000121F1160082871D2DFE800F004132C3D40
:106410004D5E718200210F4A11600F4AC2F884114B
:106420000C4A083A11600D4A11600121121F1160D7
:106430008CE00121074A11600021074AC2F884114B
:10644000044A083A1160054A11600121121F1160C7
:106450007CE000008881224200802242B00122427A
:10646000948121420021514A11600121504AC2F811
:10647000841100214D4A083A11604E4A11600121F1
:10648000121F116062E00121484A1160484AC2F8B7
:1064900084110021454A083A1160464A11600121E1
:1064A000121F116052E00021404A1160404AC2F8B8
:1064B000841101213D4A083A116000213D4A1160D2
:1064C0000121121F116041E00121384A11600021B1
:1064D000374AC2F884110121344A083A1160002178
:1064E000344A11600121121F11602FE020E00021C9
:1064F0002E4A116001212E4AC2F884112B4A083A13
:10650000116000212B4A11600121121F11601DE052
:106510000121264A1160264AC2F88411234A083A0A
:1065200011600021234A11600121121F11600DE04A
:1065300000211E4A11601E4AC2F884111B4A083A03
:1065400011601C4A1160121F116000BF00BF70472C
:1065500010B500F0D2FC10BD08B501216020FBF79A
:1065600023F801211448FAF7AEFD10208DF803003E
:1065700003208DF80200FF20ADF8000069460F48A7
:10658000FAF7D0FC2020ADF8000069460C48FAF775
:10659000C9FC4FF4C050ADF8000069460948FAF74D
:1065A000C1FCFFF767FDFFF773FD08BD888122423C
:1065B00000802242B001224200023000001401405B
:1065C000000C01400010014000B591B001214FF4D2
:1065D0000670FAF7E9FF01210846FAF7D8FF012112
:1065E0005548FAF770FD00208DF82F0003208DF834
:1065F0002E003020ADF82C000BA95048FAF792FC81
:106600000120ADF82C000BA94D48FAF78BFC4D4842
:10661000FCF740F94B484C3000904B48019000206B
:1066200002901E20039000200490802005904000DE
:10663000069080000790202008900002099000201A
:106640000A9069464148FAF7A7F801213F48FAF74E
:10665000CEF800200C9001208DF834008DF8350024
:106660004FF460200E9000200F9003208DF8400022
:106670000CA93448FCF735F9062301220E213148D4
:10668000FCF7C7F9062302220F212E48FCF7C1F9B7
:106690000623032208212B48FCF7BBF901212948D6
:1066A000FCF74BF901212748FCF752F90121254855
:1066B000FCF783F901212548FAF799F82148FCF7FE
:1066C0005EF900BF1F48FCF75FF90028FAD11D48AA
:1066D000FCF764F900BF1B48FCF765F90028FAD104
:1066E00001211848FCF769F901211848FAF77FF8E9
:1066F00011B000BD10B503460021022B01DD0020C2
:1067000010BD002209E002EB42000F4C04EB4000F8
:1067100030F813000144501CC2B20A2AF3DB0A20ED
:10672000B1FBF0F1B1FBF0F400FB1410052800D927
:10673000491C88B2E4E7000000023000001001406C
:10674000000C0140002401400C7A002008000240A7
:1067500010B50A4600210AE000EB4003C3EB8014A9
:10676000D64B03EB8403D0335A544B1CD9B200EB05
:106770004003C3EB8014D14B13F824308B42EBDC85
:1067800010BD10B500F082FC3F20CC4908390860EC
:106790000620486002200872C949C8480838C0F875
:1067A000F81005210020FFF7D3FF0821C34808385F
:1067B00080F8FC10C349C0F8EC1105210120FFF757
:1067C000C7FF0821BD48083880F8F011BE49C0F85D
:1067D000E01205210220FFF7BBFF0621B748083869
:1067E00080F8E412B949C0F8D41305210320FFF75B
:1067F000AFFF0621B148083880F8D813B449C0F873
:10680000C81405210420FFF7A3FF0421AB48083872
:1068100080F8CC14AF49C0F8BC1505210846FFF735
:1068200097FF10BD014601EB4100C0EB8112A34868
:1068300000EB820040687047024602EB4200C0EB6A
:1068400082139E4800EB8300406801238B40184070
:1068500008B1012070470020FCE710B5014601EBAC
:106860004102C2EB8113954A02EB8302D0680023F8
:1068700001EB4102C2EB8114904A02EB8402D36027
:1068800010BD10B5014601EB4102C2EB81138B4AEA
:1068900002EB83029068002301EB4102C2EB8114FA
:1068A000864A02EB8402936010BD10B5024602EBEB
:1068B0004200C0EB8213814800EB8300C0680123D3
:1068C0008B401840A0B102EB4200C0EB82137B4822
:1068D00000EB8300C06801238B40984302EB420326
:1068E000C3EB8214754B03EB8403D860012010BD09
:1068F0000020FCE710B5024602EB4200C0EB821319
:106900006E4800EB8300806801238B401840A0B1E3
:1069100002EB4200C0EB8213684800EB8300806802
:1069200001238B40984302EB4203C3EB8214634B79
:1069300003EB84039860012010BD0020FCE70246B1
:1069400002EB4200C0EB82135C4800EB8300103086
:1069500030F811007047024602EB4200C0EB821390
:10696000564800EB8300503030F81100704710B5E6
:1069700000F00CFD10BD2DE9F04104460127002573
:106980007AE007FA05F62846D4F8F0108847C0B335
:1069900004F19000405D20B9002104F1100020F8BE
:1069A000151004F1100030F815004FF6FF71884201
:1069B00009DA04F1100030F81500401C81B204F12E
:1069C000100020F8151004F19000415D4030405D4A
:1069D000814208DA04F19000405D401CC1B204F12C
:1069E0009000415546E060683040A8BB002104F1AA
:1069F000B0004155606830436060A0683043A060DB
:106A000038E0FFE704F1B000405D20B9002104F157
:106A1000500020F8151004F1500030F815004FF622
:106A2000FF71884209DA04F1500030F81500401C6B
:106A300081B204F1500020F8151004F1B000415D5E
:106A40002030405D814208DA04F1B000405D401C16
:106A5000C1B204F1B00041550CE06068304048B16B
:106A6000002104F1900041556068B0436060E06827
:106A70003043E060681CC5B22078A84281DCBDE8E4
:106A8000F08170B50126002411E006FA04F50B48E8
:106A900008380068284040B104EB4401C1EB84127F
:106AA000064901EB8200FFF766FF601CC4B2034891
:106AB00008384068A042E8D870BD0000507A002035
:106AC0002B7100084B710008DD710008717200081D
:106AD000C1720008117300080146FB48C06801221A
:106AE0008A40104008B1012070470020FCE70146B1
:106AF000F548806901228A40104008B101207047A2
:106B00000020FCE710B5FFF75FFDFFF73AFE10BD70
:106B1000017801290AD14168B1F57A7F03D2416831
:106B2000491C416005E00121C17002E00021C170F3
:106B30004160704710B5FFF7A4FF03210420FFF761
:106B40007BFEE249087003210420FFF7D3FEDF49F2
:106B500049780843DD49487003210420FFF7A5FE6A
:106B6000DA4989780843D94988700846FFF7D0FF89
:106B700000210520FFF760FED44981F8380000218C
:106B80000520FFF7B7FED14991F839100843CF49E6
:106B900081F8390000210520FFF787FECB4991F8E5
:106BA0003A100843C94981F83A0001210520FFF74E
:106BB00043FEC64981F8400001210520FFF79AFEF7
:106BC000C24991F841100143C04880F841100121A9
:106BD0000520FFF76AFEBD4991F842100143BB480A
:106BE00080F8421002210520FFF726FEB74981F800
:106BF000480002210520FFF77DFEB44991F84910B5
:106C00000143B24880F8491002210520FFF74DFEEC
:106C1000AE4991F84A100143AC4880F84A1003216C
:106C20000520FFF709FEA94981F85000032105203E
:106C3000FFF760FEA54991F851100143A34880F881
:106C4000511003210520FFF730FEA04991F85210A2
:106C500001439E4880F8521004210320FFF7ECFD09
:106C60009A4981F8580004210320FFF743FE974911
:106C700091F859100843954981F8590004210320DF
:106C8000FFF713FE914991F85A1008438F4981F894
:106C90005A0010BD8D4890F8580070478B4890F806
:106CA000590028B10021894880F859100120704707
:106CB0000020FCE7854890F85A0028B1002183485D
:106CC00080F85A10012070470020FCE70146042993
:106CD00001DB002070477D48383010F83100F9E7BB
:106CE0000146042901DB002070477848383000EB6A
:106CF000C100407838B100227448383000EBC10040
:106D000042700120F0E70020EEE70146042901DB94
:106D1000002070476D48383000EBC100807838B1F2
:106D200000226A48383000EBC10082700120F0E791
:106D30000020EEE70146022901DB0020704763488E
:106D400000EBC100C078F9E70146022901DB002011
:106D500070475E4810F83100FAE70146022901DB6E
:106D600000207047594800EBC100407830B1002046
:106D7000564A02EBC10250700120F2E70020F0E712
:106D80000146022901DB00207047504800EBC1009A
:106D9000807830B100204D4A02EBC1029070012092
:106DA000F2E70020F0E70146484800EBC100807898
:106DB00070470146454800EBC100407870470146E6
:106DC000022901DB002070474048283010F83100CC
:106DD000F9E70146022901DB002070473B482830D3
:106DE00000EBC100407838B100223848283000EB71
:106DF000C10042700120F0E70020EEE701460229C1
:106E000001DB002070473148283000EBC10080785A
:106E100038B100222D48283000EBC10082700120DB
:106E2000F0E70020EEE70146022901DB0020704771
:106E30002648083010F83100F9E70146022901DB45
:106E4000002070472148083000EBC100407838B17D
:106E500000221E48083000EBC10042700120F0E71C
:106E60000020EEE70146022901DB002070471748A9
:106E7000083000EBC100807838B100221348083098
:106E800000EBC10082700120F0E70020EEE7014630
:106E9000022901DB002070470C48183010F831003F
:106EA000F9E70146022901DB002070470748183046
:106EB00000EBC100407858B100220448183000EBC4
:106EC000C10042700120F0E76880002008800020A7
:106ED0000020EAE70146022901DB002070476248F2
:106EE00000EBC100807830B100225F4800EBC100A8
:106EF00082700120F2E70020F0E72DE9F05F022028
:106F0000FFF7F8FB8346584614F090FD8046574A39
:106F1000574B14F0DBFD064600224FF0804314F07F
:106F2000D5FD044614F034FB82465046BDE8F09F80
:106F30002DE9FF5F83465846FFF7DCFB8246CAF522
:106F4000805015F011F80190504614F06FFD07467F
:106F50000022484B14F0BAFD054614F019FB0090CE
:106F6000019914F01FFF03904349039815F048F866
:106F7000054614F0D9FF81464048B0F90000484565
:106F800004D33E48B0F9B400484503D9FF2004B00B
:106F9000BDE8F09F00242AE0384830F91400484545
:106FA00005D93649601C31F9100048450AD33348E9
:106FB00030F91400484505D03049601C31F9100003
:106FC000484512D12D49601C31F91000A9EB000190
:106FD0002A4A601C32F91000A0EB0900814201D955
:106FE000029402E0601CC0B20290601CC4B25A2C31
:106FF000D2DB0298CBE72DE9F84F04462046FFF795
:1070000079FB0090009814F011FD07464FF06632AE
:107010001B4B14F05BFD054614F0BAFA83464FF0A3
:107020008B4114F0BFFE8146484614F083FE0746AC
:10703000144A154B14F0F2FA054614F0B3FC00F0B4
:10704000FF0A5046BDE8F88F10B50120FFF770FF2A
:1070500010BD10B50020FFF76BFFC01CC0B210BD03
:10706000322070473220704720800020B4D934E7A6
:107070000C684A3F0000244000007A44FAC201082C
:1070800066660A40B81E85EB51B89E3F08B50121DF
:107090007D20FAF789FA0121D748FAF714F8482039
:1070A0008DF8030003208DF802004FF4F850ADF87E
:1070B00000006946D148F9F735FF4FF47070ADF81C
:1070C00000006946CE48F9F72DFF4FF47F40ADF838
:1070D00000006946CB48F9F725FF4FF63070ADF850
:1070E00000006946C848F9F71DFF4FF46040ADF84D
:1070F00000006946C548F9F715FFF020ADF800001B
:107100006946BE48F9F70EFF10208DF803000320F2
:107110008DF802000220ADF800006946BB48F9F77F
:1071200001FF0120BA49086008BD014611B10129DB
:1071300009D103E0B7480068C0B27047B548001FE6
:107140000068C0B2F9E70020F7E70146082943D2FA
:10715000DFE801F0040B131B232B323AAE48006822
:1071600008B9012070470020FCE7AB48001F006809
:1071700008B90120F6E70020F4E7A74808380068BE
:1071800008B90120EEE70020ECE7A3480C380068BE
:1071900008B90120E6E70020E4E79F4810380068BE
:1071A00008B90120DEE70020DCE79C48006808B948
:1071B0000120D7E70020D5E79848001F006808B9EC
:1071C0000120CFE70020CDE794480838006808B9CF
:1071D0000120C7E70020C5E70020C3E701460829D2
:1071E00044D2DFE801F0040B131B232B333B8C4804
:1071F000006808B9012070470020FCE78848001D9E
:10720000006808B90120F6E70020F4E78448083058
:10721000006808B90120EEE70020ECE780480C3058
:10722000006808B90120E6E70020E4E77C48103058
:10723000006808B90120DEE70020DCE77848143058
:10724000006808B90120D6E70020D4E77448183058
:10725000006808B90120CEE70020CCE76F480C3861
:10726000006808B90120C6E70020C4E70020C2E793
:107270000146062922D2DFE801F003080D12171C8F
:10728000644824300068C0B2704762482830006803
:10729000C0B2F9E75E4850380068C0B2F4E75C4815
:1072A0004C380068C0B2EFE7594848380068C0B2AF
:1072B000EAE75B48001F0068C0B2E5E70020E3E7AB
:1072C0000146062922D2DFE801F003080D12171C3F
:1072D00050480C300068C0B270474E48103000680B
:1072E000C0B2F9E74B4814300068C0B2F4E749482F
:1072F00018300068C0B2EFE746481C300068C0B2E2
:10730000EAE7444820300068C0B2E5E70020E3E740
:10731000014631B101290CD0022912D0032920D114
:1073200017E03D481438006808B901207047002074
:10733000FCE739481838006808B90120F6E7002052
:10734000F4E735481C38006808B90120EEE7002052
:10735000ECE731482038006808B90120E6E7002052
:10736000E4E70020E2E708B501210420FAF71CF960
:1073700028208DF8030003208DF80200F020ADF8DE
:10738000000069461D48F9F7CDFD08BD70B5002421
:10739000FFF7E9FF00252BE01848083001680F20AF
:1073A00020EA01041C482038006810B944F00104A8
:1073B00001E024F0010418481C38006810B944F0BA
:1073C000020401E024F0020413481838006810B9E0
:1073D00044F0040401E024F004040F481438006869
:1073E00010B944F0080401E024F00804681C85B2D8
:1073F000FF2DD1DB204670BD0002300000080140A7
:10740000001001400014014000180140000C014030
:10741000848121421401234230012142240122426D
:1074200024812242704720B14FF40051194A116162
:1074300003E04FF40051174A51617047704720B183
:107440004FF48041134A116103E04FF48041114A27
:107450005161704708B501211020FAF7A5F84FF4E3
:10746000C040ADF8000010208DF8030003208DF817
:10747000020069460748F9F755FD0020FFF7DFFFD6
:107480000020FFF7DBFF0020FFF7CDFF0020FFF714
:10749000C9FF08BD00100140FC48C0787047FB4898
:1074A00090F90200704710B5F94B1B7860F30003A8
:1074B000F74C23702346597053B2A37010BD10B51A
:1074C0000446F348007864F34100F1490870084627
:1074D00000784108ED48007861F34100EB490870FD
:1074E000EB490978C1F34000FFF79DFF10BD10B5CF
:1074F0000446E748007864F38200E54908700846CE
:1075000000788108E148007861F38200DF49087063
:10751000DF490978C1F38000FFF791FF10BD10B576
:107520000446DB48007864F3C300D9490870084674
:107530000078C108D548007861F3C300D3490870CA
:10754000D3490978C1F3C000FFF778FF10BD10B52B
:107550000446CF48007864F30410CD49087008460B
:1075600000780109C948007861F30410C749087020
:10757000C7490978C1F30010FFF754FF10BD10B5DB
:10758000FFF76EFD40B2C149C870084690F903008C
:10759000642804DC084690F9030005280BDABB4890
:1075A0004078022141EA1010B849497860F3071188
:1075B000B64841700DE0B548C07850B1B348407846
:1075C0000D2101EA1010B149497860F30711AF4865
:1075D0004170FFF739FDFF2815D1AC4840780121F3
:1075E00041EA1010A949497860F30711A748417092
:1075F000A748407818B90020A449887013E0FF20FC
:10760000A24988700FE0A14840780E2101EA1010CD
:107610009E49497860F307119C484170FFF714FDBB
:1076200040B29A4988709A48407838BB974890F998
:107630000200974991F90210884207DB934890F9BC
:107640000200934991F90210884207D18F480078CF
:1076500020F0200020308D49087036E08B4890F9EA
:1076600002108B4890F90200401C81422DDD8748B2
:10767000007820F020008549087026E0834890F9C2
:107680000200834991F90210884207DC7F4890F993
:1076900002007F4991F90210884207D17B480078A7
:1076A00020F020002030794908700EE0774890F9EA
:1076B0000210774890F90200401E814205DA7348B3
:1076C000007820F020007149087010BD10B56F4897
:1076D000007800F0010000B36C480078C0F340006F
:1076E000D8B96A480078C0F34010B0B16748C08884
:1076F00067498989884205DA6448C088401C634923
:10770000C8800EE000206149C88008460078C0F3B8
:10771000800018B10020FFF7EAFE02E00120FFF729
:10772000E6FE10BD10B5594840895949498988423B
:1077300004DA56484089401C5449488153484089DE
:107740005349498988421CD150480078C0F3401001
:10775000B8B90120FFF7B3FE0120FFF7C8FE0020F3
:107760004A49488108818880C8800846007820F00E
:10777000400008700846007820F00100401C0870A6
:1077800018E04348408942490979401A3F494989EC
:1077900088420FD13E48407830B10020FFF7D7FE35
:1077A0000120FFF7BCFE05E00120FFF7D0FE00201E
:1077B000FFF7B5FE10BD10B53448007800F00100A9
:1077C000002850D031480078C0F34010002840D144
:1077D0002E480078C0F3400020B92C480078C0F350
:1077E000801078B3294800892949C988884205DA78
:1077F00026480089401C2549088136E02348008935
:107800002349C988884211D120480078C0F38010EC
:1078100060B90020FFF753FE00201C49888008460D
:10782000007820F04000403008701EE01748808843
:1078300017490989884206DA14488088401C134990
:10784000888012E002E0FFF76DFF0EE0FFF76AFFAD
:107850000BE00E48007820F040000C490870002032
:10786000FFF72DFE01E0FFF75DFF10BD10B500F042
:10787000C6F918B901F03CFA01280BD10448007888
:1078800020F00100401C0249087009E08C800020B3
:10789000988000206948007820F00100674908704E
:1078A0006648007800F0010000B3644840786449FD
:1078B000497801F00F01884215D06048417860484E
:1078C000407861F303005E49487000204881084613
:1078D000007820F0010008700020FFF7F0FD002084
:1078E000FFF705FE18E0FFF766FF15E05448007843
:1078F00000F0010080B1002051494881084600781D
:1079000020F0010008700020FFF7D9FD0020FFF7EC
:10791000EEFD0020FFF71BFE10BD10B50820474903
:107920008870002048700846007820F00100401C54
:1079300008704FF4966088814FF4E150C880801041
:10794000088105200871B4204881FFF783FD10BD30
:1079500010B53C4800780A2805DA3A480078401CFF
:10796000384908705FE0002036490870FFF76CFB6B
:107970003549097888420BD1FFF76BFB3349097809
:10798000884205D103F014F93149096888424AD088
:1079900003F00EF92E490860FFF756FB2A490870DC
:1079A000FFF757FB29490870FFF74EFBFF281CD152
:1079B00000200BF086FEFFF74CFBFF2809D10020CA
:1079C0000BF01DFE03F0F4F808BB9A200BF046FF05
:1079D00029E0FFF73EFB04460BF011FE03F0E8F848
:1079E000A8B998200BF03AFF1DE0FFF72DFB0446E5
:1079F0000BF067FEFFF72DFBFF2809D100200BF0ED
:107A0000FEFD03F0D5F810B999200BF027FF0AE02E
:107A1000FFF71FFB04460BF0F2FD03F0C9F810B9A5
:107A200097200BF01BFF10BD10B5FFF7A8FDFFF767
:107A30004DFEFFF71BFFFFF78BFF10BD9880002066
:107A40008C8000206C0500206D0500206E05002054
:107A50007005002008B501211020F9F7A5FD1020C0
:107A60008DF8030003208DF802004FF48160ADF81B
:107A7000000069464048F9F755FA08213E48F9F7F1
:107A800000FB08BD01203D490870704700B5024663
:107A900012B9FFF7F7FF03E00120394901F822008E
:107AA00000BD10B53748007801280ADA4FF480612C
:107AB0003148F9F7E4FA33480078401C314908703E
:107AC00011E03048007802280ADA4FF480612A4831
:107AD000F9F7D7FA2B480078401C2A49087002E0D1
:107AE00000202849087010BD10B5FFF7DAFF2348C1
:107AF000007838B92148407820B908211E48F9F7A4
:107B0000BEFA10BD1D48007838B900201B494870E6
:107B100008211948F9F7B3FA2CE01848C07805286D
:107B200005DA1648C078401C1449C87022E00020CD
:107B30001249C8700846407838B908210E48F9F74C
:107B4000A0FA01200D49487014E00C4880780928FB
:107B500005DA0A488078401C0849887003E0002054
:107B600006490870887008210348F9F788FA002050
:107B70000249487000BFC4E70010014074050020AE
:107B8000A68000207C05002008B501211920F9F706
:107B90000BFD01214648F9F796FA10208DF80300F5
:107BA00003208DF802004020ADF8000069464148EE
:107BB000F9F7B8F940213F48F9F763FA4FF400406C
:107BC000ADF8000069463C48F9F7ACF94FF40041C4
:107BD0003948F9F756FA08BD10B501203749487001
:107BE000C1033548F9F74BFA10BD10B500203349F1
:107BF00048704FF400413048F9F743FA10BD30485F
:107C0000007808B9002070472D480078012800D17D
:107C1000F9E70220F7E729488078704701202749D3
:107C20000870704700202549087070472348007885
:107C3000704710B502210320FEF7FEFD20490870B1
:107C400002210320FEF731FE1D49497808431C49F3
:107C5000487002210320FEF74DFE19498978084338
:107C60001749887010BD10B5FFF7E3FF134800787F
:107C7000C0B1FFF7B1FF1148C078642805DA0F489A
:107C8000C078401C0D49C87011E00C48C0786428C9
:107C90000DD1FFF7AAFF00200849C8700870012025
:107CA000887004E0FFF7A1FF00200449C87010BDF0
:107CB00000023000000C0140001001407D05002052
:107CC0008105002010B500F0A2FD10BD70B502289E
:107CD00000DB70BD00EB8004FE4D15F8244004B1BC
:107CE000F7E700EB8004FB4D05EB8404617000EBCB
:107CF000800405EB8404A27000EB800405EB84048F
:107D0000E380012400EB8005F24E06F8254000BF19
:107D1000DFE70146022901DB0020704701EB81000B
:107D2000EC4A12F82000F8E70146022901DB0020A6
:107D3000704701EB8100E74A02EB8000007AF7E729
:107D40000146022901DB0020704701EB8100E14A76
:107D500002EB8000407A00F00100F5E701460229BD
:107D600001DB0020704701EB8100DA4A02EB800062
:107D7000407AC0F38000F5E70146022901DB0020CC
:107D8000704701EB8100D34A02EB8000407AC0F3D8
:107D90004000F5E70146022901DB0020704701EBB6
:107DA0008100CC4A02EB8000807AC0F34000F5E706
:107DB0000146022901DB0020704701EB8100C54A22
:107DC00002EB8000807A00F00100F5E770470020A8
:107DD0000FE000EB8001BF4A02EB8101498A491C98
:107DE0008AB200EB8001BB4B03EB81014A82411C4C
:107DF000C8B20228EDDB704710B5002421E0204610
:107E0000FFF711F804EB8401B24A02EB8101897A91
:107E100060F3000104EB840002EB800081722046D5
:107E2000FFF735F804EB8401AA4A02EB8101897A55
:107E300060F3410104EB840002EB80008172601C5E
:107E4000C4B2022CDBDB10BD10B50020A2490870C3
:107E5000A4E3A148007800EB80009E4911F82000BF
:107E600000287CD09C48007800EB800001EB80006B
:107E7000007C082851D2DFE800F00451FBEFEEED62
:107E8000ECEB9548007800EB8000924901EB800014
:107E9000407A20F001019048007800EB80008D4A84
:107EA00002EB800041728C48007800EB80001146A4
:107EB00001EB8000407A20F004018748007800EB55
:107EC000800002EB800041728348007800EB800064
:107ED000114601EB8000407A20F002017E480078D4
:107EE00000EB800002EB8000417201207A490978A2
:107EF00001EB810102EB81010872002176480078D4
:107F000000EB800002EB8000418201207249097879
:107F100001EB810102EB8101087439E36E480078BE
:107F2000FEF781FFF0B36C480078FEF7B0FFC8B3EE
:107F300000206949097801EB8101664A02EB810161
:107F4000087402206449097801EB810102EB810188
:107F500008726148007800EB8000114600E018E3E9
:107F600001EB8000407A20F00100401C5A4909785A
:107F700001EB810102EB810148725748007800EB68
:107F80008000114601EB8000407A20F00200801C46
:107F90005149097801EB810102EB8101487200200F
:107FA0004D4900E005E0097801EB810102F821006C
:107FB0005DE04948007800EB8000464901EB800015
:107FC000407838BB44480078FEF72DFFC0B1002050
:107FD0004149097801EB81013E4A02EB81010874B5
:107FE00002203D49097801EB810102EB8101087211
:107FF00000203949097801EB810102F8210036E0BF
:1080000002203549097801EB8101324A02EB8101F6
:1080100008742CE030480078FEF739FFF0B10020FA
:108020002D49097801EB81012A4A02EB810108748C
:1080300002202949097801EB810102EB81010872D4
:1080400000202549097801EB810102F821000EE0AA
:108050005FE21EE2D7E185E154E009E002201E491B
:10806000097801EB81011B4A02EB810108748FE260
:108070001948007800EB8000164901EB8000407839
:1080800060B915480078FEF7D8FE13480078FEF76F
:10809000E9FE1148007800F0A3FA0BE00E480078E2
:1080A000FEF7CBFE0C480078FEF7DCFE0A480078AD
:1080B00000F0ADFA0848007800EB8000054A02EBBA
:1080C000800081780448007800F055FB0248007871
:1080D00004E00000B28000208905002000F072FA60
:1080E0000021FB48007800EB8000FA4A02EB800098
:1080F00041820320F649097801EB810102EB8101FD
:10810000087445E2F2480078FEF78DFEE8B3F048C7
:108110000078FEF7BCFEC0B3ED48007800F059FAD5
:108120000021EB48007800F026FBE948007800F0D9
:1081300085FA0020E649097801EB8101E54A02EB66
:10814000810108740220E249097801EB810102EB08
:1081500081010872DE48007800EB8000114601EBD7
:108160008000407A20F00100401CD949097801EBD9
:10817000810102EB81014872D548007800EB800054
:10818000114601EB8000407A00E011E020F002008F
:10819000801CCF49097801EB810102EB8101487213
:1081A0000020CB49097801EB810102F8210010BDC4
:1081B000C748007800EB8000C64901EB8000408A88
:1081C000C349097801EB8101C24A02EB8101C988E8
:1081D00088427DDABE48007800EB8000114601EB52
:1081E0008000407858BBBA480078FEF71CFE002893
:1081F00024D0B748007800F0ECF90021B4480078AA
:1082000000F0B9FAB248007800F018FA0020B0493E
:10821000097801EB8101AF4A02EB81010874022069
:10822000AB49097801EB810102EB81010872002062
:10823000A749097801EB810102F8210091E0A448E7
:108240000078FEF724FE002827D0A148007800F02F
:10825000C0F900219E48007800F08DFA9C48007813
:1082600000F0ECF99A480078C0B9002098490978E4
:1082700001EB8101974A02EB8101087402209449C5
:10828000097801EB810102EB81010872002090491D
:10829000097801EB810102F8210062E000208C499D
:1082A000097801EB81018B4A02EB810108740220FD
:1082B0008749097801EB810102EB810108720020F6
:1082C0008349097801EB810102F8210049E0FFE7C9
:1082D0007F48007800F07DF900217D48007800F0AB
:1082E0004AFA7B48007800F0A9F90020784909781B
:1082F00001EB8101774A02EB810108747448007830
:1083000000EB8000114601EB8000407A20F0010074
:10831000401C6F49097801EB810102EB8101487231
:108320006B48007800EB8000114601EB8000407A3A
:1083300020F00400001D6649097801EB810102EB81
:108340008101487202206249097801EB810102EB48
:108350008101087200205E49097801EB810102F871
:10836000210015E100215A48007800EB8000594AAD
:1083700002EB8000418256480078E8B956490878F7
:1083800000EBD0714910A0EB410119B1012000F0C0
:108390003EF902E0012000F023F94D48007800EB9F
:1083A00080004C4A02EB80008178012000F0E3F964
:1083B000012000F007F91CE04749087800EBD07174
:1083C0004910A0EB410119B1002000F020F902E0B2
:1083D000002000F005F93E48007800EB80003D4A9F
:1083E00002EB80008178002000F0C5F9002000F049
:1083F000E9F805203649097801EB8101354A02EB9D
:1084000081010874C4E03248007800EB80003149F3
:1084100001EB8000408AC8283ADD002000F0D9F83E
:108420000021084600F0A7F9002000F007F901201C
:1084300000F0CFF80021012000F09DF9012000F0AC
:10844000FDF800212248007800EB8000214A02EB71
:10845000800041822048007803280DDA1E48007809
:10846000401C1D49087004201949097801EB81015D
:1084700002EB810108740BE0002017490870062008
:108480001349097801EB8101124A02EB810108745A
:108490007EE000210E48007800EB80000D4A02EBE0
:1084A000800041820A480078C0B9012000F0AFF88E
:1084B0000748007800EB8000064A02EB80008178D4
:1084C000012000F058F9012000F07CF817E00000CE
:1084D00089050020B28000208A050020002000F0DD
:1084E00096F83648007800EB8000354A02EB8000B1
:1084F0008178002000F03FF9002000F063F80720A9
:108500002E49097801EB81012D4A02EB81010874A3
:108510003EE02A48007800EB8000294901EB80000A
:10852000408A002833DD002000F053F8002108467F
:1085300000F021F9002000F081F8012000F049F856
:108540000021012000F017F9012000F077F8002148
:108550001A48007800EB8000194A02EB8000418243
:1085600000201649097801EB810102EB81010874B2
:1085700002201249097801EB810102EB81010872A6
:1085800000200E49097801EB810102F8210000BFAB
:1085900000BF0A480078401C084908700748007866
:1085A0000228FFF656AC00BF01E610B5FFF70EFC3F
:1085B000FFF74AFCFFF720FC10BD000089050020F2
:1085C000B280002010B5044680219348F8F757FD8B
:1085D00010BD10B5044680218F48F8F752FD10BD3C
:1085E00010B50446012C08D101218C48F8F749FD4B
:1085F00002218A48F8F743FD08E03CB90421874886
:10860000F8F73FFD08218548F8F739FD10BD10B592
:108610000446012C08D101218048F8F730FD0221E1
:108620007E48F8F72EFD08E03CB904217B48F8F7B6
:1086300026FD08217948F8F724FD10BD10B5044641
:10864000012C08D101217548F8F719FD0221734862
:10865000F8F715FD08E03CB904217048F8F70FFD64
:1086600008216E48F8F70BFD10BD10B50446012C2B
:1086700008D101216948F8F704FD02216748F8F79D
:1086800000FD08E03CB904216448F8F7FAFC082131
:108690006248F8F7F6FC10BD08B501214920F8F74B
:1086A00083FF01215E48F8F70EFD10208DF80300CE
:1086B00003208DF802008020ADF80000694656487E
:1086C000F8F730FC0F20ADF8000069465348F8F782
:1086D00029FC18208DF8030003208DF80200000209
:1086E000ADF8000069464C48F8F71CFC08BD00B521
:1086F00087B001210420F8F764FF6320ADF814006F
:1087000040F2CF20ADF810000020ADF81600ADF813
:10871000120004A94348F9F77FF801214148F9F70D
:10872000D7FC0020ADF806006020ADF80000012065
:10873000ADF802000020ADF8080069463948F9F7A5
:1087400037F908213748F9F709FD40213548F9F78D
:10875000A9FC69463348F9F776F908213148F9F759
:1087600006FD40212F48F9F7A6FC01212D48F9F715
:10877000AFFB07B000BD7FB504460D46022C00DDFF
:108780007FBD642D00DD6425ADF806506020ADF896
:1087900000000120ADF802000020ADF80800012C17
:1087A0000CD169461F48F9F703F908211D48F9F76C
:1087B000D5FC01211B48F9F797FB0CE05CB9694631
:1087C0001848F9F740F908211648F9F7D0FC0121BB
:1087D0001448F9F789FB00BFD2E710B5FFF75CFF3B
:1087E000FFF785FF0020FFF740FF0120FFF73DFF67
:1087F00000210846FFF7BFFF00210120FFF7BBFF64
:108800000020FFF7E6FE0120FFF7E3FE10BD10B5E4
:10881000FFF7E3FF10BD0000000C0140001801400D
:10882000000230000008004008B501211C20F8F7C4
:10883000BBFE01211948F8F746FC10208DF8030013
:1088400003208DF802000120ADF8000069461448AD
:10885000F8F768FB0620ADF8000069461048F8F705
:1088600061FB02210E48F8F70CFC04210C48F8F7D4
:1088700008FC01210A48F8F704FC01210848F8F730
:10888000FEFB08BD10B501210548F8F7F8FB10BD47
:1088900010B501210248F8F7F4FB10BD00023000CA
:1088A0000010014008B503208DF8000001208DF86C
:1088B00003008DF801008DF802006846F7F7FFFD10
:1088C00008BD0146CA1701EB92729210A1EB820219
:1088D0002AB9642291FBF2F302FB131232B94FF46E
:1088E000C87291FBF2F302FB13120AB10120704728
:1088F0000020FCE72DE9FE4F07460C46904600207D
:108900000290C146824683460026002501900090D1
:108910003846FFF7D6FF002832D00D2C2CD2DFE8E6
:1089200004F02B070A0D101316191C1F222528000E
:108930004FF0050A23E04FF0010A20E04FF0020A51
:108940001DE04FF0050A1AE04FF0000A17E04FF063
:10895000030A14E04FF0050A11E04FF0010A0EE09F
:108960004FF0040A0BE04FF0060A08E04FF0020A4D
:1089700005E04FF0040A02E00020BDE8FE8F31E080
:108980000D2C2CD2DFE804F02B070A0D101316195A
:108990001C1F222528004FF0060A22E04FF0020A91
:1089A0001FE04FF0020A1CE04FF0050A19E04FF0FB
:1089B000000A16E04FF0030A13E04FF0050A10E03A
:1089C0004FF0010A0DE04FF0040A0AE04FF0060AEA
:1089D00007E04FF0020A04E04FF0040A01E0002033
:1089E000CBE700BF642097FBF0F100FB1170C5B22C
:1089F0002846E91705EB91718910019101982844E7
:108A0000C0B200900721009890FBF1F201FB120028
:108A100000F0FF0B0BEB0A004844C6B2072E01DA48
:108A2000029606E0072096FBF0F100FB1160C0B251
:108A300002900298A1E72DE9F05F06460F469046A6
:108A40009946DDE90AAB002440F2B270864203DBAE
:108A500040F63300864202DD0120BDE8F09F40F27F
:108A6000B2750AE02846FFF72CFF10B1994804447C
:108A700001E099480444681C85B2B542F2DB781ED7
:108A8000C7B2002510E09548405D40F2A32148435D
:108A900004EBC0143046FFF714FF18B1012D01D1CB
:108AA0008F480444681C85B2BD42ECDBA8F101008C
:108AB00040F2A321484304EBC014C9EB4910C0EBBA
:108AC000092004EB0014CAEB0A1004EB80045C4498
:108AD00001214FF0C050F8F774FD0120F8F79BFB1F
:108AE0002046FAF728F9FAF759F90020B5E770B5EA
:108AF0000026002400257B4806883604001D0088D7
:108B000006447748B6FBF0F477480088A0423AD094
:108B100075490C8040F2B2750EE02846FFF7D1FE91
:108B200030B1B4F5B77F02D3A4F5B77402E006E024
:108B3000A4F26D14681C85B2B4F5B67FEDD800BF01
:108B40006A488580002516E068498888FFF7B9FEE5
:108B500030B1012D04D11D2C01D31D3C09E00CE0E6
:108B60005E48405DA04203D85C48405D241A00E0A6
:108B700003E0681C85B21C2CE6D200BF681C5B4970
:108B80008871601CC8715648B6FBF0F100FB116497
:108B90004FF46160B4FBF0F0544908704FF4616029
:108BA000B4FBF0F100FB11403C21B0FBF1F04F4968
:108BB00048704FF46160B4FBF0F100FB11403C21C0
:108BC000B0FBF1F201FB1200484988700B46DA79DC
:108BD00099799888FFF78EFE44490872002070BD8D
:108BE0002DE9FC4704460D4616461F46DDE90A8975
:108BF000FAF785F8FAF7D2F83B463246294620467E
:108C0000CDE90089FFF717FFFAF782F8BDE8FC8786
:108C10000146364880888880344880798871334896
:108C2000C079C8713148007A0872304800780870FD
:108C30002E48407848702D488078887070471CB561
:108C4000002401214FF0C050F8F7BBFC0120F8F7D9
:108C5000E2FAF7F79DFC4FF44070F8F72EFC012084
:108C6000F8F731FCFAF79AF8FAF7A1F8012108466B
:108C7000FAF738F8FAF792F8FAF741F84FF2244089
:108C8000FAF766F8FAF78AF80020009003460246E1
:108C900001460190FFF7CFFEFAF73AF8FFF702FE20
:108CA000FFF725FF00201CBD10B50120FAF7A4F83E
:108CB00008B1FFF71CFF0220FAF79EF820B102204E
:108CC000FAF7AAF8FFF713FF0520FAF7A5F8FAF765
:108CD00065F810BD0085E2018033E101BCC30108E5
:108CE00080510100182800408C050020DA80002007
:108CF000DF480078704710B5DD480078012849D179
:108D0000FDF7C8FF002841D0DA480068642807D280
:108D1000FDF7D0FFD7480068401CD64908607EE0C8
:108D20000020D44908600320D14908700020487011
:108D300088700BF032FA0BF05EF80AF0FEFF01F0DB
:108D400034FF18B109200AF035FF68E008F0B0FAE6
:108D5000C0B1FCF7A4F850B104F0ADFE18B1022088
:108D60000AF028FF5BE003200AF024FF57E0FCF73D
:108D70007EF818B105200AF01DFF50E004200AF02B
:108D800019FF4CE000200AF015FF48E00020B94927
:108D9000086044E0B648007860BBFDF77BFF28B36D
:108DA000B4480068B0F5967F07D2FDF783FFB1485D
:108DB0000068401CAF49086031E00020AD49086000
:108DC0000220AB49087001204870002088701220F2
:108DD0000AF0F0FE0020FDF7D3FF0020FDF7BDFFF5
:108DE0000020A5490870A549087018E00020A14995
:108DF000086014E09E480078022806D1FDF75AFF6B
:108E000068B101209A49087009E099480078032860
:108E100005D1FDF74FFF10B100209549087010BD36
:108E200010B5FFF768FF92484078002872D092484A
:108E3000007868B90020FDF7BCFF18B90020FDF7E5
:108E4000B2FF28B101200BF0F7F801208A49087021
:108E50008748807809280CD2DFE800F0050C161E40
:108E60003E48506A7400002081490871C870012092
:108E70008870F6E07E4AD1781079FCF703FD10B1D6
:108E800002207B498870ECE0FCF7B4FD022802D197
:108E9000032077498870E4E0FCF7ACFDD8B9FCF713
:108EA000D6FD28B10120724908720720887012E0AF
:108EB000FCF7D5FD18B104206D4988700BE0002047
:108EC0006B49087201200AF0F4FF01206B49087019
:108ED000072067498870C4E0654AD1781079FCF7AB
:108EE000D1FC10B1052062498870BAE0FCF782FD20
:108EF000022802D106205E498870B2E0FCF77AFDB4
:108F0000A8B9FCF7A4FD30B1012059490872072027
:108F100088700CE0A6E000205549087201200AF094
:108F2000C8FF01205549087007205149887098E012
:108F30004F4B1A7A1979D8780AF0EDFE08204C497F
:108F400088708EE04A48C078A0B949480079032863
:108F500005DA47480079401C4549087106E00020C1
:108F6000434908710846C078401CC8700120404938
:108F7000887075E03E48C078012814D13C480079DB
:108F80000A2805DA3A480079401C3949087106E098
:108F90000020374908710846C078401CC87001207D
:108FA000334988705CE03248C078022814D13048D8
:108FB00000790A2805DA2E480079401C2C490871EE
:108FC00006E000202A4908710846C078401CC87095
:108FD00001202749887043E02548C078032814D130
:108FE000234800790A2805DA21480079401C2049E5
:108FF000087106E000201E4908710846C078401C30
:10900000C87001201A4988702AE01948C0780428DD
:1090100014D117480079052805DA15480079401C55
:109020001349087106E00020114908710846C0780C
:10903000401CC87001200E49887011E00E4800786D
:1090400010B900200AF0F8FF0C48007810B9002091
:109050000AF02FFF00200649C87008718870487018
:1090600000BF04E000200249C8700871887010BD7C
:10907000E480002094050020900500209105002048
:1090800010B50446F74850F82400408948B1F54827
:1090900050F824004089401EF24951F824104881BC
:1090A00020E0F04850F824000078D8B10020ED49C5
:1090B00051F824100870EB4850F82400806988B1FA
:1090C000E84B53F824305988E64B53F82430D868DD
:1090D000E44B53F824309A6990470020E14951F855
:1090E0002410488010BD012809D1DF49DD4A5160B4
:1090F000DE495268D160DE49DA4A526811610228BD
:1091000009D1DC49D74A9160DB499268D160DB49DB
:10911000D44A92681161704700B591B001214804AA
:10912000F8F74FFA01210846F8F731FA0121042037
:10913000F8F73AFA0420ADF8400003208DF8420019
:1091400018208DF8430010A9CD48F7F7EBFE082052
:10915000ADF8400004208DF8430010A9C848F7F787
:10916000E1FE26208DF82C0000208DF82D00012036
:109170008DF82E008DF82F000BA8F7F7A0F911201D
:109180008DF82C0000208DF82D0002208DF82E0087
:1091900001208DF82F000BA8F7F791F9B94800903E
:1091A000B1480069019010200290800103900020D6
:1091B00004908020059000200690079008904FF4BE
:1091C0000050099000200A906946AF48F7F7E4FA8A
:1091D00001220221AC48F7F716FB0021AA48F7F755
:1091E00006FB01228021A748001FF9F74FFA4FF430
:1091F000E1300C900020ADF83400ADF83600ADF849
:109200003800ADF83C000C20ADF83A000CA99D48A0
:10921000001FF9F77EF9012240F225519948001FFD
:10922000F9F70FFA012240F224419648001FF9F79E
:1092300008FA012228219348001FF9F702FA0122B7
:1092400060219048001FF9F7FCF940218D48001F6C
:10925000F9F7D3FA01218B48001FF9F7E6F911B0AD
:1092600000BD00B591B001210820F8F79DF901215A
:109270008804F8F7A6F901210846F8F788F94FF4B1
:109280008060ADF8400003208DF8420018208DF872
:10929000430010A97D48F7F745FE4FF40060ADF894
:1092A000400004208DF8430010A97848F7F73AFEF3
:1092B00027208DF82C0000208DF82D008DF82E0031
:1092C00001208DF82F000BA8F7F7F9F80C208DF886
:1092D0002C0000208DF82D0002208DF82E0001209A
:1092E0008DF82F000BA8F7F7EAF86948009061485D
:1092F00000690190102002904FF4C05003900020AC
:1093000004908020059000200690079008904FF46C
:109310000050099000200A9069465B486438F7F7CE
:109320003BFA0122022158486438F7F76CFA002111
:1093300055486438F7F75BFA012280215448001F32
:10934000F9F7A4F9524800904A48C06801900020FB
:1093500002904FF4806003900020049080200590DC
:1093600000200690079008904FF44050099000208C
:109370000A90694644485038F7F70EFA01214248EE
:109380005038F7F734FA012240214148001FF9F71D
:109390007DF94FF4E1300C900020ADF83400ADF8C9
:1093A0003600ADF83800ADF83C000C20ADF83A00BE
:1093B0000CA93748001FF9F7ACF840213448001FCA
:1093C000F9F71BFA012228213148001FF9F739F972
:1093D000012260212E48001FF9F733F9012240F2E3
:1093E00024412B48001FF9F72CF901212848001FC0
:1093F000F9F71BF911B000BD10B504462046FFF780
:1094000072FE012C01D1FFF787FE022C01D1FFF77C
:1094100028FF10BD012801D1134A5161022801D152
:10942000144A51617047012801D10F4A9161022805
:1094300001D1104A9161704701460A4850F8210055
:109440000078012801D100207047064850F821001B
:10945000408820B1034850F821004088F4E70020FC
:10946000F2E70000F0800020048100202085002029
:1094700020810020208900203CA100203C89002080
:10948000000801400444004080000240000C0140FC
:10949000044800400146FE4850F821004078012869
:1094A00004D1FB4850F82100808870470020FCE779
:1094B00010B502460B46F64850F822000078012805
:1094C00001D1002010BD002107E0F14850F8220032
:1094D000C068405C5854481C81B2ED4850F82200E6
:1094E00040888842F1DC0020E94C54F8224060803A
:1094F000FF20E7E70021E64A52F82020518070471C
:109500002DE9F04104460F461646E14850F8240084
:109510004078012863D0DE4850F82400868000257A
:1095200007E0785DDA4951F8241009694855681C4C
:1095300085B2B542F5DB0120D54951F824104870B9
:109540007CB9D34850F824008088D2498864D04838
:1095500050F82400006908650121CE484430F7F72F
:1095600046F9012C12D1CA4850F824008088C94914
:1095700084310860C64850F824000069C549C1F824
:109580008C000121C3488030F7F731F9022C0FD14C
:10959000BF4850F824008088BE490862BC4850F893
:1095A0002400006988620121BA481C30F7F71FF9CE
:1095B000032C11D1B64850F824008088B6490860C1
:1095C000B34850F824000069B3490831086001210C
:1095D000B148001FF7F70BF90120BDE8F08100202A
:1095E000FBE770B504460D462E4654B92946AB48F4
:1095F000F9F788F800BF4021A848F9F7F1F80128E9
:10960000F9D1012C0AD12946A548F9F77BF800BF0A
:109610004021A348F9F7E4F80128F9D1022C0AD136
:109620002946A048F9F76EF800BF40219D48F9F798
:10963000D7F80128F9D1032C0AD129469A48F9F71D
:1096400061F800BF40219848F9F7CAF80128F9D11C
:1096500070BD70B540F225519148F9F7D7F810B3B5
:109660009248406940B18E48F9F750F8C4B28F482B
:1096700041692046884716E001208C490870322055
:10968000488108464088B0F5806F0CDA8448F9F7C5
:109690003DF8C1B2854842884088401C834B5880C1
:1096A0001846C068815408217D48F9F799F850B1EF
:1096B0007B480088C5B27A48001D0088C5B20821E1
:1096C0007748F9F79AF804217548F9F789F850B105
:1096D00073480088C5B27248001D0088C5B20421D5
:1096E0006F48F9F78AF802216D48F9F779F850B117
:1096F0006B480088C5B26A48001D0088C5B20221C7
:109700006748F9F77AF801216548F9F769F850B127
:1097100063480088C5B26248001D0088C5B20121B7
:109720005F48F9F76AF840F224415D48F9F76EF8AE
:10973000A0B15B480088C5B25948001D0088C5B279
:109740005A48806938B1594B5988D8689A69904706
:1097500000205649488000205449087070BD10B55B
:109760004FF00070F7F77DF860B14FF00070F7F739
:109770008CF800204D494870888000214548803091
:10978000F7F735F810BD70B540F225514548F9F7A7
:109790003DF810B34648406940B14248F8F7B6FF7B
:1097A000C4B2434841692046884716E00120404939
:1097B00008700520488108464088B0F5806F0CDAB3
:1097C0003848F8F7A3FFC1B2394842884088401CA6
:1097D000374B58801846C068815408213148F8F743
:1097E000FFFF50B12F480088C5B22E48001D0088E9
:1097F000C5B208212B48F9F700F804212948F8F7E9
:10980000EFFF50B127480088C5B22648001D0088E8
:10981000C5B204212348F8F7F0FF02212148F8F7E8
:10982000DFFF50B11F480088C5B21E48001D0088E8
:10983000C5B202211B48F8F7E0FF01211948F8F7EB
:10984000CFFF50B117480088C5B21648001D0088E8
:10985000C5B201211348F8F7D0FF40F22441114866
:10986000F8F7D4FF30B30F480088C5B20D48001D8B
:109870000088C5B2002107483030F6F7B8FF054828
:109880003030F6F7CBFFC0F580600949488012E020
:10989000F0800020000002405C04024000380140DB
:1098A0000044004000480040004C0040048100207B
:1098B0002089002016E04FF480611448F6F7ACFFD1
:1098C00001211248F6F793FF1148806938B1104B17
:1098D0005988D8689A69904700200D49488000202F
:1098E0000B49087070BD10B52020F6F7BAFF58B1CB
:1098F0002020F6F7CAFF0020054948708880002123
:1099000002481438F6F773FF10BD00003000024023
:109910002089002010B5FEF787FF10BD70B5054601
:109920000C46042D06D114B1FEF7ACFF01E0FEF7A2
:10993000AFFF00E000BF00BF70BD000010B5FFF733
:10994000E9FF10BD2DE9FC47824688461646DDF842
:1099500030900024002717E0022000FB07850DB996
:10996000BDE8FC8769782878FFF7D8FF28780F4989
:1099700001F81400012001EB44014870042C01DAC5
:10998000601CC4B2781CC7B206EBD671B7EB610F8E
:10999000E2DBB9F1000F06D000200090620003491D
:1099A00001905046C84700BFDAE700009805002044
:1099B0007047704710B5044654222146F048F9F725
:1099C0007FFC6421EF480FF015FCEFA3F0A2F4A197
:1099D000EC480FF057F910BDFA48007830B1012873
:1099E0000DD002281AD003282FD11EE00020F649FE
:1099F0000880F64908600120F249087025E0F24825
:109A00000088401CF049088008460088C82804DD0A
:109A1000002008800220EB49087016E00120EB4985
:109A200008600320E74908700FE0E7480088401C01
:109A3000E549088008460088C82805DD0020088020
:109A4000E0490870FF20704700BF00BF0020FAE720
:109A5000FF20704710B5DE48007878B10020DC495F
:109A60000870C748FBF760FA6421C6480FF0C2FBD4
:109A7000C5A3C7A2CAA1C3480FF004F9FFF7E8FFC6
:109A800010B1FF20D3490870FFF7A6FF10B1FF20E7
:109A9000D1490870CF480078FF280AD1CE48007815
:109AA000FF2806D10020CB490870CB490870FF2061
:109AB00010BD0020FCE7C9494870704710B5C84880
:109AC000007810B1012838D10CE04FF40071C5487E
:109AD0000FF090FB0921C4A003F0A2FD0120C049B2
:109AE00008702CE0C3A1BF480FF061FA40B100201C
:109AF000BB490870C1490880C1490880FF2010BDDA
:109B0000BE480088401CBD49088008460088C82817
:109B100012DD00200880B2490870B9480088401C56
:109B2000B749088008460088052805DD0020088020
:109B3000AB490870EE20E2E701E0EE20DFE700BF6E
:109B40000020DCE770B50024AE48007822287DD2E2
:109B5000DFE800F0111E49568491C2CFEFEEEDEC24
:109B6000EBEA7C7CE9E8E7E67C7C7C7CE5E47C7CD9
:109B70007C7C7C7CE3E24FF400719A480FF03AFB66
:109B80000421A1A003F04CFD01209E49087010E3C0
:109B90009FA194480FF00BFA40B102209949087038
:109BA00000209C4908809C4908701BE09948008867
:109BB000401C9849088008460088B0F5967F11DD62
:109BC000002008808F49087093480078401C924913
:109BD000087008460078052804DD00200870EE2093
:109BE00088490870E5E24FF400717E480FF002FBEF
:109BF0000A218AA003F014FD032082490870D8E2EC
:109C000089A178480FF0D3F940B104207D4908704C
:109C1000002080490880804908701EE07D48008847
:109C2000401C7C49088008460088B0F5967F14DD0A
:109C30000020088002207349087077480078401C93
:109C40007549087008460078052800E07FE204DDC9
:109C500000200870EE206B490870AAE24FF40071F2
:109C600060480FF0C7FA0A2171A003F0D9FC052063
:109C7000644908709DE271A15A480FF098F920B923
:109C80006FA158480FF093F940B106205D49087064
:109C9000002060490880604908701CE05D48008829
:109CA000401C5C49088008460088B0F5967F12DDAC
:109CB0000020088004205349087057480078401C51
:109CC0005549087008460078052804DD0020087012
:109CD000EE204C4908706CE24FF4007141480FF0DF
:109CE00089FA0B2157A003F09BFC07204549087017
:109CF0005FE252A13B480FF05AF920B950A1394810
:109D00000FF055F9B0B108203E49087000204149D4
:109D10000880414908702AE0DBE1C9E1C4E1BFE104
:109D200092E184E157E149E11BE10DE1D1E0C3E0BB
:109D300095E01DE037480088401C364908800846F9
:109D40000088B0F5967F12DD0020088006202D499E
:109D5000087031480078401C2F4908700846007888
:109D6000052804DD00200870EE202649087020E256
:109D70004FF400711B480FF03DFA1F2168E000000E
:109D8000240600204BA50020313138383300000074
:109D900033392E39362E31302E3235300000000066
:109DA00041542B51494F50454E3D312C302C2254BB
:109DB0004350222C222573222C25732C302C310D5C
:109DC0000A000000800600207E0600208401224256
:109DD000830600208106002082060020B0A5002016
:109DE000840600203CA1002041542B43474D4D0DDB
:109DF0000A000000454332300000000088060020C1
:109E0000860600208A06002041540D0A000000004A
:109E10004F4B00008C0600208B06002041542B4342
:109E200050494E3F0D0A0000524541445900000080
:109E300041542B435245473F0D0A00002C3100008E
:109E40002C35000041542B43475245473F0D0A0033
:109E5000F1A003F0E5FB0920F7490870A9E1AFF292
:109E60005001F6480FF0A3F840B10A20F2490870FB
:109E70000020F3490880F34908701CE0F04800888E
:109E8000401CEF49088008460088B0F5967F12DD37
:109E9000002008800820E8490870EA480078401C43
:109EA000E849087008460078052804DD002008709D
:109EB000EE20E14908707CE14FF40071DF480FF0BB
:109EC00099F90C21E0A003F0ABFB0B20DA490870F4
:109ED0006FE1AFF2C401D9480FF069F840B110202A
:109EE000D54908700020D6490880D64908702AE074
:109EF000D9A1D2480FF05BF840B10C20CE490870D0
:109F00000020CF490880CF4908701CE0CC48008869
:109F1000401CCB49088008460088B0F5967F12DDCA
:109F2000002008800A20C4490870C6480078401CF8
:109F3000C449087008460078052804DD0020087030
:109F4000EE20BD49087034E14FF40071BB480FF0BA
:109F500051F90E21C2A003F063FB0D20B649087031
:109F600027E1AFF25411B5480FF021F840B10220BB
:109F7000B14908700020B2490880B24908701CE05D
:109F8000AF480088401CAE49088008460088B0F5FC
:109F9000967F12DD002008800C20A7490870A94890
:109FA0000078401CA749087008460078052804DDA1
:109FB00000200870EE20A0490870FAE04FF400710C
:109FC0009E480FF017F90B21A9A003F029FB1120DF
:109FD00099490870EDE0AFF2C81198480EF0E7FF1C
:109FE00040B1002097490870954908801220924995
:109FF00008701BE092480088401C91490880084680
:10A000000088642812DD0020088010208A4908702A
:10A010008C480078401C8B4908700846007803285B
:10A0200004DD00200870EE2083490870C1E04FF481
:10A03000007182480FF0DEF8212190A003F0F0FAC1
:10A0400013207D490870B4E0AFF23C217B480EF04C
:10A05000AEFF40B100207B49087079490880182084
:10A06000754908701BE076480088401C74490880D8
:10A0700008460088642812DD0020088012206E49FE
:10A08000087070480078401C6E49087008460078D7
:10A09000032804DD00200870EE206749087088E07E
:10A0A00019206549087084E020206349087080E029
:10A0B0004FF4007161480FF09DF879480EF0ADFF44
:10A0C00005462946764803F0ABFA21205A49087024
:10A0D0006FE074A159480EF06AFF40B10020564964
:10A0E00008705749088057490870FF2070BD71A15A
:10A0F00052480EF05CFF60B10E2171A003F090FA9F
:10A1000000204F4908804F490870EE204A490870E6
:10A110001CE04B480088401C4949088008460088DC
:10A12000B0F5967F12DD002008802020424908709B
:10A1300044480078401C43490870084600780528C8
:10A1400004DD00200870EE203B49087031E06048D3
:10A15000007820B101280BD0022828D114E0FFF7A5
:10A1600077FC0446FF2C02D10120594908701EE0FB
:10A17000FFF732FC0446FF2C05D102205449087039
:10A1800000202F49088012E02D480088B0F57A7F22
:10A1900005DA2B480088401C2949088006E0002089
:10A1A00027490880244908704949087000BF00BF4A
:10A1B00000BF00BF002099E74648704746487047F7
:10A1C0004648007870474648704746487047002127
:10A1D00045484078022804D12D20444A5054481C58
:10A1E000C1B241488078414A5054481CC1B23E48EF
:10A1F000C0785054481CC1B22E205054481CC1B2E3
:10A20000394800795054481CC1B2374840795054FD
:10A21000481CC1B21046704741542B514943534723
:10A22000503D312C312C22434D494F54222C2222B7
:10A230002C22222C310D0A008A0600203CA100208D
:10A240008C0600208B06002041542B514941435479
:10A250003D310D0A000000004552524F52000000EF
:10A2600041542B514944454143543D310D0A0000AE
:10A2700041542B43545A553D330D0A0041542B5140
:10A280004E54503D312C223230322E3131322E316B
:10A29000302E3336222C3132332C310D0A0000009F
:10A2A0004BA500202B51494F50454E3A20302C30C1
:10A2B000000000002B51494F50454E3A20302C00F1
:10A2C00041542B5149434C4F53453D300D0A00003A
:10A2D0008E0600203CA50020D9050020D8050020CE
:10A2E000E8050020F7050020A0050020100600204A
:10A2F0000021FA480078022804D12D20F84A505451
:10A30000481CC1B2F548007BF54A5054481CC1B204
:10A31000F248407B5054481CC1B2F048807B5054F6
:10A32000481CC1B22E205054481CC1B2EB48C07B1F
:10A330005054481CC1B2E948007C5054481CC1B27A
:10A34000104670472DE9F041074688460024E5484D
:10A350000078E8B9E4A1E6480EF029FE0446B4B15D
:10A36000AFF2F80120460EF022FE851CE1A1E04884
:10A370000EF01DFE044654B104F109000EF00AFE71
:10A3800086B23146284607F0D4FF00BF00BF00BFA9
:10A3900000BF0020BDE8F081002070470020D849B0
:10A3A0000860704710B50024D54800684EF660215B
:10A3B000884205D2D2480068401CD149086088E034
:10A3C000D048007830B1012814D0022871D0032879
:10A3D0007ED172E00020CC4908704FF40071C4486F
:10A3E0000EF008FF0821C9A003F01AF90120C549A1
:10A3F00008706DE0AFF2E851BD480EF0D8FD28B30B
:10A40000C5A1BB480EF0D3FD0446B4B10F21C4482A
:10A410000EF0F0FEA41D02222146C148F8F750FFBD
:10A420002078322802DB2078382803DD0020BD495F
:10A43000087002E00120BB4908700220B149087091
:10A440000020B9490880B949087030E0B8A1A8488F
:10A450000EF0ADFD60B10020AA490870A84908605F
:10A46000B1490880B14908700120A74908701EE071
:10A47000AD480088401CAC49088008460088642824
:10A4800015DD002008809F490870A8480078401C0E
:10A49000A649087008460078032808DD00200870E7
:10A4A00098490870964908600120974908700FE0A4
:10A4B000FFE70320934908700AE000209B490870D9
:10A4C000904908708E49086001208F49087000BFCC
:10A4D00000BF10BD10B50446542221469748F8F736
:10A4E000EFFE2046FAF729FDFF2010BD70B50646A5
:10A4F0000D46934880680A2801D1002070BD4FF4B2
:10A500004370F8F7C4FF04460CB90020F6E7258134
:10A510002A46314604F10A00F8F7D2FE884800685E
:10A5200050B9002060602060854804604460806805
:10A53000401C834988600DE00020606080484068CE
:10A5400044607F48406820607D4844608068401CCB
:10A550007B498860FF20D1E77948006808B900206E
:10A560007047774800680830FAE710B5744800680B
:10A5700008B9002010BD724804680068406820B126
:10A5800000206F490968496808606D4800684068A4
:10A590006B49086008468068401E88602046F8F7CE
:10A5A00066FFFF20E6E710B50020044608E0644897
:10A5B000806800B906E0FFF7D8FF601CC0B204460F
:10A5C0000A2CF4DB00BF10BD10B54F48007800B96D
:10A5D00010BD5C480078032859D005DC48B101283B
:10A5E00013D0022877D131E0042866D0EE28F9D1C3
:10A5F000F4E0FFF7B1FF544908600846006800B96D
:10A60000E6E701204F490870F1E04FF40071384847
:10A610000EF0F0FD4FF400714C480EF0EBFD4021C0
:10A620004B480EF009FE48480068028849A1484896
:10A630000EF028FB46480EF0F0FC04462146444844
:10A6400002F0EEFF02203F490870D0E046A1284802
:10A650000EF0ADFC40B103203A4908700020434998
:10A6600008704349088011E041480088642805DAF1
:10A670003F480088401C3E49088007E000203C49D4
:10A6800008803A49087003202E490870AFE04FF463
:10A69000007117480EF0AEFD4FF400712B480EF01C
:10A6A000A9FD29480068018827480068801C02F03D
:10A6B000B7FF04202349087099E02EA10C480EF042
:10A6C00076FC48B1EE201F49087000202749087029
:10A6D0002749088081E087E050E00000A0050020C5
:10A6E0001A0600208F0600202B51495552433A008C
:10A6F0003CA100202272656376222C302C000000E1
:10A7000078060020900600207C06002041542B4350
:10A7100053510D0A000000002B4353513A20000012
:10A72000D9050020D80500209206002091060020BF
:10A730002B434D45204552524F523A0024060020EB
:10A74000DCA5002094060020980600203C8900200B
:10A75000E8A5002041542B514953454E443D302C2F
:10A7600025640D0A000000003E0000009506002050
:10A770009606002053454E44204F4B00AFF228511F
:10A78000F7480EF014FCB0B1F6480078401CF549CB
:10A7900008700846007803281FDD0020087000F0CC
:10A7A000A8FA06F0EEFDFFF7FEFE02F0B3FFEE2082
:10A7B000ED49087011E0ED480088642805DAEB489F
:10A7C0000088401CE949088007E00020E74908802C
:10A7D000E4490870EE20E449087008E0FFF7C5FE80
:10A7E0000020E149087000BF00BF00BF00BF00BFEC
:10A7F00000BFEDE670B504460D4629462046FFF73A
:10A8000075FEFF2070BD30B585B00024D8480068C3
:10A8100041F27071884205D2D5480068401CD44985
:10A8200008608DE1D348007830B1012814D00228A7
:10A830007ED003287DD128E10020CF4908704FF455
:10A840000071C7480EF0D6FC0A21CCA002F0E8FE49
:10A850000120C849087072E1AFF64C21C0480EF0E3
:10A86000A6FB002866D0C8A1BD480EF0A0FB044698
:10A87000002C7DD00834607830382178303901EBF5
:10A88000810100EB4100642190FBF1F201FB120019
:10A8900000F5FA6080B2ADF80C00BDF80C0040F68F
:10A8A000330188420DDD0020BA490880BA4908709A
:10A8B000B0490870AE4908600120AF49087005B082
:10A8C00030BDE41C607830382178303901EB8101EB
:10A8D00000EB4100C0B28DF80E009DF80E000C2870
:10A8E0000CDD0020AB490880AB490870A149087015
:10A8F0009F4908600120A0490870E0E7E41C6078E7
:10A9000030382178303901EB810100EB4100C0B2D1
:10A910008DF80F009DF80F001F2810DD00209D49C5
:10A9200008809D490870934908709149086002E0C9
:10A930009DE003E186E001208F490870BFE7E41C39
:10A94000607830382178303901EB810100EB41002B
:10A95000C0B28DF810009DF8100017280EDD002001
:10A960008C4908808C49087082490870804900E051
:10A970005FE00860012080490870A0E7E41C60786F
:10A9800030382178303901EB810100EB4100C0B251
:10A990008DF811009DF811003B280CDD00207D4949
:10A9A00008807D490870734908707149086001206A
:10A9B0007149087083E7E41C6078303821783039B9
:10A9C00001EB810100EB41003C2190FBF1F201FB26
:10A9D0001200C0B28DF812009DF812003B280CDD69
:10A9E00000206C4908806C49087062490870604911
:10A9F000086001206049087061E703A807F0A3FE22
:10AA0000BDF80C00642190FBF1F201FB1200C5B20D
:10AA10009DF812009DF811109DF81020CDE900213D
:10AA200002909DF80F209DF80E100023284608F094
:10AA30006BFD0020574908805749087002204D4996
:10AA4000087013E053480088401C524908800846AB
:10AA5000008864280ADD002008804F4908704549B5
:10AA600008704349086001204349087067E04FF4CB
:10AA700000713B480EF0BEFB0821AFF2703002F0CF
:10AA8000CFFD03203B49087059E0AFF67C413448C4
:10AA90000EF08DFA50B3AFF2803131480EF087FAE4
:10AAA0000446B4B10F213D480EF0A4FBA41D0222C0
:10AAB00021463A48F8F704FC2078322802DB207857
:10AAC000382803DD00203649087002E001203449AF
:10AAD0000870002027490870254908602D49088022
:10AAE0002D49087001202449087026E0AFF2C031DA
:10AAF0001B480EF05CFA60B100201E4908701C492A
:10AB00000860244908802449087001201A49087007
:10AB100013E020480088401C1E4908800846008831
:10AB200064280ADD002008801B490870114908705C
:10AB30000F49086001201049087000E000BF00BF05
:10AB400000BFBCE610B500F020F900B110BD02F066
:10AB500061FE08B1FFF757FEFFF736FD00BFF5E7CE
:10AB60003CA10020950600209406002096060020B7
:10AB7000A00600209C0600207C06002041542B43A8
:10AB8000434C4B3F0D0A00002B43434C4B3A2022D1
:10AB9000000000009E0600209D060020D905002030
:10ABA000D8050020F948007A7047F84800787047C7
:10ABB000F6484068704710B50446F44844600146C2
:10ABC000486808F04BFE10BD10B5F148006808B9A0
:10ABD000002010BDEE4804680068406820B10020E5
:10ABE000EB49096849680860E94800684068E84935
:10ABF000086008468068401E88602046F8F737FCE9
:10AC0000FF20E6E72DE9F04705460E461746984631
:10AC1000DF488068202801D1FFF7D6FF2420F8F70D
:10AC200036FC044614B90020BDE8F08730460EF02B
:10AC3000F4F981464A46314604F10800F8F740FB32
:10AC40006561A761C4F81C8001212162D0480068B9
:10AC500050B9002060602060CD4804604460806886
:10AC6000401CCB4988600DE000206060C848406807
:10AC70004460C74840682060C54844608068401C04
:10AC8000C3498860FF20CFE70246C148016805E05C
:10AC90004869904201D1086A704749680029F7D194
:10ACA00040F22F10F8E70246B948016805E048690C
:10ACB000904201D10846704749680029F7D1002029
:10ACC000F9E70246B24B186804E04369934200D1A9
:10ACD000016240680028F8D17047AE4870470120F3
:10ACE000AD4981F8980070470020AB4981F8980081
:10ACF00070470021A84A116151614FF4FA60114672
:10AD0000A1F884000020A1F8860081F880000021CD
:10AD10009160D1604FF4FA601146A1F882000020E2
:10AD2000A1F896004EF27860A1F88E000020A1F8FC
:10AD30009000012081F89800704710B502460B463C
:10AD400000210AE0954800EBC10411CC50405C4062
:10AD5000204300D110BD481CC1B22029F2DB8F482E
:10AD60000838C478083000EBC4000CC08B480838A1
:10AD7000C078401C894C083CE0702046C0782028F0
:10AD800001D10020E070FF20E4E7834890F88100C3
:10AD90007047814890F88000704710B50446002045
:10ADA0007F4908807F4908707F48006818B17E4855
:10ADB0000068F8F75CFB7C48046010BD01207B490B
:10ADC000087070470020794908707047774800780C
:10ADD000704730B50346002014E0141A641E0C5D61
:10ADE000734D05EB1414247803F81040141A641EF4
:10ADF0000C5D04F00F042C5D012505EB40055C554E
:10AE0000441CE0B29042E8DB30BD30B50346002080
:10AE100010E00C5C664D05EB1414247803F8104028
:10AE20000C5C04F00F042C5D012505EB40055C551E
:10AE3000441CE0B29042ECDB30BD30B5034600204C
:10AE400014E0141A641E0C5D594D05EB141424789B
:10AE500003F81040141A641E0C5D04F00F042C5DFE
:10AE6000012505EB40055C55441CE0B29042E8DB4F
:10AE700030BD01462F2906DD3A2904DAA1F1300060
:10AE8000C2B210467047602906DD672904DAA1F1D5
:10AE90005700C2B21046F5E7402906DD472904DA1B
:10AEA000A1F13700C2B21046ECE7FF20EAE7F0B5A7
:10AEB00004460E461546002313E00027012101EB4E
:10AEC0004301605CFFF7D5FF074614F81300FFF756
:10AED000D0FF47EA0010C7B2681EC01A3754581C8A
:10AEE000C3B2AB42E9DBF0BDF0B504460D461646F1
:10AEF000002311E00027012101EB4301605CFFF713
:10AF0000B8FF074614F81300FFF7B3FF47EA001035
:10AF1000C7B2EF54581CC3B2B342EBDBF0BD10B55F
:10AF2000FCF76DFE18B901201849086002E0002006
:10AF30001649086010BD10B51648F9F782FF15488C
:10AF40002030F9F789FFF9F792FF48B11148203016
:10AF50000EF063F8C4B221460E48203009F0BAFA68
:10AF60000C4809F028FBF9F79AFF0849886010BDE2
:10AF70001CB502F001FC0F4800900F480190684694
:10AF800002F0ACFEFFF7D7FF1CBD0000D0A70020E9
:10AF900004A80020FC06002028A60020D0A600203F
:10AFA000A8060020AA060020AC0600201C080020ED
:10AFB000C8C301088F3400086F3400082DE9F04140
:10AFC00004F0E7F907460022FD4BFEA1384604F0E5
:10AFD00066F9FE4AFEA1384604F094F9FB4A1032A5
:10AFE000FDA1384604F08EF9F84A2032FCA138461B
:10AFF00004F088F9F5490839086810F000FD0546A5
:10B000002A460B46F9A1384604F049F9EF490839B8
:10B01000486810F0F4FC05462A460B46F4A1384671
:10B0200004F03DF90022F44BF4A1384604F037F95E
:10B03000384603F008FF044624B9384602F084FE7F
:10B04000BDE8F08120787B2806D0384602F07CFEEF
:10B050002046F8F70CFAF3E720460DF0DEFF054630
:10B06000F8F715FAE74908600846006830B938462D
:10B0700002F06AFE2046F8F7FAF9E1E75020F8F707
:10B0800006FAE14908600846006850B9384602F0FF
:10B090005BFE2046F8F7EBF9DA480068F8F7E7F9C5
:10B0A000CEE70020D84909680870D7490968887038
:10B0B00006F0D2FAD449096888800020D24909688C
:10B0C00048700C20D0490968C8800C22CFA1CE4816
:10B0D00000680830F8F7F4F820460DF09EFFCA49E2
:10B0E0000968A1F84800C7480068C7490968C864EA
:10B0F00020460DF092FF0546C34909682A46C86CF0
:10B100002146F8F7DDF8C048006807F0C7FABD48E7
:10B110000068F8F7ACF9BC480068F8F7A8F92046D1
:10B12000F8F7A5F9384602F00FFE00BF88E72DE9D1
:10B13000F04104F02EF9804604F02BF90746002276
:10B14000B64BA0A1404604F0AAF8A04AA0A14046F0
:10B1500004F0D8F89D4A10329FA1404604F0D2F87E
:10B160009A4A20329EA1404604F0CCF8974908390B
:10B17000086810F044FC05462A460B469BA1404651
:10B1800004F08DF891490839486810F038FC0546FC
:10B190002A460B4696A1404604F081F83A46A0A103
:10B1A000404603F08AFFA049086810F028FC0546D5
:10B1B0002A460B469DA1384604F071F89A49486822
:10B1C00010F01DFC05462A460B469BA1384604F0AC
:10B1D00066F89549886810F012FC05462A460B4629
:10B1E00099A1384604F05BF8404603F02CFE044673
:10B1F00024B9404602F0A8FDBDE8F08120787B2804
:10B2000006D0404602F0A0FD2046F8F730F9F3E7FB
:10B2100020460DF002FF0546F8F739F98D49086020
:10B220000846006830B9404602F08EFD2046F8F727
:10B230001EF9E1E75020F8F72AF987490860084627
:10B24000006850B9404602F07FFD2046F8F70FF93C
:10B2500080480068F8F70BF9CEE700207E490968BE
:10B2600008707D490968887006F0F6F97A4909681E
:10B27000888000207849096848700C207649096860
:10B28000C8800C2261A1744800680830F8F718F8EB
:10B2900020460DF0C2FE70490968A1F848006D48CB
:10B2A00000686D490968C86420460DF0B6FE054681
:10B2B000694909682A46C86C2146F8F701F86648CA
:10B2C000006807F0EBF963480068F8F7D0F86248C7
:10B2D0000068F8F7CCF82046F8F7C9F8404602F0C5
:10B2E00033FD00BF88E710B55C480088B0F5FA6F01
:10B2F00005DA5A480088401C5849088012E00020AE
:10B30000564908805648007810B9FFF757FE01E00B
:10B31000FFF70DFF5248007808B9012000E0002037
:10B320004F49087010BD2DE9F047054604F031F88B
:10B33000814604F02EF8804600224A4B21A148465F
:10B3400003F0ADFF214A22A1484603F0DBFF1F4A6C
:10B35000103221A1484603F0D5FF1C4A203220A11B
:10B36000484603F0CFFF19490839086810F047FB39
:10B37000064632460B461DA1484603F090FF13498E
:10B380000839486810F03BFB064632460B4618A1C8
:10B39000484603F084FF2A4633A1484603F0B2FF33
:10B3A00042461FA1484603F088FE1F49086810F076
:10B3B00026FB064632460B461CA1404656E00000DE
:10B3C00000408F40636D644964000000DC0600208B
:10B3D0006272616E640000006D6F64656C00000055
:10B3E000646576696365496400000000726F7700E8
:10B3F000636F6C756D6E00000000F03F6D61636EF1
:10B400006F00000024080020200800207465726D81
:10B41000696E616C5F6D73670000000000488F40CB
:10B420006461746100000000D0A70020646F6F7237
:10B43000207374617465000073797374656D207393
:10B44000746174650000000073746F72652073741A
:10B45000617465002C0800202808002030080020B6
:10B460003208002000588F407473000003F017FF6B
:10B47000FA49486810F0C3FA064632460B46AFF266
:10B480004801404603F00BFFF449886810F0B7FA12
:10B49000064632460B46AFF25001404603F0FFFE2F
:10B4A000484603F0D0FC044624B9484602F04CFC60
:10B4B000BDE8F08720787B2806D0484602F044FC9F
:10B4C0002046F7F7D4FFF3E720460DF0A6FD064629
:10B4D000F7F7DDFFE24908600846006830B94846E2
:10B4E00002F032FC2046F7F7C2FFE1E75020F7F701
:10B4F000CEFFDC4908600846006850B9484602F0B3
:10B5000023FC2046F7F7B3FFD5480068F7F7AFFFF5
:10B51000CEE70120D349096808700020D1490968A5
:10B520008870D0490968C87006F096F8CD49096856
:10B5300088800020CB49096848700C20C9490968F7
:10B54000C8800C22AFF23C11C64800680830F7F7FB
:10B55000B7FEC4480068083008B900BF00BF2046E5
:10B560000DF05BFDBF490968A1F84800BC480068C0
:10B57000BC490968C86420460DF04FFD0646B9492C
:10B5800009683246C86C2146F7F79AFEB54800684C
:10B5900007F084F8B34800680078012808D0B04864
:10B5A0000068F7F764FFAF480068F7F760FF11E045
:10B5B0000120AC4909688870AA48006806F0B8FB09
:10B5C000FF2807D1A6480068F7F751FFA548006893
:10B5D000F7F74DFF2046F7F74AFF484602F0B4FB65
:10B5E00000BF65E770B5054600240026AFF22021B4
:10B5F000284603F0C8FC044604B970BD9A49206986
:10B600000DF042FE00B1F8E7AFF23421284603F016
:10B61000BAFC044604B9F0E79349103120690DF0F3
:10B6200033FE00B1E9E7AFF24821284603F0ABFC56
:10B63000044604B9E1E78C49203120690DF024FE6D
:10B6400000B1DAE7AFF2E011284603F09CFC0446B3
:10B6500004B9D2E726693046FFF765FE00BFCCE7A4
:10B660002DE9F041054603F094FE064600227F4B8B
:10B67000AFF2B021304603F012FE7B4AAFF2B021A8
:10B68000304603F03FFE784A1032AFF2B421304624
:10B6900003F038FE744A2032AFF2BC21304603F08A
:10B6A00031FE0022724B73A1304603F0F8FD73A205
:10B6B00074A1304603F026FE2A46AFF254213046EC
:10B6C00003F020FE304603F0BEFB044624B93046AA
:10B6D00002F03AFBBDE8F08120787B2806D03046A6
:10B6E00002F032FB2046F7F7C2FEF3E720460DF0EA
:10B6F00094FC0746F7F7CBFE6349086008460068EC
:10B7000030B9304602F020FB2046F7F7B0FEE1E703
:10B710005020F7F7BCFE5D4908600846006850B944
:10B72000304602F011FB2046F7F7A1FE56480068AC
:10B73000F7F79DFECEE70120544909680870002004
:10B7400052490968887051490968C87005F084FF3A
:10B750004E490968888000204C49096848700C20CF
:10B760004A490968C8800C22AFF260314748006836
:10B770000830F7F7A5FD45480068083008B900BF54
:10B7800000BF20460DF049FC40490968A1F8480077
:10B790003D4800683D490968C86420460DF03DFCFD
:10B7A00007463A4909683A46C86C2146F7F788FDCA
:10B7B0003648006806F072FF3448006800780128B7
:10B7C00008D031480068F7F752FE30480068F7F7B4
:10B7D0004EFE11E001202D49096888702B48006851
:10B7E00006F0A6FAFF2807D127480068F7F73FFEC2
:10B7F00026480068F7F73BFE2046F7F738FE30464C
:10B8000002F0A2FA00BF65E770B5054600240026E5
:10B81000AFF24441284603F0B6FB044604B970BDBC
:10B82000114920690DF030FD00B1F8E7AFF2584141
:10B83000284603F0A8FB044604B9F0E70A49103192
:10B8400020690DF021FD00B1E9E7AFF26C41284617
:10B8500003F099FB0446DCB9E1E70000D0A7002023
:10B860003808002034080020DC06002000688F40E3
:10B870000000F03F666C6167000000007375636351
:10B88000657373006D736700400800203C0800205A
:10B89000FE4920690DF0F8FC00B1C0E7AFF2584155
:10B8A000284603F070FB044604B9B8E7F84960691C
:10B8B00088600846806830B10120F9F7DCFA03207F
:10B8C00008F078F90CE00020F9F7D5FAF9F7CFFA8B
:10B8D00018B1052008F06EF902E0042008F06AF9BA
:10B8E000AFF27C41284603F04EFB044604B996E7CC
:10B8F00026693046FFF7B4FE00BF90E72DE9F04718
:10B9000005460E46914603F044FD82460022E14B77
:10B91000AFF25051504603F0C2FCDC4A203AAFF27D
:10B920005051504603F0EEFCD84A103AAFF258514D
:10B93000504603F0E7FCD54AAFF25C51504603F0A5
:10B94000E1FC304610F05BF807463A460B46D2A1C0
:10B95000504603F0A4FC4A46D1A1504603F0D2FC65
:10B960000022D14BAFF2F401504603F098FCAFF245
:10B97000F402AFF2F001504603F0C4FC2A46AFF2E5
:10B980001851504603F0BEFC504603F05CFA0446E2
:10B9900024B9504602F0D8F9BDE8F08720787B281A
:10B9A00006D0504602F0D0F92046F7F760FDF3E7E5
:10B9B00020460DF032FB0746F7F769FDBB490860EA
:10B9C0000846006830B9504602F0BEF92046F7F745
:10B9D0004EFDE1E75020F7F75AFDB54908600846EB
:10B9E000006850B9504602F0AFF92046F7F73FFD26
:10B9F000AE480068F7F73BFDCEE70120AC49096887
:10BA000008700020AA4909688870A9490968C870A7
:10BA100005F022FEA649096888800020A44909682B
:10BA200048700C20A2490968C8800C22AFF224613A
:10BA30009F4800680830F7F743FC9D4800680830CD
:10BA400008B900BF00BF20460DF0E7FA9849096821
:10BA5000A1F848009548006895490968C8642046DF
:10BA60000DF0DBFA0746924909683A46C86C214650
:10BA7000F7F726FC8E48006806F010FE8C48006838
:10BA80000078012808D089480068F7F7F0FC88485A
:10BA90000068F7F7ECFC11E001208549096888701F
:10BAA0008348006806F044F9FF2807D17F48006802
:10BAB000F7F7DDFC7E480068F7F7D9FC2046F7F77A
:10BAC000D6FC504602F040F900BF65E72DE9F0438F
:10BAD00087B080460027B946AFF20C71404603F0AC
:10BAE00052FA744908600846006810B907B0BDE80A
:10BAF000F083704909680869644920390DF0C4FB76
:10BB000000B1F3E7AFF23071404603F03CFA694907
:10BB100008600846006800B9E8E7664909680869EE
:10BB20005A4910390DF0B0FB00B1DFE7AFF25071A8
:10BB3000404603F028FA5F4908600846006800B9EB
:10BB4000D4E75C490968086950490DF09DFB00B1D4
:10BB5000CCE751A1404603F016FA56490860084662
:10BB6000006800B9C2E75348006844692046F9F705
:10BB7000DFFA00B1BAE74AA1404603F004FA4D49A2
:10BB800008600846006800B9B0E74A4800680769DD
:10BB900049A1404603F0F7F94849086008460068A3
:10BBA00000B9A3E7AFF2BC714448006803F0EBF9B9
:10BBB000404908600846006800B997E73D480068BA
:10BBC0004569AFF2D4713D48006803F0DCF93949AA
:10BBD00008600846006800B988E73648006846698A
:10BBE000721E691EAFF625732046F8F78AFB3846A9
:10BBF00007F0F8FE062007F0DDFF02940395049697
:10BC000001200590684606F085FD6846F9F7DAFAE6
:10BC1000AFF2AC71404603F0B6F926490860084619
:10BC2000006800B962E723480068D0F810903A46EF
:10BC300021464846FFF762FE00BF57E72DE9F04175
:10BC4000054603F0A6FB064600221D4BAFF68C010D
:10BC5000304603F024FB0D4A203AAFF68C01304603
:10BC600003F050FB094A103AAFF69401304603F056
:10BC700049FB064AAFF69801304603F043FB002229
:10BC8000094BAFF2104130461CE00000FC060020DA
:10BC9000D0A7002000788F40636F6465000000002B
:10BCA0006F726465724964000000F03F480800202C
:10BCB000440800204C0800207661720050080020E3
:10BCC00000888F4003F0EBFAAFF25042AFF24C41E4
:10BCD000304603F017FB2A46AFF67401304603F0F6
:10BCE00011FB304603F0AFF8044624B9304602F0A9
:10BCF0002BF8BDE8F08120787B2806D0304602F092
:10BD000023F82046F7F7B3FBF3E720460DF085F95B
:10BD10000746F7F7BCFBF74908600846006830B9EA
:10BD2000304602F011F82046F7F7A1FBE1E750207A
:10BD3000F7F7ADFBF04908600846006850B9304697
:10BD400002F002F82046F7F792FBEA480068F7F79E
:10BD50008EFBCEE70120E849096808700020E6491B
:10BD600009688870E4490968C87005F075FCE24903
:10BD7000096888800020E049096848700C20DE4985
:10BD80000968C8800C22AFF67C11DB4800680830D7
:10BD9000F7F796FAD8480068083008B900BF00BF26
:10BDA00020460DF03AF9D4490968A1F84800D14875
:10BDB0000068D1490968C86420460DF02EF907468D
:10BDC000CD4909683A46C86C2146F7F779FACA485E
:10BDD000006806F063FCC84800680078012808D0B5
:10BDE000C4480068F7F743FBC3480068F7F73FFB18
:10BDF00011E00120C04909688870BF48006805F05B
:10BE000097FFFF2807D1BB480068F7F730FBBA4817
:10BE10000068F7F72CFB2046F7F729FB304601F0C6
:10BE200093FF00BF65E770B505460026AFF66021B9
:10BE3000284603F0A8F8B14908600846006800B930
:10BE400070BDAE4909680869AD490DF01DFA00B131
:10BE5000F6E7AFF67C21284603F095F8A74908607D
:10BE60000846006800B9EBE7A44909680869A449D5
:10BE700010310DF009FA00B1E2E7AFF69C21284637
:10BE800003F081F89D4908600846006800B9D7E7CB
:10BE90009A49096808699A4920310DF0F5F900B10D
:10BEA000CEE798A1284603F06EF89449086008464A
:10BEB000006800B9C4E791480068446914B1FBF711
:10BEC000ADFE01E0FBF7AEFEAFF66421284603F0BD
:10BED0005AF88A4908600846006800B9B0E7874800
:10BEE000006806693046FFF7A9FE00BFA8E72DE904
:10BEF000F05F05460E46914603F04BFA824600225B
:10BF0000834BAFF64031504603F0C9F97C4AAFF697
:10BF10004031504603F0F6F9794A1032AFF6483115
:10BF2000504603F0EFF9764A2032AFF64C315046D6
:10BF300003F0E8F930460FF062FD07463A460B463B
:10BF4000AFF2AC21504603F0AAF94A46AFF2B02155
:10BF5000504603F0D7F93046F9F701F983465846C1
:10BF60000FF04DFD07463A460B466AA1504603F0D6
:10BF700096F92A46AFF61031504603F0C3F9504601
:10BF800002F061FF044624B9504601F0DDFEBDE831
:10BF9000F09F20787B2806D0504601F0D5FE204641
:10BFA000F7F765FAF3E720460DF037F80746F7F79D
:10BFB0006EFA5C4908600846006830B9504601F0E6
:10BFC000C3FE2046F7F753FAE1E75020F7F75FFA90
:10BFD000554908600846006850B9504601F0B4FE63
:10BFE0002046F7F744FA4F480068F7F740FACEE7E3
:10BFF00001204D490968087000204B490968887084
:10C0000049490968C87005F027FB474909688880D5
:10C0100000204549096848700C2043490968C880D8
:10C020000C22AFF61841404800680830F7F748F98D
:10C030003D480068083008B900BF00BF20460CF03A
:10C04000ECFF39490968A1F84800364800683649CC
:10C050000968C86420460CF0E0FF074632490968C9
:10C060003A46C86C2146F7F72BF92F48006806F0CE
:10C0700015FB2D4800680078012808D02948006881
:10C08000F7F7F5F928480068F7F7F1F911E0012012
:10C090002549096888702448006805F049FEFF2892
:10C0A00007D120480068F7F7E2F91F480068F7F762
:10C0B000DEF92046F7F7DBF9504601F045FE00BFF8
:10C0C00065E72DE9F041054600260027AFF600514F
:10C0D000284602F058FF154908600846006808B96C
:10C0E000BDE8F08111490968086905490DF0CCF8EF
:10C0F000F0B1F5E758080020540800205C08002043
:10C10000DC060020646F6F72737461746500000058
:10C11000005C9140736869706D656E742073746122
:10C120007465000064080020600800206808002092
:10C13000AFF65C51284602F026FFFE49086008462B
:10C14000006800B9CCE7FB4909680869FA490DF0B5
:10C150009BF800B1C4E7AFF67851284602F013FF10
:10C16000F44908600846006800B9B9E7F149096870
:10C170000869F14910310DF087F800B1B0E7AFF26E
:10C18000E841284602F0FFFEEA49086008460068D8
:10C1900000B9A5E7E74800684469AFF2FC412846CA
:10C1A00002F0F1FEE34908600846006800B997E72D
:10C1B000E04800680669AFF65051284602F0E3FEF9
:10C1C000DC4908600846006800B989E7D94800687A
:10C1D0000769324621463846FFF789FE00BF7FE7F0
:10C1E0002DE9F041054603F0D4F806460022D34B72
:10C1F000AFF63061304603F052F8CF4A103AAFF64E
:10C200003061304603F07EF8CB4AAFF634613046F9
:10C2100003F078F8C84A1032AFF63C61304603F0BC
:10C2200071F80022C64BAFF6B411304603F037F870
:10C23000AFF6B812C3A1304603F064F82A46AFF651
:10C24000D851304603F05EF8304602F0FCFD04465B
:10C2500024B9304601F078FDBDE8F08120787B28D4
:10C2600006D0304601F070FD2046F7F700F9F3E7FD
:10C2700020460CF0D2FE0746F7F709F9B3490860EB
:10C280000846006830B9304601F05EFD2046F7F7F9
:10C29000EEF8E1E75020F7F7FAF8AD4908600846F4
:10C2A000006850B9304601F04FFD2046F7F7DFF83F
:10C2B000A6480068F7F7DBF8CEE70120A449096833
:10C2C00008700020A24909688870A1490968C870EF
:10C2D00005F0C2F99E490968888000209C490968D8
:10C2E00048700C209A490968C8800C22AFF6E461B6
:10C2F000974800680830F6F7E3FF95480068083073
:10C3000008B900BF00BF20460CF087FE90490968BD
:10C31000A1F848008D4800688D490968C864204626
:10C320000CF07BFE07468A4909683A46C86C2146EC
:10C33000F6F7C6FF8648006806F0B0F98448006842
:10C340000078012808D081480068F7F790F8804805
:10C350000068F7F78CF811E001207D4909688870C2
:10C360007B48006805F0E4FCFF2807D177480068A7
:10C37000F7F77DF876480068F7F779F82046F7F781
:10C3800076F8304601F0E0FC00BF65E770B5044682
:10C390000025AFF6C471204602F0F5FD6D49086036
:10C3A0000846006800B970BD6A49096808696249B1
:10C3B00010390CF069FF00B1F5E7AFF6E4712046E3
:10C3C00002F0E1FD634908600846006800B9EAE749
:10C3D00060490968086958490CF056FF00B1E2E766
:10C3E0005D49204602F0CFFD5A49086008460068C2
:10C3F00000B9D8E75749096808694F4910310CF06E
:10C4000043FF00B1CFE755A1204602F0BCFD5149E2
:10C4100008600846006800B9C5E74FF480714648D7
:10C4200030300CF009FF4B49096808690CF0F5FD44
:10C43000064648480068324601693F483030F6F702
:10C440003FFF4449096808690CF0E7FDC6B2314670
:10C4500039483030F8F7DAFC4148806870B1032081
:10C4600007F0A8FB3B49096808690CF0D6FDC6B285
:10C4700031463148303008F02DF80DE0052007F046
:10C4800099FB3449096808690CF0C7FDC6B231460A
:10C490002948303008F01EF832A1204602F073FD22
:10C4A0002C4908600846006800B97CE72948006804
:10C4B00005692846FFF794FE00BF74E710B5002415
:10C4C00009E021460020F9F7DBF881B2264820F880
:10C4D0001410601CC4B2082CF3DB02202249891E10
:10C4E000087010BD2DE9F041054602F052FF0646E6
:10C4F00000221E4B18491C39304602F0D0FE0E4A6D
:10C50000103A15491039304602F0FCFE0A4A124929
:10C510000839304602F0F6FE074A10320E4930461E
:10C5200002F0F0FE0022064BAFF6B841304602F0B2
:10C53000B6FE1DE068080020EC060020006C91406B
:10C540000000F03F6D65737361676500700800203F
:10C550006C08002074080020E0B3000875726C00BD
:10C56000D0A7002074730000F2A70020007491404F
:10C57000AFF6F842AFF23401304602F0C3FE2A466D
:10C58000AFF22001304602F0BDFE304602F05BFC07
:10C59000044624B9304601F0D7FBBDE8F08120788D
:10C5A0007B2806D0304601F0CFFB2046F6F75FFF30
:10C5B000F3E720460CF031FD0746F6F768FFFC492B
:10C5C00008600846006830B9304601F0BDFB2046DF
:10C5D000F6F74DFFE1E75020F6F759FFF5490860FF
:10C5E0000846006850B9304601F0AEFB2046F6F729
:10C5F0003EFFEF480068F6F73AFFCEE70120ED492D
:10C60000096808700020EB4909688870E9490968E1
:10C61000C87005F021F8E749096888800020E549DD
:10C62000096848700C20E3490968C8800C22E24977
:10C63000E04800680830F6F743FEDE48006808303E
:10C6400008B900BF00BF20460CF0E7FCD9490968D3
:10C65000A1F84800D6480068D6490968C864204651
:10C660000CF0DBFC0746D34909683A46C86C214602
:10C67000F6F726FECF48006806F010F8CD480068AF
:10C680000078012808D0CA480068F6F7F0FEC948CB
:10C690000068F6F7ECFE11E00120C64909688870D1
:10C6A000C448006805F044FBFF2807D1C048006873
:10C6B000F6F7DDFEBF480068F6F7D9FE2046F6F72C
:10C6C000D6FE304601F040FB00BF66E770B5044679
:10C6D0000025B9493C39204602F055FCB7490860AD
:10C6E0000846006800B970BDB44909680869B449D2
:10C6F0000CF0CAFD00B1F6E7AF493439204602F02C
:10C7000042FCAE4908600846006800B9EBE7AB4957
:10C7100009680869AA4910310CF0B6FD00B1E2E7DA
:10C72000A5492C39204602F02EFCA4490860084691
:10C73000006800B9D7E7A14909680869A049203114
:10C740000CF0A2FD00B1CEE7AFF69421204602F036
:10C750001AFC9C4908600846006800B9C3E796497E
:10C7600020399848006802F00EFC94490860084699
:10C77000006800B9B7E791480068007D9249887465
:10C780008D491C398F48006802F0FDFB8B49086019
:10C790000846006800B9A6E788480068007D8A4915
:10C7A000C874FFF78BFEAFF24421204602F0EBFB8A
:10C7B000824908600846006800B994E77F4800682D
:10C7C00005692846FFF78EFE00BF8CE72DE9F0478C
:10C7D000054600267C48807C401E7B49891C31F838
:10C7E0001000891EC97C491E01228A40104008B1F0
:10C7F000022600E0032602F0CCFD81460022734BA6
:10C800006D494839484602F04AFD6D4A6A493C394B
:10C81000484602F077FD6A4A103267493439484683
:10C8200002F070FD664A203263492C39484602F016
:10C8300069FD30460FF0E3F807463A460B4664A11F
:10C84000484602F02CFD2A46AFF2E821484602F0A5
:10C8500059FD484602F0F7FA044624B9484601F06B
:10C8600073FABDE8F08720787B2806D0484601F0AF
:10C870006BFA2046F6F7FBFDF3E720460CF0CDFB04
:10C880000746F6F704FE554908600846006830B9C7
:10C89000484601F059FA2046F6F7E9FDE1E7502055
:10C8A000F6F7F5FD4E4908600846006850B948465D
:10C8B00001F04AFA2046F6F7DAFD48480068F6F734
:10C8C000D6FDCEE70120464909680870002044499A
:10C8D0000968887042490968C87004F0BDFE404983
:10C8E0000968888000203E49096848700C203C494E
:10C8F0000968C8800C223049394800680830F6F7CA
:10C90000DFFC37480068083008B900BF00BF204688
:10C910000CF083FB32490968A1F848002F480068F1
:10C920002F490968C86420460CF077FB07462C495C
:10C9300009683A46C86C2146F6F7C2FC28480068E8
:10C9400005F0ACFE264800680078012808D023488E
:10C950000068F6F78CFD22480068F6F788FD11E0C4
:10C9600001201F49096888701D48006805F0E0F93A
:10C97000FF2807D119480068F6F779FD18480068C4
:10C98000F6F775FD2046F6F772FD484601F0DCF932
:10C9900000BF66E770B50446002507493C392046CC
:10C9A00002F0F1FA0F49086008460068E0B970BD6E
:10C9B0007C080020780800200CB4000880080020C3
:10C9C000DC06002084080020F0A70020007C9140B5
:10C9D0006173696C65207374617465008C08002054
:10C9E0008808002090080020FE4909680869FE496F
:10C9F0000CF04AFC00B170BDFC49204602F0C3FABD
:10CA0000F84908600846006800B9F4E7F549096884
:10CA10000869F54910310CF037FC00B1EBE7F34938
:10CA20000831204602F0AFFAEE4908600846006877
:10CA300000B9E0E7EB4909680869EB4920310CF0DF
:10CA400023FC00B1D7E7AFF2E441204602F09BFAA5
:10CA5000E44908600846006800B9CCE7E14800688E
:10CA600005692846FFF7B2FE00BFC4E72DE9F04193
:10CA7000054602F08EFC06460022DD4BDB491439E8
:10CA8000304602F00CFCD84AD8490839304602F04A
:10CA900039FCD54A1032D549304602F033FCD24A2F
:10CAA0002032D2490831304602F02CFC0022D14B12
:10CAB000D149304602F0F3FBCF4A0832AFF27C5145
:10CAC000304602F01FFC2A46AFF26851304602F0B1
:10CAD00019FC304602F0B7F9044624B9304601F09B
:10CAE00033F9BDE8F08120787B2806D0304601F08C
:10CAF0002BF92046F6F7BBFCF3E720460CF08DFA45
:10CB00000746F6F7C4FCBD4908600846006830B91E
:10CB1000304601F019F92046F6F7A9FCE1E750206C
:10CB2000F6F7B5FCB64908600846006850B93046CB
:10CB300001F00AF92046F6F79AFCB0480068F6F7CB
:10CB400096FCCEE70120AE49096808700020AC4988
:10CB500009688870AA490968C87004F07DFDA84971
:10CB6000096888800020A649096848700C20A449FB
:10CB70000968C8800C229D493431A14800680830FA
:10CB8000F6F79EFB9E480068083008B900BF00BF5A
:10CB900020460CF042FA9A490968A1F848009748E3
:10CBA000006897490968C86420460CF036FA0746C1
:10CBB000934909683A46C86C2146F6F781FB9048CC
:10CBC000006805F06BFD8E4800680078012808D0E9
:10CBD0008A480068F6F74BFC89480068F6F747FC7E
:10CBE00011E001208649096888708548006805F0D1
:10CBF0009FF8FF2807D181480068F6F738FC804885
:10CC00000068F6F734FC2046F6F731FC304601F0B8
:10CC10009BF800BF65E770B50446002573490839E5
:10CC2000204602F0B0F9774908600846006800B96C
:10CC300070BD7449096808696B490CF025FB00B1A7
:10CC4000F6E76A49204602F09EF96E4908600846F8
:10CC5000006800B9ECE76B4909680869624910315E
:10CC60000CF012FB00B1E3E760490831204602F006
:10CC70008AF9644908600846006800B9D8E7614944
:10CC800009680869584920310CF0FEFA00B1CFE775
:10CC9000FFF714FCAFF23471204602F074F95949E1
:10CCA00008600846006800B9C2E756480068056990
:10CCB0002846FFF7DBFE00BFBAE72DE9FC41054639
:10CCC00051A103C9CDE9000102F063FB80460022B7
:10CCD0004F4B46491439404602F0E1FA424A434973
:10CCE0000839404602F00EFB3F4A10323F494046A9
:10CCF00002F008FB3C4A20323C490831404602F031
:10CD000001FB2A46AFF2A471404602F0FBFA41490A
:10CD100008780EF08BFE064632460B463EA1404692
:10CD200002F0BDFA02223B49891C0DF10200FEF718
:10CD30006CF86A463BA1404602F0E4FA022235490B
:10CD4000091D0DF10200FEF760F86A4637A1404662
:10CD500002F0D8FA02222F49891D0DF10200FEF7D8
:10CD600054F86A4633A1404602F0CCFA022229491F
:10CD700008310DF10200FEF748F86A462FA140463F
:10CD800002F0C0FA022223490A310DF10200FEF737
:10CD90003CF86A462BA1404602F0B4FA02221D4933
:10CDA0000C310DF10200FEF730F86A4627A140462B
:10CDB00002F0A8FA022217490E310DF10200FEF727
:10CDC00024F86A4623A1404602F09CFA0222114947
:10CDD00010310DF10200FEF718F86A461FA1404617
:10CDE00040E0000090080020DC060020D8B30008D6
:10CDF000008491400000F03F74B800089C080020B7
:10CE000098080020A0080020307830303030000032
:10CE1000008C9140F0A70020636865636B207374F9
:10CE200061746500726F772031000000726F7720A7
:10CE300032000000726F772033000000726F77209D
:10CE400034000000726F772035000000726F772089
:10CE500036000000726F772037000000726F772075
:10CE60003800000002F04EFA404601F0ECFF0446A4
:10CE700024B9404600F068FFBDE8FC8120787B289B
:10CE800006D0404600F060FF2046F6F7F0FAF3E7E0
:10CE900020460CF0C2F80646F6F7F9FAFE4908609B
:10CEA0000846006830B9404600F04EFF2046F6F7CD
:10CEB000DEFAE1E75020F6F7EAFAF849086008469A
:10CEC000006850B9404600F03FFF2046F6F7CFFA21
:10CED000F1480068F6F7CBFACEE70120EF49096880
:10CEE00008700020ED4909688870EC490968C8702D
:10CEF00004F0B2FBE949096888800020E749096825
:10CF000048700C20E5490968C8800C22E449E348D0
:10CF100000680830F6F7D4F9E0480068083008B92E
:10CF200000BF00BF20460CF078F8DC490968A1F882
:10CF30004800D9480068D9490968C86420460CF0FF
:10CF40006CF80646D54909683246C86C2146F6F7A2
:10CF5000B7F9D248006805F0A1FBD0480068007816
:10CF6000012808D0CC480068F6F781FACB48006861
:10CF7000F6F77DFA11E00120C84909688870C748B2
:10CF8000006804F0D5FEFF2807D1C3480068F6F713
:10CF90006EFAC2480068F6F76AFA2046F6F767FAB2
:10CFA000404600F0D1FE00BF66E770B5044600259C
:10CFB000BB493C39204601F0E6FFBA490860084603
:10CFC000006800B970BDB74909680869B6490CF036
:10CFD0005BF900B1F6E7B2493439204601F0D3FFDE
:10CFE000B04908600846006800B9EBE7AD49096838
:10CFF0000869AD4910310CF047F900B1E2E7A849E2
:10D000002C39204601F0BFFFA64908600846006899
:10D0100000B9D7E7A34909680869A34920310CF092
:10D0200033F900B1CEE7AFF6C421204601F0ABFFE3
:10D030009C4908600846006800B9C3E79948006841
:10D0400005692846FFF739FE00BFBBE72DE9FC5F05
:10D0500081460C46002602F09CF983460022934B41
:10D060008F494839584602F01AF98F4A8C493C39A1
:10D07000584602F047F98C4A1032894934395846EB
:10D0800002F040F9884A203285492C39584602F08E
:10D0900039F90022864B8749584602F000F9854A43
:10D0A000083202F10801584602F02CF94A46AFF660
:10D0B0004C31584602F026F9207830384FF47A7116
:10D0C00048436178303901EBC10202EB011100EBFA
:10D0D0008101A078303800EB800001EB4001E0785E
:10D0E0003038084480B2ADF80000607930382179DA
:10D0F000303901EB810100EB4100C0B28DF8020034
:10D10000E0793038A179303901EB810100EB410041
:10D11000C0B28DF8030000208DF804008DF80500E2
:10D120008DF8060031466846F8F72EF982460AEB7C
:10D130004A10F6F7ACF9064626B131466846F8F7CC
:10D1400023F9824632465CA1584602F0DBF850468D
:10D150000EF055FC07463A460B4658A1584602F0D9
:10D160009EF8584601F06FFE054625B9584600F076
:10D17000EBFDBDE8FC9F28787B2806D0584600F0E0
:10D18000E3FD2846F6F773F9F3E728460BF045FF71
:10D190000746F6F77CF94B4908600846006830B945
:10D1A000584600F0D1FD2846F6F761F9E1E7502036
:10D1B000F6F76DF9444908600846006850B95846CA
:10D1C00000F0C2FD2846F6F752F93E480068F6F72F
:10D1D0004EF9CEE701203C490968087000203A4921
:10D1E0000968887038490968C87004F035FA36490A
:10D1F0000968888000203449096848700C20324949
:10D200000968C8800C2226492F4800680830F6F7C4
:10D2100057F82D480068083008B900BF00BF2846FD
:10D220000BF0FBFE28490968A1F848002548006872
:10D2300025490968C86428460BF0EFFE07462249D5
:10D2400009683A46C86C2946F6F73AF81E4800685D
:10D2500005F024FA1C4800680078012808D0194815
:10D260000068F6F704F918480068F6F700F911E0CD
:10D2700001201549096888701348006804F058FDBA
:10D28000FF2807D10F480068F6F7F1F80E4800684C
:10D29000F6F7EDF8284619E0AC080020A8080020B1
:10D2A0000CB40008B0080020DC060020009C91406F
:10D2B0000000F03F74B800086C6F67006C6F674E39
:10D2C000756D0000BC080020B8080020F6F7CFF804
:10D2D000584600F039FD00BF4BE72DE9F041054607
:10D2E000002400260027B349284601F04CFE0446DE
:10D2F0000CB9BDE8F081B04920690BF0C5FF00B161
:10D30000F7E7AC490831284601F03DFE044604B970
:10D31000EFE7A949103120690BF0B6FF00B1E8E74B
:10D32000A4491031284601F02EFE044604B9E0E776
:10D33000A149203120690BF0A7FF00B1D9E79FA1D7
:10D34000284601F020FE044604B9D2E72769AFF66B
:10D35000EC51284601F017FE044604B9C9E72669D6
:10D3600039463046FFF772FE00BFC2E770B50024B1
:10D37000002500F070F918B300F06DF991490880AC
:10D3800000F069F90646F6F782F88F49086008460A
:10D39000006800B970BD8C48006800F061F98948E8
:10D3A00001888948006800F015FB20B986480068AC
:10D3B000F6F75DF804E084480068F6F758F8E9E706
:10D3C00000BFE7E710B500F03EFA00F041FB00B9FE
:10D3D00010BD03F06DFF20B900207C4981F880006A
:10D3E000F6E7FDF780FFFDF79AFD00BFF0E72DE9B6
:10D3F000F04100240025002600BF002700F00AFAB3
:10D4000008B9BDE8F081FFF7B1FF03F051FF00B9A3
:10D41000F7E76F48007830B101280FD0022832D0EA
:10D4200003280AD1B4E004F021FF6A4908600846E5
:10D43000006810B1012066490870B8E065480068CE
:10D4400001F007FB6449086008460068B8B1594913
:10D450000C396148006801F096FD60490860084693
:10D46000006818B903205A490870CAE75B48006889
:10D47000808A5B49088002205549087002E0032039
:10D480005349087093E05648008840F25A42811A86
:10D49000904247D011DC40F2EE32A0EB0201904204
:10D4A00028D005DCA0F2EA30A0B102286AD119E048
:10D4B000022927D0682965D12CE006294AD004DC4E
:10D4C000022937D004295DD13CE008294AD00C2933
:10D4D00058D14FE040480068FEF784F803203C49EB
:10D4E000087053E03C480068FEF78EF90320384985
:10D4F00008704BE038480068FEF7E8FA032034492A
:10D50000087043E034480068FEF78DFC0320304982
:10D5100008703BE030480068FEF7D3FD03202C493B
:10D52000087033E02C480068FEF730FF03202849DC
:10D5300008702BE028480068FFF7C8F8032024494A
:10D54000087023E024480068FFF724FA03202049EC
:10D5500008701BE020480068FFF75DFB03201C49B2
:10D56000087013E01C480068FFF71FFD03201849EE
:10D5700008700BE018480068FFF7AFFE032014495D
:10D58000087003E003201249087000BF00BF0EE0DE
:10D590001148006818B11048006800F0D5FB0D482C
:10D5A0000068F5F764FF00200949087000BF00BF5C
:10D5B00000BF26E7D0B30008DC0600206461746574
:10D5C00000000000C0080020C408002028A6002099
:10D5D000C8080020CC080020D0080020D80800206F
:10D5E000CA08002008B501211020F3F7DDFF022052
:10D5F000ADF8000010208DF8030003208DF8020024
:10D6000069464148F3F78EFC02213F48F3F739FDA4
:10D6100008BD10B5FFF7E6FF0220FBF7EDFE10BDD9
:10D6200070B504460D46AAB221460220FBF768FFFA
:10D6300070BD70B505460E46144631462846FFF7C4
:10D64000EFFF00BF0220FBF725FF18B12000A4F177
:10D650000104F7D170BD10B50220FBF7EDFE10BD3F
:10D6600010B5044621460220FBF722FF10BD2DE92C
:10D67000F04106460F4614462448007810B10128B0
:10D680003FD10FE02248046030460BF0C6FC05464F
:10D6900029463046FFF7C4FF01201C4908700020CE
:10D6A000BDE8F081FFF7D7FFD8B1FFF7D4FF804680
:10D6B000F5F7EDFE054695B12846FFF7D1FF0020AE
:10D6C00012490870394628460BF071FC20B12846F3
:10D6D000F5F7CDFEFF20E3E72846F5F7C8FE00206A
:10D6E000DEE70B48006828B109480068401E084979
:10D6F000086004E0002005490870EE20D0E7002013
:10D70000CEE700BF00BFCBE700100140E4080020D7
:10D71000E80800200320FE49487008460078FD49CB
:10D720004870704710B5FB48007800B910BDF94843
:10D7300040881E2809DAF7484088401CF54948808F
:10D740000221F548F3F79DFC11E0F24840883C289F
:10D7500009DAF0484088401CEE4948800221EE4832
:10D76000F3F78DFC03E00020EA494880087000BF11
:10D77000DCE7E7480078704710B5FFF74AFFE74954
:10D78000E348C16000218172E5490161E5494161D9
:10D79000E549C161E5490162E54981610020DC4953
:10D7A00008720121DA48C172E2498162E2494162AC
:10D7B000E249C162E2494163E2490163E2498163AE
:10D7C00040F2DC51A0F84010E049C163E0498164B7
:10D7D000002180F84610DF49C164DF490165DF4957
:10D7E0008165DF49C165DF494165002180F844104A
:10D7F000022180F8471000214166016681660167B9
:10D80000C166D94941674FF47A71A0F87C10D749B5
:10D81000816710BDBE484078042801DB01207047B5
:10D820000020FCE710B5BA4A11705070012312783D
:10D83000C2EB0214B64A083202EB84025370012292
:10D84000B34B9A7010BD70B50025B14840780528DB
:10D8500029D2DFE800F003294188B200AC48007803
:10D86000C0EB0011AA48083010F82100D8B9A84828
:10D870000078C0EB0011A648083000EB8100006979
:10D8800050B1A3490978C1EB0112A149083101EB5C
:10D890008201086980470546FF2D04D101209C497B
:10D8A00048700020888093E0994881880078C0EB18
:10D8B00000129748083000EB8200008F814205DAA1
:10D8C00093488088401C9249888004E00020904959
:10D8D0008880022048707BE000248D480078C0EBEF
:10D8E00000118B48083000EB81004078B0BB8848BD
:10D8F0000078C0EB00118648083000EB8100C0685A
:10D9000050B183490978C1EB01128149083101EB1B
:10D910008201C86880470446FF2C0FD101207C4952
:10D92000887003204870012179480078C0EB00120C
:10D930007748083000EB8200417013E0EE2C11D1E3
:10D9400000207349487008460078401C087008465B
:10D950000078022806D10020087003E0FFE70320CA
:10D960006B49487034E0002469480078C0EB00112E
:10D970006748083000EB81008078D0B964480078AF
:10D98000C0EB00116248083000EB8100806850B1A4
:10D990005F490978C1EB01125D49083101EB820151
:10D9A000886880470446FF2C06D1042058494870F7
:10D9B00002E00420564948700AE055490978C1EB55
:10D9C00001125349083101EB82014868804700BFCA
:10D9D00000BF70BD70B504460D464D488078B0B1AB
:10D9E0004B480078C0EB00114948083000EB81003B
:10D9F000406960B146480078C0EB001144480830E7
:10DA000000EB8100294642692046904770BD002006
:10DA1000FCE770B504460D463D488078B0B13C48FF
:10DA20000078C0EB00113A48083000EB81008069B3
:10DA300060B137480078C0EB00113548083000EB82
:10DA40008100294682692046904770BD0020FCE78E
:10DA50002F488078704710B52D480078C0EB001132
:10DA60002B48083000EB8100006B50B12849097841
:10DA7000C1EB01122649083101EB8201086B804796
:10DA800010BD0020FCE710B521480078C0EB001164
:10DA90001F48083000EB8100C06950B11C4909786B
:10DAA000C1EB01121A49083101EB8201C8698047B4
:10DAB00010BD0020FCE710B515480078C0EB001140
:10DAC0001348083000EB8100406B50B110490978D1
:10DAD000C1EB01120E49083101EB8201486B80470E
:10DAE00010BD0020FCE710B509480078C0EB00111C
:10DAF0000748083000EB8100006AC8B30449097880
:10DB0000C1EB01120249083101EB8201086A30E0E1
:10DB100010A80020EC0800200010014045AB0008D0
:10DB2000459B0008BD9A000845A30008F5A700081A
:10DB3000559A0008C7A10008BDA10008CBA10008A4
:10DB4000CFA10008F1A2000899A30008C1A1000814
:10DB5000190C0108F1FC0008930201081B030108DD
:10DB60006B06010877FC00086B030108F5FB000851
:10DB700001E0804710BD0020FCE710B52348007885
:10DB8000C0EB00112148083000EB8100406A50B121
:10DB90001E490978C1EB01121C49083101EB8201D1
:10DBA000486A804710BD0020FCE710B51748007890
:10DBB000C0EB00111548083000EB8100C06A50B17D
:10DBC00012490978C1EB01121049083101EB8201B9
:10DBD000C86A804710BD0020FCE710B50B480078EC
:10DBE000C0EB00110948083000EB8100806A50B199
:10DBF00006490978C1EB01120449083101EB8201A1
:10DC0000886A804710BD0020FCE7000010A80020B3
:10DC1000F7480068F649496808447047014609B961
:10DC200000207047087B102801D10120F9E700206F
:10DC3000F7E700B502461046FFF7F0FF08B90020ED
:10DC400000BD1069FCE708B5072003460122E9A1E1
:10DC50000090EB480BF016F8E94808BD70B5044693
:10DC60000D4604B10DB9012070BDAC4201D10020B8
:10DC7000FAE705E0207808B90020F5E7641C6D1C80
:10DC800020780AF0E6FF064628780AF0E2FF86428E
:10DC9000F0D020780AF0DDFF064628780AF0D9FF98
:10DCA000301AE1E72DE9F04104460D460026002731
:10DCB00014B90020BDE8F08120460BF0AEF9461CF7
:10DCC00030462968884707460FB90020F2E73246F8
:10DCD000214638460BF017FA3846EBE738B9C94900
:10DCE000C94A1160C9495160C94991607047C54925
:10DCF000C54A1160016809B101681160C349C24A8F
:10DD00005160416809B1416851600021BE4A91608B
:10DD100011460968BB4A914207D1BB494968BB4AD1
:10DD2000914202D1BA49B84A916000BFDEE770B5AE
:10DD3000044628202168884705461DB12821284629
:10DD40000BF07AFA284670BD70B50446002522E033
:10DD50002568A08900F4807020B9A06810B1A0687F
:10DD6000FFF7F2FFA08900F4807028B9206918B18C
:10DD7000A54A206951688847A08900F4007028B935
:10DD8000206A18B1A04A206A516888479E484168B5
:10DD9000204688472C46002CDAD170BD2E207047D3
:10DDA0002DE9F04391B080460C4600BF0020109052
:10DDB000FFF7F4FF814600250CB1206818B9002058
:10DDC00011B0BDE8F08300253CE0A168206808445C
:10DDD000405D342820D00ADCA0F12B0009282ED287
:10DDE000DFE800F0202D212A2D16171819003828F9
:10DDF00016D006DC352810D036280FD037281ED193
:10DE00000DE039280DD045280FD0652817D10BE03B
:10DE100000BF00BF00BF00BF00BF00BF00BF00BF0A
:10DE200000BF00BF00BF00BF00BFA168206808445A
:10DE3000405D0DF8050003E00DF8059000E00AE0F4
:10DE400000BF6D1C3F2D05D224B1A0682844616835
:10DE50008842BAD300BF00200DF8050010A968461B
:10DE60000DF05CFB06460F4668461099884201D1CA
:10DE70000020A5E7C8E90667664A674B3046394681
:10DE80000DF022FF04D86FF00040C8F8140011E034
:10DE90000022624B304639460DF0DCFD04D84FF0CD
:10DEA0000040C8F8140005E0304639460DF04AFD40
:10DEB000C8F814000820C8F80C00A0686A46109939
:10DEC000891A0844A06001207AE770B50646144616
:10DED0001D46504A504B204629460DF0F5FE03D80A
:10DEE0006FF0004070610FE000224C4B2046294645
:10DEF0000DF0B0FD03D84FF00040706104E0204603
:10DF000029460DF01FFD706120462946C6E90645E9
:10DF100070BD2DE9F04104460D46002600270CB1E6
:10DF2000206810B90020BDE8F081606828B1D4E90C
:10DF30000110884201D30020F5E7B5F1004F01D36D
:10DF40000020F0E7A068401C05446068A84203D3A5
:10DF5000A16820680844E6E7206908B10020E2E7EC
:10DF6000B5F1804F07D3B5F1004F02D26FF00047F3
:10DF700002E00020D7E76F00206A60B13946226ACC
:10DF8000206890470646E6B9E16920688847002086
:10DF900060602060C7E73846A1698847064636B901
:10DFA000E16920688847002060602060BBE72EB1EF
:10DFB000A068421C304621680BF0A5F8E169206892
:10DFC000884767602660A0683044ACE770B50446B7
:10DFD00000250CB1206800B970BDA1682068451803
:10DFE00028460BF01AF8A1680844A06000BFF3E7C8
:10DFF000F008002025692E25692E25690000000003
:10E0000090A80020EF8A0108F80800204D8B010835
:10E010009B8B01080000C0FFFFFFDF410000E0C153
:10E020002DE9F04F8BB082460D464FF00009DAE93A
:10E03000067800260024FFF7B1FE83461DB90020B4
:10E040000BB0BDE8F08F00221346384641460DF074
:10E050003DFD00221346CDE900010DF037FC05D04F
:10E06000F9A104A80AF00EFE06461BE03A46434614
:10E07000F7A104A80AF006FE064602AAF6A104A823
:10E080000AF06AFF012806D13A464346DDE902015B
:10E090000DF01CFC06D03A464346F0A104A80AF055
:10E0A000F1FD0646002E01DB192E01DD0020C7E739
:10E0B000711C2846FFF72DFF8146B9F1000F01D1F1
:10E0C0000020BDE700240DE004A8005D584503D101
:10E0D0002E2009F8040004E004A8005D09F80400FB
:10E0E00000BF641CB442EFD3002009F80400A86804
:10E0F0003044A8600120A3E702460023002100BFAE
:10E1000023E0505C302806DB505C392803DC505C8F
:10E110003038034415E0505C412806DB505C46284B
:10E1200003DC505C373803440BE0505C612806DBAD
:10E13000505C662803DC505C5738034401E0002043
:10E140007047032900D21B01491C0429D9D3184662
:10E15000F6E72DE9FF5F8046894615460024002634
:10E16000C24600200390834602900190A9EB0A006A
:10E17000062800DA81E00AF10200FFF7BDFF06463B
:10E18000B6F55C4F03D3B6F5604F00D275E0B6F537
:10E19000584F29D3B6F55C4F26D20AF10607002066
:10E1A00000900C200290A9EB0700062800DA64E03A
:10E1B00038785C2802D17878752800D05DE0B81CEA
:10E1C000FFF79AFF00900098B0F55C4F03D30098DA
:10E1D000B0F5604F00D350E0C6F30901009861F339
:10E1E0009F2000F5803402E0062002903446802C07
:10E1F00002D20120039018E0B4F5006F04D202208F
:10E200000390C020019010E0B4F5803F04D20320B9
:10E210000390E020019008E0B4F5881F04D20420A8
:10E220000390F020019000E027E00398401E00F0EA
:10E23000FF0B0BE004F0BF0040F08000296801F8FC
:10E240000B00A409ABF1010000F0FF0BBBF1000FC4
:10E25000F0DC0398012804DD019820432968087048
:10E2600003E004F07F0029680870296803980844D7
:10E270002860029804B0BDE8F09F0020FAE72DE97D
:10E28000F84F80460C46A16820680844461CA168E7
:10E2900020680844451C002000900027A1682068E1
:10E2A000405C222800D0A6E04FF0000AD1460DE0E5
:10E2B00028785C2809D1681C2168401A6168884266
:10E2C00000D398E009F101096D1C6D1C2068281A23
:10E2D0006168884202D228782228E9D12068281A69
:10E2E0006168884202D22878222800D083E0A168A1
:10E2F00020680844281AA0EB090A0AF101002169E4
:10E300008847074607B976E0009761E030785C28D7
:10E3100007D016F8010B009908700098401C009077
:10E3200056E04FF00209A81B012800DA63E070787C
:10E33000662819D008DC222832D02F2832D05C2859
:10E340002FD0622840D108E06E2814D0722819D04E
:10E3500074281ED0752837D12BE00820009908704A
:10E360000098401C009030E00C2000990870009844
:10E37000401C009029E00A20009908700098401C79
:10E38000009022E00D20009908700098401C009039
:10E390001BE00920009908700098401C009014E0D0
:10E3A00000BF00BF7078009908700098401C009072
:10E3B0000BE06A4629463046FFF7CBFE8146B9F1AD
:10E3C000000F00D117E000E015E000BF4E4400BF91
:10E3D000AE429BD30020009908701020C8F80C00B2
:10E3E000C8F810702068281AA060A068401CA060BF
:10E3F0000120BDE8F88F17B138466169884716B12A
:10E400002068301AA0600020F3E72DE9F0470746A6
:10E410008A46002400260025A046A146BAF1000F36
:10E4200002D10020BDE8F087F7B903215046FFF77D
:10E4300070FD06460EB90020F4E70AA130460AF046
:10E44000C8FD0120EEE700006E756C6C0000000056
:10E4500025312E3135670000256C670025312E31BE
:10E4600037670000222200003C4622E020780C287A
:10E4700011D006DC08280DD009280FD00A2810D1A9
:10E480000AE00D2809D0222802D05C2809D100E03A
:10E4900000BF00BF00BF00BF00BF00BF09F10109FE
:10E4A00005E02078202801DA09F1050900BF00BF46
:10E4B000641C20780028D9D1E01B00EB090808F182
:10E4C00003015046FFF725FD06460EB90020A9E7D7
:10E4D000B9F1000F0FD12220307042463946701C2E
:10E4E0000AF011FE222108F1010031540021401CE4
:10E4F0003154012096E722203070751C3C463DE0E7
:10E5000020781F2808DD2078222805D020785C2874
:10E5100002D0207828702FE05C2005F8010B2078CD
:10E520000C2815D006DC08280FD0092819D00A2895
:10E530001AD110E00D2811D0222803D05C2813D165
:10E54000287018E02220287015E06220287012E060
:10E55000662028700FE06E2028700CE07220287072
:10E5600009E07420287006E02278F7A128460AF016
:10E5700089FB2D1D00BF00BF641C6D1C2078002886
:10E58000BED1222108F1010031540021401C315438
:10E59000012047E770B504460D4629462069FFF77C
:10E5A00034FF70BD014609B1086808B90020704702
:10E5B00002E08868401C886041B1D1E901209042A6
:10E5C00004D28A680868805C2028F2DDD1E9012045
:10E5D000904202D18868401E88600846E7E710B57F
:10E5E00004461CB1206808B1A06808B1002010BD25
:10E5F0007CB1A068001D616888420AD2A2682168C7
:10E6000088180322D2A10AF027FD10B9A068C01C07
:10E61000A0602046EBE72DE9F04180460C4600273C
:10E620000025E068B0F57A7F02D30020BDE8F081D4
:10E63000E068401CE06044B1D4E90110884204D293
:10E64000A1682068405C7B2800D07BE0A068401C6B
:10E65000A0602046FFF7A6FF4CB1D4E90110884224
:10E6600005D2A1682068405C7D2800D15DE01CB126
:10E67000D4E90110884203D3A068401EA06061E085
:10E68000A068401EA06000BF04F11000FFF74FFB20
:10E69000064606B956E017B93746354602E02E6001
:10E6A00075603546A068401CA0602046FFF77AFFE1
:10E6B00021462846FFF7E3FD00B943E02046FFF777
:10E6C00071FF286928620020286144B1D4E9011053
:10E6D000884204D2A1682068405C3A2800D031E02A
:10E6E000A068401CA0602046FFF75CFF214628463A
:10E6F00000F0A8F800B925E02046FFF753FF44B129
:10E70000D4E90110884204D2A1682068405C2C281A
:10E71000BAD044B1D4E90110884204D2A16820687B
:10E72000405C7D2800D00DE000BFE068401EE06046
:10E730004020C8F80C00C8F80870A068401CA06011
:10E74000012073E717B13846FFF7FEFA00206DE7A6
:10E750002DE9F04107460C460026B046E068B0F5CA
:10E760007A7F02D30020BDE8F081E068401CE060C1
:10E77000A1682068405C5B2800D05DE0A068401C78
:10E78000A0602046FFF70EFF4CB1D4E9011088428B
:10E7900005D2A1682068405C5D2800D141E01CB131
:10E7A000D4E90110884203D3A068401EA06043E072
:10E7B000A068401EA06000BF04F11000FFF7B7FA88
:10E7C000054605B938E016B92E46A84604E0C8F853
:10E7D0000050C5F80480A846A068401CA0602046F0
:10E7E000FFF7E0FE2146404600F02CF800B923E098
:10E7F0002046FFF7D7FE44B1D4E90110884204D285
:10E80000A1682068405C2C28D6D044B1D4E901101E
:10E81000884204D2A1682068405C5D2800D00BE0EB
:10E8200000BFE068401EE0602020F860BE60A06885
:10E83000401CA060012096E716B13046FFF784FA2D
:10E84000002090E770B505460C460CB1206808B969
:10E85000002070BDA4B1A068001D616888420FD877
:10E86000A268216888180422AFF224410AF0F4FB60
:10E8700030B90420E860A068001DA0600120E8E72E
:10E880009CB1A068401D616888420ED8A2682168CA
:10E89000881805222FA10AF0DFFB30B90120E860BB
:10E8A000A068401DA0600120D3E7ACB1A068001DA6
:10E8B0006168884210D8A26821688818042227A1BC
:10E8C0000AF0CAFB40B90220E86001206861A06834
:10E8D000001DA0600120BCE76CB1D4E901108842A2
:10E8E00009D2A1682068405C222804D1214628462C
:10E8F000FFF7C5FCADE7BCB1D4E90110884213D2E3
:10E90000A1682068405C2D2809D0A1682068405C7F
:10E91000302809DBA1682068405C392804DC2146E6
:10E920002846FFF73DFA94E7E4B1D4E901108842A4
:10E9300018D2A1682068405C5B2813D12146284684
:10E94000FFF706FF85E700007525303478000000EA
:10E95000EFBBBF0066616C73650000007472756583
:10E96000000000006CB1D4E90110884209D2A1680E
:10E970002068405C7B2804D121462846FFF74BFEE7
:10E9800067E7002065E72DE9F04389B004460D46AE
:10E9900017461C2102A80AF04FFC00260020F74968
:10E9A0000860486004B934E0029420460AF035FB60
:10E9B000401C039000200490F14A07CA06AB07C32D
:10E9C000EF48FFF7B4F9064606B922E002A8FFF7C0
:10E9D00006FE8146FFF7E6FD804641463046FFF7DA
:10E9E00031FF00B915E05FB102A8FFF7DBFDDDE9FB
:10E9F0000310884203D204990298405C00B108E0F9
:10EA00001DB10499029808442860304609B0BDE859
:10EA1000F08316B13046FFF797F9C4B10094002097
:10EA20000190DDE90310884202D20498019004E0CD
:10EA3000039810B10398401E01901DB1DDE900015B
:10EA400008442860CD48DDE9001206C000BF002060
:10EA5000DCE710B50446002211462046FFF793FF7D
:10EA600010BD2DE9F04781460C4600250026D9F857
:10EA7000087014B90020BDE8F087606908B1022071
:10EA800000E001200646711C2046FFF742FA0546C9
:10EA90000DB90020EFE77B2005F8010BE068401C72
:10EAA000E060606910B10A2005F8010BA0683044ED
:10EAB000A06069E06069B8B12046E168FFF729FA13
:10EAC00005460DB90020D6E74FF0000804E0092004
:10EAD00005F8010B08F10108E0684045F7D8D4E9D2
:10EAE00002010844A06000BF2146386AFFF78DFC90
:10EAF00008B90020BFE72046FFF768FA606908B14F
:10EB0000022000E00120064631462046FFF701FAC8
:10EB100005460DB90020AEE73A2005F8010B606903
:10EB200010B1092005F8010BA0683044A06021460F
:10EB3000384600F0A9F808B900209CE72046FFF706
:10EB400045FA606908B1012000E00020396809B188
:10EB5000012100E000214618711C2046FFF7D9F979
:10EB600005460DB9002086E7386810B12C2005F85D
:10EB7000010B606910B10A2005F8010B0020287014
:10EB8000A0683044A0603F68002F93D1606910B145
:10EB9000E068401C00E0022001462046FFF7B9F97A
:10EBA00005460DB9002066E7606950B1002003E01A
:10EBB000092105F8011B401CE168491E8142F7D874
:10EBC00000BF7D2005F8010B00202870E068401E82
:10EBD000E06001204FE72DE9F04107460C46002593
:10EBE000A846BE6814B90020BDE8F0810121204686
:10EBF000FFF78FF905460DB90020F5E75B20287077
:10EC0000A068401CA060E068401CE06028E021464D
:10EC1000304600F039F808B90020E5E72046FFF754
:10EC2000D5F93068D8B1606908B1022000E0012050
:10EC3000804608F101012046FFF76BF905460DB942
:10EC40000020D1E72C2005F8010B606910B12020CD
:10EC500005F8010B00202870A0684044A0603668C9
:10EC6000002ED4D102212046FFF753F905460DB9F5
:10EC70000020B9E75D2005F8010B00202870E0684E
:10EC8000401EE0600120AFE72DE9F04104460E464A
:10EC9000002504B116B90020BDE8F081207B1028C2
:10ECA0005AD008DC01281CD0022829D0042809D019
:10ECB000082860D133E0202853D0402856D080283F
:10ECC00059D131E005213046FFF723F905460DB94A
:10ECD0000020E1E7AFF6900128460AF07AF901201A
:10ECE000DAE706213046FFF714F905460DB9002092
:10ECF000D2E7AFF2A03128460AF06BF90120CBE74A
:10ED000005213046FFF705F905460DB90020C3E798
:10ED1000AFF2B83128460AF05CF90120BCE7314671
:10ED20002046FFF77DF9B7E70027206908B90020E2
:10ED3000B2E720690AF071F9471C39463046FFF7FF
:10ED4000E8F805460DB90020A6E73A4628462169AD
:10ED50000AF0D9F901209FE731462046FFF71AFC57
:10ED60009AE731462046FFF736FF95E731462046C1
:10ED7000FFF777FE90E700208EE70000F008002004
:10ED8000F8080020F0B589B007460E461446002565
:10ED9000242168460AF050FA4FF4807021688847B1
:10EDA00000904FF480700190059694E8070006AB40
:10EDB00007C3009800B933E069463846FFF764FF9F
:10EDC00000B92DE06846FFF701F9A06850B1029B39
:10EDD000591C0098A2689047054605B920E000201C
:10EDE00000901AE0029A501C21688847054605B930
:10EDF00016E0DDE90130401C834201D2019801E0B8
:10EE00000298401C0246284600990AF07CF900202E
:10EE100002996854009861688847284609B0F0BD97
:10EE2000009810B100986168884715B1284661685C
:10EE300088470020F2E710B50446F74A0121204632
:10EE4000FFF7A0FF10BD10B50446F34A002120468D
:10EE5000FFF798FF10BD70B58AB006460C46154600
:10EE6000242101A80AF0E8F9002C02DA00200AB0F7
:10EE700070BDE9480168204688470190019808B9AB
:10EE80000020F4E702940020039005900695E24AE2
:10EE900007CA07AB07C301A93046FFF7F5FE28B93B
:10EEA000DD4A0198516888470020E0E70198DEE7D5
:10EEB000F0B589B007460C4615461E462421684623
:10EEC0000AF0BAF9002D00DB14B9002009B0F0BD3A
:10EED0000094019500200290012004900596CE4AEE
:10EEE00007CA06AB07C369463846FFF7CDFEEDE714
:10EEF00001460022002309B9002070478A6801E01A
:10EF00005B1C1268002AFBD11846F6E702460B4646
:10EF100000210AB900207047916801E05B1E096872
:10EF200009B1002BFAD10846F5E770B505460C4645
:10EF3000002C01DA002070BD21462846FFF7E6FFCD
:10EF4000F9E72DE9F04105460E461746002405B1C4
:10EF500016B90020BDE8F081AC684FB100E024682C
:10EF60007CB13046216A0AF08FF90028F7D108E019
:10EF700000E024682CB13046216AFEF76FFE0028BD
:10EF8000F7D12046E6E770B504460D460022294633
:10EF90002046FFF7D6FF70BD70B504460D4601222E
:10EFA00029462046FFF7CDFF70BD70B504460D46DB
:10EFB00029462046FFF7E7FF08B1012070BD002079
:10EFC000FCE701604860704770B505460E460024B6
:10EFD0000DB9002070BD3046FEF7A9FE04460CB9FD
:10EFE0000020F7E72822294620460AF0D1F8002021
:10EFF0002062E06840F48070E06000206060206083
:10F000002046E7E770B504460E46002506B10CB968
:10F01000002070BDA5680DB9A66008E000E02D686D
:10F0200028680028FBD131462846FFF7CAFF012097
:10F03000EFE770B504460D4629462046FFF7E2FF8C
:10F0400070BD70472DE9F04707460D4614461E4631
:10F05000DDF820904FF00008C2460FB105B114B999
:10F060000020BDE8F087B9F1000F07D02846FFF770
:10F07000E8FF8046E06840F4007A0CE0314628461C
:10F08000FEF710FE8046B8F1000F01D10020E8E73E
:10F09000E06820F4007AA08900F4007020B9206AAA
:10F0A00010B1206A71688847C4F82080C4F80CA0A9
:10F0B00021463846FFF7A6FFD3E7F8B504460D46CC
:10F0C00016460020544B3246294600902046FFF752
:10F0D000B9FFF8BDF8B504460D46164601204E4B63
:10F0E0003246294600902046FFF7ACFFF8BD70B5C8
:10F0F00004460D4604B970BD47492846FFF764FF32
:10F10000064631462046FFF77DFF00BFF3E7F8B51E
:10F1100004460D46164604B105B9F8BD3E493046D1
:10F12000FFF752FF074600203B4B3A462946009026
:10F130002046FFF787FF00BFEFE710B53648FEF720
:10F14000F6FD04460CB10420E060204610BDF8B581
:10F1500004460D46FFF7F1FF064600202E4B3246CF
:10F16000294600902046FFF76DFF08B13046F8BDF4
:10F170003046FEF7E9FD0020F9E710B52648FEF716
:10F18000D6FD04460CB10220E060204610BDF8B563
:10F1900004460D46FFF7F1FF064600201E4B32469F
:10F1A000294600902046FFF74DFF08B13046F8BDD4
:10F1B0003046FEF7C9FD0020F9E710B51648FEF706
:10F1C000B6FD04460CB10120E060204610BDF8B544
:10F1D00004460D46FFF7F1FF064600200E4B32466F
:10F1E000294600902046FFF72DFF08B13046F8BDB4
:10F1F0003046FEF7A9FD0020F9E770B50546064840
:10F20000FEF795FD044624B10DB1022000E0012077
:10F21000E060204670BD0000F8080020F8B5054603
:10F220000E4614462046FFF7E8FF07460020F74B3E
:10F230003A46314600902846FFF704FF08B13846A9
:10F24000F8BD3846FEF780FD0020F9E770B50546A9
:10F250000E46EE48FEF76BFD0446F4B10820E06070
:10F26000C4E90656EA4AEB4B284631460CF02CFD21
:10F2700003D86FF0004060610FE00022E64B2846A3
:10F2800031460CF0E7FB03D84FF00040606104E02A
:10F29000284631460CF056FB6061204670BD2DE9D2
:10F2A000F84306460F4614461D4620462946FFF7FA
:10F2B000CDFF80460020D54B42463946009030466F
:10F2C000FFF7C0FE10B14046BDE8F8834046FEF7A8
:10F2D0003BFD0020F8E770B50546CC48FEF727FD5A
:10F2E00004466CB11020E060C8492846FEF7DAFCFD
:10F2F0002061206920B92046FEF726FD002070BD60
:10F300002046FCE7F8B505460E4614462046FFF7B2
:10F31000E2FF07460020BD4B3A46314600902846A2
:10F32000FFF790FE08B13846F8BD3846FEF70CFDF1
:10F330000020F9E770B50546B448FEF7F8FC04462E
:10F340006CB18020E060B1492846FEF7ABFC20613B
:10F35000206920B92046FEF7F7FC002070BD20464A
:10F36000FCE7F8B505460E4614462046FFF7E2FFD7
:10F3700007460020A54B3A46314600902846FFF745
:10F3800061FE08B13846F8BD3846FEF7DDFC0020C6
:10F39000F9E710B59D48FEF7CAFC04460CB14020C1
:10F3A000E060204610BDF8B504460D46FFF7F1FFBA
:10F3B00006460020954B3246294600902046FFF72E
:10F3C00041FE08B13046F8BD3046FEF7BDFC0020D6
:10F3D000F9E710B58D48FEF7AAFC04460CB12020D1
:10F3E000E060204610BDF8B504460D46FFF7F1FF7A
:10F3F00006460020854B3246294600902046FFF7FE
:10F4000021FE08B13046F8BD3046FEF79DFC0020D5
:10F41000F9E7024602B109B900207047486810B107
:10F42000D1E900031860086810B1D1E900305860D4
:10F430009068884201D108689060002048600860A8
:10F440000846EAE770B505460C46002C01DA0020B4
:10F4500070BD21462846FFF759FD0646314628462D
:10F46000FFF7D7FFF4E770B504460D46294620465E
:10F47000FFF7E8FF0646FEF767FC70BD70B504466F
:10F480000D4629462046FFF77EFD064631462046BA
:10F49000FFF7BFFF70BD70B504460D4629462046F4
:10F4A000FFF77AFD064631462046FFF7B2FF70BDF2
:10F4B00070B504460D4629462046FFF7DFFF064695
:10F4C000FEF742FC70BD70B504460D462946204645
:10F4D000FFF7E1FF0646FEF737FC70BD2DE9F0416E
:10F4E00006460F4614460025002F01DABDE8F081DC
:10F4F00039463046FFF70AFD054625B92146304614
:10F50000FFF780FDF2E72560686860606C60B068B6
:10F51000A84201D1B46001E06068046000BFE5E783
:10F5200070B506460D4614460EB104B10DB9002063
:10F5300070BDAC4201D10120FAE7286820606868FC
:10F540006060206808B120684460606808B1606845
:10F550000460B068A84200D1B460002028606860F0
:10F560002846FEF7F1FB0120E2E72DE9F0410546D0
:10F570000C461646002C01DABDE8F08121462846EB
:10F58000FFF7C4FC0746324639462846FFF7C8FF56
:10F5900000BFF1E710B504461C4841682046884783
:10F5A00010BD2DE9F04107460D4614461E4604B134
:10F5B00015B90020BDE8F081A08900F4007020B9E1
:10F5C000206A10B1206AFFF7E5FF10492846FEF7D0
:10F5D00069FB2062E06820F40070E0603246294652
:10F5E0003846FFF7AEFC8046224641463846FFF7D4
:10F5F00097FF0120DEE770B504460D46164600234E
:10F60000324629462046FFF7CCFF70BDF80800209F
:10F610000000C0FFFFFFDF410000E0C170B50446FD
:10F620000D4616460123324629462046FFF7B9FF0C
:10F6300070BD70B50546F748FEF779FB044634B156
:10F640004FF48870E0602846FFF7FBFC20612046FD
:10F6500070BD70B50546EF48FEF769FB044634B14E
:10F660004FF4A070E0602846FFF7EBFCA060204656
:10F6700070BD70B50546E748FEF759FB044634B146
:10F680004FF49070E0602846FFF7DBFCA060204656
:10F6900070BD2DE9F05F0646894600240025A3468B
:10F6A000A246B9F1000F00DB16B90020BDE8F09FBB
:10F6B000FFF78FFE8246002417E056F824000CF076
:10F6C0009EF90746FFF7C2FD054625B95046FEF7ED
:10F6D0003BFB0020EAE714B9CAF8085003E02946CA
:10F6E0005846FFF76EFCAB46641CBAF1000F01D020
:10F6F0004C45E2D35046D9E72DE9F05F06468946EE
:10F7000000240025A346A246B9F1000F00DB16B97C
:10F710000020BDE8F09FFFF75CFE8246002417E062
:10F7200056F824000CF006FB0746FFF78FFD054650
:10F7300025B95046FEF708FB0020EAE714B9CAF8DD
:10F74000085003E029465846FFF73BFCAB46641CD3
:10F75000BAF1000F01D04C45E2D35046D9E72DE96C
:10F76000F04706460F4600240025A146A046002F7C
:10F7700000DB16B90020BDE8F087FFF72AFE8046BF
:10F78000002417E006EBC400D0E900211046FFF783
:10F790005DFD054625B94046FEF7D6FA0020EAE7AA
:10F7A00014B9C8F8085003E029464846FFF709FC99
:10F7B000A946641CB8F1000F01D0BC42E2D3404618
:10F7C000D9E72DE9F04706460F4600240025A1465B
:10F7D000A046002F00DB16B90020BDE8F087FFF738
:10F7E000F8FD8046002414E056F82400FFF773FD6E
:10F7F000054625B94046FEF7A7FA0020EDE714B903
:10F80000C8F8085003E029464846FFF7DAFBA94646
:10F81000641CB8F1000F01D0BC42E5D34046DCE7E0
:10F820002DE9F0470446894600250027A846002612
:10F8300004B948E07748FEF77AFA054605B942E090
:10F84000E06820F48070E86060696861D4E90601CE
:10F85000C5E90601206938B16E492069FEF722FA30
:10F860002861286900B92EE0206A68B1A08900F4F7
:10F87000007008B1206A03E06649206AFEF712FAB8
:10F880002862286A00B91EE0B9F1000F02D12846AB
:10F89000BDE8F087A76812E001213846FFF7C0FFF6
:10F8A000064606B90FE0B8F1000F05D0C8F80060B1
:10F8B000C6F80480B04601E0AE60B0463F68002F55
:10F8C000EAD12846E4E715B12846FEF73DFA0020C4
:10F8D000DEE7014600B9704755E00278202A01D1E1
:10F8E000401C50E00278092A01D1401C4BE002780C
:10F8F0000D2A01D1401C46E002780A2A01D1401CA1
:10F9000041E002782F2A0BD142782F2A08D100E05B
:10F91000401C0278002A36D002780A2A33D0F7E752
:10F9200002782F2A0ED142782A2A0BD100E0401CFF
:10F9300002782AB102782A2AF9D142782F2AF6D100
:10F94000801C20E00278222A19D110F8012B01F83E
:10F95000012B0AE002785C2A03D110F8012B01F890
:10F96000012B10F8012B01F8012B027812B102785B
:10F97000222AEFD110F8012B01F8012B03E010F837
:10F98000012B01F8012B0278002AA6D10A7000BFD2
:10F99000A1E7014609B900207047087B08B901209A
:10F9A000FAE70020F8E7014609B900207047087B14
:10F9B000012800D1FAE70020F8E7014609B9002044
:10F9C0007047087B022801D10120F9E70020F7E702
:10F9D000014609B900207047087B00F0030008B118
:10F9E0000120F8E70020F6E7014609B9002070473A
:10F9F000087B042801D10120F9E70020F7E7014640
:10FA000009B900207047087B082801D10120F9E7D7
:10FA10000020F7E7F8080020014609B900207047E8
:10FA2000087B202801D10120F9E70020F7E70146F3
:10FA300009B900207047087B402801D10120F9E76F
:10FA40000020F7E7014609B900207047087B8028AD
:10FA500001D10120F9E70020F7E72DE9F04704463E
:10FA6000894692465CB1B9F1000F08D0207B99F825
:10FA70000C10884203D12046FFF78BFF10B1002005
:10FA8000BDE8F087207B102814D008DC01280DD0B9
:10FA900002280CD004280BD008280FD109E0202818
:10FAA0000AD0402809D0802808D104E000BF00BF58
:10FAB00000BF00BF00BF00BF00BF01E00020DFE7C4
:10FAC00000BF4C4501D10120DAE7207B102821D06E
:10FAD00008DC01280DD002280CD004280BD00828FF
:10FAE0007DD10AE0202827D040283CD0802876D13C
:10FAF00011E000BF00BF0120C2E7D9E906532A4642
:10FB0000D4E9067138460BF0E1FE01D10120B7E7D8
:10FB10000020B5E700BF206910B1D9F8100008B97E
:10FB20000020ADE7D9F81010206909F0ADFB08B945
:10FB30000120A5E70020A3E7A568D9F8086009E03F
:10FB4000524631462846FFF788FF08B9002097E75C
:10FB50002D6836680DB1002EF2D1B54201D00020DB
:10FB60008EE701208CE7002500260CB1A06800E09C
:10FB70000020054611E052464846296AFFF7E1F9A0
:10FB800006460EB900207BE7524631462846FFF76D
:10FB900064FF08B9002073E72D68002DEBD1B9F19F
:10FBA000000F02D0D9F8080000E00020064612E05D
:10FBB00052462046316AFFF7C4F9054615B90020C0
:10FBC0005EE70CE0524629463046FFF746FF08B98B
:10FBD000002055E73668002EEAD1012050E70020CA
:10FBE0004EE710B50446024801682046884710BD1C
:10FBF000F8080020F74800787047FF207047F64863
:10FC0000007830B101280DD002281AD003282FD156
:10FC10001EE00020F1490880F14908600120EE490A
:10FC2000087025E0ED480088401CEC490880084633
:10FC30000088C82804DD002008800220E6490870FA
:10FC400016E00120E64908600320E34908700FE050
:10FC5000E2480088401CE149088008460088C8281E
:10FC600005DD00200880DC490870FF20704700BFD8
:10FC700000BF0020FAE710B5DA480078002826D047
:10FC80000020D8490870D848F5F74EF96421D748C4
:10FC900009F0D2FAD6A3D8A2DBA1D44808F0F2FF2B
:10FCA000E048F5F760F9DF4809F0B7F9C4B2224639
:10FCB000DC49DD4801F07EF86421DC4809F0BCFA3B
:10FCC000D84B1033D84ADAA1D84808F0DBFFFFF749
:10FCD00096FF10B1FF20DC490870DB480078FF2850
:10FCE00004D10020D8490870FF2010BD0020FCE797
:10FCF00070B50024D548007811287DD2DFE800F0E7
:10FD000009164F5C8A97CCDDF3F2F1F0EFEEEDECE3
:10FD1000EB004FF40071CE4809F06CFA0C21CDA035
:10FD2000FDF77EFC0120C9490870AFE2CDA1C848AB
:10FD300009F03DF9B0B1CDA1C54809F038F940B19D
:10FD40000420C24908700020CB490880CB490870C4
:10FD500024E00220BD4908700020C7490880C74937
:10FD600008701BE0C4480088401CC349088008464E
:10FD70000088B0F5967F11DD00200880B349087037
:10FD8000BE480078401CBD4908700846007803282A
:10FD900004DD00200870EE20AC49087076E24FF4D4
:10FDA0000071AB4809F026FA0D21B5A0FDF738FC2B
:10FDB0000320A649087069E2B5A1A54809F0F7F843
:10FDC00040B10420A14908700020AB490880AB492C
:10FDD00008701EE0A8480088401CA7490880084613
:10FDE0000088B0F5967F14DD002008800220974936
:10FDF0000870A248007800E01BE2401C9F49087090
:10FE000008460078032804DD00200870EE208F49A2
:10FE100008703BE24FF400718D4809F0EBF90B21BB
:10FE20009CA0FDF7FDFB0520884908702EE298A1F3
:10FE3000874809F0BCF888B199A1854809F0B7F85E
:10FE400018B109208149087002E006207F49087036
:10FE5000002089490880894908701CE0864800888C
:10FE6000401C8549088008460088B0F5967F12DD61
:10FE70000020088004207549087080480078401CE4
:10FE80007E49087008460078032804DD00200870C9
:10FE9000EE206E490870F9E14FF400716C4809F0EA
:10FEA000A9F9624809F0B9F8054629465F48FDF707
:10FEB000B7FB072065490870E8E17BA1644809F0B9
:10FEC00076F888B108206149087000206A490880E6
:10FED0006A49087025E07FE171E11AE108E103E178
:10FEE000FEE04AE03CE01DE063480088401C6249B7
:10FEF000088008460088B0F5FA7F12DD00200880EF
:10FF00000620524908705D480078401C5B49087023
:10FF100008460078032804DD00200870EE204B49D5
:10FF20000870B3E15AA14A4809F041F840B10920EC
:10FF300046490870002050490880504908700EE07A
:10FF40004D480088401C4C49088008460088B0F5A0
:10FF5000FA7F04DD0020088009203C49087095E103
:10FF60004FF400713A4809F045F9252152A0FDF7F8
:10FF700057FB0A203549087088E145A1344809F04B
:10FF800016F840B10B203149087000203A4908802A
:10FF90003A4908701CE038480088401C36490880FF
:10FFA00008460088B0F5967F12DD00200880092001
:10FFB0002649087031480078401C304908700846CE
:10FFC0000078032804DD00200870EE201F49087027
:10FFD0005CE10000040900207C0900207A0900206F
:10FFE000840122427F09002005090020A0A80020EA
:10FFF000313138383300000033392E39362E313064
:020000040801F1
:100000002E3235300000000041542B4349505354E8
:100010004152543D22544350222C222573222C2538
:10002000730D0A005909002068A9002004A90020C6
:1000300041542B43574A41503D222573222C2225FF
:1000400073220D0A000000007E09002080090020B4
:100050003CA1002041542B43574D4F44453F0D0ACE
:10006000000000002B43574D4F4445002B43574D94
:100070004F44453A310000008409002081090020E6
:1000800041542B43574D4F44453D310D0A0000006C
:100090004F4B000041542B43574A41503F0D0A003B
:1000A0002B43574A41503A005749464920434F4E47
:1000B0004E4543544544000041542B434950534E50
:1000C00054504346473D312C2D382C226E74702EEF
:1000D000616C6979756E2E636F6D220D0A000000E8
:1000E0000C20FB490870D1E00D20F9490870CDE0E3
:1000F0004FF40071F74809F07DF8F74808F08DFFDC
:1001000005462946F448FDF78BFA0E20F0490870A1
:10011000BCE0F2A1EF4808F04AFF28B9AFF2900125
:10012000EC4808F044FF50B10020E9490870ED495F
:100130000880ED490870ED490870FF2070BDECA102
:10014000E44808F034FFE0B1E848007803280DDA0D
:10015000E6480078401CE54908700020E149088025
:10016000E14908700F20DA49087027E00020DD49D6
:100170000880DD490870DD490870EE20D449087018
:100180001CE0D8480088401CD649088008460088F2
:10019000B0F5967F12DD002008800D20CC49087054
:1001A000D1480078401CD0490870084600780328E0
:1001B00004DD00200870EE20C549087066E04FF4A9
:1001C0000071C44809F016F80D21CBA0FDF728FAFC
:1001D0001020BF49087059E0AFF24C11BD4808F03B
:1001E000E6FE40B10D20BA4908700020BD490880E4
:1001F000BD4908701CE0BB480088401CB949088014
:1002000008460088B0F5967F12DD002008800F2098
:10021000AF490870B4480078401CB34908700846DC
:100220000078032804DD00200870EE20A84908703B
:100230002CE0B548007820B1012806D0022823D14F
:100240000FE00120B04908701EE0FFF7D8FC04461B
:10025000FF2C05D10020A34908800220AA4908707C
:1002600012E0A0480088B0F57A7F05DA9D48008842
:10027000401C9C49088006E000209A490880944967
:100280000870A149087000BF00BF00BF00BF002078
:1002900054E710B59D48007810B1012838D10CE022
:1002A0004FF400718B4808F0A5FF082198A0FDF7D6
:1002B000B7F90120954908702CE098A1854808F00D
:1002C00076FE40B10020914908709749088097490F
:1002D0000880FF2010BD94480088401C9249088087
:1002E00008460088642812DD0020088087490870CD
:1002F0008E480088401C8D490880084600880528E3
:1003000005DD0020088081490870EE20E2E701E069
:10031000EE20DFE700BF0020DCE72DE9F0410746D3
:100320008846002482480078D8B982A1694808F03C
:100330003EFE0446A4B181A1204608F038FE451CCB
:100340007CA1644808F033FE04464CB1601D08F0FF
:1003500021FE86B23146284601F0EBFF00BF00BF08
:1003600000BF00BF0020BDE8F0810020704770B5DD
:1003700006460D46724880680A2801D1002070BDEB
:100380004FF44370F3F783F804460CB90020F6E706
:1003900025812A46314604F10A00F2F791FF6848A8
:1003A000006850B9002060602060654804604460C7
:1003B0008068401C624988600DE0002060606048F1
:1003C000406844605E48406820605D4844608068E2
:1003D000401C5B498860FF20D1E75948006808B994
:1003E00000207047564800680830FAE710B55448B6
:1003F000006808B9002010BD5148046800684068D2
:1004000020B100204E490968496808604C480068DE
:1004100040684B49086008468068401E8860204656
:10042000F3F725F8FF20E6E710B50020044608E0C2
:100430004348806800B906E0FFF7D8FF601CC0B2EF
:1004400004460A2CF4DB00BF10BD10B53D4800780F
:1004500000B910BD3C480078032838D005DC48B10D
:10046000012813D002287FD180E004287DD0EE2817
:10047000F9D1EEE0FFF7B1FF3449086008460068A3
:1004800000B9E6E7012030490870EBE04FF4007155
:10049000104808F0AFFE4FF400712D4808F0AAFE96
:1004A00040212C4808F0C8FE2848006802882AA18C
:1004B000284808F0E7FB274808F0AFFD044621462E
:1004C0002448FDF7ADF802201F490870CAE08BE010
:1004D000800900203CA10020A0A80020434F4E4EE0
:1004E000454354008409002081090020820900202E
:1004F0004552524F5200000041542B434950434C47
:100500004F53450D0A00000086090020870900208E
:1005100041542B474D520D0A0000000057524F4FD7
:100520004D2D3332000000008A0900208809002088
:100530008C0900202B4950442C0000003A00000098
:1005400088A90020790900208D0900209409002045
:100550003C89002094A9002041542B434950534525
:100560004E443D25640D0A0079E053E0FDA1FE48AC
:1005700008F01DFD40B10320FC4908700020FC4933
:100580000870FC4908802EE0AFF29C01F64808F0A4
:100590000EFDB0B1F6480078401CF54908700846D9
:1005A000007803281FDD00200870FAF7A2FB00F096
:1005B000E8FEFFF739FFFDF7ADF8EE20EB490870D4
:1005C00011E0EC480088642805DAEA480088401CFD
:1005D000E849088007E00020E6490880E4490870FF
:1005E0000320E24908703DE04FF40071DE4808F056
:1005F00001FE4FF40071E04808F0FCFDDF480068A0
:100600000188DE480068801CFDF70AF80420D749FD
:10061000087027E0DAA1D44808F0C9FC40B1EE2008
:10062000D24908700020D2490870D24908800FE0F2
:10063000D0480088642805DACE480088401CCD499F
:10064000088005E00020CB490880EE20C7490870EB
:1006500008E0FFF7CBFE0020C449087000BF00BFD0
:1006600000BF00BF00BF00BFF3E670B504460D46F3
:1006700029462046FFF77BFEFF2070BD30B585B0D0
:100680000024C148006841F27071884205D2BE481A
:100690000068401CBC49086048E2BC48007830B1A2
:1006A000012815D002284FD0032872D159E000202C
:1006B000B74908704FF40071AB4808F09BFD0B215F
:1006C000AFF23060FCF7ACFF0120B04908702CE2BB
:1006D000AFF24461A44808F06AFC00B3AFF2406195
:1006E000A14808F064FC044684B1AAA19E4808F021
:1006F0005EFC044654B1641C2078372803DD0020DA
:10070000A549087002E00120A349087002209F4912
:1007100008700020A1490880A149087013E09F4893
:100720000088401C9D4908800846008864280ADD2E
:10073000002008809549087099490870924908601E
:10074000012093490870F0E14FF40071864808F0E9
:1007500051FD112193A0FCF763FF03208B49087022
:10076000E3E1AFF2D461804808F021FC00287DD09D
:1007700091A17D4808F01BFC0446002C77D0113471
:1007800091A1794808F013FC20B101208DF80E00EA
:1007900062E0C9E18DA1744808F009FC18B102209B
:1007A0008DF80E0058E08AA16F4808F000FC18B1DF
:1007B00003208DF80E004FE086A16B4808F0F7FB90
:1007C00018B104208DF80E0046E083A1664808F0B9
:1007D000EEFB18B105208DF80E003DE07FA16248C8
:1007E00008F0E5FB18B106208DF80E0034E07CA17E
:1007F0005D4808F0DCFB18B107208DF80E002BE0F7
:1008000078A1594808F0D3FB18B108208DF80E00E4
:1008100022E075A1544808F0CAFB18B109208DF8F0
:100820000E0019E072A1504808F0C1FB18B10A206F
:100830008DF80E0010E06FA14B4808F0B8FB18B11E
:100840000B208DF80E0007E06BA1474808F0AFFBC6
:1008500010B10C208DF80E009DF80E000C2810DD54
:1008600000204E4908804949087001E046E13AE11C
:100870004B4908704449086001204549087005B09B
:1008800030BD241D2078302815DB2078392812DC73
:10089000617830392278303A02EB820201EB420073
:1008A000C11700EBD1614911A0EB4111C9B28DF81C
:1008B0000F10E41C06E0641C20783038C0B28DF8BC
:1008C0000F00A41C9DF80F001F280CDD00203349E9
:1008D00008802E490870324908702B4908600120B1
:1008E0002B490870CBE7607830382178303901EB3C
:1008F000810100EB4100182190FBF1F201FB120095
:10090000C0B28DF810009DF8100017280CDD0020F3
:10091000224908801D490870214908701A49086059
:1009200001201B490870AAE7E41C60783038217860
:10093000303901EB810100EB41003C2190FBF1F2E9
:1009400001FB1200C0B28DF811009DF811003B2888
:1009500059DD0020114908800C49087010490870C1
:1009600009494BE03E0000003CA100208D09002019
:100970008E090020900900203C8900209409002065
:1009800053454E44204F4B009C09002098090020FD
:10099000790900202D000000040900209A09002098
:1009A0009909002041542B434950534E5450544907
:1009B0004D453F0D0A0000002B434950534E545003
:1009C00054494D453A0000004A616E004665620098
:1009D0004D617200417072004D6179004A756E0080
:1009E0004A756C0041756700536570740000000023
:1009F0004F6374004E6F7600446563000860012009
:100A00008A4908703BE7E41C607830382178303937
:100A100001EB810100EB41003C2190FBF1F201FB75
:100A20001200C0B28DF812009DF812003B280CDDB8
:100A300000207F4908807F4908707F4908707F49FE
:100A4000086001207949087019E7E41CE078303823
:100A50000A2190FBF1F201FB1202207830384FF4AA
:100A60007A7148436178303901EBC10303EB01111E
:100A700000EB8101A078303800EB800001EB4000F2
:100A8000104480B2ADF80C00BDF80C0040F6330104
:100A900088420CDD00206649088066490870664976
:100AA000087066490860012060490870E7E603A8FD
:100AB00001F049FEBDF80C00642190FBF1F201FB4E
:100AC0001200C5B29DF812009DF811109DF810207B
:100AD000CDE9002102909DF80F209DF80E10002313
:100AE000284602F011FD0020534908705149087052
:100AF0005249086001204D49087014E04C480088B4
:100B0000401C4B4908800846008864280BDD002003
:100B10000880484908704849087048490860012021
:100B200042490870ABE600E000BF00BF00BFA6E688
:100B300010B500244248006841F27071884205D225
:100B40003F480068401C3E49086064E03D4800782A
:100B500010B101285DD110E00020344908704FF435
:100B60000071394808F046FB0B21AFF6D820FCF79E
:100B700057FD0120334908704CE0AFF6EC213248B4
:100B800008F015FA20B3AFF6E8212F4808F00FFA65
:100B9000044684B12DA12C4808F009FA044654B14A
:100BA000241D2078342803DD00202A49087002E043
:100BB0000120284908700020224908702649088031
:100BC000264908701E4908600120184908701FE076
:100BD00021480088401C2049088008460088B0F55C
:100BE000967F15DD00200880164908701B480078A4
:100BF000401C1A49087008460078032808DD0020C8
:100C00000870104908700E490860012007490870F3
:100C100000E000BF00BF10BD10B5FFF716FCFCF7E9
:100C2000F9FD08B1FFF72AFD10BD00007909002089
:100C30009A09002098090020990900209C090020A9
:100C4000A4090020A00900203CA100202C312C2D5B
:100C50000000000004090020A2090020A1090020D2
:100C60000246002100BF0AE0704800EB8100408886
:100C7000904203D16D4830F821007047491C41F67D
:100C800015508142F0D30020F7E703467F2B04D8AC
:100C900003F07F00087001207047802B0ED3B3F55E
:100CA000006F0BD203F03F0040F080004870C3F3A8
:100CB000841040F0C00008700220EDE7B3F5006F2B
:100CC00013D3B3F5803F10D203F03F0040F0800013
:100CD0008870C3F3851040F080004870C3F3033080
:100CE00040F0E00008700320D6E7B3F5803F18D34A
:100CF000B3F5001F15D203F03F0040F08000C8702C
:100D0000C3F3851040F080008870C3F3053040F0D5
:100D100080004870C3F3824040F0F0000870042067
:100D2000BAE7B3F5001F1DD3B3F1806F1AD203F0F9
:100D30003F0040F080000871C3F3851040F0800050
:100D4000C870C3F3053040F080008870C3F385405D
:100D500040F080004870C3F3016040F0F800087074
:100D6000052099E7B3F1806F22D3B3F1004F1FD272
:100D700003F03F0040F080004871C3F3851040F05D
:100D800080000871C3F3053040F08000C870C3F3E1
:100D9000854040F080008870C3F3056040F080001B
:100DA0004870C3F3807040F0FC000870062073E7C1
:100DB000002071E72DE9F05F07460D4690464FF0A1
:100DC00000090026002420E0285D7F2814DD601C37
:100DD000295C285D01EB00201FFA80FA5046FFF7DE
:100DE0003FFF8346B91906225846FFF74EFF81465A
:100DF0004E44A01CC4B208E0B919285D0622FFF7D2
:100E000044FF81464E44601CC4B24445DCDB30469E
:100E1000BDE8F09F10B5064808F0FFF8C4B22246BE
:100E200003490448FFF7C6FF10BD0000D8C30108FE
:100E3000A8090020D4A90020F748007A704770B5AF
:100E40000546F548046808E0294604F10B0008F05F
:100E50001BFA08B9204670BD6468002CF4D100204C
:100E6000F9E770B505462846FFF7E9FF04460CB9D7
:100E7000002070BD04F10800FBE770B5054635B1F0
:100E8000288820B1A878022801DCE81C20B900BF1E
:100E900000BF4FF0FF3070BDDF48007A012804DB4F
:100EA00000BF00BF6FF00100F5E7E81CFFF7D9FFB6
:100EB000064626B1A878B0706FF00200EBE74C2030
:100EC000F2F7E5FA044624B900BF00BF6FF0030053
:100ED000E1E74422294604F10800F2F7F1F9CE488F
:100EE000006850B9002060602060CB480460446016
:100EF000007A401CC84908720DE000206060C648B6
:100F000040684460C44840682060C3484460007A38
:100F1000401CC1490872FF20BDE770B50546284650
:100F2000FFF78DFF044624B900BF00BF4FF0FF302C
:100F300070BDB948007A01280AD1B7480068B6499F
:100F40004968884204D10020B349086048601BE02A
:100F5000B1480068A04206D1AF496068086000202F
:100F60000968086010E0AC484068A04206D1AA4970
:100F70002068486000204968486005E0D4E9001016
:100F80004860D4E900010860A348007A401EA249E5
:100F900008722046F2F76BFAFF20C9E770B50546E4
:100FA00000264420F2F773FA04460CB9701E70BD97
:100FB00027229AA1E01CF2F783F91822294604F1AE
:100FC0001200F2F77DF9272020800120A070204632
:100FD000FFF753FF0646002E05DA2046F2F747FAE0
:100FE0006FF00100E3E7FF20E1E730B503460020A2
:100FF00014E0141A641E0C5D8C4D05EB1414247857
:1010000003F81040141A641E0C5D04F00F042C5DEC
:10101000012505EB40055C55441CE0B29042E8DB3D
:1010200030BD8348D0E90020521C40F100008049C7
:10103000C1E9002003C9704700B58FB014227DA11B
:101040000AA808F0A5F8FFF7ECFFCDE9080106A80B
:1010500001F060FB082208A90AA8FFF7C6FF0020DC
:101060007949C8844FF480717748283008F0C2F875
:101070009DF81E009DF81D109DF81C209DF81B304A
:10108000CDE90232CDE904109DF81A00BDF8181020
:101090000AAB6E4ACDE900106D49A2F5847007F0E5
:1010A000F1FD6948283007F0B8FF6749C884FF2080
:1010B0000FB000BD70B5054600243C206249088091
:1010C0000846C07820F00200801CC8700420887098
:1010D000A1F8280104225FA15C48801FF2F7F0F814
:1010E00018205949A1F82E015848F3F7AAFE56488E
:1010F000C07820F0800080305349C8700820A1F8E3
:101100005401082255A151482630F2F7D9F84E482B
:10111000C07820F0400040304B49C8700C20A1F846
:1011200060010C2250A149483230F2F7C9F8464814
:10113000C07820F004004449C8700846C07820F008
:101140001800C8700846C07820F02000C8700C2035
:1011500088800C2248A13C48801DF2F7B1F870BD90
:1011600010B500203849C8844FF4807136482830C3
:1011700008F040F83448C07820F018003249C870B0
:101180000846C07820F02000C8700846C07820F0DB
:101190000400C87010BD10B5FFF74EFF2A48C07894
:1011A00020F018002849C8700846C07820F02000B8
:1011B000C8700846C07820F00400001DC87010BD3B
:1011C0002149088070472049887070471E48C078C0
:1011D00020F00200801C1C49C87070471A48C07873
:1011E00020F002001849C87070471748C07820F0F6
:1011F00040001549C87070471348C07820F040007F
:1012000040301149C87070470F48C07820F0800006
:101210000D49C8707047000058AB0020636F6E74B2
:10122000726F6C6C65725F6D73672F00B009002080
:10123000C00900204646464646464646464646467D
:101240004646464600000000E8A9002018AB0020F2
:101250004C3902084D515454000000007465726D01
:10126000696E616C0000000076656E64696E6731BE
:1012700032333036000000007465726D696E616C47
:101280005F6D7367000000000848C07820F08000A0
:1012900080300649C870704710B504462046FFF7F5
:1012A0007DFE2046FFF706FF10BD0000E8A90020E4
:1012B000E44880787047E348807820B10020E14915
:1012C0004860C87010E0DF48406842F6E06188423C
:1012D00007D2DC484068401CDA4948600020C870EA
:1012E00002E00120D749C87070470178D64A1170D2
:1012F0004188518081889180704710B5D24800782C
:1013000018B3D1484088B0F57A7F02DD0020CD497E
:101310000870CD48418880880A3000EBC00202EB9B
:101320000010B1EB800F05DAC7484088401CC64961
:1013300048800AE00020C44908700120C1490870B3
:101340000020C1494880F2F7D5F810BD70B592B0C1
:1013500005460C4616468DF80660ADF80440224658
:1013600029460DF10700F1F7ABFF01A8FFF785FD56
:1013700012B070BD42F6E060B24948600120C8700A
:1013800070470020AF4988704870B04908704880A5
:1013900088740021AD4881820020AC498872002108
:1013A000AA488181704700B5FFF7E4FFFFF7E9FF26
:1013B00000BD0120A349087070470020A1490870B2
:1013C000704710B59F48007800B910BD9D4840781F
:1013D00006286FD005DC17D2DFE800F010162F3595
:1013E0006E74092867D004DC072879D008280BD14F
:1013F000D5E0122809D01F28F9D10CE1FCF70AFA30
:1014000010B102208F49487011E191480068B0F591
:101410007A7F05D28E480068401C8D49086005E03F
:1014200000208B4908600220864948708748007870
:1014300010B1032083494870F9E001F0F6F8032069
:1014400080494870F3E08148007888B17D48C078D1
:1014500018B104207B49487004E00620794948709F
:101460000120887000207A4908607A49087020E0DD
:1014700077480068B0F57A7F05D275480068401C4F
:101480007349086015E000207149086071480078D0
:10149000022808DA6F480078401C6E490870022064
:1014A0006849487005E000206A49087008206549CD
:1014B0004870BCE03AE07DE001F0D8F805206149D1
:1014C0004870B4E06148807A58B101205D49887065
:1014D0000620487000205E4908605E49087024E0DC
:1014E0002AE05B480068B0F57A7F05D2584800686A
:1014F000401C5749086018E00020554908605548CD
:101500000078032808DA53480078401C51490870D5
:1015100004204C49487008E000204C490870022023
:101520004849487000204B49087080E001F04AF8B3
:101530000720444948707AE045480068B0F57A7F52
:1015400005D243480068401C4149086026E000205D
:101550003F4908603D48807C40B100203D4908700B
:101560003A49887406203749487017E039480078AE
:10157000062808DA37480078401C364908700620EB
:10158000304948700AE000203049087088722D49BF
:101590008870304908701F202A49487047E001F0E0
:1015A00023F809202749487042F6E060486001208E
:1015B000C8703CE02548007850B1002024490860FC
:1015C000244908702149087002201E49487021E012
:1015D0001F480068B0F57A7F05D21D480068401C9E
:1015E0001B49086016E00020194908601948007876
:1015F000012808DA17480078401C164908700820AE
:101600001049487006E00020124908701F200D495B
:101610004870DAE60BE0F9F76CFBFFF7B2FEFEF775
:1016200003FFFCF777F800200649487000BF00BFB1
:1016300000BFCAE610B5FFF73EFEFFF75EFEFFF7FC
:10164000C0FE10BDD0090020C809002064AB0020F6
:10165000D8090020DC090020FE480088401CFD4914
:101660000880084600887047F0B500220023002655
:1016700000240546C71700EB5767C7F3C712154686
:10168000D71702EB5767FB111D46DF1703EB5767B0
:10169000FE110546C71700EB5767FF11A0EBC717F0
:1016A000FCB2012E0CDB44F080050D7042F0800589
:1016B0004D7043F080058D70CE7004250D7117E0DC
:1016C000012B09DB44F080050D7042F080054D7060
:1016D0008B7003250D710BE0012A06DB44F08005B9
:1016E0000D704A7002250D7102E0087001250D7120
:1016F000F0BD0020D849B1F828110831D64AB2F817
:101700002E21114488B2D449C978C1F3800139B17E
:10171000D1498988091DD04AD28C1144014488B22C
:10172000CD49C978C90929B1CB49B1F85411891CEF
:10173000014488B2C849C978C1F3801129B1C649AA
:10174000B1F86011891C014488B2704770B5044635
:10175000FFF7CFFF05462146FFF786FF70BD1CB59A
:1017600000246846FFF7F2FFFFF7C3FF9DF804105F
:10177000491C084484B220461CBD7CB505460024A3
:1017800010202855641C6846FFF7E0FF002606E09D
:101790001DF806002855601C84B2701CC6B29DF866
:1017A0000400B042F4DCAC49B1F82801C11700EBE9
:1017B0001161C1F307212955601C84B2A649B1F813
:1017C0002801C11700EB11610912A0EB0121295575
:1017D000601C84B2A049B1F82821281901F595713F
:1017E000F1F76EFD9C48B0F82801204484B29A4875
:1017F00080782855601C84B2281901229649C91C9A
:10180000F1F75EFD601C84B293490888C11700EBB4
:101810001161C1F307212955601C84B28E490888E3
:10182000C11700EB11610912A0EB01212955601CC1
:1018300084B28949B1F82E01C11700EB1161C1F3DF
:1018400007212955601C84B28349B1F82E01C117C4
:1018500000EB11610912A0EB01212955601C84B233
:101860007D49B1F82E21281901F59871F1F728FD6D
:101870007948B0F82E01204484B27748C078C0F38C
:10188000800000283DD074498888C11700EB1161A1
:10189000C1F307212955601C84B26F498888C1179C
:1018A00000EB11610912A0EB01212955601C84B2E3
:1018B00069498A882819891DF1F702FD66488088E0
:1018C000204484B26449C88CC11700EB1161C1F394
:1018D00007212955601C84B25F49C88CC11700EBF1
:1018E00011610912A0EB01212955601C84B25A49EB
:1018F000CA8C28192831F1F7E3FC5748C08C2044E2
:1019000084B25548C078C00918B35349B1F854019E
:10191000C11700EB1161C1F307212955601C84B286
:101920004D49B1F85401C11700EB11610912A0EB48
:1019300001212955601C84B24749B1F85421281966
:1019400001F5AB71F1F7BCFC4348B0F854012044F9
:1019500084B24148C078C0F3801018B33E49B1F852
:101960006001C11700EB1161C1F307212955601C0B
:1019700084B23949B1F86001C11700EB1161091255
:10198000A0EB01212955601C84B23349B1F86021D4
:10199000281901F5B171F1F793FC2F48B0F86001F7
:1019A000204484B220467CBD0420704710B5024616
:1019B000002040231354401C02231354401C0B46A8
:1019C000CC1701EB1464C4F307241454401CCC1747
:1019D00001EB14642412A1EB04241454401C10BD28
:1019E00001460020CA88921CB1F848301A4490B2CF
:1019F0000A78002A01DD821C90B2704770B5044657
:101A00000D462046FFF7ECFF06462946FFF72CFE61
:101A100070BD7CB5044669462046FFF7EFFF2046BF
:101A2000FFF7DEFF9DF80410491C084485B22846E4
:101A30007CBD2DE9FC4106460D4600270024694681
:101A40003046FFF7DBFF302028553078012809D1D8
:101A5000285D03E0DE090020E8A9002040F0020034
:101A6000285509E03078022804D1285D40F00400B0
:101A7000285501E0285D2855B078012804D1285D5B
:101A800040F00800285501E0285D285570780128AD
:101A900004D1285D40F00100285501E0285D28555B
:101AA000601C84B2002706E01DF807002855601C62
:101AB00084B2781CC7B29DF80400B842F4DCF08808
:101AC000C11700EB1161C1F307212955601C84B2D5
:101AD000F088C11700EB11610912A0EB0121295513
:101AE000601C84B2F288281906F10801F1F7E8FBBE
:101AF000F088204484B2307890B1B088C11700EBF0
:101B00001161C1F307212955601C84B2B088C11747
:101B100000EB11610912A0EB01212955601C84B270
:101B2000B6F848202819F16CF1F7CAFBB6F848005E
:101B3000204484B22046BDE8FC8100203D4A116863
:101B4000022004E00A89D21C024490B249680029AC
:101B5000F8D1704770B50446FFF7EFFF0546214600
:101B6000FFF782FD70BD1CB500246846FFF7F2FF49
:101B7000FFF7E3FF9DF80410491C084484B2204697
:101B80001CBD2DE9FC41054600242A480668FFF7E4
:101B900063FD07466846FFF7DDFF82202855641C79
:101BA0004FF0000808E01DF808002855601C84B2BA
:101BB00008F1010000F0FF089DF804004045F2DC48
:101BC0003846F91707EB1161C1F307212955601C4D
:101BD00084B23846F91707EB11610912A7EB01210E
:101BE0002955601C84B220E03089C11700EB1161D7
:101BF000C1F307212955601C84B23089C11700EB5D
:101C000011610912A0EB01212955601C84B23289AF
:101C1000281906F10B01F1F753FB3089204484B2F7
:101C2000B07A2855601C84B27668002EDCD120463C
:101C3000BDE8FC8158AB0020944908807047944867
:101C40004078934A1278904205D1914840881428F0
:101C500001D1002070478E480278001D50F82210F4
:101C60000022001F0378001D40F82320001F007889
:101C7000401C874A107010464088401C5080104617
:101C80000078142801D1002010700846E2E770B5F2
:101C9000054600247E4840787D490978884209D16C
:101CA0007B48408830B9FFF7CAFF044614B120468C
:101CB000F1F7DDFB76484178001D40F82150001F08
:101CC0004078401C7249487008464088401E488051
:101CD00008464078142801D100204870012070BDCA
:101CE0006C4840786B4A1278904205D16948408828
:101CF000142801D10020704766480278001D50F872
:101D000022100022001F0378001D40F82320001F2E
:101D10000078401C5F4A107010464088401C50807C
:101D200010460078142801D1002010700846E2E720
:101D300070B50546002457484078564909788842CE
:101D40000ED15448408858B9FFF7CAFF04463CB149
:101D5000E06C10B1E06CF1F78AFB2046F1F787FBED
:101D60004C484178001D40F82150001F4078401C2D
:101D70004849487008464088401E488008464078D8
:101D8000142801D100204870012070BD41484078DE
:101D9000404A1278904205D13E484088142801D12B
:101DA000002070473B480278001D50F8221008467A
:101DB000F7E710B5002438480068B0F5FA7F05D27F
:101DC00035480068401C3449086010BD0020324985
:101DD0000860FFF7DBFF0446002C41D02B48008849
:101DE000A18888420CD1FFF77BFF04463CB1E06C30
:101DF00010B1E06CF1F73BFB2046F1F738FBE4E76C
:101E0000F8F7C7FF28B1204600F048FCE078401CF6
:101E1000E070E07814280CDDFFF762FF04463CB167
:101E2000E06C10B1E06CF1F722FB2046F1F71FFBEC
:101E3000CBE72078012806D104F1080018B1E0882A
:101E400008B1E06C60B9FFF74BFF04463CB1E06CB1
:101E500010B1E06CF1F70BFB2046F1F708FBB4E79B
:101E600000BFB2E710B50024FFF7E9FE04462CB12D
:101E7000208800F02EFC2046F1F7F9FA10BD10B5CD
:101E8000FFF797FFFFF7EEFF10BD0000E00900200D
:101E9000E4090020380A00208C0A002010B5024610
:101EA0000B461146042B02D38878400810B14FF03E
:101EB000FF3010BD887800F00100FE4C2071C8781A
:101EC0006071C87810B16FF00100F2E70120F94CA1
:101ED0002070FF20EDE770B504460D462646042D20
:101EE00001D2012070BDF348C088401CF149C88070
:101EF000F178B07801EB002081B2EE480181014613
:101F00000889FFF799FEFF20ECE72DE9F04106462E
:101F10000F463546FEF790FF804608F10400B842B0
:101F200003D94FF0FF30BDE8F081E2488089401CC2
:101F300081B2E0488181E978A87801EB002081B284
:101F4000DC48C18100240DE0281D015DD948103016
:101F50000155281D005D802802D16FF00100E2E7E5
:101F6000601CC4B24445EFDB0120D2498872FF20D7
:101F7000D9E70246022902DA4FF0FF307047507865
:101F800010B16FF00100F9E70120CA4B98741846B0
:101F9000808A401C83B2C7488382FF20EEE770B579
:101FA00004460D4620783A2840D008DC20280FD07F
:101FB000302831D0322834D0332846D13BE03B287A
:101FC0003ED040280DD0902814D0D0283DD11AE022
:101FD00029462046FFF762FF002801DD202070BD62
:101FE00035E029462046FFF776FF002801DD402036
:101FF000F5E72CE029462046FFF787FF002801DDA2
:102000009020ECE723E029462046FFF7B2FF0028A6
:1020100001DDD020E3E71AE00120A64988743020D2
:10202000DDE70120A34988743220D8E70120A149C7
:1020300088743A20D3E701209E4988743320CEE784
:1020400001209C4988743B20C9E70020C7E700BFF6
:102050000020C4E710B50246002100200023491CDF
:10206000545C04F08004002C2ED0545C04F07F04F7
:102070000444A0B24C1CA1B2545C04F08004ECB146
:10208000545C04F07F0400EBC414A0B24C1CA1B259
:10209000545C04F080045CB1545C00EB8434A0B266
:1020A0004C1CA1B2545C00EB4454A0B204230DE0DC
:1020B0000323545C00EB8434A0B207E00223545C99
:1020C00000EBC414A0B201E00123505C10BD024635
:1020D00000210020491C535C03F080039BB14B1C82
:1020E00099B2535C03F080035BB14B1C99B2535C13
:1020F00003F080031BB14B1C99B2042004E00320C1
:1021000002E0022000E0012070472DE9F04307467D
:102110008846144600250026A9462046FFF7D7FF2B
:102120000646042E02DD0120BDE8F083601C304429
:102130004178601C805D01EB00201FFA80F9C145E9
:1021400001D00220F0E700250AE0795D601C3044F0
:10215000801C405D814201D00320E5E7681C85B208
:102160004D45F2DB0020DFE72DE9F04180460C46CB
:10217000002500272046FFF7AAFF0546042D02DDB3
:102180000020BDE8F081601C28444178601C405D5F
:1021900001EB0020C7B2B8F1010F18D10220F1F70E
:1021A00076F9064676B1601C2844801C3844417894
:1021B000601C2844801CC05D01EB0020308030464C
:1021C000FFF765FDE81C3844801C044402E0E81C6D
:1021D000384404442046D4E7014637484078364A1C
:1021E0001278904204D13448408808B9FF207047E3
:1021F00031484278001D40F82210001F4078401CF2
:102200002D4A507010464088401E5080104640783D
:10221000202801D1002050700120E8E726484078AE
:10222000254A1278904205D123484088202801D1C0
:102230000020704720480278001D50F8221000222C
:10224000001F0378001D40F82320001F0078401C69
:10225000194A107010464088401C50801046007883
:10226000202801D1002010700846E2E700B5FFF7F2
:10227000D5FF00BD2DE9F041054600240026284683
:1022800006F0CBFE0746F1F702F9044614B9012027
:10229000BDE8F081284606F0C0FE07463A462946CA
:1022A0002046F1F70DF82046FFF796FF0646FF2E71
:1022B0000AD103E064AB0020900A002014B120464C
:1022C000F1F7D5F80220E3E70020E1E770B5044616
:1022D000002500262046FFF7FAFE0546042D01DD05
:1022E000002070BD601C28444178601C405D01EBFB
:1022F0000020C6B23046F4E72DE9F04104460D4611
:102300004FF00008002600272846FFF7A3FE0646E8
:102310002846FFF7DBFF074624B9B81C301A1FFA1E
:1023200080F803E0381D301A1FFA80F84046BDE8F7
:10233000F0812DE9FF5F05460C46002600270020AE
:10234000039082468146029080460190FBF762FA34
:1023500018B9002004B0BDE8F09F2DE1002C01DC8D
:102360003046F7E72846FFF775FE03902846FFF74B
:10237000AEFE8246BAF1040F03DD6D1C601E84B20E
:102380001AE10AF10100039908441FFA80F9A145F6
:1023900003DD6D1C601E84B20EE1E1B22846FFF73A
:1023A000FEFD029002983B287DD00CDC32287BD0C9
:1023B00004DC202810D0302877D112E033287FD0D9
:1023C0003A28F9D17DE0402807D0902806D0B028DF
:1023D00005D0D028F0D103E0E4E0E3E0E2E0E1E082
:1023E000E0E0764A12681189744A126802F10B0023
:1023F0002A46FFF78AFE0190704A126811896F4AD7
:10240000126802F10B002A46FFF77FFE98B92946B1
:102410000020FFF7A9FE07460FB902209AE73846C9
:10242000FFF728FF8046B8F1000F01D0032091E7A5
:10243000701CC6B242E0614A1268526811895F4A54
:102440001268526802F10B002A46FFF75EFE98B947
:1024500029460020FFF788FE07460FB9022079E7DA
:102460003846FFF707FF8046B8F1000F01D0032080
:1024700070E7701CC6B221E0514806F0CEFD1FFA8D
:1024800080FB2A4659464E48FFF73FFE90B9294641
:102490000020FFF731FF834629460020FFF764FE46
:1024A0005946009003E00DE009E074E008E000F018
:1024B00025FA03E06D1C601E84B27DE072E000BF6F
:1024C00000BF00BF3D4A126811893C4A126802F100
:1024D0000B002A46FFF719FE0190384A126811894D
:1024E000364A126802F10B002A46FFF70EFE98B931
:1024F00029460120FFF738FE07460FB9022029E7D9
:102500003846FFF7B7FE8046B8F1000F01D0032030
:1025100020E7701CC6B23DE0284A12685268118953
:10252000264A1268526802F10B002A46FFF7EDFDB9
:1025300098B929460120FFF717FE07460FB9022078
:1025400008E73846FFF796FE8046B8F1000F01D045
:102550000320FFE6701CC6B21CE0194806F05DFDC2
:102560001FFA80FB2A4659461548FFF7CEFD68B989
:1025700029460120FFF7C0FE834629460120FFF7C8
:10258000F3FD5946009000F0B9F903E06D1C601EA0
:1025900084B211E006E0002C03DD6D1C601E84B2E5
:1025A0000AE000BF00BF4D44A4EB090084B2002044
:1025B00003908246814600BFD0E6000058AB002061
:1025C000BAAB002008B550A0006800900221684610
:1025D000FBF71FFA08BD08B54CA000680090022167
:1025E0006846FBF716FA08BD70B500240025484878
:1025F000C078C0F3800008B1FEF71EFDFFF7AFF80A
:1026000005462846F0F743FF044604B970BDFEF7BF
:10261000DDFD2046FFF7B1F829462046FBF7F9F922
:102620002046F0F724FF00BFF0E770B50024002536
:10263000FEF7D4FD3648C078C0F3800008B1FEF73D
:10264000FBFCFFF78CF805462846F0F720FF044610
:1026500004B970BD2046FFF790F829462046FBF7E5
:10266000D8F92046F0F703FF00BFF2E770B5002469
:102670000025FFF778FA05462846F0F708FF0446DC
:1026800004B970BD2046FFF77CFA29462046FBF7C7
:10269000C0F92046F0F7EBFE00BFF2E770B5064642
:1026A000002400253046FFF7B4F905462846F0F728
:1026B000EEFE044604B970BD21463046FFF7B9F975
:1026C00029462046FBF7A5F92046F0F7D0FE00BFCB
:1026D000F1E770B5044600250026FFF765F90646C8
:1026E0003046F0F7D4FE054605B970BD21462846B0
:1026F000FFF75CF931462846FBF78BF92846F0F7DF
:10270000B6FE00BFF1E70000C0000000E0000000DE
:10271000E8A900203EB504466846F6F779FA9DF828
:102720000200A0719DF8010060719DF80000207109
:102730009DF80700E0709DF80600A070BDF8040049
:10274000208000203EBD7CB50446A0796179CDE9AA
:1027500000102379E278A1782088F6F741FA00206A
:102760007CBD1CB5024600BF93798C79A34206DB81
:1027700093798C791B1BDBB28DF806300AE08B79DC
:10278000C3F13C0394792344DBB28DF806305379CE
:102790005B1E537153794C79A34206DB53794C7914
:1027A0001B1BDBB28DF805300AE04B79C3F13C030B
:1027B00054792344DBB28DF8053013795B1E137115
:1027C00013790C79A34206DB13790C791B1BDBB25E
:1027D0008DF8043007E00B79C3F118031479234412
:1027E000DBB28DF804309DF80430C3EB03139B007B
:1027F000C3EB03139B009DF80540C4EB041403EBEB
:1028000084039DF8064018191CBD024610790B7907
:10281000984201DD0120704710790B79984202DA65
:102820004FF0FF30F7E750794B79984201DD0120F6
:10283000F1E750794B79984202DA4FF0FF30EAE73E
:1028400090798B79984201DD0120E4E790798B79CA
:10285000984202DA4FF0FF30DDE70020DBE7014667
:10286000088840F63402904204DC088840F2E372A3
:10287000904202DA4FF0FF30704788780C2802DC73
:102880008878012802DA4FF0FF30F5E7C8781F2872
:1028900002DCC878012802DA4FF0FF30ECE7087953
:1028A000172802DC0879002802DA4FF0FF30E3E74E
:1028B00048793C2802DC4879002802DA4FF0FF30E2
:1028C000DAE788793C2802DC8879002802DA4FF0C0
:1028D000FF30D1E70020CFE710B50648FFF71AFF19
:1028E0000448008840F2E371884201DA012010BDFB
:1028F0000020FCE7140B00200246704770470000E0
:10290000FE4908607047FE4908607047FD4908604D
:102910007047FD4908607047FC4908607047FC49F2
:1029200008607047FB4908607047FB4908607047C2
:10293000FA4908607047FA4908607047F949086029
:102940007047F94908607047F84908607047F849CE
:1029500008607047F74908607047F749086070479A
:10296000F64908607047F64908607047F548807876
:1029700070470020F34988707047F24908800021B1
:10298000F04A91707047F048807870470020EE4917
:1029900088707047EC4908800021EB4A91707047BD
:1029A00070B5044600256179207901EB002085B2DD
:1029B000E078822802D0832875D103E00120E14924
:1029C000887019E1E0480088A84202D10120DE4960
:1029D000887045F64001681A8D4270D01DDC45F2C2
:1029E0003071A5EB01008D425ED00DDCA5F5804075
:1029F000A0F5A150A8B3E02828D0B0F5987F31D039
:102A0000B0F5407F73D143E0202859D0502862D0E0
:102A1000602861D0E028F5D16BE0902868D008DC10
:102A2000102871D0302870D060286FD07028E9D17C
:102A30009CE0D0286BD0F0286AD0B0F5BF5F68D09A
:102A4000A0F5B850F0380028DCD1C6E0BA480068DC
:102A500030B1A078C01EC1B2201DB74A126890479D
:102A6000C7E00AE0B548006830B1A078C01EC1B226
:102A7000201DB24A12689047BBE0B148006830B1EF
:102A8000A078C01EC1B2201DAD4A12689047B0E0C8
:102A9000A648006830B1A078C01EC1B2201DA34A6C
:102AA00012689047A5E0A6E0A148006830B1A07880
:102AB000C01EC1B2201D9E4A1268904799E029E0CD
:102AC0009C48006830B1A078C01EC1B2201D994A50
:102AD000126890478DE08CE09248006830B1A07891
:102AE000C01EC1B2201D8F4A1268904781E07FE06E
:102AF00047E08D48006830B1A078C01EC1B2201DEB
:102B0000894A1268904774E00FE019E023E043E03F
:102B10004DE057E08048006830B1A078C01EC1B2D7
:102B2000201D7D4A1268904763E07C48006830B100
:102B3000A078C01EC1B2201D784A1268904758E0A4
:102B40007748006830B1A078C01EC1B2201D744A19
:102B5000126890474DE06D48006830B1A078C01E03
:102B6000C1B2201D694A1268904742E06848006877
:102B700030B1A078C01EC1B2201D654A12689047CE
:102B800037E06448006830B1A078C01EC1B2201D93
:102B9000604A126890472CE05B48006830B1A0782A
:102BA000C01EC1B2201D584A1268904721E0554806
:102BB000006830B1A078C01EC1B2201D514A126811
:102BC000904716E04E48006830B1A078C01EC1B2F0
:102BD000201D4B4A126890470BE04848006830B10E
:102BE000A078C01EC1B2201D444A1268904700E080
:102BF00000BF00BF00E000BF00BF70BD2DE9F04185
:102C000004460025002700265048007801280FDAE6
:102C10005A2C09D14E484D49097844544B48007804
:102C2000401C4A490870C7E0002048490870C3E0CA
:102C30004648007802280FDAA52C09D144484349B8
:102C40000978445441480078401C40490870B3E07A
:102C500000203E490870AFE03C48007803280FDAB6
:102C6000FA2C09DA3A483949097844543748007847
:102C7000401C364908709FE00020344908709BE0F2
:102C800032480078042811DA822C01D0832C09D133
:102C90002F482E49097844542C480078401C2B4971
:102CA000087089E000202949087085E027480078ED
:102CB000FF2809DA26482549097844542348007832
:102CC000401C2249087002E00020204908701F487B
:102CD0000078C01E1E49897888426DDB1C488078C8
:102CE000801E81B21A48C01C00F01EF90746174822
:102CF0000078401E1649095C14482BE0680B002040
:102D00006C0B0020640B0020600B0020540B002093
:102D1000580B00205C0B0020480B00204C0B0020BF
:102D2000500B0020400B0020440B0020340B0020EF
:102D3000380B00203C0B0020280B00202C0B00201F
:102D4000300B00201E0B0020220B00201C0B00204B
:102D5000FCAC00200078801E1D4A105C01EB0020B6
:102D600086B2B74225D110464178007801EB0020A9
:102D7000184908801046807888701046C078C8705E
:102D8000002507E0281D1249095C1248001D415525
:102D9000681CC5B20F488078C01EA842F2DC0D48FE
:102DA000A0F8FE6000200C4908700A48FFF7F8FD03
:102DB00002E0002008490870BDE8F08110B501204C
:102DC000F6F71AFBAFF2CB110120F6F723FB10BD8B
:102DD000FCAC0020FCAB00201C0B002070B50546AD
:102DE00000242888C11700EB1161C1F30721404A74
:102DF0001155641C2888C11700EB11610912A0EB62
:102E000001211155641CA87811460855641CE87806
:102E10000855641C002607E0281D805D34490855CC
:102E2000601CC4B2701CC6B2A878C01EB042F3DCED
:102E3000B5F8FE00C11700EB1161C1F307212C4A60
:102E40001155601CC4B2B5F8FE00C11700EB11614A
:102E50000912A0EB01211155601CC4B2224624497D
:102E60000120F6F74DFB70BD2DE9F04106460F46F7
:102E7000154645F6A5201F490880E81C88700846BD
:102E8000C670002405E0395D1A48001D0155601C1C
:102E9000C4B2AC42F7DB17488078801E81B2154877
:102EA000C01C00F041F81349A1F8FE000846FFF7E6
:102EB00095FFBDE8F08170B504460D462178627833
:102EC0008818FFF75AFD2A4621468320FFF7CCFFDA
:102ED00070BD70B504460D46217862788818FFF7FA
:102EE0004CFD2A4621468220FFF7BEFF70BD000040
:102EF000FCAE0020FCAD002070B502460C46FF255C
:102F0000FF2309E012F8010B80EA03010E48405C40
:102F100080EA05030D48455C2000A4F10106B4B227
:102F2000F0D143EA052070BDF0B506460F460024F7
:102F3000002539463046FFF7DFFF04462512E0B290
:102F400045EA00252846F0BD700B0020700C0020DB
:102F50000022FD4B9A7201221A70704770B5044628
:102F60000D46F2F77AF8F849888108468089897A0F
:102F700001EB8101A0EB410030B1F348807A401CA5
:102F8000F14988720120087070BDEF4A927A22B12F
:102F9000ED4A927A521EEC4B9A720122EA4B1A7059
:102FA0007047704770B504460D46F4F737FE70BDA4
:102FB00070B505460E4606B970BD4021E34806F0DF
:102FC0003BF900240BE0E01C285CFF2804D0E01C47
:102FD000285CDE49085500E004E0601CC4B2F01E25
:102FE000A042F0DC00BF00BFE6E770B505460E4624
:102FF00006B970BD0A21D548403006F01DF90024FD
:103000000CE0E01C285CFF2805D0E01C295CCF48C0
:103010004030015500E004E0601CC4B2F01EA04244
:10302000EFDC00BF00BFE4E770B504460D46C748BB
:10303000F1F783FF70BD10B5024601B910BDC44B56
:1030400000241C605C609C60DC6000200BE0C31C02
:10305000D35CFF2B04D0C31CD35CBD4C235400E0D5
:1030600004E0431CD8B2CB1E8342F0DC00BF00BF9B
:10307000E4E710B5024601B910BDB54B00241C6150
:103080005C619C61DC6100200CE0C31CD35CFF2B05
:1030900005D0C31CD45CAE4B10331C5400E004E0DC
:1030A000431CD8B2CB1E8342EFDC00BF00BFE3E776
:1030B00070B504460D46A648F1F75EFF70BD10B529
:1030C000024609B1112900DA10BD002005E0C31C39
:1030D000D35CA04C2354431CD8B21828F7DB00BFA4
:1030E000F2E770B504460D4618219A48F1F773FED1
:1030F000182145F2907002F0CCFA70BD10B502466E
:1031000001B910BD0024944B83F83E40002014E028
:10311000C31CD35CFF2B0DD0C31CD45C8E4B2A3355
:103120001C542A3B93F83E305B1CDCB28A4B83F87C
:103130003E4000E004E0431CD8B2CB1E8342E7DCF3
:1031400000BF00BFDDE710B5024601B910BD002485
:10315000814B83F85340002014E0C31CD35CFF2B49
:103160000DD0C31CD45C7C4B3F331C543F3B93F8C5
:1031700053305B1CDCB2784B83F8534000E004E032
:10318000431CD8B2CB1E8342E7DC00BF00BFDDE7A3
:1031900070B505460E46002406E06F482A30005DF3
:1031A0006D490855601CC4B26B4890F83E00A042BF
:1031B000F3DC694890F83E0067490875002406E092
:1031C00065483F30015D2A380155601CC4B2624831
:1031D00090F85300A042F3DC5F4890F853005E493A
:1031E00081F829000846F1F7F5FE70BD10B50246DA
:1031F00001B910BD0024584B83F83E40002014E074
:10320000C31CD35CFF2B0DD0C31CD45C524B2A33A0
:103210001C542A3B93F83E305B1CDCB24E4B83F8C7
:103220003E4000E004E0431CD8B2CB1E8342E7DC02
:1032300000BF00BFDDE710B5024601B910BD002494
:10324000454B83F85340002014E0C31CD35CFF2B94
:103250000DD0C31CD45C404B3F331C543F3B93F810
:1032600053305B1CDCB23C4B83F8534000E004E07D
:10327000431CD8B2CB1E8342E7DC00BF00BFDDE7B2
:103280000022354B83F8552083F85620A3F85820A8
:10329000012283F85420704710B52F4890F854004D
:1032A000002878D02C4890F855000C2874D2DFE81C
:1032B00000F006747E88929CA6B0BAC4CED626488A
:1032C000017D90F83E00814206D1234890F82910F4
:1032D00090F8530081420AD000201F49A1F85800FD
:1032E00081F8560081F8550081F8540010BD002483
:1032F00012E01948015D2A30005D81420AD00020A9
:103300001549A1F8580081F8560081F8550081F858
:103310005400EBE7601CC4B20F48007DA042E8DC1B
:1033200000241DE00C481530015D2A30005D81420B
:1033300014D000200849A1F8580081F8560081F8FF
:10334000550081F85400D1E700B20020ACB1002054
:103350008CB100206CB1002012B10020601CC4B2FE
:10336000F84890F82900A042DCDC0120F54981F8FA
:1033700055001421F3482A3005F03CFF0021F148A4
:1033800080F83E1014213F3005F034FF0021ED4855
:1033900080F85310B5E0B5E0B2E014214FF4AA4034
:1033A00002F077F90220E74981F85500A9E01421DD
:1033B00045F2505002F06DF90320E24981F85500C2
:1033C0009FE0142145F2207002F063F90420DD49EA
:1033D00081F8550095E0142145F2307002F059F95A
:1033E0000520D84981F855008BE0202145F29070E6
:1033F00002F04FF90620D34981F8550081E01421ED
:1034000045F6400002F045F90720CE4981F8550005
:1034100077E0142145F6500002F03BF90820C94935
:1034200081F855006DE0202145F6A00002F031F949
:103430000920C44981F8550063E00A2145F6B0002F
:1034400002F027F90A20BF4981F8550059E002200F
:1034500002F00CF90B20BB4981F8550051E0FFF751
:1034600085FAC8B1F7F7A4FB6A2803D16620F7F7FD
:10347000A2FB06E0F7F79CFB682802D10020F7F7D3
:103480009AFB0020AF49A1F8580081F8560081F856
:10349000550081F8540032E0AA48B0F8580064287A
:1034A00007DAA848B0F85800401CA649A1F858000F
:1034B00025E00020A349A1F85800084690F85600DE
:1034C000022809DA084690F85600401C81F8560098
:1034D000002081F8550012E0F7F76AFB662803D157
:1034E0006A20F7F768FB02E06820F7F764FB00202A
:1034F000944981F8560081F8550081F8540000E0A5
:1035000000BF00BF00BFF1E6F0B505AC70CC8E4F38
:10351000F88039727A72BB72FC723D737E73002739
:10352000DFF824C28CF801708CF80270ACF80470DB
:1035300001278CF80070F0BD3EB583480078002864
:103540005CD08148407810B1012856D113E07E4804
:10355000407B7D49097B7C4AD27A7B4CCDE90021B6
:103560000290A37A627A217AA07901F01EFF0120ED
:103570002146487041E0FFF7F9F9A8B1F7F718FBC9
:103580006A2803D16620F7F716FB06E0F7F710FB71
:10359000682802D10020F7F70EFB00206A498880D6
:1035A00088704870087027E067488088642805DACA
:1035B00065488088401C644988801DE0002062497D
:1035C000888008468078022806DA08468078401C01
:1035D0008870002048700FE0F7F7EAFA662803D1F8
:1035E0006A20F7F7E8FA02E06820F7F7E4FA00202B
:1035F000554988704870087000BF00BF3EBD5349F0
:1036000088700021514A5170D17091800121117050
:10361000704710B54D480078002851D04B4840788D
:1036200010B101284AD107E04849887801F040FFED
:1036300001204649487042E0FFF798F9A8B1F7F732
:10364000B7FA6A2803D16620F7F7B5FA06E0F7F76C
:10365000AFFA682802D10020F7F7ADFA00203B4905
:103660008880C8704870087027E0384880886428CF
:1036700005DA36488088401C344988801DE00020E7
:10368000324988800846C078022806DA0846C078A1
:10369000401CC870002048700FE0F7F789FA6628D0
:1036A00003D16A20F7F787FA02E06820F7F783FA78
:1036B00000202649C8704870087000E000BF00BFB5
:1036C00010BD234988700021214A5170D17091802A
:1036D00001211170704710B51D48007800285AD09C
:1036E0001B48407810B1012853D107E01849887869
:1036F00001F09FFE0120164948704BE0FFF736F9B4
:10370000A8B1F7F755FA6A2803D16620F7F753FAFC
:1037100006E0F7F74DFA682802D10020F7F74BFAD8
:1037200000200B498880C8704870087030E0084855
:10373000808864280EDA06488088401C0449888006
:1037400026E0000012B1002004B10020760D002018
:10375000700D00200020FA4988800846C0780228B1
:1037600006DA0846C078401CC870002048700FE098
:10377000F7F71EFA662803D16A20F7F71CFA02E071
:103780006820F7F718FA0020ED49C87048700870F3
:1037900000E000BF00BF10BDEA4988700021E94A7F
:1037A0005170D170918001211170704710B5E548BA
:1037B0000078002851D0E348407810B101284AD160
:1037C00007E0E049887801F0E2FE0120DD49487019
:1037D00042E0FFF7CBF8A8B1F7F7EAF96A2803D17E
:1037E0006620F7F7E8F906E0F7F7E2F9682802D172
:1037F0000020F7F7E0F90020D2498880C8704870AF
:10380000087027E0CF488088642805DACD48808892
:10381000401CCC4988801DE00020CA4988800846A9
:10382000C078022806DA0846C078401CC87000201C
:1038300048700FE0F7F7BCF9662803D16A20F7F764
:10384000BAF902E06820F7F7B6F90020BD49C87060
:103850004870087000E000BF00BF10BD0021BA4AE8
:1038600051709170918011468860012111707047EC
:1038700010B5B5480078002851D0B348407810B151
:1038800001284AD107E0B049886801F0D1F8012049
:10389000AD49487042E0FFF769F8A8B1F7F788F939
:1038A0006A2803D16620F7F786F906E0F7F780F972
:1038B000682802D10020F7F77EF90020A24988800D
:1038C00088704870087027E09F488088642805DA6F
:1038D0009D488088401C9C4988801DE000209A49B2
:1038E000888008468078022806DA08468078401CDE
:1038F0008870002048700FE0F7F75AF9662803D166
:103900006A20F7F758F902E06820F7F754F9002029
:103910008D4988704870087000E000BF00BF10BD7E
:1039200000218A4A5170917091801146886001216E
:103930001170704710B585480078002851D0834831
:10394000407810B101284AD107E08049886801F029
:103950004BF801207D49487042E0FFF707F8A8B115
:10396000F7F726F96A2803D16620F7F724F906E06D
:10397000F7F71EF9682802D10020F7F71CF900209C
:103980007249888088704870087027E06F48808886
:10399000642805DA6D488088401C6C4988801DE0E9
:1039A00000206A49888008468078022806DA08469E
:1039B0008078401C8870002048700FE0F7F7F8F816
:1039C000662803D16A20F7F7F6F802E06820F7F7D7
:1039D000F2F800205D4988704870087000E000BF70
:1039E00000BF10BD10B504460020594948708870CA
:1039F00088800C2221465648C01DEFF761FC01204B
:103A00005349087010BD10B551480078002851D0B6
:103A10004F48407810B101284AD107E04C48C01DFA
:103A200001F02AF801204A49487042E0FEF79EFF63
:103A3000A8B1F7F7BDF86A2803D16620F7F7BBF8FD
:103A400006E0F7F7B5F8682802D10020F7F7B3F8D9
:103A500000203F49888088704870087027E03C4803
:103A60008088642805DA3A488088401C3849888074
:103A70001DE000203649888008468078022806DA52
:103A800008468078401C8870002048700FE0F7F7E7
:103A90008FF8662803D16A20F7F78DF802E06820D6
:103AA000F7F789F800202A4988704870087000E00C
:103AB00000BF00BF10BD274988700021254A517002
:103AC000D170918001211170704710B5FDF7F0FBA6
:103AD00021490978884207D0FDF7EAFB1E490870A2
:103AE00008460078FFF7E7FF1A480078002860D002
:103AF0001848407810B1012859D107E01549887855
:103B000001F015FD01201349487051E0FEF72EFF2A
:103B1000A8B1F7F74DF86A2803D16620F7F74BF8FC
:103B200006E0F7F745F8682802D10020F7F743F8D8
:103B3000002008498880C8704870087036E00DE0A1
:103B4000700D0020880D002014B2002020B200204B
:103B50002CB200207C0D0020B60D0020F748808894
:103B6000642805DAF5488088401CF44988801DE007
:103B70000020F24988800846C078022806DA084604
:103B8000C078401CC870002048700FE0F7F710F8AC
:103B9000662803D16A20F7F70EF802E06820F7F7ED
:103BA0000AF80020E549C8704870087000E000BFBE
:103BB00000BF10BD0021E24A91709180D170114682
:103BC000487001211170704710B5F2F7D0FE00283F
:103BD0004AD1F5F78DF8002846D1F6F7E6FF50B147
:103BE000D848007800283FD10120D6490870092024
:103BF000FFF7E0FF38E0FDF75BFBD3490978884227
:103C000008D1D048007828B9F9F755FFCF4909788D
:103C1000884229D0F9F74FFFCC490870FDF748FBDF
:103C2000C94908700020C7490870FDF741FBC0B1C1
:103C3000F1F735F950B1F9F73EFF18B10220FFF75F
:103C4000B9FF11E00320FFF7B5FF0DE0F1F70FF921
:103C500018B10520FFF7AEFF06E00420FFF7AAFF2A
:103C600002E00020FFF7A6FFB5480078002851D0F9
:103C7000B348807810B101284AD107E0B0494878AC
:103C800001F0F4FC0120AE49887042E0FEF76EFEC0
:103C9000A8B1F6F78DFF6A2803D16620F6F78BFFEF
:103CA00006E0F6F785FF682802D10020F6F783FFCB
:103CB0000020A3498880C8708870087027E0A04859
:103CC0008088642805DA9E488088401C9C4988804A
:103CD0001DE000209A4988800846C078022806DA4C
:103CE0000846C078401CC870002088700FE0F6F7C6
:103CF0005FFF662803D16A20F6F75DFF02E06820C7
:103D0000F6F759FF00208E49C8708870087000E0EF
:103D100000BF00BF10BD10B58D4B1B7803B110BDA7
:103D200000238B4C63706380237123465871997113
:103D3000DA710123237000BFF1E78648007800B1F3
:103D4000704701208349087000BFF9E710B581482A
:103D5000007800284ED07F48407810B1012848D123
:103D600005E003F00FF801207A49487041E0FEF7C2
:103D7000FDFDA8B1F6F71CFF6A2803D16620F6F70F
:103D80001AFF06E0F6F714FF682802D10020F6F7C4
:103D900012FF00206F49888088704870087027E003
:103DA0006C488088642805DA6A488088401C694924
:103DB00088801DE0002067498880084680780228B6
:103DC00006DA08468078401C8870002048700FE0B2
:103DD000F6F7EEFE662803D16A20F6F7ECFE02E065
:103DE0006820F6F7E8FE00205A498870487008708D
:103DF00000BF00BF10BD5848007800B170470120D7
:103E00005549087000BFF9E710B5534800780028FD
:103E10004ED05148407810B1012848D105E002F059
:103E2000C6FF01204C49487041E0FEF79FFDA8B154
:103E3000F6F7BEFE6A2803D16620F6F7BCFE06E060
:103E4000F6F7B6FE682802D10020F6F7B4FE00208F
:103E50004149888088704870087027E03E48808813
:103E6000642805DA3C488088401C3B4988801DE076
:103E700000203949888008468078022806DA0846FA
:103E80008078401C8870002048700FE0F6F790FEA4
:103E9000662803D16A20F6F78EFE02E06820F6F766
:103EA0008AFE00202C4988704870087000BF00BF4F
:103EB00010BD2A49097801B170472849C87001210D
:103EC000264A117000BFF7E710B524480078002893
:103ED00078D02248407830B101280CD002285ED03A
:103EE000032807D163E01D49C87802F05FFE012076
:103EF0001A4948709EE0FEF739FDA8B1F6F758FE62
:103F00006A2803D16620F6F756FE06E0F6F750FE63
:103F1000682802D10020F6F74EFE00200F49888065
:103F200088700220487039E00C488088642817DACD
:103F30000A488088401C094988802FE07C0D0020B9
:103F4000820D0020B80D0020B70D0020B90D002013
:103F50008E0D0020960D00209C0D0020A20D00204B
:103F60000020F949888008468078022806DA084649
:103F70008078401C8870002048700FE0F6F718FE2B
:103F8000662803D16A20F6F716FE02E06820F6F7ED
:103F900012FE0020EC498870487008704AE0EA4937
:103FA000C87802F02FFE0320E749487042E0FEF790
:103FB000DDFCB0B1F6F7FCFD6A2804D16620F6F707
:103FC000FAFD07E037E0F6F7F3FD682802D100209C
:103FD000F6F7F1FD0020DC49888088704870087091
:103FE00027E0D9488088642805DAD7488088401CB3
:103FF000D54988801DE00020D34988800846807814
:10400000022806DA08468078401C88700220487032
:104010000FE0F6F7CDFD662803D16A20F6F7CBFD59
:1040200002E06820F6F7C7FD0020C7498870487095
:10403000087000BF00BF10BDC449097801B17047C6
:10404000C249C8700121C14A117000BFF7E710B51D
:10405000BE480078002874D0BC48407830B10128B0
:104060000CD002284CD0032807D151E0B749C878BA
:1040700002F0B2FD0120B54948708CE0FEF776FCF5
:10408000A8B1F6F795FD6A2803D16620F6F793FDEF
:1040900006E0F6F78DFD682802D10020F6F78BFDCB
:1040A0000020AA49888088700220487027E0A7482D
:1040B0008088642805DAA5488088401CA349888048
:1040C0001DE00020A149888008468078022806DA91
:1040D00008468078401C8870002048700FE0F6F792
:1040E00067FD662803D16A20F6F765FD02E06820C7
:1040F000F6F761FD002095498870487008704AE025
:104100009249C87802F0D3FD03209049487042E0FC
:10411000FEF72CFCB0B1F6F74BFD6A2803D1662000
:10412000F6F749FD06E0F6F743FD682802D10020C6
:10413000F6F741FD00208549888088704870087036
:1041400028E029E081488088642805DA7F48808853
:10415000401C7E4988801DE000207C4988800846FC
:104160008078022806DA08468078401C8870022091
:1041700048700FE0F6F71CFD662803D16A20F6F7B9
:104180001AFD02E06820F6F716FD00206F498870DE
:104190004870087000BF00BF10BD6D48007800B1C6
:1041A000704701206A49087000BFF9E710B56848F8
:1041B000007800287BD06648407820B101280ED0D6
:1041C00002280BD14DE0624AD179907901F081FA51
:1041D00000205F498880887001204870CCE0FEF79D
:1041E000C5FBA8B1F6F7E4FC6A2803D16620F6F710
:1041F000E2FC06E0F6F7DCFC682802D10020F6F7C6
:10420000DAFC00205249888088700220487027E03C
:104210004F488088642805DA4D488088401C4C4906
:1042200088801DE000204A4988800846807802285E
:1042300006DA08468078401C8870002048700FE03D
:10424000F6F7B6FC662803D16A20F6F7B4FC02E064
:104250006820F6F7B0FC00203D498870487008706F
:104260008AE03B488079A0B93948C079032805DA4B
:104270003748C079401C3649C87106E000203449EF
:10428000C87108468079401C887100203049487008
:1042900071E02F488079012815D12D48C0790A286E
:1042A00006DA2B48C079401C2949C87107E064E050
:1042B00000202749C87108468079401C8871002079
:1042C0002349487057E022488079022814D12048B9
:1042D000C0790A2805DA1E48C079401C1C49C871FB
:1042E00006E000201A49C87108468079401C887190
:1042F0000020174948703EE015488079032814D102
:104300001348C0790A2805DA1148C079401C1049C1
:10431000C87106E000200E49C87108468079401C2B
:10432000887100200A49487025E0094880790428EE
:104330001BD10748C07905280CDA0548C079401C14
:104340000349C8710DE00000A20D0020A80D002057
:10435000AE0D00200020FE49C87108468079401C3F
:1043600088710020FA49487005E00020F8498871FA
:10437000C8714870087000BF00BF10BD10B5F54887
:104380000078002878D0F348407830B101280ED06A
:1043900002284ED0032870D155E0EE4BDA79997996
:1043A000587902F01CFD0120EA49487090E0FEF7C0
:1043B000DDFAA8B1F6F7FCFB6A2803D16620F6F710
:1043C000FAFB06E0F6F7F4FB682802D10020F6F7C6
:1043D000F2FB0020DF49488008710220487027E086
:1043E000DC484088642805DADA484088401CD9490E
:1043F00048801DE00020D7494880084600790228FF
:1044000006DA08460079401C0871002048700FE069
:10441000F6F7CEFB662803D16A20F6F7CCFB02E064
:104420006820F6F7C8FB0020CA4908714870087078
:104430004EE0C84BDA799979587901F0A3FE032050
:10444000C449487044E0FEF791FAB8B1F6F7B0FB02
:104450006A2803D16620F6F7AEFB06E0F6F7A8FB64
:10446000682802D10020F6F7A6FB0020B949488051
:1044700008714870087029E02BE028E0B5484088B2
:10448000642805DAB3484088401CB24948801DE0E2
:104490000020B049488008460079022806DA08461C
:1044A0000079401C0871022048700FE0F6F780FB8D
:1044B000662803D16A20F6F77EFB02E06820F6F753
:1044C0007AFB0020A34908714870087000E000BF23
:1044D00000BF10BD10B502469F4B83F806110020A7
:1044E00005E0145C9C4B9B1D1C54431CD8B28842B5
:1044F000F7DB0023984C6370A380A3700123237023
:1045000010BD10B594480078002853D092484078E8
:1045100010B101284CD109E08F4890F80611801D98
:1045200000F01CFF01208C49487042E0FEF71EFAA3
:10453000A8B1F6F73DFB6A2803D16620F6F73BFBEE
:1045400006E0F6F735FB682802D10020F6F733FBCA
:1045500000208149888088704870087027E07E4874
:104560008088642805DA7C488088401C7A498880E5
:104570001DE000207849888008468078022806DA05
:1045800008468078401C8870002048700FE0F6F7DD
:104590000FFB662803D16A20F6F70DFB02E06820C6
:1045A000F6F709FB00206C4988704870087000E03D
:1045B00000BF00BF10BD01460022684B5A709A70C0
:1045C0009A80002005E00B5C644A921D1354421C43
:1045D000D0B22028F7DB0122604B1A70704710B56B
:1045E0005E480078002851D05C48407810B101281E
:1045F0004AD107E05948801D00F09AFE0120574932
:10460000487042E0FEF7B2F9A8B1F6F7D1FA6A288D
:1046100003D16620F6F7CFFA06E0F6F7C9FA682864
:1046200002D10020F6F7C7FA00204C498880887034
:104630004870087027E049488088642805DA4748B0
:104640008088401C454988801DE0002043498880BF
:1046500008468078022806DA08468078401C887070
:10466000002048700FE0F6F7A3FA662803D16A200D
:10467000F6F7A1FA02E06820F6F79DFA0020374924
:1046800088704870087000E000BF00BF10BD34485B
:10469000007870472DE9F04F09AC94E8F010DDE99F
:1046A0000F9ADDF838804FF0000BDFF8B4E08EF899
:1046B00001B08EF802B0AEF804B0F346ABF80600D5
:1046C000ABF808108BF80A208BF80B308BF80C40F5
:1046D0008BF80D508BF80E608BF80F708BF810C0B4
:1046E0008BF811808BF81290CBF814A0DDF844B051
:1046F000CEF818B04FF0010B8EF800B0BDE8F08F87
:1047000010B58AB01648007800287CD0144840784C
:1047100010B1012875D130E011488069104949690C
:104720000F4A927C0E4B5B7CCDE90532CDE9071038
:104730000B48007C0A49C97B094A927B084B5B7B8A
:10474000CDE90132CDE903100548007B044C09E0B6
:10475000AE0D00208E0D0020FCAF00204CB20020DA
:1047600074B200200090E37AA27A2189E08800F0F8
:104770008FFA01202146487044E0FEF7F7F8A8B10F
:10478000F6F716FA6A2803D16620F6F714FA06E05F
:10479000F6F70EFA682802D10020F6F70CFA00208E
:1047A0006C49888088704870087029E06948808862
:1047B000642805DA67488088401C664988801FE0C5
:1047C00000206449888008468078022806DA084676
:1047D0008078401C88700020487011E0F6F7E8F9F6
:1047E000662805D16A20F6F7E6F904E00BE008E058
:1047F0006820F6F7E0F90020564988704870087084
:1048000000E000BF00BF0AB010BD10B5FFF7FBF815
:104810005148007800B110BDFFF773FE4F48007893
:1048200000B1F8E7FFF7DBFE4D48007800B1F2E792
:10483000FFF7CAF94B48007800B1ECE7FEF77CFEC1
:104840004948007800B1E6E7FFF774F84748007878
:1048500000B1E0E7FFF70CF84548007800B1DAE76F
:10486000FEF739FF4348007800B1D4E7FEF7D1FEE8
:104870004148007800B1CEE7FFF780FD3F4800785F
:1048800000B1C8E7FFF792FC3D48007800B1C2E7ED
:10489000FFF7DDFB3B48007800B1BCE7FFF7B4FA57
:1048A0003948007800B1B6E7FFF70EFB37480078CB
:1048B00000B1B0E7FFF74AFA3548007800B1AAE73F
:1048C00000BFA8E710B53348F0F76CFB00F088F89C
:1048D0003148FEF742F83148FEF742F83048FEF71B
:1048E00042F83048FEF730F82F48FEF730F82F48EE
:1048F000FEF730F82E48FEF721F82E48FEF721F893
:104900002D48FEF712F82D48FEF712F82C48FEF756
:1049100012F82C48FEF700F82B48FEF700F82B4859
:10492000FEF700F82A48FDF7F4FF2A48FDF7EEFFEE
:104930002948FDF7E5FF2948FDF7E5FF0020F2F7DC
:10494000E7FC18B10C20FFF735F902E00020FFF773
:1049500031F910BD74B200202CB20020FCAF002051
:104960004CB20020820D002004B1002020B20020B3
:1049700014B20020700D0020760D00208E0D002056
:10498000AE0D0020A80D00209C0D0020A20D0020DF
:10499000960D002012B10020ED31010837320108D8
:1049A00081320108FD3001084731010891310108C9
:1049B000BF300108E33001083730010873300108C7
:1049C000B1300108B12F0108EB2F0108293001088F
:1049D000A52F0108512F01085D2F01088B2F010819
:1049E00010B5FEF7EBF910BD10B504467120FE4975
:1049F000087060204870642094FBF0F030308870BC
:104A0000642094FBF0F100FB11400A2190FBF1F0CF
:104A10003030F549C8700A2094FBF0F100FB1140DA
:104A20003030F14908710521EF48FEF752FA10BD08
:104A300010B504467120EC490870202048706420AD
:104A400094FBF0F030308870642094FBF0F100FBB0
:104A500011400A2190FBF1F03030E349C8700A2080
:104A600094FBF0F100FB11403030DF490871052163
:104A7000DD48FEF72EFA10BD10B504467F20DA4956
:104A8000087020204870207888706078C870A078FE
:104A90000871E0784871207988716079C871A079CF
:104AA0000872E0794872207A8872607AC872A07AB7
:104AB0000873E07A48730E21CB48FEF70AFA10BD5E
:104AC00010B57120C8490870802048700221C6487E
:104AD000FEF7FFF910BD2DE9FE4306460F4690464E
:104AE0001C460A9DC1A207CA8DE807007120BE4975
:104AF0000870002048709DF8000088709DF8010043
:104B0000C8709DF8020008719DF8030048719DF877
:104B1000040088719DF80500C8719DF806000872B0
:104B20009DF8070048723A2088720A2096FBF0F040
:104B30003030C8720A2096FBF0F100FB1160303073
:104B4000A94908732D2048730A2097FBF0F03030F4
:104B500088730A2097FBF0F100FB11703030A249F6
:104B6000C8732D2008740A2098FBF0F03030487488
:104B70000A2098FBF0F100FB118030309A498874CC
:104B80002C20C8749C48B4FBF0F0303008759A486B
:104B9000B4FBF0F100FB114042F21071B0FBF1F0F8
:104BA00030309149487542F21070B4FBF0F100FBCF
:104BB00011404FF47A71B0FBF1F030308A498875BA
:104BC0004FF47A70B4FBF0F100FB11406421B0FBAC
:104BD000F1F030308449C8756420B4FBF0F100FB7B
:104BE00011400A21B0FBF1F030307F4908760A20ED
:104BF000B4FBF0F100FB114030307B4948762C20AB
:104C000088767D48B5FBF0F03030C8767A48B5FB41
:104C1000F0F100FB115042F21071B0FBF1F03030B6
:104C20007149087742F21070B5FBF0F100FB1150AA
:104C30004FF47A71B0FBF1F030306B4948774FF4A4
:104C40007A70B5FBF0F100FB11506421B0FBF1F07C
:104C50003030654988776420B5FBF0F100FB1150D6
:104C60000A21B0FBF1F030305F49C8770A20B5FB6C
:104C7000F0F100FB115030305B4981F820002E200C
:104C800081F8210022215848FEF723F9BDE8FE8370
:104C90002DE9F04FA5B004460D4616461F46DDE946
:104CA00030ABDDE92E8955A103C9CDE9230155A11A
:104CB00003C9CDE9210155A103C9CDE91F0155A2C1
:104CC00007CA1CAB07C356A2D2E900109268CDE90F
:104CD0001A02199155A30FCBCDE91723CDE9150180
:104CE00056A2D2E90030D2E90212CDE91130CDE965
:104CF000131256A3D3E90012D3E90203CDE90F033F
:104D0000CDE90D1255A3D3E901021968DB68CDE99D
:104D10000B23CDE9091055A3D3E901211868DB68FD
:104D2000CDE90713CDE9050254A3D3E90021D3E966
:104D30000203CDE90303CDE901212046E11704EB8D
:104D40001161090A284A1170E11704EB1161091277
:104D5000A4EB012151704FF47A7095FBF0F03030E4
:104D6000114688704FF47A7095FBF0F100FB1150FA
:104D7000642190FBF1F030301146C870642095FB3F
:104D8000F0F100FB11500A2190FBF1F03030114698
:104D900008710A2095FBF0F100FB115030301146EC
:104DA00048712D2088710A2096FBF0F03030C871D0
:104DB0000A2096FBF0F100FB1160303011460872BA
:104DC0002D2048720A2097FBF0F0303088720A20BC
:104DD00097FBF0F100FB117030301146C8722020B3
:104DE00008730A2052E0000090B20020B9CAD5CF63
:104DF000D0C5CFA200000000A0860100BBF5B9F12C
:104E0000BAC53A00B2E3BCDCBAC53A00BBF5B5C0DE
:104E1000BAC53A00B3F6BBF5B3C9B9A600000000A5
:104E2000B3F6BBF5CAA7B0DC00000000BAECCDE2D7
:104E3000BCECB2E2B3C9B9A600000000BAECCDE206
:104E4000BCECB2E2CAA7B0DC00000000BAECCDE2D4
:104E5000C4A3BFE9B9CAD5CF00000000BBF5B5C0F7
:104E6000B5E7BBFAD5FDB3A300000000BBF5B5C0A4
:104E7000B5E7BBFAB3ACCAB100000000BBF5B5C0E2
:104E8000B5E7BBFAC0EBCFDF0000000098FBF0F005
:104E9000303048730A2098FBF0F100FB118030306D
:104EA000114688733A20C8730A2099FBF0F030301D
:104EB00008740A2099FBF0F100FB11903030114684
:104EC00048743A2088740A209AFBF0F03030C87495
:104ED0000A209AFBF0F100FB11A030301146087552
:104EE000202048755B2088759DF88C00C8759DF85A
:104EF0008D0008769DF88E0048769DF88F008876A4
:104F00009DF89000C8769DF8910008779DF8920072
:104F100048770A209BFBF0F0303088770A209BFB13
:104F2000F0F100FB11B030301146C8772C2081F829
:104F300020009DF8840081F821009DF8850081F80B
:104F400022009DF8860081F823009DF8870081F8F3
:104F500024009DF8880081F825009DF8890081F8DB
:104F600026009DF88A0081F827000A21329890FBDC
:104F7000F1F03030114681F828000A21329890FB78
:104F8000F1F201FB12003030F94981F829002C20A0
:104F900081F82A009DF87C0081F82B009DF87D00A7
:104FA00081F82C009DF87E0081F82D009DF87F008F
:104FB00081F82E009DF8800081F82F009DF8810077
:104FC00081F830009DF8820081F831000A21339881
:104FD00090FBF1F03030E64981F832000A21339835
:104FE00090FBF1F201FB12003030E14981F833000F
:104FF0002C2081F83400349818B39DF8700081F8A3
:1050000035009DF8710081F836009DF8720081F836
:1050100037009DF8730081F838009DF8740081F81E
:1050200039009DF8750081F83A009DF8760081F806
:105030003B009DF8770081F83C002C2081F83D0072
:1050400023E09DF86400CA4981F835009DF86500A9
:1050500081F836009DF8660081F837009DF86700FA
:1050600081F838009DF8680081F839009DF86900E2
:1050700081F83A009DF86A0081F83B009DF86B00CA
:1050800081F83C002C2081F83D00BA4935988842CF
:1050900034D19DF82400B64981F83E009DF82500E2
:1050A00081F83F009DF8260081F840009DF8270018
:1050B00081F841009DF8280081F842009DF8290000
:1050C00081F843009DF82A0081F844009DF82B00E8
:1050D00081F845009DF82C0081F846009DF82D00D0
:1050E00081F847009DF82E0081F848009DF82F00B8
:1050F00081F849002C2081F84A006CE09E493598DF
:10510000884234D19DF81400994981F83E009DF8F9
:10511000150081F83F009DF8160081F840009DF8C9
:10512000170081F841009DF8180081F842009DF8B1
:10513000190081F843009DF81A0081F844009DF899
:105140001B0081F845009DF81C0081F846009DF881
:105150001D0081F847009DF81E0081F848009DF869
:105160001F0081F849002C2081F84A0033E09DF8A7
:1051700004007F4981F83E009DF8050081F83F005A
:105180009DF8060081F840009DF8070081F8410075
:105190009DF8080081F842009DF8090081F843005D
:1051A0009DF80A0081F844009DF80B0081F8450045
:1051B0009DF80C0081F846009DF80D0081F847002D
:1051C0009DF80E0081F848009DF80F0081F8490015
:1051D0002C2081F84A0069493698884234D19DF8DC
:1051E0005400634981F84B009DF8550081F84C004C
:1051F0009DF8560081F84D009DF8570081F84E004B
:105200009DF8580081F84F009DF8590081F8500032
:105210009DF85A0081F851009DF85B0081F852001A
:105220009DF85C0081F853009DF85D0081F8540002
:105230009DF85E0081F855009DF85F0081F85600EA
:105240005D2081F857006CE04D493698884234D192
:105250009DF84400464981F84B009DF8450081F8CF
:105260004C009DF8460081F84D009DF8470081F8FC
:105270004E009DF8480081F84F009DF8490081F8E4
:1052800050009DF84A0081F851009DF84B0081F8CC
:1052900052009DF84C0081F853009DF84D0081F8B4
:1052A00054009DF84E0081F855009DF84F0081F89C
:1052B00056005D2081F8570033E09DF834002C49FA
:1052C00081F84B009DF8350081F84C009DF83600C0
:1052D00081F84D009DF8370081F84E009DF83800A8
:1052E00081F84F009DF8390081F850009DF83A0090
:1052F00081F851009DF83B0081F852009DF83C0078
:1053000081F853009DF83D0081F854009DF83E005F
:1053100081F855009DF83F0081F856005D2081F826
:10532000570058211248FDF7D4FD25B0BDE8F08F95
:1053300070B5054650200E490870002048700024C2
:1053400005E0295DA01C0A4A1154601CC4B2202C3F
:10535000F7DB22210648FDF7BCFD70BD70B506469F
:105360000C465220024908704020487000250FE08A
:1053700090B20020888A0100B58B0100708E010078
:1053800001900100715DA81CF94A1154681CC5B256
:10539000A542F7DBFF21A01CF54A1154E01C115473
:1053A000211D1046FDF795FD70BD2DE9F04705461E
:1053B0000E4614469A46DDE90989089F0020EC490B
:1053C00008709C2048705A208870A520C8706420FE
:1053D00095FBF0F100FB1150E54908710D2096FB9B
:1053E000F0F100FB1160E24948712046E11704EB3F
:1053F000D1614911A4EB4111DD4A9171182097FB4D
:10540000F0F100FB11701146C8713C2098FBF0F1DF
:1054100000FB1180114608723C2099FBF0F100FB63
:105420001190114648720A211046FDF752FDBDE861
:10543000F0873EB50446CFA000680290CEA103C914
:10544000CDE90001FF2C15D15020C94908708020FA
:1054500048709DF8000088709DF80100C8709DF8A4
:10546000020008719DF8030048710621C048FDF74D
:1054700030FD1CE0632C00DD63245020BC49087023
:1054800080204870202088700A2094FBF0F0303093
:10549000C8700A2094FBF0F100FB11403030B44991
:1054A0000871202048710621B148FDF712FD3EBD6C
:1054B0003EB50446AFA000680290AFA103C9CDE994
:1054C0000001FF2C15D17F20A9490870F0204870F9
:1054D0009DF8000088709DF80100C8709DF80200DA
:1054E00008719DF8030048710621A148FDF7F1FC01
:1054F0001CE0632C00DD63247F209D490870F020B0
:105500004870202088700A2094FBF0F03030C8707A
:105510000A2094FBF0F100FB1140303094490871EF
:105520002020487106219248FDF7D3FC3EBD1FB5EF
:10553000044693A003C8CDE90201AFF2B86103C9E4
:10554000CDE9000150208A4908706020487064B19C
:105550009DF8080088709DF80900C8709DF80A0041
:1055600008719DF80B0048710CE09DF8000080491F
:1055700088709DF80100C8709DF8020008719DF8C0
:105580000300487106217A48FDF7A3FC1FBD10B542
:1055900088B004467CA1D1E90023D1E90201CDE91C
:1055A0000423CDE906017CA3D3E90012D3E9020369
:1055B000CDE90203CDE9001251206D4908700020A9
:1055C000487044B39DF8000088709DF80100C870D1
:1055D0009DF8020008719DF8030048719DF80400D1
:1055E00088719DF80500C8719DF8060008729DF845
:1055F000070048729DF8080088729DF80900C8727B
:105600009DF80A0008739DF80B0048730E21584856
:10561000FDF75FFC28E09DF81000554988709DF863
:105620001100C8709DF8120008719DF813004871B0
:105630009DF8140088719DF81500C8719DF816003A
:1056400008729DF8170048729DF8180088729DF83E
:105650001900C8729DF81A0008739DF81B00487362
:105660000E214348FDF735FC08B010BD10B50446C7
:1056700000203F490870842048705A20887001201B
:10568000C87000200871084644710621FDF721FC0E
:1056900010BD70B504460D462046E11704EB1161BC
:1056A000090A334A1170E11704EB11610912A4EBE6
:1056B00001215170002605E02021B01C2C4A115414
:1056C000701CC6B2AE42F7DBA91C2948FDF701FCED
:1056D00070BD70B505460C46052D80F05085DFE89D
:1056E00015F00500A200F2014303950434B1012C2A
:1056F00020D0022C58D0032C73D173E075201C49A4
:105700000870202048708870C870087148718871CE
:10571000C871087248728872C872087348738873B7
:10572000C873087448748874C87414211048FDF74D
:10573000D0FB75E075200E4908703020487020209D
:105740008870C870087148718871C8710872487291
:105750008872C872087348738873C8730874487471
:105760008874C87414210248FDF7B3FB58E00000A8
:1057700090B20020B6C80000D2ECB3A30000000035
:10578000D4DACFDF00000000C9E8B1B8C9D0CEB488
:10579000C6F4D3C30000000020C7EBC9A8C2EBB910
:1057A000BACEEF20000000007520F74908704020B5
:1057B000487020208870C870087148718871C8715D
:1057C000087248728872C872087348738873C87305
:1057D000087448748874C8741421EB48FDF779FB89
:1057E0001EE01CE07520E849087050204870202019
:1057F0008870C870087148718871C87108724872E1
:105800008872C872087348738873C87308744874C0
:105810008874C8741421DC48FDF75BFB00E000BF0E
:1058200000BF00F0ADBC0B2C7BD2DFE804F00623F8
:10583000405D7B98B5D2F2F0EF007520D249087038
:105840006020487020208870C87008714871887185
:10585000C871087248728872C87208734873887376
:10586000C873087448748874C8741421C648FDF756
:1058700030FB26E17520C449087070204870202054
:105880008870C870087148718871C8710872487250
:105890008872C872087348738873C8730874487430
:1058A0008874C8741421B848FDF713FB09E175200A
:1058B000B54908708020487020208870C870087131
:1058C00048718871C871087248728872C87208730A
:1058D00048738873C873087448748874C874142132
:1058E000A948FDF7F6FAECE07520A749087090206A
:1058F000487020208870C870087148718871C8711C
:10590000087248728872C872087348738873C873C3
:10591000087448748874C87414219B48FDF7D9FA38
:10592000CFE0CDE0752098490870A0204870202075
:105930008870C870087148718871C871087248729F
:105940008872C872087348738873C873087448747F
:105950008874C87414218C48FDF7BBFAB1E0752037
:1059600089490870B020487020208870C87008717C
:1059700048718871C871087248728872C872087359
:1059800048738873C873087448748874C874142181
:105990007D48FDF79EFA94E075207B490870C02091
:1059A000487020208870C870087148718871C8716B
:1059B000087248728872C872087348738873C87313
:1059C000087448748874C87414216F48FDF781FA0C
:1059D00077E075206C490870D020487020208870CE
:1059E000C870087148718871C871087248728872ED
:1059F000C872087348738873C873087448748874CD
:105A0000C87414216048FDF764FA5AE03BE01DE0D9
:105A1000FFE775205C490870E020487020208870FE
:105A2000C870087148718871C871087248728872AC
:105A3000C872087348738873C8730874487488748C
:105A4000C87414215048FDF744FA3AE075204E49D5
:105A50000870F020487020208870C8700871487164
:105A60008871C871087248728872C8720873487366
:105A70008873C873087448748874C87414214248C1
:105A8000FDF727FA1DE076203F4908700020487096
:105A900020208870C870087148718871C8710872B8
:105AA00048728872C872087348738873C873087420
:105AB00048748874C87414213348FDF70AFA00E06A
:105AC00000BF00BF5CE30B2C5DD2DFE804F00623CF
:105AD0003F5F7C99B6D3F3F1F00076202A49087035
:105AE0001020487020208870C87008714871887133
:105AF000C871087248728872C872087348738873D4
:105B0000C873087448748874C87414211E48FDF75B
:105B1000E0F927E176201C49087020204870887041
:105B2000C870087148718871C871087248728872AB
:105B3000C872087348738873C8730874487488748B
:105B4000C87414211048FDF7C4F90BE176200E4902
:105B500008703020487020208870C8700871487123
:105B60008871C871087248728872C8720873487365
:105B70008873C873087448748874C8741421024800
:105B8000FDF7A7F9EEE0ECE090B200207620FE49A8
:105B900008704020487020208870C87008714871D3
:105BA0008871C871087248728872C8720873487325
:105BB0008873C873087448748874C8741421F248D0
:105BC000FDF787F9CEE07620EF4908705020487045
:105BD00020208870C870087148718871C871087277
:105BE00048728872C872087348738873C8730874DF
:105BF00048748874C8741421E348FDF76AF9B1E069
:105C00007620E14908706020487020208870C870B4
:105C1000087148718871C871087248728872C872B8
:105C2000087348738873C873087448748874C87498
:105C30001421D548FDF74DF994E07620D24908703B
:105C40007020487020208870C87008714871887171
:105C5000C871087248728872C87208734873887372
:105C6000C873087448748874C8741421C648FDF752
:105C700030F977E07620C4490870802048702020F1
:105C80008870C870087148718871C871087248724C
:105C90008872C872087348738873C873087448742C
:105CA0008874C8741421B848FDF713F95AE03BE032
:105CB0001DE0FFE77620B44908709020487020204E
:105CC0008870C870087148718871C871087248720C
:105CD0008872C872087348738873C87308744874EC
:105CE0008874C8741421A848FDF7F3F83AE07620C8
:105CF000A5490870A020487020208870C8700871DD
:105D000048718871C871087248728872C8720873C5
:105D100048738873C873087448748874C8741421ED
:105D20009948FDF7D6F81DE0762097490870B02015
:105D3000487020208870C870087148718871C871D7
:105D4000087248728872C872087348738873C8737F
:105D5000087448748874C87414218B48FDF7B9F826
:105D600000E000BF00BF0BE20B2C7BD2DFE804F0A9
:105D70000623405D7B98B5D1F1EFEE007620824995
:105D80000870C020487020208870C8700871487161
:105D90008871C871087248728872C8720873487333
:105DA0008873C873087448748874C874142176485A
:105DB000FDF78FF828E1762073490870D0204870ED
:105DC00020208870C870087148718871C871087285
:105DD00048728872C872087348738873C8730874ED
:105DE00048748874C87414216748FDF772F80BE191
:105DF000762065490870E020487020208870C870BF
:105E0000087148718871C871087248728872C872C6
:105E1000087348738873C873087448748874C874A6
:105E200014215948FDF755F8EEE0762056490870E0
:105E3000F020487020208870C870087148718871FF
:105E4000C871087248728872C87208734873887380
:105E5000C873087448748874C87414214A48FDF7DC
:105E600038F8D1E0CFE0772047490870002048702B
:105E700020208870C870087148718871C8710872D4
:105E800048728872C872087348738873C87308743C
:105E900048748874C87414213B48FDF71AF8B3E0BD
:105EA0007720394908701020487020208870C87009
:105EB000087148718871C871087248728872C87216
:105EC000087348738873C873087448748874C874F6
:105ED00014212D48FCF7FDFF96E077202A49087031
:105EE000202048708870C870087148718871C87126
:105EF000087248728872C872087348738873C873CE
:105F0000087448748874C87414211F48FCF7E1FFB2
:105F10007AE077201C490870302048702020887073
:105F2000C870087148718871C871087248728872A7
:105F3000C872087348738873C87308744874887487
:105F4000C87414211048FCF7C4FF5DE03EE020E077
:105F5000FFE777200C4908704020487020208870A7
:105F6000C870087148718871C87108724872887267
:105F7000C872087348738873C87308744874887447
:105F8000C8741421004801E090B20020FCF7A1FF82
:105F90003AE07720F7490870502048702020887038
:105FA000C870087148718871C87108724872887227
:105FB000C872087348738873C87308744874887407
:105FC000C8741421EB48FCF784FF1DE07720E949F1
:105FD00008706020487020208870C870087148716F
:105FE0008871C871087248728872C87208734873E1
:105FF0008873C873087448748874C8741421DD48A1
:10600000FCF767FF00E000BF00BFB9E0062C78D2C4
:10601000DFE804F003203D5A78957720D5490870D1
:106020007020487020208870C8700871487188718D
:10603000C871087248728872C8720873487388738E
:10604000C873087448748874C8741421C948FCF76C
:1060500040FF92E07720C7490870802048702020D8
:106060008870C870087148718871C8710872487268
:106070008872C872087348738873C8730874487448
:106080008874C8741421BB48FCF723FF75E077209F
:10609000B84908709020487020208870C870087136
:1060A00048718871C871087248728872C872087322
:1060B00048738873C873087448748874C87414214A
:1060C000AC48FCF706FF58E07720AA490870A020EA
:1060D000487020208870C870087148718871C87134
:1060E000087248728872C872087348738873C873DC
:1060F000087448748874C87414219E48FCF7E9FE3B
:106100003BE039E077209B490870B02048702020A0
:106110008870C870087148718871C87108724872B7
:106120008872C872087348738873C8730874487497
:106130008874C87414218F48FCF7CBFE1DE07720CB
:106140008C490870C020487020208870C870087181
:1061500048718871C871087248728872C872087371
:1061600048738873C873087448748874C874142199
:106170008048FCF7AEFE00E000BF00BF00E000BFBB
:1061800000BF70BD70B506460D461446052E80F062
:106190000A85DFE816F005008100C7010E035204EE
:1061A00035B1012D20D0022D3AD0032D71D153E00D
:1061B0006CB180206F49087003204870F820887007
:1061C0000020C87004216B48FCF783FE0BE08020A0
:1061D000684908700320487000208870C870042146
:1061E0006448FCF776FE55E06CB180206149087088
:1061F00013204870F82088700020C87004215D4882
:10620000FCF767FE0BE080205A49087013204870A5
:1062100000208870C87004215648FCF75AFE39E007
:106220006CB180205349087023204870F820887092
:106230000020C87004214F48FCF74BFE0BE0802083
:106240004C4908702320487000208870C8700421D1
:106250004848FCF73EFE1DE06CB1802045490870BF
:1062600033204870F82088700020C870042141480D
:10627000FCF72FFE0BE080203E4908703320487069
:1062800000208870C87004213A48FCF722FE01E023
:10629000FFE700BF00BF8BE20B2D6AD2DFE805F0FD
:1062A00006223E5A7995B1CDE9F9F8006CB180200B
:1062B0003049087043204870F82088700020C8706A
:1062C00004212C48FCF705FE0BE0802029490870CA
:1062D0004320487000208870C87004212548FCF7CE
:1062E000F8FD1DE16CB180202249087053204870F0
:1062F000F82088700020C87004211E48FCF7E9FDD2
:106300000BE080201B4908705320487000208870E3
:10631000C87004211748FCF7DCFD01E16CB1802056
:106320001449087063204870F82088700020C870F5
:1063300004211048FCF7CDFD0BE080200D490870CA
:106340006320487000208870C87004210948FCF759
:10635000C0FDE5E084B180200649087073204870D4
:10636000F82088700020C87004210248FCF7B1FDB5
:106370000EE0D4E090B200208020FD490870732028
:10638000487000208870C8700421F948FCF7A1FD0E
:10639000C6E06CB18020F649087083204870F82070
:1063A00088700020C8700421F148FCF792FD0BE0D2
:1063B0008020EF4908708320487000208870C870E2
:1063C0000421EB48FCF785FDAAE06CB18020E84988
:1063D000087093204870F82088700020C87004214D
:1063E000E348FCF776FD0BE08020E149087093203C
:1063F000487000208870C8700421DD48FCF769FDF2
:106400008EE06CB18020DA490870A3204870F82033
:1064100088700020C8700421D548FCF75AFD0BE0B5
:106420008020D3490870A320487000208870C8706D
:106430000421CF48FCF74DFD72E06CB18020CC49BF
:106440000870B3204870F82088700020C8700421BC
:10645000C748FCF73EFD0BE08020C5490870B3201B
:10646000487000208870C8700421C148FCF731FDD5
:1064700056E07CB18020BE490870C3204870F820E7
:1064800088700020C8700421B948FCF722FD0DE097
:1064900029E00CE08020B6490870C3204870002035
:1064A0008870C8700421B248FCF713FD38E06CB165
:1064B0008020AF490870D3204870F82088700020F1
:1064C000C8700421AA48FCF704FD0BE08020A8490D
:1064D0000870D320487000208870C8700421A44838
:1064E000FCF7F7FC1CE06CB18020A1490870E320A8
:1064F0004870F82088700020C87004219C48FCF780
:10650000E8FC0BE080209A490870E32048700020E6
:106510008870C87004219648FCF7DBFC00E000BFDF
:1065200000BF41E30B2D77D2DFE805F006223E5A8B
:106530007793AFCBE7F7F6006CB180208C490870F9
:10654000F3204870F82088700020C8700421884823
:10655000FCF7BFFC0BE0802085490870F3204870F1
:1065600000208870C87004218148FCF7B2FC1EE14D
:106570006CB181207E49087003204870F820887033
:106580000020C87004217A48FCF7A3FC0BE08120AE
:10659000774908700320487000208870C870042173
:1065A0007348FCF796FC02E16CB1812070490870D9
:1065B00013204870F82088700020C87004216C48AF
:1065C000FCF787FC0BE081206949087013204870B4
:1065D00000208870C87004216548FCF77AFCE6E06A
:1065E0006CB181206249087023204870F8208870BF
:1065F0000020C87004215E48FCF76BFC0BE0812092
:106600005B4908702320487000208870C8700421FE
:106610005748FCF75EFCCAE0C8E06CB181205449E1
:10662000087033204870F82088700020C87004215A
:106630004F48FCF74EFC0BE081204D490870332099
:10664000487000208870C87004214948FCF741FC5C
:10665000ADE06CB181204649087043204870F820B5
:1066600088700020C87004214148FCF732FC0BE020
:1066700081203F4908704320487000208870C8700E
:1066800004213B48FCF725FC91E06CB1812038499E
:10669000087053204870F82088700020C8700421CA
:1066A0003348FCF716FC0BE0812031490870532079
:1066B000487000208870C87004212D48FCF709FC40
:1066C00075E06CB181202A49087063204870F82079
:1066D00088700020C87004212548FCF7FAFB0BE005
:1066E0008120234908706320487000208870C8709A
:1066F00004211F48FCF7EDFB59E07CB181201C49C7
:10670000087073204870F82088700020C870042139
:106710001748FCF7DEFB0DE02CE00CE0812014496B
:1067200008707320487000208870C87004211048D9
:10673000FCF7CFFB3BE06CB181200D490870832052
:106740004870F82088700020C87004210848FCF7C1
:10675000C0FB0BE0812006490870832048700020B0
:106760008870C87004210248FCF7B3FB1FE00000EA
:1067700090B200206CB18120FA49087093204870D3
:10678000F82088700020C8700421F648FCF7A1FBAF
:106790000BE08120F3490870932048700020887036
:1067A000C8700421EF48FCF794FB00E000BF00BF75
:1067B000FAE10B2D77D2DFE805F006223E5A7793F7
:1067C000AFCBE7F7F6006CB18120E6490870A32053
:1067D0004870F82088700020C8700421E148FCF758
:1067E00078FB0BE08120DF490870A320487000206F
:1067F0008870C8700421DB48FCF76BFB1BE16CB1AF
:106800008120D8490870B3204870F8208870002093
:10681000C8700421D348FCF75CFB0BE08120D14910
:106820000870B320487000208870C8700421CD48DB
:10683000FCF74FFBFFE06CB18120CA490870C32010
:106840004870F82088700020C8700421C548FCF703
:1068500040FB0BE08120C3490870C3204870002032
:106860008870C8700421BF48FCF733FBE3E06CB1CB
:106870008120BC490870D3204870F820887000201F
:10688000C8700421B748FCF724FB0BE08120B54910
:106890000870D320487000208870C8700421B14867
:1068A000FCF717FBC7E0C5E06CB18120AD4908706B
:1068B000E3204870F82088700020C8700421A9489F
:1068C000FCF707FB0BE08120A6490870E320487025
:1068D00000208870C8700421A248FCF7FAFAAAE0E8
:1068E0006CB181209F490870F3204870F8208870AF
:1068F0000020C87004219B48FCF7EBFA0BE08120D4
:1069000098490870F320487000208870C8700421EE
:106910009448FCF7DEFA8EE06CB182209149087051
:1069200003204870F82088700020C87004218D482A
:10693000FCF7CFFA0BE082208A49087003204870E8
:1069400000208870C87004218648FCF7C2FA72E003
:106950006CB182208349087013204870F820887039
:106960000020C87004217F48FCF7B3FA0BE08220B6
:106970007C4908701320487000208870C87004217A
:106980007848FCF7A6FA56E07CB182207549087079
:1069900023204870F82088700020C87004217148B6
:1069A000FCF797FA0DE029E00CE082206D490870B1
:1069B0002320487000208870C87004216948FCF7C3
:1069C00088FA38E06CB1822066490870332048703C
:1069D000F82088700020C87004216248FCF779FA1A
:1069E0000BE082205F4908703320487000208870D7
:1069F000C87004215B48FCF76CFA1CE06CB1822083
:106A00005849087043204870F82088700020C870EA
:106A100004215448FCF75DFA0BE0822051490870CC
:106A20004320487000208870C87004214D48FCF74E
:106A300050FA00E000BF00BFB6E0062D74D2DFE8D8
:106A400005F0031F3B5774936CB1822045490870D1
:106A500053204870F82088700020C87004214148F5
:106A6000FCF737FA0BE082203E490870532048704B
:106A700000208870C87004213A48FCF72AFA90E098
:106A80006CB182203749087063204870F820887004
:106A90000020C87004213348FCF71BFA0BE0822069
:106AA000304908706320487000208870C870042145
:106AB0002C48FCF70EFA74E06CB18220294908706A
:106AC00073204870F82088700020C8700421254881
:106AD000FCF7FFF90BE08220224908707320487010
:106AE00000208870C87004211E48FCF7F2F958E0B5
:106AF0006CB182201B49087083204870F820887090
:106B00000020C87004211748FCF7E3F90BE082204D
:106B1000144908708320487000208870C8700421D0
:106B20001048FCF7D6F93CE03AE06CB182200D4900
:106B3000087093204870F82088700020C8700421E5
:106B40000848FCF7C6F90BE082200649087093203C
:106B5000487000208870C87004210248FCF7B9F919
:106B60001FE0000090B200206CB18220FA4908704A
:106B7000A3204870F82088700020C8700421F648CF
:106B8000FCF7A7F90BE08220F3490870A3204870B6
:106B900000208870C8700421EF48FCF79AF900E0E3
:106BA00000BF00BF00E000BF00BF70BD10B50446CD
:106BB0008320E9490870032048701CB100208870C8
:106BC000C87004E0F820E44988700020C8700421EF
:106BD000E148FCF77EF910BD10B504468320DE497C
:106BE0000870132048701CB100208870C87004E041
:106BF000F820D94988700020C8700421D648FCF7D5
:106C000068F910BD10B586B00446D4A207CA03AB1C
:106C100007C3D5A207CA8DE807007820CE490870BF
:106C200020204870F4B19DF80C0088709DF80D008C
:106C3000C8709DF80E0008719DF80F0048719DF80E
:106C4000100088719DF81100C8719DF8120008723B
:106C50009DF8130048729DF8140088729DF8150085
:106C6000C8721EE09DF80000BB4988709DF80100C5
:106C7000C8709DF8020008719DF8030048719DF8E6
:106C8000040088719DF80500C8719DF8060008721F
:106C90009DF8070048729DF8080088729DF8090069
:106CA000C8720C21AC48FCF714F906B010BD10B541
:106CB00088B00446AFA1D1E90023D1E90201CDE9B2
:106CC0000423CDE90601AFA3D3E90012D3E90203FF
:106CD000CDE90203CDE9001278209F4908703020E9
:106CE000487024B39DF8100088709DF81100C8709A
:106CF0009DF8120008719DF8130048719DF814006A
:106D000088719DF81500C8719DF8160008729DF8ED
:106D1000170048729DF8180088729DF81900C87213
:106D20009DF81A0008739DF81B00487324E09DF835
:106D30000000894988709DF80100C8709DF8020024
:106D400008719DF8030048719DF8040088719DF852
:106D50000500C8719DF8060008729DF8070048728A
:106D60009DF8080088729DF80900C8729DF80A0015
:106D700008739DF80B0048730E217748FCF7A9F8BB
:106D800008B010BD10B578207349087020204870F5
:106D90008870C870087148718871C871087248722B
:106DA0008872C8720C216C48FCF793F810BD10B5BE
:106DB0007820694908703020487020208870C87099
:106DC000087148718871C871087248728872C872F7
:106DD000087348730E216048FCF77BF810BD70B54E
:106DE00005460C461646052D81F07686DFE815F03F
:106DF00005007E012705CF08720C34B1012C55D057
:106E0000022C7DD0032C7CD11AE1752052490870E8
:106E1000202048708870C8700871681C0A2190FB97
:106E2000F1F030304C494871681C0A2190FBF1F2B6
:106E300001FB12003030484988712020C871087267
:106E400048728872601C0A2190FBF1F03030424990
:106E5000C872601C0A2190FBF1F201FB1200303075
:106E60003D490873202048738873C87366B9494840
:106E70000078087447484078487446488078887499
:106E80004448C078C8740CE043480078324908741C
:106E90004148407848744048807888743E48C078BB
:106EA000C87414212C48FCF714F81CE175202A49F9
:106EB00008703020487020208870C8700871681CE5
:106EC0000A2190FBF1F0303023494871681C0A21F7
:106ED00090FBF1F201FB120030301F498871202035
:106EE000C871087248728872601C0A2190FBF1F028
:106EF00030301949C872601C0A2190FBF1F201E0A0
:106F00004CE0EFE001FB1200303013490873202001
:106F100048738873C87366B91E48007808741D48A2
:106F2000407848741B48807888741A48C078C874C0
:106F30000CE01948007808490874174840784874EC
:106F40001548807888741448C078C87414210248A1
:106F5000FBF7BFFFC7E0000090B20020C7FDB6AF4F
:106F6000B0E5D5FDB3A30000C7FDB6AFB0E5B9CA23
:106F7000D5CF0000B5F4BBF5BCECB2E2D5FDB3A3B0
:106F800000000000B5F4BBF5BCECB2E2B9CAD5CF45
:106F900000000000BA0D0020BF0D00207520F84948
:106FA00008704020487020208870C8700871681CE4
:106FB0000A2190FBF1F03030F1494871681C0A2138
:106FC00090FBF1F201FB12003030ED498871202076
:106FD000C871087248728872601C0A2190FBF1F037
:106FE0003030E749C872601C0A2190FBF1F201FBC6
:106FF00012003030E2490873202048738873C87348
:1070000066B9E04800780874DE4840784874DD4886
:1070100080788874DB48C078C8740CE0DA4800785F
:10702000D7490874D84840784874D748807888741D
:10703000D548C078C8741421D148FBF74AFF52E004
:107040007520CF4908705020487020208870C87083
:107050000871681C0A2190FBF1F03030C849487172
:10706000681C0A2190FBF1F201FB12003030C44988
:1070700088712020C871087248728872601C0A21C9
:1070800090FBF1F03030BE49C872601C0A2190FBC1
:10709000F1F201FB12003030B94908732020487327
:1070A0008873C87366B9B74800780874B5484078E3
:1070B0004874B44880788874B248C078C8740CE0CA
:1070C000B1480078AE490874AF4840784874AE487B
:1070D00080788874AC48C078C8741421A848FBF73D
:1070E000F8FE00E000BF00BF01F0F7BC0B2C7DD222
:1070F000DFE804F00658ACF3F2F1F0EFEEEDEC004F
:1071000075209F4908706020487020208870C870E2
:107110000871681C0A2190FBF1F0303098494871E1
:10712000681C0A2190FBF1F201FB120030309449F7
:1071300088712020C871087248728872601C0A2108
:1071400090FBF1F030308E49C872601C0A2190FB30
:10715000F1F201FB12003030894908732020487396
:107160008873C87366B98748007808748548407882
:1071700048748448807888748248C078C8740CE069
:10718000814800787E4908747F48407848747E487A
:10719000807888747C48C078C87414217848FBF7DC
:1071A00098FE4AE3752076490870702048702020C8
:1071B0008870C8700871681C0A2190FBF1F03030AB
:1071C0006F494871681C0A2190FBF1F201FB120023
:1071D00030306B4988712020C871087248728872FB
:1071E000601C0A2190FBF1F0303000E024E3644998
:1071F000C872601C0A2190FBF1F201FB12003030D2
:107200005F490873202048738873C87366B95D4866
:10721000007808745B48407848745A4880788874CD
:107220005848C078C8740CE057480078544908742E
:107230005548407848745448807888745248C078DB
:10724000C87414214E48FBF744FEF6E275204C4901
:1072500008708020487020208870C8700871681CF1
:107260000A2190FBF1F0303045494871681C0A2131
:1072700090FBF1F201FB120030304149887120206F
:10728000C871087248728872601C0A2190FBF1F084
:1072900030303B49C872601C0A2190FBF1F201FBBF
:1072A0001200303036490873202048738873C87341
:1072B000A6B9344800780874324840784874314898
:1072C000807888742F48C078C87414E062E209E2BC
:1072D000B6E163E110E1BDE06AE011E02A48007820
:1072E000274908742848407848742748807888746B
:1072F0002548C078C87414212148FBF7EAFD9CE2B8
:1073000075201F4908709020487020208870C87030
:107310000871681C0A2190FBF1F03030184948715F
:10732000681C0A2190FBF1F201FB12003030144975
:1073300088712020C871087248728872601C0A2106
:1073400090FBF1F030300E49C872601C0A2190FBAE
:10735000F1F201FB12003030094908732020487314
:107360008873C87396B90748007808740548407850
:1073700048740448807888740248C078C87412E061
:1073800090B20020BA0D0020BF0D0020FE4800780A
:10739000FE490874FC4840784874FB48807888743B
:1073A000F948C078C8741421F848FBF792FD44E20C
:1073B0007520F6490870A020487020208870C87099
:1073C0000871681C0A2190FBF1F03030EF494871D8
:1073D000681C0A2190FBF1F201FB12003030EB49EE
:1073E00088712020C871087248728872601C0A2156
:1073F00090FBF1F03030E549C872601C0A2190FB27
:10740000F1F201FB12003030E0490873202048738C
:107410008873C87366B9DE4800780874DC48407821
:107420004874DB4880788874D948C078C8740CE008
:10743000D5480078D5490874D34840784874D24874
:1074400080788874D048C078C8741421CF48FBF77E
:1074500040FDF2E17520CD490870B0204870202031
:107460008870C8700871681C0A2190FBF1F03030F8
:10747000C6494871681C0A2190FBF1F201FB120019
:107480003030C24988712020C871087248728872F1
:10749000601C0A2190FBF1F03030BC49C872601CBE
:1074A0000A2190FBF1F201FB12003030B74908735A
:1074B000202048738873C87366B9B548007808748B
:1074C000B34840784874B24880788874B048C0782F
:1074D000C8740CE0AC480078AC490874AA484078FD
:1074E0004874A94880788874A748C078C874142163
:1074F000A648FBF7EEFCA0E17520A4490870C02067
:10750000487020208870C8700871681C0A2190FBA0
:10751000F1F030309D494871681C0A2190FBF1F26E
:1075200001FB12003030994988712020C87108721F
:1075300048728872601C0A2190FBF1F03030934948
:10754000C872601C0A2190FBF1F201FB120030307E
:107550008E490873202048738873C87366B98C48B5
:10756000007808748A48407848748948807888741C
:107570008748C078C8740CE0834800788349087451
:107580008148407848748048807888747E48C07804
:10759000C87414217D48FBF79CFC4EE175207B49A3
:1075A0000870D020487020208870C8700871681C4E
:1075B0000A2190FBF1F0303074494871681C0A21AF
:1075C00090FBF1F201FB12003030704988712020ED
:1075D000C871087248728872601C0A2190FBF1F031
:1075E00030306A49C872601C0A2190FBF1F201FB3D
:1075F0001200303065490873202048738873C873BF
:1076000066B96348007808746148407848746048F7
:10761000807888745E48C078C8740CE05A48007856
:107620005A49087458484078487457488078887494
:107630005548C078C87414215448FBF74AFCFCE054
:10764000752052490870E020487020208870C8706A
:107650000871681C0A2190FBF1F030304B494871E9
:10766000681C0A2190FBF1F201FB120030304749FF
:1076700088712020C871087248728872601C0A21C3
:1076800090FBF1F030304149C872601C0A2190FB38
:10769000F1F201FB120030303C490873202048739E
:1076A0008873C87366B93A480078087438484078D7
:1076B00048743748807888743548C078C8740CE0BE
:1076C00031480078314908742F48407848742E4872
:1076D000807888742C48C078C87414212B48FBF734
:1076E000F8FBAAE0752029490870F0204870202096
:1076F0008870C8700871681C0A2190FBF1F0303066
:1077000022494871681C0A2190FBF1F201FB12002A
:1077100030301E4988712020C87108724872887202
:10772000601C0A2190FBF1F030301849C872601CCF
:107730000A2190FBF1F201FB12003030134908736B
:10774000202048738873C87366B91148007808749C
:107750000F48407848740E48807888740C48C07888
:10776000C8740CE008480078084908740648407856
:1077700048740548807888740348C078C874142118
:107780000248FBF7A6FB58E0BF0D002090B2002096
:10779000BA0D00207620F74908700020487020209C
:1077A0008870C8700871681C0A2190FBF1F03030B5
:1077B000F0494871681C0A2190FBF1F201FB1200AC
:1077C0003030EC4988712020C87108724872887284
:1077D000601C0A2190FBF1F03030E649C872601C51
:1077E0000A2190FBF1F201FB12003030E1490873ED
:1077F000202048738873C87366B9DF48007808741E
:10780000DD4840784874DC4880788874DA48C0786D
:10781000C8740CE0D9480078D6490874D748407835
:107820004874D64880788874D448C078C8741421C5
:10783000D048FBF74EFB00E000BF00BF54E40B2C28
:107840007ED2DFE804F00658ABF2F1F0EFEEEDEC9B
:10785000EB007620C74908701020487020208870FF
:10786000C8700871681C0A2190FBF1F03030C149E2
:107870004871681C0A2190FBF1F201FB12003030C4
:10788000BC4988712020C871087248728872601CD7
:107890000A2190FBF1F03030B649C872601C0A2111
:1078A00090FBF1F201FB12003030B2490873202046
:1078B00048738873C87366B9AF4800780874AE48D7
:1078C00040784874AC4880788874AB48C078C874F5
:1078D0000CE0AA480078A7490874A8484078487482
:1078E000A64880788874A548C078C8741421A14837
:1078F000FBF7EFFA49E376209E4908702020487094
:107900008870C8700871681C0A2190FBF1F0303053
:1079100098494871681C0A2190FBF1F201FB1200A2
:107920003030944988712020C8710872487288727A
:10793000601C0A2190FBF1F030308E49C87200E0E3
:1079400022E3601C0A2190FBF1F201FB12003030AF
:1079500088490873202048738873C87366B98648BD
:107960000078087484484078487483488078887424
:107970008148C078C8740CE0804800787D4908745C
:107980007E48407848747D48807888747B48C07809
:10799000C87414217748FBF79CFAF6E27620754903
:1079A00008703020487020208870C8700871681CEA
:1079B0000A2190FBF1F030306E494871681C0A21B1
:1079C00090FBF1F201FB120030306A4988712020EF
:1079D000C871087248728872601C0A2190FBF1F02D
:1079E00030306449C872601C0A2190FBF1F201FB3F
:1079F000120030305F490873202048738873C873C1
:107A0000A6B95D48007808745B48407848745A48C5
:107A1000807888745848C078C87414E05CE209E241
:107A2000B6E163E110E1BDE064E011E053480078A5
:107A30005049087451484078487450488078887498
:107A40004E48C078C87414214A48FBF742FA9CE2B9
:107A50007620484908704020487020208870C870FF
:107A60000871681C0A2190FBF1F0303041494871DF
:107A7000681C0A2190FBF1F201FB120030303D49F5
:107A800088712020C871087248728872601C0A21AF
:107A900090FBF1F030303749C872601C0A2190FB2E
:107AA000F1F201FB12003030324908732020487394
:107AB0008873C87366B93048007808742E484078D7
:107AC00048742D48807888742B48C078C8740CE0BE
:107AD0002A4800782749087428484078487427487D
:107AE000807888742548C078C87414212148FBF731
:107AF000F0F94AE276201F49087050204870202093
:107B00008870C8700871681C0A2190FBF1F0303051
:107B100018494871681C0A2190FBF1F201FB120020
:107B20003030144988712020C871087248728872F8
:107B3000601C0A2190FBF1F030300E49C872601CC5
:107B40000A2190FBF1F201FB120030300949087361
:107B5000202048738873C87396B907480078087462
:107B60000548407848740448807888740248C07892
:107B7000C87412E090B20020BA0D0020BF0D0020A2
:107B8000FE480078FE490874FC4840784874FB4879
:107B900080788874F948C078C8741421F848FBF7D5
:107BA00098F9F2E17620F6490870602048702020AC
:107BB0008870C8700871681C0A2190FBF1F03030A1
:107BC000EF494871681C0A2190FBF1F201FB120099
:107BD0003030EB4988712020C87108724872887271
:107BE000601C0A2190FBF1F03030E549C872601C3E
:107BF0000A2190FBF1F201FB12003030E0490873DA
:107C0000202048738873C87366B9DE48007808740A
:107C1000DC4840784874DB4880788874D948C0785C
:107C2000C8740CE0D5480078D5490874D34840782A
:107C30004874D24880788874D048C078C8741421B9
:107C4000CF48FBF746F9A0E17620CD4908707020B7
:107C5000487020208870C8700871681C0A2190FB49
:107C6000F1F03030C6494871681C0A2190FBF1F2EE
:107C700001FB12003030C24988712020C87108729F
:107C800048728872601C0A2190FBF1F03030BC49C8
:107C9000C872601C0A2190FBF1F201FB1200303027
:107CA000B7490873202048738873C87366B9B5480C
:107CB00000780874B34840784874B2488078887473
:107CC000B048C078C8740CE0AC480078AC4908747F
:107CD000AA4840784874A94880788874A748C07832
:107CE000C8741421A648FBF7F4F84EE17620A449A5
:107CF00008708020487020208870C8700871681C47
:107D00000A2190FBF1F030309D494871681C0A212E
:107D100090FBF1F201FB120030309949887120206C
:107D2000C871087248728872601C0A2190FBF1F0D9
:107D300030309349C872601C0A2190FBF1F201FBBC
:107D4000120030308E490873202048738873C8733E
:107D500066B98C48007808748A4840784874894825
:107D6000807888748748C078C8740CE083480078AD
:107D700083490874814840784874804880788874C2
:107D80007E48C078C87414217D48FBF7A2F8FCE057
:107D900076207B4908709020487020208870C87039
:107DA0000871681C0A2190FBF1F030307449487169
:107DB000681C0A2190FBF1F201FB1200303070497F
:107DC00088712020C871087248728872601C0A216C
:107DD00090FBF1F030306A49C872601C0A2190FBB8
:107DE000F1F201FB1200303065490873202048731E
:107DF0008873C87366B9634800780874614840782E
:107E000048746048807888745E48C078C8740CE014
:107E10005A4800785A490874584840784874574876
:107E2000807888745548C078C87414215448FBF78A
:107E300050F8AAE0762052490870A020487020200F
:107E40008870C8700871681C0A2190FBF1F030300E
:107E50004B494871681C0A2190FBF1F201FB1200AA
:107E60003030474988712020C87108724872887282
:107E7000601C0A2190FBF1F030304149C872601C4F
:107E80000A2190FBF1F201FB120030303C490873EB
:107E9000202048738873C87366B93A48007808741C
:107EA0003848407848743748807888743548C078B6
:107EB000C8740CE031480078314908742F48407884
:107EC00048742E48807888742C48C078C87414216F
:107ED0002B48FAF7FEFF58E0762029490870B020B9
:107EE000487020208870C8700871681C0A2190FBB7
:107EF000F1F0303022494871681C0A2190FBF1F200
:107F000001FB120030301E4988712020C8710872B0
:107F100048728872601C0A2190FBF1F030301849D9
:107F2000C872601C0A2190FBF1F201FB1200303094
:107F300013490873202048738873C87366B91148C1
:107F4000007808740F48407848740E488078887428
:107F50000C48C078C8740CE00848007808490874D8
:107F60000648407848740548807888740348C0788B
:107F7000C87414210248FAF7ACFF06E0BF0D0020D8
:107F800090B20020BA0D002000BF00BF56E40B2CB9
:107F90007ED2DFE804F00658ACF3F2F1F0EFEEED3C
:107FA000EC007620FA490870C020487020208870C4
:107FB000C8700871681C0A2190FBF1F03030F44958
:107FC0004871681C0A2190FBF1F201FB120030306D
:107FD000EF4988712020C871087248728872601C4D
:107FE0000A2190FBF1F03030E949C872601C0A2187
:107FF00090FBF1F201FB12003030E54908732020BC
:1080000048738873C87366B9E24800780874E14819
:1080100040784874DF4880788874DE48C078C87437
:108020000CE0DD480078DA490874DB484078487491
:10803000D94880788874D848C078C8741421D44846
:10804000FAF747FF44E37620D1490870D020487002
:1080500020208870C8700871681C0A2190FBF1F01C
:108060003030CB494871681C0A2190FBF1F201FBCA
:1080700012003030C64988712020C87108724872D9
:108080008872601C0A2190FBF1F03030C04900E09A
:108090001DE3C872601C0A2190FBF1F201FB120083
:1080A0003030BB490873202048738873C87366B9A1
:1080B000B84800780874B74840784874B548807864
:1080C0008874B448C078C8740CE0B3480078B049EC
:1080D0000874B14840784874AF4880788874AE48D6
:1080E000C078C8741421AA48FAF7F3FEF0E27620AB
:1080F000A7490870E020487020208870C870087177
:10810000681C0A2190FBF1F03030A1494871681CCD
:108110000A2190FBF1F201FB120030309C4988717A
:108120002020C871087248728872601C0A2190FB76
:10813000F1F030309649C872601C0A2190FBF1F2D0
:1081400001FB120030309249087320204873887375
:10815000C873A6B98F48007808748E484078487470
:108160008C48807888748B48C078C87414E05CE2CE
:1081700009E2B6E163E111E1B7E064E011E08648AD
:10818000007883490874844840784874824880782D
:1081900088748148C078C87414217D48FAF799FE24
:1081A00096E276207A490870F02048702020887086
:1081B000C8700871681C0A2190FBF1F030307449D6
:1081C0004871681C0A2190FBF1F201FB120030306B
:1081D0006F4988712020C871087248728872601CCB
:1081E0000A2190FBF1F030306949C872601C0A2105
:1081F00090FBF1F201FB120030306549087320203A
:1082000048738873C87366B9624800780874614817
:10821000407848745F48807888745E48C078C87435
:108220000CE05D4800785A4908745B48407848740F
:108230005948807888745848C078C87414215448C4
:10824000FAF747FE44E27720514908700020487051
:1082500020208870C8700871681C0A2190FBF1F01A
:1082600030304B494871681C0A2190FBF1F201FB48
:1082700012003030464988712020C8710872487257
:108280008872601C0A2190FBF1F030304049C872BE
:10829000601C0A2190FBF1F201FB120030303C49D6
:1082A0000873202048738873C87366B9394800780A
:1082B000087438484078487436488078887435485F
:1082C000C078C8740CE034480078314908743248EA
:1082D000407848743048807888742F48C078C874D3
:1082E00014212B48FAF7F5FDF2E1772028490870B0
:1082F0001020487020208870C8700871681C0A21FE
:1083000090FBF1F0303022494871681C0A2190FB43
:10831000F1F201FB120030301D4988712020C87134
:10832000087248728872601C0A2190FBF1F03030AC
:108330001749C872601C0A2190FBF1F201FB120080
:10834000303013490873202048738873C87366B9A6
:108350001048007808740F48407848740D488078B9
:1083600088740C48C078C8740CE00B480078084941
:10837000087409484078487407488078887406482B
:10838000C078C87414210248FAF7A3FDA0E10000E8
:1083900090B20020BA0D0020BF0D00207720FA49CE
:1083A0000870202048708870C8700871681C0A2105
:1083B00090FBF1F03030F4494871681C0A2190FBC1
:1083C000F1F201FB12003030EF4988712020C871B2
:1083D000087248728872601C0A2190FBF1F03030FC
:1083E000E949C872601C0A2190FBF1F201FB1200FE
:1083F0003030E5490873202048738873C87366B924
:10840000E24800780874E14840784874DF48807892
:108410008874DE48C078C8740CE0DD480078DA491A
:108420000874DB4840784874D94880788874D84804
:10843000C078C8741421D448FAF74BFD48E177207E
:10844000D14908703020487020208870C8700871A9
:10845000681C0A2190FBF1F03030CB494871681C50
:108460000A2190FBF1F201FB12003030C6498871FD
:108470002020C871087248728872601C0A2190FB23
:10848000F1F03030C049C872601C0A2190FBF1F253
:1084900001FB12003030BC490873202048738873F8
:1084A000C87366B9B94800780874B8484078487409
:1084B000B64880788874B548C078C8740CE0B44871
:1084C0000078B1490874B24840784874B048807860
:1084D0008874AF48C078C8741421AB48FAF7F9FC27
:1084E000F6E07720A8490870402048702020887066
:1084F000C8700871681C0A2190FBF1F03030A24965
:108500004871681C0A2190FBF1F201FB1200303027
:108510009D4988712020C871087248728872601C59
:108520000A2190FBF1F030309749C872601C0A2193
:1085300090FBF1F201FB12003030934908732020C8
:1085400048738873C87366B99048007808748F4878
:10855000407848748D48807888748C48C078C87496
:108560000CE08B4800788849087489484078487442
:108570008748807888748648C078C87414218248F7
:10858000FAF7A7FCA4E077207F49087050204870D4
:1085900020208870C8700871681C0A2190FBF1F0D7
:1085A000303079494871681C0A2190FBF1F201FBD7
:1085B00012003030744988712020C87108724872E6
:1085C0008872601C0A2190FBF1F030306E49C8724D
:1085D000601C0A2190FBF1F201FB120030306A4965
:1085E0000873202048738873C87366B96748007899
:1085F0000874664840784874644880788874634892
:10860000C078C8740CE0624800785F49087460481C
:10861000407848745E48807888745D48C078C87433
:1086200014215948FAF755FC52E077205649087052
:108630006020487020208870C8700871681C0A216A
:1086400090FBF1F0303050494871681C0A2190FBD2
:10865000F1F201FB120030304B4988712020C871C3
:10866000087248728872601C0A2190FBF1F0303069
:108670004549C872601C0A2190FBF1F201FB12000F
:10868000303041490873202048738873C87366B935
:108690003E48007808743D48407848743B488078EC
:1086A00088743A48C078C8740CE039480078364974
:1086B000087437484078487435488078887434485E
:1086C000C078C87414213048FAF703FC00E000BFFA
:1086D00000BF02E2062C7DD2DFE804F0035CB0F2BA
:1086E000F1F07720284908707020487020208870A9
:1086F000C8700871681C0A2190FBF1F030302249E3
:108700004871681C0A2190FBF1F201FB1200303025
:108710001D4988712020C871087248728872601CD7
:108720000A2190FBF1F030301749C872601C0A2111
:1087300090FBF1F201FB1200303013490873202046
:1087400048738873C87366B91048007808740F4876
:10875000407848740D48807888740C48C078C87494
:108760000CE00B48007808490874094840784874C0
:108770000748807888740648C078C8741421024875
:10878000FAF7A7FBA6E1000090B20020BA0D002086
:10879000BF0D00207720D24908708020487020202B
:1087A0008870C8700871681C0A2190FBF1F03030A5
:1087B000CB494871681C0A2190FBF1F201FB1200C1
:1087C0003030C74988712020C87108724872887299
:1087D000601C00E07DE10A2190FBF1F03030C049DF
:1087E000C872601C0A2190FBF1F201FB12003030CC
:1087F000BB490873202048738873C87366B9B948A9
:1088000000780874B74840784874B648807888740F
:10881000B448C078C8740CE0B3480078B049087414
:10882000B14840784874B04880788874AE48C078C1
:10883000C8741421AA48FAF74CFB4BE17720A849E9
:1088400008709020487020208870C8700871681CDB
:108850000A2190FBF1F03030A1494871681C0A21CF
:1088600090FBF1F201FB120030309D49887120200D
:10887000C871087248728872601C0A2190FBF1F07E
:1088800030309749C872601C0A2190FBF1F201FB5D
:108890001200303092490873202048738873C873DF
:1088A0007EB99048007808748E48407848748D48A6
:1088B000807888748B48C078C8740FE0B7E064E0B3
:1088C00011E08948007886490874874840784874E0
:1088D0008548807888748448C078C874142180489A
:1088E000FAF7F7FAF6E077207D490870A020487083
:1088F00020208870C8700871681C0A2190FBF1F074
:10890000303077494871681C0A2190FBF1F201FB75
:1089100012003030724988712020C8710872487284
:108920008872601C0A2190FBF1F030306C49C872EB
:10893000601C0A2190FBF1F201FB12003030684903
:108940000873202048738873C87366B96548007837
:108950000874644840784874624880788874614834
:10896000C078C8740CE0604800785D4908745E48BF
:10897000407848745C48807888745B48C078C874D4
:1089800014215748FAF7A5FAA4E077205449087053
:10899000B020487020208870C8700871681C0A21B7
:1089A00090FBF1F030304E494871681C0A2190FB71
:1089B000F1F201FB12003030494988712020C87162
:1089C000087248728872601C0A2190FBF1F0303006
:1089D0004349C872601C0A2190FBF1F201FB1200AE
:1089E00030303F490873202048738873C87366B9D4
:1089F0003C48007808743B4840784874394880788F
:108A000088743848C078C8740CE037480078344916
:108A10000874354840784874334880788874324800
:108A2000C078C87414212E48FAF753FA52E0772020
:108A30002B490870C020487020208870C8700871C9
:108A4000681C0A2190FBF1F0303025494871681C00
:108A50000A2190FBF1F201FB1200303020498871AD
:108A60002020C871087248728872601C0A2190FB2D
:108A7000F1F030301A49C872601C0A2190FBF1F203
:108A800001FB1200303016490873202048738873A8
:108A9000C87366B91348007808741248407848745F
:108AA0001048807888740F48C078C8740CE00E486D
:108AB00000780B4908740C48407848740A4880785C
:108AC00088740948C078C87414210548FAF701FA77
:108AD00000E000BF00BF00E000BF00BF70BD0000AD
:108AE00090B20020BA0D0020BF0D0020704770B575
:108AF000064600F015FC056806F10B0020F007049F
:108B0000B4429CBF002070BD2B466A68BAB11068A1
:108B1000A04210D304F1080188423CBF506858605D
:108B200007D35168101941601168091B0160586032
:108B30001460101D70BD13465268002AE7D121460B
:108B4000284600F0F9FB0028DED170BD70B5044660
:108B5000051F00F0E5FB0068002C14BF446870BDE1
:108B6000002C18BFAC423CBF20466468F8D30168B3
:108B70000A18AA4218BF456003D12A680546114465
:108B8000016028684119A1421CBF6C6070BD61681A
:108B9000696021680844286070BD70B50D460646BE
:108BA000041F00F0BDFBD0F800C0C5B1E6B105F16F
:108BB0000B0020F00703AB423CBF002070BD2068D3
:108BC000984238BFDCF8042013D3C11A08292FD3E8
:108BD000E01840F8041B2360FFF7B8FF28E0304698
:108BE000FFF7B4FF002070BD2846BDE87040FFF7D6
:108BF0007EBF002A18BFA2423CBF94465268F8D3F9
:108C00000119914216D111680844984212D3C11A31
:108C100008293CBF2060506808D35168E0184160C3
:108C2000216812681144C91A01602360CCF804005D
:108C3000201D70BD181FFFF75AFF050007D02168DF
:108C40000A1F211D00F0A4FA201DFFF77FFF284610
:108C500070BD10B5044600F05BFB0068005DC00607
:108C600002D504F1200010BD204610BD0FB4044908
:108C700010B503AA029800F043FE10BC5DF814FB87
:108C8000580000200FB41CB5084B06AA7B44694667
:108C90000090059800F005FE04460020694600F0AB
:108CA00013FE20461CBC5DF814FB0000390C0000CC
:108CB00070B5044685690068C10601D5302600E01C
:108CC0002026C00707D070BDD4E901213046904767
:108CD000206A401C20626D1EF6D570BD70B504463A
:108CE00085690078C00707D170BDD4E90121202033
:108CF0009047206A401C20626D1EF6D570BD70B58D
:108D00000C460546012A05D02878800600D5EA6978
:108D1000002302E0012305E05B1C934202D2E05CE9
:108D20000028F9D1A869E618C01AA861286A184471
:108D300028622846FFF7BCFF04E0D5E9012114F8BA
:108D4000010B9047B442F8D32846FFF7C7FF70BD28
:108D50002DE9F0410646002410687529314616A514
:108D600010D0AFF30080002802DA404213A507E0DC
:108D700031688A0701D512A502E0490704D511A57B
:108D8000012401E0AFF3008000210A2206F124074C
:108D900009E0B0FBF2FCB0FBF2F302FB1C00303048
:108DA00078541846491C0028F3D123462A463046F9
:108DB000BDE8F04100F00ABB000000002D000000FB
:108DC0002B0000002000000070B504460D4621462F
:108DD0001068AFF300802188090502D50F4A7A4454
:108DE00002E00E4A7A440E32002104F1240305E029
:108DF00000F00F060009965D5E54491C0028F7D16B
:108E000020780023000704D5702D02D009B1022379
:108E100011322046BDE8704000F0D8BA4AAA0000DE
:108E20002DE9F05F894604464FF0000ADFF824B1CF
:108E3000FB44C0F820A02046E168884700287DD088
:108E4000252806D0D4E901219047206A401C2062E1
:108E5000F1E700255F462046E1688847202806465E
:108E600007DB312E05D2B81910F8200C08B10543E4
:108E7000F1E7A80701D525F00405C4F81CA00027D8
:108E8000C4F818A02A2E09D0304602F0DAFA38B316
:108E900004EB8708303EC8F8186019E059F8041B45
:108EA000204604EB87029161E1688847012F06465E
:108EB00018D1E069002820DA25F020051DE0D8F857
:108EC000180000EB800006EB40003038C8F81800AE
:108ED0002046E1688847064602F0B3FA0028EED142
:108EE000012F0AD02E2E08D12046E16888477F1C2A
:108EF0000646022F45F02005C4DBA069002803DAEE
:108F0000404245F00105A061E80701D025F01005B9
:108F1000A6B1A6F14100192802D8203645F4006513
:108F20004A463146204625604D46E7F75FF960B175
:108F3000012807D0ED1D25F0070000E007E000F153
:108F4000080978E705F1040975E730467AE7206AF1
:108F5000BDE8F09F20AA00000FB400B58DB010A9A5
:108F6000099000910B904FF0FF300A9000200C9078
:108F7000064878440690064878446A4607900F9958
:108F800009A800F027FF0DB05DF814FB7F0E00006C
:108F9000970E000070B5064600F0C6F90468054655
:108FA00030460A22002100F095FF2C6070BD30B5DC
:108FB00005460B462A4613F8014B12F8010B08B17F
:108FC000A042F8D01CB1002802D06D1CF1E7284661
:108FD00030BD40EA0103024630B59B0710D14FF087
:108FE000013400E008C208C91D1B9D4315EAC41FD7
:108FF000F8D013F0FF0102F8011B0DD01B0AF8E7AF
:1090000011F8013B002B02F8013B05D011F8013BA0
:10901000002B02F8013BF3D130BD10B5431C02E038
:1090200010F8011B71B18107FAD14FF0013202C86B
:109030008C1A8C4314EAC211F9D0C01A0A0603D064
:10904000C01E10BDC01A10BD0A0401D0801E10BD84
:109050000902FCD0401E10BD40EA010370B59B0719
:109060002ED14FF00136042A2AD308C810C99D1BFF
:109070009D43121F15EAC61517D0D8B2E1B2401AA7
:1090800050EA056110D198B2A1B2401A50EA0541E8
:109090000AD123F07F4024F07F41401A50EA052195
:1090A00002D1180EA0EB146070BDA342DBD018BA39
:1090B00021BA884201D9012070BD4FF0FF3070BD48
:1090C0000AB9002070BD10F8013B11F8014B63B1E3
:1090D000A3420AD1521E08D010F8013B11F8014BEF
:1090E0001BB1A34201D1521EEDD1181B70BD421E0F
:1090F00012F8013F002BFBD111F8013B002B02F8C5
:10910000013BF9D17047032A40F2308010F0030C84
:1091100000F0158011F8013BBCF1020F624498BFCA
:1091200011F801CB00F8013B38BF11F8013BA2F167
:10913000040298BF00F801CB38BF00F8013B11F0E2
:10914000030300F02580083AC0F0088051F8043B82
:10915000083A51F804CBA0E80810F5E7121D5CBFEF
:1091600051F8043B40F8043BAFF30080D20724BF22
:1091700011F8013B11F801CB48BF11F8012B24BFB6
:1091800000F8013B00F801CB48BF00F8012B704705
:1091900010B5203AC0F00B80B1E81850203AA0E892
:1091A0001850B1E81850A0E81850BFF4F5AF5FEAC6
:1091B000027C24BFB1E81850A0E8185044BF18C979
:1091C00018C0BDE810405FEA827C24BF51F8043B20
:1091D00040F8043B08BF7047D20728BF31F8023B74
:1091E00048BF11F8012B28BF20F8023B48BF00F808
:1091F000012B70474FF000020429C0F0128010F0DC
:10920000030C00F01B80CCF1040CBCF1020F18BF62
:1092100000F8012BA8BF20F8022BA1EB0C0100F0F5
:109220000DB85FEAC17C24BF00F8012B00F8012BC8
:1092300048BF00F8012B70474FF0000200B51346FD
:1092400094469646203922BFA0E80C50A0E80C5066
:10925000B1F12001BFF4F7AF090728BFA0E80C5017
:1092600048BF0CC05DF804EB890028BF40F8042B10
:1092700008BF704748BF20F8022B11F0804F18BF7D
:1092800000F8012B704700004FF0013C50F8042B10
:1092900051F8043B9A4221D1A2EB0C03934313EA09
:1092A000CC1317D150F8042B51F8043B9A4215D136
:1092B000A2EB0C03934313EACC130BD150F8042B0D
:1092C00051F8043B9A4209D1A2EB0C03934313EAF1
:1092D000CC13DBD04FF00000704700BFD01A01BAAA
:1092E000B1FA81F101F0180122FA01F0CB40C1F18D
:1092F0002001DBB2C0B2C01A2CFA01F3D11A91439B
:1093000011EAC311E6D17047704770477047704744
:1093100010B500F01BFE001D10BD00BF1D22000097
:109320000048704798B300200048704790B3002071
:10933000704770477047704738B504460A460020AA
:109340006946AFF30080002808BF38BD0246009987
:10935000204600F0FFFD012038BD012001F01EB9BC
:10936000F8B5AFF30080054600200C46102000BF82
:109370000646A819A0420DD9324669460020AFF32F
:109380000080070008BF01F009F90098A04218BF4B
:109390000546C419FFF7C4FF05600746F01D20F01D
:1093A00007004619284600F00AF8B44208BFF8BD85
:1093B000A21B31463868BDE8F84000F0CBBD002163
:1093C0000160C0E901107047102070472DE9F04797
:1093D0000D4699469246044600F124080168880625
:1093E00004D5E06921F01001216000E00120A842CD
:1093F00001DD471B00E00027A1697A1902EB090093
:10940000081AA0612078C00602D42046FFF750FC5D
:10941000002608E0D4E901211AF806009047206AE6
:10942000401C761C20624E45F4DB2078C0060AD52D
:109430002046FFF73DFC06E0D4E9012130209047AB
:10944000206A401C2062381EA7F10107F4DC07E007
:10945000D4E9012118F805009047206A401C2062D9
:10946000281EA5F10105F3DC2046FFF737FC207824
:10947000000602D50220BDE8F0870120FBE7704717
:109480002DE9FF4F0C461E464FF0FF378BB0D2E957
:109490000001DDF860800A908A46C1F30A5505B9DB
:1094A0003D46002108464FF00000BAF1000F00F4DD
:1094B000400005DA00EB80004FF4400101EA500063
:1094C0004FEA9059B9F1010F00DDB9460A9850EA08
:1094D0004A000ED044F61050A5F2FF3545432F1434
:1094E000B8F1000F1ED07542291E1EDDC9F1000221
:1094F0001CE0B8F1010F4FF0000001D0302103E073
:10950000F24305E02154401CB042FBDB3046002210
:10951000002121540B99C1F80880C1E900200FB047
:10952000BDE8F08FBD1B6D1CDEE74A4600DA6942DC
:1095300006A800F0C1FF06AB93E8070003AB83E881
:10954000070050460A9901F0F5FA8DE80700A0F5EA
:1095500000501F3800900398002D09DD42F21F01D2
:109560004A46084403A90390684601F07EFD08E0DE
:10957000A0F500504A461F3803A90390684601F041
:109580009CFD8DE807000004000C03D04FF0FF3075
:10959000410800E01046B8F1000F03D0002200920D
:1095A00015461EE0751E05D400F0EEFC3032625503
:1095B0006D1EF9D5B3460122084302D000227F1C5C
:1095C00004E02078302801D100227F1E002A09976C
:1095D00086D01DE0112D07DA00F0D6FC303262553E
:1095E0006D1C50EA0102F5D1084302D00098C8B1C1
:1095F0000EE00021681E05E0235C625C6354225487
:10960000401E491C8142F7DBAB46A81B401E099057
:10961000002004F80B000B98099AC0F80880C0E9F4
:10962000002B7CE711264FF0000859E72DE9F04F99
:1096300088460446D21D22F0070191B0D1E900010D
:10964000CDE90A0101F083FE02460B98C00F01D05C
:109650002D2007E02068810701D52B2002E0202182
:1096600001EAC000032A099001D0072A05DB03465E
:109670004146204600F0D6FC0BE12078800601D55B
:10968000E06900E00620B8F1650F814606D0B8F128
:10969000660F18D0B8F1670F70D131E00020B9F132
:1096A000110F009001DB112301E009F101030AAA67
:1096B00001A90CA8FFF7E4FEDDE90C70002609F112
:1096C0000105834647E001204B4600904FF00047DC
:1096D0000AAA01A90CA8FFF7D3FEDDE90DB00C9989
:1096E0005D46002610B909F101000D18B9EB05001F
:1096F00003D4C0F1FF3609F10105A5EB09002BE009
:10970000B9F1010F01DA4FF001090020B9F1110F91
:109710000090484601DD112300E003460AAA01A992
:109720000CA8FFF7ADFEDDE90C704D460026834620
:10973000207800070AD4AB4500DA5D4601A8012D68
:1097400004DD411911F8011C302907D04F4502DA18
:1097500017F1040F04DA012082460FE06D1EEEE7D8
:10976000002F02DCED1B3E4403E0781CA84200DD24
:109770007D1CB81B00F1010A4FF00047207800075C
:1097800003D4AA4501DB4FF0FF3A0021B7F1004FA7
:109790000DF143088DF8431024D002202B23002F15
:1097A00001DA7F422D230A21021EA0F1010000DC14
:1097B0005FB197FBF1FC97FBF1F201FB1C7C1746B4
:1097C0000CF1300C08F801CDEEE7A8F101000370B0
:1097D0002188090501D5452100E06521A0F1010896
:1097E00000F8011C09980FA9A1EB0807FF1D00B1A3
:1097F0000120411901EBEA70A1693844081A401EA2
:10980000A0612078C00602D42046FFF751FA0998DB
:1098100028B1D4E901219047206A401C20622078B9
:10982000C00622D52046FFF743FA1EE0002E04DBD7
:10983000B34502DD01A8805D00E03020D4E90121BC
:109840009047206A401C2062761CAAF101005FEA62
:10985000000A0AD100F07AFBC0680168405CD4E9D4
:1098600001219047206A401C2062281EA5F10105B5
:10987000DCDC07E0D4E9012118F8010B9047206AED
:10988000401C2062381EA7F10107F3DC2046FFF7D9
:1098900025FA032011B043E601694A1C02610878E9
:1098A000704700B58FB0CDE9013100210591054920
:1098B0007944CDE9031011466846FFF7B1FA0FB0BD
:1098C00000BD0000E5FFFFFF0A6802F8010B0A6017
:1098D000704710B5436913B1AFF3008001E0FFF7A3
:1098E0000EFA012010BD127800F124010A70002246
:1098F0004A700122EDE711684FF0FF32E9E70000FE
:10990000074B70B50D467B44FFF7CBFF0446284656
:1099100000F040FE10B14FF0FF3070BD204670BD2A
:10992000059FFEFF2DE9FF4F064689B00878FF2806
:1099300006D0491C2D2805D000244FF0000908E06E
:1099400000200CE00124F8E709EB8903491C00EB37
:1099500043090878FF28F7D114B1C9F10000814606
:10996000107800252C46AA4629462D2801D02B2800
:1099700004D1521C2D2813D0002082468B4610782B
:10998000FF280FD04FF0000C0A21521CA5FB0178D4
:1099900004FB018105FB0C11C5194BEB0104EEE73B
:1099A0000120EAE7002108464FF00000BAF1000F5D
:1099B00002D000EB80004008C0F38158B8F1010FDD
:1099C00001DD4FF0FF380C9809EB000755EA040061
:1099D00009D04FF0020917F5FA7F0BDA4FEACA7087
:1099E000C6E900B012E04FEACA70C6E900B00DB097
:1099F000BDE8F08FB7F5FA7F0DDDF0487844D0E987
:109A00000010C6E9001040EACA707060FFF78CFCD5
:109A1000C0F80090EBE7391E02DAC8F1000200E05E
:109A2000424600DA794206A800F046FD06AB93E80C
:109A3000070003AB83E8070044F23E005BEA040141
:109A40000090584604D144F21E012C465D46009118
:109A5000210C0904014306D10099240444EA154469
:109A60002D041039009104F07F41014306D1009983
:109A7000240244EA15642D020839009104F0704173
:109A8000014306D10099240144EA15742D01091FF0
:109A9000009104F04041014306D10099A40044EA3A
:109AA0009574AD00891E009104F00041084304D173
:109AB00000986D196441401E009042466846002F90
:109AC000CDE9014503A902DD01F00BFB01E001F046
:109AD000E0FABAF1000F04460D4601D084F00044CC
:109AE00040F2FF7724F00040284303D0C4F30A502B
:109AF000B84212D1FFF718FCC0F80090C4F30A5026
:109B0000B8420AD1AE487844D0E90010C6E9001046
:109B100004F000410843706069E7C6E9005466E755
:109B20002DE9FF4F1F464FF0000A4FF0FF38454622
:109B300091B0D7E90146CDF83CA000F007FAC06823
:109B40000168405C1090B96912986D1C8847396AA9
:109B5000814688470028F6D1B9F1FF3F0AD0002E90
:109B600024F4D06411DDB9F12B0F08D0B9F12D0F19
:109B70000BD102E0404615B03AE744F48064B9697D
:109B800012986D1C8847761E8146600504A901D590
:109B90002D2000E02B20002E01F1010B0DF13008EB
:109BA0008DF810003FDDB9F1690F08D0B9F1490F08
:109BB00005D0B9F16E0F02D0B9F14E0F1CD13B4662
:109BC00001A8009580E85002DDE912126FF0020052
:109BD00002F079FBC11CCED10EE0B96912986D1C60
:109BE000884781461398761E44F4007405600F98E8
:109BF000401C002E0F9016DDB9F1300FEDD0B9F1F9
:109C0000780F02D0B9F1580F0DD10F9801280AD161
:109C10003B46CDE90054DDE91212001F029602F026
:109C200050FBC11CA7D1109989453ED144F0800456
:109C300006E01399681CAAF1010A44F40074086054
:109C4000B9696D1C1298761E884730288146F0D07D
:109C50002BE01099894505D1200603D4761E44F0E7
:109C6000800418E0484601F0ECFB08B3761E0DF1C5
:109C700023018B4544F4007408D2A9F130000BF89D
:109C8000010B200607D5AAF1010003E0200602D44B
:109C90000AF101008246A00502D51399681C0860EC
:109CA000B96912986D1C88478146002ED1DC53E0BB
:109CB000002E51DDB9F1650F02D0B9F1450F4BD13E
:109CC000A00549D5B9696D1C1298761E24F440741C
:109CD0008847002E81460CDD2B2804D0B9F12D0FCA
:109CE00007D144F48074B96912986D1C8847761EB8
:109CF0008146E00501D52D2100E02B2108F8011B4C
:109D0000CDF8008021E0761E0DF13901884544F43C
:109D100000740CD2A9F1300010F0FF0088F80000A8
:109D200002D10099884509D908F1010806E0E0054B
:109D300001D5244801E042F20F708246B9691298B9
:109D40006D1C8847814613980560002E04DD484647
:109D500001F077FB0028D6D1F96912988847FF20D7
:109D600053468BF8000088F8000000200A900B9002
:109D700004AA0CA90AA8FFF7D5FDA00502D46FF02C
:109D80000100F8E614F0240F0AD0E00714D1386877
:109D9000DDE90A12031D3B600068C0E900120BE018
:109DA0000AA9684601F0F6FAE00705D13868009A7A
:109DB000011D3960006802602846DCE6E49F00006F
:109DC000DA9E0000F1D8FFFF0268114413780160A9
:109DD00018467047D1600549794451610449794476
:109DE000116200211161114600F05CB9EDFFFFFF27
:109DF00031020000426842B1016811F8013B23B111
:109E0000521EC0E90012184670470121C160881E29
:109E1000704742685AB1C368016843B983688B428E
:109E200005D0491E521CC0E90012002070474FF0B7
:109E3000FF3070470FB4002300B589B00CA9009122
:109E40000B99CB60204B7B440693204B7B440793BC
:109E500004236FF00042CDE901321D4A7A446B467B
:109E600008920246002002F02AFA09B05DF814FBBD
:109E700070B506464FF0FF3015460C46324686B0A8
:109E80000091CDE9010169460020049004A8FFF784
:109E9000D1FF03460498211825B108B10A4600E015
:109EA00022462A6000280DD0002B02DD009888424F
:109EB00008D03246081B69460094CDE9010404A885
:109EC000FFF7B8FF06B070BDABFFFFFFC3FFFFFF9A
:109ED000B30100002DE9F04791460F468046044645
:109EE000002614F8015B2DB1FFF712FA0068405DFF
:109EF000C007F6D12B2D02D02D2D18D0641E4A4656
:109F00003946204600F088FA27B13968A14201D1CC
:109F1000C7F800804FF0020471050BD540420028BD
:109F200003DDFFF701FA0460A007BDE8F08746F4FF
:109F30008066E4E70028F8DAFFF7F6F904606FF0CE
:109F40000040F2E70048704790B300200048704797
:109F5000B0B30020034640688C46002818BF8842F2
:109F60003CBF03464068F8D318681844884207D0BD
:109F70000CF1030020F00700001D411A521A01469F
:109F8000081D0A60FEF7E2BD30B5B0F10A024FEAE3
:109F9000900E71F100034EEA817EB0EB0E0061EB92
:109FA00091014FEA101E4EEA017E10EB0E0041EBCC
:109FB00011114FEA102E4EEA016E10EB0E0041EB2C
:109FC00011214FEA104E4EEA014E10EB0E0041EB0C
:109FD0001141401841F100014FEAD00040EA4170C0
:109FE0004FEAD10110EB80054FEA810444EA9074F6
:109FF00044EB01046D1944EB0404521BA3414FF0E0
:10A00000000348BF0A3200D530BD401C41F10001B9
:10A0100030BD10B50446FFF77BF90068005D00F025
:10A02000010010BD2DE9F0411F46044603260168DA
:10A03000072A01F4006004DB08B116A505E016A5A7
:10A0400003E008B115A500E015A521F0100020607F
:10A05000A069C01EA0610FB1401EA0612046FEF79E
:10A0600027FE4FB1D4E9012138469047206A401CB1
:10A070002062C01C206206E0206AFAE7D4E90121D0
:10A0800015F8010B9047761EF8D22046FEF726FE03
:10A09000BDE8F0814E414E006E616E00494E4600B3
:10A0A000696E66002DE9F34F4FF0000A0C465646E4
:10A0B0008DB001200C9001F10C000B9062690B989F
:10A0C0000121904705002DD0252D2CD0216A8847ED
:10A0D000C0B162690B9801219047216A8847002826
:10A0E000F7D16269411E0B98904700E0761CA16988
:10A0F0000D988847216A88470028F7D1E1690D98B3
:10A100008847DBE7A1690D988847A842074601D137
:10A11000761CD3E7E1690D9888477F1C02D1BAF11C
:10A12000000F6FD06BE162690B9800273D463946FE
:10A1300090472A2804D162690B9801219047012594
:10A14000DFF8D08262690B9801219047A0F13001BD
:10A150000A290AD24745E5DC07EB870100EB4107F6
:10A16000303FDFD445F01005ECE7E90601D46FF08D
:10A1700000476C280AD04C2814D0682815D06A28CB
:10A180000DD074281CD07A281AD01DE062690B9873
:10A19000012190476C2802D045F0040514E045F0F9
:10A1A00002050DE045F020050AE062690B980121E7
:10A1B0009047682802D045F0080505E045F40065A1
:10A1C00062690B9801219047C4E9015765283DD089
:10A1D00019DC58287AD00CDC452837D004DC252837
:10A1E00026D041289ED131E046282FD0472899D14A
:10A1F0002CE05B2877D0612828D063287CD06428A5
:10A2000023D15AE0F6E06F2848D008DC66281DD03C
:10A2100067281BD0692821D06E2816D127E0702826
:10A2200045D0732868D0752847D078280DD14DE0E7
:10A23000A1690D988847252805463FF469AFE16973
:10A240000D9888476D1C3FF46AAFD8E00D992346FE
:10A250006A466FF0010002F032F8C5E045F04000B8
:10A2600023464FF000026060A80736D43EE0E807BE
:10A270007FF447AF2068011D21600068290501D5E2
:10A2800006701BE7290701D5068017E7A90703D544
:10A29000F117C0E9006111E706600FE745F04000E3
:10A2A00023464FF008026060A80716D41EE040F66F
:10A2B0000E0125EA0100606016E045F040002346EB
:10A2C0004FF00A026060A80707D40FE045F0400095
:10A2D0006060A80708D5234610220D996FF0010091
:10A2E000AFF3008080E007E0102223460D996FF065
:10A2F0000100AFF3008077E04FF0000963284F467C
:10A30000C8464B46CB4602D05B2806D038E0E8066C
:10A3100001D40120A060012732E06269D4F80CB0BA
:10A320000B98012190475E2807D14FF0010949465B
:10A330006269D4F80CB00B989047216939B90021B3
:10A340000A4603AB43F82120491C0829FADBD8B39D
:10A35000216949B308F1010862690B98012190470E
:10A360005D28F4D1B9F1000F09D0002003A951F8FC
:10A370002020D24341F82020401C0828F7DB03AB03
:10A380002069002820794FEA40701ED05B462246A3
:10A39000CDF80080CDE901970D9900286FF00100FC
:10A3A00020DAAFF300801FE0C11703AA00EBD161F0
:10A3B0004B1121F01F0102EB8302411A13680120A7
:10A3C000884003431360C7E719E00D99224600282F
:10A3D0006FF00100009702DAAFF3008004E0AFF302
:10A3E000008001E0AFF3008000280ADA401C06D1AB
:10A3F0000C9820B14FF0FF300FB0BDE8F08F504601
:10A40000FAE7E90701D10AF1010A064400200C909D
:10A4100054E60000CCCCCC0C2DE9F05F824615460A
:10A420008B4600270AF10104B9460078302801D094
:10A430009DB113E014F8010B0127782803D05828A8
:10A4400001D045B10AE00DB1102D07D1002714F855
:10A45000010B102502E0082500E00A250026B04681
:10A460000EE005FB080005FB06F101271FFA80F846
:10A4700001EB1046B6F5803F00D3B94614F8010B46
:10A48000294600F0C2F80028EBDABBF1000F05D036
:10A490000FB1641E00E05446CBF80040B9F1000F44
:10A4A00006D0FEF741FF02210160C81EBDE8F09F03
:10A4B00048EA0640FAE700002DE9F04781461646D3
:10A4C0008AB0334878440DC88DE80D003048784490
:10A4D000801C03AC0DC884E80D0041F69B30084495
:10A4E000372190FBF1F290FBF1F5A5F1800501FB1E
:10A4F00012041B3C02D56442012000E00020DFF87A
:10A5000090A080460027FA44AAF1BE0A0DE0E007B9
:10A5100009D03246684607EB47010AEB810100F09B
:10A52000CCFD8DE8070064107F1C002CEFD1184F84
:10A530007F44AC3F18E0E80714D007EB04100DF19E
:10A54000180A90E80E008AE80E00C068F04201D1B7
:10A5500098190890324606A903A800F0AEFD03AB97
:10A5600083E807006D10641C002DE4D13246694673
:10A57000B8F1000F03A802D000F077FD01E000F071
:10A580009CFDC9E90001C9F808200AB0BDE8F087C0
:10A590001C940000007B00F08000704710B500F0B4
:10A5A00075FABDE8104000F06BBA7546FFF7CAFCBB
:10A5B000AE4605006946534620F00700854618B0B0
:10A5C00020B5E5F765FFBDE820404FF000064FF0ED
:10A5D00000074FF000084FF0000B21F00701AC46D8
:10A5E000ACE8C009ACE8C009ACE8C009ACE8C009F7
:10A5F0008D46704710B5FEF797FE006810BD10B588
:10A600000446FEF791FE046010BD3A2800D23038AF
:10A6100020F02002412A01D3A2F13700884201D361
:10A620004FF0FF30704700002DE9FF4F1F464FF0FD
:10A630003C0987B04FF00042DDE9141001F1010838
:10A64000DDF858A002EA40500390002004908346B1
:10A65000054604460590B969461E08988847AAF140
:10A66000010A0290BAF1000F37DD02982E2815D0AA
:10A670001021FFF7CAFF00282ADB4FF0010B0499D5
:10A68000014316D0B9F1000F0BDB4A46C11700F0A9
:10A6900025FA05430C43A9F1040905E001200590C2
:10A6A00007E008B145F0010501200490059800B9C4
:10A6B000361DB969089808F101088847BBF1000FF9
:10A6C000AAF1010A0290CDD00999C1F80080C9E72A
:10A6D0000298702808D0502806D0F9690898884751
:10A6E000BBF1000F14D04FE0002002900120BBF11D
:10A6F000000F049009D0B969089808F1010888474B
:10A70000AAF10109B9F1000F07DCF9690898884737
:10A710006FF001000BB0BDE8F08F2B2804D02D287E
:10A720000CD14FF0FF300490B969089808F1010886
:10A730008847A9F10109B9F1000FE6DD411CE4D019
:10A740000A21FFF762FF0028DFDB029908F1010808
:10A7500001EB810100EB41000290B969089888473C
:10A760000A21FFF752FF099AA9F10109B9F1000F77
:10A77000C2F8008001DD0028E7DAF9690898884707
:10A780000499029800FB016655EA040004D004F025
:10A790004041090002D006E0039898E0A40044EA92
:10A7A0009574AD00B61E04F00041080002D16D1989
:10A7B0006441761E159810F0240F03D04FF00B095A
:10A7C0005C4803E04FF028096FF07D008246564553
:10A7D00007DAAAEB06018944B9F1410F01DD4FF018
:10A7E000410901200021A9F1010200F077F9024698
:10A7F00028400B462140084301D0012100E0002100
:10A80000501E029143F1FF3128402140084301D0FE
:10A81000012000E000200299834651EA0B014FD04D
:10A82000002108464FF00000039900F4400039B1C0
:10A8300000EB80004FF4400100EBD07001EA6000B3
:10A840008015012802DD4FF0FF3000E013D0401CDE
:10A8500036D0029860B3BBF1000F0CD14A460120FC
:10A86000002100F03BF928402140084301D001209D
:10A8700000E00020E0B101204A46002100F02EF95E
:10A88000034640190A4661412D1A8C4111D3B9F192
:10A89000400F09DD159810F0240F02D0AAF13406FC
:10A8A00003E0AAF1170600E0761C00254FF00044F3
:10A8B00006E05B1E42F1FF3220EA030521EA0204B2
:10A8C000CAF10100B04206DA1B490398084301901F
:10A8D000002000900EE0039AC4F3D321E80A0A4353
:10A8E000164940EA44500A433146CDE90002684621
:10A8F00000F09CFD159810F0240F0BD01598C007A0
:10A9000015D13868DDE90012031D3B600068C0E91D
:10A9100000120CE002A8694600F03CFD1598C00743
:10A9200005D13868029A011D39600068026040460E
:10A93000F0E6000002FCFFFF0000F07F0000F03FA7
:10A940002DE9FF4F92461D4685B04FF00041DDE9ED
:10A95000124BDDE914727F1E01EA4B50414940F071
:10A96000FF4940EA0108002122F020004928049113
:10A9700002D04E2828D04CE03BA0012607C88DE825
:10A980000700A9690698641C88477F1E014606D403
:10A990001DF8060018B121F0200181420BD0E969B1
:10A9A00006988847032E34D0082E32D06FF001006D
:10A9B00009B0BDE8F08F761C032E01D0082EE0D13F
:10A9C000601CCAF80000DCE7A9690698641C884787
:10A9D0007F1E2AD420F02000412826D1A96906989C
:10A9E000641C88477F1E20D420F020004E281CD1F4
:10A9F000A9690698641C88477F1E48F4002849F41A
:10AA00008009CAF8004001D4282806D0E9690698D0
:10AA100088475FEACB7012D022E0A9690698641CCF
:10AA200088477F1E01D4002803DAE9690698884721
:10AA3000BCE72928F1D1641CCAF80040E9E71BF003
:10AA4000240F07D028680499031D2B600068C0E913
:10AA5000001805E02868021D2A600068C0F8009010
:10AA60002046A5E70000F07F494E46494E4954591B
:10AA7000000000000446AFF300802046E5F7E6FB47
:10AA8000002801D0E8F7BEBE7047000010B50128CD
:10AA900005D0002103A000F034F8012010BD09A169
:10AAA000F8E7000053494752544D454D3A204F7541
:10AAB00074206F662068656170206D656D6F7279B6
:10AAC000000000003A2048656170206D656D6F726E
:10AAD0007920636F7272757074656400B2F120033F
:10AAE0000AD5C2F1200301FA02F120FA03F300FAB9
:10AAF00002F041EA0301704700FA03F14FF0000051
:10AB0000704770B505460C460A2000E06D1CE8F75A
:10AB10007CFE35B128780028F8D102E0641CE8F703
:10AB200074FE14B120780028F8D1BDE870400A20E6
:10AB3000E8F76BBE5FEA400C08BF91F0000F4FEAE8
:10AB40008C234FEAC12243EA51514FEA1C5018BFEF
:10AB500000F5F0404FEA300018BF41F000415FEAD5
:10AB60006C5C00F02980BCF1FF3F08BF40F08040E2
:10AB70007047130C06BF12044FF0100C4FF0000C7E
:10AB8000130E04BF12020CF1080C130F04BF1201C4
:10AB90000CF1040C930F04BF92000CF1020CD30FC4
:10ABA00004BF52000CF1010C11464FF00002A0F15D
:10ABB0001F00A0EB0C00704711F0004F08BF70475A
:10ABC00031F000413FF4D5AF0B0C06BF09044FF044
:10ABD000100C4FF0000C0B0E04BF09020CF1080C16
:10ABE0000B0F04BF09010CF1040C8B0F04BF89008B
:10ABF0000CF1020CCB0F04BF49000CF1010CCCF19D
:10AC00002003A0EB0C0022FA03F302FA0CF241EA53
:10AC1000030100F10100704720F07F4C80EA03003F
:10AC200023F07F47ACEB070303F57C5300F00040B3
:10AC300003F1FF032DE980494FEA154B09B44FEAB0
:10AC4000144325EA0B4E24EA03480FF2042606EBD0
:10AC5000132749083E785FEA320203FB0667C7F50F
:10AC6000000707FB06F64FEA54374FEAD64606F1CF
:10AC7000020607FB066CCCF1005C4FEA1C472CEA8D
:10AC8000074C07FB06F40CFB06F504EB15464FEAF0
:10AC9000961634BF00204FF000404FEAD13706FB34
:10ACA00007FC4FEA1C4C0CFB0BF7D21B03FB0CF709
:10ACB00061EB07010CFB0EF7B0EB074072EB17429C
:10ACC0000CFB08F734BFA2EB0742B2EB074261EB83
:10ACD00017414FEA0C444FEA910706FB07FC4FEA85
:10ACE0001C4C0CFB0BF7B0EBC74072EB573203FB6D
:10ACF0000CF734BFA2EBC742B2EBC74261EB57314E
:10AD00000CFB0EF7B0EBC70072EB57720CFB08F7A9
:10AD100034BFA2EBC702B2EBC70261EB5771039FCE
:10AD20004FEA816141EA921104EBCC044FEAD1373A
:10AD30004FEA826206FB07FC42EA90124FEA80600B
:10AD40004FEA1C4C0CFB0BF7D21B03FB0CF761EB1F
:10AD500007010CFB0EF7B0EB074072EB17420CFB40
:10AD600008F734BFA2EB0742B2EB074261EB174191
:10AD70004FEA8C554FEA910704EB9C2406FB07FC35
:10AD80004FEA1C4C0CFB0BF7B0EBC74072EB573291
:10AD900003FB0CF734BFA2EBC742B2EBC74261EB37
:10ADA00057310CFB0EF7B0EBC70072EB57720CFB80
:10ADB00008F734BFA2EBC702B2EBC70261EB5771D1
:10ADC00015EB4C254FEA816141EA92114FEA82620C
:10ADD0004FEAD13742EA901206FB07FC44F1000427
:10ADE0004FEA80604FEA1C4C0CFB0BF7D21B03FBB5
:10ADF0000CF761EB07010CFB0EF7B0EB074072EBB1
:10AE000017420CFB08F734BFA2EB0742B2EB074234
:10AE100061EB174115EB1C154FEA813141EA924174
:10AE20004FEA823242EA90424FEA80304FEA0C7693
:10AE300044F1000448EA03434EEA0B484FF0000E89
:10AE4000B2EB080C71EB030724BF624639464EEBA8
:10AE50000E0E4FF0000B0018524149414BEB0B0B0B
:10AE6000B2EB080C71EB03077BF1000B24BF6246C9
:10AE700039464EEB0E0E4FF0000B0018524149417F
:10AE80004BEB0B0BB2EB080C71EB03077BF1000BE8
:10AE900024BF624639464EEB0E0E51EA020718BF38
:10AEA00046F0010616EB0E7655F1000254F1000152
:10AEB00003D5BDE88901BDE80088BDE88901BDE88A
:10AEC0000048B619524141EB0101A3F1010370475B
:10AED00080807F7E7D7C7B7A7978777676757473D7
:10AEE000727171706F6E6E6D6C6C6B6A6A69686896
:10AEF000676666656464636362616160605F5F5E2C
:10AF00005E5D5D5C5C5B5B5A5A59595858575756A1
:10AF10005655555554545353525252515150505006
:10AF20004F4F4F4E4E4D4D4D4C4C4C4B4B4B4A4A58
:10AF30004A4949494848484747474746464645459C
:10AF400045444444444343434342424242414141D5
:10AF500046EA0646A3F570534FEA164646EA4256BD
:10AF60004FEAD22242EA415210B54FEAD121A3F171
:10AF7000010300F017F820F0004000F1010C00F090
:10AF8000004701EB00501146BCF5006F40EA070096
:10AF900000D210BD02484FF0000140EA070010BD8A
:10AFA0000000F07F002B26D4770021D01CB54FEA9B
:10AFB000370703B44FF010004FF010014FF00000BE
:10AFC0000FBCBDE810400BF1010BBBF1010F08BF36
:10AFD0005FEA170722BF12F1010211F101014FF0E0
:10AFE000004143F1000300F0004043EA00007047D5
:10AFF000F9D35708DAE746EA064613F1400F4FEA5D
:10B0000016461FDD13F1200FDFBF16430A4600214D
:10B0100020335B42C8D0C3F1200746EA064602FA55
:10B0200007F74FEA164646EA0706C3F1200722FA59
:10B0300003F201FA07F721FA03F14FF0000342EAA5
:10B040000702B1E746EA020646EA06464FEA164616
:10B0500046EA0106BCBF46EA0646360C4FF000033E
:10B060004FF000024FF000019EE72DE9C0489346E3
:10B0700030B491E8380007C831EA400C48BF34EAE0
:10B08000430C03D5FFF7C8FDFFF78CFFF0BCBDE80C
:10B0900000882DE9C048934630B491E8380007C8CD
:10B0A00031EA400C48BF34EA430C03D5FFF7B4FD46
:10B0B000FFF74EFFF0BCBDE800882DE9C04893467D
:10B0C00030B491E8380007C810F0804F08BF13F083
:10B0D000804F03D100F019F8FFF764FFF0BCBDE822
:10B0E00000882DE9C048934630B491E8380007C87D
:10B0F00010F0804F08BF13F0804F03D100F005F827
:10B10000FFF726FFF0BCBDE8008820F07F4780EA0B
:10B11000030023F07F4C07EB0C03A3F57C5300F0F6
:10B120000040A3F1FE0392F0000F00F0B38095F011
:10B13000000F00F077802DE901494FEA11404FEAF6
:10B14000144621EA004800FB06FC24EA064708FBF7
:10B1500006F607FB08F800FB07F718EB06484CEB70
:10B16000164C4FEA124B18EB07484FEA15464CEBCA
:10B17000174022EA0B4E0BFB06FC25EA06470EFBA6
:10B1800006F607FB0EFE0BFB07F71EEB064E4CEB1D
:10B19000164C4FF000061EEB074E4CEB174B18EB0E
:10B1A0000B0840F1000018EB0E0B58EB000840F1C3
:10B1B00000008F1A4FF000013CBFC943661B14BF4B
:10B1C000B5EB040C00213CBFC943F61B4FEA174402
:10B1D0004EEA8E0E27EA04454FEA1C4704FB07623D
:10B1E0002CEA074C05FB07F70CFB05F604FB0CFCEF
:10B1F00016EB074642EB174216EB0C4642EB1C429D
:10B200001BEB060658EB0202414146EA9E0601D5B9
:10B21000BDE80189B619524141EB0101A3F10103D7
:10B22000BDE801894FEA14454FEA114724EA054673
:10B2300021EA074C05FB07F406FB07F70CFB06F1B8
:10B2400005FB0CFC11EB074144EB17444FEA124796
:10B2500011EB0C4144EB1C4422EA074C05FB07F2BE
:10B2600006FB07F70CFB06F605FB0CFC16EB074686
:10B2700042EB174216EB0C4642EB1C456A1854F1A0
:10B28000000148BF7047B619524141EB0101A3F1DB
:10B290000103704795F0000F37D04FEA11424FEA93
:10B2A000144721EA024624EA074C02FB07F106FB99
:10B2B00007F70CFB06F402FB0CFC14EB074441EB14
:10B2C00017414FEA154714EB0C4441EB1C4125EAAA
:10B2D000074C02FB07F506FB07F70CFB06F602FB23
:10B2E0000CFC16EB074645EB174516EB0C4645EBF9
:10B2F0001C42121951F1000148BF7047B619524162
:10B3000041EB0101A3F1010370474FEA14454FEAF5
:10B31000114724EA054621EA074C05FB07F106FB25
:10B3200007F70CFB06F24FF0000605FB0CFC12EBD6
:10B33000074241EB174112EB0C4251EB1C4148BF55
:10B340007047921841EB0101A3F1010370474900D6
:10B3500050EAC12018BF04204A0D18BF40F0010078
:10B3600040F2FF72B2EB515F08BF40F002000128CB
:10B3700008BF0520704740F2013200204FF0E04145
:10B3800000F06FBF024A0020110700F06ABF000002
:10B3900001FDFFFF10B50446D1E9000100F002F8FD
:10B3A000206010BDF8B504460D466A4600F050F81E
:10B3B00000987E30009000281FDC002213462046B3
:10B3C000294600F083FA18D0002140F608004FF01B
:10B3D000000006462046294600F0DAF8044640F60A
:10B3E000080006EA00014FF0000034F0004004BFFE
:10B3F0000220FFF704F92046F8BD0098FF280DDB76
:10B400000220FFF7FCF8002213462046294600F0F0
:10B410005BFC8CBF04484FF0FF40F8BD2046294636
:10B42000BDE8F84000F0B4B8000080FF10B5044655
:10B430000A46D4E90003194600F036F8C4E90001D1
:10B4400010BD30380A2801D2012070470020704713
:10B4500010B5144600222260114A21F000439342A5
:10B46000A8BF10BD53EA000208BF10BDB3F5801F8E
:10B47000A8BF226807DA362200F0F3FE6FF035022B
:10B4800021F000432260DFF81CC06FF31E510CEB6B
:10B4900023531A4441F0FF5141F00051226010BD86
:10B4A0000000F07F02FCFFFF2DE9F04106460C464C
:10B4B00040F2FF75174635EA14502BD00022134690
:10B4C000304600F003FA25D03A463046214600F0D7
:10B4D000C8FE06460C4635EA145010D0002213462A
:10B4E000304600F0F3F915D10220FFF788F8FFF796
:10B4F00049FF0A46214662F31E01BDE8F0810220A1
:10B50000FFF77DF8FFF737FF0A46214662F31E0179
:10B51000BDE8F08130462146BDE8F08100B583B03A
:10B520000A460021CDE9001101466846FEF7A0FC5D
:10B53000DDE9000103B000BD10B500290AD008788C
:10B54000002807D005487844FDF79EFE002801D06A
:10B55000002010BD0248784410BD0000A684000001
:10B560009E84000010B500290AD00878002807D072
:10B5700005487844FDF788FE002801D0002010BD62
:10B580000248784410BD00008A85000082850000D2
:10B5900021F00042A2F16052B2F5801F01F0004399
:10B5A00028BFD2F17F6C0BD95FEA001C43EAC202CC
:10B5B00042EB507018BF704728BF20F00100704761
:10B5C000B2F5801FBCBF184670474FEA410C1CF50E
:10B5D000001F02D2084600F0DABD70B500F020FB73
:10B5E00000000089FFF7F6BF4FF00040A0F5800093
:10B5F0007047000002494FF0000000F000BE00BF9D
:10B600000000F87F491058BFC1F140415B1058BF9E
:10B61000C3F140438B42EFF3008070472DE9C041F6
:10B6200030B4DFF8A0C23CEA111418BF3CEA13148E
:10B6300000F0EC8081EA03051CEA111444EAD57499
:10B6400018BF1CEA131500F0C780A4EB05044FF0E7
:10B65000004545EAC12145EAC32341EA505143EA86
:10B66000525304F17F74994204F500344FEAC0202C
:10B670004FEAC22208BF904200F09C804FEA136557
:10B680000FF24016765D4FEA134506FB05F7C7F14A
:10B69000807706FB07F74FEAD737A7FB03687642A8
:10B6A000C8F58038A7FB06CE38BFA8F1010807FB14
:10B6B00008E64FF0000EA6FB028CE6FB03CEDCF1A1
:10B6C000000CCEF1004E38BFAEF1010EA6FB0C58B7
:10B6D0004FF000074FF00005E6FB0E87A1FB08C600
:10B6E000A0FB07CE16EB0E0645F10005E1FB076552
:10B6F00015F1E04E7EBFA4F580345FEA46066D4149
:10B7000016F1800745F100054FEA17274FEA066654
:10B7100047EA0567A6F1DE46B6F1805F4FEA1525D8
:10B720001FD9384624F0010C05EBC471BCF1FE6F43
:10B7300001EB0C1102D8F0BCBDE8008124425CBFD3
:10B7400001F5801E9EEAC47F02D4F0BCBDE80081F2
:10B75000244238D4F0BCA1F1C041BDE8004100F062
:10B76000ADBA4FEAD22242EA43524FEAD323A7FBB3
:10B7700002864FEAD02040EA415007FB03661EEAEA
:10B780000E0F4FEAD12105FB026658BFA6EB00560B
:10B79000B6EB00564FEA520E4EEAC37E18EB0E0E81
:10B7A00056EB530EBDD518EB02085E417F1C55F1D8
:10B7B0000005B6E74FF480154FF000074FF0000684
:10B7C0004FF00008ADE7F0BC4FF0000001F1C041C0
:10B7D00001F00041BDE8008111EA0C1F0CEA1315CD
:10B7E00000D00CE013EA0C1F00F025804FF00000A1
:10B7F000F0BC81EA030101F00041BDE80081F0BC2A
:10B80000BDE8004181EA030100F058BAF0BCBDE890
:10B81000004170B500F004FA097EFC3E00F007B864
:10B8200081EA03014FF0000001F00041704781EA16
:10B83000030100F043BAF0BCBDE800414FF0000046
:10B8400021497047FFFDFBF9F7F5F4F2F0EEEDEB5F
:10B85000E9E8E6E4E3E1E0DEDDDBDAD8D7D5D4D30E
:10B86000D1D0CFCDCCCBCAC8C7C6C5C4C2C1C0BF5A
:10B87000BEBDBCBBBAB9B8B7B6B5B4B3B2B1B0AF60
:10B88000AEADACABAAA9A8A8A7A6A5A4A3A3A2A144
:10B89000A09F9F9E9D9C9C9B9A99999897979695FF
:10B8A00095949393929191908F8F8E8E8D8C8C8B9B
:10B8B0008B8A898988888787868585848483838223
:10B8C000828181800000FF070000F87F51EA030CAD
:10B8D00017D41CF5801F58BFBCF5801F00F10680EF
:10B8E000994218BF704708BF9042704707D711F5BB
:10B8F000801F58BF13F5801F19D4994270478942A1
:10B9000070471CF5801F08D5BCF5801FF7D58B420A
:10B9100018BF704708BF824270474FF4001C1CEBF1
:10B92000410F38BF1CEB430F01D28B42704770B5FB
:10B9300000F076F9922449004FF000514FF0805307
:10B94000FFF760BE4FEA41034FEA5353A3F580630C
:10B95000D3F11E03C8BFD3F1210C0CDD4FF0004220
:10B9600042EAC12242EA505232FA03FC8CEAE17CFC
:10B97000ACEBE1707047102BC4BF0020704703F59B
:10B98000787CBCF1FF3F04D06FF0004282EA2100D6
:10B99000704770B500F044F9499224800020704748
:10B9A000F2E700004FEA1153A3F58063D3F11E03C1
:10B9B000A8BFD3F1200C08DB4FF0004242EAC122BD
:10B9C00052EA505232FA03F0704709420BD4102B5E
:10B9D000C4BF0020704703F5787CBCF1FF3F05D061
:10B9E0004FF0FF3070474FF00000704770B500F027
:10B9F00017F900BF4992248000207047F0E710F04B
:10BA0000004248BF4042B0FA80F310FA03F10AD076
:10BA1000C3F11D0303F580634FEA415002EB03526B
:10BA200002EBD12170474FF000007047B0FA80F36D
:10BA300010FA03F10AD0C3F11D0303F580634FEA46
:10BA400041504FEA035202EBD12170474FF0000002
:10BA50007047000051EA030C17D41CF5801F58BF33
:10BA6000BCF5801F00F10680994218BF704708BFDF
:10BA70009042704707D711F5801F58BF13F5801FFC
:10BA800019D499427047894270471CF5801F08D528
:10BA9000BCF5801FF7D58B4218BF704708BF8242A4
:10BAA00070474FF4001C1CEB410F38BF1CEB430FD9
:10BAB00001D28B42704770B500F0B2F89224490071
:10BAC0004FF000514FF08053FFF79CBDDFF848C1A5
:10BAD00070B51CEA111E1EBF1CEA13159EEA0C0F5E
:10BAE00095EA0C0F00F06F8081EA030423EA4C13FF
:10BAF0004EEAD47E21EA4C1141F4801143F48013C4
:10BB0000AE44A1FB024CA0FB0365AEF17F7E36196B
:10BB100055EB0C05A1FB034C4CF10003A0FB021CF0
:10BB200016EB0C06654153F10003094218BF46F0BD
:10BB3000010613F4007F0BD14FEA03314FEA0530C1
:10BB4000340341EA155140EA16506FF003020AE04F
:10BB50004FEAC3214FEAC520F40241EA555140EAB9
:10BB600056506FF0020202EB2E4201EB025585EABD
:10BB7000CE710AD05FEA440C18BF24F0004450F1A3
:10BB8000000041F1000120EAD47040F2FE7C6245E1
:10BB900000D270BDA84214BF4FF080444FF0404423
:10BBA000002E08BF0024BEF1806FA8BFA1F1C041E4
:10BBB000BDE8704080F282804FF0000001F1C0418A
:10BBC00001F0004170479EEA0C0F0CEA131518BFF4
:10BBD00095EA0C0F06D04FF0000081EA030E0EF03C
:10BBE000004170BD00F01CF88900013E00F007B86C
:10BBF00000F009B84FEA430C5FEA5C5C08D081EAC8
:10BC0000030100F05BB84FEA410C5FEA5C5CF6D1DF
:10BC10004FF00000014970470000FF070000F87F67
:10BC20000EF1020E2EF0030E5EF8046B364205D4C0
:10BC3000012A43EB030515F5001F12D8012841EB3B
:10BC4000010C1CF5001F0CD80ED14FEAD17C15F564
:10BC5000001F0CEB4C0C0CF1020C08BF4CEBD37C1E
:10BC600004E04FF0080C01E04FEAD37C0CEB4C05EC
:10BC700026FA05F606F00706B6F1040C06D20EEB1E
:10BC8000860CBDE870404CF0010C6047DFE80CF01A
:10BC9000090B02024FF000414FF00000A1F5002116
:10BCA00070BD19461046012851EB010418BFD4F5A8
:10BCB000001484BF002001F0004170BD0808A0F509
:10BCC00000114FEA3101704753EA010C17D41CF5FB
:10BCD000801F58BFBCF5801F00F106808B4218BF43
:10BCE000704708BF8242704707D713F5801F58BFBF
:10BCF00011F5801F19D48B4270479B4270471CF589
:10BD0000801F08D5BCF5801FF7D5994218BF704732
:10BD100008BF904270474FF4001C1CEB430F38BF24
:10BD20001CEB410F01D2994270470FB40CBC03BC0D
:10BD3000FFF7C1BE43004FEAD30C4FEA3C0C43402F
:10BD40001FBF40070CF1605113F0FE4F70471CF00D
:10BD5000006F03D100200CF0004170470CF000434D
:10BD600043EA507010B540EACC0000F0CAF900BFB9
:10BD7000000000924FEA0001FFF7A0BF4FF0004122
:10BD80004FF00000A1F500217047401058BFC0F1EE
:10BD90004040491058BFC1F140418142EFF300805B
:10BDA000704700004FF47F0C1CEAD0121EBF1CEA43
:10BDB000D11392EA0C0F93EA0C0F00F0858090EA01
:10BDC000010F48BF42F4807240F4000C41F40000BF
:10BDD0002CF07F4120F07F4000B58142A2EB0302AE
:10BDE0000FF2081CACEB504EC0F100009EF800E0D2
:10BDF0004FEA4E0E00FB0EFC38BF49004FEA2C1CE8
:10BE000002F5FA020CFB0EF34FEACE1E4FEA112C9C
:10BE10004FEAC1210EEB635E42EB22420EFB0CFCAB
:10BE20004FEA1C5300FB03114FEA112C4FEA01317A
:10BE30000EFB0CFC4FEADC4C00FB0C11C14228BF8E
:10BE400009184CEB03335DF804EB10EB410143EBB5
:10BE5000C250B2F57C0F38BF704729D512F0F00FF1
:10BE60001CBF00F1C04000F0004070470081828399
:10BE70008485868788898B8C8D8E8F9192939596F9
:10BE800097999A9C9D9FA0A2A3A5A7A8AAACAEB083
:10BE9000B2B3B5B7B9BCBEC0C2C5C7C9CCCED1D488
:10BEA000D7D9DCDFE2E6E9ECF0F3F7FAFE000000B8
:10BEB0004FEA400C0CF1807CBCF17E4F28BF7047EC
:10BEC000B0F1C04000F063B990EA010F0CEAD11361
:10BED00048BF42F48072624538BF634507D213F40D
:10BEE0007F0F16D080EA010000F00040704710B5C7
:10BEF00000F007F9097EFC3E00F005B880EA010079
:10BF000000F00040704780EA010000F0004000F0BF
:10BF10003EB912F47F0F04BF0248704780EA010067
:10BF200000F035B90000C07FC10DD1F19E0206DBE3
:10BF30004FEA002343F0004323FA02F07047004227
:10BF400007D54FEA4001B1F1FE4F02D24FF0000099
:10BF5000704710B500F0D5F8499224800020704752
:10BF60006FEA20007047000010F0004148BF4042D7
:10BF7000B0FA80F310FA03F2C3F19D030BD051EA3B
:10BF8000C35101EB1220530638BF704700F1010086
:10BF900008BF20F00100704750EA010C00F1138047
:10BFA0001CF5000F58BFBCF5000F01D48842704744
:10BFB00007D710F5000F58BF11F5000F15D48842B0
:10BFC0007047894270471CF5000F04D5BCF5000F7F
:10BFD000F7D5814270474FF0807C1CEB400F38BF93
:10BFE0001CEB410F01D28142704710B500F089F877
:10BFF000922449004FF000504FF08051FFF7C5BE2A
:10C000004FF47F0C1CEAD0121EBF1CEAD11392EA37
:10C010000C0F93EA0C0F00F0478090EA010F48BF25
:10C0200042F480724FF0004C4CEA00204CEA0121AF
:10C0300002EB0302A0FB0113A2F50002002918BFC6
:10C0400043F001035B0028BF4FEA330342EB224277
:10C050005FEA132C4CEBC2502EBFBCEB436FB2F522
:10C060007C0F70474FEA036CBCF1004F08BF20F013
:10C070000100B2F57C0F38BF70470BD582F0FF028C
:10C0800012F5803FC8BF704700F1C040D8BF00F034
:10C090000040704700F5000C5FEA4C0C48BF704749
:10C0A000B0F1C04000F073B890EA010F0CEAD11370
:10C0B00048BF42F48072624538BF634504D280EACB
:10C0C000010000F00040704710B500F01AF800BF02
:10C0D0008900013E00F007B800F009B85FEA410CA2
:10C0E0005FEA1C6C08D080EA010000F050B85FEAFB
:10C0F000400C5FEA1C6CF6D14FF00040A0F58000C8
:10C1000070470EF1020E2EF0030E5EF8044B24422F
:10C1100004D44FEA4102B2F17F4F11D84FEA4003F5
:10C12000B3F17F4F0CD80ED14FEAD07CB2F17F4FE4
:10C130000CEB4C0C0CF1020C08BF4CEBD17C04E076
:10C140004FF0080C01E04FEAD17C0CEB4C0324FAD1
:10C1500003F404F00704B4F1040C06D20EEB840CD3
:10C16000BDE810404CF0010C6047DFE80CF0070818
:10C1700002024FF00040A0F5800010BD08464200CA
:10C1800018BFD2F1807288BF00F0004010BDFF21BF
:10C1900041EAD050C005704751EA000C00F113800D
:10C1A0001CF5000F58BFBCF5000F01D48142704749
:10C1B00007D711F5000F58BF10F5000F15D48142B5
:10C1C0007047894270471CF5000F04D5BCF5000F7D
:10C1D000F7D5884270474FF0807C1CEB410F38BF89
:10C1E0001CEB400F01D28842704780EA010081EACF
:10C1F000000180EA0100FFF7F8BEFDF717BA0CF066
:10C200000F03092B08BF082000F05F800A2B0BD01A
:10C21000082B18BF704708BF1CF0400F0AD04FF022
:10C2200000004FF0000170471CF0400F18BF4FF0A6
:10C23000004070471CF0100F08D020F0704300F051
:10C240007F4242EAD3014FEA4370704700F06040FA
:10C2500021F07F4242EA000201F07F4040EA727022
:10C2600070474FF0FF0C4CF4E06C1CEA11531CBFFC
:10C270009CEA030C9445C2BFDA4201EB02517047BD
:10C28000002B0DD0BCF1000F0FD0002A01F00041AF
:10C29000A4BF41F0E04141F07F614FF000007047E2
:10C2A00001F000414FF00000704750EA01334FF0B9
:10C2B0009B0C18BF4CF0806C7FF49CA97047FDF775
:10C2C0002FBCFEF7B1B9FEF73BBB1CF4801F11D0A9
:10C2D0001CF4E02F03D06FEACC31490070474FF0D7
:10C2E0004050EFF3008222F0704242EA000282F3F3
:10C2F000008870474FF000007047666BD5667C621F
:10C30000595E685AA8561453AC4F6C4C53495F465B
:10C310008E43DD404C3ED83B8039443720351533C1
:10C320002131432F792DC42B212A90281027A025B5
:10C330004024EF22AC2176204C1F301E1E1D181CFD
:10C340001C1B2B1A431964188E17C116FC153E15B9
:10C350008814D81330138E12F2115C11CC104110D6
:10C36000BB0F3A0FBE0E460ED30D640DFA0C930CA4
:10C370002F0CCF0B730B1A0BC40A710A210AD509B3
:10C3800089094109FB08B80877083908FC07C10783
:10C39000890752071D07EA06B80689065A062D06C0
:10C3A0000206D805AF05880562053D051905F604A6
:10C3B0000003030601040602050003051F1C1F1EDF
:10C3C0001F1E1F1F1E1F1E1F3031323334353637DC
:10C3D0003839414243444546A400E8A1A700ECA1F6
:10C3E000A800A7A1B000E3A1B100C0A1B700A4A11B
:10C3F000D700C1A1E000A4A8E100A2A8E800A8A875
:10C40000E900A6A8EA00BAA8EC00ACA8ED00AAA82A
:10C41000F200B0A8F300AEA8F700C2A1F900B4A8DA
:10C42000FA00B2A8FC00B9A80101A1A81301A5A8AF
:10C430001B01A7A82B01A9A84D01ADA86B01B1A8AC
:10C44000CE01A3A8D001ABA8D201AFA8D401B3A854
:10C45000D601B5A8D801B6A8DA01B7A8DC01B8A8FA
:10C46000C702A6A1C902A5A19103A1A69203A2A6F3
:10C470009303A3A69403A4A69503A5A69603A6A634
:10C480009703A7A69803A8A69903A9A69A03AAA604
:10C490009B03ABA69C03ACA69D03ADA69E03AEA6D4
:10C4A0009F03AFA6A003B0A6A103B1A6A303B2A6A3
:10C4B000A403B3A6A503B4A6A603B5A6A703B6A670
:10C4C000A803B7A6A903B8A6B103C1A6B203C2A622
:10C4D000B303C3A6B403C4A6B503C5A6B603C6A6D4
:10C4E000B703C7A6B803C8A6B903C9A6BA03CAA6A4
:10C4F000BB03CBA6BC03CCA6BD03CDA6BE03CEA674
:10C50000BF03CFA6C003D0A6C103D1A6C303D2A642
:10C51000C403D3A6C503D4A6C603D5A6C703D6A60F
:10C52000C803D7A6C903D8A60104A7A71004A1A7CA
:10C530001104A2A71204A3A71304A4A71404A5A777
:10C540001504A6A71604A8A71704A9A71804AAA744
:10C550001904ABA71A04ACA71B04ADA71C04AEA713
:10C560001D04AFA71E04B0A71F04B1A72004B2A7E3
:10C570002104B3A72204B4A72304B5A72404B6A7B3
:10C580002504B7A72604B8A72704B9A72804BAA783
:10C590002904BBA72A04BCA72B04BDA72C04BEA753
:10C5A0002D04BFA72E04C0A72F04C1A73004D1A714
:10C5B0003104D2A73204D3A73304D4A73404D5A7B7
:10C5C0003504D6A73604D8A73704D9A73804DAA784
:10C5D0003904DBA73A04DCA73B04DDA73C04DEA753
:10C5E0003D04DFA73E04E0A73F04E1A74004E2A723
:10C5F0004104E3A74204E4A74304E5A74404E6A7F3
:10C600004504E7A74604E8A74704E9A74804EAA7C2
:10C610004904EBA74A04ECA74B04EDA74C04EEA792
:10C620004D04EFA74E04F0A74F04F1A75104D7A77C
:10C630001420AAA11620ACA11820AEA11920AFA1E8
:10C640001C20B0A11D20B1A12620ADA13020EBA15E
:10C650003220E4A13320E5A13B20F9A10321E6A18A
:10C660001621EDA16021F1A26121F2A26221F3A2C3
:10C670006321F4A26421F5A26521F6A26621F7A246
:10C680006721F8A26821F9A26921FAA26A21FBA216
:10C690006B21FCA29021FBA19121FCA19221FAA186
:10C6A0009321FDA10822CAA10F22C7A11122C6A170
:10C6B0001A22CCA11D22D8A11E22DEA12022CFA1A8
:10C6C0002522CEA12722C4A12822C5A12922C9A1A1
:10C6D0002A22C8A12B22D2A12E22D3A13422E0A14A
:10C6E0003522DFA13622C3A13722CBA13D22D7A11B
:10C6F0004822D6A14C22D5A16022D9A16122D4A181
:10C700006422DCA16522DDA16E22DAA16F22DBA109
:10C710009922D1A1A522CDA11223D0A16024D9A212
:10C720006124DAA26224DBA26324DCA26424DDA2F9
:10C730006524DEA26624DFA26724E0A26824E1A2C9
:10C740006924E2A27424C5A27524C6A27624C7A2D5
:10C750007724C8A27824C9A27924CAA27A24CBA2B9
:10C760007B24CCA27C24CDA27D24CEA27E24CFA289
:10C770007F24D0A28024D1A28124D2A28224D3A259
:10C780008324D4A28424D5A28524D6A28624D7A229
:10C790008724D8A28824B1A28924B2A28A24B3A271
:10C7A0008B24B4A28C24B5A28D24B6A28E24B7A269
:10C7B0008F24B8A29024B9A29124BAA29224BBA239
:10C7C0009324BCA29424BDA29524BEA29624BFA209
:10C7D0009724C0A29824C1A29924C2A29A24C3A2D9
:10C7E0009B24C4A20025A4A90125A5A90225A6A9C8
:10C7F0000325A7A90425A8A90525A9A90625AAA94D
:10C800000725ABA90825ACA90925ADA90A25AEA91C
:10C810000B25AFA90C25B0A90D25B1A90E25B2A9EC
:10C820000F25B3A91025B4A91125B5A91225B6A9BC
:10C830001325B7A91425B8A91525B9A91625BAA98C
:10C840001725BBA91825BCA91925BDA91A25BEA95C
:10C850001B25BFA91C25C0A91D25C1A91E25C2A92C
:10C860001F25C3A92025C4A92125C5A92225C6A9FC
:10C870002325C7A92425C8A92525C9A92625CAA9CC
:10C880002725CBA92825CCA92925CDA92A25CEA99C
:10C890002B25CFA92C25D0A92D25D1A92E25D2A96C
:10C8A0002F25D3A93025D4A93125D5A93225D6A93C
:10C8B0003325D7A93425D8A93525D9A93625DAA90C
:10C8C0003725DBA93825DCA93925DDA93A25DEA9DC
:10C8D0003B25DFA93C25E0A93D25E1A93E25E2A9AC
:10C8E0003F25E3A94025E4A94125E5A94225E6A97C
:10C8F0004325E7A94425E8A94525E9A94625EAA94C
:10C900004725EBA94825ECA94925EDA94A25EEA91B
:10C910004B25EFA9A025F6A1A125F5A1B225F8A1E7
:10C92000B325F7A1C625F4A1C725F3A1CB25F0A116
:10C93000CE25F2A1CF25F1A10526EFA10626EEA175
:10C940004026E2A14226E1A10030A1A10130A2A12E
:10C950000230A3A10330A8A10530A9A10830B4A1D9
:10C960000930B5A10A30B6A10B30B7A10C30B8A17F
:10C970000D30B9A10E30BAA10F30BBA11030BEA14D
:10C980001130BFA11330FEA11430B2A11530B3A1F4
:10C990001630BCA11730BDA14130A1A44230A2A4E1
:10C9A0004330A3A44430A4A44530A5A44630A6A493
:10C9B0004730A7A44830A8A44930A9A44A30AAA463
:10C9C0004B30ABA44C30ACA44D30ADA44E30AEA433
:10C9D0004F30AFA45030B0A45130B1A45230B2A403
:10C9E0005330B3A45430B4A45530B5A45630B6A4D3
:10C9F0005730B7A45830B8A45930B9A45A30BAA4A3
:10CA00005B30BBA45C30BCA45D30BDA45E30BEA472
:10CA10005F30BFA46030C0A46130C1A46230C2A442
:10CA20006330C3A46430C4A46530C5A46630C6A412
:10CA30006730C7A46830C8A46930C9A46A30CAA4E2
:10CA40006B30CBA46C30CCA46D30CDA46E30CEA4B2
:10CA50006F30CFA47030D0A47130D1A47230D2A482
:10CA60007330D3A47430D4A47530D5A47630D6A452
:10CA70007730D7A47830D8A47930D9A47A30DAA422
:10CA80007B30DBA47C30DCA47D30DDA47E30DEA4F2
:10CA90007F30DFA48030E0A48130E1A48230E2A4C2
:10CAA0008330E3A48430E4A48530E5A48630E6A492
:10CAB0008730E7A48830E8A48930E9A48A30EAA462
:10CAC0008B30EBA48C30ECA48D30EDA48E30EEA432
:10CAD0008F30EFA49030F0A49130F1A49230F2A402
:10CAE0009330F3A4A130A1A5A230A2A5A330A3A5A1
:10CAF000A430A4A5A530A5A5A630A6A5A730A7A5B6
:10CB0000A830A8A5A930A9A5AA30AAA5AB30ABA585
:10CB1000AC30ACA5AD30ADA5AE30AEA5AF30AFA555
:10CB2000B030B0A5B130B1A5B230B2A5B330B3A525
:10CB3000B430B4A5B530B5A5B630B6A5B730B7A5F5
:10CB4000B830B8A5B930B9A5BA30BAA5BB30BBA5C5
:10CB5000BC30BCA5BD30BDA5BE30BEA5BF30BFA595
:10CB6000C030C0A5C130C1A5C230C2A5C330C3A565
:10CB7000C430C4A5C530C5A5C630C6A5C730C7A535
:10CB8000C830C8A5C930C9A5CA30CAA5CB30CBA505
:10CB9000CC30CCA5CD30CDA5CE30CEA5CF30CFA5D5
:10CBA000D030D0A5D130D1A5D230D2A5D330D3A5A5
:10CBB000D430D4A5D530D5A5D630D6A5D730D7A575
:10CBC000D830D8A5D930D9A5DA30DAA5DB30DBA545
:10CBD000DC30DCA5DD30DDA5DE30DEA5DF30DFA515
:10CBE000E030E0A5E130E1A5E230E2A5E330E3A5E5
:10CBF000E430E4A5E530E5A5E630E6A5E730E7A5B5
:10CC0000E830E8A5E930E9A5EA30EAA5EB30EBA584
:10CC1000EC30ECA5ED30EDA5EE30EEA5EF30EFA554
:10CC2000F030F0A5F130F1A5F230F2A5F330F3A524
:10CC3000F430F4A5F530F5A5F630F6A50531C5A814
:10CC40000631C6A80731C7A80831C8A80931C9A844
:10CC50000A31CAA80B31CBA80C31CCA80D31CDA814
:10CC60000E31CEA80F31CFA81031D0A81131D1A8E4
:10CC70001231D2A81331D3A81431D4A81531D5A8B4
:10CC80001631D6A81731D7A81831D8A81931D9A884
:10CC90001A31DAA81B31DBA81C31DCA81D31DDA854
:10CCA0001E31DEA81F31DFA82031E0A82131E1A824
:10CCB0002231E2A82331E3A82431E4A82531E5A8F4
:10CCC0002631E6A82731E7A82831E8A82931E9A8C4
:10CCD0002032E5A22132E6A22232E7A22332E8A2E4
:10CCE0002432E9A22532EAA22632EBA22732ECA2B4
:10CCF0002832EDA22932EEA2004EBBD2014EA1B6DF
:10CD0000034EDFC6074EF2CD084EC9D5094EFDC809
:10CD10000A4ECFC90B4EC2CF0C4EA2D80D4EBBB29D
:10CD20000E4EEBD3104EA4D8114EF3B3134EA8D72A
:10CD3000144ED2C7154EA7D8164EC0CA184EF0C70B
:10CD4000194EFBB11A4EB5D21B4ED4B41C4EABB625
:10CD50001D4EBFCB1E4EA9D8224EAAB6244EBDC131
:10CD6000254ECFD1274EA5C9284EADD82A4EF6B8AC
:10CD70002B4EBED12C4EDCE32D4ED0D6304EE1B73B
:10CD8000324EAEB4344ED9C1364EBCD8384EE8CD52
:10CD9000394EA4B53A4EAACE3B4EF7D63D4EF6C01C
:10CDA0003E4ED9BE3F4EAFD8434ECBC4454EC3BE18
:10CDB000474EB1D8484EB4C3494EE5D24B4EAED6DD
:10CDC0004C4EDACE4D4EA7D54E4EF5BA4F4EA6B7C5
:10CDD000504ED6C0524EB9C6534ED2C5544EC7C798
:10CDE000564ED4B9584ECBB3594ED2D25C4EBFD862
:10CDF0005D4EC5BE5E4EF2C65F4EB2D2604EB0CF43
:10CE0000614EE7CF664EE9CA694EC0D8704EF2C295
:10CE1000714ED2C2734EE9C87E4EACC7864ECBC1AE
:10CE2000884EE8D3894EF9D58B4EC2CA8C4EFEB6D9
:10CE30008D4EA1D88E4EDAD38F4EF7BF914EC6D409
:10CE4000924EA5BB934EC1D8944EE5CE954EAEBE44
:10CE5000984EA8D89A4EC7D19B4EA9D09F4EBDD808
:10CE6000A04EEFD9A14EF6CDA24EBABFA44EBBBD87
:10CE7000A54EA5BAA64EE0D2A74EFAB2A84EE0BA89
:10CE8000A94EB6C4AB4EEDCFAC4EA9BEAD4EA4CDAF
:10CE9000AE4EC1C1B24ED7C7B34EF1D9B54EF4D9DB
:10CEA000BA4ECBC8BB4EE9D8BF4EDAD2C04EB2CADA
:10CEB000C14ECAC8C24EECD8C34EEAD8C44EC6D87A
:10CEC000C54EF6BDC64ECDC6C74EF0B3C94EEBD863
:10CED000CA4EF1BDCB4EE9BDCD4ED4C8CE4ED3B473
:10CEE000D14ED8C2D34ED6B2D44ED0D7D54ECBCA5F
:10CEF000D64EFBCBD74ECCD5D84EB6B8D94EC9CF2F
:10CF0000DD4EDAD9DE4EF0D8DF4EAAC7E14EEED8BC
:10CF1000E34EFAB4E44EEEC1E54ED4D2E84EEDD87D
:10CF2000EA4EC7D2EB4EEFD8EC4EC7C3F04EF6D167
:10CF3000F24ED9D6F34EF2D8F54EF5D8F64EFEBCE9
:10CF4000F74EDBBCFB4ECEC8FD4EDDB7FF4EC2B781
:10CF5000014FF3C6094FF8D80A4FC1D20D4FE9CEA1
:10CF60000E4FBFBC0F4FFCB7104FA5B7114FDDD010
:10CF7000174FDAD6184FC5D3194FEFBB1A4FE1BB85
:10CF80001B4FF1D81E4FA1C91F4FB0CE204FABB4DD
:10CF9000224FF3D8244FCBC9254FF6D8264FD7C2FE
:10CFA000274FF7D82A4FB1CE2B4FF9D82F4FAEB21B
:10CFB000304FC0B9324FA3D9344FE9B0364FE6C134
:10CFC000384FECC93A4FC5CB3C4FC6CB3D4FA4D9E7
:10CFD000434FE8B5464FABB54D4FBBCE4E4FCDB5E9
:10CFE0004F4FA1D7504FF4D7514FD3D3534FE5CC28
:10CFF000554FCEBA574FA2D9584FDCD9594FE0D32D
:10D000005A4FFDD85B4FF0B75C4FF7D75D4FFED856
:10D010005E4FFAD85F4FA1D9604FE3C4634FB6D3D8
:10D02000644FF4D8654FDDD9674FFBD8694FE5C52C
:10D030006C4FD0C06F4FF0D1704FDBB0734FD1BC8D
:10D04000744FA6D9764FA5D97B4FACD97C4FAED9BA
:10D050007E4FABD97F4FB9CA834FA9D9844FB6D67B
:10D06000884FDEB3894FA8D98B4FFDC08D4FCCCAF6
:10D070008F4FAAD9914FA7D9944FB0D9974FB1B636
:10D080009B4FA9B99D4FC0D2A04FC0CFA34FC2C2E2
:10D09000A54FC4BDA64FECD5A74FE0B2A84FC8C757
:10D0A000A94FEBBFAA4FADD9AC4FAFD9AE4FEACE27
:10D0B000AF4FEEBAB54FD6C7BF4FE3B1C34FD9B4E8
:10D0C000C44FEDB6C54FB4D9CA4FA1BFCE4FDED9BC
:10D0D000CF4FCEC7D04FFEC0D14FB8D9D74FD7CB47
:10D0E000D84FFDB7DA4FB5D9DC4FB7D9DD4FA3B173
:10D0F000DE4FE1D3DF4FB9D9E14FC5D0E34FB6D909
:10D10000E64FB1D9E84FB2D9E94FA9C1EA4FB3D937
:10D11000ED4FF3BCEE4FDED0EF4FA9B8F14FE3BEB9
:10D12000F34FBDD9F84FBAD9FA4FB3B0FE4FC2D9B9
:10D130000C50C4D90D50B6B10F50BFD91250B9B56B
:10D140001450F3BE1850C8CC1950F2BA1A50D0D2AD
:10D150001C50C3D91F50E8BD2150ABB32550C5D9D1
:10D160002650EBBE2850C6D92950BBD92A50DFC45F
:10D170002C50BED92D50C1D92E50C0D93A50AED561
:10D180003C50B5D63E50E3C74350C8D94750D9BCF0
:10D190004850CAD94C50BCD94E50CBD94F50ABC6D1
:10D1A0005550C9D95A50F6D75C50A3CD6550A1BD92
:10D1B0006C50CCD97650BCC57750B5CD7B50CDD90D
:10D1C0007E50C7D97F50A5B38050FEBF8550B5B8FB
:10D1D0008850FCC08D50F8B0A350F6B4A550CED9FD
:10D1E000A750CFD9A850A2B4A950D0D9AC50DFB421
:10D1F000B250C1B0BA50D1D9BB50B5C9CF50F1CFA0
:10D20000D650D2D9DA50C5C1E650D6D9E750AEC90A
:10D21000EC50D5D9ED50D4D9EE50D7D9F350DBCB63
:10D22000F550A9BDFB50A7C60651D3D90751D8D98F
:10D230000B51D9D91251E5C82151DCC03F51F9B683
:10D240004051A3D84151CAD44351AAD44451D6D055
:10D250004551E4B34651D7D54851C8CF4951E2B9F9
:10D260004B51CBBF4D51E2C35151D2B65451C3CDF6
:10D270005551EED95651F0D95A51B3B55C51B5B6A6
:10D280006251A4BE6551EBC86851ABC86B51CBB0BD
:10D290006C51ABB96D51F9C16E51E2D97051BCC03E
:10D2A0007151B2B97351D8B97451CBD07551F8B12D
:10D2B0007651E4C67751DFBE7851E4B57951C8D7CD
:10D2C0007B51F8D17C51E6BC7D51DECA8051BDBC9A
:10D2D0008151E6D98251E7D88551DAC48851D4B852
:10D2E0008951BDC88C51E1B28D51D9D49251B0C38E
:10D2F0009551E1C39651A2DA9751DFC89951B4D044
:10D300009B51FCBE9C51A9C5A051DAB9A251A3DA28
:10D31000A451A9D4A551A4DAAB51FBD9AC51ACB6F8
:10D32000AF51EBB7B051F9B1B151FCD9B251E5B33E
:10D33000B351F6BEB551F6BFB651B1D2B751E4C044
:10D34000BB51B3B6BC51FED9BD51FDD9C051BBBE16
:10D35000C451E0C6C651BCD7C751A1DAC951B9C141
:10D36000CB51F2B5CC51E8C1CF51F5BCD151D5B4B8
:10D37000DB51DDC1DD51FDC4E051B8BCE151B2B7B4
:10D38000E451EFB7EB51ECD9ED51BEC6EF51ADBF53
:10D39000F051CBBBF351CAB5F551C9DBF651D7D02B
:10D3A000F851B9CDF951BCB0FA51F6B3FB51F7BB06
:10D3B000FC51CADBFD51AFBAFF51E4D40052B6B5FF
:10D3C0000152F3B50252D6D80352D0C80652D6B78E
:10D3D0000752D0C70852D7D80A52AFBF0D52BBDB95
:10D3E0000E52D8D81152CCD01252AEBB1652BEEB50
:10D3F0001752D0C11852F5C11952F2D41A52D5B8E9
:10D400001B52B4B41D52F5B32052BEC92452D0C52C
:10D410002852D9C52952FBC02B52F0B12D52D9D870
:10D420002E52CEB93052BDB53352DAD83652C6D6A6
:10D430003752A2CB3852AFC83952B2C93A52CCB4E3
:10D440003B52CCBF3D52F4B93F52DBD84052DCD8FE
:10D450004152E7B64252C1BC4352EACC4A52F7CFDE
:10D460004C52DDD84D52B0C75052D0B95152A3BD25
:10D470005452DECC5652CAC65C52E0D85E52DED858
:10D480006152DFD86552FEB06752E7BE6952A3CA47
:10D490006A52F4BC6F52B1B87252EEB87D52E2D803
:10D4A0007F52CBBD8152E4D88252E3D88852FCC56A
:10D4B0009052E5D89352E6D89B52A6C19D52B0C86F
:10D4C0009E52ECB09F52A6B9A052D3BCA152F1CE4D
:10D4D000A252BDDBA352D3C1A852AFB6A952FAD60D
:10D4E000AA52ACC5AB52D9BDAC52BEDBAD52BFDB0C
:10D4F000B152F8C0B252A2BEB352CDC0BE52C0DBD0
:10D50000BF52C6CAC352AAB2C752C2D3C952E3C39A
:10D51000CB52ABD1D052C2DBD252D5C0D652C3DB34
:10D52000D852B1BFDF52BCC4E452DAC7F052C4DBF8
:10D53000F952E8D9FA52D7C9FE52B4B9FF52F0CE27
:10D540000053C8D40553FCB00653D2B40853D9D005
:10D550000D53E9D90F53CBDE1053EBD91553B0D887
:10D560001653AFBB1753B1B11953D7B31A53CED813
:10D570001D53D1D42053B3BD2153EFBF2353BBCF91
:10D580002653D0D82A53CBB72E53D1D83953A5C65A
:10D590003A53F8C73B53BDD23E53D2D83F53E4C4AD
:10D5A0004153AECA4353A7C74553A6D84753FDC9F5
:10D5B0004853E7CE4953DCBB4A53EBB04E53AABBAA
:10D5C0004F53ADD05153B0B15253E4D75353BFD79B
:10D5D0005553A5B55653F4C25753CFC45A53A9B2A5
:10D5E0005C53B7B25E53E5B15F53B2DF6053BCD555
:10D5F0006153A8BF6253ACC26353D5D86453B1C260
:10D600006653D4D86753D4CE6953E0DA6B53C0CE97
:10D610006E53B4D86F53AEC37053A1D37153A3CE1E
:10D620007353B4BC7453B4C87553D1C27753EDBEB1
:10D630007853B6D07A53E1DA7F53E4C78253A7B365
:10D640008453F2B68553FCCC8653FAC08953F7C095
:10D650008B53B9D18C53E1D18D53C7D89553DEB2DA
:10D660009853E5C09A53F1BA9D53C8D89F53ADD48F
:10D67000A253E1CFA353C9D8A553CAD8A653C3CF49
:10D68000A853F8B3A953C7BEAE53CBD8B653CCDB1F
:10D69000BB53A5C8BF53D8CFC153FEC8C253CEB2E7
:10D6A000C853D6D3C953E6B2CA53B0BCCB53D1D3B7
:10D6B000CC53ABCBCD53B4B7D153A2B7D453E5CAF7
:10D6C000D653A1C8D753DCCAD853E4B1D953F0D04C
:10D6D000DB53D1C5DF53C5DBE053FEB5E353DABFFF
:10D6E000E453C5B9E553E4BEE653EDC1E853B6DFF4
:10D6F000E953B5DFEA53BBD6EB53D0BDEC53D9D5D4
:10D70000ED53C8B0EE53A3B6EF53C9BFF053A8CC46
:10D71000F153B3DFF253B7CAF353D2D3F553CFD893
:10D72000F653B6D2F753C5BAF853BECBF953BECCB5
:10D73000FB53B7DFFC53F0B5FD53B4DF0154F5D311
:10D740000354D4B30454F7B80654BADF0854CFBA1C
:10D750000954AABC0A54F5B50C54ACCD0D54FBC306
:10D760000E54F3BA0F54F4C01054C2CD1154F2CF7A
:10D770001254B8DF1354C5CF1554C0C21654B9DFC4
:10D780001754F0C21B54FDBE1D54DFC11E54CCCD36
:10D790001F54F7D22054CDB72154C1DF2354C4DF26
:10D7A0002654F1B72754C9B02854D6B62954D4B753
:10D7B0002B54ACBA2C54FDCC2D54D4BF2E54B1CB29
:10D7C0002F54F4C63154A8D63254C5DF3454E2CEB7
:10D7D0003554B3B33854FCCE3954B5B43B54C7CEEA
:10D7E0003C54F0BA3E54E1CE4054BDD14354C0DF66
:10D7F0004654F4B44854CAB34A54E6B84B54BBDF59
:10D800005054C5C45254BCDF5354BDDF5454BEDF22
:10D810005554BBC55654BFDF5754C2DF5854B1D41A
:10D820005954C3DF5B54BAC75C54D8CE6254D8C4D1
:10D830006454CADF6654CFDF6854DCD67154C9DF44
:10D840007254DADF7354B6CE7554C7BA7654CEDF4D
:10D850007754C8DF7854DEC57B54EBC97C54F4BAE6
:10D860007D54FCC38054D7BE8254C6DF8454CDDFC0
:10D870008654D8C58B54A6D58C54CDBA8E54CCBE04
:10D880008F54BDD39054C0B89254E4D69454C7DF9B
:10D890009554BEB99654A7BF9954FCC19A54CBDF96
:10D8A0009B54CCDF9D54D0DFA354DBDFA454E5DFD1
:10D8B000A654D7DFA754D6DFA854C9D7A954E3DFAD
:10D8C000AA54E4DFAB54EBE5AC54A7D2AD54D2DF9D
:10D8D000AF54A9BFB154DBD4B354C8BFB454D4DFE0
:10D8E000B854CCCFBB54DDDFBD54CAD1BF54DEDF4A
:10D8F000C054A7B0C154B7C6C254D3DFC454E5BAAC
:10D90000C654DFB6C754DBCDC854FEB9C954D5D40C
:10D91000CC54DFDFCD54ECCFCE54A5B0CF54E7DFED
:10D92000D054D1DFD154C6D1D254D5DFD354D8DFAF
:10D93000D454D9DFD554DCDFD754A9BBD954E0DFA8
:10D94000DA54E1DFDC54E2DFDD54E6DFDE54E8DF09
:10D95000DF54B4D3E554E7B8E654B6C5E754EADF7C
:10D96000E854DAC9E954A8C1EA54C4C4ED54DEBF8E
:10D97000EE54F8CFF254DCD5F354EEDFFA54B8B2DB
:10D98000FC54DFBAFD54ECDFFF54C1DB0155E4D198
:10D990000655F4CB0755BDB40955A6B00F55F1DFB8
:10D9A0001055C6CC1155F2DF1455EDDF1B55E9DFDC
:10D9B0002055EBDF2255EFDF2355F0DF2455BDBBAB
:10D9C0002755F3DF2A55F4DF2C55A3BB2E55DBCAB0
:10D9D0002F55A8CE3055A7E03155AAB33355A6E050
:10D9E0003755A1E03C55FEDF3E55D9CD3F55FCDF14
:10D9F0004155FADF4355D0BF4455C4D74655CCC92D
:10DA00004955F8DF4A55A1B05055FDDF5555FBDFAC
:10DA10005655A2E05C55A8E06155C8B76455A1C64B
:10DA20006555B6C96655B2C06755F5DF6A55BEC5BE
:10DA30006C55C4D86D55F9DF6E55F6C47555A3E025
:10DA40007655A4E07755A5E07855A5D07B55B4E090
:10DA50007C55E4CC7E55B1E08055A6BF8155AFE042
:10DA60008255B9CE8355ABE08455C6C98755AEC043
:10DA70008855AEE08955EDBA8A55B0BA8B55A9E004
:10DA80008F55F6DF9155B3E09455B8E09855ADB495
:10DA90009955B9E09C55B2CF9D55C8BA9F55B0E095
:10DAA000A755FAD0B155ACE0B355FBD4B555F7DF67
:10DAB000B755E7C5B955ADE0BB55F7D3BD55B6E091
:10DAC000BE55B7E0C455C4E0C555E1D0C955BCE06A
:10DAD000CC55C9E0CD55CAE0D155BEE0D255AAE03B
:10DAE000D355A4C9D455C1E0D655B2E0DC55C8CA57
:10DAF000DD55C3E0DF55B5E0E155CBCEE355C3CBF3
:10DB0000E455CDE0E555C6E0E655C2E0E855CBE08A
:10DB1000EA55BAE0EB55BFE0EC55C0E0EF55C5E083
:10DB2000F255C7E0F355C8E0F555CCE0F755BBE03A
:10DB3000FD55D4CBFE55D5E00056D6E00156D2E0D7
:10DB40000856D0E00956CEBC0C56D1E00E56C2B8ED
:10DB50000F56C5D81856EAD01B56EFC21E56CFE056
:10DB60001F56BDE02356D4E02456D3E02756D7E015
:10DB70002C56DCE02D56D8E03156F6D63256B0B3EE
:10DB80003456ECD73656BBCB3956DAE03B56FBCE93
:10DB90003F56D9BA4C56E1E04D56DDE04E56ADD277
:10DBA0005456E2E05756DBE05856D9E05956DFE0CC
:10DBB0005C56E0E06256DEE06456E4E06856F7C684
:10DBC0006956ACD86A56EBD46B56E6E06C56C9CAB7
:10DBD0007156E5E07656C1B87B56E7E07C56E8E042
:10DBE0008556E9E08656E3E08E56BFBA8F56E7CCFD
:10DBF0009356EAE0A356F9CFAF56EBE0B756C2C84A
:10DC0000BC56C0BDCA56D2C4D456ECE0D756EDE0DF
:10DC1000DA56F4C7DB56C4CBDD56EEE0DE56D8BB91
:10DC2000DF56B6D8E056F2D2E156EFE0E256C5CD67
:10DC3000E456DAB6EB56F1E0ED56B0D4F056A7C094
:10DC4000F156D1B4F456A7CEF556F0E0F956F2E00D
:10DC5000FA56CCB9FD56FAB9FE56BCCDFF56F3E0E4
:10DC60000357D4C60457F4E00657B2D40857A6C8E1
:10DC70000957F6E00A57F5E01C57F7E01F57C1CDEA
:10DC80002357A5CA2857DAD42957D7DB2A57D9DB17
:10DC90002C57D8DB2D57E7B92E57DCDB2F57DDDBB0
:10DCA0003057D8B53357DADB3957DBDB3A57A1B3F6
:10DCB0003B57DFDB3E57F8BB4057B7D64257E0DB58
:10DCC0004757F9BE4A57BBB74C57D0DB4D57AECC80
:10DCD0004E57B2BF4F57B5BB5057F8D75157D3BF68
:10DCE0005757E9BF5A57E1BC5B57B3CC5C57DEDBF3
:10DCF0005D57D3B05E57EBCE5F57D8B76057B9D7F3
:10DD00006157C2C66457A4C06657B9CC6857E7DBF1
:10DD10006957E1DB6A57BAC66B57E3DB6D57E8DB3F
:10DD20006F57F7C57357EADB7657E9DB7757C0BF04
:10DD30007B57E6DB7C57E5DB8257B9B48357ACC031
:10DD40008457A2C28557E2DB8657E4DB8B57CDD0E0
:10DD50008C57EDDB9257DDC09357F2DB9B57E2B651
:10DD6000A057F3DBA157D2DBA257B8B9A357ABD466
:10DD7000A457ECDBA657D1BFA757F0DBA957D1DBDF
:10DD8000AB57E6B5AD57EBDBAE57E5BFB257EEDBB1
:10DD9000B457F1DBB857F9DBC257A1B9C357A3B0E9
:10DDA000CB57F1C2CE57C7B3CF57EFDBD257F8DB13
:10DDB000D457D2C6D557F4DBD857F5DBD957F7DBA4
:10DDC000DA57F6DBDD57FEDBDF57F2D3E057BAB2A6
:10DDD000E457FDDBED57A4DCEF57FBDBF457FADB30
:10DDE000F857FCDBF957E0C5FA57F9BBFD57A3DC40
:10DDF0000058A5DC0258C3CC0658D1B60758C0DD80
:10DE00000B58A1DC0D58A2DC1158B5C71558E9B65E
:10DE10001958A7DC1E58A6DC2058A9DC2158A4B14B
:10DE20002458CCB52A58B0BF3058DFD13558C2B6C7
:10DE30004458A8DC4C58FACB4D58F3EB5158DCCB86
:10DE40005458FECB5858C1CC5E58FBC86558AADC64
:10DE50006B58EECC6C58ABDC7E58D3DB8058AFDC13
:10DE60008158ACDC8358B3BE8558FBCA8958ADDCF9
:10DE70009258CAC99358B9C49958BDC79A58AEDCCC
:10DE80009E58F6D49F58E6D0A858ABC4A958D5B62A
:10DE9000BC58D4DBC158DAB1C558D5DBD158D6DB74
:10DEA000D558BEBAE458C0C8EB58BFCAEC58C9C868
:10DEB000EE58B3D7F058F9C9F358C7BFF658F8BAB7
:10DEC000F958BCD20259BAE20459A6B40759B8B1FC
:10DED0000D59B4B80F59C4CF1459E7D91559A6CF65
:10DEE0001659E2CD1959EDD91A59E0B61C59B9D2D3
:10DEF0001F59BBB92459B9E22559B7E22759F3B4E0
:10DF00002959ECCC2A59ABCC2B59F2B72D59B2D8A0
:10DF10002E59EBD12F59BBBA3159A7CA3459B7CDB5
:10DF20003759C4D23859E4BF3959D0BC3A59E1B64F
:10DF30003C59C5DE4159C6DE4259BCDB4459D9D1F2
:10DF40004759E6C64859CEC44959EEB74B59DCB7D4
:10DF50004E59FCBF4F59E0D75159F5C65459BCB181
:10DF60005559C8DE5659B1BD5759D7CC5859CADE94
:10DF70005A59C9DE6059ECB56259DDC96559C2B05C
:10DF80007359AEC57459ABC57659CCC47859E9BC40
:10DF90007959FDCB7D59C3BA8159F9E58259E7C852
:10DFA0008359FAE58459FDCD8659B1D78759BEB852
:10DFB0008859E8C28A59D1C88D59FBE59259CAB629
:10DFC0009359CBBC9659FDD19759A1E69959EEC307
:10DFD0009E59A4E6A359FEE5A459A5E6A559D7CDB7
:10DFE000A859C1B7A959FCE5AA59FDE5AB59A3E663
:10DFF000AE59DDC4AF59A8E6B259A7E6B959C3C3B3
:10E00000BB59DEC6BE59AAE6C659B7C4CA59A2E66C
:10E01000CB59BCCAD059E3BDD159C3B9D259A6E630
:10E02000D359D5D0D459AFCED759A9E6D859B0E6EF
:10E03000DA59A6D2DC59AABDDD59ADE6E359AFE6FF
:10E04000E559D1C0E859CCD2EC59A7BCF959B1E691
:10E05000FB59F6D2FF59CBD7015AFECD035ADECD7C
:10E06000045AA6C2055AABE6065AACE6075ABFBD2B
:10E07000085AAEE6095AB3E60C5AB2E6115AB6E6A9
:10E08000135AB8E6185AEFC41C5AC8C41F5AEABE3D
:10E09000205AEFC9235AB7E6255AF0B6295AE4C3E5
:10E0A000315AE9D3325AB4E6345AB5E6365AA2C8E0
:10E0B0003C5ABDE6405AB9E6465AC5C6495AF1CD62
:10E0C0004A5ABBE6555ABCE65A5AE9BB625ABEE602
:10E0D000675ABAE66A5AB7C0745AA4D3755ABFE6EB
:10E0E000765AF4C9775AC3E67A5AC4E67F5AF6D00C
:10E0F000925ABDC39A5AC4C39B5AC2E6AA5AC1E6F1
:10E10000B25AC7E6B35AB1CFB55AF4EBB85ACAE619
:10E11000BE5AC5E6C15ADEBCC25AA9C9C95AB5BC65
:10E12000CC5AD3CFD25AC8E6D45AC9E6D65ACEE68C
:10E13000D85AD0E6DC5AD1E6E05ACBE6E15AD5B55A
:10E14000E35ACCE6E65ACFE6E95ADBC4EB5AC6E618
:10E15000F15ACDE6095BD2E6165BD4E6175BD3E64F
:10E16000325BD5E6345BF8D9375BD6E6405BD7E661
:10E17000505BD3D7515BDDE6535BDEE6545BD7BF24
:10E18000555BD0D4575BD6D7585BE6B4595BEFCB21
:10E190005A5BDAE65B5BC3D85C5BCED75D5BA2D033
:10E1A0005F5BCFC3625BDFE6635BBEBC645BC2B92F
:10E1B000655BDBE6665BA7D1695BA2BA6A5BCFC22F
:10E1C0006C5BABD8705BEBCA715BEEE5735BDCE656
:10E1D000755BF5B77A5BE6C87D5BF5C4805BB2E53D
:10E1E000815BFEC4835BFCCB845BB3E5855BACD514
:10E1F000875BEED3885BD8CA895BB2B08B5BCECB32
:10E200008C5BEACD8F5BEABA935BB5E5955BB4E5D1
:10E21000975BDAD7985BD9B9995BE6D69A5BA8B6D3
:10E220009B5BF0CD9C5BCBD29D5BA6B19E5BB5CAE0
:10E23000A05BE8B3A15BF3C9A25BCDBFA35BFBD03E
:10E24000A45BD2CAA55BB6E5A65BC2BBAA5BDCCF6A
:10E25000AB5BACB9B05BD7D4B35BA6BAB45BE7D168
:10E26000B55BFCCFB65BD2BCB85BB7E5B95BDDC8CC
:10E27000BD5BEDBFBE5BF6B1BF5BDECBC25BC5BCB9
:10E28000C45BC4BCC55BFAD2C65BDCC3C75BDCBF86
:10E29000CC5BBBB8D05BC2C3D25BAEBAD35BA2D4FB
:10E2A000DD5BDEC7DE5BAFC4DF5BECB2E15BD1B947
:10E2B000E45BBBE5E55BC8C1E85BAFD5EE5BBCE505
:10E2C000F05BBEE5F85BE7B4F95BD4B6FA5BC2CBB2
:10E2D000FB5BB0D1FC5BBCB5FF5BD9CA015CE2B7AC
:10E2E000045CE4C9065CABBD095CBECE0A5CF0D739
:10E2F0000F5CA1D0115CD9C9145CFBB6155CD8E6E3
:10E30000165CE2BC185CBEB31A5CD0C91C5CD9E6D2
:10E310001D5CA2B3225CCCDE245CC8D3255CCDDEC0
:10E32000275CA2D22C5CCEDE315CCDBE345CCFDE6D
:10E33000385CACCA395CFCD23A5CDFB33B5CEAE5E2
:10E340003C5CE1C43D5CA1BE3E5CB2CE3F5CF2C42D
:10E35000405CD6BE415CA8C6425CE3B2455CD3BE1D
:10E36000485CFCC7495CEBCC4A5CECBD4B5CDDCE49
:10E370004E5CBACA4F5CC1C6505CECE5515CBCD087
:10E38000555CB9D5595CEDE55E5CF4CA605CC0CD06
:10E39000615CC5C2635CEFE5655CC4C2665CF0E5C8
:10E3A0006E5CF8E56F5CCDCD715CBDC9795CD9D28E
:10E3B0007A5CA8E17F5CECD3815CEACB825CF1C63D
:10E3C000885CACE18C5CA7E18D5CA9E1905CAAE182
:10E3D000915CAFE1945CEDB2965CABE1975CDAB82E
:10E3E000985CADE1995CAEE19A5CB0E19B5CBAB53A
:10E3F0009C5CB1E1A25CB3E1A35CB8E1A95CD2D1C1
:10E40000AB5CB6E1AC5CB5E1AD5CEBC1B15CB7E176
:10E41000B35CC0D4B55CB2E1B75CBAE1B85CB6B08D
:10E42000BD5CB4E1BF5CF9BFC15CB9E1C45CBBE1F8
:10E43000CB5CBEE1D25CBCE1D95CC5D6E15CBFCFB0
:10E44000E45CBDE1E55CBFE1E65CCDC2E85CEBB657
:10E45000EA5CF8D3ED5CCDC7F05CE5B7FB5CFEBED3
:10E46000025DC0E1035DC1E1065DC7E1075DE7B3A1
:10E470000E5DE9C6145DDEB4165DC2D11B5DC8E158
:10E480001E5DC6E1245DC5E1265DC3E1275DC2E1F5
:10E49000295DC0B12D5DB8D52E5DC4E1345DCBE101
:10E4A0003D5DCCE13E5DCAE1475DFAEF4A5DD3E1F7
:10E4B0004B5DD2E14C5DB6C7585DC9E15B5DCEE115
:10E4C0005D5DD0E1695DD4E16B5DD1E16C5DCDE175
:10E4D0006F5DCFE1745DD5E1825DD6E1995DD7E1F5
:10E4E0009D5DD8E1B75DDAE1C55DDBE1CD5DA1CE33
:10E4F000DB5DDDE7DD5DA8B4DE5DDDD6E15DB2D1DB
:10E50000E25DB2B3E55DA4B9E65DF3D7E75DC9C7E7
:10E51000E85DDEBEE95DAEB9EB5DD7CEEE5DEEB295
:10E52000EF5DCFDBF15DBABCF25DD1D2F35DC8CB5C
:10E53000F45DCDB0F75DEFCFFD5DE3D9FE5DEDBDE0
:10E54000015ED2B1025ED0CA035EBCB2055EA7CB4B
:10E55000065EABB7085EA6CA0C5EA3CF0F5EF8E0FE
:10E56000105ECAD5115EFBE0145EFAE0155EC1C50F
:10E57000165EFBCC185EB1C1195EF9E01A5EE3D6F7
:10E580001B5EAFB21C5EC4D61D5EDBB5265EF8B462
:10E59000275EA1D62D5EAFCF2E5EEFB0315EFCE0E0
:10E5A000375EA1E1385EA3B33B5EFDE03C5EFEE07A
:10E5B0003D5EB1C3425EDDC3445EA2E1455EF9B794
:10E5C0004C5ECFBB545EA3E1555EBBC45B5EA4E171
:10E5D0005E5EA5E1615EA6E1625EB1B4725EC9B83D
:10E5E000735EBDC6745EEAC4765EA2B2785ED2D0B7
:10E5F0007A5EDBE77B5EC3BB7C5ED7D37D5EC4D334
:10E600007F5EE3B9805ECFE2845EAFD7865EECC703
:10E61000875ED3B18A5EB2B48B5ED1E28F5EF2D0F8
:10E62000905EAEC2915ED0E2935EE2BF945EA6D3EE
:10E63000955ED7B5965ED2E2975EEAB5995EEDC378
:10E640009A5EFDB89C5EAEB89E5ED3C59F5ECFB7A6
:10E65000A05ED4E2A55ED3E2A65EC8B6A75EF9D7F7
:10E66000AD5EA5CDB35ED8E2B55ED6E2B65EFCCABD
:10E67000B75EB5BFB85EB9D3B95ED5E2BE5ED7E2CC
:10E68000C95EAEC1CA5EC8C0D15EDBE2D25EDAE26C
:10E69000D35EAAC0D65ECEC1DB5EDCE2E85EDDE220
:10E6A000EA5EDEE2F45EC8DBF65ED3D1F75EA2CDB1
:10E6B000FA5EA8BDFE5EC3DEFF5EA5D8005FAABFFE
:10E6C000015FCDDB025FECD2035FFAC6045FAAC52F
:10E6D000085FC4DE0A5FD7B10B5FAEDF0F5FBDCA54
:10E6E000115FB1DF135FADB9155FFDD2175FA5B83C
:10E6F000185FEBBA1B5FDAB31F5FDCB5205FC5D5CF
:10E70000255FD6C3265FD2CF275FA1BB295FF3E584
:10E710002A5FF2E52D5FF4E52F5FE4CD315FF5C8A8
:10E72000395FAFB53A5FBFC73C5FF6E5405FB0EC1D
:10E73000505FE6E5525FE9B9535FB1B5555FBCC2C2
:10E74000565FE8E5575FE7E5585FE9E55D5FCDD2E5
:10E75000615FEAE1625FCED0645FAECD665FE5D116
:10E76000695FCAB26A5FEBB16C5FF2B16D5FEDC514
:10E77000705FC3D5715FB0D3735FDCE1775FDDE1BC
:10E78000795FDBD27B5FB9B37C5FCBB1805FF9CDC2
:10E79000815FF7D5825FDEE1845FB6BE855FFDB441
:10E7A000875FDFE1885FDCBA895FE0E18A5FB2BB47
:10E7B0008B5FC9C28C5FE1E1905FECD0925FBDCD11
:10E7C000955FE2E1975FC3B5985FC7C5995FE3E1E5
:10E7D0009C5FE4E1A15FF9D3A85FE5E1AA5FADD159
:10E7E000AD5FE6E1AE5FA2CEB55FE7E1B75FC2B570
:10E7F000BC5FE8E1BD5FD5BBC35FC4D0C45FE0E2EE
:10E80000C55FD8B1C65FE4D2C95FE1E2CC5FC9BCE5
:10E81000CD5FCCC8CF5FE3E2D05FFEECD15FFDEC13
:10E82000D25FAFDFD65FE2E2D75FBED6D85FFCCD66
:10E83000D95FA6C3DD5FC3E3E05FD2D6E15FE7E265
:10E84000E45FE8E2E75FC7D3EA5FECE2EB5FECBFCF
:10E85000ED5FEDE2EE5FE5E2F15FC0B3F55FEEC4C0
:10E86000F85FEEE2FB5FC3D0FD5FF6BAFE5FE9E260
:10E87000FF5FDEB70060B3BB0160ACCC0260CBCB06
:10E880000360E4E20460E6E20560EAE20660EBE2CF
:10E890000A60F7E20D60F4E20E60F5D40F60F3E277
:10E8A0001260ADC51460FAD51560C2C51660C0B25D
:10E8B0001960EFE21B60F2E21C60AFC11D60BCCBCF
:10E8C0002060A1B52160F9E22560B1BC2660F1E2CB
:10E8D0002760D4D02860B9D42960F5E22A60D6B97F
:10E8E0002B60F6E22F60D3C73560F0E23B60DCD7E7
:10E8F0003C60A1ED3F60F8E24160A5ED4260FEE2C0
:10E900004360D1CA4B60B5C14D60D0BB5060D6BF2B
:10E910005260E3BA5560A1CB5960A6ED5A60A3EDF1
:10E920005D60A2ED6260D6BB6360A7ED6460F4D069
:10E930006760A4ED6860DEBA6960F7B66A60A1E35B
:10E940006B60B2B66C60F1CC6D60A7B96F60A2CF9E
:10E950007060A1C77360D2BF7660F1B67860FAE2EA
:10E960007960FBE27A60FDE27B60FCE27C60D5C40A
:10E970007D60A2E37F60C1D38360A7E38460C4C7E6
:10E980008960A4CF8C60A9E38D60B7BA9260A8E3D8
:10E990009460DABB9660A3E39A60A4E39B60AAE369
:10E9A0009D60A6E39F60F2CEA060C6D3A360BCBB0F
:10E9B000A660C3D4A860FAC4AB60A8EDAC60FCD07C
:10E9C000AD60A5E3AF60F5C3B160ADE3B260AFB1D8
:10E9D000B460B2E3B860C2BCBB60ACE3BC60BFB5BE
:10E9E000C560E9C7C660B0E3CA60AABECB60EFCD20
:10E9F000D160F3BBD560E8CCD860AFE3DA60B1E3B7
:10EA0000DC60A7CFDD60AEE3DF60A9CEE060DDBBF8
:10EA1000E660EBB5E760E5BEE860D2B2E960CDB391
:10EA2000EB60B9B1EC60ABE3ED60D1B2EE60ACB5D8
:10EA3000EF60DFB9F060E8B6F360EBCFF460B7E306
:10EA4000F660CCBBF960C7C8FA60CAD00061B8E311
:10EA50000161EEB30661A9ED0861FAD30961E4D35F
:10EA60000D61AAED0E61B9E30F61E2D21561B5E364
:10EA70001A61DED31F61D0B82061B3E32361B6E32E
:10EA80002461DFB72661B4E32761A2C02B61BAE33A
:10EA90003F61B8D44861C8B44A61BBE34C61C5BBAF
:10EAA0004E61F7C95161E5C95561BDC45D61ABED0A
:10EAB0006261FDC26761DBBB6861AEBF7061BFCEE2
:10EAC0007561BCE37761B6BF8B61EFB18E61F7D43E
:10EAD0009461BEE39D61ADEDA761BFE3A861A9BAF2
:10EAE000A961ACEDAC61BDE3B761C0E3BE61B6BA8C
:10EAF000C261AEB6C861B8D0CA61C3B0CB61AEED79
:10EB0000D161AFEDD261C1C0D461C1E3E661B3C5EB
:10EB1000F561C2E3FF61B2DC0662B0ED0862EAB8FB
:10EB20000A62ECCE0B62A7EA0C62E7D00D62F9CA6A
:10EB30000E62D6C80F62B7CF1062C9B31162D2CECF
:10EB40001262E4BD1562DEE31662F2BB1762A8EA48
:10EB50001862BDD51A62DDC61B62A9EA1F62AAEA65
:10EB60002162ACEA2262ABEA2462AEEA2562ADEA37
:10EB70002A62D8BD2C62AFEA2E62BEC23362C1B433
:10EB80003462F7B43762A7BB3D62E6EC3E62E5EC67
:10EB90003F62BFB74062F9CB4162E2B14362E7EC4A
:10EBA0004762C8C94862E8EC4962E9EC4B62D6CAE0
:10EBB0004C62D0DE4D62C5B24E62FAD45162CBC611
:10EBC0005262C7B05362F2B45462D3C85862D0CD17
:10EBD0005B62B8BF6362DBBF6662A4C76762B4D61C
:10EBE0006962A9C06A62D1DE6B62A8C96C62EFD1AA
:10EBF0006D62A4C56E62E7B06F62B6B37062C5C8DD
:10EC00007362E2B07662F6B77962FAC57C62F3B6F7
:10EC10007E62D2D57F62D0B38062BCBC8462ADB369
:10EC20008962F1BE8A62D1B09162D6D29262E3CAA1
:10EC30009362A5D79562B6CD9662B6B69762B9BF14
:10EC40009862DBD59A62A7B89B62D7C59F62D2DE75
:10EC5000A062D9BFA162D5C2A262C0C7A462A4BB90
:10EC6000A562A8B1A862EAC5AB62FBC5AC62A7CC3D
:10EC7000B162A7B1B562D6B5B962A8C4BB62D3DE32
:10EC8000BC62BAD1BD62E9B3BF62F2C3C262F7B778
:10EC9000C462F4D6C562A3B5C662F0B2C762B4C49A
:10ECA000C862E9C4C962ADC0CA62D4DECC62E8B051
:10ECB000CD62C4C5CE62E0C1D062D5B9D262DCBE3D
:10ECC000D362D8CDD462CEB0D662CFCDD762D6DEF5
:10ECD000D862D0BED962BED7DA62D5DEDB62D0D5CB
:10ECE000DC62DDB0DF62E2C4E262A3C2E362F0BCD8
:10ECF000E562B5D3E662B9C0E762A1C5E862A6B233
:10ED0000E962F1D4EC62A8C0ED62C3CAEE62D7DE5C
:10ED1000EF62FCD5F162B0B9F362ADC8F462A9CB81
:10ED2000F662D9DEF762BDBFFC62B4C6FD62A7D74A
:10ED3000FE62B0CAFF62C3C40163D6B30263D2B934
:10ED40000763B8D60863FCEA0963B4B00E63E6BF94
:10ED50001163F4CC1663DACD1A63BFD61B63CEC23F
:10ED60001D63CECE1E63A2CC1F63AED02063D3C47E
:10ED70002163B2B52263D8DE2363F5D52463B7BC23
:10ED80002563D3BB2863A4B02A63B2C52B63ECB45C
:10ED90002F63F1D53263FDEA3963DADE3A63A6CD3B
:10EDA0003D63ECCD4263E6CE4363DCDE4563B1CD2B
:10EDB0004663A6C04963BDD74B63DBDE4C63C6B078
:10EDC0004D63B4BA4E63D3C94F63F3C45063E8BE16
:10EDD0005563B6B25E63CCC05F63F0CB6163F1BCD8
:10EDE0006263BBBB6363B7B56763F5C56963E6DEA2
:10EDF0006D63E3DE6E63DDBE7163DFDE7663B7B441
:10EE00007763DDBD7A63E0DE7B63EDC48063C6CFEC
:10EE10008263E0B58763DEB68863DACA8963F4B5D6
:10EE20008A63E5DE8C63C6D58E63E1DE8F63CDCC6D
:10EE30009063FEC69263C5C59663B4D29863F2BE72
:10EE4000A063D3C2A263BDCCA363B8B3A563D3BD93
:10EE5000A763D8BFA863C6CDA963DAD1AA63EBB410
:10EE6000AC63E4DEAD63DDDEAE63E7DEB063FEEA35
:10EE7000B363B0C2B463E2DEB763C0D6B863A7B50C
:10EE8000BA63F4B2BC63E8DEBE63F2DEC463EDDEF7
:10EE9000C663F1DEC963E0C8CD63E1D7CE63EFDEC0
:10EEA000CF63E8C3D063E1CCD263E5B2D663BED210
:10EEB000DE63EEDEE063EBDEE163D5CEE363A7B4B1
:10EEC000E963ABBFEA63BEBEED63D2BDF263E9DEC8
:10EED000F463AED4F663DEDEF863EADEFD63BFC042
:10EEE000FF63ECDE0064F3B20164E9B80264A7C218
:10EEF0000564C1BD0B64F5DE0C64F8DE0F64ABB2D3
:10EF00001064A4B41364EAB41464A6C91B64F6DEE6
:10EF10001C64D1CB1E64E3B82064F7DE2164FADE02
:10EF20002664F9DE2A64C2CC2C64E1B02D64EEB410
:10EF30003464BAE53A64AFD03D64EBB23F64A1EB10
:10EF40004164F4DE4464E3C94564F3DE4664DAB048
:10EF50004764A1D24864F7B14A64AFCC5264F0DE92
:10EF60005464A4CB5864AAD55E64FBDE6764DDB448
:10EF70006964A6C46D64FDDE7864FEC37964A1C4CF
:10EF80007A64A1DF8264CCC18464FCDE8564EFBE58
:10EF90008764B2C69164C5B39264F6C89564BACB6F
:10EFA0009664FEDE9964A4DF9E64B2D7A464B7B30E
:10EFB000A964C3C1AC64CBC7AD64A5B2AE64E9B407
:10EFC000B064ABD7B564ECC4B764A2DFB864A3DFA8
:10EFD000BA64A5DFBC64B3BAC064A6DFC264DEC095
:10EFE000C564C3C9CD64D9B2CE64E6C7D064A7DF17
:10EFF000D264DCC7D764A8DFD864A2EBDE64D3CBCD
:10F00000E264AADFE464A9DFE664C1B20065CAC5B0
:10F010000965ABDF1265DCD41865C1C82565ACDFB6
:10F020002B65F0BE2E65ADDF2F65A7D63465B7EA38
:10F030003565B6EB3665D5CA3865FCD83965C4B8D0
:10F040003B65A5B93E65C5B73F65FED54565CAB9FF
:10F050004865A7D04965CDF44C65D0B54F65F4C37C
:10F060005165C8BE5565B7EB5665BDB05965CCBD99
:10F070005B65B2C15D65D6B15E65A8B36265D2B8A5
:10F080006365A2C96665D8B66B65B8EB6C65B4BE3E
:10F090007065FDCA7265C3C77465FBD57765F3B744
:10F0A0008765C4CE8B65ABD58C65F3B19065B3EC49
:10F0B0009165DFB09365B5EC9765B7B69965CFC13B
:10F0C0009B65FAF59C65B1D09F65E5D5A165D3CE6A
:10F0D000A465EFBDA565E2B3A765ABB8A965B6D5D4
:10F0E000AB65BDEDAD65CFB6AF65B9CBB065C2D090
:10F0F000B965BDB7BC65B6ECBD65A9CAC165D4C567
:10F10000C365B9ECC465B8ECC565C3C2C665B7ECE8
:10F11000CB65FDD0CC65BAECCE65BBECCF65E5D751
:10F12000D265BCECD665BDECD765ECC6E065DECE3D
:10F13000E265C8BCE565D5C8E665A9B5E765C9BEA1
:10F14000E865BCD6E965E7D4EC65AED1ED65F1D0F4
:10F15000EE65B8EAEF65B9EAF065BAEAF165B5BA05
:10F16000F665B1CAF765F5BFFA65FACD0066C0EA83
:10F170000266BAB00366BEEA0666A5C00A66BBEAC6
:10F180000C66FDB20E66F7C30F66E8BB1366D7D2F6
:10F190001466F4CE1566BFEA1966BCEA1D66C3EABA
:10F1A0001F66C7D02066B3D32566BAB42766C1C32D
:10F1B0002866F2D72D66D1D52F66C7CA3166C5EA53
:10F1C0003466C4EA3566C7EA3666C6EA3C66E7D600
:10F1D0003E66D4CF4166CBEA4366CEBB4B66FABDF2
:10F1E0004C66CEC94F66CCEA5266B9C95366FECFAB
:10F1F0005466CAEA5566CED45666CDEA5766CFEA5B
:10F200005A66EDCD5F66C9EA6166CEEA6466EECE07
:10F210006666DEBB6866BFB36E66D5C66F66B0BE97
:10F220007066FACE7466E7C77666A7BE7766D0EAE0
:10F230007A66C7D67E66C0C18266DDD48466D1EAAE
:10F240008766BECF8C66D2EA9166EECA9666AFC577
:10F250009766B5B09D66D4EAA766D3EAA866DFF4E0
:10F26000AE66BAC4B466A9B1B966DFE5BE66D5EAD2
:10F27000D966EFCADB66D6EADC66D7EADD66D8C6B1
:10F28000E666D8EAE966D9EAF066BBD4F266FAC760
:10F29000F366B7D2F466FCB8F766C2EAF966DCB288
:10F2A000FC66FCC2FE66F8D4FF66E6CC0067EED7CB
:10F2B0000867C2D40967D0D30A67C3EB0B67F3C5ED
:10F2C0000D67FEB71067D4EB1467B7CB1567DEEB9D
:10F2D0001767CAC01B67FBCD1D67AFB31F67DAC6D0
:10F2E0002667FCEB2867BEC42A67B4CE2B67A9C487
:10F2F0002C67BEB12D67FDD42F67F5CA3167ECD6F8
:10F300003467D3C63567E4B63A67FABB3D67E0D0E9
:10F310004067B1C94267D3D44367A8C84667CBB832
:10F320004867BEE84967BCC94C67BBE84E67EEC09A
:10F330004F67D3D05067C4B25167E5B45367BCE898
:10F340005667C8D55C67C5B65E67BDE85F67F8CA33
:10F350006067DCB86167F5CC6567B4C06867EED1FB
:10F360006967BFE86A67C2E86D67BCBA6F67ADB12D
:10F370007067DCBD7267BDEA7367C3E87567C6E88E
:10F380007767CBE87C67CCE87E67C9CB7F67E5B061
:10F390008167ABBC8467B9B98767C1E88967F7CD76
:10F3A0008B67CAE89067F6CE9567EDD59767D6C1AB
:10F3B0009867C4E89A67B6C39C67FBB99D67A6D6F1
:10F3C0009E67C8E8A267E0CAA367E6D4A567C0E85D
:10F3D000A767C5E8A867C7E8AA67B9C7AB67E3B777
:10F3E000AD67C9E8AF67DDBFB067D2E8B367D7E8FC
:10F3F000B567D5E8B667DCBCB767CFBCB867DBE8F4
:10F40000C167DEE8C367DAE8C467FAB1CF67D8B08E
:10F41000D067B3C4D167CCB8D267E2C6D367BEC8E1
:10F42000D467E1C8D867CFE8D967D4E8DA67D6E807
:10F43000DC67F1B9DD67D8E8DE67F5D7E067FBC4C4
:10F44000E267DCE8E567E9B2E967D1E8EC67EDBCC3
:10F45000EF67C2BFF067CDE8F167F9D6F367F8C18F
:10F46000F467F1B2FD67DFE8FF67C1CA0068D9E859
:10F470000568A4D50768EAB10868BBD50968CEE875
:10F480000A68D0E80B68B0B60C68D3E80E68DDE80F
:10F490000F68B8C01168F7CA1368A8CB1668DCC635
:10F4A0001768F5C01D68E9E82168A3D02968F2E86B
:10F4B0002A68EAD63268E0E83368E1E83768F9D1CB
:10F4C0003868CBBA3968F9B83C68F1B83D68D4D42B
:10F4D0003E68EFE84068EEE84168ECE84268F0B961
:10F4E0004368D2CC4468E6E84568A6CE4668F2BFD9
:10F4F0004868B8B04968F1E84A68F0E84C68C0D795
:10F500004E68E4E85068A9CD5168A3C95368B8BBF8
:10F510005468DBBD5568EAE86068E2E86168E3E8E2
:10F520006268E5E86368B5B56468E7E86568C5C71B
:10F530006668EBE86768EDE86868B0BD6968AED7F3
:10F540006B68F8E87468F5E87668B0CD7768F6E837
:10F550008168BAC18368E8E88568B7C38668F0B097
:10F560008F68F4E89368F7E89768A3B9A268D2C9EE
:10F57000A668CEC3A768E0CEA868E6C0AD68F3CBA6
:10F58000AF68DDCCB068B5D0B368E1CAB568F3E860
:10F59000C068ECBCC268F9E8C968DEC3CB68E5C6E0
:10F5A000CD68F7B9D268F4B0D568D8D7D868ACBC04
:10F5B000DA68EFC5E068C4CCE368A6E9EE68ADC9D7
:10F5C000F068A2E9F168E2C0F568C3BFF968FEE837
:10F5D000FA68D7B9FC68FBE80169A4E90569CED2ED
:10F5E0000B69A3E90D69B2D60E69B5D71069A7E911
:10F5F0001269B7BD1F69FCE82069FDE82469A1E92B
:10F600002D69D6CD3069ACD23469B2E93969A9E93E
:10F610003D69AAB43F69BBB44269ABE95469A8D05B
:10F620005769A5E95A69FEB35D69ACE95E69E3C053
:10F630006069AAE96369B9E96669B8E96B69AEE925
:10F640006E69FAE87169A8E97769ACBF7869B1E9D0
:10F650007969BAE97C69A5C28069AFE98269C5B8F0
:10F660008469ADE98669DCD38769B4E98869B5E95D
:10F670008969B7E98D69C7E99469C6C09569C5E923
:10F680009869B0E99B69BBE99C69F1B0A769BCE9DD
:10F69000A869A5D5AB69BEE9AD69BFE9B169C1E9A2
:10F6A000B469F1C1B769B6C8BB69BDE9C169C2E94E
:10F6B000CA69C3E9CC69B3E9CE69B6E9D069B1BB1F
:10F6C000D469C0E9DB69F7BCDF69C4E9E069C6E970
:10F6D000ED69CAE9F269CEE9FD69DBB2FF69C8E903
:10F6E0000A6AAEB7176ACBE9186ACCE91F6AC1D5B6
:10F6F000216AA3C4286AD8E92A6AE1BA2F6AC9E94B
:10F70000316AA3D3356AD4E93D6AD7E93E6AD0E9C4
:10F71000446ACFE9476AC1C7506AD2E9586AD9E951
:10F72000596AC8B35B6AD3E9616AF0CF656ACDE90B
:10F73000716AF7B3796AD6E97C6ADAE9806AB4CC8F
:10F74000846AADCF8E6AD5E9906ADCE9916ADBE91B
:10F75000976ADEE9A06AD1E9A96ADDE9AB6ADFE967
:10F76000AC6ACAC3206BB7C7216BCEB4226BB6BBE1
:10F77000236BC0D0246BA3EC276BB7C5326BFBD3D4
:10F78000376BA4EC396BA5EC3A6BDBC63E6BEEBF76
:10F79000436BA6EC466BA7EC476BAAD0496BB8C786
:10F7A0004C6BE8B8596BA8EC626BB9D6636BFDD5AE
:10F7B000646BCBB4656BBDB2666BE4CE676BE7C6BA
:10F7C0006A6BE1CD796BF5B47B6BC0CB7C6BDFBC36
:10F7D000816BE2E9826BE3E9836BEAD1846BE5E953
:10F7E000866BF9B4876BE4E9896BB3D18A6BE2CAA3
:10F7F0008B6BD0B28D6BE8E9926BE6E9936BE7E92E
:10F80000966BB3D69A6BE9E99B6BEAE9A16BEBE9DE
:10F81000AA6BECE9B36BAFECB46BB9C5B56BCEB604
:10F82000B76BF3D2BF6BEEB5C16BD9BBC26BB1EC9A
:10F83000C56BE3D2CB6BE3CECD6BB8C4CF6BBFC38C
:10F84000D26BBEB6D36BB9D8D46BC8B1D56BCFB1C0
:10F85000D66BD1B1D76BFEC5D96BD0B1DB6BABC367
:10F86000E16BB1D5EA6BA4EBEB6BC1BAEF6BBACC31
:10F87000F36BA5EBF56BA7EBF96BA8EBFD6BA6EBB8
:10F88000056CA9EB066CABEB076CAAEB0D6CACEB53
:10F890000F6CCFCA106CB5D8116CF1C3136CA5C333
:10F8A000146CF8C6156CADEB166CCAC4186CAEEBD4
:10F8B000196CAFEB1A6CB0EB1B6CD5B71F6CFAB7B9
:10F8C000216CB1EB226CE2C7246CB3EB266CA4BABA
:10F8D000276CF5D1286CB1B0296CB2EB2A6CB4EB73
:10F8E0002E6CAAB52F6CC8C2306CE8C7326CB5EB71
:10F8F000346CAECB356CDFE3386CC0D33D6CDBD9F8
:10F90000406CA1CD416CADD6426CF3C7466CE0D9DA
:10F91000476CE3BB496CBABA4A6CE2E3506CABCFBC
:10F92000546CE0E3556CC7C9576CB9BA5B6CB4D181
:10F930005C6CE1E35D6CEAC85E6CAFB95F6CADBD59
:10F94000606CD8B3616CDBCE646CC0CC686CE8E3EF
:10F95000696CE9E36A6CF4CD706CADCC726CB3BCCD
:10F96000746CEAE3766CEBE3796CDAD07D6CFBC601
:10F970007E6CDAB7816CDFC7826CCAD2836CD6CE5C
:10F98000856CE4E3866CECE3886CF2C9896CC1B3E6
:10F990008C6CE7E38F6CE3C6906CE5E3936CB3ED9E
:10F9A000946CE6E3996CB3C99B6CE6C59F6CB5B9E2
:10F9B000A16CBBC3A36CE3E3A46CBDC5A56CA4C1DF
:10F9C000A66CD9C2A76CD7B2A96CEDE3AA6CA6BB92
:10F9D000AB6CADC4AD6CF0E3AE6CDABEB16CFBE306
:10F9E000B26CF5E3B36CD3BAB86CD0B7B96CCDD305
:10F9F000BB6CCED6BC6CD3D5BD6CC1B9BE6CB4D516
:10FA0000BF6CD8D1C46CB9D0C56CF6C7C96CAAC8D4
:10FA1000CA6CB4B2CC6CDAC3D06CEEE3D36CFCE34A
:10FA2000D46CEFE3D56CA8B7D66CF7E3D76CF4E3EE
:10FA3000DB6CBAB7DE6CA2C5E06CF6E3E16CDDC549
:10FA4000E26CA8B2E36CFCC6E56CE0C4E86CA2D73B
:10FA5000EA6CE1C0EB6CF9E3EE6CFAE3EF6CFDE30A
:10FA6000F06CA9CCF16CF3E3F36CBED3F56CC3B1CD
:10FA7000F66CB4EDF76CF1E3F86CF2E3FA6CF8E3D2
:10FA8000FB6CBAD0FC6CC3C6FD6CF3D4FE6CFEE319
:10FA9000016DE0BD046DA7E4076DA6E40B6DF3D125
:10FAA0000C6DA3E40E6DA9E4126DF7C8176DB4CF09
:10FAB000196DA8E41A6DAEE41B6DE5C21E6DB4B6F7
:10FAC000256DF2BD276DA2E42A6DE9BA2B6DAAE47B
:10FAD0002E6DACE4316DFDB6326DDED6336DB2E421
:10FAE000356DADE4396DA1E43B6DEEBB3C6DDDCD14
:10FAF0003D6DA2C73E6DC9C5416DF7C1436DA4E41C
:10FB0000456DB3C7466DACBD476DBDBD486DA5E441
:10FB10004A6DC7D74B6DE2B24D6DABE44E6DC3BCC1
:10FB20004F6DAFE4516DEBBB526DB0E4536DA8C5A2
:10FB3000546DB1E4596DE3D55A6DA3BF5C6DBAE461
:10FB40005E6DB7E4606DBBE4636DBDE4666DD6C603
:10FB5000696DC6BA6A6DCBC06E6DA1B86F6DB4E445
:10FB6000746DA1D4776DA3BA786DFEBD7C6DBCE4D5
:10FB7000826DBFCD856DF9C4886DFBCF896DE6C9F7
:10FB80008C6DBFD38E6DD1CF916DB3E4936DB8E41E
:10FB9000946DB9E4956DE9CC9B6DCECC9D6DD4C0D0
:10FBA0009E6DB5E49F6DB0C1A06DB6E4A16DD0CEE1
:10FBB000A36DC1BBA46DD3B5A66DF3C8A76DA7BDDA
:10FBC000A86DC7D5A96DACC9AA6DA2B8AB6DCAE4C2
:10FBD000AE6DCCE4AF6DC4D1B26DBAD2B56DADBA75
:10FBE000B86DD4BABF6DC3E4C06DEDB5C46DCDD7EB
:10FBF000C56DC0E4C66DFDCFC76DBFE4CB6DDCC184
:10FC0000CC6DCACCD16DE7CAD66DD7C4D86DD4CC73
:10FC1000D96DC8E4DD6DC7E4DE6DC1E4E06DC4E418
:10FC2000E16DADB5E46DD9D3E66DC6E4EB6DF9D207
:10FC3000EC6DE3B4EE6DB4BBF16DEEC9F36DBEB423
:10FC4000F76DECBBF96DCDD1FB6DEDCCFC6DB5ED79
:10FC5000056EE5C70A6EA8D40C6ECBE40D6ED5D741
:10FC60000E6EC2E4106EA5BD116EC5E4146EE6D32F
:10FC7000166EC9E4176EF8C91A6EBEE41D6EE5D3A0
:10FC8000206EFEC7216EC9B6236EFCD4246EB3B2BB
:10FC9000256ED7E4296EC2CE2B6ECDE42D6EBCCE80
:10FCA0002F6EDBB8326ED6E4346ECABF386ECED358
:10FCB0003A6EECC3436EC8C5446ED8E44D6EC4CDF5
:10FCC0004E6ECFE4536ED4E4546ED5E4566EFEBA55
:10FCD000586EE6CF5B6EBFD55F6ED2E46B6ED0E43C
:10FCE0006E6ECEE47E6EE5CD7F6EAACA836EA3C033
:10FCF000856EA6BD866ED3E4896EC8B88F6EE7E4C4
:10FD0000906EB4D4986EDBE49C6EEFC19F6EE9E414
:10FD1000A26EE7D2A56EDFE4A76EE0E4AA6EAACFDA
:10FD2000AF6EDDCBB16EDAE4B26ED1E4B46EE5E471
:10FD3000B66EDCC8B76EE3E4BA6EE7C4BB6EE2E44D
:10FD4000BD6EE1E4C16EFCB3C26EE8E4C76EE1B51E
:10FD5000CB6ECCD7CF6EE6E4D16EACBBD36ED2D730
:10FD6000D46ECFCCD56EF8EBD76EE4E4DA6EF6B98C
:10FD7000DE6ECDD6DF6ED9E4E06EDCE4E16EFAC271
:10FD8000E26EDEE4E46ECBC2E56EC4C0E66ED0C2C5
:10FD9000E86EF5B1E96EB2CCF46ECEB5F96EEFE473
:10FDA000026FAFC6066FE1C6096FF5E40F6FA9C217
:10FDB000136FECC0146FDDD1156FEEE4206FAEC48D
:10FDC000246FEDE4296FF6E42A6FF4E42B6FFEC292
:10FDD0002D6FDDE42F6FF0E4316FFECA336FC4D5B1
:10FDE000366FF1E43E6FFAD1466FEBE4476FECE417
:10FDF0004B6FF2E44D6FABCE586FCBC55C6FB1C7A4
:10FE00005E6FBAC2626FEAE4666FCAC16D6FB6CC4C
:10FE10006E6FB1B3726FFBE4746FF3E4786FFAE462
:10FE20007A6FFDE47C6FFCE4846FCEB3886FBAB365
:10FE3000896FF7E48C6FF9E48D6FF8E48E6FECC591
:10FE40009C6FBDC0A16FE8D4A76FA2E5B36FC4B02B
:10FE5000B66FA4E5B96FA3E5C06FA4BCC26FA5E5FA
:10FE6000C96FA1E5D16FFEE4D26FF4B1DE6FA8E5F2
:10FE7000E06FA9E5E16FA6E5EE6FA7E5EF6FAAE5F4
:10FE80001170D9C61A70ABE51B70ADE52370ACE5F7
:10FE90003570AFE53970AEE54C70E0B94F70B0E544
:10FEA0005E70B1E56B70F0BB6C70E1EC6D70F0C32F
:10FEB0006F70C6B57070D2BB7570E9C17670EED444
:10FEC0007870C4BE7C70C6D77E70D6D47F70D3B233
:10FED0008070BEEC8570C1EA8970AFC28A70B6B41A
:10FEE0008E70D7D19270B4B39470B2C89570BBBF06
:10FEF0009670C0EC9970CBD69C70BFEC9D70C1EC35
:10FF0000AB70C5ECAC70E6BEAD70BFCCAE70DAC500
:10FF1000AF70BCBEB170C6ECB370FEB1B770C4ECCC
:10FF2000B870A8D5B970E3B5BB70C2ECBC70B6C1EF
:10FF3000BD70E3B3C070C3ECC170B8CBC270C3C0B6
:10FF4000C370FECCC870D2C1CA70C8ECD870E6BA13
:10FF5000D970D3C0DB70F2D6DF70CCD1E470BEBFF5
:10FF6000E670B3B7E770D5C9E870C7ECE970E2BBDB
:10FF7000EB70CCCCEC70FDBDED70C8C8EF70A9CFB4
:10FF8000F770E9CDF970EBC5FD70E9B70971C9D11A
:10FF90000A71B8BA1071C9EC1371CAEC1571C0BB03
:10FFA0001671CBEC1871E2EC1971BAB11A71D9B7AC
:10FFB0002671B9BD2F71CCEC3071E6D13171CDEC29
:10FFC0003671BBC84571D1EC4A71D3EC4C71CDBBD5
:10FFD0004E71E5BC5C71CFEC5E71B7C96471BAC398
:10FFE0006671E3EC6771D5D56871D0EC6E71F3D6AC
:10FFF0007271D2EC7371CEEC7871D4EC7A71D5EC6D
:020000040802F0
:100000007D71BFC98471A8CF8A71DCD08F71ACD1EA
:100010009471DBC89871D6EC9971F5CE9F71ECCADA
:10002000A071DAECA871D9ECAC71BEB0B371D7ECA9
:10003000B571D8ECB971E4ECC371BCC8CE71C7C15D
:10004000D471DCECD571E0D1E071DBECE571EFD47B
:10005000E771DDECEE71C6DBF971DEEC0672ACB176
:100060001D72DFEC2872E0EC2A72A6D72C72C0C594
:100070003072BCEB3172AEB03572F4BE3672B8B8C5
:100080003772AFD23872D6B03972F9B53B72B3D885
:100090003D72ACCB3F72DDE34772ACC64872E6B04E
:1000A0004C72C6C54D72B9EB5272BAEB5672BBEBCD
:1000B0005972C0D15B72A3C55D72F2EA5F72B2C4BD
:1000C0006172B5C46272CEC06672F3EA6772C1C46F
:1000D0006972EFCE6E72F0EA6F72F4EA7272FCC966
:1000E0007572A3C77972D8CC7A72FECE7E72F5EAA9
:1000F0007F72F6EA8072ACCF8172E7C08472F7EA51
:100100008A72BFB68B72F8EA8D72F9EA8F72FAEAD8
:100110009272FBEA9F72F1EAAC72AEC8AD72EBE18B
:10012000AF72B8B7B072ECE1B472EDE1B672B4D7A9
:10013000B772EEE1B872EFE1B972CCD3C172F1E1FE
:10014000C272F1BFC372F0E1C472D2B5C872B7B166
:10015000CD72F3E1CE72F2E1D072FCBAD272F4E168
:10016000D772B7B9D972D1BEDE72FCC4E072DDBA03
:10017000E172C6BDE872F5E1E972F7E1EC72C0B672
:10018000ED72C1CFEE72A8CAEF72F6E1F072F8D547
:10019000F172FCD3F272F8E1F372FCE1F472F9E16E
:1001A000F772FAE1F872EAC0FA72FEE1FB72A1E2BC
:1001B000FC72C7C00173FBE10373FDE10A73A5E2A2
:1001C0000E73D4C11373A3E21573A8E21673FEB2C3
:1001D0001773A2E21B73CDC31C73C2B21D73A7E2D7
:1001E0001E73A6E22173A4E22273A9E22573ABE297
:1001F0002973C9D02A73EDD62B73A8C32C73ACE234
:100200002E73D7CF3173AEE23473EFBA3773E0E9B0
:100210003873ADE23973AAE23E73ABBB3F73B3D41C
:100220004D73B0E25073AFE25273E1E95773B1E23C
:100230006073B2E26C73B3E26D73A1CC6F73B4E21E
:100240007E73B5E28473FED08773CAC28973F1D31B
:100250008B73F5CD8E73E0E79173E1E79673C1BEC2
:100260009B73EAC29F73E4E7A273E3E7A973E6CD49
:10027000AB73B5C3AE73E2E7AF73B7BBB073D6CFA2
:10028000B273E1C1B373E9E7B773E8E7BA73F4E7B0
:10029000BB73A3B2C073EAE7C273E6E7C873ECE7C7
:1002A000C973EBE7CA73BAC9CD73E4D5CF73E5E779
:1002B000D073A9B7D173E7E7D973EEE7DE73F3E73D
:1002C000E073E9D6E573EDE7E773F2E7E973F1E789
:1002D000ED73E0B0F273F5E70374F2C70574C5C0BF
:1002E0000674EDC00974F0C10A74F0E70F74F6E704
:1002F0001074F6CB1A74A2E81B74A1E82274C1D75B
:100300002574FAE72674F9E72874FBE72A74F7E7FF
:100310002C74FEE72E74FDE73074FCE73374D5C10E
:100320003474D9C73574FDC53674C3C53C74EDC784
:100330004174A3E85574A6E85774A5E85974A7E872
:100340005A74F7BA5B74F8E75C74A4E85E74F0C89A
:100350005F74AAC96D74A9E87074E5B97674FED1AA
:100360007774A8E87E74AAE88074ADE88174AEE87A
:100370008374A7C18774AFE88B74B0E88E74ACE85F
:100380009074B4E89C74ABE89E74B1E8A774B5E8C7
:10039000A874B2E8A974B3E8BA74B7E8D274B6E83E
:1003A000DC74CFB9DE74ACF0E074ADF0E274B0C6CA
:1003B000E374EAB0E474BFC8E674DFCDEE74CDCE6A
:1003C000EF74B1EAF474B2EAF674BFC6F774C9B454
:1003D000FF74B3EA0475E7D50D75F9DD0F75B4EA5E
:1003E0001175B5EA1375B6EA1875CAB81975B0DF94
:1003F0001A75F5C91C75F0CC1F75FAC92575FBC9AE
:100400002875C3D32975A6CB2B75A6B82C75AEF06D
:100410002D75C2B12F75B8E53075EFCC3175C9D3E4
:100420003275D7BC3375EAC93575E7B53775D0C4B1
:100430003875E9B53A75AEEE3B75ADBB3E75DEE796
:100440004075AFEE4575A9B34875B2EE4B75B1EE88
:100450004C75E7BD4E75B0EE4F75B7CE5475CFC530
:100460005975F4C15A75CEDB5B75B3EE5C75F3D08C
:100470006575D4C26675E8C66A75ACB77275B4EEB8
:100480007475EBB37875FBBB7975B5EE7F75DCE7FA
:100490008375B6EE8675AEBD8B75E2F18F75E8CAD1
:1004A0009175C9D29275DAF09475DBF09675DCF02F
:1004B0009775C6C19975EDB89A75CEBE9D75DEF07B
:1004C0009F75B1C5A075DDF0A175F1D1A375E0F000
:1004D000A475CCB0A575EABDAB75DFD2AC75DFF005
:1004E000AE75AFB4AF75E8B7B075E6F0B175E5F0CD
:1004F000B275A3C6B375E1F0B475E2F0B575C3B4D7
:10050000B875E3F0B975EED5BC75DBCCBD75D2BE60
:10051000BE75B2BCC275E8F0C375E7F0C475E4F00F
:10052000C575A1B2C775A2D6C875B8D3C975B7BE0F
:10053000CA75ACC8CD75EAF0D275F7D1D475CCD6F2
:10054000D575DBBAD675E9F0D875BBB6DB75B4CD19
:10055000DE75A6C6E275A1C1E375EBF0E475EEF0B9
:10056000E675EDF0E775F0F0E875ECF0EA75BEBB06
:10057000EB75EFF0F075B5CCF175F2F0F475D5B31D
:10058000F975D4B1FC75F3F0FF75F4F00076F6F070
:100590000176E1B40376F1F00576F7F00A76FAF029
:1005A0000C76F8F01076F5F01576FDF01776F9F088
:1005B0001876FCF01976FEF01B76A1F11F76C1CEFD
:1005C0002076A4F12276A3F12476F6C12576FBF0FD
:1005D0002676DDCA2976F1B42A76F1B12B76B1CC34
:1005E0002D76A6F13076A7F13376ACF13476CED500
:1005F0003576A9F13876B3C83C76A2F13E76ABF1F8
:100600003F76A8F14076A5F14376AAF14C76A9B0E1
:100610004D76ADF15476AFF15676B1F15C76B0F12E
:100620005E76AEF16376A2D16B76B2F16F76B3F1FE
:100630007876EFB97B76C7B57D76D7B07E76D9B0C0
:100640008276EDD48476C4B58676D4BD8776CABB6F
:100650008876A7F08B76DEB88E76A8F09176A8B073
:100660009376A9F09676EECD9976AAF0A476ABF0C3
:10067000AE76A4C6B176E5D6B276E4F1B476E5F10D
:10068000BF76F3C3C276DBD3C576D1D6C676E8C5CE
:10069000C876AFD3CA76E6D2CD76C1EECE76BBB001
:1006A000CF76B5D5D076CED1D176E0BCD276D0BAE1
:1006B000D476F8BFD676C7B8D776C1B5D876CCC5CC
:1006C000DB76A2CADF76CBC3E576C2EEEE76BFC498
:1006D000EF76A2B6F176ECEDF276A4C3F476B1D65D
:1006E000F876E0CFF976EFEDFC76CEC5FE76DCB697
:1006F0000177A1CA0477EDED0777F0ED0877F1ED0A
:100700000977BCC30B77B4BF0D77EEED1977F4ED25
:100710001A77F2ED1F77E6D52077DFC32277F3ED66
:100720002677F6ED2877A3D52977A3D12D77F5ED98
:100730002F77D0C33577F7ED3677F4BF3777ECBE38
:100740003877F8ED3A77F7CC3C77DBD14077C5D7EF
:100750004177F6D54377FCED4777FBED5077F9ED20
:100760005177FAED5A77FDED5B77A6BE6177AFCB97
:100770006277A1EE6377BDB66577A2EE6677C0C4F7
:100780006877FEED6B77DEBD6C77C7B27977C3B65D
:100790007D77A5EE7E77BAD87F77A3EE8077A6EE39
:1007A0008477E9C38577F2B38C77A7EE8D77A4EED3
:1007B0008E77B9CF9177A8EE9277F7C29F77A9EE9F
:1007C000A077AAEEA277ABDEA577B3C6A777C6C798
:1007D000A977F5D6AA77C9B5AC77B2CBB077ABEE2F
:1007E000B377ABCDB577ACEEBB77B0D5BD77ADEE1B
:1007F000BF77C4F6CD77C7DBD777A3B4DB77ACC3BD
:10080000DC77E6F1E277B8CAE377D3D2E577AAD608
:10081000E777F2EFE977D8BEEB77C3BDEC77F3EF7C
:10082000ED77CCB6EE77ABB0F377AFCAF677B6ED2F
:10083000F877B7EDFD77F9CEFE77AFB7FF77F3BF67
:100840000078B8ED0178EBC20278B0C90978B9ED4B
:100850000C78F6C60D78B3BF1178BCED1278F8C5E8
:100860001478D0D11678A9D71778BAED1878BBEDDF
:100870001A78E2D11C78BFED1D78C0ED1F78C4ED69
:100880002378C8ED2578C6ED2678CEED2778E8D513
:100890002978C9ED2C78C7ED2D78BEED3078E9C503
:1008A0003478C6C63778E9C93878D2D43978C1EDFA
:1008B0003A78C2ED3B78C3ED3C78C5ED3E78F9C09F
:1008C0004078A1B44578E8B94778D0ED4C78D1EDBF
:1008D0004E78CAED5078CFED5278F8CE5578B6CB39
:1008E0005678CCED5778CDED5D78F5CF6A78D2EDBE
:1008F0006B78F2C16C78B2D36D78CBED6E78B7C8F7
:100900007778EFBC7C78F0C58778D6ED8978EFB53D
:100910008C78B5C28D78ADB08E78E9CB9178AEB1D8
:100920009378D4ED9778EBCD9878E2B59A78D5EDB9
:100930009B78D3ED9C78D7ED9F78FAB5A178D8ED68
:10094000A378D9EDA578DCEDA778CCB1B078F6C561
:10095000B178EEBCB278DAEDB378BCCCB478EAB258
:10096000B978DBEDBE78EBC4C178C5B4C578F5B015
:10097000C978DFEDCA78DAC0CB78E8B4D078CDC5D5
:10098000D478DDEDD578C4BFD978DEEDE878A5C49C
:10099000EC78E0EDF278E1EDF478E3EDF778D7C1AB
:1009A000FA78C7BB0179B8BD0579E2ED1379E4EDBA
:1009B0001E79E6ED2479E5ED3479E7ED3A79BECAA2
:1009C0003B79EAEC3C79F1C03E79E7C94079EBEC40
:1009D0004179EEC64679ECEC4879EDC64979EDEC03
:1009E0005379F0EC5679E6D75779F3EC5A79F1EC74
:1009F0005B79EEEC5C79EFEC5D79A3D75E79F1C9B8
:100A00005F79EECB6079F4EC6279F2EC6579E9CF4D
:100A10006779F6EC6879B1C66D79C0BC6F79F5EC91
:100A20007779BBB57879F6BB7A79F7EC8079F7D925
:100A30008179FBBD8479BBC28579F8EC8A79F9ECC0
:100A40008F79A3B89A79FAECA779FBECB379FCEC2F
:100A5000B979EDD3BA79AED8BB79EBC0BD79DDC732
:100A6000BE79CCBAC079E3D0C179BDCBC379BACD58
:100A7000C679D1B8C979FCB1CB79EFC7CD79D6D6D3
:100A8000D179C6BFD279EBC3D579F5EFD879D8C380
:100A9000DF79E2D7E379F7EFE479D3B3E679D8C722
:100AA000E779EDD1E979C8D6EB79F8EFED79F6EF92
:100AB000EF79FDBBF079C6B3F879D5BDFB79C6D225
:100AC000FD79E0BB007AA1CF027AFCEF037AFBEF5D
:100AD000067AF9EF0B7ACCB30D7AD4C90E7AB0CB83
:100AE000147AFEEF177ADEB01A7AC9D61E7AFDEFB5
:100AF000207AEDB3237AD5F6337AC8CE377AA2F0CE
:100B0000397AA1F03B7ABEB53C7ADABC3D7AFCBBBF
:100B10003F7AE5B8467AC2C4517AA3F0577AEBCB54
:100B2000707AA6F0747AA8D1767ABFBE777AEEC7CB
:100B3000787AB6F1797AB7F17A7AD5BF7F7AA9B4A3
:100B4000807AB8F1817ABBCD837AD4C7847AADD567
:100B5000867AB9F1887ABAF18D7ACFC7917AA4D220
:100B6000927ACFD6957ABBF1967AD1BD977AB0B406
:100B7000987ABDBE9C7ADCB49D7AD1CE9F7ADFBFD5
:100B8000A07ABDF1A57AFABFA67ABCF1A87ABFF126
:100B9000AC7ABEF1AD7AC0F1B37AC1F1BF7AFEC1D1
:100BA000CB7AA2C1D67AFACAD97ABED5DE7ABABED3
:100BB000DF7AB9BEE07AC2D5E37AA2BFE57AAFCDDB
:100BC000E67AB5F1ED7ADFBDEF7ACBB6F97AF1D6F8
:100BD000FA7AC3F3FD7AC4F3FF7ACDB8037BC6F388
:100BE000047BC7F3067BCAB0087BC5F30A7BC9F355
:100BF0000B7BF1CB0F7BCBF3117BA6D0147BCAB15F
:100C0000157BC8F3197BCFF31B7BD1B51E7BD7F3C4
:100C1000207BD2F3247BD4F3257BD3F3267BFBB755
:100C2000287BBFB12A7BCEF32B7BCAF32C7BDAB5B2
:100C30002E7BD0F3317BD1F3337BD5F3387BCDF3EF
:100C40003A7BE3BC3C7BFDC13E7BD6F3457BDAF3CC
:100C5000477BCCF3497BC8B54B7BEEBD4C7BDCF3CB
:100C60004F7BA4B7507BF0BF517BFED6527BB2CDF9
:100C7000547BF0B4567BDFB2587BD8F35A7BD9F360
:100C80005B7BB8C95D7BDDF3607BDEF3627BE1F308
:100C90006E7BDFF3717BE3F3727BE2F3757BDBF357
:100CA000777BEABF797BEFB37B7BE0F37E7BA9C7E1
:100CB000807BF2BC857BEBF38D7BBFB9907BE4F34B
:100CC000947BADB2957BFEBB977BE3CB9C7BEDF336
:100CD0009D7BE9F3A17BDCB9A27BEEF3A67BE5F378
:100CE000A77BE6F3A87BEAF3A97BE1C2AA7BECF33E
:100CF000AB7BEFF3AC7BE8F3AD7BFDBCB17BE4CF2A
:100D0000B47BF0F3B87BE7F3C17BF2F3C67BADD7DE
:100D1000C77BAAC6CC7BF3F3D17BF1F3D37BA8C20C
:100D2000D97BDDB8DA7BF5F3DD7BF4F3E17BDBB473
:100D3000E57BF6F3E67BF7F3EA7BF8F3EE7BBAC0EC
:100D4000F17BE9C0F77BF1C5FC7BFBF3FE7BFAF39B
:100D5000077CD8B40B7CFEF30C7CF9F30F7CFCF31E
:100D6000167CFDF31F7CA1F4267CA3F4277CC9BB71
:100D70002A7CA2F4387CA4F43F7CBEB2407CA6F46A
:100D8000417CA5F44D7CAEBC737CD7C3747CE1D9A7
:100D90007B7CE0C07C7CCCF47D7CD1D7897CDBB7CC
:100DA000917CCEF4927CA3C1957CC9C6977CD6B4C5
:100DB000987CB3D59C7CD0F49D7CCFF49E7CD1F400
:100DC0009F7CDACBA27CD2F4A47CC1D4A57CE0D6F3
:100DD000AA7CE0B7AE7CB8C1B17CBBC1B27CD3F415
:100DE000B37CACBEB97CE2B4BC7CD4F4BD7CD5F49D
:100DF000BE7CABBEC17CD6F4C57CDBF4C77CD7F42B
:100E0000C87CDAF4CA7CFDBACC7CD8F4CD7CD9F4A9
:100E1000D57CE2B8D67CC7CCD77CDCF4D97CDAB2FE
:100E2000DC7CD3C3DF7CE3D4E07CB7BFE87CDDF4BB
:100E3000EF7CB4C5F87CE9F4FB7CB5CF0A7DC9CE64
:100E4000207DD8CB227DF7CB277DF4BD2B7DCFD75E
:100E50002F7DDBC06E7DF5D0777DEAF4A67DEBF4C7
:100E6000AE7DECF43B7EE3F7417EB1B7477EEDF417
:100E7000827EEBD79B7EEEF49F7EF9E6A07EC0BE1D
:100E8000A17EFAE6A27EECBAA37EFBE6A47ECBCFDF
:100E9000A57EFCE6A67EBCD4A77EB6BCA87EFDE6F9
:100EA000A97EFEE6AA7ECDBCAB7ED2C8AC7EB3CE18
:100EB000AD7EA1E7AF7EBFB4B07EA2E7B17EB4C97C
:100EC000B27ED9B8B37EC9C4B57EDDD7B67EDAC2EC
:100ED000B77ED7B7B87EBDD6B97EC6CEBA7EC4B708
:100EE000BD7EA6C5BE7EA3E7BF7EDFCFC07EA4E7E2
:100EF000C17EA5E7C27EA6E7C37EB7C1C47EE9D79F
:100F0000C57EF0C9C67EB8CFC77EAFD6C87ED5D65F
:100F1000C97EA7E7CA7EEDB0CB7EA8E7CC7EA9E765
:100F2000CD7EDCC9CE7EEFD2CF7EADBED07EAAE72D
:100F3000D17EF3B0D27EDEC8D37EE1BDD47EABE7F6
:100F4000D57EC6C8D77EACE7D87EE6BBD97EF8B8DA
:100F5000DA7EA4D1DB7EADE7DC7EE7C2DD7EF8BEC3
:100F6000DE7ECABDDF7EB3CDE07EAEE7E17EAFE7D9
:100F7000E27EEEBEE37EE5D0E57EE7CBE67ED0CC3A
:100F8000E77ECCBCE87EB0E7E97EA8BCEA7EF7D07D
:100F9000EB7EB1E7ED7EF8D0EE7EB2E7EF7EB3E711
:100FA000F07EC2B4F17EB4E7F27EB5E7F37EFEC90F
:100FB000F47EACCEF57EE0C3F67EB7E7F77EC1B136
:100FC000F87EF1B3FA7EB8E7FB7EB9E7FC7EDBD7AB
:100FD000FD7EC0D5FE7EBAE7FF7ECCC2007FBAD7C9
:100FE000017FBBE7027FBCE7037FBDE7047FEABC6C
:100FF000057FE5C3067FC2C0077FBEE7087FBFE766
:10100000097FA9BC0B7FC0E70C7FC1E70D7FB6E766
:101010000E7FD0B60F7FC2E7117FC3E7127FC4E710
:10102000137FBABB147FDEB5157FC6C2167FE0B151
:10103000177FC5E7187FB5D4197FC6E71A7FBFB8F9
:101040001B7FC8E71C7FC7E71D7FECB71F7FC9E781
:10105000207FF8B2217FCAE7227FCBE7237FCCE74E
:10106000247FCDE7257FCEE7267FCFE7277FD0E718
:10107000287FA7D3297FF5CB2A7FD1E72B7FD2E723
:101080002C7FD3E72D7FD4E72E7FC9C92F7FD5E7EB
:10109000307FD6E7317FD7E7327FD8E7337FD9E794
:1010A000347FC9BD357FDAE7367FBEF3387FD7B8E6
:1010B0003A7FB1C8427FBFF3447FC0F3457FC1F39D
:1010C000507FDEB9517FF8CD547FE8D8557FB1BA53
:1010D000577FDEC2587FB7EE5A7FA3B75F7FB9EE66
:1010E000617FB8EE627FD5B0687FBBEE697FD6D5F1
:1010F0006A7FEFD76E7FC3D6717FBDEE727FF0CA75
:10110000747FBCEE797FBEEE7E7FC0EE817FBFEE46
:101110008A7FF2D18C7FBCC78E7FC0C3947FE1B839
:101120009A7FE7C19D7FC6F49E7FDFD09F7FC7F483
:10113000A17FDBCFA47FBAC8A77FC8F4AF7FC9F473
:10114000B07FCAF4B27FCBF4B87FFAD9B97FFEB8CA
:10115000BC7FF1E5BD7FF0D3BF7FE0F4C17FCCCE93
:10116000C57FE1B3CA7FB4F1CC7FEED2CE7FE1F48C
:10117000D47FE8CFD57FE2F4D87FCCC7DF7FD4B56A
:10118000E07FE4B4E17FE4F4E57FE3F4E67FE5F4B7
:10119000E97FE6F4EE7FE7F4F07FB2BAF17FBFB00B
:1011A000F37FE8F4FB7FADB7FC7FEDD20080ABD2DC
:1011B0000180CFC00380BCBF0480A3EB0580DFD5D6
:1011C0000680C8EA0B80F3F10C80F8B60D80A3CB43
:1011D0001080CDC41280E7F11480E8F11580FBB8CF
:1011E0001680E9F11780C4BA1880C5D41980D2B02E
:1011F0001C80EAF12080EBF12280ECF12580EDF1FA
:101200002680EEF12780EFF12880F1F12980F0F1BE
:101210002A80D5C53180F2F13380FAB63580F4F1F9
:101220003680AED23780C7DE3880CACB3B80DCB395
:101230003D80A2B53F80A2B94280F4C44380F5F15D
:101240004680F6F14A80C4C14B80FBC14C80B0D6C9
:101250004D80F7F15280F8F15480AAC15880B8C689
:101260005A80DBBE6980F9F16A80CFB47180FAF1EF
:101270007F80B2ED8080B1ED8380E0CB8480DED2D0
:101280008680C1CB8780D8D58980E2C88B80DFC0BB
:101290008C80A1BC9380C1EB9680A4D09880E2D6CC
:1012A0009A80C7B69B80D8B89C80C0EB9D80CEB892
:1012B0009F80BFEBA080A6B3A180C9B9A280ABD6A6
:1012C000A480F4B7A580CAB7A980E7BCAA80BEB73E
:1012D000AB80C6EBAD80C7EBAE80B9B0AF80CFBFFF
:1012E000B180C5EBB280FDD3B480C8EBB780C9EB49
:1012F000BA80CEB7BC80C2EBBD80C4EBBE80F6C95D
:10130000BF80D7D6C080CDD5C180B2D0C280CFEB50
:10131000C380B8CEC480D0EBC680A8B5CC80B3B1B2
:10132000CD80D2EBCE80A5CCD680D6C5D780D3EBEE
:10133000D980D1EBDA80DFC5DB80CEEBDC80A4CABC
:10134000DD80D5EBDE80FBB0E180FABAE480B7D86F
:10135000E580E3F1E780CAEBE880CBEBE980CCEBFA
:10136000EA80CDEBEB80D6EBEC80C0E6ED80D9EBEC
:10137000EF80E8BFF080C8D2F180D7EBF280DCEBE1
:10138000F380ECB8F480D8EBF680BABDF880D8D002
:10139000FA80B7B0FC80DDEBFD80DCC40281ACD606
:1013A0000681E0B40981F6C20A81B9BC0D81DAEB8D
:1013B0000E81DBEB0F81E0D41081EAC61181D4C429
:1013C0001281DFEB1381A7C51481F5D91681B1B263
:1013D0001881E4EB1A81C5BD1E81E2EB2C81E3EBA1
:1013E0002F81ACB83181D1CD3281E5EB3681E1EB93
:1013F0003881B3C13E81A2C64681F3CC4881E6EB79
:101400004A81B0C04B81B8D24C81E7EB5081AFB874
:101410005181ADB85381E8EB5481BBC75581F3CD01
:101420005981EAEB5A81EBEB6081EDEB6581C8D025
:101430006781F2EB6981EEEB6D81F1EB6E81F9C8AA
:101440007081FCD17181ECEB7481E9EB7981B9B8E1
:101450007A81D9CF7B81E5C47C81EFEB7D81F0EB94
:101460007E81DACC7F81C8CD8081F2B08281F6EBBB
:101470008881F5EB8A81B2B28F81E0B89181F7EB78
:101480009881ECB19B81C5CC9C81A4C49D81A5CFE2
:10149000A381F9EBA681A2ECA881F2C5AA81FAEB9F
:1014A000B381C5C9BA81DFE2BB81FEEBC081CECD7D
:1014B000C181A1ECC281DBB1C381B7D3C681DCD2CB
:1014C000CA81FDEBCC81FBEBE381BCB3E781B0EAE1
:1014D000EA81D4D7EC81ABF4ED81F4B3F381C1D6CA
:1014E000F481C2D6FB81E9D5FC81CABEFE81A7F496
:1014F0000082A8D20182A8F40282A9F40482AAF48C
:101500000582CBBE0682DFD30C82E0C90D82E1C921
:101510001082C2F31282E6CA1482F2CC1B82B6E2B7
:101520001C82B4CB1E82E8CE1F82DBD62182ADF4B2
:101530002282AEF42382AFF42882B2F42A82BDBAAA
:101540002B82B3F42C82E3B02D82B0F42F82B1F45D
:101550003082A2BD3182D5B23382B6F43482B7F480
:101560003582E6B63682B0B23782CFCF3882B4F455
:101570003982ACB43B82B5F43E82B8F44482B9F40B
:101580004782A7CD4982BAF44B82BBF44F82BCF4A8
:101590005882D2CB5A82BDF45F82BEF46882BFF417
:1015A0006E82DEF46F82BCC17082E8BC7282ABC90D
:1015B0007382DED17482F5E57982B3DC7A82D5D28A
:1015C0007D82B4DC7E82ACB07F82B5DC8282DABD03
:1015D0008482B9DC8882C2D88A82B7DC8B82F3D35A
:1015E0008D82D6C98E82BADC8F82B6DC9182BBDC5A
:1015F0009282A2C39782BCDC9882C5DC9982BDDC52
:101600009C82DFCE9D82A5D69F82CFDCA182CDDCDD
:10161000A482D2DCA582E6BDA682ABC2A882B8DCD9
:10162000A982CBDCAA82CEDCAB82BEDCAC82D2B794
:10163000AD82C5B0AE82C7DCAF82BED0B082C1DCA5
:10164000B182A8BBB382BCB7B482CCDCB782C6DCA3
:10165000B882BFDCB982DBC7BD82BFD1BE82C0DC2D
:10166000C182CADCC482D0DCC782ADCEC882C2DCF3
:10167000CA82C3DCCB82C8DCCC82C9DCCD82D4B2C6
:10168000CE82D1DCCF82D5CBD182B7D4D282DBDC83
:10169000D382DFDCD482A6CCD582E6DCD782E7C356
:1016A000D882DCDCDB82C1BFDC82D9DCDE82FAB02E
:1016B000DF82B6B9E082E5DCE182D3DCE382C4DC20
:1016C000E482D6DCE582F4C8E682E0BFEB82BBC9E7
:1016D000EF82BDB1F182A2D3F482DADCF782D5DCED
:1016E000F982BBC6FB82DEDC0183C2D70283AFC3B3
:1016F0000383B6B70483D1C70583A9C30683E2DC9D
:101700000783D8DC0883EBDC0983D4DC0C83DDDCC5
:101710000E83A5BE0F83D7DC1183E0DC1483E3DCEA
:101720001583E4DC1783F8DC1A83E1DC1B83A2DD7C
:101730001C83E7DC2783EBBC2883C4B42B83A3C3BF
:101740002C83E7B22D83FADC2F83F2DC3183EFDCCC
:101750003383FCDC3483EEDC3583F0D23683E8B2AD
:101760003883D7C83983E3C83A83FBDC3C83EDDC9C
:101770004083F7DC4383F5DC4683A3BE4783F4DC78
:101780004983DDB24F83F3DC5083F6BC5183E8DC40
:101790005283C4BB5483F3C05A83D4BC5B83E9DC5B
:1017A0005C83EADC5E83F1DC5F83F6DC6083F9DC7A
:1017B0006183B4B56383D9C86483E7BB6583FEDC0A
:1017C0006683FDDC6783ABD36883A1DD6983A3DD1A
:1017D0006A83A5DD6B83F1D26C83A4DD6D83A6DD06
:1017E0006E83A7DD6F83A9D27783C9BA7883A9DD19
:1017F0007B83B6DD7C83B1DD7D83B4DD8583B0DDA5
:101800008683CEC68983F2C08E83AFC99283ECDC17
:101810009383AEDD9883B7DD9B83F0DC9C83AFDDE3
:101820009E83B8DDA083ACDDA883B9DDA983B3DDD9
:10183000AA83ADDDAB83AAC4B083A8DDB183B3C0F6
:10184000B283ABC1B383AADDB483ABDDB683B2DDB3
:10185000B783F1BBB883B5DDB983A8D3BA83BADD4A
:10186000BC83BBDDBD83A7C3C083D2DDC183BCDD28
:10187000C583D1DDC783BDB9CA83D5BECC83FABECB
:10188000CF83CABAD483CADDD683C5DDD883BFDD92
:10189000DC83CBB2DD83C3DDDF83CBDDE083A4B2A9
:1018A000E183D5DDE583BEDDE983D0C6EA83D0DD03
:1018B000F083D4DDF183E2C1F283C6B7F883CEDDD5
:1018C000F983CFDDFD83C4DD0184BDDD0384CDDD7F
:1018D0000484D1CC0684C9DD0B84C2DD0C84C8C36A
:1018E0000D84BCC60E84AECE0F84CCDD1184C8DD61
:1018F0001884C1DD1C84C6DD1D84DCC22484A9D308
:101900002584AAD32684D3DD2784F4CF2884F8C87D
:101910003184E6DD3884C7DD3C84E0DD3D84E4C20B
:101920004684E1DD5184D7DD5784F8D65984D9DD6A
:101930005A84D8DD5B84F0B85C84D6DD6184CFC680
:101940006384ADB66984E2DD6B84F9BA6C84E1D45A
:101950006D84E7DD7184D0B47384DADD7584FBBFF8
:101960007684E3DD7884DFDD7A84DDDD8284D9B5B9
:101970008784DBDD8884DCDD8984DEDD8B84AFBD9C
:101980008C84E4DD8E84E5DD9784F5DD9984C9C31C
:101990009C84E2CBA184F2DDAF84E1D8B284D1C6CD
:1019A000B484F4DDB884F4D5B984F3DDBA84F0DD11
:1019B000BD84ECDDBF84EFDDC184E8DDC484EED0FE
:1019C000C984D8C8CA84EEDDCD84E9DDD084EADDDF
:1019D000D184F2CBD384EDDDD684CDB1DD84B6C025
:1019E000DF84BBBCE084F1DDE384F7DDE584F6DD74
:1019F000E684EBDDEC84EEC5F084FBDDFC84A4DE44
:101A0000FF84A3DE0C85F8DD1185EFC31385FBC2CF
:101A10001785E1D51A85B5CE1F85FDDD2185CCB2B0
:101A20002B85E8C42C85DFCA3785BEC73885FADD2B
:101A30003985FCDD3A85FEDD3B85A2DE3C85AAB01A
:101A40003D85CEB14385ACDE4885A6DE4985B6BD71
:101A50004A85EFC85685A1DE5985A5DE5E85A9DEDB
:101A60006485A8DE6885A7DE7285ADDE7485CCD47A
:101A70007985B3DE7A85AADE7B85AEDE7E85D9C028
:101A80008485A1B18585B6DE8785B1DE8F85B2DE1E
:101A90009B85A6D19C85B5DEA485AFDEA885B0DE8A
:101AA000AA85BDD0AE85B4DEAF85EDCAB085B9DEFE
:101AB000B785B8DEB985B7DEC185BBDEC985E5BDB2
:101AC000CF85D8B2D085EAC3D385BADED585BAC56D
:101AD000DC85BCDEE485D9CCE985AAB7FB85E5D4F5
:101AE000FF85BDDE0586BFDE1186A2C41686C1DE77
:101AF0002786BEDE2986C0DE3886BAD53C86C2DEA1
:101B00004D86AEF24E86A2BB4F86B2C25086B0C59D
:101B10005186C7C25486AFF25A86E9D05E86DDD3BD
:101B20006286BDEB6B86E6B36C86B0F26E86B1F270
:101B30007186ADCA7986E7BA7A86B3F27B86B5F24A
:101B40007C86B4F27D86E4CB7E86BACF7F86B2F205
:101B50008086B4CA8186CFD28286ECC28A86C3CE02
:101B60008B86B8F28C86F6B08D86B7F29386BEF27D
:101B70009586CFB29C86C1D19D86BAF2A386BCF26F
:101B8000A486E9D4A786BBF2A886B6F2A986BFF2DE
:101B9000AA86BDF2AC86B9F2AF86C7F2B086C4F2AF
:101BA000B186C6F2B486CAF2B586C2F2B686C0F273
:101BB000BA86C5F2C086FBD6C486C1F2C686F9C70E
:101BC000C786DFC9C986C8F2CA86C6B9CB86B0B592
:101BD000CE86C3F2CF86C9F2D086D0F2D186D6F2B5
:101BE000D486D7BBD886D5F2D986DCCDDB86EBD6BA
:101BF000DE86D2F2DF86D4F2E486F2B8E986CBF252
:101C0000ED86CEF2EE86F9C2F086DDD5F186CCF215
:101C1000F286CDF2F386CFF2F486D3F2F886D9F2CB
:101C2000F986BCD3FE86EAB60087F1CA0287E4B71C
:101C30000387D7F20787D8F20887DAF20987DDF23F
:101C40000A87DBF20D87DCF21287D1D11387D1F23C
:101C50001587C9CD1787CFCE1887A9D61A87E3F283
:101C60001C87DBC31E87E0F22187AFC02287ECF21E
:101C70002387DEF22587E1F22987E8F22E87E2F258
:101C80003187E7F23487E6F23787E9F23B87DFF204
:101C90003E87E4F23F87EAF24787ACD34887E5F214
:101CA0004987F5B24C87F2F24E87ABD05387F5F2F5
:101CB0005787C8BB5987F9F26087F0F26387F6F25D
:101CC0006487F8F26587FAF26E87F3F27087F1F2B3
:101CD0007487FBBA7687FBB57B87EFF27C87F7F2D8
:101CE0007D87EDF27E87EEF28287EBF28387A6F3A3
:101CF0008587A3F38887A2F38B87F4F28D87DAC8F0
:101D00009387FBF29787A5F39F87F8C3A887FDF217
:101D1000AB87A7F3AC87A9F3AD87A4F3AF87FCF239
:101D2000B387ABF3B587AAF3BA87DDC2BD87AEF33D
:101D3000C087B0F3C687A1F3CA87B1F3CB87ACF3F2
:101D4000D187AFF3D287FEF2D387ADF3DB87B2F34F
:101D5000E087B4F3E587A8F3EA87B3F3EE87B5F33A
:101D6000F987B7D0FE87B8F30388F9D90A88B9F3A1
:101D70001388B7F31588E4C81688B6F31B88BAF33E
:101D80002188BBF32288C0B43288C3EE3988BCF303
:101D90003C88BDF34088AAD14488ACF44588C6D0BD
:101DA0004C88D0D04D88DCD15488CECF5788D6BD52
:101DB0005988C3D16188E2BA6288E9E16388C2D2F6
:101DC0006488C2F16588B9B26888EDB16988C3F1E9
:101DD0006B88C0C96C88C4B36E88F2D97088A5CBF3
:101DE0007288C4F17788D4D67D88C5F17E88C0F426
:101DF0007F88C6F18188ACD48288C7F18488C0B05E
:101E00008588C1F48888C2F48B88FCB48D88DBC5D2
:101E10009288BBCC9688E4D09C88E0CDA288C8F19B
:101E2000A488F3D9AB88BBB1AD88AECFB188A4B8D4
:101E3000B788CAF1BC88CBF1C188C3B2C288D1C10E
:101E4000C588B0D7C688C9F1C988CCF1CE88CEF193
:101E5000D288F6D9D488E1D2D588A3D4D888C3F45F
:101E6000D988B9C8DF88C4F4E288CDF1E388CFF11E
:101E7000E488E3BFE588D0F1E888D4F1F088D6F1B2
:101E8000F188D1F1F388D1C9F488E1C5F888E3C2BB
:101E9000F988FCB9FC88D3F1FE88D5F10289D3B961
:101EA0000A89DBF11089D6BA1289FDB01389D9F1FC
:101EB0001989D8F11A89D2F11B89DAF12189D7F170
:101EC0002589ECC82A89CACD2B89DDF13089BDE589
:101ED0003489DCF13689DEF14189DFF14489E5CFCF
:101EE0005E89C5F45F89F3BD6689E0F17B89E1F124
:101EF0007F89F7CE8189AAD28389FBF18689B2B81E
:101F0000C189FBBCC289DBB9C489E6B9C589D9C31B
:101F1000C689D3CAC789E8EAC889C0C0C989F5BEDD
:101F2000CA89E9EACB89EAEACC89EBEACE89ECEA0C
:101F3000CF89EDEAD089EEEAD189EFEAD289C7BD2F
:101F4000D689FBF5DA89FDF5DC89FEF5DE89FCF53D
:101F5000E389E2BDE589A1F6E689A5B4EB89A2F69D
:101F6000EF89A3F6F389B2EC008AD4D1078AEAD9C3
:101F70003E8AA4F6488ABAEE798AB2D5898AFED317
:101F80008A8ADCCC938AC4CA078BC0E5268BA5F667
:101F9000668BAFBE6C8BA9C6A08BA5DAA18BC6BC25
:101FA000A28BA9B6A38BBCB8A48BCFC8A58BA5BCAC
:101FB000A68BA6DAA78BA7DAA88BD6CCA98BC3C829
:101FC000AA8BA8DAAB8BFDC6AD8BB5D1AE8BE9D2AF
:101FD000AF8BB6D1B08BC7BCB28BB2BDB38BE4BBF9
:101FE000B48BA9DAB58BAADAB68BC8D1B78BABDACA
:101FF000B88BEDD0B98BEFB6BA8BDBC2BC8BCFCB35
:10200000BD8BEDB7BE8BE8C9BF8BC3B7C08BF7BE26
:10201000C18BA4D6C28BACDAC38BADDAC48BC0C67D
:10202000C58BE7D7C68BB6CAC88BA9D5C98BDFCB02
:10203000CA8BEFD5CB8BAEDACC8BDFD6CD8BCAB4C7
:10204000CE8BB0DACF8BAFDAD18BEBD2D28BB1DAC9
:10205000D38BB2DAD48BB3DAD58BD4CAD68BB4DABD
:10206000D78BABCAD88BB5DAD98BB6DADA8BCFB3CC
:10207000DB8BEFD6DC8BB7DADD8BB0BBDE8BAEB59E
:10208000DF8BB8DAE08BB9DAE18BEEB9E28BAFD156
:10209000E38BE8D2E48BBADAE58BC3B8E68BEACF00
:1020A000E78BEFB2E88BBBDAE98BBCDAEB8BEBBDED
:1020B000EC8BDCCEED8BEFD3EE8BBDDAEF8BF3CE7A
:1020C000F08BBEDAF18BD5D3F28BE5BBF38BBFDAA5
:1020D000F48BB5CBF58BD0CBF68BC0DAF78BEBC797
:1020E000F88BEED6F98BC1DAFA8BB5C5FB8BC1B68E
:1020F000FC8BC2DAFD8BCCB7FE8BCEBFFF8BC3DA75
:10210000008CC4DA018CADCB028CC5DA038CF7B538
:10211000048CC6DA058CC2C1068CBBD7078CC7DA23
:10212000088CB8CC0A8CEAD20B8CB1C40C8CC8DAFF
:102130000D8CFDB50E8CD1BB0F8CC9DA108CB3D0D1
:10214000118CCADA128CCBDA138CBDCE148CCCDA9B
:10215000158CCDDA168CCEDA178CF7B2188CD1DA52
:10216000198CCFDA1A8CE8D11B8CD0DA1C8CD5C331
:102170001D8CD2DA1F8CD3DA208CD4DA218CD5DAFC
:10218000228CBBD0238CA5D2248CF9B0258CD6DA36
:10219000268CABC7278CD7DA288CF7BD298CA1C336
:1021A0002A8CD8DA2B8CD9DA2C8CFDC32D8CB7CCA9
:1021B0002E8CDADA2F8CDBDA308CBEC0318CD7C6AD
:1021C000328CDCDA338CDDDA348CB4C7358CDEDA71
:1021D000368CDFDA378CC8B9418CEDBB468CB9B68A
:1021E000478CF8F4498CF9F44C8CE3CD558CB9F557
:1021F0005A8CE0EB618CF3CF628CBFBB6A8CC0BAA7
:102200006B8CA5D4738CD9E1788CF4F5798CAAB158
:102210007A8CF2B2828CF5F5858CF7F5898CD1BA7F
:102220008A8CF6F58C8CB2C3948CF9F5988CF8F501
:102230001D8DB4B11E8DEAD51F8DBAB8218DB1B9EF
:10224000228DC6B2238DF0D4248DCDCF258DDCB068
:10225000268DCBD5278DF5BB288DCAD6298DB7B74E
:102260002A8DB0CC2B8DB6C62C8DE1B12D8DBAB98F
:102270002E8DFCD62F8DE1B9308DA1B7318DFABCF2
:10228000328DDAEA338DDBEA348DF9CC358DF3B952
:10229000368DDCEA378DFBB4388DB3C3398DD1B7B9
:1022A0003A8DD8BA3B8DDDEA3C8DF4D43D8DDEEA23
:1022B0003E8DD6BC3F8DDFBB408DDFEA418DDEC158
:1022C000428DB8C2438DDFD4448DCAD7458DE0EA34
:1022D000468DE1EA478DE4EA488DE2EA498DE3EA7A
:1022E0004A8DDEC94B8DB3B84C8DC4B64D8DE5EA31
:1022F0004E8DEACA4F8DCDC9508DCDB4538DD9E2E4
:10230000548DE2C5558DE6EA568DB5C0588DB8D7C7
:10231000598DE7EA5A8DACD75B8DFCC85C8DD3D85C
:102320005D8DCDD85E8DDED4608DF9D4618DC4C94C
:10233000628DAED3638DD3B8648DE0B3668DE2C990
:10234000678DF6F46B8DD5BA6D8DF7F4708DDFD790
:10235000738DF1F4748DB0B8758DD4D5768DCFB8FA
:10236000778DF0C6818DC3B3848DF2F4858DACB3C7
:102370008A8DBDD48B8DF7C7918DF4F4948DF3F4D1
:102380009F8DCBCCA38DA4C8B18DF5F4B38DE3D7CD
:10239000B48DBFC5B58DC0F5B88DBBF5BA8DC3F58D
:1023A000BC8DC2F5BE8DBAD6BF8DC1F5C38DBED46E
:1023B000C48DC4F5C68DCCF5CB8DCFB0CC8DF8B522
:1023C000CE8DC9F5CF8DCAF5D18DDCC5D68DC5F5BD
:1023D000D78DC6F5DA8DC7F5DB8DCBF5DD8DE0BE8B
:1023E000DE8DC8F5DF8DFAB8E38DD0F5E48DD3F539
:1023F000E88DE7BFEA8DF2B9EB8DBCF5EC8DCDF53C
:10240000EF8DB7C2F38DF8CCF58DF9BCF78DCEF515
:10241000F88DCFF5F98DD1F5FA8DE5B6FB8DD2F5B6
:10242000FD8DD5F5058EBDF5098ED4F50A8EBBD38D
:102430000C8EECB30F8EA4CC148ED6F51D8ED7F572
:102440001E8EE1BE1F8ED8F5228EDFCC238EDBF5EB
:10245000298EC8B22A8ED9D72C8ED9F52E8EDAF5D0
:102460002F8EDCF5318EE2F5358EE0F5398EDFF515
:102470003A8EDDF53D8EE1F5408EDEF5418EE4F5D8
:10248000428EE5F5448EE3CC478EBFE5488EB8B565
:10249000498EE3F54A8EE8F54B8EA3CC518EE6F5D6
:1024A000528EE7F5598EBEF5668EC4B1698EBFF5C2
:1024B0006C8EC5B56D8EE4B26F8EECF5708EE9F55D
:1024C000728ED7B6748EEDF5768EEAF57C8EEBF5CE
:1024D0007F8EDAB4818EEAD4858EEEF5878EF9B3DD
:1024E0008F8EEFF5908EF1F5948EF0F59C8EF2F5CF
:1024F0009E8EF3F5AB8EEDC9AC8EAAB9AF8EFBC73D
:10250000B28EE3B6BA8EC9CCCE8EA6EA668FB5B3CC
:10251000678FFED4688FECB9698FF9D06B8FEDE9C6
:102520006C8FAAD76D8FEEE96E8FD6C26F8FEDC814
:10253000708FE4BA718FEFE9728FF0E9738FF1E970
:10254000748FE1D6758FF2E9768FF3E9778FF5E92D
:10255000788FF4E9798FF6E97A8FF7E97B8FE1C715
:102560007C8FF8E97D8FD8D47E8FF9E97F8FCEBD3F
:10257000818FFAE9828FFBE9838FCFBD848FFCE9DD
:10258000858FA8B8868FBEC1878FFDE9888FB2B1CD
:10259000898FD4BB8A8FF5B98B8FFEE98D8FA1EA25
:1025A0008E8FA2EA8F8FA3EA908FF8B7918FADBC80
:1025B000938FE4CA948FCEE0958FAFD4968FBDCF22
:1025C000978FB7D5988FA4EA998FDED59A8FA5EA11
:1025D0009B8FC1D09C8FBCB99E8FC7B49F8FD9B140
:1025E000A38FB1C0A88FE6B1A98FE7B1AB8FE8B1D7
:1025F000B08FBDB3B18FE8C8B68FC1E5B98FDFB179
:10260000BD8FC9C1BE8FEFB4C18FA8C7C28FD8D349
:10261000C48FF9C6C58FB8D1C78FFDB9C88FF5C2B1
:10262000CE8FADD3D08FCBD4D18FFCBDD38FC2E5AD
:10263000D48FB5B7D58FC3E5D88FB9BBD98FE2D5C5
:10264000DB8FF8BDDC8FB6D4DD8FA5CEDE8FACC1BD
:10265000DF8FD9B3E28FF6CCE48FC6E5E58FC4E512
:10266000E68FC8E5E88FCAE5E98FC7E5EA8FCFB501
:10267000EB8FC8C6ED8FFCB5EE8FC5E5F08FF6CABF
:10268000F38FC9E5F78FD4C3F88FC5B1F98FA3BC19
:10269000FD8FB7D70090CBCD0190CDCB0290CACAA9
:1026A0000390D3CC0490CCE50590CBE50690E6C42E
:1026B0000990A1D10A90B7D10B90CDE50D90D0E54E
:1026C0000F90B8CD1090F0D61190CFE51290DDB5F7
:1026D0001490BECD1690D1E51790BAB61A90A8CD39
:1026E0001B90E4B91D90C5CA1E90D1B31F90D9CBE1
:1026F0002090ECD42190D2E52290EAB72690CEE546
:102700002D90D5E52E90FEB42F90D6E53590D3E5EB
:102710003690D4E53890DDD23B90DFC23C90C6B114
:102720003E90E2D34190DDB64290ECCB4490D7E5A9
:102730004790F6D34D90E9B14F90F4B65090DAE55A
:102740005190D8E55290D9E55390C0B55790C5D275
:102750005890DCE55B90DEE56290DDE56390B2C702
:102760006590A3D26890DBE56D90E2D46E90DAD5E7
:102770007490E0E57590F1D77D90E1E57F90DCB154
:102780008090FBD18290E2E58390E4E58890E3E5D8
:102790008B90E5E59190D8D29390CBB59590DFE7FB
:1027A0009790F5DA9990F8DA9B90F6DA9D90F7DA3F
:1027B000A190FADAA290CFD0A390C7C4A690EEB0B1
:1027C000AA90B0D0AC90F9DAAE90CAD3AF90AABAC2
:1027D000B090A2DBB190F1C7B390FCDAB490FBDA11
:1027E000B590DBC9B690FDDAB890A1DBB990DED721
:1027F000BA90FEDABB90DAC1BE90A5DBC190F4D3EB
:10280000C490A7DBC590A4DBC790A8DBCA90BCBD71
:10281000CE90C9C0CF90A3DBD090A6DBD190A3D639
:10282000D390A9DBD790ADDBDB90AEDBDC90ACDBEB
:10283000DD90C2BAE190A4BFE290ABDBE690AADBE8
:10284000E790C7D4E890BFB2EB90AFDBED90F9B959
:10285000EF90B0DBF490BBB3F890A6B5FD90BCB69A
:10286000FE90B1DB0291F5B60491B2DB1991C9B1CA
:102870001E91B4DB2291B3DB2391B5DB2F91B7DB43
:102880003191B6DB3991B8DB4391B9DB4691BADBC4
:102890004991CFD34A91FAF44B91F5C74C91C3D7E4
:1028A0004D91E4C54E91FCF44F91FDF45091FBF431
:1028B0005291C6BE5791EFD05A91D3B75D91CDD406
:1028C0005E91AACC6191A2F56291A1F56391A8BA3B
:1028D0006491FEF46591D6CB6991A4F56A91D2C05A
:1028E0006C91EAB36E91AACD6F91A5F57091A3F5A5
:1028F0007191B4BD7291A8F57491A9F57591CDBD92
:102900007691B8C37791E1BF7891E1CB7991AAF53F
:102910007D91A6F57E91A7F57F91F0C48591ACF5E8
:102920008791BCB48991EDD78B91D7B48C91ABF5DD
:102930008D91AEF59091ADF59191AFF59291D1D089
:102940009A91D1C39B91A9C8A291B0F5A391B1F579
:10295000AA91B2F5AD91B3F5AE91B4F5AF91B5F5DD
:10296000B491B7F5B591B6F5BA91B8F5C791C9B2BA
:10297000C991D4D3CA91CDCACC91EFC0CD91D8D64C
:10298000CE91B0D2CF91BFC1D191F0BDDC91AAB8A8
:102990007492F8BC8E92C6F6AE92C7F6C892C8F68C
:1029A0003E93C9F66A93CAF68F93CCF6CA93CBF6D8
:1029B000D693E9F73E94CDF66B94CEF68594C4EEAB
:1029C0008694C5EE8794C6EE8894EBD58994A4B618
:1029D0008A94C8EE8B94C7EE8C94C9EE8D94CAEE9F
:1029E0008E94A5C78F94CBEE9094CCEE9294B0B712
:1029F0009394F6B59494CDEE9594CFEE9794CEEE55
:102A00009994C6B89A94D0EE9B94D1EE9C94D2EE51
:102A10009D94DBB69E94AEB39F94D3D6A094C6C4C7
:102A2000A194B5B1A294D6B8A394D3EEA494D4EE55
:102A3000A594BFD4A694D5C7A794FBBEA894D9CE1D
:102A4000A994B3B9AA94D6EEAB94D5EEAC94D8EED3
:102A5000AD94D7EEAE94A5C5AF94D9EEB094DAEEAE
:102A6000B194AEC7B294DBEEB394AFC7B494DCEECE
:102A7000B594A7B2B694DDEEB794DEEEB894DFEE6F
:102A8000B994E0EEBA94E1EEBB94EAD7BC94E2EEDE
:102A9000BD94E3EEBE94D8BCBF94E4EEC094CBD317
:102AA000C194FACCC294ACB2C394E5C1C494E5EE2F
:102AB000C594A6C7C694ADC3C894E6EEC994E7EE24
:102AC000CA94E8EECB94E9EECC94EAEECD94EBEE2A
:102AD000CE94ECEED094EDEED194EEEED294EFEEF7
:102AE000D594F0EED694F1EED794F2EED894F4EEBD
:102AF000D994F3EEDB94F5EEDC94ADCDDD94C1C258
:102B0000DE94F6EEDF94F7EEE094F8EEE194A1D5D2
:102B1000E294F9EEE394B3CFE494FAEEE594FBEE9D
:102B2000E794FCEEE894FDEEE994A1EFEA94FEEE62
:102B3000EB94A2EFEC94F5B8ED94FAC3EE94A3EF06
:102B4000EF94A4EFF094C2BDF194BFD2F294F9B225
:102B5000F394A5EFF494A6EFF594A7EFF694F8D2CA
:102B6000F794A8EFF894FDD6F994A9EFFA94CCC69F
:102B7000FC94AAEFFD94ABEFFE94B4C1FF94ACEFCC
:102B80000095FACF0195F8CB0295AEEF0395ADEF26
:102B90000495FAB30595F8B90695AFEF0795B0EF30
:102BA0000895E2D00995B1EF0A95B2EF0B95E6B71B
:102BB0000C95BFD00D95B3EF0E95B4EF0F95B5EF13
:102BC0001095F1C81195E0CC1295B6EF1395B7EFBB
:102BD0001495B8EF1595B9EF1695BAEF1795E0D59E
:102BE0001895BBEF1995EDB41A95AAC31B95BCEFC8
:102BF0001D95BDEF1E95BEEF1F95BFEF2195FDCE34
:102C00002295C0EF2395E0C22495B8B42595B6D798
:102C10002695F5BD2895C7CF2995C3EF2A95C1EF15
:102C20002B95C2EF2C95C4EF2D95A7B62E95FCBC25
:102C30002F95E2BE3095CCC33195C5EF3295C6EFE6
:102C40003495C7EF3595CFEF3695C8EF3795C9EF77
:102C50003895CAEF3995C2C73A95F1EF3B95CDB695
:102C60003C95CBEF3E95CCEF3F95CDEF4095C6B66A
:102C70004195BEC34295CEEF4495D0EF4595D1EF37
:102C80004695D2EF4795F2D54995D3EF4A95F7C4CB
:102C90004C95D4EF4D95F8C44E95D5EF4F95D6EFA2
:102CA0005095E4B85195F7B05295D7EF5395D8EFBA
:102CB0005495D9EF5695DAEF5795DBEF5895DCEF41
:102CC0005995DDEF5B95DEEF5C95B5BE5D95E1EF67
:102CD0005E95DFEF5F95E0EF6195E2EF6295E3EFE0
:102CE0006395CDC16495E4EF6595E5EF6695E6EFF4
:102CF0006795E7EF6895E8EF6995E9EF6A95EAEF80
:102D00006B95EBEF6C95ECEF6D95D8C06F95EDEF93
:102D10007095ADC17195EEEF7295EFEF7395F0EF91
:102D20007695E2CF7F95A4B3E895C5C3E995C5E351
:102D3000EA95C1C9EB95C6E3ED95D5B1EE95CACE3E
:102D4000EF95B3B4F095F2C8F195C7E3F295D0CF03
:102D5000F395C8E3F495E4BCF595C9E3F695CAE3A9
:102D6000F795C6C3F895A2D5F995D6C4FA95EBB9EF
:102D7000FB95C5CEFC95CBE3FD95F6C3FE95CCE364
:102D80000096A7B70196F3B80296D2BA0396CDE3A0
:102D90000496CEE30596C4D40696CFE30896D0E316
:102DA0000996CBD10A96D1E30B96D2E30C96D3E3E6
:102DB0000D96D4E30E96D6D10F96D5E31096FBB2BE
:102DC0001196BBC01296D6E31496ABC01596D7E306
:102DD0001696D8E31796D9E31996DAE31A96DBE349
:102DE0001C96B7B81D96E2DA1F96D3B62196E4DAA0
:102DF0002296E3DA2A96E6DA2E96EEC83196E5DADE
:102E00003296C0B73396F4D13496F5D23596F3D5D1
:102E10003696D7BD3B96E8D73C96E8DA3D96E7DA9A
:102E20003F96A2B04096D3CD4296E9DA4496BDB81B
:102E30004596CABC4696BDC24796A4C24896C2B340
:102E40004996EADA4B96AAC24C96B0C44D96B5BDE7
:102E50005096DECF5496EBDA5596C2C95B96DDB13B
:102E60005F96ECDA6196B8B66296BAD46496FDB312
:102E70006796EDDA6896C9D46996D5CF6A96E3C5A8
:102E80006C96EEDA7296EFDA7496F0DA7596EAC11D
:102E90007696D5CC7796DDCF8596E7D38696A1C278
:102EA0008896F1DA8B96E5CB8D96F2DA8F96E6CBA3
:102EB0009096FED29496F4B89796F3DA9896AFB0BF
:102EC0009996B6CF9C96CFD5A796EDCBB096F4DA6F
:102ED000B396C4E3B696A5C1B996BFF6BC96C0F644
:102EE000BD96C1F6BE96D1C4C096B8C8C196E3D10E
:102EF000C496DBD0C596C5D1C696AFBCC796CDB932
:102F0000C996F4EFCC96C6B4CD96BAD3CE96C2F697
:102F1000CF96FBB3D296C3F6D596F1B5E096C5F63B
:102F2000E896EAD3E996A7F6EA96A9D1EF96A9F62C
:102F3000F396A8F6F696E3C1F796D7C0F996A2B134
:102F4000FE96EDCE0097E8D00197ABF60497F6CF4A
:102F50000697AAF60797F0D50897ACF60997B9C374
:102F60000D97F4BB0E97AEF60F97ADF61397DEC430
:102F70001697D8C11C97AACB1E97BCCF2A97AFF63D
:102F80002D97B0F63097B1F63297B6C23897D4B0D5
:102F90003997F9C53E97B2F65297E0C75397A6F610
:102FA0005697B8BE5997B2BE5B97E5B55E97C7B75F
:102FB0006097BFBF6197D2C36297E6C36597CCD8CD
:102FC0006997EFB87397F9BD7497A5D17697D0B08C
:102FD0007C97B0F78597B1F78B97ACD08D97B0B051
:102FE0009197B2F79297B3F79497B4F79897CAC7A7
:102FF000A097CFBEA397B7F7AB97B6F7AD97DEB163
:10300000AF97B5F7B297B8F7B497B9F7E697A4CEEC
:10301000E797CDC8E997ABBAEA97B8E8EB97B9E874
:10302000EC97BAE8ED97C2BEF397F4D2F597CFD4F8
:10303000F697D8C97598B3D27698A5B67798EAC7A7
:103040007898FCF17998EECF7A98B3CB7B98EBD057
:103050007C98EFE77D98E7CD7E98CBB97F98D9B67D
:103060008098FDF18198E4B08298CCCB8398FEF1F2
:103070008498A4D48598ADC28698ECC18798C4C6BC
:103080008898B1BE8998A1F28A98D5BC8C98A2F292
:103090008D98A3F28F98A4F29098C3D29198B5C658
:1030A0009398C7CD9498A5F29698B1D39798C5BF39
:1030B0009898E2CC9A98A6F29B98A7F29C98D5D1C2
:1030C0009D98EEB69E98A8F29F98A9F2A098DFB5B9
:1030D000A198AAF2A298ABF2A498FCB2A598ACF27F
:1030E000A698ADF2A798A7C8CE98E7B7D198A9EC53
:1030F000D298AAECD398ABECD598ACECD898AEC6E5
:10310000D998ADECDA98AEECDE98C9B7DF98B3CABF
:10311000E798B8E2E898CFF70D99D0F71099CDB2BB
:103120002E99D1F75499D3F75599D2F76399BBE209
:103130006599A2BC6799BCE26899BDE26999BEE253
:103140006A99BFE26B99C0E26C99C1E26D99B9B717
:103150006E99FBD26F99A4BD7099CECA7199A5B131
:103160007299C7CB7499C2E27599FCB67699C4C8B6
:103170007799C3E27A99C8BD7C99FDB17D99C4E283
:103180007F99F6B68099C5E28199D9C48499C6E23F
:103190008599DACF8699DDB98799C7E28899A1C068
:1031A0008A99C8E28B99F6B28D99C9E28F99F3C1D9
:1031B0009099CAE29199CBE29299F8C29399CCE2A4
:1031C0009499CDE29599CEE29699D7CA9799B8D8B5
:1031D0009899E5D99999E3CFA599A5F0A899B0DC7C
:1031E0006C9AEDC26D9AA6D46E9AD4CD6F9AB1D175
:1031F000709ADBB3719AFDC7739AB5B2749ABFC265
:10320000759AE0E6769ABBCA779AE1E6789AE2E6A2
:10321000799AD4BE7A9AE3E67B9AA4D77C9AD5CDE4
:103220007D9AE5E67E9ADDBC7F9AE4E6809AE6E642
:10323000819AE7E6829AEEC2849ABEBD859AE8E654
:10324000869AE6C2879AA7BA889AE9E68A9AEAE64F
:103250008B9AD2B38C9AE9D18F9AA5BF909AEBE65C
:10326000919AEFC6929AECE6939AEDE6969AEEE67C
:10327000979AADC6989AEFE69A9AA7C99B9AF0E6F4
:103280009C9AF1E69D9AF2E69E9AB9E59F9AF3E63A
:10329000A09AF4E6A19AE2C2A29AF5E6A39AF6E60B
:1032A000A49AE8D6A59AF7E6A79AF8E6A89AC7B925
:1032B000B09ABBF7B19ABAF7B69ABEF7B79ABCF70D
:1032C000B89AA1BABA9ABFF7BC9AC0F7C09AC2F727
:1032D000C19AC1F7C29AC4F7C59AC3F7CB9AC5F78A
:1032E000CC9AC6F7D19AC7F7D39AE8CBD89ADFB869
:1032F000DF9AD4F7E19AD5F7E69AD6F7EB9AD8F7A2
:10330000ED9ADAF7EF9AD7F7F99ADBF7FB9AD9F744
:10331000039BD7D7089BDCF70F9BDDF7139BDEF7EA
:103320001F9BDFF7239BE0F72F9BCBDB329BAAD8B9
:103330003B9BF7E53C9BEDB9419BFDBF429BEABB44
:10334000439BC9F7449BC7C6459BC8F7479BCAF731
:10335000489BCCF7499BCBF74D9BCDF74F9BBACE03
:10336000519BCEF7549BA7C47C9CE3D37F9CCFF6A4
:10337000819CB3C2829CD0F6859CD1F6869CD2F605
:10338000879CD3F6889CD4F68B9CD6F68D9CABB1EB
:103390008E9CD7F6909CD8F6919CD9F6929CDAF642
:1033A000949CDBF6959CDCF69A9CDDF69B9CDEF605
:1033B0009C9CCACF9E9CDFF69F9CE0F6A09CE1F609
:1033C000A19CE2F6A29CE3F6A39CE4F6A49CF0C0C8
:1033D000A59CE5F6A69CE6F6A79CE7F6A89CE8F671
:1033E000A99CE9F6AB9CEAF6AD9CEBF6AE9CECF63C
:1033F000B09CEDF6B19CEEF6B29CEFF6B39CF0F605
:10340000B49CF1F6B59CF2F6B69CF3F6B79CF4F6D4
:10341000B89CA8BEBA9CF5F6BB9CF6F6BC9CF7F629
:10342000BD9CF8F6C39CFAC8C49CF9F6C59CFAF694
:10343000C69CFBF6C79CFCF6CA9CFDF6CB9CFEF630
:10344000CC9CA1F7CD9CA2F7CE9CA3F7CF9CA4F770
:10345000D09CA5F7D39CA6F7D49CA7F7D59CA8F73A
:10346000D69CEEB1D79CA9F7D89CAAF7D99CABF70C
:10347000DC9CACF7DD9CADF7DE9CDBC1DF9CAEF7DE
:10348000E29CAFF71F9EF1C4209EAFF0219EA6BC28
:10349000229EB0F0239EF9C3259EB8C5269EBBD1BF
:1034A000289EB1F0299EB2F02A9EB3F02B9EB4F074
:1034B0002C9EB5F02D9EBCD12F9EECD1319EB7F045
:1034C000329EB6F0339EA7D4359ED2CD369EB8F04C
:1034D000379EBAF0389EB9F0399EBBF03A9EBCF0E8
:1034E0003D9EEBB83E9EBDF03F9EE8BA419EBEF0C9
:1034F000429EBFF0439EE9BE449EC0F0459EECB69E
:10350000469EC1F0479EC2F0489EC3F0499EC4F05B
:103510004A9EB5C84B9EC5F04C9EC6F04E9EC7F065
:103520004F9EF4C5519EC8F0559EC9F0579ECAF0F3
:10353000589EBDF75A9ECBF05B9ECCF05C9ECDF0C2
:103540005E9ECEF0639ECFF0649ED7BA669ED0F0AA
:10355000679ED1F0689ED2F0699ED3F06A9ED4F047
:103560006B9ED5F06C9ED6F06D9ED8F0709EA5D364
:10357000719ED7F0739ED9F07E9EBAF57F9EB9C238
:10358000829EE4F7879EE5F7889EE6F78B9EE7F735
:10359000929EE8F7939EB4C29D9EEAF79F9EEBF73A
:1035A000A69EF3C2B49EF0F4B89EEFF4BB9EE9C2AF
:1035B000BD9EE1F7BE9EE2F7C49EC6BBC99EE4D99C
:1035C000CD9EF2CACE9EE8C0CF9EA4F0D19EDABABC
:1035D000D49EADC7D89EACC4DB9EECF7DC9EEDF765
:1035E000DD9EEEF7DF9EF0F7E09EEFF7E29EF1F74B
:1035F000E59EF4F7E79EF3F7E99EF2F7EA9EF5F70A
:10360000EF9EF6F7F99EE9EDFB9EEAEDFC9EEBEDF1
:10361000FE9EBCF60B9FBDF60D9FBEF60E9FA6B696
:10362000109FBED8139FC4B9179FBBD8199FB1DC98
:10363000209FF3CA229FF7F72C9FF8F72F9FF9F7E7
:10364000379FFBF7399FFAF73B9FC7B13D9FFCF7C8
:103650003E9FFDF7449FFEF7509FEBC6519FB4EC91
:103660007F9FDDB3809FB3F6839FB4F6849FE4C150
:10367000859FB5F6869FB6F6879FB7F6889FB8F602
:10368000899FB9F68A9FBAF68B9FA3C88C9FBBF619
:10369000999FFAC19A9FA8B99B9FE8ED9F9FEAB9AD
:1036A000A09FDFD901FFA1A302FFA2A303FFA3A351
:1036B00004FFE7A105FFA5A306FFA6A307FFA7A395
:1036C00008FFA8A309FFA9A30AFFAAA30BFFABA3A6
:1036D0000CFFACA30DFFADA30EFFAEA30FFFAFA376
:1036E00010FFB0A311FFB1A312FFB2A313FFB3A346
:1036F00014FFB4A315FFB5A316FFB6A317FFB7A316
:1037000018FFB8A319FFB9A31AFFBAA31BFFBBA3E5
:103710001CFFBCA31DFFBDA31EFFBEA31FFFBFA3B5
:1037200020FFC0A321FFC1A322FFC2A323FFC3A385
:1037300024FFC4A325FFC5A326FFC6A327FFC7A355
:1037400028FFC8A329FFC9A32AFFCAA32BFFCBA325
:103750002CFFCCA32DFFCDA32EFFCEA32FFFCFA3F5
:1037600030FFD0A331FFD1A332FFD2A333FFD3A3C5
:1037700034FFD4A335FFD5A336FFD6A337FFD7A395
:1037800038FFD8A339FFD9A33AFFDAA33BFFDBA365
:103790003CFFDCA33DFFDDA33EFFDEA33FFFDFA335
:1037A00040FFE0A341FFE1A342FFE2A343FFE3A305
:1037B00044FFE4A345FFE5A346FFE6A347FFE7A3D5
:1037C00048FFE8A349FFE9A34AFFEAA34BFFEBA3A5
:1037D0004CFFECA34DFFEDA34EFFEEA34FFFEFA375
:1037E00050FFF0A351FFF1A352FFF2A353FFF3A345
:1037F00054FFF4A355FFF5A356FFF6A357FFF7A315
:1038000058FFF8A359FFF9A35AFFFAA35BFFFBA3E4
:103810005CFFFCA35DFFFDA35EFFABA1E0FFE9A1A0
:10382000E1FFEAA1E3FFFEA3E5FFA4A330313233B9
:1038300034353637383941424344454640305800E4
:103840003031323334353637383961626364656616
:103850004030780004000008000000000000000272
:10386000000100001000000002400000000000A065
:103870000000000005400000000000C8000000003B
:103880000C4000000000409C0000000019400000B7
:103890000020BCBE0000000034400000BFC91B8EE9
:1038A00000000004B5400000504BCFD06607E2CFC7
:1038B000010000006C4100003E8251AADFEEA734F7
:1038C00001000000D9420000DCB5A0E23A301F97A9
:1038D000FFFFFFFFB4450000FD25A0C8E9A3C14FCD
:1038E000FFFFFFFFFF3F000000000080000000001E
:1038F000FF3F0000000000800000000041542B4307
:103900005245470D0A0000000D0A4F4B0D0A0000FA
:1039100041544F0D0A00000041542B4353510D0AEE
:103920000000000041542B524542540D0A00000093
:103930000D0A434F4E4E4543540D0A000D0A2B43CA
:1039400053513A20000000002B2B2B007B224944CE
:10395000223A222573222C22534E223A2225732208
:103960002C22436D64223A223231222C2241636B95
:10397000223A223030222C2254696D65223A7B2271
:1039800079656172223A25642C226D6F6E7468220B
:103990003A25642C22646179223A25642C22686FCE
:1039A0007572223A25642C226D696E757465223A0F
:1039B00025642C227365636F6E64223A25647D7DD5
:1039C00000000000183B020800000020C40D0000A9
:1039D0006C010008543E0208C40D00202CAC00000D
:1039E000D0010008000000000000F07F100100007E
:1039F00043000000F8FFFFFF0040404040404040CF
:103A000040404141414141404040404040404040B1
:103A10004040404040404040400502020202020255
:103A200002020202020202020220202020202020A4
:103A300020202002020202020202909090909090B8
:103A40001010101010101010101010101010101076
:103A500010101010020202020202888888888888EA
:103A600008080808080808080808080808080808D6
:103A700008080808020202024000000000000000DE
:103A80000000000000000000000000000000000036
:103A90000000000000000000000000000000000026
:103AA0000000000000000000000000000000000016
:103AB0000000000000000000000000000000000006
:103AC00000000000000000000000000000000000F6
:103AD00000000000000000000000000000000000E6
:103AE00000000000000000000000000000000000D6
:103AF0000000000000000000000000001C000000AA
:103B000043000000F8FFFFFF0C0000000E00000063
:103B10000F0000002E000000500600A24A04000121
:103B2000600901020304060708090C611020050260
:103B300004060820200680020000200940125000E0
:103B400000EF320008153300081C1000201C60171D
:103B5000E101037C8000011207CAF02C132700004A
:103B600034440000406100006489000009A800009E
:103B700002C300002BE300006E1501001A2C0100A7
:103B8000E1520100A9D2000421183010613D01006A
:103B9000D11401009B7700002DF30008430AD908D7
:103BA00043B3BD084387A00843866A0844073E3EE6
:103BB00000001E180413F5D6280006887E000003B6
:103BC000000170040100040405CA6400061D100011
:103BD0000800FF01021C3001091F54013E40E01C97
:103BE000001800474C3230323133393836363831EC
:103BF00038333330363837303438356302F6000125
:103C00003C049112233C031EA05803040C333339A7
:103C10002E39362E31302E3235113C0631313838BE
:103C2000338E045C045443509804400C63726774F0
:103C300056656E64696E67246009323334353637F1
:103C40003839343110C9E8021306150A1F304F0401
:103C5000053C79D987B00E8997A9A2100648390288
:103C60000810041218041006FC3802082410120868
:103C70000C123C0412300C9C06004E554C4C8C052A
:103C8000011C0FD9E09987216C0552841C04F0496E
:103C90000280045D8F0409190CD3A00F4C340B3340
:103CA0003730313230313930317D0F103133C1038B
:103CB0002DAD06161024AC05474C4858900621102F
:103CC00040072D303531312DE20DFF890309318E4A
:103CD0000004C308070001100AEF8A01084D8B0198
:103CE000089B040D7365040A2801FC7C0E60EA0041
:103CF00000E5B7A8E7B1B3410030AD040C071041AF
:103D00004243444546DC07EC050001E02E75060EF3
:103D10005114A6050E5514FE0503DB2000012008F2
:103D2000C1814001C0804104610C2108E118A11C3F
:103D3000011A30011638013660012E70012F600023
:103D4000FF00C0C101C30302C2C60607C705C5C440
:103D500004CC0C0DCD0FCFCE0E0ACACB0BC909086F
:103D6000C8D81819D91BDBDA1A1EDEDF1FDD1D1CAF
:103D7000DC14D4D515D71716D6D21213D311D1D03F
:103D800010F03031F133F3F23236F6F737F53534DF
:103D9000F43CFCFD3DFF3F3EFEFA3A3BFB39F9F8AF
:103DA0003828E8E929EB2B2AEAEE2E2FEF2DEDEC4F
:103DB0002CE42425E527E7E62622E2E323E121207F
:103DC000E0A06061A163A3A26266A6A767A565647F
:103DD000A46CACAD6DAF6F6EAEAA6A6BAB69A9A8EF
:103DE0006878B8B979BB7B7ABABE7E7FBF7DBDBC2F
:103DF0007CB47475B577B7B67672B2B373B17170BF
:103E0000B05090915193535292965657975595941E
:103E1000549C5C5D9D5F9F9E5E5A9A9B5B9959582E
:103E200098884849894B8B8A4A4E8E8F4F8D4D4CCE
:103E30008C448485458747468682424383418180FE
:103E40000E4840C204000B00D5FDB3A300B9CAD58B
:043E5000CF0000009F
:0400000508000131BD
:00000001FF
