:020000040800F2
:2000000080160020D5030008DD010008DF010008E3010008E7010008EB01000800000000AC
:20002000000000000000000000000000EF010008F101000800000000F3010008ED030008DA
:20004000EF030008EF030008EF030008EF030008EF030008EF030008EF030008EF030008D0
:20006000EF030008EF030008EF030008EF030008EF030008EF030008EF030008EF030008B0
:20008000EF030008EF030008EF030008EF030008EF030008EF030008EF030008EF03000890
:2000A000EF030008EF030008EF030008EF030008EF030008EF030008EF030008EF03000870
:2000C000EF030008EF030008EF030008EF030008EF030008EF030008EF030008EF03000850
:2000E000EF030008EF030008EF030008EF030008EF030008EF030008EF030008EF03000830
:20010000EF030008EF030008EF030008EF030008EF030008EF030008EF030008EF0300080F
:20012000EF030008EF030008EF030008EF03000800F002F800F03AF80AA090E8000C8244D7
:200140008344AAF10107DA4501D100F02FF8AFF2090EBAE80F0013F0010F18BFFB1A43F092
:2001600001031847300B0000500B0000103A24BF78C878C1FAD8520724BF30C830C144BFE6
:2001800004680C60704700000023002400250026103A28BF78C1FBD8520728BF30C148BFC9
:2001A0000B6070471FB51FBD10B510BD00F03BFD1146FFF7F7FF00F00CF800F059FD03B47F
:2001C000FFF7F2FF03BC00F05DFD000080F30888704710B500F05AFC002010BD704700BF07
:2001E000FEE700BFFEE700BFFEE700BFFEE77047704770470CB50020019000906C480068EB
:2002000040F480306A49086000BF6948006800F4003000900198401C0190009818B90198CB
:20022000B0F5A06FF1D16248006800F4003010B10120009001E0002000900098012843D13A
:200240005C48006840F010005A4908600846006820F0030008600846006840F002000860C6
:2002600053484068524948600846406848600846406840F4806048600846406820F47C1012
:2002800048600846406840F4E81048600846006840F08070086000BF4548006800F000709A
:2002A0000028F9D04248406820F00300404948600846406840F00200486000BF3C4840681C
:2002C00000F00C000828F9D10CBD10B5FFF792FF10BD10B53648006840F001003449086085
:2002E00008464068344908403149486008460068324908402E4908600846006820F480205F
:2003000008600846406820F4FE0048604FF41F008860FFF7DAFF4FF000602949086010BD66
:2003200010B5002100200022214B5B6803F00C0121B1042906D0082928D107E0214B224CA6
:20034000236027E01F4B204C236023E0184B5B6803F47010164B5B6803F48032022303EB3A
:20036000904022B9194B4343174C23600DE0104B5B6803F4003323B1144B4343124C236033
:2003800003E0104B4343104C236003E00D4B0E4C236000BF00BF064B5B68C3F303130C4CEC
:2003A000E15C094B1B68CB40074C236010BD000000100240002002400000FFF8FFFFF6FEDE
:2003C00008ED00E000127A000000002000093D00040000200948804709480047FEE7FEE7B8
:2003E000FEE7FEE7FEE7FEE7FEE7FEE7FEE7FEE704480549054A064B70470000D302000807
:20040000310100088010002080160020801200208012002001460020FE4A106800F0380089
:20042000084310607047FB49096821F00801F94A116011460968014311607047F5490968E4
:2004400021F01001F34A116011460968014311607047F148EF494860F04848607047EE48B2
:20046000EC494860ED4848607047EA48006940F08000E84908617047E648006940F0800028
:20048000E449086170470420E249C96801F0010109B101200EE0DF49C96801F0040109B1CA
:2004A000022007E0DB49C96801F0100109B1032000E00420704700B502460423FFF7E3FF48
:2004C000034603E0FFF7DFFF0346521E012B01D1002AF7D102B90523184600BD30B5044646
:2004E00004254FF43020FFF7E6FF0546042D17D1C848006940F00200C649086108464461EB
:20050000006940F0400008614FF43020FFF7D3FF0546C048006941F6FD710840BD49086126
:20052000284630BD10B504244FF43020FFF7C3FF0446042C16D1B748006940F00400B5492D
:2005400008610846006940F0400008614FF43020FFF7B1FF0446AF48006941F6FB710840D4
:20056000AC490861204610BD00B502460423FFF78AFF034603E0FFF786FF0346521E012BBB
:2005800001D1002AF7D102B90523184600BD10B504244FF43020FFF7E7FF0446042C16D1DC
:2005A0009C48006940F004009A4908610846006940F0400008614FF43020FFF7D5FF044637
:2005C0009448006941F6FB71084092490861204610BD00208F49C96901F0020109B101207B
:2005E00000E00020704730B5A5250424FFF7F1FF00B100254FF43020FFF75DFF0446042C52
:200600003AD1854883498860844888600846006940F0200008610846006940F0400008619A
:200620004FF43020FFF747FF0446042C1BD17948006941F6DF7108407649086108460069AD
:2006400040F01000086176480580E002FFF733FF0446052C10D06F48006941F6EF7108404A
:200660006C49086108E0052C06D06A48006941F6EF71084067490861204630BD78B506468E
:200680000C46042500200090E802FFF714FF0546042D24D15F48006940F001005D4908617B
:2006A0003480E802FFF707FF0546042D10D1B01C0090200C00990880E802FFF7FCFE054675
:2006C0005448006941F6FE7108405249086106E05048006941F6FE7108404E4908612846E0
:2006E00078BD70B504460D460426F002FFF7E3FE0646042E11D14748006940F001004549F9
:2007000008612580F002FFF7D6FE06464148006941F6FE7108403F490861304670BD70B52A
:2007200005460E460424E002FFF7C5FE0446042C17D13948374988603848886008460069ED
:2007400040F0100008612E80E002FFF7B4FE0446052C06D02F48006941F6EF7108402D4932
:200760000861204670BD2DE9F04304464FF6FF763746B046B1460425E443E6B2C4F30727F9
:20078000C4F307484FEA1469E802FFF794FE0546042D49D120481F4988602048886008463F
:2007A000006940F010000861FF2E06D01C4808300680E802FFF77FFE0546042D08D1FF2F22
:2007C00006D017480A300780E802FFF774FE0546042D0AD1B8F1FF0F07D011480C30A0F8BF
:2007E0000080E802FFF767FE0546042D0AD1B9F1FF0F07D00A480E30A0F80090E802FFF7B6
:200800005AFE0546052D0FD00248006941F6EF71084007E00020024023016745AB89EFCD89
:2008200000F8FF1F664908612846BDE8F08330B5054604244FF43020FFF73DFE0446042C6E
:2008400041D160485E4988605F4888600846006940F0200008610846006940F040000861C0
:200860004FF43020FFF727FE0446042C22D15448006941F6DF7108405149086108460069CF
:2008800040F0100008611DB100205049088002E0A5204E4908804FF43020FFF70CFE0446FD
:2008A000052C10D04648006941F6EF7108404449086108E0052C06D04148006941F6DF71F3
:2008C00008403F490861204630BDF0B505460E46174604243B483A4988603B488860E00288
:2008E000FFF7E9FD0446042C19D13548006940F010003349086147F0F80030432843334924
:20090000891C0880E002FFF7D6FD0446052C06D02B48006941F6EF710840294908612046B2
:20092000F0BD2748C069800870472548006A704700202349096801F0200109B1012000E0DB
:200940000020704729B11E4A126902431C4B1A6104E01B4A12698243194B1A617047014676
:200960000020012908D1164AD26902F001020AB1012008E0002006E0114AD2680A400AB160
:20098000012000E0002070470D49C860704704200B49C96801F0010109B101200EE0084994
:2009A000C96801F0040109B1022007E00449C96801F0100109B1032000E004207047000035
:2009C0000020024023016745AB89EFCD00F8FF1F012080F3138800BF00BF3848006800F456
:2009E000E06037490843001D34490860BFF3408F00BF00BFFEE72DE9F05F06460F4690462A
:200A00000024B3463D46A14617E068784FEA002A28788244AD1C2046641C2A4921F810A0C4
:200A2000B4F5806F07D100244FF48062584600F07CF80BF5006B09F10209C145E5D324B1F8
:200A4000A2B22049584600F070F8BDE8F09F10B5044620681C490840B0F1005F08D16068CA
:200A60001A4908602068FFF7B1FB18480068804710BD08B54FF6FF700090022269461448F5
:200A800000F053F81348FFF7E2FF08BD08B5022269460F4800F038F8BDF800004FF6FF71B3
:200AA000884202D10B48FFF7D2FF4FF4F0320A490848FFF7A0FFFFF7DCFF08BD0CED00E073
:200AC0000000FA05200000200000FE2F14000020001400080018000800F801080146088862
:200AE00070472DE9F04105460E461746002407E036F814102846FFF7F4FDAD1C601C84B2CF
:200B0000BC42F5DBBDE8F08130B503460C461546002207E01846FFF7E1FF24F812009B1CF4
:200B2000501C82B2AA42F5DB30BD2DE9F05F80468A461746B8F1006F02D33748804501D30F
:200B4000BDE8F09FFFF785FCA8F1006B4FEADB25CBF34909C9F58064A74200DC3C464DE087
:200B60004FF0006101EBC5204A142C49FFF7CCFF00260BE009EB0600284931F810004FF676
:200B8000FF71884200D003E0701C86B2A642F1DB00BFA6421BDA4FF0006101EBC520FFF7ED
:200BA0009DFC002608E03AF8160006EB09011B4A22F81100701C86B2A642F4DB4FF00061A0
:200BC00001EBC5204A141549FFF78BFF04E0224651464046FFF785FFA74200D10FE06D1CF3
:200BE0004FF000090AEB440AA044381B87B2B7F5806F02DD4FF4806400E03C46B0E700BFA1
:200C0000FFF733FC00BF9BE713B50446012201A92046FFF78AFF1CBD00000408200800207D
:200C2000704770477047754600F028F8AE4605006946534620F00700854618B020B5FFF70E
:200C4000D7FBBDE820404FF000064FF000074FF000084FF0000B21F00701AC46ACE8C00939
:200C6000ACE8C009ACE8C009ACE8C0098D4670470446AFF300802046FFF7A1FA0048704771
:200C80002010002001491820ABBEFEE72600020070470000041400080000002020000000F5
:200CA0006C0100082414000820000020601600008801000800000000000000000000000038
:200CC000000000000000000000000000000000000000000000000000000000000000000014
:200CE0000000000000000000000000000000000000000000000000000000000000000000F4
:200D00000000000000000000000000000000000000000000000000000000000000000000D3
:200D20000000000000000000000000000000000000000000000000000000000000000000B3
:200D4000000000000000000000000000000000000000000000000000000000000000000093
:200D6000000000000000000000000000000000000000000000000000000000000000000073
:200D8000000000000000000000000000000000000000000000000000000000000000000053
:200DA000000000000000000000000000000000000000000000000000000000000000000033
:200DC000000000000000000000000000000000000000000000000000000000000000000013
:200DE0000000000000000000000000000000000000000000000000000000000000000000F3
:200E00000000000000000000000000000000000000000000000000000000000000000000D2
:200E20000000000000000000000000000000000000000000000000000000000000000000B2
:200E4000000000000000000000000000000000000000000000000000000000000000000092
:200E6000000000000000000000000000000000000000000000000000000000000000000072
:200E8000000000000000000000000000000000000000000000000000000000000000000052
:200EA000000000000000000000000000000000000000000000000000000000000000000032
:200EC000000000000000000000000000000000000000000000000000000000000000000012
:200EE0000000000000000000000000000000000000000000000000000000000000000000F2
:200F00000000000000000000000000000000000000000000000000000000000000000000D1
:200F20000000000000000000000000000000000000000000000000000000000000000000B1
:200F4000000000000000000000000000000000000000000000000000000000000000000091
:200F6000000000000000000000000000000000000000000000000000000000000000000071
:200F8000000000000000000000000000000000000000000000000000000000000000000051
:200FA000000000000000000000000000000000000000000000000000000000000000000031
:200FC000000000000000000000000000000000000000000000000000000000000000000011
:200FE0000000000000000000000000000000000000000000000000000000000000000000F1
:201000000000000000000000000000000000000000000000000000000000000000000000D0
:201020000000000000000000000000000000000000000000000000000000000000000000B0
:20104000000000000000000000000000000000000000000000000000000000000000000090
:20106000000000000000000000000000000000000000000000000000000000000000000070
:20108000000000000000000000000000000000000000000000000000000000000000000050
:2010A000000000000000000000000000000000000000000000000000000000000000000030
:2010C000000000000000000000000000000000000000000000000000000000000000000010
:2010E0000000000000000000000000000000000000000000000000000000000000000000F0
:201100000000000000000000000000000000000000000000000000000000000000000000CF
:201120000000000000000000000000000000000000000000000000000000000000000000AF
:2011400000000000000000000000000000000000000000000000000000000000000000008F
:2011600000000000000000000000000000000000000000000000000000000000000000006F
:2011800000000000000000000000000000000000000000000000000000000000000000004F
:2011A00000000000000000000000000000000000000000000000000000000000000000002F
:2011C00000000000000000000000000000000000000000000000000000000000000000000F
:2011E0000000000000000000000000000000000000000000000000000000000000000000EF
:201200000000000000000000000000000000000000000000000000000000000000000000CE
:201220000000000000000000000000000000000000000000000000000000000000000000AE
:2012400000000000000000000000000000000000000000000000000000000000000000008E
:2012600000000000000000000000000000000000000000000000000000000000000000006E
:2012800000000000000000000000000000000000000000000000000000000000000000004E
:2012A00000000000000000000000000000000000000000000000000000000000000000002E
:2012C00000000000000000000000000000000000000000000000000000000000000000000E
:2012E0000000000000000000000000000000000000000000000000000000000000000000EE
:201300000000000000000000000000000000000000000000000000000000000000000000CD
:201320000000000000000000000000000000000000000000000000000000000000000000AD
:2013400000000000000000000000000000000000000000000000000000000000000000008D
:2013600000000000000000000000000000000000000000000000000000000000000000006D
:2013800000000000000000000000000000000000000000000000000000000000000000004D
:2013A00000000000000000000000000000000000000000000000000000000000000000002D
:2013C00000000000000000000000000000000000000000000000000000000000000000000D
:2013E0000000000000000000000000000000000000000000000000000000000000000000ED
:20140000FFFF000000A24A04000000000000000001020304060708090000000000000000B6
:0414200000000000C8
:20180000F0BB0020611C0008691A00086B1A00086F1A0008731A0008771A000800000000A1
:201820000000000000000000000000007B1A00087D1A0008000000007F1A00080D53000863
:201840007B1C00087B1C00087B1C0008599700087B1C00087B1C00087B1C00087B1C000837
:201860007B1C00087B1C00087B1C00087B1C00087B1C00087B1C0008B3E300087B1C000871
:201880007B1C00087B1C00087B1C00087B1C0008FFA400087B1C0008B9A400087B1C00087E
:2018A0007B1C00087B1C00087B1C00087B1C00087B1C00087B1C00087B1C00087B1C000830
:2018C0007B1C00087B1C00087B1C00087B1C00087B1C0008A7E200087B1C00087B1C00081E
:2018E0007B1C00087B1C00087B1C00087B1C00087B1C00087B1C00087B1C00087B1C0008F0
:201900007B1C00087B1C00087B1C00087B1C0008DBE300087B1C0008855000087B1C00086A
:201920007B1C00087B1C00087B1C0008C5E4000800F002F800F07DF80AA090E8000C8244D6
:201940008344AAF10107DA4501D100F072F8AFF2090EBAE80F0013F0010F18BFFB1A43F037
:201960000103184784BE0100A4BE01000A444FF0000C10F8013B13F0070408BF10F8014B58
:201980001D1108BF10F8015B641E05D010F8016B641E01F8016BF9D113F0080F1EBF10F873
:2019A000014BAD1C0C1B09D16D1E58BF01F801CBFAD505E014F8016B01F8016B6D1EF9D5C0
:2019C0009142D6D3704700000023002400250026103A28BF78C1FBD8520728BF30C148BFCD
:2019E0000B60704767291BF00885692918F0BC82642918F0B982782918F0F282732919F033
:201A00007A80002070471FB59DE8030018F0A8FD19F09CFB0400002000211AF08DFE401C16
:201A20006060002000211AF09DFEE0601FBD10B510BD19F0BAFE1146FFF7E5FF00F00CF86C
:201A40001AF018F903B4FFF7F2FF03BC03F0D4FF80F308887047000003F0A8FE03F05CFCAA
:201A600001E003F0FDFCFCE7704700BFFEE700BFFEE700BFFEE700BFFEE77047704770474A
:201A80000CB50020019000906C48006840F480306A49086000BF6948006800F4003000909D
:201AA0000198401C0190009818B90198B0F5A06FF1D16248006800F4003010B10120009080
:201AC00001E0002000900098012843D15C48006840F010005A4908600846006820F0030080
:201AE00008600846006840F00200086053484068524948600846406848600846406840F4E0
:201B0000806048600846406820F47C1048600846406840F4E81048600846006840F080705F
:201B2000086000BF4548006800F000700028F9D04248406820F003004049486008464068CC
:201B400040F00200486000BF3C48406800F00C000828F9D10CBD10B5FFF792FF10BD10B523
:201B60003648006840F0010034490860084640683449084031494860084600683249084013
:201B80002E4908600846006820F4802008600846406820F4FE0048604FF41F008860FFF7A4
:201BA000DAFF4FF000602949086010BD10B5002100200022214B5B6803F00C0121B10429B0
:201BC00006D0082928D107E0214B224C236027E01F4B204C236023E0184B5B6803F47010C1
:201BE000164B5B6803F48032022303EB904022B9194B4343174C23600DE0104B5B6803F488
:201C0000003323B1144B4343124C236003E0104B4343104C236003E00D4B0E4C236000BF7D
:201C200000BF064B5B68C3F303130C4CE15C094B1B68CB40074C236010BD00000010024099
:201C4000002002400000FFF8FFFFF6FE08ED00E000127A000000002000093D00040000204E
:201C60000948804709480047FEE7FEE7FEE7FEE7FEE7FEE7FEE7FEE7FEE7FEE70448054928
:201C8000054A064B704700005F1B000831190008F0B50020F0BB0020F0B70020F0B70020FB
:201CA00031490143314A1160704770B5002100230F22C47804B32D4C246804F4E064C4F53C
:201CC000E064210AC1F10403CA40447804FA03F18478144021430901254C0678A155047805
:201CE00004F01F050124AC4005786D11AD0005F1E025C5F8004109E0047804F01F05012478
:201D0000AC401C4D0678761145F8264070BD1A4A0A400243154B1B1F1A60704739B1134A94
:201D2000121D12680243114B1B1D1A6006E00F4A121D126882430D4B1B1D1A60704704280D
:201D400008D14FF0E021096941F004014FF0E022116107E04FF0E021096921F004014FF021
:201D6000E0221161704700000000FA050CED00E000E400E080E100E080FFFF1F10B50120D8
:201D800001F034FD002001F031FD10BD2A49086070472949091F086070472749843108603D
:201DA000704701460020254A10884FF67F4210400843224A10807047014600201F4A108842
:201DC0004FF68072104008431C4A1080704708B500220092194A2C3A0092009A0244009246
:201DE000009A116008BD08B501460020009013482C3800900098084400900098008808BDB7
:201E00000D489C300068C0B270470C480830008840F0010009490831088070470648A030E3
:201E20000068C0B2704705480830008840F00200024908310880704704860D422C6C00405E
:201E400010B50446FE48844209D10121480601F0C0FC00214FF0007001F0BBFC08E00121EE
:201E6000880601F0B6FC00214FF0806001F0B1FC10BD30B5024600200023146824F0020480
:201E80001460146844F00104146000E05B1C546804F001041CB94FF6FF74A342F6D15468A4
:201EA00004F001040CB900206CE08C79012C04D1146844F08004146003E0146824F0800452
:201EC0001460CC79012C04D1146844F04004146003E0146824F0400414600C7A012C04D12C
:201EE000146844F02004146003E0146824F0200414604C7A012C04D1146844F0100414608F
:201F000003E0146824F0100414608C7A012C04D1146844F00804146003E0146824F008040F
:201F20001460CC7A012C04D1146844F00404146003E0146824F0040414608C78A407CD78D6
:201F400044EA05640D7944EA05444D7944EA05540D886D1E2C43D461146824F001041460D3
:201F6000002300E05B1C546804F001041CB14FF6FF74A342F6D1546804F001040CB100206F
:201F800000E0012030BD10B50021837A012202FA03F1AC4A126842F00102AA4B1A60A94A56
:201FA0001C3212688A43A74B1C331A60027BCAB9A44A0C3212688A43A24B0C331A604288EE
:201FC000C38842EA03439F4A4032847A42F834300288838842EA03439A4A4032847A02EB05
:201FE000C4025360027B012A19D1964A0C3212680A43944B0C331A604288038842EA034392
:20200000904A4032847A42F83430C288838842EA03438C4A4032847A02EBC4025360C27A29
:202020003AB9884A121D12688A43864B1B1D1A6006E0844A121D12680A43824B1B1D1A60B9
:20204000028932B97F4A143212688A437D4B14331A600289012A06D17A4A143212680A43CD
:20206000784B14331A60427B012A06D1754A1C3212680A43734B1C331A60724A126822F07A
:202080000102704B1A6010BD00218171C171017241728172C1728170C170032101710221CF
:2020A00041710121018070476649096841F00101644A11601146096843F60E729143614AA2
:2020C00011601146096841EA002111601146096821F001011160704721B1026842F48032E3
:2020E000026003E0026822F4803202607047E1B1026842F0800202604FF4C272125842F427
:2021000080734FF4C27213504FF4CA72125842F480734FF4CA7213504FF4D272125842F4D7
:2021200080734FF4D27213501BE0026822F0800202604FF4C272125822F480734FF4C27206
:2021400013504FF4CA72125822F480734FF4CA7213504FF4D272125822F480734FF4D272C7
:202160001350704710B502460020936803F08063B3F1806F00D110E0936803F00063B3F1FE
:20218000006F01D1012008E0936803F08053B3F1805F01D1022000E00420042879D002F54D
:2021A000C07303EB00131B6803F0010402F5C07303EB00131C600B7A7BB94B7A0C8843EA8A
:2021C000445302F5C07404EB00142468234302F5C07404EB0014236010E00B7A4C6843EA41
:2021E000C4034C7A234302F5C07404EB00142468234302F5C07404EB001423608B7A03F023
:202200000F038B7202F5C07303EB00135B6823F00F0402F5C07303EB00135C6002F5C0738A
:2022200003EB00135B688C7A234302F5C07404EB001463608B7B1C064B7B44EA034403E037
:2022400000640040006600400B7B44EA0323CC7A234302F5C07404EB0014A3608B7C1C0654
:202260004B7C44EA03440B7C44EA0323CC7B234302F5C07404EB0014E36002F5C07303EB11
:2022800000131B6843F0010402F5C07303EB00131C6010BD10B50246002321B1012907D0F9
:2022A00002290FD109E09068F94C00EA04030BE09068F84C00EA040306E09068F64C00EADA
:2022C000040301E0002300BF00BFF44C181BA34216D007DC83B16FF08060184470B102283A
:2022E00018D111E0B0F5007F10D0ED4C204448B1B0F5003F0ED10BE002230DE000230BE09C
:20230000002309E0002307E0012305E0012303E0012301E0002300BF00BFD8B210BD21B1C8
:20232000012907D002290FD109E0826842F0800282600AE0826842F40042826005E082682B
:2023400042F40002826000E000BF00BF704710B500F5D87303EB01131B6803F00403137245
:20236000137A53B900F5D87303EB01131B6840F2FF7404EA5353136009E000F5D87303EB3C
:2023800001131B686FF0604404EAD303536000F5D87303EB01131B6803F00203537200F5B5
:2023A000D87303EB01135B6803F00F03937200F5D87303EB01135B681B0AD37400F5D87352
:2023C00003EB01139B68D37200F5D87303EB01139B681C0A147300F5D87303EB01139B687C
:2023E0001C0C547300F5D87303EB01139B681B0E937300F5D87303EB0113DB68D37300F5BA
:20240000D87303EB0113DB681C0A147400F5D87303EB0113DB681C0C547400F5D87303EBDB
:202420000113DB681B0E937421B9C36843F02003C36003E0036943F02003036110BD21B9E7
:20244000C26842F02002C26003E0026942F02002026170470246002019B9D36803F00300B5
:2024600006E0012903D1136903F0030000E00020704710B502460B4600204FF6FF71BBB9A8
:20248000146824F0020444F00104146000E0491E546804F00304012C01D00029F7D1546850
:2024A00004F00304012C01D0002032E0012030E0012B13D1146824F00304146000E0491E5E
:2024C000546804F003040CB10029F8D1546804F003040CB100201CE001201AE0022B17D1D6
:2024E000146824F0010444F00204146000E0491E546804F00304022C01D00029F7D15468EF
:2025000004F00304022C01D0002002E0012000E0002010BD014600200A6822F0010242F0B1
:2025200002020A604A6802F00302022A00D10120704701464FF6FF7200200B6823F0020307
:202540000B6000E0521E4B6803F00203022B01D1002AF7D14B6803F00203022B00D001205B
:202560007047014600208A6902F070007047014600208A69100E7047014600208A69C2F3F3
:20258000074070471AB143690B43436102E043698B434361704710B50246002001F4700388
:2025A00043B19369C1F3130423400BB101202DE000202BE001F0807343B15368C1F313048A
:2025C00023400BB1012021E000201FE001F0006343B19368C1F3130423400BB1012015E058
:2025E000002013E001F0007343B1D368C1F3130423400BB1012009E0002007E01369C1F30A
:20260000130423400BB1012000E0002010BD0022244B994202D10023836111E0C1F3130296
:2026200001F000730BB1C2600AE001F080630BB1026105E001F000630BB1826000E0426022
:2026400070470246002002EA01030BB1012000E00020704770B504460D46002660692840BE
:20266000002872D0B5F5807F69D01DDC082D42D006DC012D2DD0022D31D0042D7FD134E0FC
:20268000102D3ED0202D42D0402D78D145E000000300000400030008000003100001000887
:2026A0000001FFF77000F030B5F5004F61D009DCB5F5007F4AD0B5F5806F4DD0B5F5006F72
:2026C0005DD150E0B5F5803F2DD0B5F5003F56D12FE0A0685549FFF7B4FF064651E0E06803
:2026E0000321FFF7AEFF06464BE0E0680821FFF7A8FF064645E0E0681021FFF7A2FF0646C1
:202700003FE020690321FFF79CFF064639E020690821FFF796FF064633E020691021FFF7AB
:2027200090FF06462DE060680821FFF78AFF064627E060681021FFF784FF064621E0A06926
:202740000121FFF77EFF06461BE01BE0A0690221FFF777FF064614E0A0690421FFF771FF36
:2027600006460EE00BE0A0697021FFF76AFF064607E060680421FFF764FF064601E000266F
:2027800000BF00E00026304670BDB1F5007F3AD00FDC202928D006DC01291CD004291DD064
:2027A000082940D11DE0402921D0B1F5807F3AD126E0B1F5004F31D006DCB1F5806F25D068
:2027C000B1F5006F2FD124E0B1F5803F12D0B1F5003F28D111E0154A826025E00822C26038
:2027E00022E01022C2601FE0082202611CE01022026119E00822426016E01022426013E0E4
:202800000422426010E0042242600DE0042242600AE0002282610422426005E000228261E2
:202820000422426000E000BF00BF70470101010001684FF6FE7211400160002101604160C5
:202840008160C1608D49884208D18C490839496841F00F01894A083A51608AE087491431B0
:20286000884208D185490839496841F0F001834A083A51607DE081492831884208D17F4928
:202880000839496841F470617C4A083A516070E07A493C31884208D178490839496841F47C
:2028A0007041764A083A516063E074495031884208D172490839496841F470216F4A083A22
:2028C000516056E06D496431884208D16B490839496841F47001694A083A516049E0674958
:2028E0007831884208D165490839496841F07061624A083A51603CE06149884206D1011FC4
:20290000096841F00F01021F116032E05C491431884208D15A49091F096841F0F001584AD4
:20292000121F116025E056492831884208D15449091F096841F47061514A121F116018E0E4
:202940004F493C31884208D14D49091F096841F470414B4A121F11600BE0494950318842BB
:2029600007D14749091F096841F47021444A121F1160704710B50022026847F6F0739A43DB
:202980000C6A8B6823430C6923434C6923438C692343CC6923434C6A23438C6A23431A43A7
:2029A0000260CB6843600B6883604B68C36010BD0021016041608160C160016141618161DB
:2029C000C161016241628162704721B1026842F00102026004E002684FF6FE731A400260A2
:2029E00070471AB103680B43036002E003688B4303607047416070470146486880B27047CC
:202A000001460020002201F080531BB11C4B083B1A6802E0194B083B1A6802EA01030BB1BA
:202A2000012000E00020704700F0805119B11449091F086002E01149083948607047014623
:202A40000020002201F080531BB10D4B083B1A6802E00A4B083B1A6802EA01030BB10120BE
:202A600000E00020704700F0805119B10449091F086002E001490839486070470800024021
:202A80000804024001460020FE4A106800F03800084310607047FB49096821F00801F94A15
:202AA000116011460968014311607047F549096821F01001F34A1160114609680143116075
:202AC0007047F148EF494860F04848607047EE48EC494860ED4848607047EA48006940F01D
:202AE0008000E84908617047E648006940F08000E449086170470420E249C96801F00101FE
:202B000009B101200EE0DF49C96801F0040109B1022007E0DB49C96801F0100109B10320A6
:202B200000E00420704700B502460423FFF7E3FF034603E0FFF7DFFF0346521E012B01D127
:202B4000002AF7D102B90523184600BD30B5044604254FF43020FFF7E6FF0546042D17D15B
:202B6000C848006940F00200C649086108464461006940F0400008614FF43020FFF7D3FFA2
:202B80000546C048006941F6FD710840BD490861284630BD10B504244FF43020FFF7C3FF8A
:202BA0000446042C16D1B748006940F00400B54908610846006940F0400008614FF430208E
:202BC000FFF7B1FF0446AF48006941F6FB710840AC490861204610BD00B502460423FFF70F
:202BE0008AFF034603E0FFF786FF0346521E012B01D1002AF7D102B90523184600BD10B539
:202C000004244FF43020FFF7E7FF0446042C16D19C48006940F004009A4908610846006938
:202C200040F0400008614FF43020FFF7D5FF04469448006941F6FB7108409249086120463A
:202C400010BD00208F49C96901F0020109B1012000E00020704730B5A5250424FFF7F1FF3A
:202C600000B100254FF43020FFF75DFF0446042C3AD1854883498860844888600846006928
:202C800040F0200008610846006940F0400008614FF43020FFF747FF0446042C1BD17948F5
:202CA000006941F6DF710840764908610846006940F01000086176480580E002FFF733FF07
:202CC0000446052C10D06F48006941F6EF7108406C49086108E0052C06D06A48006941F63B
:202CE000EF71084067490861204630BD78B506460C46042500200090E802FFF714FF0546DE
:202D0000042D24D15F48006940F001005D4908613480E802FFF707FF0546042D10D1B01C7A
:202D20000090200C00990880E802FFF7FCFE05465448006941F6FE7108405249086106E0B4
:202D40005048006941F6FE7108404E490861284678BD70B504460D460426F002FFF7E3FE2C
:202D60000646042E11D14748006940F00100454908612580F002FFF7D6FE06464148006934
:202D800041F6FE7108403F490861304670BD70B505460E460424E002FFF7C5FE0446042CB0
:202DA00017D1394837498860384888600846006940F0100008612E80E002FFF7B4FE0446F8
:202DC000052C06D02F48006941F6EF7108402D490861204670BD2DE9F04304464FF6FF766E
:202DE0003746B046B1460425E443E6B2C4F30727C4F307484FEA1469E802FFF794FE054623
:202E0000042D49D120481F498860204888600846006940F010000861FF2E06D01C48083060
:202E20000680E802FFF77FFE0546042D08D1FF2F06D017480A300780E802FFF774FE054699
:202E4000042D0AD1B8F1FF0F07D011480C30A0F80080E802FFF767FE0546042D0AD1B9F1E5
:202E6000FF0F07D00A480E30A0F80090E802FFF75AFE0546052D0FD00248006941F6EF71D7
:202E8000084007E00020024023016745AB89EFCD00F8FF1F664908612846BDE8F08330B548
:202EA000054604244FF43020FFF73DFE0446042C41D160485E4988605F48886008460069D2
:202EC00040F0200008610846006940F0400008614FF43020FFF727FE0446042C22D15448F2
:202EE000006941F6DF710840514908610846006940F0100008611DB100205049088002E046
:202F0000A5204E4908804FF43020FFF70CFE0446052C10D04648006941F6EF71084044497C
:202F2000086108E0052C06D04148006941F6DF7108403F490861204630BDF0B505460E46F0
:202F4000174604243B483A4988603B488860E002FFF7E9FD0446042C19D13548006940F05B
:202F600010003349086147F0F800304328433349891C0880E002FFF7D6FD0446052C06D0AA
:202F80002B48006941F6EF710840294908612046F0BD2748C069800870472548006A704723
:202FA00000202349096801F0200109B1012000E00020704729B11E4A126902431C4B1A618C
:202FC00004E01B4A12698243194B1A61704701460020012908D1164AD26902F001020AB11D
:202FE000012008E0002006E0114AD2680A400AB1012000E0002070470D49C86070470420F7
:203000000B49C96801F0010109B101200EE00849C96801F0040109B1022007E00449C968B6
:2030200001F0100109B1032000E00420704700000020024023016745AB89EFCD00F8FF1FBE
:2030400010B50446CC48844208D10121042000F0B3FB0021042000F0AFFB46E0C7488442F0
:2030600008D10121082000F0A7FB0021082000F0A3FB3AE0C248844208D10121102000F0BF
:203080009BFB0021102000F097FB2EE0BD48844208D10121202000F08FFB0021202000F0E8
:2030A0008BFB22E0B848844208D10121402000F083FB0021402000F07FFB16E0B348844257
:2030C00008D10121802000F077FB0021802000F073FB0AE0AE48844207D10121801500F0AF
:2030E0006BFB0021A01500F067FB10BD10B50121084600F061FB0021012000F05DFB10BD9D
:203100002DE9F041024600250026002000230024002791F803C00CF00F0591F803C00CF0A3
:20312000100CBCF1000F03D091F802C04CEA050591F800C0BCF1000F31D0146800202BE0AC
:203140004FF0010C0CFA00F3B1F800C00CEA03069E4220D183004FF00F0C0CFA03F7BC4315
:2031600005FA03FC4CEA040491F803C0BCF1280F06D14FF0010C0CFA00FCC2F814C00AE046
:2031800091F803C0BCF1480F05D14FF0010C0CFA00FCC2F810C0401C0828D1D31460B1F8E4
:2031A00000C0BCF1FF0F34DD546800202EE000F1080C4FF0010808FA0CF3B1F800C00CEAEC
:2031C00003069E4221D183004FF00F0C0CFA03F7BC4305FA03FC4CEA040491F803C0BCF103
:2031E000280F05D100F1080C08FA0CF8C2F8148091F803C0BCF1480F07D100F1080C4FF0FD
:20320000010808FA0CF8C2F81080401C0828CED35460BDE8F0814FF6FF7101800221817014
:203220000421C17070470246002093680B400BB1012000E0002070470146886880B270471F
:2032400002460020D3680B400BB1012000E0002070470146C86880B27047016170474161D1
:2032600070470AB1016100E041617047C16070474FF480320A4382618161826182698269A9
:20328000704702460020434B18684FF68073184040EA021008433F4B186070473E49C86181
:2032A0007047F0B50A46002300240021002500F00046B6F1004F02D1364EF16901E0354E94
:2032C0007168C0F3034583B200F44016B6F5401F08D121F070612F4E766826F070662D4F13
:2032E0007E6012E000F48016B6F5801F06D1032606FA05F4A14341F0706106E0460D3601DB
:2033000003FA06F6B14341F0706122B1460D360103FA06F6314300F00046B6F1004F02D1F5
:203320001C4EF16101E01B4E7160F0BD30B500228B071C0F0F2303FA04F2164B08338C10E8
:2033400053F824309343134C08348D1044F8253023468C1053F824308C07240F00FA04F4D3
:2033600023430C4C08348D1044F8253030BD0A49DC3108607047000000080140000C014023
:20338000001001400014014000180140001C01400020014000000140000020420E4908600E
:2033A00070470D49486070470B49886070474AF6AA200949086070474CF6CC40064908602E
:2033C000704701460020044AD2680A400AB1012000E00020704700000030004010B5012113
:2033E000080700F0F6F900214FF0805000F0F1F910BD2A490862704728490861704701469C
:203400000020274A106820F0E0000843106070472249A0310860704710B502460020204B4E
:20342000186820F00300104318601E4B1B6843F004031C4C2360012901D130BF00E020BF73
:20344000184B1B6823F00403164C236010BD1448006840F00400124908600846006840F019
:20346000020008600F48006840F004000D49086000BF00BF30BF704701460020084A52689A
:203480000A400AB1012000E0002070470449096841EA8001024A11607047000000000E4221
:2034A0000070004010ED00E0DF48006840F00100DD49086008464068DC490840DA49486003
:2034C00008460068DA490840D74908600846006820F4802008600846406820F4FE004860C1
:2034E0004FF41F0088607047CF49096821F48031CD4A11601146096821F480211160B0F560
:20350000803F03D0B0F5802F0ED106E0C649096841F48031C44A116007E0C349096841F482
:20352000A021C14A116000E000BF00BF704710B501460022002300204A11012A02D1BA4C69
:20354000236806E0022A02D1B74C236A01E0B64C636A01F01F02012494401C400CB1012076
:2035600000E0002010BD38B5002000900024002500BF3120FFF7DBFF05460098401C0090E9
:203580000098B0F5A06F01D0002DF2D03120FFF7CEFF08B1012400E00024204638BD014687
:2035A0000020A14A106820F0F80040EAC10010607047A04908607047024600209A4B586859
:2035C00020F47C1042EA01031843974B5860704798490866704701460020934A506820F05D
:2035E00003000843506070478F48406800F00C007047014600208C4A506820F0F0000843A4
:203600005060704701460020874A506820F4E06008435060704701460020834A506820F44D
:20362000605040EAC1005060704729B17E4A527A02437D4B5A7204E07B4A527A82437A4B42
:203640005A7270477B49D8310860704701460020754A506820F440400843506070470021B6
:20366000714A20321170704A82F82010012802D004280AD104E001216B4A2032117005E0E3
:203680000521694A2032117000E000BF00BF70476949086070476449096A0143624A116215
:2036A0007047654944390860704730B500210022002400235C4D6D6805F00C0121B104291B
:2036C00005D0082923D105E05C4D056022E05B4D05601FE0544D6D6805F47012524D6D688A
:2036E00005F48034022505EB92421CB9544D554305600BE04C4D6D6805F400351DB1504DCD
:203700005543056002E04D4D5543056002E04B4D056000BF00BF444D6D6805F0F001090978
:20372000484D6B5C0568DD4045603F4D6D6805F4E061090A434D6B5C4568DD4085603A4DC3
:203740006D6805F46051C90A3E4D6B5C4568DD40C560354D6D6805F44041890B3A4D6B5C23
:20376000C568B5FBF3F5056130BD29B12E4A526902432D4B5A6104E02B4A526982432A4B5E
:203780005A61704729B1284A92690243264B9A6104E0254A92698243234B9A61704729B1B2
:2037A000214AD2690243204BDA6104E01E4AD26982431D4BDA61704729B11B4AD268024314
:2037C000194BDA6004E0184AD2688243164BDA60704729B1144A12690243134B1A6104E0FF
:2037E000114A12698243104B1A61704712494039086070470F49C86470470B49C87170472F
:203800000948406A40F0807007494862704701460020054A92680A400AB1012000E0002006
:203820007047014988727047001002400000FFF8FFFFF6FE000042428004424200127A0083
:2038400000093D00140000202400002010B50446FE48844208D10121C014FFF7ADFF0021FD
:20386000E014FFF7A9FFC4E0B4F1804F08D101210846FFF7AEFF00210120FFF7AAFFB8E039
:20388000F348844208D101210220FFF7A2FF00210220FFF79EFFACE0EE48844208D101211A
:2038A0000420FFF796FF00210420FFF792FFA0E0E948844208D101210820FFF78AFF002153
:2038C0000820FFF786FF94E0E448844208D101211020FFF77EFF00211020FFF77AFF88E019
:2038E000DF48844208D101212020FFF772FF00212020FFF76EFF7CE0DA48844208D1012136
:203900004014FFF759FF00216014FFF755FF70E0D548844209D10121C804FFF74DFF0021C8
:203920004FF40020FFF748FF63E0D048844209D101210805FFF740FF00214FF48010FFF79E
:203940003BFF56E0CA48844209D101214805FFF733FF00214FF40010FFF72EFF49E0C548E1
:20396000844208D101214020FFF733FF00214020FFF72FFF3DE0C048844208D101218020D3
:20398000FFF727FF00218020FFF723FF31E0BB48844208D101218015FFF71BFF0021A015E2
:2039A000FFF717FF25E0B648844209D101210804FFF702FF00214FF48030FFF7FDFE18E036
:2039C000B048844209D101214804FFF7F5FE00214FF40030FFF7F0FE0BE0AB48844208D103
:2039E00001218804FFF7E8FE00214FF48020FFF7E3FE10BD00220288944B98420ED0994B6E
:203A000098420BD0B0F1804F08D0914B984205D0904B984202D0904B984204D14FF68F73C6
:203A20001A404B881A438D4B984207D08C4B984204D04FF6FF431A40CB881A4302808B88C8
:203A400083850B880385814B98420BD0854B984208D08B4B984205D08A4B984202D08A4B65
:203A6000984201D10B7A038601238382704770B5002400220023058C4FF6FE7635400584D6
:203A8000028C8388048B4FF68F752C40B51E2C400D882C43751E2A400D892A434D882A43C4
:203AA0006A4DA8420BD06F4DA84208D0744DA84205D0744DA84202D0734DA84213D14FF63C
:203AC000F7752A404D892A434FF6FB752A408D882A434FF6FF652B404FF6FF552B408D89FE
:203AE0002B43CD892B4383800483CD888586028470BD70B5002400220023058C4FF6EF762E
:203B000035400584028C8388048B48F6FF752C404FF6FF452C400D884FF6FF7606EA052503
:203B20002C434FF6DF752A400D8906EA05152A434D8806EA05152A43444DA84202D0494DD7
:203B4000A8421DD14FF67F752A404D894FF6FF7606EA05152A434FF6BF752A408D8806EAFB
:203B600005152A434FF6FF352B404FF2FF752B408D8906EA85052B43CD8906EA85052B437E
:203B800083800483CD880587028470BD70B5002400220023058C4FF6FF6635400584028CB2
:203BA0008388848B4FF68F752C404FF6FC752C400D882C434FF6FF552A400D894FF6FF76BD
:203BC00006EA05252A434D8806EA05252A431F4DA84202D0234DA8421DD14FF2FF752A4073
:203BE0004D894FF6FF7606EA05252A434FF6FF352A408D8806EA05252A434EF6FF752B400C
:203C00004DF6FF752B408D8906EA05152B43CD8906EA05152B4383808483CD888587028435
:203C200070BD70B5002200230024058C4EF6FF7635400584038C8488828B48F6FF752A40BD
:203C40004FF6FF452A400D8820E00000002C01400004004000080040000C00400010004047
:203C60000014004000340140004C0140005001400054014000180040001C004000200040B4
:203C80000040014000440140004801404FF6FF7606EA05252A434DF6FF752B400D8906EAAC
:203CA00005352B434D8806EA05352B43FA4DA84202D0FA4DA84208D14BF6FF752C408D89AB
:203CC0004FF6FF7606EA85152C4384808283CD88A0F84050038470BD828B4FF2FF331A401D
:203CE0008283828B4FF6FF7303EA01231A4382837047F0B50C461546002200210026078C83
:203D00004EF6FF7C07EA0C070784828B018C4FF6FF7707EA043640F6FF473A404FF6FF7724
:203D200007EA05273A434FF6FF7707EA03373A43D94FB8420ED0D94FB8420BD0B0F1804F19
:203D400008D0D74FB84205D0D64FB84202D0D64FB84206D14DF6FF77394046F480573943F0
:203D600005E047F6FF57394044F48057394382830184F0BD828B4FF6F3731A408283828B6C
:203D80000A4382837047F0B50C461546002200210026078C4FF6FF6C07EA0C070784828B80
:203DA000018C4FF6FF7707EA04264FF60C773A404FF6FF7707EA03172F433A43B64FB842AA
:203DC0000ED0B64FB8420BD0B0F1804F08D0B44FB84205D0B34FB84202D0B34FB84206D170
:203DE0004FF6FF57394046F48077394305E04FF2FF57394044F48077394382830184F0BD2B
:203E0000028B4FF2FF331A400283028B4FF6FF7303EA01231A4302837047F0B50C46154683
:203E2000002200210026078C4FF6EF7C07EA0C070784028B018C4FF6FF7707EA041640F631
:203E4000FF473A404FF6FF7707EA03373A434FF6FF7707EA05273A438F4FB8420ED08F4F56
:203E6000B8420BD0B0F1804F08D08D4FB84205D08C4FB84202D08C4FB84206D14FF6DF778C
:203E8000394046F01007394305E04FF65F77394044F01007394302830184F0BD028B4FF617
:203EA000F3731A400283028B0A4302837047F0B50C46154600220021068C4FF6FE773E4048
:203EC0000684028B018C4FF60C7632407E1C06EA03162E433243704EB0420ED06F4EB0423F
:203EE0000BD0B0F1804F08D06D4EB04205D06D4EB04202D06C4EB04206D14FF6FD763140F2
:203F000044F00106314305E04FF6F576314044F00106314302830184F0BD70B505460C46C4
:203F20005D4885420ED05D4885420BD0B5F1804F08D05B48854205D05A48854202D05A4887
:203F4000854200D100E000BF208850B92389A28861882846FFF7ABFFE1882846FFF79EFF42
:203F600025E0208804280AD12389A28861882846FFF753FFE1882846FFF742FF17E020886B
:203F800008280AD12389A28861882846FFF7FBFEE1882846FFF7EEFE09E02389A288618899
:203FA0002846FFF7A6FEE1882846FFF795FE70BD2DE9F04105460C4600260127608808B991
:203FC000022600E00026A088012801D1022700E001272088A0B92389A28861882846FFF73B
:203FE00066FFE1882846FFF759FF23893A4631462846FFF712FFE1882846FFF701FF13E05F
:204000002389A28861882846FFF707FFE1882846FFF7F6FE23893A4631462846FFF747FF69
:20402000E1882846FFF73AFFBDE8F0810A884B881A438B881A43CB881A430B891A434B89BD
:204040001A438B891A43A0F8442070474FF6FF71818000210180C18041800172704700213A
:20406000018041808180C180018141818181C1817047002101804180012181800021C18095
:20408000018170470021018041808180C18001814181818170470000002C01400034014063
:2040A0000004004000080040000C004021B1028842F00102028004E002884FF6FE731A4097
:2040C0000280704731B1B0F8442042F40042A0F8442005E0B0F84420C2F30E02A0F8442093
:2040E00070471AB183890B43838102E083898B43838170478182704741EA0203A0F848306F
:2041000070471AB183890B43838102E083898B438381704701894FF6F87211400181704785
:204120000A46002101894FF68F73194011430181704730B504460D4629462046FFF7F0FF1B
:20414000208940F00700208130BD2DE9F04104460D4616461F46602D06D13B4601223146CD
:204160002046FFF75AFE05E03B46012231462046FFF79DFE29462046FFF7D2FF208940F01F
:2041800007002081BDE8F08130B50C4600210189C9B24FF6FF7505EA032515432543294308
:2041A000018130BD2DE9F04105460E4617469846002443463A4631462846FFF7E5FF2C89CE
:2041C0004FF6F870044044F007044FF68F70044044F070042C81BDE8F081F0B504460D467A
:2041E00016461F463B46324629462046FFF7CCFF208940F480402081F0BD01858282704743
:204200000A46002101884FF68F731940114301807047F0B50C4615461E460021002200235C
:204220000189028B038C4FF6F877394021434FF6FC473A4040F201173A434FF6DD773B406A
:204240004FF6FF7707EA06172F433B43018102830384F0BD0A460021018B4FF68F731940CD
:204260001143018370470A460021018B48F6FF7319404FF6FF7303EA022319430183704749
:204280000A460021818B4FF68F7319401143818370470A460021818B48F6FF7319404FF627
:2042A000FF7303EA022319438183704721B1028842F08002028004E002884FF67F731A40D2
:2042C0000280704721B1828842F00402828004E082884FF6FB731A408280704721B18288FF
:2042E00042F00802828004E082884FF6F7731A408280704721B1828842F00102828004E0D9
:2043000082884FF6FE731A40828070470A460021018B4FF6F77319401143018370470A46E6
:204320000021018B4FF2FF7319404FF6FF7303EA02231943018370470A460021818B4FF6A2
:20434000F77319401143818370470A460021818B4FF2FF7319404FF6FF7303EA02231943DD
:20436000818370470A460021018B4FF6FB7319401143018370470A460021018B4FF6FF3376
:2043800019404FF6FF7303EA02231943018370470A460021818B4FF6FB7319401143818383
:2043A00070470A460021818B4FF6FF3319404FF6FF7303EA02231943818370470A460021A8
:2043C000018B4FF67F7319401143018370470A460021018BC1F30E014FF6FF7303EA0223A9
:2043E0001943018370470A460021818B4FF67F7319401143818370470A460021818BC1F3D9
:204400000E014FF6FF7303EA02231943818370470A460021018C4FF6FD73194011430184C8
:2044200070470A460021018C4FF6F77319401143018470470A460021018C4FF6DF73194041
:204440004FF6FF7303EA02131943018470470A460021018C4FF67F7319404FF6FF7303EAD9
:2044600002131943018470470A460021018C4FF6FF5319404FF6FF7303EA022319430184F7
:2044800070470A460021018C4FF2FF7319404FF6FF7303EA02231943018470470A46002189
:2044A000018C4DF6FF7319404FF6FF7303EA023319430184704730B5002301248C40A3B2A2
:2044C000048C9C430484048C02FA01F5ADB22C43048430BD30B5002304248C40A3B2048C3F
:2044E0009C430484048C02FA01F5ADB22C43048430BD70B503460020002418461830012512
:204500008D40ACB21D8CA5431D8409B1082909D100EB6100056825F070050560056815430C
:2045200005600EE00D1FC5F34E052844056825F4E045056005684FF6FF7606EA02263543BE
:20454000056070BD21B1028842F00202028004E002884FF6FD731A400280704721B10288A3
:2045600042F00402028004E002884FF6FB731A400280704721B1828842F08002828004E057
:2045800082884FF67F731A408280704702884FF6F7731A40028002880A4302807047828898
:2045A0004FF68F731A40828082880A438280704702894FF6F8731A40028102890A430281D5
:2045C000704702894FF67F731A40028102890A43028170478184704781857047818670473C
:2045E0000187704781877047A0F84010704702884FF6FF431A40028002880A430280704721
:204600000146888E70470146088F70470146888F70470146B1F8400070470146888C7047E3
:204620000146088D704702460020138A0B400BB1012000E000207047CA430282704730B5D6
:204640000246002000230024158A05EA0103958905EA010413B10CB1012000E0002030BD78
:20466000CA4302827047000010B50446FB48844209D101218803FFF79FF800214FF48040A2
:20468000FFF79AF832E0F648844209D101214804FFF79FF800214FF40030FFF79AF825E086
:2046A000F048844209D101218804FFF792F800214FF48020FFF78DF818E0EB48844209D1AA
:2046C0000121C804FFF785F800214FF40020FFF780F80BE0E548844208D101210805FFF7AB
:2046E00078F800214FF48010FFF773F810BD2DE9F04786B005460E460024A24600BFA14654
:204700000027B08900B100BF2F462C8A4CF6FF700440F08804432C82AC894EF6F31004407C
:20472000B08831890843718908430443AC81AC8A4FF6FF400440B0890443AC8201A8FEF739
:20474000B4FFC648874202D1DDF810A001E0DDF80CA0A88900F4004040B10AEBCA0000EB15
:204760000A1031684900B0FBF1F807E00AEBCA0000EB0A1031688900B0FBF1F86420B8FB11
:20478000F0F004012009642101FB1089A88900F4004040B1322000EBC900B0FBF1F000F019
:2047A0000700044308E0322000EB09106421B0FBF1F000F00F0004432C8106B0BDE8F08797
:2047C0004FF41651016000218180C18001810C21418100218181704710B502460020108A59
:2047E0004FF2FF0318400B884C8823438C882343CC8823431843108210BD00210180418000
:204800008180C180704721B1828942F40052828104E082894DF6FF731A4082817047F0B5DA
:204820000346002400260025002040F66A17B94200D100BF1846C1F3421401F01F060127B8
:2048400007FA06F5012C01D10C3004E0022C01D1103000E014301AB107682F43076002E0E4
:204860000768AF430760F0BD1AB1838A0B43838202E0838A8B4383827047028A4FF6F073EB
:204880001A400282028A0A430282704782894FF2FF731A40828182890A438281704721B127
:2048A000828942F00202828104E082894FF6FD731A4082817047028A4FF6DF731A400282FB
:2048C000028A0A430282704721B1028A42F48042028204E0028A4BF6FF731A400282704732
:2048E000C1F308028280704701468888C0F308007047818941F0010181817047028BD2B271
:204900000283028B42EA012202837047028B02F47F420283028B0A430283704721B1828A3D
:2049200042F02002828204E0828A4FF6DF731A408282704721B1828A42F01002828204E079
:20494000828A4FF6EF731A408282704721B1828A42F00802828204E0828A4FF6F7731A4078
:204960008282704721B1828942F40042828103E08289C2F30E028281704721B1828A42F4A3
:204980000062828204E0828A4FF2FF731A4082827047828A4FF6FB731A408282828A0A4383
:2049A0008282704721B1828A42F00202828204E0828A4FF6FD731A40828270470246002002
:2049C000B1F5007F00D100BF13880B400BB1012000E00020704701F40072B2F5007F00D14A
:2049E00000BFCA430280704770B50246002400230025002040F66A16B14200D100BFC1F3CC
:204A0000421501F01F03012606FA03F3012D02D19689334006E0022D02D1168A334001E0A0
:204A2000968A33400C12012606FA04F41688344013B10CB1012000E0002070BD10B50022DE
:204A4000002340F66A14A14200D100BF0A1201249440A3B2DC43048010BD000000380140B9
:204A60000044004000480040004C00400050004010B50446FA48844208D101214015FEF7B2
:204A80009BFE00216015FEF797FE17E0F548844208D101210015FEF78FFE00212015FEF786
:204AA0008BFE0BE0F048844208D10121C803FEF783FE00214FF40040FEF77EFE10BD30B581
:204AC0000246002000235068E84C20400D790C6844EA0524204350609068E54C2040D1E958
:204AE00002542C434D7944EA450420439060D06A20F470000C7C641EE4B2234340EA035020
:204B0000D06230BD00210160017141718160C16001210174704721B1826842F001028260AD
:204B200003E0826822F001028260704721B1826842F48072826003E0826822F4807282607D
:204B4000704710B50023CBB21AB144681C43446002E044689C43446010BD816841F00801BE
:204B600081607047014600208A6802F008020AB1012000E000207047816841F004018160B5
:204B80007047014600208A6802F004020AB1012000E00020704721B1826842F4A002826004
:204BA00003E0826822F4A00282607047014600208A6802F480020AB1012000E00020704773
:204BC00010B50A4600210023416821F46041531E41EA4331416010BD21B1426842F400628B
:204BE000426003E0426822F4006242607047F0B504460D4600200021092D11DDE068A5F130
:204C00000A0606EB4607072606FA07F18843A5F10A0606EB460603FA06F10843E0600CE008
:204C2000206905EB4507072606FA07F1884305EB450603FA06F108432061072A0FDA606BDF
:204C4000561E06EB86071F2606FA07F18843561E06EB860605FA06F10843606322E00D2A2C
:204C60000FDA206BD61F06EB86071F2606FA07F18843D61F06EB860605FA06F1084320630F
:204C800010E0E06AA2F10D0606EB86071F2606FA07F18843A2F10D0606EB860605FA06F195
:204CA0000843E062F0BD21B1826842F48012826003E0826822F48012826070470146C86CCB
:204CC00080B2704766484C300068704721B1426842F48062426003E0426822F48062426045
:204CE000704721B1426842F48052426003E0426822F48052426070470A460021816821F49A
:204D0000E04111438160704721B1826842F40042826003E0826822F400428260704721B1E0
:204D2000826842F40212826003E0826822F4021282607047014600208A6802F400120AB1B1
:204D4000012000E000207047F0B504461546002000220026092911DDE068A1F10A0707EBCC
:204D6000470C072707FA0CF29043A1F10A0707EB470703FA07F21043E0600CE0206901EB13
:204D8000410C072707FA0CF2904301EB410703FA07F210432061A06BC0F30156EF1C06F1B1
:204DA000010CA7EB0C0707EB870C1F2707FA0CF29043EF1C06F1010CA7EB0C0707EB870770
:204DC00001FA07F21043A063F0BD10B50A4600210023816B21F44011531E41EA035181635D
:204DE00010BD08B5002300930090009B0B440093009B1A6008BD08B5024600200090009245
:204E000001F12800009B184400900098006880B208BD0A4600214168164B19401143416031
:204E200070474162826270470A460021416821F01F0111434160704740B109490831096899
:204E400041F40001064A0832116007E004490831096821F40001024A08321160704700007F
:204E60000024014000280140003C0140FFFEF0FFFDF7F1FFFFFD3FFF0246002013680B40AF
:204E80000BB1012000E000207047CA430260704770B502460020002300240B125568CEB22A
:204EA00005EA060415681D4015B10CB1012000E0002070BD00220A12D343036070470000E0
:204EC00029B1504A128802434E4B1A8004E04D4A128882434B4B1A8070474A48001D008854
:204EE00040F010004749091D088070474548001D00884FF6EF7108404249091D088070476E
:204F0000002140481C300188001F008841EA0040704700B50246FFF7E0FF100C3949183191
:204F20000880091D0A80FFF7E1FF00BD00B50246FFF7D3FFC2F30340324908310880091D87
:204F40000A80FFF7D3FF00BD00B50246FFF7C5FF100C2C4920310880091D0A80FFF7C6FFB6
:204F600000BD00202749103109880907080B2549143109880843704700BF2248001D0088DB
:204F800000F020000028F8D070471E48001D00884FF6F77108401B49091D088000BF194828
:204FA000001D008800F008000028F8D0704701460020144A121D12880A400AB1012000E019
:204FC000002070470F49091D098881430D4A121D11807047014600200A4A121D12880A408B
:204FE000D0B2084A12880A4012B108B1012000E0002070470349091D09888143014A121D64
:20500000118070470028004030BF704772B6704762B6704710B54FF4A060FCF741FE10BD85
:205020007FB505460C4601211020FEF7B8FBADF80850ADF804400020ADF80A00ADF8060045
:2050400001A91948FEF7D6FC012211461648FFF748F836208DF8000003208DF801008DF867
:20506000020001208DF803006846FCF71EFE01210D48FFF71BF800200C4908607FBD0B49DB
:205080000860704710B501210748FFF7D8FA012805D10648006810B10448006880470121E0
:2050A0000148FFF7DDFA10BD001000402800002010B56FF00400FCF742FE4FF0E020006972
:2050C00040F002004FF0E021086142F2283048610846006940F00100086110BDF0B50446B3
:2050E0000D4600212AE001EB81008A4E56F8200010BB01EB810046F82040012001EB810615
:20510000844F07EB8606707401EB81003E4606EB8000456001EB810006EB8000826001EBA7
:20512000810006EB80000374002001EB810607EB8606F0600846F0BD481CC1B21E29D2DBDF
:20514000FF20F8E710B50146002027E000EB8002704B53F822208A421ED1002200EB80031E
:205160006C4C44F8232000EB800304EB83035A7400EB800304EB83035A6000EB800304EB4D
:2051800083039A6000EB800304EB83031A7400EB800304EB8303DA60421CD0B21E28D5DB2B
:2051A00010BD002100EB80025A4B43F8221000EB800203EB8202517400EB800203EB8202FF
:2051C000516000EB800203EB8202916000EB800203EB8202117400EB800203EB8202D160DA
:2051E0007047002048E000EB80014A4A02EB8101097CE9BB00EB800102EB8101497C01294E
:2052000038D100EB800102EB8101C96881BB00EB800102EB8101496859B100EB800102EB4E
:2052200081014968491E00EB80023A4B03EB8202516000EB8001374A02EB81014968B9B940
:20524000012100EB8002334B03EB8202D16000EB80011A4602EB8101896849B100EB80010C
:2052600002EB8101896800EB800203EB820200E000E05160411CC8B21E28B4DB704710B556
:20528000002440E004EB8400224901EB8000407C012836D104EB840051F8200088B304EB8E
:2052A000840001EB8000007C012806D104EB8401184A52F82100804723E004EB84001549A6
:2052C00001EB8000007CE0B904EB840001EB8000C068B0B104EB84010E4A52F821008047E7
:2052E000002004EB84010B4A02EB8101C86004EB8400114601EB8000806810B92046FFF7EB
:2053000050FF601CC4B21E2CBCDB10BD00B5FFF768FF00BD9C0A002010B5FFF7C9FE01F096
:2053200004FF01F0C4FF03F087FA03F0C1FC02F085FA03F055FF04F04BFC01F064FE01F05B
:205340007EFA03F075FF01F002F901F00AFA0CF007F813F067FB04F0CAF940F635410520A5
:2053600000F0FAFF00230A2211464048FFF7B6FE00230A2208213E48FFF7B0FE0123002284
:2053800011463C48FFF7AAFE00230A2205213A48FFF7A4FE0123002205213848FFF79EFE87
:2053A00000230A2205213648FFF798FE0123002205213448FFF792FE00230A220521324811
:2053C000FFF78CFE0123002205213048FFF786FE0023642208212E48FFF780FE00233222BC
:2053E00064212C48FFF77AFE00234FF47A7205212948FFF773FE0023322264212748FFF795
:205400006DFE0023322264212548FFF767FE00234FF47A7264212348FFF760FE002342F270
:20542000107219462048FFF759FE00234FF47A7219461E48FFF752FE00234FF47A726421A2
:205440001B48FFF74BFE0023642219461948FFF745FE00230A2219461748FFF73FFE10BDFB
:2054600010B500F090FFFFF70AFF10BD037D0008F39B0008919C0008A5670008B167000895
:20548000C73E010873400108E56B0008916C0008B99200083DA10008179200083579010844
:2054A000F58D010849910108FD910108039101082B990108795A0108255F010870B50346A6
:2054C0000C4603E014F8015B03F8015B1500A2F10102F7D170BD30B5034601E003F8011B12
:2054E0001400A2F10102F9D130BD00B57C494FF40872C8680021FFF7EEFF79494FF4884211
:2055000088680021FFF7E7FF01207549087400BD0022002105E07248C068405C00B1521CC1
:20552000491CB1F5087FF6D3642050434FF40873B0FBF3F0C0B270472DE9F04106460024CD
:20554000A0466748007C10B96549086880471EB94FF0FF30BDE8F08162480068B6FBF0F08E
:2055600085B260480068B6FBF0F100FB116008B1681C85B25C480068441E1BE05848C06841
:20558000005D20B908F101001FFA80F801E04FF00008A8450DD1002704E05149C968E21986
:2055A0008D547F1CAF42F8D34E49096804FB01F0D0E7641E002CE1DA4FF0FF30CAE770B557
:2055C00005464748007C20B9454908688047012070BD46480068854212D242480068B5FB46
:2055E000F0F13F48C068425C002405E000203C4BDB680E199855641C9442F7DB0020E7E760
:205600000220E5E72DE9F04105463548007C20B9334908688047BDE8F081314880682E1AC6
:205620003248006886421ED22E4B1B68B6FBF3F02B4BDB68195C2A46002402E00023135511
:20564000641C284B1B684B43A342F7D8002407E00023234FFF6800EB040C07F80C30641CD5
:205660008C42F5DBD7E700BFD5E770B5044604B970BD1B488068251AFFF7C8FC2046FFF75A
:20568000C1FFFFF7C5FC00BFF2E770B50546FFF7BDFC2846FFF750FF0446FFF7B9FC601CB8
:2056A00008B9002070BD0E4880682044FAE770B506460C462046FFF73FFF0546681C08B96C
:2056C000002070BD06498968481922463146FFF7F5FE3046FFF7C9FF014880682844F0E76C
:2056E00038000020300000202C00002034000020012080F3138800BF00BF6448006800F4AD
:20570000E06063490843001D60490860BFF3408F00BF00BFFEE72DE9F05F06460F46904664
:205720000024B3463D46A14617E068784FEA002A28788244AD1C2046641C564921F810A02B
:20574000B4F5806F07D100244FF48062584600F0D8F80BF5006B09F10209C145E5D324B12F
:20576000A2B24C49584600F0CCF8BDE8F09F10B50446206848490840B0F1005F08D16068A9
:20578000464908602068FCF763F944480068804710BD08B54FF6FF70009002226946404857
:2057A00000F0AFF83F48FFF7E2FF08BD3D483749091F08607047F0B59BB005460E461746F7
:2057C000684600F027F932462946684600F0F7FC17A9684600F058FD002409E0395D17A87E
:2057E000005D814202D000201BB0F0BD601CC4B2102CF3DBFF20F7E738B50446221D2A483E
:205800002168FFF7D8FF40B10020009002226946234800F076F8FFF76BFF002038BD38B593
:205820000446221D20482168FFF7C5FF40B100200090022269461A4800F063F8FF2038BDFF
:205840000020FCE700201949088019490860704710B50446208815490988884214D162887B
:2058600013490968104BC818211DFFF754FF0F480088401C0D49088060880D490968084485
:205880000B490860FF2010BD0020FCE70CED00E00000FA05145300200000FE2F4C00002065
:2058A000001400080018000800F8010850000020540000200146088870472DE9F0410546A7
:2058C0000E461746002407E036F814102846FDF740FAAD1C601C84B2BC42F5DBBDE8F081BF
:2058E00030B503460C461546002207E01846FFF7E1FF24F812009B1C501C82B2AA42F5DB4F
:2059000030BD2DE9F05F80468A461746B8F1006F02D33748804501D3BDE8F09FFDF7D1F84C
:20592000A8F1006B4FEADB25CBF34909C9F58064A74200DC3C464DE04FF0006101EBC52093
:205940004A142C49FFF7CCFF00260BE009EB0600284931F810004FF6FF71884200D003E0CC
:20596000701C86B2A642F1DB00BFA6421BDA4FF0006101EBC520FDF7E9F8002608E03AF88D
:20598000160006EB09011B4A22F81100701C86B2A642F4DB4FF0006101EBC5204A141549BE
:2059A000FFF78BFF04E0224651464046FFF785FFA74200D10FE06D1C4FF000090AEB440AC7
:2059C000A044381B87B2B7F5806F02DD4FF4806400E03C46B0E700BFFDF77FF800BF9BE752
:2059E00013B50446012201A92046FFF78AFF1CBD00000408145B0020014600BF704700BFF3
:205A0000704770B504460D46E1B2032008F013FC204670BD002101604160FE498160FE4A2A
:205A2000C260CA430261FC4AD2434261704770B503460024002010E00E5C451C4D5D46EAD8
:205A40000526851C4D5D46EA0546C51C4D5D46EA056543F82450641C001D9042ECD370BD26
:205A60002DE9F043C0B080468946D8F80040D8F80450D8F80860D8F80C7040224946684681
:205A8000FFF7D5FF05EA060027EA0501084300990844E24908440444E00140EA54642C440E
:205AA00004EA050026EA0401084301990844DC4908440744380340EA1757274407EA0400BE
:205AC00025EA0701084302990844D64908440644700440EAD6363E4406EA070024EA060190
:205AE000084303990844D04908440544A80540EA9525354405EA060027EA050108430499C7
:205B00000844CA4908440444E00140EA54642C4404EA050026EA0401084305990844C44915
:205B200008440744380340EA1757274407EA040025EA0701084306990844BE4908440644B1
:205B4000700440EAD6363E4406EA070024EA0601084307990844B84908440544A80540EA69
:205B60009525354405EA060027EA0501084308990844B24908440444E00140EA54642C44EC
:205B800004EA050026EA0401084309990844AC4908440744380340EA1757274407EA040005
:205BA00025EA070108430A990844A0F524404F380644700440EAD6363E4406EA070024EA99
:205BC000060108430B9908449E4908440544A80540EA9525354405EA060027EA05010843A6
:205BE0000C990844984908440444E00140EA54642C4404EA050026EA040108430D990844C7
:205C0000924908440744380340EA1757274407EA040025EA070108430E9908448C49084469
:205C20000644700440EAD6363E4406EA070024EA060108430F990844864908440544A80592
:205C400040EA9525354405EA070026EA0701084301990844804908440444600140EAD46488
:205C60002C4404EA060025EA06010843069908447A4908440744780240EAD757274407EAEC
:205C8000050024EA050108430B990844744908440644B00340EA96463E4406EA040027EA1D
:205CA00004010843009908446E4908440544280540EA1535354405EA070026EA07010843F0
:205CC00005990844684908440444600140EAD4642C4404EA060025EA060108430A9908441E
:205CE000624908440744780240EAD757274407EA050024EA050108430F9908445C490844EB
:205D00000644B00340EA96463E4406EA040027EA040108430499084456490844054428055F
:205D200040EA1535354405EA070026EA0701084309990844504908440444600140EAD4643F
:205D40002C4404EA060025EA060108430E9908444A4908440744780240EAD757274407EA33
:205D6000050024EA0501084303990844444908440644B00340EA96463E4406EA040027EA74
:205D800004010843089908443E4908440544280540EA1535354405EA070026EA0701084337
:205DA0000D990844384908440444600140EAD4642C4404EA060025EA06010843029908446D
:205DC000324908440744780240EAD757274407EA050024EA05010843079908442C49084472
:205DE0000644B00340EA96463E4406EA040027EA040108430C9908442649084405442805A7
:205E000040EA1535354485EA0600784005990844214943E00123456789ABCDEF78A46AD7D4
:205E200056B7C7E8DB702024EECEBDC1AF0F7CF52AC68747134630A8019546FDD89880698D
:205E4000AFF7448BBED75C892211906B937198FD8E4379A62108B44962251EF640B340C0E8
:205E6000515A5E26AAC7B6E95D102FD65314440281E6A1D8C8FBD3E7E6CDE121D60737C3DB
:205E8000870DD5F4ED145A4505E9E3A9F8A3EFFCD9026F678A4C2A8D4239FAFF08440444BF
:205EA000200140EA14742C4484EA0500704008990844FC4908440744F80240EA5757274476
:205EC00087EA040068400B990844F74908440644300440EA16463E4486EA070060400E99E5
:205EE0000844F24908440544E80540EA5525354485EA0600784001990844ED49084404449F
:205F0000200140EA14742C4484EA0500704004990844E84908440744F80240EA575727442D
:205F200087EA0400684007990844E34908440644300440EA16463E4486EA070060400A99A0
:205F40000844DE4908440544E80540EA5525354485EA060078400D990844D949084404445A
:205F6000200140EA14742C4484EA0500704000990844D44908440744F80240EA57572744E5
:205F800087EA0400684003990844CF4908440644300440EA16463E4486EA0700604006995C
:205FA0000844CA4908440544E80540EA5525354485EA0600784009990844C5490844044426
:205FC000200140EA14742C4484EA050070400C990844C04908440744F80240EA575727448D
:205FE00087EA040068400F990844BB4908440644300440EA16463E4486EA07006040029908
:206000000844B64908440544E80540EA5525354465EA0700704000990844B149084404441D
:20602000A00140EA94642C4464EA0600684007990844AC4908440744B80240EA975727447C
:2060400067EA050060400E990844A74908440644F00340EA56463E4466EA040078400599EC
:206060000844A24908440544680540EAD525354465EA070070400C9908449D4908440444D9
:20608000A00140EA94642C4464EA0600684003990844984908440744B80240EA9757274434
:2060A00067EA050060400A990844934908440644F00340EA56463E4466EA040078400199A8
:2060C00008448E4908440544680540EAD525354465EA0700704008990844894908440444A5
:2060E000A00140EA94642C4464EA060068400F990844844908440744B80240EA97572744DC
:2061000067EA05006040069908447F4908440644F00340EA56463E4466EA040078400D9953
:2061200008447A4908440544680540EAD525354465EA070070400499084475490844044470
:20614000A00140EA94642C4464EA060068400B990844704908440744B80240EA9757274493
:2061600067EA05006040029908446B4908440644F00340EA56463E4466EA0400784009990F
:206180000844664908440544680540EAD5253544D8F800002044C8F80000D8F80400284431
:2061A000C8F80400D8F808003044C8F80800D8F80C003844C8F80C0040B0BDE8F0832DE9C5
:2061C000F04704460F4615460026B046B1462088C0F3C508C8F14009206800EBC500206099
:2061E0002068B0EBC50F02D26068401C6060606800EB557060604D451CD304F1180101EB3D
:2062000008004A46394614F07EF804F1180104F10800FFF725FC4E4605E0B91904F1080083
:20622000FFF71EFC403606F14000A842F5D94FF0000800E00026AA1BB91904F1180303EB07
:20624000080014F060F8BDE8F08770B5034614460022002015E011F822501D5431F8225038
:20626000C5F30726451C5E5551F82250C5F30746851C5E5551F822502D0EC61C9D55521CD9
:20628000001DA042E7D370BD2DE9FC4104460E46002500272088C0F3C505382D40D2C5F189
:2062A00038003FE081F6718722619D6D0C38E5FD44EABEA4A9CFDE4B604BBBF670BCBFBE2F
:2062C000C67E9B28FA27A1EA8530EFD4051D880439D0D4D9E599DBE6F87CA21F6556ACC490
:2062E000442229F497FF2A43A72394AB39A093FCC3595B6592CC0C8F7DF4EFFFD15D84853C
:206300004F7EA86FE0E62CFE144301A3A111084E827E53F735F23ABDBBD2D72A91D386EBDB
:20632000C5F178000746082221466846FFF78DFF3A4608492046FFF742FF08226946204674
:20634000FFF73DFF102204F108013046FFF77DFFBDE8FC815C00002070B505460C4645F25C
:206360005550FDF71BF82846FDF71BF82046FDF71BF8FDF71CF8FDF71FF870BD4AF6AA2045
:2063800003490860704700B5FFF7F8FF00BD00000030004008B50420A84B0022802100909C
:2063A000104604F0CBFD0420A44B1B1F012281210090002004F0C2FD8021002004F047FE5C
:2063C0008121002004F043FE20209C4B1B1D012282210090002004F0B1FD64228221002006
:2063E00004F01CFE0420964B002296210090104604F0A4FD0420934B0122972100900020A9
:2064000004F09CFD9621002004F021FE9721002004F01DFE04208C4B012298210090002097
:2064200004F08CFD9821002004F011FE08BD70471CB50446042104EB840000EBC400834A58
:2064400002EBC000001D00238022CDE90001214640F2371004F00FFB042104EB840000EB95
:20646000C4007A4A02EBC00001238122CDE90001214640F2371004F0FEFA8022214640F262
:20648000371004F094FB8122214640F2371004F08EFB202104EB840000EBC4006B4A02EB2D
:2064A000C000083001238222CDE90001214640F2371004F0E0FA64238222214640F23710AC
:2064C00004F053FB0421624800EBC40000239622CDE90001214640F2371004F0CCFA0421AB
:2064E0005B4800EBC400001D01239722CDE90001214640F2371004F0BEFA9622214640F2BC
:20650000371004F054FB9722214640F2371004F04EFB042104EB44004E4A02EB800001239A
:206520009822CDE90001214640F2371004F0A3FA9822214640F2371004F039FB1CBD10B519
:206540000120FFF775FF0220FFF772FF10BD00B587B002F0A8F800F007008DF8040002F06A
:20656000A2F800F007008DF805003B48006804903948001D00680590374808300068069031
:2065800002F091F830B941F23710ADF806003348029011E002F087F800F0080030B142F2F6
:2065A0003710ADF806002D48029005E040F23710ADF806002948029001A804F0D3FFBDF8B2
:2065C000060000F4805080B106F063FBFFF7B7FF00230A2205212248FEF780FD0123002229
:2065E00011462048FEF77AFD25E0BDF8060000F4005080B107F0ADFAFFF719FF00230A2240
:2066000005211748FEF76AFD0123002211461648FEF764FD0FE007F09CFAFFF7BBFE0023FA
:206620000A2205210E48FEF759FD0123002211460D48FEF753FD07B000BD000038670020FD
:20664000A06F0020946F0020606C0020EC65002062650020706F0020E8F7FF1F01000203A2
:2066600099B90008BDCD0008BDDC000800215348007D01430A015148407D42EA101129B188
:20668000A1F2151028B1222805D100E000BF012070470220FCE70120FAE710B504460A2290
:2066A00021461F2007F0A5FF10BD2DE9F04180460C461546DDE906672A462146112007F0E0
:2066C00098FFBDE8F081F8B504460D461646A4F11000102840D2DFE800F0080914191B1D4B
:2066E0001F2324262C3F3F2E2F3937E0AFF245000022134629460090204600F021F90020C7
:20670000F8BD204600F048FE0020F9E70020F7E70020F5E70020F3E7204600F057F81DE092
:206720001CE00020ECE72946204600F079FC0020E6E70020E4E711E0284600F07AFD002270
:206740001146204607F055FF0020D9E7AFF2B501284611F0E0F801E00220D1E700BF002019
:20676000CEE710B5154800F07AFD41F237101349088001208870124848600C2211490F4883
:206780000830FEF79BFE0D4807F0C2FEAFF2C90007F0C6FE08F0E3FB0B4808F099F9FFF759
:2067A00065FF10BD10B508F06CFC07F0BAFF10BD10B508F085FC08F069F810BD146300200B
:2067C00004080300E8F7FF1FFBF0000870B5054600240AE02146002000F044FF81B2FE4809
:2067E00000EB44000180601CC4B2082CF2DB00240BE02146012000F035FF81B2F64820307A
:2068000000EB44000180601CC4B2082CF1DB00240BE02146022000F025FF81B2EE48403051
:2068200000EB44000180601CC4B2082CF1DB6122E949491E284607F0DCFE70BD7047002057
:20684000E64981F8F70181F8F601642081F8EB010020A1F8F001A1F8EE01A1F8EC01012066
:2068600081F8EA01002081F8E80181F8F80181F8E90181F8F90181F8E10181F8E001142001
:2068800081F8E201704770477047D44890F8E201704710B50446D14890F8E20108B90020C5
:2068A00010BDCE4991F8E01101EB4101CB4A02EBC10018222146FEF701FEC84890F8E0017B
:2068C000401CC64981F8E001084690F8E201401E81F8E201084690F8E001142802D100209A
:2068E00081F8E001FF20DBE710B50446BB4890F8E201142801D1002010BDB84890F8E1017B
:2069000000EB4000B54A02EBC00118222046FEF7D5FDB24890F8E101401CB04981F8E10124
:20692000084690F8E201401C81F8E201084690F8E101142802D1002081F8E1010120DBE7C1
:206940002DE9F04387B080460C4616461F46DDF838902546A9788DF81210E9788DF8131005
:2069600028788DF8100069788DF81110CDF81490CDE902678DF800806846FFF78AFF07B0EA
:20698000BDE8F083954981F8F8017047934890F8F801704770B50446207C00F03DFF002866
:2069A00042D102208D4981F8F601207C00F008FF18BB207C01F0E5FF18B9207C01F0F0FF38
:2069C00020B1E07C401EE074012070BD834890F8EB0100283FD1814890F8F70158B10120A0
:2069E0007E4981F8F601084690F8F701401E81F8F7010220E9E70320E7E7207C00F0E0FE76
:206A00000546012D0ED1207C01F0BBFF18B9207C01F0C6FF20B1E07C401EE0740520D4E7F5
:206A20000420D2E70620D0E7207C00F0E6FE012811D1207C01F0A5FF18B9207C01F0B0FFE3
:206A400048B1E07C401EE074627CA17C207C00F0F4FD0120B9E70020B7E770B504460026A3
:206A60005F48007830B1012811D0022827D003280CD158E00020594981F8F60101205849B7
:206A800008704FF47A705549A1F8F00198E0627CA17C207C00F0A2FD80B1207C01F071FF5D
:206AA000207C01F07DFF64204C4981F8EB0102204B49087014204949A1F8F00180E0207CD5
:206AC00000F0AAFE022820D100F0BFFF20B1434890F8F601012804D10020404981F8F70162
:206AE00003E001203D4981F8F70101203B4981F8F60103203A4908704FF47A703749A1F822
:206B0000F001642081F8EB010CE0207C00F084FE012807D14FF47A703049A1F8F0016420EC
:206B200081F8EB014CE02046FFF734FF0546072D44D2DFE805F004050E1720313A003DE00E
:206B4000FF2600202649087014202449A1F8F00134E00120224908704FF47A701F49A1F898
:206B6000F0012BE0032600201D49087014201B49A1F8F00122E0627CA17C207C00F085FDC5
:206B800008B1042600E0012600201549087014201249A1F8F00111E00526002010490870EF
:206BA00014200E49A1F8F00108E0022600200C49087014200949A1F8F00100BF00BF00BF76
:206BC00000BF0648B0F8F00118B90E26002004490870304670BD000069010020386300203D
:206BE000C901002000B5F44890F8F60102280BD1F14890F8EB01002806DDEF4890F8EB01D2
:206C0000401EED4981F8EB01EB48B0F8F401642807DAE948B0F8F401401CE749A1F8F40156
:206C200005E0FFF70BFE0020E349A1F8F401E248B0F8F001002806DDDF48B0F8F001401EAA
:206C4000DD49A1F8F001DC48B0F8EE01002806DDD948B0F8EE01401ED749A1F8EE01D648E2
:206C6000B0F8EC01002806DDD348B0F8EC01401ED149A1F8EC01D048B0F8F201002806DD08
:206C8000CD48B0F8F201401ECB49A1F8F20100BD7CB5C94890F8F8010A2834D2DFE800F0D7
:206CA00005333433333333F5F4F3C448FFF71CFE28B30120C04981F8E901C048807CC0492F
:206CC0008870BE48C07CC870BC48007C0870BB48407C487003204871BA48C1F80600BA4834
:206CE000C1F80A00B948C1F80E000846007818B9FFF7BCFC012803D10220FFF743FE02E08C
:206D00000720FFF73FFE54E1AC48FFF7A6FE04462046042C7BD007DC68B101280CD0022800
:206D200025D0032807D13EE005286ED00E286DD0FF28F7D1C6E0E6E0A548A149C1F806006E
:206D4000A148C1F80A00002008719C48406950B19A48C1688068CDE9000198490878122221
:206D60004B69974998470920FFF70CFECBE09848401E9349C1F806009348C1F80A00002035
:206D800008718E48406950B18C48C1688068CDE900018A49087812224B6989499847092049
:206DA000FFF7F0FDAFE087488549C1F806008948C1F80A00002008717F4890F8F901401C33
:206DC0007D4981F8F901084690F8F901022804DC7A49087C01F0CFFD20B17E48401C7849E8
:206DE000C1F80A007548406950B17448C1688068CDE900017149087812224B69704998472B
:206E00000920FFF7BFFD7EE001E01CE03EE07048801E6B49C1F806006E48C1F80A000020DC
:206E200008716648406950B16448C1688068CDE900016249087812224B6961499847092048
:206E4000FFF7A0FD5FE000205B4981F8F9016048801E5B49C1F806005B48C1F80A000120F9
:206E600008715648406950B15448C1688068CDE900015249087812224B6951499847092048
:206E8000FFF780FD3FE040E07FE04DE05048401C4B49C1F806004F48C1F80A00002008717A
:206EA0004648406950B14548C1688068CDE900014249087812224B69414998470920FFF7CA
:206EC00061FD20E002F0D7F900203B4981F8F9013C483B49C1F806003B48C1F80A0001204D
:206EE00008713648406950B13448C1688068CDE900013249087812224B6931499847092048
:206F0000FFF740FD00BF00BF53E02D48007818B9FFF7ACFB012803D10020FFF733FD02E00D
:206F20000820FFF72FFD44E003F09EF9054635B1EE2D0FD0FE2D03D0FF2D24D106E022E027
:206F4000224865301E49C1F80E0000BF0220FFF719FD18E000201A4908711C486630C1F870
:206F60000E001648406950B11448C1688068CDE900011249087812224B69114998470020BB
:206F8000FFF700FD00BF00BF13E003F0A9F9054635B1EE2D07D0FE2D03D0FF2D07D101E0F2
:206FA00005E000BF00BF0020FFF7ECFC00BF00BF00BF00BF7CBD00003863002038650020C3
:206FC00050650020888A0100708E0100B0AD0100B78B01000190010010B5044614B901F0CA
:206FE000D1FE10BD334800EBC400C079F9E710B504461CB901F0C9FEC0B210BD2D4800EB77
:20700000C4008079F9E710B52B4800F0E9F82A4B9A7859781B7803F0010001F0BAFE10BD75
:2070200038B505460C46207820B9E278A178607801F0AFFE617820781F4A12F8200061F314
:207040000000217802F82100A078217802EB81014870E07840B2217802EB81018870104604
:2070600000F0A7F861782078124A12F8300061F30000217802F83100A078217802EBC10102
:207080004870E07840B2217802EBC101887020788DF8000000208DF8020001208DF8010043
:2070A00000208DF8030004226946284607F0A1FA38BD0000626500207A6500200146AA483F
:2070C00030F811007047A94890F8FE007047A74890F8FC007047F0B50346002400201A46D6
:2070E00000BF03E015682844121D641CB4EB910FF8D301F0030555B101F00306C6F1040692
:20710000F7004FF0FF36FE40156835402844F0BD02460B46002104E0505C08B100207047E1
:20712000491C9942F8D3FF20F9E710B59048914908604FF4D0718F480068FFF7CCFF044698
:207140008C480068D0F8A001A04223D1E4B94FF4D07188480068FFF7DBFFFF280ED14FF442
:20716000D0718248FFF7B7FF04468048C0F8A041D22201467E48FEF7C4FB19E0D2227B4947
:207180007B48FEF7ADFB13E0D22278497848FEF7A7FB0DE04FF4D0717448FFF79CFF044688
:2071A0007248C0F8A041D22201467148FEF7A9FB10BD70B504460C2221466C482430FEF721
:2071C0007DF94FF4D0716948FFF785FF05466748C0F8A051D22201466548FEF792FB70BD50
:2071E00010B504460C22614924312046FEF766F910BD70B50446CC2221465C483030FEF70F
:207200005DF94FF4D0715948FFF765FF05465748C0F8A051D22201465548FEF772FB70BD9F
:2072200010B50446CC22514930312046FEF746F910BD70B50446242221464C48FEF73EF913
:207240004FF4D0714948FFF746FF05464748C0F8A051D22201464648FEF753FB70BD10B55D
:207260000446242241492046FEF728F910BD70B50446802221463C482030FEF71FF94FF40F
:20728000D0713A48FFF727FF05463848C0F8A051D22201463648FEF734FB70BD10B5044682
:2072A0008022314920312046FEF708F910BD10B50024314831490860582130480068FFF7A5
:2072C0000AFF04462D480068806DA04220D1CCB92A48006800884AF2A00188420CD05821DB
:2072E0002748FFF7F8FE0446254884652E2201462148FEF706FB17E02E2221491E48FEF791
:20730000EFFA11E02E221E491B48FEF7E9FA0BE058211B48FFF7DFFE0446194884652E2223
:2073200001461548FEF7EDFA10BD10B5044654221349091D2046FEF7C1F810BD70B50446A9
:20734000542221460E48001DFEF7B8F858210C48FFF7C1FE05460A4885652E22014606484A
:20736000FEF7CFFA70BD0000D0020020D001002000D80308CC01002000EC030874030020E1
:2073800078030020012090490870704700208E49087070477047704710B5044605208B498D
:2073A000087001218948C170017165208749A1F8010002218548C171012101726521A0F8FB
:2073C00005100021C172012101736621A0F809100121C17301746621A0F80D100221C17417
:2073E000012101756621A0F811100320774948750021764881750121C1758176C176022197
:2074000081770121C1770120704981F8220000216E4880F82310012180F82410014691F885
:207420002300FFF7E4FD0146684880F82610002180F8271080F828100220644981F82900BC
:207440000121624880F82A1080F82B106049C0F82E10012180F82C10022180F83210012187
:2074600080F833105A49C0F83610012180F834100520564981F83A000021544880F83B10DB
:2074800080F83C10012180F83D1080F83F10002180F84010012180F8411080F843100021BA
:2074A00080F84410012180F84510022180F84710002180F84810012180F84910022180F8A0
:2074C0004B10002180F84C10012180F84D104F220146204607F08DF810BD10B504460420CB
:2074E0003C4908700020487000213A48017181700121C17000214171017201218171C171D2
:2075000041720021017381720121C172022141730021017481730121C17304220146204651
:2075200007F067F810BD10B504460520294908700020487000212748017181700121C170EC
:2075400041710021017201218171C17141720021017381720121C1720221417300210174A2
:2075600081730121C173022141730021017481730121C17304220146204607F03AF810BD41
:2075800010B586B0044602208DF8040001208DF8050001218DF806108DF807100E49CDF8DB
:2075A000091002218DF80D1001218DF80E108DF80F100949CDF81110112201A9152007F043
:2075C00018F806B010BD0000D80300208665002078560100D56500204023010070B5044616
:2075E0000E46154624B92946304600F03DF970BD04EB840000EBC4008F4901EBC000807829
:2076000008B10020F3E7012004EB840101EBC401894A02EBC101087104EB840000EBC40054
:20762000114601EBC000867104EB840000EBC40001EBC0004571FF20D9E770B504460D462B
:20764000164624B93146284600F01EF970BD002004EB840101EBC401774A02EBC1010871AA
:2076600000BFF3E770B504460D461CB9284600F010F970BD04EB840000EBC4006E4901EB81
:20768000C000083050F82500F3E770B504460E4615466CB929462046FFF7E4FF04EB840146
:2076A00001EBC401644A02EBC101083141F8250004EB840000EBC4005F4901EBC000083077
:2076C00050F825100120B040014009B1012070BD0020FCE7024602EB820000EBC200564BCB
:2076E00003EBC000283050F831007047024602EB820000EBC200504B03EBC0004078704738
:2077000070B504460E4615466CB929462046FFF7E1FF04EB840101EBC401474A02EBC10116
:20772000283141F8350004EB840000EBC400424901EBC000283050F835100120B0400140F2
:2077400009B1012070BD0020FCE770B504460D461CB9284600F050F970BD04EB840000EB55
:20776000C400354901EBC000283000EBC5004068F2E770B504460E46154674B92946204672
:20778000FFF7E3FF04EB840101EBC4012A4A02EBC101283101EBC501486004EB840000EBB8
:2077A000C400254901EBC000283000EBC50040680121B140084008B1012070BD0020FCE7D6
:2077C00010B5044614B900F038F910BD04EB840000EBC400184901EBC0004078F5E710B557
:2077E000044614B900F02DF910BD04EB840000EBC400114911F83000F6E710B5044614B921
:2078000000F023F910BD04EB840000EBC4000A4901EBC000C078F5E710B5044614B900F08E
:20782000DBF810BD04EB840000EBC400024901EBC0008078F5E70000EC65002010B5002461
:207840000CE0002104EB440000EB0412FE4840F82210603840F82410601CC4B2082CF0DB42
:2078600000F0D4FC10BD70470246F7487838807C08B1002070470120F34B783B1875184604
:2078800082754175FF20F5E70022EF4B783B1A7570470146EC48603850F821007047024670
:2078A000E948603850F8210001239340184008B1012070470020FCE70146E348403850F881
:2078C000310070470146E0487838407C704710B50246DD48403850F831000124944000EA28
:2078E00004030BB1012010BD0020FCE730B5024601EB410000EB0114D34800EB8400406848
:207900000124944000EA040393B101EB410000EB0114CD4800EB84004068984301EB4104D4
:2079200004EB0115C84C04EB85046060012030BD0020FCE730B5024601EB410000EB01148B
:20794000C14800EB840080680124944000EA040393B101EB410000EB0114BB4800EB8400FA
:207960008068984301EB410404EB0115B64C04EB8504A060012030BD0020FCE710B5024676
:2079800001EB410000EB0114AF4850F824000124944000EA04030BB1012010BD0020FCE7C0
:2079A000024601EB410000EB0113A74800EB83000C3030F812007047A3487838C06870474F
:2079C000024601EB410000EB01139F4800EB83002C3030F8120070479B487838817C09B147
:2079E000012070470020FCE797487838017D09B1012070470020FCE701469348403800EB85
:207A0000C1004068704710B502468F48403800EBC10040680124944000EA04030BB10120CF
:207A200010BD0020FCE702460B4687487838417C09B1012070470020FCE783487838407CD5
:207A4000704781487838007C70477F487838C07C704710B57C487838007D38B100207B49D6
:207A600008707B4908707B49087010BD77480078052810DA75480078401C74490870744879
:207A8000007800F001FB7348007800F06EFB7148007800F051FB6D48007805287DD100F0F1
:207AA00091FB044604F0010088B1674860386949097850F8210066490A7801219140084370
:207AC00061496039634A127841F8220010E05E4860386049097850F821005D490A780121C6
:207AE00091408843584960395A4A127841F8220000F06DFB044604F00100B8B15548007812
:207B000000EB400101EB00114F4850F8210050490A780121914008434E49097801EB41029C
:207B200002EB0112484941F8220016E04948007800EB400101EB0011434850F821004449B0
:207B40000A780121914088434249097801EB410202EB01123C4941F8220000203B490870AE
:207B60003C480078401C3B4908700846007808280CD10020087036480078401C34490870FF
:207B800008460078102801D1002008703048007800F07AFA2F48007800E009E000F0E5FAA2
:207BA0002C48007800F0C8FA00202849087000BF00F028FB24497839C86000BF55E72DE9F5
:207BC000F04121487838007D18B11F487838807C08B9BDE8F0811C487838857D447D2846E6
:207BE00000F052FA204600F0A7FA00F0F0FA804600F0F2FA074600F0F4FA064608F0010066
:207C000088B104EB440000EB04110F4850F821000121A940084304EB440101EB04120A4959
:207C200041F822001AE004EB440000EB0411064850F821000121A940884304EB440101EB0F
:207C40000412014908E000009C670020E0030020E1030020E203002041F8220007F001005A
:207C600090B104EB440000EB0411EA4800EB810080680121A940084304EB440101EB04127E
:207C8000E44901EB8201886006F0010090B104EB440000EB0411DF4800EB81004068012198
:207CA000A940084304EB440101EB0412D94901EB8201486000F0A0FA81B204EB440000EB46
:207CC0000412D44800EB82000C3020F8151000F08DFA81B204EB440000EB0412CD4800EBAE
:207CE00082002C3020F8151000F08CFAC9497839C86000BF6DE710B5FFF7ABFEFFF75FFF3D
:207D000010BD2DE9F0410125FFF7A3FEFFF757FFC0487838007D28B9BE487838807C08B9BD
:207D2000BDE8F081BB487838007D40B90021B9487838817400F09AF900F08BF968E1B54800
:207D40007838807C30B1B3487838C088401CB1497839C880AF487838807CF0B94FF416703F
:207D6000AC49783988800121AA48783881740020A8497839C88048800021A6487838417456
:207D80000020A44978394881887D00F07DF9A1497839487D00F09AF93AE19E487838C08815
:207DA000052820D19B4A783A517D907DFFF7C2FD984A783A517D907DFFF798FD954A783AF3
:207DC000517D907DFFF7DAFD20B1012191487838C17403E000218F487838C17402218D4892
:207DE0007838817414E18B487838C0880528A5DD884878384088C0B386487838C088854920
:207E000078394988401A282898DD82487838867D477D807D05FA00F47E487838417D3830F4
:207E200000EBC1004068A0437A4978394A7D383101EBC201486077487838417D383050F833
:207E40003100A043734978394A7D383141F83200002038394880087500216E4878388174B4
:207E600000F004F900F0F5F8D2E0FFE7694A783A517D907DFFF75EFD00284FD0654878386B
:207E8000867D477D39463046FFF78AFD642844DD39463046FFF784FDB0F5167F30DD5D48A4
:207EA0007838807D05FA00F400205A49783908740846417D383000EBC1004068A0435549E9
:207EC00078394A7D383101EBC201486051487838417D383050F83100A0434E4978394A7D90
:207EE000383141F832000020383948800875002148487838817400F0B9F800F0AAF80CE063
:207F000039463046FFF74CFD642806DD01204149783908740846C088488079E03D487838FA
:207F2000C0883C4978398988884224D139487838807D05FA00F437487838417D383000EB92
:207F4000C10040682043334978394A7D383101EBC201486001212F487838417400202D490D
:207F60007839087500212B487838817400F07EF800F06FF84CE0FFF71FFD06464FF07E5145
:207F800015F00AFA2FD2234878384089962807DA204878384089401C1E497839488137E01F
:207FA0001C487838807D05FA00F41A487838417D383050F831002043164978394A7D383169
:207FC00041F832000221134878384174002011497839087500210F487838817400F046F860
:207FE00000F037F814E00B487838C08864280FD1084A783A517D907DFFF7C0FC20B1002035
:2080000004497839087403E0012002497839087400BF85E69C670020B549096821F00F018D
:20802000B34A11601146096800F00F021143B04A11607047AE49096821F47061AC4A1160DE
:208040001146096800F00F0241EA0221A84A116070470120A74908600020A749C1F8B401F8
:20806000A449091F0860A549486070470120A149203908600020A049C1F894019D492439D0
:2080800008609E490860704700B503469B48006801219940084000B100BDFFF7E7FF18463E
:2080A000FFF7BAFF012093492039086000209249C1F894010120C1F890019048006801213D
:2080C000994008438D49086000BFE5E700B503468A48406801219940084000B100BDFFF794
:2080E000B8FF1846FFF7A6FF01208249086000208149C1F8B4010120C1F8B0017F4840682A
:208100000121994008437D49486000BFE6E700207B4908607B48006820F00F00794908605F
:20812000704700207649203108607648006820F470607449086070477049497A814200D1FA
:2081400070476E49487200216D4A11606D49096821F00F016B4A11601146096800F00F0277
:208160001143684A116000BFEAE76449097A814200D17047614908720021614A20321160CA
:208180006049096821F470615E4A11601146096800F00F0241EA02215A4A116000BFE8E70C
:2081A000014657485C38006808B1002070470120FCE7014652487C38006808B100207047BC
:2081C0000120FCE710B5012000F0C8F910BD10B5002000F0C3F910BD10B5002000F0D9F932
:2081E00010BD10B5002000F0E8F910BD10B50021084600F04CFA10BD10B50021084600F0D4
:208200003AFA10BD10B500F00AFC10BD08B501216020FBF7B7FA01213B48FBF742F81020D2
:208220008DF8030003208DF802003F20ADF8000069462F480C38FAF763FF4FF47C50ADF897
:20824000000069462A480C38FAF75AFF48208DF8030003208DF802002020ADF80000694641
:2082600028480C38FAF74CFF10208DF8030003208DF802001F20ADF80000694621480C386C
:20828000FAF73EFF4020ADF8000069461D480C38FAF736FF48208DF8030003208DF8020093
:2082A0004FF40050ADF80000694616480C38FAF727FF10208DF8030003208DF802004FF479
:2082C000F850ADF8000069460E480C38FAF718FF00200B49203108600C49C1F89001012073
:2082E000074908310860FFF7B4FEFFF7BFFE08BD0C180140B401234200002342FC69002004
:20830000908122420C140140000230000080224200B591B001214FF40470FBF733FA012161
:208320000846FBF722FA00208DF82F0003208DF82E000F20ADF82C000BA95548FAF7E0FE17
:208340001020ADF82C000BA95148FAF7D9FE5148FCF78EFB4F484C3000904F480190002007
:2083600002903220039000200490802005904000069080000790202008900002099000201D
:208380000A9069464548FAF7F5FA01214348FAF71CFB00200C9001208DF834008DF8350022
:2083A0004FF460200E9000200F9005208DF840000CA93848FCF783FB062301220A21354819
:2083C000FCF715FC062302220B213248FCF70FFC062303220C212F48FCF709FC062304226F
:2083E0000D212C48FCF703FC062305220E212948FCF7FDFB01212748FCF78DFB0121254873
:20840000FCF794FB01212348FCF7C5FB01212348FAF7DBFA1F48FCF7A0FB00BF1D48FCF73B
:20842000A1FB0028FAD11B48FCF7A6FB00BF1948FCF7A7FB0028FAD101211648FCF7ABFBF5
:2084400001211648FAF7C1FA11B000BD10B503460021042B01DD002010BD002209E002EB51
:2084600082000D4C04EB400030F813000144501CC2B20A2AF3DB0A20B1FBF0F1B1FBF0F449
:2084800000FB1410052800D9491C88B2E4E700000010014000240140086A002008000240BB
:2084A00010B50A4600210AE000EB4003C3EB8014D04B03EB8403D0335A544B1CD9B200EB0E
:2084C0004003C3EB8014CB4B13F824308B42EBDC10BD10B500F068FB1F20C6490839086032
:2084E0000520486001200872C349C2480838C0F8F8100A210020FFF7D3FF0121BD48083884
:2085000080F8FC10BD49C0F8EC110A210120FFF7C7FF0C21B748083880F8F011B849C0F876
:20852000E01204210220FFF7BBFF0C21B148083880F8E412B349C0F8D41304210320FFF7A5
:20854000AFFF0C21AB48083880F8D813AE49C0F8C81404210846FFF7A3FF10BD014601EB14
:208560004100C0EB8112A34800EB820040687047024602EB4200C0EB82139E4800EB8300BA
:20858000406801238B40184008B1012070470020FCE710B5014601EB4102C2EB8113954AFD
:2085A00002EB8302D068002301EB4102C2EB8114904A02EB8402D36010BD10B5014601EB38
:2085C0004102C2EB81138B4A02EB83029068002301EB4102C2EB8114864A02EB840293600E
:2085E00010BD10B5024602EB4200C0EB8213814800EB8300C06801238B401840A0B102EB4E
:208600004200C0EB82137B4800EB8300C06801238B40984302EB4203C3EB8214754B03EB91
:208620008403D860012010BD0020FCE710B5024602EB4200C0EB82136E4800EB8300806802
:2086400001238B401840A0B102EB4200C0EB8213684800EB8300806801238B40984302EB56
:208660004203C3EB8214634B03EB84039860012010BD0020FCE7024602EB4200C0EB8213AE
:208680005C4800EB8300103030F811007047024602EB4200C0EB8213564800EB8300503055
:2086A00030F81100704710B500F0D9FA10BD2DE9F0410446012700257AE007FA05F62846D3
:2086C000D4F8F0108847C0B304F19000405D20B9002104F1100020F8151004F1100030F801
:2086E00015004FF6FF71884209DA04F1100030F81500401C81B204F1100020F8151004F1FB
:208700009000415D4030405D814208DA04F19000405D401CC1B204F19000415546E060687F
:208720003040A8BB002104F1B0004155606830436060A0683043A06038E0FFE704F1B000F1
:20874000405D20B9002104F1500020F8151004F1500030F815004FF6FF71884209DA04F127
:20876000500030F81500401C81B204F1500020F8151004F1B000415D2030405D814208DA86
:2087800004F1B000405D401CC1B204F1B00041550CE06068304048B1002104F19000415534
:2087A0006068B0436060E0683043E060681CC5B22078A84281DCBDE8F08170B501260024E3
:2087C00011E006FA04F50B4808380068284040B104EB4401C1EB8412064901EB8200FFF732
:2087E00066FF601CC4B2034808384068A042E8D870BD0000746A0020B3810008A1810008BC
:20880000298C00080D880008238800080146DC48C06801228A40104008B1012070470020CA
:20882000FCE70146D648806901228A40104008B1012070470020FCE710B5FFF769FD10BD48
:20884000017851B94168B1F57A7F03D24168491C416005E00121C17002E00021C1704160BC
:20886000704710B500210220FFF782FE044601210220FFF77DFE0440C248047000210220BF
:20888000FFF7AFFE044601210220FFF7AAFE0443BC4880780443BB48847000210220FFF74F
:2088A000C5FE044601210220FFF7C0FE0443B54840780443B348447000210320FFF758FE31
:2088C000044601210320FFF753FE0440AD48047200210320FFF785FE044601210320FFF7D1
:2088E00080FE0443A748807A0443A648847200210320FFF79BFE044601210320FFF796FEB3
:208900000443A048407A04439E48447200210420FFF72EFE044601210420FFF729FE044033
:208920009848047400210420FFF75BFE044601210420FFF756FE04439248807C0443914834
:20894000847400210420FFF771FE044601210420FFF76CFE04438B48407C044389484474DF
:20896000FFF76EFF87480830FFF76AFF85481030FFF766FF10BD0146824800EBC100C07804
:20898000704701467F4800EBC100807830B100207C4A02EBC1029070012070470020FCE71C
:2089A0000146784800EBC100407830B10020754A02EBC1025070012070470020FCE710B57C
:2089C00004210220FFF7D4FD10BD10B505210220FFF7CEFD10BD10B506210220FFF7C8FD58
:2089E00010BD10B507210220FFF7C2FD10BD10B508210220FFF7BCFD10BD10B5092102207C
:208A0000FFF7B6FD10BD10B50A210220FFF7B0FD10BD10B50B210220FFF7AAFD10BD2DE9CB
:208A2000F05F0420FFF712FD8346584614F0FEF88046554A554B14F049F9064600224FF065
:208A4000804314F043F9044613F0A2FE82465046BDE8F09F2DE9FF5F83465846FFF7F6FCD1
:208A60008246CAF5805014F07FFB0190504614F0DDF807460022464B14F028F9054613F0AE
:208A800087FE0090019914F08DFA03904149039814F0B6FB054614F047FB81463E48B0F9A8
:208AA0000000484504D33C48B0F9B400484503D9FF2004B0BDE8F09F00242AE0364830F92C
:208AC0001400484505D93449601C31F9100048450AD3314830F91400484505D02E49601C6F
:208AE00031F91000484512D12B49601C31F91000A9EB0001284A601C32F91000A0EB090050
:208B0000814201D9029402E0601CC0B20290601CC4B25A2CD2DB0298CBE72DE9F84F0446A8
:208B20002046FFF793FC0090009814F07FF807464FF06632194B14F0C9F8054613F028FEE6
:208B400083464FF08B4114F02DFA8146484614F0F1F90746124A134B13F060FE054614F01C
:208B600021F800F0FF0A5046BDE8F88F10B50020FFF770FF10BD10B50520FFF7CEFF10BD90
:208B8000706F0020386F0020B4D934E70C684A3F0000244000007A44FAD4010866660A405B
:208BA000B81E85EB51B89E3F08B501217920FAF7E9FD01213348FAF774FB48208DF803004D
:208BC00003208DF80200C020ADF8000069462E48FAF796FA4FF44040ADF8000069462B4836
:208BE000FAF78EFA4CF28000ADF8000069462848FAF786FA41F2C210ADF800006946254843
:208C0000FAF77EFA10208DF8030003208DF802004FF48070ADF8000069461B48FAF770FA44
:208C200001201D49086008BD01461C4850F82100026801209043704708B501210420FAF763
:208C4000A1FD28208DF8030003208DF802000F20ADF8000069461248FAF752FA08BD70B5F8
:208C60000025FFF7E9FF002407E00D48083001680F2020EA0105601C84B2FF2CF5DB284696
:208C800070BD000000023000001001400014014000180140000C0140A0012242E40300201D
:208CA0000008014010B5FFF788FDFFF7DAFD10BD10B5FFF70EFC472140F2F310FCF7B0F993
:208CC000AFF21F00FCF7DBF910BD000018B180212A4A116003E08021284A121D11607047A4
:208CE00020B14FF40041264A116004E04FF40041234A121D1160704728B14FF40051204A3B
:208D0000121D116003E04FF400511D4A1160704720B14FF480411A4A116004E04FF480411B
:208D2000174A121D1160704708B501212820FAF729FD4FF44040ADF8000010208DF803001D
:208D400003208DF8020069460D481038FAF7D8F98020ADF80000694608481038FAF7D0F915
:208D60000020FFF7D5FF0020FFF7C6FF0020FFF7B7FF0020FFF7AAFF08BD00001014014079
:208D8000100C0140FE48C0787047FD4890F90200704710B5FB4B1B7860F30003F94C2370EE
:208DA0002346597053B2A37010BD10B50446F548007864F34100F34908700846007841087D
:208DC000EF48007861F34100ED490870ED490978C1F34000FFF784FF10BD10B50446E94870
:208DE000007864F38200E7490870084600788108E348007861F38200E1490870E149097865
:208E0000C1F38000FFF784FF10BD10B50446DD48007864F3C300DB49087008460078C108E7
:208E2000D748007861F3C300D5490870D5490978C1F3C000FFF760FF10BD10B50446D14891
:208E4000007864F30410CF490870084600780109CB48007861F30410C9490870C9490978BF
:208E6000C1F30010FFF732FF10BD10B5FFF783FE40B2C349C870084690F90300642804DC82
:208E8000084690F9030005280BDABD484078022141EA1010BA49497860F30711B8484170DB
:208EA0000DE0B748C07850B1B54840780D2101EA1010B349497860F30711B1484170FFF7D7
:208EC00055FEFF2815D1AE484078012141EA1010AB49497860F30711A9484170A9484078AC
:208EE00018B90020A649887013E0FF20A44988700FE0A34840780E2101EA1010A04949782D
:208F000060F307119E484170FFF730FE40B29C4988709C48407838BB994890F9020099497F
:208F200091F90210884207DB954890F90200954991F90210884207D19148007820F02000E4
:208F400020308F49087036E08D4890F902108D4890F90200C01C81422DDD8948007820F089
:208F600020008749087026E0854890F90200854991F90210884207DC814890F902008149F6
:208F800091F90210884207D17D48007820F0200020307B4908700EE0794890F9021079488F
:208FA00090F90200C01E814205DA7548007820F020007349087010BD10B57148007800F05A
:208FC000010000B36E480078C0F34000D8B96C480078C0F34010B0B16948C08869498989DE
:208FE000884205DA6648C088401C6549C8800EE000206349C88008460078C0F3800018B1BC
:209000000020FFF7EAFE02E00120FFF7E6FE10BD10B55B4840895B494989884204DA5848B9
:209020004089401C56494881554840895549498988421CD152480078C0F34010B8B901206F
:20904000FFF7B3FE0120FFF7C8FE00204C49488108818880C8800846007820F040000870A7
:209060000846007820F00100401C087018E04548408944490979401A4149498988420FD188
:209080004048407830B10020FFF7D7FE0120FFF7BCFE05E00120FFF7D0FE0020FFF7B5FE60
:2090A00010BD10B53648007800F00100002850D033480078C0F34010002840D130480078D0
:2090C000C0F3400020B92E480078C0F3801078B32B4800892B49C988884205DA2848008905
:2090E000401C2749088136E0254800892549C988884211D122480078C0F3801060B9002046
:20910000FFF753FE00201E4988800846007820F04000403008701EE0194880881949098920
:20912000884206DA16488088401C1549888012E002E0FFF76DFF0EE0FFF76AFF0BE0104897
:20914000007820F040000E4908700020FFF72DFE01E0FFF75DFF10BD10B50A48007800F0B8
:20916000010030B3074840780549497801F00F0188421BD0034841780148407804E0000056
:20918000946F0020A06F002061F3030026494870002048810846007820F0010008700020A7
:2091A000FFF703FE0020FFF718FE18E0FFF779FF15E01D48007800F0010080B100201A49AF
:2091C00048810846007820F0010008700020FFF7ECFD0020FFF701FE0020FFF72EFE10BD54
:2091E00010B5042011498870002048700846007820F00100401C08704FF4966088814FF42C
:20920000E150C880801008810520087178204881FFF78AFD10BD10B5FFF727FEFFF7CCFED3
:20922000FFF79AFF10BD0000946F0020A06F002008B501211020FAF7A5FA10208DF8030029
:2092400003208DF802004FF46040ADF8000069463D48F9F755FF4FF480413B48F9F7FDFFF1
:209260004FF480413848F9F7F8FF4FF400413648F9F7F3FF08BD012034490870704710B548
:2092800033480078401C3249087008460078032805DA4FF400512C48F9F7DFFF0BE02C4887
:2092A0000078062807DD0020294908704FF400512548F9F7D4FF10BD10B5FFF7E0FF234884
:2092C000007818B92148407800B910BD1F48007840B900201D4948704FF480411A48F9F732
:2092E000BCFF2EE01948C078012805DA1748C078401C1649C87024E000201449C870084673
:20930000407840B94FF480410F48F9F7A8FF01200E49487015E00D488078052805DA0B48D9
:209320008078401C0949887003E000200749087088704FF480410448F9F78FFF0020034992
:20934000487000BFC1E7000000100140140400201C04002008B503208DF8000001208DF81A
:2093600003008DF801008DF802006846F8F79DFC08BD0146CA1701EB92729210A1EB820218
:209380002AB9642291FBF2F302FB131232B94FF4C87291FBF2F302FB13120AB10120704743
:2093A0000020FCE72DE9FE4F07460C46904600200290C1468246834600260025019000901C
:2093C0003846FFF7D6FF002832D00D2C2CD2DFE804F02B070A0D101316191C1F22252800E3
:2093E0004FF0050A23E04FF0010A20E04FF0020A1DE04FF0050A1AE04FF0000A17E04FF0C3
:20940000030A14E04FF0050A11E04FF0010A0EE04FF0040A0BE04FF0060A08E04FF0020A1A
:2094200005E04FF0040A02E00020BDE8FE8F31E00D2C2CD2DFE804F02B070A0D1013161928
:209440001C1F222528004FF0060A22E04FF0020A1FE04FF0020A1CE04FF0050A19E04FF0FA
:20946000000A16E04FF0030A13E04FF0050A10E04FF0010A0DE04FF0040A0AE04FF0060AB2
:2094800007E04FF0020A04E04FF0040A01E0FF20CBE700BF642097FBF0F100FB1170C5B20E
:2094A0002846E91705EB91718910019101982844C0B200900721009890FBF1F201FB1200DE
:2094C00000F0FF0B0BEB0A004844C6B2072E01DA029606E0072096FBF0F100FB1160C0B289
:2094E00002900298A1E72DE9F05F06460F4690469946DDE90AAB002440F2B270864203DB64
:2095000040F63300864202DD0120BDE8F09F40F2B2750AE02846FFF72CFF10B1994804442A
:2095200001E099480444681C85B2B542F2DB781EC7B2002510E09548405D40F2A321484383
:2095400004EBC0143046FFF714FF18B1012D01D18F480444681C85B2BD42ECDBA8F10100C6
:2095600040F2A321484304EBC014C9EB4910C0EB092004EB0014CAEB0A1004EB80045C44E1
:2095800001214FF0C050FAF70AF90120F9F731FF2046FBF7BEFCFBF7EFFC0020B5E770B555
:2095A0000026002400257B4806883604001D008806447748B6FBF0F477480088A0423AD03B
:2095C00075490C8040F2B2750EE02846FFF7D1FE30B1B4F5B77F02D3A4F5B77402E006E0A6
:2095E000A4F26D14681C85B2B4F5B67FEDD800BF6A488580002516E068498888FFF7B9FEF7
:2096000030B1012D04D11D2C01D31D3C09E00CE05E48405DA04203D85C48405D241A00E0BC
:2096200003E0681C85B21C2CE6D200BF681C5B498871601CC8715648B6FBF0F100FB116457
:209640004FF46160B4FBF0F0544908704FF46160B4FBF0F100FB11403C21B0FBF1F04F4901
:2096600048704FF46160B4FBF0F100FB11403C21B0FBF1F201FB1200484988700B46DA792C
:2096800099799888FFF78EFE44490872002070BD2DE9FC4704460D4616461F46DDE90A89B2
:2096A000FBF71BFCFBF768FC3B46324629462046CDE90089FFF717FFFBF718FCBDE8FC8704
:2096C00001463648808888803448807988713348C079C8713148007A087230480078087085
:2096E0002E48407848702D488078887070471CB5002401214FF0C050FAF751F80120F9F7B7
:2097000078FEF8F73BFB4FF44070F9F7C4FF0120F9F7C7FFFBF730FCFBF737FC012108467E
:20972000FBF7CEFBFBF728FCFBF7D7FB4FF22440FBF7FCFBFBF720FC0020009003460246B7
:2097400001460190FFF7CFFEFBF7D0FBFFF702FEFFF725FF00201CBD10B50120FBF73AFC9A
:2097600008B1FFF71CFF0220FBF734FC20B10220FBF740FCFFF713FF0520FBF73BFCFBF772
:20978000FBFB10BD0085E2018033E101BCD5010880510100182800401E040020AE6F00209E
:2097A00070B5044604EB840000EBC400FB4D05EB8000007D20F00700401C04EB840505EB08
:2097C000C405F64E06EB8505287504EB840000EBC400354605EB8000007D61F3C30004EBD4
:2097E000840505EBC40506EB8505287504EB840000EBC40006EB8000437504EB840000EB66
:20980000C400354605EB80001430428070BD014601EB810000EBC100E04A02EB8000007DF2
:2098200020F0070001EB810202EBC102DB4B03EB82021075704770B5044604EB840000EB51
:20984000C400D64D05EB8000007B20F00700401C04EB840505EBC405D04E06EB850528735E
:2098600004EB840000EBC400354605EB8000007B61F3C30004EB840505EBC40506EB85059D
:20988000287304EB840000EBC40006EB8000437304EB840000EBC400354605EB80000C309B
:2098A000428070BD014601EB810000EBC100BB4A02EB8000007B20F0070001EB810202EBF9
:2098C000C102B64B03EB820210737047014601EB810000EBC100B14A02EB8000407C00F0A4
:2098E0000F007047014601EB810000EBC100AB4A02EB8000407C00097047014601EB8100B0
:2099000000EBC100A54A02EB8000007B00F0070048B901EB810000EBC10002EB8000007CCA
:2099200000F0070008B1012070470020FCE710B50446207D00F0070020B9207E00F007008B
:2099400000B910BD207D00F0070058B900210846E26990470020616A8847207E20F00700DC
:20996000207669E0207E00F0070030B1012817D0022823D003285ED148E0207E20F007002E
:20998000401C20760A202060227DC2F3C000216A8847207DC108207E61F3C30020764AE0E2
:2099A000206850B9E08A6060617D0120E2699047207E20F00700801C20763CE0207DC0F378
:2099C000C000217EC1F3C00188420DD00A2020600020616A8847617D0020E2699047207EEA
:2099E00020F00700C01C2076606870B900210846E26990470020616A8847207E20F00700ED
:209A00002076207D20F00700207514E0206888B9207E20F00700401C20760A202060227DBA
:209A2000C2F3C000216A8847207DC108207E61F3C300207600BF00BF00BF82E710B50446F1
:209A4000206B80470146607C61F307106074E06A8047617C60F303016174207B00F00700A6
:209A600020B9207C00F0070000B910BD207B00F0070058B900210846E26990470020616AD5
:209A80008847207C20F0070020749FE0207C00F0070030B1012817D0022823D0032812D182
:209AA0007EE0207C20F00700401C20740A202060227BC2F3C000216A8847207BC108207C8F
:209AC00061F3C300207480E0206850B9E0896060617B0120E2699047207C20F00700801C53
:209AE000207472E0207BC0F3C00090B9E06A804708B300210846E26990470020616A884712
:209B0000207B20F007002073207C20F00700207411E0206B804770B100210846E2699047C4
:209B20000020616A8847207B20F007002073207C20F007002074207BC0F3C000217CC1F380
:209B4000C00188420AD00A202060617B0020E2699047207C20F00700C01C20746068E0B954
:209B600000210846E26990470020616A8847207B20F007002073207C20F007002074207C72
:209B800020F0F00020302074A06A8047012804D1207C20F0F0001030207416E0B86F002065
:209BA000206888B9207C20F00700401C20740A202060227BC2F3C000216A8847207BC108BF
:209BC000207C61F3C300207400BF00BF00BF4CE710B500F085FA32483249C8613248486258
:209BE00032480862324888623248C8623248086310BD002049E000EB800101EBC001294AF2
:209C000002EB8101896879B100EB800101EBC00102EB81018968491E00EB800202EBC002BE
:209C2000204B03EB8202916000EB800101EBC0011C4A52F8211069B100EB800101EBC00129
:209C400052F82110491E00EB800202EBC002154B43F8221000EB800101EBC001114A02EBD8
:209C60008101496879B100EB800101EBC00102EB81014968491E00EB800202EBC002094B77
:209C800003EB82025160411CC8B20428B3DB704710B50448FFF74BFE0248FFF7CFFE10BD2F
:209CA000179E0008B86F0020339F00087F9E0008E99F0008BF890008CB89000810B54FF061
:209CC0008040008B4FF68F7108404FF0804108830846008B40F05000088300214FF080401D
:209CE000FAF7E4F910BD10B54FF08040808B48F6FF7108404FF0804188830846808B40F46C
:209D0000A040888300214FF08040FAF7CFF910BD10B5FA48008848F6FF710840F749088065
:209D20000846008840F4A04008800021F3481C38FAF7BCF910BD10B5F14800884FF68F71C3
:209D40000840EF4908800846008840F0500008800021EB481838FAF7A9F910BD10B54FF015
:209D60008040008B48F6FF7108404FF0804108830846008B40F07000088301218807FAF771
:209D800095F910BD10B54FF08040808B48F6FF7108404FF0804188830846808B40F4E040EB
:209DA000888301218807FAF781F910BD10B5D348008848F6FF710840D049088008460088DA
:209DC00040F4E04008800121CC481C38FAF76EF910BD10B5CA4800884FF68F710840C849FB
:209DE00008800846008840F0700008800121C4481838FAF75BF910BD4FF080418886704788
:209E0000C04908807047BD49243108807047BC491C310880704770B505460C462DB12046C9
:209E2000FFF7EAFFFFF79AFF01E0FFF747FF70BD70B505460C462DB12046FFF7E1FFFFF798
:209E4000A1FF01E0FFF74FFF70BD70B505460C462DB12046FFF7D7FFFFF7A8FF01E0FFF7CA
:209E600057FF70BD70B505460C462DB12046FFF7CEFFFFF7AEFF01E0FFF75DFF70BD10B5CE
:209E8000044644B10821A048F9F7E7F920219E48F9F7E5F907E008219B48F9F7E0F92021B0
:209EA0009948F9F7DAF910BD10B5044654B14FF480519548F9F7D1F94FF400519248F9F714
:209EC000CEF909E04FF480518F48F9F7C8F94FF400518D48F9F7C1F910BD10B504464CB14A
:209EE0004FF480718948F9F7B8F980218748F9F7B6F908E04FF480718448F9F7B0F980218B
:209F00008248F9F7AAF910BD10B5044644B108217D48F9F7A2F920217B48F9F7A0F907E026
:209F200008217948F9F79BF920217748F9F795F910BD10B50446012C08D108217248F9F780
:209F40008CF920217048F9F788F907E008216E48F9F785F920216C48F9F77FF910BD10B5EF
:209F60000446012C08D101036748F9F776F961036548F9F772F909E04FF480516248F9F77C
:209F80006EF94FF400516048F9F769F910BD10B50446012C08D101025C48F9F75EF980215B
:209FA0005A48F9F75AF908E04FF480715748F9F756F980215548F9F752F910BD10B504466D
:209FC000012C08D108215048F9F747F920214E48F9F743F907E008214B48F9F740F920217A
:209FE0004948F9F73CF910BD49480068C0B27047474810300068C0B2704746480068C0B2F4
:20A00000704745480068C0B2704700B587B001210520F9F7C4FB01214FF42050F9F7B2FB17
:20A020006320ADF814000820ADF810000020ADF81600ADF8120004A94FF08040F9F7DAFC03
:20A040003220ADF806007020ADF800000120ADF802000220ADF8080069464007F9F707FD4D
:20A060000821C806FAF752F900214FF08040FAF71DF807B000BD08B501213D20F9F782FB6A
:20A0800010208DF8030003208DF802002820ADF8000069461C48F9F733F801211F48F9F7CA
:20A0A00000F901211E48F9F7FCF818208DF8030003208DF802004FF40040ADF800006946FA
:20A0C0001848F9F71DF808BD08B501210820F9F759FB48208DF8030003208DF8020008BDAC
:20A0E00010B5FFF7C8FFFFF7EFFFFFF78EFFFFF7E5FD0020FFF71DFF10BD00001C3401400F
:20A10000182C014040000040000C01400010014018812142180122423C0121420002300051
:20A12000000118000008014010B50020FFF7CEFB10BD10B50020FFF7D5FB10BD10B5864841
:20A14000007818B98448407800B910BD8248007830B90020FFF7A6FB00207F49487081E0C9
:20A160007D48407820B101281CD0022879D13CE0FFF7DAFF01280AD15A234FF4967201212F
:20A180000020FFF758FB02207349487009E05A234FF4967200210846FFF74DFB01206E498A
:20A1A00048705EE00020FFF7A8FBE8B9FFF7BCFF30B16948807920F001006749887109E070
:20A1C0006548807940F00100634988710846C078401CC8700220604948705A234FF496729E
:20A1E00001210020FFF727FB3BE00020FFF785FB88BBFFF79EFFB8B15748807900F001008C
:20A2000038B15548C078022807DA00205249487003E000205049087048704F48807920F096
:20A2200002004D4988711BE001204B4948700846807940F00200887108468078401C887019
:20A2400008468078022807DA5A234FF4967200210846FFF7F0FA03E000203F4908704870DB
:20A2600000BF00BF00BF70E710B53B48407910B1012831D10FE0FFF757FF08B1FF2010BD7D
:20A280000120354948715A234FF4967200210846FFF7D1FA20E00020FFF72FFBD8B9FFF7A7
:20A2A00043FF48B100202C4948710846807920F001008871FF20E2E7002027494871084645
:20A2C000807940F001008871FFF733FF08B1EE20D5E7FE20D3E700BF00BF1F484079CEE785
:20A2E00010B51D48407910B1012831D10FE0FFF720FF08B1FF2010BD0120174948715A232F
:20A300004FF4967201210020FFF795FA20E00020FFF7F3FAD8B9FFF70CFF48B100200E4926
:20A3200048710846807920F002008871FF20E2E70020094948710846807940F0020088718D
:20A34000FFF7F2FE08B1EE20D5E7FE20D3E700BF00BF01484079CEE72004002008B5012164
:20A360000520F9F70FFA4FF48050ADF8000003208DF8020018208DF8030069467848F8F73F
:20A38000BFFE4FF40060ADF8000048208DF8030069467348F8F7B4FE08BD2DE9FE43044657
:20A3A0000D4616461F46DDF82880FFF7D7FF01214806F9F7F4F96B48F7F742FD00208DF86E
:20A3C000060001208DF8070000208DF808008DF809008DF80A0001208DF80B008DF8028048
:20A3E0008DF803408DF804608DF80550ADF8007069465C48F7F73DFD0020BDE8FE8308B53F
:20A4000001220E215748F8F7BDF814208DF8000000208DF801008DF8020001208DF8030018
:20A420006846F7F742FC01224FF407414D48F8F7A9F816208DF8000000208DF801008DF889
:20A44000020001208DF803006846F7F72EFC08BD2DE9FF4105460E4617468DF80A70002055
:20A460008DF80B0001208DF80C00002444EA054444EA0624C4F34F30ADF80000042000EBBD
:20A48000C40080B2ADF80200002444F47F44600BADF80400002040EAC400801C80B2ADF86B
:20A4A00006000020ADF8080001208DF80D006846F7F769FDBDE8FF8110B54FF48071294885
:20A4C000F8F7C8F8012803D101022648F8F75DF94FF400712348F8F7BDF8012803D1410217
:20A4E0002048F8F752F94FF480611E48F8F7B2F8012803D181021B48F8F747F910BD10B5F3
:20A5000004211848F8F7A6F8012803D104211548F8F73BF908211348F8F79CF8012803D183
:20A5200008211048F8F731F910BD014600208A6802F08062B2F1806F00D110E08A6802F050
:20A540000062B2F1006F01D1012008E08A6802F08052B2F1805F01D1022000E004207047C5
:20A56000000801400064004008B500200923042201210090FFF711FF08BD70B504460D4680
:20A580002A4621460020FFF763FF70BD7FB5044660680090A07A002805DDA07A401EC0B25B
:20A5A0008DF8040002E000208DF804009DF8030000F00F0078B900218DF80E108DF80F1057
:20A5C000E07A00F0F0008DF80C00E07A00F00F018DF80D100EE0E07A81098DF80E10E07AE5
:20A5E00020F0C0018DF80F1000208DF80C0000218DF80D10002508E004F10B00691C415C43
:20A600000DF105004155681CC5B29DF80400A842F2DC684601F038FC7FBD70B586B00446A1
:20A620003448FFF782FF0646042E02D1002006B070BD002002902068029004208DF80C0052
:20A6400000208DF80D002079401CC0B28DF80E00207B88B100208DF80F009DF80F00217B86
:20A6600040EA0110C0B28DF80F009DF80F00617B08438DF80F0006E0E17BA07B41EA801022
:20A68000C0B28DF80F00002507E0601D425D0DF10F00691C4254681CC5B22079A842F4DC16
:20A6A00001A91448F7F75EFD0646042E01D10020BDE7FF20BBE730B585B000210D48F7F7F8
:20A6C000C9FE05460DB905B030BD00240EE000210848F7F7BFFE38B16A4600210548F7F7DD
:20A6E00036FE6846FFF752FF601CC4B2AC42EEDB00BFE8E7006400407FB504460D4600265F
:20A7000020798DF8010000F0A7FF8DF8020060798DF800009DF8030065F303008DF8030024
:20A72000082D07D19DF8030020F0F00010308DF8030005E09DF8030020F0F0008DF80300A7
:20A7400000208DF80400E0880290029800F0C0FE0390039810B9002004B070BDE288A168A3
:20A76000039800F005FE684601F0C7FBFF2803D0039800F0A1FE00E0FF263046ECE72DE962
:20A78000FF4104460D4616461F468DF801408DF802508DF800609DF8030067F303008DF81F
:20A7A00003009DF8030020F0F00010308DF8030000208DF804000290684601F09EFBBDE81E
:20A7C000FF8110B503460C46186808B9002010BD196808E0087BA04204D1487B904201D161
:20A7E0000846F4E749680029F4D10846EFE730B504460D46206808B9002030BD21680BE021
:20A800000889A84207D1887A904204D1487B984201D10846F1E749680029F1D10846ECE7EA
:20A8200070B504460E4660892189884201D1002070BD7379B27831882046FFF7D8FF08B11E
:20A840000120F5E7202000F043FE05460DB90220EEE71822314605F1080000F089FD2068D5
:20A8600040B9002068602860256065606089401C608109E000206860606845606068286071
:20A8800065606089401C6081FF20D1E770B504460E4660892189884201D1002070BD7279CC
:20A8A00031792046FFF78DFF08B10120F6E7202000F00EFE05460DB90220EFE71822314659
:20A8C00005F1080000F054FD206840B9002068602860256065606089401C608109E00020CF
:20A8E0006860606845606068286065606089401C6081FF20D2E770B504460E4672793179B8
:20A900002046FFF75EFF05460DB9002070BD6089012807D1D4E90001884203D100206060FA
:20A92000206015E0686828B9286860600020616848600DE0286828B96868206000202168B9
:20A94000086005E0D5E900104860D5E9000108606089401E6081284600F0AEFDFF20D5E701
:20A960002DE9F0478046894617461D46089E3A4649464046FFF725FF044614B90020BDE804
:20A98000F087F82F0ADAE089B04201D00120F6E732462946206900F0EBFC05E0D4F810A063
:20A9A00031462846D04700BFFF20E8E72DE9F0410746884615461E462A4641463846FFF762
:20A9C00000FF044614B90020BDE8F081F82D05DAE2893046216900F0CBFC01E00120F3E729
:20A9E000FF20F1E7F0B506460F461446224639463046FFF7E6FE05460DB90020F0BDF82C87
:20AA000001DAE889FAE70020F8E770B504460D462A462146FE48FFF7E5FF0646304670BD62
:20AA20002DE9F84306460C4617461D463B4622463146F7480095FFF793FF8046F72C08DDDD
:20AA40003B462246FF21F2480095FFF789FF40EA08084046BDE8F8832DE9F04104460D46DC
:20AA6000164633462A462146E948FFF79FFF07463846BDE8F0812DE9F04786B004460D4664
:20AA800016461F46DDE90E899DF80C0067F303008DF80C008DF80560ADF800408DF8025063
:20AAA00000208DF80400ADF80690CDF808809DF80D0020F020018DF80D109DF80D0020F03E
:20AAC00010018DF80D109DF80D0020F040018DF80D106946CE48FFF7A3FE8246504606B0BE
:20AAE000BDE8F08770B50446C94D2D6805B970BDC74D286835E00589A54231D1857A8D4237
:20AB00002ED10273057D63F3C7150575057D0126B6EBD51F24D1057D05F00F0565B9057D35
:20AB200025F010060675057D25F040060675057D25F02006067513E0057D05F00F05012D33
:20AB40000ED1057D25F0100510350575057D25F0400540350575057D25F020052035057555
:20AB600040680028C7D100BFC1E72DE9F04106460F4615469846F72D02DD0020BDE8F081AC
:20AB80002B463A463146A248FFF731FE04460CB90020F3E7607D20F0200120316175A4F864
:20ABA0001880607D20F00F016175FF20E6E72DE9F04106460F461546F72D02DD0020BDE833
:20ABC000F0812B463A4631469148FFF710FE04460CB90020F3E7207D00F00F00012805D11B
:20ABE000207D20F040004030207507E0207D00F00F0018B9207D20F040012175607D20F09E
:20AC0000800180316175E28904F11C00216900F0AFFBFF20D3E770B506460D46F72D00DDEE
:20AC200070BD2A4631467A48FFF7CBFD044604B9F6E70121A17600BFF2E770B506460D4607
:20AC4000F72D01DD002070BD2A4631467048FFF7B8FD04460CB90020F5E7607DC00928B1D1
:20AC6000E28904F11C00216900F082FBFF20EAE770B50446E078000938B9E67806F00F034A
:20AC800022786178A078FFF77AFD2278A1786048FFF797FD054605B970BD2078F82811DAFE
:20ACA000A06878B1D4E90221286900F061FB687D0121B1EBD01F05D105F11C00D4E902214C
:20ACC00000F056FB5348406820B15248416805F10800884700BFDFE74E494860704708B5D7
:20ACE0004B48006800B908BD4A48006818B9484800684849086047480068007D0121B1EBED
:20AD0000D01F7DD143480068407BF82878DA41480068007D00F00F00012871D03D48006812
:20AD2000807EA8B13B49096801F108000821FFF7E3FC68B100213748006881763548806852
:20AD400030B1344A126802F10800324A9168884730480068407DC0F3401048B32D48006863
:20AD6000407D00F00F00012822D12A49096801F108000821FFF7C0FCD0B126480068407D2E
:20AD800020F00F0123480068417522480068007D20F0100010301F49096808751D488068B8
:20ADA00030B11C4A126802F108001A4A9168884718480068407DC00910B30020009015488D
:20ADC0000068C289134800680169684600F0D0FA10480068C0690099884205D10D4800684C
:20ADE000007DC0F3801028BB0A49096801F108000921FFF781FCE8B106480068007D00E0A9
:20AE000019E020F04000403002490968087503E0A0700020AC700020FE4800990068C16188
:20AE2000FC48806830B1FB4A126802F10800F94A9168884700BFF74800684068F54908608C
:20AE400000BF50E70246F44908681CE0017D0123B3EBD11F16D1417D01F00F0191B9417D2D
:20AE6000C1F3401171B1C38A018B8B4203DAC18A491CC18206E00023C382417D21F00F0306
:20AE80005B1C437540680028E0D170470EB50020E1490860486048814FF480700881002089
:20AEA000DC4908604860886001208DF806008DF80700ADF8000000208DF80500AFF27B00D2
:20AEC000029069460A2000F09EFD0EBD70B504460D462A462146D148FFF784FD06463046C6
:20AEE00070BD2DE9F84306460C4617461D464FF000083B4622463146C8480095FFF730FD07
:20AF00008046F72C08DD3B462246FF21C3480095FFF726FD40EA08084046BDE8F8832DE9AB
:20AF2000F04104460D46164633462A462146BB48FFF73CFD07463846BDE8F0812DE9F0433B
:20AF400087B004460D4616461F46DDF838809DF8100066F303008DF810008DF809508DF8D6
:20AF60000840ADF80A8003979DF8110020F020018DF811109DF8110020F010018DF81110D6
:20AF80009DF8110020F040018DF8111001A9A348FFF77CFC8146484607B0BDE8F08310B528
:20AFA00002469E4B1B6803B910BD9C4B186831E0037B93422DD1037D61F3C7130375037DE5
:20AFC0000124B4EBD31F24D1037D03F00F03012B0CD1037D23F010040475037D23F0400441
:20AFE0000475037D23F02004047512E0037D03F00F0373B9037D23F0100310330375037D24
:20B0000023F0400340330375037D23F020032033037540680028CBD100BFC5E7F0B50546A7
:20B020000E461746324629467C48FFF7CAFB04460CB90020F0BD607D20F0200120316175E8
:20B040002783607D20F00F016175FF20F2E770B505460E46324629467048FFF7B2FB04462B
:20B060000CB9002070BD207D00F00F00012804D1207D20F04001217508E0207D00F00F001C
:20B0800020B9207D20F0400040302075607D20F0800180316175E28904F11C00216900F0FA
:20B0A00067F9FF20DEE770B506460D46F72D00DD70BD2A4631465948FFF783FB044604B957
:20B0C000F6E70121A17600BFF2E770B506460D46F72D01DD002070BD2A4631464F48FFF73B
:20B0E00070FB04460CB90020F5E7607DC00928B1E28904F11C00216900F03AF9FF20EAE742
:20B1000070B50446E078000938B9E67806F00F0322786178A078FFF732FB2278A1783F4820
:20B12000FFF74FFB054605B970BD2078F82815DAA06898B1287D00F00F0078B9D4E90221EC
:20B14000286900F015F9687D0121B1EBD01F05D105F11C00D4E9022100F00AF930484068F3
:20B1600020B12F48416805F10800884700BFDBE72B494860704708B52848006800B908BDAA
:20B180002748006818B9254800682549086024480068007D0121B1EBD01F7DD12048006840
:20B1A000407BF82878DA1E480068807EA8B11C49096801F108000821FFF79EFA68B100217C
:20B1C0001748006881761648806830B1144A126802F10800124A9168884711480068407D15
:20B1E000C0F3401090B30E480068407D00F00F0001282BD10A49096801F108000821FFF78D
:20B200007BFA18B306480068407D20F00F010448006807E0AC700020A0700020887000203C
:20B2200094700020417550480068007D20F0100010304D49096808754B48806830B14A4AE3
:20B24000126802F10800484A9168884746480068C08905283DDA44480068407DC009D8B199
:20B260000020009040480068C2893F4800680169684600F07DF83C480068C06900998842FF
:20B2800005D139480068007DC0F3801000BB3649096801F1080000E01BE00921FFF72CFA69
:20B2A000B0B131480068007D20F0400040302E49096808752C4800990068C1612A488068B9
:20B2C00030B1294A126802F10800274A9168884700BF2548006840682349086000BF4EE768
:20B2E0000246224908681CE0017D0123B3EBD11F16D1417D01F00F0191B9417DC1F340114C
:20B3000071B1C38A018B8B4203DAC18A491CC18206E00023C382417D21F00F035B1C437537
:20B3200040680028E0D170470EB500200F490860486048814FF48070088100200A4908602A
:20B340004860886001208DF806008DF80700ADF8000000208DF80500AFF27B000290694679
:20B36000032000F050FB0EBD947000208870002070B503460C4603E014F8015B03F8015B06
:20B380001500A2F10102F7D170BD30B5034601E003F8011B1400A2F10102F9D130BD00B5D1
:20B3A0005F494FF4A072C8680021FFF7EEFF5C494FF4205288680021FFF7E7FF0120584953
:20B3C000087400BD0022002105E05548C068405C00B1521C491CB1F5A07FF6D36420504382
:20B3E0004FF4A073B0FBF3F0C0B270472DE9F04106460024A0464A48007C10B948490868CB
:20B4000080471EB94FF0FF30BDE8F08145480068B6FBF0F085B243480068B6FBF0F100FBCD
:20B42000116008B1681C85B23F480068441E1BE03B48C068005D20B908F101001FFA80F86F
:20B4400001E04FF00008A8450DD1002704E03449C968E2198D547F1CAF42F8D33149096822
:20B4600004FB01F0D0E7641E002CE1DA4FF0FF30CAE770B505462A48007C20B92849086885
:20B480008047012070BD29480068854212D225480068B5FBF0F12248C068425C002405E074
:20B4A00000201F4BDB680E199855641C9442F7DB0020E7E70220E5E770B5044604B970BD4E
:20B4C00017488068251A2846FFF7D3FF00BFF6E770B505462846FFF789FF0446601C08B931
:20B4E000002070BD0E4880682044FAE770B506460C462046FFF77AFF0546681C08B9002034
:20B5000070BD07498968481922463146FFF730FF3046FFF7D1FF024880682844F0E70000A7
:20B5200038040020300400202C04002034040020002058490860584908805848554948607B
:20B5400018205549488055481830524988600C2051498880514824304E49C8600C204E49A8
:20B56000C880704770B50446608800F4704535B1B5F5805F08D0B5F5005F11D108E020781A
:20B580005F2800DD70BD0BE0207800B1FAE707E02078602803DA207840F06000207000BFAA
:20B5A00000BF182221463D48FFF7E2FE3B48017880F825103A4839498860FEF7D5FF3749F2
:20B5C00008780021FEF7D9FF0121FF20FEF7D5FFB5F5005F03D10221FE20FEF7CEFF00BF54
:20B5E000D0E70146032902DD09B9002070472A4830F81100FAE70146032902DD09B90020E9
:20B600007047244850F82100FAE770B504460D46032C02DD0CB9002070BD2046FFF7E1FF9F
:20B6200006461C4850F8241032462846FFF7A0FEFF20F1E7194824307047184818307047A2
:20B640001648704715487047144890F826007047124890F8270070471048007870470F4862
:20B6600090F8240070470D48407870470B48408870470A484088000B704710B50446074897
:20B680000470017880F8251000212046FEF775FF10BD0000289A00204C040020F899002050
:20B6A0000202020062490860704762490860704770B5054600F0EBFE04467CB15D48006823
:20B6C00020B1072120465B4A12689047A06810B1E068FFF7F1FE204600F0CFFE70BD38B5E2
:20B6E0000446A0788DF8010060788DF8020020788DF800009DF8030020F0F0008DF80300C6
:20B70000E07800F00F0038B3E0789DF8031060F303018DF80310684600F00DFE05462DB91E
:20B72000A06810B1E068FFF7C7FE38BD4048006820B120463E490968884704E0A06810B1AD
:20B74000E068FFF7B9FEA86810B1E868FFF7B4FE284600F092FEE8E761799DF8030061F3A8
:20B7600003008DF80300684600F0E5FD05462DB9A06810B1E068FFF79FFED6E72079072864
:20B7800051D2DFE800F0500405061E07080000BF00BF00BF00BF2748006820B12179284697
:20B7A000244A12689047A06810B1E068FFF784FEA86810B1E868FFF77FFE284600F05DFEF4
:20B7C00032E02869010C491C61F3174028612869C0F30740022810DA2869C0F301700128A3
:20B7E00004D1286920F04050286116E0286920F0404000F1004028610FE00E48006820B16B
:20B80000217928460B4A12689047A86810B1E868FFF752FE284600F030FEA06810B1E06876
:20B82000FFF74AFE00E000BF00BF00BF7DE700005404002058040020002097490860486045
:20B8400008817047002141800171704702469248006808B9002070478F48016800E04968AA
:20B860008868904201D00029F9D109B9002104E08868904201D10846EDE70846EBE770B580
:20B8800005460E4684480089B0F5807F01D1002070BD2846FFF7DAFF08B10120F8E71820C3
:20B8A000FFF716FE04460CB90220F1E70C22314604F10C00FFF75CFD04F10C00FFF7C2FFC8
:20B8C0007548006858B9002060602060A5607248046044600089401C6F4908810EE0A560F2
:20B8E000002060606C48406844606B4840682060694844600089401C67490881FF20C7E74D
:20B9000070B505462846FFF7A1FF04460CB9002070BD6148008901280AD15F4800685E496B
:20B920004968884204D100205B494860086017E0606830B9584920684860002049684860F1
:20B940000EE0206830B954496068086000200968086005E0D4E900104860D4E90001086042
:20B960004D480089401E4C4908812046FFF7A4FDFF20CDE770B505460E462846FFF766FFD0
:20B9800004460CB9002070BD0C22314604F10C00FFF7EEFCFF20F6E710B53F48046804B954
:20B9A00010BD2CE0E089A189884205DAE07C012802D1E089401CE081E089A18988421DD1A9
:20B9C000607C10B1012818D10CE00021E18101212174606928B1A07C012802D1207A616974
:20B9E00088470AE001212174606928B1A07C012802D1207A6169884700BF00BF6468002C74
:20BA0000D0D100BFCCE770B504460D4629462046FFF735FF0646304670BD70B5044620468E
:20BA2000FFF76EFF0546284670BD70B504460D4629462046FFF79EFF0646304670BD30B5BF
:20BA400005460B462846FFF701FF04460CB9002030BDE374FF20FBE710B504462046FFF707
:20BA6000F5FE03460BB9002010BD187C012803D100211974FF20F7E70120F5E710B5044691
:20BA80002046FFF7E3FE03460BB9002010BD0021D981FF20FAE70000389A002010B50446F3
:20BAA00001212046FFF7CBFF2046FFF7E7FF10BD10B5044600212046FFF7C1FF2046FFF787
:20BAC000CBFF2046FFF7DAFF10BD10B504462046FFF7C2FF2046FFF7D1FF10BD70B5054605
:20BAE00000241CE0AC4218D1F648006850B104EB840101EB0421F44A02EB4101481CF14918
:20BB000009688847002004EB840101EB0421EE4A02F811002846FFF7CBFF601CC4B2022CAF
:20BB2000E0DB70BD3EB501208DF806000520ADF8000000208DF8070001208DF80500AFF2BC
:20BB400063000290002405E069462046FFF75BFF601CC4B2022CF7DB3EBD10B50446D94865
:20BB60000460FFF7DFFF00F098FB00F0D9FC10BD1FB5044620680090E0680190207902903E
:20BB80000298FFF7A5FC0390039808B9029870B9611DDDE90220FFF7EBFB684600F0CAFC1C
:20BBA000012804D1029810B10398FFF785FC1FBD70B5054600244EE004EB840000EB0420FA
:20BBC000C14911F81000E8BB2046FFF767FF012004EB840101EB0421BB4A02F8110004EB38
:20BBE000840101EB042102EB41012868C1F80100287904EB840101EB042102EB4101088158
:20BC00002A7904EB840101EB0421AF4B03EB410101F10A00691DFFF7ABFB002004EB840120
:20BC200001EB0421A84A02EB4101887104EB840000EB0420114601EB40008079401C04EB90
:20BC4000840100E005E001EB042102EB4101887170BD601CC4B2022CAEDB00BFF8E770B5C8
:20BC60000546002474E004EB840000EB0420964911F81000012869D104EB840000EB0420A2
:20BC800001EB4000D0F80100296888425ED104EB840000EB04208C4901EB40008179E87B45
:20BCA00081423AD12046FFF710FF04EB840101EB0421854B03EB41010A3104EB840303EB27
:20BCC0000423814E06EB43031B89C8182A79691DFFF74EFB04EB840000EB0420314601EB66
:20BCE000400000892979084404EB840101EB0421324602EB4101088104EB840000EB042056
:20BD0000114601EB40008079401C04EB840101EB042102EB4101887118E06A48006850B18B
:20BD200004EB840101EB0421674A02EB4101481C6449096888472046FFF7BAFE002004EB2A
:20BD4000840101EB0421604A02F81100601CC4B2022C88DB70BD7FB50546002490E004EBE6
:20BD6000840000EB0420584911F8100001286ED104EB840000EB042001EB4000D0F8010097
:20BD8000296888427AD104EB840000EB04204E4901EB40008179E87B814259D12046FFF712
:20BDA00087FE04EB840101EB0421474B03EB41010A3104EB840303EB0423434E06EB430329
:20BDC0001B89C8182A79691DFFF7D2FA04EB840000EB0420314601EB400000892979084458
:20BDE00004EB840101EB0421324602EB4101088128680090E868019004EB840000EB04200B
:20BE0000114601EB4000008902900298FFF760FB0390039898B104EB840303EB042306EBA6
:20BE2000430303F10A01DDE90220FFF7A1FA684600F080FB012802D10398FFF73DFB002046
:20BE400004EB840101EB04211F4A02F8110015E01C48006850B104EB840101EB04211A4A3E
:20BE600002EB4101481C174909688847002004EB840101EB0421144A02F81100601CC4B28F
:20BE8000022CFFF66CAF7FBD10B50446A07B30B1012808D002280AD0032810D10BE02046BB
:20BEA000FFF766FE0CE02046FFF782FE08E02046FFF7D5FE04E02046FFF74DFF00E000BF1E
:20BEC00000BF10BD5C040020449A002010B50446204600F056FBFF2800D110BD0020FCE7DA
:20BEE0000021C74881730020C549087108730021C3484173C1738173704710B586B00446F8
:20BF00001022214601A8FFF733FA01A800F03BFAFF2801D106B010BD0020FBE710B5044661
:20BF2000B8488078FF2802D10020B6498870B548807810B101281DD114E0B1496068C8604D
:20BF4000206808600021AE48C1738173401DD4E90221FFF70DFA207AA94908710120A94960
:20BF6000887008E0A648FEF758FBFF2801D1A549887000E000BF00BFA248807810BD10B5FA
:20BF80000446A0484078FF2802D100209D4948709C48407830B1012817D0022853D00328FA
:20BFA00068D15FE09649206808606068C8602089954908802089954908800021904881733F
:20BFC000C17301208F49487055E08F480088072821DD8E4A12888C4B1B88D21AE068811802
:20BFE00007228748401DFFF7C3F90720844908710846807B18B901218148817302E00221CF
:20C000007F48817380480088C01F7F49088002207C49487016E07D4A12887B4B1B88D21A9B
:20C02000E0688118784802887548401DFFF7A0F975480078724908710321714881730320CF
:20C040007049487017E06E48FEF7E7FAFF2808D101206C4948706A48C07B401CC1B26848F2
:20C06000C17308E06648FEF7D8FAFF2801D16549487000E000BF00BF6248407810BD10B57E
:20C08000FEF719FB10BD10B55E480078052876D2DFE800F0031746768F0000F00FFA5C49B8
:20C0A00008600846006858B1084600688068072803D902205349087002E001205149087065
:20C0C0008BE0534800680069800F48B950480068FFF724FFFF2822D103204A4908701EE09A
:20C0E0004B48006800690121B1EB907F03D104204449087013E04648006800690221B1EB01
:20C10000907F0CD142480068006920F04040404909680861FFF7E4FE00203A4908705CE0B6
:20C120003B4800680069800F48B939480068FFF726FFFF2822D10320324908701EE034486D
:20C14000006800690121B1EB907F03D104202D49087013E02E48006800690221B1EB907F53
:20C160000CD12B480068006920F04040284909680861FFF7B5FE0020224908702DE02BE0FF
:20C1800023480068C078000978B9FFF7A9FE20480068006920F0405000F180501C4909684D
:20C1A000086100201749087002E004201549087013E017480068806820B115490968C868D0
:20C1C000FFF77AF9FFF78CFE1148006800F055F900200C49087000E000BF00BF10BD10B59A
:20C1E00000F082F900200749486008704870887010BD10B5FFF743FFFFF745FF10BD0000C3
:20C20000589E0020640400206C0400206E0400206004002010B50346C04A116801B910BDC2
:20C2200037E001F118000268C2F3036252B90268C2F30172012A05D10278521C046862F312
:20C240000704046002780A2A02D002780A2A1FDD0288120A521C046862F30F24046002686F
:20C2600022F0FF0202600288C2F30722022A04D00288C2F30722022A06DD026822F070621C
:20C2800002F18072026003E0026822F04052026049680029C5D100BFC1E70EB500209F4962
:20C2A00008604860886001208DF806008DF80700ADF8000000208DF80500AFF2A700029025
:20C2C00069460220FFF79FFB0EBD944800687047924840687047914880687047802070472F
:20C2E00010B501468D4803680BB9002010BD1EE003F1080250784C78A04217D110780C78E3
:20C30000A04213D190788C78A0420FD1D07800F00F00CC7804F00F04A04207D1D0780009EC
:20C32000CC78B0EB141F01D11846DFE75B68002BDED10020DAE730B505462846FFF7D0FF14
:20C3400004460CB9002030BD04F10800FBE700B97047816921F47F028261816921F0706242
:20C360008261816921F47F428261816921F0FF028261816921F040528261816921F040426B
:20C38000826100BFE4E770B5054664488068802801D1002070BD2846FFF7A2FF08B1012086
:20C3A000F8E71C20FFF794F804460CB90220F1E71422294604F10800FEF7DAFF2046FFF70B
:20C3C000C6FF5648006848B90020606020605348046044600120514988600DE0002060601E
:20C3E0004E48406820604D48406844604B4844608068401C49498860FF20CBE770B5054668
:20C400002846FFF76DFF04460CB9002070BD606838B9206828B9002040494860086088602D
:20C4200026E0606858B93D49206848600020496848603A488068401E3849886018E020683D
:20C4400058B936496068086000200968086033488068401E314988600AE0D4E900104860A1
:20C46000D4E9000108602D488068401E2B4988602046FFF721F8FF20C8E710B504462046C7
:20C48000FFF7BCFF08B9002010BDFF20FCE72348006808B900207047204801680AE001F123
:20C4A00018021068C0F30360012802D101F10800F1E749680029F2D10020ECE717480068AF
:20C4C00008B9002070471548016809E001F118021068C0F3017010B901F10800F2E7496820
:20C4E0000029F3D10020EDE770B50C48006800B970BD0A480468656807E06069FEF7DCFF89
:20C500002046FEF7D9FF2C466568002CF5D10020024908604860886000BFE9E7689E00209F
:20C5200000202C490870487014204880704729494888704710B50446264840782549097866
:20C54000884204D12348408808B9012010BD21494A78091D01EB021010222146FEF708FF75
:20C560001C484078401C1B49487008464088401E488008464078142801D100204870FF20E0
:20C58000E4E710B504461348407812490978884205D110484088142801D1012010BD0D48C1
:20C5A0000278001D00EB021110222046FEF7E0FE08480078401C0749087008464088401C1D
:20C5C000488008460078142801D100200870FF20E4E70000749E00202DE9F04188B007463F
:20C5E0000E469046384600F02AFD05461DB9002008B0BDE8F081687E08B90120F8E70222A2
:20C60000314605F1200000F0D2FC04469CBB8DF81170FFF721F88DF812008DF810609DF8F8
:20C62000130020F00F00801C8DF813009DF8130020F0F0008DF8130000208DF81400069005
:20C640000021079104A8FFF758FCFF2811D18DF8016002208DF800000F208DF802000020BF
:20C660008DF805008DF80500694605F1200000F0B5FC0320BCE7FFE7A078A0B1022803D02E
:20C680000F2817D10220B3E74046D4E90221FEF76FFEE068FEF710FF214605F1200000F03E
:20C6A00051FCFF20A4E7214605F1200000F04AFCEE209DE704209BE72DE9F04389B0804650
:20C6C0000F4691461E46404600F0B9FC04461CB9002009B0BDE8F083607E08B90120F8E7F0
:20C6E0000322394604F1200000F061FC0546002D44D18DF81580FEF7AFFF8DF816008DF8CA
:20C7000014709DF8170020F00F00C01C8DF817009DF8170020F0F0008DF8170000208DF865
:20C72000180007963046FEF7D3FE0890089808B90420CEE7324649460898FEF719FE05A8D6
:20C74000FFF7DBFBFF2812D18DF8057003208DF804000F208DF8060000208DF809008DF870
:20C76000090001A904F1200000F038FC04E0079810B10898FEF7A0FE0320AAE7A87860B171
:20C78000032803D00F280FD10220A2E7294604F1200000F0D7FBFF209BE7294604F120006E
:20C7A00000F0D0FBEE2094E7052092E72DE9FF4706460F46904699460C9DFF2E0ED14FF6EB
:20C7C000FF7087420AD1FE208DF801009DF8030020F0F00010308DF8030016E03946304657
:20C7E00000F0BAFD04461CB9002004B0BDE8F087607E08B90120F8E720788DF801009DF831
:20C80000030020F0F0008DF80300FEF725FF8DF802008DF800809DF8030020F00F00C01C55
:20C820008DF8030000208DF8040002952846FEF74FFE0390039808B90220D6E72A464946B3
:20C840000398FEF795FD6846FFF757FBFF2800D1CBE7029810B10398FEF72EFE0320C4E731
:20C86000F8B50446E07800F00F00082800D1F8BDE07800F00F0004280AD104226846E16839
:20C88000FEF776FD9DF8000000F0D9FB054603E0A07800F0D4FB05462DB9A06810B1E06890
:20C8A000FEF70AFEE3E7E07800F00F00042811D10121697618222846E168FEF759FD05F119
:20C8C0001801284600F056FEA068D8B1E068FEF7F3FD17E0E07800F00F02217805F12000D0
:20C8E00000F065FB06462EB9A06810B1E068FEF7E3FDBCE7E07800F00F00B070E168F1601B
:20C90000A068B06000BFB2E72DE9F04105460E46687800F094FB07460FB9BDE8F081022E07
:20C9200001D100217976E87800F00F02297807F1200000F03CFB044604B9EEE70020A070C8
:20C94000E67000BFE9E71FB50446FF208DF80100FEF782FE8DF8020000208DF800009DF8F9
:20C96000030020F00F00401C8DF803009DF8030020F0F00010308DF8030000208DF80400A8
:20C9800002906846FFF7B9FA1FBD2DE9FF4104460D4616461F46DDF828808DF801408DF856
:20C9A00002508DF800609DF8030020F00F008DF803009DF8030020F0F00010308DF80300A1
:20C9C0008DF804808DF80570002002906846FFF794FABDE8FF812DE9FF4105460E461446FC
:20C9E0001F46DDF828808DF801508DF802608DF800409DF8030067F303008DF803009DF8C1
:20CA0000030020F0F00010308DF8030000208DF80400B8F1010F12D121462846FDF7F5FF49
:20CA200002900298FEF754FD0390039808B9BDE8FF8121462846039AFEF70EF801E0002002
:20CA400002906846FFF759FAFF2804D0029810B10398FEF731FD00BFE9E77FB504460D46D9
:20CA60008DF80140FEF7F8FD8DF8020001208DF800009DF8030020F00F00001D8DF803007D
:20CA80009DF8030020F0F0008DF8030000208DF80400042002900298FEF71AFD0390039843
:20CAA00000B97FBD042229460398FEF761FC6846FFF723FA00BFF4E7F8B504462689B3B299
:20CAC0002178A078E268FDF7ABFF05466078FE2802D06078FF2800D1F8BDFF2D0ED1217879
:20CAE000A078FEF7AAF800200090E67806F00F0322786178A078FFF76EFF15E055B901205F
:20CB00000090E67806F00F0322786178A078FFF73CFF09E005200090E67806F00F032278C5
:20CB20006178A078FFF731FF00BFD5E730B587B0044604226846E168FEF71AFCBDF802100E
:20CB40009DF8010000F008FC05461DBBBDF8020000F4704048B9684600F092F98DF800001E
:20CB60009DF8000050B907B030BD684600F038F98DF800009DF8000000B9F4E79DF8000061
:20CB80008DF8040001A800F042FCA0786946FFF764FFE8E700216983687E012803D0A0783F
:20CBA0006946FFF75AFF00BFDDE730B587B0044604226846E168FEF7DBFBBDF802109DF84A
:20CBC000010000F0C9FB05465DBBBDF8020000F4704048B9684600F053F98DF800009DF8DD
:20CBE000000050B907B030BD684600F0F9F88DF800009DF8000000B9F4E79DF800008DF831
:20CC000004009DF801008DF80500BDF80200ADF8060001A800F0FBFBA0786946FFF71DFF26
:20CC2000E0E700216983697628788DF80000A0786946FFF712FF00BFD4E738B504466078C5
:20CC4000FF2802D06078FE2800D138BDFEF704FD054604200090E17801F00F032278A07814
:20CC60002946FFF792FE00BFEFE70EB501208DF806008DF807006420ADF8000000208DF861
:20CC80000500AFF23D30029069460820FEF7BBFE0EBD10B5FEF7D0FDFEF74AFCAFF26500D7
:20CCA000FEF75BFFAFF24740FEF7FCFCAFF2A730FEF7FBFC00F0A1FCFEF7E8F8FFF7D5FF80
:20CCC00010BD38B50446E0780121B1EB101F13D1E07800F00F0001280ED0E07800F00F0072
:20CCE000082809D0E07800F00F000C2804D02046FEF7F5FC002038BDE07800F00F000828E4
:20CD000019D004DC012807D003281ED109E0092816D00C2819D109E02046FFF707FF0120A6
:20CD2000E9E72046FFF7C8FE0120E4E72046FFF73CFF0120DFE72046FDF79AFF0120DAE7C2
:20CD40002046FDF795FF0120D5E701200090E27802F00F036178A0780022FFF716FE0120BB
:20CD6000C9E710B51B48007820B101280BD0022821D115E01848FFF7A9F8FF2802D101206B
:20CD80001449087018E01448FFF79BFF012803D102201049087002E000200E4908700BE02E
:20CDA0000D48806818B10C49C868FEF785FB00200849087000E000BF00BF10BD10B5FFF7A4
:20CDC000D0FF0648FEF774FCFFF713FAFDF787FF10BD000070040020B89F00201C9A0020A6
:20CDE00070B505462878FD2817DA002413E0FA4800EB84004078697888420AD1F64800EBDE
:20CE0000840040886988884203D104F16000C0B270BD601C84B2142CE9DB28785F2813DD76
:20CE20002878FF2810D028786038EB4951F8200050B929786039E84A02EB810004222946FE
:20CE4000FEF796FA2878E3E7002415E0E24850F8240078B9E04901EB840004222946FEF7E0
:20CE600087FA04F16000DC4901F82400084610F82400CDE7601C84B2142CE7DB0020C7E7EA
:20CE800070B505462878602815DA012411E0D34800EB840040786978884208D1CF4800EB2D
:20CEA000840040886988884201D1E0B270BD601C84B2142CEBDB2878602810DA287870B14F
:20CEC0002878C64951F8200048B92978C34A02EB810004222946FEF74BFA2878E6E70124BC
:20CEE00013E0BE4850F8240068B9BC4901EB840004222946FEF73CFAB84901F82440B6481B
:20CF000010F82400D2E7601C84B2142CE9DB0020CCE7B3490860704710B503460C461868A8
:20CF200008B9002010BD196808E0487AA04204D1087A904201D10846F4E749680029F4D173
:20CF40000020EFE770B504460E46327871782046FFF7E2FF05460DB9002070BDA0680128B9
:20CF600007D1D4E90001884203D100202060606015E0686828B92868606000206168486096
:20CF80000DE0286828B96868206000202168086005E0D5E900010860D5E900104860A06848
:20CFA000401EA0602846FEF787FAFF20D5E710B503460C46186808B9002010BD196809E05C
:20CFC000487AA04205D1087A904202D101F10800F3E749680029F3D10020EEE770B50546D9
:20CFE0000E46A868142801D1002070BD327871782846FFF7DCFF08B10120F6E71820FEF7BC
:20D0000067FA04460CB90220EFE71022314604F10800FEF7ADF9286828B900206060206096
:20D020002C606C6006E00020606068684460686820606C60A868401CA860FF20D5E70246AB
:20D040006848006808B9002070476648016806E0087A904202D101F10800F5E7496800294C
:20D06000F6D10020F0E72DE9F04389B007460E4690464FF000093846FFF7E1FF05461DB93C
:20D08000002009B0BDE8F083687E08B90120F8E70222314605F12000FFF789FF04469CBB28
:20D0A0008DF81570FEF7D8FA8DF816008DF814609DF8170020F00F00801C8DF817009DF873
:20D0C000170020F0F0008DF8170000208DF8180007900021089105A8FEF70FFFFF2814D1D3
:20D0E0008DF8056002208DF804000F208DF8060000208DF809008DF8090001A905F12000E5
:20D10000FFF76CFF0320BCE701E00420B9E7A078B0B1022804D00F281AD14FF0050917E066
:20D120004046D4E90221FEF723F9E068FEF7C4F9214605F12000FFF705FF4FF0FF0907E0D9
:20D14000214605F12000FFF7FDFE4FF0EE0900BF00BF484695E72DE9F04788B080460F4603
:20D1600091461E464FF0000A4046FFF768FF04461CB9002008B0BDE8F087607E08B9012075
:20D18000F8E70322394604F12000FFF710FF0546002D4ED18DF81180FEF75EFA8DF8120061
:20D1A0008DF810709DF8130020F00F00C01C8DF813009DF8130020F0F0008DF813000020CF
:20D1C0008DF8140006963046FEF782F90790079850B90220CEE70000C89F002018A00020BF
:20D1E0007404002068A00020324649460798FEF7BFF804A8FEF781FEFF2813D18DF80170FC
:20D2000003208DF800000F208DF8020000208DF805008DF80500694604F12000FFF7DEFEE6
:20D220000320A7E7069810B10798FEF745F90420A0E7A87870B1032804D00F2812D14FF0C8
:20D24000050A0FE0294604F12000FFF77BFE4FF0FF0A07E0294604F12000FFF773FE4FF084
:20D26000EE0A00BF00BF504684E70021016041608160704700214170012101700021017184
:20D28000418070470246E948006808B900207047E648016806E0087A904202D101F12800DF
:20D2A000F5E749680029F6D10020F0E70246DF48006808B900207047DC48016806E0087A96
:20D2C000904202D101F12000F5E749680029F6D10020F0E702460B46D448006808B9002025
:20D2E0007047D248016809E0487A904205D14889984202D101F12000F2E749680029F3D19A
:20D300000020EDE70246C948006808B900207047C648016805E0087A904201D10846F6E713
:20D3200049680029F7D10020F1E702460B46BF48006808B900207047BC48016808E0487A9C
:20D34000904204D14889984201D10846F3E749680029F4D10020EEE702460B46B3480068F1
:20D3600008B900207047B148016809E0487A904205D14889984202D101F10800F2E749685E
:20D380000029F3D10020EDE702460B46A748006808B900207047A548016808E0487A904252
:20D3A00004D14889984201D1087AF3E749680029F4D10020EEE702460B469C48006808B985
:20D3C000002070479948016809E0487A904205D14889984202D191F82100F2E749680029FE
:20D3E000F3D10020EDE702469048006808B9002070478E48016806E0087A904202D191F880
:20D400002100F5E749680029F6D10020F0E770B5054686488068402801D1002070BD28782A
:20D42000FFF70DFE06460EB10120F7E73420FEF74FF804460CB90220F0E704F12800FFF736
:20D4400014FF04F12000FFF715FF1822294604F10800FDF78DFF7548006850B90020606066
:20D4600020607248046044608068401C6F4988600DE0002060606D48406844606B4840685D
:20D4800020606A4844608068401C68498860FF20C4E770B505462878FFF734FF04460CB9C7
:20D4A000002070BD6148006860494968884208D15E488068012804D100205C4908604860B0
:20D4C00017E0606830B95949206848600020496848600EE0206830B954496068086000200D
:20D4E0000968086005E0D4E900104860D4E9000108604E488068401E4C4988602046FDF720
:20D50000DBFFFF20CDE770B50446256809E06E68286910B16869FDF7CFFF2846FDF7CCFF91
:20D520003546002DF3D1002020606060A06070BD70B505462C6804B970BD17E06668A07A25
:20D540000F2812D0207B0A2803DA207B401C20730BE0206910B16069FDF7AEFF04F10801E1
:20D560002846FFF7EFFC012161733446002CE5D100BFE1E770B504460D462D48006820B113
:20D58000294620462A4A126890476B78227861786088FDF7A7FA70BD70B5064623480468A9
:20D5A00004B970BD25E065682020005D01281FD1608CB0F5967F07DA608C401C608404F151
:20D5C0002800FFF7B5FF13E0012184F82410002184F8211004F1200104F10800FFF7CAFF14
:20D5E00004F12800FFF78FFF04F10800FFF751FF2C46002CD7D100BFD3E70EB500200B4951
:20D6000008604860886001208DF806008DF80700ADF8000000208DF80500AFF283000290D5
:20D6200069460920FEF7EFF90EBD000068A0002074040020F949086070472DE9FF410446A9
:20D640000D4616461F46DDF828808DF801408DF802508DF800609DF8030020F00F008DF87B
:20D6600003009DF8030020F0F00010308DF803008DF804808DF80570002002906846FEF7EF
:20D680003CFCBDE8FF8138B504466078FF2802D06078FE2800D138BD04200090E57805F05B
:20D6A0000F032278DE4D95F82510A078FFF7C5FF00BFF0E710B50446042C17D10021D84801
:20D6C00080F8261080F8291080F827100420FEF7B6F900210520FEF7B2F9FEF780FDD04A02
:20D6E00092F8261092F82400FDF759FC10BD10B586B00446CA4890F824008DF80900C84805
:20D7000090F825008DF80A0000208DF80800C44890F82600012807D19DF80B0020F00F00A6
:20D72000401C8DF80B0006E09DF80B0020F00F000C308DF80B009DF80B0020F0F0001030AC
:20D740008DF80B0000208DF80C00042004900498FDF7BEFE0590059808B906B010BDFDF71A
:20D760007BFF8DF80400FDF77EFF8DF80500FDF77DFFADF8060001A9DDE90420FDF7F8FD13
:20D7800002A8FEF7BAFB00BFE7E70EB501208DF8060000208DF807004FF49670ADF800009F
:20D7A00001208DF80500AFF2F300029069460420FEF729F901208DF8060000208DF8070056
:20D7C0006420ADF8000000208DF80500AFF2E100029069460520FEF716F90EBD2DE9FF4169
:20D7E00005460E4614461F46DDF828808DF801508DF802608DF800409DF8030067F30300D7
:20D800008DF803009DF8030020F0F00010308DF8030000208DF80400B8F1010F12D1214674
:20D820002846FDF753FB02900298FDF751FE0390039808B9BDE8FF8121462846039AFDF74F
:20D840006EFB01E0002002906846FEF756FBFF2804D0029810B10398FDF72EFE00BFE9E738
:20D860002DE9FF4105460E4614461F468DF801508DF802608DF800409DF8030067F303007D
:20D880008DF803009DF8030020F0F00010308DF8030000208DF804002046FDF7A2FE02906B
:20D8A0000298FDF715FE0390039808B9BDE8FF8120460399FDF7A9FE6846FEF71EFBFF2833
:20D8C00004D0029810B10398FDF7F6FD00BFEDE77FB504460E461546FDF7B6FE10B9002046
:20D8E00004B070BDFDF7BBFE8DF80100FDF7B4FE8DF802008DF800409DF8030020F00F006B
:20D90000C01C8DF803009DF8030020F0F0008DF8030000208DF8040002950298FDF7D8FDE0
:20D920000390039808B90120DAE72A4631460398FDF71EFD6846FEF7E0FAFF2806D0029871
:20D9400020B10398FDF7B8FD0220C9E7FF20C7E7F8B505460C46A87801281AD12178A078E4
:20D96000FDF7B4FA50B906200090E67806F00F0322786978A078FFF760FEF8BD0120009093
:20D98000E67806F00F0322786978A078FFF726FF09E002200090E67806F00F0322786978F7
:20D9A000A078FFF74AFE1D48006818B120461B490968884700BFE0E7F8B505460C46A87881
:20D9C00001283AD12789BBB22178A078E268FDF788FA06466078FE2802D06078FF2800D199
:20D9E000F8BDFF2E0ED12178A078FDF76EFB00200090E77807F00F0322786978A078FFF7B7
:20DA0000EDFE24E076B901200090E77807F00F0322786978A078FFF710FE18E078040020A4
:20DA2000F899002005200090E77807F00F0322786978A078FFF701FE09E002200090E77896
:20DA400007F00F0322786978A078FFF7F6FDA148006818B120469F490968884700BFBFE734
:20DA600070B504460D466079A8B96878FF2812D1A8782070012060710420FDF7FFFF0121E6
:20DA80000420FDF7DCFF0520FDF7F8FF01210520FDF7D5FF09E06079012806D12078A978F9
:20DAA000884202D10420FDF7E9FF70BDF8B505460C46687901284BD1E668FDF7D7FD71881D
:20DAC000884245D1FDF7CFFD7178884240D1A878012825D1A0782978884216D1FDF7BCFD8C
:20DAE0003178884202D03078FDF7C7FDE77807F00F0322786178A078FFF7B2FE0120A870AF
:20DB0000A978A078FDF74BFA22E003200090E27802F00F036978A0780022FFF78EFD17E0ED
:20DB2000A0782870FDF798FD3178884202D03078FDF7A3FDE77807F00F0322786178A07838
:20DB4000FFF78EFE0120A870A978A078FDF727FAF8BD10B5FDF770FEFDF7EAFCFDF7E4FB33
:20DB6000AFF2DD40FDF7F9FFFFF70FFE10BDF8B506460C46F078032801D10120F8BDE0784D
:20DB80000121B1EB101F0ED1E07800F00F00082809D0E07800F00F00012804D02046FDF7AB
:20DBA0009EFD0020EAE7E07800F00F000E2847D2DFE800F046070D13191F462E3035462494
:20DBC000463A21463046FFF74BFF012544E021463046FFF7BDFE01253EE021463046FFF7B9
:20DBE000EBFE012538E021463046FFF75FFF012532E00420FFF75EFD01252DE0E77807F097
:20DC00000F0322787178A078FFF72AFE012523E0012521E02046FDF773FA01251CE020469A
:20DC2000FDF76EFA012517E000200090E77807F00F0322787178A078FFF7D0FD01250BE0E4
:20DC400001200090E77807F00F0322787178A078FFF7F3FC012500BF00BFE8B28EE710B5B3
:20DC600004461D48007820B101280BD0022822D116E01A48FEF72AF9FF2802D101201649A1
:20DC8000087019E015492046FFF771FF012803D102201149087002E000200F4908700BE03B
:20DCA0000E48806818B10D49C868FDF705FC00200949087000E000BF00BF10BD10B50848B8
:20DCC000FFF7CDFF0648FDF7F3FCFDF754FAFEF790FA10BD780400207C04002074A0002053
:20DCE0001C9A002010B50446F84850F82400408948B1F64850F824004089401EF34951F87B
:20DD00002410488120E0F14850F824000078D8B10020EE4951F824100870EC4850F8240074
:20DD2000806988B1E94B53F824305988E74B53F82430D868E54B53F824309A699047002033
:20DD4000E24951F82410488010BD48B9E049DF4A1160E0491268D160DF49DC4A12681161B4
:20DD6000032809D1DD49D94AD160DD49D268D160DC49D64AD2681161704700B591B00121D3
:20DD800044F20400F5F7FEFC01210846F5F7EDFC4FF40070ADF8400003208DF84200182064
:20DDA0008DF8430010A9D048F5F7AAF94FF48060ADF8400004208DF8430010A9CA48F5F790
:20DDC0009FF925208DF82C0000208DF82D0001208DF82E008DF82F000BA8F3F766FF0E202B
:20DDE0008DF82C0000208DF82D0002208DF82E0001208DF82F000BA8F3F757FFBB48009070
:20DE0000B348006901901020029040010390002004908020059000200690079008904FF466
:20DE20000050099000200A906946B148F4F7A2FD01220221AE48F4F7D4FD0021AC48F4F715
:20DE4000C4FD01228021A948001FF6F70DFD4FF416500C900020ADF83400ADF83600ADF878
:20DE60003800ADF83C000C20ADF83A000CA99F48001FF6F73CFC012240F225519B48001FD1
:20DE8000F6F7CDFC012240F224419848001FF6F7C6FC012228219548001FF6F7C0FC012230
:20DEA00060219248001FF6F7BAFC40218F48001FF6F791FD01218D48001FF6F7A4FC11B00F
:20DEC00000BD00B591B001211020F5F75BFC0121C804F5F764FC01210220F5F746FC4FF40B
:20DEE0008060ADF8400003208DF8420018208DF8430010A97F48F5F703F94FF40060ADF8C3
:20DF0000400004208DF8430010A97A48F5F7F8F834208DF82C0000208DF82D0001208DF801
:20DF20002E008DF82F000BA8F3F7BFFE3B208DF82C0000208DF82D0002208DF82E000120D1
:20DF40008DF82F000BA8F3F7B0FE6B48009063480069019010200290800103900020049050
:20DF60008020059000200690079008904FF44050099000200A9069466048F4F7FBFC012205
:20DF800002215E48F4F72DFD00215C48F4F71DFD012280215848001FF6F766FC56480090D9
:20DFA0004E48C0680190002002904FF48060039000200490802005900020069007900890DC
:20DFC0004FF44050099000200A9069464B482838F4F7D0FC012149482838F4F7F6FC0122AF
:20DFE00040214548001FF6F73FFC4FF4E1300C900020ADF83400ADF83600ADF83800ADF8A6
:20E000003C000C20ADF83A000CA93B48001FF6F76EFB40213848001FF6F7DDFC01222821DA
:20E020003548001FF6F7FBFB012260213248001FF6F7F5FB012240F224412F48001FF6F70A
:20E04000EEFB01212C48001FF6F7DDFB11B000BD10B504462046FFF778FE0CB9FFF78DFEB8
:20E06000032C01D1FFF72DFF10BD08B9184A5161032801D1194A5161704708B9144A916101
:20E08000032801D1154A9161704701460F4850F821000078012801D1002070470B4850F88F
:20E0A0002100408820B1094850F821004088F4E70020F2E70146054850F821004078012872
:20E0C0001ED1024850F821008088704784A0002098A00020B4A20020B4A00020B4A40020E1
:20E0E000D0A80020D0A4002000080140043801404400024000100140044C00405804024029
:20E100000020704710B502460B46F74850F822000078012801D1002010BD002107E0F2487F
:20E1200050F82200C068405C5854481C81B2EE4850F8220040888842F1DC0020EA4C54F8CD
:20E1400022406080FF20E7E70021E74A52F82020518070472DE9F04104460F461646E248C0
:20E1600050F824004078012863D0DF4850F824008680002507E0785DDB4951F82410096992
:20E180004855681C85B2B542F5DB0120D64951F8241048707CB9D44850F824008088D3490A
:20E1A0008864D14850F82400006908650121CF484430F4F70AFC012C12D1CB4850F82400EB
:20E1C0008088CA4984310860C74850F824000069C649C1F88C000121C4488030F4F7F5FB16
:20E1E000022C0FD1C04850F824008088BF490862BD4850F82400006988620121BB481C30EE
:20E20000F4F7E3FB032C11D1B74850F824008088B7490860B44850F824000069B449083142
:20E2200008600121B248001FF4F7CFFB0120BDE8F0810020FBE770B504460D462E4654B90A
:20E240002946AC48F6F74CFB00BF4021A948F6F7B5FB0128F9D1012C0AD12946A648F6F734
:20E260003FFB00BF4021A448F6F7A8FB0128F9D1022C0AD12946A148F6F732FB00BF40213A
:20E280009E48F6F79BFB0128F9D1032C0AD129469B48F6F725FB00BF40219948F6F78EFB42
:20E2A0000128F9D170BD70B540F225519148F6F79BFB10B39348406940B18E48F6F714FB0B
:20E2C000C4B2904841692046884716E001208D4908703220488108464088B0F5007F0CDA71
:20E2E0008448F6F701FBC1B2864842884088401C844B58801846C068815408217D48F6F75D
:20E300005DFB50B17B480088C5B27A48001D0088C5B208217748F6F75EFB04217548F6F707
:20E320004DFB50B173480088C5B27248001D0088C5B204216F48F6F74EFB02216D48F6F72D
:20E340003DFB50B16B480088C5B26A48001D0088C5B202216748F6F73EFB01216548F6F750
:20E360002DFB50B163480088C5B26248001D0088C5B201215F48F6F72EFB40F224415D48E9
:20E38000F6F732FBA0B15B480088C5B25948001D0088C5B25B48806938B15A4B5988D86878
:20E3A0009A69904700205749488000205549087070BD10B54FF40050F4F741FB60B14FF4C5
:20E3C0000050F4F750FB00204E4948708880002146484430F4F7F9FA10BD10B508214848F4
:20E3E000F6F7ECFA50B146480088C4B24448001D0088C4B208214248F6F7EDFA04214048E2
:20E40000F6F7DCFA50B13E480088C4B23C48001D0088C4B204213A48F6F7DDFA0221384807
:20E42000F6F7CCFA50B136480088C4B23448001D0088C4B202213248F6F7CDFA012130482A
:20E44000F6F7BCFA50B12E480088C4B22C48001D0088C4B201212A48F6F7BDFA40F2244146
:20E460002748F6F7C1FA60B325480088C4B22448001D0088C4B200211D482C38F4F7A5FA0C
:20E480001B482C38F4F7B8FAC0F580601E4948804FF4806116482C38F4F7ACFA012114485F
:20E4A0002C38F4F792FA1848806938B1164B5988D8689A6990470020134948800020124934
:20E4C000087010BD10B51148F4F7B9FA58B10F48F4F7C9FA00200C4948708880002104488B
:20E4E000001FF4F772FA10BD84A00020000002405C0402400038014000440040004800402C
:20E50000004C004098A00020B4A400200000021010B5044624222146E048F6F7CFFF10BD21
:20E52000DF49086070472DE9F04106460F4690461D4605F10C00F7F7A8F8044614B90020AC
:20E54000BDE8F0812DB12A46414604F10C00F6F7B5FFE771A671658100F0CCF92081002063
:20E5600060716080CD4880782071CC4800882080204600F00EFAFF2800D1E1E72046F7F79E
:20E5800074F80120DCE770B505460C462046F7F77CF806460EB9002070BD24B12246294695
:20E5A0003046F6F78BFF304600F0F3F9FF2800D1F2E73046F7F759F80120EDE710B50023B9
:20E5C0001A4619460220FFF7AEFF10BD10B500231A4606210320FFF7A6FF10BD70B5044681
:20E5E0000D46164633462A4621460320FFF79BFF70BD70B504460D46164633462A462146CE
:20E600000420FFF790FF70BD13B50446012301AA21460520FFF787FF1CBD0146A14840787A
:20E6200018B100209F4A908004E001209D4A507000209080704700209A498880704770B57E
:20E640000446FFF7F8FFE079102847DAE079072842D2DFE800F041040C16272F3500F7F79E
:20E66000F1F8E07900221146FFF7C3FF35E004F10C00F7F7C1F818B9E0790421FFF7C4FF62
:20E680002BE004F10C00F7F7E3F8FF2805D1E07900221146FFF7ADFF03E0E0790321FFF7DE
:20E6A000B3FF1AE0F7F7CEF8E07900221146FFF7A0FF12E0E07924227849FFF79AFF0CE0C6
:20E6C0007848407838B1012076490870E07924227249FFF78EFF00E000BF10E070480068F5
:20E6E00060B16289E07904F10C016D4B1B68984705461DB1E0792946FFF786FF00BF00206E
:20E7000070BD10B50446A079012803D12046FFF796FF05E0A079022802D12046FFF77DFFE3
:20E7200010BD10B55F48407800282ED05D488088401C5C49888008468088B0F5167F05DD9A
:20E740000020087048704880C8801EE05548007868B154484088401C5249488008464088F4
:20E76000C82812DD00204880FFF728FF0DE04D48C088401C4B49C8800846C088B0F5C87F31
:20E7800003DD0020C880FFF721FF10BD38B546480078052878D2DFE800F0030E2F676F0017
:20E7A00000F0F2F8414908600846006810B101203D49087068E03D480068408837490988E9
:20E7C000884215D13948006840793449897888420ED136490968088900F06AF8FF2803D1F2
:20E7E00003203149087006E004202F49087002E002202D49087047E02C480068807A0C30DF
:20E80000C0B22A4A009012685179284A12689078264A1368FF22FDF7C9FF0446022C0BD02F
:20E8200003DC3CB1012C04D105E0032C05D0FF2C04D000BF00BF00BF00BF00BF1B4800689C
:20E8400040884FF6FF71884208D1184800684079FF2803D103201449087002E004201249C3
:20E86000087000BF00BF0FE010480068FFF749FF04200D49087007E00C480068F6F7F5FE40
:20E8800000200949087000BF00BF38BD10B5FFF77DFF00F08AF810BD704700008804002042
:20E8A000AC04002080040020B0040020B40400200146002208E04F4830F81200884201D17A
:20E8C00000207047501CC2B2202AF4DB4948001FC378001D20F81310001FC078401C454BE2
:20E8E0001B1FD8701846C078202801D10020D870FF20E6E73F48001F00883E49091F098824
:20E90000491C3C4A121F11807047024650781378984203D1907808B9012070475378101DB1
:20E9200040F823105078401C50709078401E90705078D378984201D100205070FF20ECE791
:20E94000014648780B78984205D18878CB78984201D1002070470B78081D50F82320087804
:20E96000401C08708878401C88700878CB78984201D1002008701046ECE710B504462146C9
:20E980001D48FFF7C2FF10BD00B51B48FFF7D8FF00BD10B5044621461848FFF7B6FF10BD9E
:20E9A00000B51648FFF7CCFF00BD10B51448007810B101281CD10DE0002012490860FFF790
:20E9C000EFFF104908600846006810B101200C4908700DE00B48006800F082FBFF2806D110
:20E9E00008480068F6F741FE00200549087000BF00BF10BDD4AC0020B80400200C05002055
:20EA000060050020640500202E490860704770B504460D462A4621460020FFF79BFB70BDE0
:20EA200070B5044628480088022820DAAA2C0BD1002025490880084601880088401C224A5C
:20EA400010802248445431E01F48008801282DD1BB2C08D11C4801880088401C1A4A108078
:20EA60001A48445422E00020174908801EE0164801880088401C144A10801448445405469C
:20EA800010460088022811DD68880C301146098888420BD10B48006828B1104601882846E5
:20EAA000084A1268904700200749088070BD10B50020FFF7CDFAAFF297010020FFF7D5FACE
:20EAC00010BD0000680500206C05002014AD0020F84908607047F8480068401CF64908605F
:20EAE0000846006870472DE9F04707464FF0000C00253B4600BF12E01868000E1A6802F467
:20EB00007F0240EA12201A8802F47F4240EA02201A7840EA026005441B1D0CF1010CCA17E9
:20EB200001EB9272BCEBA20FE6D3CA1701EB92729210A1EB8202EAB308464FEAE17801EBE8
:20EB400098784FEAA808A1EB8808C8F104084FEAC8094FF0FF3828FA09F8D3F8009008EAEB
:20EB600009084FEA18690A464FEAE17801EB98784FEAA808A1EB8808C8F104084FEAC80A17
:20EB80004FF0FF3828FA0AF8D3F800A008EA0A0808F47F0849EA18280C464FEAE17901EBA5
:20EBA00099794FEAA909A1EB8909C9F104094FEAC90A00E023E04FF0FF3929FA0AF9B3F83C
:20EBC00000A009EA0A0909F47F4948EA09280E464FEAE17901EB99794FEAA909A1EB890979
:20EBE000C9F104094FEAC90A4FF0FF3929FA0AF993F800A009EA0A0948EA096845442846DA
:20EC0000BDE8F0870146AD484078AC4A1278904204D1AA48408808B901207047A7484278C1
:20EC2000001D40F82210001F4078401CA34A507010464088401E508010464078142801D105
:20EC400000205070FF20E8E79C4840789B4A1278904205D199484088142801D100207047A5
:20EC600096480278001D50F822100022001F0378001D40F82320001F0078401C8F4A107005
:20EC800010464088401C508010460078142801D1002010700846E2E770B505460C460C2C9D
:20ECA00000DA70BD2E4670880C30A04211D12046F6F7EBFC064666B1224629463046F6F70A
:20ECC000FDFB3046FFF79EFF012802D13046F6F7CCFC00BFE5E702467948006808B900202F
:20ECE00070477748016805E0C868904201D10846F6E749680029F7D10020F1E710B50446A8
:20ED00002046FFF7E8FF03460BB9002010BD03F10800FBE770B50546694880687D2801D158
:20ED2000002070BDA9688868FFF7E8FF08B10120F7E71420F6F7A9FC04460CB90220F0E722
:20ED40000C22294604F10800F6F7B8FB5C48006850B9002060602060594804604460806873
:20ED6000401C574988600DE000206060544840684460534840682060514844608068401CB6
:20ED80004F498860FF20CCE770B505462846FFF7A2FF04460CB9002070BD494880680128AE
:20EDA0000AD14748006846494968884204D1002043490860486017E0606830B9404920682D
:20EDC00048600020496848600EE0206830B93C496068086000200968086005E0D4E9000162
:20EDE0000860D4E90010486035488068401E344988602046F6F739FCFF20CDE730480068D3
:20EE000008B9002070472E48016805E0487A10B901F10800F6E749680029F7D10020F1E79A
:20EE20002748006808B9002070472548016806E0C87A032802D101F10800F5E749680029B7
:20EE4000F6D10020F0E73EB505460C4601208DF80000FFF740FE019004F10C00F6F715FCFA
:20EE60000290029808B901203EBD029901F10C0022462946F6F722FBDDE901018860AA2095
:20EE800002990870BB200299487002984480221D91B2029A02F10800FFF725FE029948605E
:20EEA0006846FFF737FFFF280CD00298F6F7DDFB0220D9E7C8050020700500207405002019
:20EEC00020AF0020FF20CFE701B584B000208DF805008DF806008DF807008DF8040004989E
:20EEE00002900C20F6F7D1FB0390039810B9002005B000BDDDE903108860002003994880CD
:20EF0000042104A8FFF7EFFD03994860AA2003990870BB200399487001A8FFF7FBFEFF282E
:20EF200004D00398F6F7A1FB0020E1E7FF20DFE770B50546A868FFF7E1FE04460CB9FF2089
:20EF400070BD607848B1A06810B1A068F6F78DFB6068FFF719FFFF20F2E70020F0E710B5E3
:20EF6000FFF7A5FDAFF2CF20FFF74EFD10BD10B5FFF744FF044604B910BDA26852880C3267
:20EF800091B2A068FFF743FD58B101206070207838B9A06810B1A068F6F767FB6068FFF78F
:20EFA000F3FE00BFE8E710B5FFF73AFF04463CB1A06810B1A068F6F758FB6068FFF7E4FEF6
:20EFC00010BD10B542480078052858D2DFE800F0032A343F4F00FFF737FE3E490860084638
:20EFE0000068F0B1084600684088001D81B2394800680830FFF777FD0446364800684068D7
:20F00000A04203D00420324908700AE031480068408818B901202E49087002E002202C4937
:20F0200008702CE02B480068FFF782FFFF2802D104202749087022E0264909688868FFF72C
:20F0400043FFFF2802D103202149087017E02248006840B11F48006841881E4800680C3013
:20F060001D4A1268904704201949087007E019480068F6F7FAFA00201549087000BF00BFD5
:20F0800010BD1649086800B9704715E0417A91B1C17A03290FDA817A642903DA817A491C5D
:20F0A000817208E000228272C17A032903DAC17A491CC172427240680028E7D100BFE3E783
:20F0C00010B5FFF77EFFFFF752FFFFF76CFF10BDCC050020D0050020C805002020AF0020C1
:20F0E00010B5044660890C3081B22046FFF7ABFEFF2800D110BD0020FCE770B506460C4619
:20F100000C2C01D2002070BD2046F6F7BEFA054685B1224631462846F6F7D0F92846FFF7A4
:20F120002CFC012804D12846F6F79FFA0120EAE7FF20E8E70220E6E7F7480068F64949684F
:20F1400008447047014609B900207047087B102801D10120F9E70020F7E700B502461046ED
:20F16000FFF7F0FF08B9002000BD1069FCE708B5072003460122E9A10090EB480AF08EFE8D
:20F18000E94808BD70B504460D4604B10DB9012070BDAC4201D10020FAE705E0207808B9EF
:20F1A0000020F5E7641C6D1C20780AF05EFE064628780AF05AFE8642F0D020780AF055FEB1
:20F1C000064628780AF051FE301AE1E72DE9F04104460D460026002714B90020BDE8F081B4
:20F1E00020460BF026F8461C30462968884707460FB90020F2E73246214638460BF083F877
:20F200003846EBE738B9C949C94A1160C9495160C94991607047C549C54A1160016809B1E9
:20F2200001681160C349C24A5160416809B1416851600021BE4A916011460968BB4A9142B4
:20F2400007D1BB494968BB4A914202D1BA49B84A916000BFDEE770B50446282021688847ED
:20F2600005461DB1282128460BF0E6F8284670BD70B50446002522E02568A08900F480701A
:20F2800020B9A06810B1A068FFF7F2FFA08900F4807028B9206918B1A54A2069516888479D
:20F2A000A08900F4007028B9206A18B1A04A206A516888479E484168204688472C46002C2F
:20F2C000DAD170BD2E2070472DE9F04391B080460C4600BF00201090FFF7F4FF814600255B
:20F2E0000CB1206818B9002011B0BDE8F08300253CE0A16820680844405D342820D00ADC12
:20F30000A0F12B0009282ED2DFE800F0202D212A2D1617181900382816D006DC352810D0C1
:20F3200036280FD037281ED10DE039280DD045280FD0652817D10BE000BF00BF00BF00BF6F
:20F3400000BF00BF00BF00BF00BF00BF00BF00BF00BFA16820680844405D0DF8050003E08F
:20F360000DF8059000E00AE000BF6D1C3F2D05D224B1A068284461688842BAD300BF002056
:20F380000DF8050010A968460DF0C8F906460F4668461099884201D10020A5E7C8E90667E0
:20F3A000664A674B304639460DF08EFD04D86FF00040C8F8140011E00022624B304639466A
:20F3C0000DF048FC04D84FF00040C8F8140005E0304639460DF0B6FBC8F814000820C8F879
:20F3E0000C00A0686A461099891A0844A06001207AE770B5064614461D46504A504B204666
:20F4000029460DF061FD03D86FF0004070610FE000224C4B204629460DF01CFC03D84FF02B
:20F420000040706104E0204629460DF08BFB706120462946C6E9064570BD2DE9F041044621
:20F440000D46002600270CB1206810B90020BDE8F081606828B1D4E90110884201D300209B
:20F46000F5E7B5F1004F01D30020F0E7A068401C05446068A84203D3A16820680844E6E711
:20F48000206908B10020E2E7B5F1804F07D3B5F1004F02D26FF0004702E00020D7E76F0054
:20F4A000206A60B13946226A206890470646E6B9E16920688847002060602060C7E738462F
:20F4C000A1698847064636B9E16920688847002060602060BBE72EB1A068421C3046216831
:20F4E0000AF011FFE1692068884767602660A0683044ACE770B5044600250CB1206800B973
:20F5000070BDA1682068451828460AF092FEA1680844A06000BFF3E7D405002025692E2510
:20F52000692E2569000000002CAF0020079D0108DC050020659D0108B39D01080000C0FFDA
:20F54000FFFFDF410000E0C12DE9F04F8BB082460D464FF00009DAE9067800260024FFF778
:20F56000B1FE83461DB900200BB0BDE8F08F00221346384641460DF0A9FB00221346CDE9EC
:20F5800000010DF0A3FA05D0F9A104A80AF086FC06461BE03A464346F7A104A80AF07EFC31
:20F5A000064602AAF6A104A80AF0E2FD012806D13A464346DDE902010DF088FA06D03A4690
:20F5C0004346F0A104A80AF069FC0646002E01DB192E01DD0020C7E7711C2846FFF72DFFA0
:20F5E0008146B9F1000F01D10020BDE700240DE004A8005D584503D12E2009F8040004E033
:20F6000004A8005D09F8040000BF641CB442EFD3002009F80400A8683044A8600120A3E789
:20F6200002460023002100BF23E0505C302806DB505C392803DC505C3038034415E0505CAF
:20F64000412806DB505C462803DC505C373803440BE0505C612806DB505C662803DC505C3F
:20F660005738034401E000207047032900D21B01491C0429D9D31846F6E72DE9FF5F80462F
:20F680008946154600240026C24600200390834602900190A9EB0A00062800DA81E00AF14D
:20F6A0000200FFF7BDFF0646B6F55C4F03D3B6F5604F00D275E0B6F5584F29D3B6F55C4FF9
:20F6C00026D20AF10607002000900C200290A9EB0700062800DA64E038785C2802D17878DE
:20F6E000752800D05DE0B81CFFF79AFF00900098B0F55C4F03D30098B0F5604F00D350E0C0
:20F70000C6F30901009861F39F2000F5803402E0062002903446802C02D20120039018E092
:20F72000B4F5006F04D202200390C020019010E0B4F5803F04D203200390E020019008E058
:20F74000B4F5881F04D204200390F020019000E027E00398401E00F0FF0B0BE004F0BF00B3
:20F7600040F08000296801F80B00A409ABF1010000F0FF0BBBF1000FF0DC0398012804DDD4
:20F78000019820432968087003E004F07F00296808702968039808442860029804B0BDE812
:20F7A000F09F0020FAE72DE9F84F80460C46A16820680844461CA16820680844451C0020A7
:20F7C00000900027A1682068405C222800D0A6E04FF0000AD1460DE028785C2809D1681CD6
:20F7E0002168401A6168884200D398E009F101096D1C6D1C2068281A6168884202D2287861
:20F800002228E9D12068281A6168884202D22878222800D083E0A16820680844281AA0EBEC
:20F82000090A0AF1010021698847074607B976E0009761E030785C2807D016F8010B00996F
:20F8400008700098401C009056E04FF00209A81B012800DA63E07078662819D008DC222896
:20F8600032D02F2832D05C282FD0622840D108E06E2814D0722819D074281ED0752837D1FB
:20F880002BE00820009908700098401C009030E00C20009908700098401C009029E00A209C
:20F8A000009908700098401C009022E00D20009908700098401C00901BE0092000990870BA
:20F8C0000098401C009014E000BF00BF7078009908700098401C00900BE06A462946304635
:20F8E000FFF7CBFE8146B9F1000F00D117E000E015E000BF4E4400BFAE429BD30020009905
:20F9000008701020C8F80C00C8F810702068281AA060A068401CA0600120BDE8F88F17B1F0
:20F9200038466169884716B12068301AA0600020F3E72DE9F04707468A4600240026002544
:20F94000A046A146BAF1000F02D10020BDE8F087F7B903215046FFF770FD06460EB9002011
:20F96000F4E70AA130460AF040FC0120EEE700006E756C6C0000000025312E313567000053
:20F98000256C670025312E3137670000222200003C4622E020780C2811D006DC08280DD0B8
:20F9A00009280FD00A2810D10AE00D2809D0222802D05C2809D100E000BF00BF00BF00BFD6
:20F9C00000BF00BF09F1010905E02078202801DA09F1050900BF00BF641C20780028D9D195
:20F9E000E01B00EB090808F103015046FFF725FD06460EB90020A9E7B9F1000F0FD12220C7
:20FA0000307042463946701C0AF07DFC222108F1010031540021401C3154012096E722209C
:20FA20003070751C3C463DE020781F2808DD2078222805D020785C2802D0207828702FE04E
:20FA40005C2005F8010B20780C2815D006DC08280FD0092819D00A281AD110E00D2811D042
:20FA6000222803D05C2813D1287018E02220287015E06220287012E0662028700FE06E20FB
:20FA800028700CE07220287009E07420287006E02278F7A128460AF001FA2D1D00BF00BF60
:20FAA000641C6D1C20780028BED1222108F1010031540021401C3154012047E770B504466C
:20FAC0000D4629462069FFF734FF70BD014609B1086808B90020704702E08868401C886066
:20FAE00041B1D1E90120904204D28A680868805C2028F2DDD1E90120904202D18868401E6E
:20FB000088600846E7E710B504461CB1206808B1A06808B1002010BD7CB1A068001D6168FB
:20FB200088420AD2A268216888180322D2A10AF09FFB10B9A068C01CA0602046EBE72DE9C5
:20FB4000F04180460C4600270025E068B0F57A7F02D30020BDE8F081E068401CE06044B146
:20FB6000D4E90110884204D2A1682068405C7B2800D07BE0A068401CA0602046FFF7A6FFB7
:20FB80004CB1D4E90110884205D2A1682068405C7D2800D15DE01CB1D4E90110884203D3DE
:20FBA000A068401EA06061E0A068401EA06000BF04F11000FFF74FFB064606B956E017B923
:20FBC0003746354602E02E6075603546A068401CA0602046FFF77AFF21462846FFF7E3FD89
:20FBE00000B943E02046FFF771FF286928620020286144B1D4E90110884204D2A1682068A5
:20FC0000405C3A2800D031E0A068401CA0602046FFF75CFF2146284600F0A8F800B925E0C7
:20FC20002046FFF753FF44B1D4E90110884204D2A1682068405C2C28BAD044B1D4E90110E5
:20FC4000884204D2A1682068405C7D2800D00DE000BFE068401EE0604020C8F80C00C8F8E4
:20FC60000870A068401CA060012073E717B13846FFF7FEFA00206DE72DE9F04107460C469F
:20FC80000026B046E068B0F57A7F02D30020BDE8F081E068401CE060A1682068405C5B28C3
:20FCA00000D05DE0A068401CA0602046FFF70EFF4CB1D4E90110884205D2A1682068405CD1
:20FCC0005D2800D141E01CB1D4E90110884203D3A068401EA06043E0A068401EA06000BFC4
:20FCE00004F11000FFF7B7FA054605B938E016B92E46A84604E0C8F80050C5F80480A846E3
:20FD0000A068401CA0602046FFF7E0FE2146404600F02CF800B923E02046FFF7D7FE44B162
:20FD2000D4E90110884204D2A1682068405C2C28D6D044B1D4E90110884204D2A16820683A
:20FD4000405C5D2800D00BE000BFE068401EE0602020F860BE60A068401CA060012096E76A
:20FD600016B13046FFF784FA002090E770B505460C460CB1206808B9002070BDA4B1A068C9
:20FD8000001D616888420FD8A268216888180422AFF224410AF06CFA30B90420E860A068B0
:20FDA000001DA0600120E8E79CB1A068401D616888420ED8A2682168881805222FA10AF0E7
:20FDC00057FA30B90120E860A068401DA0600120D3E7ACB1A068001D6168884210D8A26839
:20FDE00021688818042227A10AF042FA40B90220E86001206861A068001DA0600120BCE780
:20FE00006CB1D4E90110884209D2A1682068405C222804D121462846FFF7C5FCADE7BCB179
:20FE2000D4E90110884213D2A1682068405C2D2809D0A1682068405C302809DBA1682068F0
:20FE4000405C392804DC21462846FFF73DFA94E7E4B1D4E90110884218D2A1682068405C04
:20FE60005B2813D121462846FFF706FF85E700007525303478000000EFBBBF0066616C735A
:20FE80006500000074727565000000006CB1D4E90110884209D2A1682068405C7B2804D108
:20FEA00021462846FFF74BFE67E7002065E72DE9F04389B004460D4617461C2102A80AF017
:20FEC000BBFA00260020F7490860486004B934E0029420460AF0ADF9401C039000200490C7
:20FEE000F14A07CA06AB07C3EF48FFF7B4F9064606B922E002A8FFF706FE8146FFF7E6FD50
:20FF0000804641463046FFF731FF00B915E05FB102A8FFF7DBFDDDE90310884203D20499AD
:20FF20000298405C00B108E01DB10499029808442860304609B0BDE8F08316B13046FFF79F
:20FF400097F9C4B1009400200190DDE90310884202D20498019004E0039810B10398401E7A
:20FF600001901DB1DDE9000108442860CD48DDE9001206C000BF0020DCE710B50446002201
:20FF800011462046FFF793FF10BD2DE9F04781460C4600250026D9F8087014B90020BDE8C3
:20FFA000F087606908B1022000E001200646711C2046FFF742FA05460DB90020EFE77B2012
:20FFC00005F8010BE068401CE060606910B10A2005F8010BA0683044A06069E06069B8B180
:20FFE0002046E168FFF729FA05460DB90020D6E74FF0000804E0092005F8010B08F10108EC
:020000040801F1
:20000000E0684045F7D8D4E902010844A06000BF2146386AFFF78DFC08B90020BFE7204604
:20002000FFF768FA606908B1022000E00120064631462046FFF701FA05460DB90020AEE7E3
:200040003A2005F8010B606910B1092005F8010BA0683044A0602146384600F0A9F808B9CE
:2000600000209CE72046FFF745FA606908B1012000E00020396809B1012100E000214618C3
:20008000711C2046FFF7D9F905460DB9002086E7386810B12C2005F8010B606910B10A209D
:2000A00005F8010B00202870A0683044A0603F68002F93D1606910B1E068401C00E0022099
:2000C00001462046FFF7B9F905460DB9002066E7606950B1002003E0092105F8011B401CE1
:2000E000E168491E8142F7D800BF7D2005F8010B00202870E068401EE06001204FE72DE94E
:20010000F04107460C460025A846BE6814B90020BDE8F08101212046FFF78FF905460DB9BC
:200120000020F5E75B202870A068401CA060E068401CE06028E02146304600F039F808B9A1
:200140000020E5E72046FFF7D5F93068D8B1606908B1022000E00120804608F1010120469C
:20016000FFF76BF905460DB90020D1E72C2005F8010B606910B1202005F8010B002028705C
:20018000A0684044A0603668002ED4D102212046FFF753F905460DB90020B9E75D2005F84C
:2001A000010B00202870E068401EE0600120AFE72DE9F04104460E46002504B116B9002030
:2001C000BDE8F081207B10285AD008DC01281CD0022829D0042809D0082860D133E020282F
:2001E00053D0402856D0802859D131E005213046FFF723F905460DB90020E1E7AFF690018E
:20020000284609F0F2FF0120DAE706213046FFF714F905460DB90020D2E7AFF2A03128463A
:2002200009F0E3FF0120CBE705213046FFF705F905460DB90020C3E7AFF2B831284609F0B4
:20024000D4FF0120BCE731462046FFF77DF9B7E70027206908B90020B2E7206909F0E9FF8C
:20026000471C39463046FFF7E8F805460DB90020A6E73A46284621690AF045F801209FE73C
:2002800031462046FFF71AFC9AE731462046FFF736FF95E731462046FFF777FE90E7002091
:2002A0008EE70000D4050020DC050020F0B589B007460E4614460025242168460AF0BCF830
:2002C0004FF480702168884700904FF480700190059694E8070006AB07C3009800B933E042
:2002E00069463846FFF764FF00B92DE06846FFF701F9A06850B1029B591C0098A268904780
:20030000054605B920E0002000901AE0029A501C21688847054605B916E0DDE90130401C78
:20032000834201D2019801E00298401C02462846009909F0E8FF00200299685400986168AE
:200340008847284609B0F0BD009810B100986168884715B12846616888470020F2E710B5E7
:200360000446F74A01212046FFF7A0FF10BD10B50446F34A00212046FFF798FF10BD70B5B6
:200380008AB006460C461546242101A80AF054F8002C02DA00200AB070BDE94801682046E7
:2003A00088470190019808B90020F4E702940020039005900695E24A07CA07AB07C301A9EC
:2003C0003046FFF7F5FE28B9DD4A0198516888470020E0E70198DEE7F0B589B007460C46D3
:2003E00015461E46242168460AF026F8002D00DB14B9002009B0F0BD0094019500200290FC
:20040000012004900596CE4A07CA06AB07C369463846FFF7CDFEEDE701460022002309B918
:20042000002070478A6801E05B1C1268002AFBD11846F6E702460B4600210AB9002070479C
:20044000916801E05B1E096809B1002BFAD10846F5E770B505460C46002C01DA002070BDE8
:2004600021462846FFF7E6FFF9E72DE9F04105460E461746002405B116B90020BDE8F081CA
:20048000AC684FB100E024687CB13046216A09F0FBFF0028F7D108E000E024682CB1304624
:2004A000216AFEF76FFE0028F7D12046E6E770B504460D46002229462046FFF7D6FF70BD7B
:2004C00070B504460D46012229462046FFF7CDFF70BD70B504460D4629462046FFF7E7FF00
:2004E00008B1012070BD0020FCE701604860704770B505460E4600240DB9002070BD3046C1
:20050000FEF7A9FE04460CB90020F7E728222946204609F03DFF00202062E06840F48070D0
:20052000E0600020606020602046E7E770B504460E46002506B10CB9002070BDA5680DB963
:20054000A66008E000E02D6828680028FBD131462846FFF7CAFF0120EFE770B504460D4657
:2005600029462046FFF7E2FF70BD70472DE9F04707460D4614461E46DDF820904FF0000874
:20058000C2460FB105B114B90020BDE8F087B9F1000F07D02846FFF7E8FF8046E06840F4B7
:2005A000007A0CE031462846FEF710FE8046B8F1000F01D10020E8E7E06820F4007AA089AF
:2005C00000F4007020B9206A10B1206A71688847C4F82080C4F80CA021463846FFF7A6FF1D
:2005E000D3E7F8B504460D4616460020544B3246294600902046FFF7B9FFF8BDF8B50446A5
:200600000D46164601204E4B3246294600902046FFF7ACFFF8BD70B504460D4604B970BD92
:2006200047492846FFF764FF064631462046FFF77DFF00BFF3E7F8B504460D46164604B1D4
:2006400005B9F8BD3E493046FFF752FF074600203B4B3A46294600902046FFF787FF00BFD0
:20066000EFE710B53648FEF7F6FD04460CB10420E060204610BDF8B504460D46FFF7F1FFAB
:20068000064600202E4B3246294600902046FFF76DFF08B13046F8BD3046FEF7E9FD0020E1
:2006A000F9E710B52648FEF7D6FD04460CB10220E060204610BDF8B504460D46FFF7F1FF93
:2006C000064600201E4B3246294600902046FFF74DFF08B13046F8BD3046FEF7C9FD0020F1
:2006E000F9E710B51648FEF7B6FD04460CB10120E060204610BDF8B504460D46FFF7F1FF84
:20070000064600200E4B3246294600902046FFF72DFF08B13046F8BD3046FEF7A9FD002000
:20072000F9E770B505460648FEF795FD044624B10DB1022000E00120E060204670BD0000C1
:20074000DC050020F8B505460E4614462046FFF7E8FF07460020F74B3A463146009028460B
:20076000FFF704FF08B13846F8BD3846FEF780FD0020F9E770B505460E46EE48FEF76BFD4D
:200780000446F4B10820E060C4E90656EA4AEB4B284631460CF098FB03D86FF000406061E0
:2007A0000FE00022E64B284631460CF053FA03D84FF00040606104E0284631460CF0C2F92E
:2007C0006061204670BD2DE9F84306460F4614461D4620462946FFF7CDFF80460020D54B79
:2007E0004246394600903046FFF7C0FE10B14046BDE8F8834046FEF73BFD0020F8E770B5FA
:200800000546CC48FEF727FD04466CB11020E060C8492846FEF7DAFC2061206920B92046F6
:20082000FEF726FD002070BD2046FCE7F8B505460E4614462046FFF7E2FF07460020BD4BB2
:200840003A46314600902846FFF790FE08B13846F8BD3846FEF70CFD0020F9E770B5054647
:20086000B448FEF7F8FC04466CB18020E060B1492846FEF7ABFC2061206920B92046FEF70A
:20088000F7FC002070BD2046FCE7F8B505460E4614462046FFF7E2FF07460020A54B3A460F
:2008A000314600902846FFF761FE08B13846F8BD3846FEF7DDFC0020F9E710B59D48FEF797
:2008C000CAFC04460CB14020E060204610BDF8B504460D46FFF7F1FF06460020954B324684
:2008E000294600902046FFF741FE08B13046F8BD3046FEF7BDFC0020F9E710B58D48FEF7C7
:20090000AAFC04460CB12020E060204610BDF8B504460D46FFF7F1FF06460020854B324693
:20092000294600902046FFF721FE08B13046F8BD3046FEF79DFC0020F9E7024602B109B998
:2009400000207047486810B1D1E900031860086810B1D1E9003058609068884201D1086843
:2009600090600020486008600846EAE770B505460C46002C01DA002070BD21462846FFF757
:2009800059FD064631462846FFF7D7FFF4E770B504460D4629462046FFF7E8FF0646FEF774
:2009A00067FC70BD70B504460D4629462046FFF77EFD064631462046FFF7BFFF70BD70B570
:2009C00004460D4629462046FFF77AFD064631462046FFF7B2FF70BD70B504460D4629460A
:2009E0002046FFF7DFFF0646FEF742FC70BD70B504460D4629462046FFF7E1FF0646FEF763
:200A000037FC70BD2DE9F04106460F4614460025002F01DABDE8F08139463046FFF70AFDFD
:200A2000054625B921463046FFF780FDF2E72560686860606C60B068A84201D1B46001E0BA
:200A40006068046000BFE5E770B506460D4614460EB104B10DB9002070BDAC4201D1012059
:200A6000FAE72868206068686060206808B120684460606808B160680460B068A84200D108
:200A8000B4600020286068602846FEF7F1FB0120E2E72DE9F04105460C461646002C01DA52
:200AA000BDE8F08121462846FFF7C4FC0746324639462846FFF7C8FF00BFF1E710B5044680
:200AC0001C4841682046884710BD2DE9F04107460D4614461E4604B115B90020BDE8F081A9
:200AE000A08900F4007020B9206A10B1206AFFF7E5FF10492846FEF769FB2062E06820F4E3
:200B00000070E060324629463846FFF7AEFC8046224641463846FFF797FF0120DEE770B556
:200B200004460D4616460023324629462046FFF7CCFF70BDDC0500200000C0FFFFFFDF4180
:200B40000000E0C170B504460D4616460123324629462046FFF7B9FF70BD70B50546F748DB
:200B6000FEF779FB044634B14FF48870E0602846FFF7FBFC2061204670BD70B50546EF484C
:200B8000FEF769FB044634B14FF4A070E0602846FFF7EBFCA060204670BD70B50546E748BD
:200BA000FEF759FB044634B14FF49070E0602846FFF7DBFCA060204670BD2DE9F05F0646BB
:200BC000894600240025A346A246B9F1000F00DB16B90020BDE8F09FFFF78FFE8246002406
:200BE00017E056F824000CF00AF80746FFF7C2FD054625B95046FEF73BFB0020EAE714B9E4
:200C0000CAF8085003E029465846FFF76EFCAB46641CBAF1000F01D04C45E2D35046D9E7D2
:200C20002DE9F05F0646894600240025A346A246B9F1000F00DB16B90020BDE8F09FFFF76D
:200C40005CFE8246002417E056F824000CF072F90746FFF78FFD054625B95046FEF708FBF8
:200C60000020EAE714B9CAF8085003E029465846FFF73BFCAB46641CBAF1000F01D04C45F2
:200C8000E2D35046D9E72DE9F04706460F4600240025A146A046002F00DB16B90020BDE8A7
:200CA000F087FFF72AFE8046002417E006EBC400D0E900211046FFF75DFD054625B94046DA
:200CC000FEF7D6FA0020EAE714B9C8F8085003E029464846FFF709FCA946641CB8F1000F77
:200CE00001D0BC42E2D34046D9E72DE9F04706460F4600240025A146A046002F00DB16B94D
:200D00000020BDE8F087FFF7F8FD8046002414E056F82400FFF773FD054625B94046FEF752
:200D2000A7FA0020EDE714B9C8F8085003E029464846FFF7DAFBA946641CB8F1000F01D096
:200D4000BC42E5D34046DCE72DE9F0470446894600250027A846002604B948E07748FEF735
:200D60007AFA054605B942E0E06820F48070E86060696861D4E90601C5E90601206938B1C3
:200D80006E492069FEF722FA2861286900B92EE0206A68B1A08900F4007008B1206A03E0CB
:200DA0006649206AFEF712FA2862286A00B91EE0B9F1000F02D12846BDE8F087A76812E00F
:200DC00001213846FFF7C0FF064606B90FE0B8F1000F05D0C8F80060C6F80480B04601E0FE
:200DE000AE60B0463F68002FEAD12846E4E715B12846FEF73DFA0020DEE7014600B9704729
:200E000055E00278202A01D1401C50E00278092A01D1401C4BE002780D2A01D1401C46E070
:200E200002780A2A01D1401C41E002782F2A0BD142782F2A08D100E0401C0278002A36D034
:200E400002780A2A33D0F7E702782F2A0ED142782A2A0BD100E0401C02782AB102782A2A08
:200E6000F9D142782F2AF6D1801C20E00278222A19D110F8012B01F8012B0AE002785C2A3F
:200E800003D110F8012B01F8012B10F8012B01F8012B027812B10278222AEFD110F8012BD5
:200EA00001F8012B03E010F8012B01F8012B0278002AA6D10A7000BFA1E7014609B90020CC
:200EC0007047087B08B90120FAE70020F8E7014609B900207047087B012800D1FAE70020B8
:200EE000F8E7014609B900207047087B022801D10120F9E70020F7E7014609B900207047D5
:200F0000087B00F0030008B10120F8E70020F6E7014609B900207047087B042801D1012023
:200F2000F9E70020F7E7014609B900207047087B082801D10120F9E70020F7E7DC0500206E
:200F4000014609B900207047087B202801D10120F9E70020F7E7014609B900207047087BB2
:200F6000402801D10120F9E70020F7E7014609B900207047087B802801D10120F9E700203A
:200F8000F7E72DE9F0470446894692465CB1B9F1000F08D0207B99F80C10884203D120464B
:200FA000FFF78BFF10B10020BDE8F087207B102814D008DC01280DD002280CD004280BD006
:200FC00008280FD109E020280AD0402809D0802808D104E000BF00BF00BF00BF00BF00BFD6
:200FE00000BF01E00020DFE700BF4C4501D10120DAE7207B102821D008DC01280DD002288F
:201000000CD004280BD008287DD10AE0202827D040283CD0802876D111E000BF00BF012053
:20102000C2E7D9E906532A46D4E9067138460BF04DFD01D10120B7E70020B5E700BF2069F0
:2010400010B1D9F8100008B90020ADE7D9F81010206909F019FA08B90120A5E70020A3E7DB
:20106000A568D9F8086009E0524631462846FFF788FF08B9002097E72D6836680DB1002EC9
:20108000F2D1B54201D000208EE701208CE7002500260CB1A06800E00020054611E05246B8
:2010A0004846296AFFF7E1F906460EB900207BE7524631462846FFF764FF08B9002073E799
:2010C0002D68002DEBD1B9F1000F02D0D9F8080000E00020064612E052462046316AFFF761
:2010E000C4F9054615B900205EE70CE0524629463046FFF746FF08B9002055E73668002E28
:20110000EAD1012050E700204EE710B50446024801682046884710BDDC0500200120F9493F
:2011200081F8860070470020F64981F8860070470021F44A1161516140F6B8301146A1F853
:2011400074000020A1F8760081F8700000219160D1604FF47A701146A1F872000020A1F878
:2011600084004EF27860A1F87C000020A1F87E00012081F88600704710B502460B46002131
:201180000AE0E14800EBC10411CC50405C40204300D110BD481CC1B22029F2DBDA48083833
:2011A000C478083000EBC4000CC0D7480838C078401CD54C083CE0702046C078202801D1E0
:2011C0000020E070FF20E4E7CE4890F8710070470120CE49087070470020CC490870704724
:2011E000CA4800787047C74890F87000704730B50346002014E0141A641E0C5DC44D05EB94
:201200001414247803F81040141A641E0C5D04F00F042C5D012505EB40055C55441CE0B218
:201220009042E8DB30BD30B50346002010E00C5CB74D05EB1414247803F810400C5C04F027
:201240000F042C5D012505EB40055C55441CE0B29042ECDB30BD30B50346002014E0141AFE
:20126000641E0C5DAA4D05EB1414247803F81040141A641E0C5D04F00F042C5D012505EBCE
:2012800040055C55441CE0B29042E8DB30BD01462F2906DD3A2904DAA1F13000C2B2104695
:2012A0007047602906DD672904DAA1F15700C2B21046F5E7402906DD472904DAA1F13700AB
:2012C000C2B21046ECE7FF20EAE7F0B504460E461546002313E00027012101EB4301605C98
:2012E000FFF7D5FF074614F81300FFF7D0FF47EA0010C7B2681EC01A3754581CC3B2AB4278
:20130000E9DBF0BDF0B504460D461646002311E00027012101EB4301605CFFF7B8FF07467B
:2013200014F81300FFF7B3FF47EA0010C7B2EF54581CC3B2B342EBDBF0BD30B50346002446
:2013400000BF09E018780D78A84201D0012030BD5B1C491C601CC4B29442F3DB0020F6E798
:2013600030B58BB00024002504F0CFFB69480090694801906846FDF745FF02A8F5F76FFFD9
:201380000023DDE9071059405840014305D0102207A96248FFF747FF04E0102207A95F48CE
:2013A000FFF741FF5E48F5F779FF0F225C495DA0FFF7C3FF04460F22594940315DA0FFF7E1
:2013C000BCFF054604B925B100204E4981F87A0003E001204B4981F87A00FFF7A9FE0BB0E7
:2013E00030BD2DE9F0438DB0054656A000680A90142255A105A808F0CBFF55A207CA02AB27
:2014000007C356A0006801900BA808F019F83D48D0E900305A1C40F100003A49C1E90020F5
:20142000082205A8FFF7E3FEFFF747FA8146FFF744FA8046394A4AA14846FFF7F7F905AA75
:2014400048A14846FFF7F2F90AAA47A14846FFF7EDF901AA45A14846FFF7E8F9424644A1CB
:201460004846FFF7BEF8BDF82C000BF0DFFB064632460B4640A14046FFF7A5F99DF82E00A9
:201480000BF0D4FB064632460B463DA14046FFF79AF99DF82F000BF0C9FB064632460B46E8
:2014A00039A14046FFF78FF99DF830000BF0BEFB064632460B4635A14046FFF784F99DF85C
:2014C00031000BF0B3FB064632460B4631A14046FFF779F99DF832000BF0A8FB0646324634
:2014E0000B462EA14046FFF76EF94846FEF73FFF044634B94846FDF7BBFE00200DB0BDE834
:20150000F0834FE040AF0020D0AF00202A060020C8D501088B5600086B560008EB050020C3
:20152000D0B000206A756D692F646576696365636F6D6D006A756D692F736572766572632D
:201540006F6D6D00323100004646464646464646464646464646464600000000303000001F
:2015600049440000534E0000436D640041636B0054696D65000000007965617200000000DA
:201580006D6F6E746800000064617900686F7572000000006D696E75746500007365636FED
:2015A0006E64000020787B2803D1204608F041FE48B94846FDF75CFE2046F4F756F8002011
:2015C0000DB0BDE8F083204608F033FE0646324621462846F3F772FF2046F4F746F8484696
:2015E000FDF746FE0120EBE72DE9F0438FB0FEA000680E90FDA000680D90FDA000680C9051
:20160000FCA000680B90FCA000680A901422AFF2C80105A808F0BCFEAFF2C0000068049031
:20162000AFF2C8000068039001A807F009FFF348D0E900305A1C40F10000F049C1E90020D0
:201640000846D0E90010ED4AC2E902100822EB49083105A8FFF7CBFDFFF72FF98146FFF7A2
:201660002CF90746FFF729F98046E54AAFF210114846FFF7DBF805AAAFF218114846FFF7D5
:20168000D5F80EAAAFF220114846FFF7CFF804AAAFF228114846FFF7C9F83A46D9A1484653
:2016A000FEF79FFF0DAAD9A13846FFF7BFF80CAAD8A13846FFF7BAF80BAAD8A13846FFF744
:2016C000B5F803AAD7A13846FFF7B0F8D8A2DAA13846FFF7ABF84246AFF26C114846FEF7E7
:2016E00080FFBDF804000BF0A1FA05462A460B46AFF27C114046FFF766F89DF806000BF072
:2017000095FA05462A460B46AFF28C114046FFF75AF89DF807000BF089FA05462A460B46FC
:20172000AFF29C114046FFF74EF89DF808000BF07DFA05462A460B46AFF2B0114046FFF7A0
:2017400042F89DF809000BF071FA05462A460B46AFF2C0114046FFF736F89DF80A000BF089
:2017600065FA05462A460B46AFF2D0114046FFF72AF84846FEF7FBFD04462CB94846FDF7B2
:2017800077FD0FB0BDE8F08320787B2806D04846FDF76EFD2046F3F768FFF2E7204608F012
:2017A00048FD0546F3F771FFA44908600846006830B94846FDF75CFD2046F3F756FFE0E704
:2017C0005820F3F762FF9E4908600846006850B94846FDF74DFD2046F3F747FF974800688F
:2017E000F3F743FFCDE7002095490968087094490968887006F03EFC914909688880002039
:201800008F49096848700F208D490968A1F846000F228C498A480068801DF3F74FFE2046F8
:2018200008F007FD86490968A1F84C0083480068834909688864204608F0FBFC05468049C2
:2018400009682A46886C2146F3F738FE082201A97B4800685030F3F731FE7948006806F075
:20186000C7F976480068F3F700FF75480068F3F7FCFE2046F3F7F9FE4846FDF7F9FC00BF13
:201880007FE72DE9F04F93B059A0006812905AA0006811901422AFF250310CA808F078FDCB
:2018A000AFF2543207CA09AB07C3AFF2503000680890012602A807F0C3FD5048D0E90010A8
:2018C000491C40F100004D4AC2E900101046D0E90010C2E916100822484958310CA8FFF742
:2018E00086FCFEF7EAFF0790FEF7E7FF0490FEF7E4FF0690FFF701F88246FEF7DEFF0590F6
:20190000FEF7FBFF81463E4AAFF2AC310798FEF78DFF12AAAFF2B0310798FEF787FF0CAADD
:20192000AFF2C0310798FEF781FF08AAAFF2C4310798FEF77BFF33A1DDE90620FEF751FEA7
:20194000524641A10698FEF74CFE50460599FEF704FE04F001FA07463A463DA10698FEF7D8
:2019600065FF04F005FA07463A463BA10698FEF75DFF0020F5F73BFB83460BF057F90746D5
:201980003A460B4635A10598FEF71DFF0020F6F7F2FF30B10022334B33A10598FEF713FFFB
:2019A00005E00022324B30A10598FEF70CFF30460BF03CF907463A460B462EA10598FEF710
:2019C00002FFF5F784FB83460BF030F907463A460B462AA10598FEF7F6FEF5F774FB83461B
:2019E0000BF024F907464FE0303200003034000030380000313000003031000040AF002054
:201A0000EB050020646174610000000044657654797065004C61794E756D00004D6F746F66
:201A20004E756D004D6F6465547970650000000056332E382E340000566572003406002077
:201A4000300600200C0600204C6973740000000052737369000000004E65740074656D70E4
:201A6000000000002000F940497245727200000000E7F840636F6E7461696E007261636B7D
:201A800077696474680000003A460B46F7A10598FEF799FE4A46F8A10598FEF7A2FD002515
:201AA0002DE02846F5F7F5FE80460027FEF725FF834659464846FEF750FD00BF19E00120B5
:201AC000B84000EA080048B10020ED49FEF752FE014601905846FEF740FD08E00020014691
:201AE000FEF748FE014601905846FEF736FD781CC7B2F5F7ECFAB842E1DC681CC5B2F5F790
:201B0000E2FAA842CDDCAFF29851049A0798FEF768FDBDF808000BF089F807463A460B46DE
:201B2000AFF2AC510498FEF74EFE9DF80A000BF07DF807463A460B46AFF2BC510498FEF7BE
:201B400042FE9DF80B000BF071F807463A460B46AFF2CC510498FEF736FE9DF80C000BF004
:201B600065F807463A460B46AFF2E0510498FEF72AFE9DF80D000BF059F807463A460B4653
:201B8000AFF2F0510498FEF71EFE9DF80E000BF04DF807463A460B46AFF200610498FEF722
:201BA00012FE0798FEF7E3FB04462CB90798FDF75FFB13B0BDE8F08F20787B2806D00798F0
:201BC000FDF756FB2046F3F750FDF2E7204608F030FB0746F3F759FDAA4908600846006823
:201BE00030B90798FDF744FB2046F3F73EFDE0E75820F3F74AFDA44908600846006850B91B
:201C00000798FDF735FB2046F3F72FFD9D480068F3F72BFDCDE700209B49096808709A49A2
:201C20000968887006F026FA97490968888000209549096848701F2093490968A1F846003A
:201C40001F22924990480068801DF3F737FC204608F0EFFA8C490968A1F84C0089480068C3
:201C6000894909688864204608F0E3FA0746864909683A46886C2146F3F720FC082202A9B7
:201C8000814800685030F3F719FC7F48006805F0AFFF7C480068F3F7E8FC7B480068F3F7B3
:201CA000E4FC2046F3F7E1FC0798FDF7E1FA00BF7FE72DE9F04F8BB08146AFF2C420006840
:201CC0000A901422AFF2807105A808F061FBAFF2747000680490AFF27C70006803904FF059
:201CE000000B01A807F0ACFB0822694905A8FFF77EFAFEF7E2FD8246BAF1000F03D14FF032
:201D0000020B00BF00BFFEF7D8FD05461DB94FF0030B00BF00BFFEF7D0FD06461EB94FF05E
:201D2000040B00BF00BF5B4AAFF2CC715046FEF77DFD05AAAFF2D4715046FEF777FD0AAA46
:201D4000AFF2DC715046FEF771FD04AAAFF2E4715046FEF76BFD3246AFF258315046FEF7D8
:201D600040FCD9F800000AF061FF07463A460B4649A13046FEF727FD2A46AFF60C015046AD
:201D8000FEF72FFCBDF804000AF050FF07463A460B46AFF61C012846FEF715FD9DF8060031
:201DA0000AF044FF07463A460B46AFF62C012846FEF709FD9DF807000AF038FF07463A46F3
:201DC0000B46AFF63C012846FEF7FDFC9DF808000AF02CFF07463A460B46AFF65001284630
:201DE000FEF7F1FC9DF809000AF020FF07463A460B46AFF660012846FEF7E5FC9DF80A0043
:201E00000AF014FF07463A460B46AFF670012846FEF7D9FC5046FEF7AAFA04463CB94FF09C
:201E2000050B5046FDF724FA0BB0BDE8F08F20787B2808D04FF0060B5046FDF719FA2046A5
:201E4000F3F713FCF0E7204608F0F3F90746F3F71CFC144908600846006830B95046FDF72B
:201E600007FA2046F3F701FCDEE71DE07261636B686569676874000063757272656E740035
:201E80000000F03F3C06002038060020D0B0002058AF0020EB05002041636B4572726F7263
:201EA00000000000440600205820F3F7EEFBFA4908600846006850B95046FDF7D9F9204641
:201EC000F3F7D3FBF5480068F3F7CFFBACE70120F149096808700020EF4909688870EE4922
:201EE0000968A1F84E0006F0C5F8EB49096888800020E949096848701F20E7490968A1F836
:201F000046001F22E649E4480068801DF3F7D6FAE1480068801D08B900BF00BF204608F055
:201F200088F9DD490968A1F84C00DC480068DA4909688864204608F07CF90746D6490968E8
:201F40003A46886C2146F3F7B9FA082201A9D24800685030F3F7B2FACF48006805F048FEE3
:201F6000CD4800680078012808D0CC480068F3F77CFBC9480068F3F778FB11E00120C64997
:201F800009688870C448006807F0B0F9FF2807D1C2480068F3F769FBBF480068F3F765FB4C
:201FA0002046F3F762FB5046FDF762F900BF3BE72DE9F04F93B00646BAA000681290AFF2C5
:201FC000C850006811901422AFF684210CA808F0DFF9AFF6842207CA09AB07C3AFF68420F9
:201FE0000068089002A807F02BFA0822AE490CA8FFF7FDF8FEF761FC0790FEF75EFC82465B
:20200000FEF77BFC8146FEF758FC0690FEF775FC0590FEF752FC0490A44AAFF6BC210798CD
:20202000FEF704FC0CAAAFF6C4210798FEF7FEFB12AAAFF6CC210798FEF7F8FB08AAAFF6B2
:20204000D4210798FEF7F2FB5246AFF248610798FEF7C7FA4A46AFF210615046FEF7C1FAEB
:2020600048460699FEF779FA03F04CFD83460AF0DDFD07463A460B468DA15046FEF7A3FB7D
:2020800003F06AFE07463A46AFF23C615046FEF7CDFB03F06DFE07463A46AFF24461504680
:2020A000FEF7C4FB0020F4F7A2FF83460AF0BEFD07463A460B46AFF25C610698FEF783FBB5
:2020C0000020F6F758FC38B100227B4BAFF268610698FEF778FB06E00022784BAFF2786119
:2020E0000698FEF770FB30460AF0A0FD07463A460B46AFF280610698FEF765FBF4F7E7FF71
:2021000083460AF093FD07463A460B46AFF294610698FEF758FBF4F7D6FF83460AF086FDCC
:2021200007463A460B46AFF2BC210698FEF74BFBAFF2BC21DDE90520FEF753FA002531E049
:202140002846F5F7A6FB00F0FF080027FEF7D5FB834659460598FEF700FA002D00DDB846A5
:20216000002719E00120B84000EA080048B100205349FEF7FFFA014601905846FEF7EDF940
:2021800008E000200146FEF7F5FA014601905846FEF7E3F9781CC7B2F4F799FFB842E1DC7E
:2021A000681CC5B2F4F78FFFA842C9DCAFF64041049A0798FEF715FABDF808000AF036FDCB
:2021C00007463A460B46AFF650410498FEF7FBFA9DF80A000AF02AFD07463A460B46AFF6A2
:2021E00060410498FEF7EFFA9DF80B000AF01EFD07463A460B46AFF670410498FEF7E3FA2D
:202200009DF80C000AF012FD07463A460B46AFF684410498FEF7D7FA9DF80D000AF006FD8B
:2022200007463A460B46AFF694410498FEF7CBFA9DF80E000AF0FAFC07463A460B46AFF65A
:20224000A4410498FEF7BFFA0798FEF790F804462CB90798FDF70CF813B0BDE8F08F2078EE
:202260007B2806D00798FDF703F82046F3F7FDF9F2E7204607F0DDFF0746F3F706FA11496E
:2022800008600846006830B90798FCF7F1FF2046F3F7EBF9E0E717E04006002044060020F3
:2022A00010B1002030330000A0AF0020EB0500204D6F64756C6500002000F94000E7F8407D
:2022C0000000F03F4C0600205820F3F7DEF9FE4908600846006850B90798FCF7C9FF2046F6
:2022E000F3F7C3F9F9480068F3F7BFF9B4E70020F54909680870F4490968887005F0BAFEB8
:20230000F149096888800020EF49096848701F20ED490968A1F846001F22ED49EA480068B3
:20232000801DF3F7CBF8204607F083FFE6490968A1F84C00E5480068E3490968886420466B
:2023400007F077FF0746E04909683A46886C2146F3F7B4F8082202A9DB4800685030F3F7EE
:20236000ADF8D948006805F043FCD8480068F3F77CF9D5480068F3F778F92046F3F775F976
:202380000798FCF775FF00BF66E72DE9F0478EB00546AFF6A81000680D90AFF6A410006832
:2023A0000C901422AFF6606107A807F0F1FFAFF6606207CA04AB07C3AFF66060006803903E
:2023C00001A807F03DF80822C24907A8FEF70FFFFEF773FA8246FEF770FA8046FEF76DFA96
:2023E0008146BD4AAFF688615046FEF71FFA07AAAFF690615046FEF719FA0DAAAFF69861A3
:202400005046FEF713FA03AAAFF6A0615046FEF70DFA4246AFF614215046FEF7E2F828460A
:202420000AF004FC064632460B46ACA14046FEF7CAF94A46AFF6C8615046FEF7D2F8BDF89A
:2024400004000AF0F3FB064632460B46AFF6D8614846FEF7B8F99DF806000AF0E7FB0646A6
:2024600032460B46AFF6E8614846FEF7ACF99DF807000AF0DBFB064632460B46AFF6F861FE
:202480004846FEF7A0F99DF808000AF0CFFB064632460B46AFF60C714846FEF794F99DF8E3
:2024A00009000AF0C3FB064632460B46AFF61C714846FEF788F99DF80A000AF0B7FB064679
:2024C00032460B46AFF62C714846FEF77CF95046FDF74DFF04462CB95046FCF7C9FE0EB0E6
:2024E000BDE8F08720787B2806D05046FCF7C0FE2046F3F7BAF8F2E7204607F09AFE06464C
:20250000F3F7C3F8784908600846006830B95046FCF7AEFE2046F3F7A8F8E0E75820F3F700
:20252000B4F8724908600846006850B95046FCF79FFE2046F3F799F86B480068F3F795F874
:20254000CDE7002069490968087068490968887005F090FD6549096888800020634909680C
:2025600048701F2061490968A1F846001F2258495E480068801DF2F7A1FF204607F059FEA0
:202580005A490968A1F84C0057480068574909688864204607F04DFE0646544909683246C4
:2025A000886C2146F2F78AFF082201A94F4800685030F2F783FF4D48006805F019FB4A48F8
:2025C0000068F3F752F849480068F3F74EF82046F3F74BF85046FCF74BFE00BF7FE72DE996
:2025E000F0478EB0054642A000680D90AFF6F83000680C9014223F4907A807F0C9FE3D4AB1
:20260000083207CA04AB07C33BA00068039001A806F016FF08222F49183907A8FEF7E7FD31
:20262000FEF74BF98246FEF748F98046FEF745F98146294A31A15046FEF7F8F807AA30A161
:202640005046FEF7F3F80DAA2A4920315046FEF7EDF803AA274924315046FEF7E7F84246B5
:20266000AFF660415046FDF7BCFF28460AF0DEFA064632460B4619A14046FEF7A4F84A4619
:202680001C4928315046FDF7ACFFBDF804000AF0CDFA064632460B46164930314846FEF775
:2026A00092F89DF806000AF0C1FA064632460B46104938314846FEF786F89DF807000AF0D2
:2026C000B5FA064632461DE0480600204C060020D0B00020A8AF0020EB050020436F6E74EF
:2026E00061696E4E756D0000540600205006002030390000481501083030000049440000C6
:20270000534E00000B46FE494846FEF75CF89DF808000AF08BFA064632460B46F849091D11
:202720004846FEF750F89DF809000AF07FFA064632460B46F2490C314846FEF744F89DF8DC
:202740000A000AF073FA064632460B46EC4914314846FEF738F85046FDF709FE04462CB906
:202760005046FCF785FD0EB0BDE8F08720787B2806D05046FCF77CFD2046F2F776FFF2E7C4
:20278000204607F056FD0646F2F77FFFDD4908600846006830B95046FCF76AFD2046F2F76A
:2027A00064FFE0E75820F2F770FFD74908600846006850B95046FCF75BFD2046F2F755FF54
:2027C000D0480068F2F751FFCDE70020CE4909680870CD490968887005F04CFCCA4909682C
:2027E00088800020C849096848701F20C6490968A1F846001F22C549C3480068801DF2F791
:202800005DFE204607F015FDBF490968A1F84C00BC480068BC4909688864204607F009FD5F
:202820000646B94909683246886C2146F2F746FE082201A9B44800685030F2F73FFEB24801
:20284000006805F0D5F9AF480068F2F70EFFAE480068F2F70AFF2046F2F707FF5046FCF7CA
:2028600007FD00BF7FE72DE9F1438CB0A8A000680B901422A249403906A807F089FDA04AAF
:20288000383A07CA03AB07C3AFF2941000680290684606F0D5FD08229E4906A8FEF7A7FC71
:2028A00001220CA902A8FEF7A2FCFEF706F88046FEF703F88146FEF700F80746964AAFF2D8
:2028C000C4114046FDF7B2FF06AAAFF2CC114046FDF7ACFF0BAA8A4920394046FDF7A6FFA5
:2028E00002AA87491C394046FDF7A0FF3A46844918394046FDF775FEBDF800000AF096F925
:2029000005462A460B467E4910393846FDF75BFF9DF802000AF08AF905462A460B467849EE
:2029200008393846FDF74FFF9DF803000AF07EF905462A460B4672493846FDF744FF9DF87C
:2029400004000AF073F905462A460B466C49091D3846FDF738FF9DF805000AF067F905463E
:202960002A460B4666490C313846FDF72CFF9DF806000AF05BF905462A460B46604914312A
:202980003846FDF720FF4046FDF7F1FC04462CB94046FCF76DFC0DB0BDE8F08320787B281E
:2029A00006D04046FCF764FC2046F2F75EFEF2E7204607F03EFC0546F2F767FE57490860AC
:2029C0000846006830B94046FCF752FC2046F2F74CFEE0E75820F2F758FE5149086008462A
:2029E000006850B94046FCF743FC2046F2F73DFE4A480068F2F739FECDE700204849096834
:202A0000087047490968887005F034FB44490968888000204249096848701F20404909680E
:202A2000A1F846001F2239493D480068801DF2F745FD204607F0FDFB39490968A1F84C0012
:202A400036480068364909688864204607F0F1FB0546334909682A46886C2146F2F72EFD54
:202A6000082269462E4800685030F2F727FD2C48006805F0BDF829480068F2F7F6FD284867
:202A80000068F2F7F2FD2046F2F7EFFD4046FCF7EFFB00BF7FE72DE9F04F91B08A46544633
:202AA00020A000681090AFF2B03000680F90AFF2B83000680E9014221149403909A807F086
:202AC00067FC0F4A383A07CA06AB07C315A0006805900020049002A806F0B2FC00200D4952
:202AE000403981F8710008221AA909A8FEF77FFB207901281BD10190012201A90FA813E0B0
:202B0000881501085C06002058060020D0B000203043000080AF0020EB0500206406002013
:202B20006006002030310000FEF761FB07E002200190012201A90FA8FEF759FB00BF012214
:202B400004F10A010EA8FEF752FBFDF7B6FE8346BBF1000F03D10220049000BF00BFFDF755
:202B6000ACFE06461EB90320049000BF00BFFDF7A4FE8146B9F1000F03D10420049000BFF2
:202B800000BFF74AAFF28C415846FDF74FFE09AAAFF294415846FDF749FE10AAF149584654
:202BA000FDF744FE05AAEF49091D5846FDF73EFE3246ED495846FDF714FD20780AF036F8F3
:202BC00007463A460B46AFF2EC413046FDF7FBFD60780AF02BF807463A460B46E249103128
:202BE0003046FDF7F0FDA0780AF020F807463A460B46DD4918313046FDF7E5FD0FAADBA146
:202C00003046FDF713FED4F806000AF00FF807463A460B46D7A13046FDF7D5FDD4F80A00BE
:202C20000AF004F807463A460B46CF4964313046FDF7C9FD4A46CB4908315846FDF7D1FC67
:202C4000BDF8080009F0F2FF07463A460B46C54910314846FDF7B7FD9DF80A0009F0E6FFAD
:202C600007463A460B46BF4918314846FDF7ABFD9DF80B0009F0DAFF07463A460B46B94929
:202C800020314846FDF79FFD9DF80C0009F0CEFF07463A460B46B34924314846FDF793FDDD
:202CA0009DF80D0009F0C2FF07463A460B46AD492C314846FDF787FD9DF80E0009F0B6FFF0
:202CC00007463A460B46A74934314846FDF77BFD5846FDF74CFB05463DB905200490584616
:202CE000FCF7C6FA11B0BDE8F08F28787B2808D0062004905846FCF7BBFA2846F2F7B5FC19
:202D0000F0E7284607F095FA0746F2F7BEFC9C4908600846006830B95846FCF7A9FA28466A
:202D2000F2F7A3FCDEE75820F2F7AFFC954908600846006850B95846FCF79AFA2846F2F7B9
:202D400094FC8F480068F2F790FCCBE701208D490968087000208B490968887089490968FD
:202D6000A1F84E0005F086F986490968888000208449096848701F2082490968A1F8460040
:202D80001F2281497F480068801DF2F797FB7D480068801D08B900BF00BF284607F049FA30
:202DA00078490968A1F84C0075480068754909688864284607F03DFA0746724909683A4627
:202DC000886C2946F2F77AFB082202A96D4800685030F2F773FB6B48006804F009FF6948A1
:202DE00000680078012808D065480068F2F73DFC64480068F2F739FC11E00120614909685C
:202E000088706048006806F071FAFF2807D15C480068F2F72AFC5B480068F2F726FC2846AB
:202E2000F2F723FC5846FCF723FA00BF5AE72DE9F0418AB055A00068099014224949203944
:202E400004A807F0A5FAAFF250700068039001A806F0F6FA08224E4904A8FEF7C8F9FDF72E
:202E60002CFD8046FDF729FD07463D4AAFF274714046FDF7DBFC04AAAFF27C714046FDF7E8
:202E8000D5FC09AA37494046FDF7D0FC03AA3549091D4046FDF7CAFC3A463249083140469D
:202EA000FDF79FFBBDF8040009F0C0FE05462A460B462C4910313846FDF785FC9DF80600C4
:202EC00009F0B4FE05462A460B46264918313846FDF779FC9DF8070009F0A8FE05462A46A6
:202EE0000B46204920313846FDF76DFC9DF8080009F09CFE05462A460B461A49243138467A
:202F0000FDF761FC9DF8090009F090FE05462A460B4614492C313846FDF755FC9DF80A0013
:202F200009F084FE05462A460B460E4934313846FDF749FC4046FDF71AFA04462CB9404654
:202F4000FCF796F90AB0BDE8F08120787B2821D04046FCF78DF92046F2F787FBF2E700004A
:202F6000EB05002068150108041A010853746174757300004D6F746F7245727200000000D6
:202F80006C0600206806002010B100203041000088AF0020204607F04CF90546F2F775FB22
:202FA000FE4908600846006830B94046FCF760F92046F2F75AFBC5E75820F2F766FBF8499E
:202FC00008600846006850B94046FCF751F92046F2F74BFBF1480068F2F747FBB2E70020ED
:202FE000EF4909680870EE490968887005F042F8EB49096888800020E949096848701F207A
:20300000E7490968A1F846001F22E649E4480068801DF2F753FA204607F00BF9E04909685E
:20302000A1F84C00DD480068DD4909688864204607F0FFF80546DA4909682A46886C21469D
:20304000F2F73CFA082201A9D54800685030F2F735FAD348006804F0CBFDD0480068F2F7B8
:2030600004FBCF480068F2F700FB2046F2F7FDFA4046FCF7FDF800BF64E72DE9F04F8DB09E
:2030800004462646AFF2FC0000680C90AFF6981000680B901422C44906A807F079F9C24A23
:2030A0000832D2E900109268CDE904020391AFF28C5000680290684606F0C2F90822BB49BD
:2030C00006A8FEF794F8FDF7F8FB8346FDF7F5FB8146FDF7F2FB8246B54AAFF6E01158468A
:2030E000FDF7A4FB0CAAB04920315846FDF79EFB02AAAD4924315846FDF798FB06AAAFF6A1
:2031000000215846FDF792FB4A46AA495846FDF768FA706809F073FD07463A460B46A6A152
:203120004846FDF750FBB06809F069FD07463A460B46AFF2C8114846FDF745FBF06809F0A0
:203140005EFD07463A460B469DA14846FDF73BFB5246954928315846FDF743FABDF80000AD
:2031600009F064FD07463A460B468F4930315046FDF729FB9DF8020009F058FD07463A463E
:203180000B46894938315046FDF71DFB9DF8030009F04CFD07463A460B4683494031504636
:2031A000FDF711FB9DF8040009F040FD07463A460B467D4944315046FDF705FB9DF80500C3
:2031C00009F034FD07463A460B4677494C315046FDF7F9FA9DF8060009F028FD07463A4667
:2031E0000B46714954315046FDF7EDFA5846FDF7BEF8054635B95846FCF73AF800200DB0AD
:20320000BDE8F08F28787B2807D05846FCF730F82846F2F72AFA0020F1E7284607F009F8DE
:203220000746F2F732FA674908600846006838B95846FCF71DF82846F2F717FA0020DEE77A
:203240005820F2F722FA604908600846006858B95846FCF70DF82846F2F707FA5948006822
:20326000F2F703FA0020CAE7002057490968087055490968887004F0FDFE534909688880E3
:2032800000205149096848701F204F490968A1F846001F2243494C480068801DF2F70EF9CE
:2032A000284606F0C6FF48490968A1F84C0045480068454909688864284606F0BAFF0746B4
:2032C000414909683A46886C2946F2F7F7F8082269463D4800685030F2F7F0F83A48006837
:2032E00004F086FC37480068F2F7BFF936480068F2F7BBF92846F2F7B8F95846FBF7B8FFFE
:2033000000BF7CE72DE9F0418AB030A0006809902FA0006808901422234903A807F038F8F6
:20332000AFF62C4000680290684606F089F81F484838D0E90020521C40F100001B49483919
:20334000C1E9002003C9194A483AC2E90C0108221649183903A8FDF74AFFFDF7AEFA804616
:20336000FDF7ABFA0746124AAFF670414046FDF75DFA03AAAFF678414046FDF757FA09AA5B
:20338000094920314046FDF751FA02AA064924314046FDF74BFA3A4603491BE07406002055
:2033A00070060020D0B000204815010888AF0020EB050020041A0108526174696F000000E4
:2033C000457272007C06002078060020323000003034000028314046FDF703F9BDF800003A
:2033E00009F024FC05462A460B46FE493846FDF7EAF99DF8020009F019FC05462A460B465B
:20340000F84908313846FDF7DEF99DF8030009F00DFC05462A460B46F24910313846FDF755
:20342000D2F99DF8040009F001FC05462A460B46EC4914313846FDF7C6F99DF8050009F0E8
:20344000F5FB05462A460B46E6491C313846FDF7BAF99DF8060009F0E9FB05462A460B464B
:20346000E04924313846FDF7AEF94046FCF77FFF04462CB94046FBF7FBFE0AB0BDE8F0814E
:2034800020787B2806D04046FBF7F2FE2046F2F7ECF8F2E7204606F0CCFE0546F2F7F5F860
:2034A000D14908600846006830B94046FBF7E0FE2046F2F7DAF8E0E75820F2F7E6F8CB495A
:2034C00008600846006850B94046FBF7D1FE2046F2F7CBF8C4480068F2F7C7F8CDE700207C
:2034E000C24909680870C1490968887004F0C2FDBE49096888800020BC49096848700F20B5
:20350000BA490968A1F846000F22B949B7480068801DF1F7D3FF204606F08BFEB349096815
:20352000A1F84C00B0480068B04909688864204606F07FFE0546AD4909682A46886C21469A
:20354000F1F7BCFF08226946A84800685030F1F7B5FFA648006804F04BFBA3480068F2F7AF
:2035600084F8A2480068F2F780F82046F2F77DF84046FBF77DFE00BF7FE72DE9F0418EB0BB
:203580009CA000680D90AFF6642000680C9014229449303907A806F0FBFE924A283AD2E9AA
:2035A00000109268CDE905020491AFF6B4600068039001A805F044FF08228F4907A8FDF775
:2035C00016FEFDF77AF98046FDF777F907468B4AAFF6D8614046FDF729F907AAAFF6E06113
:2035E0004046FDF723F90DAA7E4910394046FDF71DF903AA7B490C394046FDF717F93A461E
:20360000784908394046FCF7ECFFBDF8040009F00DFB05462A460B4672493846FDF7D3F886
:203620009DF8060009F002FB05462A460B466D4908313846FDF7C7F89DF8070009F0F6FA48
:2036400005462A460B46674910313846FDF7BBF89DF8080009F0EAFA05462A460B46614918
:2036600014313846FDF7AFF89DF8090009F0DEFA05462A460B465B491C313846FDF7A3F873
:203680009DF80A0009F0D2FA05462A460B46554924313846FDF797F84046FCF768FE04469D
:2036A0002CB94046FBF7E4FD0EB0BDE8F08120787B2806D04046FBF7DBFD2046F1F7D5FF75
:2036C000F2E7204606F0B5FD0546F1F7DEFF4C4908600846006830B94046FBF7C9FD2046B3
:2036E000F1F7C3FFE0E75820F1F7CFFF454908600846006850B94046FBF7BAFD2046F1F7F9
:20370000B4FF3F480068F1F7B0FFCDE700203D49096808703B490968887004F0ABFC394923
:203720000968888000203749096848701F2035490968A1F846001F22334932480068801DFE
:20374000F1F7BCFE204606F074FD2E490968A1F84C002B4800682B4909688864204606F025
:2037600068FD0546274909682A46886C2146F1F7A5FE082201A9234800685030F1F79EFEB7
:203780002048006804F034FA1D480068F1F76DFF1C480068F1F769FF2046F1F766FF4046C1
:2037A000FBF766FD00BF7FE72DE9F0418EB017A000680D90AFF6944000680C901422094949
:2037C000303907A806F0E4FD064A283A07CA04AB07C30FA00068039001A805F031FE064839
:2037E000283817E07815010884060020800600200C0600203042000068AF0020EB050020A1
:203800008C06002088060020D0B000203142000030300000D0E90020521C40F10000FE4916
:20382000C1E900200846D0E90010FB4AC2E908100822F949203107A8FDF7D9FCFDF73DF841
:203840008046FDF73AF80746F44AF5A14046FCF7EDFF07AAF3A14046FCF7E8FF0DAAF2495F
:203860004046FCF7E3FF03AAEF49091D4046FCF7DDFF3A46EC4908314046FCF7B2FEBDF8C1
:20388000040009F0D3F905462A460B46E64910313846FCF798FF9DF8060009F0C7F905463C
:2038A0002A460B46E04918313846FCF78CFF9DF8070009F0BBF905462A460B46DA49203110
:2038C0003846FCF780FF9DF8080009F0AFF905462A460B46D44924313846FCF774FF9DF8C3
:2038E000090009F0A3F905462A460B46CE492C313846FCF768FF9DF80A0009F097F905465F
:203900002A460B46C84934313846FCF75CFF4046FCF72DFD04462CB94046FBF7A9FC0EB0F7
:20392000BDE8F08120787B2806D04046FBF7A0FC2046F1F79AFEF2E7204606F07AFC054670
:20394000F1F7A3FEB94908600846006830B94046FBF78EFC2046F1F788FEE0E75820F1F7D8
:2039600094FEB34908600846006850B94046FBF77FFC2046F1F779FEAC480068F1F775FE23
:20398000CDE70020AA4909680870A9490968887004F070FBA649096888800020A4490968D7
:2039A00048701F20A2490968A1F846001F22A1499F480068801DF1F781FD204606F039FCC7
:2039C0009B490968A1F84C0098480068984909688864204606F02DFC0546954909682A4698
:2039E000886C2146F1F76AFD082201A9904800685030F1F763FD8E48006804F0F9F88B484B
:203A00000068F1F732FE8A480068F1F72EFE2046F1F72BFE4046FBF72BFC00BF7FE72DE987
:203A2000F0418EB084A000680D90AFF6087000680C9014227C49203907A806F0A9FC7A4A6B
:203A4000183AD2E900109268CDE905020491AFF240200068039001A805F0F2FC08226E4994
:203A6000383107A8FDF7C3FBFCF727FF8046FCF724FF0746694A6AA14046FCF7D7FE07AA7D
:203A800068A14046FCF7D2FE0DAA67494046FCF7CDFE03AA6449091D4046FCF7C7FE3A46EB
:203AA000614908314046FCF79CFDBDF8040009F0BDF805462A460B465B4910313846FCF748
:203AC00082FE9DF8060009F0B1F805462A460B46554918313846FCF776FE9DF8070009F0BC
:203AE000A5F805462A460B464F4920313846FCF76AFE9DF8080009F099F805462A460B4628
:203B0000494924313846FCF75EFE9DF8090009F08DF805462A460B4643492C313846FCF76F
:203B200052FE9DF80A0009F081F805462A460B463D4934313846FCF746FE4046FCF717FCEC
:203B400004462CB94046FBF793FB0EB0BDE8F08120787B2806D04046FBF78AFB2046F1F700
:203B600084FDF2E7204606F064FB0546F1F78DFD324908600846006830B94046FBF778FB06
:203B80002046F1F772FDE0E75820F1F77EFD2C4908600846006850B94046FBF769FB2046E8
:203BA000F1F763FD25480068F1F75FFDCDE7002023490968087022490968887004F05AFA5F
:203BC0001F490968888000201D49096848701F201B490968A1F846001F22164918480068FA
:203BE000801DF1F76BFC204606F023FB14490968A1F84C00114800681149096888642046CE
:203C000006F017FB05460E4909682A46886C2146F1F754FC082215E040AF0020EB05002048
:203C200049440000534E0000681501089406002090060020D0B00020304400009C0600208A
:203C40009806002001A9FB4800685030F1F736FCF848006803F0CCFFF7480068F1F705FDC0
:203C6000F4480068F1F701FD2046F1F7FEFC4046FBF7FEFA00BF68E72DE9F0478EB005461E
:203C8000AFF24C0000680D90ECA000680C901422EB4907A806F07CFBE94A083207CA04AB2F
:203CA00007C3E6A00068039001A805F0C9FB0822E44907A8FDF79BFAFCF7FFFD8246FCF71E
:203CC000FCFD8146FCF7F9FD8046DF4AAFF2B0015046FCF7ABFD07AAAFF2B8015046FCF735
:203CE000A5FD0DAAD64920315046FCF79FFD03AAD34924315046FCF799FD4246D34950465F
:203D0000FCF76FFC284608F091FF064632460B46AFF6A8514046FCF756FD4A46C8492831D6
:203D20005046FCF75EFCBDF8040008F07FFF064632460B46C24930314846FCF744FD9DF899
:203D4000060008F073FF064632460B46BC4938314846FCF738FD9DF8070008F067FF064674
:203D600032460B46B64940314846FCF72CFD9DF8080008F05BFF064632460B46B0494431EE
:203D80004846FCF720FD9DF8090008F04FFF064632460B46AA494C314846FCF714FD9DF8F5
:203DA0000A0008F043FF064632460B46A44954314846FCF708FD5046FCF7D9FA04462CB927
:203DC0005046FBF755FA0EB0BDE8F08720787B2806D05046FBF74CFA2046F1F746FCF2E7EA
:203DE000204606F026FA0646F1F74FFC984908600846006830B95046FBF73AFA2046F1F7D6
:203E000034FCE0E75820F1F740FC924908600846006850B95046FBF72BFA2046F1F725FCF1
:203E20008B480068F1F721FCCDE7002089490968087088490968887004F01CF98549096831
:203E4000888000208349096848701F2081490968A1F846001F2280497E480068801DF1F72F
:203E60002DFB204606F0E5F97A490968A1F84C0077480068774909688864204606F0D9F955
:203E80000646744909683246886C2146F1F716FB082201A96F4800685030F1F70FFB6D48C2
:203EA000006803F0A5FE6A480068F1F7DEFB69480068F1F7DAFB2046F1F7D7FB5046FBF7AB
:203EC000D7F900BF7FE710B55E48383890F8860000B910BD01F070FE01F02FFF00B9F8E768
:203EE00004F01BFF28B900205649383981F87000EFE75448383890F87A00C0B95148383854
:203F0000B0F87800B0F57A7F09DA4E483838B0F87800401C4B493839A1F878005BE000200D
:203F200048493839A1F87800FFF7ECF953E04548383890F8700088BB42483838B0F8720014
:203F4000B0F57A7F09DA3F483838B0F87200401C3C493839A1F8720006E000203949383979
:203F6000A1F87200FDF740FB36483838B0F8840041F27071884209DA32483838B0F8840016
:203F8000401C30493839A1F8840024E000202D493839A1F88400FDF71BF91CE0FFE729483B
:203FA0003838B0F87C004EF66021884209DA25483838B0F87C00401C22493839A1F87C00AD
:203FC00009E001F0BDFE30B900201E493839A1F87C00FDF756FC00BF7BE770B5002401F0B5
:203FE0002FFF28B301F02CFF1C49088001F028FF0546F1F74AFB1A4908600846006800B9E5
:2040000070BD1748006801F020FF1448008801B21348006801F07CFE58B91048018810488D
:20402000006804F090FD04460D480068F1F71DFB1DE017E0980600209C06002030310000BB
:204040004815010878AF0020EB050020041A0108A4060020A0060020D0B00020A80600207E
:20406000AC060020FE480068F1F7FFFAC8E700BFC6E72DE9F04F87B0002500260020069037
:2040800004900590039001F058FE10B907B0BDE8F08FFFF7A2FFF348007840B1012812D033
:2040A00002282ED0032840F0E98700F0D8BF04F0C0FCED4908600846006810B10120E9496E
:2040C000087000F0DBBFE8480068FBF756FFE74908600846006880B1E549E4480068FCF7CB
:2040E000E6F9E4490860096801220869E249FDF7ECF80220DB49087002E00320D9490870E7
:20410000DFE7DD48007808287ED00BDC80F0A187DFE810F09F071A008A012E025702110390
:20412000150319030D2800F05E8607DC0A286CD00B286BD00C2840F08C87FDE31B2866D0B3
:204140002028F8D100F03ABF0024A246A346A1460420F1F79AFA044634B9012003900320DB
:20416000C049087000BF00BFAFF24851BF480068FCF79DF9BF4908600846006858B90220B5
:204180000390BE4820602046FDF793FD0320B549087000BF00BFB74909680822086904A94C
:2041A000FDF793F8B64ADDE90401C2E9060105F029FA58B101200390B048801E20602046B2
:2041C000FDF777FD0320A74908705FE7DDE90401FCF7D2FF00287DD0A5490831A348006828
:2041E000FCF765F9A7490860A1491031A5480068FCF75DF99F49086008460068808AA24952
:2042000008809B49183103E0A1E21BE3FEE3FEE39C480068FCF74BF9964908600846006843
:20422000007D994988709249203196480068FCF73EF99049086008460068007D9249C87004
:204240008B4924318F480068FCF731F98949086008460068007D8C49087185492C31894822
:204260000068FCF724F98349086008460068007D854948717E49343182480068FCF717F977
:204280007C49086008460068007D7F498871084605F07BF958B1032003907848801E2060A9
:2042A0002046FDF706FD03206E490870EEE6774805F0C6F87449754805F03DF9012813D157
:2042C0007149724805F0E3F83C2810D9042003906A4800E0A0E0C01E20602046FDF7E9FCE7
:2042E000032060490870D1E6674805F0C2F868495E480068FCF7DBF8664908600846006813
:2043000050B9052003905D4820602046FDF7D1FC032054490870B9E65D4944315D48006891
:20432000FCF7C5F88246BAF1000F0AD106200390524820602046FDF7BCFC0320494908705E
:20434000A4E65046FCF768F800F0FF0BF2F79DFA58450BDA072003904848401E2060204660
:20436000FDF7A7FC03203F4908708FE64FF000094AE049465046FCF76CF802904649029865
:20438000FCF795F83B49086008460068007D06903F4910310298FCF78AF8364908600846DB
:2043A0000068057D3A4918310298FCF780F83149086008460068067D102E00DD1026082DA1
:2043C00000DD082500208DF804008DF805508DF8066001208DF80700304800902848D0E987
:2043E00006733A4601A90020F2F7AAFA20B10120234981F8710003E00820039000BF00BF09
:2044000009F1010000F0FF09D945B2DB244820602046FDF74EFC03E00920039000BF00BF51
:2044200003201049087093E3AFF608010F480068FCF73DF80F49086009680822086904A904
:20444000FCF743FF0E48D0E90232DDE904105940504001437DD10120094981F8700021E0F2
:20446000AC060020C0060020C4060020C806002068150108D0060020C106002098BA0100F6
:2044800040AF0020CC060020B0060020B8060020041A0108D4060020DC260108972A010871
:2044A00068B90100FD49FE480068FCF700F8FD490860FA490831FB480068FBF7F8FFFA49FA
:2044C000086008460068808AF8490880F3491031F4480068FBF7EBFFF34908600846006894
:2044E000007DF2498870ED491831EE480068FBF7DEFFED49086008460068007DEB49C870E3
:20450000E6491C31E7480068FBF7D1FFE649086008460068007DE5490871E0492431E148AE
:204520000068FBF7C4FFE049086008460068007DDE494871D9492C31DA480068FBF7B7FF09
:20454000D949086008460068007DD8498871084600E009E005F019F818B10320D4490870E6
:2045600094E5D24804F085FF0320D14908705AE7AFF65011CA480068FBF799FFCA490860B5
:2045800009680822086904A9FCF79FFEC94ADDE90401C2E91801C849C1480068FBF787FF36
:2045A000C6490860C649C5480068FBF780FFBE4908600968087DFDF7FBFC0320BC4908709F
:2045C00031E7FCF710FE18B90320B94908705DE5AFF6B011B2480068FBF769FF044608227C
:2045E00004A92069FCF771FEB24ADDE90410C2E91A10B149AA480068FBF759FF8146B0491A
:204600004846FBF754FF044694F81480A349A4480068FBF74CFF8246A04908315046FBF76E
:2046200046FF0446A08AA14908809C4910315046FBF73DFF0446207D9C4988709749183178
:204640005046FBF734FF0446207D9849C87093491C315046FBF72BFF0446207D9349087188
:204660008E4924315046FBF722FF0446207D8F4948718A492C315046FBF719FF0446207D36
:204680008A498871084604F080FF18B1032088490870FBE48B4804F0D3FE8449894804F04F
:2046A0004AFF01280CD14046FDF76FFE7F49854804F0EDFE3C2809D903207D490870E5E4E0
:2046C0007A4804F0D6FE4046FDF75FFEDDE90401FCF752FD58B37CA14846FBF7E8FE044694
:2046E000012202A92069FCF7F0FD78A14846FBF7DEFE0446012201A92069FCF7E6FD74A183
:204700004846FBF7D4FE0446277D00208DF800009DF808008DF801009DF804008DF8020071
:204720008DF8037069460020F2F77AFC00BF03205F49087077E603205D49087073E6032037
:204740005B4908706FE60320594908706BE6AFF62C3153480068FBF7AAFE53490860096846
:204760000822086904A9FCF7B0FD5248D0E91623DDE904105140584001435FD1474948482E
:204780000068FBF794FE474908604449083145480068FBF78CFE4449086008460068808A49
:2047A000424908803D4910313E480068FBF77FFE3D49086008460068007D3C4988703749A4
:2047C000183138480068FBF772FE3749086008460068007D3549C87030491C3131480068CE
:2047E000FBF765FE3049086008460068007D2F4908712A4924312B480068FBF758FE2A4901
:20480000086008460068007D2849487123492C3124480068FBF74BFE234908600846006871
:20482000007D22498871084604F0AFFE18B103201F4908702AE41D4804F01BFE03201C49D4
:204840000870F0E5FCF7CFFC18B90320184908701CE4AFF6304112480068FBF728FE124935
:20486000086009680822086904A9FCF72EFD114ADDE90401C2E91201084909480068FBF719
:2048800016FE084908600549083106480068FBF70EFE05490860084600681DE07015010819
:2048A000C8060020CC060020D0060020B0060020C006002040AF0020041A0108D406002036
:2048C000DC260108B8060020456E00004D6F640054656D7000000000808AFE490880FE4966
:2048E000FE480068FBF7E3FDFD49086008460068007DF8498870F8490831F8480068FBF70A
:20490000D6FDF749086008460068007DF149C870F1490C31F1480068FBF7C9FDF049086006
:2049200008460068007DEB490871EB491431EB480068FBF7BCFD00E047E1E94908600846E8
:204940000068007DE3494871E3491C31E3480068FBF7ADFDE249086008460068007DDD49F9
:204960008871084604F011FE18B10320DD4908702BE4DD4804F064FDD649DB4804F0DBFDCC
:2049800001280BD1FEF753FAD249D74804F07FFD3C2808D90320D349087016E4CD4804F027
:2049A00068FDFEF744FADDE90401FCF7E5FB00287ED02020F0F769FE04461CB90320C94969
:2049C000087073E4C949CA480068FBF770FDC9490860C9A1C7480068FBF769FDC0490860F9
:2049E0000968086905F025FC0746BD4800683A460169C448F0F762FDB9490968086905F0F0
:204A000018FCC04981F88000BFA101E0A1E0B9E0B8480068FBF74BFDB1490860096808693F
:204A200005F007FC0746AE4800683A460169B5484030F0F743FDAA490968086905F0F9FB97
:204A4000B04981F88100B3A1AA480068FBF72FFDA34908600968086905F0EBFB0746F0F752
:204A600014FE20609E490968086905F0E2FB07469B4A126811693A462068F0F71FFDA7A190
:204A80009C480068FBF713FD954908600968086905F0CFFB0746F0F7F8FD606090490968AE
:204AA000086905F0C6FB07468D4A1268116900E04BE03A466068F0F701FD99A18D48006808
:204AC000FBF7F5FC864908600968086905F0B1FB0746F0F7DAFDA06081490968086905F08D
:204AE000A8FB07467E4A126811693A46A068F0F7E5FC8DA17F480068FBF7D9FC784908606D
:204B0000084600684069E06089A17A480068FBF7CEFC7349086009681022086904F11001A8
:204B2000FCF7F0FB04F010F9834A8449204604F08AFE6068F0F799FD2068F0F796FDA068CF
:204B4000F0F793FD2046F0F790FD03206549087083E2AFF6307166480068FBF7A8FC6049BB
:204B6000086009680822086904A9FCF7AEFB744ADDE90410C2E90A10FEF7FFFC0320594966
:204B800008706AE2AFF6647159480068FBF78FFC5349086009680822086904A9FCF795FB11
:204BA000674ADDE90401C2E9080100201146A1F87600484804F0E9FC18B1032049490870E0
:204BC000CEE403204749087047E2002400200290FCF709FB18B9032042490870C0E4AFF6C2
:204BE000BC7143480068FBF762FC3D49086009680822086904A9FCF768FB514ADDE90410D3
:204C0000C2E910103449103939480068FBF74FFC324908603049083930480068FBF747FC2B
:204C20002F49086008460068808A2A4908802A492A480068FBF73BFC2949086008460068D3
:204C4000007D244988702449083124480068FBF72EFC2349086008460068007D1D49C87037
:204C60001D490C311D480068FBF721FC1C49086008460068007D17490871174914311748D8
:204C80000068FBF714FC1649086008460068007D1049487110491C3110480068FBF707FC43
:204CA0000F49086008460068007D0A4988710A4914390A480068FBF7FAFB09490860096849
:204CC0000122086902A9FCF700FB024804F05DFCC0B338E0B006002080150108CC0600201F
:204CE000D0060020C0060020B8060020041A0108C8060020D4060020507562546F706963C5
:204D00000000000044B40020537562546F70696300000000486F73740000000055524C00C1
:204D20004677566572000000467753697A65000046774D44350000000D8901087B3001085B
:204D400040AF002003E00320CE49087008E4CE4804F076FBCD49CC4804F0EDFB01280DD13B
:204D60009DF80800FDF77FFDC849C74804F08FFB3C280AD90320C349087028E4C34804F08F
:204D800078FB9DF80800FDF76EFDDDE90401FCF7F3F920B30620F0F778FC04461CB9032064
:204DA000B849087013E4BA49BA480068FBF77FFBB9490860B9A1B8480068FBF778FBBA4916
:204DC000086008460068808AA0800020608001202070204603F0C5FF2046F0F746FC03200B
:204DE000A849087039E1FCF7FEF918B90320A54908704EE4ADA1A7480068FBF758FBAA49DD
:204E0000086009680822086904A9FCF75EFAA84ADDE90401C2E90E01A1A19E480068FBF72D
:204E200046FBA4490860A449A2480068FBF73FFB9D49086008460068808A944908809E4917
:204E400008319C480068FBF732FB9749086008460068007D8D4988709749103195480068FF
:204E6000FBF725FB9049086008460068007D8749C870914914318F480068FBF718FB8A496E
:204E8000086008460068007D804908718A491C3188480068FBF70BFB8349086008460068FB
:204EA000007D7A4948718449243182480068FBF7FEFA7D49086008460068007D73498871A5
:204EC000084604F062FB18B103206E490870B1E46D4804F0B5FA6D496B4804F02CFB01287E
:204EE0000BD1FEF79CFD6949674804F0D0FA3C2808D90320634908709CE4644804F0B9FACA
:204F0000FEF78DFDDDE90401FCF736F9F0B35520F0F7BBFB04461CB903205A49087089E4A6
:204F20005B495C480068FBF7C2FA5B49086063A159480068FBF7BBFA5B4908600968086965
:204F400005F077F90746584800683A4601692046F0F7B4FA5CA150480068FBF7A8FA524986
:204F600008600968086905F064F907464E4800683A46016904F14000F0F7A0FA54A1464827
:204F80000068FBF794FA4849086000E012E00968086905F04EF90746434800683A46016916
:204FA00004F14A00F0F78AFA204601F03AF82046F0F75BFB0320334908704EE03BA135487D
:204FC0000068FBF774FA3849086009680822086904A9FCF77AF9364ADDE90410C2E90C10E0
:204FE0002B492C480068FBF762FA2B4908603AA129480068FBF75BFA2B490860096808697E
:2050000005F017F9044628480068224601693548F0F754FA34A120480068FBF748FA2249A1
:2050200008600968086905F004F904461E480068224601692B484030F0F740FA2948F2F7EC
:2050400016F901201A4981F87A0003200D49087003E003200B49087000BF00BF0EE00D4846
:20506000006818B10B480068FAF702F921480068F0F7FBFA00200349087000BF00BF00BF8A
:2050800076E40000C0060020B8060020B0060020041A0108C8060020D4060020446F776E75
:2050A00054696D6500000000D0060020534E000040AF0020CC0600207815010849506164D5
:2050C0006472657373000000706F7274000000006D6F646500000000446576696365546F32
:2050E00070696300D0B00020536572766572546F70696300C4060020DB480021DB4A11609A
:2051000000BF0100A0F10100FBD1D7480121D74A116000BF0100A0F10100FBD1704700B514
:20512000FFF7EAFF00BD10B59622D1A1D4A000F0A5FE10BDD7487047D748704730B5034636
:205140000C4621461A4607E008781578A84201D0002030BD491C521C08780028F4D11046E4
:20516000F7E710B503460C461946224603E008781070521C491C08782C2804D0087810B18B
:2051800008780D28F3D10020107008782C2802D1481C014610BD0020FCE7F0B504460E4691
:2051A000701E205C0A2803D1B01E205C0D2801D00020F0BD20780D2802D160780A2801D047
:2051C0000020F6E700250AE0B44850F825102046FFF7B4FF074607B103E0681CC5B2022D29
:2051E000F2DB00BF15B1012D13D106E0A9493846FFF7B7FF0746FF20DBE7A7493846FFF7B7
:20520000B0FF0746A4493846FFF7ABFF0746FF20CFE70020CDE7A248007870470120A1496D
:205220000870704700209F490870704710B59D48007800B910BDFBF7C7FF00B1FAE703F023
:205240006CFDE0B1FBF7CFFFC8B99748B0F9000041F27071884206DA93480088401C00B25C
:20526000914908800EE000208F49088003F09AFBFBF75EFF03F05BFD00F0F2FB02E000205D
:205280008949088089480068401C88490860084600680A2803D10020814908702AE08348F3
:2052A00000688349884225D101207D49087000207E4908607F48007808B9012000E000202B
:2052C0007C4908700846007850B17B49086804F0B0FF044678490868214600F0A8FD09E093
:2052E0007549086804F0A5FF044673490868214600F09DFD00BF9DE770B5044664216F4893
:2053000005F078F804F1400322466DA16B4804F0C5FD72480078022806D0032815D00428A3
:205320004CD0052810D156E04FF400716C4805F061F8624804F07DFF054629465F4800F0EC
:2053400076FD0320654908708BE066A1644804F03AFF18B10420614908702EE06248006817
:20536000401C6149086008460068C82825D902205A49087000205C4908605C480068401C49
:205380005A490860084600680321B0FBF1F201FB120090B955480068092809D10020534977
:2053A000086002204D49087051490870EE2070BD02204F4908704949087052E04FF40071E6
:2053C000474805F017F810214AA000F030FD05204249087045E02146414804F0F4FE78B1B6
:2053E00004F140013E4804F0EEFE48B100203F4908600220394908703D490870FF20D6E712
:2054000039480068401C3849086008460068C82826D9042031490870002033490860334824
:205420000068401C31490860084600680321B0FBF1F201FB120098B92C480068092809D118
:2054400000202A49086002202449087028490870EE20ACE7022021490870042024490870B3
:2054600000BF00BF0020A2E7FFFF0F00B00122420D0A2B574B4D4F443A4E455400000000FE
:205480007573722E636E41542B574B4D4F443F0D0A000000F0060020FF060020E8060020D2
:2054A00015070020160700200E0700201007002020BF020014070020DC06002050B10020C8
:2054C0007573722E636E41542B534F434B413D5443502C25732C25730D0A00001707002041
:2054E000D0A800204F4B00001C07002020070020180700207573722E636E41542B534F43B3
:205500004B410D0A00000000FA480021FA4A116000BF0100A0F10100FBD1F6480121F64A12
:20552000116000BF0100A0F10100FBD1704700B5FFF7EAFF00BD70B505460E46144600BFF7
:205540003146284604F03FFE18B92000A4F10104F6D10CB9002070BD0120FCE710B5E748D9
:205560000068401CE5490860084600680A280AD1E349086804F05DFE0446E14908682146D8
:2055800000F055FC13E0DD48006814280ED9FA22DCA1DEA000F072FC0446FF2C01D0EE2C52
:2055A00002D10020D5490860204610BD00BF0020FBE7D9487047D9487047D94870476FF097
:2055C0007F400021CC4A116000BF0100A0F10100FBD17047002004E00021D04A1154411C8E
:2055E000C8B20F28F8DB704730B503460C4621461A4607E008781578A84201D0002030BD6D
:20560000491C521C08780028F4D11046F7E710B503460C461946224603E008781070521C9E
:20562000491C08782C2804D0087810B108780D28F3D10020107008782C2802D1481C0146B1
:2056400010BD0020FCE7F0B504460E46701E205C0A2803D1B01E205C0D2801D00020F0BD0A
:2056600020780D2802D160780A2801D00020F6E700250AE0AB4850F825102046FFF7B4FF24
:20568000074607B103E0681CC5B2022DF2DB00BF45B9FFF79FFFA1493846FFF7B8FF074678
:2056A000FF20DCE70020DAE79F480078704701209E490870704700209C490870704710B5E1
:2056C0009A48007800B910BDFBF77EFD00B1FAE703F023FBE0B1FBF786FDC8B99448B0F9CE
:2056E000000041F27071884206DA91480088401C00B28F4908800EE000208D49088003F0BE
:2057000051F9FBF715FD03F012FB00F0A9F902E000208749088087480068401C8549086086
:20572000084600688449884211D101207E49087082A1794804F059FD7149086804F079FD18
:2057400004466F490868214600F071FB30E07948006879490A3188420AD17949086804F013
:2057600068FD044676490868214600F060FB1FE07048006870491E3188420AD16049486874
:2057800004F057FD04465E494868214600F04FFB0EE06848006868493231884208D169A1B8
:2057A0005D4804F022FD00205F4908706149086000BF88E770B500245149086804F039FD34
:2057C00005464F490868294600F031FB4FF4FA725DA15FA000F052FB0446FF2C00D170BD8F
:2057E00000BFFCE770B504466421624804F002FE04F14003224660A15E4804F04FFB644844
:20580000007806280BD2DFE800F0030B1D2E68D7032160A000F00BFB01205D4908700EE16E
:205820005D480068401C5C49086008460068322807D900200860022055490870574800782B
:205840000870FCE04FF40071554804F0D3FD494804F0EFFC05462946464800F0E8FA032032
:205860004B490870EBE04FA14D4804F0ACFC18B10420474908702FE047480068401C46494A
:20588000086008460068C82826D902204049087000204149086044480068401C4249086083
:2058A000084600680321B0FBF1F201FB120098B93D480068092809D100203B4908603449A0
:2058C0000870022035490870EE2070BD02203349087000202E490870B1E04FF4007130481B
:2058E00004F088FD092131A000F0A1FA052028490870A4E0FFFF0F00B00122426807002066
:20590000240700200D0A2B4F4B00000041542B455841540D0A000000B4B10020400700206B
:205920004F0700203807002065070020660700205E07002060070020407E05004154000015
:205940002C070020544300000D0A2B4F4B0D0A0041542B534F434B313D302C544350432C5A
:205960007A642E6A756D6961692E636E2C31383833000000C3B1002041542B534F434B3DDC
:20598000544350432C25732C25730D0A000000006C0700202B2B2B00700700206D070020FF
:2059A000D0A800202B4F4B007407002041542B534F434B0D0A0000002146224804F003FC24
:2059C00060B104F140011F4804F0FDFB30B102201D4908701D490870FF2076E71C48006826
:2059E000401C1B49086008460068C82826D904201549087000201649086016480068401CD7
:205A000014490860084600680321B0FBF1F201FB120098B90F480068092809D100200D49BA
:205A2000086009490870022008490870EE204CE700200549087004200449087000BF00BFBB
:205A4000002042E7D0A800206C0700206D07002070070020740700200120CB494870704768
:205A600000B5FFF7F9FF0120C849087000204880C5480078487000BDC448007800B9704703
:205A8000C2484078F0B9C14840881E2808DABF484088401CBD4948800120BD4908602FE00B
:205AA000BA4840883C2808DAB8484088401CB74948800020B649086022E00020B34948807D
:205AC00008701DE0B1484088142808DAAF484088401CAE4948800020AD49086010E0AB4837
:205AE0004088282808DAA9484088401CA74948800120A749086003E00020A4494880087036
:205B000000BFBCE7A0480078704710B500F088F9A0499D48C160002141729F4901619F49E1
:205B200041619F49C1619F4981610020964908720121954881729C4941629C4901629C49CF
:205B400081629C490163012180F82D100021416399498163994901649949C163002180F8D1
:205B60002C10022180F82E1096498164964941649649C16496494165012180F85110002123
:205B800081659449C1659449416694490166002180F85010032180F852109149C166914982
:205BA00081669149016710BD77484078042801DB012070470020FCE710B573484078052830
:205BC00026D2DFE800F00326416E98006E48007800EBC0016C48083010F8210098B96A48B4
:205BE000007800EBC0016848083000EB8100006948B16549097801EBC1026349083101EB1C
:205C000082010869804701205F494870002088807CE05D48808841F28831884205DA5A48E0
:205C20008088401C584988800DE00020564988800220487001215448007800EBC00252484C
:205C4000083000F8221061E000246848007820BB4D49097801EBC1024B49083101EB820178
:205C6000C86880470446FF2C07D101205F490870454988700320487012E0EE2C10D1002031
:205C80004149487008460078401C087008460078032805D10020087002E003203A49487089
:205CA00034E000243848007800EBC0013648083000EB81004078D0B93348007800EBC00106
:205CC0003148083000EB8100806850B12E49097801EBC1022C49083101EB82018868804743
:205CE0000446FF2C06D104202749487002E00420254948700AE02449097801EBC1022249EE
:205D0000083101EB82014868804700BF00BF10BD70B504460D461C48807860B11A48007810
:205D200000EBC0011848083000EB8100294642692046904770BD0020FCE713488078704722
:205D400010B51149097801EBC1020F49083101EB8201086A804710BD10B50B49097801EB68
:205D6000C1020949083101EB82018869804710BD10B50549097801EBC1020349083101EB2D
:205D80008201C869804710BD28B2002078070020B00122420D6C01089B610108116101080B
:205DA000E7690108B760010801690108FD6801085B6A01082D520108275101089B510108BD
:205DC0001F510108395101083551010817520108BF5601085D550108475601082F550108AA
:205DE000BB550108B7550108A95601087C07002008B501211020EDF7C5FC4FF48050ADF85E
:205E0000000010208DF8030003208DF8020069464148EDF775F94FF480503F49086108BDCD
:205E200010B5FFF7E5FF0320F8F712F910BD70B504460D46AAB221460320F8F78BF970BD91
:205E400010B50320F8F721F910BD10B5044621460320F8F757F910BD70B505460E461446C1
:205E600031462846FFF7E3FF00BF0320F8F722F918B12000A4F10104F7D170BD2DE9F041BA
:205E800006460F4614462548007810B101283FD10FE023480460304604F0CBF90546294682
:205EA0003046FFF7C4FF01201C4908700020BDE8F081FFF7C5FFD8B1FFF7C2FF8046EFF7D9
:205EC000E4FB054695B12846FFF7BFFF0020134908703946284604F076F920B12846EFF7C7
:205EE000C4FBFF20E3E72846EFF7BFFB0020DEE70B48006828B10A480068401E08490860A2
:205F000004E0002005490870EE20D0E70020CEE700BF00BFCBE700000010014080070020F5
:205F20008407002010B50024434890F85400012876D14248007830B1012814D0022822D0EA
:205F400003286BD157E03E480088401C3C49088008460088B0F57A7F04DD0020088001200E
:205F6000364908705BE0FFF7CDFD36490870FBF7DAF802F002FFFFF755F9FFF79CFB02208E
:205F80002E4908704BE02F48007820B1012811D002282DD11DE0284801F0AEFCC4B2FF2C4C
:205FA00002D1032025490870EE2C02D10320234908701EE02048FFF79FF9C4B2FF2C02D1A9
:205FC00003201E490870EE2C02D103201B4908700FE01948FFF706FCC4B2FF2C02D10320F4
:205FE00016490870EE2C02D103201449087000E000BF00BF13E00020104908700E4981F8D3
:206000005400FFF70BF9FFF752FB02F0B2FEFBF785F8EFF76DFB02E002E0FFE700BF00BF68
:2060200010BD10B50446012084F85400552221460148EFF743FA10BD88070020DD070020C9
:20604000E0070020DE07002010B503460C461946224603E008781070521C491C08782C2883
:2060600004D0087810B108780D28F3D10020107008782C2802D1481C014610BD0020FCE7D0
:206080007047FD480121FD4A116000BF0100A0F10100FBD1F848F94A116000BF0100A0F1C7
:2060A0000100FBD1704710B54FF6FF720A21F4A0FFF7D2FE10BD10B5F448F1F736F96421F2
:2060C000F34804F097F9F14B4033F04AF1A1F04803F0E4FEFFF7D5FFFFF7D2FF10BD70B5F6
:2060E0000446F3A5002609E028782178884201D0002070BD6D1C641C701CC6B2284604F01F
:2061000098F8B042F0D80120F3E7EC490870704710B5EB48007810B1012839D10CE04FF443
:206120000071E84804F066F90921E7A0FFF77FFE0120E34908702DE0E6A1E24804F043F895
:2061400040B10020DE490870E4490880E4490880FF2010BDE1480088401CE049088008462D
:206160000088B0F5967F12DD00200880D4490870DB480088401CDA490880084600880A28F7
:2061800005DD00200880CE490870EE20E1E701E0EE20DEE700BF0020DBE72DE9F04100274D
:2061A000C648007827283AD2DFE810F05400C500FE00580139008B02C502FF0238033900C5
:2061C00039008C0051023A00270039005E02DA019900D20039003900390039003900390011
:2061E000390039003900390061000B010C03060213024903D20298027603FFF742FFFFF7C2
:206200003FFF0D20AD490870B6480078401CB549087008460078322801DD0020087068E37C
:20622000B1A1A84803F0CFFF28B10020A3490870B04908600DE0AF480068401CAD49086097
:2062400008460068B0F57A7F03D9002008609B4908704EE34FF400719A4804F0CBF8042187
:20626000A5A0FFF7E4FD1E209449087041E3A4A1944803F0A8FF40B10B2090490870002003
:206280009C4908609F4908701BE09A480068401C9849086008460068B0F5967F11D90020ED
:2062A00008608649087097480078401C95490870084600780A2804DD002008700E207F49BF
:2062C000087016E34FF400717E4804F093F806218DA0FFF7ACFD12207849087009E38CA1DD
:2062E000784803F070FF40B1012074490870002080490860834908701CE07E480068401C1A
:206300007C49086008460068B0F5967F12D9002008600B20694908707A480078401C7949C0
:206320000870084600780A2804DD002008700E2062490870DDE24FF40071624804F05AF8C0
:206340000A2175A0FFF773FD13205C490870D0E274A15C4803F037FF40B102205749087088
:20636000002064490860674908701CE061480068401C6049086008460068B0F5967F12D9EB
:206380000020086001204D4908705E480078401C5C490870084600780A2804DD002008703E
:2063A0000E2046490870A4E24FF40071454804F021F8082160A0FFF73AFD1F203F4908703F
:2063C00097E200240025A04600265EA13D4803F0FAFE00F10804B4B15D492046FFF734FEEA
:2063E00000BF0BE0605D2C2800D109E006EB86004600605D30380644681CC5B2032DF1DB05
:2064000000BF2E4886622D48806A002808DD03202A4908700020374908603A4908701CE0E6
:2064200034480068401C3349086008460068B0F5967F12D9002008600220204908703148D9
:206440000078401C2F490870084600780A2804DD002008700E20194908704AE24FF400711F
:20646000184803F0C7FF0B213AA0FFF7E0FC1120124908703DE20000FFFF0F00B0012242E6
:2064800041542B52455345540D0A000024080020ABB2002041542B43495053544152543D72
:2064A00022544350222C222573222C25730D0A000D0A534D5320524541445900980800206F
:2064C000DA080020D0A8002041542B43474D4D0D0A0000004169723732300000DE0800206C
:2064E000DC080020F1080020534D53205245414459000000EC08002041540D0A0000000037
:206500004F4B0000F0080020415445300D0A00000D0A4F4B0D0A000041542B4350494E3FB7
:206520000D0A00000D0A2B4350494E3A2052454144590D0A0000000041542B4353510D0A34
:20654000000000000D0A2B4353513A20000000000408002041542B43474154543F0D0A0003
:20656000F5A1F84803F02FFE40B12120F64908700020F6490860F64908701CE0F34800681F
:20658000401CF249086008460068B0F5967F12D9002008600320EC490870ED480078401C40
:2065A000EB490870084600780A2804DD002008700E20E54908709CE14FF40071E14803F09D
:2065C00019FF0D21E3A0FFF732FC2220DE4908708FE10024E3A1DB4803F0F5FD00F10C04CC
:2065E0002078302809D10C20D74908700020D7490860D7490870BDE8F0812078312808D1ED
:206600000520D14908700020D0490860D0490870F1E7CE480068401CCC49086008460068AC
:20662000B0F5967F12D9002008602120C6490870C7480078401CC649087008460078052808
:2066400004DD002008700E20BF49087051E14FF40071BC4803F0CEFE0E21C6A0FFF7E7FBFD
:206660001020B949087044E1AFF25C11B54803F0AAFD40B10520B44908700020B349086097
:20668000B34908701CE0B1480068401CAF49086008460068B0F5FA7F12D9002008600C20FA
:2066A000A9490870AA480078401CA949087008460078052804DD002008700E20A249087043
:2066C00017E14FF400719F4803F094FE1121ADA0FFF7ADFB25209C4908700AE1AFF2D01176
:2066E000984803F070FD40B1062097490870002096490860964908701CE094480068401C91
:206700009249086008460068B0F5967F12D90020086005208C4908708D480078401C8C4963
:20672000087008460078052804DD002008700E2085490870DDE04FF40071824803F05AFE7B
:206740000A2195A0FFF773FB24207F490870D0E0AFF244217B4803F036FD40B107207A4977
:206760000870002079490860794908701CE077480068401C7549086008460068B0F5967F08
:2067800012D90020086006206F49087070480078401C6F49087008460078052804DD002080
:2067A00008700E2068490870A3E04FF40071654803F020FE0A217BA0FFF739FB20206249BA
:2067C000087096E06EA15F4803F0FDFC40B108205D49087000205D4908605D4908701CE0AA
:2067E0005A480068401C5949086008460068B0F5967F12D90020086007205349087054486F
:206800000078401C52490870084600780A2804DD002008700E204C4908706AE04FF40071E7
:20682000484803F0E7FD624803F003FD044621465F48FFF7FCFA23204349087059E0AFF2EF
:206840003031404803F0BFFC40B126203E49087000203E4908603E4908701CE03B48006876
:20686000401C3A49086008460068B0F5967F12D90020086008203449087035480078401C80
:206880003349087008460078032804DD002008700E202D4908702CE046A12A4803F093FC97
:2068A00048B10D202849087000202849086028490870FF209FE625480068401C234908603E
:2068C00008460068B0F5967F12D90020086008201D4908701E480078401C1D490870084669
:2068E0000078032804DD002008700E201649087000BF00BF00207EE6314870473148704715
:2069000031487047704730B502460B461946144607E008782578A84201D0012030BD491C27
:20692000641C08780028F4D100BFF7E730B503460C4621461A4651E00D0A2B4347415454A0
:206940003A203100D0A8002098080020EC080020F008002041542B4349504D4F44453F0D1B
:206960000A0000000D0A2B4349504D4F44453A200000000041542B4349504D4F44453D3141
:206980000D0A000041542B435354543D22434D494F54220D0A00000041542B4349494352A4
:2069A0000D0A000041542B43494653520D0A0000ABB200200D0A434F4E4E4543540D0A00BD
:2069C0009CB20020040800201308002008781578A84201D0002030BD491C521C0878002892
:2069E000F4D11046F7E7F0B504460D460027681E205C0A2803D1A81E205C0D2801D00020C5
:206A0000F0BD20780D2802D160780A2801D00020F6E7FE4801682046FFF775FF074617B9B5
:206A20000120FB498874F94841682046FFF77EFF064636B10120F649C874F6493046FFF7B8
:206A400003FBF24881682046FFF75DFF074617B90120EF490875FF20D2E7EF48007870472C
:206A600010B50D21EDA0FFF7E2F941F6FF72EFA1F248FEF760FD08B1012010BD0020FCE757
:206A800070B50024E248407D072820D2DFE800F0042035566D839800E9480068401CE84991
:206AA0000860084600684EF6602188420FD90120D74948750020E2490860D5498874C8743A
:206AC0000875888008804881C880088288819AE00320F7F7EFFA00B170BDDA49086803F02D
:206AE000A8FB0546D7494FF6FF7208682946FFF7B3F90220C649487585E0C548807C18B12C
:206B00000320C349487518E0C1488088032811DABF480088401CBE4908800846008896285C
:206B20000BDD08468088401C8880002008800120487502E00020B649487564E00320F7F71A
:206B4000B9FA10B10520B2494875BF49086803F070FB0546BC494FF6FF7208682946FFF733
:206B60007BF90420AA4948754DE0A948C07C18B10520A74948750DE0A548C088401CA4496D
:206B8000C8800846C088B0F5967F03DD0020C8800520487537E00320F7F78CFA00B19BE752
:206BA000A849486803F045FB0546A6494FF6FF7248682946FFF750F906209549487522E0F0
:206BC0009348007D18B10020914948751AE09048008A012812DA8E488089401C8C49888153
:206BE00008468089B0F5967F0CDD0846008A401C0882002088810520487503E00020844902
:206C00000882487500BF00BF00BF65E710B5FAF7DBFA00B110BD02F080F8E0B1FAF7E3FAD2
:206C2000C8B98A48B0F9000041F27071884206DA86480088401C00B2844908800EE00020D3
:206C40008249088001F0AEFEFAF772FA02F06FF8FEF706FF02E000207C49088000BFD9E7C6
:206C600010B57B4800780B287ED008DC2AD2DFE800F0212A3764CAC9C8C7C6C5C40011286C
:206C800073D00ADCA0F10C000528EFD2DFE810F01D024A02580285029302142866D004DC46
:206CA00012287BD013280DD1EDE2152877D0FF28F9D174E30F2261496648EEF7FFFB012012
:206CC0006349087073E34FF400715C4803F092FB0E2161A0FFF7ABF802205D49087066E310
:206CE000AFF2D471554803F06EFA40B103205849087000205C4908605C4908701CE05A48A1
:206D00000068401C5849086008460068B0F5967F12D90020086001204D4908705348007881
:206D2000401C52490870084600780A2804DD00200870FF204649087039E300244CA13F4899
:206D400003F041FA0446002C56D04CA13B4803F03AFA044614B107203D4908704AA1374834
:206D600003F031FA044602E0A1E151E29CE214B109203749087047A1304803F024FA0446F5
:206D800014B109203249087045A12C4803F01BFA044614B104202E49087001E046E2D1E2D2
:206DA00042A1264803F00FFA044614B104202849087041A1214803F006FA044614B10420F9
:206DC0002349087040A11D4803F0FDF9044614B104201F4908703FA1184803F0F4F9044623
:206DE00014B104201A4908703DA1144803F0EBF904464CB1042079E084E019E10AE1DCE0F5
:206E0000CDE0BCE08FE081E072E00000F807002010B3002004080020CD08002041542B43E1
:206E20004950434C4F53450D0A0000000D0A434C4F5345204F4B0D0A00000000D0A8002036
:206E4000F4080020E4070020EC070020C4080020D908002026B3002041542B4349505354CF
:206E6000415455530D0A000004090020080900200D0A53544154453A00000000495020498C
:206E80004E495449414C0000495020535441525400000000495020434F4E4649470000007B
:206EA00049502047505253414354000049502053544154555300000054435020434F4E4E33
:206EC000454354494E470000434F4E4E454354204F4B000054435020434C4F53494E47001E
:206EE00054435020434C4F5345440000F6490870F6A1F94803F067F9044634B10420F24961
:206F0000087002E0FF20F049087050E24FF40071F14803F06FFA0C21F0A0FEF788FF05206E
:206F2000E949087043E2F1A1EB4803F04CF940B10620E54908700020EF490860EF49087058
:206F40001CE0ED480068401CEB49086008460068B0F5967F12D9002008600420DA490870FE
:206F6000E6480078401CE5490870084600780A2804DD00200870FF20D349087017E2DE4826
:206F80000068401CDC49086008460068B0F5967F04D9002008600720CB49087007E24FF4EC
:206FA0000071CD4803F026FA0B21AFF65820FEF73EFF0820C4490870F9E1AFF28461C648A2
:206FC00003F001F940B10920BF4908700020CA490860CA4908701CE0C7480068401CC64926
:206FE000086008460068B0F5967F12D9002008600720B5490870C1480078401CBF4908704C
:20700000084600780A2804DD00200870FF20AE490870CCE14FF40071AF4803F0EBF90D2114
:20702000AFF2D060FEF703FF0A20A7490870BEE10024AFF2D061A84803F0C5F800F10C04C0
:20704000BCB12078302808D10B209F4908700020A9490860A949087010BD2078312808D1F4
:207060000D20994908700020A3490860A3490870F2E7A1480068401C9F4908600846006825
:20708000B0F5967F12D90020086009208E4908709A480078401C99490870084600780A2843
:2070A00004DD00200870FF20874908707FE14FF40071894803F09EF90E21AFF24870FEF704
:2070C000B6FE0C208049087071E1AFF6BC31824803F079F840B10D207B4908700020864934
:2070E0000860864908701CE083480068401C8249086008460068B0F5FA7F12D900200860DC
:207100000B20714908707D480078401C7B490870084600780A2804DD00200870FF206A49FA
:20712000087044E14FF400716B4803F063F91121AFF2B070FEF77BFE0E206349087036E132
:20714000AFF63441644803F03EF840B10F205E490870002068490860684908701CE06648F5
:207160000068401C6449086008460068B0F5967F12D9002008600D20534908705F480078F3
:20718000401C5E490870084600780A2804DD00200870FF204C49087009E14FF400714E48A3
:2071A00003F028F90A21AFF61000FEF740FE102045490870FBE0AFF6A841474803F003F88C
:2071C00040B111204049087000204B4908604B4908701CE048480068401C474908600846CE
:2071E0000068B0F5967F12D9002008600F203649087042480078401C4049087008460078AF
:207200000A2804DD00200870FF202F490870CEE04FF40071304803F0EDF80A21AFF67C00B6
:20722000FEF705FE112028490870C0E0AFF2CC31294802F0C8FF40B11320234908700020AC
:207240002D4908602D4908701CE02B480068401C2949086008460068B0F5967F12D90020DA
:20726000086011201849087024480078401C23490870084600780A2804DD00200870FF20E8
:207280001149087093E04FF40071134803F0B2F81B4802F0CEFF044621461948FEF7C7FD10
:2072A00014201849087082E0AFF69C510A4802F08AFF40B115201349087000200E49086027
:2072C0000E4908703DE01FE0D9080020504450204445414354000000D0A8002041542B43C2
:2072E0004950534855540D0A000000000D0A53485554204F4B0D0A00040900200809002010
:20730000ABB200207D0800207F480068401C7E49086008460068B0F5967F12D900200860AE
:2073200013207A4908707A480078401C78490870084600780A2804DD00200870FF207349C4
:20734000087034E0AFF69411724802F03CFF40B100206E4908706C4908606D490870FF20C6
:207360007AE669480068401C6749086008460068B0F5967F12D900200860082063490870F1
:2073800063480078401C62490870084600780A2804DD00200870FF205C49087007E0FEF7C2
:2073A00082FEFEF76EFEFEF76BFEEE2054E600BF002051E610B501F0B0FC00287ED0AFF2B7
:2073C000DC41544802F0FFFE10B153A002F05AFD54A1504802F0F7FE10B15AA002F052FD98
:2073E00060A14C4802F0EFFE10B162A002F04AFD65A1484802F0E7FE10B16AA002F042FDB4
:2074000070A1444802F0DFFE10B176A002F03AFD7DA1404802F0D7FE10B185A002F032FD8C
:207420008DA13C4802F0CFFE10B195A002F02AFD9DA1384802F0C7FE10B19EA002F022FD47
:207440009FA1344802F0BFFE10B1A7A002F01AFDB0A1304802F0B7FE10B1B3A002F012FD2B
:20746000B6A12C4802F0AFFE10B1BFA002F00AFDC8A1284802F0A7FE10B1CEA002F002FDF9
:20748000D4A1244802F09FFE10B1DAA002F0FAFCE0A1204802F097FE10B1E5A002F0F2FCC3
:2074A000EBA11C4802F08FFE10B1EDA002F0EAFCEFA1184802F087FE20B100E022E0EFA08E
:2074C00002F0E0FCF0A1134802F07DFE10B1F2A002F0D8FCF4A10F4802F075FE10B1F5A0C5
:2074E00002F0D0FCF6A10B4802F06DFE10B1F8A002F0C8FCFAA1074802F065FE10B1FBA0DD
:2075000002F0C0FC10BD0000040900207D08002008090020D0A80020434C4F5345440D0A84
:207520000000000054686520736F636B657420686173206265656E2073687574646F776ECF
:207540000000000054686520736F636B657420686173206265656E2073687574646F776EAF
:207560000D0A0000556E646566696E6564206572726F7200556E646566696E65642065728F
:20758000726F720D0A00000054686520736F636B6574206973206E6F7420636F6E6E6563B4
:2075A0007465640054686520736F636B6574206973206E6F7420636F6E6E65637465640D77
:2075C0000A00000054686520736F636B657420697320616C726561647920636F6E6E656343
:2075E0007465640054686520736F636B657420697320616C726561647920636F6E6E6563F0
:207600007465640D0A00000052656D6F746F20686F73742068617320726573657420746827
:207620006520636F6E6E656374696F6E0000000052656D6F746F20686F73742068617320C5
:2076400072657365742074686520636F6E6E656374696F6E0D0A0000416E20657374616261
:207660006C697368656420636F6E6E656374696F6E2069732061626F727465640000000044
:20768000416E2065737461626C697368656420636F6E6E656374696F6E2069732061626FF5
:2076A000727465640D0A000054696D65206F75740000000054696D65206F75740D0A0000DF
:2076C00052656D6F746520686F7374206861732072656A65637465642074686520636F6EDD
:2076E0006E656374696F6E0052656D6F746520686F7374206861732072656A65637465648E
:207700002074686520636F6E6E656374696F6E0D0A000000496E76616C6964207061726116
:207720006D65746572000000496E76616C696420706172616D657465720D0A00546865202C
:20774000737570706C6965642062756666657220697320746F6F206C61726765206F72206F
:20776000736D616C6C00000054686520737570706C6965642062756666657220697320741F
:207780006F6F206C61726765206F7220736D616C6C0D0A0054686520616464726573732048
:2077A0006973206E6F7420617661696C61626C650000000054686520616464726573732074
:2077C0006973206E6F7420617661696C61626C650D0A00005468652061646472657373203D
:2077E000697320616C726561647920696E2075736500000054686520616464726573732000
:20780000697320616C726561647920696E207573650D0A0052656D6F746520686F737420A5
:20782000697320756E726561636861626C65000052656D6F746520686F73742069732075F7
:207840006E726561636861626C650D0A000000004E6574776F726B206572726F72000000D8
:207860004E6574776F726B206572726F720D0A004E6F206275666665720000004E6F206227
:2078800075666665720D0A00496E76616C6964207473617069000000496E76616C696420CA
:2078A00074736170690D0A004E6F207473617069000000004E6F2074736170690D0A00007D
:2078C00054435049502069732069646C6500000054435049502069732069646C650D0A001D
:2078E0004E6F206572726F72000000004E6F206572726F720D0A000010B504465422214677
:207900000348EDF7DBFD2046EFF718FDFF2010BD24080020704770B504460D4601203C49A8
:207920000870042221463A48801CEDF7C7FD3848856070BD0EB53648007818B9344840782C
:2079400000B90EBD3248007818B90020304948705CE02F48407820B1012827D0022854D1E4
:2079600046E004222A49891C6846EDF7A7FD9DF801109DF80200EFF792FF60B100208DF803
:20798000040001208DF805002248CDF8060002201F49487009E09DF801109DF80200EFF7B5
:2079A00063FF10B101201A4948702EE0F0F714F8E8B902201649487001208DF804008DF85E
:2079C00005001548CDF80600F0F737F8012807D100208DF804000F48801ECDF8060006E014
:2079E00000208DF804000B48401ECDF806000CE00748806818B106488168684688470020A2
:207A0000034948700870886000BF00BF00BF98E738B30020B78B0100888A010010B500F030
:207A20001FFB10BD70B50025002600240420EDF72CFE064606B970BDF949304600F022FB9C
:207A400005462846EDF721FE04461CB93046EDF70CFEF0E72146304600F021FB3046EDF7CD
:207A600004FE29462046FEF7E2F92046EDF7FDFD00BFE0E72DE9F04106464FF00008002794
:207A8000002400254FF48071E64802F0B3FCE548F9F7A7FC10B90020BDE8F0814FF4AF7079
:207AA000EDF7F3FD04460CB90020F5E7DE49204600F004FB0746A6743846EDF7E6FD054674
:207AC00025B92046EDF7D1FD0020E5E72946204600F0B1FB2046EDF7C8FD4FF6FF7239460F
:207AE0002846FEF7B9F92846EDF7BFFD0120D3E72DE9F04705460E4617464FF00008C146F1
:207B000000244720EDF7C1FD8146B9F1000F01D1BDE8F0873B4632462946484600F0D7FD10
:207B200080464046EDF7B1FD04461CB94846EDF79CFDEDE72146484600F050FE4846EDF7C4
:207B400094FD41462046FEF772F92046EDF78DFD00BFDDE770B50025002600244720EDF711
:207B600094FD064606B970BD304600F085FE05462846EDF78AFD04461CB93046EDF775FD44
:207B8000F1E72146304600F080FE3046EDF76DFD29462046FEF74BF92046EDF766FD00BF84
:207BA000E1E770B50025002600244720EDF76DFD064606B970BD304600F089FE05462846D6
:207BC000EDF763FD04461CB93046EDF74EFDF1E72146304600F084FE3046EDF746FD29466A
:207BE0002046FEF724F92046EDF73FFD00BFE1E770B5064600250024304600F05BFC05463E
:207C00002846EDF742FD044604B970BD2146304600F089FC05464FF6FF7229462046FEF782
:207C20001BF92046EDF721FD00BFEEE701467F4840787E4A1278904204D17C48408808B928
:207C4000FF20704779484278001D40F82210001F4078401C754A507010464088401E50804E
:207C600010464078202801D1002050700120E8E76E4840786D4A1278904205D16B4840883A
:207C8000202801D10020704768480278001D50F822100022001F0378001D40F82320001FBF
:207CA0000078401C614A107010464088401C508010460078202801D1002010700846E2E7DC
:207CC00030B502460C46002100230025491C505C00F0800000282ED0505C00F07F0018449E
:207CE00083B2481C81B2505C00F08000E8B1505C00F07F0003EBC01083B2481C81B2505CB2
:207D000000F0800058B1505C03EB803083B2481C81B2505C03EB405083B204250DE0032537
:207D2000505C03EB803083B207E00225505C03EBC01083B201E00125535C681C184483B24C
:207D40009C4201DB012030BD0020FCE7024600210020491C535C03F080039BB14B1C99B247
:207D6000535C03F080035BB14B1C99B2535C03F080031BB14B1C99B2042004E0032002E070
:207D8000022000E00120704710B50246002100200023491C545C04F08004002C2ED0545C31
:207DA00004F07F040444A0B24C1CA1B2545C04F08004ECB1545C04F07F0400EBC414A0B2F6
:207DC0004C1CA1B2545C04F080045CB1545C00EB8434A0B24C1CA1B2545C00EB4454A0B2CE
:207DE00004230DE00323545C00EB8434A0B207E00223545C00EBC414A0B201E00123505C22
:207E000010BD2DE9F04180460C46002500272046FFF79CFF0546042D0ADD0020BDE8F0815A
:207E20009809002044B30020EB0500200C090020601C28444178601C405D01EB0020C7B2E6
:207E4000B8F1010F18D10220EDF71FFC064676B1601C2844801C38444178601C2844801CAF
:207E6000C05D01EB00203080304601F0A8FAE81C3844801C044402E0E81C384404442046AC
:207E8000CCE770B50446002500262046FFF75EFF0546042D01DD002070BD601C2844417874
:207EA000601C405D01EB0020C6B23046F4E72DE9F04104460D464FF00008002600272846EE
:207EC000FFF762FF06462846FFF7DBFF074624B9B81C301A1FFA80F803E0381D301A1FFA4D
:207EE00080F84046BDE8F0812DE9F04307468846144600250026A9462046FFF727FF0646A8
:207F0000042E02DD0120BDE8F083601C30444178601C805D01EB00201FFA80F9C14501D0A0
:207F20000220F0E700250AE0795D601C3044801C405D814201D00320E5E7681C85B24D456A
:207F4000F2DB0020DFE72DE9F041054600240026284602F06EF90746EDF797FB044614B9F1
:207F60000120BDE8F081284602F063F907463A4629462046EDF7A2FA2046FFF757FE0646EF
:207F8000FF2E05D114B12046EDF76FFB0220E8E70020E6E710B500F063F82D4802F049F9CE
:207FA0000446EDF772FB2B4908600846006800B910BD5820EDF769FB2749086008460068C0
:207FC00020B924480068EDF750FBF1E7002022490968087020490968887000F04BF81E490D
:207FE0000968888000201C49096848700F201A490968A1F846000F22184917480068801D82
:20800000EDF75CFA124802F014F913490968A1F84C00104800681049096888640C4802F05F
:2080200008F904460C4909682246886C0849EDF745FA09480068FFF7DBFD06480068EDF73E
:2080400014FB05480068EDF710FB00BFB0E7000044B3002094090020900900200C06002058
:2080600010B54FF48071FE4802F0C4F9FC48F9F7B8F910BDFB480088401CFA490880084620
:208080000088704710B50246002040231370022353708B789370CC78D470042010BD0246DF
:2080A000002013780B54401C53784B70401C93780B54401CD3780B54401C70472DE9F84F98
:2080C00004468B4600260027B246B046102020700020A0710421E1710422E3A104F108003B
:2080E000EDF7ECF9042121730121A174A1736173617400212174E1733C21A1820020A0754B
:208100002021E1752022594604F11800EDF7D6F9607B01280BD1002184F84B11072184F8AA
:208120004C110722D2A104F24D10EDF7C7F9A07B01280BD1002184F85411072184F8551123
:208140000722CBA104F5AB70EDF7B8F9607C012820D1002184F838100F2184F839100F22E0
:20816000C5A104F13A00EDF7A9F9BD4802F061F8010A84F84910BA4802F05BF884F84A00A7
:20818000B74802F056F80246B549009004F14B00EDF794F92C25607B012800D10935A07B9A
:2081A000012800D10935607C012804D1AC4802F040F813300544C5F3C7163046F11706EBFF
:2081C0005161CF113846F91707EB51614FEAE11A05F07F08BAF1010F0DDB48F08000A070C0
:2081E00046F08001E17047F08001217184F805A00420607017E0012F09DB48F08000A07045
:2082000046F08001E1702771032060700BE0012E06DB48F08000A070E6700220607002E0DE
:20822000A570012060706078401C00EB05091FFA89F0BDE8F88F2DE9F04105460E46002443
:2082400028783055641C002707E0A81CC15D781C3154601C84B2781CC7B26878B842F4DC07
:20826000A8793055601C84B2E8793055601C84B2EB79A97903EB0122301905F10801EDF74B
:208280001DF9E979A87901EB0020204484B2287B3055601C84B2687B20B1305D40F08000D4
:2082A000305503E0305D20F080003055A87B20B1305D40F04000305503E0305D20F040007E
:2082C0003055E87B20B1305D40F02000305503E0305D20F020003055287C20B1315D287CB7
:2082E00041EAC0003055687C20B1305D40F00400305503E0305D20F004003055A87C20B115
:20830000305D40F00200305503E0305D20F002003055601C84B2A88AC11700EB1161C1F345
:2083200007213155601C84B2A88AC11700EB11610912A0EB01213155601C84B2A87D3055CC
:20834000601C84B2E87D3055601C84B2EB7DA97D03EB0122301905F11801EDF7AFF8E97DE7
:20836000A87D01EB0020204484B2687C002839D095F838003055601C84B295F839003055D6
:20838000601C84B295F8393095F8381003EB0122301905F13A01EDF791F895F8391095F805
:2083A000380001EB0020204484B295F849003055601C84B295F84A003055601C84B295F837
:2083C0004A3095F8491003EB0122301905F14B01EDF774F895F84A1095F8490001EB002088
:2083E000204484B2687BE0B195F84B013055601C84B295F84C013055601C84B295F84C3144
:2084000095F84B1103EB0122301905F24D11EDF755F895F84C1195F84B0101EB0020204460
:2084200084B2A87B80B395F854013055601C84B295F855013055601C84B295F8553195F8DD
:20844000541103EB0122301905F5AB71EDF736F895F8551195F8540101EB0020204414E0FC
:2084600044B300209C0900204D515454000000006A756D69303031006A756D692F64657671
:20848000696365636F6E6E0000E084B22046BDE8F08102461346042901DA0120704718785A
:2084A000202801D00220F9E7D87808B10320F5E70020F3E72DE9F0410146002200230025A7
:2084C0009446002400260027B1F84600801CB1F84C8000EB08040878002800DDA41CC4F35E
:2084E000C71210464FEAE27802EB58684FEAE81318464FEAE37803EB58684FEAE81504F00F
:208500007F0C012D01DB042608E0012B01DB032604E0012A01DB022600E00126701C0719BD
:20852000B8B2BDE8F0812DE9FE4F05460E464FF0000A0027B8460020029083468146019078
:2085400000900024B5F84600801CB5F84C1000EB01092878002801DD09F10209C9F3C71795
:208560003846F91707EB51614FEAE11840464FEAE87108EB5161C911029109F07F0B029850
:20858000012811DB4BF080008DF8040047F080008DF8050048F080008DF8060002988DF8DF
:2085A00007000420009020E0B8F1010F0CDB4BF080008DF8040047F080008DF805008DF856
:2085C00006800320009010E0012F08DB4BF080008DF804008DF805700220009005E009F091
:2085E000FF008DF804000120009030203055A87818B1305D40F008003055287820B1305D3C
:20860000297840EA41003055687818B1305D40F001003055601C84B24FF0000A07E001A852
:2086200010F80A003055601C84B20AF1010A00988245F4D335F8460FC11700EB1161C1F35A
:2086400007213155601C84B22888C11700EB11610912A0EB01213155601C84B235F8462939
:208660003019A91DECF72AFFB5F84600204484B2287890B1A888C11700EB1161C1F3072130
:208680003155601C84B2A888C11700EB11610912A0EB01213155601C84B2B5F84C203019DB
:2086A000A96CECF70BFFB5F84C00204484B22046BDE8FE8F02461346042901DA012070470C
:2086C0001878402801D00220F9E70020F7E72DE9FF4F81B0044615469A4600260027B04674
:2086E000B346B1460020009082202070FFF7C2FC0246C01702EB1060000AA071FFF7BAFCB1
:208700000246C01702EB10600012A2EB0020E0712846E91705EB1161090A2172E91705EB67
:2087200011610912A5EB012161722A4604F10A000299ECF7C3FE84F846A06E1D3046F1170E
:2087400006EB5161C1F3C7173846F91707EB51614FEAE11840464FEAE87108EB51614FEA8A
:20876000E11B3046F11706EB5161C911A6EBC11101F0FF09BBF1010F0DDB49F08000A07039
:2087800047F08001E17048F08001217184F805B00420607019E0B8F1010F0ADB49F0800010
:2087A000A07047F08001E17084F80480032060700BE0012F06DB49F08000A070E77002206F
:2087C000607002E0A670012060706078401C30440090009880B205B0BDE8F08F2DE9F041BE
:2087E00005460E46002428783055641C002707E0A81CC15D781C3154601C84B2781CC7B249
:208800006878B842F4DCA8793055601C84B2E8793055601C84B2287A3055601C84B2687A03
:208820003055601C84B26B7A297A03EB0122301905F10A01ECF742FE697A287A01EB00206A
:20884000204484B295F846003055601C84B22046BDE8F08102461346052901DA0120704776
:208860001878902801D00220F9E71879802801D10320F4E70020F2E70146C020087001201B
:208880004870002088700220704730B502460B46002014781C54401C002107E0941C655CC0
:2088A0004C1C1D55441CA0B24C1CE1B254788C42F4DC30BD02461346022901DA012070475B
:2088C0001878D02801D00220F9E70020F7E70146E0200870012048700020887002207047B6
:2088E00030B502460B46002014781C54401C002107E0941C655C4C1C1D55441CA0B24C1C15
:20890000E1B254788C42F4DC30BD00002DE9F04106460D465820ECF7B8FE044614B900203F
:20892000BDE8F08104F1500000F08AFD00202070A070FFF79FFBA08000206070184801F0B4
:2089400078FCA4F84600164801F073FC07463A461349A01DECF7B2FDA4F84C50B4F84C005B
:20896000ECF793FEA064A06C10B92046ECF77DFE2A463146A06CECF7A1FD2046FFF738F9E5
:20898000A06CECF772FE2046ECF76FFE00BFC7E770B504460D462946204600F01FFF70BD83
:2089A00044B400200020F74948700021F5484181C1800020F34908710021F2480181818271
:2089C000C18101820020EF4908730021ED4841820020EC49C88488700021EA48417681833F
:2089E000C17501760020E74988750021E5488176704710B504462522E3A1ED48ECF75EFD34
:208A000020222146EA48401DECF758FD2B22E9A1F448ECF753FD20222146F2480F30ECF79B
:208A20004DFD10BD10B5F048FFF7E3FFFEF7F6FF10BD10B5FFF71CF910BD70B504460D4634
:208A4000264630783B2873D00CDC32285CD004DC202810D0302871D150E0332860D03A282F
:208A60006CD157E0402814D090281FD0B02830D0D02863D12FE029462046FFF70AFD38B9B9
:208A80000021C04841810120BE490871202070BD56E029462046FFF70DFE28B9E178A0787F
:208AA00001EB0020B749C8874020F0E729462046FFF7D0FE60B9B348407E401CC1B2B148F1
:208AC0004176007E401CC1B2AE4801769020DEE736E0B020DBE729462046FFF7EBFE60B93B
:208AE0000120A84908730846008A401C81B2A548018200218182D020C9E721E00021A14843
:208B0000418181823020C2E700219E48418181823220BCE700219B48418181823A20B6E716
:208B200000219848418181823320B0E700E005E000219448418181823B20A8E70020A6E767
:208B400000BF0020A3E72DE9FE4F05460C4600260027B146B246B046002002908346DBE044
:208B6000002C02DC3046BDE8FE8F2846FFF70CF98146A14503DD6D1C601E84B2CCE02846F6
:208B8000FFF7E4F88246BAF1040F03DD6D1C601E84B2C1E00AF1010048441FFA80F8A045C1
:208BA00003DD6D1C601E84B2B6E0E1B22846FFF744FF029002983B285CD00CDC322856D0A5
:208BC00004DC202810D0302873D112E033284FD03A28F9D14DE0402807D0902806D0B02887
:208BE00005D0D028F0D103E08CE08BE08AE089E088E02A4625216E48FFF776F928B12A46D8
:208C00002B217848FFF770F998B929460020FFF7F8F807460FB90220A5E73846FFF793F960
:208C20008346BBF1000F01D003209CE7701CC6B21CE06E4801F0FDFA80B22A460146019021
:208C40006A48FFF751F968B929460020FFF72FF9294601900020FFF7D4F800900199FFF752
:208C600097FE03E06D1C601E84B255E04AE000BF00BF00BF2A4625214D48FFF735F928B15B
:208C80002A462B215748FFF72FF9B0B929460120FFF7B7F8074617B94FF0FF3063E738466A
:208CA000FFF751F98346BBF1000F03D06FF0010059E720E0701CC6B21CE04C4801F0B9FA45
:208CC00080B22A46014601904848FFF70DF968B929460120FFF7EBF8294601900120FFF7ED
:208CE00090F800900199FFF753FE03E06D1C601E84B211E006E0002C03DD6D1C601E84B23B
:208D00000AE000BF00BF4544A4EB080084B24FF00009CA46C84600BF22E71A48007920B1BB
:208D20001848807D08B1012070470020FCE70020144981F82E0081F82D00012081F82C00B2
:208D400042F6E0608862704710B5FFF72BFEF8F7EFF9FFF7ECFFFCF7D5FE08B9FCF780FE66
:208D600010BD0178224A1170418851808188918070470120034908707047002001490870D7
:208D800070470000A00900206A756D692F30303030303030303030303030303030303030DF
:208DA00030303030303030303030303030000000C6B400206A756D6953696E676C654368E7
:208DC00069702F30303030303030303030303030303030303030303030303030303030301B
:208DE00030303000EBB40020EB05002084B40020E009002070B5F7480078002876D0F5482C
:208E00004078052873D005DC24D2DFE800F010244E73A4000F286BD004DC062869D007281B
:208E200018D123E1122826D01F28F9D154E1FCF7BBFE78B1E8480068401CE7490860084620
:208E400000680A2806D3002008600120E14988700220487052E1E1480078022807D1FEF72F
:208E6000A0FEDC48C08E401C81B2DA48C1861220D849487042E1D748018FC08800EB80005A
:208E800000EB8000C82202EB8000814206DAD148008F401C81B2CF48018705E00021CD487C
:208EA00001870220CB49487028E10021C948018190F82C00C74981F82D000020FEF7DAFD29
:208EC00018B91220C349487070BDC248C088401C81B2C048C18090F82D0018B10120BD49CF
:208EE00081F82E000320BB49487007E107E16BE0E4E0AFE0B7480079012812D1F8F718F9FA
:208F00000021B448417690F82E00012803D10420B04948701EE00120AE4988750620487004
:208F200018E0AC480089401C81B2AA4801810089C82802DB0120A7494870A6484089401C87
:208F400081B2A44841814089B0F57A7F02DD1F20A0494870D2E09F48407E28B90122252169
:208F60009F48FEF7C5FD25E09A48407E012805D101222B219B48FEF7BBFD1BE09548407E1A
:208F800002280FD1984890F8810038B1964890F8811000224030FEF7ABFD0BE001208D49ED
:208FA000887507E08B48407E022803DD01208949887588778748C07D401CC1B28548C17565
:208FC00005208449487099E08248807D98BB8148807E401CC1B27F4881760146887E03F0C0
:208FE00025FE04460022814B03F06EFF05D20021784881760420774948707648808B401C46
:2090000081B2744881830146888B03F00FFE04460022774B03F058FF1BD201206D4981F84E
:209020002E0042F6E06088626C480078022803D10F2048700DE003E01F206649487008E031
:209040000021644881830020624981F82E000620487053E0FEF77EFD5E48C089401C81B2CE
:209060005C48C18107205B49487047E05948408AB0F5167F06DA5748408A401C81B2554846
:20908000418205E00620534948700021514841825048808A401C81B24E488182808AB0F5B8
:2090A000966F0ADD4D480078022803D10F204949487002E01F20474948701FE0FEF76AFF7A
:2090C00046480078022801D1FEF76BFDFFF76AFC00204049487011E0FEF75CFF3F48007834
:2090E000022801D1FEF75DFDFFF75CFCF8F720F8FCF7B6FC00203749487000BF00BF00BF96
:20910000E2E610B53B480078E8B13A484088052802DD00202F490870364841888088401D1C
:20912000814205DA33484088401C324948800AE000203049087001202649087000202D4912
:209140004880ECF7D5FA10BD10B5002400F00FF90446DCB12088C11700EB1161090A264AB0
:2091600091702088C11700EB11610912A0EB0121CAB22149CA70FEF755FC00201E49887064
:2091800000211D48C1702046ECF76FFA10BD1148007958B10F48007B40B10E48807D28B1CF
:2091A00000200C49886281F82C0012E00948806A42F6E061884208D20648806A401C05497F
:2091C0008862002081F82C0003E00120014981F82C007047A0090020E809002028B2002062
:2091E000C6B40020EBB4002044B400200000494000C07240E00900209809002010B5002450
:2092000000F0A2F80446002C44D02078012806D1A01D20B1B4F8460008B1A06C60B900F054
:209220003DF804463CB1A06C10B1A06CECF71DFA2046ECF71AFA10BD1748C08FA188884224
:209240000CD100F02BF804463CB1A06C10B1A06CECF70BFA2046ECF708FAECE7F7F7C3FF58
:2092600038B12046FEF7C4FCB4F84E00401CA4F84E00B4F84E000A280CDD00F00FF8044654
:209280003CB1A06C10B1A06CECF7EFF92046ECF7ECF9D0E700BFCEE7A009002066484078B5
:2092A000654A1278904205D163484088142801D10020704760480278001D50F8221000229A
:2092C000001F0378001D40F82320001F0078401C594A107010464088401C5080104600782E
:2092E000142801D1002010700846E2E770B505460024514840785049097888420ED14E486B
:20930000408858B9FFF7CAFF04463CB1A06C10B1A06CECF7AAF92046ECF7A7F946484178EF
:20932000001D40F82150001F4078401C4249487008464088401E488008464078142801D1A1
:2093400000204870012070BD3B4840783A4A1278904205D138484088142801D100207047C9
:2093600035480278001D50F822100846F7E733484078324A1278904205D1304840881428D6
:2093800001D1002070472D480278001D50F822100022001F0378001D40F82320001F0078B3
:2093A000401C264A107010464088401C508010460078142801D1002010700846E2E770B55F
:2093C000054600241D4840781C490978884209D11A48408830B9FFF7CAFF044614B1204630
:2093E000ECF743F915484178001D40F82150001F4078401C1149487008464088401E4880F1
:2094000008464078142801D100204870012070BD0A484078094A1278904205D1074840886C
:20942000142801D10020704704480278001D50F822100846F7E70000EC090020400A00203F
:209440003EB504466846F0F73BF99DF80200A0719DF8010060719DF8000020719DF8070035
:20946000E0709DF80600A070BDF80400208000203EBD7CB50446A0796179CDE900102379AD
:20948000E278A1782088F0F703F900207CBD1CB5024600BF93798C79A34206DB93798C79B5
:2094A0001B1BDBB28DF806300AE08B79C3F13C0394792344DBB28DF8063053795B1E537188
:2094C00053794C79A34206DB53794C791B1BDBB28DF805300AE04B79C3F13C035479234452
:2094E000DBB28DF8053013795B1E137113790C79A34206DB13790C791B1BDBB28DF8043038
:2095000007E00B79C3F1180314792344DBB28DF804309DF80430C3EB03139B00C3EB0313EB
:209520009B009DF80540C4EB041403EB84039DF8064018191CBD024610790B79984201DD88
:209540000120704710790B79984202DA4FF0FF30F7E750794B79984201DD0120F1E750791D
:209560004B79984202DA4FF0FF30EAE790798B79984201DD0120E4E790798B79984202DABE
:209580004FF0FF30DDE70020DBE70146088840F63402904204DC088840F2E372904202DAFD
:2095A0004FF0FF30704788780C2802DC8878012802DA4FF0FF30F5E7C8781F2802DCC87880
:2095C000012802DA4FF0FF30ECE70879172802DC0879002802DA4FF0FF30E3E748793C28C5
:2095E00002DC4879002802DA4FF0FF30DAE788793C2802DC8879002802DA4FF0FF30D1E72B
:209600000020CFE710B50648FFF71AFF0448008840F2E371884201DA012010BD0020FCE762
:20962000940A00202DE9FE4F04460D4616461F46DDF830904FF48060ECF727F88046B8F182
:20964000000F03D14FF0FF30BDE8FE8F4A482B4622464A49CDE900670290404600F01EFC4A
:20966000B9F1000F0AD0404600F0E3FD824651464046C8474046EBF7F8FF05E04046EBF761
:20968000F4FF6FF00100DFE70120DDE72DE9F04106460D46002706B11DB94FF0FF30BDE81F
:2096A000F08137A1304600F08EFD044614B94FF0FF30F4E704F1090000F078FD286133A150
:2096C00004F1090000F07FFD044614B96FF00100E5E733A1304600F076FD044614B96FF0BA
:2096E0000200DCE704F1100000F060FDE86031A1304600F068FD044614B96FF00200CEE741
:2097000004F1150000F052FD686030A104F1150000F059FD044614B96FF00200BFE7601C7D
:2097200000F044FD401CA86029A1601C00F04BFD044614B96FF00200B1E7601C00F036FD67
:20974000286024A1304600F03EFD044614B96FF00200A4E7686920B9E86810B16FF00300FB
:209760009DE7201D00F065FD0746211DEA686869EBF7A4FE012092E7EB05002058D70108C2
:20978000485454502F312E3120000000323036205061727469616C20436F6E74656E74002A
:2097A000436F6E74656E742D4C656E6774683A2000000000436F6E74656E742D52616E6755
:2097C000653A206279746573200000002D0000002F0000000D0A0D0A0000000070B5054689
:2097E0000C462046EBF751FFFE4988600846806808B9FF2070BDFB49224688682946EBF720
:209800005DFE0120F749087000BFF3E7F548007808B9002070470020F24908700846806825
:20982000F8E710B5F0490868EBF71FFFEE494868EBF71BFFEC498868EBF717FFEB49886CB3
:20984000EBF713FF10BD2DE9F04104460E461546E648007810B9E548407810B10020BDE82D
:20986000F081206820B1606810B1A06800B10DB9FF20F4E7206800F0DCFC0746EBF705FF99
:20988000D9490860606800F0D4FC0746EBF7FDFED5494860A06800F0CCFC0746EBF7F5FEE4
:2098A000D14988604FF40170EBF7EFFECF498864CD48806840B1CC48406828B1CA48006822
:2098C00010B10846806C18B9FFF7ABFFFE20C6E7206800F0AEFC0746C34A216810683A4654
:2098E000EBF7ECFD606800F0A4FC0746BE4A616850683A46EBF7E2FDA06800F09AFC074653
:20990000B94AA16890683A46EBF7D8FD142204F10C01B5480C30EBF7D1FDB448C5618661E2
:209920000120B249087000BF99E738B5FFF7F5F900B938BDAD48007818B9AC48407800B932
:20994000F7E7AA48007818B90020A8494870CEE1A648407806287DD2DFE800F0033F5A6C94
:20996000CAFEA1494868A2A100F02DFC18B39E488168A1A000F088FD70B101209B494870FB
:209980009F499A48416400210164806920B397488169383088471FE0FFF743FF9849663167
:2099A00092484164022101648069A8B18F4881693830884710E0FFF734FF914965318B480A
:2099C000416402210164806918B1884881693830884700208549087088E1EBF733FF0021B3
:2099E0008248C162816200208049086200217F4841620163806C001D7C4948630020896CC7
:209A000008807A49896C48800220784948706DE100217648C1628162002074490862002108
:209A200072484162016303207049487000204861C86000BF6D484069802846DA6B4840699F
:209A4000401C6A4948616848C068896B401AB0F5007F00E045E10AD26348C0686349896BAF
:209A6000401A6249896B08446049886005E05F48806B00F500705D4988605C48C0695B4C32
:209A80000090A468631E594CA26B574C21686068FFF7C8FD401C90B9FFF7C3FE58496731B3
:209AA0005248416402210164806918B14F4881693830884700204D490870487017E0042074
:209AC0004A4948700020C86011E0FFF7AAFE4C4968314648416402210164806918B143483E
:209AE0008169383088470020404908704870FDE03E48C068052873DA3C48C068401C3B49DB
:209B0000C860FFF783FE0446002C6AD0374920312046FFF7BBFDC5B22046EBF7A6FD281D6A
:209B200006286FD2DFE800F0C2BEBAB6C6032F48006A2D49C96888427CD12C48806A2B49D5
:209B400089688842F8D12948406A2849896B8842F2D12648816B00E0B2E0C06A08442249C7
:209B6000C968884266D82148816BC06A08441F4988630846808D896C48801C49886CEBF73B
:209B800067FE90B9FFF74DFE1D4969311748416402210164806918B114488169383088471B
:209BA0000020124908704870C3E61048806C0088401C0E49896C08800C48806B0A49C96892
:209BC000884238D20948806B642148430649C968B0FBF1F10548C06B814227D0034812E0E9
:209BE0006AE068E084B5002018B5002038B500205958475F5600000056332E382E34000082
:209C0000C0D4010056E0806B642148433949C968B0FBF1F13848C1633849416401210164ED
:209C2000806918B134488169383088470220324948702EE01FE03048806B2E49C96888429E
:209C400027D12C480C30EBF7EAFD20B105202A49487000204860FFF7E4FD2849264841644F
:209C6000022101646421C163806990B122488169383088470DE003201F49487020491E48FF
:209C8000416401210164806918B11B488169383088470FE00420184948700BE004201649C8
:209CA000487007E004201449487003E004201249487000BF00BF02E003200F49487015E02A
:209CC0000D484068052805DA0B484068401C0A49486005E0EBF70CFD0020074908704870B9
:209CE00004E0002004490870487000BF00BF00BF1FE6000018B5002038B50020C0D4010012
:209D000056D60100704770B5064600F009FC056806F10B0020F00704B4429CBF002070BDD1
:209D20002B466A68BAB11068A04210D304F1080188423CBF5068586007D3516810194160A8
:209D40001168091B016058601460101D70BD13465268002AE7D12146284600F0EDFB0028B5
:209D6000DED170BD70B50446051F00F0D9FB0068002C14BF446870BD002C18BFAC423CBF84
:209D800020466468F8D301680A18AA4218BF456003D12A6805461144016028684119A1429F
:209DA0001CBF6C6070BD6168696021680844286070BD70B50D460646041F00F0B1FBD0F868
:209DC00000C0C5B1E6B105F10B0020F00703AB423CBF002070BD2068984238BFDCF8042015
:209DE00013D3C11A08292FD3E01840F8041B2360FFF7B8FF28E03046FFF7B4FF002070BD7C
:209E00002846BDE87040FFF77EBF002A18BFA2423CBF94465268F8D30119914216D11168C0
:209E20000844984212D3C11A08293CBF2060506808D35168E0184160216812681144C91A70
:209E400001602360CCF80400201D70BD181FFFF75AFF050007D021680A1F211D00F098FA18
:209E6000201DFFF77FFF284670BD10B5044600F04FFB0068005DC00602D504F1200010BD09
:209E8000204610BD0FB4044910B503AA029800F037FE10BC5DF814FB580000200FB41CB512
:209EA000084B06AA7B4469460090059800F0F9FD04460020694600F007FE20461CBC5DF87D
:209EC00014FB0000210C000070B5044685690068C10601D5302600E02026C00707D070BD9D
:209EE000D4E9012130469047206A401C20626D1EF6D570BD70B5044685690078C00707D1D7
:209F000070BDD4E9012120209047206A401C20626D1EF6D570BD70B50C460546012A05D071
:209F20002878800600D5EA69002302E0012305E05B1C934202D2E05C0028F9D1A869E61868
:209F4000C01AA861286A184428622846FFF7BCFF04E0D5E9012114F8010B9047B442F8D313
:209F60002846FFF7C7FF70BD2DE9F0410646002410687529314616A510D0AFF30080002861
:209F800002DA404213A507E031688A0701D512A502E0490704D511A5012401E0AFF3008024
:209FA00000210A2206F1240709E0B0FBF2FCB0FBF2F302FB1C00303078541846491C0028F0
:209FC000F3D123462A463046BDE8F04100F0FEBA000000002D0000002B0000002000000078
:209FE00070B504460D4621461068AFF300802188090502D50F4A7A4402E00E4A7A440E32C1
:20A00000002104F1240305E000F00F060009965D5E54491C0028F7D120780023000704D57B
:20A02000702D02D009B1022311322046BDE8704000F0CCBADE3500002DE9F05F89460446CD
:20A040004FF0000ADFF824B1FB44C0F820A02046E168884700287DD0252806D0D4E901215F
:20A060009047206A401C2062F1E700255F462046E16888472028064607DB312E05D2B81904
:20A0800010F8200C08B10543F1E7A80701D525F00405C4F81CA00027C4F818A02A2E09D0CC
:20A0A000304602F0CEFA38B304EB8708303EC8F8186019E059F8041B204604EB8702916128
:20A0C000E1688847012F064618D1E069002820DA25F020051DE0D8F8180000EB800006EB1D
:20A0E00040003038C8F818002046E1688847064602F0A7FA0028EED1012F0AD02E2E08D15D
:20A100002046E16888477F1C0646022F45F02005C4DBA069002803DA404245F00105A061E4
:20A12000E80701D025F01005A6B1A6F14100192802D8203645F400654A4631462046256005
:20A140004D46E7F74FFC60B1012807D0ED1D25F0070000E007E000F1080978E705F10409E1
:20A1600075E730467AE7206ABDE8F09FB43500000FB400B58DB010A9099000910B904FF093
:20A18000FF300A9000200C90064878440690064878446A4607900F9909A800F01BFF0DB029
:20A1A0005DF814FB670E00007F0E000070B5064600F0BAF90468054630460A22002100F0BB
:20A1C00089FF2C6070BD30B505460B462A4613F8014B12F8010B08B1A042F8D01CB1002888
:20A1E00002D06D1CF1E7284630BD40EA0103024630B59B0710D14FF0013400E008C208C904
:20A200001D1B9D4315EAC41FF8D013F0FF0102F8011B0DD01B0AF8E711F8013B002B02F818
:20A22000013B05D011F8013B002B02F8013BF3D130BD10B5431C02E010F8011B71B18107E2
:20A24000FAD14FF0013202C88C1A8C4314EAC211F9D0C01A0A0603D0C01E10BDC01A10BDD9
:20A260000A0401D0801E10BD0902FCD0401E10BD40EA010370B59B072ED14FF00136042AFA
:20A280002AD308C810C99D1B9D43121F15EAC61517D0D8B2E1B2401A50EA056110D198B24C
:20A2A000A1B2401A50EA05410AD123F07F4024F07F41401A50EA052102D1180EA0EB14603E
:20A2C00070BDA342DBD018BA21BA884201D9012070BD4FF0FF3070BD0AB9002070BD10F86F
:20A2E000013B11F8014B63B1A3420AD1521E08D010F8013B11F8014B1BB1A34201D1521E25
:20A30000EDD1181B70BD032A40F2308010F0030C00F0158011F8013BBCF1020F624498BF7C
:20A3200011F801CB00F8013B38BF11F8013BA2F1040298BF00F801CB38BF00F8013B11F0F8
:20A34000030300F02580083AC0F0088051F8043B083A51F804CBA0E80810F5E7121D5CBF40
:20A3600051F8043B40F8043BAFF30080D20724BF11F8013B11F801CB48BF11F8012B24BFC7
:20A3800000F8013B00F801CB48BF00F8012B704710B5203AC0F00B80B1E81850203AA0E8A6
:20A3A0001850B1E81850A0E81850BFF4F5AF5FEA027C24BFB1E81850A0E8185044BF18C96E
:20A3C00018C0BDE810405FEA827C24BF51F8043B40F8043B08BF7047D20728BF31F8023BE3
:20A3E00048BF11F8012B28BF20F8023B48BF00F8012B70474FF000020429C0F0128010F053
:20A40000030C00F01B80CCF1040CBCF1020F18BF00F8012BA8BF20F8022BA1EB0C0100F0E7
:20A420000DB85FEAC17C24BF00F8012B00F8012B48BF00F8012B70474FF0000200B5134675
:20A4400094469646203922BFA0E80C50A0E80C50B1F12001BFF4F7AF090728BFA0E80C504D
:20A4600048BF0CC05DF804EB890028BF40F8042B08BF704748BF20F8022B11F0804F18BF7D
:20A4800000F8012B704700004FF0013C50F8042B51F8043B9A4221D1A2EB0C03934313EA29
:20A4A000CC1317D150F8042B51F8043B9A4215D1A2EB0C03934313EACC130BD150F8042B73
:20A4C00051F8043B9A4209D1A2EB0C03934313EACC13DBD04FF00000704700BFD01A01BAEB
:20A4E000B1FA81F101F0180122FA01F0CB40C1F12001DBB2C0B2C01A2CFA01F3D11A914398
:20A5000011EAC311E6D17047704770477047704710B500F01BFE001D10BD00BF1D2200006C
:20A520000048704798B500200048704790B50020704770477047704738B504460A460020C8
:20A540006946AFF30080002808BF38BD02460099204600F0FFFD012038BD012001F01EB914
:20A56000F8B5AFF30080054600200C46102000BF0646A819A0420DD9324669460020AFF3A2
:20A580000080070008BF01F009F90098A04218BF0546C419FFF7C4FF05600746F01D20F079
:20A5A00007004619284600F00AF8B44208BFF8BDA21B31463868BDE8F84000F0CBBD002119
:20A5C0000160C0E901107047102070472DE9F0470D4699469246044600F12408016888060D
:20A5E00004D5E06921F01001216000E00120A84201DD471B00E00027A1697A1902EB0900D1
:20A60000081AA0612078C00602D42046FFF75CFC002608E0D4E901211AF806009047206AC9
:20A62000401C761C20624E45F4DB2078C0060AD52046FFF749FC06E0D4E90121302090477E
:20A64000206A401C2062381EA7F10107F4DC07E0D4E9012118F805009047206A401C2062B2
:20A66000281EA5F10105F3DC2046FFF743FC2078000602D50220BDE8F0870120FBE7704721
:20A680002DE9FF4F0C461E464FF0FF378BB0D2E90001DDF860800A908A46C1F30A5505B944
:20A6A0003D46002108464FF00000BAF1000F00F4400005DA00EB80004FF4400101EA500072
:20A6C0004FEA9059B9F1010F00DDB9460A9850EA4A000ED044F61050A5F2FF3545432F148E
:20A6E000B8F1000F1ED07542291E1EDDC9F100021CE0B8F1010F4FF0000001D0302103E006
:20A70000F24305E02154401CB042FBDB30460022002121540B99C1F80880C1E900200FB0EA
:20A72000BDE8F08FBD1B6D1CDEE74A4600DA694206A800F0C1FF06AB93E8070003AB83E810
:20A74000070050460A9901F0F5FA8DE80700A0F500501F3800900398002D09DD42F21F018F
:20A760004A46084403A90390684601F07EFD08E0A0F500504A461F3803A90390684601F012
:20A780009CFD8DE807000004000C03D04FF0FF30410800E01046B8F1000F03D00022009295
:20A7A00015461EE0751E05D400F0EEFC303262556D1EF9D5B3460122084302D000227F1C92
:20A7C00004E02078302801D100227F1E002A099786D01DE0112D07DA00F0D6FC30326255FD
:20A7E0006D1C50EA0102F5D1084302D00098C8B10EE00021681E05E0235C625C63542254BB
:20A80000401E491C8142F7DBAB46A81B401E0990002004F80B000B98099AC0F80880C0E9DF
:20A82000002B7CE711264FF0000859E72DE9F04F88460446D21D22F0070191B0D1E900015A
:20A84000CDE90A0101F083FE02460B98C00F01D02D2007E02068810701D52B2002E02021B2
:20A8600001EAC000032A099001D0072A05DB03464146204600F0D6FC0BE12078800601D5AD
:20A88000E06900E00620B8F1650F814606D0B8F1660F18D0B8F1670F70D131E00020B9F16E
:20A8A000110F009001DB112301E009F101030AAA01A90CA8FFF7E4FEDDE90C70002609F1AD
:20A8C0000105834647E001204B4600904FF000470AAA01A90CA8FFF7D3FEDDE90DB00C99B9
:20A8E0005D46002610B909F101000D18B9EB050003D4C0F1FF3609F10105A5EB09002BE09C
:20A90000B9F1010F01DA4FF001090020B9F1110F0090484601DD112300E003460AAA01A9B8
:20A920000CA8FFF7ADFEDDE90C704D4600268346207800070AD4AB4500DA5D4601A8012D3D
:20A9400004DD411911F8011C302907D04F4502DA17F1040F04DA012082460FE06D1EEEE7C5
:20A96000002F02DCED1B3E4403E0781CA84200DD7D1CB81B00F1010A4FF000472078000775
:20A9800003D4AA4501DB4FF0FF3A0021B7F1004F0DF143088DF8431024D002202B23002FD1
:20A9A00001DA7F422D230A21021EA0F1010000DC5FB197FBF1FC97FBF1F201FB1C7C1746FD
:20A9C0000CF1300C08F801CDEEE7A8F1010003702188090501D5452100E06521A0F101089B
:20A9E00000F8011C09980FA9A1EB0807FF1D00B10120411901EBEA70A1693844081A401EBA
:20AA0000A0612078C00602D42046FFF75DFA099828B1D4E901219047206A401C206220781E
:20AA2000C00622D52046FFF74FFA1EE0002E04DBB34502DD01A8805D00E03020D4E901213D
:20AA40009047206A401C2062761CAAF101005FEA000A0AD100F07AFBC0680168405CD4E90C
:20AA600001219047206A401C2062281EA5F10105DCDC07E0D4E9012118F8010B9047206A98
:20AA8000401C2062381EA7F10107F3DC2046FFF731FA032011B043E601694A1C02610878CC
:20AAA000704700B58FB0CDE901310021059105497944CDE9031011466846FFF7BDFA0FB007
:20AAC00000BD0000E5FFFFFF0A6802F8010B0A60704710B5436913B1AFF3008001E0FFF710
:20AAE0001AFA012010BD127800F124010A7000224A700122EDE711684FF0FF32E9E70000AE
:20AB0000074B70B50D467B44FFF7CBFF0446284600F040FE10B14FF0FF3070BD204670BD17
:20AB2000F9AEFEFF2DE9FF4F064689B00878FF2806D0491C2D2805D000244FF0000908E028
:20AB400000200CE00124F8E709EB8903491C00EB43090878FF28F7D114B1C9F10000814614
:20AB6000107800252C46AA4629462D2801D02B2804D1521C2D2813D0002082468B46107822
:20AB8000FF280FD04FF0000C0A21521CA5FB017804FB018105FB0C11C5194BEB0104EEE726
:20ABA0000120EAE7002108464FF00000BAF1000F02D000EB80004008C0F38158B8F1010F71
:20ABC00001DD4FF0FF380C9809EB000755EA040009D04FF0020917F5FA7F0BDA4FEACA703F
:20ABE000C6E900B012E04FEACA70C6E900B00DB0BDE8F08FB7F5FA7F0DDDF0487844D0E995
:20AC00000010C6E9001040EACA707060FFF78CFCC0F80090EBE7391E02DAC8F1000200E0CB
:20AC2000424600DA794206A800F046FD06AB93E8070003AB83E8070044F23E005BEA040105
:20AC40000090584604D144F21E012C465D460091210C0904014306D10099240444EA154459
:20AC60002D041039009104F07F41014306D10099240244EA15642D020839009104F07041EE
:20AC8000014306D10099240144EA15742D01091F009104F04041014306D10099A40044EA42
:20ACA0009574AD00891E009104F00041084304D100986D196441401E009042466846002F3B
:20ACC000CDE9014503A902DD01F00BFB01E001F0E0FABAF1000F04460D4601D084F000446A
:20ACE00040F2FF7724F00040284303D0C4F30A50B84212D1FFF718FCC0F80090C4F30A50C9
:20AD0000B8420AD1AE487844D0E90010C6E9001004F000410843706069E7C6E9005466E734
:20AD20002DE9FF4F1F464FF0000A4FF0FF38454691B0D7E90146CDF83CA000F007FAC068FE
:20AD40000168405C1090B96912986D1C8847396A814688470028F6D1B9F1FF3F0AD0002E12
:20AD600024F4D06411DDB9F12B0F08D0B9F12D0F0BD102E0404615B03AE744F48064B9698F
:20AD800012986D1C8847761E8146600504A901D52D2000E02B20002E01F1010B0DF1300894
:20ADA0008DF810003FDDB9F1690F08D0B9F1490F05D0B9F16E0F02D0B9F14E0F1CD13B46A3
:20ADC00001A8009580E85002DDE912126FF0020002F079FBC11CCED10EE0B96912986D1C0B
:20ADE000884781461398761E44F4007405600F98401C002E0F9016DDB9F1300FEDD0B9F15A
:20AE0000780F02D0B9F1580F0DD10F9801280AD13B46CDE90054DDE91212001F029602F021
:20AE200050FBC11CA7D1109989453ED144F0800406E01399681CAAF1010A44F40074086064
:20AE4000B9696D1C1298761E884730288146F0D02BE01099894505D1200603D4761E44F03E
:20AE6000800418E0484601F0ECFB08B3761E0DF123018B4544F4007408D2A9F130000BF85C
:20AE8000010B200607D5AAF1010003E0200602D40AF101008246A00502D51399681C086051
:20AEA000B96912986D1C88478146002ED1DC53E0002E51DDB9F1650F02D0B9F1450F4BD133
:20AEC000A00549D5B9696D1C1298761E24F440748847002E81460CDD2B2804D0B9F12D0F40
:20AEE00007D144F48074B96912986D1C8847761E8146E00501D52D2100E02B2108F8011B7E
:20AF0000CDF8008021E0761E0DF13901884544F400740CD2A9F1300010F0FF0088F800007F
:20AF200002D10099884509D908F1010806E0E00501D5244801E042F20F708246B9691298BF
:20AF40006D1C8847814613980560002E04DD484601F077FB0028D6D1F96912988847FF20F9
:20AF600053468BF8000088F8000000200A900B9004AA0CA90AA8FFF7D5FDA00502D46FF029
:20AF80000100F8E614F0240F0AD0E00714D13868DDE90A12031D3B600068C0E900120BE0AA
:20AFA0000AA9684601F0F6FAE00705D13868009A011D3960006802602846DCE6082C000073
:20AFC000FE2A0000F1D8FFFF026811441378016018467047D16005497944516104497944CA
:20AFE000116200211161114600F05CB9EDFFFFFF31020000426842B1016811F8013B23B1B3
:20B00000521EC0E90012184670470121C160881E704742685AB1C368016843B983688B4253
:20B0200005D0491E521CC0E90012002070474FF0FF3070470FB4002300B589B00CA9009195
:20B040000B99CB60204B7B440693204B7B44079304236FF00042CDE901321D4A7A446B4613
:20B0600008920246002002F02AFA09B05DF814FB70B506464FF0FF3015460C46324686B061
:20B080000091CDE9010169460020049004A8FFF7D1FF03460498211825B108B10A4600E0B5
:20B0A00022462A6000280DD0002B02DD0098884208D03246081B69460094CDE9010404A810
:20B0C000FFF7B8FF06B070BDABFFFFFFC3FFFFFFB30100002DE9F04791460F46804604463B
:20B0E000002614F8015B2DB1FFF712FA0068405DC007F6D12B2D02D02D2D18D0641E4A46D1
:20B100003946204600F088FA27B13968A14201D1C7F800804FF0020471050BD54042002826
:20B1200003DDFFF701FA0460A007BDE8F08746F48066E4E70028F8DAFFF7F6F904606FF08A
:20B140000040F2E70048704790B5002000487047B0B50020034640688C46002818BF884262
:20B160003CBF03464068F8D318681844884207D00CF1030020F00700001D411A521A014659
:20B18000081D0A60FEF7EEBD30B5B0F10A024FEA900E71F100034EEA817EB0EB0E0061EB86
:20B1A00091014FEA101E4EEA017E10EB0E0041EB11114FEA102E4EEA016E10EB0E0041EB35
:20B1C00011214FEA104E4EEA014E10EB0E0041EB1141401841F100014FEAD00040EA417029
:20B1E0004FEAD10110EB80054FEA810444EA907444EB01046D1944EB0404521BA3414FF053
:20B20000000348BF0A3200D530BD401C41F1000130BD10B50446FFF77BF90068005D00F07C
:20B22000010010BD2DE9F0411F46044603260168072A01F4006004DB08B116A505E016A53F
:20B2400003E008B115A500E015A521F010002060A069C01EA0610FB1401EA0612046FEF7FB
:20B2600033FE4FB1D4E9012138469047206A401C2062C01C206206E0206AFAE7D4E9012173
:20B2800015F8010B9047761EF8D22046FEF732FEBDE8F0814E414E006E616E00494E4600C8
:20B2A000696E66002DE9F34F4FF0000A0C4656468DB001200C9001F10C000B9062690B98C1
:20B2C0000121904705002DD0252D2CD0216A8847C0B162690B9801219047216A8847002871
:20B2E000F7D16269411E0B98904700E0761CA1690D988847216A88470028F7D1E1690D98B9
:20B300008847DBE7A1690D988847A842074601D1761CD3E7E1690D9888477F1C02D1BAF1F2
:20B32000000F6FD06BE162690B9800273D46394690472A2804D162690B9801219047012551
:20B34000DFF8D08262690B9801219047A0F130010A290AD24745E5DC07EB870100EB410792
:20B36000303FDFD445F01005ECE7E90601D46FF000476C280AD04C2814D0682815D06A2857
:20B380000DD074281CD07A281AD01DE062690B98012190476C2802D045F0040514E045F08B
:20B3A00002050DE045F020050AE062690B9801219047682802D045F0080505E045F40065C7
:20B3C00062690B9801219047C4E9015765283DD019DC58287AD00CDC452837D004DC25281F
:20B3E00026D041289ED131E046282FD0472899D12CE05B2877D0612828D063287CD064286E
:20B4000023D15AE0F6E06F2848D008DC66281DD067281BD0692821D06E2816D127E0702802
:20B4200045D0732868D0752847D078280DD14DE0A1690D988847252805463FF469AFE1691A
:20B440000D9888476D1C3FF46AAFD8E00D9923466A466FF0010002F032F8C5E045F0400096
:20B4600023464FF000026060A80736D43EE0E8077FF447AF2068011D21600068290501D5A0
:20B4800006701BE7290701D5068017E7A90703D5F117C0E9006111E706600FE745F0400047
:20B4A00023464FF008026060A80716D41EE040F60E0125EA0100606016E045F0400023469A
:20B4C0004FF00A026060A80707D40FE045F040006060A80708D5234610220D996FF0010086
:20B4E000AFF3008080E007E0102223460D996FF00100AFF3008077E04FF0000963284F4661
:20B50000C8464B46CB4602D05B2806D038E0E80601D40120A060012732E06269D4F80CB0C7
:20B520000B98012190475E2807D14FF0010949466269D4F80CB00B989047216939B90021CF
:20B540000A4603AB43F82120491C0829FADBD8B3216949B308F1010862690B98012190478C
:20B560005D28F4D1B9F1000F09D0002003A951F82020D24341F82020401C0828F7DB03AB00
:20B580002069002820794FEA40701ED05B462246CDF80080CDE901970D9900286FF00100C0
:20B5A00020DAAFF300801FE0C11703AA00EBD1614B1121F01F0102EB8302411A13680120D8
:20B5C000884003431360C7E719E00D99224600286FF00100009702DAAFF3008004E0AFF392
:20B5E000008001E0AFF3008000280ADA401C06D10C9820B14FF0FF300FB0BDE8F08F50462D
:20B60000FAE7E90701D10AF1010A064400200C9054E60000CCCCCC0C2DE9F05F8246154649
:20B620008B4600270AF10104B9460078302801D09DB113E014F8010B0127782803D05828FE
:20B6400001D045B10AE00DB1102D07D1002714F8010B102502E0082500E00A250026B046B8
:20B660000EE005FB080005FB06F101271FFA80F801EB1046B6F5803F00D3B94614F8010B8E
:20B68000294600F0C2F80028EBDABBF1000F05D00FB1641E00E05446CBF80040B9F1000F9C
:20B6A00006D0FEF741FF02210160C81EBDE8F09F48EA0640FAE700002DE9F0478146164618
:20B6C0008AB0334878440DC88DE80D0030487844801C03AC0DC884E80D0041F69B30084487
:20B6E000372190FBF1F290FBF1F5A5F1800501FB12041B3C02D56442012000E00020DFF81A
:20B7000090A080460027FA44AAF1BE0A0DE0E00709D03246684607EB47010AEB810100F0F7
:20B72000CCFD8DE8070064107F1C002CEFD1184F7F44AC3F18E0E80714D007EB04100DF1E5
:20B74000180A90E80E008AE80E00C068F04201D198190890324606A903A800F0AEFD03AB31
:20B7600083E807006D10641C002DE4D132466946B8F1000F03A802D000F077FD01E000F0E7
:20B780009CFDC9E90001C9F808200AB0BDE8F087C81F0000007B00F08000704710B500F060
:20B7A00075FABDE8104000F06BBA7546FFF7CAFCAE4605006946534620F00700854618B0AE
:20B7C00020B5E6F75BFABDE820404FF000064FF000074FF000084FF0000B21F00701AC4636
:20B7E000ACE8C009ACE8C009ACE8C009ACE8C0098D46704710B5FEF797FE006810BD10B502
:20B800000446FEF791FE046010BD3A2800D2303820F02002412A01D3A2F13700884201D3B4
:20B820004FF0FF30704700002DE9FF4F1F464FF03C0987B04FF00042DDE9141001F10108F9
:20B84000DDF858A002EA40500390002004908346054604460590B969461E08988847AAF1D5
:20B86000010A0290BAF1000F37DD02982E2815D01021FFF7CAFF00282ADB4FF0010B049983
:20B88000014316D0B9F1000F0BDB4A46C11700F025FA05430C43A9F1040905E0012005908F
:20B8A00007E008B145F0010501200490059800B9361DB969089808F101088847BBF1000F01
:20B8C000AAF1010A0290CDD00999C1F80080C9E70298702808D0502806D0F96908988847DF
:20B8E000BBF1000F14D04FE0002002900120BBF1000F049009D0B969089808F101088847EC
:20B90000AAF10109B9F1000F07DCF969089888476FF001000BB0BDE8F08F2B2804D02D285A
:20B920000CD14FF0FF300490B969089808F101088847A9F10109B9F1000FE6DD411CE4D064
:20B940000A21FFF762FF0028DFDB029908F1010801EB810100EB41000290B9690898884729
:20B960000A21FFF752FF099AA9F10109B9F1000FC2F8008001DD0028E7DAF9690898884783
:20B980000499029800FB016655EA040004D004F04041090002D006E0039898E0A40044EADC
:20B9A0009574AD00B61E04F00041080002D16D196441761E159810F0240F03D04FF00B0928
:20B9C0005C4803E04FF028096FF07D008246564507DAAAEB06018944B9F1410F01DD4FF0D0
:20B9E000410901200021A9F1010200F077F9024628400B462140084301D0012100E000211D
:20BA0000501E029143F1FF3128402140084301D0012000E000200299834651EA0B014FD0F1
:20BA2000002108464FF00000039900F4400039B100EB80004FF4400100EBD07001EA600039
:20BA40008015012802DD4FF0FF3000E013D0401C36D0029860B3BBF1000F0CD14A460120C0
:20BA6000002100F03BF928402140084301D0012000E00020E0B101204A46002100F02EF901
:20BA8000034640190A4661412D1A8C4111D3B9F1400F09DD159810F0240F02D0AAF13406B4
:20BAA00003E0AAF1170600E0761C00254FF0004406E05B1E42F1FF3220EA030521EA0204EB
:20BAC000CAF10100B04206DA1B49039808430190002000900EE0039AC4F3D321E80A0A43D8
:20BAE000164940EA44500A433146CDE90002684600F09CFD159810F0240F0BD01598C00747
:20BB000015D13868DDE90012031D3B600068C0E900120CE002A8694600F03CFD1598C00707
:20BB200005D13868029A011D3960006802604046F0E6000002FCFFFF0000F07F0000F03F7C
:20BB40002DE9FF4F92461D4685B04FF00041DDE9124BDDE914727F1E01EA4B50414940F045
:20BB6000FF4940EA0108002122F020004928049102D04E2828D04CE03BA0012607C88DE83F
:20BB80000700A9690698641C88477F1E014606D41DF8060018B121F0200181420BD0E969DB
:20BBA00006988847032E34D0082E32D06FF0010009B0BDE8F08F761C032E01D0082EE0D1F3
:20BBC000601CCAF80000DCE7A9690698641C88477F1E2AD420F02000412826D1A96906988A
:20BBE000641C88477F1E20D420F020004E281CD1A9690698641C88477F1E48F4002849F495
:20BC00008009CAF8004001D4282806D0E969069888475FEACB7012D022E0A9690698641C47
:20BC200088477F1E01D4002803DAE96906988847BCE72928F1D1641CCAF80040E9E71BF0EC
:20BC4000240F07D028680499031D2B600068C0E9001805E02868021D2A600068C0F800900B
:20BC60002046A5E70000F07F494E46494E495459000000000446AFF300802046E5F7E2FE6B
:20BC8000002801D0E9F7B8BE7047000010B5012805D0002103A000F034F8012010BD09A163
:20BCA000F8E7000053494752544D454D3A204F7574206F662068656170206D656D6F72793F
:20BCC000000000003A2048656170206D656D6F727920636F7272757074656400B2F1200315
:20BCE0000AD5C2F1200301FA02F120FA03F300FA02F041EA0301704700FA03F14FF0000092
:20BD0000704770B505460C460A2000E06D1CE9F776FE35B128780028F8D102E0641CE9F70A
:20BD20006EFE14B120780028F8D1BDE870400A20E9F765BE5FEA400C08BF91F0000F4FEAA2
:20BD40008C234FEAC12243EA51514FEA1C5018BF00F5F0404FEA300018BF41F000415FEAAD
:20BD60006C5C00F02980BCF1FF3F08BF40F080407047130C06BF12044FF0100C4FF0000C69
:20BD8000130E04BF12020CF1080C130F04BF12010CF1040C930F04BF92000CF1020CD30FB1
:20BDA00004BF52000CF1010C11464FF00002A0F11F00A0EB0C00704711F0004F08BF704700
:20BDC00031F000413FF4D5AF0B0C06BF09044FF0100C4FF0000C0B0E04BF09020CF1080CC3
:20BDE0000B0F04BF09010CF1040C8B0F04BF89000CF1020CCB0F04BF49000CF1010CCCF1B1
:20BE00002003A0EB0C0022FA03F302FA0CF241EA030100F10100704720F07F4C80EA03003C
:20BE200023F07F47ACEB070303F57C5300F0004003F1FF032DE980494FEA154B09B44FEA2D
:20BE4000144325EA0B4E24EA03480FF2042606EB132749083E785FEA320203FB0667C7F5C9
:20BE6000000707FB06F64FEA54374FEAD64606F1020607FB066CCCF1005C4FEA1C472CEA66
:20BE8000074C07FB06F40CFB06F504EB15464FEA961634BF00204FF000404FEAD13706FB4E
:20BEA00007FC4FEA1C4C0CFB0BF7D21B03FB0CF761EB07010CFB0EF7B0EB074072EB1742EF
:20BEC0000CFB08F734BFA2EB0742B2EB074261EB17414FEA0C444FEA910706FB07FC4FEA72
:20BEE0001C4C0CFB0BF7B0EBC74072EB573203FB0CF734BFA2EBC742B2EBC74261EB573145
:20BF00000CFB0EF7B0EBC70072EB57720CFB08F734BFA2EBC702B2EBC70261EB5771039F22
:20BF20004FEA816141EA921104EBCC044FEAD1374FEA826206FB07FC42EA90124FEA806010
:20BF40004FEA1C4C0CFB0BF7D21B03FB0CF761EB07010CFB0EF7B0EB074072EB17420CFB4A
:20BF600008F734BFA2EB0742B2EB074261EB17414FEA8C554FEA910704EB9C2406FB07FCD1
:20BF80004FEA1C4C0CFB0BF7B0EBC74072EB573203FB0CF734BFA2EBC742B2EBC74261EBF3
:20BFA00057310CFB0EF7B0EBC70072EB57720CFB08F734BFA2EBC702B2EBC70261EB57719C
:20BFC00015EB4C254FEA816141EA92114FEA82624FEAD13742EA901206FB07FC44F100049E
:20BFE0004FEA80604FEA1C4C0CFB0BF7D21B03FB0CF761EB07010CFB0EF7B0EB074072EBF1
:20C0000017420CFB08F734BFA2EB0742B2EB074261EB174115EB1C154FEA813141EA924154
:20C020004FEA823242EA90424FEA80304FEA0C7644F1000448EA03434EEA0B484FF0000EE8
:20C04000B2EB080C71EB030724BF624639464EEB0E0E4FF0000B0018524149414BEB0B0B9F
:20C06000B2EB080C71EB03077BF1000B24BF624639464EEB0E0E4FF0000B00185241494154
:20C080004BEB0B0BB2EB080C71EB03077BF1000B24BF624639464EEB0E0E51EA020718BF4C
:20C0A00046F0010616EB0E7655F1000254F1000103D5BDE88901BDE80088BDE88901BDE828
:20C0C0000048B619524141EB0101A3F10103704780807F7E7D7C7B7A79787776767574739E
:20C0E000727171706F6E6E6D6C6C6B6A6A696868676666656464636362616160605F5F5E4E
:20C100005E5D5D5C5C5B5B5A5A595958585757565655555554545353525252515150505054
:20C120004F4F4F4E4E4D4D4D4C4C4C4B4B4B4A4A4A494949484848474747474646464545C1
:20C140004544444444434343434242424241414146EA0646A3F570534FEA164646EA42567F
:20C160004FEAD22242EA415210B54FEAD121A3F1010300F017F820F0004000F1010C00F00E
:20C18000004701EB00501146BCF5006F40EA070000D210BD02484FF0000140EA070010BD4D
:20C1A0000000F07F002B26D4770021D01CB54FEA370703B44FF010004FF010014FF00000A6
:20C1C0000FBCBDE810400BF1010BBBF1010F08BF5FEA170722BF12F1010211F101014FF083
:20C1E000004143F1000300F0004043EA00007047F9D35708DAE746EA064613F1400F4FEABF
:20C2000016461FDD13F1200FDFBF16430A46002120335B42C8D0C3F1200746EA064602FA50
:20C2200007F74FEA164646EA0706C3F1200722FA03F201FA07F721FA03F14FF0000342EACC
:20C240000702B1E746EA020646EA06464FEA164646EA0106BCBF46EA0646360C4FF0000342
:20C260004FF000024FF000019EE72DE9C048934630B491E8380007C831EA400C48BF34EAD1
:20C28000430C03D5FFF7C8FDFFF78CFFF0BCBDE800882DE9C048934630B491E8380007C807
:20C2A00031EA400C48BF34EA430C03D5FFF7B4FDFFF74EFFF0BCBDE800882DE9C048934611
:20C2C00030B491E8380007C810F0804F08BF13F0804F03D100F019F8FFF764FFF0BCBDE813
:20C2E00000882DE9C048934630B491E8380007C810F0804F08BF13F0804F03D100F005F832
:20C30000FFF726FFF0BCBDE8008820F07F4780EA030023F07F4C07EB0C03A3F57C5300F0B0
:20C320000040A3F1FE0392F0000F00F0B38095F0000F00F077802DE901494FEA11404FEAD6
:20C34000144621EA004800FB06FC24EA064708FB06F607FB08F800FB07F718EB06484CEB56
:20C36000164C4FEA124B18EB07484FEA15464CEB174022EA0B4E0BFB06FC25EA06470EFB7F
:20C3800006F607FB0EFE0BFB07F71EEB064E4CEB164C4FF000061EEB074E4CEB174B18EB5A
:20C3A0000B0840F1000018EB0E0B58EB000840F100008F1A4FF000013CBFC943661B14BF5D
:20C3C000B5EB040C00213CBFC943F61B4FEA17444EEA8E0E27EA04454FEA1C4704FB0762AE
:20C3E0002CEA074C05FB07F70CFB05F604FB0CFC16EB074642EB174216EB0C4642EB1C421B
:20C400001BEB060658EB0202414146EA9E0601D5BDE80189B619524141EB0101A3F1010340
:20C42000BDE801894FEA14454FEA114724EA054621EA074C05FB07F406FB07F70CFB06F1FB
:20C4400005FB0CFC11EB074144EB17444FEA124711EB0C4144EB1C4422EA074C05FB07F244
:20C4600006FB07F70CFB06F605FB0CFC16EB074642EB174216EB0C4642EB1C456A1854F136
:20C48000000148BF7047B619524141EB0101A3F10103704795F0000F37D04FEA11424FEA9E
:20C4A000144721EA024624EA074C02FB07F106FB07F70CFB06F402FB0CFC14EB074441EBFD
:20C4C00017414FEA154714EB0C4441EB1C4125EA074C02FB07F506FB07F70CFB06F602FB3D
:20C4E0000CFC16EB074645EB174516EB0C4645EB1C42121951F1000148BF7047B6195241EB
:20C5000041EB0101A3F1010370474FEA14454FEA114724EA054621EA074C05FB07F106FBCB
:20C5200007F70CFB06F24FF0000605FB0CFC12EB074241EB174112EB0C4251EB1C4148BFFC
:20C540007047921841EB0101A3F101037047490050EAC12018BF04204A0D18BF40F001003F
:20C5600040F2FF72B2EB515F08BF40F00200012808BF0520704740F2013200204FF0E04121
:20C5800000F06FBF024A0020110700F06ABF000001FDFFFF10B50446D1E9000100F002F830
:20C5A000206010BDF8B504460D466A4600F050F800987E30009000281FDC00221346204622
:20C5C000294600F083FA18D0002140F608004FF0000006462046294600F0DAF8044640F696
:20C5E000080006EA00014FF0000034F0004004BF0220FFF704F92046F8BD0098FF280DDB05
:20C600000220FFF7FCF8002213462046294600F05BFC8CBF04484FF0FF40F8BD20462946D8
:20C62000BDE8F84000F0B4B8000080FF10B504460A46D4E90003194600F036F8C4E90001F8
:20C6400010BD30380A2801D2012070470020704710B5144600222260114A21F000439342AA
:20C66000A8BF10BD53EA000208BF10BDB3F5801FA8BF226807DA362200F0F3FE6FF03502CB
:20C6800021F000432260DFF81CC06FF31E510CEB23531A4441F0FF5141F00051226010BD23
:20C6A0000000F07F02FCFFFF2DE9F04106460C4640F2FF75174635EA14502BD0002213462E
:20C6C000304600F003FA25D03A463046214600F0C8FE06460C4635EA145010D00022134673
:20C6E000304600F0F3F915D10220FFF788F8FFF749FF0A46214662F31E01BDE8F0810220C9
:20C70000FFF77DF8FFF737FF0A46214662F31E01BDE8F08130462146BDE8F08100B583B066
:20C720000A460021CDE9001101466846FEF7A0FCDDE9000103B000BD10B500290AD00878BC
:20C74000002807D005487844FDF79EFE002801D0002010BD0248784410BD0000CA100000AE
:20C76000C210000010B500290AD00878002807D005487844FDF788FE002801D0002010BD37
:20C780000248784410BD0000AE110000A611000021F00042A2F16052B2F5801F01F000433E
:20C7A00028BFD2F17F6C0BD95FEA001C43EAC20242EB507018BF704728BF20F00100704780
:20C7C000B2F5801FBCBF184670474FEA410C1CF5001F02D2084600F0DABD70B500F020FBF4
:20C7E00000000089FFF7F6BF4FF00040A0F580007047000002494FF0000000F000BE00BFC3
:20C800000000F87F491058BFC1F140415B1058BFC3F140438B42EFF3008070472DE9C04148
:20C8200030B4DFF8A0C23CEA111418BF3CEA131400F0EC8081EA03051CEA111444EAD574FB
:20C8400018BF1CEA131500F0C780A4EB05044FF0004545EAC12145EAC32341EA505143EA61
:20C86000525304F17F74994204F500344FEAC0204FEAC22208BF904200F09C804FEA136597
:20C880000FF24016765D4FEA134506FB05F7C7F1807706FB07F74FEAD737A7FB0368764226
:20C8A000C8F58038A7FB06CE38BFA8F1010807FB08E64FF0000EA6FB028CE6FB03CEDCF109
:20C8C000000CCEF1004E38BFAEF1010EA6FB0C584FF000074FF00005E6FB0E87A1FB08C62B
:20C8E000A0FB07CE16EB0E0645F10005E1FB076515F1E04E7EBFA4F580345FEA46066D412F
:20C9000016F1800745F100054FEA17274FEA066647EA0567A6F1DE46B6F1805F4FEA1525E1
:20C920001FD9384624F0010C05EBC471BCF1FE6F01EB0C1102D8F0BCBDE8008124425CBFEB
:20C9400001F5801E9EEAC47F02D4F0BCBDE80081244238D4F0BCA1F1C041BDE8004100F049
:20C96000ADBA4FEAD22242EA43524FEAD323A7FB02864FEAD02040EA415007FB03661EEAB2
:20C980000E0F4FEAD12105FB026658BFA6EB0056B6EB00564FEA520E4EEAC37E18EB0E0EC1
:20C9A00056EB530EBDD518EB02085E417F1C55F10005B6E74FF480154FF000074FF00006B1
:20C9C0004FF00008ADE7F0BC4FF0000001F1C04101F00041BDE8008111EA0C1F0CEA131502
:20C9E00000D00CE013EA0C1F00F025804FF00000F0BC81EA030101F00041BDE80081F0BC60
:20CA0000BDE8004181EA030100F058BAF0BCBDE8004170B500F004FA097EFC3E00F007B8AA
:20CA200081EA03014FF0000001F00041704781EA030100F043BAF0BCBDE800414FF0000032
:20CA400021497047FFFDFBF9F7F5F4F2F0EEEDEBE9E8E6E4E3E1E0DEDDDBDAD8D7D5D4D363
:20CA6000D1D0CFCDCCCBCAC8C7C6C5C4C2C1C0BFBEBDBCBBBAB9B8B7B6B5B4B3B2B1B0AFD0
:20CA8000AEADACABAAA9A8A8A7A6A5A4A3A3A2A1A09F9F9E9D9C9C9B9A9999989797969579
:20CAA00095949393929191908F8F8E8E8D8C8C8B8B8A898988888787868585848483838214
:20CAC000828181800000FF070000F87F51EA030C17D41CF5801F58BFBCF5801F00F1068012
:20CAE000994218BF704708BF9042704707D711F5801F58BF13F5801F19D4994270478942F2
:20CB000070471CF5801F08D5BCF5801FF7D58B4218BF704708BF824270474FF4001C1CEBB2
:20CB2000410F38BF1CEB430F01D28B42704770B500F076F9922449004FF000514FF08053D9
:20CB4000FFF760BE4FEA41034FEA5353A3F58063D3F11E03C8BFD3F1210C0CDD4FF0004223
:20CB600042EAC12242EA505232FA03FC8CEAE17CACEBE1707047102BC4BF0020704703F5AE
:20CB8000787CBCF1FF3F04D06FF0004282EA2100704770B500F044F9499224800020704755
:20CBA000F2E700004FEA1153A3F58063D3F11E03A8BFD3F1200C08DB4FF0004242EAC122D5
:20CBC00052EA505232FA03F0704709420BD4102BC4BF0020704703F5787CBCF1FF3F05D036
:20CBE0004FF0FF3070474FF00000704770B500F017F900BF4992248000207047F0E710F009
:20CC0000004248BF4042B0FA80F310FA03F10AD0C3F11D0303F580634FEA415002EB035299
:20CC200002EBD12170474FF000007047B0FA80F310FA03F10AD0C3F11D0303F580634FEA8B
:20CC400041504FEA035202EBD12170474FF000007047000051EA030C17D41CF5801F58BF2D
:20CC6000BCF5801F00F10680994218BF704708BF9042704707D711F5801F58BF13F5801FF3
:20CC800019D499427047894270471CF5801F08D5BCF5801FF7D58B4218BF704708BF824204
:20CCA00070474FF4001C1CEB410F38BF1CEB430F01D28B42704770B500F0B2F892244900A2
:20CCC0004FF000514FF08053FFF79CBDDFF848C170B51CEA111E1EBF1CEA13159EEA0C0F7B
:20CCE00095EA0C0F00F06F8081EA030423EA4C134EEAD47E21EA4C1141F4801143F480135B
:20CD0000AE44A1FB024CA0FB0365AEF17F7E361955EB0C05A1FB034C4CF10003A0FB021C14
:20CD200016EB0C06654153F10003094218BF46F0010613F4007F0BD14FEA03314FEA053057
:20CD4000340341EA155140EA16506FF003020AE04FEAC3214FEAC520F40241EA555140EA01
:20CD600056506FF0020202EB2E4201EB025585EACE710AD05FEA440C18BF24F0004450F179
:20CD8000000041F1000120EAD47040F2FE7C624500D270BDA84214BF4FF080444FF040443D
:20CDA000002E08BF0024BEF1806FA8BFA1F1C041BDE8704080F282804FF0000001F1C041C7
:20CDC00001F0004170479EEA0C0F0CEA131518BF95EA0C0F06D04FF0000081EA030E0EF0A9
:20CDE000004170BD00F01CF88900013E00F007B800F009B84FEA430C5FEA5C5C08D081EACD
:20CE0000030100F05BB84FEA410C5FEA5C5CF6D14FF00000014970470000FF070000F87F00
:20CE20000EF1020E2EF0030E5EF8046B364205D4012A43EB030515F5001F12D8012841EBD5
:20CE4000010C1CF5001F0CD80ED14FEAD17C15F5001F0CEB4C0C0CF1020C08BF4CEBD37C7C
:20CE600004E04FF0080C01E04FEAD37C0CEB4C0526FA05F606F00706B6F1040C06D20EEB24
:20CE8000860CBDE870404CF0010C6047DFE80CF0090B02024FF000414FF00000A1F500216A
:20CEA00070BD19461046012851EB010418BFD4F5001484BF002001F0004170BD0808A0F50B
:20CEC00000114FEA3101704753EA010C17D41CF5801F58BFBCF5801F00F106808B4218BFB8
:20CEE000704708BF8242704707D713F5801F58BF11F5801F19D48B4270479B4270471CF5E2
:20CF0000801F08D5BCF5801FF7D5994218BF704708BF904270474FF4001C1CEB430F38BF11
:20CF20001CEB410F01D2994270470FB40CBC03BCFFF7C1BE43004FEAD30C4FEA3C0C434017
:20CF40001FBF40070CF1605113F0FE4F70471CF0006F03D100200CF0004170470CF0004355
:20CF600043EA507010B540EACC0000F0CAF900BF000000924FEA0001FFF7A0BF4FF00041F6
:20CF80004FF00000A1F500217047401058BFC0F14040491058BFC1F140418142EFF3008084
:20CFA000704700004FF47F0C1CEAD0121EBF1CEAD11392EA0C0F93EA0C0F00F0858090EA9F
:20CFC000010F48BF42F4807240F4000C41F400002CF07F4120F07F4000B58142A2EB0302E8
:20CFE0000FF2081CACEB504EC0F100009EF800E04FEA4E0E00FB0EFC38BF49004FEA2C1C55
:20D0000002F5FA020CFB0EF34FEACE1E4FEA112C4FEAC1210EEB635E42EB22420EFB0CFC03
:20D020004FEA1C5300FB03114FEA112C4FEA01310EFB0CFC4FEADC4C00FB0C11C14228BFE4
:20D0400009184CEB03335DF804EB10EB410143EBC250B2F57C0F38BF704729D512F0F00FA2
:20D060001CBF00F1C04000F000407047008182838485868788898B8C8D8E8F9192939596AE
:20D0800097999A9C9D9FA0A2A3A5A7A8AAACAEB0B2B3B5B7B9BCBEC0C2C5C7C9CCCED1D447
:20D0A000D7D9DCDFE2E6E9ECF0F3F7FAFE0000004FEA400C0CF1807CBCF17E4F28BF704700
:20D0C000B0F1C04000F063B990EA010F0CEAD11348BF42F48072624538BF634507D213F4EA
:20D0E0007F0F16D080EA010000F00040704710B500F007F9097EFC3E00F005B880EA0100DC
:20D1000000F00040704780EA010000F0004000F03EB912F47F0F04BF0248704780EA0100E3
:20D1200000F035B90000C07FC10DD1F19E0206DB4FEA002343F0004323FA02F070470042E7
:20D1400007D54FEA4001B1F1FE4F02D24FF00000704710B500F0D5F84992248000207047E8
:20D160006FEA20007047000010F0004148BF4042B0FA80F310FA03F2C3F19D030BD051EA2F
:20D18000C35101EB1220530638BF704700F1010008BF20F00100704750EA010C00F113800A
:20D1A0001CF5000F58BFBCF5000F01D48842704707D710F5000F58BF11F5000F15D4884251
:20D1C0007047894270471CF5000F04D5BCF5000FF7D5814270474FF0807C1CEB400F38BF8F
:20D1E0001CEB410F01D28142704710B500F089F8922449004FF000504FF08051FFF7C5BE3E
:20D200004FF47F0C1CEAD0121EBF1CEAD11392EA0C0F93EA0C0F00F0478090EA010F48BF1A
:20D2200042F480724FF0004C4CEA00204CEA012102EB0302A0FB0113A2F50002002918BF53
:20D2400043F001035B0028BF4FEA330342EB22425FEA132C4CEBC2502EBFBCEB436FB2F597
:20D260007C0F70474FEA036CBCF1004F08BF20F00100B2F57C0F38BF70470BD582F0FF02BD
:20D2800012F5803FC8BF704700F1C040D8BF00F00040704700F5000C5FEA4C0C48BF7047BB
:20D2A000B0F1C04000F073B890EA010F0CEAD11348BF42F48072624538BF634504D280EA99
:20D2C000010000F00040704710B500F01AF800BF8900013E00F007B800F009B85FEA410C22
:20D2E0005FEA1C6C08D080EA010000F050B85FEA400C5FEA1C6CF6D14FF00040A0F5800061
:20D3000070470EF1020E2EF0030E5EF8044B244204D44FEA4102B2F17F4F11D84FEA4003E3
:20D32000B3F17F4F0CD80ED14FEAD07CB2F17F4F0CEB4C0C0CF1020C08BF4CEBD17C04E039
:20D340004FF0080C01E04FEAD17C0CEB4C0324FA03F404F00704B4F1040C06D20EEB840CA3
:20D36000BDE810404CF0010C6047DFE80CF0070802024FF00040A0F5800010BD0846420001
:20D3800018BFD2F1807288BF00F0004010BDFF2141EAD050C005704751EA000C00F113800B
:20D3A0001CF5000F58BFBCF5000F01D48142704707D711F5000F58BF10F5000F15D481425D
:20D3C0007047894270471CF5000F04D5BCF5000FF7D5884270474FF0807C1CEB410F38BF85
:20D3E0001CEB400F01D28842704780EA010081EA000180EA0100FFF7F8BEFDF717BA0CF0D4
:20D400000F03092B08BF082000F05F800A2B0BD0082B18BF704708BF1CF0400F0AD04FF0FC
:20D4200000004FF0000170471CF0400F18BF4FF0004070471CF0100F08D020F0704300F0D7
:20D440007F4242EAD3014FEA4370704700F0604021F07F4242EA000201F07F4040EA72701C
:20D4600070474FF0FF0C4CF4E06C1CEA11531CBF9CEA030C9445C2BFDA4201EB02517047D9
:20D48000002B0DD0BCF1000F0FD0002A01F00041A4BF41F0E04141F07F614FF000007047D1
:20D4A00001F000414FF00000704750EA01334FF09B0C18BF4CF0806C7FF49CA97047FDF78E
:20D4C0002FBCFEF7B1B9FEF73BBB1CF4801F11D01CF4E02F03D06FEACC31490070474FF000
:20D4E0004050EFF3008222F0704242EA000282F3008870474FF000007047666BD5667C62B2
:20D50000595E685AA8561453AC4F6C4C53495F468E43DD404C3ED83B8039443720351533DD
:20D520002131432F792DC42B212A90281027A0254024EF22AC2176204C1F301E1E1D181C93
:20D540001C1B2B1A431964188E17C116FC153E158814D81330138E12F2115C11CC10411090
:20D56000BB0F3A0FBE0E460ED30D640DFA0C930C2F0CCF0B730B1A0BC40A710A210AD50978
:20D5800089094109FB08B80877083908FC07C107890752071D07EA06B80689065A062D0684
:20D5A0000206D805AF05880562053D051905F6040003030601040602050003051F1C1F1EE6
:20D5C0001F1E1F1F1E1F1E1F30313233343536373839414243444546303132333435363718
:20D5E000383941424344454640305800303132333435363738396162636465664030780013
:20D60000040000080000000000000002000100001000000002400000000000A00000000009
:20D6200005400000000000C8000000000C4000000000409C00000000194000000020BCBEC2
:20D640000000000034400000BFC91B8E00000004B5400000504BCFD06607E2CF01000000D3
:20D660006C4100003E8251AADFEEA73401000000D9420000DCB5A0E23A301F97FFFFFFFF4F
:20D68000B4450000FD25A0C8E9A3C14FFFFFFFFFFF3F00000000008000000000FF3F000073
:20D6A00000000080000000007573722E636E41542B535953494E464F3F0D0A007573722EC8
:20D6C000636E41542B4353513F0D0A007573722E636E41542B5245424F4F540D0A00000081
:20D6E0000D0A2B535953494E464F3A000D0A2B4353513A0041542B435245470D0A00000028
:20D7000041542B4353510D0A0000000041542B455841540D0A00000041542B524542540D48
:20D720000A0000002B2B2B000D0A2B4F4B3D00000D0A4F4B0D0A000041544F0D0A00000082
:20D740000D0A434F4E4E4543540D0A000D0A2B4353513A200000000047455420257320480E
:20D760005454502F312E310D0A486F73743A2025730D0A557365722D4167656E743A2047D8
:20D78000656E6572616C446F776E6C6F61644170706C69636174696F6E0D0A52616E676562
:20D7A0003A2062797465733D25642D25640D0A4163636570743A202A2F2A0D0A436F6E6E83
:20D7C000656374696F6E3A206B6565702D616C6976650D0A44657669636549643A20257384
:20D7E0000D0A0D0A000000003CD90108000000209C0A00006C1900086CDB01089C0A002074
:20D8000054B10000C8190008000000000000F07F1001000043000000F8FFFFFF00404040A2
:20D8200040404040404041414141414040404040404040404040404040404040400502029A
:20D84000020202020202020202020202022020202020202020202002020202020202909040
:20D8600090909090101010101010101010101010101010101010101002020202020288880C
:20D88000888888880808080808080808080808080808080808080808020202024000000080
:20D8A000000000000000000000000000000000000000000000000000000000000000000068
:20D8C000000000000000000000000000000000000000000000000000000000000000000048
:20D8E000000000000000000000000000000000000000000000000000000000000000000028
:20D90000000000000000000000000000000000000000000000000000000000000000000007
:20D920001C00000043000000F8FFFFFF0C0000000E0000000F0000002E0000001184A24ABB
:20D9400004680901020304060708090C691045020406081B20020441224413EB54140811E5
:20D96000551408F40C4C20F450170110027F801A07CA2313271A34B0234061236489230917
:20D98000A82302C3232BE3146E1501141A2C0114E1520123A9D2E904291814613D0114D127
:20D9A0001401239B77232DF329084B0AD9084BB3BD084B87A0084B866A08233E3E631E18BB
:20D9C0001BF5D628227E028B0312017A040401402307092313272334442340612364892311
:20D9E00009A82302C3232BE3146E1501141A2C0114E1520123A9D2E904291814613D01148F
:20DA0000D11401239B77232DF329084B0AD9084BB3BD084B87A0084B866A08233E3E631EA1
:20DA2000181BF5D628227E121012080A1DFF010A1C30010121093E40549112231AA0D00019
:20DA40000D347A642E6A756D6961692E636E653138383374544350051079D987B01E180192
:20DA600022421C041E188121421C041E3C81224238041E3C01234238041A1C041A04181AE7
:20DA800030041A2004C1B2011A400D42202228139FB31B08C50413B8704C20B89817013CF1
:20DAA000AB01206A01240352141409525409136801651E079D010865041AB30431380D3149
:20DAC00033373031323031393034300159076901110010C16A756D692F64657669636563B7
:20DAE0006F6E6E1EBCD60108A8041ACC041AEC041AE004B54E554C4CD90F2134D4A1022BB5
:20DB0000010206811E24D701080C041119041AF4441A18085A2804091E502CF4600550615C
:20DB2000A955F1000D347A642E6A756D6961692E636E6531383833F454435029C0DA38C05C
:20DB40001A30041A4C040A2140C4095A9C0118025B0D0417D066050291200227010B22E01C
:0CDB60002E2C02531409525461000000E6
:00000001FF
