:020000040800F2
:10000000C0B90020750400087D0200087F020008C6
:1000100083020008870200088B020008000000002D
:100020000000000000000000000000008F02000837
:10003000910200080000000093020008313100081E
:100040008F0400088F0400088F040008458C000806
:100050008F0400088F0400088F0400088F04000834
:100060008F0400088F0400088F0400088F04000824
:10007000E39700088F0400088F0400088F0400082D
:100080008F0400085B9600088F0400088F040008A6
:100090008F0400088F0400088F0400088F040008F4
:1000A0008F0400088F0400088F0400088F040008E4
:1000B0008F0400088F0400088F0400088F040008D4
:1000C0008F0400088F0400088F0400088F040008C4
:1000D0008F0400088F0400084F95000883960008DD
:1000E0008F0400088F0400088F0400088F040008A4
:1000F0008F0400088F0400088F0400088F04000894
:100100008F0400088F0400088F0400088F04000883
:100110008F0400088F040008A92E00088F0400082F
:100120008F0400088F0400088F0400088F04000863
:1001300000F002F800F081F80AA090E8000C824478
:100140008344AAF10107DA4501D100F076F8AFF255
:10015000090EBAE80F0013F0010F18BFFB1A43F0A5
:1001600001031847401502006015020010F8013B1A
:100170000A4413F0030408BF10F8014B1D1108BF17
:1001800010F8015B641E05D010F8016B641E01F8C5
:10019000016BF9D1002D15D010F8014B03F00C03C1
:1001A0000C2BA1EB04040ABF10F8013BA4EB831451
:1001B000A4EB032405F1010314F8016B5B1E01F8A5
:1001C000016BF9D5914238BF10F8013BD1D370478C
:1001D0000023002400250026103A28BF78C1FBD850
:1001E000520728BF30C148BF0B607047672919F01C
:1001F0007486692916F01C84642916F019847829FC
:1002000016F05284732917F0E681002070471FB55D
:100210009DE8030016F014FF17F008FD040000200D
:10022000002118F0F9FF401C60600020002119F047
:1002300009F8E0601FBD10B510BD18F026F8114692
:10024000FFF7E5FF00F014F818F084FA03B4FFF7A5
:10025000F2FF03BC03F0D6FA80F308887047024827
:1002600002490160FEE700000CED00E00100FA0524
:1002700002F06AFF01E002F0FBFFFCE7704700BFFD
:10028000FEE700BFFEE700BFFEE700BFFEE77047E6
:10029000704770470CB50020019000906C480068D2
:1002A00040F480306A49086000BF6948006800F483
:1002B000003000900198401C0190009818B90198F6
:1002C000B0F5A06FF1D16248006800F4003010B1C1
:1002D0000120009001E0002000900098012843D107
:1002E0005C48006840F010005A4908600846006801
:1002F00020F0030008600846006840F00200086033
:10030000534840685249486008464068486008467B
:10031000406840F4806048600846406820F47C10E3
:1003200048600846406840F4E810486008460068A5
:1003300040F08070086000BF4548006800F0007021
:100340000028F9D04248406820F003004049486046
:100350000846406840F00200486000BF3C484068E2
:1003600000F00C000828F9D10CBD10B5FFF792FF82
:1003700010BD10B53648006840F0010034490860EF
:1003800008464068344908403149486008460068DA
:10039000324908402E4908600846006820F4802051
:1003A00008600846406820F4FE0048604FF41F00D3
:1003B0008860FFF7DAFF4FF000602949086010BD40
:1003C00010B5002100200022214B5B6803F00C01D6
:1003D00021B1042906D0082928D107E0214B224C5D
:1003E000236027E01F4B204C236023E0184B5B6801
:1003F00003F47010164B5B6803F48032022303EBA6
:10040000904022B9194B4343174C23600DE0104B29
:100410005B6803F4003323B1144B4343124C236055
:1004200003E0104B4343104C236003E00D4B0E4C94
:10043000236000BF00BF064B5B68C3F303130C4C83
:10044000E15C094B1B68CB40074C236010BD0000EA
:1004500000100240002002400000FFF8FFFFF6FEFF
:1004600008ED00E000127A000000002000093D00C5
:10047000040000200948804709480047FEE7FEE7DE
:10048000FEE7FEE7FEE7FEE7FEE7FEE7FEE7FEE744
:1004900004480549054A064B7047000073030008ED
:1004A00031010008C0B30020C0B90020C0B5002051
:1004B000C0B5002031490143314A1160704770B521
:1004C000002100230F22C47804B32D4C246804F4C7
:1004D000E064C4F5E064210AC1F10403CA40447831
:1004E00004FA03F18478144021430901254C06786D
:1004F000A155047804F01F050124AC4005786D1166
:10050000AD0005F1E025C5F8004109E0047804F0EC
:100510001F050124AC401C4D0678761145F8264095
:1005200070BD1A4A0A400243154B1B1F1A607047E0
:1005300039B1134A121D12680243114B1B1D1A6078
:1005400006E00F4A121D126882430D4B1B1D1A60F4
:100550007047042808D14FF0E021096941F00401F7
:100560004FF0E022116107E04FF0E021096921F02E
:1005700004014FF0E0221161704700000000FA050D
:100580000CED00E000E400E080E100E080FFFF1FF0
:1005900010B5012001F03CF8002001F039F810BD41
:1005A0002A49086070472949091F08607047274990
:1005B00084310860704701460020254A10884FF6B4
:1005C0007F4210400843224A1080704701460020B5
:1005D0001F4A10884FF68072104008431C4A108052
:1005E000704708B500220092194A2C3A0092009AEE
:1005F00002440092009A116008BD08B5014600202F
:10060000009013482C3800900098084400900098FF
:10061000008808BD0D489C300068C0B270470C4887
:100620000830008840F0010009490831088070470F
:100630000648A0300068C0B27047054808300088FE
:1006400040F00200024908310880704704860D42DC
:100650002C6C004001684FF6FE72114001600021D1
:10066000016041608160C1608D49884208D18C4938
:100670000839496841F00F01894A083A51608AE017
:1006800087491431884208D185490839496841F0C1
:10069000F001834A083A51607DE08149283188425F
:1006A00008D17F490839496841F470617C4A083AA9
:1006B000516070E07A493C31884208D17849083964
:1006C000496841F47041764A083A516063E07449E0
:1006D0005031884208D172490839496841F4702183
:1006E0006F4A083A516056E06D496431884208D13A
:1006F0006B490839496841F47001694A083A516008
:1007000049E067497831884208D165490839496824
:1007100041F07061624A083A51603CE061498842A8
:1007200006D1011F096841F00F01021F116032E07C
:100730005C491431884208D15A49091F096841F0BF
:10074000F001584A121F116025E0564928318842AD
:1007500008D15449091F096841F47061514A121FB8
:10076000116018E04F493C31884208D14D49091FBA
:10077000096841F470414B4A121F11600BE049496E
:100780005031884207D14749091F096841F4702157
:10079000444A121F1160704710B50022026847F6E4
:1007A000F0739A430C6A8B6823430C6923434C69AA
:1007B00023438C692343CC6923434C6A23438C6ACB
:1007C00023431A430260CB6843600B6883604B6825
:1007D000C36010BD0021016041608160C1600161A2
:1007E00041618161C161016241628162704721B1F1
:1007F000026842F00102026004E002684FF6FE73F4
:100800001A40026070471AB103680B43036002E0AC
:1008100003688B4303607047416070470146486836
:1008200080B2704701460020002201F080531BB1C6
:100830001C4B083B1A6802E0194B083B1A6802EA95
:1008400001030BB1012000E00020704700F080514F
:1008500019B11449091F086002E0114908394860BC
:10086000704701460020002201F080531BB10D4B60
:10087000083B1A6802E00A4B083B1A6802EA0103C7
:100880000BB1012000E00020704700F0805119B149
:100890000449091F086002E00149083948607047AF
:1008A000080002400804024001460020FE4A106889
:1008B00000F03800084310607047FB49096821F0D8
:1008C0000801F94A11601146096801431160704737
:1008D000F549096821F01001F34A116011460968D1
:1008E000014311607047F148EF494860F0484860A3
:1008F0007047EE48EC494860ED4848607047EA4868
:10090000006940F08000E84908617047E6480069E6
:1009100040F08000E449086170470420E249C9685A
:1009200001F0010109B101200EE0DF49C96801F0C1
:10093000040109B1022007E0DB49C96801F0100198
:1009400009B1032000E00420704700B502460423EB
:10095000FFF7E3FF034603E0FFF7DFFF0346521E06
:10096000012B01D1002AF7D102B90523184600BD99
:1009700030B5044604254FF43020FFF7E6FF054666
:10098000042D17D1C848006940F00200C64908612B
:1009900008464461006940F0400008614FF430208F
:1009A000FFF7D3FF0546C048006941F6FD710840D6
:1009B000BD490861284630BD10B504244FF43020ED
:1009C000FFF7C3FF0446042C16D1B748006940F076
:1009D0000400B54908610846006940F0400008611C
:1009E0004FF43020FFF7B1FF0446AF48006941F6ED
:1009F000FB710840AC490861204610BD00B50246B5
:100A00000423FFF78AFF034603E0FFF786FF034650
:100A1000521E012B01D1002AF7D102B90523184635
:100A200000BD10B504244FF43020FFF7E7FF044663
:100A3000042C16D19C48006940F004009A490861D2
:100A40000846006940F0400008614FF43020FFF78D
:100A5000D5FF04469448006941F6FB71084092496D
:100A60000861204610BD00208F49C96901F00201CC
:100A700009B1012000E00020704730B5A52504240D
:100A8000FFF7F1FF00B100254FF43020FFF75DFFC5
:100A90000446042C3AD1854883498860844888609C
:100AA0000846006940F0200008610846006940F0EF
:100AB000400008614FF43020FFF747FF0446042C44
:100AC0001BD17948006941F6DF7108407649086119
:100AD0000846006940F01000086176480580E00291
:100AE000FFF733FF0446052C10D06F48006941F62C
:100AF000EF7108406C49086108E0052C06D06A488F
:100B0000006941F6EF71084067490861204630BD31
:100B100078B506460C46042500200090E802FFF751
:100B200014FF0546042D24D15F48006940F0010000
:100B30005D4908613480E802FFF707FF0546042D90
:100B400010D1B01C0090200C00990880E802FFF73B
:100B5000FCFE05465448006941F6FE7108405249C2
:100B6000086106E05048006941F6FE7108404E49B0
:100B70000861284678BD70B504460D460426F0028B
:100B8000FFF7E3FE0646042E11D14748006940F006
:100B90000100454908612580F002FFF7D6FE0646B0
:100BA0004148006941F6FE7108403F4908613046FE
:100BB00070BD70B505460E460424E002FFF7C5FE81
:100BC0000446042C17D13948374988603848886072
:100BD0000846006940F0100008612E80E002FFF72F
:100BE000B4FE0446052C06D02F48006941F6EF718B
:100BF00008402D490861204670BD2DE9F0430446A8
:100C00004FF6FF763746B046B1460425E443E6B2D8
:100C1000C4F30727C4F307484FEA1469E802FFF753
:100C200094FE0546042D49D120481F49886020487C
:100C300088600846006940F010000861FF2E06D069
:100C40001C4808300680E802FFF77FFE0546042DA9
:100C500008D1FF2F06D017480A300780E802FFF7B7
:100C600074FE0546042D0AD1B8F1FF0F07D01148D4
:100C70000C30A0F80080E802FFF767FE0546042D5F
:100C80000AD1B9F1FF0F07D00A480E30A0F8009042
:100C9000E802FFF75AFE0546052D0FD0024800690D
:100CA00041F6EF71084007E000200240230167454C
:100CB000AB89EFCD00F8FF1F664908612846BDE803
:100CC000F08330B5054604244FF43020FFF73DFE95
:100CD0000446042C41D160485E4988605F488860C2
:100CE0000846006940F0200008610846006940F0AD
:100CF000400008614FF43020FFF727FE0446042C23
:100D000022D15448006941F6DF7108405149086119
:100D10000846006940F0100008611DB100205049EC
:100D2000088002E0A5204E4908804FF43020FFF7EC
:100D30000CFE0446052C10D04648006941F6EF71C0
:100D400008404449086108E0052C06D04148006984
:100D500041F6DF7108403F490861204630BDF0B5DB
:100D600005460E46174604243B483A4988603B48EE
:100D70008860E002FFF7E9FD0446042C19D13548EC
:100D8000006940F010003349086147F0F800304333
:100D900028433349891C0880E002FFF7D6FD04464A
:100DA000052C06D02B48006941F6EF71084029490F
:100DB00008612046F0BD2748C06980087047254873
:100DC000006A704700202349096801F0200109B139
:100DD000012000E00020704729B11E4A1269024339
:100DE0001C4B1A6104E01B4A12698243194B1A61B9
:100DF000704701460020012908D1164AD26902F045
:100E000001020AB1012008E0002006E0114AD26880
:100E10000A400AB1012000E0002070470D49C86077
:100E2000704704200B49C96801F0010109B1012094
:100E30000EE00849C96801F0040109B1022007E089
:100E40000449C96801F0100109B1032000E0042041
:100E5000704700000020024023016745AB89EFCDB9
:100E600000F8FF1F10B50446CC48844208D1012188
:100E7000042000F0B3FB0021042000F0AFFB46E0AB
:100E8000C748844208D10121082000F0A7FB0021B7
:100E9000082000F0A3FB3AE0C248844208D10121B7
:100EA000102000F09BFB0021102000F097FB2EE0AB
:100EB000BD48844208D10121202000F08FFB002191
:100EC000202000F08BFB22E0B848844208D10121A9
:100ED000402000F083FB0021402000F07FFB16E063
:100EE000B348844208D10121802000F077FB002123
:100EF000802000F073FB0AE0AE48844207D1012154
:100F0000801500F06BFB0021A01500F067FB10BD01
:100F100010B50121084600F061FB0021012000F01E
:100F20005DFB10BD2DE9F0410246002500260020A2
:100F300000230024002791F803C00CF00F0591F85E
:100F400003C00CF0100CBCF1000F03D091F802C0EC
:100F50004CEA050591F800C0BCF1000F31D01468CF
:100F600000202BE04FF0010C0CFA00F3B1F800C0A8
:100F70000CEA03069E4220D183004FF00F0C0CFABE
:100F800003F7BC4305FA03FC4CEA040491F803C0E0
:100F9000BCF1280F06D14FF0010C0CFA00FCC2F88E
:100FA00014C00AE091F803C0BCF1480F05D14FF01E
:100FB000010C0CFA00FCC2F810C0401C0828D1D368
:100FC0001460B1F800C0BCF1FF0F34DD546800209C
:100FD0002EE000F1080C4FF0010808FA0CF3B1F80C
:100FE00000C00CEA03069E4221D183004FF00F0C93
:100FF0000CFA03F7BC4305FA03FC4CEA040491F82D
:1010000003C0BCF1280F05D100F1080C08FA0CF858
:10101000C2F8148091F803C0BCF1480F07D100F169
:10102000080C4FF0010808FA0CF8C2F81080401CB8
:101030000828CED35460BDE8F0814FF6FF710180DF
:10104000022181700421C17070470246002093681C
:101050000B400BB1012000E000207047014688687A
:1010600080B2704702460020D3680B400BB10120CC
:1010700000E0002070470146C86880B270470161F7
:101080007047416170470AB1016100E041617047FA
:10109000C16070474FF480320A438261816182618E
:1010A00082698269704702460020434B18684FF6F8
:1010B0008073184040EA021008433F4B18607047A5
:1010C0003E49C8617047F0B50A460023002400215C
:1010D000002500F00046B6F1004F02D1364EF1690E
:1010E00001E0354E7168C0F3034583B200F4401649
:1010F000B6F5401F08D121F070612F4E766826F0BA
:1011000070662D4F7E6012E000F48016B6F5801FE9
:1011100006D1032606FA05F4A14341F0706106E00A
:10112000460D360103FA06F6B14341F0706122B173
:10113000460D360103FA06F6314300F00046B6F1DB
:10114000004F02D11C4EF16101E01B4E7160F0BDF9
:1011500030B500228B071C0F0F2303FA04F2164B45
:1011600008338C1053F824309343134C08348D10FB
:1011700044F8253023468C1053F824308C07240F74
:1011800000FA04F423430C4C08348D1044F8253045
:1011900030BD0A49DC31086070470000000801409A
:1011A000000C0140001001400014014000180140F3
:1011B000001C0140002001400000014000002042CE
:1011C0000E49086070470D49486070470B498860B8
:1011D00070474AF6AA200949086070474CF6CC408F
:1011E00006490860704701460020044AD2680A4058
:1011F0000AB1012000E000207047000000300040EC
:1012000010B50121080700F0F6F900214FF08050D9
:1012100000F0F1F910BD2A490862704728490861B9
:10122000704701460020274A106820F0E00008437C
:10123000106070472249A0310860704710B502461F
:101240000020204B186820F00300104318601E4B4C
:101250001B6843F004031C4C2360012901D130BFFB
:1012600000E020BF184B1B6823F00403164C2360DA
:1012700010BD1448006840F0040012490860084698
:10128000006840F0020008600F48006840F0040069
:101290000D49086000BF00BF30BF70470146002005
:1012A000084A52680A400AB1012000E00020704755
:1012B0000449096841EA8001024A11607047000050
:1012C00000000E420070004010ED00E0DF480068B2
:1012D00040F00100DD49086008464068DC490840EC
:1012E000DA49486008460068DA490840D74908608A
:1012F0000846006820F4802008600846406820F412
:10130000FE0048604FF41F0088607047CF490968AD
:1013100021F48031CD4A11601146096821F4802101
:101320001160B0F5803F03D0B0F5802F0ED106E0FC
:10133000C649096841F48031C44A116007E0C349D5
:10134000096841F4A021C14A116000E000BF00BF5C
:10135000704710B501460022002300204A11012ADF
:1013600002D1BA4C236806E0022A02D1B74C236AA4
:1013700001E0B64C636A01F01F02012494401C4056
:101380000CB1012000E0002010BD38B50020009015
:101390000024002500BF3120FFF7DBFF0546009841
:1013A000401C00900098B0F5A06F01D0002DF2D045
:1013B0003120FFF7CEFF08B1012400E000242046D1
:1013C00038BD01460020A14A106820F0F80040EA2C
:1013D000C10010607047A0490860704702460020B5
:1013E0009A4B586820F47C1042EA01031843974B4B
:1013F0005860704798490866704701460020934A34
:10140000506820F003000843506070478F484068E0
:1014100000F00C007047014600208C4A506820F014
:10142000F00008435060704701460020874A50682A
:1014300020F4E06008435060704701460020834A72
:10144000506820F4605040EAC1005060704729B1F4
:101450007E4A527A02437D4B5A7204E07B4A527AAA
:1014600082437A4B5A7270477B49D8310860704783
:1014700001460020754A506820F4404008435060FF
:1014800070470021714A20321170704A82F8201092
:10149000012802D004280AD104E001216B4A20323D
:1014A000117005E00521694A2032117000E000BF8B
:1014B00000BF70476949086070476449096A014381
:1014C000624A11627047654944390860704730B517
:1014D00000210022002400235C4D6D6805F00C0102
:1014E00021B1042905D0082923D105E05C4D056010
:1014F00022E05B4D05601FE0544D6D6805F47012ED
:10150000524D6D6805F48034022505EB92421CB9FA
:10151000544D554305600BE04C4D6D6805F40035A6
:101520001DB1504D5543056002E04D4D55430560DA
:1015300002E04B4D056000BF00BF444D6D6805F0F3
:10154000F0010909484D6B5C0568DD4045603F4D81
:101550006D6805F4E061090A434D6B5C4568DD4048
:1015600085603A4D6D6805F46051C90A3E4D6B5C6B
:101570004568DD40C560354D6D6805F44041890B17
:101580003A4D6B5CC568B5FBF3F5056130BD29B11B
:101590002E4A526902432D4B5A6104E02B4A52698C
:1015A00082432A4B5A61704729B1284A9269024303
:1015B000264B9A6104E0254A92698243234B9A6143
:1015C000704729B1214AD2690243204BDA6104E015
:1015D0001E4AD26982431D4BDA61704729B11B4A0A
:1015E000D2680243194BDA6004E0184AD268824399
:1015F000164BDA60704729B1144A12690243134B43
:101600001A6104E0114A12698243104B1A61704753
:1016100012494039086070470F49C86470470B4948
:10162000C87170470948406A40F0807007494862B5
:10163000704701460020054A92680A400AB101201D
:1016400000E0002070470149887270470010024096
:101650000000FFF8FFFFF6FE000042428004424215
:1016600000127A0000093D00140000202400002030
:1016700010B50446FE48844208D10121C014FFF78A
:10168000ADFF0021E014FFF7A9FFC4E0B4F1804FE3
:1016900008D101210846FFF7AEFF00210120FFF726
:1016A000AAFFB8E0F348844208D101210220FFF7E5
:1016B000A2FF00210220FFF79EFFACE0EE4884422B
:1016C00008D101210420FFF796FF00210420FFF735
:1016D00092FFA0E0E948844208D101210820FFF7E9
:1016E0008AFF00210820FFF786FF94E0E448844247
:1016F00008D101211020FFF77EFF00211020FFF705
:101700007AFF88E0DF48844208D101212020FFF7DA
:1017100072FF00212020FFF76EFF7CE0DA48844250
:1017200008D101214014FFF759FF00216014FFF791
:1017300055FF70E0D548844209D10121C804FFF764
:101740004DFF00214FF40020FFF748FF63E0D04831
:10175000844209D101210805FFF740FF00214FF421
:101760008010FFF73BFF56E0CA48844209D10121AF
:101770004805FFF733FF00214FF40010FFF72EFF5D
:1017800049E0C548844208D101214020FFF733FFDA
:1017900000214020FFF72FFF3DE0C048844208D1E0
:1017A00001218020FFF727FF00218020FFF723FF82
:1017B00031E0BB48844208D101218015FFF71BFFAF
:1017C0000021A015FFF717FF25E0B648844209D194
:1017D00001210804FFF702FF00214FF48030FFF7DA
:1017E000FDFE18E0B048844209D101214804FFF70A
:1017F000F5FE00214FF40030FFF7F0FE0BE0AB48A0
:10180000844208D101218804FFF7E8FE00214FF44B
:101810008020FFF7E3FE10BD00220288944B98421F
:101820000ED0994B98420BD0B0F1804F08D0914B1D
:10183000984205D0904B984202D0904B984204D1E8
:101840004FF68F731A404B881A438D4B984207D03E
:101850008C4B984204D04FF6FF431A40CB881A4372
:1018600002808B8883850B880385814B98420BD03F
:10187000854B984208D08B4B984205D08A4B9842B2
:1018800002D08A4B984201D10B7A038601238382CE
:10189000704770B5002400220023058C4FF6FE76B9
:1018A00035400584028C8388048B4FF68F752C405D
:1018B000B51E2C400D882C43751E2A400D892A43E5
:1018C0004D882A436A4DA8420BD06F4DA84208D0DC
:1018D000744DA84205D0744DA84202D0734DA84261
:1018E00013D14FF6F7752A404D892A434FF6FB7501
:1018F0002A408D882A434FF6FF652B404FF6FF554F
:101900002B408D892B43CD892B4383800483CD8845
:101910008586028470BD70B5002400220023058CEA
:101920004FF6EF7635400584028C8388048B48F6A9
:10193000FF752C404FF6FF452C400D884FF6FF7683
:1019400006EA05252C434FF6DF752A400D8906EA85
:1019500005152A434D8806EA05152A43444DA84239
:1019600002D0494DA8421DD14FF67F752A404D89BE
:101970004FF6FF7606EA05152A434FF6BF752A4053
:101980008D8806EA05152A434FF6FF352B404FF2A6
:10199000FF752B408D8906EA85052B43CD8906EA24
:1019A00085052B4383800483CD880587028470BD21
:1019B00070B5002400220023058C4FF6FF663540E9
:1019C0000584028C8388848B4FF68F752C404FF6EC
:1019D000FC752C400D882C434FF6FF552A400D898D
:1019E0004FF6FF7606EA05252A434D8806EA0525C7
:1019F0002A431F4DA84202D0234DA8421DD14FF2C9
:101A0000FF752A404D894FF6FF7606EA05252A43E1
:101A10004FF6FF352A408D8806EA05252A434EF603
:101A2000FF752B404DF6FF752B408D8906EA051595
:101A30002B43CD8906EA05152B4383808483CD880B
:101A40008587028470BD70B5002200230024058CB8
:101A50004EF6FF7635400584038C8488828B48F6E9
:101A6000FF752A404FF6FF452A400D8820E0000010
:101A7000002C01400004004000080040000C004021
:101A8000001000400014004000340140004C0140B0
:101A9000005001400054014000180040001C00406C
:101AA0000020004000400140004401400048014047
:101AB0004FF6FF7606EA05252A434DF6FF752B40C3
:101AC0000D8906EA05352B434D8806EA05352B437B
:101AD000FA4DA84202D0FA4DA84208D14BF6FF7544
:101AE0002C408D894FF6FF7606EA85152C438480BD
:101AF0008283CD88A0F84050038470BD828B4FF262
:101B0000FF331A408283828B4FF6FF7303EA01236F
:101B10001A4382837047F0B50C4615460022002117
:101B20000026078C4EF6FF7C07EA0C070784828BA1
:101B3000018C4FF6FF7707EA043640F6FF473A403C
:101B40004FF6FF7707EA05273A434FF6FF7707EA94
:101B500003373A43D94FB8420ED0D94FB8420BD0D1
:101B6000B0F1804F08D0D74FB84205D0D64FB84219
:101B700002D0D64FB84206D14DF6FF77394046F431
:101B80008057394305E047F6FF57394044F4805702
:101B9000394382830184F0BD828B4FF6F3731A4080
:101BA0008283828B0A4382837047F0B50C461546C8
:101BB000002200210026078C4FF6FF6C07EA0C0775
:101BC0000784828B018C4FF6FF7707EA04264FF6D5
:101BD0000C773A404FF6FF7707EA03172F433A4353
:101BE000B64FB8420ED0B64FB8420BD0B0F1804FCE
:101BF00008D0B44FB84205D0B34FB84202D0B34F6B
:101C0000B84206D14FF6FF57394046F48077394342
:101C100005E04FF2FF57394044F48077394382831F
:101C20000184F0BD028B4FF2FF331A400283028B16
:101C30004FF6FF7303EA01231A4302837047F0B59E
:101C40000C461546002200210026078C4FF6EF7C3B
:101C500007EA0C070784028B018C4FF6FF7707EA2F
:101C6000041640F6FF473A404FF6FF7707EA03377E
:101C70003A434FF6FF7707EA05273A438F4FB842BA
:101C80000ED08F4FB8420BD0B0F1804F08D08D4F9F
:101C9000B84205D08C4FB84202D08C4FB84206D122
:101CA0004FF6DF77394046F01007394305E04FF62D
:101CB0005F77394044F01007394302830184F0BD57
:101CC000028B4FF6F3731A400283028B0A4302839E
:101CD0007047F0B50C46154600220021068C4FF6E1
:101CE000FE773E400684028B018C4FF60C76324024
:101CF0007E1C06EA03162E433243704EB0420ED0CD
:101D00006F4EB0420BD0B0F1804F08D06D4EB04254
:101D100005D06D4EB04202D06C4EB04206D14FF6A7
:101D2000FD76314044F00106314305E04FF6F5768B
:101D3000314044F00106314302830184F0BD70B5A7
:101D400005460C465D4885420ED05D4885420BD065
:101D5000B5F1804F08D05B48854205D05A4885428E
:101D600002D05A48854200D100E000BF208850B917
:101D70002389A28861882846FFF7ABFFE1882846BF
:101D8000FFF79EFF25E0208804280AD12389A28836
:101D900061882846FFF753FFE1882846FFF742FF96
:101DA00017E0208808280AD12389A288618828465C
:101DB000FFF7FBFEE1882846FFF7EEFE09E02389E6
:101DC000A28861882846FFF7A6FEE1882846FFF72B
:101DD00095FE70BD2DE9F04105460C460026012711
:101DE000608808B9022600E00026A088012801D1F9
:101DF000022700E001272088A0B92389A2886188F2
:101E00002846FFF766FFE1882846FFF759FF238938
:101E10003A4631462846FFF712FFE1882846FFF789
:101E200001FF13E02389A28861882846FFF707FF96
:101E3000E1882846FFF7F6FE23893A4631462846D0
:101E4000FFF747FFE1882846FFF73AFFBDE8F0813A
:101E50000A884B881A438B881A43CB881A430B890C
:101E60001A434B891A438B891A43A0F844207047C0
:101E70004FF6FF71818000210180C1804180017295
:101E800070470021018041808180C18001814181B2
:101E90008181C181704700210180418001218180C1
:101EA0000021C18001817047002101804180818033
:101EB000C18001814181818170470000002C014077
:101EC000003401400004004000080040000C0040C5
:101ED00021B1028842F00102028004E002884FF63C
:101EE000FE731A400280704731B1B0F8442042F4CA
:101EF0000042A0F8442005E0B0F84420C2F30E02EE
:101F0000A0F8442070471AB183890B43838102E013
:101F100083898B43838170478182704741EA020342
:101F2000A0F8483070471AB183890B43838102E0DF
:101F300083898B438381704701894FF6F872114082
:101F4000018170470A46002101894FF68F731940BD
:101F500011430181704730B504460D46294620469D
:101F6000FFF7F0FF208940F00700208130BD2DE908
:101F7000F04104460D4616461F46602D06D13B46ED
:101F8000012231462046FFF75AFE05E03B4601227A
:101F900031462046FFF79DFE29462046FFF7D2FF37
:101FA000208940F007002081BDE8F08130B50C4663
:101FB00000210189C9B24FF6FF7505EA03251543D3
:101FC00025432943018130BD2DE9F04105460E46E8
:101FD00017469846002443463A4631462846FFF7BE
:101FE000E5FF2C894FF6F870044044F007044FF6E3
:101FF0008F70044044F070042C81BDE8F081F0B58E
:1020000004460D4616461F463B46324629462046A4
:10201000FFF7CCFF208940F480402081F0BD01858E
:10202000828270470A46002101884FF68F7319405B
:10203000114301807047F0B50C4615461E4600213D
:10204000002200230189028B038C4FF6F877394078
:1020500021434FF6FC473A4040F201173A434FF60E
:10206000DD773B404FF6FF7707EA06172F433B43E8
:10207000018102830384F0BD0A460021018B4FF6E3
:102080008F7319401143018370470A460021018B69
:1020900048F6FF7319404FF6FF7303EA0223194312
:1020A000018370470A460021818B4FF68F731940D8
:1020B0001143818370470A460021818B48F6FF73E4
:1020C00019404FF6FF7303EA0223194381837047D7
:1020D00021B1028842F08002028004E002884FF6BB
:1020E0007F731A400280704721B1828842F0040257
:1020F000828004E082884FF6FB731A40828070472A
:1021000021B1828842F00802828004E082884FF682
:10211000F7731A408280704721B1828842F0010231
:10212000828004E082884FF6FE731A4082807047F6
:102130000A460021018B4FF6F773194011430183C2
:1021400070470A460021018B4FF2FF7319404FF68A
:10215000FF7303EA02231943018370470A460021F3
:10216000818B4FF6F77319401143818370470A46FC
:102170000021818B4FF2FF7319404FF6FF7303EA82
:1021800002231943818370470A460021018B4FF6D1
:10219000FB7319401143018370470A460021018BEC
:1021A0004FF6FF3319404FF6FF7303EA022319433A
:1021B000018370470A460021818B4FF6FB7319405B
:1021C0001143818370470A460021818B4FF6FF330C
:1021D00019404FF6FF7303EA0223194381837047C6
:1021E0000A460021018B4FF67F731940114301838A
:1021F00070470A460021018BC1F30E014FF6FF73B1
:1022000003EA02231943018370470A460021818BA8
:102210004FF67F7319401143818370470A460021AE
:10222000818BC1F30E014FF6FF7303EA02231943BA
:10223000818370470A460021018C4FF6FD731940D7
:102240001143018470470A460021018C4FF6F77351
:1022500019401143018470470A460021018C4FF652
:10226000DF7319404FF6FF7303EA02131943018429
:1022700070470A460021018C4FF67F7319404FF6D4
:10228000FF7303EA02131943018470470A460021D1
:10229000018C4FF6FF5319404FF6FF7303EA0223F8
:1022A0001943018470470A460021018C4FF2FF73E5
:1022B00019404FF6FF7303EA022319430184704764
:1022C0000A460021018C4DF6FF7319404FF6FF734B
:1022D00003EA023319430184704730B50023012417
:1022E0008C40A3B2048C9C430484048C02FA01F554
:1022F000ADB22C43048430BD30B5002304248C409F
:10230000A3B2048C9C430484048C02FA01F5ADB2A0
:102310002C43048430BD70B50346002000241846C9
:10232000183001258D40ACB21D8CA5431D8409B128
:10233000082909D100EB6100056825F070050560EA
:102340000568154305600EE00D1FC5F34E052844D2
:10235000056825F4E045056005684FF6FF7606EA56
:1023600002263543056070BD21B1028842F00202A9
:10237000028004E002884FF6FD731A400280704725
:1023800021B1028842F00402028004E002884FF684
:10239000FB731A400280704721B1828842F08002AC
:1023A000828004E082884FF67F731A4082807047F3
:1023B00002884FF6F7731A40028002880A430280AF
:1023C000704782884FF68F731A40828082880A4352
:1023D0008280704702894FF6F8731A4002810289A1
:1023E0000A430281704702894FF67F731A400281C7
:1023F00002890A4302817047818470478185704752
:10240000818670470187704781877047A0F8401028
:10241000704702884FF6FF431A40028002880A4341
:10242000028070470146888E70470146088F7047CA
:102430000146888F70470146B1F840007047014659
:10244000888C70470146088D704702460020138A29
:102450000B400BB1012000E000207047CA4302820C
:10246000704730B50246002000230024158A05EA93
:102470000103958905EA010413B10CB1012000E0C4
:10248000002030BDCA4302827047000010B50446E8
:10249000FB48844209D101218803FFF79FF80021FE
:1024A0004FF48040FFF79AF832E0F648844209D1B1
:1024B00001214804FFF79FF800214FF40030FFF797
:1024C0009AF825E0F048844209D101218804FFF7F9
:1024D00092F800214FF48020FFF78DF818E0EB48C8
:1024E000844209D10121C804FFF785F800214FF487
:1024F0000020FFF780F80BE0E548844208D1012175
:102500000805FFF778F800214FF48010FFF773F803
:1025100010BD2DE9F04786B005460E460024A246C0
:1025200000BFA1460027B08900B100BF2F462C8A0A
:102530004CF6FF700440F08804432C82AC894EF6C0
:10254000F3100440B088318908437189084304437B
:10255000AC81AC8A4FF6FF400440B0890443AC82A2
:1025600001A8FEF7B4FFC648874202D1DDF810A0EB
:1025700001E0DDF80CA0A88900F4004040B10AEBAE
:10258000CA0000EB0A1031684900B0FBF1F807E01F
:102590000AEBCA0000EB0A1031688900B0FBF1F8C1
:1025A0006420B8FBF0F004012009642101FB1089CC
:1025B000A88900F4004040B1322000EBC900B0FB14
:1025C000F1F000F00700044308E0322000EB0910AE
:1025D0006421B0FBF1F000F00F0004432C8106B041
:1025E000BDE8F0874FF41651016000218180C18061
:1025F00001810C21418100218181704710B5024683
:102600000020108A4FF2FF0318400B884C882343A8
:102610008C882343CC8823431843108210BD0021AB
:10262000018041808180C180704721B1828942F45C
:102630000052828104E082894DF6FF731A40828144
:102640007047F0B50346002400260025002040F620
:102650006A17B94200D100BF1846C1F3421401F015
:102660001F06012707FA06F5012C01D10C3004E002
:10267000022C01D1103000E014301AB107682F434A
:10268000076002E00768AF430760F0BD1AB1838AB4
:102690000B43838202E0838A8B4383827047028AE2
:1026A0004FF6F0731A400282028A0A430282704790
:1026B00082894FF2FF731A40828182890A438281A4
:1026C000704721B1828942F00202828104E082894E
:1026D0004FF6FD731A4082817047028A4FF6DF730E
:1026E0001A400282028A0A430282704721B1028A9A
:1026F00042F48042028204E0028A4BF6FF731A40E1
:1027000002827047C1F308028280704701468888C0
:10271000C0F308007047818941F001018181704751
:10272000028BD2B20283028B42EA012202837047FB
:10273000028B02F47F420283028B0A4302837047BA
:1027400021B1828A42F02002828204E0828A4FF61E
:10275000DF731A408282704721B1828A42F01002F0
:10276000828204E0828A4FF6EF731A4082827047B9
:1027700021B1828A42F00802828204E0828A4FF606
:10278000F7731A408282704721B1828942F4004275
:10279000828103E08289C2F30E028281704721B1F7
:1027A000828A42F40062828204E0828A4FF2FF73DE
:1027B0001A4082827047828A4FF6FB731A408282E7
:1027C000828A0A438282704721B1828A42F00202E1
:1027D000828204E0828A4FF6FD731A40828270473B
:1027E00002460020B1F5007F00D100BF13880B40E6
:1027F0000BB1012000E00020704701F40072B2F537
:10280000007F00D100BFCA430280704770B5024606
:10281000002400230025002040F66A16B14200D1B2
:1028200000BFC1F3421501F01F03012606FA03F3AE
:10283000012D02D19689334006E0022D02D1168A7D
:10284000334001E0968A33400C12012606FA04F464
:102850001688344013B10CB1012000E0002070BD97
:1028600010B50022002340F66A14A14200D100BF37
:102870000A1201249440A3B2DC43048010BD00007E
:10288000003801400044004000480040004C004037
:102890000050004010B50446FA48844208D1012196
:1028A0004015FEF79BFE00216015FEF797FE17E02E
:1028B000F548844208D101210015FEF78FFE002162
:1028C0002015FEF78BFE0BE0F048844208D1012171
:1028D000C803FEF783FE00214FF40040FEF77EFEA2
:1028E00010BD30B50246002000235068E84C20405F
:1028F0000D790C6844EA0524204350609068E54C4B
:102900002040D1E902542C434D7944EA4504204348
:102910009060D06A20F470000C7C641EE4B2234303
:1029200040EA0350D06230BD002101600171417165
:102930008160C16001210174704721B1826842F059
:102940000102826003E0826822F001028260704727
:1029500021B1826842F48072826003E0826822F4CE
:1029600080728260704710B50023CBB21AB1446800
:102970001C43446002E044689C43446010BD81688D
:1029800041F0080181607047014600208A6802F02A
:1029900008020AB1012000E000207047816841F080
:1029A000040181607047014600208A6802F0040239
:1029B0000AB1012000E00020704721B1826842F492
:1029C000A002826003E0826822F4A0028260704765
:1029D000014600208A6802F480020AB1012000E06A
:1029E0000020704710B50A4600210023416821F4F9
:1029F0006041531E41EA4331416010BD21B142683C
:102A000042F40062426003E0426822F400624260E5
:102A10007047F0B504460D4600200021092D11DD58
:102A2000E068A5F10A0606EB4607072606FA07F155
:102A30008843A5F10A0606EB460603FA06F10843A9
:102A4000E0600CE0206905EB4507072606FA07F170
:102A5000884305EB450603FA06F108432061072A7F
:102A60000FDA606B561E06EB86071F2606FA07F183
:102A70008843561E06EB860605FA06F10843606396
:102A800022E00D2A0FDA206BD61F06EB86071F26E1
:102A900006FA07F18843D61F06EB860605FA06F10B
:102AA0000843206310E0E06AA2F10D0606EB8607FA
:102AB0001F2606FA07F18843A2F10D0606EB8606EB
:102AC00005FA06F10843E062F0BD21B1826842F4E4
:102AD0008012826003E0826822F480128260704774
:102AE0000146C86C80B2704766484C300068704739
:102AF00021B1426842F48062426003E0426822F4FD
:102B000080624260704721B1426842F48052426064
:102B100003E0426822F48052426070470A46002176
:102B2000816821F4E04111438160704721B18268DE
:102B300042F40042826003E0826822F40042826034
:102B4000704721B1826842F40212826003E0826819
:102B500022F4021282607047014600208A6802F463
:102B600000120AB1012000E000207047F0B50446D1
:102B70001546002000220026092911DDE068A1F198
:102B80000A0707EB470C072707FA0CF29043A1F15D
:102B90000A0707EB470703FA07F21043E0600CE06F
:102BA000206901EB410C072707FA0CF2904301EB77
:102BB000410703FA07F210432061A06BC0F30156EE
:102BC000EF1C06F1010CA7EB0C0707EB870C1F2786
:102BD00007FA0CF29043EF1C06F1010CA7EB0C076F
:102BE00007EB870701FA07F21043A063F0BD10B5A9
:102BF0000A4600210023816B21F44011531E41EA53
:102C00000351816310BD08B5002300930090009B21
:102C10000B440093009B1A6008BD08B502460020D3
:102C20000090009201F12800009B18440090009849
:102C3000006880B208BD0A4600214168164B194061
:102C40001143416070474162826270470A46002129
:102C5000416821F01F0111434160704740B10949AB
:102C60000831096841F40001064A0832116007E0A2
:102C700004490831096821F40001024A0832116050
:102C8000704700000024014000280140003C014042
:102C9000FFFEF0FFFDF7F1FFFFFD3FFF02460020C2
:102CA00013680B400BB1012000E000207047CA43BD
:102CB0000260704770B502460020002300240B120A
:102CC0005568CEB205EA060415681D4015B10CB171
:102CD000012000E0002070BD00220A12D3430360EF
:102CE0007047000029B1504A128802434E4B1A80A7
:102CF00004E04D4A128882434B4B1A8070474A4881
:102D0000001D008840F010004749091D08807047E9
:102D10004548001D00884FF6EF7108404249091DE3
:102D200008807047002140481C300188001F00883F
:102D300041EA0040704700B50246FFF7E0FF100C83
:102D4000394918310880091D0A80FFF7E1FF00BDED
:102D500000B50246FFF7D3FFC2F303403249083102
:102D60000880091D0A80FFF7D3FF00BD00B50246A9
:102D7000FFF7C5FF100C2C4920310880091D0A807F
:102D8000FFF7C6FF00BD0020274910310988090759
:102D9000080B2549143109880843704700BF2248B1
:102DA000001D008800F020000028F8D070471E4861
:102DB000001D00884FF6F77108401B49091D088067
:102DC00000BF1948001D008800F008000028F8D056
:102DD000704701460020144A121D12880A400AB1A9
:102DE000012000E0002070470F49091D0988814338
:102DF0000D4A121D11807047014600200A4A121D1B
:102E000012880A40D0B2084A12880A4012B108B1AA
:102E1000012000E0002070470349091D0988814313
:102E2000014A121D118070470028004030BF7047D2
:102E300072B6704762B6704710B54FF4A060FDF7E8
:102E400039FB10BD7FB505460C4601211020FEF769
:102E5000B8FBADF80850ADF804400020ADF80A000A
:102E6000ADF8060001A91948FEF7D6FC012211466B
:102E70001648FFF748F836208DF8000003208DF83B
:102E800001008DF8020001208DF803006846FDF76F
:102E900016FB01210D48FFF71BF800200C490860C4
:102EA0007FBD0B490860704710B501210748FFF747
:102EB000D8FA012805D10648006810B10448006816
:102EC000804701210148FFF7DDFA10BD00100040E6
:102ED0002800002010B56FF00400FDF73AFB4FF01A
:102EE000E020006940F002004FF0E021086142F26A
:102EF000283048610846006940F00100086110BDB3
:102F0000F0B504460D4600212AE001EB81008B4E0E
:102F100056F8200010BB01EB810046F8204001204C
:102F200001EB8106854F07EB8606707401EB81008B
:102F30003E4606EB8000456001EB810006EB800019
:102F4000826001EB810006EB80000374002001EB3E
:102F5000810607EB8606F0600846F0BD481CC1B24A
:102F60001E29D2DBFF20F8E710B50146002027E03C
:102F700000EB8002714B53F822208A421ED10022BE
:102F800000EB80036D4C44F8232000EB800304EB3E
:102F900083035A7400EB800304EB83035A6000EB55
:102FA000800304EB83039A6000EB800304EB83034C
:102FB0001A7400EB800304EB8303DA60421CD0B286
:102FC0001E28D5DB10BD002100EB80025B4B43F8CF
:102FD000221000EB800203EB8202517400EB8002AE
:102FE00003EB8202516000EB800203EB82029160EE
:102FF00000EB800203EB8202117400EB800203EB12
:103000008202D1607047002048E000EB80014B4A0B
:1030100002EB8101097CE9BB00EB800102EB81013D
:10302000497C012938D100EB800102EB8101C9689C
:1030300081BB00EB800102EB8101496859B100EBD3
:10304000800102EB81014968491E00EB80023B4B85
:1030500003EB8202516000EB8001384A02EB8101F0
:103060004968B9B9012100EB8002344B03EB8202BD
:10307000D16000EB80011A4602EB8101896849B1F9
:1030800000EB800102EB8101896800EB800203EB19
:10309000820200E000E05160411CC8B21E28B4DB8F
:1030A000704710B5002440E004EB8400234901EB95
:1030B0008000407C012836D104EB840051F82000C8
:1030C00088B304EB840001EB8000007C012806D16A
:1030D00004EB8401194A52F82100804723E004EBF5
:1030E0008400164901EB8000007CE0B904EB840009
:1030F00001EB8000C068B0B104EB84010F4A52F8C4
:1031000021008047002004EB84010C4A02EB81017E
:10311000C86004EB8400114601EB8000806810B9A0
:103120002046FFF750FF601CC4B21E2CBCDB10BD54
:1031300010B504F01AFEFFF766FF10BD8C0D0020DD
:10314000002000210160704710B5FFF7C3FE04F0B6
:10315000E9FC04F085FD04F04BFC06F06DFB03F088
:10316000B1FC02F05FFB04F0A6FB01F0B0FC01F043
:103170004EFD01F07EFE02F03BF901F044F810F044
:1031800043FE07F02FFE05F028FD07F0E0FC0446A3
:103190000DF0B4FE40F25371032000F0E3FF012371
:1031A0000A2211463548FFF7ABFE00230A221146DA
:1031B0003348FFF7A5FE00230A2205213148FFF717
:1031C0009FFE0123002205212F48FFF799FE0023CF
:1031D000642208212D48FFF793FE00234FF47A72F2
:1031E00005212B48FFF78CFE00230A2211462948AF
:1031F000FFF786FE00230A2211462748FFF780FECC
:1032000000230A2211462548FFF77AFE00230A22EE
:1032100011462348FFF774FE00230A221146214875
:10322000FFF76EFE0023642219461F48FFF768FE71
:1032300000230A2219461D48FFF762FE00230A22D6
:1032400005211B48FFF75CFE0123002205211948D8
:10325000FFF756FE00230A224FF4FA611648FFF7E3
:103260004FFE00230A2211461448FFF749FE10BD05
:1032700010B5FFF716FF00F08CFF10BDF56A0008CF
:10328000235D0008E3450008F7460008857A00083A
:10329000C5790008037C0008478500088B3D0108BC
:1032A000E31A0108911201089FD50008AD980008A3
:1032B00039D2000863D20008575400089B8D0008DB
:1032C00070B503460C4603E014F8015B03F8015B9C
:1032D0001500A2F10102F7D170BD30B5034601E03F
:1032E00003F8011B1400A2F10102F9D130BD00B5B1
:1032F0007C494FF42072C8680021FFF7EEFF79493E
:103300004FF4A04288680021FFF7E7FF01207549CC
:10331000087400BD0022002105E07248C068405CCE
:1033200000B1521C491CB1F5207FF6D364205043F4
:103330004FF42073B0FBF3F0C0B270472DE9F041B9
:1033400006460024A0466748007C10B96549086815
:1033500080471EB94FF0FF30BDE8F0816248006839
:10336000B6FBF0F085B260480068B6FBF0F100FBF8
:10337000116008B1681C85B25C480068441E1BE0FF
:103380005848C068005D20B908F101001FFA80F8B4
:1033900001E04FF00008A8450DD1002704E0514995
:1033A000C968E2198D547F1CAF42F8D34E490968B1
:1033B00004FB01F0D0E7641E002CE1DA4FF0FF308F
:1033C000CAE770B505464748007C20B945490868FA
:1033D0008047012070BD46480068854212D24248AD
:1033E0000068B5FBF0F13F48C068425C002405E08E
:1033F00000203C4BDB680E199855641C9442F7DBA7
:103400000020E7E70220E5E72DE9F04105463548D1
:10341000007C20B9334908688047BDE8F081314815
:1034200080682E1A3248006886421ED22E4B1B68D6
:10343000B6FBF3F02B4BDB68195C2A46002402E054
:1034400000231355641C284B1B684B43A342F7D839
:10345000002407E00023234FFF6800EB040C07F86B
:103460000C30641C8C42F5DBD7E700BFD5E770B5A4
:10347000044604B970BD1B488068251AFFF7D8FCC4
:103480002046FFF7C1FFFFF7D5FC00BFF2E770B59C
:103490000546FFF7CDFC2846FFF750FF0446FFF72F
:1034A000C9FC601C08B9002070BD0E48806820442B
:1034B000FAE770B506460C462046FFF73FFF054683
:1034C000681C08B9002070BD064989684819224661
:1034D0003146FFF7F5FE3046FFF7C9FF0148806827
:1034E0002844F0E738000020300000202C000020A5
:1034F00034000020012080F3138800BF00BF65481E
:10350000006800F4E06064490843001D61490860F8
:10351000BFF3408F00BF00BFFEE72DE9F05F064616
:103520000F4690460024B3463D46A14617E0687812
:103530004FEA002A28788244AD1C2046641C574973
:1035400021F810A0B4F5806F07D100244FF48062F9
:10355000584600F0DAF80BF5006B09F10209C14595
:10356000E5D324B1A2B24D49584600F0CEF8BDE8EB
:10357000F09F10B50446206849490840B0F1005F4B
:1035800008D16068474908602068FCF765FE454837
:103590000068804710BD08B54FF6FF70009002220A
:1035A0006946414800F0B1F84048FFF7E2FF08BD26
:1035B0003E483849091F08607047F0B59BB0054682
:1035C0000E461746684600F02BF9324629466846F3
:1035D00000F0FBFC17A9684600F05CFD002409E040
:1035E000395D17A8005D814202D000201BB0F0BDFC
:1035F000601CC4B2102CF3DBFF20F7E738B504469B
:10360000221D2B482168FFF7D8FF50B10020009001
:1036100002226946244800F078F8FCF720FEFF20DB
:1036200038BD0020FCE738B50446221D204821683B
:10363000FFF7C3FF40B100200090022269461A48FC
:1036400000F063F8FF2038BD0020FCE70020194996
:10365000088019490860704710B50446208815494C
:103660000988884214D1628813490968104BC81828
:10367000211DFFF752FF0F480088401C0D490880AC
:1036800060880D49096808440B490860FF2010BD97
:103690000020FCE70CED00E00000FA056462002069
:1036A0000000FE2F4C000020001400080018000845
:1036B00000A801085000002054000020014608889E
:1036C00070472DE9F04105460E461746002407E0F5
:1036D00036F814102846FDF74EFAAD1C601C84B273
:1036E000BC42F5DBBDE8F08130B503460C4615461B
:1036F000002207E01846FFF7E1FF24F812009B1CA8
:10370000501C82B2AA42F5DB30BD2DE9F05F804645
:103710008A461746B8F1006F02D33848804501D376
:10372000BDE8F09FFDF7DFF8A8F1006B4FEADB255D
:10373000CBF34909C9F58064A74200DC3C464EE062
:103740004FF0006101EBC5204A142D49FFF7CCFF73
:1037500000260BE009EB0600294931F810004FF66E
:10376000FF71884200D003E0701C86B2A642F1DBF4
:1037700000BFA6421BDA4FF0006101EBC520FDF748
:10378000F7F8002608E03AF8160006EB09011C4A93
:1037900022F81100701C86B2A642F4DB4FF00061E3
:1037A00001EBC5204A141649FFF78BFF04E02246BF
:1037B00051464046FFF785FFA74200D110E06D1C3F
:1037C0004FF000090AEB440A08EB4408381B87B2A3
:1037D000B7F5806F02DD4FF4806400E03C46AFE750
:1037E00000BFFDF78CF800BF9AE713B5044601222D
:1037F00001A92046FFF789FF1CBD00000000040856
:10380000646A0020014600BF704700BF704770B572
:1038100004460D46E1B2012005F061FE204670BD70
:10382000002101604160FE498160FE4AC260CA43D6
:103830000261FC4AD2434261704770B503460024DE
:10384000002010E00E5C451C4D5D46EA0526851CF7
:103850004D5D46EA0546C51C4D5D46EA056543F8E3
:103860002450641C001D9042ECD370BD2DE9F04340
:10387000C0B080468946D8F80040D8F80450D8F83F
:103880000860D8F80C70402249466846FFF7D5FF1B
:1038900005EA060027EA0501084300990844E249C1
:1038A00008440444E00140EA54642C4404EA05005E
:1038B00026EA0401084301990844DC490844074406
:1038C000380340EA1757274407EA040025EA0701AE
:1038D000084302990844D64908440644700440EA63
:1038E000D6363E4406EA070024EA06010843039957
:1038F0000844D04908440544A80540EA95253544C4
:1039000005EA060027EA0501084304990844CA4964
:1039100008440444E00140EA54642C4404EA0500ED
:1039200026EA0401084305990844C44908440744A9
:10393000380340EA1757274407EA040025EA07013D
:10394000084306990844BE4908440644700440EA06
:10395000D6363E4406EA070024EA060108430799E2
:103960000844B84908440544A80540EA952535446B
:1039700005EA060027EA0501084308990844B24908
:1039800008440444E00140EA54642C4404EA05007D
:1039900026EA0401084309990844AC49084407444D
:1039A000380340EA1757274407EA040025EA0701CD
:1039B00008430A990844A0F524404F38064470048F
:1039C00040EAD6363E4406EA070024EA06010843E8
:1039D0000B9908449E4908440544A80540EA9525EA
:1039E000354405EA060027EA050108430C99084416
:1039F000984908440444E00140EA54642C4404EA31
:103A0000050026EA040108430D9908449249084438
:103A10000744380340EA1757274407EA040025EA19
:103A2000070108430E9908448C4908440644700471
:103A300040EAD6363E4406EA070024EA0601084377
:103A40000F990844864908440544A80540EA95258D
:103A5000354405EA070026EA0701084301990844AE
:103A6000804908440444600140EAD4642C4404EAD8
:103A7000060025EA06010843069908447A490844E5
:103A80000744780240EAD757274407EA050024EAAA
:103A9000050108430B990844744908440644B003DF
:103AA00040EA96463E4406EA040027EA0401084339
:103AB000009908446E4908440544280540EA153534
:103AC000354405EA070026EA07010843059908443A
:103AD000684908440444600140EAD4642C4404EA80
:103AE000060025EA060108430A9908446249084489
:103AF0000744780240EAD757274407EA050024EA3A
:103B0000050108430F9908445C4908440644B00382
:103B100040EA96463E4406EA040027EA04010843C8
:103B200004990844564908440544280540EA1535D7
:103B3000354405EA070026EA0701084309990844C5
:103B4000504908440444600140EAD4642C4404EA27
:103B5000060025EA060108430E9908444A4908442C
:103B60000744780240EAD757274407EA050024EAC9
:103B70000501084303990844444908440644B00336
:103B800040EA96463E4406EA040027EA0401084358
:103B9000089908443E4908440544280540EA15357B
:103BA000354405EA070026EA070108430D99084451
:103BB000384908440444600140EAD4642C4404EACF
:103BC000060025EA060108430299084432490844E0
:103BD0000744780240EAD757274407EA050024EA59
:103BE00005010843079908442C4908440644B003DA
:103BF00040EA96463E4406EA040027EA04010843E8
:103C00000C990844264908440544280540EA15351E
:103C1000354485EA0600784005990844214943E087
:103C20000123456789ABCDEF78A46AD756B7C7E8BB
:103C3000DB702024EECEBDC1AF0F7CF52AC68747CE
:103C4000134630A8019546FDD8988069AFF7448B9C
:103C5000BED75C892211906B937198FD8E4379A633
:103C60002108B44962251EF640B340C0515A5E2671
:103C7000AAC7B6E95D102FD65314440281E6A1D835
:103C8000C8FBD3E7E6CDE121D60737C3870DD5F4CE
:103C9000ED145A4505E9E3A9F8A3EFFCD9026F67D3
:103CA0008A4C2A8D4239FAFF08440444200140EA34
:103CB00014742C4484EA0500704008990844FC49B7
:103CC00008440744F80240EA5757274487EA0400AB
:103CD00068400B990844F74908440644300440EA18
:103CE00016463E4486EA070060400E990844F249B1
:103CF00008440544E80540EA5525354485EA0600B0
:103D0000784001990844ED4908440444200140EA00
:103D100014742C4484EA0500704004990844E8496E
:103D200008440744F80240EA5757274487EA04004A
:103D3000684007990844E34908440644300440EACF
:103D400016463E4486EA070060400A990844DE4968
:103D500008440544E80540EA5525354485EA06004F
:103D600078400D990844D94908440444200140EAA8
:103D700014742C4484EA0500704000990844D44926
:103D800008440744F80240EA5757274487EA0400EA
:103D9000684003990844CF4908440644300440EA87
:103DA00016463E4486EA0700604006990844CA4920
:103DB00008440544E80540EA5525354485EA0600EF
:103DC000784009990844C54908440444200140EA60
:103DD00014742C4484EA050070400C990844C049CE
:103DE00008440744F80240EA5757274487EA04008A
:103DF00068400F990844BB4908440644300440EA2F
:103E000016463E4486EA0700604002990844B649D7
:103E100008440544E80540EA5525354465EA0700AD
:103E2000704000990844B14908440444A00140EAA4
:103E300094642C4464EA0600684007990844AC493D
:103E400008440744B80240EA9757274467EA050048
:103E500060400E990844A74908440644F00340EA2C
:103E600056463E4466EA0400784005990844A24953
:103E700008440544680540EAD525354465EA07004D
:103E800070400C9908449D4908440444A00140EA4C
:103E900094642C4464EA06006840039908449849F5
:103EA00008440744B80240EA9757274467EA0500E8
:103EB00060400A990844934908440644F00340EAE4
:103EC00056463E4466EA04007840019908448E490B
:103ED00008440544680540EAD525354465EA0700ED
:103EE000704008990844894908440444A00140EA04
:103EF00094642C4464EA060068400F99084484499D
:103F000008440744B80240EA9757274467EA050087
:103F10006040069908447F4908440644F00340EA9B
:103F200056463E4466EA040078400D9908447A49B2
:103F300008440544680540EAD525354465EA07008C
:103F4000704004990844754908440444A00140EABB
:103F500094642C4464EA060068400B990844704954
:103F600008440744B80240EA9757274467EA050027
:103F70006040029908446B4908440644F00340EA53
:103F800056463E4466EA040078400999084466496A
:103F900008440544680540EAD5253544D8F80000B2
:103FA0002044C8F80000D8F804002844C8F80400E9
:103FB000D8F808003044C8F80800D8F80C00384495
:103FC000C8F80C0040B0BDE8F0832DE9F047044686
:103FD0000F4615460026B046B1462088C0F3C508F6
:103FE000C8F14009206800EBC50020602068B0EBF4
:103FF000C50F02D26068401C6060606800EB5570BD
:1040000060604D451CD304F1180101EB08004A46DD
:10401000394612F0E8FE04F1180104F10800FFF738
:1040200025FC4E4605E0B91904F10800FFF71EFC17
:10403000403606F14000A842F5D94FF0000800E0F4
:104040000026AA1BB91904F1180303EB080012F0AB
:10405000CAFEBDE8F08770B5034614460022002072
:1040600015E011F822501D5431F82250C5F30726EF
:10407000451C5E5551F82250C5F30746851C5E5518
:1040800051F822502D0EC61C9D55521C001DA042F9
:10409000E7D370BD2DE9FC4104460E4600250027FC
:1040A0002088C0F3C505382D40D2C5F138003FE067
:1040B00081F6718722619D6D0C38E5FD44EABEA44E
:1040C000A9CFDE4B604BBBF670BCBFBEC67E9B2843
:1040D000FA27A1EA8530EFD4051D880439D0D4D958
:1040E000E599DBE6F87CA21F6556ACC4442229F4AE
:1040F00097FF2A43A72394AB39A093FCC3595B6570
:1041000092CC0C8F7DF4EFFFD15D84854F7EA86F3C
:10411000E0E62CFE144301A3A111084E827E53F762
:1041200035F23ABDBBD2D72A91D386EBC5F17800E0
:104130000746082221466846FFF78DFF3A460849A0
:104140002046FFF742FF082269462046FFF73DFF61
:10415000102204F108013046FFF77DFFBDE8FC8125
:104160005C00002070B505460C4645F25550FDF741
:1041700027F82846FDF727F82046FDF727F8FDF732
:1041800028F8FDF72BF870BD4AF6AA20034908600D
:10419000704700B5FFF7F8FF00BD00000030004099
:1041A00070B5054600240AE02146002001F04EFAD1
:1041B00081B2F94800EB44000180601CC4B2082CB5
:1041C000F2DB00240BE02146012001F03FFA81B22E
:1041D000F148203000EB44000180601CC4B2082C80
:1041E000F1DB00240BE02146022001F02FFA81B21E
:1041F000E948403000EB44000180601CC4B2082C48
:10420000F1DB70BD70470020E44981F8A10281F81C
:10421000A0024FF41670A1F88C020020A1F89202BF
:10422000A1F89002A1F88E02012081F88A020020F4
:1042300081F8880281F8A20281F8890281F8A3023C
:1042400081F8810281F88002142081F8820270478F
:1042500070477047D14890F88202704710B5044605
:10426000CE4890F8820208B9002010BDCB4991F8E1
:104270008012CA4A02EB411020222146FFF720F8A3
:10428000C64890F88002401CC44981F88002084664
:1042900090F88202401E81F88202084690F880025F
:1042A000142802D1002081F88002FF20DDE710B53C
:1042B0000446BA4890F88202142801D1002010BDAB
:1042C000B64890F88102B54A02EB40112022204600
:1042D000FEF7F6FFB14890F88102401CAF4981F823
:1042E0008102084690F88202401C81F8820208464A
:1042F00090F88102142802D1002081F88102012067
:10430000DDE7F0B589B004460D4616461F46F1B20A
:104310008DF8121000218DF8131000208DF8100078
:10432000E9B28DF8111005940797002102910391CD
:104330008DF800006846FFF791FF09B0F0BD2DE948
:10434000F04389B080460C4616461F46DDF8409083
:104350002546A9788DF81210E9788DF81310287881
:104360008DF8100069788DF81110CDF81890CDE90E
:1043700002678DF800806846FFF770FF09B0BDE85E
:10438000F083864981F8A2027047844890F8A2021F
:10439000704770B50446207C01F032FA002848D1FD
:1043A00002207E4981F8A002207C01F0FDF948BB83
:1043B0007A48B0F88C02B0F5967F51DA207C02F092
:1043C000BFFC18B9207C02F0A8FC20B1E07C401EA4
:1043D000E074012070BD7148B0F88C0200283FD114
:1043E0006E4890F8A10258B101206C4981F8A002F2
:1043F000084690F8A102401E81F8A1020220E9E7D8
:104400000320E7E7207C01F0CFF90546012D0ED10E
:10441000207C02F095FC18B9207C02F07EFC20B1D3
:10442000E07C401EE0740520D4E70420D2E706209B
:10443000D0E7207C01F0D5F9012811D1207C02F0D1
:104440007FFC18B9207C02F068FC48B1E07C401E7B
:10445000E074627CA17C207C01F0E3F80120B9E7E4
:104460000020B7E770B5044600264D48007830B10B
:10447000012811D0022828D003280CD152E00020B6
:10448000464981F8A00201204549087040F2DC50FD
:104490004249A1F8920299E0627CA17C207C01F063
:1044A00091F888B1207C02F04BFC207C02F035FCB6
:1044B0004FF416703949A1F88C020220384908706F
:1044C0001E203649A1F8920280E0207C01F098F984
:1044D000022826D1207C02F033FC207C02F01DFC57
:1044E00001F0A3FA20B12D4890F8A002012804D1D0
:1044F00000202A4981F8A10203E00120274981F820
:10450000A1020120254981F8A00203202449087056
:1045100040F2DC502149A1F892024FF41670A1F844
:104520008C0253E02046FFF734FF0546072D4BD29F
:10453000DFE805F004050E172038410044E0FF26AF
:104540000020174908701E201449A1F892023BE090
:1045500001201349087040F2DC501049A1F8920282
:1045600032E0032600200E4908701E200B49A1F8F6
:10457000920229E0627CA17C207C01F07AF808B1EB
:10458000042600E001260020054908701E2003498A
:10459000A1F8920218E00000690100206872002072
:1045A000C901002005260020F74908701E20F749A0
:1045B000A1F8920208E002260020F34908701E20AC
:1045C000F249A1F8920200BF00BF00BF00BFEF4850
:1045D000B0F8920218B90E260020EB490870304658
:1045E00070BD00B5E94890F8A00202280BD1E74859
:1045F000B0F88C02002806DDE448B0F88C02401EBA
:10460000E249A1F88C02E148B0F89602642807DA82
:10461000DE48B0F89602401CDC49A1F8960205E09D
:10462000FFF7F0FD0020D949A1F89602D748B0F86D
:104630009202002806DDD548B0F89202401ED34908
:10464000A1F89202D148B0F89002002806DDCF48C8
:10465000B0F89002401ECD49A1F89002CB48B0F8C6
:104660008E02002806DDC948B0F88E02401EC749F8
:10467000A1F88E02C548B0F89402002806DDC348B0
:10468000B0F89402401EC149A1F89402BF48B0F8A6
:104690009802002806DDBD48B0F89802401EBB49CC
:1046A000A1F89802B948B0F89A02002806DDB74888
:1046B000B0F89A02401EB549A1F89A02B348B0F882
:1046C0009C02002806DDB148B0F89C02401EAF49AC
:1046D000A1F89C0200BD437A00F10A0202EB8302BA
:1046E0001160427A521C427270470146487A0A228F
:1046F00002EB800070477CB5A44890F8A2020F2816
:1047000073D2DFE800F00872A7727272723E73F122
:10471000497EF0EF3A009E48FFF7C9FDE8B101205D
:104720009A4981F889029A48807C9A498870984809
:10473000C07CC8709648007C08709548407C4870E2
:104740009348406948600020487208720120C1F80F
:104750002A000E20FFF715FE0EE08C48B0F89E02EE
:1047600050B18A48B0F89C0230B900208749A1F8BE
:104770009E0202200FF04CF887E10220FFF701FEB5
:1047800083E141F6583364220121002003F06CFAE2
:104790000A20FFF7F6FD78E1002003F088FA18BB45
:1047A000002003F09BFA38B97B497A48FFF793FF62
:1047B0000220FFF7E6FD17E0774966317548FFF7FD
:1047C0008AFF7348C06930B1724BD3F82A10586819
:1047D0006F4BDA6990476F4AD2F82A10506800F0A0
:1047E000BBFC0020FFF7CDFD4FE14DE141F6583312
:1047F00064220021084603F037FA0B20FFF7C1FDC1
:1048000043E1002003F053FA18BB002003F066FADE
:1048100038B961495F48FFF75EFF0220FFF7B1FD3D
:1048200017E05D4969315B48FFF755FF5848C0699B
:1048300030B1584BD3F82A105868554BDA69904775
:10484000544AD2F82A10506800F086FC0020FFF786
:1048500098FD1AE14E48FFF705FE04462046042C59
:1048600034D007DC68B101280CD0022816D0032808
:1048700065D11FE0052838D00E2845D0FF285ED12D
:104880004EE05CE008200EF0C3FF4FF49770414902
:10489000C1F82A000D20FFF774FD50E008200EF04B
:1048A000B7FF4FF498703B49C1F82A000D20FFF77D
:1048B00068FD44E008200EF0ABFF40F22D103549B2
:1048C000C1F82A000D20FFF75CFD38E008200EF04B
:1048D0009FFF4FF497702F49C1F82A000D20FFF772
:1048E00050FD2CE02DE0A1E095E02A49087803F086
:1048F0009BF807200EF08CFF02202649C1F82A0001
:104900000D20FFF73EFD1AE008200EF081FF4FF466
:1049100097702049C1F82A000D20FFF732FD0EE004
:104920001C49087803F080F807200EF071FF022080
:104930001849C1F82A000D20FFF723FD00BF00BF72
:10494000A3E01348C06930B1124BD3F82A1058685D
:104950000F4BDA6990470F48D0F82A0040F22D112A
:10496000884201D1012000E0002030B3074890F8D0
:10497000A302022812DA054890F8A302401C03495A
:1049800081F8A30235E00000C90100206872002010
:104990001075002030750020E0A5010006F042F8F7
:1049A000682803D16A2006F040F822E006F03AF8C1
:1049B000F8B9662006F039F81BE03548D0F82A002F
:1049C000022801D1012000E0002090B100203149EF
:1049D00081F8A30206F026F86A2803D1682006F0C1
:1049E00024F806E006F01EF8662802D1002006F042
:1049F0001CF8274AD2F82A10506800F0ADFB0020BE
:104A0000FFF7BFFC01202349A1F89E024FF4FA7082
:104A1000A1F89C0239E041F658336422002108468F
:104A200003F022F90C20FFF7ACFC2EE0002003F08D
:104A30003EF940BB002003F051F920B91649144853
:104A4000FFF749FE04E0144969311148FFF743FEBE
:104A50001248806970B10E48FFF747FE85B20F48D3
:104A6000C1688068CDE900010C4908782A468B6945
:104A700007499847064AD2F82A10506800F06CFBA4
:104A80000020FFF77EFC00E000BF00BF7CBD0000FF
:104A90003075002068720020E0A50100107500202C
:104AA00010B5044614B902F0C9FC10BD3A4800EB39
:104AB000C400C079F9E710B504461CB902F0C1FC86
:104AC000C0B210BD344800EBC4008079F9E710B5DE
:104AD000324800F0FCF8314B9A7859781B7803F093
:104AE000010002F0B2FC04222C492B48FEF7E8FB3F
:104AF00004222A49091D28480830FEF7E1FB042258
:104B00002649083124481030FEF7DAFB10BD38B5CD
:104B100005460C46207820B9E278A178607802F04A
:104B200094FC617820781D4A12F8200061F300009F
:104B3000217802F82100A078217802EB81014870E9
:104B4000E07840B2217802EB81018870104600F0D5
:104B5000A6F861782078104A12F8300061F300005E
:104B6000217802F83100A078217802EBC101487069
:104B7000E07840B2217802EBC101887020788DF88E
:104B8000000000208DF8020001208DF801000020B7
:104B90008DF8030038BD00005E750020767500209A
:104BA0000146F84830F811007047F74890F8FE00C9
:104BB0007047F54890F8FC007047F0B503460024B4
:104BC00000201A4600BF03E015682844121D641C2B
:104BD000B4EB910FF8D301F0030555B101F00306D2
:104BE000C6F10406F7004FF0FF36FE401568354069
:104BF0002844F0BD02460B46002104E0505C08B199
:104C000000207047491C9942F8D3FF20F9E710B5FE
:104C1000DE48DF4908604FF43171DD480068FFF776
:104C2000CCFF0446DA480068D0F8C402A04226D17E
:104C3000F4B94FF43171D6480068FFF7DBFFFF2865
:104C40000FD14FF43171D048FFF7B7FF0446CE487B
:104C5000C0F8C4424FF4B2720146CC48FEF755FD8D
:104C60001CE04FF4B272C849C848FEF73DFD15E09C
:104C70004FF4B272C449C548FEF736FD0EE04FF45A
:104C80003171C148FFF799FF0446BF48C0F8C442DC
:104C90004FF4B2720146BD48FEF737FD10BD70B546
:104CA00004460C222146B8482430FEF709FB4FF495
:104CB0003171B548FFF781FF0546B348C0F8C452CB
:104CC0004FF4B2720146B148FEF71FFD70BD10B53A
:104CD00004460C22AC4924312046FEF7F1FA10BDFF
:104CE00070B50446CC222146A7483030FEF7E8FADA
:104CF0004FF43171A448FFF760FF0546A248C0F8A1
:104D0000C4524FF4B2720146A048FEF7FEFC70BDDB
:104D100010B50446CC229C4930312046FEF7D0FA2B
:104D200010BD70B50446242221469748FEF7C8FA04
:104D30004FF431719448FFF740FF05469248C0F8A0
:104D4000C4524FF4B27201469048FEF7DEFC70BDCB
:104D500010B5044624228C492046FEF7B1FA10BD56
:104D600070B504468022214686482030FEF7A8FA16
:104D70004FF431718448FFF720FF05468248C0F8A0
:104D8000C4524FF4B27201468048FEF7BEFC70BDBB
:104D900010B5044680227B4920312046FEF790FA68
:104DA00010BD70B505460C46224629467548A3300D
:104DB000FEF786FA744880F8A1414FF43171FFF78D
:104DC000FCFE06467048C0F8C4624FF4B272014659
:104DD0006E48FEF79AFC70BD70B505460C4622463B
:104DE00029466848C330FEF76BFA674880F8A2414D
:104DF0004FF43171FFF7E1FE06466348C0F8C46224
:104E00004FF4B27201466148FEF77FFC70BD10B5E9
:104E100004465D4890F8A12100F2A3112046FEF758
:104E20004FFA10BD10B50446574890F8A22100F281
:104E3000C3112046FEF744FA10BD534890F8A20172
:104E4000704770B50446504880F8A0414FF4317166
:104E5000FFF7B3FE05464C48C0F8C4524FF4B27297
:104E600001464A48FEF751FC70BD474890F8A00142
:104E7000704710B50024474847490860C421464898
:104E80000068FFF79AFE044643480068D0F8C40063
:104E9000A04221D1D4B94048006800884AF2A0015C
:104EA00088420DD0C4213D48FFF787FE04463B48A9
:104EB000C0F8C440642201463648FEF726FC18E0DC
:104EC000642236493348FEF70FFC12E0642233496E
:104ED0003048FEF709FC0CE0C4213048FFF76DFEB6
:104EE00004462E48C0F8C440642201462948FEF713
:104EF0000CFC10BD10B5044654222849091D20465B
:104F0000FEF7DEF910BD70B5044654222146234851
:104F1000001DFEF7D5F9C4212048FFF74EFE0546D7
:104F20001E48C0F8C450642201461A48FEF7EDFB43
:104F300070BD10B504462022184958312046FEF7AE
:104F4000BFF910BD70B504462022214613485830E1
:104F5000FEF7B6F9C4211148FFF72FFE05460F48AA
:104F6000C0F8C450642201460A48FEF7CEFB70BD6B
:104F700010B504462A22094978312046FEF7A0F9E7
:104F800010BD0000D0020020D001002000D803088E
:104F9000CC01002000EC0308980400209C040020B1
:104FA00070B504462A2221465148FEF789F9C421EA
:104FB0004F487838FFF701FE05464D487838C0F86D
:104FC000C450642201464B48FEF79FFB70BD10B5EC
:104FD0000446202246492A312046FEF771F910BDC9
:104FE00070B504462022214641482A30FEF768F970
:104FF000C4213F487838FFF7E0FD05463C48783843
:10500000C0F8C450642201463A48FEF77EFB70BDEA
:1050100008B500200090012269463748FEF764FB7E
:10502000BDF8000008BD08B50020009001226946C7
:105030003148801CFEF758FBBDF8000008BD08B5DC
:1050400000200090012269462B48001DFEF74CFB12
:10505000BDF8000008BD08B5002000900122694697
:105060002548801DFEF740FBBDF8000008BD70B567
:1050700004460D46B4F57A6F09DAC4EBC4011E4A42
:10508000083202EB81000E222946FEF72DFB70BD8F
:1050900070B504460D46B4F57A6F09DAC4EBC40165
:1050A000154A083202EB81000E222946FEF72DFB3D
:1050B00070BD01B5012269460F48FEF726FB08BD09
:1050C00001B5012269460C48801CFEF71EFB08BD95
:1050D00001B5012269460848001DFEF716FB08BD10
:1050E00001B5012269460448801DFEF70EFB08BD8C
:1050F0001405002000EC03080020020870B588B0F9
:105100000546FFF790FF064600240AE0A0B201A979
:10511000FFF7ADFF0398A84202D1012008B070BD8F
:10512000641CB442F2D30020F8E770B588B005469D
:10513000FFF779FF064600240AE0A0B201A9FFF7B5
:1051400096FF0398A84202D1069808B070BD641C6F
:10515000B442F2D30220F8E7F0B587B005460E4618
:10516000FFF761FF074600240DE0A0B26946FFF794
:105170007EFF0298A84205D10596A0B26946FFF7C6
:1051800087FF02E0641CBC42EFD300BF07B0F0BD54
:10519000F0B587B007461C2239466846FEF790F8FE
:1051A000FFF741FF0546FFF74AFF0646FFF753FFAB
:1051B0000446069469462046FFF76AFFB5F57A6F04
:1051C0000ADA681C85B240F69F70844202DA601CDD
:1051D00084B211E000240FE040F69F70844202DAAE
:1051E000601C84B200E0002440F69F70864202DA20
:1051F000701C86B200E000262846FFF761FF3046AB
:10520000FFF766FF2046FFF76BFF07B0F0BD2DE903
:10521000F04F9BB004460D4617464FF0000BD946A1
:105220002088BA49A0FB0110A078B94A5043091858
:10523000E078B84A00FB02F00918207942F21072B7
:1052400000FB02F0091860794FF0640200FB02F0E5
:105250000918A07908181A902888AC49A0FB0110F9
:10526000A878AB4A00FB02F00918E878A94A00FBCD
:1052700002F00918287942F2107200FB02F00918B6
:1052800068794FF0640200FB02F00918A879081849
:105290001990FFF7C8FE8246C84654E01FFA88F00E
:1052A00012A9FFF7E4FEBDF848009849A0FB0110E1
:1052B0009DF84A00964A504309189DF84B00954ABC
:1052C00000FB02F009189DF84C0042F2107200FB3E
:1052D00002F009189DF84D004FF0640200FB02F047
:1052E00009189DF84E000E181A98864229D319986D
:1052F000864226D8BBF5787F00DB26E009F101095C
:10530000DDE91423DDE91610CDE90423CDE906100B
:105310009DF84E009DF84D109DF84C209DF84B30A7
:10532000CDE90032CDE902109DF84A30BDF84820A1
:1053300079A109A811F016FB1FB109A9384611F08F
:1053400046FD08F10108D045A8D300BF48461BB070
:10535000BDE8F08F2DE9F04399B004460D464FF0BB
:1053600000090027FFF75FFE8046002639E0B0B253
:1053700012A9FFF77CFEBDF84800218888422FD192
:105380009DF84A00A17888422AD19DF84B00E17827
:10539000884225D1B9F5BF5F00DB24E07F1CDDE941
:1053A0001423DDE91610CDE90423CDE906109DF89C
:1053B0004E009DF84D109DF84C209DF84B30CDE9E6
:1053C0000032CDE902109DF84A30BDF848205AA1BC
:1053D00009A811F0C7FA1DB109A9284611F0F7FC78
:1053E000761C4645C3D300BF384619B0BDE8F083EC
:1053F00010B50024FFF70CFE0446012C0CD0002051
:10540000FFF75EFE0020FFF763FE0020FFF768FE57
:105410000120FFF74EFE01E000BF00BF10BD88B0C5
:10542000002413E0039401200690482C01D100BF12
:1054300000BF01A8FFF7ACFE2046FFF776FE0690FE
:105440000698012801D000BFFEE7641CB4F57A6F0E
:10545000E8D300BFFEE770B596B000240025002613
:10546000032001F01DFC10B101203D4908703C48AB
:105470000078002847D03A48407810B1012841D13F
:1054800015E03848FFF7C3FC364937A011F05EFA43
:105490000EA8FFF74EFD0EA937A011F057FA12A97A
:1054A00039A011F053FA01202D4948702AE0FFF786
:1054B000BAFD054600241EE0A0B207A9FFF7D7FDFC
:1054C000DDE90923DDE90B10CDE90323CDE9051062
:1054D0009DF822109DF821009DF82020CDE90020A4
:1054E00002919DF81F309DF81E20BDF81C102BA0C6
:1054F00011F02CFA641CAC42DED30020184948702D
:10550000087000BF00BF16B070BD000000E40B546F
:1055100000E1F50540420F00253464253264253250
:10552000642532642532642532642F25642F256476
:105530002F25642F25642300253034642530326400
:1055400025303264253032642530326425303264AF
:105550002F25642F25642F25642F25642300000048
:1055600064050020827500200D0A0D0AC9E8B1B853
:1055700049443A25730D0A0057494649C3FBB3C64F
:105580003A25730D0A00000057494649C3DCC2EBB7
:10559000A3BA25730D0A0D0A0000000025303464FB
:1055A000253032642530326425303264253032644F
:1055B000253032642F25642F25642F25642F256420
:1055C0000D0A000070B504460E46154624B929465A
:1055D000304600F03DF970BD04EB840000EBC400E0
:1055E0008F4901EBC000807808B10020F3E701206B
:1055F00004EB840101EBC401894A02EBC10108718B
:1056000004EB840000EBC400114601EBC00086717E
:1056100004EB840000EBC40001EBC0004571FF20E7
:10562000D9E770B504460D46164624B931462846DA
:1056300000F01EF970BD002004EB840101EBC401F1
:10564000774A02EBC101087100BFF3E770B5044669
:105650000D461CB9284600F010F970BD04EB84001B
:1056600000EBC4006E4901EBC000083050F8250083
:10567000F3E770B504460E4615466CB92946204638
:10568000FFF7E4FF04EB840101EBC401644A02EB81
:10569000C101083141F8250004EB840000EBC4008F
:1056A0005F4901EBC000083050F825100120B040E0
:1056B000014009B1012070BD0020FCE7024602EB69
:1056C000820000EBC200564B03EBC000283050F8BC
:1056D00031007047024602EB820000EBC200504BE3
:1056E00003EBC0004078704770B504460E4615467F
:1056F0006CB929462046FFF7E1FF04EB840101EB7A
:10570000C401474A02EBC101283141F8350004EBDE
:10571000840000EBC400424901EBC000283050F87F
:1057200035100120B040014009B1012070BD0020BA
:10573000FCE770B504460D461CB9284600F04CF94C
:1057400070BD04EB840000EBC400354901EBC000E0
:10575000283000EBC5004068F2E770B504460E46FD
:10576000154674B929462046FFF7E3FF04EB840190
:1057700001EBC4012A4A02EBC101283101EBC5014A
:10578000486004EB840000EBC400254901EBC00035
:10579000283000EBC50040680121B140084008B145
:1057A000012070BD0020FCE710B5044614B900F0DC
:1057B00034F910BD04EB840000EBC400184901EB80
:1057C000C0004078F5E710B5044614B900F029F997
:1057D00010BD04EB840000EBC400114911F8300047
:1057E000F6E710B5044614B900F01FF910BD04EB3C
:1057F000840000EBC4000A4901EBC000C078F5E763
:1058000010B5044614B900F0DBF810BD04EB8400B9
:1058100000EBC400024901EBC0008078F5E700000E
:10582000C475002010B500240CE0002104EB4400F6
:1058300000EB0412FE4840F82210603840F82410B3
:10584000601CC4B2082CF0DB00F06CFE10BD704789
:105850000246F7487838807C08B100207047012064
:10586000F34B783B1875184682754175FF20F5E7B4
:105870000022EF4B783B1A7570470146EC486038C0
:1058800050F8210070470246E948603850F821007E
:1058900001239340184008B1012070470020FCE725
:1058A0000146E348403850F8310070470146E0486F
:1058B0007838407C704710B50246DD48403850F8D3
:1058C00031000124944000EA04030BB1012010BD13
:1058D0000020FCE730B5024601EB410000EB01146B
:1058E000D34800EB840040680124944000EA04039C
:1058F00093B101EB410000EB0114CD4800EB8400B3
:105900004068984301EB410404EB0115C84C04EBDB
:1059100085046060012030BD0020FCE730B5024600
:1059200001EB410000EB0114C14800EB84008068EA
:105930000124944000EA040393B101EB410000EB21
:105940000114BB4800EB84008068984301EB4104DC
:1059500004EB0115B64C04EB8504A060012030BDBA
:105960000020FCE710B5024601EB410000EB0114FA
:10597000AF4850F824000124944000EA04030BB11E
:10598000012010BD0020FCE7024601EB410000EBC6
:105990000113A74800EB83000C3030F81200704769
:1059A000A3487838C0687047024601EB410000EB1D
:1059B00001139F4800EB83002C3030F81200704731
:1059C0009B487838807C704799487838017D09B1C8
:1059D000012070470020FCE701469548403800EB65
:1059E000C1004068704710B502469148403800EB4E
:1059F000C10040680124944000EA04030BB1012077
:105A000010BD0020FCE702460B4689487838417CEF
:105A100009B1012070470020FCE785487838407CB8
:105A2000704783487838007C704781487838C07C5C
:105A3000704710B57E487838007D38B100207D4928
:105A400008707D4908707D49087010BD794800785C
:105A5000052808DA77480078401C764908707648AF
:105A6000007800F00EFB7348007805287ED173485B
:105A70000178022000F0C0FE88B16D4860386F499F
:105A8000097850F821006C490A78012191400843B7
:105A900067496039694A127841F8220010E0644889
:105AA00060386649097850F8210063490A78012175
:105AB000914088435E496039604A127841F822007B
:105AC0005E480178012000F097FEB8B15B4800788D
:105AD00000EB400101EB0011554850F821005649F8
:105AE0000A780121914008435449097801EB4102A9
:105AF00002EB01124E4941F8220016E04F480078AF
:105B000000EB400101EB0011494850F821004A49DF
:105B10000A780121914088434849097801EB410204
:105B200002EB0112424941F8220044480178012069
:105B300000F0C0FEC0B14148007800EB400101EB2D
:105B400000113B4800EB810040683B490A78012185
:105B5000914008433949097801EB410202EB0112F7
:105B6000334901EB82014860344800E036E00178B7
:105B7000012000F07AFEC0B13048007800EB40010F
:105B800001EB00112A4800EB810080682A490A785D
:105B90000121914008432949097801EB410202EBB8
:105BA0000112234901EB820188600020214908701D
:105BB00022480078401C21490870084600780828CF
:105BC0000CD1002008701C480078401C1A4908704D
:105BD00008460078102801D10020087000F09EFCD3
:105BE00013497839C86000BF2FE770B5104878387E
:105BF000007D18B10E487838807C00B970BD0C4823
:105C00007838857D447D284600F03BFA2146012006
:105C100000F0F2FDD0B104EB440000EB04110448A5
:105C200050F821000121A940084304EB440107E09A
:105C300074770020670500206805002069050020B2
:105C400001EB0412F84941F8220010E004EB440093
:105C500000EB0411F44850F821000121A9408843C9
:105C600004EB440101EB0412EF4941F82200214604
:105C7000012000F01FFE90B104EB440000EB041182
:105C8000E94800EB810041680120A840014304EB92
:105C9000440000EB0412E44800EB8200416021461E
:105CA000012000F0E2FD90B104EB440000EB041190
:105CB000DD4800EB810081680120A840014304EB2E
:105CC000440000EB0412D84800EB820081602146BA
:105CD000012000F014FE014604EB440000EB041226
:105CE000D14800EB82000C3020F81510214601202D
:105CF00000F011FE04EB440101EB0412CA4901EB70
:105D000082012C3121F8150000F008FCC6497839D1
:105D1000C86000BF72E710B5FFF78BFEFFF765FFA5
:105D200010BD2DE9F0410125FFF783FEFFF75DFF70
:105D3000BD487838007D28B9BB487838807C08B9E0
:105D4000BDE8F081B8487838007D40B90021B648F8
:105D50007838817400F082F900F072F96BE1B24892
:105D60007838807C30B1B0487838C088401CAE4963
:105D70007839C880AC487838807CF8B94FF4167010
:105D8000A949783988800121A74878388174002092
:105D9000A5497839C88048800021A34878384174E3
:105DA0000020A149783948810874887D00F069F99C
:105DB0009D497839487D00F0FEFA3CE19A487838F0
:105DC000C088052820D1984A783A517D907DFFF708
:105DD000A5FD954A783A517D907DFFF77BFD924A6B
:105DE000783A517D907DFFF7BDFD20B101218E48AD
:105DF0007838C17403E000218B487838C1740221DF
:105E000089487838817416E187487838C088052831
:105E1000A4DD854878384088C0B383487838C08886
:105E2000814978394988401A282897DD7E48783892
:105E3000867D477D807D05FA00F47B487838417D7A
:105E4000383000EBC1004068A043774978394A7D7B
:105E5000383101EBC201486073487838417D3830F1
:105E600050F83100A043704978394A7D383141F803
:105E70003200002038394880087500216A48783897
:105E8000817400F0EBF800F0DBF8D4E0FFE7664A3D
:105E9000783A517D907DFFF741FD00284FD0624850
:105EA0007838867D477D39463046FFF76DFD64289A
:105EB00044DD39463046FFF767FDB0F5167F30DD2B
:105EC00059487838807D05FA00F400205649783921
:105ED00008740846417D383000EBC1004068A0439B
:105EE000514978394A7D383101EBC20148604E484A
:105EF0007838417D383050F83100A0434A4978392C
:105F00004A7D383141F83200002038394880087520
:105F1000002145487838817400F0A0F800F090F82E
:105F20000CE039463046FFF72FFD642806DD0120DE
:105F30003D49783908740846C08848807BE03A4873
:105F40007838C088384978398988884224D13648D9
:105F50007838807D05FA00F433487838417D383050
:105F600000EBC100406820432F4978394A7D383121
:105F700001EBC201486001212B48783841740020B0
:105F8000294978390875002127487838817400F04C
:105F900065F800F055F84EE0FFF702FD064623498C
:105FA00013F06AFF2FD2204878384089962807DA04
:105FB0001D4878384089401C1B49783948813AE0AF
:105FC00019487838807D05FA00F417487838417D03
:105FD000383050F831002043134978394A7D383140
:105FE00041F83200022110487838417400200E49EF
:105FF0007839087500210C487838817400F02EF843
:1060000000F01EF817E008487838C088642812D1DC
:10601000054A783A517D907DFFF7A4FC40B10020FD
:1060200001497839087406E074770020CDCC4C3FE4
:1060300001200249087400BF82E60000FC760020BF
:106040000020F7490860F749C1F88401F44908398C
:106050000860F5490860091F086070470020F04992
:10606000091D0860EF49C1F89001ED490C31086045
:10607000EE490860EA4910310860EA49C1F89C011C
:1060800070470021E64A121D1160E64AC2F89011DD
:10609000E34A0C321160E54A1160E14A10321160A6
:1060A000E04AC2F89C11102873D2DFE800F0081C07
:1060B00031475C738AA0B5CBE2FCFBFAF9F800210A
:1060C000D74A121D1160D74AC2F89011D44A0C3237
:1060D0001160D64A1160D24A103211600121D14AB2
:1060E000C2F89C1165E10121CD4A121D1160002109
:1060F000CC4AC2F89011CA4A0C321160CB4A1160E6
:10610000C74A103211600121C64AC2F89C1150E101
:106110000021C34A121D11600121C24AC2F8901128
:106120000021BF4A0C321160C04A1160BC4A1032D3
:1061300011600121BB4AC2F89C113AE10121B84A21
:10614000121D1160B74AC2F890110021B44A0C32F6
:106150001160B64A1160B24A103211600121B14A91
:10616000C2F89C1125E10021AD4A121D1160AD4A13
:10617000C2F890110121AA4A0C3211600021AB4AE9
:106180001160A74A103211600121A64AC2F89C1181
:106190000FE1FBE00121A24A121D11600021A14A7A
:1061A000C2F8901101219E4A0C32116000219F4AD1
:1061B00011609B4A1032116001219A4AC2F89C1169
:1061C000F7E00021964A121D11600121954AC2F89C
:1061D0009011934A0C3211600021944A1160904A48
:1061E0001032116001218F4AC2F89C11E1E00121B7
:1061F0008B4A121D11608B4AC2F89011884A0C32EA
:1062000011600021894A1160854A10321160012114
:10621000844AC2F89C11CCE00021814A121D116011
:10622000804AC2F890117E4A0C32116001217F4AE7
:10623000116000217A4A103211600121794AC2F8B6
:106240009C11B6E00121764A121D11600021754AA9
:10625000C2F89011724A0C3211600121734A116028
:1062600000216F4A1032116001216E4AC2F89C1160
:106270009FE000216A4A121D11600121694AC2F89B
:1062800090110021664A0C3211600121674A1160A9
:106290000021634A103211600121624A04E060E08B
:1062A00049E031E01AE002E0C2F89C1181E00121EE
:1062B0005B4A121D11605B4AC2F890110021584AD6
:1062C0000C3211600121594A11600021544A1032E8
:1062D00011600121534AC2F89C116AE00021504A22
:1062E000121D11604F4AC2F8901101214C4A0C3224
:1062F00011604E4A11600021494A1032116001219B
:10630000484AC2F89C1154E00121454A121D11600F
:106310000021444AC2F890110121414A0C32116017
:10632000424A116000213E4A1032116001213D4A6B
:10633000C2F89C113DE00021394A121D1160012173
:10634000384AC2F89011364A0C321160374A11604F
:106350000021334A103211600121324AC2F89C11E7
:1063600027E001212E4A121D11602E4AC2F8901119
:106370002B4A0C3211602D4A11600021284A10323C
:1063800011600121274AC2F89C1112E00021244A21
:10639000121D1160234AC2F89011214A0C3211607B
:1063A000224A11601E4A103211601E4AC2F89C1126
:1063B00000BF00BF70470021194A1160194AC2F896
:1063C0008411174A083A1160174A1160121F1160B0
:1063D000082871D2DFE800F004132C3D4D5E718275
:1063E00000210F4A11600F4AC2F884110C4A083A82
:1063F00011600D4A11600121121F11608CE0012112
:10640000074A11600021074AC2F88411044A083A79
:106410001160054A11600121121F11607CE000002B
:106420008881224200802242B0012242948121428E
:106430000021514A11600121504AC2F88411002103
:106440004D4A083A11604E4A11600121121F116035
:1064500062E00121484A1160484AC2F884110021D3
:10646000454A083A1160464A11600121121F116025
:1064700052E00021404A1160404AC2F884110121D3
:106480003D4A083A116000213D4A11600121121F66
:10649000116041E00121384A11600021374AC2F8F9
:1064A00084110121344A083A11600021344A1160F4
:1064B0000121121F11602FE020E000212E4A1160FF
:1064C00001212E4AC2F884112B4A083A116000219A
:1064D0002B4A11600121121F11601DE00121264A83
:1064E0001160264AC2F88411234A083A116000213B
:1064F000234A11600121121F11600DE000211E4A84
:1065000011601E4AC2F884111B4A083A11601C4AE5
:106510001160121F116000BF00BF704710B500F07E
:10652000C0FC10BD08B501216020FBF73DF801213A
:106530001448FAF7C8FD10208DF8030003208DF8E9
:106540000200FF20ADF8000069460F48FAF7EAFCA8
:106550002020ADF8000069460C48FAF7E3FC4FF440
:10656000C050ADF8000069460948FAF7DBFCFFF7B8
:1065700067FDFFF773FD08BD88812242008022423B
:10658000B00122420002300000140140000C014022
:106590000010014000B591B001214FF40670FBF7E7
:1065A00003F801210846FAF7F2FF00208DF82F00CA
:1065B00003208DF82E003020ADF82C000BA94F4899
:1065C000FAF7B0FC0120ADF82C000BA94C48FAF703
:1065D000A9FC4C48FCF75EF94A484C3000904A4808
:1065E0000190002002901E20039000200490802043
:1065F000059040000690800007902020089000023F
:10660000099000200A9069464048FAF7C5F8012130
:106610003E48FAF7ECF800200C9001208DF8340089
:106620008DF835004FF460200E9000200F9003206D
:106630008DF840000CA93348FCF753F906230122DA
:106640000E213048FCF7E5F9062302220F212D48E0
:10665000FCF7DFF90623032208212A48FCF7D9F9C1
:1066600001212848FCF769F901212648FCF770F957
:1066700001212448FCF7A1F901212448FAF7B7F8D1
:106680002048FCF77CF900BF1E48FCF77DF9002884
:10669000FAD11C48FCF782F900BF1A48FCF783F9CD
:1066A0000028FAD101211748FCF787F90121174882
:1066B000FAF79DF811B000BD10B503460021022B7A
:1066C00001DD002010BD002209E002EB42000E4C6B
:1066D00004EB400030F813000144501CC2B20A2AF7
:1066E000F3DB0A20B1FBF0F1B1FBF0F400FB141076
:1066F000052800D9491C88B2E4E7000000100140D9
:10670000000C014000240140D47900200800024020
:1067100010B50A4600210AE000EB4003C3EB8014E9
:10672000D64B03EB8403D0335A544B1CD9B200EB45
:106730004003C3EB8014D14B13F824308B42EBDCC5
:1067400010BD10B500F074FC3F20CC49083908603A
:106750000620486002200872C949C8480838C0F8B5
:10676000F81005210020FFF7D3FF0821C34808389F
:1067700080F8FC10C349C0F8EC1105210120FFF797
:10678000C7FF0821BD48083880F8F011BE49C0F89D
:10679000E01205210220FFF7BBFF0621B7480838A9
:1067A00080F8E412B949C0F8D41305210320FFF79B
:1067B000AFFF0621B148083880F8D813B449C0F8B3
:1067C000C81405210420FFF7A3FF0421AB480838B3
:1067D00080F8CC14AF49C0F8BC1505210846FFF776
:1067E00097FF10BD014601EB4100C0EB8112A348A9
:1067F00000EB820040687047024602EB4200C0EBAB
:1068000082139E4800EB8300406801238B401840B0
:1068100008B1012070470020FCE710B5014601EBEC
:106820004102C2EB8113954A02EB8302D068002338
:1068300001EB4102C2EB8114904A02EB8402D36067
:1068400010BD10B5014601EB4102C2EB81138B4A2A
:1068500002EB83029068002301EB4102C2EB81143A
:10686000864A02EB8402936010BD10B5024602EB2B
:106870004200C0EB8213814800EB8300C068012313
:106880008B401840A0B102EB4200C0EB82137B4862
:1068900000EB8300C06801238B40984302EB420366
:1068A000C3EB8214754B03EB8403D860012010BD49
:1068B0000020FCE710B5024602EB4200C0EB821359
:1068C0006E4800EB8300806801238B401840A0B124
:1068D00002EB4200C0EB8213684800EB8300806843
:1068E00001238B40984302EB4203C3EB8214634BBA
:1068F00003EB84039860012010BD0020FCE70246F2
:1069000002EB4200C0EB82135C4800EB83001030C6
:1069100030F811007047024602EB4200C0EB8213D0
:10692000564800EB8300503030F81100704710B526
:1069300000F0FEFC10BD2DE9F041044601270025C2
:106940007AE007FA05F62846D4F8F0108847C0B375
:1069500004F19000405D20B9002104F1100020F8FE
:10696000151004F1100030F815004FF6FF71884241
:1069700009DA04F1100030F81500401C81B204F16E
:10698000100020F8151004F19000415D4030405D8A
:10699000814208DA04F19000405D401CC1B204F16C
:1069A0009000415546E060683040A8BB002104F1EA
:1069B000B0004155606830436060A0683043A0601B
:1069C00038E0FFE704F1B000405D20B9002104F198
:1069D000500020F8151004F1500030F815004FF663
:1069E000FF71884209DA04F1500030F81500401CAC
:1069F00081B204F1500020F8151004F1B000415D9F
:106A00002030405D814208DA04F1B000405D401C56
:106A1000C1B204F1B00041550CE06068304048B1AB
:106A2000002104F1900041556068B0436060E06867
:106A30003043E060681CC5B22078A84281DCBDE824
:106A4000F08170B50126002411E006FA04F50B4828
:106A500008380068284040B104EB4401C1EB8412BF
:106A6000064901EB8200FFF766FF601CC4B20348D1
:106A700008384068A042E8D870BD0000187A0020AD
:106A8000CF700008EF7000088171000815720008CF
:106A900065720008B57200080146F648C068012218
:106AA0008A40104008B1012070470020FCE70146F1
:106AB000F048806901228A40104008B101207047E7
:106AC0000020FCE710B5FFF765FDFFF73AFE10BDAB
:106AD000017801290AD14168B1F57A7F03D2416872
:106AE000491C416005E00121C17002E00021C17034
:106AF0004160704710B5FFF7A4FF03210420FFF7A2
:106B00007BFEDD49087003210420FFF7D3FEDA493C
:106B100049780843D849487003210420FFF7A5FEAF
:106B2000D54989780843D44988700846FFF7D0FFD3
:106B300000210520FFF760FECF4981F838000021D1
:106B40000520FFF7B7FECC4991F839100843CA4930
:106B500081F8390000210520FFF787FEC64991F82A
:106B60003A100843C44981F83A0001210520FFF793
:106B700043FEC14981F8400001210520FFF79AFE3C
:106B8000BD4991F841100143BB4880F841100121F3
:106B90000520FFF76AFEB84991F842100143B64854
:106BA00080F8421002210520FFF726FEB24981F845
:106BB000480002210520FFF77DFEAF4991F84910FA
:106BC0000143AD4880F8491002210520FFF74DFE32
:106BD000A94991F84A100143A74880F84A100321B7
:106BE0000520FFF709FEA44981F850000321052084
:106BF000FFF760FEA04991F8511001439E4880F8CC
:106C0000511003210520FFF730FE9B4991F85210E7
:106C10000143994880F8521004210320FFF7ECFD4E
:106C2000954981F8580004210320FFF743FE92495B
:106C300091F859100843904981F859000421032024
:106C4000FFF713FE8C4991F85A1008438A4981F8DE
:106C50005A0010BD884890F858007047864890F850
:106C6000590028B10021844880F85910012070474C
:106C70000020FCE7804890F85A0028B100217E48A7
:106C800080F85A10012070470020FCE701460429D3
:106C900001DB002070477848383010F83100F9E700
:106CA0000146042901DB002070477348383000EBAF
:106CB000C100407838B100226F48383000EBC10085
:106CC00042700120F0E70020EEE70146042901DBD5
:106CD000002070476848383000EBC100807838B138
:106CE00000226548383000EBC10082700120F0E7D7
:106CF0000020EEE70146022901DB002070475E48D4
:106D000000EBC100C078F9E70146022901DB002051
:106D10007047594810F83100FAE70146022901DBB3
:106D200000207047544800EBC100407830B100208B
:106D3000514A02EBC10250700120F2E70020F0E757
:106D40000146022901DB002070474B4800EBC100DF
:106D5000807830B10020484A02EBC10290700120D7
:106D6000F2E70020F0E70146022901DB002070472E
:106D70004148283010F83100F9E70146022901DBCB
:106D8000002070473C48283000EBC100407838B103
:106D900000223948283000EBC10042700120F0E7A2
:106DA0000020EEE70146022901DB0020704732484F
:106DB000283000EBC100807838B100222E482830FE
:106DC00000EBC10082700120F0E70020EEE70146F1
:106DD000022901DB002070472748083010F83100F5
:106DE000F9E70146022901DB0020704722480830FC
:106DF00000EBC100407838B100221F48083000EB9A
:106E0000C10042700120F0E70020EEE701460229B0
:106E100001DB002070471848083000EBC100807883
:106E200038B100221448083000EBC1008270012004
:106E3000F0E70020EEE70146022901DB0020704761
:106E40000D48183010F83100F9E70146022901DB3E
:106E5000002070470848183000EBC100407838B176
:106E600000220548183000EBC10042700120F0E715
:106E70000020EEE730800020D07F0020014602296C
:106E800001DB00207047614800EBC100807830B121
:106E900000225E4800EBC10082700120F2E7002072
:106EA000F0E72DE9F05F0220FFF706FC8346584625
:106EB00012F02CFC8046564A564B12F077FC0646E0
:106EC00000224FF0804312F071FC044612F0D0F91A
:106ED00082465046BDE8F09F2DE9FF5F8346584645
:106EE000FFF7EAFB8246CAF5805012F0ADFE019032
:106EF000504612F00BFC07460022474B12F056FC9E
:106F0000054612F0B5F90090019912F0BBFD03900F
:106F10004249039812F0E4FE054612F075FE8146E0
:106F20003F48B0F90000484504D33D48B0F9B400EB
:106F3000484503D9FF2004B0BDE8F09F00242AE0B3
:106F4000374830F91400484505D93549601C31F9F6
:106F5000100048450AD3324830F91400484505D09E
:106F60002F49601C31F91000484512D12C49601C92
:106F700031F91000A9EB0001294A601C32F9100018
:106F8000A0EB0900814201D9029402E0601CC0B26A
:106F90000290601CC4B25A2CD2DB0298CBE72DE9D8
:106FA000F84F04462046FFF787FB0090009812F048
:106FB000ADFB07464FF066321A4B12F0F7FB054661
:106FC00012F056F983464FF08B4112F05BFD81467B
:106FD000484612F01FFD0746134A144B12F08EF973
:106FE000054612F04FFB00F0FF0A5046BDE8F88F4F
:106FF00010B50120FFF770FF10BD10B50020FFF79E
:107000006BFF10BD3220704732207047E87F0020B0
:10701000B4D934E70C684A3F0000244000007A44A9
:10702000DA9F010866660A40B81E85EB51B89E3F9C
:1070300008B501217D20FAF7B7FA0121D748FAF700
:1070400042F848208DF8030003208DF802004FF429
:10705000F850ADF800006946D148F9F763FF4FF4E6
:107060007070ADF800006946CE48F9F75BFF4FF449
:107070007F40ADF800006946CB48F9F753FF4FF663
:107080003070ADF800006946C848F9F74BFF4FF47F
:107090006040ADF800006946C548F9F743FFF020AD
:1070A000ADF800006946BE48F9F73CFF10208DF8A6
:1070B000030003208DF802000220ADF800006946AD
:1070C000BB48F9F72FFF0120BA49086008BD014607
:1070D00011B1012909D103E0B7480068C0B2704777
:1070E000B548001F0068C0B2F9E70020F7E7014685
:1070F000082943D2DFE801F0040B131B232B323A9B
:10710000AE48006808B9012070470020FCE7AB4892
:10711000001F006808B90120F6E70020F4E7A7483F
:107120000838006808B90120EEE70020ECE7A34822
:107130000C38006808B90120E6E70020E4E79F4822
:107140001038006808B90120DEE70020DCE79C4821
:10715000006808B90120D7E70020D5E79848001F4C
:10716000006808B90120CFE70020CDE7944808382F
:10717000006808B90120C7E70020C5E70020C3E781
:107180000146082944D2DFE801F0040B131B232B2E
:10719000333B8C48006808B9012070470020FCE7A9
:1071A0008848001D006808B90120F6E70020F4E7D0
:1071B00084480830006808B90120EEE70020ECE7B9
:1071C00080480C30006808B90120E6E70020E4E7B9
:1071D0007C481030006808B90120DEE70020DCE7B9
:1071E00078481430006808B90120D6E70020D4E7B9
:1071F00074481830006808B90120CEE70020CCE7B9
:107200006F480C38006808B90120C6E70020C4E7C1
:107210000020C2E70146062922D2DFE801F0030878
:107220000D12171C644824300068C0B270476248D1
:1072300028300068C0B2F9E75E4850380068C0B234
:10724000F4E75C484C380068C0B2EFE7594848386A
:107250000068C0B2EAE75B48001F0068C0B2E5E71B
:107260000020E3E70146062922D2DFE801F0030807
:107270000D12171C50480C300068C0B270474E48C1
:1072800010300068C0B2F9E74B4814300068C0B253
:10729000F4E7494818300068C0B2EFE746481C30B0
:1072A0000068C0B2EAE7444820300068C0B2E5E7B1
:1072B0000020E3E7014631B101290CD0022912D0A8
:1072C000032920D117E03D481438006808B901208F
:1072D00070470020FCE739481838006808B90120D9
:1072E000F6E70020F4E735481C38006808B90120AB
:1072F000EEE70020ECE731482038006808B90120AB
:10730000E6E70020E4E70020E2E708B501210420D9
:10731000FAF74AF928208DF8030003208DF80200BF
:10732000F020ADF8000069461D48F9F7FBFD08BDE7
:1073300070B50024FFF7E9FF00252BE0184808305E
:1073400001680F2020EA01041C482038006810B9A9
:1073500044F0010401E024F0010418481C380068DE
:1073600010B944F0020401E024F002041348183874
:10737000006810B944F0040401E024F004040F484C
:107380001438006810B944F0080401E024F008043F
:10739000681C85B2FF2DD1DB204670BD0002300095
:1073A0000008014000100140001401400018014095
:1073B000000C01408481214214012342300121420A
:1073C0002401224224812242704720B14FF400510F
:1073D000194A116103E04FF40051174A5161704797
:1073E000704720B14FF48041134A116103E04FF41C
:1073F0008041114A5161704708B501211020FAF708
:10740000D3F84FF4C040ADF8000010208DF8030011
:1074100003208DF8020069460748F9F783FD002034
:10742000FFF7DFFF0020FFF7DBFF0020FFF7CDFFB6
:107430000020FFF7C9FF08BD00100140FA48C078DE
:107440007047F94890F90200704710B5F74B1B7868
:1074500060F30003F54C23702346597053B2A370B8
:1074600010BD10B50446F148007864F34100EF49BF
:107470000870084600784108EB48007861F3410045
:10748000E9490870E9490978C1F34000FFF79DFF19
:1074900010BD10B50446E548007864F38200E34966
:1074A0000870084600788108DF48007861F38200A0
:1074B000DD490870DD490978C1F38000FFF791FFCD
:1074C00010BD10B50446D948007864F3C300D7490D
:1074D000087008460078C108D348007861F3C300FB
:1074E000D1490870D1490978C1F3C000FFF778FF8E
:1074F00010BD10B50446CD48007864F30410CB49A4
:107500000870084600780109C748007861F3041044
:10751000C5490870C5490978C1F30010FFF754FF49
:1075200010BD10B5FFF76EFD40B2BF49C8700846E8
:1075300090F90300642804DC084690F9030005284C
:107540000BDAB9484078022141EA1010B64949786F
:1075500060F30711B44841700DE0B348C07850B1F2
:10756000B14840780D2101EA1010AF49497860F325
:107570000711AD484170FFF73BFDFF2815D1AA4820
:107580004078012141EA1010A749497860F30711BA
:10759000A5484170A548407818B90020A2498870D4
:1075A00013E0FF20A04988700FE09F4840780E212B
:1075B00001EA10109C49497860F307119A4841701C
:1075C000FFF716FD40B2984988709848407838BB5C
:1075D000954890F90200954991F90210884207DB1D
:1075E000914890F90200914991F90210884207D11F
:1075F0008D48007820F0200020308B49087036E05C
:10760000894890F90210894890F90200C01C814213
:107610002DDD8548007820F020008349087026E0A1
:10762000814890F90200814991F90210884207DCF3
:107630007D4890F902007D4991F90210884207D1F6
:107640007948007820F020002030774908700EE05B
:10765000754890F90210754890F90200C01E8142E9
:1076600005DA7148007820F020006F49087010BDDD
:1076700010B56D48007800F0010000B36A4800784A
:10768000C0F34000D8B968480078C0F34010B0B1EA
:107690006548C08865498989884205DA6248C0889A
:1076A000401C6149C8800EE000205F49C880084640
:1076B0000078C0F3800018B10020FFF7EAFE02E076
:1076C0000120FFF7E6FE10BD10B557484089574925
:1076D0004989884204DA54484089401C524948810B
:1076E000514840895149498988421CD14E48007807
:1076F000C0F34010B8B90120FFF7B3FE0120FFF737
:10770000C8FE00204849488108818880C880084612
:10771000007820F0400008700846007820F0010052
:10772000401C087018E04148408940490979401AD6
:107730003D49498988420FD13C48407830B100200A
:10774000FFF7D7FE0120FFF7BCFE05E00120FFF7A1
:10775000D0FE0020FFF7B5FE10BD10B5324800780E
:1077600000F00100002850D02F480078C0F34010EE
:10777000002840D12C480078C0F3400020B92A48A6
:107780000078C0F3801078B3274800892749C9885A
:10779000884205DA24480089401C2349088136E0E4
:1077A000214800892149C988884211D11E480078A2
:1077B000C0F3801060B90020FFF753FE00201A4983
:1077C00088800846007820F04000403008701EE0B5
:1077D0001548808815490989884206DA1248808848
:1077E000401C1149888012E002E0FFF76DFF0EE0B7
:1077F000FFF76AFF0BE00C48007820F040000A49D0
:1078000008700020FFF72DFE01E0FFF75DFF10BDBF
:1078100010B500F0C2F958B10448007820F001001A
:10782000401C0249087009E054800020608000205C
:107830006948007820F001006749087066480078C0
:1078400000F0010000B3644840786449497801F0D1
:107850000F01884215D0604841786048407861F354
:1078600003005E494870002048810846007820F0F7
:10787000010008700020FFF7F4FD0020FFF709FE6B
:1078800018E0FFF76AFF15E05448007800F00100A7
:1078900080B10020514948810846007820F001005D
:1078A00008700020FFF7DDFD0020FFF7F2FD00204B
:1078B000FFF71FFE10BD10B5042047498870002057
:1078C00048700846007820F00100401C08704FF412
:1078D000966088814FF4E150C880801008810520AF
:1078E0000871B4204881FFF787FD10BD10B53C48F2
:1078F00000780A2805DA3A480078401C38490870B0
:107900005FE0002036490870FFF772FB35490978BF
:1079100088420BD1FFF771FB33490978884205D1C2
:1079200003F080F83149096888424AD003F07AF8B8
:107930002E490860FFF75CFB2A490870FFF75DFBE2
:1079400029490870FFF754FBFF281CD100200BF0D9
:10795000E6FCFFF752FBFF2809D100200BF07DFC6D
:1079600003F060F808BB9A200BF0A6FD29E0FFF7B2
:1079700044FB04460BF071FC03F054F8A8B99820BE
:107980000BF09AFD1DE0FFF733FB04460BF0C7FC3C
:10799000FFF733FBFF2809D100200BF05EFC03F05A
:1079A00041F810B999200BF087FD0AE0FFF725FB9D
:1079B00004460BF052FC03F035F810B997200BF099
:1079C0007BFD10BD10B5FFF7ACFDFFF751FEFFF7D3
:1079D0001FFFFFF78BFF10BD608000205480002048
:1079E0006C0500206D0500206E050020700500204C
:1079F00008B501211020F9F7D7FD10208DF80300FC
:107A000003208DF802004FF48160ADF80000694654
:107A10004048F9F787FA08213E48F9F732FB08BDDC
:107A200001203D490870704700B5024612B9FFF7C2
:107A3000F7FF03E00120394901F8220000BD10B52D
:107A40003748007801280ADA4FF480613148F9F7A5
:107A500016FB33480078401C3149087011E030486B
:107A6000007802280ADA4FF480612A48F9F709FB06
:107A70002B480078401C2A49087002E00020284961
:107A8000087010BD10B5FFF7DAFF2348007838B949
:107A90002148407820B908211E48F9F7F0FA10BDB6
:107AA0001D48007838B900201B4948700821194842
:107AB000F9F7E5FA2CE01848C078052805DA1648E9
:107AC000C078401C1449C87022E000201249C870D8
:107AD0000846407838B908210E48F9F7D2FA012053
:107AE0000D49487014E00C488078092805DA0A48E6
:107AF0008078401C0849887003E00020064908701F
:107B0000887008210348F9F7BAFA00200249487042
:107B100000BFC4E700100140740500206E80002003
:107B20007C05002008B501211920F9F73DFD012150
:107B30004648F9F7C8FA10208DF8030003208DF8A5
:107B400002004020ADF8000069464148F9F7EAF923
:107B500040213F48F9F795FA4FF40040ADF8000096
:107B600069463C48F9F7DEF94FF400413948F9F726
:107B700088FA08BD10B5012037494870C10335485F
:107B8000F9F77DFA10BD10B50020334948704FF465
:107B900000413048F9F775FA10BD3048007808B94F
:107BA000002070472D480078012800D1F9E7022015
:107BB000F7E7294880787047012027490870704707
:107BC000002025490870704723480078704710B599
:107BD00002210320FEF710FE204908700221032035
:107BE000FEF743FE1D49497808431C4948700221AD
:107BF0000320FEF75FFE194989780843174988700A
:107C000010BD10B5FFF7E3FF13480078C0B1FFF7D0
:107C1000B1FF1148C078642805DA0F48C078401CCD
:107C20000D49C87011E00C48C07864280DD1FFF7E9
:107C3000AAFF00200849C87008700120887004E07D
:107C4000FFF7A1FF00200449C87010BD00023000FA
:107C5000000C0140001001407D050020810500203E
:107C600010B500F0A2FD10BD70B5022800DB70BD9C
:107C700000EB8004FE4D15F8244004B1F7E700EB5B
:107C80008004FB4D05EB8404617000EB800405EB80
:107C90008404A27000EB800405EB8404E3800124DB
:107CA00000EB8005F24E06F8254000BFDFE70146F5
:107CB000022901DB0020704701EB8100EC4A12F839
:107CC0002000F8E70146022901DB0020704701EBA4
:107CD0008100E74A02EB8000007AF7E701460229BB
:107CE00001DB0020704701EB8100E14A02EB8000DC
:107CF000407A00F00100F5E70146022901DB00208F
:107D0000704701EB8100DA4A02EB8000407AC0F351
:107D10008000F5E70146022901DB0020704701EBF6
:107D20008100D34A02EB8000407AC0F34000F5E7BF
:107D30000146022901DB0020704701EB8100CC4A9B
:107D400002EB8000807AC0F34000F5E7014602298B
:107D500001DB0020704701EB8100C54A02EB800087
:107D6000807A00F00100F5E7704700200FE000EB9B
:107D70008001BF4A02EB8101498A491C8AB200EBAB
:107D80008001BB4B03EB81014A82411CC8B202282F
:107D9000EDDB704710B5002421E02046FFF717F80F
:107DA00004EB8401B24A02EB8101897A60F300019D
:107DB00004EB840002EB800081722046FFF73BF861
:107DC00004EB8401AA4A02EB8101897A60F3410144
:107DD00004EB840002EB80008172601CC4B2022CB0
:107DE000DBDB10BD10B50020A2490870A4E3A14858
:107DF000007800EB80009E4911F8200000287CD01C
:107E00009C48007800EB800001EB8000007C082893
:107E100051D2DFE800F00451FBEFEEEDECEB9548BA
:107E2000007800EB8000924901EB8000407A20F05E
:107E300001019048007800EB80008D4A02EB800041
:107E400041728C48007800EB8000114601EB800005
:107E5000407A20F004018748007800EB800002EBB4
:107E6000800041728348007800EB8000114601EBEE
:107E70008000407A20F002017E48007800EB80000C
:107E800002EB8000417201207A49097801EB8101FF
:107E900002EB8101087200217648007800EB800037
:107EA00002EB8000418201207249097801EB8101D7
:107EB00002EB8101087439E36E480078FEF787FF12
:107EC000F0B36C480078FEF7B6FFC8B300206949EC
:107ED000097801EB8101664A02EB810108740220F6
:107EE0006449097801EB810102EB81010872614864
:107EF000007800EB8000114600E018E301EB800001
:107F0000407A20F00100401C5A49097801EB8101B8
:107F100002EB810148725748007800EB800011465F
:107F200001EB8000407A20F00200801C5149097862
:107F300001EB810102EB8101487200204D4900E014
:107F400005E0097801EB810102F821005DE0494874
:107F5000007800EB8000464901EB8000407838BB98
:107F600044480078FEF733FFC0B10020414909784A
:107F700001EB81013E4A02EB8101087402203D4978
:107F8000097801EB810102EB810108720020394977
:107F9000097801EB810102F8210036E00220354921
:107FA000097801EB8101324A02EB810108742CE06F
:107FB00030480078FEF73FFFF0B100202D490978E6
:107FC00001EB81012A4A02EB810108740220294950
:107FD000097801EB810102EB81010872002025493B
:107FE000097801EB810102F821000EE05FE21EE258
:107FF000D7E185E154E009E002201E49097801EB50
:1080000081011B4A02EB810108748FE21948007854
:1080100000EB8000164901EB8000407860B91548FC
:108020000078FEF7DEFE13480078FEF7EFFE1148F9
:10803000007800F0A3FA0BE00E480078FEF7D1FEBE
:108040000C480078FEF7E2FE0A48007800F0ADFA2E
:108050000848007800EB8000054A02EB8000817838
:108060000448007800F055FB0248007804E0000066
:108070007A8000208905002000F072FA0021FB4878
:10808000007800EB8000FA4A02EB80004182032076
:10809000F649097801EB810102EB8101087445E2A0
:1080A000F2480078FEF793FEE8B3F0480078FEF758
:1080B000C2FEC0B3ED48007800F059FA0021EB4849
:1080C000007800F026FBE948007800F085FA0020EF
:1080D000E649097801EB8101E54A02EB8101087468
:1080E0000220E249097801EB810102EB810108726B
:1080F000DE48007800EB8000114601EB8000407AFA
:1081000020F00100401CD949097801EB810102EB04
:1081100081014872D548007800EB8000114601EBE0
:108120008000407A00E011E020F00200801CCF497E
:10813000097801EB810102EB810148720020CB49F3
:10814000097801EB810102F8210010BDC7480078D1
:1081500000EB8000C64901EB8000408AC3490978E2
:1081600001EB8101C24A02EB8101C98888427DDAB4
:10817000BE48007800EB8000114601EB800040789B
:1081800058BBBA480078FEF722FE002824D0B74832
:10819000007800F0ECF90021B448007800F0B9FA5A
:1081A000B248007800F018FA0020B049097801EBD5
:1081B0008101AF4A02EB810108740220AB490978C2
:1081C00001EB810102EB810108720020A7490978C7
:1081D00001EB810102F8210091E0A4480078FEF74C
:1081E0002AFE002827D0A148007800F0C0F900211D
:1081F0009E48007800F08DFA9C48007800F0ECF979
:108200009A480078C0B900209849097801EB8101AB
:10821000974A02EB8101087402209449097801EB26
:10822000810102EB8101087200209049097801EB7D
:10823000810102F8210062E000208C49097801EBFD
:1082400081018B4A02EB8101087402208749097879
:1082500001EB810102EB810108720020834909785A
:1082600001EB810102F8210049E0FFE77F48007837
:1082700000F07DF900217D48007800F04AFA7B4843
:10828000007800F0A9F900207849097801EB810114
:10829000774A02EB810108747448007800EB800093
:1082A000114601EB8000407A20F00100401C6F492C
:1082B000097801EB810102EB810148726B4800787B
:1082C00000EB8000114601EB8000407A20F00400B2
:1082D000001D6649097801EB810102EB81014872BA
:1082E00002206249097801EB810102EB81010872E9
:1082F00000205E49097801EB810102F8210015E1B7
:1083000000215A48007800EB8000594A02EB8000B7
:10831000418256480078E8B95649087800EBD07198
:108320004910A0EB410119B1012000F03EF902E033
:10833000012000F023F94D48007800EB80004C4A02
:1083400002EB80008178012000F0E3F9012000F0C9
:1083500007F91CE04749087800EBD0714910A0EB01
:10836000410119B1002000F020F902E0002000F0E6
:1083700005F93E48007800EB80003D4A02EB8000A2
:108380008178002000F0C5F9002000F0E9F8052010
:108390003649097801EB8101354A02EB8101087405
:1083A000C4E03248007800EB8000314901EB8000E6
:1083B000408AC8283ADD002000F0D9F8002108469C
:1083C00000F0A7F9002000F007F9012000F0CFF835
:1083D0000021012000F09DF9012000F0FDF80021AE
:1083E0002248007800EB8000214A02EB80004182A5
:1083F0002048007803280DDA1E480078401C1D49EB
:10840000087004201949097801EB810102EB810110
:1084100008740BE0002017490870062013490978FA
:1084200001EB8101124A02EB810108747EE0002118
:108430000E48007800EB80000D4A02EB800041827C
:108440000A480078C0B9012000F0AFF8074800786A
:1084500000EB8000064A02EB80008178012000F0EA
:1084600058F9012000F07CF817E000008905002091
:108470007A8000208A050020002000F096F8364817
:10848000007800EB8000354A02EB80008178002004
:1084900000F03FF9002000F063F807202E4909782A
:1084A00001EB81012D4A02EB810108743EE02A486C
:1084B000007800EB8000294901EB8000408A002809
:1084C00033DD002000F053F80021084600F021F9C8
:1084D000002000F081F8012000F049F8002101207F
:1084E00000F017F9012000F077F800211A48007811
:1084F00000EB8000194A02EB8000418200201649FF
:10850000097801EB810102EB810108740220124914
:10851000097801EB810102EB8101087200200E490C
:10852000097801EB810102F8210000BF00BF0A4871
:108530000078401C08490870074800780228FFF6B8
:1085400056AC00BF01E610B5FFF70EFCFFF74AFC82
:10855000FFF720FC10BD0000890500207A80002074
:1085600010B5044680219348F8F789FD10BD10B579
:10857000044680218F48F8F784FD10BD10B50446ED
:10858000012C08D101218C48F8F77BFD02218A4893
:10859000F8F775FD08E03CB904218748F8F771FD4C
:1085A00008218548F8F76BFD10BD10B50446012C75
:1085B00008D101218048F8F762FD02217E48F8F7D2
:1085C00060FD08E03CB904217B48F8F758FD08211C
:1085D0007948F8F756FD10BD10B50446012C08D1B6
:1085E00001217548F8F74BFD02217348F8F747FD64
:1085F00008E03CB904217048F8F741FD08216E48B5
:10860000F8F73DFD10BD10B50446012C08D101213D
:108610006948F8F736FD02216748F8F732FD08E0AF
:108620003CB904216448F8F72CFD08216248F8F7AA
:1086300028FD10BD08B501214920F8F7B5FF01213B
:108640005E48F8F740FD10208DF8030003208DF8F8
:1086500002008020ADF8000069465648F8F762FC39
:108660000F20ADF8000069465348F8F75BFC18206E
:108670008DF8030003208DF802000002ADF8000021
:1086800069464C48F8F74EFC08BD00B587B001219B
:108690000420F8F796FF6320ADF8140040F2CF20D5
:1086A000ADF810000020ADF81600ADF8120004A9D6
:1086B0004348F9F7B1F801214148F9F709FD0020D5
:1086C000ADF806006020ADF800000120ADF8020012
:1086D0000020ADF8080069463948F9F769F9082122
:1086E0003748F9F73BFD40213548F9F7DBFC69468F
:1086F0003348F9F7A8F908213148F9F738FD402146
:108700002F48F9F7D8FC01212D48F9F7E1FB07B014
:1087100000BD7FB504460D46022C00DD7FBD642DF3
:1087200000DD6425ADF806506020ADF800000120A2
:10873000ADF802000020ADF80800012C0CD169460C
:108740001F48F9F735F908211D48F9F707FD012100
:108750001B48F9F7C9FB0CE05CB969461848F9F702
:1087600072F908211648F9F702FD01211448F9F7BA
:10877000BBFB00BFD2E710B5FFF75CFFFFF785FF3B
:108780000020FFF740FF0120FFF73DFF00210846D2
:10879000FFF7BFFF00210120FFF7BBFF0020FFF71D
:1087A000E6FE0120FFF7E3FE10BD10B5FFF7E3FF83
:1087B00010BD0000000C0140001801400002300014
:1087C0000008004008B501211C20F8F7EDFE01214A
:1087D0001948F8F778FC10208DF8030003208DF875
:1087E00002000120ADF8000069461448F8F79AFB32
:1087F0000620ADF8000069461048F8F793FB022107
:108800000E48F8F73EFC04210C48F8F73AFC012129
:108810000A48F8F736FC01210848F8F730FC08BD93
:1088200010B501210548F8F72AFC10BD10B501214B
:108830000248F8F726FC10BD00023000001001408D
:1088400008B503208DF8000001208DF803008DF895
:1088500001008DF802006846F7F731FE08BD0146B9
:10886000CA1701EB92729210A1EB82022AB964221C
:1088700091FBF2F302FB131232B94FF4C87291FB71
:10888000F2F302FB13120AB1012070470020FCE74B
:108890002DE9FE4F07460C46904600200290C14647
:1088A0008246834600260025019000903846FFF757
:1088B000D6FF002832D00D2C2CD2DFE804F02B0795
:1088C0000A0D101316191C1F222528004FF0050A47
:1088D00023E04FF0010A20E04FF0020A1DE04FF0C4
:1088E000050A1AE04FF0000A17E04FF0030A14E0FF
:1088F0004FF0050A11E04FF0010A0EE04FF0040AB4
:108900000BE04FF0060A08E04FF0020A05E04FF0D6
:10891000040A02E00020BDE8FE8F31E00D2C2CD2CD
:10892000DFE804F02B070A0D101316191C1F22256F
:1089300028004FF0060A22E04FF0020A1FE04FF035
:10894000020A1CE04FF0050A19E04FF0000A16E099
:108950004FF0030A13E04FF0050A10E04FF0010A50
:108960000DE04FF0040A0AE04FF0060A07E04FF06E
:10897000020A04E04FF0040A01E00020CBE700BF48
:10898000642097FBF0F100FB1170C5B22846E9178F
:1089900005EB91718910019101982844C0B20090B3
:1089A0000721009890FBF1F201FB120000F0FF0B91
:1089B0000BEB0A004844C6B2072E01DA029606E025
:1089C000072096FBF0F100FB1160C0B20290029804
:1089D000A1E72DE9F05F06460F4690469946DDE98E
:1089E0000AAB002440F2B270864203DB40F633004B
:1089F000864202DD0120BDE8F09F40F2B2750AE038
:108A00002846FFF72CFF10B19948044401E099482B
:108A10000444681C85B2B542F2DB781EC7B200255B
:108A200010E09548405D40F2A321484304EBC01498
:108A30003046FFF714FF18B1012D01D18F480444CF
:108A4000681C85B2BD42ECDBA8F1010040F2A32115
:108A5000484304EBC014C9EB4910C0EB092004EBF8
:108A60000014CAEB0A1004EB80045C4401214FF0AF
:108A7000C050F8F7A6FD0120F8F7CDFB2046FAF725
:108A80005AF9FAF78BF90020B5E770B500260024F3
:108A900000257B4806883604001D00880644774878
:108AA000B6FBF0F477480088A0423AD075490C80B4
:108AB00040F2B2750EE02846FFF7D1FE30B1B4F5B2
:108AC000B77F02D3A4F5B77402E006E0A4F26D14F8
:108AD000681C85B2B4F5B67FEDD800BF6A488580C2
:108AE000002516E068498888FFF7B9FE30B1012DEE
:108AF00004D11D2C01D31D3C09E00CE05E48405D13
:108B0000A04203D85C48405D241A00E003E0681CE2
:108B100085B21C2CE6D200BF681C5B498871601CC2
:108B2000C8715648B6FBF0F100FB11644FF4616068
:108B3000B4FBF0F0544908704FF46160B4FBF0F1FD
:108B400000FB11403C21B0FBF1F04F4948704FF45D
:108B50006160B4FBF0F100FB11403C21B0FBF1F28D
:108B600001FB1200484988700B46DA799979988898
:108B7000FFF78EFE44490872002070BD2DE9FC47C6
:108B800004460D4616461F46DDE90A89FAF7B7F88E
:108B9000FAF704F93B46324629462046CDE90089DA
:108BA000FFF717FFFAF7B4F8BDE8FC87014636482F
:108BB000808888803448807988713348C079C8714A
:108BC0003148007A08723048007808702E484078A2
:108BD00048702D488078887070471CB500240121AA
:108BE0004FF0C050F8F7EDFC0120F8F714FBF7F751
:108BF000CFFC4FF44070F8F760FC0120F8F763FCFD
:108C0000FAF7CCF8FAF7D3F801210846FAF76AF830
:108C1000FAF7C4F8FAF773F84FF22440FAF798F825
:108C2000FAF7BCF800200090034602460146019086
:108C3000FFF7CFFEFAF76CF8FFF702FEFFF725FF0C
:108C400000201CBD10B50120FAF7D6F808B1FFF7D7
:108C50001CFF0220FAF7D0F820B10220FAF7DCF866
:108C6000FFF713FF0520FAF7D7F8FAF797F810BDCA
:108C70000085E2018033E1019CA0010880510100E0
:108C8000182800408C050020A2800020B9480078F8
:108C9000704710B5B7480078012843D1FDF7DAFFD7
:108CA00000283BD0B4480068642807D2FDF7E2FFF3
:108CB000B1480068401CB04908606DE00020AE4932
:108CC00008600320AB49087000204870887001F0EC
:108CD000A6FE18B109200AF09BFD5DE008F01AF924
:108CE000C0B1FCF7C2F850B104F022FE18B1022066
:108CF0000AF08EFD50E003200AF08AFD4CE0FCF7FC
:108D00009CF818B105200AF083FD45E004200AF024
:108D10007FFD41E000200AF07BFD3DE00020964908
:108D2000086039E09348007808BBFDF793FFD0B1A5
:108D300091480068B0F5967F07D2FDF79BFF8E48FB
:108D40000068401C8C49086026E000208A490860C1
:108D50000220884908700120487000208870122085
:108D60000AF056FD18E000208349086014E08148AD
:108D70000078022806D1FDF77DFF68B101207D490A
:108D8000087009E07B480078032805D1FDF772FFE1
:108D900010B100207749087010BD10B5FFF779FFBA
:108DA00074484078002871D07248807806280AD22A
:108DB000DFE800F0030A192D495400206D490871BD
:108DC000C87001208870CDE00020FDF7B9FF0020B9
:108DD000FDF7A3FF674AD1781079FCF739FD02202F
:108DE00064498870BEE0FCF7EBFD78B9FCF715FE2E
:108DF00018B101205F49087202E000205D49087245
:108E00004FF496705B49C88003208870AAE05948E7
:108E1000C08890B10020FDF793FF18B90020FDF73E
:108E20007CFF20B1002053494872042088705148CB
:108E3000C088401E4F49C88004E001204D49487257
:108E4000042088708EE04B4C637A227A2179E07896
:108E50000AF08FFD05202146887083E04548C078E0
:108E6000A8B944480079032805DA42480079401C33
:108E70004049087106E000203E4908710846C07864
:108E8000401CC87001203B4988706AE06BE039489B
:108E9000C078012814D1374800790A2805DA354806
:108EA0000079401C3349087106E0002031490871FF
:108EB0000846C078401CC87001202E49887050E0D8
:108EC0002C48C078022814D12A4800790A2805DAEB
:108ED00028480079401C2749087106E000202549F0
:108EE00008710846C078401CC8700120214988706C
:108EF00037E02048C078032814D11E4800790A289A
:108F000005DA1C480079401C1A49087106E0002067
:108F1000184908710846C078401CC87001201549DE
:108F200088701EE01348C078042814D111480079D5
:108F3000052805DA0F480079401C0E49087106E043
:108F400000200C4908710846C078401CC8700120F8
:108F50000849887005E000200649C87008718870CB
:108F6000487000BF04E000200249C8700871887092
:108F700010BD0000AC8000209005002010B5044614
:108F8000F74850F82400408948B1F54850F82400CB
:108F90004089401EF24951F82410488120E0F048F1
:108FA00050F824000078D8B10020ED4951F8241081
:108FB0000870EB4850F82400806988B1E84B53F8FA
:108FC00024305988E64B53F82430D868E44B53F8E2
:108FD00024309A6990470020E14951F824104880D4
:108FE00010BD012809D1DF49DD4A5160DE495268D0
:108FF000D160DE49DA4A52681161022809D1DC49A0
:10900000D74A9160DB499268D160DB49D44A9268C3
:109010001161704700B591B001214804F8F7D1FA09
:1090200001210846F8F7B3FA01210420F8F7BCFA49
:109030000420ADF8400003208DF8420018208DF880
:10904000430010A9CD48F7F76DFF0820ADF84000A8
:1090500004208DF8430010A9C848F7F763FF2620C5
:109060008DF82C0000208DF82D0001208DF82E00A9
:109070008DF82F000BA8F7F722FA11208DF82C009D
:1090800000208DF82D0002208DF82E0001208DF893
:109090002F000BA8F7F713FAB9480090B148006900
:1090A0000190102002908001039000200490802005
:1090B000059000200690079008904FF4005009900A
:1090C00000200A906946AF48F7F766FB01220221AB
:1090D000AC48F7F798FB0021AA48F7F788FB012274
:1090E0008021A748001FF9F7D1FA4FF4E1300C9026
:1090F0000020ADF83400ADF83600ADF83800ADF81A
:109100003C000C20ADF83A000CA99D48001FF9F76F
:1091100000FA012240F225519948001FF9F791FA0F
:10912000012240F224419648001FF9F78AFA0122F1
:1091300028219348001FF9F784FA01226021904802
:10914000001FF9F77EFA40218D48001FF9F755FB03
:1091500001218B48001FF9F768FA11B000BD00B576
:1091600091B001210820F8F71FFA01218804F8F7CF
:1091700028FA01210846F8F70AFA4FF48060ADF8A2
:10918000400003208DF8420018208DF8430010A9FC
:109190007D48F7F7C7FE4FF40060ADF840000420AB
:1091A0008DF8430010A97848F7F7BCFE27208DF80A
:1091B0002C0000208DF82D008DF82E0001208DF858
:1091C0002F000BA8F7F77BF90C208DF82C0000205E
:1091D0008DF82D0002208DF82E0001208DF82F0033
:1091E0000BA8F7F76CF96948009061480069019095
:1091F000102002904FF4C050039000200490802073
:10920000059000200690079008904FF400500990B8
:1092100000200A9069465B486438F7F7BDFA0122DE
:10922000022158486438F7F7EEFA002155486438AF
:10923000F7F7DDFA012280215448001FF9F726FADA
:10924000524800904A48C0680190002002904FF4B4
:1092500080600390002004908020059000200690FC
:10926000079008904FF44050099000200A906946FA
:1092700044485038F7F790FA012142485038F7F740
:10928000B6FA012240214148001FF9F7FFF94FF4D7
:10929000E1300C900020ADF83400ADF83600ADF8A8
:1092A0003800ADF83C000C20ADF83A000CA9374866
:1092B000001FF9F72EF940213448001FF9F79DFAF5
:1092C000012228213148001FF9F7BBF90122602152
:1092D0002E48001FF9F7B5F9012240F224412B482E
:1092E000001FF9F7AEF901212848001FF9F79DF991
:1092F00011B000BD10B504462046FFF772FE012CE8
:1093000001D1FFF787FE022C01D1FFF728FF10BD26
:10931000012801D1134A5161022801D1144A516137
:109320007047012801D10F4A9161022801D1104AEA
:109330009161704701460A4850F8210000780128E1
:1093400001D100207047064850F82100408820B124
:10935000034850F821004088F4E70020F2E70000BD
:10936000B8800020CC800020E8840020E880002025
:10937000E888002004A100200489002000080140A2
:109380000444004080000240000C014004480040BA
:109390000146FE4850F821004078012804D1FB48DE
:1093A00050F82100808870470020FCE710B5024685
:1093B0000B46F64850F822000078012801D1002021
:1093C00010BD002107E0F14850F82200C068405C61
:1093D0005854481C81B2ED4850F822004088884219
:1093E000F1DC0020E94C54F822406080FF20E7E7E0
:1093F0000021E64A52F82020518070472DE9F041C3
:1094000004460F461646E14850F8240040780128EB
:1094100063D0DE4850F824008680002507E0785DA0
:10942000DA4951F8241009694855681C85B2B542DB
:10943000F5DB0120D54951F8241048707CB9D34898
:1094400050F824008088D2498864D04850F824001D
:10945000006908650121CE484430F7F7C8F9012CAE
:1094600012D1CA4850F824008088C9498431086064
:10947000C64850F824000069C549C1F88C00012194
:10948000C3488030F7F7B3F9022C0FD1BF4850F82A
:1094900024008088BE490862BC4850F82400006956
:1094A00088620121BA481C30F7F7A1F9032C11D1C9
:1094B000B64850F824008088B6490860B34850F890
:1094C00024000069B349083108600121B148001F38
:1094D000F7F78DF90120BDE8F0810020FBE770B5BA
:1094E00004460D462E4654B92946AB48F9F70AF909
:1094F00000BF4021A848F9F773F90128F9D1012CE0
:109500000AD12946A548F9F7FDF800BF4021A34834
:10951000F9F766F90128F9D1022C0AD12946A048A9
:10952000F9F7F0F800BF40219D48F9F759F90128F3
:10953000F9D1032C0AD129469A48F9F7E3F800BF7C
:1095400040219848F9F74CF90128F9D170BD70B560
:1095500040F225519148F9F759F910B39248406902
:1095600040B18E48F9F7D2F8C4B28F48416920461D
:10957000884716E001208C4908703220488108464F
:109580004088B0F5806F0CDA8448F9F7BFF8C1B2B3
:10959000854842884088401C834B58801846C068E4
:1095A000815408217D48F9F71BF950B17B480088A8
:1095B000C5B27A48001D0088C5B208217748F9F77E
:1095C0001CF904217548F9F70BF950B1734800886C
:1095D000C5B27248001D0088C5B204216F48F9F772
:1095E0000CF902216D48F9F7FBF850B16B4800887F
:1095F000C5B26A48001D0088C5B202216748F9F764
:10960000FCF801216548F9F7EBF850B16348008890
:10961000C5B26248001D0088C5B201215F48F9F754
:10962000ECF840F224415D48F9F7F0F8A0B15B484E
:109630000088C5B25948001D0088C5B25A488069E3
:1096400038B1594B5988D8689A69904700205649D3
:10965000488000205449087070BD10B54FF000706C
:10966000F7F7FFF860B14FF00070F7F70EF9002040
:109670004D4948708880002145488030F7F7B7F899
:1096800010BD70B540F225514548F9F7BFF810B349
:109690004648406940B14248F9F738F8C4B24348F7
:1096A00041692046884716E001204049087005209E
:1096B000488108464088B0F5806F0CDA3848F9F7E1
:1096C00025F8C1B2394842884088401C374B588041
:1096D0001846C068815408213148F9F781F850B123
:1096E0002F480088C5B22E48001D0088C5B2082149
:1096F0002B48F9F782F804212948F9F771F850B19D
:1097000027480088C5B22648001D0088C5B204213C
:109710002348F9F772F802212148F9F761F850B1AE
:109720001F480088C5B21E48001D0088C5B202212E
:109730001B48F9F762F801211948F9F751F850B1BF
:1097400017480088C5B21648001D0088C5B201211F
:109750001348F9F752F840F224411148F9F756F846
:1097600030B30F480088C5B20D48001D0088C5B24F
:10977000002107483030F7F73AF805483030F7F75E
:109780004DF8C0F580600949488012E0B88000209B
:10979000000002405C0402400038014000440040E8
:1097A00000480040004C0040CC800020E8880020A9
:1097B00016E04FF480611448F7F72EF801211248A3
:1097C000F7F715F81148806938B1104B5988D868F7
:1097D0009A69904700200D49488000200B49087085
:1097E00070BD10B52020F7F73CF858B12020F7F7EE
:1097F0004CF8002005494870888000210248143840
:10980000F6F7F5FF10BD000030000240E8880020A8
:1098100010B5FEF7D7FF10BD70B505460C46042DF8
:1098200006D114B1FEF7FCFF01E0FEF7FFFF00E0F8
:1098300000BF00BF70BD000010B5FFF7E9FF10BD0D
:109840002DE9FC47824688461646DDF83090002414
:10985000002717E0022000FB07850DB9BDE8FC8753
:1098600069782878FFF7D8FF28780F4901F81400A5
:10987000012001EB44014870042C01DA601CC4B2E1
:10988000781CC7B206EBD671B7EB610FE2DBB9F11A
:10989000000F06D00020009062000349019050465E
:1098A000C84700BFDAE70000940500207047704702
:1098B00010B5044654222146F048F9F701FD642111
:1098C000EF480DF007FBEFA3F0A2F4A1EC480DF078
:1098D00049F810BDFA48007830B101280DD00228AF
:1098E0001AD003282FD11EE00020F6490880F6493F
:1098F00008600120F249087025E0F2480088401C09
:10990000F049088008460088C82804DD0020088047
:109910000220EB49087016E00120EB4908600320A3
:10992000E74908700FE0E7480088401CE5490880D7
:1099300008460088C82805DD00200880E049087036
:10994000FF20704700BF00BF0020FAE7FF207047EC
:1099500010B5DE48007878B10020DC490870C748AF
:10996000FBF7C8FA6421C6480DF0B4FAC5A3C7A234
:10997000CAA1C3480CF0F6FFFFF7E8FF10B1FF20C3
:10998000D3490870FFF7A6FF10B1FF20D149087036
:10999000CF480078FF280AD1CE480078FF2806D1AA
:1099A0000020CB490870CB490870FF2010BD002073
:1099B000FCE7C9494870704710B5C848007810B135
:1099C000012838D10CE04FF40071C5480DF082FA3F
:1099D0000921C4A003F05EFD0120C04908702CE0FD
:1099E000C3A1BF480DF053F940B10020BB49087036
:1099F000C1490880C1490880FF2010BDBE480088C9
:109A0000401CBD49088008460088C82812DD002097
:109A10000880B2490870B9480088401CB7490880DE
:109A200008460088052805DD00200880AB4908703D
:109A3000EE20E2E701E0EE20DFE700BF0020DCE7F8
:109A400070B50024AE48007822287DD2DFE800F00F
:109A5000111E49568491C2CFEFEEEDECEBEA7C7C0F
:109A6000E9E8E7E67C7C7C7CE5E47C7C7C7C7C7CB7
:109A7000E3E24FF400719A480DF02CFA0421A1A002
:109A800003F008FD01209E49087000E39FA194485F
:109A90000DF0FDF840B102209949087000209C4962
:109AA00008809C4908701BE099480088401C984930
:109AB000088008460088B0F5967F11DD00200880F8
:109AC0008F49087093480078401C924908700846F6
:109AD0000078052804DD00200870EE208849087011
:109AE000D5E24FF400717E480DF0F4F90A218AA006
:109AF00003F0D0FC032082490870C8E289A17848AD
:109B00000DF0C5F840B104207D490870002080495F
:109B10000880804908701EE07D480088401C7C4910
:109B2000088008460088B0F5967F14DD0020088084
:109B300002207349087077480078401C7549087006
:109B400008460078052800E07FE204DD0020087068
:109B5000EE206B4908709AE24FF4007160480DF0F6
:109B6000B9F90A2171A003F095FC05206449087039
:109B70008DE271A15A480DF08AF820B96FA15848BA
:109B80000DF085F840B106205D490870002060495D
:109B90000880604908701CE05D480088401C5C49F2
:109BA000088008460088B0F5967F12DD0020088006
:109BB00004205349087057480078401C55490870E4
:109BC00008460078052804DD00200870EE204C4986
:109BD00008705CE24FF4007141480DF07BF90B21F5
:109BE00057A003F057FC0720454908704FE252A1E7
:109BF0003B480DF04CF820B950A139480DF047F81A
:109C0000B0B108203E490870002041490880414910
:109C100008702AE0DBE1C9E1C4E1BFE192E184E13F
:109C200057E149E11BE10DE1D1E0C3E095E01DE022
:109C300037480088401C3649088008460088B0F53F
:109C4000967F12DD0020088006202D4908703148DB
:109C50000078401C2F49087008460078052804DD6C
:109C600000200870EE202649087010E24FF40071C1
:109C70001B480DF02FF91F2168E00000200600208E
:109C800013A50020313138383300000033392E3924
:109C9000362E31302E3235300000000041542B5129
:109CA000494F50454E3D312C302C22544350222CEC
:109CB000222573222C25732C302C310D0A00000034
:109CC0007C0600207A060020840122427F060020C4
:109CD0007D0600207E06002078A50020800600205A
:109CE00004A1002041542B43474D4D0D0A000000B4
:109CF0004543323000000000840600208206002028
:109D00008606002041540D0A000000004F4B000061
:109D1000880600208706002041542B4350494E3FBF
:109D20000D0A0000524541445900000041542B43A4
:109D30005245473F0D0A00002C3100002C35000031
:109D400041542B43475245473F0D0A00F8A003F00A
:109D5000A1FB0920FE49087099E1AFF25001FD48CE
:109D60000CF095FF40B10A20F94908700020FA492B
:109D70000880FA4908701CE0F7480088401CF64942
:109D8000088008460088B0F5967F12DD0020088024
:109D90000820EF490870F1480078401CEF4908702E
:109DA00008460078052804DD00200870EE20E84908
:109DB00008706CE14FF40071E6480DF08BF80C214F
:109DC000E7A003F067FB0B20E14908705FE1AFF209
:109DD000C401E0480CF05BFF40B11020DC49087082
:109DE0000020DD490880DD4908702AE0E0A1D9485B
:109DF0000CF04DFF40B10C20D54908700020D64929
:109E00000880D64908701CE0D3480088401CD2491D
:109E1000088008460088B0F5967F12DD0020088093
:109E20000A20CB490870CD480078401CCB49087007
:109E300008460078052804DD00200870EE20C4499B
:109E4000087024E14FF40071C2480DF043F80E2170
:109E5000C9A003F01FFB0D20BD49087017E1AFF248
:109E60005411BC480CF013FF40B10220B8490870EF
:109E70000020B9490880B94908701CE0B64800883C
:109E8000401CB549088008460088B0F5967F12DD71
:109E9000002008800C20AE490870B0480078401CB3
:109EA000AE49087008460078052804DD00200870D7
:109EB000EE20A7490870EAE04FF40071A5480DF0C4
:109EC00009F80B21B0A003F0E5FA1120A0490870B1
:109ED000DDE0AFF2C8119F480CF0D9FE40B1002080
:109EE0009E4908709C4908801220994908701BE01F
:109EF00099480088401C98490880084600886428D2
:109F000012DD0020088010209149087093480078E5
:109F1000401C9249087008460078032804DD0020A0
:109F20000870EE208A490870B1E04FF4007189484A
:109F30000CF0D0FF212197A003F0ACFA1320844944
:109F40000870A4E0AFF23C2182480CF0A0FE40B1C2
:109F50000020824908708049088018207C490870D8
:109F60001BE07D480088401C7B490880084600882B
:109F7000642812DD00200880122075490870774897
:109F80000078401C7549087008460078032804DDF5
:109F900000200870EE206E49087078E019206C49A6
:109FA000087074E020206A49087070E04FF4007176
:109FB00068480CF08FFF80480CF09FFE054629464C
:109FC0007D4803F067FA2120614908705FE07BA1BA
:109FD00060480CF05CFE40B100205D4908705E49AD
:109FE00008805E490870FF2070BD78A159480CF0C8
:109FF0004EFE60B10E2178A003F04CFA00205649C5
:10A00000088056490870EE20514908701CE05248FB
:10A010000088401C5049088008460088B0F5967FAB
:10A0200012DD002008802020494908704B48007844
:10A03000401C4A49087008460078052804DD0020C5
:10A040000870EE204249087021E06748007820B18E
:10A0500001280BD0022818D111E0FFF777FC044645
:10A06000FF2C02D10120604908700EE0FFF732FC9E
:10A070000446FF2C02D102205B49087005E0002055
:10A08000334908705849087000BF00BF00BF00BFC7
:10A090000020A9E755487047554870475548007853
:10A0A00070475548704755487047002154484078DC
:10A0B000022804D12D20534A5054481CC1B25048A4
:10A0C0008078504A5054481CC1B24D48C078505412
:10A0D000481CC1B22E205054481CC1B248480079D7
:10A0E0005054481CC1B2464840795054481CC1B233
:10A0F00010467047002142480078022804D12D20E4
:10A10000414A5054481CC1B23D48007B3E4A50541D
:10A11000481CC1B23A48407B5054481CC1B2384830
:10A12000807B5054481CC1B22E205054481C6DE016
:10A1300041542B5149435347503D312C312C22433C
:10A140004D494F54222C22222C22222C310D0A0060
:10A150008606002004A10020880600208706002033
:10A1600041542B51494143543D310D0A0000000038
:10A170004552524F5200000041542B514944454131
:10A1800043543D310D0A000041542B43545A553D70
:10A19000330D0A0041542B514E54503D312C223284
:10A1A00030322E3131322E31302E3336222C3132B4
:10A1B000332C310D0A00000013A500202B51494F0C
:10A1C00050454E3A20302C30000000002B51494FB2
:10A1D00050454E3A20302C0041542B5149434C4FAE
:10A1E00053453D300D0A00008A06002004A50020DA
:10A1F000D5050020D4050020E4050020F30500204B
:10A200009C0500200C06002016060020C1B2FD4867
:10A21000C07B5054481CC1B2FA48007C5054481CC2
:10A22000C1B2104670472DE9F04107468846002428
:10A23000F5480078E8B9F5A1F6480CF028FD044689
:10A24000B4B1AFF2C00120460CF021FD851CF2A193
:10A25000F0480CF01CFD044654B104F109000CF068
:10A2600009FD86B23146284607F095FE00BF00BFC3
:10A2700000BF00BF0020BDE8F08100207047002033
:10A28000E8490860704710B50024E64800684EF6BB
:10A290006021884205D2E3480068401CE14908601B
:10A2A00088E0E148007830B1012814D0022871D04C
:10A2B00003287ED172E00020DC4908704FF4007161
:10A2C000D4480CF007FE0821D9A003F0E3F80120E0
:10A2D000D54908706DE0AFF2CC51CE480CF0D7FCF8
:10A2E00028B3D6A1CB480CF0D2FC0446B4B10F2160
:10A2F000D4480CF0EFFDA41D02222146D148F8F706
:10A30000DFFF2078322802DB2078382803DD0020A8
:10A31000CD49087002E00120CB4908700220C249F3
:10A3200008700020C9490880C949087030E0C9A1F7
:10A33000B8480CF0ACFC60B10020BB490870B949CA
:10A340000860C2490880C24908700120B7490870F6
:10A350001EE0BE480088401CBC49088008460088B2
:10A36000642815DD00200880AF490870B8480078DF
:10A37000401CB749087008460078032808DD002013
:10A380000870A9490870A74908600120A74908700A
:10A390000FE0FFE70320A44908700AE00020AC4961
:10A3A0000870A14908709F49086001209F49087002
:10A3B00000BF00BF10BD10B5044654222146A84876
:10A3C000F8F77EFF2046FAF79EFDFF2010BD70B51E
:10A3D00006460D46A34880680A2801D1002070BDBA
:10A3E0004FF44370F9F753F804460CB90020F6E730
:10A3F00025812A46314604F10A00F8F761FF9948A1
:10A40000006850B900206060206096480460446095
:10A410008068401C934988600DE00020606091488E
:10A42000406844608F48406820608E48446080687F
:10A43000401C8C498860FF20D1E78A48006808B931
:10A4400000207047874800680830FAE710B5854853
:10A45000006808B9002010BD8248046800684068A0
:10A4600020B100207F490968496808607D4800687C
:10A4700040687C49086008468068401E8860204625
:10A48000F8F7F5FFFF20E6E710B56848007800B957
:10A4900010BD75480078032859D005DC48B1012863
:10A4A00013D0022877D131E0042866D0EE28F9D104
:10A4B00083E0FFF7C2FF6D4908600846006800B9F5
:10A4C000E6E701206849087080E04FF400715148C8
:10A4D0000CF000FD4FF4007165480CF0FBFC4021CE
:10A4E00064480CF019FD61480068028862A1614867
:10A4F0000CF038FA5F480CF000FC044621465D4839
:10A5000002F0C8FF0220584908705FE05FA141488F
:10A510000CF0BDFB40B103205349087000205C499A
:10A5200008705C49088011E05A480088642805DA00
:10A5300058480088401C5749088007E000205549CA
:10A540000880534908700320474908703EE04FF4E3
:10A55000007130480CF0BEFC4FF4007144480CF020
:10A56000B9FC42480068018840480068801C02F03D
:10A5700091FF04203C49087028E047A125480CF0D1
:10A5800086FB48B1EE203849087000204049087029
:10A590004049088010E016E03E480088642805DA4B
:10A5A0003C480088401C3B49088005E000203949B0
:10A5B0000880EE202C49087008E0FFF747FF0020D4
:10A5C0002949087000BF00BF00BF00BF00BF00BF27
:10A5D0005EE770B504460D4629462046FFF7F7FEB4
:10A5E000FF2070BD30B585B000242D48006841F2D1
:10A5F0007071884256D22A480068401C2849086079
:10A60000DEE100009C0500208B0600202B514955FF
:10A6100052433A0004A100202272656376222C3056
:10A620002C000000740600208C0600207806002014
:10A6300041542B4353510D0A000000002B4353514A
:10A640003A200000D5050020D40500208E06002009
:10A650008D0600202B434D45204552524F523A0063
:10A6600020060020A4A500209006002094060020CB
:10A6700004890020B0A5002041542B514953454E78
:10A68000443D302C25640D0A000000003E0000000F
:10A69000910600209206002053454E44204F4B0067
:10A6A0009C060020CE48007830B1012814D0022842
:10A6B0007ED003287DD128E10020CA4908704FF4DC
:10A6C0000071C9480CF006FC0A21C8A002F0E2FEA5
:10A6D0000120C349087072E1AFF6D011C2480CF0F6
:10A6E000D6FA002866D0C4A1BF480CF0D0FA0446C0
:10A6F000002C7DD00834607830382178303901EB77
:10A70000810100EB4100642190FBF1F201FB12009A
:10A7100000F5FA6080B2ADF80C00BDF80C0040F610
:10A72000330188420DDD0020B6490880B649087023
:10A73000AB490870B54908600120AA49087005B006
:10A7400030BDE41C607830382178303901EB81016C
:10A7500000EB4100C0B28DF80E009DF80E000C28F1
:10A760000CDD0020A7490880A74908709C490870A3
:10A77000A649086001209B490870E0E7E41C607866
:10A7800030382178303901EB810100EB4100C0B253
:10A790008DF80F009DF80F001F2810DD002099494B
:10A7A0000880994908708E4908709849086002E04D
:10A7B0009DE003E186E001208A490870BFE7E41CC0
:10A7C000607830382178303901EB810100EB4100AD
:10A7D000C0B28DF810009DF8100017280EDD002083
:10A7E00088490880884908707D490870874900E0D9
:10A7F0005FE0086001207B490870A0E7E41C6078F6
:10A8000030382178303901EB810100EB4100C0B2D2
:10A810008DF811009DF811003B280CDD00207949CE
:10A820000880794908706E490870784908600120ED
:10A830006C49087083E7E41C60783038217830393F
:10A8400001EB810100EB41003C2190FBF1F201FBA7
:10A850001200C0B28DF812009DF812003B280CDDEA
:10A86000002068490880684908705D490870674998
:10A87000086001205B49087061E703A807F095FDB7
:10A88000BDF80C00642190FBF1F201FB1200C5B28F
:10A890009DF812009DF811109DF81020CDE90021BF
:10A8A00002909DF80F209DF80E100023284608F016
:10A8B00059FC002053490880534908700220484938
:10A8C000087013E04F480088401C4E490880084635
:10A8D000008864280ADD002008804B490870404940
:10A8E00008704A49086001203E49087067E04FF44B
:10A8F00000713D480CF0EEFA0821AFF2CC2002F0D6
:10A90000C9FD03203649087059E0AFF600413648CA
:10A910000CF0BDF950B3AFF2DC2133480CF0B7F9BD
:10A920000446B4B10F213A480CF0D4FAA41D022217
:10A9300021463748F8F7C4FC2078322802DB20781B
:10A94000382803DD00203349087002E00120314936
:10A9500008700020224908702C49086029490880A5
:10A960002949087001201F49087026E0AFF21C3108
:10A970001D480CF08CF960B100201949087023497A
:10A980000860204908802049087001201549087096
:10A9900013E01C480088401C1A49088008460088BB
:10A9A00064280ADD00200880174908700C490870E7
:10A9B0001649086001200B49087000E000BF00BF85
:10A9C00000BFBCE610B500F01AF900B110BD02F0EE
:10A9D0005EFE08B1FFF706FEFFF756FD00BFF5E784
:10A9E000980600207806002004A1002041542B4343
:10A9F000434C4B3F0D0A00002B43434C4B3A202263
:10AA0000000000009A060020990600209C06002005
:10AA1000D5050020D4050020F948007A7047F84891
:10AA200000787047F6484068704710B50446F4480F
:10AA300044600146486808F03FFD10BD10B5F1487C
:10AA4000006808B9002010BDEE480468006840683E
:10AA500020B10020EB49096849680860E9480068AE
:10AA60004068E849086008468068401E88602046C3
:10AA7000F8F7FDFCFF20E6E72DE9F04705460E4616
:10AA800017469846DF488068202801D1FFF7D6FF97
:10AA90002420F8F7FCFC044614B90020BDE8F08738
:10AAA00030460CF02AF981464A46314604F1080046
:10AAB000F8F706FC6561A761C4F81C8001212162DA
:10AAC000D048006850B9002060602060CD48046024
:10AAD00044608068401CCB4988600DE000206060C5
:10AAE000C84840684460C74840682060C548446022
:10AAF0008068401CC3498860FF20CFE70246C148F8
:10AB0000016805E04869904201D1086A70474968C8
:10AB10000029F7D140F22F10F8E70246B948016842
:10AB200005E04869904201D108467047496800290C
:10AB3000F7D10020F9E70246B24B186804E04369F8
:10AB4000934200D1016240680028F8D17047AE48B6
:10AB500070470120AD4981F8980070470020AB494B
:10AB600081F8980070470021A84A116151614FF4A3
:10AB7000FA601146A1F884000020A1F8860081F84F
:10AB8000800000219160D1604FF4FA601146A1F875
:10AB900082000020A1F896004EF27860A1F88E00A5
:10ABA0000020A1F89000012081F89800704710B5AE
:10ABB00002460B4600210AE0954800EBC10411CC87
:10ABC00050405C40204300D110BD481CC1B2202938
:10ABD000F2DB8F480838C478083000EBC4000CC0A2
:10ABE0008B480838C078401C894C083CE0702046EF
:10ABF000C078202801D10020E070FF20E4E78348DE
:10AC000090F881007047814890F88000704710B537
:10AC1000044600207F4908807F4908707F4800680B
:10AC200018B17E480068F8F722FC7C48046010BD2B
:10AC300001207B49087070470020794908707047EF
:10AC400077480078704730B50346002014E0141AA6
:10AC5000641E0C5D734D05EB1414247803F810404A
:10AC6000141A641E0C5D04F00F042C5D012505EB25
:10AC700040055C55441CE0B29042E8DB30BD30B585
:10AC80000346002010E00C5C664D05EB141424789C
:10AC900003F810400C5C04F00F042C5D012505EB5B
:10ACA00040055C55441CE0B29042ECDB30BD30B551
:10ACB0000346002014E0141A641E0C5D594D05EB88
:10ACC0001414247803F81040141A641E0C5D04F068
:10ACD0000F042C5D012505EB40055C55441CE0B2DA
:10ACE0009042E8DB30BD01462F2906DD3A2904DA1F
:10ACF000A1F13000C2B210467047602906DD672915
:10AD000004DAA1F15700C2B21046F5E7402906DD8A
:10AD1000472904DAA1F13700C2B21046ECE7FF2060
:10AD2000EAE7F0B504460E461546002313E0002777
:10AD3000012101EB4301605CFFF7D5FF074614F8E2
:10AD40001300FFF7D0FF47EA0010C7B2681EC01A11
:10AD50003754581CC3B2AB42E9DBF0BDF0B5044632
:10AD60000D461646002311E00027012101EB4301A7
:10AD7000605CFFF7B8FF074614F81300FFF7B3FF56
:10AD800047EA0010C7B2EF54581CC3B2B342EBDB22
:10AD9000F0BD10B5FCF701FF18B901201849086093
:10ADA00002E000201649086010BD10B51648FAF7F9
:10ADB0002EF815482030FAF735F8FAF73EF848B182
:10ADC000114820300BF099FFC4B221460E482030C4
:10ADD00008F03DFE0C4808F0ABFEFAF746F80849CB
:10ADE000886010BD1CB502F004FC0F4800900F48AD
:10ADF0000190684602F0AEFEFFF7D7FF1CBD0000D1
:10AE000098A70020CCA70020F8060020F0A500207D
:10AE100098A60020A4060020A6060020A806002070
:10AE200018080020A8A001088F3400086F3400081B
:10AE30002DE9F04104F0E9F907460022FD4BFEA19F
:10AE4000384604F068F9FE4AFEA1384604F096F947
:10AE5000FB4A1032FDA1384604F090F9F84A20323E
:10AE6000FCA1384604F08AF9F549083908680EF063
:10AE700036FC05462A460B46F9A1384604F04BF944
:10AE8000EF49083948680EF02AFC05462A460B4669
:10AE9000F4A1384604F03FF90022F44BF4A13846FF
:10AEA00004F039F9384603F00AFF044624B938465D
:10AEB00002F086FEBDE8F08120787B2806D0384677
:10AEC00002F07EFE2046F8F7D2FAF3E720460BF0B8
:10AED00014FF0546F8F7DBFAE74908600846006802
:10AEE00030B9384602F06CFE2046F8F7C0FAE1E7C8
:10AEF0005020F8F7CCFAE14908600846006850B9DC
:10AF0000384602F05DFE2046F8F7B1FADA480068EC
:10AF1000F8F7ADFACEE70020D84909680870D7499C
:10AF20000968887006F0CAF9D44909688880002049
:10AF3000D249096848700C20D0490968C8800C22A1
:10AF4000CFA1CE4800680830F8F7BAF920460BF0D8
:10AF5000D4FECA490968A1F84800C7480068C74933
:10AF60000968C86420460BF0C8FE0546C349096855
:10AF70002A46C86C2146F8F7A3F9C048006807F0D4
:10AF8000BFF9BD480068F8F772FABC480068F8F7E6
:10AF90006EFA2046F8F76BFA384602F011FE00BF51
:10AFA00088E72DE9F04104F030F9804604F02DF9EE
:10AFB00007460022B64BA0A1404604F0ACF8A04AD8
:10AFC000A0A1404604F0DAF89D4A10329FA1404605
:10AFD00004F0D4F89A4A20329EA1404604F0CEF8FC
:10AFE0009749083908680EF07AFB05462A460B4651
:10AFF0009BA1404604F08FF89149083948680EF04B
:10B000006EFB05462A460B4696A1404604F083F89F
:10B010003A46A0A1404603F08CFFA04908680EF014
:10B020005EFB05462A460B469DA1384604F073F8A0
:10B030009A4948680EF053FB05462A460B469BA1E9
:10B04000384604F068F8954988680EF048FB0546D4
:10B050002A460B4699A1384604F05DF8404603F0B5
:10B060002EFE044624B9404602F0AAFDBDE8F08158
:10B0700020787B2806D0404602F0A2FD2046F8F753
:10B08000F6F9F3E720460BF038FE0546F8F7FFF92E
:10B090008D4908600846006830B9404602F090FDCE
:10B0A0002046F8F7E4F9E1E75020F8F7F0F987498E
:10B0B00008600846006850B9404602F081FD20460D
:10B0C000F8F7D5F980480068F8F7D1F9CEE7002005
:10B0D0007E49096808707D490968887006F0EEF8B5
:10B0E0007A490968888000207849096848700C20EE
:10B0F00076490968C8800C2261A17448006808304C
:10B10000F8F7DEF820460BF0F8FD70490968A1F861
:10B1100048006D4800686D490968C86420460BF016
:10B12000ECFD0546694909682A46C86C2146F8F7CE
:10B13000C7F86648006807F0E3F863480068F8F766
:10B1400096F962480068F8F792F92046F8F78FF907
:10B15000404602F035FD00BF88E710B55C48008826
:10B16000B0F5FA6F05DA5A480088401C5849088043
:10B1700012E00020564908805648007810B9FFF7C1
:10B1800057FE01E0FFF70DFF5248007808B9012093
:10B1900000E000204F49087010BD2DE9F04705463A
:10B1A00004F033F8814604F030F8804600224A4B20
:10B1B00021A1484603F0AFFF214A22A1484603F0EF
:10B1C000DDFF1F4A103221A1484603F0D7FF1C4A79
:10B1D000203220A1484603F0D1FF194908390868F8
:10B1E0000EF07DFA064632460B461DA1484603F096
:10B1F00092FF1349083948680EF071FA0646324644
:10B200000B4618A1484603F086FF2A4633A148465C
:10B2100003F0B4FF42461FA1484603F08AFE1F49CF
:10B2200008680EF05CFA064632460B461CA1404602
:10B2300056E0000000408F40636D644964000000E8
:10B24000D80600206272616E640000006D6F646554
:10B250006C00000064657669636549640000000065
:10B26000726F7700636F6C756D6E00000000F03FC9
:10B270006D61636E6F000000200800201C08002034
:10B280007465726D696E616C5F6D736700000000BC
:10B2900000488F40646174610000000098A700209E
:10B2A000646F6F72207374617465000073797374D6
:10B2B000656D2073746174650000000073746F72B3
:10B2C000652073746174650028080020240800203C
:10B2D0002C0800202E08002000588F4074730000B6
:10B2E00003F019FFFA4948680EF0F9F906463246AC
:10B2F0000B46AFF24801404603F00DFFF449886861
:10B300000EF0EDF9064632460B46AFF250014046CC
:10B3100003F001FF484603F0D2FC044624B9484636
:10B3200002F04EFCBDE8F08720787B2806D0484626
:10B3300002F046FC2046F8F79AF8F3E720460BF0B7
:10B34000DCFC0646F8F7A3F8E24908600846006806
:10B3500030B9484602F034FC2046F8F788F8E1E7B7
:10B360005020F8F794F8DC4908600846006850B9A6
:10B37000484602F025FC2046F8F779F8D5480068E1
:10B38000F8F775F8CEE70120D34909680870002066
:10B39000D14909688870D0490968C87005F08EFFE6
:10B3A000CD49096888800020CB49096848700C2085
:10B3B000C9490968C8800C22AFF23C11C648006830
:10B3C0000830F7F77DFFC4480068083008B900BFAF
:10B3D00000BF20460BF091FCBF490968A1F8480066
:10B3E000BC480068BC490968C86420460BF085FC6D
:10B3F0000646B94909683246C86C2146F7F760FF2E
:10B40000B548006806F07CFFB34800680078012862
:10B4100008D0B0480068F8F72AF8AF480068F8F795
:10B4200026F811E00120AC4909688870AA48006834
:10B4300006F0B0FAFF2807D1A6480068F8F717F819
:10B44000A5480068F8F713F82046F8F710F84846C2
:10B4500002F0B6FB00BF65E770B505460024002684
:10B46000AFF22021284603F0CAFC044604B970BD9F
:10B470009A4920690BF078FD00B1F8E7AFF234216A
:10B48000284603F0BCFC044604B9F0E793491031A8
:10B4900020690BF069FD00B1E9E7AFF248212846C9
:10B4A00003F0ADFC044604B9E1E78C492031206982
:10B4B0000BF05AFD00B1DAE7AFF2E011284603F0D5
:10B4C0009EFC044604B9D2E726693046FFF765FEC4
:10B4D00000BFCCE72DE9F041054603F096FE064695
:10B4E00000227F4BAFF2B021304603F014FE7B4ABE
:10B4F000AFF2B021304603F041FE784A1032AFF28D
:10B50000B421304603F03AFE744A2032AFF2BC2137
:10B51000304603F033FE0022724B73A1304603F035
:10B52000FAFD73A274A1304603F028FE2A46AFF25A
:10B530005421304603F022FE304603F0C0FB04469F
:10B5400024B9304602F03CFBBDE8F08120787B282E
:10B5500006D0304602F034FB2046F7F788FFF3E7C9
:10B5600020460BF0CAFB0746F7F791FF63490860D6
:10B570000846006830B9304602F022FB2046F7F753
:10B5800076FFE1E75020F7F782FF5D490860084643
:10B59000006850B9304602F013FB2046F7F767FF0A
:10B5A00056480068F7F763FFCEE701205449096861
:10B5B0000870002052490968887051490968C870AC
:10B5C00005F07CFE4E490968888000204C490968D6
:10B5D00048700C204A490968C8800C22AFF26031DB
:10B5E000474800680830F7F76BFE454800680830A8
:10B5F00008B900BF00BF20460BF07FFB4049096837
:10B60000A1F848003D4800683D490968C8642046E3
:10B610000BF073FB07463A4909683A46C86C214665
:10B62000F7F74EFE3648006806F06AFE34480068B8
:10B630000078012808D031480068F7F718FF304833
:10B640000068F7F714FF11E001202D4909688870A0
:10B650002B48006806F09EF9FF2807D127480068AC
:10B66000F7F705FF26480068F7F701FF2046F7F7D0
:10B67000FEFE304602F0A4FA00BF65E770B505464D
:10B6800000240026AFF24441284603F0B8FB0446EC
:10B6900004B970BD114920690BF066FC00B1F8E7F0
:10B6A000AFF25841284603F0AAFB044604B9F0E77C
:10B6B0000A49103120690BF057FC00B1E9E7AFF2FD
:10B6C0006C41284603F09BFB0446DCB9E1E700002F
:10B6D00098A700203408002030080020D806002059
:10B6E00000688F400000F03F666C6167000000005A
:10B6F00073756363657373006D7367003C080020A6
:10B7000038080020FE4920690BF02EFC00B1C0E78C
:10B71000AFF25841284603F072FB044604B9B8E77B
:10B72000F849606988600846806830B10120F9F7FF
:10B7300088FB032008F06CF80CE00020F9F781FB8F
:10B74000F9F77BFB18B1052008F062F802E004204D
:10B7500008F05EF8AFF27C41284603F050FB044647
:10B7600004B996E726693046FFF7B4FE00BF90E7BC
:10B770002DE9F04705460E46914603F046FD824608
:10B780000022E14BAFF25051504603F0C4FCDC4ABA
:10B79000203AAFF25051504603F0F0FCD84A103A2C
:10B7A000AFF25851504603F0E9FCD54AAFF25C5174
:10B7B000504603F0E3FC30460DF091FF07463A4651
:10B7C0000B46D2A1504603F0A6FC4A46D1A15046F2
:10B7D00003F0D4FC0022D14BAFF2F401504603F049
:10B7E0009AFCAFF2F402AFF2F001504603F0C6FC4F
:10B7F0002A46AFF21851504603F0C0FC504603F001
:10B800005EFA044624B9504602F0DAF9BDE8F08742
:10B8100020787B2806D0504602F0D2F92046F7F770
:10B8200026FEF3E720460BF068FA0746F7F72FFEEF
:10B83000BB4908600846006830B9504602F0C0F9BC
:10B840002046F7F714FEE1E75020F7F720FEB54950
:10B8500008600846006850B9504602F0B1F9204629
:10B86000F7F705FEAE480068F7F701FECEE70120C6
:10B87000AC49096808700020AA4909688870A9497C
:10B880000968C87005F01AFDA6490968888000207B
:10B89000A449096848700C20A2490968C8800C2294
:10B8A000AFF224619F4800680830F7F709FD9D4812
:10B8B0000068083008B900BF00BF20460BF01DFA31
:10B8C00098490968A1F848009548006895490968B1
:10B8D000C86420460BF011FA0746924909683A46B7
:10B8E000C86C2146F7F7ECFC8E48006806F008FDAE
:10B8F0008C4800680078012808D089480068F7F76C
:10B90000B6FD88480068F7F7B2FD11E001208549CF
:10B91000096888708348006806F03CF8FF2807D162
:10B920007F480068F7F7A3FD7E480068F7F79FFDA2
:10B930002046F7F79CFD504602F042F900BF65E74C
:10B940002DE9F04387B080460027B946AFF20C716D
:10B95000404603F054FA744908600846006810B97C
:10B9600007B0BDE8F0837049096808696449203967
:10B970000BF0FAFA00B1F3E7AFF23071404603F092
:10B980003EFA694908600846006800B9E8E7664978
:10B99000096808695A4910390BF0E6FA00B1DFE787
:10B9A000AFF25071404603F02AFA5F49086008463A
:10B9B000006800B9D4E75C490968086950490BF090
:10B9C000D3FA00B1CCE751A1404603F018FA56492A
:10B9D00008600846006800B9C2E753480068446937
:10B9E0002046F9F78BFB00B1BAE74AA1404603F0C5
:10B9F00006FA4D4908600846006800B9B0E74A48B1
:10BA00000068076949A1404603F0F9F94849086010
:10BA10000846006800B9A3E7AFF2BC71444800686B
:10BA200003F0EDF9404908600846006800B997E75F
:10BA30003D4800684569AFF2D4713D48006803F0A5
:10BA4000DEF9394908600846006800B988E73648D9
:10BA500000684669721E691EAFF625732046F8F726
:10BA600050FC384607F0ECFD062007F0D1FE0294AA
:10BA70000395049601200590684606F07DFC684613
:10BA8000F9F786FBAFF2AC71404603F0B8F92649EE
:10BA900008600846006800B962E723480068D0F8EB
:10BAA00010903A4621464846FFF762FE00BF57E72E
:10BAB0002DE9F041054603F0A8FB064600221D4B88
:10BAC000AFF68C01304603F026FB0D4A203AAFF664
:10BAD0008C01304603F052FB094A103AAFF694014C
:10BAE000304603F04BFB064AAFF69801304603F0B0
:10BAF00045FB0022094BAFF2104130461CE000002C
:10BB0000F806002098A7002000788F40636F6465D6
:10BB1000000000006F726465724964000000F03F2D
:10BB20004408002040080020480800207661720088
:10BB30004C08002000888F4003F0EDFAAFF250422D
:10BB4000AFF24C41304603F019FB2A46AFF67401C0
:10BB5000304603F013FB304603F0B1F8044624B935
:10BB6000304602F02DF8BDE8F08120787B2806D021
:10BB7000304602F025F82046F7F779FCF3E7204637
:10BB80000BF0BBF80746F7F782FCF7490860084658
:10BB9000006830B9304602F013F82046F7F767FC2A
:10BBA000E1E75020F7F773FCF049086008460068A9
:10BBB00050B9304602F004F82046F7F758FCEA483E
:10BBC0000068F7F754FCCEE70120E84909680870DF
:10BBD0000020E64909688870E4490968C87005F0E2
:10BBE0006DFBE249096888800020E04909684870D7
:10BBF0000C20DE490968C8800C22AFF67C11DB48B6
:10BC000000680830F7F75CFBD8480068083008B9CE
:10BC100000BF00BF20460BF070F8D4490968A1F8B6
:10BC20004800D1480068D1490968C86420460BF033
:10BC300064F80746CD4909683A46C86C2146F7F7CB
:10BC40003FFBCA48006806F05BFBC8480068007804
:10BC5000012808D0C4480068F7F709FCC348006809
:10BC6000F7F705FC11E00120C04909688870BF485A
:10BC7000006805F08FFEFF2807D1BB480068F7F782
:10BC8000F6FBBA480068F7F7F2FB2046F7F7EFFB40
:10BC9000304601F095FF00BF65E770B50546002608
:10BCA000AFF66021284603F0AAF8B14908600846BB
:10BCB000006800B970BDAE4909680869AD490BF06C
:10BCC00053F900B1F6E7AFF67C21284603F097F868
:10BCD000A74908600846006800B9EBE7A44909686D
:10BCE0000869A44910310BF03FF900B1E2E7AFF663
:10BCF0009C21284603F083F89D49086008460068A7
:10BD000000B9D7E79A49096808699A4920310BF0C8
:10BD10002BF900B1CEE798A1284603F070F89449BA
:10BD200008600846006800B9C4E7914800684469A3
:10BD300014B1FBF741FF01E0FBF742FFAFF66421CE
:10BD4000284603F05CF88A4908600846006800B994
:10BD5000B0E78748006806693046FFF7A9FE00BFD4
:10BD6000A8E72DE9F05F05460E46914603F04DFA2F
:10BD700082460022834BAFF64031504603F0CBF9A8
:10BD80007C4AAFF64031504603F0F8F9794A103258
:10BD9000AFF64831504603F0F1F9764A2032AFF65B
:10BDA0004C31504603F0EAF930460DF098FC074656
:10BDB0003A460B46AFF2AC21504603F0ACF94A4686
:10BDC000AFF2B021504603F0D9F93046F9F7ADF99A
:10BDD000834658460DF083FC07463A460B466AA157
:10BDE000504603F098F92A46AFF61031504603F05A
:10BDF000C5F9504602F063FF044624B9504601F0ED
:10BE0000DFFEBDE8F09F20787B2806D0504601F089
:10BE1000D7FE2046F7F72BFBF3E720460AF06DFF2D
:10BE20000746F7F734FB5C4908600846006830B9FC
:10BE3000504601F0C5FE2046F7F719FBE1E7502018
:10BE4000F7F725FB554908600846006850B9504689
:10BE500001F0B6FE2046F7F70AFB4F480068F7F7F7
:10BE600006FBCEE701204D490968087000204B49C8
:10BE70000968887049490968C87005F01FFA474980
:10BE80000968888000204549096848700C204349AA
:10BE90000968C8800C22AFF6184140480068083095
:10BEA000F7F70EFA3D480068083008B900BF00BF38
:10BEB00020460AF022FF39490968A1F848003648AF
:10BEC000006836490968C86420460AF016FF07462C
:10BED000324909683A46C86C2146F7F7F1F92F480C
:10BEE000006806F00DFA2D4800680078012808D097
:10BEF00029480068F7F7BBFA28480068F7F7B7FA4F
:10BF000011E001202549096888702448006805F07F
:10BF100041FDFF2807D120480068F7F7A8FA1F481D
:10BF20000068F7F7A4FA2046F7F7A1FA504601F0A7
:10BF300047FE00BF65E72DE9F041054600260027D2
:10BF4000AFF60051284602F05AFF1549086008462E
:10BF5000006808B9BDE8F081114909680869054918
:10BF60000BF002F8F0B1F5E754080020500800206B
:10BF700058080020D8060020646F6F7273746174D3
:10BF800065000000005C9140736869706D656E74B7
:10BF90002073746174650000600800205C08002054
:10BFA00064080020AFF65C51284602F028FFFE49E5
:10BFB00008600846006800B9CCE7FB4909680869D1
:10BFC000FA490AF0D1FF00B1C4E7AFF6785128462C
:10BFD00002F015FFF44908600846006800B9B9E7A7
:10BFE000F14909680869F14910310AF0BDFF00B153
:10BFF000B0E7AFF2E841284602F001FFEA490860E5
:10C000000846006800B9A5E7E74800684469AFF250
:10C01000FC41284602F0F3FEE34908600846006848
:10C0200000B997E7E04800680669AFF65051284626
:10C0300002F0E5FEDC4908600846006800B989E7BF
:10C04000D94800680769324621463846FFF789FE1D
:10C0500000BF7FE72DE9F041054603F0D6F806461C
:10C060000022D34BAFF63061304603F054F8CF4A8C
:10C07000103AAFF63061304603F080F8CB4AAFF6A5
:10C080003461304603F07AF8C84A1032AFF63C61AA
:10C09000304603F073F80022C64BAFF6B4113046B9
:10C0A00003F039F8AFF6B812C3A1304603F066F8D2
:10C0B0002A46AFF6D851304603F060F8304602F019
:10C0C000FEFD044624B9304601F07AFDBDE8F0815A
:10C0D00020787B2806D0304601F072FD2046F7F725
:10C0E000C6F9F3E720460AF008FE0746F7F7CFF94E
:10C0F000B34908600846006830B9304601F060FD79
:10C100002046F7F7B4F9E1E75020F7F7C0F9AD4959
:10C1100008600846006850B9304601F051FD2046DD
:10C12000F7F7A5F9A6480068F7F7A1F9CEE70120CF
:10C13000A449096808700020A24909688870A149CB
:10C140000968C87005F0BAF89E490968888000201F
:10C150009C49096848700C209A490968C8800C22DB
:10C16000AFF6E461974800680830F7F7A9F89548FA
:10C170000068083008B900BF00BF20460AF0BDFDC6
:10C1800090490968A1F848008D4800688D49096800
:10C19000C86420460AF0B1FD07468A4909683A4654
:10C1A000C86C2146F7F78CF88648006806F0A8F8B6
:10C1B000844800680078012808D081480068F7F7B3
:10C1C00056F980480068F7F752F911E001207D49DF
:10C1D000096888707B48006805F0DCFBFF2807D100
:10C1E00077480068F7F743F976480068F7F73FF9B2
:10C1F0002046F7F73CF9304601F0E2FC00BF65E766
:10C2000070B504460025AFF6C471204602F0F7FD74
:10C210006D4908600846006800B970BD6A49096840
:10C220000869624910390AF09FFE00B1F5E7AFF6E0
:10C23000E471204602F0E3FD6349086008460068A7
:10C2400000B9EAE760490968086958490AF08CFEB4
:10C2500000B1E2E75D49204602F0D1FD5A4908608D
:10C260000846006800B9D8E75749096808694F4986
:10C2700010310AF079FE00B1CFE755A1204602F057
:10C28000BEFD514908600846006800B9C5E74FF493
:10C290008071464830300AF03FFE4B490968086912
:10C2A0000AF02BFD064648480068324601693F48BF
:10C2B0003030F7F705F84449096808690AF01DFDB0
:10C2C000C6B2314639483030F8F786FD41488068BB
:10C2D00070B1032007F09CFA3B49096808690AF02D
:10C2E0000CFDC6B231463148303007F0B0FB0DE0EE
:10C2F000052007F08DFA3449096808690AF0FDFC49
:10C30000C6B231462948303007F0A1FB32A12046A1
:10C3100002F075FD2C4908600846006800B97CE70A
:10C320002948006805692846FFF794FE00BF74E7B6
:10C3300010B5002409E021460020F9F787F981B201
:10C34000264820F81410601CC4B2082CF3DB02202D
:10C350002249891E087010BD2DE9F041054602F002
:10C3600054FF064600221E4B18491C39304602F085
:10C37000D2FE0E4A103A15491039304602F0FEFE40
:10C380000A4A12490839304602F0F8FE074A1032CC
:10C390000E49304602F0F2FE0022064BAFF6B841DD
:10C3A000304602F0B8FE1DE064080020E8060020D8
:10C3B000006C91400000F03F6D657373616765002C
:10C3C0006C080020680800207008002054B20008A3
:10C3D00075726C0098A7002074730000BAA7002043
:10C3E00000749140AFF6F842AFF23401304602F0EB
:10C3F000C5FE2A46AFF22001304602F0BFFE3046AD
:10C4000002F05DFC044624B9304601F0D9FBBDE8DA
:10C41000F08120787B2806D0304601F0D1FB204601
:10C42000F7F725F8F3E720460AF067FC0746F7F729
:10C430002EF8FC4908600846006830B9304601F023
:10C44000BFFB2046F7F713F8E1E75020F7F71FF896
:10C45000F54908600846006850B9304601F0B0FB65
:10C460002046F7F704F8EF480068F7F700F8CEE742
:10C470000120ED49096808700020EB4909688870BF
:10C48000E9490968C87004F019FFE749096888801C
:10C490000020E549096848700C20E3490968C88014
:10C4A0000C22E249E04800680830F6F709FFDE4850
:10C4B0000068083008B900BF00BF20460AF01DFC24
:10C4C000D9490968A1F84800D6480068D6490968E2
:10C4D000C86420460AF011FC0746D34909683A4669
:10C4E000C86C2146F6F7ECFECF48006805F008FF5F
:10C4F000CD4800680078012808D0CA480068F6F7DF
:10C50000B6FFC9480068F6F7B2FF11E00120C6493E
:10C5100009688870C448006805F03CFAFF2807D114
:10C52000C0480068F6F7A3FFBF480068F6F79FFF12
:10C530002046F6F79CFF304601F042FB00BF66E75D
:10C5400070B504460025B9493C39204602F057FC35
:10C55000B74908600846006800B970BDB449096869
:10C560000869B4490AF000FD00B1F6E7AF49343973
:10C57000204602F044FCAE4908600846006800B955
:10C58000EBE7AB4909680869AA4910310AF0ECFCED
:10C5900000B1E2E7A5492C39204602F030FCA4495D
:10C5A00008600846006800B9D7E7A149096808692A
:10C5B000A04920310AF0D8FC00B1CEE7AFF69421B3
:10C5C000204602F01CFC9C4908600846006800B93F
:10C5D000C3E7964920399848006802F010FC944956
:10C5E00008600846006800B9B7E791480068007D18
:10C5F000924988748D491C398F48006802F0FFFB0E
:10C600008B4908600846006800B9A6E788480068BA
:10C61000007D8A49C874FFF78BFEAFF244212046A3
:10C6200002F0EDFB824908600846006800B994E713
:10C630007F48006805692846FFF78EFE00BF8CE73B
:10C640002DE9F047054600267C48807C401E7B494A
:10C65000891C31F81000891EC97C491E01228A40BC
:10C66000104008B1022600E0032602F0CEFD81460C
:10C670000022734B6D494839484602F04CFD6D4A23
:10C680006A493C39484602F079FD6A4A10326749E6
:10C690003439484602F072FD664A203263492C392B
:10C6A000484602F06BFD30460DF019F807463A4651
:10C6B0000B4664A1484602F02EFD2A46AFF2E8215F
:10C6C000484602F05BFD484602F0F9FA044624B9F8
:10C6D000484601F075FABDE8F08720787B2806D03F
:10C6E000484601F06DFA2046F6F7C1FEF3E7204612
:10C6F0000AF003FB0746F6F7CAFE554908600846EC
:10C70000006830B9484601F05BFA2046F6F7AFFE04
:10C71000E1E75020F6F7BBFE4E4908600846006886
:10C7200050B9484601F04CFA2046F6F7A0FE4848BA
:10C730000068F6F79CFECEE70120464909680870BC
:10C74000002044490968887042490968C87004F0AB
:10C75000B5FD40490968888000203E490968487055
:10C760000C203C490968C8800C22304939480068CF
:10C770000830F6F7A5FD37480068083008B900BF53
:10C7800000BF20460AF0B9FA32490968A1F848000A
:10C790002F4800682F490968C86420460AF0ADFA9E
:10C7A00007462C4909683A46C86C2146F6F788FDC9
:10C7B0002848006805F0A4FD264800680078012894
:10C7C00008D023480068F6F752FE22480068F6F7C2
:10C7D0004EFE11E001201F49096888701D4800685D
:10C7E00005F0D8F8FF2807D119480068F6F73FFE92
:10C7F00018480068F6F73BFE2046F6F738FE484634
:10C8000001F0DEF900BF66E770B504460025074970
:10C810003C39204602F0F3FA0F49086008460068E8
:10C82000E0B970BD780800207408002080B20008CC
:10C830007C080020D806002080080020B8A700202F
:10C84000007C91406173696C65207374617465004C
:10C8500088080020840800208C080020FE49096810
:10C860000869FE490AF080FB00B170BDFC49204612
:10C8700002F0C5FAF84908600846006800B9F4E714
:10C88000F54909680869F54910310AF06DFB00B1F6
:10C89000EBE7F3490831204602F0B1FAEE490860AF
:10C8A0000846006800B9E0E7EB4909680869EB4908
:10C8B00020310AF059FB00B1D7E7AFF2E44120463E
:10C8C00002F09DFAE44908600846006800B9CCE728
:10C8D000E148006805692846FFF7B2FE00BFC4E7DB
:10C8E0002DE9F041054602F090FC06460022DD4BA2
:10C8F000DB491439304602F00EFCD84AD8490839D1
:10C90000304602F03BFCD54A1032D549304602F0A1
:10C9100035FCD24A2032D2490831304602F02EFC92
:10C920000022D14BD149304602F0F5FBCF4A083204
:10C93000AFF27C51304602F021FC2A46AFF268513A
:10C94000304602F01BFC304602F0B9F9044624B927
:10C95000304601F035F9BDE8F08120787B2806D01B
:10C96000304601F02DF92046F6F781FDF3E7204629
:10C970000AF0C3F90746F6F78AFDBD490860084684
:10C98000006830B9304601F01BF92046F6F76FFD1C
:10C99000E1E75020F6F77BFDB649086008460068DD
:10C9A00050B9304601F00CF92046F6F760FDB0486A
:10C9B0000068F6F75CFDCEE70120AE490968087013
:10C9C0000020AC4909688870AA490968C87004F059
:10C9D00075FCA849096888800020A6490968487044
:10C9E0000C20A4490968C8800C229D493431A14813
:10C9F00000680830F6F764FC9E480068083008B903
:10CA000000BF00BF20460AF078F99A490968A1F8EA
:10CA100048009748006897490968C86420460AF0AA
:10CA20006CF90746934909683A46C86C2146F6F7FF
:10CA300047FC9048006805F063FC8E480068007869
:10CA4000012808D08A480068F6F711FD8948006877
:10CA5000F6F70DFD11E001208649096888708548C8
:10CA6000006804F097FFFF2807D181480068F6F7B7
:10CA7000FEFC80480068F6F7FAFC2046F6F7F7FC63
:10CA8000304601F09DF800BF65E770B5044600250B
:10CA900073490839204602F0B2F977490860084620
:10CAA000006800B970BD7449096808696B490AF0EB
:10CAB0005BFA00B1F6E76A49204602F0A0F96E4938
:10CAC00008600846006800B9ECE76B490968086926
:10CAD000624910310AF048FA00B1E3E760490831D1
:10CAE000204602F08CF9644908600846006800B9E5
:10CAF000D8E7614909680869584920310AF034FAD1
:10CB000000B1CFE7FFF714FCAFF23471204602F01A
:10CB100076F9594908600846006800B9C2E75648E6
:10CB2000006805692846FFF7DBFE00BFBAE72DE97C
:10CB3000FC41054651A103C9CDE9000102F065FBA6
:10CB4000804600224F4B46491439404602F0E3FA32
:10CB5000424A43490839404602F010FB3F4A10322E
:10CB60003F49404602F00AFB3C4A20323C4908312A
:10CB7000404602F003FB2A46AFF2A471404602F0A1
:10CB8000FDFA414908780CF0C1FD064632460B46D5
:10CB90003EA1404602F0BFFA02223B49891C0DF13A
:10CBA0000200FEF76CF86A463BA1404602F0E6FA46
:10CBB00002223549091D0DF10200FEF760F86A46B0
:10CBC00037A1404602F0DAFA02222F49891D0DF101
:10CBD0000200FEF754F86A4633A1404602F0CEFA4E
:10CBE0000222294908310DF10200FEF748F86A4691
:10CBF0002FA1404602F0C2FA022223490A310DF168
:10CC00000200FEF73CF86A462BA1404602F0B6FA55
:10CC100002221D490C310DF10200FEF730F86A4680
:10CC200027A1404602F0AAFA022217490E310DF15F
:10CC30000200FEF724F86A4623A1404602F09EFA5D
:10CC40000222114910310DF10200FEF718F86A4670
:10CC50001FA1404640E000008C080020D8060020BC
:10CC60004CB20008008491400000F03FE8B6000894
:10CC700098080020940800209C080020307830306C
:10CC800030300000008C9140B8A7002063686563D5
:10CC90006B20737461746500726F7720310000003F
:10CCA000726F772032000000726F7720330000002F
:10CCB000726F772034000000726F7720350000001B
:10CCC000726F772036000000726F77203700000007
:10CCD000726F77203800000002F050FA404601F0F1
:10CCE000EEFF044624B9404600F06AFFBDE8FC812F
:10CCF00020787B2806D0404600F062FF2046F6F7F9
:10CD0000B6FBF3E7204609F0F8FF0646F6F7BFFB4F
:10CD1000FE4908600846006830B9404600F050FF00
:10CD20002046F6F7A4FBE1E75020F6F7B0FBF84900
:10CD300008600846006850B9404600F041FF2046B0
:10CD4000F6F795FBF1480068F6F791FBCEE7012076
:10CD5000EF49096808700020ED4909688870EC49BE
:10CD60000968C87004F0AAFAE949096888800020B7
:10CD7000E749096848700C20E5490968C8800C2219
:10CD8000E449E34800680830F6F79AFAE04800689A
:10CD9000083008B900BF00BF204609F0AEFFDC49EB
:10CDA0000968A1F84800D9480068D9490968C864E9
:10CDB000204609F0A2FF0646D54909683246C86CEC
:10CDC0002146F6F77DFAD248006805F099FAD04876
:10CDD00000680078012808D0CC480068F6F747FBC7
:10CDE000CB480068F6F743FB11E00120C849096809
:10CDF0008870C748006804F0CDFDFF2807D1C348FC
:10CE00000068F6F734FBC2480068F6F730FB2046AE
:10CE1000F6F72DFB404600F0D3FE00BF66E770B585
:10CE200004460025BB493C39204601F0E8FFBA49D9
:10CE300008600846006800B970BDB749096808690C
:10CE4000B6490AF091F800B1F6E7B2493439204604
:10CE500001F0D5FFB04908600846006800B9EBE76B
:10CE6000AD4909680869AD4910310AF07DF800B193
:10CE7000E2E7A8492C39204601F0C1FFA649086025
:10CE80000846006800B9D7E7A34909680869A349BB
:10CE900020310AF069F800B1CEE7AFF6C421204690
:10CEA00001F0ADFF9C4908600846006800B9C3E77F
:10CEB0009948006805692846FFF739FE00BFBBE7BF
:10CEC0002DE9FC5F81460C46002602F09EF9834660
:10CED0000022934B8F494839584602F01CF98F4A7B
:10CEE0008C493C39584602F049F98C4A103289493C
:10CEF0003439584602F042F9884A203285492C39A3
:10CF0000584602F03BF90022864B8749584602F00A
:10CF100002F9854A083202F10801584602F02EF95A
:10CF20004A46AFF64C31584602F028F9207830389E
:10CF30004FF47A7148436178303901EBC10202EB5A
:10CF4000011100EB8101A078303800EB800001EB8B
:10CF50004001E0783038084480B2ADF800006079D4
:10CF600030382179303901EB810100EB4100C0B24A
:10CF70008DF80200E0793038A179303901EB810178
:10CF800000EB4100C0B28DF8030000208DF80400D2
:10CF90008DF805008DF8060031466846F8F7DAF995
:10CFA00082460AEB4A10F6F772FA064626B1314677
:10CFB0006846F8F7CFF9824632465CA1584602F03F
:10CFC000DDF850460CF08BFB07463A460B4658A15D
:10CFD000584602F0A0F8584601F071FE054625B902
:10CFE000584600F0EDFDBDE8FC9F28787B2806D070
:10CFF000584600F0E5FD2846F6F739FAF3E72846EB
:10D0000009F07BFE0746F6F742FA4B4908600846EE
:10D01000006830B9584600F0D3FD2846F6F727FAE5
:10D02000E1E75020F6F733FA444908600846006803
:10D0300050B9584600F0C4FD2846F6F718FA3E48A5
:10D040000068F6F714FACEE701203C490968087039
:10D0500000203A490968887038490968C87004F0A6
:10D060002DF93649096888800020344909684870DC
:10D070000C2032490968C8800C2226492F480068D4
:10D080000830F6F71DF92D480068083008B900BFD0
:10D0900000BF284609F031FE28490968A1F8480078
:10D0A0002548006825490968C864284609F025FE16
:10D0B0000746224909683A46C86C2946F6F700F93E
:10D0C0001E48006805F01CF91C480068007801281B
:10D0D00008D019480068F6F7CAF918480068F6F74A
:10D0E000C6F911E0012015490968887013480068E5
:10D0F00004F050FCFF2807D10F480068F6F7B7F995
:10D100000E480068F6F7B3F9284619E0A808002091
:10D11000A408002080B20008AC080020D806002037
:10D12000009C91400000F03FE8B600086C6F67007B
:10D130006C6F674E756D0000B8080020B4080020C1
:10D14000F6F795F9584600F03BFD00BF4BE72DE997
:10D15000F0410546002400260027B349284601F087
:10D160004EFE04460CB9BDE8F081B049206909F0D3
:10D17000FBFE00B1F7E7AC490831284601F03FFE5D
:10D18000044604B9EFE7A9491031206909F0ECFE23
:10D1900000B1E8E7A4491031284601F030FE04460A
:10D1A00004B9E0E7A1492031206909F0DDFE00B1B2
:10D1B000D9E79FA1284601F022FE044604B9D2E730
:10D1C0002769AFF6EC51284601F019FE044604B970
:10D1D000C9E7266939463046FFF772FE00BFC2E74D
:10D1E00070B50024002500F070F918B300F06DF957
:10D1F0009149088000F069F90646F6F748F98F4929
:10D2000008600846006800B970BD8C48006800F0EE
:10D2100061F9894801888948006800F018FB20B945
:10D2200086480068F6F723F904E084480068F6F7BA
:10D230001EF9E9E700BFE7E710B500F041FA00F09A
:10D2400044FB00B910BD03F065FE20B900207C4905
:10D2500081F88000F6E7FDF780FFFDF79AFD00BF3B
:10D26000F0E72DE9F04100240025002600BF00274B
:10D2700000F00DFA08B9BDE8F081FFF7B1FF03F047
:10D2800049FE00B9F7E76F48007830B101280FD0A8
:10D29000022832D003280AD1B4E004F019FE6A490A
:10D2A00008600846006810B1012066490870B8E0BF
:10D2B0006548006801F009FB644908600846006899
:10D2C000B8B159490C396148006801F098FD6049CE
:10D2D00008600846006818B903205A490870CAE770
:10D2E0005B480068808A5B490880022055490870C5
:10D2F00002E003205349087093E05648008840F24A
:10D300005A42811A904247D011DC40F2EE32A0EB33
:10D310000201904228D005DCA0F2EA30A0B1022838
:10D320006AD119E0022927D0682965D12CE00629A5
:10D330004AD004DC022937D004295DD13CE0082919
:10D340004AD00C2958D14FE040480068FEF784F8D5
:10D3500003203C49087053E03C480068FEF78EF912
:10D360000320384908704BE038480068FEF7E8FAB7
:10D3700003203449087043E034480068FEF78DFC10
:10D380000320304908703BE030480068FEF7D3FDC9
:10D3900003202C49087033E02C480068FEF730FF6A
:10D3A0000320284908702BE028480068FFF7C8F8D8
:10D3B00003202449087023E024480068FFF724FA7A
:10D3C0000320204908701BE020480068FFF75DFB40
:10D3D00003201C49087013E01C480068FFF71FFD7C
:10D3E0000320184908700BE018480068FFF7AFFEEB
:10D3F00003201449087003E003201249087000BF9D
:10D4000000BF0EE01148006818B11048006800F035
:10D41000D7FB0D480068F6F72AF800200949087084
:10D4200000BF00BF00BF26E744B20008D8060020B6
:10D430006461746500000000BC080020C008002082
:10D44000F0A50020C4080020C8080020CC08002057
:10D45000D4080020C608002008B501211020F4F7E8
:10D46000A3F80220ADF8000010208DF8030003207F
:10D470008DF8020069464148F3F754FD02213F4808
:10D48000F3F7FFFD08BD10B5FFF7E6FF0220FBF73D
:10D4900031FF10BD70B504460D46AAB221460220E8
:10D4A000FBF7ACFF70BD70B505460E46144631461D
:10D4B0002846FFF7EFFF00BF0220FBF769FF18B116
:10D4C0002000A4F10104F7D170BD10B50220FBF7D4
:10D4D00031FF10BD10B5044621460220FBF766FF60
:10D4E00010BD2DE9F04106460F4614462448007849
:10D4F00010B101283FD10FE022480460304609F006
:10D50000FCFB054629463046FFF7C4FF01201C49B5
:10D5100008700020BDE8F081FFF7D7FFD8B1FFF712
:10D52000D4FF8046F5F7B3FF054695B12846FFF7CF
:10D53000D1FF0020124908703946284609F0A7FBA0
:10D5400020B12846F5F793FFFF20E3E72846F5F7DB
:10D550008EFF0020DEE70B48006828B1094800680C
:10D56000401E0849086004E0002005490870EE20CC
:10D57000D0E70020CEE700BF00BFCBE7001001409E
:10D58000E0080020E40800200120FE494870FE4920
:10D59000087000204880FB4800784870704710B53C
:10D5A000F948007800B910BDF74840881E2809DA0C
:10D5B000F5484088401CF44948800221F348F3F7BD
:10D5C00060FD11E0F04840883C2809DAEE484088C8
:10D5D000401CED4948800221EC48F3F750FD03E080
:10D5E0000020E9494880087000BFDCE7E548007882
:10D5F000704710B5FFF747FFE549E248C1600021D9
:10D600008172E4490161E4494161E449C161E4494D
:10D610000162E44981610020DA4908720121D94898
:10D62000C172E1498162E1494162E149C162E14976
:10D630004163E1490163E149816340F2DC51A0F8B3
:10D640004010DF49C163DF498164002180F8461042
:10D65000DD49C164DD490165DD498165DD49C1659B
:10D66000DD494165002180F84410022180F847100F
:10D6700000214166016681660167C166D74941673D
:10D680004FF47A71A0F87C10D549816710BDBD4870
:10D690004078042801DB012070470020FCE710B52A
:10D6A000B84A1170507001231278C2EB0214B54AC7
:10D6B000083202EB840253700122B24B9A7010BD03
:10D6C00070B50025AF484078052829D2DFE800F082
:10D6D00003294188B200AB480078C0EB0011A9488B
:10D6E000083010F82100D8B9A6480078C0EB001126
:10D6F000A448083000EB8100006950B1A1490978C5
:10D70000C1EB01129F49083101EB82010869804792
:10D710000546FF2D04D101209A49487000208880D9
:10D7200093E0984881880078C0EB00129548083053
:10D7300000EB8200008F814205DA92488088401C0D
:10D740009049888004E000208E498880022048703B
:10D750007BE000248B480078C0EB0011894808303A
:10D7600000EB81004078B0BB86480078C0EB001128
:10D770008448083000EB8100C06850B181490978C5
:10D78000C1EB01127F49083101EB8201C868804773
:10D790000446FF2C0FD101207A498870032048707D
:10D7A000012178480078C0EB00127648083000EB81
:10D7B0008200417013E0EE2C11D1002071494870B5
:10D7C00008460078401C087008460078022806D1F8
:10D7D0000020087003E0FFE703206A49487034E046
:10D7E000002468480078C0EB00116648083000EB60
:10D7F00081008078D0B963480078C0EB001161489F
:10D80000083000EB8100806850B15E490978C1EBB7
:10D8100001125C49083101EB8201886880470446A7
:10D82000FF2C06D104205749487002E004205549D6
:10D8300048700AE053490978C1EB01125149083197
:10D8400001EB82014868804700BF00BF70BD70B522
:10D8500004460D464B488078B0B14A480078C0EB8A
:10D8600000114848083000EB8100406960B145482C
:10D870000078C0EB00114348083000EB81002946D6
:10D8800042692046904770BD0020FCE770B5044611
:10D890000D463C488078B0B13A480078C0EB0011A2
:10D8A0003848083000EB8100806960B13548007865
:10D8B000C0EB00113348083000EB81002946826933
:10D8C0002046904770BD0020FCE72E4880787047C6
:10D8D00010B52C480078C0EB00112A48083000EB46
:10D8E0008100006B50B127490978C1EB011225492D
:10D8F000083101EB8201086B804710BD0020FCE776
:10D9000010B520480078C0EB00111E48083000EB2D
:10D910008100C06950B11B490978C1EB0112194956
:10D92000083101EB8201C869804710BD0020FCE787
:10D9300010B514480078C0EB00111248083000EB15
:10D940008100406B50B10F490978C1EB01120D49BC
:10D95000083101EB8201486B804710BD0020FCE7D5
:10D9600010B508480078C0EB00110648083000EBFD
:10D970008100006AB0B303490978C1EB0112014983
:10D98000083130E0D8A70020E8080020001001404E
:10D99000C5A90008419A0008B999000827A2000803
:10D9A000D3A5000851990008A3A0000899A0000879
:10D9B000A7A00008ABA00008F5A000087BA2000803
:10D9C0009DA000089D08010869FB000871FF000880
:10D9D000F9FF000851020108EFFA000849000108A8
:10D9E0006DFA000804E001EB8201086A804710BD6F
:10D9F0000020FCE710B523480078C0EB0011214857
:10DA0000083000EB8100406A50B11E490978C1EB33
:10DA100001121C49083101EB8201486A804710BDA0
:10DA20000020FCE710B517480078C0EB001115483E
:10DA3000083000EB8100C06A50B112490978C1EB8F
:10DA400001121049083101EB8201C86A804710BDFC
:10DA50000020FCE710B50B480078C0EB0011094826
:10DA6000083000EB8100806A50B106490978C1EBAB
:10DA700001120449083101EB8201886A804710BD18
:10DA80000020FCE7D8A70020F7480068F64949685D
:10DA900008447047014609B900207047087B1028E8
:10DAA00001D10120F9E70020F7E700B50246104652
:10DAB000FFF7F0FF08B9002000BD1069FCE708B5CA
:10DAC000072003460122E9A10090EB4808F04AFF35
:10DAD000E94808BD70B504460D4604B10DB90120F2
:10DAE00070BDAC4201D10020FAE705E0207808B90A
:10DAF0000020F5E7641C6D1C207808F01AFF06462C
:10DB0000287808F016FF8642F0D0207808F011FF40
:10DB10000646287808F00DFF301AE1E72DE9F041BC
:10DB200004460D460026002714B90020BDE8F08108
:10DB3000204609F0E2F8461C304629688847074627
:10DB40000FB90020F2E732462146384609F04BF97A
:10DB50003846EBE738B9C949C94A1160C94951602B
:10DB6000C94991607047C549C54A1160016809B14A
:10DB700001681160C349C24A5160416809B14168F6
:10DB800051600021BE4A916011460968BB4A91422A
:10DB900007D1BB494968BB4A914202D1BA49B84A48
:10DBA000916000BFDEE770B50446282021688847F1
:10DBB00005461DB12821284609F0AEF9284670BD5A
:10DBC00070B50446002522E02568A08900F4807025
:10DBD00020B9A06810B1A068FFF7F2FFA08900F497
:10DBE000807028B9206918B1A54A20695168884712
:10DBF000A08900F4007028B9206A18B1A04A206AF0
:10DC0000516888479E484168204688472C46002C2A
:10DC1000DAD170BD2E2070472DE9F04391B08046D7
:10DC20000C4600BF00201090FFF7F4FF814600254E
:10DC30000CB1206818B9002011B0BDE8F0830025B0
:10DC40003CE0A16820680844405D342820D00ADC0C
:10DC5000A0F12B0009282ED2DFE800F0202D212A88
:10DC60002D1617181900382816D006DC352810D0C4
:10DC700036280FD037281ED10DE039280DD0452881
:10DC80000FD0652817D10BE000BF00BF00BF00BF59
:10DC900000BF00BF00BF00BF00BF00BF00BF00BF8C
:10DCA00000BFA16820680844405D0DF8050003E04E
:10DCB0000DF8059000E00AE000BF6D1C3F2D05D275
:10DCC00024B1A068284461688842BAD300BF00200C
:10DCD0000DF8050010A968460BF090FA06460F46AD
:10DCE00068461099884201D10020A5E7C8E9066777
:10DCF000664A674B304639460BF056FE04D86FF043
:10DD00000040C8F8140011E00022624B304639464A
:10DD10000BF010FD04D84FF00040C8F8140005E0E7
:10DD2000304639460BF07EFCC8F814000820C8F8CD
:10DD30000C00A0686A461099891A0844A060012066
:10DD40007AE770B5064614461D46504A504B2046A9
:10DD500029460BF029FE03D86FF0004070610FE0F8
:10DD600000224C4B204629460BF0E4FC03D84FF030
:10DD70000040706104E0204629460BF053FC7061BE
:10DD800020462946C6E9064570BD2DE9F041044606
:10DD90000D46002600270CB1206810B90020BDE810
:10DDA000F081606828B1D4E90110884201D30020D5
:10DDB000F5E7B5F1004F01D30020F0E7A068401C63
:10DDC00005446068A84203D3A16820680844E6E7D8
:10DDD000206908B10020E2E7B5F1804F07D3B5F123
:10DDE000004F02D26FF0004702E00020D7E76F003B
:10DDF000206A60B13946226A206890470646E6B933
:10DE0000E16920688847002060602060C7E73846E5
:10DE1000A1698847064636B9E1692068884700202D
:10DE200060602060BBE72EB1A068421C30462168CC
:10DE300008F0D9FFE1692068884767602660A0681C
:10DE40003044ACE770B5044600250CB1206800B939
:10DE500070BDA16820684518284608F04EFFA168EB
:10DE60000844A06000BFF3E7EC08002025692E25D8
:10DE7000692E25690000000058A80020CF6701081E
:10DE8000F40800202D6801087B6801080000C0FF2D
:10DE9000FFFFDF410000E0C12DE9F04F8BB082466B
:10DEA0000D464FF00009DAE9067800260024FFF756
:10DEB000B1FE83461DB900200BB0BDE8F08F0022F3
:10DEC0001346384641460BF071FC00221346CDE95B
:10DED00000010BF06BFB05D0F9A104A808F042FD8E
:10DEE00006461BE03A464346F7A104A808F03AFD6F
:10DEF000064602AAF6A104A808F09EFE012806D153
:10DF00003A464346DDE902010BF050FB06D03A46A3
:10DF10004346F0A104A808F025FD0646002E01DBCB
:10DF2000192E01DD0020C7E7711C2846FFF72DFFE1
:10DF30008146B9F1000F01D10020BDE700240DE0BA
:10DF400004A8005D584503D12E2009F8040004E020
:10DF500004A8005D09F8040000BF641CB442EFD3BC
:10DF6000002009F80400A8683044A8600120A3E755
:10DF700002460023002100BF23E0505C302806DB6E
:10DF8000505C392803DC505C3038034415E0505CA9
:10DF9000412806DB505C462803DC505C37380344DC
:10DFA0000BE0505C612806DB505C662803DC505CAB
:10DFB0005738034401E000207047032900D21B01B9
:10DFC000491C0429D9D31846F6E72DE9FF5F80469E
:10DFD0008946154600240026C24600200390834649
:10DFE00002900190A9EB0A00062800DA81E00AF10C
:10DFF0000200FFF7BDFF0646B6F55C4F03D3B6F54A
:10E00000604F00D275E0B6F5584F29D3B6F55C4F96
:10E0100026D20AF10607002000900C200290A9EBFE
:10E020000700062800DA64E038785C2802D17878A6
:10E03000752800D05DE0B81CFFF79AFF00900098AB
:10E04000B0F55C4F03D30098B0F5604F00D350E0BB
:10E05000C6F30901009861F39F2000F5803402E0C7
:10E06000062002903446802C02D20120039018E052
:10E07000B4F5006F04D202200390C020019010E09C
:10E08000B4F5803F04D203200390E020019008E023
:10E09000B4F5881F04D204200390F020019000E022
:10E0A00027E00398401E00F0FF0B0BE004F0BF00D8
:10E0B00040F08000296801F80B00A409ABF10100D1
:10E0C00000F0FF0BBBF1000FF0DC0398012804DD2A
:10E0D000019820432968087003E004F07F00296854
:10E0E00008702968039808442860029804B0BDE8C5
:10E0F000F09F0020FAE72DE9F84F80460C46A16812
:10E1000020680844461CA16820680844451C00207B
:10E1100000900027A1682068405C222800D0A6E07B
:10E120004FF0000AD1460DE028785C2809D1681C20
:10E130002168401A6168884200D398E009F101091A
:10E140006D1C6D1C2068281A6168884202D22878EC
:10E150002228E9D12068281A6168884202D22878EA
:10E16000222800D083E0A16820680844281AA0EB88
:10E17000090A0AF1010021698847074607B976E0D4
:10E18000009761E030785C2807D016F8010B009901
:10E1900008700098401C009056E04FF00209A81B40
:10E1A000012800DA63E07078662819D008DC22289C
:10E1B00032D02F2832D05C282FD0622840D108E0FE
:10E1C0006E2814D0722819D074281ED0752837D123
:10E1D0002BE00820009908700098401C009030E067
:10E1E0000C20009908700098401C009029E00A203B
:10E1F000009908700098401C009022E00D200099C2
:10E2000008700098401C00901BE0092000990870DD
:10E210000098401C009014E000BF00BF7078009987
:10E2200008700098401C00900BE06A462946304672
:10E23000FFF7CBFE8146B9F1000F00D117E000E0F7
:10E2400015E000BF4E4400BFAE429BD300200099B2
:10E2500008701020C8F80C00C8F810702068281A40
:10E26000A060A068401CA0600120BDE8F88F17B135
:10E2700038466169884716B12068301AA0600020CE
:10E28000F3E72DE9F04707468A46002400260025DB
:10E29000A046A146BAF1000F02D10020BDE8F087E8
:10E2A000F7B903215046FFF770FD06460EB900206E
:10E2B000F4E70AA1304608F0FCFC0120EEE700007C
:10E2C0006E756C6C0000000025312E313567000042
:10E2D000256C670025312E313767000022220000AF
:10E2E0003C4622E020780C2811D006DC08280DD00E
:10E2F00009280FD00A2810D10AE00D2809D02228B9
:10E3000002D05C2809D100E000BF00BF00BF00BF01
:10E3100000BF00BF09F1010905E02078202801DADB
:10E3200009F1050900BF00BF641C20780028D9D17D
:10E33000E01B00EB090808F103015046FFF725FD3B
:10E3400006460EB90020A9E7B9F1000F0FD122202F
:10E35000307042463946701C08F045FD222108F114
:10E36000010031540021401C3154012096E7222045
:10E370003070751C3C463DE020781F2808DD207871
:10E38000222805D020785C2802D0207828702FE041
:10E390005C2005F8010B20780C2815D006DC082835
:10E3A0000FD0092819D00A281AD110E00D2811D051
:10E3B000222803D05C2813D1287018E0222028706E
:10E3C00015E06220287012E0662028700FE06E20B1
:10E3D00028700CE07220287009E07420287006E094
:10E3E0002278F7A1284608F0BDFA2D1D00BF00BF16
:10E3F000641C6D1C20780028BED1222108F1010088
:10E4000031540021401C3154012047E770B50446C7
:10E410000D4629462069FFF734FF70BD014609B15A
:10E42000086808B90020704702E08868401C8860CE
:10E4300041B1D1E90120904204D28A680868805C29
:10E440002028F2DDD1E90120904202D18868401EE7
:10E4500088600846E7E710B504461CB1206808B19B
:10E46000A06808B1002010BD7CB1A068001D6168E3
:10E4700088420AD2A268216888180322D2A108F033
:10E480005BFC10B9A068C01CA0602046EBE72DE93A
:10E49000F04180460C4600270025E068B0F57A7F01
:10E4A00002D30020BDE8F081E068401CE06044B188
:10E4B000D4E90110884204D2A1682068405C7B281E
:10E4C00000D07BE0A068401CA0602046FFF7A6FFBC
:10E4D0004CB1D4E90110884205D2A1682068405CA3
:10E4E0007D2800D15DE01CB1D4E90110884203D33E
:10E4F000A068401EA06061E0A068401EA06000BF50
:10E5000004F11000FFF74FFB064606B956E017B9B5
:10E510003746354602E02E6075603546A068401CDF
:10E52000A0602046FFF77AFF21462846FFF7E3FD6B
:10E5300000B943E02046FFF771FF286928620020F8
:10E54000286144B1D4E90110884204D2A16820684E
:10E55000405C3A2800D031E0A068401CA060204612
:10E56000FFF75CFF2146284600F0A8F800B925E037
:10E570002046FFF753FF44B1D4E90110884204D28A
:10E58000A1682068405C2C28BAD044B1D4E90110BD
:10E59000884204D2A1682068405C7D2800D00DE04C
:10E5A00000BFE068401EE0604020C8F80C00C8F8DA
:10E5B0000870A068401CA060012073E717B13846BE
:10E5C000FFF7FEFA00206DE72DE9F04107460C4603
:10E5D0000026B046E068B0F57A7F02D30020BDE89F
:10E5E000F081E068401CE060A1682068405C5B2826
:10E5F00000D05DE0A068401CA0602046FFF70EFF41
:10E600004CB1D4E90110884205D2A1682068405C71
:10E610005D2800D141E01CB1D4E90110884203D348
:10E62000A068401EA06043E0A068401EA06000BF3C
:10E6300004F11000FFF7B7FA054605B938E016B93E
:10E640002E46A84604E0C8F80050C5F80480A84645
:10E65000A068401CA0602046FFF7E0FE214640462F
:10E6600000F02CF800B923E02046FFF7D7FE44B1B4
:10E67000D4E90110884204D2A1682068405C2C28AB
:10E68000D6D044B1D4E90110884204D2A1682068F0
:10E69000405C5D2800D00BE000BFE068401EE060F9
:10E6A0002020F860BE60A068401CA060012096E7B2
:10E6B00016B13046FFF784FA002090E770B50546A2
:10E6C0000C460CB1206808B9002070BDA4B1A06848
:10E6D000001D616888420FD8A2682168881804224A
:10E6E000AFF2244108F028FB30B90420E860A068AC
:10E6F000001DA0600120E8E79CB1A068401D616892
:10E7000088420ED8A2682168881805222FA108F037
:10E7100013FB30B90120E860A068401DA060012013
:10E72000D3E7ACB1A068001D6168884210D8A26828
:10E7300021688818042227A108F0FEFA40B90220B7
:10E74000E86001206861A068001DA0600120BCE7AE
:10E750006CB1D4E90110884209D2A1682068405CFC
:10E76000222804D121462846FFF7C5FCADE7BCB1FD
:10E77000D4E90110884213D2A1682068405C2D289A
:10E7800009D0A1682068405C302809DBA1682068B6
:10E79000405C392804DC21462846FFF73DFA94E71F
:10E7A000E4B1D4E90110884218D2A1682068405C25
:10E7B0005B2813D121462846FFF706FF85E70000B6
:10E7C0007525303478000000EFBBBF0066616C73C4
:10E7D0006500000074727565000000006CB1D4E93A
:10E7E0000110884209D2A1682068405C7B2804D1CE
:10E7F00021462846FFF74BFE67E7002065E72DE935
:10E80000F04389B004460D4617461C2102A808F0C3
:10E8100083FB00260020F7490860486004B934E013
:10E820000294204608F069FA401C039000200490EE
:10E83000F14A07CA06AB07C3EF48FFF7B4F906462B
:10E8400006B922E002A8FFF706FE8146FFF7E6FDC3
:10E85000804641463046FFF731FF00B915E05FB111
:10E8600002A8FFF7DBFDDDE90310884203D204991B
:10E870000298405C00B108E01DB104990298084478
:10E880002860304609B0BDE8F08316B13046FFF786
:10E8900097F9C4B1009400200190DDE9031088428B
:10E8A00002D20498019004E0039810B10398401E2E
:10E8B00001901DB1DDE9000108442860CD48DDE983
:10E8C000001206C000BF0020DCE710B5044600229D
:10E8D00011462046FFF793FF10BD2DE9F047814612
:10E8E0000C4600250026D9F8087014B90020BDE8B0
:10E8F000F087606908B1022000E001200646711C23
:10E900002046FFF742FA05460DB90020EFE77B20CD
:10E9100005F8010BE068401CE060606910B10A2056
:10E9200005F8010BA0683044A06069E06069B8B1E7
:10E930002046E168FFF729FA05460DB90020D6E721
:10E940004FF0000804E0092005F8010B08F1010868
:10E95000E0684045F7D8D4E902010844A06000BF50
:10E960002146386AFFF78DFC08B90020BFE7204632
:10E97000FFF768FA606908B1022000E0012006464E
:10E9800031462046FFF701FA05460DB90020AEE7F3
:10E990003A2005F8010B606910B1092005F8010B58
:10E9A000A0683044A0602146384600F0A9F808B9B4
:10E9B00000209CE72046FFF745FA606908B1012076
:10E9C00000E00020396809B1012100E0002146186B
:10E9D000711C2046FFF7D9F905460DB9002086E7DE
:10E9E000386810B12C2005F8010B606910B10A20BD
:10E9F00005F8010B00202870A0683044A0603F6833
:10EA0000002F93D1606910B1E068401C00E0022043
:10EA100001462046FFF7B9F905460DB9002066E723
:10EA2000606950B1002003E0092105F8011B401C7A
:10EA3000E168491E8142F7D800BF7D2005F8010B2F
:10EA400000202870E068401EE06001204FE72DE9BB
:10EA5000F04107460C460025A846BE6814B90020C0
:10EA6000BDE8F08101212046FFF78FF905460DB979
:10EA70000020F5E75B202870A068401CA060E068DB
:10EA8000401CE06028E02146304600F039F808B923
:10EA90000020E5E72046FFF7D5F93068D8B1606976
:10EAA00008B1022000E00120804608F10101204663
:10EAB000FFF76BF905460DB90020D1E72C2005F8CA
:10EAC000010B606910B1202005F8010B00202870AF
:10EAD000A0684044A0603668002ED4D102212046B0
:10EAE000FFF753F905460DB90020B9E75D2005F899
:10EAF000010B00202870E068401EE0600120AFE7B5
:10EB00002DE9F04104460E46002504B116B9002057
:10EB1000BDE8F081207B10285AD008DC01281CD0E9
:10EB2000022829D0042809D0082860D133E0202801
:10EB300053D0402856D0802859D131E005213046A5
:10EB4000FFF723F905460DB90020E1E7AFF6900184
:10EB5000284608F0AEF80120DAE706213046FFF734
:10EB600014F905460DB90020D2E7AFF2A0312846CE
:10EB700008F09FF80120CBE705213046FFF705F9A3
:10EB800005460DB90020C3E7AFF2B831284608F0BA
:10EB900090F80120BCE731462046FFF77DF9B7E742
:10EBA0000027206908B90020B2E7206908F0A5F81D
:10EBB000471C39463046FFF7E8F805460DB90020F6
:10EBC000A6E73A462846216908F00DF901209FE79B
:10EBD00031462046FFF71AFC9AE731462046FFF7F8
:10EBE00036FF95E731462046FFF777FE90E7002095
:10EBF0008EE70000EC080020F4080020F0B589B092
:10EC000007460E46144600252421684608F084F97C
:10EC10004FF480702168884700904FF48070019015
:10EC2000059694E8070006AB07C3009800B933E0E7
:10EC300069463846FFF764FF00B92DE06846FFF7E4
:10EC400001F9A06850B1029B591C0098A268904736
:10EC5000054605B920E0002000901AE0029A501CF9
:10EC600021688847054605B916E0DDE90130401CFA
:10EC7000834201D2019801E00298401C02462846D6
:10EC8000009908F0B0F80020029968540098616873
:10EC90008847284609B0F0BD009810B10098616817
:10ECA000884715B12846616888470020F2E710B50B
:10ECB0000446F74A01212046FFF7A0FF10BD10B51A
:10ECC0000446F34A00212046FFF798FF10BD70B5B7
:10ECD0008AB006460C461546242101A808F01CF906
:10ECE000002C02DA00200AB070BDE9480168204615
:10ECF00088470190019808B90020F4E702940020A9
:10ED0000039005900695E24A07CA07AB07C301A91D
:10ED10003046FFF7F5FE28B9DD4A0198516888476B
:10ED20000020E0E70198DEE7F0B589B007460C4621
:10ED300015461E462421684608F0EEF8002D00DB3B
:10ED400014B9002009B0F0BD009401950020029094
:10ED5000012004900596CE4A07CA06AB07C3694650
:10ED60003846FFF7CDFEEDE701460022002309B942
:10ED7000002070478A6801E05B1C1268002AFBD102
:10ED80001846F6E702460B4600210AB900207047F4
:10ED9000916801E05B1E096809B1002BFAD10846B1
:10EDA000F5E770B505460C46002C01DA002070BD71
:10EDB00021462846FFF7E6FFF9E72DE9F041054631
:10EDC0000E461746002405B116B90020BDE8F081B3
:10EDD000AC684FB100E024687CB13046216A08F08D
:10EDE000C3F80028F7D108E000E024682CB13046D1
:10EDF000216AFEF76FFE0028F7D12046E6E770B5DE
:10EE000004460D46002229462046FFF7D6FF70BD76
:10EE100070B504460D46012229462046FFF7CDFF76
:10EE200070BD70B504460D4629462046FFF7E7FF42
:10EE300008B1012070BD0020FCE701604860704708
:10EE400070B505460E4600240DB9002070BD304651
:10EE5000FEF7A9FE04460CB90020F7E72822294650
:10EE6000204608F005F800202062E06840F4807039
:10EE7000E0600020606020602046E7E770B504464F
:10EE80000E46002506B10CB9002070BDA5680DB96D
:10EE9000A66008E000E02D6828680028FBD1314614
:10EEA0002846FFF7CAFF0120EFE770B504460D467C
:10EEB00029462046FFF7E2FF70BD70472DE9F04775
:10EEC00007460D4614461E46DDF820904FF0000818
:10EED000C2460FB105B114B90020BDE8F087B9F101
:10EEE000000F07D02846FFF7E8FF8046E06840F4AF
:10EEF000007A0CE031462846FEF710FE8046B8F155
:10EF0000000F01D10020E8E7E06820F4007AA08932
:10EF100000F4007020B9206A10B1206A7168884737
:10EF2000C4F82080C4F80CA021463846FFF7A6FF9D
:10EF3000D3E7F8B504460D4616460020544B32463A
:10EF4000294600902046FFF7B9FFF8BDF8B5044602
:10EF50000D46164601204E4B32462946009020466B
:10EF6000FFF7ACFFF8BD70B504460D4604B970BD9F
:10EF700047492846FFF764FF064631462046FFF71B
:10EF80007DFF00BFF3E7F8B504460D46164604B111
:10EF900005B9F8BD3E493046FFF752FF074600204D
:10EFA0003B4B3A46294600902046FFF787FF00BFBB
:10EFB000EFE710B53648FEF7F6FD04460CB1042025
:10EFC000E060204610BDF8B504460D46FFF7F1FF9E
:10EFD000064600202E4B3246294600902046FFF779
:10EFE0006DFF08B13046F8BD3046FEF7E9FD002060
:10EFF000F9E710B52648FEF7D6FD04460CB102200D
:10F00000E060204610BDF8B504460D46FFF7F1FF5D
:10F01000064600201E4B3246294600902046FFF748
:10F020004DFF08B13046F8BD3046FEF7C9FD00205F
:10F03000F9E710B51648FEF7B6FD04460CB10120FD
:10F04000E060204610BDF8B504460D46FFF7F1FF1D
:10F05000064600200E4B3246294600902046FFF718
:10F060002DFF08B13046F8BD3046FEF7A9FD00205F
:10F07000F9E770B505460648FEF795FD044624B14C
:10F080000DB1022000E00120E060204670BD0000CC
:10F09000F4080020F8B505460E4614462046FFF752
:10F0A000E8FF07460020F74B3A46314600902846D5
:10F0B000FFF704FF08B13846F8BD3846FEF780FD7B
:10F0C0000020F9E770B505460E46EE48FEF76BFDE9
:10F0D0000446F4B10820E060C4E90656EA4AEB4B66
:10F0E000284631460AF060FC03D86FF000406061AA
:10F0F0000FE00022E64B284631460AF01BFB03D8FE
:10F100004FF00040606104E0284631460AF08AFA78
:10F110006061204670BD2DE9F84306460F4614464F
:10F120001D4620462946FFF7CDFF80460020D54BDF
:10F130004246394600903046FFF7C0FE10B14046C7
:10F14000BDE8F8834046FEF73BFD0020F8E770B5C8
:10F150000546CC48FEF727FD04466CB11020E06060
:10F16000C8492846FEF7DAFC2061206920B920460C
:10F17000FEF726FD002070BD2046FCE7F8B50546E9
:10F180000E4614462046FFF7E2FF07460020BD4B1F
:10F190003A46314600902846FFF790FE08B13846BF
:10F1A000F8BD3846FEF70CFD0020F9E770B50546BE
:10F1B000B448FEF7F8FC04466CB18020E060B14929
:10F1C0002846FEF7ABFC2061206920B92046FEF7F7
:10F1D000F7FC002070BD2046FCE7F8B505460E465A
:10F1E00014462046FFF7E2FF07460020A54B3A46AB
:10F1F000314600902846FFF761FE08B13846F8BD59
:10F200003846FEF7DDFC0020F9E710B59D48FEF713
:10F21000CAFC04460CB14020E060204610BDF8B5A1
:10F2200004460D46FFF7F1FF06460020954B324697
:10F23000294600902046FFF741FE08B13046F8BD50
:10F240003046FEF7BDFC0020F9E710B58D48FEF70B
:10F25000AAFC04460CB12020E060204610BDF8B5A1
:10F2600004460D46FFF7F1FF06460020854B324667
:10F27000294600902046FFF721FE08B13046F8BD30
:10F280003046FEF79DFC0020F9E7024602B109B9BD
:10F2900000207047486810B1D1E900031860086881
:10F2A00010B1D1E9003058609068884201D10868F7
:10F2B00090600020486008600846EAE770B505469F
:10F2C0000C46002C01DA002070BD21462846FFF7CD
:10F2D00059FD064631462846FFF7D7FFF4E770B5DB
:10F2E00004460D4629462046FFF7E8FF0646FEF78E
:10F2F00067FC70BD70B504460D4629462046FFF7F1
:10F300007EFD064631462046FFF7BFFF70BD70B553
:10F3100004460D4629462046FFF77AFD064631464B
:10F320002046FFF7B2FF70BD70B504460D46294672
:10F330002046FFF7DFFF0646FEF742FC70BD70B5C2
:10F3400004460D4629462046FFF7E1FF0646FEF734
:10F3500037FC70BD2DE9F04106460F4614460025E6
:10F36000002F01DABDE8F08139463046FFF70AFD8B
:10F37000054625B921463046FFF780FDF2E72560B6
:10F38000686860606C60B068A84201D1B46001E058
:10F390006068046000BFE5E770B506460D46144698
:10F3A0000EB104B10DB9002070BDAC4201D10120F5
:10F3B000FAE72868206068686060206808B1206803
:10F3C0004460606808B160680460B068A84200D119
:10F3D000B4600020286068602846FEF7F1FB012039
:10F3E000E2E72DE9F04105460C461646002C01DA0D
:10F3F000BDE8F08121462846FFF7C4FC07463246A7
:10F4000039462846FFF7C8FF00BFF1E710B50446AC
:10F410001C4841682046884710BD2DE9F041074649
:10F420000D4614461E4604B115B90020BDE8F08112
:10F43000A08900F4007020B9206A10B1206AFFF79B
:10F44000E5FF10492846FEF769FB2062E06820F4DA
:10F450000070E060324629463846FFF7AEFC804631
:10F46000224641463846FFF797FF0120DEE770B598
:10F4700004460D4616460023324629462046FFF72D
:10F48000CCFF70BDF40800200000C0FFFFFFDF418B
:10F490000000E0C170B504460D4616460123324611
:10F4A00029462046FFF7B9FF70BD70B50546F748FD
:10F4B000FEF779FB044634B14FF48870E0602846CB
:10F4C000FFF7FBFC2061204670BD70B50546EF4894
:10F4D000FEF769FB044634B14FF4A070E0602846A3
:10F4E000FFF7EBFCA060204670BD70B50546E7480D
:10F4F000FEF759FB044634B14FF49070E0602846A3
:10F50000FFF7DBFCA060204670BD2DE9F05F0646EA
:10F51000894600240025A346A246B9F1000F00DB6E
:10F5200016B90020BDE8F09FFFF78FFE8246002449
:10F5300017E056F824000AF0D2F80746FFF7C2FD9C
:10F54000054625B95046FEF73BFB0020EAE714B913
:10F55000CAF8085003E029465846FFF76EFCAB4650
:10F56000641CBAF1000F01D04C45E2D35046D9E7F4
:10F570002DE9F05F0646894600240025A346A246F1
:10F58000B9F1000F00DB16B90020BDE8F09FFFF7CE
:10F590005CFE8246002417E056F824000AF03AFA8E
:10F5A0000746FFF78FFD054625B95046FEF708FBD5
:10F5B0000020EAE714B9CAF8085003E02946584683
:10F5C000FFF73BFCAB46641CBAF1000F01D04C4581
:10F5D000E2D35046D9E72DE9F04706460F4600240E
:10F5E0000025A146A046002F00DB16B90020BDE88B
:10F5F000F087FFF72AFE8046002417E006EBC400E0
:10F60000D0E900211046FFF75DFD054625B94046CB
:10F61000FEF7D6FA0020EAE714B9C8F8085003E06C
:10F6200029464846FFF709FCA946641CB8F1000FBB
:10F6300001D0BC42E2D34046D9E72DE9F047064667
:10F640000F4600240025A146A046002F00DB16B976
:10F650000020BDE8F087FFF7F8FD8046002414E0A5
:10F6600056F82400FFF773FD054625B94046FEF71E
:10F67000A7FA0020EDE714B9C8F8085003E02946BE
:10F680004846FFF7DAFBA946641CB8F1000F01D029
:10F69000BC42E5D34046DCE72DE9F0470446894605
:10F6A00000250027A846002604B948E07748FEF761
:10F6B0007AFA054605B942E0E06820F48070E86017
:10F6C00060696861D4E90601C5E90601206938B1BD
:10F6D0006E492069FEF722FA2861286900B92EE0F8
:10F6E000206A68B1A08900F4007008B1206A03E0C4
:10F6F0006649206AFEF712FA2862286A00B91EE0FD
:10F70000B9F1000F02D12846BDE8F087A76812E0E2
:10F7100001213846FFF7C0FF064606B90FE0B8F1F1
:10F72000000F05D0C8F80060C6F80480B04601E0BC
:10F73000AE60B0463F68002FEAD12846E4E715B135
:10F740002846FEF73DFA0020DEE7014600B9704783
:10F7500055E00278202A01D1401C50E00278092AA5
:10F7600001D1401C4BE002780D2A01D1401C46E03B
:10F7700002780A2A01D1401C41E002782F2A0BD1DD
:10F7800042782F2A08D100E0401C0278002A36D0A7
:10F7900002780A2A33D0F7E702782F2A0ED142786E
:10F7A0002A2A0BD100E0401C02782AB102782A2ACA
:10F7B000F9D142782F2AF6D1801C20E00278222A43
:10F7C00019D110F8012B01F8012B0AE002785C2A0C
:10F7D00003D110F8012B01F8012B10F8012B01F8CF
:10F7E000012B027812B10278222AEFD110F8012BF6
:10F7F00001F8012B03E010F8012B01F8012B02782E
:10F80000002AA6D10A7000BFA1E7014609B900206D
:10F810007047087B08B90120FAE70020F8E70146A5
:10F8200009B900207047087B012800D1FAE70020C1
:10F83000F8E7014609B900207047087B022801D18A
:10F840000120F9E70020F7E7014609B900207047D9
:10F85000087B00F0030008B10120F8E70020F6E77C
:10F86000014609B900207047087B042801D1012016
:10F87000F9E70020F7E7014609B900207047087B47
:10F88000082801D10120F9E70020F7E7F40800205B
:10F89000014609B900207047087B202801D10120CA
:10F8A000F9E70020F7E7014609B900207047087B17
:10F8B000402801D10120F9E70020F7E7014609B906
:10F8C00000207047087B802801D10120F9E7002043
:10F8D000F7E72DE9F0470446894692465CB1B9F155
:10F8E000000F08D0207B99F80C10884203D12046E5
:10F8F000FFF78BFF10B10020BDE8F087207B1028B8
:10F9000014D008DC01280DD002280CD004280BD01C
:10F9100008280FD109E020280AD0402809D08028E3
:10F9200008D104E000BF00BF00BF00BF00BF00BFA0
:10F9300000BF01E00020DFE700BF4C4501D10120FE
:10F94000DAE7207B102821D008DC01280DD002281E
:10F950000CD004280BD008287DD10AE0202827D01D
:10F9600040283CD0802876D111E000BF00BF0120A4
:10F97000C2E7D9E906532A46D4E90671384609F0A8
:10F9800015FE01D10120B7E70020B5E700BF2069CF
:10F9900010B1D9F8100008B90020ADE7D9F810105F
:10F9A000206907F0E1FA08B90120A5E70020A3E7E4
:10F9B000A568D9F8086009E0524631462846FFF7A5
:10F9C00088FF08B9002097E72D6836680DB1002E32
:10F9D000F2D1B54201D000208EE701208CE700254E
:10F9E00000260CB1A06800E00020054611E0524658
:10F9F0004846296AFFF7E1F906460EB900207BE781
:10FA0000524631462846FFF764FF08B9002073E7E5
:10FA10002D68002DEBD1B9F1000F02D0D9F8080004
:10FA200000E00020064612E052462046316AFFF709
:10FA3000C4F9054615B900205EE70CE05246294698
:10FA40003046FFF746FF08B9002055E73668002E1C
:10FA5000EAD1012050E700204EE710B504460248E5
:10FA600001682046884710BDF4080020F54800785A
:10FA70007047FF207047F448007830B101280DD05E
:10FA800002281AD003282FD11EE00020EF49088059
:10FA9000EF4908600120EC49087025E0EB48008838
:10FAA000401CEA49088008460088C82804DD002078
:10FAB00008800220E449087016E00120E44908604B
:10FAC0000320E14908700FE0E0480088401CDF494E
:10FAD000088008460088C82805DD00200880DA492B
:10FAE0000870FF20704700BF00BF0020FAE710B584
:10FAF000D8480078002826D00020D6490870D6487B
:10FB0000F5F7F8F96421D54807F006FAD4A3D6A290
:10FB1000D9A1D24806F026FFDE48F5F70AFADD48FB
:10FB200007F0EBF8C4B22246DA49DB4800F074FF74
:10FB30006421DA4807F0F0F9D64B1033D64AD8A141
:10FB4000D64806F00FFFFFF796FF10B1FF20DA4905
:10FB50000870D9480078FF2804D10020D6490870E1
:10FB6000FF2010BD0020FCE770B50024D3480078CA
:10FB70000B287BD2DFE800F006133D4E99A6D2E3B6
:10FB8000F7F67B004FF40071CD4807F0A3F90D2183
:10FB9000CCA0FDF77FFC0120C8490870E5E1CDA1AC
:10FBA000C74807F074F840B10220C449087000202B
:10FBB000C9490880C94908701AE0C7480088401C34
:10FBC000C549088008460088642811DD00200880A7
:10FBD000BA490870C1480078401CC04908700846FE
:10FBE0000078052804DD00200870EE20B349087075
:10FBF000BBE14FF40071B24807F06CF9A74807F079
:10FC00007CF805462946A548FDF744FC0320AB498E
:10FC10000870AAE1B2A1AA4807F039F840B10A2059
:10FC2000A64908700020AC490880AC4908701CE067
:10FC3000A9480088401CA849088008460088B0F5FB
:10FC4000967F12DD0020088002209C490870A3489E
:10FC50000078401CA149087008460078032804DD9C
:10FC600000200870EE20954908707EE1E1E099A13E
:10FC7000934807F00CF840B1042090490870002028
:10FC800095490880954908700EE093480088401C0B
:10FC90009149088008460088B0F5967F04DD002071
:10FCA00008800420854908705FE14FF400718448A2
:10FCB00007F010F924218EA0FDF7ECFB05207F4909
:10FCC000087052E183A17E4806F0E1FF40B10620B2
:10FCD0007A490870002080490880804908701CE03B
:10FCE0007D480088401C7C49088008460088B0F5A3
:10FCF000967F12DD00200880042070490870774844
:10FD00000078401C7549087008460078032804DD17
:10FD100000200870EE206949087026E14FF4007158
:10FD2000674807F0D7F84D4806F0E7FF0546294633
:10FD30004A48FDF7AFFB07206049087015E176A13E
:10FD40005F4806F0A4FF20B962A15D4806F09FFF5E
:10FD500050B10020594908705F4908805F49087018
:10FD6000FF2070BD39E02BE06DA1554806F08FFFF4
:10FD700040B10020584908805849087008204F4970
:10FD800008701CE054480088401C5349088008460D
:10FD90000088B0F5967F12DD0020088006204749D4
:10FDA00008704E480078401C4C490870084600789E
:10FDB000032804DD00200870EE2040490870D4E0DC
:10FDC0004FF400713E4807F085F80D2156A0FDF76D
:10FDD00061FB092039490870C7E03EA1384806F0A8
:10FDE00056FF40B1EE203549087000203A4908809E
:10FDF0003A4908701CE038480088401C36490880A1
:10FE000008460088B0F5967F12DD002008800820A3
:10FE10002A49087031480078401C3049087008466B
:10FE20000078032804DD00200870EE2023490870C4
:10FE30009BE04148007820B101287FD002287ED184
:10FE40008BE07DE000090020780900207609002081
:10FE5000840122427B0900200109002068A80020BB
:10FE6000313138383300000033392E39362E3130F5
:10FE70002E3235300000000041542B43495053547A
:10FE80004152543D22544350222C222573222C25CA
:10FE9000730D0A005509002030A90020CCA80020CD
:10FEA00041542B43574A41503D222573222C222591
:10FEB00073220D0A000000007A0900207C0900204E
:10FEC00004A1002041542B43574D4F44453D310D73
:10FED0000A0000004F4B00007E0900207D09002031
:10FEE0005749464920434F4E4E4543544544000030
:10FEF00041542B434950534E54504346473D312CB7
:10FF0000382C226E74702E616C6979756E2E636F59
:10FF10006D220D0A00000000434F4E4E4543540031
:10FF20004552524F5200000041542B434950434C1C
:10FF30004F53450D0A0000008009002004E012E044
:10FF40000120FB4908700EE0FFF795FD0446FF2CE9
:10FF500002D10220F649087005E00020F54908703A
:10FF6000F349087000BF00BF00BF00BF0020F8E6E3
:10FF700010B5F148007810B1012838D10CE04FF4E9
:10FF80000071EE4806F0A6FF0821EDA0FDF782FA09
:10FF90000120E94908702CE0ECA1E84806F077FE62
:10FFA00040B10020E4490870EB490880EB49088023
:10FFB000FF2010BDE8480088401CE749088008463B
:10FFC0000088642812DD00200880DB490870E348BF
:10FFD0000088401CE149088008460088052805DDA6
:10FFE00000200880D4490870EE20E2E701E0EE200E
:10FFF000DFE700BF0020DCE72DE9F0410746884637
:020000040801F1
:100000000024D7480078D8B9D6A1CC4806F03FFEE6
:100010000446A4B1D5A1204606F039FE451CD1A165
:10002000C64806F034FE04464CB1601D06F022FEC0
:1000300086B23146284601F0AEFF00BF00BF00BFC8
:1000400000BF0020BDE8F0810020704770B5064673
:100050000D46C74880680A2801D1002070BD4FF4C2
:100060004370F3F714FA04460CB90020F6E7258133
:100070002A46314604F10A00F3F722F9BC48006829
:1000800050B9002060602060B94804604460806816
:10009000401CB74988600DE000206060B4484068AB
:1000A0004460B34840682060B14844608068401CA8
:1000B000AF498860FF20D1E7AD48006808B900204B
:1000C0007047AB4800680830FAE710B5A8480068E8
:1000D00008B9002010BDA64804680068406820B137
:1000E0000020A349096849680860A1480068406881
:1000F0009F49086008468068401E88602046F3F7E4
:10010000B6F9FF20E6E710B59A48007800B910BDAF
:1001100099480078032859D005DC48B1012813D04C
:10012000022877D131E0042866D0EE28F9D183E0A7
:10013000FFF7C2FF914908600846006800B9E6E78A
:1001400001208D49087080E04FF400717B4806F073
:10015000C1FE4FF400718A4806F0BCFE4021894878
:1001600006F0DAFE85480068028887A1854806F017
:10017000F9FB844806F0C1FD044621468148FDF79D
:1001800089F902207C4908705FE083A16B4806F082
:100190007EFD40B103207849087000207F49087037
:1001A0007F49088011E07E480088642805DA7C4891
:1001B0000088401C7A49088007E0002078490880C0
:1001C0007649087003206C4908703EE04FF40071D6
:1001D0005A4806F07FFE4FF40071694806F07AFE37
:1001E00066480068018865480068801CFDF752F980
:1001F00004206149087028E06AA1504806F047FDD4
:1002000048B1EE205C4908700020644908706449D8
:10021000088010E016E062480088642805DA60482B
:100220000088401C5E49088005E000205C49088089
:10023000EE205149087008E0FFF747FF00204E49C3
:10024000087000BF00BF00BF00BF00BF00BF5EE777
:1002500070B504460D4629462046FFF7F7FEFF20FD
:1002600070BD30B585B000245048006841F270710F
:10027000884205D24D480068401C4C4908604FE256
:100280004B48007830B1012814D002284DD0032803
:100290004CD1AEE00020374908704FF40071274878
:1002A00006F018FE0B2143A0FDF7F4F801204049A9
:1002B000087034E2AFF2E431204806F0E8FCF8B10F
:1002C0003FA11E4806F0E3FC044684B13EA11B4852
:1002D00006F0DDFC044654B1641C2078372803DDA9
:1002E00000203A49087002E00120384908700220D5
:1002F0002F4908700020364908803649087013E0FD
:1003000033480088401C3249088008460088642829
:100310000ADD00200880264908702E49087023490C
:100320000860012013490870F9E155E0F6E100008A
:10033000800900207C0900208109002004A1002000
:1003400041542B474D520D0A0000000057524F4FA9
:100350004D2D333200000000840900208209002066
:10036000860900202B4950442C0000003A00000070
:1003700050A9002075090020870900208C09002061
:10038000048900205CA9002041542B434950534567
:100390004E443D25640D0A003E00000088090020FF
:1003A0008A09002053454E44204F4B0094090020F9
:1003B0009009002041542B43574A41503F0D0A00F9
:1003C0002B43574A41503A002D00000000090020FD
:1003D00092090020910900204FF40071FA4806F0BC
:1003E00079FD1121F9A0FDF755F80320FC490870AB
:1003F00095E1AFF22051F44806F049FC00287DD089
:10040000F8A1F14806F043FC0446002C77D01134E3
:10041000F8A1ED4806F03BFC18B101208DF80E0064
:1004200061E0F5A1E84806F032FC18B102208DF831
:100430000E0058E0F1A1E44806F029FC18B10320B1
:100440008DF80E004FE0EEA1DF4806F020FC18B159
:1004500004208DF80E0046E0EAA1DB4806F017FC08
:1004600018B105208DF80E003DE0E7A1D64806F052
:100470000EFC18B106208DF80E0034E0E3A1D2483E
:1004800006F005FC18B107208DF80E002BE0E0A166
:10049000CD4806F0FCFB18B108208DF80E0022E0D4
:1004A000DCA1C94806F0F3FB18B109208DF80E0055
:1004B00019E0DAA1C44806F0EAFB18B10A208DF869
:1004C0000E0010E0D6A1C04806F0E1FB18B10B20E9
:1004D0008DF80E0007E0D3A1BB4806F0D8FB10B1A1
:1004E0000C208DF80E009DF80E000C2810DD002069
:1004F000CD490880BA490870CC4901E0F8E0ECE049
:100500000870CB4908600120CA49087005B030BDA9
:100510002078302816DB2078392813DC241D6178F8
:1005200030392278303A02EB820201EB4200C117E7
:1005300000EBD1614911A0EB4111C9B28DF80F1048
:10054000E41C06E0641D20783038C0B28DF80F003E
:10055000A41C9DF80F001F280CDD0020B249088064
:100560009F490870B1490870B14908600120B1493C
:100570000870CBE7607830382178303901EB8101A1
:1005800000EB4100182190FBF1F201FB1200C0B218
:100590008DF810009DF8100017280CDD0020A249EE
:1005A00008808F490870A1490870A149086001209E
:1005B000A0490870AAE7E41C607830382178303907
:1005C00001EB810100EB41003C2190FBF1F201FBCA
:1005D0001200C0B28DF811009DF811003B280CDD0F
:1005E0000020914908807E49087090490870904920
:1005F000086001208F49087088E7E41C6078303873
:100600002178303901EB810100EB41003C2190FB66
:10061000F1F201FB1200C0B28DF812009DF8120039
:100620003B280CDD0020804908806D4908707F4917
:1006300008707F49086001207E49087066E7E41C65
:10064000E07830380A2190FBF1F201FB12022078A9
:1006500030384FF47A7148436178303901EBC10387
:1006600003EB011100EB8101A078303800EB800032
:1006700001EB4000104480B2ADF80C00BDF80C0056
:1006800040F6330188420CDD002067490880544958
:10069000087066490870664908600120654908705D
:1006A00034E703A801F081FEBDF80C00642190FB43
:1006B000F1F201FB1200C5B29DF812009DF8111075
:1006C0009DF81020CDE9002102909DF80F209DF8A3
:1006D0000E100023284602F045FD00205349087003
:1006E0003F4908705249086001205249087014E0DF
:1006F0004D480088401C4C49088008460088642802
:100700000BDD0020088036490870484908704849C8
:100710000860012047490870F8E600E000BF00BF0C
:1007200000BFF3E610B500244348006841F2707141
:10073000884205D240480068401C3F490860ACE050
:100740003E48007810B101283DD110E00020394921
:1007500008704FF400711C4806F0BCFB0B21AFF28F
:10076000AC30FCF797FE01203449087094E0AFF6F6
:100770009C01154806F08BFA20B3AFF2BC31124849
:1007800006F085FA044684B12DA10F4806F07FFAE1
:10079000044654B1241D2078342803DD00202A4962
:1007A000087002E0012028490870002023490870E1
:1007B00026490880264908701F49086001201D4904
:1007C000087067E046E066E004A1002041542B4336
:1007D0004950534E545054494D453F0D0A000000B6
:1007E000900900202B434950534E545054494D45D5
:1007F0003A0000004A616E00466562004D61720079
:10080000417072004D6179004A756E004A756C0046
:100810004175670053657074000000004F637400F9
:100820004E6F760044656300920900209109002014
:1008300094090020750900209C09002098090020D7
:100840002C312C2D00000000000900209A09002006
:100850009909002016480088401C15490880084660
:100860000088B0F5967F15DD0020088011490870DA
:1008700011480078401C1049087008460078032889
:1008800008DD002008700B4908700C490860012041
:100890000B49087000E000BF00BF10BD10B5FFF7A6
:1008A00032FCFCF7F4FE08B1FFF7DBFC10BD0000E2
:1008B0009A09002098090020990900209C0900202D
:1008C000750900200246002100BF0AE0704800EBD5
:1008D00081004088904203D16D4830F82100704774
:1008E000491C41F615508142F0D30020F7E703463A
:1008F0007F2B04D803F07F00087001207047802B05
:100900000ED3B3F5006F0BD203F03F0040F0800030
:100910004870C3F3841040F0C00008700220EDE777
:10092000B3F5006F13D3B3F5803F10D203F03F004F
:1009300040F080008870C3F3851040F0800048705C
:10094000C3F3033040F0E00008700320D6E7B3F5AE
:10095000803F18D3B3F5001F15D203F03F0040F0DD
:100960008000C870C3F3851040F080008870C3F326
:10097000053040F080004870C3F3824040F0F00042
:1009800008700420BAE7B3F5001F1DD3B3F1806FE0
:100990001AD203F03F0040F080000871C3F38510C5
:1009A00040F08000C870C3F3053040F080008870CC
:1009B000C3F3854040F080004870C3F3016040F00D
:1009C000F8000870052099E7B3F1806F22D3B3F1E6
:1009D000004F1FD203F03F0040F080004871C3F386
:1009E000851040F080000871C3F3053040F08000AE
:1009F000C870C3F3854040F080008870C3F3056081
:100A000040F080004870C3F3807040F0FC00087034
:100A1000062073E7002071E72DE9F05F07460D46D9
:100A200090464FF000090026002420E0285D7F2832
:100A300014DD601C295C285D01EB00201FFA80FAA0
:100A40005046FFF73FFF8346B91906225846FFF785
:100A50004EFF81464E44A01CC4B208E0B919285D7F
:100A60000622FFF744FF81464E44601CC4B2444551
:100A7000DCDB3046BDE8F09F10B5064806F03DF9D6
:100A8000C4B2224603490448FFF7C6FF10BD000068
:100A9000B8A00108A00900209CA90020F748007A0E
:100AA000704770B50546F548046808E0294604F12A
:100AB0000B0006F059FA08B9204670BD6468002C96
:100AC000F4D10020F9E770B505462846FFF7E9FFA5
:100AD00004460CB9002070BD04F10800FBE770B5B6
:100AE000054635B1288820B1A878022801DCE81C29
:100AF00020B900BF00BF4FF0FF3070BDDF48007A63
:100B0000012804DB00BF00BF6FF00100F5E7E81C1F
:100B1000FFF7D9FF064626B1A878B0706FF0020043
:100B2000EBE74C20F2F7B3FC044624B900BF00BF4A
:100B30006FF00300E1E74422294604F10800F2F7D0
:100B4000BFFBCE48006850B9002060602060CB48F1
:100B500004604460007A401CC84908720DE000201F
:100B60006060C64840684460C44840682060C3482C
:100B70004460007A401CC1490872FF20BDE770B58F
:100B800005462846FFF78DFF044624B900BF00BF85
:100B90004FF0FF3070BDB948007A01280AD1B7483C
:100BA0000068B6494968884204D10020B34908600A
:100BB00048601BE0B1480068A04206D1AF496068B8
:100BC000086000200968086010E0AC484068A04256
:100BD00006D1AA492068486000204968486005E0BD
:100BE000D4E900104860D4E900010860A348007A05
:100BF000401EA24908722046F2F739FCFF20C9E7DF
:100C000070B5054600264420F2F741FC04460CB9B5
:100C1000701E70BD27229AA1E01CF2F751FB18222A
:100C2000294604F11200F2F74BFB27202080012017
:100C3000A0702046FFF753FF0646002E05DA204637
:100C4000F2F715FC6FF00100E3E7FF20E1E730B5B4
:100C50000346002014E0141A641E0C5D8C4D05EB55
:100C60001414247803F81040141A641E0C5D04F068
:100C70000F042C5D012505EB40055C55441CE0B2DA
:100C80009042E8DB30BD8348D0E90020521C40F19F
:100C900000008049C1E9002003C9704700B58FB04A
:100CA00014227DA10AA806F0E3F8FFF7ECFFCDE9D6
:100CB000080106A801F060FB082208A90AA8FFF7AE
:100CC000C6FF00207949C8844FF4807177482830E6
:100CD00006F000F99DF81E009DF81D109DF81C20DF
:100CE0009DF81B30CDE90232CDE904109DF81A00C1
:100CF000BDF818100AAB6E4ACDE900106D49A2F597
:100D0000847005F02FFE6948283005F0F6FF67492A
:100D1000C884FF200FB000BD70B5054600243C20FC
:100D2000624908800846C07820F00200801CC87024
:100D300004208870A1F8280104225FA15C48801F6C
:100D4000F2F7BEFA18205949A1F82E015848F4F7D5
:100D50005EF85648C07820F0800080305349C87053
:100D60000820A1F85401082255A151482630F2F775
:100D7000A7FA4E48C07820F0400040304B49C87078
:100D80000C20A1F860010C2250A149483230F2F742
:100D900097FA4648C07820F004004449C8700846D5
:100DA000C07820F01800C8700846C07820F02000F5
:100DB000C8700C2088800C2248A13C48801DF2F7A6
:100DC0007FFA70BD10B500203849C8844FF4807197
:100DD0003648283006F07EF83448C07820F01800F5
:100DE0003249C8700846C07820F02000C870084614
:100DF000C07820F00400C87010BD10B5FFF74EFF9A
:100E00002A48C07820F018002849C8700846C078E1
:100E100020F02000C8700846C07820F00400001DB3
:100E2000C87010BD214908807047204988707047FC
:100E30001E48C07820F00200801C1C49C870704712
:100E40001A48C07820F002001849C8707047174847
:100E5000C07820F040001549C87070471348C0782A
:100E600020F0400040301149C87070470F48C078EA
:100E700020F080000D49C8707047000020AB0020B2
:100E8000636F6E74726F6C6C65725F6D73672F0049
:100E9000A8090020B8090020464646464646464670
:100EA000464646464646464600000000B0A9002099
:100EB000E0AA00202C1602084D51545400000000F6
:100EC0007465726D696E616C0000000076656E6419
:100ED000696E673132333036000000007465726D20
:100EE000696E616C5F6D7367000000000848C07830
:100EF00020F0800080300649C870704710B5044665
:100F00002046FFF77DFE2046FFF706FF10BD0000DC
:100F1000B0A90020E24880787047E148807820B18D
:100F20000020DF494860C87010E0DD48406842F6A4
:100F3000E061884207D2DA484068401CD8494860DE
:100F40000020C87002E00120D549C87070470178C0
:100F5000D44A11704188518081889180704710B5C2
:100F6000D048007818B3CF484088B0F57A7F02DDCA
:100F70000020CB490870CB48418880880A3000EBBC
:100F8000C00202EB0010B1EB800F05DAC5484088C3
:100F9000401CC44948800AE00020C2490870012072
:100FA000BF4908700020BF494880F2F7A3FA10BD7E
:100FB00070B592B005460C4616468DF80660ADF841
:100FC0000440224629460DF10700F2F779F901A8FD
:100FD000FFF785FD12B070BD42F6E060B049486091
:100FE0000120C87070470020AD4988704870AE4934
:100FF0000870488088740021AB4881820020AA498B
:1010000088720021A8488181704700B5FFF7E4FF8E
:10101000FFF7E9FF00BD0120A149087070470020DB
:101020009F490870704710B59D48007800B910BD01
:101030009B48407806286FD005DC17D2DFE800F027
:1010400010162F356E74092867D004DC072879D074
:1010500008280BD1D5E0122809D01F28F9D10CE1BE
:10106000FCF715FB10B102208D4948700DE18F4847
:101070000068B0F57A7F05D28C480068401C8B4927
:10108000086005E000208949086002208449487012
:101090008548007810B1032081494870F5E001F0DF
:1010A000F6F803207E494870EFE07F48007888B169
:1010B0007B48C07818B104207949487004E00620C4
:1010C0007749487001208870002078490860784985
:1010D000087020E075480068B0F57A7F05D2734843
:1010E0000068401C7149086015E000206F490860E5
:1010F0006F480078022808DA6D480078401C6C4977
:10110000087002206649487005E0002068490870B0
:10111000082063494870B8E03AE07DE001F0D8F873
:1011200005205F494870B0E05F48807A58B10120DF
:101130005B4988700620487000205C4908605C4963
:10114000087024E02AE059480068B0F57A7F05D29B
:1011500056480068401C5549086018E00020534973
:10116000086053480078032808DA51480078401C8A
:101170004F49087004204A49487008E000204A4955
:1011800008700220464948700020494908707CE0F8
:1011900001F04AF807204249487076E04348006869
:1011A000B0F57A7F05D241480068401C3F4908608D
:1011B00026E000203D4908603B48807C40B100208B
:1011C0003B4908703849887406203549487017E053
:1011D00037480078062808DA35480078401C34493A
:1011E000087006202E4948700AE000202E49087039
:1011F00088722B4988702E4908701F202849487032
:1012000043E001F023F809202549487042F6E060E8
:1012100048600120C87038E02348007850B10020B1
:1012200022490860224908701F49087002201C49A1
:10123000487021E01D480068B0F57A7F05D21B4850
:101240000068401C1949086016E000201749086032
:1012500017480078012808DA15480078401C14491E
:10126000087008200E49487006E0002010490870F8
:101270001F200B494870DAE607E0F9F774FCFCF729
:1012800083F900200649487000BF00BF00BFCEE6CA
:1012900010B5FFF742FEFFF762FEFFF7C4FE10BD78
:1012A000C8090020C0090020AEAB0020D0090020F2
:1012B000D40900200246704770470000FE480088AD
:1012C000401CFD490880084600887047F0B50022A0
:1012D0000023002600240546C71700EB5767C7F315
:1012E000C7121546D71702EB5767FB111D46DF17CC
:1012F00003EB5767FE110546C71700EB5767FF1151
:10130000A0EBC717FCB2012E0CDB44F080050D707A
:1013100042F080054D7043F080058D70CE7004253D
:101320000D7117E0012B09DB44F080050D7042F0D0
:1013300080054D708B7003250D710BE0012A06DBD3
:1013400044F080050D704A7002250D7102E00870AE
:1013500001250D71F0BD0020D849B1F828110831E0
:10136000D64AB2F82E21114488B2D449C978C1F3C3
:10137000800139B1D1498988091DD04AD28C1144E4
:10138000014488B2CD49C978C90929B1CB49B1F81E
:101390005411891C014488B2C849C978C1F380112D
:1013A00029B1C649B1F86011891C014488B270475F
:1013B00070B50446FFF7CFFF05462146FFF786FFCD
:1013C00070BD1CB500246846FFF7F2FFFFF7C3FFAE
:1013D0009DF80410491C084484B220461CBD7CB50D
:1013E0000546002410202855641C6846FFF7E0FFDE
:1013F000002606E01DF806002855601C84B2701C0B
:10140000C6B29DF80400B042F4DCAC49B1F8280142
:10141000C11700EB1161C1F307212955601C84B28B
:10142000A649B1F82801C11700EB11610912A0EB20
:1014300001212955601C84B2A049B1F8282128193E
:1014400001F59571F1F73CFF9C48B0F82801204464
:1014500084B29A4880782855601C84B228190122E9
:101460009649C91CF1F72CFF601C84B29349088887
:10147000C11700EB1161C1F307212955601C84B22B
:101480008E490888C11700EB11610912A0EB0121F8
:101490002955601C84B28949B1F82E01C11700EBAF
:1014A0001161C1F307212955601C84B28349B1F849
:1014B0002E01C11700EB11610912A0EB0121295582
:1014C000601C84B27D49B1F82E21281901F598716C
:1014D000F1F7F6FE7948B0F82E01204484B277483F
:1014E000C078C0F3800000283DD074498888C117B7
:1014F00000EB1161C1F307212955601C84B26F49CB
:101500008888C11700EB11610912A0EB0121295550
:10151000601C84B269498A882819891DF1F7D0FEB8
:1015200066488088204484B26449C88CC11700EBA7
:101530001161C1F307212955601C84B25F49C88C31
:10154000C11700EB11610912A0EB01212955601CA4
:1015500084B25A49CA8C28192831F1F7B1FE57488C
:10156000C08C204484B25548C078C00918B3534990
:10157000B1F85401C11700EB1161C1F307212955DE
:10158000601C84B24D49B1F85401C11700EB1161E0
:101590000912A0EB01212955601C84B24749B1F81A
:1015A0005421281901F5AB71F1F78AFE4348B0F8D0
:1015B0005401204484B24148C078C0F3801018B36D
:1015C0003E49B1F86001C11700EB1161C1F3072179
:1015D0002955601C84B23949B1F86001C11700EB8C
:1015E00011610912A0EB01212955601C84B2334915
:1015F000B1F86021281901F5B171F1F761FE2F48AA
:10160000B0F86001204484B220467CBD04207047BD
:1016100010B50246002040231354401C02231354EB
:10162000401C0B46CC1701EB1464C4F3072414547C
:10163000401CCC1701EB14642412A1EB04241454B5
:10164000401C10BD01460020CA88921CB1F84830E9
:101650001A4490B20A78002A01DD821C90B27047C9
:1016600070B504460D462046FFF7ECFF06462946B6
:10167000FFF72CFE70BD7CB5044669462046FFF797
:10168000EFFF2046FFF7DEFF9DF80410491C0844D9
:1016900085B228467CBD2DE9FC4106460D46002753
:1016A000002469463046FFF7DBFF302028553078AC
:1016B000012809D1285D03E0D6090020B0A9002047
:1016C00040F00200285509E03078022804D1285D56
:1016D00040F00400285501E0285D2855B078012825
:1016E00004D1285D40F00800285501E0285D285508
:1016F0007078012804D1285D40F00100285501E0F0
:10170000285D2855601C84B2002706E01DF80700FC
:101710002855601C84B2781CC7B29DF80400B842FA
:10172000F4DCF088C11700EB1161C1F307212955E2
:10173000601C84B2F088C11700EB11610912A0EBA4
:1017400001212955601C84B2F288281906F108018C
:10175000F1F7B6FDF088204484B2307890B1B088BB
:10176000C11700EB1161C1F307212955601C84B238
:10177000B088C11700EB11610912A0EB01212955B6
:10178000601C84B2B6F848202819F16CF1F798FD76
:10179000B6F84800204484B22046BDE8FC81002011
:1017A0003D4A1168022004E00A89D21C024490B22A
:1017B00049680029F8D1704770B50446FFF7EFFF7C
:1017C00005462146FFF782FD70BD1CB50024684622
:1017D000FFF7F2FFFFF7E3FF9DF80410491C0844F0
:1017E00084B220461CBD2DE9FC41054600242A4850
:1017F0000668FFF763FD07466846FFF7DDFF8220B6
:101800002855641C4FF0000808E01DF80800285512
:10181000601C84B208F1010000F0FF089DF804008C
:101820004045F2DC3846F91707EB1161C1F3072197
:101830002955601C84B23846F91707EB116109126B
:10184000A7EB01212955601C84B220E03089C11723
:1018500000EB1161C1F307212955601C84B2308966
:10186000C11700EB11610912A0EB01212955601C81
:1018700084B23289281906F10B01F1F721FD308974
:10188000204484B2B07A2855601C84B27668002E59
:10189000DCD12046BDE8FC8120AB002094490880C3
:1018A000704794484078934A1278904205D1914805
:1018B0004088142801D1002070478E480278001D0E
:1018C00050F822100022001F0378001D40F823204A
:1018D000001F0078401C874A107010464088401C4A
:1018E000508010460078142801D10020107008465E
:1018F000E2E770B5054600247E4840787D490978C6
:10190000884209D17B48408830B9FFF7CAFF0446B6
:1019100014B12046F1F7ABFD76484178001D40F840
:101920002150001F4078401C72494870084640888A
:10193000401E488008464078142801D10020487095
:10194000012070BD6C4840786B4A1278904205D1F6
:1019500069484088142801D1002070476648027801
:10196000001D50F822100022001F0378001D40F8CF
:101970002320001F0078401C5F4A107010464088EA
:10198000401C508010460078142801D100201070AF
:101990000846E2E770B505460024574840785649A6
:1019A000097888420ED15448408858B9FFF7CAFFD9
:1019B00004463CB1E06C10B1E06CF1F758FD2046F4
:1019C000F1F755FD4C484178001D40F82150001FAB
:1019D0004078401C4849487008464088401E48806E
:1019E00008464078142801D100204870012070BDBD
:1019F00041484078404A1278904205D13E4840889C
:101A0000142801D1002070473B480278001D50F88F
:101A100022100846F7E710B5002438480068B0F5F2
:101A2000FA7F05D235480068401C3449086010BD73
:101A3000002032490860FFF7DBFF0446002C41D04C
:101A40002B480088A18888420CD1FFF77BFF044611
:101A50003CB1E06C10B1E06CF1F709FD2046F1F704
:101A600006FDE4E7F9F7CFF828B1204600F048FC7E
:101A7000E078401CE070E07814280CDDFFF762FF8E
:101A800004463CB1E06C10B1E06CF1F7F0FC20468C
:101A9000F1F7EDFCCBE72078012806D104F108002E
:101AA00018B1E08808B1E06C60B9FFF74BFF04465D
:101AB0003CB1E06C10B1E06CF1F7D9FC2046F1F7D5
:101AC000D6FCB4E700BFB2E710B50024FFF7E9FE8B
:101AD00004462CB1208800F02EFC2046F1F7C7FC0C
:101AE00010BD10B5FFF797FFFFF7EEFF10BD000028
:101AF000D8090020DC090020300A0020840A0020D8
:101B000010B502460B461146042B02D388784008D4
:101B100010B14FF0FF3010BD887800F00100FE4C8E
:101B20002071C8786071C87810B16FF00100F2E7D9
:101B30000120F94C2070FF20EDE770B504460D46FA
:101B40002646042D01D2012070BDF348C088401CF8
:101B5000F149C880F178B07801EB002081B2EE48FD
:101B6000018101460889FFF799FEFF20ECE72DE986
:101B7000F04106460F463546FEF790FF804608F1D5
:101B80000400B84203D94FF0FF30BDE8F081E248CD
:101B90008089401C81B2E0488181E978A87801EB16
:101BA000002081B2DC48C18100240DE0281D015DC8
:101BB000D94810300155281D005D802802D16FF0F2
:101BC0000100E2E7601CC4B24445EFDB0120D249CA
:101BD0008872FF20D9E70246022902DA4FF0FF306F
:101BE0007047507810B16FF00100F9E70120CA4B3F
:101BF00098741846808A401C83B2C7488382FF20AD
:101C0000EEE770B504460D4620783A2840D008DC4F
:101C100020280FD0302831D0322834D0332846D174
:101C20003BE03B283ED040280DD0902814D0D0284F
:101C30003DD11AE029462046FFF762FF002801DD6A
:101C4000202070BD35E029462046FFF776FF0028AA
:101C500001DD4020F5E72CE029462046FFF787FF0D
:101C6000002801DD9020ECE723E029462046FFF71D
:101C7000B2FF002801DDD020E3E71AE00120A649E9
:101C800088743020DDE70120A34988743220D8E72A
:101C90000120A14988743A20D3E701209E49887425
:101CA0003320CEE701209C4988743B20C9E70020FF
:101CB000C7E700BF0020C4E710B50246002100209E
:101CC0000023491C545C04F08004002C2ED0545C8A
:101CD00004F07F040444A0B24C1CA1B2545C04F094
:101CE0008004ECB1545C04F07F0400EBC414A0B297
:101CF0004C1CA1B2545C04F080045CB1545C00EB59
:101D00008434A0B24C1CA1B2545C00EB4454A0B289
:101D100004230DE00323545C00EB8434A0B207E0FD
:101D20000223545C00EBC414A0B201E00123505C18
:101D300010BD024600210020491C535C03F08003C3
:101D40009BB14B1C99B2535C03F080035BB14B1CFD
:101D500099B2535C03F080031BB14B1C99B2042071
:101D600004E0032002E0022000E0012070472DE99A
:101D7000F04307468846144600250026A94620461B
:101D8000FFF7D7FF0646042E02DD0120BDE8F083F1
:101D9000601C30444178601C805D01EB00201FFA1C
:101DA00080F9C14501D00220F0E700250AE0795D05
:101DB000601C3044801C405D814201D00320E5E777
:101DC000681C85B24D45F2DB0020DFE72DE9F041CC
:101DD00080460C46002500272046FFF7AAFF05464F
:101DE000042D02DD0020BDE8F081601C284441780C
:101DF000601C405D01EB0020C7B2B8F1010F18D1A3
:101E00000220F1F744FB064676B1601C2844801C92
:101E100038444178601C2844801CC05D01EB0020E0
:101E200030803046FFF765FDE81C3844801C0444D0
:101E300002E0E81C384404442046D4E70146374811
:101E40004078364A1278904204D13448408808B924
:101E5000FF20704731484278001D40F82210001FD3
:101E60004078401C2D4A507010464088401E5080DB
:101E700010464078202801D1002050700120E8E76A
:101E800026484078254A1278904205D12348408858
:101E9000202801D10020704720480278001D50F80A
:101EA00022100022001F0378001D40F82320001F8D
:101EB0000078401C194A107010464088401C508021
:101EC00010460078202801D1002010700846E2E773
:101ED00000B5FFF7D5FF00BD2DE9F0410546002410
:101EE0000026284604F009FF0746F1F7D0FA044619
:101EF00014B90120BDE8F081284604F0FEFE074633
:101F00003A4629462046F1F7DBF92046FFF796FFCF
:101F10000646FF2E0AD103E0AEAB0020880A00205F
:101F200014B12046F1F7A3FA0220E3E70020E1E72D
:101F300070B50446002500262046FFF7FAFE054648
:101F4000042D01DD002070BD601C28444178601C18
:101F5000405D01EB0020C6B23046F4E72DE9F041C8
:101F600004460D464FF00008002600272846FFF7DC
:101F7000A3FE06462846FFF7DBFF074624B9B81C38
:101F8000301A1FFA80F803E0381D301A1FFA80F863
:101F90004046BDE8F0812DE9FF5F05460C4600266E
:101FA00000270020039082468146029080460190DF
:101FB000FBF76DFB18B9002004B0BDE8F09F2DE1E0
:101FC000002C01DC3046F7E72846FFF775FE03904A
:101FD0002846FFF7AEFE8246BAF1040F03DD6D1C02
:101FE000601E84B21AE10AF10100039908441FFA45
:101FF00080F9A14503DD6D1C601E84B20EE1E1B2E3
:102000002846FFF7FEFD029002983B287DD00CDCAD
:1020100032287BD004DC202810D0302877D112E081
:1020200033287FD03A28F9D17DE0402807D0902886
:1020300006D0B02805D0D028F0D103E0E4E0E3E0FA
:10204000E2E0E1E0E0E0764A12681189744A126841
:1020500002F10B002A46FFF78AFE0190704A1268CF
:1020600011896F4A126802F10B002A46FFF77FFEC2
:1020700098B929460020FFF7A9FE07460FB90220AC
:102080009AE73846FFF728FF8046B8F1000F01D0E5
:10209000032091E7701CC6B242E0614A12685268A0
:1020A00011895F4A1268526802F10B002A46FFF755
:1020B0005EFE98B929460020FFF788FE07460FB953
:1020C000022079E73846FFF707FF8046B8F1000F96
:1020D00001D0032070E7701CC6B221E0514804F023
:1020E0000CFE1FFA80FB2A4659464E48FFF73FFE7A
:1020F00090B929460020FFF731FF8346294600208A
:10210000FFF764FE5946009003E00DE009E074E03B
:1021100008E0FFF7D1F803E06D1C601E84B27DE09B
:1021200072E000BF00BF00BF3D4A126811893C4AFF
:10213000126802F10B002A46FFF719FE0190384A97
:1021400012681189364A126802F10B002A46FFF71D
:102150000EFE98B929460120FFF738FE07460FB951
:10216000022029E73846FFF7B7FE8046B8F1000F96
:1021700001D0032020E7701CC6B23DE0284A126857
:1021800052681189264A1268526802F10B002A46E9
:10219000FFF7EDFD98B929460120FFF717FE074626
:1021A0000FB9022008E73846FFF796FE8046B8F1DF
:1021B000000F01D00320FFE6701CC6B21CE01948D6
:1021C00004F09BFD1FFA80FB2A4659461548FFF78D
:1021D000CEFD68B929460120FFF7C0FE8346294697
:1021E0000120FFF7F3FD59460090FFF765F803E083
:1021F0006D1C601E84B211E006E0002C03DD6D1C36
:10220000601E84B20AE000BF00BF4D44A4EB090089
:1022100084B2002003908246814600BFD0E60000D1
:1022200020AB00206CAB002008B550A000680090E7
:1022300002216846FBF72AFB08BD08B54CA00068E0
:10224000009002216846FBF721FB08BD70B5002411
:1022500000254848C078C0F3800008B1FEF71EFD95
:10226000FFF7AFF805462846F1F711F9044604B91F
:1022700070BDFEF7DDFD2046FFF7B1F82946204688
:10228000FBF704FB2046F1F7F2F800BFF0E770B56A
:1022900000240025FEF7D4FD3648C078C0F3800046
:1022A00008B1FEF7FBFCFFF78CF805462846F1F76E
:1022B000EEF8044604B970BD2046FFF790F82946B1
:1022C0002046FBF7E3FA2046F1F7D1F800BFF2E72A
:1022D00070B500240025FFF778FA05462846F1F787
:1022E000D6F8044604B970BD2046FFF77CFA2946AB
:1022F0002046FBF7CBFA2046F1F7B9F800BFF2E72A
:1023000070B50646002400253046FFF7B4F90546AF
:102310002846F1F7BCF8044604B970BD21463046A2
:10232000FFF7B9F929462046FBF7B0FA2046F1F746
:102330009EF800BFF1E770B5044600250026FFF7C0
:1023400065F906463046F1F7A2F8054605B970BDB5
:1023500021462846FFF75CF931462846FBF796FAF6
:102360002846F1F784F800BFF1E70000C000000044
:10237000E0000000B0A900203EB504466846F6F72C
:1023800015FC9DF80200A0719DF8010060719DF898
:10239000000020719DF80700E0709DF80600A07015
:1023A000BDF80400208000203EBD7CB50446A07925
:1023B0006179CDE900102379E278A1782088F6F7D9
:1023C000DDFB00207CBD1CB5024600BF93798C79F3
:1023D000A34206DB93798C791B1BDBB28DF80630A8
:1023E0000AE08B79C3F13C0394792344DBB28DF886
:1023F000063053795B1E537153794C79A34206DB47
:1024000053794C791B1BDBB28DF805300AE04B7910
:10241000C3F13C0354792344DBB28DF805301379C2
:102420005B1E137113790C79A34206DB13790C79C7
:102430001B1BDBB28DF8043007E00B79C3F11803E6
:1024400014792344DBB28DF804309DF80430C3EBDB
:1024500003139B00C3EB03139B009DF80540C4EBE3
:10246000041403EB84039DF8064018191CBD0246B2
:1024700010790B79984201DD0120704710790B79B2
:10248000984202DA4FF0FF30F7E750794B799842E3
:1024900001DD0120F1E750794B79984202DA4FF0E3
:1024A000FF30EAE790798B79984201DD0120E4E77B
:1024B00090798B79984202DA4FF0FF30DDE7002007
:1024C000DBE70146088840F63402904204DC0888C5
:1024D00040F2E372904202DA4FF0FF3070478878A2
:1024E0000C2802DC8878012802DA4FF0FF30F5E78B
:1024F000C8781F2802DCC878012802DA4FF0FF30C4
:10250000ECE70879172802DC0879002802DA4FF096
:10251000FF30E3E748793C2802DC4879002802DAFA
:102520004FF0FF30DAE788793C2802DC8879002810
:1025300002DA4FF0FF30D1E70020CFE710B50648B0
:10254000FFF71AFF0448008840F2E371884201DA7D
:10255000012010BD0020FCE70C0B0020FE490860A4
:102560007047FE4908607047FD4908607047FD49A3
:1025700008607047FC4908607047FC490860704774
:10258000FB4908607047FB4908607047FA490860DA
:102590007047FA4908607047F94908607047F9497F
:1025A00008607047F84908607047F849086070474C
:1025B000F74908607047F74908607047F6490860B6
:1025C0007047F64908607047F548807870470020EA
:1025D000F34988707047F24908800021F04A9170F1
:1025E0007047F048807870470020EE498870704747
:1025F000EC4908800021EB4A9170704770B50446A1
:1026000000256179207901EB002085B2E0788228ED
:1026100002D0832875D103E00120E149887019E1D7
:10262000E0480088A84202D10120DE49887045F6C2
:102630004001681A8D4270D01DDC45F23071A5EB67
:1026400001008D425ED00DDCA5F58040A0F5A150C3
:10265000A8B3E02828D0B0F5987F31D0B0F5407FFE
:1026600073D143E0202859D0502862D0602861D02F
:10267000E028F5D16BE0902868D008DC102871D0F4
:10268000302870D060286FD07028E9D19CE0D02825
:102690006BD0F0286AD0B0F5BF5F68D0A0F5B85015
:1026A000F0380028DCD1C6E0BA48006830B1A07824
:1026B000C01EC1B2201DB74A12689047C7E00AE0A9
:1026C000B548006830B1A078C01EC1B2201DB24A22
:1026D00012689047BBE0B148006830B1A078C01ED6
:1026E000C1B2201DAD4A12689047B0E0A64800680C
:1026F00030B1A078C01EC1B2201DA34A1268904715
:10270000A5E0A6E0A148006830B1A078C01EC1B223
:10271000201D9E4A1268904799E029E09C48006875
:1027200030B1A078C01EC1B2201D994A12689047EE
:102730008DE08CE09248006830B1A078C01EC1B234
:10274000201D8F4A1268904781E07FE047E08D4866
:10275000006830B1A078C01EC1B2201D894A12683D
:10276000904774E00FE019E023E043E04DE057E0CC
:102770008048006830B1A078C01EC1B2201D7D4ADB
:102780001268904763E07C48006830B1A078C01EB2
:10279000C1B2201D784A1268904758E07748006817
:1027A00030B1A078C01EC1B2201D744A1268904793
:1027B0004DE06D48006830B1A078C01EC1B2201D48
:1027C000694A1268904742E06848006830B1A078D2
:1027D000C01EC1B2201D654A1268904737E06448A8
:1027E000006830B1A078C01EC1B2201D604A1268D6
:1027F00090472CE05B48006830B1A078C01EC1B2A1
:10280000201D584A1268904721E05548006830B1B1
:10281000A078C01EC1B2201D514A1268904716E030
:102820004E48006830B1A078C01EC1B2201D4B4A8E
:10283000126890470BE04848006830B1A078C01E8D
:10284000C1B2201D444A1268904700E000BF00BF9B
:1028500000E000BF00BF70BD2DE9F0410446002537
:10286000002700265048007801280FDA5A2C09D199
:102870004E484D49097844544B480078401C4A4919
:102880000870C7E0002048490870C3E04648007857
:1028900002280FDAA52C09D1444843490978445449
:1028A00041480078401C40490870B3E000203E4990
:1028B0000870AFE03C48007803280FDAFA2C09DAF8
:1028C0003A4839490978445437480078401C364919
:1028D00008709FE00020344908709BE0324800787F
:1028E000042811DA822C01D0832C09D12F482E49DB
:1028F000097844542C480078401C2B49087089E022
:1029000000202949087085E027480078FF2809DA67
:10291000264825490978445423480078401C224918
:10292000087002E00020204908701F480078C01E8F
:102930001E49897888426DDB1C488078801E81B2F0
:102940001A48C01C00F01EF9074617480078401EC0
:102950001649095C14482BE0600B0020640B002032
:102960005C0B0020580B00204C0B0020500B00206B
:10297000540B0020400B0020440B0020480B00208B
:10298000380B00203C0B00202C0B0020300B0020CB
:10299000340B0020200B0020240B0020280B0020EB
:1029A000160B00201A0B0020140B0020C4AC0020D2
:1029B0000078801E1D4A105C01EB002086B2B742F1
:1029C00025D110464178007801EB00201849088095
:1029D0001046807888701046C078C870002507E0DF
:1029E000281D1249095C1248001D4155681CC5B2DA
:1029F0000F488078C01EA842F2DC0D48A0F8FE60A7
:102A000000200C4908700A48FFF7F8FD02E000209A
:102A100008490870BDE8F08110B50120F6F76AFC9E
:102A2000AFF2CB110120F6F773FC10BDC4AC00204F
:102A3000C4AB0020140B002070B505460024288884
:102A4000C11700EB1161C1F30721404A1155641C05
:102A50002888C11700EB11610912A0EB0121115563
:102A6000641CA87811460855641CE8780855641C55
:102A7000002607E0281D805D34490855601CC4B25B
:102A8000701CC6B2A878C01EB042F3DCB5F8FE00D8
:102A9000C11700EB1161C1F307212C4A1155601CCD
:102AA000C4B2B5F8FE00C11700EB11610912A0EB2A
:102AB00001211155601CC4B2224624490120F6F7B9
:102AC0009DFC70BD2DE9F04106460F46154645F6C2
:102AD000A5201F490880E81C88700846C67000249D
:102AE00005E0395D1A48001D0155601CC4B2AC42B6
:102AF000F7DB17488078801E81B21548C01C00F0B3
:102B000041F81349A1F8FE000846FFF795FFBDE81C
:102B1000F08170B504460D46217862788818FFF779
:102B20005AFD2A4621468320FFF7CCFF70BD70B5C1
:102B300004460D46217862788818FFF74CFD2A4636
:102B400021468220FFF7BEFF70BD0000C4AE00200A
:102B5000C4AD002070B502460C46FF25FF2309E0F6
:102B600012F8010B80EA03010E48405C80EA05037D
:102B70000D48455C2000A4F10106B4B2F0D143EA4F
:102B8000052070BDF0B506460F46002400253946E5
:102B90003046FFF7DFFF04462512E0B245EA002584
:102BA0002846F0BD680B0020680C00200022FD4B79
:102BB0009A7201221A70704770B504460D46F2F7FA
:102BC00032FAF849888108468089897A01EB8101C7
:102BD000A0EB410030B1F348807A401CF149887283
:102BE0000120087070BDEF4A927A22B1ED4A927AC4
:102BF000521EEC4B9A720122EA4B1A7070477047D2
:102C000070B504460D46F4F7D7FF70BD70B50546A4
:102C10000E4606B970BD4021E34804F07DF900245A
:102C20000BE0E01C285CFF2804D0E01C285CDE4997
:102C3000085500E004E0601CC4B2F01EA042F0DCC5
:102C400000BF00BFE6E770B505460E4606B970BD89
:102C50000A21D548403004F05FF900240CE0E01C64
:102C6000285CFF2805D0E01C295CCF484030015586
:102C700000E004E0601CC4B2F01EA042EFDC00BF24
:102C800000BFE4E770B504460D46C748F2F73BF9CC
:102C900070BD10B5024601B910BDC44B00241C60C4
:102CA0005C609C60DC6000200BE0C31CD35CFF2BED
:102CB00004D0C31CD35CBD4C235400E004E0431C8F
:102CC000D8B2CB1E8342F0DC00BF00BFE4E710B5F2
:102CD000024601B910BDB54B00241C615C619C61CA
:102CE000DC6100200CE0C31CD35CFF2B05D0C31CAF
:102CF000D45CAE4B10331C5400E004E0431CD8B24B
:102D0000CB1E8342EFDC00BF00BFE3E770B5044693
:102D10000D46A648F2F716F970BD10B5024609B186
:102D2000112900DA10BD002005E0C31CD35CA04CC3
:102D30002354431CD8B21828F7DB00BFF2E770B564
:102D400004460D4618219A48F2F72BF8182145F24F
:102D5000907001F034FF70BD10B5024601B910BD8E
:102D60000024944B83F83E40002014E0C31CD35C45
:102D7000FF2B0DD0C31CD45C8E4B2A331C542A3B32
:102D800093F83E305B1CDCB28A4B83F83E4000E097
:102D900004E0431CD8B2CB1E8342E7DC00BF00BF77
:102DA000DDE710B5024601B910BD0024814B83F860
:102DB0005340002014E0C31CD35CFF2B0DD0C31C78
:102DC000D45C7C4B3F331C543F3B93F853305B1C2B
:102DD000DCB2784B83F8534000E004E0431CD8B2E7
:102DE000CB1E8342E7DC00BF00BFDDE770B50546C0
:102DF0000E46002406E06F482A30005D6D490855F4
:102E0000601CC4B26B4890F83E00A042F3DC6948F5
:102E100090F83E0067490875002406E065483F3099
:102E2000015D2A380155601CC4B2624890F8530015
:102E3000A042F3DC5F4890F853005E4981F8290016
:102E40000846F2F7ADF870BD10B5024601B910BDE5
:102E50000024584B83F83E40002014E0C31CD35C90
:102E6000FF2B0DD0C31CD45C524B2A331C542A3B7D
:102E700093F83E305B1CDCB24E4B83F83E4000E0E2
:102E800004E0431CD8B2CB1E8342E7DC00BF00BF86
:102E9000DDE710B5024601B910BD0024454B83F8AB
:102EA0005340002014E0C31CD35CFF2B0DD0C31C87
:102EB000D45C404B3F331C543F3B93F853305B1C76
:102EC000DCB23C4B83F8534000E004E0431CD8B232
:102ED000CB1E8342E7DC00BF00BFDDE70022354B9D
:102EE00083F8552083F85620A3F85820012283F850
:102EF0005420704710B52F4890F85400002878D01F
:102F00002C4890F855000C2874D2DFE800F00674C5
:102F10007E88929CA6B0BAC4CED62648017D90F891
:102F20003E00814206D1234890F8291090F85300C2
:102F300081420AD000201F49A1F8580081F85600AC
:102F400081F8550081F8540010BD002412E01948A2
:102F5000015D2A30005D81420AD000201549A1F8A8
:102F6000580081F8560081F8550081F85400EBE7CD
:102F7000601CC4B20F48007DA042E8DC00241DE0C4
:102F80000C481530015D2A30005D814214D00020CC
:102F90000849A1F8580081F8560081F8550081F8D9
:102FA0005400D1E7C8B1002074B1002054B1002012
:102FB00034B10020DAB00020601CC4B2F84890F8A8
:102FC0002900A042DCDC0120F54981F855001421DC
:102FD000F3482A3003F07EFF0021F14880F83E10CC
:102FE00014213F3003F076FF0021ED4880F85310A4
:102FF000B5E0B5E0B2E014214FF4AA4001F0DFFDE6
:103000000220E74981F85500A9E0142145F250500B
:1030100001F0D5FD0320E24981F855009FE014211D
:1030200045F2207001F0CBFD0420DD4981F8550008
:1030300095E0142145F2307001F0C1FD0520D8491A
:1030400081F855008BE0202145F2907001F0B7FD2A
:103050000620D34981F8550081E0142145F640004F
:1030600001F0ADFD0720CE4981F8550077E014212D
:1030700045F6500001F0A3FD0820C94981F855002C
:103080006DE0202145F6A00001F099FD0920C4491A
:1030900081F8550063E00A2145F6B00001F08FFD8C
:1030A0000A20BF4981F8550059E0022001F074FD63
:1030B0000B20BB4981F8550051E0FFF785FAC8B1F4
:1030C000F7F7B0FC6A2803D16620F7F7AEFC06E0FC
:1030D000F7F7A8FC682802D10020F7F7A6FC00202B
:1030E000AF49A1F8580081F8560081F8550081F8E1
:1030F000540032E0AA48B0F85800642807DAA8481B
:10310000B0F85800401CA649A1F8580025E000205E
:10311000A349A1F85800084690F85600022809DA99
:10312000084690F85600401C81F85600002081F8AF
:10313000550012E0F7F776FC662803D16A20F7F70E
:1031400074FC02E06820F7F770FC0020944981F8D5
:10315000560081F8550081F8540000E000BF00BF20
:1031600000BFF1E6F0B505AC70CC8E4FF880397237
:103170007A72BB72FC723D737E730027DFF824C243
:103180008CF801708CF80270ACF8047001278CF890
:103190000070F0BD3EB58348007800285CD08148BF
:1031A000407810B1012856D113E07E48407B7D491C
:1031B000097B7C4AD27A7B4CCDE900210290A37A2C
:1031C000627A217AA07901F086FB012021464870BD
:1031D00041E0FFF7F9F9A8B1F7F724FC6A2803D119
:1031E0006620F7F722FC06E0F7F71CFC682802D1FE
:1031F0000020F7F71AFC00206A4988808870487020
:10320000087027E067488088642805DA6548808868
:10321000401C644988801DE000206249888008467F
:103220008078022806DA08468078401C88700020E2
:1032300048700FE0F7F7F6FB662803D16A20F7F72E
:10324000F4FB02E06820F7F7F0FB00205549887096
:103250004870087000BF00BF3EBD53498870002110
:10326000514A5170D170918001211170704710B591
:103270004D480078002851D04B48407810B10128C3
:103280004AD107E04849887801F0A8FB0120464967
:10329000487042E0FFF798F9A8B1F7F7C3FB6A2836
:1032A00003D16620F7F7C1FB06E0F7F7BBFB682800
:1032B00002D10020F7F7B9FB00203B498880C87095
:1032C0004870087027E038488088642805DA364856
:1032D0008088401C344988801DE000203249888065
:1032E0000846C078022806DA0846C078401CC87034
:1032F000002048700FE0F7F795FB662803D16A209D
:10330000F7F793FB02E06820F7F78FFB00202649D0
:10331000C8704870087000E000BF00BF10BD2349AE
:1033200088700021214A5170D17091800121117063
:10333000704710B51D48007800285AD01B484078C7
:1033400010B1012853D107E01849887801F007FB34
:103350000120164948704BE0FFF736F9A8B1F7F79E
:1033600061FB6A2803D16620F7F75FFB06E0F7F7F9
:1033700059FB682802D10020F7F757FB00200B49C2
:103380008880C8704870087030E0084880886428D9
:103390000EDA06488088401C0449888026E0000038
:1033A000DAB00020CCB000206E0D0020680D0020A7
:1033B0000020FA4988800846C078022806DA0846C4
:1033C000C078401CC870002048700FE0F7F72AFB57
:1033D000662803D16A20F7F728FB02E06820F7F798
:1033E00024FB0020ED49C8704870087000E000BF61
:1033F00000BF10BDEA4988700021E94A5170D170C0
:10340000918001211170704710B5E54800780028BF
:1034100051D0E348407810B101284AD107E0E04993
:10342000887801F04AFB0120DD49487042E0FFF74F
:10343000CBF8A8B1F7F7F6FA6A2803D16620F7F7B8
:10344000F4FA06E0F7F7EEFA682802D10020F7F761
:10345000ECFA0020D2498880C8704870087027E0D4
:10346000CF488088642805DACD488088401CCC4944
:1034700088801DE00020CA4988800846C07802285C
:1034800006DA0846C078401CC870002048700FE07B
:10349000F7F7C8FA662803D16A20F7F7C6FA02E000
:1034A0006820F7F7C2FA0020BD49C870487008705C
:1034B00000E000BF00BF10BD0021BA4A51709170FA
:1034C00091801146886001211170704710B5B54890
:1034D0000078002851D0B348407810B101284AD173
:1034E00007E0B049886800F039FD0120AD49487017
:1034F00042E0FFF769F8A8B1F7F794FA6A2803D118
:103500006620F7F792FA06E0F7F78CFA682802D1FE
:103510000020F7F78AFA0020A24988808870487056
:10352000087027E09F488088642805DA9D488088D5
:10353000401C9C4988801DE000209A4988800846EC
:103540008078022806DA08468078401C88700020BF
:1035500048700FE0F7F766FA662803D16A20F7F79C
:1035600064FA02E06820F7F760FA00208D4988705D
:103570004870087000E000BF00BF10BD00218A4AFB
:1035800051709170918011468860012111707047CF
:1035900010B585480078002851D08348407810B194
:1035A00001284AD107E08049886800F0B3FC012077
:1035B0007D49487042E0FFF707F8A8B1F7F732FA03
:1035C0006A2803D16620F7F730FA06E0F7F72AFAFF
:1035D000682802D10020F7F728FA00207249888075
:1035E00088704870087027E06F488088642805DA82
:1035F0006D488088401C6C4988801DE000206A4925
:10360000888008468078022806DA08468078401CC0
:103610008870002048700FE0F7F704FA662803D19D
:103620006A20F7F702FA02E06820F7F7FEF90020B7
:103630005D4988704870087000E000BF00BF10BD91
:1036400010B50446002059494870887088800C22C3
:1036500021465648C01DEFF733FE0120534908703C
:1036600010BD10B551480078002851D04F4840781F
:1036700010B101284AD107E04C48C01D00F092FC6F
:1036800001204A49487042E0FEF79EFFA8B1F7F7D3
:10369000C9F96A2803D16620F7F7C7F906E0F7F7FA
:1036A000C1F9682802D10020F7F7BFF900203F498F
:1036B000888088704870087027E03C4880886428BB
:1036C00005DA3A488088401C384988801DE000208F
:1036D0003649888008468078022806DA08468078CD
:1036E000401C8870002048700FE0F7F79BF96628AF
:1036F00003D16A20F7F799F902E06820F7F795F906
:1037000000202A4988704870087000E000BF00BFA0
:1037100010BD274988700021254A5170D1709180D1
:1037200001211170704710B5FDF7F4FB21490978AC
:10373000884207D0FDF7EEFB1E4908700846007866
:10374000FFF7E7FF1A480078002860D01848407853
:1037500010B1012859D107E01549887801F07DF9A9
:1037600001201349487051E0FEF72EFFA8B1F7F78A
:1037700059F96A2803D16620F7F757F906E0F7F7F9
:1037800051F9682802D10020F7F74FF900200849C5
:103790008880C8704870087036E00DE0680D002021
:1037A000800D0020DCB10020E8B10020F4B1002041
:1037B000740D0020860D0020FD488088642805DAFD
:1037C000FB488088401CFA4988801DE00020F849A9
:1037D00088800846C078022806DA0846C078401C6F
:1037E000C870002048700FE0F7F71CF9662803D175
:1037F0006A20F7F71AF902E06820F7F716F90020B7
:10380000EB49C8704870087000E000BF00BF10BDF1
:103810000021E84A91709180D170114648700121D1
:103820001170704710B5F3F782F800284AD1F5F708
:103830002DFA002846D1F7F7F2F850B1DE480078AB
:1038400000283FD10120DC4908700920FFF7E0FF84
:1038500038E0FDF75FFBD9490978884208D1D6489E
:10386000007828B9FAF764F8D5490978884229D050
:10387000FAF75EF8D2490870FDF74CFBCF490870A3
:103880000020CD490870FDF745FBC0B1F1F7EDFA16
:1038900050B1FAF74DF818B10220FFF7B9FF11E067
:1038A0000320FFF7B5FF0DE0F1F7C7FA18B10520C7
:1038B000FFF7AEFF06E00420FFF7AAFF02E00020BA
:1038C000FFF7A6FFBB480078002851D0B9488078A0
:1038D00010B101284AD107E0B649487801F05CF9F7
:1038E0000120B449887042E0FEF76EFEA8B1F7F7F8
:1038F00099F86A2803D16620F7F797F806E0F7F7FA
:1039000091F8682802D10020F7F78FF80020A94924
:103910008880C8708870087027E0A648808864286E
:1039200005DAA4488088401CA24988801DE0002058
:10393000A04988800846C078022806DA0846C07880
:10394000401CC870002088700FE0F7F76BF86628FD
:1039500003D16A20F7F769F802E06820F7F765F805
:1039600000209449C8708870087000E000BF00BF54
:1039700010BD30B5934C247804B130BD0024914D76
:103980006C706C802C712C466071A171E271237295
:1039900001242C7000BFF0E710B58A480078002899
:1039A00054D08848407810B101284DD10AE0854CA8
:1039B000237AE279A179607901F021F90120214689
:1039C000487042E0FEF700FEA8B1F7F72BF86A282E
:1039D00003D16620F7F729F806E0F7F723F86828FF
:1039E00002D10020F7F721F80020764948800871BD
:1039F0004870087027E073484088642805DA7148E9
:103A00004088401C6F4948801DE000206D49488077
:103A100008460079022806DA08460079401C087139
:103A2000002048700FE0F6F7FDFF662803D16A20FA
:103A3000F6F7FBFF02E06820F6F7F7FF0020614988
:103A400008714870087000E000BF00BF10BD10B5DD
:103A500002465D4B83F80611002005E0145C5A4BCA
:103A60009B1D1C54431CD8B28842F7DB0023564CE4
:103A70006370A380A3700123237010BD10B552485A
:103A80000078002853D05048407810B101284CD11C
:103A900009E04D4890F80611801D00F0F5FE012068
:103AA0004949487042E0FEF78FFDA8B1F6F7BAFF2A
:103AB0006A2803D16620F6F7B8FF06E0F6F7B2FFF2
:103AC000682802D10020F6F7B0FF00203E49888028
:103AD00088704870087027E03B488088642805DAC1
:103AE00039488088401C384988801DE000203649CC
:103AF000888008468078022806DA08468078401CCC
:103B00008870002048700FE0F6F78CFF662803D11C
:103B10006A20F6F78AFF02E06820F6F786FF0020A9
:103B2000294988704870087000E000BF00BF10BDD0
:103B300001460022254B5A709A709A80002005E0B9
:103B40000B5C224A921D1354421CD0B22028F7DB92
:103B500001221E4B1A70704710B51C4800780028CF
:103B600061D01A48407810B101285AD107E01748AF
:103B7000801D00F073FE01201449487052E0FEF7EA
:103B800023FD28B3F6F74EFF6A2803D16620F6F727
:103B90004CFF06E0F6F746FF682802D10020F6F752
:103BA00044FF00200949888088704870087037E019
:103BB000740D00207A0D0020880D0020870D002054
:103BC000890D002014B20020C4AF00201EB20020D6
:103BD000B3488088642805DAB1488088401CB04921
:103BE00088801DE00020AE49888008468078022841
:103BF00006DA08468078401C8870002048700FE084
:103C0000F6F710FF662803D16A20F6F70EFF02E0F0
:103C10006820F6F70AFF0020A149887048700870F4
:103C200000E000BF00BF10BD9E48007870472DE93E
:103C3000F04F09AC94E8F010DDE90F9ADDF8388018
:103C40004FF0000BDFF85CE28EF801B08EF802B0A6
:103C5000AEF804B0F346ABF80600ABF808108BF8EA
:103C60000A208BF80B308BF80C408BF80D508BF83A
:103C70000E608BF80F708BF810C08BF811808BF8EA
:103C80001290CBF814A0DDF844B0CEF818B04FF085
:103C9000010B8EF800B0BDE8F08F10B58AB08148F6
:103CA000007800286FD07F48407810B1012868D193
:103CB00025E07C4880697B4949697A4A927C794B46
:103CC0005B7CCDE90532CDE907107648007C75496B
:103CD000C97B744A927B734B5B7BCDE90132CDE9A2
:103CE00003107048007B6F4C0090E37AA27A218920
:103CF000E08800F063FA01202146487042E0FEF7B8
:103D000063FCA8B1F6F78EFE6A2803D16620F6F7A9
:103D10008CFE06E0F6F786FE682802D10020F6F752
:103D200084FE00205F49888088704870087027E012
:103D30005C488088642805DA5A488088401C5949C4
:103D400088801DE000205749888008468078022836
:103D500006DA08468078401C8870002048700FE022
:103D6000F6F760FE662803D16A20F6F75EFE02E0F1
:103D70006820F6F75AFE00204A498870487008709B
:103D800000E000BF00BF0AB010BD10B5FFF769FC2E
:103D90004548007800B110BDFFF770FE4348007839
:103DA00000B1F8E7FFF7D8FE3D48007800B1F2E730
:103DB000FFF738FD3E48007800B1ECE7FFF7EAF97D
:103DC0003C48007800B1E6E7FFF7E2FB3A480078AC
:103DD00000B1E0E7FFF77AFB3848007800B1DAE796
:103DE000FFF7A7FA3648007800B1D4E7FFF73FFAAB
:103DF0003448007800B1CEE7FFF7CEFD32480078B6
:103E000000B1C8E700BFC6E710B53048F1F7B0F819
:103E100000F07CF8AFF6CF70FEF7CDFBAFF68D70FB
:103E2000FEF7CCFBAFF64B70FEF7CBFB2848FEF756
:103E3000B9FB2848FEF7B9FB2748FEF7B9FB27482E
:103E4000FEF7AAFB2648FEF7AAFB2648FEF79BFBD7
:103E50002548FEF79BFB2548FEF79BFB2448FEF711
:103E600089FB2448FEF789FB2348FEF789FB23489A
:103E7000FEF77DFB2248FEF777FB2248FEF76EFB3C
:103E80002148FEF76EFB0020F3F714FA18B10C205E
:103E9000FFF7BEFC02E00020FFF7BAFC10BD0000F7
:103EA0001EB2002044B20020F4B10020C4AF0020B4
:103EB0007A0D0020CCB00020E8B10020DCB1002059
:103EC000680D00206E0D002014B20020DAB0002032
:103ED000592D0108A32D0108ED2D01081B2D010806
:103EE0003F2D0108932C0108CF2C01080D2D01084E
:103EF0000D2C0108472C0108852C0108012C010814
:103F0000AD2B0108B92B0108E72B010810B5FEF70E
:103F100083FD10BD10B504467120FE490870602075
:103F20004870642094FBF0F030308870642094FB7B
:103F3000F0F100FB11400A2190FBF1F03030F5491F
:103F4000C8700A2094FBF0F100FB11403030F149B9
:103F500008710521EF48FEF7EAFD10BD10B50446D3
:103F60007120EC49087020204870642094FBF0F028
:103F700030308870642094FBF0F100FB11400A217E
:103F800090FBF1F03030E349C8700A2094FBF0F167
:103F900000FB11403030DF4908710521DD48FEF794
:103FA000C6FD10BD10B504467F20DA4908702020F8
:103FB0004870207888706078C870A0780871E078C0
:103FC0004871207988716079C871A0790872E079A8
:103FD0004872207A8872607AC872A07A0873E07A90
:103FE00048730E21CB48FEF7A2FD10BD10B571201D
:103FF000C8490870802048700221C648FEF797FD26
:1040000010BD2DE9FE4306460F4690461C460A9D0C
:10401000C1A207CA8DE807007120BE4908700020C0
:1040200048709DF8000088709DF80100C8709DF8E8
:10403000020008719DF8030048719DF80400887122
:104040009DF80500C8719DF8060008729DF80700EC
:1040500048723A2088720A2096FBF0F03030C8721D
:104060000A2096FBF0F100FB11603030A94908737B
:104070002D2048730A2097FBF0F0303088730A2017
:1040800097FBF0F100FB11703030A249C8732D206E
:1040900008740A2098FBF0F0303048740A2098FB2E
:1040A000F0F100FB118030309A4988742C20C874DC
:1040B0009C48B4FBF0F0303008759A48B4FBF0F13E
:1040C00000FB114042F21071B0FBF1F03030914929
:1040D000487542F21070B4FBF0F100FB11404FF450
:1040E0007A71B0FBF1F030308A4988754FF47A70FC
:1040F000B4FBF0F100FB11406421B0FBF1F0303073
:104100008449C8756420B4FBF0F100FB11400A211A
:10411000B0FBF1F030307F4908760A20B4FBF0F1B3
:1041200000FB114030307B4948762C2088767D4852
:10413000B5FBF0F03030C8767A48B5FBF0F100FB03
:10414000115042F21071B0FBF1F030307149087734
:1041500042F21070B5FBF0F100FB11504FF47A7190
:10416000B0FBF1F030306B4948774FF47A70B5FB13
:10417000F0F100FB11506421B0FBF1F030306549E3
:1041800088776420B5FBF0F100FB11500A21B0FBE9
:10419000F1F030305F49C8770A20B5FBF0F100FB41
:1041A000115030305B4981F820002E2081F8210029
:1041B00022215848FEF7BBFCBDE8FE832DE9F04FF5
:1041C000A5B004460D4616461F46DDE930ABDDE9D5
:1041D0002E8955A103C9CDE9230155A103C9CDE914
:1041E000210155A103C9CDE91F0155A207CA1CAB86
:1041F00007C356A2D2E900109268CDE91A021991BC
:1042000055A30FCBCDE91723CDE9150156A2D2E96D
:104210000030D2E90212CDE91130CDE9131256A3D4
:10422000D3E90012D3E90203CDE90F03CDE90D1262
:1042300055A3D3E901021968DB68CDE90B23CDE969
:10424000091055A3D3E901211868DB68CDE90713EC
:10425000CDE9050254A3D3E90021D3E90203CDE956
:104260000303CDE901212046E11704EB1161090A9E
:10427000284A1170E11704EB11610912A4EB012126
:1042800051704FF47A7095FBF0F030301146887021
:104290004FF47A7095FBF0F100FB1150642190FB14
:1042A000F1F030301146C870642095FBF0F100FB4E
:1042B00011500A2190FBF1F03030114608710A20AC
:1042C00095FBF0F100FB11503030114648712D2064
:1042D00088710A2096FBF0F03030C8710A2096FBF6
:1042E000F0F100FB11603030114608722D20487249
:1042F0000A2097FBF0F0303088720A2097FBF0F12B
:1043000000FB117030301146C872202008730A205B
:1043100052E0000060B20020B9CAD5CFD0C5CFA20C
:1043200000000000A0860100BBF5B9F1BAC53A0053
:10433000B2E3BCDCBAC53A00BBF5B5C0BAC53A00B9
:10434000B3F6BBF5B3C9B9A600000000B3F6BBF5E0
:10435000CAA7B0DC00000000BAECCDE2BCECB2E2CF
:10436000B3C9B9A600000000BAECCDE2BCECB2E2E1
:10437000CAA7B0DC00000000BAECCDE2C4A3BFE9DC
:10438000B9CAD5CF00000000BBF5B5C0B5E7BBFA90
:10439000D5FDB3A300000000BBF5B5C0B5E7BBFA7F
:1043A000B3ACCAB100000000BBF5B5C0B5E7BBFABD
:1043B000C0EBCFDF0000000098FBF0F03030487316
:1043C0000A2098FBF0F100FB118030301146887311
:1043D0003A20C8730A2099FBF0F0303008740A20A4
:1043E00099FBF0F100FB11903030114648743A20EF
:1043F00088740A209AFBF0F03030C8740A209AFBC7
:10440000F0F100FB11A030301146087520204875EE
:104410005B2088759DF88C00C8759DF88D00087626
:104420009DF88E0048769DF88F0088769DF8900064
:10443000C8769DF8910008779DF8920048770A2089
:104440009BFBF0F0303088770A209BFBF0F100FBFB
:1044500011B030301146C8772C2081F820009DF82B
:10446000840081F821009DF8850081F822009DF8E4
:10447000860081F823009DF8870081F824009DF8CC
:10448000880081F825009DF8890081F826009DF8B4
:104490008A0081F827000A21329890FBF1F0303031
:1044A000114681F828000A21329890FBF1F201FBB5
:1044B00012003030F94981F829002C2081F82A00B7
:1044C0009DF87C0081F82B009DF87D0081F82C0080
:1044D0009DF87E0081F82D009DF87F0081F82E0068
:1044E0009DF8800081F82F009DF8810081F8300050
:1044F0009DF8820081F831000A21339890FBF1F099
:104500003030E64981F832000A21339890FBF1F20D
:1045100001FB12003030E14981F833002C2081F892
:104520003400349818B39DF8700081F835009DF878
:10453000710081F836009DF8720081F837009DF80F
:10454000730081F838009DF8740081F839009DF8F7
:10455000750081F83A009DF8760081F83B009DF8DF
:10456000770081F83C002C2081F83D0023E09DF885
:104570006400CA4981F835009DF8650081F836006D
:104580009DF8660081F837009DF8670081F83800D3
:104590009DF8680081F839009DF8690081F83A00BB
:1045A0009DF86A0081F83B009DF86B0081F83C00A3
:1045B0002C2081F83D00BA493598884234D19DF8C5
:1045C0002400B64981F83E009DF8250081F83F009F
:1045D0009DF8260081F840009DF8270081F84100F1
:1045E0009DF8280081F842009DF8290081F84300D9
:1045F0009DF82A0081F844009DF82B0081F84500C1
:104600009DF82C0081F846009DF82D0081F84700A8
:104610009DF82E0081F848009DF82F0081F8490090
:104620002C2081F84A006CE09E493598884234D1AC
:104630009DF81400994981F83E009DF8150081F815
:104640003F009DF8160081F840009DF8170081F8A2
:1046500041009DF8180081F842009DF8190081F88A
:1046600043009DF81A0081F844009DF81B0081F872
:1046700045009DF81C0081F846009DF81D0081F85A
:1046800047009DF81E0081F848009DF81F0081F842
:1046900049002C2081F84A0033E09DF804007F494E
:1046A00081F83E009DF8050081F83F009DF8060066
:1046B00081F840009DF8070081F841009DF808004E
:1046C00081F842009DF8090081F843009DF80A0036
:1046D00081F844009DF80B0081F845009DF80C001E
:1046E00081F846009DF80D0081F847009DF80E0006
:1046F00081F848009DF80F0081F849002C2081F8CE
:104700004A0069493698884234D19DF8540063497B
:1047100081F84B009DF8550081F84C009DF856003B
:1047200081F84D009DF8570081F84E009DF8580023
:1047300081F84F009DF8590081F850009DF85A000B
:1047400081F851009DF85B0081F852009DF85C00F3
:1047500081F853009DF85D0081F854009DF85E00DB
:1047600081F855009DF85F0081F856005D2081F8C2
:1047700057006CE04D493698884234D19DF844008A
:10478000464981F84B009DF8450081F84C009DF8A2
:10479000460081F84D009DF8470081F84E009DF8D5
:1047A000480081F84F009DF8490081F850009DF8BD
:1047B0004A0081F851009DF84B0081F852009DF8A5
:1047C0004C0081F853009DF84D0081F854009DF88D
:1047D0004E0081F855009DF84F0081F856005D208D
:1047E00081F8570033E09DF834002C4981F84B00E4
:1047F0009DF8350081F84C009DF8360081F84D0099
:104800009DF8370081F84E009DF8380081F84F0080
:104810009DF8390081F850009DF83A0081F8510068
:104820009DF83B0081F852009DF83C0081F8530050
:104830009DF83D0081F854009DF83E0081F8550038
:104840009DF83F0081F856005D2081F857005821FF
:104850001248FEF76CF925B0BDE8F08F70B505463B
:1048600050200E49087000204870002405E0295DA2
:10487000A01C0A4A1154601CC4B2202CF7DB222170
:104880000648FEF754F970BD70B506460C46522036
:10489000024908704020487000250FE060B20020F7
:1048A000888A0100B58B0100708E01000190010023
:1048B000715DA81CF84A1154681CC5B2A542F7DB0B
:1048C000FF21A01CF44A1154E01C1154211D104674
:1048D000FEF72DF970BD2DE9F04705460E4614464A
:1048E0009A46DDE90989089F0020EB4908709C2061
:1048F00048705A208870A520C870642095FBF0F19C
:1049000000FB1150E44908710D2096FBF0F100FB0B
:104910001160E14948712046E11704EBD16149116A
:10492000A4EB4111DC4A9171182097FBF0F100FBD8
:1049300011701146C8713C2098FBF0F100FB11800A
:10494000114608723C2099FBF0F100FB11901146D2
:1049500048720A211046FEF7EAF8BDE8F0873EB536
:104960000446CEA000680290CDA103C9CDE90001A4
:10497000FF2C15D15020C8490870802048709DF840
:10498000000088709DF80100C8709DF80200087151
:104990009DF8030048710621BF48FEF7C8F81CE0E7
:1049A000632C00DD63245020BB49087080204870D0
:1049B000202088700A2094FBF0F03030C8700A2064
:1049C00094FBF0F100FB11403030B3490871202016
:1049D00048710621B048FEF7AAF83EBD3EB5044630
:1049E000AEA000680290AEA103C9CDE90001FF2C82
:1049F00015D17F20A8490870F02048709DF800006C
:104A000088709DF80100C8709DF8020008719DF83B
:104A1000030048710621A048FEF789F81CE0632CCA
:104A200000DD63247F209C490870F020487020201E
:104A300088700A2094FBF0F03030C8700A2094FB94
:104A4000F0F100FB1140303093490871202048718B
:104A500006219148FEF76BF83EBD1FB5044692A0B3
:104A600003C8CDE90201AFF2B86103C9CDE9000185
:104A70005020894908706020487064B19DF8080092
:104A800088709DF80900C8709DF80A0008719DF8AB
:104A90000B0048710CE09DF800007F4988709DF87C
:104AA0000100C8709DF8020008719DF8030048716C
:104AB00006217948FEF73BF81FBD10B588B00446C3
:104AC0007BA1D1E90023D1E90201CDE90423CDE99D
:104AD00006017BA3D3E90012D3E90203CDE9020367
:104AE000CDE9001251206C4908700020487044B391
:104AF0009DF8000088709DF80100C8709DF80200C4
:104B000008719DF8030048719DF8040088719DF8B4
:104B10000500C8719DF8060008729DF807004872EC
:104B20009DF8080088729DF80900C8729DF80A0077
:104B300008739DF80B0048730E215748FDF7F7FFE7
:104B400028E09DF81000544988709DF81100C87045
:104B50009DF8120008719DF8130048719DF814002B
:104B600088719DF81500C8719DF8160008729DF8AF
:104B7000170048729DF8180088729DF81900C872D5
:104B80009DF81A0008739DF81B0048730E214248D7
:104B9000FDF7CDFF08B010BD10B5044600203E491A
:104BA0000870842048705A2088700120C870002046
:104BB0000871084644710621FDF7B9FF10BD70B5B4
:104BC00004460D462046E11704EB1161090A324AFA
:104BD0001170E11704EB11610912A4EB012151706E
:104BE000002605E02021B01C2B4A1154701CC6B2CF
:104BF000AE42F7DBA91C2848FDF799FF70BD2DE9EF
:104C0000F04105460C4616461F46052D81F0D88515
:104C1000DFE815F005006C01ED046D08EB0B34B115
:104C2000012C72D0022C6ED0032C6DD10BE17520BB
:104C300019490870202048708870681C0A2190FB70
:104C4000F1F030301449C870681C0A2190FBF1F271
:104C500001FB120030301049087120204871887122
:104C6000C871601C0A2190FBF1F030300A490872CB
:104C7000601C0A2190FBF1F201FB12003030064962
:104C8000487220208872C872087326B94F20487372
:104C90004B20887321E01BE060B20020B6C8000002
:104CA000D2ECB3A300000000D4DACFDF0000000094
:104CB000C9E8B1B8C9D0CEB4C6F4D3C3000000006F
:104CC00020C7EBC9A8C2EBB9BACEEF2000000000A4
:104CD0004E20FE494873472088732020FB49C87343
:104CE0000874487427B94F2088744B20C87404E0B6
:104CF0004E20F64988744720C8741421F348FDF704
:104D000016FFF0E001E04FE0ECE07520EF4908709D
:104D10003020487020208870681C0A2190FBF1F038
:104D20003030EA49C870681C0A2190FBF1F201FB9F
:104D300012003030E5490871202048718871C8712F
:104D4000601C0A2190FBF1F03030E0490872601CD1
:104D50000A2190FBF1F201FB12003030DB4948726E
:104D600020208872C872087326B94F2048734B20E0
:104D7000887304E04E20D54948734720887320206B
:104D8000D249C8730874487427B94F2088744B20DF
:104D9000C87404E04E20CD4988744720C87414219B
:104DA000CA48FDF7C4FE9EE07520C849087040203F
:104DB000487020208870681C0A2190FBF1F0303088
:104DC000C249C870681C0A2190FBF1F201FB120075
:104DD0003030BE490871202048718871C871601C4C
:104DE0000A2190FBF1F03030B8490872601C0A21AA
:104DF00090FBF1F201FB12003030B44948722020E0
:104E00008872C872087326B94F2048734B20887384
:104E100004E04E20AD494873472088732020AB49F9
:104E2000C8730874487427B94F2088744B20C8741D
:104E300004E04E20A54988744720C8741421A34873
:104E4000FDF775FE4FE07520A049087050204870AE
:104E500020208870681C0A2190FBF1F030309B49BB
:104E6000C870681C0A2190FBF1F201FB120030307F
:104E700096490871202048718871C871601C0A2108
:104E800090FBF1F0303091490872601C0A2190FBD0
:104E9000F1F201FB120030308C49487220208872F8
:104EA000C872087326B94F2048734B20887304E0FA
:104EB0004E20864948734720887320208349C87351
:104EC0000874487427B94F2088744B20C87404E0D4
:104ED0004E207E4988744720C87414217B48FDF712
:104EE00026FE00E000BF00BF01F06BBC0B2C7DD2A2
:104EF000DFE804F00655A6FFF3F2F1F0EFEEEB0069
:104F00007520724908706020487020208870681CE5
:104F10000A2190FBF1F030306C49C870681C0A21FE
:104F200090FBF1F201FB120030306849087120203B
:104F300048718871C871601C0A2190FBF1F0303013
:104F400062490872601C0A2190FBF1F201FB120019
:104F500030305E49487220208872C872087326B9C2
:104F60004F2048734B20887304E04E205749487304
:104F70004720887320205549C8730874487427B99E
:104F80004F2088744B20C87404E04E204F49887429
:104F90004720C87414214D48FDF7C9FD25E375204D
:104FA0004A4908707020487020208870681C0A21C7
:104FB00090FBF1F030304549C870681C0A2190FB25
:104FC000F1F201FB12003030404908712020487195
:104FD0008871C871601C0A2190FBF1F030303B49A8
:104FE0000872601C0A2190FBF1F200E0FCE201FB78
:104FF000120030303549487220208872C872087318
:1050000026B94F2048734B20887304E04E202F4967
:1050100048734720887320202C49C873087448744B
:1050200027B94F2088744B20C87404E04E202749CC
:1050300088744720C87414212448FDF778FDD4E211
:105040007520224908708020487020208870681CD4
:105050000A2190FBF1F030301C49C870681C0A210D
:1050600090FBF1F201FB120030301849087120204A
:1050700048718871C871601C0A2190FBF1F03030D2
:1050800012490872601C0A2190FBF1F201FB120028
:1050900030300E49487220208872C872087326B9D1
:1050A0004F2048734B20887304E04E200749487313
:1050B0004720887320200549C8730874487477B95D
:1050C0004F2088744B20C8740EE03EE260B200208E
:1050D000E9E199E149E1F9E0A9E059E009E04E2070
:1050E000FE4988744720C8741421FC48FDF71FFD51
:1050F0007BE27520F9490870902048702020887064
:10510000681C0A2190FBF1F03030F449C870681C2B
:105110000A2190FBF1F201FB12003030EF490871D7
:10512000202048718871C871601C0A2190FBF1F041
:105130003030EA490872601C0A2190FBF1F201FB51
:1051400012003030E549487220208872C872087316
:1051500026B94F2048734B20887304E04E20DF4966
:105160004873472088732020DC49C873087448744A
:1051700027B94F2088744B20C87404E04E20D749CB
:1051800088744720C8741421D448FDF7D0FC2CE261
:105190007520D2490870A020487020208870681CB3
:1051A0000A2190FBF1F03030CC49C870681C0A210C
:1051B00090FBF1F201FB12003030C8490871202049
:1051C00048718871C871601C0A2190FBF1F0303081
:1051D000C2490872601C0A2190FBF1F201FB120027
:1051E0003030BE49487220208872C872087326B9D0
:1051F0004F2048734B20887304E04E20B749487312
:10520000472088732020B549C8730874487427B9AB
:105210004F2088744B20C87404E04E20AF49887436
:105220004720C8741421AD48FDF781FCDDE17520ED
:10523000AA490870B020487020208870681C0A2194
:1052400090FBF1F03030A549C870681C0A2190FB32
:10525000F1F201FB12003030A049087120204871A2
:105260008871C871601C0A2190FBF1F030309B49B5
:105270000872601C0A2190FBF1F201FB1200303031
:105280009649487220208872C872087326B94F2048
:1052900048734B20887304E04E20904948734720A0
:1052A000887320208D49C8730874487427B94F202B
:1052B00088744B20C87404E04E20884988744720C5
:1052C000C87414218548FDF732FC8EE175208349AE
:1052D0000870C020487020208870681C0A2190FB4C
:1052E000F1F030307D49C870681C0A2190FBF1F262
:1052F00001FB120030307949087120204871887113
:10530000C871601C0A2190FBF1F0303073490872BB
:10531000601C0A2190FBF1F201FB120030306F4952
:10532000487220208872C872087326B94F204873CB
:105330004B20887304E04E206849487347208873E7
:1053400020206649C8730874487427B94F208874B0
:105350004B20C87404E04E20604988744720C8740C
:1053600014215E48FDF7E3FB3FE175205B490870BF
:10537000D020487020208870681C0A2190FBF1F032
:1053800030305649C870681C0A2190FBF1F201FBCD
:105390001200303051490871202048718871C8715D
:1053A000601C0A2190FBF1F030304C490872601CFF
:1053B0000A2190FBF1F201FB12003030474948729C
:1053C00020208872C872087326B94F2048734B207A
:1053D000887304E04E204149487347208873202099
:1053E0003E49C8730874487427B94F2088744B200D
:1053F000C87404E04E20394988744720C8741421C9
:105400003648FDF794FBF0E0752034490870E02041
:10541000487020208870681C0A2190FBF1F0303021
:105420002E49C870681C0A2190FBF1F201FB1200A2
:1054300030302A490871202048718871C871601C79
:105440000A2190FBF1F0303024490872601C0A21D7
:1054500090FBF1F201FB120030302049487220200D
:105460008872C872087326B94F2048734B2088731E
:1054700004E04E20194948734720887320201749BB
:10548000C8730874487427B94F2088744B20C874B7
:1054900004E04E20114988744720C87414210F4835
:1054A000FDF745FBA1E075200C490870F02048701D
:1054B00020208870681C0A2190FBF1F030300749E9
:1054C000C870681C0A2190FBF1F201FB1200303019
:1054D0000249087120204871887101E060B2002003
:1054E000C871601C0A2190FBF1F03030FE4908724F
:1054F000601C0A2190FBF1F201FB12003030FA49E6
:10550000487220208872C872087326B94F204873E9
:105510004B20887304E04E20F3494873472088737A
:105520002020F149C8730874487427B94F20887443
:105530004B20C87404E04E20EB4988744720C8749F
:105540001421E948FDF7F3FA4FE07620E6490870A8
:105550000020487020208870681C0A2190FBF1F020
:105560003030E149C870681C0A2190FBF1F201FB60
:1055700012003030DC490871202048718871C871F0
:10558000601C0A2190FBF1F03030D7490872601C92
:105590000A2190FBF1F201FB12003030D24948722F
:1055A00020208872C872087326B94F2048734B2098
:1055B000887304E04E20CC4948734720887320202C
:1055C000C949C8730874487427B94F2088744B20A0
:1055D000C87404E04E20C44988744720C87414215C
:1055E000C148FDF7A4FA00E000BF00BF7CE40B2C2B
:1055F0007ED2DFE804F00655A5FCF0EFEEEDECEB13
:10560000EA007620B8490870102048702020887081
:10561000681C0A2190FBF1F03030B349C870681C57
:105620000A2190FBF1F201FB12003030AE49087103
:10563000202048718871C871601C0A2190FBF1F02C
:105640003030A9490872601C0A2190FBF1F201FB7D
:1056500012003030A449487220208872C872087342
:1056600026B94F2048734B20887304E04E209E4992
:1056700048734720887320209B49C8730874487476
:1056800027B94F2088744B20C87404E04E209649F7
:1056900088744720C87414219348FDF748FA24E31E
:1056A000762091490870202048708870681C0A2173
:1056B00090FBF1F030308C49C870681C0A2190FBD7
:1056C000F1F201FB12003030874908712020487147
:1056D0008871C871601C0A2190FBF1F0303082495A
:1056E0000872601C0A2190FBF1F201FB120000E03D
:1056F000FAE230307C49487220208872C872087300
:1057000026B94F2048734B20887304E04E20764919
:1057100048734720887320207349C87308744874FD
:1057200027B94F2088744B20C87404E04E206E497E
:1057300088744720C87414216B48FDF7F8F9D4E247
:105740007620694908703020487020208870681CD5
:105750000A2190FBF1F030306349C870681C0A21BF
:1057600090FBF1F201FB120030305F4908712020FC
:1057700048718871C871601C0A2190FBF1F03030CB
:1057800059490872601C0A2190FBF1F201FB1200DA
:1057900030305549487220208872C872087326B983
:1057A0004F2048734B20887304E04E204E494873C5
:1057B0004720887320204C49C8730874487467B91F
:1057C0004F2088744B20C8740CE03CE2ECE19CE173
:1057D0004CE1FCE0ACE059E009E04E20424988741D
:1057E0004720C87414214048FDF7A1F97DE27620D6
:1057F0003D4908704020487020208870681C0A21AC
:1058000090FBF1F030303849C870681C0A2190FBD9
:10581000F1F201FB12003030334908712020487149
:105820008871C871601C0A2190FBF1F030302E495C
:105830000872601C0A2190FBF1F201FB120030306B
:105840002949487220208872C872087326B94F20EF
:1058500048734B20887304E04E2023494873472047
:10586000887320202049C8730874487427B94F20D2
:1058700088744B20C87404E04E201B49887447206C
:10588000C87414211848FDF752F92EE27620164903
:1058900008705020487020208870681C0A2190FBF6
:1058A000F1F030301049C870681C0A2190FBF1F209
:1058B00001FB120030300C490871202048718871BA
:1058C000C871601C0A2190FBF1F030300649087263
:1058D000601C0A2190FBF1F201FB120030300249FA
:1058E00048722020887201E060B20020C8720873FC
:1058F00026B94F2048734B20887304E04E20F949A5
:105900004873472088732020F649C8730874487488
:1059100027B94F2088744B20C87404E04E20F14909
:1059200088744720C8741421EE48FDF700F9DCE1C3
:105930007620EC4908706020487020208870681C30
:105940000A2190FBF1F03030E649C870681C0A214A
:1059500090FBF1F201FB12003030E2490871202087
:1059600048718871C871601C0A2190FBF1F03030D9
:10597000DC490872601C0A2190FBF1F201FB120065
:105980003030D849487220208872C872087326B90E
:105990004F2048734B20887304E04E20D149487350
:1059A000472088732020CF49C8730874487427B9EA
:1059B0004F2088744B20C87404E04E20C949887475
:1059C0004720C8741421C748FDF7B1F88DE176204F
:1059D000C44908707020487020208870681C0A2113
:1059E00090FBF1F03030BF49C870681C0A2190FB71
:1059F000F1F201FB12003030BA49087120204871E1
:105A00008871C871601C0A2190FBF1F03030B549F3
:105A10000872601C0A2190FBF1F201FB1200303089
:105A2000B049487220208872C872087326B94F2086
:105A300048734B20887304E04E20AA4948734720DE
:105A400088732020A749C8730874487427B94F2069
:105A500088744B20C87404E04E20A2498874472003
:105A6000C87414219F48FDF762F83EE176209D49F5
:105A700008708020487020208870681C0A2190FBE4
:105A8000F1F030309749C870681C0A2190FBF1F2A0
:105A900001FB120030309349087120204871887151
:105AA000C871601C0A2190FBF1F030308D490872FA
:105AB000601C0A2190FBF1F201FB12003030894991
:105AC000487220208872C872087326B94F20487324
:105AD0004B20887304E04E20824948734720887326
:105AE00020208049C8730874487427B94F208874EF
:105AF0004B20C87404E04E207A4988744720C8744B
:105B000014217848FDF713F8EFE076207549087006
:105B10009020487020208870681C0A2190FBF1F0CA
:105B200030307049C870681C0A2190FBF1F201FB0B
:105B3000120030306B490871202048718871C8719B
:105B4000601C0A2190FBF1F0303066490872601C3D
:105B50000A2190FBF1F201FB1200303061494872DA
:105B600020208872C872087326B94F2048734B20D2
:105B7000887304E04E205B494873472088732020D7
:105B80005849C8730874487427B94F2088744B204B
:105B9000C87404E04E20534988744720C874142107
:105BA0005048FCF7C4FFA0E076204E490870A020C2
:105BB000487020208870681C0A2190FBF1F030307A
:105BC0004849C870681C0A2190FBF1F201FB1200E1
:105BD000303044490871202048718871C871601CB8
:105BE0000A2190FBF1F030303E490872601C0A2116
:105BF00090FBF1F201FB120030303A49487220204C
:105C00008872C872087326B94F2048734B20887376
:105C100004E04E20334948734720887320203149DF
:105C2000C8730874487427B94F2088744B20C8740F
:105C300004E04E202B4988744720C8741421294859
:105C4000FCF775FF51E0762026490870B0204870B7
:105C500020208870681C0A2190FBF1F03030214927
:105C6000C870681C0A2190FBF1F201FB1200303071
:105C70001C490871202048718871C871601C0A2174
:105C800090FBF1F0303017490872601C0A2190FB3C
:105C9000F1F201FB12003030124948722020887264
:105CA000C872087326B94F2048734B20887304E0EC
:105CB0004E200C4948734720887320200949C87337
:105CC0000874487427B94F2088744B20C87404E0C6
:105CD0004E20044988744720C87414210148FCF7F9
:105CE00026FF02E060B2002000BF00BF7EE40B2C64
:105CF0007DD2DFE804F00655A6FDF1F0EFEEEDEC05
:105D0000EB007620FE490870C02048702020887083
:105D1000681C0A2190FBF1F03030F949C870681C0A
:105D20000A2190FBF1F201FB12003030F4490871B6
:105D3000202048718871C871601C0A2190FBF1F025
:105D40003030EF490872601C0A2190FBF1F201FB30
:105D500012003030EA49487220208872C8720873F5
:105D600026B94F2048734B20887304E04E20E44945
:105D70004873472088732020E149C8730874487429
:105D800027B94F2088744B20C87404E04E20DC49AA
:105D900088744720C8741421D948FCF7C8FE22E350
:105DA0007620D7490870D020487020208870681C61
:105DB0000A2190FBF1F03030D149C870681C0A21EB
:105DC00090FBF1F201FB12003030CD490871202028
:105DD00048718871C871601C0A2190FBF1F0303065
:105DE000C7490872601C0A2190FBF1F200E0F9E259
:105DF00001FB12003030C249487220208872C872FC
:105E0000087326B94F2048734B20887304E04E2056
:105E1000BB494873472088732020B949C873087468
:105E2000487427B94F2088744B20C87404E04E2072
:105E3000B34988744720C8741421B148FCF777FE31
:105E4000D1E27620AE490870E020487020208870AA
:105E5000681C0A2190FBF1F03030A949C870681C19
:105E60000A2190FBF1F201FB12003030A4490871C5
:105E7000202048718871C871601C0A2190FBF1F0E4
:105E800030309F490872601C0A2190FBF1F201FB3F
:105E9000120030309A49487220208872C872087304
:105EA00026B94F2048734B20887304E04E20944954
:105EB00048734720887320209149C8730874487438
:105EC00067B94F2088744B20C8740CE03BE2EBE1CB
:105ED0009BE14BE1F9E0A9E059E009E04E20884957
:105EE00088744720C87414218548FCF720FE7AE2A4
:105EF000762083490870F020487020208870681C44
:105F00000A2190FBF1F030307D49C870681C0A21ED
:105F100090FBF1F201FB120030307949087120202A
:105F200048718871C871601C0A2190FBF1F0303013
:105F300073490872601C0A2190FBF1F201FB120008
:105F400030306F49487220208872C872087326B9B1
:105F50004F2048734B20887304E04E2068494873F3
:105F60004720887320206649C8730874487427B98D
:105F70004F2088744B20C87404E04E206049887418
:105F80004720C87414215E48FCF7D1FD2BE277202E
:105F90005B4908700020487020208870681C0A2126
:105FA00090FBF1F030305649C870681C0A2190FB14
:105FB000F1F201FB12003030514908712020487184
:105FC0008871C871601C0A2190FBF1F030304C4997
:105FD0000872601C0A2190FBF1F201FB12003030C4
:105FE0004749487220208872C872087326B94F202A
:105FF00048734B20887304E04E2041494873472082
:10600000887320203E49C8730874487427B94F200C
:1060100088744B20C87404E04E20394988744720A6
:10602000C87414213648FCF782FDDCE1772034493E
:1060300008701020487020208870681C0A2190FB8E
:10604000F1F030302E49C870681C0A2190FBF1F243
:1060500001FB120030302A490871202048718871F4
:10606000C871601C0A2190FBF1F03030244908729D
:10607000601C0A2190FBF1F201FB12003030204934
:10608000487220208872C872087326B94F2048735E
:106090004B20887304E04E201949487347208873C9
:1060A00020201749C8730874487427B94F20887492
:1060B0004B20C87404E04E20114988744720C874EE
:1060C00014210F48FCF733FD8DE177200C4908704F
:1060D000202048708870681C0A2190FBF1F0303055
:1060E0000749C870681C0A2190FBF1F201FB1200FD
:1060F000303003490871202048718871C87101E06F
:1061000060B20020601C0A2190FBF1F03030FD49A4
:106110000872601C0A2190FBF1F201FB1200303082
:10612000F849487220208872C872087326B94F2037
:1061300048734B20887304E04E20F249487347208F
:1061400088732020EF49C8730874487427B94F201A
:1061500088744B20C87404E04E20EA4988744720B4
:10616000C8741421E748FCF7E2FC3CE17720E549DC
:1061700008703020487020208870681C0A2190FB2D
:10618000F1F03030DF49C870681C0A2190FBF1F251
:1061900001FB12003030DB49087120204871887102
:1061A000C871601C0A2190FBF1F03030D5490872AB
:1061B000601C0A2190FBF1F201FB12003030D14942
:1061C000487220208872C872087326B94F2048731D
:1061D0004B20887304E04E20CA49487347208873D7
:1061E0002020C849C8730874487427B94F208874A0
:1061F0004B20C87404E04E20C24988744720C874FC
:106200001421C048FCF793FCEDE07720BD490870ED
:106210004020487020208870681C0A2190FBF1F013
:106220003030B849C870681C0A2190FBF1F201FBBC
:1062300012003030B3490871202048718871C8714C
:10624000601C0A2190FBF1F03030AE490872601CEE
:106250000A2190FBF1F201FB12003030A94948728B
:1062600020208872C872087326B94F2048734B20CB
:10627000887304E04E20A349487347208873202088
:10628000A049C8730874487427B94F2088744B20FC
:10629000C87404E04E209B4988744720C8741421B8
:1062A0009848FCF744FC9EE07720964908705020FF
:1062B000487020208870681C0A2190FBF1F0303073
:1062C0009049C870681C0A2190FBF1F201FB120092
:1062D00030308C490871202048718871C871601C69
:1062E0000A2190FBF1F0303086490872601C0A21C7
:1062F00090FBF1F201FB12003030824948722020FD
:106300008872C872087326B94F2048734B2088736F
:1063100004E04E207B494873472088732020794948
:10632000C8730874487427B94F2088744B20C87408
:1063300004E04E20734988744720C87414217148C2
:10634000FCF7F5FB4FE077206E490870602048703D
:1063500020208870681C0A2190FBF1F030306949D8
:10636000C870681C0A2190FBF1F201FB120030306A
:1063700064490871202048718871C871601C0A2125
:1063800090FBF1F030305F490872601C0A2190FBED
:10639000F1F201FB120030305A4948722020887215
:1063A000C872087326B94F2048734B20887304E0E5
:1063B0004E20544948734720887320205149C873A0
:1063C0000874487427B94F2088744B20C87404E0BF
:1063D0004E204C4988744720C87414214948FCF762
:1063E000A6FB00E000BF00BFEBE1062C7ED2DFE899
:1063F00004F00352A5F7F5F47720424908707020A5
:10640000487020208870681C0A2190FBF1F0303021
:106410003C49C870681C0A2190FBF1F201FB120094
:10642000303038490871202048718871C871601C6B
:106430000A2190FBF1F0303032490872601C0A21C9
:1064400090FBF1F201FB120030302E4948722020FF
:106450008872C872087326B94F2048734B2088731E
:1064600004E04E202749487347208873202025499F
:10647000C8730874487427B94F2088744B20C874B7
:1064800004E04E201F4988744720C87414211D4819
:10649000FCF74DFB92E177201A4908708020487084
:1064A00020208870681C0A2190FBF1F030301549DB
:1064B000C870681C0A2190FBF1F201FB1200303019
:1064C00010490871202048718871C871601C0A2128
:1064D00090FBF1F030300B490872601C0A2190FBF0
:1064E000F1F201FB12003030064900E065E148722C
:1064F00020208872C872087336B94F2048734B2029
:10650000887306E060B200204E20AF4948734720F0
:1065100088732020AC49C8730874487427B94F2089
:1065200088744B20C87404E04E20A7498874472023
:10653000C8741421A448FCF7FAFA3FE17720A24975
:1065400008709020487020208870681C0A2190FBF9
:10655000F1F030309C49C870681C0A2190FBF1F2C0
:1065600001FB120030309849087120204871887171
:10657000C871601C0A2190FBF1F03030924908721A
:10658000601C0A2190FBF1F201FB120030308E49B1
:10659000487220208872C872087326B94F20487349
:1065A0004B20887304E04E20874948734720887346
:1065B00020208549C8730874487427B94F2088740F
:1065C0004B20C87404E04E207F4988744720C8746B
:1065D00014217D48FCF7ABFAF0E09FE04FE0FFE7C5
:1065E000772079490870A020487020208870681CA6
:1065F0000A2190FBF1F030307349C870681C0A2101
:1066000090FBF1F201FB120030306F49087120203D
:1066100048718871C871601C0A2190FBF1F030301C
:1066200069490872601C0A2190FBF1F201FB12001B
:1066300030306549487220208872C872087326B9C4
:106640004F2048734B20887304E04E205E49487306
:106650004720887320205C49C8730874487427B9A0
:106660004F2088744B20C87404E04E20564988742B
:106670004720C87414215448FCF759FA9EE077204B
:1066800051490870B020487020208870681C0A2189
:1066900090FBF1F030304C49C870681C0A2190FB27
:1066A000F1F201FB12003030474908712020487197
:1066B0008871C871601C0A2190FBF1F030304249AA
:1066C0000872601C0A2190FBF1F201FB12003030CD
:1066D0003D49487220208872C872087326B94F203D
:1066E00048734B20887304E04E2037494873472095
:1066F000887320203449C8730874487427B94F2020
:1067000088744B20C87404E04E202F4988744720B9
:10671000C87414212C48FCF70AFA4FE077202A4964
:106720000870C020487020208870681C0A2190FBE7
:10673000F1F030302449C870681C0A2190FBF1F256
:1067400001FB120030302049087120204871887107
:10675000C871601C0A2190FBF1F030301A490872B0
:10676000601C0A2190FBF1F201FB12003030164947
:10677000487220208872C872087326B94F20487367
:106780004B20887304E04E200F49487347208873DC
:1067900020200D49C8730874487427B94F208874A5
:1067A0004B20C87404E04E20074988744720C87401
:1067B00014210548FCF7BBF900E000BF00BF00E072
:1067C00000BF00BFBDE8F08160B20020704770B527
:1067D000064600F015FC056806F10B0020F00704E2
:1067E000B4429CBF002070BD2B466A68BAB11068E5
:1067F000A04210D304F1080188423CBF50685860A1
:1068000007D35168101941601168091B0160586075
:106810001460101D70BD13465268002AE7D121464E
:10682000284600F0F9FB0028DED170BD70B50446A3
:10683000051F00F0E5FB0068002C14BF446870BD24
:10684000002C18BFAC423CBF20466468F8D30168F6
:106850000A18AA4218BF456003D12A6805461144A8
:10686000016028684119A1421CBF6C6070BD61685D
:10687000696021680844286070BD70B50D46064601
:10688000041F00F0BDFBD0F800C0C5B1E6B105F1B2
:106890000B0020F00703AB423CBF002070BD206816
:1068A000984238BFDCF8042013D3C11A08292FD32B
:1068B000E01840F8041B2360FFF7B8FF28E03046DB
:1068C000FFF7B4FF002070BD2846BDE87040FFF719
:1068D0007EBF002A18BFA2423CBF94465268F8D33C
:1068E0000119914216D111680844984212D3C11A75
:1068F00008293CBF2060506808D35168E018416007
:10690000216812681144C91A01602360CCF80400A0
:10691000201D70BD181FFFF75AFF050007D0216822
:106920000A1F211D00F0A4FA201DFFF77FFF284653
:1069300070BD10B5044600F05BFB0068005DC0064A
:1069400002D504F1200010BD204610BD0FB404494B
:1069500010B503AA029800F043FE10BC5DF814FBCA
:10696000580000200FB41CB5084B06AA7B446946AA
:106970000090059800F005FE04460020694600F0EE
:1069800013FE20461CBC5DF814FB0000390C00000F
:1069900070B5044685690068C10601D5302600E05F
:1069A0002026C00707D070BDD4E9012130469047AA
:1069B000206A401C20626D1EF6D570BD70B504467D
:1069C00085690078C00707D170BDD4E90121202076
:1069D0009047206A401C20626D1EF6D570BD70B5D0
:1069E0000C460546012A05D02878800600D5EA69BC
:1069F000002302E0012305E05B1C934202D2E05C2D
:106A00000028F9D1A869E618C01AA861286A1844B4
:106A100028622846FFF7BCFF04E0D5E9012114F8FD
:106A2000010B9047B442F8D32846FFF7C7FF70BD6B
:106A30002DE9F0410646002410687529314616A557
:106A400010D0AFF30080002802DA404213A507E01F
:106A500031688A0701D512A502E0490704D511A5BE
:106A6000012401E0AFF3008000210A2206F124078F
:106A700009E0B0FBF2FCB0FBF2F302FB1C0030308B
:106A800078541846491C0028F3D123462A4630463C
:106A9000BDE8F04100F00ABB000000002D0000003E
:106AA0002B0000002000000070B504460D46214672
:106AB0001068AFF300802188090502D50F4A7A4497
:106AC00002E00E4A7A440E32002104F1240305E06C
:106AD00000F00F060009965D5E54491C0028F7D1AE
:106AE00020780023000704D5702D02D009B10223BD
:106AF00011322046BDE8704000F0D8BA4AAA000022
:106B00002DE9F05F894604464FF0000ADFF824B112
:106B1000FB44C0F820A02046E168884700287DD0CB
:106B2000252806D0D4E901219047206A401C206224
:106B3000F1E700255F462046E168884720280646A1
:106B400007DB312E05D2B81910F8200C08B1054327
:106B5000F1E7A80701D525F00405C4F81CA000271B
:106B6000C4F818A02A2E09D0304602F0DAFA38B359
:106B700004EB8708303EC8F8186019E059F8041B88
:106B8000204604EB87029161E1688847012F0646A1
:106B900018D1E069002820DA25F020051DE0D8F89A
:106BA000180000EB800006EB40003038C8F81800F1
:106BB0002046E1688847064602F0B3FA0028EED185
:106BC000012F0AD02E2E08D12046E16888477F1C6D
:106BD0000646022F45F02005C4DBA069002803DA31
:106BE000404245F00105A061E80701D025F01005FD
:106BF000A6B1A6F14100192802D8203645F4006557
:106C00004A463146204625604D46E9F7EFFA60B125
:106C1000012807D0ED1D25F0070000E007E000F196
:106C2000080978E705F1040975E730467AE7206A34
:106C3000BDE8F09F20AA00000FB400B58DB010A9E8
:106C4000099000910B904FF0FF300A9000200C90BB
:106C5000064878440690064878446A4607900F999B
:106C600009A800F027FF0DB05DF814FB7F0E0000AF
:106C7000970E000070B5064600F0C6F90468054698
:106C800030460A22002100F095FF2C6070BD30B51F
:106C900005460B462A4613F8014B12F8010B08B1C2
:106CA000A042F8D01CB1002802D06D1CF1E72846A4
:106CB00030BD40EA0103024630B59B0710D14FF0CA
:106CC000013400E008C208C91D1B9D4315EAC41F1A
:106CD000F8D013F0FF0102F8011B0DD01B0AF8E7F2
:106CE00011F8013B002B02F8013B05D011F8013BE4
:106CF000002B02F8013BF3D130BD10B5431C02E07C
:106D000010F8011B71B18107FAD14FF0013202C8AE
:106D10008C1A8C4314EAC211F9D0C01A0A0603D0A7
:106D2000C01E10BDC01A10BD0A0401D0801E10BDC7
:106D30000902FCD0401E10BD40EA010370B59B075C
:106D40002ED14FF00136042A2AD308C810C99D1B42
:106D50009D43121F15EAC61517D0D8B2E1B2401AEA
:106D600050EA056110D198B2A1B2401A50EA05412B
:106D70000AD123F07F4024F07F41401A50EA0521D8
:106D800002D1180EA0EB146070BDA342DBD018BA7C
:106D900021BA884201D9012070BD4FF0FF3070BD8B
:106DA0000AB9002070BD10F8013B11F8014B63B126
:106DB000A3420AD1521E08D010F8013B11F8014B32
:106DC0001BB1A34201D1521EEDD1181B70BD421E52
:106DD00012F8013F002BFBD111F8013B002B02F808
:106DE000013BF9D17047032A40F2308010F0030CC8
:106DF00000F0158011F8013BBCF1020F624498BF0E
:106E000011F801CB00F8013B38BF11F8013BA2F1AA
:106E1000040298BF00F801CB38BF00F8013B11F025
:106E2000030300F02580083AC0F0088051F8043BC5
:106E3000083A51F804CBA0E80810F5E7121D5CBF32
:106E400051F8043B40F8043BAFF30080D20724BF65
:106E500011F8013B11F801CB48BF11F8012B24BFF9
:106E600000F8013B00F801CB48BF00F8012B704748
:106E700010B5203AC0F00B80B1E81850203AA0E8D5
:106E80001850B1E81850A0E81850BFF4F5AF5FEA09
:106E9000027C24BFB1E81850A0E8185044BF18C9BC
:106EA00018C0BDE810405FEA827C24BF51F8043B63
:106EB00040F8043B08BF7047D20728BF31F8023BB7
:106EC00048BF11F8012B28BF20F8023B48BF00F84B
:106ED000012B70474FF000020429C0F0128010F01F
:106EE000030C00F01B80CCF1040CBCF1020F18BFA6
:106EF00000F8012BA8BF20F8022BA1EB0C0100F039
:106F00000DB85FEAC17C24BF00F8012B00F8012B0B
:106F100048BF00F8012B70474FF0000200B5134640
:106F200094469646203922BFA0E80C50A0E80C50A9
:106F3000B1F12001BFF4F7AF090728BFA0E80C505A
:106F400048BF0CC05DF804EB890028BF40F8042B53
:106F500008BF704748BF20F8022B11F0804F18BFC0
:106F600000F8012B704700004FF0013C50F8042B53
:106F700051F8043B9A4221D1A2EB0C03934313EA4C
:106F8000CC1317D150F8042B51F8043B9A4215D179
:106F9000A2EB0C03934313EACC130BD150F8042B50
:106FA00051F8043B9A4209D1A2EB0C03934313EA34
:106FB000CC13DBD04FF00000704700BFD01A01BAED
:106FC000B1FA81F101F0180122FA01F0CB40C1F1D0
:106FD0002001DBB2C0B2C01A2CFA01F3D11A9143DE
:106FE00011EAC311E6D17047704770477047704788
:106FF00010B500F01BFE001D10BD00BF1D220000DB
:107000000048704768B300200048704760B3002014
:10701000704770477047704738B504460A460020ED
:107020006946AFF30080002808BF38BD02460099CA
:10703000204600F0FFFD012038BD012001F01EB9FF
:10704000F8B5AFF30080054600200C46102000BFC5
:107050000646A819A0420DD9324669460020AFF372
:107060000080070008BF01F009F90098A04218BF8E
:107070000546C419FFF7C4FF05600746F01D20F060
:1070800007004619284600F00AF8B44208BFF8BDC8
:10709000A21B31463868BDE8F84000F0CBBD0021A6
:1070A0000160C0E901107047102070472DE9F047DA
:1070B0000D4699469246044600F124080168880668
:1070C00004D5E06921F01001216000E00120A84210
:1070D00001DD471B00E00027A1697A1902EB0900D6
:1070E000081AA0612078C00602D42046FFF750FCA1
:1070F000002608E0D4E901211AF806009047206A2A
:10710000401C761C20624E45F4DB2078C0060AD570
:107110002046FFF73DFC06E0D4E9012130209047EE
:10712000206A401C2062381EA7F10107F4DC07E04A
:10713000D4E9012118F805009047206A401C20621C
:10714000281EA5F10105F3DC2046FFF737FC207867
:10715000000602D50220BDE8F0870120FBE770475A
:107160002DE9FF4F0C461E464FF0FF378BB0D2E99A
:107170000001DDF860800A908A46C1F30A5505B91E
:107180003D46002108464FF00000BAF1000F00F420
:10719000400005DA00EB80004FF4400101EA5000A6
:1071A0004FEA9059B9F1010F00DDB9460A9850EA4B
:1071B0004A000ED044F61050A5F2FF3545432F1477
:1071C000B8F1000F1ED07542291E1EDDC9F1000264
:1071D0001CE0B8F1010F4FF0000001D0302103E0B6
:1071E000F24305E02154401CB042FBDB3046002254
:1071F000002121540B99C1F80880C1E900200FB08B
:10720000BDE8F08FBD1B6D1CDEE74A4600DA69421F
:1072100006A800F0C1FF06AB93E8070003AB83E8C4
:10722000070050460A9901F0F5FA8DE80700A0F52D
:1072300000501F3800900398002D09DD42F21F0115
:107240004A46084403A90390684601F07EFD08E021
:10725000A0F500504A461F3803A90390684601F084
:107260009CFD8DE807000004000C03D04FF0FF30B8
:10727000410800E01046B8F1000F03D00022009250
:1072800015461EE0751E05D400F0EEFC3032625546
:107290006D1EF9D5B3460122084302D000227F1C9F
:1072A00004E02078302801D100227F1E002A0997AF
:1072B00086D01DE0112D07DA00F0D6FC3032625581
:1072C0006D1C50EA0102F5D1084302D00098C8B104
:1072D0000EE00021681E05E0235C625C63542254CA
:1072E000401E491C8142F7DBAB46A81B401E09909B
:1072F000002004F80B000B98099AC0F80880C0E938
:10730000002B7CE711264FF0000859E72DE9F04FDC
:1073100088460446D21D22F0070191B0D1E9000150
:10732000CDE90A0101F083FE02460B98C00F01D09F
:107330002D2007E02068810701D52B2002E02021C5
:1073400001EAC000032A099001D0072A05DB0346A1
:107350004146204600F0D6FC0BE12078800601D59E
:10736000E06900E00620B8F1650F814606D0B8F16B
:10737000660F18D0B8F1670F70D131E00020B9F175
:10738000110F009001DB112301E009F101030AAAAA
:1073900001A90CA8FFF7E4FEDDE90C70002609F155
:1073A0000105834647E001204B4600904FF000471F
:1073B0000AAA01A90CA8FFF7D3FEDDE90DB00C99CC
:1073C0005D46002610B909F101000D18B9EB050062
:1073D00003D4C0F1FF3609F10105A5EB09002BE04C
:1073E000B9F1010F01DA4FF001090020B9F1110FD5
:1073F0000090484601DD112300E003460AAA01A9D6
:107400000CA8FFF7ADFEDDE90C704D460026834663
:10741000207800070AD4AB4500DA5D4601A8012DAB
:1074200004DD411911F8011C302907D04F4502DA5B
:1074300017F1040F04DA012082460FE06D1EEEE71B
:10744000002F02DCED1B3E4403E0781CA84200DD67
:107450007D1CB81B00F1010A4FF00047207800079F
:1074600003D4AA4501DB4FF0FF3A0021B7F1004FEA
:107470000DF143088DF8431024D002202B23002F58
:1074800001DA7F422D230A21021EA0F1010000DC57
:107490005FB197FBF1FC97FBF1F201FB1C7C1746F7
:1074A0000CF1300C08F801CDEEE7A8F101000370F3
:1074B0002188090501D5452100E06521A0F10108D9
:1074C00000F8011C09980FA9A1EB0807FF1D00B1E6
:1074D0000120411901EBEA70A1693844081A401EE5
:1074E000A0612078C00602D42046FFF751FA09981F
:1074F00028B1D4E901219047206A401C20622078FD
:10750000C00622D52046FFF743FA1EE0002E04DB1A
:10751000B34502DD01A8805D00E03020D4E90121FF
:107520009047206A401C2062761CAAF101005FEAA5
:10753000000A0AD100F07AFBC0680168405CD4E917
:1075400001219047206A401C2062281EA5F10105F8
:10755000DCDC07E0D4E9012118F8010B9047206A30
:10756000401C2062381EA7F10107F3DC2046FFF71C
:1075700025FA032011B043E601694A1C026108782C
:10758000704700B58FB0CDE9013100210591054963
:107590007944CDE9031011466846FFF7B1FA0FB000
:1075A00000BD0000E5FFFFFF0A6802F8010B0A605A
:1075B000704710B5436913B1AFF3008001E0FFF7E6
:1075C0000EFA012010BD127800F124010A70002289
:1075D0004A700122EDE711684FF0FF32E9E7000041
:1075E000074B70B50D467B44FFF7CBFF044628469A
:1075F00000F040FE10B14FF0FF3070BD204670BD6E
:1076000025C2FEFF2DE9FF4F064689B00878FF2806
:1076100006D0491C2D2805D000244FF0000908E0B1
:1076200000200CE00124F8E709EB8903491C00EB7A
:1076300043090878FF28F7D114B1C9F10000814649
:10764000107800252C46AA4629462D2801D02B2843
:1076500004D1521C2D2813D0002082468B4610786E
:10766000FF280FD04FF0000C0A21521CA5FB017817
:1076700004FB018105FB0C11C5194BEB0104EEE77E
:107680000120EAE7002108464FF00000BAF1000FA0
:1076900002D000EB80004008C0F38158B8F1010F20
:1076A00001DD4FF0FF380C9809EB000755EA0400A4
:1076B00009D04FF0020917F5FA7F0BDA4FEACA70CA
:1076C000C6E900B012E04FEACA70C6E900B00DB0DA
:1076D000BDE8F08FB7F5FA7F0DDDF0487844D0E9CA
:1076E0000010C6E9001040EACA707060FFF78CFC19
:1076F000C0F80090EBE7391E02DAC8F1000200E0A2
:10770000424600DA794206A800F046FD06AB93E84F
:10771000070003AB83E8070044F23E005BEA040184
:107720000090584604D144F21E012C465D4600915B
:10773000210C0904014306D10099240444EA1544AC
:107740002D041039009104F07F41014306D10099C6
:10775000240244EA15642D020839009104F07041B6
:10776000014306D10099240144EA15742D01091F33
:10777000009104F04041014306D10099A40044EA7D
:107780009574AD00891E009104F00041084304D1B6
:1077900000986D196441401E009042466846002FD3
:1077A000CDE9014503A902DD01F00BFB01E001F089
:1077B000E0FABAF1000F04460D4601D084F000440F
:1077C00040F2FF7724F00040284303D0C4F30A506E
:1077D000B84212D1FFF718FCC0F80090C4F30A5069
:1077E000B8420AD1AE487844D0E90010C6E900108A
:1077F00004F000410843706069E7C6E9005466E799
:107800002DE9FF4F1F464FF0000A4FF0FF38454665
:1078100091B0D7E90146CDF83CA000F007FAC06866
:107820000168405C1090B96912986D1C8847396AEC
:10783000814688470028F6D1B9F1FF3F0AD0002ED3
:1078400024F4D06411DDB9F12B0F08D0B9F12D0F5C
:107850000BD102E0404615B03AE744F48064B969C0
:1078600012986D1C8847761E8146600504A901D5D3
:107870002D2000E02B20002E01F1010B0DF130082E
:107880008DF810003FDDB9F1690F08D0B9F1490F4B
:1078900005D0B9F16E0F02D0B9F14E0F1CD13B46A5
:1078A00001A8009580E85002DDE912126FF0020095
:1078B00002F079FBC11CCED10EE0B96912986D1CA3
:1078C000884781461398761E44F4007405600F982B
:1078D000401C002E0F9016DDB9F1300FEDD0B9F13C
:1078E000780F02D0B9F1580F0DD10F9801280AD1A5
:1078F0003B46CDE90054DDE91212001F029602F06A
:1079000050FBC11CA7D1109989453ED144F0800499
:1079100006E01399681CAAF1010A44F40074086097
:10792000B9696D1C1298761E884730288146F0D0C0
:107930002BE01099894505D1200603D4761E44F02A
:10794000800418E0484601F0ECFB08B3761E0DF108
:1079500023018B4544F4007408D2A9F130000BF8E0
:10796000010B200607D5AAF1010003E0200602D48E
:107970000AF101008246A00502D51399681C08602F
:10798000B96912986D1C88478146002ED1DC53E0FE
:10799000002E51DDB9F1650F02D0B9F1450F4BD181
:1079A000A00549D5B9696D1C1298761E24F440745F
:1079B0008847002E81460CDD2B2804D0B9F12D0F0D
:1079C00007D144F48074B96912986D1C8847761EFB
:1079D0008146E00501D52D2100E02B2108F8011B8F
:1079E000CDF8008021E0761E0DF13901884544F480
:1079F00000740CD2A9F1300010F0FF0088F80000EC
:107A000002D10099884509D908F1010806E0E0058E
:107A100001D5244801E042F20F708246B9691298FC
:107A20006D1C8847814613980560002E04DD48468A
:107A300001F077FB0028D6D1F96912988847FF201A
:107A400053468BF8000088F8000000200A900B9045
:107A500004AA0CA90AA8FFF7D5FDA00502D46FF06F
:107A60000100F8E614F0240F0AD0E00714D13868BA
:107A7000DDE90A12031D3B600068C0E900120BE05B
:107A80000AA9684601F0F6FAE00705D13868009ABD
:107A9000011D3960006802602846DCE6E49F0000B2
:107AA000DA9E0000F1D8FFFF0268114413780160EC
:107AB00018467047D16005497944516104497944B9
:107AC000116200211161114600F05CB9EDFFFFFF6A
:107AD00031020000426842B1016811F8013B23B154
:107AE000521EC0E90012184670470121C160881E6D
:107AF000704742685AB1C368016843B983688B42D2
:107B000005D0491E521CC0E90012002070474FF0FA
:107B1000FF3070470FB4002300B589B00CA9009165
:107B20000B99CB60204B7B440693204B7B440793FF
:107B300004236FF00042CDE901321D4A7A446B46BE
:107B400008920246002002F02AFA09B05DF814FB00
:107B500070B506464FF0FF3015460C46324686B0EB
:107B60000091CDE9010169460020049004A8FFF7C7
:107B7000D1FF03460498211825B108B10A4600E058
:107B800022462A6000280DD0002B02DD0098884292
:107B900008D03246081B69460094CDE9010404A8C8
:107BA000FFF7B8FF06B070BDABFFFFFFC3FFFFFFDD
:107BB000B30100002DE9F04791460F468046044688
:107BC000002614F8015B2DB1FFF712FA0068405D42
:107BD000C007F6D12B2D02D02D2D18D0641E4A4699
:107BE0003946204600F088FA27B13968A14201D110
:107BF000C7F800804FF0020471050BD54042002801
:107C000003DDFFF701FA0460A007BDE8F08746F442
:107C10008066E4E70028F8DAFFF7F6F904606FF011
:107C20000040F2E70048704760B30020004870470A
:107C300080B30020034640688C46002818BF884265
:107C40003CBF03464068F8D318681844884207D000
:107C50000CF1030020F00700001D411A521A0146E2
:107C6000081D0A60FEF7E2BD30B5B0F10A024FEA26
:107C7000900E71F100034EEA817EB0EB0E0061EBD5
:107C800091014FEA101E4EEA017E10EB0E0041EB0F
:107C900011114FEA102E4EEA016E10EB0E0041EB6F
:107CA00011214FEA104E4EEA014E10EB0E0041EB4F
:107CB0001141401841F100014FEAD00040EA417003
:107CC0004FEAD10110EB80054FEA810444EA907439
:107CD00044EB01046D1944EB0404521BA3414FF023
:107CE000000348BF0A3200D530BD401C41F10001FD
:107CF00030BD10B50446FFF77BF90068005D00F069
:107D0000010010BD2DE9F0411F460446032601681D
:107D1000072A01F4006004DB08B116A505E016A5EA
:107D200003E008B115A500E015A521F010002060C2
:107D3000A069C01EA0610FB1401EA0612046FEF7E1
:107D400027FE4FB1D4E9012138469047206A401CF4
:107D50002062C01C206206E0206AFAE7D4E9012113
:107D600015F8010B9047761EF8D22046FEF726FE46
:107D7000BDE8F0814E414E006E616E00494E4600F6
:107D8000696E66002DE9F34F4FF0000A0C46564627
:107D90008DB001200C9001F10C000B9062690B98E2
:107DA0000121904705002DD0252D2CD0216A884730
:107DB000C0B162690B9801219047216A8847002869
:107DC000F7D16269411E0B98904700E0761CA169CB
:107DD0000D988847216A88470028F7D1E1690D98F6
:107DE0008847DBE7A1690D988847A842074601D17B
:107DF000761CD3E7E1690D9888477F1C02D1BAF160
:107E0000000F6FD06BE162690B9800273D46394641
:107E100090472A2804D162690B98012190470125D7
:107E2000DFF8D08262690B9801219047A0F1300100
:107E30000A290AD24745E5DC07EB870100EB410739
:107E4000303FDFD445F01005ECE7E90601D46FF0D0
:107E500000476C280AD04C2814D0682815D06A280E
:107E60000DD074281CD07A281AD01DE062690B98B6
:107E7000012190476C2802D045F0040514E045F03C
:107E800002050DE045F020050AE062690B9801212A
:107E90009047682802D045F0080505E045F40065E4
:107EA00062690B9801219047C4E9015765283DD0CC
:107EB00019DC58287AD00CDC452837D004DC25287A
:107EC00026D041289ED131E046282FD0472899D18D
:107ED0002CE05B2877D0612828D063287CD06428E8
:107EE00023D15AE0F6E06F2848D008DC66281DD080
:107EF00067281BD0692821D06E2816D127E070286A
:107F000045D0732868D0752847D078280DD14DE02A
:107F1000A1690D988847252805463FF469AFE169B6
:107F20000D9888476D1C3FF46AAFD8E00D99234641
:107F30006A466FF0010002F032F8C5E045F04000FB
:107F400023464FF000026060A80736D43EE0E80701
:107F50007FF447AF2068011D21600068290501D525
:107F600006701BE7290701D5068017E7A90703D587
:107F7000F117C0E9006111E706600FE745F0400026
:107F800023464FF008026060A80716D41EE040F6B2
:107F90000E0125EA0100606016E045F0400023462E
:107FA0004FF00A026060A80707D40FE045F04000D8
:107FB0006060A80708D5234610220D996FF00100D4
:107FC000AFF3008080E007E0102223460D996FF0A8
:107FD0000100AFF3008077E04FF0000963284F46BF
:107FE000C8464B46CB4602D05B2806D038E0E806B0
:107FF00001D40120A060012732E06269D4F80CB0FE
:108000000B98012190475E2807D14FF0010949469E
:108010006269D4F80CB00B989047216939B90021F6
:108020000A4603AB43F82120491C0829FADBD8B3E0
:10803000216949B308F1010862690B980121904751
:108040005D28F4D1B9F1000F09D0002003A951F83F
:108050002020D24341F82020401C0828F7DB03AB46
:108060002069002820794FEA40701ED05B462246E6
:10807000CDF80080CDE901970D9900286FF001003F
:1080800020DAAFF300801FE0C11703AA00EBD16133
:108090004B1121F01F0102EB8302411A13680120EA
:1080A000884003431360C7E719E00D992246002872
:1080B0006FF00100009702DAAFF3008004E0AFF345
:1080C000008001E0AFF3008000280ADA401C06D1EE
:1080D0000C9820B14FF0FF300FB0BDE8F08F504644
:1080E000FAE7E90701D10AF1010A064400200C90E1
:1080F00054E60000CCCCCC0C2DE9F05F824615464E
:108100008B4600270AF10104B9460078302801D0D7
:108110009DB113E014F8010B0127782803D05828EB
:1081200001D045B10AE00DB1102D07D1002714F898
:10813000010B102502E0082500E00A250026B046C4
:108140000EE005FB080005FB06F101271FFA80F889
:1081500001EB1046B6F5803F00D3B94614F8010B89
:10816000294600F0C2F80028EBDABBF1000F05D079
:108170000FB1641E00E05446CBF80040B9F1000F87
:1081800006D0FEF741FF02210160C81EBDE8F09F46
:1081900048EA0640FAE700002DE9F0478146164616
:1081A0008AB0334878440DC88DE80D0030487844D3
:1081B000801C03AC0DC884E80D0041F69B300844D8
:1081C000372190FBF1F290FBF1F5A5F1800501FB61
:1081D00012041B3C02D56442012000E00020DFF8BD
:1081E00090A080460027FA44AAF1BE0A0DE0E007FD
:1081F00009D03246684607EB47010AEB810100F0DF
:10820000CCFD8DE8070064107F1C002CEFD1184FC7
:108210007F44AC3F18E0E80714D007EB04100DF1E1
:10822000180A90E80E008AE80E00C068F04201D1FA
:1082300098190890324606A903A800F0AEFD03ABDA
:1082400083E807006D10641C002DE4D132466946B6
:10825000B8F1000F03A802D000F077FD01E000F0B4
:108260009CFDC9E90001C9F808200AB0BDE8F08703
:108270001C940000007B00F08000704710B500F0F7
:1082800075FABDE8104000F06BBA7546FFF7CAFCFE
:10829000AE4605006946534620F00700854618B0F3
:1082A00020B5E8F7F5F8BDE820404FF000064FF0A4
:1082B00000074FF000084FF0000B21F00701AC461B
:1082C000ACE8C009ACE8C009ACE8C009ACE8C0093A
:1082D0008D46704710B5FEF797FE006810BD10B5CB
:1082E0000446FEF791FE046010BD3A2800D23038F3
:1082F00020F02002412A01D3A2F13700884201D3A5
:108300004FF0FF30704700002DE9FF4F1F464FF040
:108310003C0987B04FF00042DDE9141001F101087B
:10832000DDF858A002EA40500390002004908346F4
:10833000054604460590B969461E08988847AAF183
:10834000010A0290BAF1000F37DD02982E2815D0ED
:108350001021FFF7CAFF00282ADB4FF0010B049918
:10836000014316D0B9F1000F0BDB4A46C11700F0EC
:1083700025FA05430C43A9F1040905E00120059005
:1083800007E008B145F0010501200490059800B907
:10839000361DB969089808F101088847BBF1000F3C
:1083A000AAF1010A0290CDD00999C1F80080C9E76D
:1083B0000298702808D0502806D0F9690898884794
:1083C000BBF1000F14D04FE0002002900120BBF160
:1083D000000F049009D0B969089808F1010888478E
:1083E000AAF10109B9F1000F07DCF969089888477B
:1083F0006FF001000BB0BDE8F08F2B2804D02D28C2
:108400000CD14FF0FF300490B969089808F10108C9
:108410008847A9F10109B9F1000FE6DD411CE4D05C
:108420000A21FFF762FF0028DFDB029908F101084B
:1084300001EB810100EB41000290B969089888477F
:108440000A21FFF752FF099AA9F10109B9F1000FBA
:10845000C2F8008001DD0028E7DAF969089888474A
:108460000499029800FB016655EA040004D004F068
:108470004041090002D006E0039898E0A40044EAD5
:108480009574AD00B61E04F00041080002D16D19CC
:108490006441761E159810F0240F03D04FF00B099D
:1084A0005C4803E04FF028096FF07D008246564596
:1084B00007DAAAEB06018944B9F1410F01DD4FF05B
:1084C000410901200021A9F1010200F077F90246DB
:1084D00028400B462140084301D0012100E0002143
:1084E000501E029143F1FF3128402140084301D042
:1084F000012000E000200299834651EA0B014FD091
:10850000002108464FF00000039900F4400039B103
:1085100000EB80004FF4400100EBD07001EA6000F6
:108520008015012802DD4FF0FF3000E013D0401C21
:1085300036D0029860B3BBF1000F0CD14A4601203F
:10854000002100F03BF928402140084301D00120E0
:1085500000E00020E0B101204A46002100F02EF9A1
:10856000034640190A4661412D1A8C4111D3B9F1D5
:10857000400F09DD159810F0240F02D0AAF134063F
:1085800003E0AAF1170600E0761C00254FF0004436
:1085900006E05B1E42F1FF3220EA030521EA0204F5
:1085A000CAF10100B04206DA1B4903980843019062
:1085B000002000900EE0039AC4F3D321E80A0A4396
:1085C000164940EA44500A433146CDE90002684664
:1085D00000F09CFD159810F0240F0BD01598C007E3
:1085E00015D13868DDE90012031D3B600068C0E961
:1085F00000120CE002A8694600F03CFD1598C00787
:1086000005D13868029A011D396000680260404651
:10861000F0E6000002FCFFFF0000F07F0000F03FEA
:108620002DE9FF4F92461D4685B04FF00041DDE930
:10863000124BDDE914727F1E01EA4B50414940F0B4
:10864000FF4940EA0108002122F020004928049156
:1086500002D04E2828D04CE03BA0012607C88DE868
:108660000700A9690698641C88477F1E014606D446
:108670001DF8060018B121F0200181420BD0E969F4
:1086800006988847032E34D0082E32D06FF00100B0
:1086900009B0BDE8F08F761C032E01D0082EE0D182
:1086A000601CCAF80000DCE7A9690698641C8847CA
:1086B0007F1E2AD420F02000412826D1A9690698DF
:1086C000641C88477F1E20D420F020004E281CD137
:1086D000A9690698641C88477F1E48F4002849F45D
:1086E0008009CAF8004001D4282806D0E969069814
:1086F00088475FEACB7012D022E0A9690698641C13
:1087000088477F1E01D4002803DAE9690698884764
:10871000BCE72928F1D1641CCAF80040E9E71BF046
:10872000240F07D028680499031D2B600068C0E956
:10873000001805E02868021D2A600068C0F8009053
:108740002046A5E70000F07F494E46494E4954595E
:10875000000000000446AFF300802046E7F776FDF6
:10876000002801D0EBF74EB87047000010B5012883
:1087700005D0002103A000F034F8012010BD09A1AC
:10878000F8E7000053494752544D454D3A204F7584
:1087900074206F662068656170206D656D6F7279F9
:1087A000000000003A2048656170206D656D6F72B1
:1087B0007920636F7272757074656400B2F1200382
:1087C0000AD5C2F1200301FA02F120FA03F300FAFC
:1087D00002F041EA0301704700FA03F14FF0000094
:1087E000704770B505460C460A2000E06D1CEBF79B
:1087F0000CF835B128780028F8D102E0641CEBF7BA
:1088000004F814B120780028F8D1BDE870400A209F
:10881000EAF7FBBF5FEA400C08BF91F0000F4FEA98
:108820008C234FEAC12243EA51514FEA1C5018BF32
:1088300000F5F0404FEA300018BF41F000415FEA18
:108840006C5C00F02980BCF1FF3F08BF40F0804025
:108850007047130C06BF12044FF0100C4FF0000CC1
:10886000130E04BF12020CF1080C130F04BF120107
:108870000CF1040C930F04BF92000CF1020CD30F07
:1088800004BF52000CF1010C11464FF00002A0F1A0
:108890001F00A0EB0C00704711F0004F08BF70479D
:1088A00031F000413FF4D5AF0B0C06BF09044FF087
:1088B000100C4FF0000C0B0E04BF09020CF1080C59
:1088C0000B0F04BF09010CF1040C8B0F04BF8900CE
:1088D0000CF1020CCB0F04BF49000CF1010CCCF1E0
:1088E0002003A0EB0C0022FA03F302FA0CF241EA97
:1088F000030100F10100704720F07F4C80EA030083
:1089000023F07F47ACEB070303F57C5300F00040F6
:1089100003F1FF032DE980494FEA154B09B44FEAF3
:10892000144325EA0B4E24EA03480FF2042606EB13
:10893000132749083E785FEA320203FB0667C7F552
:10894000000707FB06F64FEA54374FEAD64606F112
:10895000020607FB066CCCF1005C4FEA1C472CEAD0
:10896000074C07FB06F40CFB06F504EB15464FEA33
:10897000961634BF00204FF000404FEAD13706FB77
:1089800007FC4FEA1C4C0CFB0BF7D21B03FB0CF74C
:1089900061EB07010CFB0EF7B0EB074072EB1742DF
:1089A0000CFB08F734BFA2EB0742B2EB074261EBC6
:1089B00017414FEA0C444FEA910706FB07FC4FEAC8
:1089C0001C4C0CFB0BF7B0EBC74072EB573203FBB0
:1089D0000CF734BFA2EBC742B2EBC74261EB573191
:1089E0000CFB0EF7B0EBC70072EB57720CFB08F7ED
:1089F00034BFA2EBC702B2EBC70261EB5771039F12
:108A00004FEA816141EA921104EBCC044FEAD1377D
:108A10004FEA826206FB07FC42EA90124FEA80604E
:108A20004FEA1C4C0CFB0BF7D21B03FB0CF761EB62
:108A300007010CFB0EF7B0EB074072EB17420CFB83
:108A400008F734BFA2EB0742B2EB074261EB1741D4
:108A50004FEA8C554FEA910704EB9C2406FB07FC78
:108A60004FEA1C4C0CFB0BF7B0EBC74072EB5732D4
:108A700003FB0CF734BFA2EBC742B2EBC74261EB7A
:108A800057310CFB0EF7B0EBC70072EB57720CFBC3
:108A900008F734BFA2EBC702B2EBC70261EB577114
:108AA00015EB4C254FEA816141EA92114FEA82624F
:108AB0004FEAD13742EA901206FB07FC44F100046A
:108AC0004FEA80604FEA1C4C0CFB0BF7D21B03FBF8
:108AD0000CF761EB07010CFB0EF7B0EB074072EBF4
:108AE00017420CFB08F734BFA2EB0742B2EB074278
:108AF00061EB174115EB1C154FEA813141EA9241B8
:108B00004FEA823242EA90424FEA80304FEA0C76D6
:108B100044F1000448EA03434EEA0B484FF0000ECC
:108B2000B2EB080C71EB030724BF624639464EEBEB
:108B30000E0E4FF0000B0018524149414BEB0B0B4E
:108B4000B2EB080C71EB03077BF1000B24BF62460C
:108B500039464EEB0E0E4FF0000B001852414941C2
:108B60004BEB0B0BB2EB080C71EB03077BF1000B2B
:108B700024BF624639464EEB0E0E51EA020718BF7B
:108B800046F0010616EB0E7655F1000254F1000195
:108B900003D5BDE88901BDE80088BDE88901BDE8CD
:108BA0000048B619524141EB0101A3F1010370479E
:108BB00080807F7E7D7C7B7A79787776767574731A
:108BC000727171706F6E6E6D6C6C6B6A6A696868D9
:108BD000676666656464636362616160605F5F5E6F
:108BE0005E5D5D5C5C5B5B5A5A59595858575756E5
:108BF000565555555454535352525251515050504A
:108C00004F4F4F4E4E4D4D4D4C4C4C4B4B4B4A4A9B
:108C10004A494949484848474747474646464545DF
:108C20004544444444434343434242424241414118
:108C300046EA0646A3F570534FEA164646EA425600
:108C40004FEAD22242EA415210B54FEAD121A3F1B4
:108C5000010300F017F820F0004000F1010C00F0D3
:108C6000004701EB00501146BCF5006F40EA0700D9
:108C700000D210BD02484FF0000140EA070010BDCD
:108C80000000F07F002B26D4770021D01CB54FEADE
:108C9000370703B44FF010004FF010014FF0000001
:108CA0000FBCBDE810400BF1010BBBF1010F08BF79
:108CB0005FEA170722BF12F1010211F101014FF023
:108CC000004143F1000300F0004043EA0000704718
:108CD000F9D35708DAE746EA064613F1400F4FEAA0
:108CE00016461FDD13F1200FDFBF16430A46002191
:108CF00020335B42C8D0C3F1200746EA064602FA99
:108D000007F74FEA164646EA0706C3F1200722FA9C
:108D100003F201FA07F721FA03F14FF0000342EAE8
:108D20000702B1E746EA020646EA06464FEA164659
:108D300046EA0106BCBF46EA0646360C4FF0000381
:108D40004FF000024FF000019EE72DE9C048934626
:108D500030B491E8380007C831EA400C48BF34EA23
:108D6000430C03D5FFF7C8FDFFF78CFFF0BCBDE84F
:108D700000882DE9C048934630B491E8380007C810
:108D800031EA400C48BF34EA430C03D5FFF7B4FD89
:108D9000FFF74EFFF0BCBDE800882DE9C0489346C0
:108DA00030B491E8380007C810F0804F08BF13F0C6
:108DB000804F03D100F019F8FFF764FFF0BCBDE865
:108DC00000882DE9C048934630B491E8380007C8C0
:108DD00010F0804F08BF13F0804F03D100F005F86A
:108DE000FFF726FFF0BCBDE8008820F07F4780EA4F
:108DF000030023F07F4C07EB0C03A3F57C5300F03A
:108E00000040A3F1FE0392F0000F00F0B38095F054
:108E1000000F00F077802DE901494FEA11404FEA39
:108E2000144621EA004800FB06FC24EA064708FB3A
:108E300006F607FB08F800FB07F718EB06484CEBB3
:108E4000164C4FEA124B18EB07484FEA15464CEB0D
:108E5000174022EA0B4E0BFB06FC25EA06470EFBE9
:108E600006F607FB0EFE0BFB07F71EEB064E4CEB60
:108E7000164C4FF000061EEB074E4CEB174B18EB51
:108E80000B0840F1000018EB0E0B58EB000840F106
:108E900000008F1A4FF000013CBFC943661B14BF8E
:108EA000B5EB040C00213CBFC943F61B4FEA174445
:108EB0004EEA8E0E27EA04454FEA1C4704FB076280
:108EC0002CEA074C05FB07F70CFB05F604FB0CFC32
:108ED00016EB074642EB174216EB0C4642EB1C42E0
:108EE0001BEB060658EB0202414146EA9E0601D5FD
:108EF000BDE80189B619524141EB0101A3F101031B
:108F0000BDE801894FEA14454FEA114724EA0546B6
:108F100021EA074C05FB07F406FB07F70CFB06F1FB
:108F200005FB0CFC11EB074144EB17444FEA1247D9
:108F300011EB0C4144EB1C4422EA074C05FB07F201
:108F400006FB07F70CFB06F605FB0CFC16EB0746C9
:108F500042EB174216EB0C4642EB1C456A1854F1E3
:108F6000000148BF7047B619524141EB0101A3F11E
:108F70000103704795F0000F37D04FEA11424FEAD6
:108F8000144721EA024624EA074C02FB07F106FBDC
:108F900007F70CFB06F402FB0CFC14EB074441EB57
:108FA00017414FEA154714EB0C4441EB1C4125EAED
:108FB000074C02FB07F506FB07F70CFB06F602FB66
:108FC0000CFC16EB074645EB174516EB0C4645EB3C
:108FD0001C42121951F1000148BF7047B6195241A5
:108FE00041EB0101A3F1010370474FEA14454FEA39
:108FF000114724EA054621EA074C05FB07F106FB69
:1090000007F70CFB06F24FF0000605FB0CFC12EB19
:10901000074241EB174112EB0C4251EB1C4148BF98
:109020007047921841EB0101A3F101037047490019
:1090300050EAC12018BF04204A0D18BF40F00100BB
:1090400040F2FF72B2EB515F08BF40F0020001280E
:1090500008BF0520704740F2013200204FF0E04188
:1090600000F06FBF024A0020110700F06ABF000045
:1090700001FDFFFF10B50446D1E9000100F002F840
:10908000206010BDF8B504460D466A4600F050F861
:1090900000987E30009000281FDC002213462046F6
:1090A000294600F083FA18D0002140F608004FF05E
:1090B000000006462046294600F0DAF8044640F64D
:1090C000080006EA00014FF0000034F0004004BF41
:1090D0000220FFF704F92046F8BD0098FF280DDBB9
:1090E0000220FFF7FCF8002213462046294600F034
:1090F0005BFC8CBF04484FF0FF40F8BD204629467A
:10910000BDE8F84000F0B4B8000080FF10B5044698
:109110000A46D4E90003194600F036F8C4E9000114
:1091200010BD30380A2801D2012070470020704756
:1091300010B5144600222260114A21F000439342E8
:10914000A8BF10BD53EA000208BF10BDB3F5801FD1
:10915000A8BF226807DA362200F0F3FE6FF035026E
:1091600021F000432260DFF81CC06FF31E510CEBAE
:1091700023531A4441F0FF5141F00051226010BDC9
:109180000000F07F02FCFFFF2DE9F04106460C468F
:1091900040F2FF75174635EA14502BD000221346D3
:1091A000304600F003FA25D03A463046214600F01A
:1091B000C8FE06460C4635EA145010D0002213466D
:1091C000304600F0F3F915D10220FFF788F8FFF7D9
:1091D00049FF0A46214662F31E01BDE8F0810220E4
:1091E000FFF77DF8FFF737FF0A46214662F31E01BD
:1091F000BDE8F08130462146BDE8F08100B583B07E
:109200000A460021CDE9001101466846FEF7A0FCA0
:10921000DDE9000103B000BD10B500290AD00878CF
:10922000002807D005487844FDF79EFE002801D0AD
:10923000002010BD0248784410BD0000A684000044
:109240009E84000010B500290AD00878002807D0B5
:1092500005487844FDF788FE002801D0002010BDA5
:109260000248784410BD00008A8500008285000015
:1092700021F00042A2F16052B2F5801F01F00043DC
:1092800028BFD2F17F6C0BD95FEA001C43EAC2020F
:1092900042EB507018BF704728BF20F001007047A4
:1092A000B2F5801FBCBF184670474FEA410C1CF551
:1092B000001F02D2084600F0DABD70B500F020FBB6
:1092C00000000089FFF7F6BF4FF00040A0F58000D6
:1092D0007047000002494FF0000000F000BE00BFE0
:1092E0000000F87F491058BFC1F140415B1058BFE2
:1092F000C3F140438B42EFF3008070472DE9C0413A
:1093000030B4DFF8A0C23CEA111418BF3CEA1314D1
:1093100000F0EC8081EA03051CEA111444EAD574DC
:1093200018BF1CEA131500F0C780A4EB05044FF02A
:10933000004545EAC12145EAC32341EA505143EAC9
:10934000525304F17F74994204F500344FEAC0206F
:109350004FEAC22208BF904200F09C804FEA13659A
:109360000FF24016765D4FEA134506FB05F7C7F18D
:10937000807706FB07F74FEAD737A7FB03687642EB
:10938000C8F58038A7FB06CE38BFA8F1010807FB57
:1093900008E64FF0000EA6FB028CE6FB03CEDCF1E4
:1093A000000CCEF1004E38BFAEF1010EA6FB0C58FA
:1093B0004FF000074FF00005E6FB0E87A1FB08C643
:1093C000A0FB07CE16EB0E0645F10005E1FB076595
:1093D00015F1E04E7EBFA4F580345FEA46066D418C
:1093E00016F1800745F100054FEA17274FEA066698
:1093F00047EA0567A6F1DE46B6F1805F4FEA15251C
:109400001FD9384624F0010C05EBC471BCF1FE6F86
:1094100001EB0C1102D8F0BCBDE8008124425CBF16
:1094200001F5801E9EEAC47F02D4F0BCBDE8008135
:10943000244238D4F0BCA1F1C041BDE8004100F0A5
:10944000ADBA4FEAD22242EA43524FEAD323A7FBF6
:1094500002864FEAD02040EA415007FB03661EEA2D
:109460000E0F4FEAD12105FB026658BFA6EB00564E
:10947000B6EB00564FEA520E4EEAC37E18EB0E0EC4
:1094800056EB530EBDD518EB02085E417F1C55F11B
:109490000005B6E74FF480154FF000074FF00006C7
:1094A0004FF00008ADE7F0BC4FF0000001F1C04103
:1094B00001F00041BDE8008111EA0C1F0CEA131510
:1094C00000D00CE013EA0C1F00F025804FF00000E4
:1094D000F0BC81EA030101F00041BDE80081F0BC6D
:1094E000BDE8004181EA030100F058BAF0BCBDE8D4
:1094F000004170B500F004FA097EFC3E00F007B8A8
:1095000081EA03014FF0000001F00041704781EA59
:10951000030100F043BAF0BCBDE800414FF0000089
:1095200021497047FFFDFBF9F7F5F4F2F0EEEDEBA2
:10953000E9E8E6E4E3E1E0DEDDDBDAD8D7D5D4D351
:10954000D1D0CFCDCCCBCAC8C7C6C5C4C2C1C0BF9D
:10955000BEBDBCBBBAB9B8B7B6B5B4B3B2B1B0AFA3
:10956000AEADACABAAA9A8A8A7A6A5A4A3A3A2A187
:10957000A09F9F9E9D9C9C9B9A9999989797969542
:1095800095949393929191908F8F8E8E8D8C8C8BDE
:109590008B8A898988888787868585848483838266
:1095A000828181800000FF070000F87F51EA030CF0
:1095B00017D41CF5801F58BFBCF5801F00F1068032
:1095C000994218BF704708BF9042704707D711F5FE
:1095D000801F58BF13F5801F19D4994270478942E4
:1095E00070471CF5801F08D5BCF5801FF7D58B424E
:1095F00018BF704708BF824270474FF4001C1CEB35
:10960000410F38BF1CEB430F01D28B42704770B53E
:1096100000F076F9922449004FF000514FF080534A
:10962000FFF760BE4FEA41034FEA5353A3F580634F
:10963000D3F11E03C8BFD3F1210C0CDD4FF0004263
:1096400042EAC12242EA505232FA03FC8CEAE17C3F
:10965000ACEBE1707047102BC4BF0020704703F5DE
:10966000787CBCF1FF3F04D06FF0004282EA210019
:10967000704770B500F044F949922480002070478B
:10968000F2E700004FEA1153A3F58063D3F11E0304
:10969000A8BFD3F1200C08DB4FF0004242EAC12200
:1096A00052EA505232FA03F0704709420BD4102BA1
:1096B000C4BF0020704703F5787CBCF1FF3F05D0A4
:1096C0004FF0FF3070474FF00000704770B500F06A
:1096D00017F900BF4992248000207047F0E710F08E
:1096E000004248BF4042B0FA80F310FA03F10AD0BA
:1096F000C3F11D0303F580634FEA415002EB0352AF
:1097000002EBD12170474FF000007047B0FA80F3B0
:1097100010FA03F10AD0C3F11D0303F580634FEA89
:1097200041504FEA035202EBD12170474FF0000045
:109730007047000051EA030C17D41CF5801F58BF76
:10974000BCF5801F00F10680994218BF704708BF22
:109750009042704707D711F5801F58BF13F5801F3F
:1097600019D499427047894270471CF5801F08D56B
:10977000BCF5801FF7D58B4218BF704708BF8242E7
:1097800070474FF4001C1CEB410F38BF1CEB430F1C
:1097900001D28B42704770B500F0B2F892244900B4
:1097A0004FF000514FF08053FFF79CBDDFF848C1E8
:1097B00070B51CEA111E1EBF1CEA13159EEA0C0FA1
:1097C00095EA0C0F00F06F8081EA030423EA4C1342
:1097D0004EEAD47E21EA4C1141F4801143F4801307
:1097E000AE44A1FB024CA0FB0365AEF17F7E3619AF
:1097F00055EB0C05A1FB034C4CF10003A0FB021C34
:1098000016EB0C06654153F10003094218BF46F000
:10981000010613F4007F0BD14FEA03314FEA053004
:10982000340341EA155140EA16506FF003020AE092
:109830004FEAC3214FEAC520F40241EA555140EAFC
:1098400056506FF0020202EB2E4201EB025585EA00
:10985000CE710AD05FEA440C18BF24F0004450F1E6
:10986000000041F1000120EAD47040F2FE7C624524
:1098700000D270BDA84214BF4FF080444FF0404466
:10988000002E08BF0024BEF1806FA8BFA1F1C04127
:10989000BDE8704080F282804FF0000001F1C041CD
:1098A00001F0004170479EEA0C0F0CEA131518BF37
:1098B00095EA0C0F06D04FF0000081EA030E0EF07F
:1098C000004170BD00F01CF88900013E00F007B8AF
:1098D00000F009B84FEA430C5FEA5C5C08D081EA0B
:1098E000030100F05BB84FEA410C5FEA5C5CF6D123
:1098F0004FF00000014970470000FF070000F87FAB
:109900000EF1020E2EF0030E5EF8046B364205D403
:10991000012A43EB030515F5001F12D8012841EB7E
:10992000010C1CF5001F0CD80ED14FEAD17C15F5A7
:10993000001F0CEB4C0C0CF1020C08BF4CEBD37C61
:1099400004E04FF0080C01E04FEAD37C0CEB4C052F
:1099500026FA05F606F00706B6F1040C06D20EEB61
:10996000860CBDE870404CF0010C6047DFE80CF05D
:10997000090B02024FF000414FF00000A1F5002159
:1099800070BD19461046012851EB010418BFD4F5EB
:10999000001484BF002001F0004170BD0808A0F54C
:1099A00000114FEA3101704753EA010C17D41CF53E
:1099B000801F58BFBCF5801F00F106808B4218BF86
:1099C000704708BF8242704707D713F5801F58BF02
:1099D00011F5801F19D48B4270479B4270471CF5CC
:1099E000801F08D5BCF5801FF7D5994218BF704776
:1099F00008BF904270474FF4001C1CEB430F38BF68
:109A00001CEB410F01D2994270470FB40CBC03BC50
:109A1000FFF7C1BE43004FEAD30C4FEA3C0C434072
:109A20001FBF40070CF1605113F0FE4F70471CF050
:109A3000006F03D100200CF0004170470CF0004390
:109A400043EA507010B540EACC0000F0CAF900BFFC
:109A5000000000924FEA0001FFF7A0BF4FF0004165
:109A60004FF00000A1F500217047401058BFC0F131
:109A70004040491058BFC1F140418142EFF300809E
:109A8000704700004FF47F0C1CEAD0121EBF1CEA86
:109A9000D11392EA0C0F93EA0C0F00F0858090EA44
:109AA000010F48BF42F4807240F4000C41F4000002
:109AB0002CF07F4120F07F4000B58142A2EB0302F1
:109AC0000FF2081CACEB504EC0F100009EF800E015
:109AD0004FEA4E0E00FB0EFC38BF49004FEA2C1C2B
:109AE00002F5FA020CFB0EF34FEACE1E4FEA112CE0
:109AF0004FEAC1210EEB635E42EB22420EFB0CFCEF
:109B00004FEA1C5300FB03114FEA112C4FEA0131BD
:109B10000EFB0CFC4FEADC4C00FB0C11C14228BFD1
:109B200009184CEB03335DF804EB10EB410143EBF8
:109B3000C250B2F57C0F38BF704729D512F0F00F34
:109B40001CBF00F1C04000F00040704700818283DC
:109B50008485868788898B8C8D8E8F91929395963C
:109B600097999A9C9D9FA0A2A3A5A7A8AAACAEB0C6
:109B7000B2B3B5B7B9BCBEC0C2C5C7C9CCCED1D4CB
:109B8000D7D9DCDFE2E6E9ECF0F3F7FAFE000000FB
:109B90004FEA400C0CF1807CBCF17E4F28BF70472F
:109BA000B0F1C04000F063B990EA010F0CEAD113A4
:109BB00048BF42F48072624538BF634507D213F450
:109BC0007F0F16D080EA010000F00040704710B50A
:109BD00000F007F9097EFC3E00F005B880EA0100BC
:109BE00000F00040704780EA010000F0004000F003
:109BF0003EB912F47F0F04BF0248704780EA0100AB
:109C000000F035B90000C07FC10DD1F19E0206DB26
:109C10004FEA002343F0004323FA02F0704700426A
:109C200007D54FEA4001B1F1FE4F02D24FF00000DC
:109C3000704710B500F0D5F8499224800020704795
:109C40006FEA20007047000010F0004148BF40421A
:109C5000B0FA80F310FA03F2C3F19D030BD051EA7E
:109C6000C35101EB1220530638BF704700F10100C9
:109C700008BF20F00100704750EA010C00F113808A
:109C80001CF5000F58BFBCF5000F01D48842704787
:109C900007D710F5000F58BF11F5000F15D48842F3
:109CA0007047894270471CF5000F04D5BCF5000FC2
:109CB000F7D5814270474FF0807C1CEB400F38BFD6
:109CC0001CEB410F01D28142704710B500F089F8BA
:109CD000922449004FF000504FF08051FFF7C5BE6D
:109CE0004FF47F0C1CEAD0121EBF1CEAD11392EA7B
:109CF0000C0F93EA0C0F00F0478090EA010F48BF69
:109D000042F480724FF0004C4CEA00204CEA0121F2
:109D100002EB0302A0FB0113A2F50002002918BF09
:109D200043F001035B0028BF4FEA330342EB2242BA
:109D30005FEA132C4CEBC2502EBFBCEB436FB2F565
:109D40007C0F70474FEA036CBCF1004F08BF20F056
:109D50000100B2F57C0F38BF70470BD582F0FF02CF
:109D600012F5803FC8BF704700F1C040D8BF00F077
:109D70000040704700F5000C5FEA4C0C48BF70478C
:109D8000B0F1C04000F073B890EA010F0CEAD113B3
:109D900048BF42F48072624538BF634504D280EA0E
:109DA000010000F00040704710B500F01AF800BF45
:109DB0008900013E00F007B800F009B85FEA410CE5
:109DC0005FEA1C6C08D080EA010000F050B85FEA3E
:109DD000400C5FEA1C6CF6D14FF00040A0F580000B
:109DE00070470EF1020E2EF0030E5EF8044B244273
:109DF00004D44FEA4102B2F17F4F11D84FEA400339
:109E0000B3F17F4F0CD80ED14FEAD07CB2F17F4F27
:109E10000CEB4C0C0CF1020C08BF4CEBD17C04E0B9
:109E20004FF0080C01E04FEAD17C0CEB4C0324FA14
:109E300003F404F00704B4F1040C06D20EEB840C16
:109E4000BDE810404CF0010C6047DFE80CF007085B
:109E500002024FF00040A0F5800010BD084642000D
:109E600018BFD2F1807288BF00F0004010BDFF2102
:109E700041EAD050C005704751EA000C00F1138050
:109E80001CF5000F58BFBCF5000F01D4814270478C
:109E900007D711F5000F58BF10F5000F15D48142F8
:109EA0007047894270471CF5000F04D5BCF5000FC0
:109EB000F7D5884270474FF0807C1CEB410F38BFCC
:109EC0001CEB400F01D28842704780EA010081EA12
:109ED000000180EA0100FFF7F8BEFDF717BA0CF0A9
:109EE0000F03092B08BF082000F05F800A2B0BD05E
:109EF000082B18BF704708BF1CF0400F0AD04FF066
:109F000000004FF0000170471CF0400F18BF4FF0E9
:109F1000004070471CF0100F08D020F0704300F094
:109F20007F4242EAD3014FEA4370704700F060403D
:109F300021F07F4242EA000201F07F4040EA727065
:109F400070474FF0FF0C4CF4E06C1CEA11531CBF3F
:109F50009CEA030C9445C2BFDA4201EB0251704700
:109F6000002B0DD0BCF1000F0FD0002A01F00041F2
:109F7000A4BF41F0E04141F07F614FF00000704725
:109F800001F000414FF00000704750EA01334FF0FC
:109F90009B0C18BF4CF0806C7FF49CA97047FDF7B8
:109FA0002FBCFEF7B1B9FEF73BBB1CF4801F11D0EC
:109FB0001CF4E02F03D06FEACC31490070474FF01A
:109FC0004050EFF3008222F0704242EA000282F336
:109FD000008870474FF000007047666BD5667C6262
:109FE000595E685AA8561453AC4F6C4C53495F469F
:109FF0008E43DD404C3ED83B803944372035153305
:10A000002131432F792DC42B212A90281027A025F8
:10A010004024EF22AC2176204C1F301E1E1D181C40
:10A020001C1B2B1A431964188E17C116FC153E15FC
:10A030008814D81330138E12F2115C11CC10411019
:10A04000BB0F3A0FBE0E460ED30D640DFA0C930CE7
:10A050002F0CCF0B730B1A0BC40A710A210AD509F6
:10A0600089094109FB08B80877083908FC07C107C6
:10A07000890752071D07EA06B80689065A062D0603
:10A080000206D805AF05880562053D051905F604E9
:10A090000003030601040602050003051F1C1F1E22
:10A0A0001F1E1F1F1E1F1E1F30313233343536371F
:10A0B0003839414243444546A400E8A1A700ECA139
:10A0C000A800A7A1B000E3A1B100C0A1B700A4A15E
:10A0D000D700C1A1E000A4A8E100A2A8E800A8A8B8
:10A0E000E900A6A8EA00BAA8EC00ACA8ED00AAA86E
:10A0F000F200B0A8F300AEA8F700C2A1F900B4A81E
:10A10000FA00B2A8FC00B9A80101A1A81301A5A8F2
:10A110001B01A7A82B01A9A84D01ADA86B01B1A8EF
:10A12000CE01A3A8D001ABA8D201AFA8D401B3A897
:10A13000D601B5A8D801B6A8DA01B7A8DC01B8A83D
:10A14000C702A6A1C902A5A19103A1A69203A2A636
:10A150009303A3A69403A4A69503A5A69603A6A677
:10A160009703A7A69803A8A69903A9A69A03AAA647
:10A170009B03ABA69C03ACA69D03ADA69E03AEA617
:10A180009F03AFA6A003B0A6A103B1A6A303B2A6E6
:10A19000A403B3A6A503B4A6A603B5A6A703B6A6B3
:10A1A000A803B7A6A903B8A6B103C1A6B203C2A665
:10A1B000B303C3A6B403C4A6B503C5A6B603C6A617
:10A1C000B703C7A6B803C8A6B903C9A6BA03CAA6E7
:10A1D000BB03CBA6BC03CCA6BD03CDA6BE03CEA6B7
:10A1E000BF03CFA6C003D0A6C103D1A6C303D2A686
:10A1F000C403D3A6C503D4A6C603D5A6C703D6A653
:10A20000C803D7A6C903D8A60104A7A71004A1A70D
:10A210001104A2A71204A3A71304A4A71404A5A7BA
:10A220001504A6A71604A8A71704A9A71804AAA787
:10A230001904ABA71A04ACA71B04ADA71C04AEA756
:10A240001D04AFA71E04B0A71F04B1A72004B2A726
:10A250002104B3A72204B4A72304B5A72404B6A7F6
:10A260002504B7A72604B8A72704B9A72804BAA7C6
:10A270002904BBA72A04BCA72B04BDA72C04BEA796
:10A280002D04BFA72E04C0A72F04C1A73004D1A757
:10A290003104D2A73204D3A73304D4A73404D5A7FA
:10A2A0003504D6A73604D8A73704D9A73804DAA7C7
:10A2B0003904DBA73A04DCA73B04DDA73C04DEA796
:10A2C0003D04DFA73E04E0A73F04E1A74004E2A766
:10A2D0004104E3A74204E4A74304E5A74404E6A736
:10A2E0004504E7A74604E8A74704E9A74804EAA706
:10A2F0004904EBA74A04ECA74B04EDA74C04EEA7D6
:10A300004D04EFA74E04F0A74F04F1A75104D7A7BF
:10A310001420AAA11620ACA11820AEA11920AFA12B
:10A320001C20B0A11D20B1A12620ADA13020EBA1A1
:10A330003220E4A13320E5A13B20F9A10321E6A1CD
:10A340001621EDA16021F1A26121F2A26221F3A206
:10A350006321F4A26421F5A26521F6A26621F7A289
:10A360006721F8A26821F9A26921FAA26A21FBA259
:10A370006B21FCA29021FBA19121FCA19221FAA1C9
:10A380009321FDA10822CAA10F22C7A11122C6A1B3
:10A390001A22CCA11D22D8A11E22DEA12022CFA1EB
:10A3A0002522CEA12722C4A12822C5A12922C9A1E4
:10A3B0002A22C8A12B22D2A12E22D3A13422E0A18D
:10A3C0003522DFA13622C3A13722CBA13D22D7A15E
:10A3D0004822D6A14C22D5A16022D9A16122D4A1C4
:10A3E0006422DCA16522DDA16E22DAA16F22DBA14D
:10A3F0009922D1A1A522CDA11223D0A16024D9A256
:10A400006124DAA26224DBA26324DCA26424DDA23C
:10A410006524DEA26624DFA26724E0A26824E1A20C
:10A420006924E2A27424C5A27524C6A27624C7A218
:10A430007724C8A27824C9A27924CAA27A24CBA2FC
:10A440007B24CCA27C24CDA27D24CEA27E24CFA2CC
:10A450007F24D0A28024D1A28124D2A28224D3A29C
:10A460008324D4A28424D5A28524D6A28624D7A26C
:10A470008724D8A28824B1A28924B2A28A24B3A2B4
:10A480008B24B4A28C24B5A28D24B6A28E24B7A2AC
:10A490008F24B8A29024B9A29124BAA29224BBA27C
:10A4A0009324BCA29424BDA29524BEA29624BFA24C
:10A4B0009724C0A29824C1A29924C2A29A24C3A21C
:10A4C0009B24C4A20025A4A90125A5A90225A6A90B
:10A4D0000325A7A90425A8A90525A9A90625AAA990
:10A4E0000725ABA90825ACA90925ADA90A25AEA960
:10A4F0000B25AFA90C25B0A90D25B1A90E25B2A930
:10A500000F25B3A91025B4A91125B5A91225B6A9FF
:10A510001325B7A91425B8A91525B9A91625BAA9CF
:10A520001725BBA91825BCA91925BDA91A25BEA99F
:10A530001B25BFA91C25C0A91D25C1A91E25C2A96F
:10A540001F25C3A92025C4A92125C5A92225C6A93F
:10A550002325C7A92425C8A92525C9A92625CAA90F
:10A560002725CBA92825CCA92925CDA92A25CEA9DF
:10A570002B25CFA92C25D0A92D25D1A92E25D2A9AF
:10A580002F25D3A93025D4A93125D5A93225D6A97F
:10A590003325D7A93425D8A93525D9A93625DAA94F
:10A5A0003725DBA93825DCA93925DDA93A25DEA91F
:10A5B0003B25DFA93C25E0A93D25E1A93E25E2A9EF
:10A5C0003F25E3A94025E4A94125E5A94225E6A9BF
:10A5D0004325E7A94425E8A94525E9A94625EAA98F
:10A5E0004725EBA94825ECA94925EDA94A25EEA95F
:10A5F0004B25EFA9A025F6A1A125F5A1B225F8A12B
:10A60000B325F7A1C625F4A1C725F3A1CB25F0A159
:10A61000CE25F2A1CF25F1A10526EFA10626EEA1B8
:10A620004026E2A14226E1A10030A1A10130A2A171
:10A630000230A3A10330A8A10530A9A10830B4A11C
:10A640000930B5A10A30B6A10B30B7A10C30B8A1C2
:10A650000D30B9A10E30BAA10F30BBA11030BEA190
:10A660001130BFA11330FEA11430B2A11530B3A137
:10A670001630BCA11730BDA14130A1A44230A2A424
:10A680004330A3A44430A4A44530A5A44630A6A4D6
:10A690004730A7A44830A8A44930A9A44A30AAA4A6
:10A6A0004B30ABA44C30ACA44D30ADA44E30AEA476
:10A6B0004F30AFA45030B0A45130B1A45230B2A446
:10A6C0005330B3A45430B4A45530B5A45630B6A416
:10A6D0005730B7A45830B8A45930B9A45A30BAA4E6
:10A6E0005B30BBA45C30BCA45D30BDA45E30BEA4B6
:10A6F0005F30BFA46030C0A46130C1A46230C2A486
:10A700006330C3A46430C4A46530C5A46630C6A455
:10A710006730C7A46830C8A46930C9A46A30CAA425
:10A720006B30CBA46C30CCA46D30CDA46E30CEA4F5
:10A730006F30CFA47030D0A47130D1A47230D2A4C5
:10A740007330D3A47430D4A47530D5A47630D6A495
:10A750007730D7A47830D8A47930D9A47A30DAA465
:10A760007B30DBA47C30DCA47D30DDA47E30DEA435
:10A770007F30DFA48030E0A48130E1A48230E2A405
:10A780008330E3A48430E4A48530E5A48630E6A4D5
:10A790008730E7A48830E8A48930E9A48A30EAA4A5
:10A7A0008B30EBA48C30ECA48D30EDA48E30EEA475
:10A7B0008F30EFA49030F0A49130F1A49230F2A445
:10A7C0009330F3A4A130A1A5A230A2A5A330A3A5E4
:10A7D000A430A4A5A530A5A5A630A6A5A730A7A5F9
:10A7E000A830A8A5A930A9A5AA30AAA5AB30ABA5C9
:10A7F000AC30ACA5AD30ADA5AE30AEA5AF30AFA599
:10A80000B030B0A5B130B1A5B230B2A5B330B3A568
:10A81000B430B4A5B530B5A5B630B6A5B730B7A538
:10A82000B830B8A5B930B9A5BA30BAA5BB30BBA508
:10A83000BC30BCA5BD30BDA5BE30BEA5BF30BFA5D8
:10A84000C030C0A5C130C1A5C230C2A5C330C3A5A8
:10A85000C430C4A5C530C5A5C630C6A5C730C7A578
:10A86000C830C8A5C930C9A5CA30CAA5CB30CBA548
:10A87000CC30CCA5CD30CDA5CE30CEA5CF30CFA518
:10A88000D030D0A5D130D1A5D230D2A5D330D3A5E8
:10A89000D430D4A5D530D5A5D630D6A5D730D7A5B8
:10A8A000D830D8A5D930D9A5DA30DAA5DB30DBA588
:10A8B000DC30DCA5DD30DDA5DE30DEA5DF30DFA558
:10A8C000E030E0A5E130E1A5E230E2A5E330E3A528
:10A8D000E430E4A5E530E5A5E630E6A5E730E7A5F8
:10A8E000E830E8A5E930E9A5EA30EAA5EB30EBA5C8
:10A8F000EC30ECA5ED30EDA5EE30EEA5EF30EFA598
:10A90000F030F0A5F130F1A5F230F2A5F330F3A567
:10A91000F430F4A5F530F5A5F630F6A50531C5A857
:10A920000631C6A80731C7A80831C8A80931C9A887
:10A930000A31CAA80B31CBA80C31CCA80D31CDA857
:10A940000E31CEA80F31CFA81031D0A81131D1A827
:10A950001231D2A81331D3A81431D4A81531D5A8F7
:10A960001631D6A81731D7A81831D8A81931D9A8C7
:10A970001A31DAA81B31DBA81C31DCA81D31DDA897
:10A980001E31DEA81F31DFA82031E0A82131E1A867
:10A990002231E2A82331E3A82431E4A82531E5A837
:10A9A0002631E6A82731E7A82831E8A82931E9A807
:10A9B0002032E5A22132E6A22232E7A22332E8A227
:10A9C0002432E9A22532EAA22632EBA22732ECA2F7
:10A9D0002832EDA22932EEA2004EBBD2014EA1B622
:10A9E000034EDFC6074EF2CD084EC9D5094EFDC84D
:10A9F0000A4ECFC90B4EC2CF0C4EA2D80D4EBBB2E1
:10AA00000E4EEBD3104EA4D8114EF3B3134EA8D76D
:10AA1000144ED2C7154EA7D8164EC0CA184EF0C74E
:10AA2000194EFBB11A4EB5D21B4ED4B41C4EABB668
:10AA30001D4EBFCB1E4EA9D8224EAAB6244EBDC174
:10AA4000254ECFD1274EA5C9284EADD82A4EF6B8EF
:10AA50002B4EBED12C4EDCE32D4ED0D6304EE1B77E
:10AA6000324EAEB4344ED9C1364EBCD8384EE8CD95
:10AA7000394EA4B53A4EAACE3B4EF7D63D4EF6C05F
:10AA80003E4ED9BE3F4EAFD8434ECBC4454EC3BE5B
:10AA9000474EB1D8484EB4C3494EE5D24B4EAED620
:10AAA0004C4EDACE4D4EA7D54E4EF5BA4F4EA6B708
:10AAB000504ED6C0524EB9C6534ED2C5544EC7C7DB
:10AAC000564ED4B9584ECBB3594ED2D25C4EBFD8A5
:10AAD0005D4EC5BE5E4EF2C65F4EB2D2604EB0CF86
:10AAE000614EE7CF664EE9CA694EC0D8704EF2C2D9
:10AAF000714ED2C2734EE9C87E4EACC7864ECBC1F2
:10AB0000884EE8D3894EF9D58B4EC2CA8C4EFEB61C
:10AB10008D4EA1D88E4EDAD38F4EF7BF914EC6D44C
:10AB2000924EA5BB934EC1D8944EE5CE954EAEBE87
:10AB3000984EA8D89A4EC7D19B4EA9D09F4EBDD84B
:10AB4000A04EEFD9A14EF6CDA24EBABFA44EBBBDCA
:10AB5000A54EA5BAA64EE0D2A74EFAB2A84EE0BACC
:10AB6000A94EB6C4AB4EEDCFAC4EA9BEAD4EA4CDF2
:10AB7000AE4EC1C1B24ED7C7B34EF1D9B54EF4D91E
:10AB8000BA4ECBC8BB4EE9D8BF4EDAD2C04EB2CA1D
:10AB9000C14ECAC8C24EECD8C34EEAD8C44EC6D8BD
:10ABA000C54EF6BDC64ECDC6C74EF0B3C94EEBD8A6
:10ABB000CA4EF1BDCB4EE9BDCD4ED4C8CE4ED3B4B6
:10ABC000D14ED8C2D34ED6B2D44ED0D7D54ECBCAA2
:10ABD000D64EFBCBD74ECCD5D84EB6B8D94EC9CF72
:10ABE000DD4EDAD9DE4EF0D8DF4EAAC7E14EEED800
:10ABF000E34EFAB4E44EEEC1E54ED4D2E84EEDD8C1
:10AC0000EA4EC7D2EB4EEFD8EC4EC7C3F04EF6D1AA
:10AC1000F24ED9D6F34EF2D8F54EF5D8F64EFEBC2C
:10AC2000F74EDBBCFB4ECEC8FD4EDDB7FF4EC2B7C4
:10AC3000014FF3C6094FF8D80A4FC1D20D4FE9CEE4
:10AC40000E4FBFBC0F4FFCB7104FA5B7114FDDD053
:10AC5000174FDAD6184FC5D3194FEFBB1A4FE1BBC8
:10AC60001B4FF1D81E4FA1C91F4FB0CE204FABB420
:10AC7000224FF3D8244FCBC9254FF6D8264FD7C241
:10AC8000274FF7D82A4FB1CE2B4FF9D82F4FAEB25E
:10AC9000304FC0B9324FA3D9344FE9B0364FE6C177
:10ACA000384FECC93A4FC5CB3C4FC6CB3D4FA4D92A
:10ACB000434FE8B5464FABB54D4FBBCE4E4FCDB52C
:10ACC0004F4FA1D7504FF4D7514FD3D3534FE5CC6B
:10ACD000554FCEBA574FA2D9584FDCD9594FE0D370
:10ACE0005A4FFDD85B4FF0B75C4FF7D75D4FFED89A
:10ACF0005E4FFAD85F4FA1D9604FE3C4634FB6D31C
:10AD0000644FF4D8654FDDD9674FFBD8694FE5C56F
:10AD10006C4FD0C06F4FF0D1704FDBB0734FD1BCD0
:10AD2000744FA6D9764FA5D97B4FACD97C4FAED9FD
:10AD30007E4FABD97F4FB9CA834FA9D9844FB6D6BE
:10AD4000884FDEB3894FA8D98B4FFDC08D4FCCCA39
:10AD50008F4FAAD9914FA7D9944FB0D9974FB1B679
:10AD60009B4FA9B99D4FC0D2A04FC0CFA34FC2C225
:10AD7000A54FC4BDA64FECD5A74FE0B2A84FC8C79A
:10AD8000A94FEBBFAA4FADD9AC4FAFD9AE4FEACE6A
:10AD9000AF4FEEBAB54FD6C7BF4FE3B1C34FD9B42B
:10ADA000C44FEDB6C54FB4D9CA4FA1BFCE4FDED9FF
:10ADB000CF4FCEC7D04FFEC0D14FB8D9D74FD7CB8A
:10ADC000D84FFDB7DA4FB5D9DC4FB7D9DD4FA3B1B6
:10ADD000DE4FE1D3DF4FB9D9E14FC5D0E34FB6D94C
:10ADE000E64FB1D9E84FB2D9E94FA9C1EA4FB3D97B
:10ADF000ED4FF3BCEE4FDED0EF4FA9B8F14FE3BEFD
:10AE0000F34FBDD9F84FBAD9FA4FB3B0FE4FC2D9FC
:10AE10000C50C4D90D50B6B10F50BFD91250B9B5AE
:10AE20001450F3BE1850C8CC1950F2BA1A50D0D2F0
:10AE30001C50C3D91F50E8BD2150ABB32550C5D914
:10AE40002650EBBE2850C6D92950BBD92A50DFC4A2
:10AE50002C50BED92D50C1D92E50C0D93A50AED5A4
:10AE60003C50B5D63E50E3C74350C8D94750D9BC33
:10AE70004850CAD94C50BCD94E50CBD94F50ABC614
:10AE80005550C9D95A50F6D75C50A3CD6550A1BDD5
:10AE90006C50CCD97650BCC57750B5CD7B50CDD950
:10AEA0007E50C7D97F50A5B38050FEBF8550B5B83E
:10AEB0008850FCC08D50F8B0A350F6B4A550CED940
:10AEC000A750CFD9A850A2B4A950D0D9AC50DFB464
:10AED000B250C1B0BA50D1D9BB50B5C9CF50F1CFE3
:10AEE000D650D2D9DA50C5C1E650D6D9E750AEC94E
:10AEF000EC50D5D9ED50D4D9EE50D7D9F350DBCBA7
:10AF0000F550A9BDFB50A7C60651D3D90751D8D9D2
:10AF10000B51D9D91251E5C82151DCC03F51F9B6C6
:10AF20004051A3D84151CAD44351AAD44451D6D098
:10AF30004551E4B34651D7D54851C8CF4951E2B93C
:10AF40004B51CBBF4D51E2C35151D2B65451C3CD39
:10AF50005551EED95651F0D95A51B3B55C51B5B6E9
:10AF60006251A4BE6551EBC86851ABC86B51CBB000
:10AF70006C51ABB96D51F9C16E51E2D97051BCC081
:10AF80007151B2B97351D8B97451CBD07551F8B170
:10AF90007651E4C67751DFBE7851E4B57951C8D710
:10AFA0007B51F8D17C51E6BC7D51DECA8051BDBCDD
:10AFB0008151E6D98251E7D88551DAC48851D4B895
:10AFC0008951BDC88C51E1B28D51D9D49251B0C3D1
:10AFD0009551E1C39651A2DA9751DFC89951B4D087
:10AFE0009B51FCBE9C51A9C5A051DAB9A251A3DA6C
:10AFF000A451A9D4A551A4DAAB51FBD9AC51ACB63C
:10B00000AF51EBB7B051F9B1B151FCD9B251E5B381
:10B01000B351F6BEB551F6BFB651B1D2B751E4C087
:10B02000BB51B3B6BC51FED9BD51FDD9C051BBBE59
:10B03000C451E0C6C651BCD7C751A1DAC951B9C184
:10B04000CB51F2B5CC51E8C1CF51F5BCD151D5B4FB
:10B05000DB51DDC1DD51FDC4E051B8BCE151B2B7F7
:10B06000E451EFB7EB51ECD9ED51BEC6EF51ADBF96
:10B07000F051CBBBF351CAB5F551C9DBF651D7D06E
:10B08000F851B9CDF951BCB0FA51F6B3FB51F7BB49
:10B09000FC51CADBFD51AFBAFF51E4D40052B6B542
:10B0A0000152F3B50252D6D80352D0C80652D6B7D1
:10B0B0000752D0C70852D7D80A52AFBF0D52BBDBD8
:10B0C0000E52D8D81152CCD01252AEBB1652BEEB93
:10B0D0001752D0C11852F5C11952F2D41A52D5B82C
:10B0E0001B52B4B41D52F5B32052BEC92452D0C570
:10B0F0002852D9C52952FBC02B52F0B12D52D9D8B4
:10B100002E52CEB93052BDB53352DAD83652C6D6E9
:10B110003752A2CB3852AFC83952B2C93A52CCB426
:10B120003B52CCBF3D52F4B93F52DBD84052DCD841
:10B130004152E7B64252C1BC4352EACC4A52F7CF21
:10B140004C52DDD84D52B0C75052D0B95152A3BD68
:10B150005452DECC5652CAC65C52E0D85E52DED89B
:10B160006152DFD86552FEB06752E7BE6952A3CA8A
:10B170006A52F4BC6F52B1B87252EEB87D52E2D846
:10B180007F52CBBD8152E4D88252E3D88852FCC5AD
:10B190009052E5D89352E6D89B52A6C19D52B0C8B2
:10B1A0009E52ECB09F52A6B9A052D3BCA152F1CE90
:10B1B000A252BDDBA352D3C1A852AFB6A952FAD650
:10B1C000AA52ACC5AB52D9BDAC52BEDBAD52BFDB4F
:10B1D000B152F8C0B252A2BEB352CDC0BE52C0DB13
:10B1E000BF52C6CAC352AAB2C752C2D3C952E3C3DE
:10B1F000CB52ABD1D052C2DBD252D5C0D652C3DB78
:10B20000D852B1BFDF52BCC4E452DAC7F052C4DB3B
:10B21000F952E8D9FA52D7C9FE52B4B9FF52F0CE6A
:10B220000053C8D40553FCB00653D2B40853D9D048
:10B230000D53E9D90F53CBDE1053EBD91553B0D8CA
:10B240001653AFBB1753B1B11953D7B31A53CED856
:10B250001D53D1D42053B3BD2153EFBF2353BBCFD4
:10B260002653D0D82A53CBB72E53D1D83953A5C69D
:10B270003A53F8C73B53BDD23E53D2D83F53E4C4F0
:10B280004153AECA4353A7C74553A6D84753FDC938
:10B290004853E7CE4953DCBB4A53EBB04E53AABBED
:10B2A0004F53ADD05153B0B15253E4D75353BFD7DE
:10B2B0005553A5B55653F4C25753CFC45A53A9B2E8
:10B2C0005C53B7B25E53E5B15F53B2DF6053BCD598
:10B2D0006153A8BF6253ACC26353D5D86453B1C2A3
:10B2E0006653D4D86753D4CE6953E0DA6B53C0CEDB
:10B2F0006E53B4D86F53AEC37053A1D37153A3CE62
:10B300007353B4BC7453B4C87553D1C27753EDBEF4
:10B310007853B6D07A53E1DA7F53E4C78253A7B3A8
:10B320008453F2B68553FCCC8653FAC08953F7C0D8
:10B330008B53B9D18C53E1D18D53C7D89553DEB21D
:10B340009853E5C09A53F1BA9D53C8D89F53ADD4D2
:10B35000A253E1CFA353C9D8A553CAD8A653C3CF8C
:10B36000A853F8B3A953C7BEAE53CBD8B653CCDB62
:10B37000BB53A5C8BF53D8CFC153FEC8C253CEB22A
:10B38000C853D6D3C953E6B2CA53B0BCCB53D1D3FA
:10B39000CC53ABCBCD53B4B7D153A2B7D453E5CA3A
:10B3A000D653A1C8D753DCCAD853E4B1D953F0D08F
:10B3B000DB53D1C5DF53C5DBE053FEB5E353DABF42
:10B3C000E453C5B9E553E4BEE653EDC1E853B6DF37
:10B3D000E953B5DFEA53BBD6EB53D0BDEC53D9D517
:10B3E000ED53C8B0EE53A3B6EF53C9BFF053A8CC8A
:10B3F000F153B3DFF253B7CAF353D2D3F553CFD8D7
:10B40000F653B6D2F753C5BAF853BECBF953BECCF8
:10B41000FB53B7DFFC53F0B5FD53B4DF0154F5D354
:10B420000354D4B30454F7B80654BADF0854CFBA5F
:10B430000954AABC0A54F5B50C54ACCD0D54FBC349
:10B440000E54F3BA0F54F4C01054C2CD1154F2CFBD
:10B450001254B8DF1354C5CF1554C0C21654B9DF07
:10B460001754F0C21B54FDBE1D54DFC11E54CCCD79
:10B470001F54F7D22054CDB72154C1DF2354C4DF69
:10B480002654F1B72754C9B02854D6B62954D4B796
:10B490002B54ACBA2C54FDCC2D54D4BF2E54B1CB6C
:10B4A0002F54F4C63154A8D63254C5DF3454E2CEFA
:10B4B0003554B3B33854FCCE3954B5B43B54C7CE2D
:10B4C0003C54F0BA3E54E1CE4054BDD14354C0DFA9
:10B4D0004654F4B44854CAB34A54E6B84B54BBDF9C
:10B4E0005054C5C45254BCDF5354BDDF5454BEDF66
:10B4F0005554BBC55654BFDF5754C2DF5854B1D45E
:10B500005954C3DF5B54BAC75C54D8CE6254D8C414
:10B510006454CADF6654CFDF6854DCD67154C9DF87
:10B520007254DADF7354B6CE7554C7BA7654CEDF90
:10B530007754C8DF7854DEC57B54EBC97C54F4BA29
:10B540007D54FCC38054D7BE8254C6DF8454CDDF03
:10B550008654D8C58B54A6D58C54CDBA8E54CCBE47
:10B560008F54BDD39054C0B89254E4D69454C7DFDE
:10B570009554BEB99654A7BF9954FCC19A54CBDFD9
:10B580009B54CCDF9D54D0DFA354DBDFA454E5DF14
:10B59000A654D7DFA754D6DFA854C9D7A954E3DFF0
:10B5A000AA54E4DFAB54EBE5AC54A7D2AD54D2DFE0
:10B5B000AF54A9BFB154DBD4B354C8BFB454D4DF23
:10B5C000B854CCCFBB54DDDFBD54CAD1BF54DEDF8D
:10B5D000C054A7B0C154B7C6C254D3DFC454E5BAEF
:10B5E000C654DFB6C754DBCDC854FEB9C954D5D450
:10B5F000CC54DFDFCD54ECCFCE54A5B0CF54E7DF31
:10B60000D054D1DFD154C6D1D254D5DFD354D8DFF2
:10B61000D454D9DFD554DCDFD754A9BBD954E0DFEB
:10B62000DA54E1DFDC54E2DFDD54E6DFDE54E8DF4C
:10B63000DF54B4D3E554E7B8E654B6C5E754EADFBF
:10B64000E854DAC9E954A8C1EA54C4C4ED54DEBFD1
:10B65000EE54F8CFF254DCD5F354EEDFFA54B8B21E
:10B66000FC54DFBAFD54ECDFFF54C1DB0155E4D1DB
:10B670000655F4CB0755BDB40955A6B00F55F1DFFB
:10B680001055C6CC1155F2DF1455EDDF1B55E9DF1F
:10B690002055EBDF2255EFDF2355F0DF2455BDBBEE
:10B6A0002755F3DF2A55F4DF2C55A3BB2E55DBCAF3
:10B6B0002F55A8CE3055A7E03155AAB33355A6E093
:10B6C0003755A1E03C55FEDF3E55D9CD3F55FCDF57
:10B6D0004155FADF4355D0BF4455C4D74655CCC970
:10B6E0004955F8DF4A55A1B05055FDDF5555FBDFF0
:10B6F0005655A2E05C55A8E06155C8B76455A1C68F
:10B700006555B6C96655B2C06755F5DF6A55BEC501
:10B710006C55C4D86D55F9DF6E55F6C47555A3E068
:10B720007655A4E07755A5E07855A5D07B55B4E0D3
:10B730007C55E4CC7E55B1E08055A6BF8155AFE085
:10B740008255B9CE8355ABE08455C6C98755AEC086
:10B750008855AEE08955EDBA8A55B0BA8B55A9E047
:10B760008F55F6DF9155B3E09455B8E09855ADB4D8
:10B770009955B9E09C55B2CF9D55C8BA9F55B0E0D8
:10B78000A755FAD0B155ACE0B355FBD4B555F7DFAA
:10B79000B755E7C5B955ADE0BB55F7D3BD55B6E0D4
:10B7A000BE55B7E0C455C4E0C555E1D0C955BCE0AD
:10B7B000CC55C9E0CD55CAE0D155BEE0D255AAE07E
:10B7C000D355A4C9D455C1E0D655B2E0DC55C8CA9A
:10B7D000DD55C3E0DF55B5E0E155CBCEE355C3CB36
:10B7E000E455CDE0E555C6E0E655C2E0E855CBE0CE
:10B7F000EA55BAE0EB55BFE0EC55C0E0EF55C5E0C7
:10B80000F255C7E0F355C8E0F555CCE0F755BBE07D
:10B81000FD55D4CBFE55D5E00056D6E00156D2E01A
:10B820000856D0E00956CEBC0C56D1E00E56C2B830
:10B830000F56C5D81856EAD01B56EFC21E56CFE099
:10B840001F56BDE02356D4E02456D3E02756D7E058
:10B850002C56DCE02D56D8E03156F6D63256B0B331
:10B860003456ECD73656BBCB3956DAE03B56FBCED6
:10B870003F56D9BA4C56E1E04D56DDE04E56ADD2BA
:10B880005456E2E05756DBE05856D9E05956DFE00F
:10B890005C56E0E06256DEE06456E4E06856F7C6C7
:10B8A0006956ACD86A56EBD46B56E6E06C56C9CAFA
:10B8B0007156E5E07656C1B87B56E7E07C56E8E085
:10B8C0008556E9E08656E3E08E56BFBA8F56E7CC40
:10B8D0009356EAE0A356F9CFAF56EBE0B756C2C88D
:10B8E000BC56C0BDCA56D2C4D456ECE0D756EDE023
:10B8F000DA56F4C7DB56C4CBDD56EEE0DE56D8BBD5
:10B90000DF56B6D8E056F2D2E156EFE0E256C5CDAA
:10B91000E456DAB6EB56F1E0ED56B0D4F056A7C0D7
:10B92000F156D1B4F456A7CEF556F0E0F956F2E050
:10B93000FA56CCB9FD56FAB9FE56BCCDFF56F3E027
:10B940000357D4C60457F4E00657B2D40857A6C824
:10B950000957F6E00A57F5E01C57F7E01F57C1CD2D
:10B960002357A5CA2857DAD42957D7DB2A57D9DB5A
:10B970002C57D8DB2D57E7B92E57DCDB2F57DDDBF3
:10B980003057D8B53357DADB3957DBDB3A57A1B339
:10B990003B57DFDB3E57F8BB4057B7D64257E0DB9B
:10B9A0004757F9BE4A57BBB74C57D0DB4D57AECCC3
:10B9B0004E57B2BF4F57B5BB5057F8D75157D3BFAB
:10B9C0005757E9BF5A57E1BC5B57B3CC5C57DEDB36
:10B9D0005D57D3B05E57EBCE5F57D8B76057B9D736
:10B9E0006157C2C66457A4C06657B9CC6857E7DB35
:10B9F0006957E1DB6A57BAC66B57E3DB6D57E8DB83
:10BA00006F57F7C57357EADB7657E9DB7757C0BF47
:10BA10007B57E6DB7C57E5DB8257B9B48357ACC074
:10BA20008457A2C28557E2DB8657E4DB8B57CDD023
:10BA30008C57EDDB9257DDC09357F2DB9B57E2B694
:10BA4000A057F3DBA157D2DBA257B8B9A357ABD4A9
:10BA5000A457ECDBA657D1BFA757F0DBA957D1DB22
:10BA6000AB57E6B5AD57EBDBAE57E5BFB257EEDBF4
:10BA7000B457F1DBB857F9DBC257A1B9C357A3B02C
:10BA8000CB57F1C2CE57C7B3CF57EFDBD257F8DB56
:10BA9000D457D2C6D557F4DBD857F5DBD957F7DBE7
:10BAA000DA57F6DBDD57FEDBDF57F2D3E057BAB2E9
:10BAB000E457FDDBED57A4DCEF57FBDBF457FADB73
:10BAC000F857FCDBF957E0C5FA57F9BBFD57A3DC83
:10BAD0000058A5DC0258C3CC0658D1B60758C0DDC3
:10BAE0000B58A1DC0D58A2DC1158B5C71558E9B6A2
:10BAF0001958A7DC1E58A6DC2058A9DC2158A4B18F
:10BB00002458CCB52A58B0BF3058DFD13558C2B60A
:10BB10004458A8DC4C58FACB4D58F3EB5158DCCBC9
:10BB20005458FECB5858C1CC5E58FBC86558AADCA7
:10BB30006B58EECC6C58ABDC7E58D3DB8058AFDC56
:10BB40008158ACDC8358B3BE8558FBCA8958ADDC3C
:10BB50009258CAC99358B9C49958BDC79A58AEDC0F
:10BB60009E58F6D49F58E6D0A858ABC4A958D5B66D
:10BB7000BC58D4DBC158DAB1C558D5DBD158D6DBB7
:10BB8000D558BEBAE458C0C8EB58BFCAEC58C9C8AB
:10BB9000EE58B3D7F058F9C9F358C7BFF658F8BAFA
:10BBA000F958BCD20259BAE20459A6B40759B8B13F
:10BBB0000D59B4B80F59C4CF1459E7D91559A6CFA8
:10BBC0001659E2CD1959EDD91A59E0B61C59B9D216
:10BBD0001F59BBB92459B9E22559B7E22759F3B423
:10BBE0002959ECCC2A59ABCC2B59F2B72D59B2D8E4
:10BBF0002E59EBD12F59BBBA3159A7CA3459B7CDF9
:10BC00003759C4D23859E4BF3959D0BC3A59E1B692
:10BC10003C59C5DE4159C6DE4259BCDB4459D9D135
:10BC20004759E6C64859CEC44959EEB74B59DCB717
:10BC30004E59FCBF4F59E0D75159F5C65459BCB1C4
:10BC40005559C8DE5659B1BD5759D7CC5859CADED7
:10BC50005A59C9DE6059ECB56259DDC96559C2B09F
:10BC60007359AEC57459ABC57659CCC47859E9BC83
:10BC70007959FDCB7D59C3BA8159F9E58259E7C895
:10BC80008359FAE58459FDCD8659B1D78759BEB895
:10BC90008859E8C28A59D1C88D59FBE59259CAB66C
:10BCA0009359CBBC9659FDD19759A1E69959EEC34A
:10BCB0009E59A4E6A359FEE5A459A5E6A559D7CDFA
:10BCC000A859C1B7A959FCE5AA59FDE5AB59A3E6A6
:10BCD000AE59DDC4AF59A8E6B259A7E6B959C3C3F6
:10BCE000BB59DEC6BE59AAE6C659B7C4CA59A2E6B0
:10BCF000CB59BCCAD059E3BDD159C3B9D259A6E674
:10BD0000D359D5D0D459AFCED759A9E6D859B0E632
:10BD1000DA59A6D2DC59AABDDD59ADE6E359AFE642
:10BD2000E559D1C0E859CCD2EC59A7BCF959B1E6D4
:10BD3000FB59F6D2FF59CBD7015AFECD035ADECDBF
:10BD4000045AA6C2055AABE6065AACE6075ABFBD6E
:10BD5000085AAEE6095AB3E60C5AB2E6115AB6E6EC
:10BD6000135AB8E6185AEFC41C5AC8C41F5AEABE80
:10BD7000205AEFC9235AB7E6255AF0B6295AE4C328
:10BD8000315AE9D3325AB4E6345AB5E6365AA2C823
:10BD90003C5ABDE6405AB9E6465AC5C6495AF1CDA5
:10BDA0004A5ABBE6555ABCE65A5AE9BB625ABEE645
:10BDB000675ABAE66A5AB7C0745AA4D3755ABFE62E
:10BDC000765AF4C9775AC3E67A5AC4E67F5AF6D04F
:10BDD000925ABDC39A5AC4C39B5AC2E6AA5AC1E634
:10BDE000B25AC7E6B35AB1CFB55AF4EBB85ACAE65D
:10BDF000BE5AC5E6C15ADEBCC25AA9C9C95AB5BCA9
:10BE0000CC5AD3CFD25AC8E6D45AC9E6D65ACEE6CF
:10BE1000D85AD0E6DC5AD1E6E05ACBE6E15AD5B59D
:10BE2000E35ACCE6E65ACFE6E95ADBC4EB5AC6E65B
:10BE3000F15ACDE6095BD2E6165BD4E6175BD3E692
:10BE4000325BD5E6345BF8D9375BD6E6405BD7E6A4
:10BE5000505BD3D7515BDDE6535BDEE6545BD7BF67
:10BE6000555BD0D4575BD6D7585BE6B4595BEFCB64
:10BE70005A5BDAE65B5BC3D85C5BCED75D5BA2D076
:10BE80005F5BCFC3625BDFE6635BBEBC645BC2B972
:10BE9000655BDBE6665BA7D1695BA2BA6A5BCFC272
:10BEA0006C5BABD8705BEBCA715BEEE5735BDCE699
:10BEB000755BF5B77A5BE6C87D5BF5C4805BB2E580
:10BEC000815BFEC4835BFCCB845BB3E5855BACD557
:10BED000875BEED3885BD8CA895BB2B08B5BCECB75
:10BEE0008C5BEACD8F5BEABA935BB5E5955BB4E515
:10BEF000975BDAD7985BD9B9995BE6D69A5BA8B617
:10BF00009B5BF0CD9C5BCBD29D5BA6B19E5BB5CA23
:10BF1000A05BE8B3A15BF3C9A25BCDBFA35BFBD081
:10BF2000A45BD2CAA55BB6E5A65BC2BBAA5BDCCFAD
:10BF3000AB5BACB9B05BD7D4B35BA6BAB45BE7D1AB
:10BF4000B55BFCCFB65BD2BCB85BB7E5B95BDDC80F
:10BF5000BD5BEDBFBE5BF6B1BF5BDECBC25BC5BCFC
:10BF6000C45BC4BCC55BFAD2C65BDCC3C75BDCBFC9
:10BF7000CC5BBBB8D05BC2C3D25BAEBAD35BA2D43E
:10BF8000DD5BDEC7DE5BAFC4DF5BECB2E15BD1B98A
:10BF9000E45BBBE5E55BC8C1E85BAFD5EE5BBCE548
:10BFA000F05BBEE5F85BE7B4F95BD4B6FA5BC2CBF5
:10BFB000FB5BB0D1FC5BBCB5FF5BD9CA015CE2B7EF
:10BFC000045CE4C9065CABBD095CBECE0A5CF0D77C
:10BFD0000F5CA1D0115CD9C9145CFBB6155CD8E626
:10BFE000165CE2BC185CBEB31A5CD0C91C5CD9E616
:10BFF0001D5CA2B3225CCCDE245CC8D3255CCDDE04
:10C00000275CA2D22C5CCEDE315CCDBE345CCFDEB0
:10C01000385CACCA395CFCD23A5CDFB33B5CEAE525
:10C020003C5CE1C43D5CA1BE3E5CB2CE3F5CF2C470
:10C03000405CD6BE415CA8C6425CE3B2455CD3BE60
:10C04000485CFCC7495CEBCC4A5CECBD4B5CDDCE8C
:10C050004E5CBACA4F5CC1C6505CECE5515CBCD0CA
:10C06000555CB9D5595CEDE55E5CF4CA605CC0CD49
:10C07000615CC5C2635CEFE5655CC4C2665CF0E50B
:10C080006E5CF8E56F5CCDCD715CBDC9795CD9D2D1
:10C090007A5CA8E17F5CECD3815CEACB825CF1C680
:10C0A000885CACE18C5CA7E18D5CA9E1905CAAE1C5
:10C0B000915CAFE1945CEDB2965CABE1975CDAB871
:10C0C000985CADE1995CAEE19A5CB0E19B5CBAB57D
:10C0D0009C5CB1E1A25CB3E1A35CB8E1A95CD2D104
:10C0E000AB5CB6E1AC5CB5E1AD5CEBC1B15CB7E1BA
:10C0F000B35CC0D4B55CB2E1B75CBAE1B85CB6B0D1
:10C10000BD5CB4E1BF5CF9BFC15CB9E1C45CBBE13B
:10C11000CB5CBEE1D25CBCE1D95CC5D6E15CBFCFF3
:10C12000E45CBDE1E55CBFE1E65CCDC2E85CEBB69A
:10C13000EA5CF8D3ED5CCDC7F05CE5B7FB5CFEBE16
:10C14000025DC0E1035DC1E1065DC7E1075DE7B3E4
:10C150000E5DE9C6145DDEB4165DC2D11B5DC8E19B
:10C160001E5DC6E1245DC5E1265DC3E1275DC2E138
:10C17000295DC0B12D5DB8D52E5DC4E1345DCBE144
:10C180003D5DCCE13E5DCAE1475DFAEF4A5DD3E13A
:10C190004B5DD2E14C5DB6C7585DC9E15B5DCEE158
:10C1A0005D5DD0E1695DD4E16B5DD1E16C5DCDE1B8
:10C1B0006F5DCFE1745DD5E1825DD6E1995DD7E138
:10C1C0009D5DD8E1B75DDAE1C55DDBE1CD5DA1CE76
:10C1D000DB5DDDE7DD5DA8B4DE5DDDD6E15DB2D11E
:10C1E000E25DB2B3E55DA4B9E65DF3D7E75DC9C72B
:10C1F000E85DDEBEE95DAEB9EB5DD7CEEE5DEEB2D9
:10C20000EF5DCFDBF15DBABCF25DD1D2F35DC8CB9F
:10C21000F45DCDB0F75DEFCFFD5DE3D9FE5DEDBD23
:10C22000015ED2B1025ED0CA035EBCB2055EA7CB8E
:10C23000065EABB7085EA6CA0C5EA3CF0F5EF8E041
:10C24000105ECAD5115EFBE0145EFAE0155EC1C552
:10C25000165EFBCC185EB1C1195EF9E01A5EE3D63A
:10C260001B5EAFB21C5EC4D61D5EDBB5265EF8B4A5
:10C27000275EA1D62D5EAFCF2E5EEFB0315EFCE023
:10C28000375EA1E1385EA3B33B5EFDE03C5EFEE0BD
:10C290003D5EB1C3425EDDC3445EA2E1455EF9B7D7
:10C2A0004C5ECFBB545EA3E1555EBBC45B5EA4E1B4
:10C2B0005E5EA5E1615EA6E1625EB1B4725EC9B880
:10C2C000735EBDC6745EEAC4765EA2B2785ED2D0FA
:10C2D0007A5EDBE77B5EC3BB7C5ED7D37D5EC4D377
:10C2E0007F5EE3B9805ECFE2845EAFD7865EECC747
:10C2F000875ED3B18A5EB2B48B5ED1E28F5EF2D03C
:10C30000905EAEC2915ED0E2935EE2BF945EA6D331
:10C31000955ED7B5965ED2E2975EEAB5995EEDC3BB
:10C320009A5EFDB89C5EAEB89E5ED3C59F5ECFB7E9
:10C33000A05ED4E2A55ED3E2A65EC8B6A75EF9D73A
:10C34000AD5EA5CDB35ED8E2B55ED6E2B65EFCCA00
:10C35000B75EB5BFB85EB9D3B95ED5E2BE5ED7E20F
:10C36000C95EAEC1CA5EC8C0D15EDBE2D25EDAE2AF
:10C37000D35EAAC0D65ECEC1DB5EDCE2E85EDDE263
:10C38000EA5EDEE2F45EC8DBF65ED3D1F75EA2CDF4
:10C39000FA5EA8BDFE5EC3DEFF5EA5D8005FAABF41
:10C3A000015FCDDB025FECD2035FFAC6045FAAC572
:10C3B000085FC4DE0A5FD7B10B5FAEDF0F5FBDCA97
:10C3C000115FB1DF135FADB9155FFDD2175FA5B87F
:10C3D000185FEBBA1B5FDAB31F5FDCB5205FC5D512
:10C3E000255FD6C3265FD2CF275FA1BB295FF3E5C8
:10C3F0002A5FF2E52D5FF4E52F5FE4CD315FF5C8EC
:10C40000395FAFB53A5FBFC73C5FF6E5405FB0EC60
:10C41000505FE6E5525FE9B9535FB1B5555FBCC205
:10C42000565FE8E5575FE7E5585FE9E55D5FCDD228
:10C43000615FEAE1625FCED0645FAECD665FE5D159
:10C44000695FCAB26A5FEBB16C5FF2B16D5FEDC557
:10C45000705FC3D5715FB0D3735FDCE1775FDDE1FF
:10C46000795FDBD27B5FB9B37C5FCBB1805FF9CD05
:10C47000815FF7D5825FDEE1845FB6BE855FFDB484
:10C48000875FDFE1885FDCBA895FE0E18A5FB2BB8A
:10C490008B5FC9C28C5FE1E1905FECD0925FBDCD54
:10C4A000955FE2E1975FC3B5985FC7C5995FE3E128
:10C4B0009C5FE4E1A15FF9D3A85FE5E1AA5FADD19C
:10C4C000AD5FE6E1AE5FA2CEB55FE7E1B75FC2B5B3
:10C4D000BC5FE8E1BD5FD5BBC35FC4D0C45FE0E231
:10C4E000C55FD8B1C65FE4D2C95FE1E2CC5FC9BC29
:10C4F000CD5FCCC8CF5FE3E2D05FFEECD15FFDEC57
:10C50000D25FAFDFD65FE2E2D75FBED6D85FFCCDA9
:10C51000D95FA6C3DD5FC3E3E05FD2D6E15FE7E2A8
:10C52000E45FE8E2E75FC7D3EA5FECE2EB5FECBF12
:10C53000ED5FEDE2EE5FE5E2F15FC0B3F55FEEC403
:10C54000F85FEEE2FB5FC3D0FD5FF6BAFE5FE9E2A3
:10C55000FF5FDEB70060B3BB0160ACCC0260CBCB49
:10C560000360E4E20460E6E20560EAE20660EBE212
:10C570000A60F7E20D60F4E20E60F5D40F60F3E2BA
:10C580001260ADC51460FAD51560C2C51660C0B2A0
:10C590001960EFE21B60F2E21C60AFC11D60BCCB12
:10C5A0002060A1B52160F9E22560B1BC2660F1E20E
:10C5B0002760D4D02860B9D42960F5E22A60D6B9C2
:10C5C0002B60F6E22F60D3C73560F0E23B60DCD72A
:10C5D0003C60A1ED3F60F8E24160A5ED4260FEE203
:10C5E0004360D1CA4B60B5C14D60D0BB5060D6BF6F
:10C5F0005260E3BA5560A1CB5960A6ED5A60A3ED35
:10C600005D60A2ED6260D6BB6360A7ED6460F4D0AC
:10C610006760A4ED6860DEBA6960F7B66A60A1E39E
:10C620006B60B2B66C60F1CC6D60A7B96F60A2CFE1
:10C630007060A1C77360D2BF7660F1B67860FAE22D
:10C640007960FBE27A60FDE27B60FCE27C60D5C44D
:10C650007D60A2E37F60C1D38360A7E38460C4C729
:10C660008960A4CF8C60A9E38D60B7BA9260A8E31B
:10C670009460DABB9660A3E39A60A4E39B60AAE3AC
:10C680009D60A6E39F60F2CEA060C6D3A360BCBB52
:10C69000A660C3D4A860FAC4AB60A8EDAC60FCD0BF
:10C6A000AD60A5E3AF60F5C3B160ADE3B260AFB11B
:10C6B000B460B2E3B860C2BCBB60ACE3BC60BFB501
:10C6C000C560E9C7C660B0E3CA60AABECB60EFCD63
:10C6D000D160F3BBD560E8CCD860AFE3DA60B1E3FA
:10C6E000DC60A7CFDD60AEE3DF60A9CEE060DDBB3C
:10C6F000E660EBB5E760E5BEE860D2B2E960CDB3D5
:10C70000EB60B9B1EC60ABE3ED60D1B2EE60ACB51B
:10C71000EF60DFB9F060E8B6F360EBCFF460B7E349
:10C72000F660CCBBF960C7C8FA60CAD00061B8E354
:10C730000161EEB30661A9ED0861FAD30961E4D3A2
:10C740000D61AAED0E61B9E30F61E2D21561B5E3A7
:10C750001A61DED31F61D0B82061B3E32361B6E371
:10C760002461DFB72661B4E32761A2C02B61BAE37D
:10C770003F61B8D44861C8B44A61BBE34C61C5BBF2
:10C780004E61F7C95161E5C95561BDC45D61ABED4D
:10C790006261FDC26761DBBB6861AEBF7061BFCE25
:10C7A0007561BCE37761B6BF8B61EFB18E61F7D481
:10C7B0009461BEE39D61ADEDA761BFE3A861A9BA35
:10C7C000A961ACEDAC61BDE3B761C0E3BE61B6BACF
:10C7D000C261AEB6C861B8D0CA61C3B0CB61AEEDBC
:10C7E000D161AFEDD261C1C0D461C1E3E661B3C52F
:10C7F000F561C2E3FF61B2DC0662B0ED0862EAB83F
:10C800000A62ECCE0B62A7EA0C62E7D00D62F9CAAD
:10C810000E62D6C80F62B7CF1062C9B31162D2CE12
:10C820001262E4BD1562DEE31662F2BB1762A8EA8B
:10C830001862BDD51A62DDC61B62A9EA1F62AAEAA8
:10C840002162ACEA2262ABEA2462AEEA2562ADEA7A
:10C850002A62D8BD2C62AFEA2E62BEC23362C1B476
:10C860003462F7B43762A7BB3D62E6EC3E62E5ECAA
:10C870003F62BFB74062F9CB4162E2B14362E7EC8D
:10C880004762C8C94862E8EC4962E9EC4B62D6CA23
:10C890004C62D0DE4D62C5B24E62FAD45162CBC654
:10C8A0005262C7B05362F2B45462D3C85862D0CD5A
:10C8B0005B62B8BF6362DBBF6662A4C76762B4D65F
:10C8C0006962A9C06A62D1DE6B62A8C96C62EFD1ED
:10C8D0006D62A4C56E62E7B06F62B6B37062C5C820
:10C8E0007362E2B07662F6B77962FAC57C62F3B63B
:10C8F0007E62D2D57F62D0B38062BCBC8462ADB3AD
:10C900008962F1BE8A62D1B09162D6D29262E3CAE4
:10C910009362A5D79562B6CD9662B6B69762B9BF57
:10C920009862DBD59A62A7B89B62D7C59F62D2DEB8
:10C93000A062D9BFA162D5C2A262C0C7A462A4BBD3
:10C94000A562A8B1A862EAC5AB62FBC5AC62A7CC80
:10C95000B162A7B1B562D6B5B962A8C4BB62D3DE75
:10C96000BC62BAD1BD62E9B3BF62F2C3C262F7B7BB
:10C97000C462F4D6C562A3B5C662F0B2C762B4C4DD
:10C98000C862E9C4C962ADC0CA62D4DECC62E8B094
:10C99000CD62C4C5CE62E0C1D062D5B9D262DCBE80
:10C9A000D362D8CDD462CEB0D662CFCDD762D6DE38
:10C9B000D862D0BED962BED7DA62D5DEDB62D0D50E
:10C9C000DC62DDB0DF62E2C4E262A3C2E362F0BC1B
:10C9D000E562B5D3E662B9C0E762A1C5E862A6B276
:10C9E000E962F1D4EC62A8C0ED62C3CAEE62D7DEA0
:10C9F000EF62FCD5F162B0B9F362ADC8F462A9CBC5
:10CA0000F662D9DEF762BDBFFC62B4C6FD62A7D78D
:10CA1000FE62B0CAFF62C3C40163D6B30263D2B977
:10CA20000763B8D60863FCEA0963B4B00E63E6BFD7
:10CA30001163F4CC1663DACD1A63BFD61B63CEC282
:10CA40001D63CECE1E63A2CC1F63AED02063D3C4C1
:10CA50002163B2B52263D8DE2363F5D52463B7BC66
:10CA60002563D3BB2863A4B02A63B2C52B63ECB49F
:10CA70002F63F1D53263FDEA3963DADE3A63A6CD7E
:10CA80003D63ECCD4263E6CE4363DCDE4563B1CD6E
:10CA90004663A6C04963BDD74B63DBDE4C63C6B0BB
:10CAA0004D63B4BA4E63D3C94F63F3C45063E8BE59
:10CAB0005563B6B25E63CCC05F63F0CB6163F1BC1B
:10CAC0006263BBBB6363B7B56763F5C56963E6DEE5
:10CAD0006D63E3DE6E63DDBE7163DFDE7663B7B484
:10CAE0007763DDBD7A63E0DE7B63EDC48063C6CF30
:10CAF0008263E0B58763DEB68863DACA8963F4B51A
:10CB00008A63E5DE8C63C6D58E63E1DE8F63CDCCB0
:10CB10009063FEC69263C5C59663B4D29863F2BEB5
:10CB2000A063D3C2A263BDCCA363B8B3A563D3BDD6
:10CB3000A763D8BFA863C6CDA963DAD1AA63EBB453
:10CB4000AC63E4DEAD63DDDEAE63E7DEB063FEEA78
:10CB5000B363B0C2B463E2DEB763C0D6B863A7B54F
:10CB6000BA63F4B2BC63E8DEBE63F2DEC463EDDE3A
:10CB7000C663F1DEC963E0C8CD63E1D7CE63EFDE03
:10CB8000CF63E8C3D063E1CCD263E5B2D663BED253
:10CB9000DE63EEDEE063EBDEE163D5CEE363A7B4F4
:10CBA000E963ABBFEA63BEBEED63D2BDF263E9DE0B
:10CBB000F463AED4F663DEDEF863EADEFD63BFC085
:10CBC000FF63ECDE0064F3B20164E9B80264A7C25B
:10CBD0000564C1BD0B64F5DE0C64F8DE0F64ABB216
:10CBE0001064A4B41364EAB41464A6C91B64F6DE2A
:10CBF0001C64D1CB1E64E3B82064F7DE2164FADE46
:10CC00002664F9DE2A64C2CC2C64E1B02D64EEB453
:10CC10003464BAE53A64AFD03D64EBB23F64A1EB53
:10CC20004164F4DE4464E3C94564F3DE4664DAB08B
:10CC30004764A1D24864F7B14A64AFCC5264F0DED5
:10CC40005464A4CB5864AAD55E64FBDE6764DDB48B
:10CC50006964A6C46D64FDDE7864FEC37964A1C412
:10CC60007A64A1DF8264CCC18464FCDE8564EFBE9B
:10CC70008764B2C69164C5B39264F6C89564BACBB2
:10CC80009664FEDE9964A4DF9E64B2D7A464B7B351
:10CC9000A964C3C1AC64CBC7AD64A5B2AE64E9B44A
:10CCA000B064ABD7B564ECC4B764A2DFB864A3DFEB
:10CCB000BA64A5DFBC64B3BAC064A6DFC264DEC0D8
:10CCC000C564C3C9CD64D9B2CE64E6C7D064A7DF5A
:10CCD000D264DCC7D764A8DFD864A2EBDE64D3CB10
:10CCE000E264AADFE464A9DFE664C1B20065CAC5F4
:10CCF0000965ABDF1265DCD41865C1C82565ACDFFA
:10CD00002B65F0BE2E65ADDF2F65A7D63465B7EA7B
:10CD10003565B6EB3665D5CA3865FCD83965C4B813
:10CD20003B65A5B93E65C5B73F65FED54565CAB942
:10CD30004865A7D04965CDF44C65D0B54F65F4C3BF
:10CD40005165C8BE5565B7EB5665BDB05965CCBDDC
:10CD50005B65B2C15D65D6B15E65A8B36265D2B8E8
:10CD60006365A2C96665D8B66B65B8EB6C65B4BE81
:10CD70007065FDCA7265C3C77465FBD57765F3B787
:10CD80008765C4CE8B65ABD58C65F3B19065B3EC8C
:10CD90009165DFB09365B5EC9765B7B69965CFC17E
:10CDA0009B65FAF59C65B1D09F65E5D5A165D3CEAD
:10CDB000A465EFBDA565E2B3A765ABB8A965B6D517
:10CDC000AB65BDEDAD65CFB6AF65B9CBB065C2D0D3
:10CDD000B965BDB7BC65B6ECBD65A9CAC165D4C5AA
:10CDE000C365B9ECC465B8ECC565C3C2C665B7EC2C
:10CDF000CB65FDD0CC65BAECCE65BBECCF65E5D795
:10CE0000D265BCECD665BDECD765ECC6E065DECE80
:10CE1000E265C8BCE565D5C8E665A9B5E765C9BEE4
:10CE2000E865BCD6E965E7D4EC65AED1ED65F1D037
:10CE3000EE65B8EAEF65B9EAF065BAEAF165B5BA48
:10CE4000F665B1CAF765F5BFFA65FACD0066C0EAC6
:10CE50000266BAB00366BEEA0666A5C00A66BBEA09
:10CE60000C66FDB20E66F7C30F66E8BB1366D7D239
:10CE70001466F4CE1566BFEA1966BCEA1D66C3EAFD
:10CE80001F66C7D02066B3D32566BAB42766C1C370
:10CE90002866F2D72D66D1D52F66C7CA3166C5EA96
:10CEA0003466C4EA3566C7EA3666C6EA3C66E7D643
:10CEB0003E66D4CF4166CBEA4366CEBB4B66FABD35
:10CEC0004C66CEC94F66CCEA5266B9C95366FECFEE
:10CED0005466CAEA5566CED45666CDEA5766CFEA9E
:10CEE0005A66EDCD5F66C9EA6166CEEA6466EECE4B
:10CEF0006666DEBB6866BFB36E66D5C66F66B0BEDB
:10CF00007066FACE7466E7C77666A7BE7766D0EA23
:10CF10007A66C7D67E66C0C18266DDD48466D1EAF1
:10CF20008766BECF8C66D2EA9166EECA9666AFC5BA
:10CF30009766B5B09D66D4EAA766D3EAA866DFF423
:10CF4000AE66BAC4B466A9B1B966DFE5BE66D5EA15
:10CF5000D966EFCADB66D6EADC66D7EADD66D8C6F4
:10CF6000E666D8EAE966D9EAF066BBD4F266FAC7A3
:10CF7000F366B7D2F466FCB8F766C2EAF966DCB2CB
:10CF8000FC66FCC2FE66F8D4FF66E6CC0067EED70E
:10CF90000867C2D40967D0D30A67C3EB0B67F3C530
:10CFA0000D67FEB71067D4EB1467B7CB1567DEEBE0
:10CFB0001767CAC01B67FBCD1D67AFB31F67DAC613
:10CFC0002667FCEB2867BEC42A67B4CE2B67A9C4CA
:10CFD0002C67BEB12D67FDD42F67F5CA3167ECD63B
:10CFE0003467D3C63567E4B63A67FABB3D67E0D02D
:10CFF0004067B1C94267D3D44367A8C84667CBB876
:10D000004867BEE84967BCC94C67BBE84E67EEC0DD
:10D010004F67D3D05067C4B25167E5B45367BCE8DB
:10D020005667C8D55C67C5B65E67BDE85F67F8CA76
:10D030006067DCB86167F5CC6567B4C06867EED13E
:10D040006967BFE86A67C2E86D67BCBA6F67ADB170
:10D050007067DCBD7267BDEA7367C3E87567C6E8D1
:10D060007767CBE87C67CCE87E67C9CB7F67E5B0A4
:10D070008167ABBC8467B9B98767C1E88967F7CDB9
:10D080008B67CAE89067F6CE9567EDD59767D6C1EE
:10D090009867C4E89A67B6C39C67FBB99D67A6D634
:10D0A0009E67C8E8A267E0CAA367E6D4A567C0E8A0
:10D0B000A767C5E8A867C7E8AA67B9C7AB67E3B7BA
:10D0C000AD67C9E8AF67DDBFB067D2E8B367D7E83F
:10D0D000B567D5E8B667DCBCB767CFBCB867DBE837
:10D0E000C167DEE8C367DAE8C467FAB1CF67D8B0D2
:10D0F000D067B3C4D167CCB8D267E2C6D367BEC825
:10D10000D467E1C8D867CFE8D967D4E8DA67D6E84A
:10D11000DC67F1B9DD67D8E8DE67F5D7E067FBC407
:10D12000E267DCE8E567E9B2E967D1E8EC67EDBC06
:10D13000EF67C2BFF067CDE8F167F9D6F367F8C1D2
:10D14000F467F1B2FD67DFE8FF67C1CA0068D9E89C
:10D150000568A4D50768EAB10868BBD50968CEE8B8
:10D160000A68D0E80B68B0B60C68D3E80E68DDE852
:10D170000F68B8C01168F7CA1368A8CB1668DCC678
:10D180001768F5C01D68E9E82168A3D02968F2E8AE
:10D190002A68EAD63268E0E83368E1E83768F9D10E
:10D1A0003868CBBA3968F9B83C68F1B83D68D4D46E
:10D1B0003E68EFE84068EEE84168ECE84268F0B9A4
:10D1C0004368D2CC4468E6E84568A6CE4668F2BF1C
:10D1D0004868B8B04968F1E84A68F0E84C68C0D7D8
:10D1E0004E68E4E85068A9CD5168A3C95368B8BB3C
:10D1F0005468DBBD5568EAE86068E2E86168E3E826
:10D200006268E5E86368B5B56468E7E86568C5C75E
:10D210006668EBE86768EDE86868B0BD6968AED736
:10D220006B68F8E87468F5E87668B0CD7768F6E87A
:10D230008168BAC18368E8E88568B7C38668F0B0DA
:10D240008F68F4E89368F7E89768A3B9A268D2C931
:10D25000A668CEC3A768E0CEA868E6C0AD68F3CBE9
:10D26000AF68DDCCB068B5D0B368E1CAB568F3E8A3
:10D27000C068ECBCC268F9E8C968DEC3CB68E5C623
:10D28000CD68F7B9D268F4B0D568D8D7D868ACBC47
:10D29000DA68EFC5E068C4CCE368A6E9EE68ADC91A
:10D2A000F068A2E9F168E2C0F568C3BFF968FEE87A
:10D2B000FA68D7B9FC68FBE80169A4E90569CED230
:10D2C0000B69A3E90D69B2D60E69B5D71069A7E954
:10D2D0001269B7BD1F69FCE82069FDE82469A1E96E
:10D2E0002D69D6CD3069ACD23469B2E93969A9E982
:10D2F0003D69AAB43F69BBB44269ABE95469A8D09F
:10D300005769A5E95A69FEB35D69ACE95E69E3C096
:10D310006069AAE96369B9E96669B8E96B69AEE968
:10D320006E69FAE87169A8E97769ACBF7869B1E913
:10D330007969BAE97C69A5C28069AFE98269C5B833
:10D340008469ADE98669DCD38769B4E98869B5E9A0
:10D350008969B7E98D69C7E99469C6C09569C5E966
:10D360009869B0E99B69BBE99C69F1B0A769BCE920
:10D37000A869A5D5AB69BEE9AD69BFE9B169C1E9E5
:10D38000B469F1C1B769B6C8BB69BDE9C169C2E991
:10D39000CA69C3E9CC69B3E9CE69B6E9D069B1BB62
:10D3A000D469C0E9DB69F7BCDF69C4E9E069C6E9B3
:10D3B000ED69CAE9F269CEE9FD69DBB2FF69C8E946
:10D3C0000A6AAEB7176ACBE9186ACCE91F6AC1D5F9
:10D3D000216AA3C4286AD8E92A6AE1BA2F6AC9E98E
:10D3E000316AA3D3356AD4E93D6AD7E93E6AD0E908
:10D3F000446ACFE9476AC1C7506AD2E9586AD9E995
:10D40000596AC8B35B6AD3E9616AF0CF656ACDE94E
:10D41000716AF7B3796AD6E97C6ADAE9806AB4CCD2
:10D42000846AADCF8E6AD5E9906ADCE9916ADBE95E
:10D43000976ADEE9A06AD1E9A96ADDE9AB6ADFE9AA
:10D44000AC6ACAC3206BB7C7216BCEB4226BB6BB24
:10D45000236BC0D0246BA3EC276BB7C5326BFBD317
:10D46000376BA4EC396BA5EC3A6BDBC63E6BEEBFB9
:10D47000436BA6EC466BA7EC476BAAD0496BB8C7C9
:10D480004C6BE8B8596BA8EC626BB9D6636BFDD5F1
:10D49000646BCBB4656BBDB2666BE4CE676BE7C6FD
:10D4A0006A6BE1CD796BF5B47B6BC0CB7C6BDFBC79
:10D4B000816BE2E9826BE3E9836BEAD1846BE5E996
:10D4C000866BF9B4876BE4E9896BB3D18A6BE2CAE6
:10D4D0008B6BD0B28D6BE8E9926BE6E9936BE7E971
:10D4E000966BB3D69A6BE9E99B6BEAE9A16BEBE922
:10D4F000AA6BECE9B36BAFECB46BB9C5B56BCEB648
:10D50000B76BF3D2BF6BEEB5C16BD9BBC26BB1ECDD
:10D51000C56BE3D2CB6BE3CECD6BB8C4CF6BBFC3CF
:10D52000D26BBEB6D36BB9D8D46BC8B1D56BCFB103
:10D53000D66BD1B1D76BFEC5D96BD0B1DB6BABC3AA
:10D54000E16BB1D5EA6BA4EBEB6BC1BAEF6BBACC74
:10D55000F36BA5EBF56BA7EBF96BA8EBFD6BA6EBFB
:10D56000056CA9EB066CABEB076CAAEB0D6CACEB96
:10D570000F6CCFCA106CB5D8116CF1C3136CA5C376
:10D58000146CF8C6156CADEB166CCAC4186CAEEB17
:10D59000196CAFEB1A6CB0EB1B6CD5B71F6CFAB7FC
:10D5A000216CB1EB226CE2C7246CB3EB266CA4BAFD
:10D5B000276CF5D1286CB1B0296CB2EB2A6CB4EBB6
:10D5C0002E6CAAB52F6CC8C2306CE8C7326CB5EBB4
:10D5D000346CAECB356CDFE3386CC0D33D6CDBD93B
:10D5E000406CA1CD416CADD6426CF3C7466CE0D91E
:10D5F000476CE3BB496CBABA4A6CE2E3506CABCF00
:10D60000546CE0E3556CC7C9576CB9BA5B6CB4D1C4
:10D610005C6CE1E35D6CEAC85E6CAFB95F6CADBD9C
:10D62000606CD8B3616CDBCE646CC0CC686CE8E332
:10D63000696CE9E36A6CF4CD706CADCC726CB3BC10
:10D64000746CEAE3766CEBE3796CDAD07D6CFBC644
:10D650007E6CDAB7816CDFC7826CCAD2836CD6CE9F
:10D66000856CE4E3866CECE3886CF2C9896CC1B329
:10D670008C6CE7E38F6CE3C6906CE5E3936CB3EDE1
:10D68000946CE6E3996CB3C99B6CE6C59F6CB5B925
:10D69000A16CBBC3A36CE3E3A46CBDC5A56CA4C122
:10D6A000A66CD9C2A76CD7B2A96CEDE3AA6CA6BBD5
:10D6B000AB6CADC4AD6CF0E3AE6CDABEB16CFBE349
:10D6C000B26CF5E3B36CD3BAB86CD0B7B96CCDD348
:10D6D000BB6CCED6BC6CD3D5BD6CC1B9BE6CB4D559
:10D6E000BF6CD8D1C46CB9D0C56CF6C7C96CAAC818
:10D6F000CA6CB4B2CC6CDAC3D06CEEE3D36CFCE38E
:10D70000D46CEFE3D56CA8B7D66CF7E3D76CF4E331
:10D71000DB6CBAB7DE6CA2C5E06CF6E3E16CDDC58C
:10D72000E26CA8B2E36CFCC6E56CE0C4E86CA2D77E
:10D73000EA6CE1C0EB6CF9E3EE6CFAE3EF6CFDE34D
:10D74000F06CA9CCF16CF3E3F36CBED3F56CC3B110
:10D75000F66CB4EDF76CF1E3F86CF2E3FA6CF8E315
:10D76000FB6CBAD0FC6CC3C6FD6CF3D4FE6CFEE35C
:10D77000016DE0BD046DA7E4076DA6E40B6DF3D168
:10D780000C6DA3E40E6DA9E4126DF7C8176DB4CF4C
:10D79000196DA8E41A6DAEE41B6DE5C21E6DB4B63A
:10D7A000256DF2BD276DA2E42A6DE9BA2B6DAAE4BE
:10D7B0002E6DACE4316DFDB6326DDED6336DB2E464
:10D7C000356DADE4396DA1E43B6DEEBB3C6DDDCD57
:10D7D0003D6DA2C73E6DC9C5416DF7C1436DA4E45F
:10D7E000456DB3C7466DACBD476DBDBD486DA5E485
:10D7F0004A6DC7D74B6DE2B24D6DABE44E6DC3BC05
:10D800004F6DAFE4516DEBBB526DB0E4536DA8C5E5
:10D81000546DB1E4596DE3D55A6DA3BF5C6DBAE4A4
:10D820005E6DB7E4606DBBE4636DBDE4666DD6C646
:10D83000696DC6BA6A6DCBC06E6DA1B86F6DB4E488
:10D84000746DA1D4776DA3BA786DFEBD7C6DBCE418
:10D85000826DBFCD856DF9C4886DFBCF896DE6C93A
:10D860008C6DBFD38E6DD1CF916DB3E4936DB8E461
:10D87000946DB9E4956DE9CC9B6DCECC9D6DD4C013
:10D880009E6DB5E49F6DB0C1A06DB6E4A16DD0CE24
:10D89000A36DC1BBA46DD3B5A66DF3C8A76DA7BD1D
:10D8A000A86DC7D5A96DACC9AA6DA2B8AB6DCAE405
:10D8B000AE6DCCE4AF6DC4D1B26DBAD2B56DADBAB8
:10D8C000B86DD4BABF6DC3E4C06DEDB5C46DCDD72E
:10D8D000C56DC0E4C66DFDCFC76DBFE4CB6DDCC1C7
:10D8E000CC6DCACCD16DE7CAD66DD7C4D86DD4CCB7
:10D8F000D96DC8E4DD6DC7E4DE6DC1E4E06DC4E45C
:10D90000E16DADB5E46DD9D3E66DC6E4EB6DF9D24A
:10D91000EC6DE3B4EE6DB4BBF16DEEC9F36DBEB466
:10D92000F76DECBBF96DCDD1FB6DEDCCFC6DB5EDBC
:10D93000056EE5C70A6EA8D40C6ECBE40D6ED5D784
:10D940000E6EC2E4106EA5BD116EC5E4146EE6D372
:10D95000166EC9E4176EF8C91A6EBEE41D6EE5D3E3
:10D96000206EFEC7216EC9B6236EFCD4246EB3B2FE
:10D97000256ED7E4296EC2CE2B6ECDE42D6EBCCEC3
:10D980002F6EDBB8326ED6E4346ECABF386ECED39B
:10D990003A6EECC3436EC8C5446ED8E44D6EC4CD38
:10D9A0004E6ECFE4536ED4E4546ED5E4566EFEBA98
:10D9B000586EE6CF5B6EBFD55F6ED2E46B6ED0E47F
:10D9C0006E6ECEE47E6EE5CD7F6EAACA836EA3C076
:10D9D000856EA6BD866ED3E4896EC8B88F6EE7E407
:10D9E000906EB4D4986EDBE49C6EEFC19F6EE9E458
:10D9F000A26EE7D2A56EDFE4A76EE0E4AA6EAACF1E
:10DA0000AF6EDDCBB16EDAE4B26ED1E4B46EE5E4B4
:10DA1000B66EDCC8B76EE3E4BA6EE7C4BB6EE2E490
:10DA2000BD6EE1E4C16EFCB3C26EE8E4C76EE1B561
:10DA3000CB6ECCD7CF6EE6E4D16EACBBD36ED2D773
:10DA4000D46ECFCCD56EF8EBD76EE4E4DA6EF6B9CF
:10DA5000DE6ECDD6DF6ED9E4E06EDCE4E16EFAC2B4
:10DA6000E26EDEE4E46ECBC2E56EC4C0E66ED0C208
:10DA7000E86EF5B1E96EB2CCF46ECEB5F96EEFE4B6
:10DA8000026FAFC6066FE1C6096FF5E40F6FA9C25A
:10DA9000136FECC0146FDDD1156FEEE4206FAEC4D0
:10DAA000246FEDE4296FF6E42A6FF4E42B6FFEC2D5
:10DAB0002D6FDDE42F6FF0E4316FFECA336FC4D5F4
:10DAC000366FF1E43E6FFAD1466FEBE4476FECE45A
:10DAD0004B6FF2E44D6FABCE586FCBC55C6FB1C7E7
:10DAE0005E6FBAC2626FEAE4666FCAC16D6FB6CC90
:10DAF0006E6FB1B3726FFBE4746FF3E4786FFAE4A6
:10DB00007A6FFDE47C6FFCE4846FCEB3886FBAB3A8
:10DB1000896FF7E48C6FF9E48D6FF8E48E6FECC5D4
:10DB20009C6FBDC0A16FE8D4A76FA2E5B36FC4B06E
:10DB3000B66FA4E5B96FA3E5C06FA4BCC26FA5E53D
:10DB4000C96FA1E5D16FFEE4D26FF4B1DE6FA8E535
:10DB5000E06FA9E5E16FA6E5EE6FA7E5EF6FAAE537
:10DB60001170D9C61A70ABE51B70ADE52370ACE53A
:10DB70003570AFE53970AEE54C70E0B94F70B0E587
:10DB80005E70B1E56B70F0BB6C70E1EC6D70F0C372
:10DB90006F70C6B57070D2BB7570E9C17670EED487
:10DBA0007870C4BE7C70C6D77E70D6D47F70D3B276
:10DBB0008070BEEC8570C1EA8970AFC28A70B6B45D
:10DBC0008E70D7D19270B4B39470B2C89570BBBF49
:10DBD0009670C0EC9970CBD69C70BFEC9D70C1EC78
:10DBE000AB70C5ECAC70E6BEAD70BFCCAE70DAC544
:10DBF000AF70BCBEB170C6ECB370FEB1B770C4EC10
:10DC0000B870A8D5B970E3B5BB70C2ECBC70B6C132
:10DC1000BD70E3B3C070C3ECC170B8CBC270C3C0F9
:10DC2000C370FECCC870D2C1CA70C8ECD870E6BA56
:10DC3000D970D3C0DB70F2D6DF70CCD1E470BEBF38
:10DC4000E670B3B7E770D5C9E870C7ECE970E2BB1E
:10DC5000EB70CCCCEC70FDBDED70C8C8EF70A9CFF7
:10DC6000F770E9CDF970EBC5FD70E9B70971C9D15D
:10DC70000A71B8BA1071C9EC1371CAEC1571C0BB46
:10DC80001671CBEC1871E2EC1971BAB11A71D9B7EF
:10DC90002671B9BD2F71CCEC3071E6D13171CDEC6C
:10DCA0003671BBC84571D1EC4A71D3EC4C71CDBB18
:10DCB0004E71E5BC5C71CFEC5E71B7C96471BAC3DB
:10DCC0006671E3EC6771D5D56871D0EC6E71F3D6EF
:10DCD0007271D2EC7371CEEC7871D4EC7A71D5ECB0
:10DCE0007D71BFC98471A8CF8A71DCD08F71ACD12E
:10DCF0009471DBC89871D6EC9971F5CE9F71ECCA1E
:10DD0000A071DAECA871D9ECAC71BEB0B371D7ECEC
:10DD1000B571D8ECB971E4ECC371BCC8CE71C7C1A0
:10DD2000D471DCECD571E0D1E071DBECE571EFD4BE
:10DD3000E771DDECEE71C6DBF971DEEC0672ACB1B9
:10DD40001D72DFEC2872E0EC2A72A6D72C72C0C5D7
:10DD50003072BCEB3172AEB03572F4BE3672B8B808
:10DD60003772AFD23872D6B03972F9B53B72B3D8C8
:10DD70003D72ACCB3F72DDE34772ACC64872E6B091
:10DD80004C72C6C54D72B9EB5272BAEB5672BBEB10
:10DD90005972C0D15B72A3C55D72F2EA5F72B2C400
:10DDA0006172B5C46272CEC06672F3EA6772C1C4B2
:10DDB0006972EFCE6E72F0EA6F72F4EA7272FCC9A9
:10DDC0007572A3C77972D8CC7A72FECE7E72F5EAEC
:10DDD0007F72F6EA8072ACCF8172E7C08472F7EA94
:10DDE0008A72BFB68B72F8EA8D72F9EA8F72FAEA1C
:10DDF0009272FBEA9F72F1EAAC72AEC8AD72EBE1CF
:10DE0000AF72B8B7B072ECE1B472EDE1B672B4D7EC
:10DE1000B772EEE1B872EFE1B972CCD3C172F1E141
:10DE2000C272F1BFC372F0E1C472D2B5C872B7B1A9
:10DE3000CD72F3E1CE72F2E1D072FCBAD272F4E1AB
:10DE4000D772B7B9D972D1BEDE72FCC4E072DDBA46
:10DE5000E172C6BDE872F5E1E972F7E1EC72C0B6B5
:10DE6000ED72C1CFEE72A8CAEF72F6E1F072F8D58A
:10DE7000F172FCD3F272F8E1F372FCE1F472F9E1B1
:10DE8000F772FAE1F872EAC0FA72FEE1FB72A1E2FF
:10DE9000FC72C7C00173FBE10373FDE10A73A5E2E5
:10DEA0000E73D4C11373A3E21573A8E21673FEB206
:10DEB0001773A2E21B73CDC31C73C2B21D73A7E21A
:10DEC0001E73A6E22173A4E22273A9E22573ABE2DA
:10DED0002973C9D02A73EDD62B73A8C32C73ACE277
:10DEE0002E73D7CF3173AEE23473EFBA3773E0E9F4
:10DEF0003873ADE23973AAE23E73ABBB3F73B3D460
:10DF00004D73B0E25073AFE25273E1E95773B1E27F
:10DF10006073B2E26C73B3E26D73A1CC6F73B4E261
:10DF20007E73B5E28473FED08773CAC28973F1D35E
:10DF30008B73F5CD8E73E0E79173E1E79673C1BE05
:10DF40009B73EAC29F73E4E7A273E3E7A973E6CD8C
:10DF5000AB73B5C3AE73E2E7AF73B7BBB073D6CFE5
:10DF6000B273E1C1B373E9E7B773E8E7BA73F4E7F3
:10DF7000BB73A3B2C073EAE7C273E6E7C873ECE70A
:10DF8000C973EBE7CA73BAC9CD73E4D5CF73E5E7BC
:10DF9000D073A9B7D173E7E7D973EEE7DE73F3E780
:10DFA000E073E9D6E573EDE7E773F2E7E973F1E7CC
:10DFB000ED73E0B0F273F5E70374F2C70574C5C002
:10DFC0000674EDC00974F0C10A74F0E70F74F6E747
:10DFD0001074F6CB1A74A2E81B74A1E82274C1D79E
:10DFE0002574FAE72674F9E72874FBE72A74F7E743
:10DFF0002C74FEE72E74FDE73074FCE73374D5C152
:10E000003474D9C73574FDC53674C3C53C74EDC7C7
:10E010004174A3E85574A6E85774A5E85974A7E8B5
:10E020005A74F7BA5B74F8E75C74A4E85E74F0C8DD
:10E030005F74AAC96D74A9E87074E5B97674FED1ED
:10E040007774A8E87E74AAE88074ADE88174AEE8BD
:10E050008374A7C18774AFE88B74B0E88E74ACE8A2
:10E060009074B4E89C74ABE89E74B1E8A774B5E80A
:10E07000A874B2E8A974B3E8BA74B7E8D274B6E881
:10E08000DC74CFB9DE74ACF0E074ADF0E274B0C60D
:10E09000E374EAB0E474BFC8E674DFCDEE74CDCEAD
:10E0A000EF74B1EAF474B2EAF674BFC6F774C9B497
:10E0B000FF74B3EA0475E7D50D75F9DD0F75B4EAA1
:10E0C0001175B5EA1375B6EA1875CAB81975B0DFD7
:10E0D0001A75F5C91C75F0CC1F75FAC92575FBC9F1
:10E0E0002875C3D32975A6CB2B75A6B82C75AEF0B1
:10E0F0002D75C2B12F75B8E53075EFCC3175C9D328
:10E100003275D7BC3375EAC93575E7B53775D0C4F4
:10E110003875E9B53A75AEEE3B75ADBB3E75DEE7D9
:10E120004075AFEE4575A9B34875B2EE4B75B1EECB
:10E130004C75E7BD4E75B0EE4F75B7CE5475CFC573
:10E140005975F4C15A75CEDB5B75B3EE5C75F3D0CF
:10E150006575D4C26675E8C66A75ACB77275B4EEFB
:10E160007475EBB37875FBBB7975B5EE7F75DCE73D
:10E170008375B6EE8675AEBD8B75E2F18F75E8CA14
:10E180009175C9D29275DAF09475DBF09675DCF072
:10E190009775C6C19975EDB89A75CEBE9D75DEF0BE
:10E1A0009F75B1C5A075DDF0A175F1D1A375E0F043
:10E1B000A475CCB0A575EABDAB75DFD2AC75DFF048
:10E1C000AE75AFB4AF75E8B7B075E6F0B175E5F010
:10E1D000B275A3C6B375E1F0B475E2F0B575C3B41A
:10E1E000B875E3F0B975EED5BC75DBCCBD75D2BEA4
:10E1F000BE75B2BCC275E8F0C375E7F0C475E4F053
:10E20000C575A1B2C775A2D6C875B8D3C975B7BE52
:10E21000CA75ACC8CD75EAF0D275F7D1D475CCD635
:10E22000D575DBBAD675E9F0D875BBB6DB75B4CD5C
:10E23000DE75A6C6E275A1C1E375EBF0E475EEF0FC
:10E24000E675EDF0E775F0F0E875ECF0EA75BEBB49
:10E25000EB75EFF0F075B5CCF175F2F0F475D5B360
:10E26000F975D4B1FC75F3F0FF75F4F00076F6F0B3
:10E270000176E1B40376F1F00576F7F00A76FAF06C
:10E280000C76F8F01076F5F01576FDF01776F9F0CB
:10E290001876FCF01976FEF01B76A1F11F76C1CE40
:10E2A0002076A4F12276A3F12476F6C12576FBF040
:10E2B0002676DDCA2976F1B42A76F1B12B76B1CC77
:10E2C0002D76A6F13076A7F13376ACF13476CED543
:10E2D0003576A9F13876B3C83C76A2F13E76ABF13B
:10E2E0003F76A8F14076A5F14376AAF14C76A9B025
:10E2F0004D76ADF15476AFF15676B1F15C76B0F172
:10E300005E76AEF16376A2D16B76B2F16F76B3F141
:10E310007876EFB97B76C7B57D76D7B07E76D9B003
:10E320008276EDD48476C4B58676D4BD8776CABBB2
:10E330008876A7F08B76DEB88E76A8F09176A8B0B6
:10E340009376A9F09676EECD9976AAF0A476ABF006
:10E35000AE76A4C6B176E5D6B276E4F1B476E5F150
:10E36000BF76F3C3C276DBD3C576D1D6C676E8C511
:10E37000C876AFD3CA76E6D2CD76C1EECE76BBB044
:10E38000CF76B5D5D076CED1D176E0BCD276D0BA24
:10E39000D476F8BFD676C7B8D776C1B5D876CCC50F
:10E3A000DB76A2CADF76CBC3E576C2EEEE76BFC4DB
:10E3B000EF76A2B6F176ECEDF276A4C3F476B1D6A0
:10E3C000F876E0CFF976EFEDFC76CEC5FE76DCB6DA
:10E3D0000177A1CA0477EDED0777F0ED0877F1ED4D
:10E3E0000977BCC30B77B4BF0D77EEED1977F4ED69
:10E3F0001A77F2ED1F77E6D52077DFC32277F3EDAA
:10E400002677F6ED2877A3D52977A3D12D77F5EDDB
:10E410002F77D0C33577F7ED3677F4BF3777ECBE7B
:10E420003877F8ED3A77F7CC3C77DBD14077C5D732
:10E430004177F6D54377FCED4777FBED5077F9ED63
:10E440005177FAED5A77FDED5B77A6BE6177AFCBDA
:10E450006277A1EE6377BDB66577A2EE6677C0C43A
:10E460006877FEED6B77DEBD6C77C7B27977C3B6A0
:10E470007D77A5EE7E77BAD87F77A3EE8077A6EE7C
:10E480008477E9C38577F2B38C77A7EE8D77A4EE16
:10E490008E77B9CF9177A8EE9277F7C29F77A9EEE2
:10E4A000A077AAEEA277ABDEA577B3C6A777C6C7DB
:10E4B000A977F5D6AA77C9B5AC77B2CBB077ABEE72
:10E4C000B377ABCDB577ACEEBB77B0D5BD77ADEE5E
:10E4D000BF77C4F6CD77C7DBD777A3B4DB77ACC300
:10E4E000DC77E6F1E277B8CAE377D3D2E577AAD64C
:10E4F000E777F2EFE977D8BEEB77C3BDEC77F3EFC0
:10E50000ED77CCB6EE77ABB0F377AFCAF677B6ED72
:10E51000F877B7EDFD77F9CEFE77AFB7FF77F3BFAA
:10E520000078B8ED0178EBC20278B0C90978B9ED8E
:10E530000C78F6C60D78B3BF1178BCED1278F8C52B
:10E540001478D0D11678A9D71778BAED1878BBED22
:10E550001A78E2D11C78BFED1D78C0ED1F78C4EDAC
:10E560002378C8ED2578C6ED2678CEED2778E8D556
:10E570002978C9ED2C78C7ED2D78BEED3078E9C546
:10E580003478C6C63778E9C93878D2D43978C1ED3D
:10E590003A78C2ED3B78C3ED3C78C5ED3E78F9C0E2
:10E5A0004078A1B44578E8B94778D0ED4C78D1ED02
:10E5B0004E78CAED5078CFED5278F8CE5578B6CB7C
:10E5C0005678CCED5778CDED5D78F5CF6A78D2ED01
:10E5D0006B78F2C16C78B2D36D78CBED6E78B7C83A
:10E5E0007778EFBC7C78F0C58778D6ED8978EFB581
:10E5F0008C78B5C28D78ADB08E78E9CB9178AEB11C
:10E600009378D4ED9778EBCD9878E2B59A78D5EDFC
:10E610009B78D3ED9C78D7ED9F78FAB5A178D8EDAB
:10E62000A378D9EDA578DCEDA778CCB1B078F6C5A4
:10E63000B178EEBCB278DAEDB378BCCCB478EAB29B
:10E64000B978DBEDBE78EBC4C178C5B4C578F5B058
:10E65000C978DFEDCA78DAC0CB78E8B4D078CDC518
:10E66000D478DDEDD578C4BFD978DEEDE878A5C4DF
:10E67000EC78E0EDF278E1EDF478E3EDF778D7C1EE
:10E68000FA78C7BB0179B8BD0579E2ED1379E4EDFD
:10E690001E79E6ED2479E5ED3479E7ED3A79BECAE5
:10E6A0003B79EAEC3C79F1C03E79E7C94079EBEC83
:10E6B0004179EEC64679ECEC4879EDC64979EDEC46
:10E6C0005379F0EC5679E6D75779F3EC5A79F1ECB7
:10E6D0005B79EEEC5C79EFEC5D79A3D75E79F1C9FB
:10E6E0005F79EECB6079F4EC6279F2EC6579E9CF91
:10E6F0006779F6EC6879B1C66D79C0BC6F79F5ECD5
:10E700007779BBB57879F6BB7A79F7EC8079F7D968
:10E710008179FBBD8479BBC28579F8EC8A79F9EC03
:10E720008F79A3B89A79FAECA779FBECB379FCEC72
:10E73000B979EDD3BA79AED8BB79EBC0BD79DDC775
:10E74000BE79CCBAC079E3D0C179BDCBC379BACD9B
:10E75000C679D1B8C979FCB1CB79EFC7CD79D6D616
:10E76000D179C6BFD279EBC3D579F5EFD879D8C3C3
:10E77000DF79E2D7E379F7EFE479D3B3E679D8C765
:10E78000E779EDD1E979C8D6EB79F8EFED79F6EFD5
:10E79000EF79FDBBF079C6B3F879D5BDFB79C6D268
:10E7A000FD79E0BB007AA1CF027AFCEF037AFBEFA0
:10E7B000067AF9EF0B7ACCB30D7AD4C90E7AB0CBC6
:10E7C000147AFEEF177ADEB01A7AC9D61E7AFDEFF8
:10E7D000207AEDB3237AD5F6337AC8CE377AA2F011
:10E7E000397AA1F03B7ABEB53C7ADABC3D7AFCBB03
:10E7F0003F7AE5B8467AC2C4517AA3F0577AEBCB98
:10E80000707AA6F0747AA8D1767ABFBE777AEEC70E
:10E81000787AB6F1797AB7F17A7AD5BF7F7AA9B4E6
:10E82000807AB8F1817ABBCD837AD4C7847AADD5AA
:10E83000867AB9F1887ABAF18D7ACFC7917AA4D263
:10E84000927ACFD6957ABBF1967AD1BD977AB0B449
:10E85000987ABDBE9C7ADCB49D7AD1CE9F7ADFBF18
:10E86000A07ABDF1A57AFABFA67ABCF1A87ABFF169
:10E87000AC7ABEF1AD7AC0F1B37AC1F1BF7AFEC114
:10E88000CB7AA2C1D67AFACAD97ABED5DE7ABABE16
:10E89000DF7AB9BEE07AC2D5E37AA2BFE57AAFCD1E
:10E8A000E67AB5F1ED7ADFBDEF7ACBB6F97AF1D63B
:10E8B000FA7AC3F3FD7AC4F3FF7ACDB8037BC6F3CB
:10E8C000047BC7F3067BCAB0087BC5F30A7BC9F398
:10E8D0000B7BF1CB0F7BCBF3117BA6D0147BCAB1A2
:10E8E000157BC8F3197BCFF31B7BD1B51E7BD7F308
:10E8F000207BD2F3247BD4F3257BD3F3267BFBB799
:10E90000287BBFB12A7BCEF32B7BCAF32C7BDAB5F5
:10E910002E7BD0F3317BD1F3337BD5F3387BCDF332
:10E920003A7BE3BC3C7BFDC13E7BD6F3457BDAF30F
:10E93000477BCCF3497BC8B54B7BEEBD4C7BDCF30E
:10E940004F7BA4B7507BF0BF517BFED6527BB2CD3C
:10E95000547BF0B4567BDFB2587BD8F35A7BD9F3A3
:10E960005B7BB8C95D7BDDF3607BDEF3627BE1F34B
:10E970006E7BDFF3717BE3F3727BE2F3757BDBF39A
:10E98000777BEABF797BEFB37B7BE0F37E7BA9C724
:10E99000807BF2BC857BEBF38D7BBFB9907BE4F38E
:10E9A000947BADB2957BFEBB977BE3CB9C7BEDF379
:10E9B0009D7BE9F3A17BDCB9A27BEEF3A67BE5F3BB
:10E9C000A77BE6F3A87BEAF3A97BE1C2AA7BECF381
:10E9D000AB7BEFF3AC7BE8F3AD7BFDBCB17BE4CF6D
:10E9E000B47BF0F3B87BE7F3C17BF2F3C67BADD722
:10E9F000C77BAAC6CC7BF3F3D17BF1F3D37BA8C250
:10EA0000D97BDDB8DA7BF5F3DD7BF4F3E17BDBB4B6
:10EA1000E57BF6F3E67BF7F3EA7BF8F3EE7BBAC02F
:10EA2000F17BE9C0F77BF1C5FC7BFBF3FE7BFAF3DE
:10EA3000077CD8B40B7CFEF30C7CF9F30F7CFCF361
:10EA4000167CFDF31F7CA1F4267CA3F4277CC9BBB4
:10EA50002A7CA2F4387CA4F43F7CBEB2407CA6F4AD
:10EA6000417CA5F44D7CAEBC737CD7C3747CE1D9EA
:10EA70007B7CE0C07C7CCCF47D7CD1D7897CDBB70F
:10EA8000917CCEF4927CA3C1957CC9C6977CD6B408
:10EA9000987CB3D59C7CD0F49D7CCFF49E7CD1F443
:10EAA0009F7CDACBA27CD2F4A47CC1D4A57CE0D636
:10EAB000AA7CE0B7AE7CB8C1B17CBBC1B27CD3F458
:10EAC000B37CACBEB97CE2B4BC7CD4F4BD7CD5F4E0
:10EAD000BE7CABBEC17CD6F4C57CDBF4C77CD7F46E
:10EAE000C87CDAF4CA7CFDBACC7CD8F4CD7CD9F4ED
:10EAF000D57CE2B8D67CC7CCD77CDCF4D97CDAB242
:10EB0000DC7CD3C3DF7CE3D4E07CB7BFE87CDDF4FE
:10EB1000EF7CB4C5F87CE9F4FB7CB5CF0A7DC9CEA7
:10EB2000207DD8CB227DF7CB277DF4BD2B7DCFD7A1
:10EB30002F7DDBC06E7DF5D0777DEAF4A67DEBF40A
:10EB4000AE7DECF43B7EE3F7417EB1B7477EEDF45A
:10EB5000827EEBD79B7EEEF49F7EF9E6A07EC0BE60
:10EB6000A17EFAE6A27EECBAA37EFBE6A47ECBCF22
:10EB7000A57EFCE6A67EBCD4A77EB6BCA87EFDE63C
:10EB8000A97EFEE6AA7ECDBCAB7ED2C8AC7EB3CE5B
:10EB9000AD7EA1E7AF7EBFB4B07EA2E7B17EB4C9BF
:10EBA000B27ED9B8B37EC9C4B57EDDD7B67EDAC22F
:10EBB000B77ED7B7B87EBDD6B97EC6CEBA7EC4B74B
:10EBC000BD7EA6C5BE7EA3E7BF7EDFCFC07EA4E725
:10EBD000C17EA5E7C27EA6E7C37EB7C1C47EE9D7E2
:10EBE000C57EF0C9C67EB8CFC77EAFD6C87ED5D6A3
:10EBF000C97EA7E7CA7EEDB0CB7EA8E7CC7EA9E7A9
:10EC0000CD7EDCC9CE7EEFD2CF7EADBED07EAAE770
:10EC1000D17EF3B0D27EDEC8D37EE1BDD47EABE739
:10EC2000D57EC6C8D77EACE7D87EE6BBD97EF8B81D
:10EC3000DA7EA4D1DB7EADE7DC7EE7C2DD7EF8BE06
:10EC4000DE7ECABDDF7EB3CDE07EAEE7E17EAFE71C
:10EC5000E27EEEBEE37EE5D0E57EE7CBE67ED0CC7D
:10EC6000E77ECCBCE87EB0E7E97EA8BCEA7EF7D0C0
:10EC7000EB7EB1E7ED7EF8D0EE7EB2E7EF7EB3E754
:10EC8000F07EC2B4F17EB4E7F27EB5E7F37EFEC952
:10EC9000F47EACCEF57EE0C3F67EB7E7F77EC1B179
:10ECA000F87EF1B3FA7EB8E7FB7EB9E7FC7EDBD7EE
:10ECB000FD7EC0D5FE7EBAE7FF7ECCC2007FBAD70C
:10ECC000017FBBE7027FBCE7037FBDE7047FEABCAF
:10ECD000057FE5C3067FC2C0077FBEE7087FBFE7A9
:10ECE000097FA9BC0B7FC0E70C7FC1E70D7FB6E7AA
:10ECF0000E7FD0B60F7FC2E7117FC3E7127FC4E754
:10ED0000137FBABB147FDEB5157FC6C2167FE0B194
:10ED1000177FC5E7187FB5D4197FC6E71A7FBFB83C
:10ED20001B7FC8E71C7FC7E71D7FECB71F7FC9E7C4
:10ED3000207FF8B2217FCAE7227FCBE7237FCCE791
:10ED4000247FCDE7257FCEE7267FCFE7277FD0E75B
:10ED5000287FA7D3297FF5CB2A7FD1E72B7FD2E766
:10ED60002C7FD3E72D7FD4E72E7FC9C92F7FD5E72E
:10ED7000307FD6E7317FD7E7327FD8E7337FD9E7D7
:10ED8000347FC9BD357FDAE7367FBEF3387FD7B829
:10ED90003A7FB1C8427FBFF3447FC0F3457FC1F3E0
:10EDA000507FDEB9517FF8CD547FE8D8557FB1BA96
:10EDB000577FDEC2587FB7EE5A7FA3B75F7FB9EEA9
:10EDC000617FB8EE627FD5B0687FBBEE697FD6D534
:10EDD0006A7FEFD76E7FC3D6717FBDEE727FF0CAB8
:10EDE000747FBCEE797FBEEE7E7FC0EE817FBFEE8A
:10EDF0008A7FF2D18C7FBCC78E7FC0C3947FE1B87D
:10EE00009A7FE7C19D7FC6F49E7FDFD09F7FC7F4C6
:10EE1000A17FDBCFA47FBAC8A77FC8F4AF7FC9F4B6
:10EE2000B07FCAF4B27FCBF4B87FFAD9B97FFEB80D
:10EE3000BC7FF1E5BD7FF0D3BF7FE0F4C17FCCCED6
:10EE4000C57FE1B3CA7FB4F1CC7FEED2CE7FE1F4CF
:10EE5000D47FE8CFD57FE2F4D87FCCC7DF7FD4B5AD
:10EE6000E07FE4B4E17FE4F4E57FE3F4E67FE5F4FA
:10EE7000E97FE6F4EE7FE7F4F07FB2BAF17FBFB04E
:10EE8000F37FE8F4FB7FADB7FC7FEDD20080ABD21F
:10EE90000180CFC00380BCBF0480A3EB0580DFD519
:10EEA0000680C8EA0B80F3F10C80F8B60D80A3CB86
:10EEB0001080CDC41280E7F11480E8F11580FBB812
:10EEC0001680E9F11780C4BA1880C5D41980D2B071
:10EED0001C80EAF12080EBF12280ECF12580EDF13D
:10EEE0002680EEF12780EFF12880F1F12980F0F102
:10EEF0002A80D5C53180F2F13380FAB63580F4F13D
:10EF00003680AED23780C7DE3880CACB3B80DCB3D8
:10EF10003D80A2B53F80A2B94280F4C44380F5F1A0
:10EF20004680F6F14A80C4C14B80FBC14C80B0D60C
:10EF30004D80F7F15280F8F15480AAC15880B8C6CC
:10EF40005A80DBBE6980F9F16A80CFB47180FAF132
:10EF50007F80B2ED8080B1ED8380E0CB8480DED213
:10EF60008680C1CB8780D8D58980E2C88B80DFC0FE
:10EF70008C80A1BC9380C1EB9680A4D09880E2D60F
:10EF80009A80C7B69B80D8B89C80C0EB9D80CEB8D5
:10EF90009F80BFEBA080A6B3A180C9B9A280ABD6E9
:10EFA000A480F4B7A580CAB7A980E7BCAA80BEB781
:10EFB000AB80C6EBAD80C7EBAE80B9B0AF80CFBF42
:10EFC000B180C5EBB280FDD3B480C8EBB780C9EB8C
:10EFD000BA80CEB7BC80C2EBBD80C4EBBE80F6C9A0
:10EFE000BF80D7D6C080CDD5C180B2D0C280CFEB94
:10EFF000C380B8CEC480D0EBC680A8B5CC80B3B1F6
:10F00000CD80D2EBCE80A5CCD680D6C5D780D3EB31
:10F01000D980D1EBDA80DFC5DB80CEEBDC80A4CAFF
:10F02000DD80D5EBDE80FBB0E180FABAE480B7D8B2
:10F03000E580E3F1E780CAEBE880CBEBE980CCEB3D
:10F04000EA80CDEBEB80D6EBEC80C0E6ED80D9EB2F
:10F05000EF80E8BFF080C8D2F180D7EBF280DCEB24
:10F06000F380ECB8F480D8EBF680BABDF880D8D045
:10F07000FA80B7B0FC80DDEBFD80DCC40281ACD649
:10F080000681E0B40981F6C20A81B9BC0D81DAEBD0
:10F090000E81DBEB0F81E0D41081EAC61181D4C46C
:10F0A0001281DFEB1381A7C51481F5D91681B1B2A6
:10F0B0001881E4EB1A81C5BD1E81E2EB2C81E3EBE4
:10F0C0002F81ACB83181D1CD3281E5EB3681E1EBD6
:10F0D0003881B3C13E81A2C64681F3CC4881E6EBBC
:10F0E0004A81B0C04B81B8D24C81E7EB5081AFB8B8
:10F0F0005181ADB85381E8EB5481BBC75581F3CD45
:10F100005981EAEB5A81EBEB6081EDEB6581C8D068
:10F110006781F2EB6981EEEB6D81F1EB6E81F9C8ED
:10F120007081FCD17181ECEB7481E9EB7981B9B824
:10F130007A81D9CF7B81E5C47C81EFEB7D81F0EBD7
:10F140007E81DACC7F81C8CD8081F2B08281F6EBFE
:10F150008881F5EB8A81B2B28F81E0B89181F7EBBB
:10F160009881ECB19B81C5CC9C81A4C49D81A5CF25
:10F17000A381F9EBA681A2ECA881F2C5AA81FAEBE2
:10F18000B381C5C9BA81DFE2BB81FEEBC081CECDC0
:10F19000C181A1ECC281DBB1C381B7D3C681DCD20E
:10F1A000CA81FDEBCC81FBEBE381BCB3E781B0EA24
:10F1B000EA81D4D7EC81ABF4ED81F4B3F381C1D60D
:10F1C000F481C2D6FB81E9D5FC81CABEFE81A7F4D9
:10F1D0000082A8D20182A8F40282A9F40482AAF4CF
:10F1E0000582CBBE0682DFD30C82E0C90D82E1C965
:10F1F0001082C2F31282E6CA1482F2CC1B82B6E2FB
:10F200001C82B4CB1E82E8CE1F82DBD62182ADF4F5
:10F210002282AEF42382AFF42882B2F42A82BDBAED
:10F220002B82B3F42C82E3B02D82B0F42F82B1F4A0
:10F230003082A2BD3182D5B23382B6F43482B7F4C3
:10F240003582E6B63682B0B23782CFCF3882B4F498
:10F250003982ACB43B82B5F43E82B8F44482B9F44E
:10F260004782A7CD4982BAF44B82BBF44F82BCF4EB
:10F270005882D2CB5A82BDF45F82BEF46882BFF45A
:10F280006E82DEF46F82BCC17082E8BC7282ABC950
:10F290007382DED17482F5E57982B3DC7A82D5D2CD
:10F2A0007D82B4DC7E82ACB07F82B5DC8282DABD46
:10F2B0008482B9DC8882C2D88A82B7DC8B82F3D39D
:10F2C0008D82D6C98E82BADC8F82B6DC9182BBDC9D
:10F2D0009282A2C39782BCDC9882C5DC9982BDDC95
:10F2E0009C82DFCE9D82A5D69F82CFDCA182CDDC21
:10F2F000A482D2DCA582E6BDA682ABC2A882B8DC1D
:10F30000A982CBDCAA82CEDCAB82BEDCAC82D2B7D7
:10F31000AD82C5B0AE82C7DCAF82BED0B082C1DCE8
:10F32000B182A8BBB382BCB7B482CCDCB782C6DCE6
:10F33000B882BFDCB982DBC7BD82BFD1BE82C0DC70
:10F34000C182CADCC482D0DCC782ADCEC882C2DC36
:10F35000CA82C3DCCB82C8DCCC82C9DCCD82D4B209
:10F36000CE82D1DCCF82D5CBD182B7D4D282DBDCC6
:10F37000D382DFDCD482A6CCD582E6DCD782E7C399
:10F38000D882DCDCDB82C1BFDC82D9DCDE82FAB071
:10F39000DF82B6B9E082E5DCE182D3DCE382C4DC63
:10F3A000E482D6DCE582F4C8E682E0BFEB82BBC92A
:10F3B000EF82BDB1F182A2D3F482DADCF782D5DC30
:10F3C000F982BBC6FB82DEDC0183C2D70283AFC3F6
:10F3D0000383B6B70483D1C70583A9C30683E2DCE0
:10F3E0000783D8DC0883EBDC0983D4DC0C83DDDC09
:10F3F0000E83A5BE0F83D7DC1183E0DC1483E3DC2E
:10F400001583E4DC1783F8DC1A83E1DC1B83A2DDBF
:10F410001C83E7DC2783EBBC2883C4B42B83A3C302
:10F420002C83E7B22D83FADC2F83F2DC3183EFDC0F
:10F430003383FCDC3483EEDC3583F0D23683E8B2F0
:10F440003883D7C83983E3C83A83FBDC3C83EDDCDF
:10F450004083F7DC4383F5DC4683A3BE4783F4DCBB
:10F460004983DDB24F83F3DC5083F6BC5183E8DC83
:10F470005283C4BB5483F3C05A83D4BC5B83E9DC9E
:10F480005C83EADC5E83F1DC5F83F6DC6083F9DCBD
:10F490006183B4B56383D9C86483E7BB6583FEDC4D
:10F4A0006683FDDC6783ABD36883A1DD6983A3DD5D
:10F4B0006A83A5DD6B83F1D26C83A4DD6D83A6DD49
:10F4C0006E83A7DD6F83A9D27783C9BA7883A9DD5C
:10F4D0007B83B6DD7C83B1DD7D83B4DD8583B0DDE8
:10F4E0008683CEC68983F2C08E83AFC99283ECDC5B
:10F4F0009383AEDD9883B7DD9B83F0DC9C83AFDD27
:10F500009E83B8DDA083ACDDA883B9DDA983B3DD1C
:10F51000AA83ADDDAB83AAC4B083A8DDB183B3C039
:10F52000B283ABC1B383AADDB483ABDDB683B2DDF6
:10F53000B783F1BBB883B5DDB983A8D3BA83BADD8D
:10F54000BC83BBDDBD83A7C3C083D2DDC183BCDD6B
:10F55000C583D1DDC783BDB9CA83D5BECC83FABE0E
:10F56000CF83CABAD483CADDD683C5DDD883BFDDD5
:10F57000DC83CBB2DD83C3DDDF83CBDDE083A4B2EC
:10F58000E183D5DDE583BEDDE983D0C6EA83D0DD46
:10F59000F083D4DDF183E2C1F283C6B7F883CEDD18
:10F5A000F983CFDDFD83C4DD0184BDDD0384CDDDC2
:10F5B0000484D1CC0684C9DD0B84C2DD0C84C8C3AD
:10F5C0000D84BCC60E84AECE0F84CCDD1184C8DDA4
:10F5D0001884C1DD1C84C6DD1D84DCC22484A9D34B
:10F5E0002584AAD32684D3DD2784F4CF2884F8C8C1
:10F5F0003184E6DD3884C7DD3C84E0DD3D84E4C24F
:10F600004684E1DD5184D7DD5784F8D65984D9DDAD
:10F610005A84D8DD5B84F0B85C84D6DD6184CFC6C3
:10F620006384ADB66984E2DD6B84F9BA6C84E1D49D
:10F630006D84E7DD7184D0B47384DADD7584FBBF3B
:10F640007684E3DD7884DFDD7A84DDDD8284D9B5FC
:10F650008784DBDD8884DCDD8984DEDD8B84AFBDDF
:10F660008C84E4DD8E84E5DD9784F5DD9984C9C35F
:10F670009C84E2CBA184F2DDAF84E1D8B284D1C610
:10F68000B484F4DDB884F4D5B984F3DDBA84F0DD54
:10F69000BD84ECDDBF84EFDDC184E8DDC484EED041
:10F6A000C984D8C8CA84EEDDCD84E9DDD084EADD22
:10F6B000D184F2CBD384EDDDD684CDB1DD84B6C068
:10F6C000DF84BBBCE084F1DDE384F7DDE584F6DDB7
:10F6D000E684EBDDEC84EEC5F084FBDDFC84A4DE87
:10F6E000FF84A3DE0C85F8DD1185EFC31385FBC213
:10F6F0001785E1D51A85B5CE1F85FDDD2185CCB2F4
:10F700002B85E8C42C85DFCA3785BEC73885FADD6E
:10F710003985FCDD3A85FEDD3B85A2DE3C85AAB05D
:10F720003D85CEB14385ACDE4885A6DE4985B6BDB4
:10F730004A85EFC85685A1DE5985A5DE5E85A9DE1E
:10F740006485A8DE6885A7DE7285ADDE7485CCD4BD
:10F750007985B3DE7A85AADE7B85AEDE7E85D9C06B
:10F760008485A1B18585B6DE8785B1DE8F85B2DE61
:10F770009B85A6D19C85B5DEA485AFDEA885B0DECD
:10F78000AA85BDD0AE85B4DEAF85EDCAB085B9DE41
:10F79000B785B8DEB985B7DEC185BBDEC985E5BDF5
:10F7A000CF85D8B2D085EAC3D385BADED585BAC5B0
:10F7B000DC85BCDEE485D9CCE985AAB7FB85E5D438
:10F7C000FF85BDDE0586BFDE1186A2C41686C1DEBA
:10F7D0002786BEDE2986C0DE3886BAD53C86C2DEE4
:10F7E0004D86AEF24E86A2BB4F86B2C25086B0C5E1
:10F7F0005186C7C25486AFF25A86E9D05E86DDD301
:10F800006286BDEB6B86E6B36C86B0F26E86B1F2B3
:10F810007186ADCA7986E7BA7A86B3F27B86B5F28D
:10F820007C86B4F27D86E4CB7E86BACF7F86B2F248
:10F830008086B4CA8186CFD28286ECC28A86C3CE45
:10F840008B86B8F28C86F6B08D86B7F29386BEF2C0
:10F850009586CFB29C86C1D19D86BAF2A386BCF2B2
:10F86000A486E9D4A786BBF2A886B6F2A986BFF221
:10F87000AA86BDF2AC86B9F2AF86C7F2B086C4F2F2
:10F88000B186C6F2B486CAF2B586C2F2B686C0F2B6
:10F89000BA86C5F2C086FBD6C486C1F2C686F9C751
:10F8A000C786DFC9C986C8F2CA86C6B9CB86B0B5D5
:10F8B000CE86C3F2CF86C9F2D086D0F2D186D6F2F8
:10F8C000D486D7BBD886D5F2D986DCCDDB86EBD6FD
:10F8D000DE86D2F2DF86D4F2E486F2B8E986CBF295
:10F8E000ED86CEF2EE86F9C2F086DDD5F186CCF259
:10F8F000F286CDF2F386CFF2F486D3F2F886D9F20F
:10F90000F986BCD3FE86EAB60087F1CA0287E4B75F
:10F910000387D7F20787D8F20887DAF20987DDF282
:10F920000A87DBF20D87DCF21287D1D11387D1F27F
:10F930001587C9CD1787CFCE1887A9D61A87E3F2C6
:10F940001C87DBC31E87E0F22187AFC02287ECF261
:10F950002387DEF22587E1F22987E8F22E87E2F29B
:10F960003187E7F23487E6F23787E9F23B87DFF247
:10F970003E87E4F23F87EAF24787ACD34887E5F257
:10F980004987F5B24C87F2F24E87ABD05387F5F238
:10F990005787C8BB5987F9F26087F0F26387F6F2A0
:10F9A0006487F8F26587FAF26E87F3F27087F1F2F6
:10F9B0007487FBBA7687FBB57B87EFF27C87F7F21B
:10F9C0007D87EDF27E87EEF28287EBF28387A6F3E6
:10F9D0008587A3F38887A2F38B87F4F28D87DAC833
:10F9E0009387FBF29787A5F39F87F8C3A887FDF25B
:10F9F000AB87A7F3AC87A9F3AD87A4F3AF87FCF27D
:10FA0000B387ABF3B587AAF3BA87DDC2BD87AEF380
:10FA1000C087B0F3C687A1F3CA87B1F3CB87ACF335
:10FA2000D187AFF3D287FEF2D387ADF3DB87B2F392
:10FA3000E087B4F3E587A8F3EA87B3F3EE87B5F37D
:10FA4000F987B7D0FE87B8F30388F9D90A88B9F3E4
:10FA50001388B7F31588E4C81688B6F31B88BAF381
:10FA60002188BBF32288C0B43288C3EE3988BCF346
:10FA70003C88BDF34088AAD14488ACF44588C6D000
:10FA80004C88D0D04D88DCD15488CECF5788D6BD95
:10FA90005988C3D16188E2BA6288E9E16388C2D239
:10FAA0006488C2F16588B9B26888EDB16988C3F12C
:10FAB0006B88C0C96C88C4B36E88F2D97088A5CB36
:10FAC0007288C4F17788D4D67D88C5F17E88C0F469
:10FAD0007F88C6F18188ACD48288C7F18488C0B0A1
:10FAE0008588C1F48888C2F48B88FCB48D88DBC516
:10FAF0009288BBCC9688E4D09C88E0CDA288C8F1DF
:10FB0000A488F3D9AB88BBB1AD88AECFB188A4B817
:10FB1000B788CAF1BC88CBF1C188C3B2C288D1C151
:10FB2000C588B0D7C688C9F1C988CCF1CE88CEF1D6
:10FB3000D288F6D9D488E1D2D588A3D4D888C3F4A2
:10FB4000D988B9C8DF88C4F4E288CDF1E388CFF161
:10FB5000E488E3BFE588D0F1E888D4F1F088D6F1F5
:10FB6000F188D1F1F388D1C9F488E1C5F888E3C2FE
:10FB7000F988FCB9FC88D3F1FE88D5F10289D3B9A4
:10FB80000A89DBF11089D6BA1289FDB01389D9F13F
:10FB90001989D8F11A89D2F11B89DAF12189D7F1B3
:10FBA0002589ECC82A89CACD2B89DDF13089BDE5CC
:10FBB0003489DCF13689DEF14189DFF14489E5CF12
:10FBC0005E89C5F45F89F3BD6689E0F17B89E1F167
:10FBD0007F89F7CE8189AAD28389FBF18689B2B861
:10FBE000C189FBBCC289DBB9C489E6B9C589D9C35F
:10FBF000C689D3CAC789E8EAC889C0C0C989F5BE21
:10FC0000CA89E9EACB89EAEACC89EBEACE89ECEA4F
:10FC1000CF89EDEAD089EEEAD189EFEAD289C7BD72
:10FC2000D689FBF5DA89FDF5DC89FEF5DE89FCF580
:10FC3000E389E2BDE589A1F6E689A5B4EB89A2F6E0
:10FC4000EF89A3F6F389B2EC008AD4D1078AEAD906
:10FC50003E8AA4F6488ABAEE798AB2D5898AFED35A
:10FC60008A8ADCCC938AC4CA078BC0E5268BA5F6AA
:10FC7000668BAFBE6C8BA9C6A08BA5DAA18BC6BC68
:10FC8000A28BA9B6A38BBCB8A48BCFC8A58BA5BCEF
:10FC9000A68BA6DAA78BA7DAA88BD6CCA98BC3C86C
:10FCA000AA8BA8DAAB8BFDC6AD8BB5D1AE8BE9D2F2
:10FCB000AF8BB6D1B08BC7BCB28BB2BDB38BE4BB3C
:10FCC000B48BA9DAB58BAADAB68BC8D1B78BABDA0D
:10FCD000B88BEDD0B98BEFB6BA8BDBC2BC8BCFCB78
:10FCE000BD8BEDB7BE8BE8C9BF8BC3B7C08BF7BE6A
:10FCF000C18BA4D6C28BACDAC38BADDAC48BC0C6C1
:10FD0000C58BE7D7C68BB6CAC88BA9D5C98BDFCB45
:10FD1000CA8BEFD5CB8BAEDACC8BDFD6CD8BCAB40A
:10FD2000CE8BB0DACF8BAFDAD18BEBD2D28BB1DA0C
:10FD3000D38BB2DAD48BB3DAD58BD4CAD68BB4DA00
:10FD4000D78BABCAD88BB5DAD98BB6DADA8BCFB30F
:10FD5000DB8BEFD6DC8BB7DADD8BB0BBDE8BAEB5E1
:10FD6000DF8BB8DAE08BB9DAE18BEEB9E28BAFD199
:10FD7000E38BE8D2E48BBADAE58BC3B8E68BEACF43
:10FD8000E78BEFB2E88BBBDAE98BBCDAEB8BEBBD30
:10FD9000EC8BDCCEED8BEFD3EE8BBDDAEF8BF3CEBD
:10FDA000F08BBEDAF18BD5D3F28BE5BBF38BBFDAE8
:10FDB000F48BB5CBF58BD0CBF68BC0DAF78BEBC7DA
:10FDC000F88BEED6F98BC1DAFA8BB5C5FB8BC1B6D1
:10FDD000FC8BC2DAFD8BCCB7FE8BCEBFFF8BC3DAB8
:10FDE000008CC4DA018CADCB028CC5DA038CF7B57C
:10FDF000048CC6DA058CC2C1068CBBD7078CC7DA67
:10FE0000088CB8CC0A8CEAD20B8CB1C40C8CC8DA42
:10FE10000D8CFDB50E8CD1BB0F8CC9DA108CB3D014
:10FE2000118CCADA128CCBDA138CBDCE148CCCDADE
:10FE3000158CCDDA168CCEDA178CF7B2188CD1DA95
:10FE4000198CCFDA1A8CE8D11B8CD0DA1C8CD5C374
:10FE50001D8CD2DA1F8CD3DA208CD4DA218CD5DA3F
:10FE6000228CBBD0238CA5D2248CF9B0258CD6DA79
:10FE7000268CABC7278CD7DA288CF7BD298CA1C379
:10FE80002A8CD8DA2B8CD9DA2C8CFDC32D8CB7CCEC
:10FE90002E8CDADA2F8CDBDA308CBEC0318CD7C6F0
:10FEA000328CDCDA338CDDDA348CB4C7358CDEDAB4
:10FEB000368CDFDA378CC8B9418CEDBB468CB9B6CD
:10FEC000478CF8F4498CF9F44C8CE3CD558CB9F59A
:10FED0005A8CE0EB618CF3CF628CBFBB6A8CC0BAEA
:10FEE0006B8CA5D4738CD9E1788CF4F5798CAAB19C
:10FEF0007A8CF2B2828CF5F5858CF7F5898CD1BAC3
:10FF00008A8CF6F58C8CB2C3948CF9F5988CF8F544
:10FF10001D8DB4B11E8DEAD51F8DBAB8218DB1B932
:10FF2000228DC6B2238DF0D4248DCDCF258DDCB0AB
:10FF3000268DCBD5278DF5BB288DCAD6298DB7B791
:10FF40002A8DB0CC2B8DB6C62C8DE1B12D8DBAB9D2
:10FF50002E8DFCD62F8DE1B9308DA1B7318DFABC35
:10FF6000328DDAEA338DDBEA348DF9CC358DF3B995
:10FF7000368DDCEA378DFBB4388DB3C3398DD1B7FC
:10FF80003A8DD8BA3B8DDDEA3C8DF4D43D8DDEEA66
:10FF90003E8DD6BC3F8DDFBB408DDFEA418DDEC19B
:10FFA000428DB8C2438DDFD4448DCAD7458DE0EA77
:10FFB000468DE1EA478DE4EA488DE2EA498DE3EABD
:10FFC0004A8DDEC94B8DB3B84C8DC4B64D8DE5EA74
:10FFD0004E8DEACA4F8DCDC9508DCDB4538DD9E227
:10FFE000548DE2C5558DE6EA568DB5C0588DB8D70B
:10FFF000598DE7EA5A8DACD75B8DFCC85C8DD3D8A0
:020000040802F0
:100000005D8DCDD85E8DDED4608DF9D4618DC4C98F
:10001000628DAED3638DD3B8648DE0B3668DE2C9D3
:10002000678DF6F46B8DD5BA6D8DF7F4708DDFD7D3
:10003000738DF1F4748DB0B8758DD4D5768DCFB83D
:10004000778DF0C6818DC3B3848DF2F4858DACB30A
:100050008A8DBDD48B8DF7C7918DF4F4948DF3F414
:100060009F8DCBCCA38DA4C8B18DF5F4B38DE3D710
:10007000B48DBFC5B58DC0F5B88DBBF5BA8DC3F5D0
:10008000BC8DC2F5BE8DBAD6BF8DC1F5C38DBED4B1
:10009000C48DC4F5C68DCCF5CB8DCFB0CC8DF8B565
:1000A000CE8DC9F5CF8DCAF5D18DDCC5D68DC5F500
:1000B000D78DC6F5DA8DC7F5DB8DCBF5DD8DE0BECE
:1000C000DE8DC8F5DF8DFAB8E38DD0F5E48DD3F57C
:1000D000E88DE7BFEA8DF2B9EB8DBCF5EC8DCDF57F
:1000E000EF8DB7C2F38DF8CCF58DF9BCF78DCEF559
:1000F000F88DCFF5F98DD1F5FA8DE5B6FB8DD2F5FA
:10010000FD8DD5F5058EBDF5098ED4F50A8EBBD3D0
:100110000C8EECB30F8EA4CC148ED6F51D8ED7F5B5
:100120001E8EE1BE1F8ED8F5228EDFCC238EDBF52E
:10013000298EC8B22A8ED9D72C8ED9F52E8EDAF513
:100140002F8EDCF5318EE2F5358EE0F5398EDFF558
:100150003A8EDDF53D8EE1F5408EDEF5418EE4F51B
:10016000428EE5F5448EE3CC478EBFE5488EB8B5A8
:10017000498EE3F54A8EE8F54B8EA3CC518EE6F519
:10018000528EE7F5598EBEF5668EC4B1698EBFF505
:100190006C8EC5B56D8EE4B26F8EECF5708EE9F5A0
:1001A000728ED7B6748EEDF5768EEAF57C8EEBF511
:1001B0007F8EDAB4818EEAD4858EEEF5878EF9B320
:1001C0008F8EEFF5908EF1F5948EF0F59C8EF2F512
:1001D0009E8EF3F5AB8EEDC9AC8EAAB9AF8EFBC780
:1001E000B28EE3B6BA8EC9CCCE8EA6EA668FB5B310
:1001F000678FFED4688FECB9698FF9D06B8FEDE90A
:100200006C8FAAD76D8FEEE96E8FD6C26F8FEDC857
:10021000708FE4BA718FEFE9728FF0E9738FF1E9B3
:10022000748FE1D6758FF2E9768FF3E9778FF5E970
:10023000788FF4E9798FF6E97A8FF7E97B8FE1C758
:100240007C8FF8E97D8FD8D47E8FF9E97F8FCEBD82
:10025000818FFAE9828FFBE9838FCFBD848FFCE920
:10026000858FA8B8868FBEC1878FFDE9888FB2B110
:10027000898FD4BB8A8FF5B98B8FFEE98D8FA1EA68
:100280008E8FA2EA8F8FA3EA908FF8B7918FADBCC3
:10029000938FE4CA948FCEE0958FAFD4968FBDCF65
:1002A000978FB7D5988FA4EA998FDED59A8FA5EA54
:1002B0009B8FC1D09C8FBCB99E8FC7B49F8FD9B183
:1002C000A38FB1C0A88FE6B1A98FE7B1AB8FE8B11A
:1002D000B08FBDB3B18FE8C8B68FC1E5B98FDFB1BC
:1002E000BD8FC9C1BE8FEFB4C18FA8C7C28FD8D38D
:1002F000C48FF9C6C58FB8D1C78FFDB9C88FF5C2F5
:10030000CE8FADD3D08FCBD4D18FFCBDD38FC2E5F0
:10031000D48FB5B7D58FC3E5D88FB9BBD98FE2D508
:10032000DB8FF8BDDC8FB6D4DD8FA5CEDE8FACC100
:10033000DF8FD9B3E28FF6CCE48FC6E5E58FC4E555
:10034000E68FC8E5E88FCAE5E98FC7E5EA8FCFB544
:10035000EB8FC8C6ED8FFCB5EE8FC5E5F08FF6CA02
:10036000F38FC9E5F78FD4C3F88FC5B1F98FA3BC5C
:10037000FD8FB7D70090CBCD0190CDCB0290CACAEC
:100380000390D3CC0490CCE50590CBE50690E6C471
:100390000990A1D10A90B7D10B90CDE50D90D0E591
:1003A0000F90B8CD1090F0D61190CFE51290DDB53A
:1003B0001490BECD1690D1E51790BAB61A90A8CD7C
:1003C0001B90E4B91D90C5CA1E90D1B31F90D9CB24
:1003D0002090ECD42190D2E52290EAB72690CEE589
:1003E0002D90D5E52E90FEB42F90D6E53590D3E52F
:1003F0003690D4E53890DDD23B90DFC23C90C6B158
:100400003E90E2D34190DDB64290ECCB4490D7E5EC
:100410004790F6D34D90E9B14F90F4B65090DAE59D
:100420005190D8E55290D9E55390C0B55790C5D2B8
:100430005890DCE55B90DEE56290DDE56390B2C745
:100440006590A3D26890DBE56D90E2D46E90DAD52A
:100450007490E0E57590F1D77D90E1E57F90DCB197
:100460008090FBD18290E2E58390E4E58890E3E51B
:100470008B90E5E59190D8D29390CBB59590DFE73E
:100480009790F5DA9990F8DA9B90F6DA9D90F7DA82
:10049000A190FADAA290CFD0A390C7C4A690EEB0F4
:1004A000AA90B0D0AC90F9DAAE90CAD3AF90AABA05
:1004B000B090A2DBB190F1C7B390FCDAB490FBDA54
:1004C000B590DBC9B690FDDAB890A1DBB990DED764
:1004D000BA90FEDABB90DAC1BE90A5DBC190F4D32E
:1004E000C490A7DBC590A4DBC790A8DBCA90BCBDB5
:1004F000CE90C9C0CF90A3DBD090A6DBD190A3D67D
:10050000D390A9DBD790ADDBDB90AEDBDC90ACDB2E
:10051000DD90C2BAE190A4BFE290ABDBE690AADB2B
:10052000E790C7D4E890BFB2EB90AFDBED90F9B99C
:10053000EF90B0DBF490BBB3F890A6B5FD90BCB6DD
:10054000FE90B1DB0291F5B60491B2DB1991C9B10D
:100550001E91B4DB2291B3DB2391B5DB2F91B7DB86
:100560003191B6DB3991B8DB4391B9DB4691BADB07
:100570004991CFD34A91FAF44B91F5C74C91C3D727
:100580004D91E4C54E91FCF44F91FDF45091FBF474
:100590005291C6BE5791EFD05A91D3B75D91CDD449
:1005A0005E91AACC6191A2F56291A1F56391A8BA7E
:1005B0006491FEF46591D6CB6991A4F56A91D2C09D
:1005C0006C91EAB36E91AACD6F91A5F57091A3F5E8
:1005D0007191B4BD7291A8F57491A9F57591CDBDD5
:1005E0007691B8C37791E1BF7891E1CB7991AAF583
:1005F0007D91A6F57E91A7F57F91F0C48591ACF52C
:100600008791BCB48991EDD78B91D7B48C91ABF520
:100610008D91AEF59091ADF59191AFF59291D1D0CC
:100620009A91D1C39B91A9C8A291B0F5A391B1F5BC
:10063000AA91B2F5AD91B3F5AE91B4F5AF91B5F520
:10064000B491B7F5B591B6F5BA91B8F5C791C9B2FD
:10065000C991D4D3CA91CDCACC91EFC0CD91D8D68F
:10066000CE91B0D2CF91BFC1D191F0BDDC91AAB8EB
:100670007492F8BC8E92C6F6AE92C7F6C892C8F6CF
:100680003E93C9F66A93CAF68F93CCF6CA93CBF61B
:10069000D693E9F73E94CDF66B94CEF68594C4EEEE
:1006A0008694C5EE8794C6EE8894EBD58994A4B65B
:1006B0008A94C8EE8B94C7EE8C94C9EE8D94CAEEE2
:1006C0008E94A5C78F94CBEE9094CCEE9294B0B755
:1006D0009394F6B59494CDEE9594CFEE9794CEEE98
:1006E0009994C6B89A94D0EE9B94D1EE9C94D2EE95
:1006F0009D94DBB69E94AEB39F94D3D6A094C6C40B
:10070000A194B5B1A294D6B8A394D3EEA494D4EE98
:10071000A594BFD4A694D5C7A794FBBEA894D9CE60
:10072000A994B3B9AA94D6EEAB94D5EEAC94D8EE16
:10073000AD94D7EEAE94A5C5AF94D9EEB094DAEEF1
:10074000B194AEC7B294DBEEB394AFC7B494DCEE11
:10075000B594A7B2B694DDEEB794DEEEB894DFEEB2
:10076000B994E0EEBA94E1EEBB94EAD7BC94E2EE21
:10077000BD94E3EEBE94D8BCBF94E4EEC094CBD35A
:10078000C194FACCC294ACB2C394E5C1C494E5EE72
:10079000C594A6C7C694ADC3C894E6EEC994E7EE67
:1007A000CA94E8EECB94E9EECC94EAEECD94EBEE6D
:1007B000CE94ECEED094EDEED194EEEED294EFEE3A
:1007C000D594F0EED694F1EED794F2EED894F4EE00
:1007D000D994F3EEDB94F5EEDC94ADCDDD94C1C29B
:1007E000DE94F6EEDF94F7EEE094F8EEE194A1D516
:1007F000E294F9EEE394B3CFE494FAEEE594FBEEE1
:10080000E794FCEEE894FDEEE994A1EFEA94FEEEA5
:10081000EB94A2EFEC94F5B8ED94FAC3EE94A3EF49
:10082000EF94A4EFF094C2BDF194BFD2F294F9B268
:10083000F394A5EFF494A6EFF594A7EFF694F8D20D
:10084000F794A8EFF894FDD6F994A9EFFA94CCC6E2
:10085000FC94AAEFFD94ABEFFE94B4C1FF94ACEF0F
:100860000095FACF0195F8CB0295AEEF0395ADEF69
:100870000495FAB30595F8B90695AFEF0795B0EF73
:100880000895E2D00995B1EF0A95B2EF0B95E6B75E
:100890000C95BFD00D95B3EF0E95B4EF0F95B5EF56
:1008A0001095F1C81195E0CC1295B6EF1395B7EFFE
:1008B0001495B8EF1595B9EF1695BAEF1795E0D5E1
:1008C0001895BBEF1995EDB41A95AAC31B95BCEF0B
:1008D0001D95BDEF1E95BEEF1F95BFEF2195FDCE77
:1008E0002295C0EF2395E0C22495B8B42595B6D7DC
:1008F0002695F5BD2895C7CF2995C3EF2A95C1EF59
:100900002B95C2EF2C95C4EF2D95A7B62E95FCBC68
:100910002F95E2BE3095CCC33195C5EF3295C6EF29
:100920003495C7EF3595CFEF3695C8EF3795C9EFBA
:100930003895CAEF3995C2C73A95F1EF3B95CDB6D8
:100940003C95CBEF3E95CCEF3F95CDEF4095C6B6AD
:100950004195BEC34295CEEF4495D0EF4595D1EF7A
:100960004695D2EF4795F2D54995D3EF4A95F7C40E
:100970004C95D4EF4D95F8C44E95D5EF4F95D6EFE5
:100980005095E4B85195F7B05295D7EF5395D8EFFD
:100990005495D9EF5695DAEF5795DBEF5895DCEF84
:1009A0005995DDEF5B95DEEF5C95B5BE5D95E1EFAA
:1009B0005E95DFEF5F95E0EF6195E2EF6295E3EF23
:1009C0006395CDC16495E4EF6595E5EF6695E6EF37
:1009D0006795E7EF6895E8EF6995E9EF6A95EAEFC3
:1009E0006B95EBEF6C95ECEF6D95D8C06F95EDEFD7
:1009F0007095ADC17195EEEF7295EFEF7395F0EFD5
:100A00007695E2CF7F95A4B3E895C5C3E995C5E394
:100A1000EA95C1C9EB95C6E3ED95D5B1EE95CACE81
:100A2000EF95B3B4F095F2C8F195C7E3F295D0CF46
:100A3000F395C8E3F495E4BCF595C9E3F695CAE3EC
:100A4000F795C6C3F895A2D5F995D6C4FA95EBB932
:100A5000FB95C5CEFC95CBE3FD95F6C3FE95CCE3A7
:100A60000096A7B70196F3B80296D2BA0396CDE3E3
:100A70000496CEE30596C4D40696CFE30896D0E359
:100A80000996CBD10A96D1E30B96D2E30C96D3E329
:100A90000D96D4E30E96D6D10F96D5E31096FBB201
:100AA0001196BBC01296D6E31496ABC01596D7E349
:100AB0001696D8E31796D9E31996DAE31A96DBE38C
:100AC0001C96B7B81D96E2DA1F96D3B62196E4DAE3
:100AD0002296E3DA2A96E6DA2E96EEC83196E5DA21
:100AE0003296C0B73396F4D13496F5D23596F3D515
:100AF0003696D7BD3B96E8D73C96E8DA3D96E7DADE
:100B00003F96A2B04096D3CD4296E9DA4496BDB85E
:100B10004596CABC4696BDC24796A4C24896C2B383
:100B20004996EADA4B96AAC24C96B0C44D96B5BD2A
:100B30005096DECF5496EBDA5596C2C95B96DDB17E
:100B40005F96ECDA6196B8B66296BAD46496FDB355
:100B50006796EDDA6896C9D46996D5CF6A96E3C5EB
:100B60006C96EEDA7296EFDA7496F0DA7596EAC160
:100B70007696D5CC7796DDCF8596E7D38696A1C2BB
:100B80008896F1DA8B96E5CB8D96F2DA8F96E6CBE6
:100B90009096FED29496F4B89796F3DA9896AFB002
:100BA0009996B6CF9C96CFD5A796EDCBB096F4DAB2
:100BB000B396C4E3B696A5C1B996BFF6BC96C0F687
:100BC000BD96C1F6BE96D1C4C096B8C8C196E3D151
:100BD000C496DBD0C596C5D1C696AFBCC796CDB975
:100BE000C996F4EFCC96C6B4CD96BAD3CE96C2F6DB
:100BF000CF96FBB3D296C3F6D596F1B5E096C5F67F
:100C0000E896EAD3E996A7F6EA96A9D1EF96A9F66F
:100C1000F396A8F6F696E3C1F796D7C0F996A2B177
:100C2000FE96EDCE0097E8D00197ABF60497F6CF8D
:100C30000697AAF60797F0D50897ACF60997B9C3B7
:100C40000D97F4BB0E97AEF60F97ADF61397DEC473
:100C50001697D8C11C97AACB1E97BCCF2A97AFF680
:100C60002D97B0F63097B1F63297B6C23897D4B018
:100C70003997F9C53E97B2F65297E0C75397A6F653
:100C80005697B8BE5997B2BE5B97E5B55E97C7B7A2
:100C90006097BFBF6197D2C36297E6C36597CCD810
:100CA0006997EFB87397F9BD7497A5D17697D0B0CF
:100CB0007C97B0F78597B1F78B97ACD08D97B0B094
:100CC0009197B2F79297B3F79497B4F79897CAC7EA
:100CD000A097CFBEA397B7F7AB97B6F7AD97DEB1A6
:100CE000AF97B5F7B297B8F7B497B9F7E697A4CE30
:100CF000E797CDC8E997ABBAEA97B8E8EB97B9E8B8
:100D0000EC97BAE8ED97C2BEF397F4D2F597CFD43B
:100D1000F697D8C97598B3D27698A5B67798EAC7EA
:100D20007898FCF17998EECF7A98B3CB7B98EBD09A
:100D30007C98EFE77D98E7CD7E98CBB97F98D9B6C0
:100D40008098FDF18198E4B08298CCCB8398FEF135
:100D50008498A4D48598ADC28698ECC18798C4C6FF
:100D60008898B1BE8998A1F28A98D5BC8C98A2F2D5
:100D70008D98A3F28F98A4F29098C3D29198B5C69B
:100D80009398C7CD9498A5F29698B1D39798C5BF7C
:100D90009898E2CC9A98A6F29B98A7F29C98D5D105
:100DA0009D98EEB69E98A8F29F98A9F2A098DFB5FC
:100DB000A198AAF2A298ABF2A498FCB2A598ACF2C2
:100DC000A698ADF2A798A7C8CE98E7B7D198A9EC96
:100DD000D298AAECD398ABECD598ACECD898AEC628
:100DE000D998ADECDA98AEECDE98C9B7DF98B3CA03
:100DF000E798B8E2E898CFF70D99D0F71099CDB2FF
:100E00002E99D1F75499D3F75599D2F76399BBE24C
:100E10006599A2BC6799BCE26899BDE26999BEE296
:100E20006A99BFE26B99C0E26C99C1E26D99B9B75A
:100E30006E99FBD26F99A4BD7099CECA7199A5B174
:100E40007299C7CB7499C2E27599FCB67699C4C8F9
:100E50007799C3E27A99C8BD7C99FDB17D99C4E2C6
:100E60007F99F6B68099C5E28199D9C48499C6E282
:100E70008599DACF8699DDB98799C7E28899A1C0AB
:100E80008A99C8E28B99F6B28D99C9E28F99F3C11C
:100E90009099CAE29199CBE29299F8C29399CCE2E7
:100EA0009499CDE29599CEE29699D7CA9799B8D8F8
:100EB0009899E5D99999E3CFA599A5F0A899B0DCBF
:100EC0006C9AEDC26D9AA6D46E9AD4CD6F9AB1D1B8
:100ED000709ADBB3719AFDC7739AB5B2749ABFC2A8
:100EE000759AE0E6769ABBCA779AE1E6789AE2E6E6
:100EF000799AD4BE7A9AE3E67B9AA4D77C9AD5CD28
:100F00007D9AE5E67E9ADDBC7F9AE4E6809AE6E685
:100F1000819AE7E6829AEEC2849ABEBD859AE8E697
:100F2000869AE6C2879AA7BA889AE9E68A9AEAE692
:100F30008B9AD2B38C9AE9D18F9AA5BF909AEBE69F
:100F4000919AEFC6929AECE6939AEDE6969AEEE6BF
:100F5000979AADC6989AEFE69A9AA7C99B9AF0E637
:100F60009C9AF1E69D9AF2E69E9AB9E59F9AF3E67D
:100F7000A09AF4E6A19AE2C2A29AF5E6A39AF6E64E
:100F8000A49AE8D6A59AF7E6A79AF8E6A89AC7B968
:100F9000B09ABBF7B19ABAF7B69ABEF7B79ABCF750
:100FA000B89AA1BABA9ABFF7BC9AC0F7C09AC2F76A
:100FB000C19AC1F7C29AC4F7C59AC3F7CB9AC5F7CD
:100FC000CC9AC6F7D19AC7F7D39AE8CBD89ADFB8AC
:100FD000DF9AD4F7E19AD5F7E69AD6F7EB9AD8F7E5
:100FE000ED9ADAF7EF9AD7F7F99ADBF7FB9AD9F788
:100FF000039BD7D7089BDCF70F9BDDF7139BDEF72E
:101000001F9BDFF7239BE0F72F9BCBDB329BAAD8FC
:101010003B9BF7E53C9BEDB9419BFDBF429BEABB87
:10102000439BC9F7449BC7C6459BC8F7479BCAF774
:10103000489BCCF7499BCBF74D9BCDF74F9BBACE46
:10104000519BCEF7549BA7C47C9CE3D37F9CCFF6E7
:10105000819CB3C2829CD0F6859CD1F6869CD2F648
:10106000879CD3F6889CD4F68B9CD6F68D9CABB12E
:101070008E9CD7F6909CD8F6919CD9F6929CDAF685
:10108000949CDBF6959CDCF69A9CDDF69B9CDEF648
:101090009C9CCACF9E9CDFF69F9CE0F6A09CE1F64C
:1010A000A19CE2F6A29CE3F6A39CE4F6A49CF0C00B
:1010B000A59CE5F6A69CE6F6A79CE7F6A89CE8F6B4
:1010C000A99CE9F6AB9CEAF6AD9CEBF6AE9CECF67F
:1010D000B09CEDF6B19CEEF6B29CEFF6B39CF0F648
:1010E000B49CF1F6B59CF2F6B69CF3F6B79CF4F618
:1010F000B89CA8BEBA9CF5F6BB9CF6F6BC9CF7F66D
:10110000BD9CF8F6C39CFAC8C49CF9F6C59CFAF6D7
:10111000C69CFBF6C79CFCF6CA9CFDF6CB9CFEF673
:10112000CC9CA1F7CD9CA2F7CE9CA3F7CF9CA4F7B3
:10113000D09CA5F7D39CA6F7D49CA7F7D59CA8F77D
:10114000D69CEEB1D79CA9F7D89CAAF7D99CABF74F
:10115000DC9CACF7DD9CADF7DE9CDBC1DF9CAEF721
:10116000E29CAFF71F9EF1C4209EAFF0219EA6BC6B
:10117000229EB0F0239EF9C3259EB8C5269EBBD102
:10118000289EB1F0299EB2F02A9EB3F02B9EB4F0B7
:101190002C9EB5F02D9EBCD12F9EECD1319EB7F088
:1011A000329EB6F0339EA7D4359ED2CD369EB8F08F
:1011B000379EBAF0389EB9F0399EBBF03A9EBCF02B
:1011C0003D9EEBB83E9EBDF03F9EE8BA419EBEF00C
:1011D000429EBFF0439EE9BE449EC0F0459EECB6E1
:1011E000469EC1F0479EC2F0489EC3F0499EC4F09F
:1011F0004A9EB5C84B9EC5F04C9EC6F04E9EC7F0A9
:101200004F9EF4C5519EC8F0559EC9F0579ECAF036
:10121000589EBDF75A9ECBF05B9ECCF05C9ECDF005
:101220005E9ECEF0639ECFF0649ED7BA669ED0F0ED
:10123000679ED1F0689ED2F0699ED3F06A9ED4F08A
:101240006B9ED5F06C9ED6F06D9ED8F0709EA5D3A7
:10125000719ED7F0739ED9F07E9EBAF57F9EB9C27B
:10126000829EE4F7879EE5F7889EE6F78B9EE7F778
:10127000929EE8F7939EB4C29D9EEAF79F9EEBF77D
:10128000A69EF3C2B49EF0F4B89EEFF4BB9EE9C2F2
:10129000BD9EE1F7BE9EE2F7C49EC6BBC99EE4D9DF
:1012A000CD9EF2CACE9EE8C0CF9EA4F0D19EDABAFF
:1012B000D49EADC7D89EACC4DB9EECF7DC9EEDF7A8
:1012C000DD9EEEF7DF9EF0F7E09EEFF7E29EF1F78E
:1012D000E59EF4F7E79EF3F7E99EF2F7EA9EF5F74D
:1012E000EF9EF6F7F99EE9EDFB9EEAEDFC9EEBED35
:1012F000FE9EBCF60B9FBDF60D9FBEF60E9FA6B6DA
:10130000109FBED8139FC4B9179FBBD8199FB1DCDB
:10131000209FF3CA229FF7F72C9FF8F72F9FF9F72A
:10132000379FFBF7399FFAF73B9FC7B13D9FFCF70B
:101330003E9FFDF7449FFEF7509FEBC6519FB4ECD4
:101340007F9FDDB3809FB3F6839FB4F6849FE4C193
:10135000859FB5F6869FB6F6879FB7F6889FB8F645
:10136000899FB9F68A9FBAF68B9FA3C88C9FBBF65C
:10137000999FFAC19A9FA8B99B9FE8ED9F9FEAB9F0
:10138000A09FDFD901FFA1A302FFA2A303FFA3A394
:1013900004FFE7A105FFA5A306FFA6A307FFA7A3D8
:1013A00008FFA8A309FFA9A30AFFAAA30BFFABA3E9
:1013B0000CFFACA30DFFADA30EFFAEA30FFFAFA3B9
:1013C00010FFB0A311FFB1A312FFB2A313FFB3A389
:1013D00014FFB4A315FFB5A316FFB6A317FFB7A359
:1013E00018FFB8A319FFB9A31AFFBAA31BFFBBA329
:1013F0001CFFBCA31DFFBDA31EFFBEA31FFFBFA3F9
:1014000020FFC0A321FFC1A322FFC2A323FFC3A3C8
:1014100024FFC4A325FFC5A326FFC6A327FFC7A398
:1014200028FFC8A329FFC9A32AFFCAA32BFFCBA368
:101430002CFFCCA32DFFCDA32EFFCEA32FFFCFA338
:1014400030FFD0A331FFD1A332FFD2A333FFD3A308
:1014500034FFD4A335FFD5A336FFD6A337FFD7A3D8
:1014600038FFD8A339FFD9A33AFFDAA33BFFDBA3A8
:101470003CFFDCA33DFFDDA33EFFDEA33FFFDFA378
:1014800040FFE0A341FFE1A342FFE2A343FFE3A348
:1014900044FFE4A345FFE5A346FFE6A347FFE7A318
:1014A00048FFE8A349FFE9A34AFFEAA34BFFEBA3E8
:1014B0004CFFECA34DFFEDA34EFFEEA34FFFEFA3B8
:1014C00050FFF0A351FFF1A352FFF2A353FFF3A388
:1014D00054FFF4A355FFF5A356FFF6A357FFF7A358
:1014E00058FFF8A359FFF9A35AFFFAA35BFFFBA328
:1014F0005CFFFCA35DFFFDA35EFFABA1E0FFE9A1E4
:10150000E1FFEAA1E3FFFEA3E5FFA4A330313233FC
:101510003435363738394142434445464030580027
:101520003031323334353637383961626364656659
:1015300040307800040000080000000000000002B5
:10154000000100001000000002400000000000A0A8
:101550000000000005400000000000C8000000007E
:101560000C4000000000409C0000000019400000FA
:101570000020BCBE0000000034400000BFC91B8E2C
:1015800000000004B5400000504BCFD06607E2CF0A
:10159000010000006C4100003E8251AADFEEA7343A
:1015A00001000000D9420000DCB5A0E23A301F97EC
:1015B000FFFFFFFFB4450000FD25A0C8E9A3C14F10
:1015C000FFFFFFFFFF3F0000000000800000000061
:1015D000FF3F0000000000800000000041542B434A
:1015E0005245470D0A0000000D0A4F4B0D0A00003E
:1015F00041544F0D0A00000041542B4353510D0A32
:101600000000000041542B524542540D0A000000D6
:101610000D0A434F4E4E4543540D0A000D0A2B430D
:1016200053513A20000000002B2B2B007B22494411
:10163000223A222573222C22534E223A222573224B
:101640002C22436D64223A223231222C2241636BD8
:10165000223A223030222C2254696D65223A7B22B4
:1016600079656172223A25642C226D6F6E7468224E
:101670003A25642C22646179223A25642C22686F11
:101680007572223A25642C226D696E757465223A52
:1016900025642C227365636F6E64223A25647D7D18
:1016A00000000000F8170208000000208C0D000068
:1016B0006C010008281B02088C0D002034AC0000CF
:1016C000D0010008000000000000F07F10010000C1
:1016D00043000000F8FFFFFF004040404040404012
:1016E00040404141414141404040404040404040F5
:1016F0004040404040404040400502020202020299
:1017000002020202020202020220202020202020E7
:1017100020202002020202020202909090909090FB
:1017200010101010101010101010101010101010B9
:10173000101010100202020202028888888888882D
:101740000808080808080808080808080808080819
:101750000808080802020202400000000000000021
:101760000000000000000000000000000000000079
:101770000000000000000000000000000000000069
:101780000000000000000000000000000000000059
:101790000000000000000000000000000000000049
:1017A0000000000000000000000000000000000039
:1017B0000000000000000000000000000000000029
:1017C0000000000000000000000000000000000019
:1017D0000000000000000000000000001C000000ED
:1017E00043000000F8FFFFFF0C0000000E000000A7
:1017F0000F0000002E000000500600A24A04000165
:10180000600901020304060708090C6110200502A3
:101810000406082020068002000020094012500023
:1018200000EF32000815330008E40F0020E45F17D2
:10183000E101037C8000011207CAF02C132700008D
:1018400034440000406100006489000009A80000E1
:1018500002C300002BE300006E1501001A2C0100EA
:10186000E1520100A9D2000421183010613D0100AD
:10187000D11401009B7700002DF30008430AD9081A
:1018800043B3BD084387A00843866A0844073E3E29
:1018900000001E180413F5D6280006887E000003F9
:1018A000000170040100040405CA6400061D100054
:1018B0000800FF01021C3001091F54013E40E01CDA
:1018C000001800474C32303231333938363638312F
:1018D00038333330363837303438356302F6000168
:1018E0003C049112233C031EA05803040C333339EB
:1018F0002E39362E31302E3235113C063131383802
:10190000338E045C045443509804400C6372677433
:1019100056656E64696E6724600932333435363734
:101920003839343110C9E8021306150A1F304F0444
:10193000053879D987B00A8993A99E100A2816021A
:1019400008F0150208F80412DC0412041012E80C66
:10195000121C081210049C06004E554C4C880501C0
:101960001C0FD9DC9983212D0552801C04F04902FB
:101970007C045D8B04091908D3A00F4C340B33375A
:101980003031323031393031790F103133BD032DE0
:10199000A9061210E5AC05474C48588C06211040AA
:1019A000072D303531312DE20DFF850309318E00D1
:1019B00004C308070001100ACF6701082D68010859
:1019C0007B040D7361040A1C01FC69F87C0E60EA5B
:1019D0000000E5B7A8E7B1B3410030A5040C07103B
:1019E000414243444546D407EC050001E02E6D0614
:1019F0000E51149E050E5514F60503DB2000012040
:101A000008C1814001C0804104610C2108E118A196
:101A10001C011A30011638013660012E70012F604A
:101A200000FF00C0C101C30302C2C60607C705C547
:101A3000C404CC0C0DCD0FCFCE0E0ACACB0BC909F6
:101A400008C8D81819D91BDBDA1A1EDEDF1FDD1D06
:101A50001CDC14D4D515D71716D6D21213D311D136
:101A6000D010F03031F133F3F23236F6F737F53586
:101A700034F43CFCFD3DFF3F3EFEFA3A3BFB39F9B6
:101A8000F83828E8E929EB2B2AEAEE2E2FEF2DED86
:101A9000EC2CE42425E527E7E62622E2E323E121F6
:101AA00020E0A06061A163A3A26266A6A767A56506
:101AB00064A46CACAD6DAF6F6EAEAA6A6BAB69A976
:101AC000A86878B8B979BB7B7ABABE7E7FBF7DBD86
:101AD000BC7CB47475B577B7B67672B2B373B171B6
:101AE00070B0509091519353529296565797559586
:101AF00094549C5C5D9D5F9F9E5E5A9A9B5B995936
:101B00005898884849894B8B8A4A4E8E8F4F8D4D05
:101B10004C8C448485458747468682424383418175
:081B2000800A22407F00000052
:0400000508000131BD
:00000001FF
