kimi version 0.39.1
• Let me start with the startup reads.

• 先执行启动恢复，读取三个必读文件。

• Startup reads done. Now I need to look at task #606: task_20260902_laowantong-graph-scatter-cleanup. Let me check the queue status, the task file, and the AGENTS.md for 90_control (only if I touch files there — I will append to todos file and run queue_transition script, so reading 90_control/AGENTS.md is required).

  Let me check the queue and the task file.队列总任务数: 189
queued: 4
claimed: 1
pending_review: 1
  #601 task_20260902_huangyaoshi-wechat-promote-dedup-fix — wechat_promote去重根治（去重键含当天日期bug，08-18起带病）+sources层147份纯重复引用感知处置入隔离区+seen_links URL归一化+索引更新
The task file isn't found by that glob. Let me search more broadly for #606 / graph-scatter.

• 队列里没看到 #606 的明细。查找任务单和建议书。队列总任务数: 189
queued: 4
claimed: 1
pending_review: 1
  #601 task_20260902_huangyaoshi-wechat-promote-dedup-fix — wechat_promote去重根治（去重键含当天日期bug，08-18起带病）+sources层147份纯重复引用感知处置入隔离区+seen_links URL归一化+索引更新
===
240:| 606 | `task_20260902_laowantong-graph-scatter-cleanup` | 图谱散点治理二批：31文件残留占位+870真散点逐族裁决（首批1132占位已清 de51bdd84） | queued | laowantong | 分族commit+每族裁决表执行报告+复扫<50处 | 无 | `60_feedback/tasks/task_20260902_laowantong-graph-scatter-cleanup.md` | 老朱0902直令「obsidian视图全乱了修复」；撞号更正入队（原seq601未入队悬空，老顽童建议书 diag_20260902_laowantong-graph-scatter-task-collision 09-02王语嫣采纳）；只动链接行不动正文；分族commit；欧阳锋终审 |


• Now I understand the task. Let me claim it. Note queue status shows queued: 4, claimed: 1, pending_review: 1 (#601 huangyaoshi pending_review). The rule says: 在队列前方还有 pending_review 任务时不能领取下一个 queued 任务? The context says: "队列前方还有 pending_review 任务等待欧阳锋终审" is a common rejection reason. But #601 is huangyaoshi's task — different assignee. In the past (per todos line 117), laowantong used `claim --force` for #595 blockage reasoning "不同 assignee 并行线，台账已留痕". Let me try normal claim first; if rejected, check whether --force is appropriate.

  Let me first check myqueue to see what claims exist. Also there's a "claimed: 1" — who claimed? Let me look.

• 任务单已读。尝试领取 #606。# role=laowantong · 任务路由（#472 只读视图，不动状态机）
✅ 可领 1:
  #606 task_20260902_laowantong-graph-scatter-cleanup — 图谱散点治理二批：31文件残留占位+870真散点逐族裁决（首批1132占位已清 de51b
⏸ 等依赖 0:
  (无)
🧊 冻结 0:
  (无)
🚧 进行中 0:
  (无)
⏳ 待终审 0:
  (无)
⚖️ 最近终审（48h） 1:
  #596 task_20260902_laowantong-popmart-uniqueness-book-cards — ✅PASS A-（2026-09-01）
===
任务 606 不在生产队列中


• "任务 606 不在生产队列中" — but myqueue shows it claimable. Maybe claim expects task_id not seq? Let me try with the task id string.队列前方还有 pending_review 任务未终审：#601 task_20260902_huangyaoshi-wechat-promote-dedup-fix。必须等它们 reviewed 后才能领取 task_20260902_laowantong-graph-scatter-cleanup
Blocked by #601 pending_review (huangyaoshi's task). Precedent: #596 claim used `--force` with reasoning "不同 assignee 并行线，台账已留痕". Check if claim supports --force. Let me check the script help.claim 需要 --instance <instance>
1:"""Hard state transition enforcer for the KDO production queue.
7:    python queue_transition.py claim <task-id> --instance <name> [--force] [--no-commit]
8:    python queue_transition.py complete <task-id> --instance <name> [--evidence <path>] [--force --reason '<理由>'] [--no-commit]
16:--force claim: 跳过队列前方 pending_review 阻塞（用于不同 assignee 的并行任务）
17:--force complete: 允许从 queued 直接跳到 pending_review
18:        （用于生产已完成但未通过脚本领取的场景；#444 起必须配 --reason，例外入台账 90_control/force-exceptions.log）
546:                            force: bool = False, reason: str | None = None) -> tuple[bool, str]:
548:    未登记/不符 → 拒止 + 提示 register；--force --reason 逃生门落 #444 台账。"""
556:    if force:
558:            return False, "终审权校验 force 逃生必须配 --reason '<理由>'（#444：例外留痕——谁/为何/何时）"
559:        ledger = _log_force_exception(task_id, reviewer,
562:        return True, f"⚠️ 终审权校验 force 例外已留痕: {ledger}"
566:        "紧急绕过：review 加 --force --reason '<理由>'（落 force-exceptions.log 台账）"
580:def action_claim(task_id: str, instance: str, force: bool = False) -> tuple[bool, str]:
583:    --force: 跳过 pending_review 阻塞检查（用于不同 assignee 的并行任务）。
584:    #504：--force 放行保留但留痕——绕过任何阻塞都写 force-exceptions.log 台账（例外不得无痕）。
587:    force_note = ""
588:    if force:
592:            ledger = _log_force_exception(task_id, instance, f"claim 绕过：{would_reason}",
594:            force_note = f"\n⚠️ force 例外已留痕: {ledger}"
✅ task_20260902_laowantong-graph-scatter-cleanup 已领取为 claimed-laowantong-kimi
⚠️ force 例外已留痕: C:\Users\Administrator\Desktop\wiki\90_control\force-exceptions.log

✅ dashboard.html 已生成 (189 个任务)
   待领取: 3  |  审查中: 1  |  进行中: 2  |  已完成: 183
Claimed with --force (parallel assignee line, #601 is huangyaoshi's task — same precedent as #596). Force ledger logged.

  Now the work. Task:
  - A. 31 files with residual pending_unknown placeholders — per-file manual judgment.
  - B. 870 ghost links / 254 targets / 295 files — family-by-family adjudication.
  - C. Discipline: only link lines, per-family commit, rescan <50.

  First I need a scanner. The task says: 复跑散点扫描（脚本：遍历 30_wiki 全库 wikilink，排除代码块，按 vault 文件名解析，目标不存在=散点）. Check if such a script already exists (maybe wangyuyan wrote one for the first batch). Search kdo-tools or 90_control/scripts for scatter/ghost/orphan scan scripts.===
0925d41f0 chore(queue): #606 claim by laowantong-kimi
8450d6da3 编排：F-066 建单即入队对账挂账 + todos 处置落行（#606/门铃重建/拉起老顽童）
284e97efe 编排：#606 图谱散点治理二批撞号更正入队（原seq601未入队悬空，老顽童建议书采纳）
===
commit de51bdd848c9d12e1682aeccb383473e629f1d7d
Author: Linhai Zhu <baisenzhu538@gmail.com>
Date:   Wed Sep 2 02:11:49 2026 +0800

    wyy(直改已验证): pending_unknown占位清理466文件1132处+占位卡降权；frontmatter抽查OK；残留31文件+870真散点移交#601

 30_wiki/cases/case-compas-racial-bias.md                  |  1 -
 .../cases/case-doris-2014-music-streaming-prediction.md   |  1 -
 30_wiki/cases/case-doris-beauty-ecommerce-channel.md      |  1 -
 30_wiki/cases/case-doris-catering-chain-benchmark.md      |  1 -
 .../cases/case-doris-crossborder-ecommerce-opportunity.md |  1 -
 30_wiki/cases/case-doris-grab-industry-cognition.md       |  1 -
 30_wiki/cases/case-doris-outbound-travel-community.md     |  1 -
 30_wiki/cases/case-essence-education-strategy.md          |  1 -
 30_wiki/cases/case-gudong-tea-shop-foresight.md           |  2 --
 30_wiki/cases/case-lean-2b-gray-test.md                   |  1 -
 30_wiki/cases/case-lean-adult-education.md                |  1 -
 30_wiki/cases/case-lean-building-in-vacuum.md             |  1 -
 30_wiki/cases/case-lean-combination-test-paradigm.md      |  1 -
 30_wiki/cases/case-lean-crayfish-combo-test.md            |  1 -
No existing scanner script. I need to write one myself. The task defines the scanner: 遍历 30_wiki 全库 wikilink，排除代码块，按 vault 文件名解析，目标不存在=散点.

  Let me write a scan script to a temp location (not a deliverable, so put it under 90_control/.sandbox/ or _tmp/). Actually for reproducibility and review, it's better to put the scanner in a stable place. The instruction: 完工后需要复扫. Let me write `_tmp/scan_scatter.py` or better `90_control/scripts/`? That dir is 黄药师 territory (infra). Deliverables go to evidence path. I'll put the scan script in the task's evidence folder maybe. Let me keep it in `_tmp/graph-scatter-606/` and produce reports there, then copy the execution report to 60_feedback/tasks/ or attach evidence path.

  Actually evidence is usually a report file. I'll create a working dir `_tmp/606-scatter/` for scan outputs, and write the final execution report at `60_feedback/tasks/evidence_20260902_graph-scatter-cleanup.md` or similar. Let me check where previous evidence reports went... Not critical; the complete command takes --evidence path.

  Scanner requirements:
  - Walk all .md files in vault? Task says "遍历 30_wiki 全库 wikilink" but targets are resolved "按 vault 文件名解析" — Obsidian resolves [[name]] against all vault files. And sources: 295 文件波及 includes 30_wiki sources. For the scan, should scan 30_wiki (and maybe all vault?). The task says 30_wiki 全库. Targets resolved by filename across vault (basename without extension, also path-based links).

  - Extract wikilinks `[[...]]`, excluding code blocks (``` fenced). Handle `[[target|alias]]`, `[[target#heading]]`.
  - A target exists if: any file in vault with that basename (sans .md), or a path match (e.g. `_archive/panproduct/yt-xxx` with .md), or a directory (folder links?), or attachments with other extensions.

  Also scan for residual pending_unknown occurrences (31 files): grep `pending_unknown` in 30_wiki.

  Let me build the scanner. First survey scale.32
30_wiki/cases/case-yitang-du-kids-education-sabc.md:127:- **Before-After 数据**：口述未披露 SABC 分层前后的转化率/GMV 具体数值（`pending_unknown`），证据强度在"分层发现 + 由分层长出的运营动作"本身，不在量化提升。
30_wiki/cases/case-yitang-innovative-metrics-collection.md:272:- **其余 9 个案例**：口述只给方向性结果（"连带率显著更高""续费率巨高""转化率显著提升"），**精确数字 `pending_unknown`**——建卡未编造，引用时须连同"课程案例口径、无精确数字"一起引用。
30_wiki/cases/case-yitang-marathon-ten-seasons.md:184:- 「跪着守下限」事故的具体期次与事故原因口述未展开，标 pending_unknown，不做推测。
30_wiki/cases/case-yitang-shao-kaoyan-gmv.md:141:- **目标达成**：GMV **+50%** 目标最终完成（L1966，课程案例口径）；基线 GMV 绝对值口述未披露（`pending_unknown`）。
30_wiki/cases/case-yitang-three-industry-formula-demos.md:138:3. **医院案例隐含假设：「社区义检是白内障获客的有效杠杆」——pending_unknown**：拆解逻辑上，参检率×患病率×到院转化率确实是来院患者的完整来源链；但义检的参检率能否做高、检出患者到院转化的成本如何，素材无任何数据。
30_wiki/cases/case-yitang-three-industry-formula-demos.md:139:4. **篮球培训隐含假设：「体验课是成交的必要前置环节」——pending_unknown**：公式把成交转化率挂在体验学员数上，意味着默认"先体验后成交"路径成立；是否存在不体验直接报名的流量、该路径占比多少，素材未给。
30_wiki/cases/case-yitang-three-industry-formula-demos.md:140:5. **ToB 摄像头隐含假设：「老客复购链可与新客链复用中间因子」——pending_unknown**：机会点转化率/方案匹配率/中标率在新老客两条链上同名出现，拆解除了实施/交付末端外认为中间环节同构；老客场景下这些率是否真的与新客同量级，需要数据验证，素材未给。
30_wiki/cases/case-yitang-three-industry-formula-demos.md:166:- 三案例无验证结果与数字，凡"隐含假设"一节标注 pending_unknown 的三条，表示素材中找不到一等源支撑其验证状态，未编造。
30_wiki/cases/case-yitang-three-industry-formula-demos.md:172:- **Before-After 经营数据**：`pending_unknown`——三个案例均为课程材料中的静态拆解示范，素材未附任何验证结果或经营数字（整合笔记 §八 同样无数字），本卡不编造。
30_wiki/cases/case-yitang-three-industry-formula-demos.md:175:- **三条隐含假设的验证状态**：社区义检获客杠杆、体验课前置必要性、老客链复用中间因子——全部 `pending_unknown`，素材无一等源支撑，是本卡留给读者的检验清单。
30_wiki/cases/case-yitang-three-industry-formula-demos.md:192:- **拆解与验证是两步**：本卡三案例停在"拆"，验证全是 pending_unknown——拆得好不等于做得成，公式落地前每个底层参数都是待验证假设。
30_wiki/cases/case-yitang-vicky-short-video.md:137:- **业务结果（方向性）**：转型后**收入、活跃、口碑都不错**（L870），被讲师评价为自媒体行业"一股清流"（L872-L874）——口述未给具体数字，定量结果 `pending_unknown`。
30_wiki/cases/case-yitang-wang-mcn-funnel.md:149:- **四期行动营结果**：连开四期，每期招生规模和转化率**量率双升**（L1368-L1370）——口述未给各期具体数值，定量细节 `pending_unknown`。
30_wiki/cases/case-yitang-wenxiaozhang-driving-school.md:153:- **业务 Before-After（方向性）**：干了十多年、"以为成熟透了"的驾校，拆公式+怼假设后**在去年基础上又翻一倍**，重新进入增长期（L984-L986）。口述未给收入绝对值，精确数字 `pending_unknown`；且讲师明确"不止业务公式、用了各种东西"，不可全部归因于假设方法。
30_wiki/cases/case-yitang-woqingke-referral-15-to-40.md:183:- 前段 3%→15% 的具体假设内容口述未展开（仅点名周湘怡「一个假设翻三倍」），细节记为 pending_unknown，不作推测补全。
30_wiki/cases/case-yitang-woqingke-referral-15-to-40.md:191:- **推荐率完整 Before-After 链**：**3% → 5% → 15% → 40%**（实操篇 L318-L320、L326、L564）。前段 3%→15% 靠一个假设+坚持（细节 pending_unknown）；后段 15%→40% 约一年半、将近翻三倍，靠三层公式展开+假设池驱动。
30_wiki/cases/case-yitang-zhanglei-gacha-points.md:141:- 付费率两源冲突已按「口述逐字稿一等源、原图直接复核」纪律处理：原图为课件制作者本人确认的数字，故裁定 2%→3%，口述「28→30」记为 ASR 误识；此裁定已满足任务验收点 3，无需 pending_unknown。
30_wiki/cases/case-yitang-zhanglei-gacha-points.md:153:- **最终目标达成**：翻 3-5 倍目标的最终数字口述未披露，`pending_unknown`，本卡不补编。
30_wiki/cases/case-一堂-优秀触点案例合集.md:146:- **缺失数据要标注 pending_unknown**：范渝案例为闭店诊断，无量化转化率结果，不可编造。
30_wiki/cases/case-一堂-优秀转化率复盘合集.md:73:| 2 | 沈伟杰 | 代工厂的签约合作率 | ⚠️ 仅背景片段，p005 | pending_unknown |
30_wiki/cases/case-一堂-优秀转化率复盘合集.md:74:| 3 | 王静静 | 鸡公煲门店的日营业额 | ❌ 正文缺失，仅目录标题 | pending_unknown |
30_wiki/cases/case-一堂-优秀转化率复盘合集.md:75:| 4 | 董程滨 | 大学生私域微信群 | ❌ 正文缺失，仅目录标题 | pending_unknown |
30_wiki/cases/case-一堂-优秀转化率复盘合集.md:76:| 5 | 钟征 | 提升月卡购买率和复购率 | ❌ 正文缺失，仅目录标题 | pending_unknown |
30_wiki/cases/case-一堂-优秀转化率复盘合集.md:77:| 6 | 翁晓锋 | 淘宝销售冷藏展示柜 | ❌ 正文缺失，仅目录标题 | pending_unknown |
30_wiki/cases/case-一堂-优秀转化率复盘合集.md:78:| 7 | 甘绘忆 | 元宇宙官网的咨询转化 | ❌ 正文缺失，仅目录标题 | pending_unknown |
30_wiki/cases/case-一堂-优秀转化率复盘合集.md:79:| 8 | 王巍 | 短视频的剧本拆解 | ❌ 正文缺失，仅目录标题 | pending_unknown |
30_wiki/cases/case-一堂-优秀转化率复盘合集.md:146:| 用目录标题脑补案例细节 | 编造转化率数字 | 缺失内容标 pending_unknown |
30_wiki/cases/case-一堂-小米发布会拆解.md:146:5. **练习素材边界管理**：当原始素材残缺时，只基于有效页拆解，缺失页明确标注 `pending_unknown`。
30_wiki/concepts/concept-X型Y型决策习惯.md:41:- pending_unknown
30_wiki/concepts/concept-X型Y型决策习惯.md:42:- pending_unknown
30_wiki/concepts/concept-X型Y型决策习惯.md:43:- pending_unknown
30_wiki/concepts/concept-一堂-三类目标策略.md:113:  - ⚠️ **pending_unknown**：实操篇 L1748 转写作「直接拍 3% 到 5%，甚至拍百分之百」，与管理篇 L1562 的「30% 到 50%」口径冲突，疑似 ASR 误识（该篇勘误表有「五十岁分率→50% 续费率」同类数字误识先例），待复核原图/原音；本卡主体采用管理篇口径。
30_wiki/concepts/concept-发现决策.md:42:- pending_unknown
30_wiki/concepts/concept-发现决策.md:43:- pending_unknown
30_wiki/concepts/concept-发现决策.md:44:- pending_unknown
30_wiki/concepts/industry-ai-cases.md:11:- - - pending_unknown
30_wiki/concepts/yitang-qualitative-to-quantitative.md:47:- - - pending_unknown
30_wiki/concepts/yitang-qualitative-to-quantitative.md:48:- - - pending_unknown
30_wiki/concepts/yt-business-formula-six-level-logic.md:315:- 已裁定冲突：扭蛋机付费率两源冲突（口述 28→30 vs 案例 2 图 2%→3%）属参数侧案例，本卡未引用；裁定与 pending_unknown 标注见 `[[business-formula-domain-digest]]` 冲突裁定表（digest L141），案例卡由 #157 承接。
30_wiki/frameworks/yt-five-step-method-complete.md:28:- pending_unknown
32 files have "pending_unknown" but task says 31 files residual. The residual forms: `- - - pending_unknown` (nested list — these are frontmatter related fields in broken form), backticked `pending_unknown` (plain text — keep), `[[system/pending_unknown]]` (legal reference — keep).

  Wait — but these grep hits show mostly plain-text uses in body content (e.g. "数字 `pending_unknown`" — backticked, keep). The residual 31 files probably refer to actual link-like occurrences the first batch script missed. Let me get the full list of files and occurrences, classifying: `- - - pending_unknown` (nested list in frontmatter — a real link line, should be removed), backticked (keep), `[[...pending_unknown...]]` (check).

  Let me get complete list of occurrences with file:line and content.56 _tmp/606_pending_unknown_all.txt
39:30_wiki/concepts/yt-business-formula-six-level-logic.md:315:- 已裁定冲突：扭蛋机付费率两源冲突（口述 28→30 vs 案例 2 图 2%→3%）属参数侧案例，本卡未引用；裁定与 pending_unknown 标注见 `[[business-formula-domain-digest]]` 冲突裁定表（digest L141），案例卡由 #157 承接。
41:30_wiki/index.md:1826:- [[system/pending_unknown|待补充链接（占位符）]] — source `src_unknown`
42:30_wiki/index.md.bak.20260630:3043:- [[system/pending_unknown|待补充链接（占位符）]]
43:30_wiki/links/index.md:14397:- [[system/pending_unknown]]
52:30_wiki/tools/yt-tool-business-formula-18-moves.md:150:  - ⚠️ **pending_unknown**：确定性运营环节的经验值两源冲突——实操篇 L1748 作「直接拍 3% 到 5%，甚至拍百分之百」，管理篇 L1562 作「差不多可能 30% 到 50% 跳一跳，够得着的目标」，两源口径冲突待复核原音/原图；同 [[concept-一堂-三类目标策略]] 卡内 pending_unknown（本卡主体采用管理篇口径）。
===NESTED===
36:30_wiki/concepts/industry-ai-cases.md:11:- - - pending_unknown
37:30_wiki/concepts/yitang-qualitative-to-quantitative.md:47:- - - pending_unknown
38:30_wiki/concepts/yitang-qualitative-to-quantitative.md:48:- - - pending_unknown
45:30_wiki/tools/tool-devils-advocacy.md:22:- - - pending_unknown
49:30_wiki/tools/tool-泛产品落地-内核和边界.md:15:- - - pending_unknown
50:30_wiki/tools/tool-泛产品落地-善用佳软.md:15:- - - pending_unknown
51:30_wiki/tools/tool-泛产品落地-灵感闪现.md:15:- - - pending_unknown
Now classify all 56 occurrences across 32 files. Categories:
  1. `- - - pending_unknown` nested list — broken frontmatter related entries. These are link lines to remove (real placeholder). 7 occurrences in 5 files: industry-ai-cases.md:11, yitang-qualitative-to-quantitative.md:47,48, tool-devils-advocacy.md:22, tool-泛产品落地-内核和边界.md:15, tool-泛产品落地-善用佳软.md:15, tool-泛产品落地-灵感闪现.md:15.
  2. `[[system/pending_unknown...]]` — legal references to the real placeholder card — keep. (index.md:1826, index.md.bak, links/index.md:14397). Note index.md.bak.20260630 is a backup file — leave alone (not in scope? it's a .bak file; touching it is unnecessary).
  3. Backticked/plain-text `pending_unknown` in body — keep (task says 纯文本保留不删).
  4. Bare `pending_unknown` in tables/text without backticks (e.g. case-yitang-marathon line 184 "标 pending_unknown", three-industry lines 138-140 "——pending_unknown**", 复盘合集 table cells "pending_unknown |", X型Y型决策习惯.md:41-43 "- pending_unknown", concept-发现决策.md:42-44 "- pending_unknown", yt-five-step-method-complete.md:28 "- pending_unknown") — these are body content lines "- pending_unknown" possibly in frontmatter? Need to check context. Let me check whether those are in frontmatter (related fields) or body.

  Lines like concept-X型Y型决策习惯.md:41-43 "- pending_unknown" — need to see if in frontmatter. Let me check each file's context.===== 30_wiki/concepts/concept-X型Y型决策习惯.md (35-50)
- '[[concept-M-fM-^\M-^@M-dM-=M-3M-eM-.M-^^M-hM-7M-5M-eM-;M-:M-fM-(M-!]]'$
- '[[concept-M-gM-'M-^QM-eM--M-&M-eM-^FM-3M-gM--M-^VM-eM-.M-=M-eM-:M-&]]'$
- '[[concept-M-gM-(M-^@M-gM-<M-:M-fM-^\M-:M-dM-<M-^ZM-gM-*M-^WM-eM-^OM-#]]'$
- '[[concept-M-gM->M-^NM-eM-%M-=M-dM-=M-^\M-eM-^SM-^AM-fM-^CM-3M-hM-1M-!]]'$
- yitang-domain-digest$
- decision-science-domain-digest$
- pending_unknown$
- pending_unknown$
- pending_unknown$
- yt-decision-y-model$
- dk-yitang-Y-model-pitfalls$
- tool-yitang-Y-model-application$
- framework-yitang-shishi-qiushi$
- framework-yitang-jiefang-sixiang$
- '[[case-unit-model-gashapon]]'$
- '[[case-yitang-Y-model-advertising-turnaround]]'$
===== 30_wiki/concepts/concept-发现决策.md (35-50)
- '[[concept-M-fM-^CM-^JM-eM-^VM-^\M-eM-^EM-,M-eM-<M-^O]]'$
- '[[concept-M-fM-^\M-^@M-dM-=M-3M-eM-.M-^^M-hM-7M-5M-eM-;M-:M-fM-(M-!]]'$
- '[[concept-M-gM-'M-^QM-eM--M-&M-eM-^FM-3M-gM--M-^VM-eM-.M-=M-eM-:M-&]]'$
- '[[concept-M-gM-(M-^@M-gM-<M-:M-fM-^\M-:M-dM-<M-^ZM-gM-*M-^WM-eM-^OM-#]]'$
- '[[concept-M-gM->M-^NM-eM-%M-=M-dM-=M-^\M-eM-^SM-^AM-fM-^CM-3M-hM-1M-!]]'$
- yitang-domain-digest$
- decision-science-domain-digest$
- pending_unknown$
- pending_unknown$
- pending_unknown$
- yt-decision-y-model$
- tool-yitang-Y-model-application$
- dk-yitang-Y-model-pitfalls$
- framework-yitang-shishi-qiushi$
- framework-yitang-jiefang-sixiang$
- '[[case-unit-model-gashapon]]'$
===== 30_wiki/frameworks/yt-five-step-method-complete.md (20-35)
created_at: '2026-06-20'$
updated_at: '2026-07-03'$
author: M-hM-^@M-^AM-iM-!M-=M-gM-+M-%$
reviewed_by: M-eM->M-^EM-eM-.M-!$
review_date: '2026-06-20'$
related:$
- framework-yitang-five-step-to-time-management$
- tool-M-eM-^MM-^UM-eM-^EM-^CM-fM-(M-!M-eM-^^M-^K-M-eM-#M-^AM-eM-^^M-^RM-iM-"M-^DM-eM-^HM-$$
- pending_unknown$
- framework-yitang-scientific-sales-five-step$
- yt-decision-y-model$
- tool-yitang-Y-model-application$
- case-yitang-Y-model-advertising-turnaround$
- case-yitang-Y-model-seven-applications$
- framework-yitang-shishi-qiushi$
- framework-yitang-jiefang-sixiang$
===== 30_wiki/concepts/industry-ai-cases.md (1-20)
---$
id: industry-ai-cases$
title: M-dM-:M-'M-dM-8M-^Z AI M-hM-^PM-=M-eM-^\M-0M-fM-!M-^HM-dM->M-^KM-iM-^[M-^FM-oM-<M-^HM-iM-^]M-^^M-hM-^MM-/M-fM-^_M-^\M-oM-<M-^IM-oM-<M-^ZM-dM-8M-;M-iM-"M-^XM-gM-;M-<M-eM-^PM-^HM-gM-4M-"M-eM-<M-^UM-eM-^MM-!$
type: concept$
status: reviewed$
domain:$
- strategy$
source_person: M-gM-^NM-^KM-hM-/M--M-eM-+M-#$
source_context: M-eM-^PM-,M-hM-^DM-^QM-dM-:M-'M-dM-8M-^Z AI M-fM-!M-^HM-dM->M-^KM-dM-8M-;M-iM-"M-^XM-fM-^QM-^XM-hM-&M-^AM-gM-;M-<M-eM-^PM-^HM-oM-<M-^H8 M-fM-^]M-!M-eM-=M-^UM-iM-^_M-3 meetingSummaryM-oM-<M-^I$
aliases:$
- - - pending_unknown$
- - - tool-M-fM-^\M-^HM-gM-^YM-=-M-eM-.M-^^M-gM-^IM-)M-eM-^LM-^EM-hM-#M-^EM-dM-:M-'M-dM-8M-^ZM-iM-^SM->M-eM-.M-^^M-hM-7M-5$
- M-dM-8M-;M-iM-"M-^XM-gM-;M-<M-eM-^PM-^HM-gM-4M-"M-eM-<M-^UM-eM-^MM-!$
- M-dM-:M-^QM-gM-.M-!M-eM-.M-6$
- M-dM-:M-'M-dM-8M-^Z$
- M-dM-:M-'M-dM-8M-^ZAIM-hM-^PM-=M-eM-^\M-0M-fM-!M-^HM-dM->M-^KM-iM-^[M-^FM-iM-^]M-^^M-hM-^MM-/M-fM-^_M-^\M-oM-<M-^ZM-dM-8M-;M-iM-"M-^XM-gM-;M-<M-eM-^PM-^HM-gM-4M-"M-eM-<M-^UM-eM-^MM-!$
- M-dM-<M-^XM-hM-!M-^LM-dM-8M-^ZM-eM-^HM-^FM-dM-:M-+$
- M-eM-^IM-'M-fM-^\M-,M-eM-^HM-^[M-dM-=M-^\M-eM-^HM-^FM-dM-:M-+$
- M-fM-!M-^HM-dM->M-^KM-iM-^[M-^FM-iM-^]M-^^M-hM-^MM-/M-fM-^_M-^\$
- M-gM-^NM-^KM-hM-/M--M-eM-+M-#$
===== 30_wiki/concepts/yitang-qualitative-to-quantitative.md (38-55)
- src_unknown$
- src_unknown$
- audience:general$
- scene:reference$
- skill-level:advanced$
related:$
- - - case-ai-assisted-review$
- - - case-ban-fei-mao-conversion-hacker-skill$
- - - case-ban-fei-mao-from-assignment-to-tool$
- - - pending_unknown$
- - - pending_unknown$
- '[[yt-lean-qualitative-quantitative-research]]'$
diagnostic_signals:$
- framework_lens: M-dM-:M-'M-eM-^SM-^AM-eM-=M-"M-fM-^@M-^AM-eM-^FM-3M-eM-.M-^ZM-iM-*M-^LM-hM-/M-^AM-fM-^IM-^KM-fM-.M-5M-cM-^@M-^AM-fM- M-7M-fM-^\M-,M-iM-^GM-^OM-eM-^RM-^LM-fM- M-8M-eM-?M-^CM-fM-^LM-^GM-fM- M-^GM-oM-<M-^[M-eM-=M-"M-fM-^@M-^AM-fM-^\M-*M-eM-.M-^ZM-fM-^WM-6M-hM-.M-(M-hM-.M-:M-fM- M-7M-fM-^\M-,M-iM-^GM-^OM-fM-^XM-/M-dM-<M-*M-iM-^WM-.M-iM-"M-^X$
  follow_up_question: M-dM-=M- M-gM-^ZM-^DM-dM-:M-'M-eM-^SM-^AM-fM-^XM-/M-dM-8M-^@M-fM-^\M-,M-dM-9M-&M-cM-^@M-^AM-dM-8M-^@M-dM-8M-* APPM-cM-^@M-^AM-dM-8M-^@M-iM-^WM-(M-hM-/M->M-oM-<M-^LM-hM-?M-^XM-fM-^XM-/M-dM-8M-^@M-dM-8M-*M-gM-:M-?M-dM-8M-^KM-hM-.M--M-gM-;M-^CM-hM-^PM-%M-oM-<M-^_M-dM-8M-^MM-eM-^PM-^LM-eM-=M-"M-fM-^@M-^AM-dM-8M-^KM-oM-<M-^LM-fM- M-8M-eM-?M-^CM-hM-=M-,M-eM-^LM-^VM-gM-^NM-^GM-dM-8M-^NM-fM-^\M-^@M-eM-0M-^OM-fM- M-7M-fM-^\M-,M-iM-^GM-^OM-eM-^HM-^FM-eM-^HM-+M-fM-^XM-/M-dM-;M-^@M-dM-9M-^HM-oM-<M-^_$
- framework_lens: M-iM-^@M-^IM-iM-!M-9M-fM-7M-7M-fM-2M-^LM-fM-^WM-6M-eM-:M-^TM-eM-^EM-^HM-eM-.M-^ZM-fM-^@M-'M-fM-^NM-^RM-iM-^YM-$M-iM-^TM-^YM-hM-/M-/M-iM-^@M-^IM-iM-!M-9M-oM-<M-^LM-eM->M-^EM-fM-^VM-9M-eM-^PM-^QM-fM-^TM-6M-gM-*M-^DM-cM-^@M-^AM-eM-=M-"M-fM-^@M-^AM-fM-8M-^EM-fM-^YM-0M-eM-^PM-^NM-eM-^FM-^MM-hM-?M-^[M-eM-^EM-%M-eM-.M-^ZM-iM-^GM-^OM-fM-5M-^KM-iM-^GM-^O$
  follow_up_question: M-eM-=M-^SM-eM-^IM-^MM-fM-^XM-/M-hM-&M-^A"M-fM-^NM-^RM-iM-^YM-$M-iM-^TM-^YM-hM-/M-/M-iM-^@M-^IM-iM-!M-9"M-hM-?M-^XM-fM-^XM-/M-hM-&M-^A"M-gM-2M->M-gM-!M-.M-fM-5M-^KM-iM-^GM-^OM-eM-7M-2M-gM-^_M-%M-iM-^@M-^IM-iM-!M-9"M-oM-<M-^_M-eM-&M-^BM-fM-^^M-^\M-iM-^@M-^IM-iM-!M-9M-hM-?M-^XM-dM-8M-^MM-fM-8M-^EM-fM-^YM-0M-oM-<M-^LM-hM-^CM-=M-eM-^PM-&M-eM-^EM-^HM-gM-^TM-( 5-15 M-dM-8M-*M-fM-7M-1M-eM-:M-&M-hM-.M-?M-hM-0M-^HM-fM-^[M-?M-dM-;M-#M-iM-^WM-.M-eM-^MM-7M-oM-<M-^_$
- framework_lens: M-eM-.M-^ZM-fM-^@M-'M-eM-^OM-^BM-fM-^UM-0M-eM-?M-^EM-iM-!M-;M-hM-=M-,M-eM-^LM-^VM-dM-8M-:M-eM-^OM-/M-hM-'M-^BM-eM-/M-^_M-cM-^@M-^AM-eM-^OM-/M-hM-?M-=M-hM-8M-*M-gM-^ZM-^DM-hM-!M-^LM-dM-8M-:M-fM-^LM-^GM-fM- M-^GM-oM-<M-^LM-fM-^IM-^MM-hM-^CM-=M-fM-^OM-^PM-eM-^GM-:M-eM-^OM-/M-iM-*M-^LM-hM-/M-^AM-eM-^AM-^GM-hM-.M->$
===== 30_wiki/tools/tool-devils-advocacy.md (12-30)
  - skill-level:intermediate$
  - M-eM-7M-%M-eM-^EM-7$
  - M-fM-^VM-9M-fM-3M-^U$
source_person: Richars J. Heuer Jr. + TrumanM-oM-<M-^HM-dM-8M-^@M-eM- M-^BM-oM-<M-^I$
source_context: SATs M-eM-^OM-^MM-eM-^PM-^QM-gM-1M-;M-fM-^JM-^@M-fM-^\M-/M-eM-7M-%M-eM-^EM-7M-eM-^LM-^VM-eM-.M-^^M-gM-^NM-0$
aliases:$
- AdvocacyM-iM--M-^TM-iM-,M-<M-dM-;M-#M-hM-(M-^@M-dM-:M-:$
- Devil'sAdvocacyM-iM--M-^TM-iM-,M-<M-dM-;M-#M-hM-(M-^@M-dM-:M-:$
- Richars J. Heuer Jr. + TrumanM-oM-<M-^HM-dM-8M-^@M-eM- M-^BM-oM-<M-^I$
- - - framework-yitang-18-strategy-cards$
- - - pending_unknown$
- - - tool-M-eM-^MM-^JM-hM-^BM-%M-gM-^LM-+-ai-research-validation$
- M-dM-8M-^IM-dM-8M-*M-fM-^VM-0M-gM-^[M-2M-eM-^LM-:$
- M-eM-$M-^VM-iM-^CM-(M-gM-^_M-%M-hM-/M-^FM-fM-^NM-"M-gM-4M-"$
- M-iM--M-^TM-iM-,M-<M-dM-;M-#M-hM-(M-^@M-dM-:M-:$
source_refs:$
- ## M-fM-^]M-%M-fM-:M-^PM-dM-8M-^NM-iM-*M-^LM-hM-/M-^A$
- M-oM-=M-^\ M-fM-^VM--M-hM-(M-^@ M-oM-=M-^\ M-fM-^]M-%M-fM-:M-^P M-oM-=M-^\ M-eM-^OM-/M-dM-?M-!M-eM-:M-& M-oM-=M-^\$
- M-oM-=M-^\:---M-oM-=M-^\:---M-oM-=M-^\:---M-oM-=M-^\$
===== 30_wiki/tools/tool-泛产品落地-内核和边界.md (5-22)
status: reviewed$
author: M-hM-^@M-^AM-iM-!M-=M-gM-+M-%$
reviewed_by: M-fM-,M-'M-iM-^XM-3M-iM-^TM-^K$
review_date: 2026-06-29$
confidence: 0.75$
trust_level: medium$
language: zh-CN$
domain: decision-science$
aliases:$
- - - decision-science-domain-digest$
- - - pending_unknown$
- - - yitang-domain-digest$
- concept-XM-eM-^^M-^KYM-eM-^^M-^KM-eM-^FM-3M-gM--M-^VM-dM-9M- M-fM-^CM-/$
- concept-M-eM-^OM-^QM-gM-^NM-0M-eM-^FM-3M-gM--M-^V$
- M-eM-^FM-^EM-fM- M-8M-eM-^RM-^LM-hM->M-9M-gM-^UM-^L$
- M-hM-^PM-=M-eM-^\M-0M-eM-^MM-!M-gM-^IM-^G$
- M-hM-^PM-=M-eM-^\M-0M-eM-^MM-!M-gM-^IM-^GM-oM-<M-^ZM-eM-^FM-^EM-fM- M-8M-eM-^RM-^LM-hM->M-9M-gM-^UM-^L$
source_context:$
Now clear picture for Part A:

  Real placeholder link lines (frontmatter `related`/`aliases` fields):
  1. `30_wiki/concepts/concept-X型Y型决策习惯.md` lines 41-43: three `- pending_unknown` in `related:` list (frontmatter). DELETE these 3 lines.
  2. `30_wiki/concepts/concept-发现决策.md` lines 42-44: three `- pending_unknown` in related. DELETE.
  3. `30_wiki/frameworks/yt-five-step-method-complete.md` line 28: one `- pending_unknown` in related. DELETE.
  4. `30_wiki/concepts/industry-ai-cases.md` line 11: `- - - pending_unknown` under aliases (nested list — corrupted YAML). DELETE just the pending_unknown line.
  5. `30_wiki/concepts/yitang-qualitative-to-quantitative.md` lines 47-48: `- - - pending_unknown` ×2 under related. DELETE both.
  6. `30_wiki/tools/tool-devils-advocacy.md` line 22: `- - - pending_unknown` under aliases. DELETE.
  7. `30_wiki/tools/tool-泛产品落地-内核和边界.md` line 15, `tool-泛产品落地-善用佳软.md` line 15, `tool-泛产品落地-灵感闪现.md` line 15: `- - - pending_unknown` under aliases. DELETE each.

  Keep:
  - All backticked/plain-text body occurrences (case cards, etc.)
  - `[[system/pending_unknown|...]]` in index.md, links/index.md (legal reference)
  - index.md.bak.20260630 — a backup file; not a live vault page? It's in 30_wiki/. It's a .bak file, Obsidian won't index it as a note. Leave it.

  Wait — but the remaining grep hits beyond these: let me list all 56 lines' classification. The ones shown in first 40 lines were mostly body text with backticks or plain text (keep). Let me see the full file to make sure I catch all frontmatter link lines. Let me view the rest of the occurrences (lines 40-56 of the txt).Classification complete:

  **DELETE (real placeholder link lines in frontmatter lists)** — 12 lines in 9 files:
  - concept-X型Y型决策习惯.md: 41,42,43 (3× `- pending_unknown` in related)
  - concept-发现决策.md: 42,43,44 (3×)
  - yt-five-step-method-complete.md: 28 (1×)
  - tool-iceberg-triangle-modeling.md: 35 (1×) — need to verify it's in frontmatter related list
  - industry-ai-cases.md: 11 (`- - - pending_unknown` under aliases)
  - yitang-qualitative-to-quantitative.md: 47,48 (2× `- - - pending_unknown` under related)
  - tool-devils-advocacy.md: 22 (`- - - pending_unknown` under aliases)
  - tool-泛产品落地-内核和边界.md:15, tool-泛产品落地-善用佳软.md:15, tool-泛产品落地-灵感闪现.md:15 (`- - - pending_unknown` under aliases)

  **KEEP**:
  - All backticked/plain-text body/table occurrences (lines 1-28, 32, 39, 44, 47, 48, 52-56 of the list) — 纯文本标注，不是链接。
  - `[[system/pending_unknown|...]]` index.md:1826, links/index.md:14397 — 合法引用占位卡本体。
  - index.md.bak.20260630:3043 — .bak 备份文件，非活页，不动（Obsidian 不索引 .md 以外的…… wait, actually the file is named index.md.bak.20260630 — extension is .20260630, not .md, so Obsidian doesn't index it). Keep.

  Note: tool-iceberg-triangle-modeling.md:35 — need to check context. Let me verify.

  Then Part B: ghost links. Need to write the scanner. Let me write the scan script now and run baseline scan.

  Scanner design:
  - Walk vault for all files; build set of note names: basename without extension for .md files (Obsidian resolution: [[foo]] resolves to any note named foo.md anywhere in vault; also [[path/to/foo]] resolves relative to vault root). Also handle heading/block refs (#, ^) and aliases (|).
  - Scan all .md files in 30_wiki (per task: 30_wiki 全库), excluding fenced code blocks, extract [[...]] links, resolve target.
  - Also consider frontmatter related lists: those are YAML list items with bare names (not [[...]]), which Obsidian does NOT render as links... wait, in YAML frontmatter, `related:\n- foo` plain scalars are not wikilinks and don't show in graph. But `[[...]]` inside frontmatter in Obsidian IS parsed as links in graph view (Obsidian does count links in frontmatter). Hmm — the first batch de51bdd84 deleted `- [[pending_unknown]]` lines presumably from frontmatter. The pending_unknown occurrences in frontmatter here are bare `- pending_unknown` (no brackets) — these wouldn't show as graph nodes in Obsidian... Actually Obsidian graph shows unresolved links only for actual wikilink syntax `[[...]]`. Bare YAML strings aren't links.

  Wait, but the task's Part A says these residual placeholders should be cleaned with per-file judgment "真链接删/改". The bare `- pending_unknown` in frontmatter are not wikilinks but they're placeholder junk in related lists. The diagnosis counted 1132 `[[pending_unknown]]` cleaned; residual 31 files are "漏网形态：`- - - pending_unknown`（嵌套列表）、反引号内（保留）、`[[system/pending_unknown]]`（保留）". So the nested-list ones ARE to be deleted (they're junk placeholder lines, even if YAML-broken). OK.

  My scanner for Part B should target actual `[[...]]` wikilinks. That's what Obsidian graph uses.

  Let me check: does the scan need to cover only 30_wiki, or whole vault? Task says "遍历 30_wiki 全库 wikilink... 目标不存在=散点" and "295 文件波及" — the 870 ghost links count. Sources in 30_wiki. I'll scan 30_wiki (plus maybe .agent? No — stay in scope: 30_wiki).

  Resolution set: all files in entire vault (Obsidian resolves across vault), basenames of all files (any extension counts for attachments), plus for links with `/`, resolve relative to vault root. Also aliases in frontmatter? Obsidian resolves [[name]] by note basename only (not aliases). Keep it simple: basenames of all vault files (strip last extension), and full relative paths without extension.

  Let me write the scanner in Python.created_at: '2026-06-14'
updated_at: '2026-07-03'
author: 老顽童
reviewed_by: 欧阳锋
review_date: '2026-06-18'
trust_level: high
confidence: 0.9
related:
- '[[tool-scenario-selector-modeling]]'
- '[[tool-yitang-customer-segmentation-4step]]'
- pending_unknown
- tool-动手建模法
- tool-yitang-sales-process-decomposition
- tool-yitang-sales-performance-management
- tool-yitang-Y-model-application
- yt-decision-y-model
Confirmed — line 35 `- pending_unknown` in related list. DELETE.

  Now Part A edits: 9 files, 12 lines. Let me do them with Edit tool. For files with 3 identical consecutive lines (concept-X型Y型决策习惯.md 41-43, concept-发现决策.md 42-44), I can Edit with old_string being the 3 lines and context around.

  Part A deletions:
  1. concept-X型Y型决策习惯.md: delete lines 41-43 (3× `- pending_unknown` between `- decision-science-domain-digest` and `- yt-decision-y-model`)
  2. concept-发现决策.md: same shape (42-44)
  3. yt-five-step-method-complete.md: line 28
  4. industry-ai-cases.md: line 11 (`- - - pending_unknown`)
  5. yitang-qualitative-to-quantitative.md: lines 47-48
  6. tool-devils-advocacy.md: line 22
  7. tool-泛产品落地-内核和边界.md: line 15
  8. tool-泛产品落地-善用佳软.md: line 15
  9. tool-泛产品落地-灵感闪现.md: line 15

  Note files have CRLF. Edit handles pure CRLF display as LF. These files showed `$` line ends without `^M` in cat -A output above... The cat -A output showed `$` at end with no `^M`, meaning LF endings for those files. Good.

  For nested `- - - pending_unknown` lines, in industry-ai-cases it's under aliases. Delete just that line.

  Let me do the edits. I need Read before Edit per discipline (F-KDO-016). I've seen content via sed/grep but Edit requires Read tool usage ideally. The system says "Read the target file before every Edit." I've effectively read the relevant regions via Bash sed. To be safe and compliant, use Read on each file (or at least the regions). Read tool reads whole file up to 1000 lines. These files might be long. Reading 9 files fully is heavy but fine-ish. Alternatively I could use Bash sed to delete lines — but instructions prefer Edit tool for file modification. However with 12 single-line deletions, Edit is fine. Let me Read each file's relevant region with Read tool (line_offset + n_lines).

  Actually I can batch: use Read with line_offset around the target lines for each of the 9 files, in parallel.

• A 部分确认。现在并行读取 9 个待删文件的目标区域，然后逐文件删除占位行。

• All 9 files confirmed. Now execute Part A deletions (12 lines in 9 files). All these are frontmatter list lines. Only delete the `pending_unknown` lines, nothing else.

  Edits:
  1. concept-X型Y型决策习惯.md: remove lines 41-43. old_string: "- decision-science-domain-digest\n- pending_unknown\n- pending_unknown\n- pending_unknown\n- yt-decision-y-model" → keep the two surrounding lines.
  2. concept-发现决策.md: same.
  3. yt-five-step-method-complete.md: "- tool-单元模型-壁垒预判\n- pending_unknown\n- framework-yitang-scientific-sales-five-step"
  4. industry-ai-cases.md line 11: "- - - pending_unknown\n- - - tool-月白-实物包装产业链实践" → remove first line.
  5. yitang-qualitative-to-quantitative.md: "- - - case-ban-fei-mao-from-assignment-to-tool\n- - - pending_unknown\n- - - pending_unknown\n- '[[yt-lean-qualitative-quantitative-research]]'"
  6. tool-devils-advocacy.md line 22: "- - - framework-yitang-18-strategy-cards\n- - - pending_unknown\n- - - tool-半肥猫-ai-research-validation"
  7-9. 泛产品落地 three files: "- - - decision-science-domain-digest\n- - - pending_unknown\n- - - yitang-domain-digest" — identical in all 3 files; do 3 separate Edits.

  Note files have LF endings (cat -A showed no ^M). Edit tool handles.

  These are all distinct files so I can do parallel Edits.A 部分 9 文件 12 行删除完成。tool-iceberg-triangle-modeling.md:35 还没删！它是 related 里的 `- pending_unknown`。让我补上——共 10 文件 13 行。Part A done: 10 files, 13 lines deleted. Verify no remaining frontmatter-list occurrences, then commit Part A.

  Check remaining grep: only text/keep forms should remain.---残留链接形态以上（应为空）---
[master 8902a9942] #606 A族：残留pending_unknown占位链接行清除（10文件13行，仅删frontmatter列表占位行；反引号纯文本/[[system/pending_unknown]]合法引用保留）
 10 files changed, 15 deletions(-)
A 部分完成并提交（10 文件，13 占位行 + 行数差异——15 deletions 因为有的行匹配多行？实际删了 13 行 pending_unknown，但 commit 显示 15 deletions。可能 Edit 工具对换行处理有差异。让我快速核实 diff 是否只删了占位行。

  Actually 15 deletions vs expected 13... let me check git show stat per file.    #606 A族：残留pending_unknown占位链接行清除（10文件13行，仅删frontmatter列表占位行；反引号纯文本/[[system/pending_unknown]]合法引用保留）

 ...13Y\345\236\213\345\206\263\347\255\226\344\271\240\346\203\257.md" | 3 ---
 .../concept-\345\217\221\347\216\260\345\206\263\347\255\226.md"       | 3 ---
 30_wiki/concepts/industry-ai-cases.md                                  | 1 -
 30_wiki/concepts/yitang-qualitative-to-quantitative.md                 | 2 --
 30_wiki/frameworks/yt-five-step-method-complete.md                     | 1 -
 30_wiki/tools/tool-devils-advocacy.md                                  | 1 -
 30_wiki/tools/tool-iceberg-triangle-modeling.md                        | 1 -
 ...60-\345\206\205\346\240\270\345\222\214\350\276\271\347\225\214.md" | 1 -
 ...75\345\234\260-\345\226\204\347\224\250\344\275\263\350\275\257.md" | 1 -
 ...75\345\234\260-\347\201\265\346\204\237\351\227\252\347\216\260.md" | 1 -
 10 files changed, 15 deletions(-)
-- pending_unknown
-- pending_unknown
-- pending_unknown
-- pending_unknown
-- pending_unknown
-- pending_unknown
-- - - pending_unknown
-- - - pending_unknown
-- - - pending_unknown
-- pending_unknown
-- - - pending_unknown
-- pending_unknown
-- - - pending_unknown
-- - - pending_unknown
-- - - pending_unknown
15 deleted lines, all are pending_unknown placeholder lines. Wait — I counted 13 earlier but actual is 15? Let me recount: X型Y型 3, 发现决策 3, five-step 1, industry-ai-cases 1, yitang-qual 2, devils-advocacy 1, iceberg 1, 内核和边界 1, 善用佳软 1, 灵感闪现 1 = 15. Yes! 15 lines. I miscounted before (said 13). Good — 15 deletions matches, all pure placeholder lines. 

  Now Part B: ghost links scan. Write the scanner script. Design:

  - Vault root = C:/Users/Administrator/Desktop/wiki
  - Build resolution set: for every file in vault (all extensions), register:
    - relative path without extension (posix), e.g. `30_wiki/concepts/concept-foo`
    - basename without extension, e.g. `concept-foo`
    For .md primarily, but attachments (png etc.) also resolvable. Obsidian resolves [[name]] to shortest match. Also register folder names? Obsidian links to folders aren't standard; skip.
  - Scan .md files under 30_wiki (recursively). Exclude fenced code blocks (``` ... ```). Extract [[target]] patterns: target up to first | or #. Trim. If target empty skip. Also skip external URLs.
  - Resolve: if target (normalized, strip leading /) in set → OK. Else if basename in set → OK. Else ghost.
  - Output: for each ghost target: list of source file:line.

  Also there may be alias-based resolution — Obsidian doesn't resolve by alias. OK.

  Encoding: read utf-8 with errors='replace'.

  Edge: `[[file.png]]` attachments — resolved by basename including extension; my basename-without-extension registration also strips .png — target "file.png" would then not match "file". So also register basename WITH extension and full path WITH extension. Register 4 keys per file: relpath, relpath-noext, basename, basename-noext.

  Let me write the script to _tmp/606/scan_scatter.py and run it.scanned_md=2943 total_wikilinks=58160 ghost_targets=2884 ghost_occurrences=26069 files_hit=15
written: _tmp/606/ghost_scan.json / .tsv
2884 ghost targets / 26069 occurrences — way more than the expected 870/254. Something's off. Likely causes:
  1. My resolution set vs. wangyuyan's scan differ. Maybe her scan resolved only .md files, or maybe she scanned only certain link forms.
  2. Possibly my scan includes targets like embeds or includes many files in 30_wiki like `links/index.md` with tons of machine-generated links (14000+ lines!). links/index.md:14397 was in pending_unknown grep — that file is huge and machine-generated. That could account for tons of ghost links.

  Also maybe the first-batch scan excluded `30_wiki/links/` and index files? Or excluded non-30_wiki resolution?

  Let me look at the top targets and which files they're in.

• 扫描结果 26069 处远超预期 870——先核对口径差异在哪。target	count	sources
domains/yitang-domain-digest	418	30_wiki/index.md:1472; 30_wiki/links/index.md:391; 30_wiki/links/index.md:1041; 30_wiki/links/index.md:1072; 30_wiki/links/index.md:1091; 30_wiki/links/index.md:1122; 
tools/tool-月白-MOC	193	30_wiki/index.md:2536; 30_wiki/links/index.md:2743; 30_wiki/links/index.md:6884; 30_wiki/links/index.md:6950; 30_wiki/links/index.md:8983; 30_wiki/links/index.md:12295; 30_wi
domains/yitang-research-domain-digest	174	30_wiki/index.md:1473; 30_wiki/links/index.md:1504; 30_wiki/links/index.md:1509; 30_wiki/links/index.md:1514; 30_wiki/links/index.md:1519; 30_wiki/links/index
domains/decision-science-domain-digest	164	30_wiki/index.md:1457; 30_wiki/links/index.md:318; 30_wiki/links/index.md:1248; 30_wiki/links/index.md:1255; 30_wiki/links/index.md:3019; 30_wiki/links/index
dark-knowledges/dk-three-context-formula	141	30_wiki/index.md:1296; 30_wiki/links/index.md:1195; 30_wiki/links/index.md:2768; 30_wiki/links/index.md:2797; 30_wiki/links/index.md:5212; 30_wiki/links/in
tools/tool-ai-prd-for-ai	116	30_wiki/index.md:1928; 30_wiki/links/index.md:2879; 30_wiki/links/index.md:14934; 30_wiki/links/index.md:15295; 30_wiki/links/index.md:16127; 30_wiki/links/index.md:16180;
concepts/yt-decision-y-model	110	30_wiki/index.md:853; 30_wiki/links/index.md:138; 30_wiki/links/index.md:233; 30_wiki/links/index.md:258; 30_wiki/links/index.md:646; 30_wiki/links/index.md:770; 30_wi
tools/tool-月白-AI图片印刷落地预处理	104	30_wiki/index.md:2499; 30_wiki/links/index.md:13999; 30_wiki/links/index.md:20969; 30_wiki/links/index.md:20975; 30_wiki/links/index.md:20982; 30_wi
tools/tool-月白-AI对话情绪管理法	102	30_wiki/index.md:2504; 30_wiki/links/index.md:20970; 30_wiki/links/index.md:20976; 30_wiki/links/index.md:20983; 30_wiki/links/index.md:20990; 30_wiki/lin
domains/strategy-domain-digest	98	30_wiki/index.md:1471; 30_wiki/links/index.md:1212; 30_wiki/links/index.md:1573; 30_wiki/links/index.md:1810; 30_wiki/links/index.md:1822; 30_wiki/links/index.md:1840
frameworks/framework-一堂-业务公式拆解-总纲	96	30_wiki/index.md:1659; 30_wiki/links/index.md:872; 30_wiki/links/index.md:2698; 30_wiki/links/index.md:3272; 30_wiki/links/index.md:3332; 30_wi
domains/conversion-rate-domain-digest	93	30_wiki/index.md:1456; 30_wiki/links/index.md:870; 30_wiki/links/index.md:3331; 30_wiki/links/index.md:4118; 30_wiki/links/index.md:4295; 30_wiki/links/index.m
domains/business-formula-domain-digest	90	30_wiki/index.md:1455; 30_wiki/links/index.md:301; 30_wiki/links/index.md:905; 30_wiki/links/index.md:1481; 30_wiki/links/index.md:1689; 30_wiki/links/index.m
concepts/yt-five-step-method	89	30_wiki/index.md:887; 30_wiki/links/index.md:1636; 30_wiki/links/index.md:1646; 30_wiki/links/index.md:1838; 30_wiki/links/index.md:2705; 30_wiki/links/index.md:2714; 3
domains/domain-demand-analysis-index	86	30_wiki/index.md:1459; 30_wiki/links/index.md:1252; 30_wiki/links/index.md:1284; 30_wiki/links/index.md:1289; 30_wiki/links/index.md:1299; 30_wiki/links/index.m
concepts/yt-business-formula-parameter-iceberg	79	30_wiki/index.md:822; 30_wiki/links/index.md:856; 30_wiki/links/index.md:1475; 30_wiki/links/index.md:1685; 30_wiki/links/index.md:2194; 30_wiki/links
concepts/concept-yihang-dual-triangle-core	78	30_wiki/index.md:666; 30_wiki/links/index.md:200; 30_wiki/links/index.md:274; 30_wiki/links/index.md:1794; 30_wiki/links/index.md:3041; 30_wiki/links/inde
cases/case-opc-agent-wave1-real-model-testing	72	30_wiki/index.md:203; 30_wiki/links/index.md:1119; 30_wiki/links/index.md:1268; 30_wiki/links/index.md:1306; 30_wiki/links/index.md:1318; 30_wiki/links
domains/ai-collaboration-domain-digest	72	30_wiki/index.md:1454; 30_wiki/links/index.md:992; 30_wiki/links/index.md:1005; 30_wiki/links/index.md:1071; 30_wiki/links/index.md:1090; 30_wiki/links/index.
concepts/concept-X型Y型决策习惯	68	30_wiki/index.md:663; 30_wiki/links/index.md:2927; 30_wiki/links/index.md:3212; 30_wiki/links/index.md:3222; 30_wiki/links/index.md:4747; 30_wiki/links/index.m
concepts/yt-business-formula-six-level-logic	66	30_wiki/index.md:823; 30_wiki/links/index.md:857; 30_wiki/links/index.md:2685; 30_wiki/links/index.md:2696; 30_wiki/links/index.md:3214; 30_wiki/links/i
cases/case-科学决策-ROI案例03	64	30_wiki/index.md:537; 30_wiki/links/index.md:975; 30_wiki/links/index.md:1079; 30_wiki/links/index.md:1120; 30_wiki/links/index.md:1144; 30_wiki/links/index.md:1
tools/tool-马易-业务问题AI化拆解-餐饮设计案例法	64	30_wiki/index.md:2806; 30_wiki/links/index.md:981; 30_wiki/links/index.md:1086; 30_wiki/links/index.md:1128; 30_wiki/links/index.md:1
tools/tool-纪浩-案例池构建法	63	30_wiki/index.md:2760; 30_wiki/links/index.md:980; 30_wiki/links/index.md:1085; 30_wiki/links/index.md:1127; 30_wiki/links/index.md:1149; 30_wiki/links/index.md
frameworks/yt-business-formula-abc-model	62	30_wiki/index.md:1715; 30_wiki/links/index.md:874; 30_wiki/links/index.md:1482; 30_wiki/links/index.md:1690; 30_wiki/links/index.md:2199; 30_wiki/links/inde
cases/case-科学决策-深度案例06	61	30_wiki/index.md:544; 30_wiki/links/index.md:977; 30_wiki/links/index.md:1081; 30_wiki/links/index.md:1121; 30_wiki/links/index.md:1146; 30_wiki/links/index.m
domains/management-domain-digest	60	30_wiki/index.md:1466; 30_wiki/links/index.md:235; 30_wiki/links/index.md:2036; 30_wiki/links/index.md:2159; 30_wiki/links/index.md:3519; 30_wiki/links/index.md:443
tools/tool-从案例中学习	59	30_wiki/index.md:2415; 30_wiki/links/index.md:979; 30_wiki/links/index.md:1083; 30_wiki/links/index.md:1125; 30_wiki/links/index.md:1148; 30_wiki/links/index.md:1180; 
frameworks/framework-yitang-scientific-sales-five-step	58	30_wiki/index.md:1650; 30_wiki/links/index.md:261; 30_wiki/links/index.md:3237; 30_wiki/links/index.md:3473; 30_wiki/links/index.md:3510; 30_w
===
   2857 30_wiki/index.md
     18 30_wiki/links/index.md
      5 30_wiki/concepts/concept-一堂-product-kernel.md
      2 30_wiki/dk/dk-time-management-common-mistakes.md
      1 sources
      1 30_wiki/domains/kdo-moc.md
      1 30_wiki/dk/dk-feishu-bot-slow-session-hygiene.md
===
23146 30_wiki/links/index.md
2857 30_wiki/index.md
9 30_wiki/tools/tool-agent-spec-yitang-scenario-walkthrough.md
8 30_wiki/tools/tool-agent-spec-yitang-aesthetic-radar-modeling.md
8 30_wiki/tools/tool-agent-spec-yitang-beautiful-work-imagination.md
7 30_wiki/tools/tool-agent-spec-yitang-card-dealing-guide.md
6 30_wiki/tools/tool-agent-spec-yitang-ability-migration-diagnosis.md
6 30_wiki/tools/tool-agent-spec-yitang-project-background-analysis.md
5 30_wiki/tools/tool-agent-spec-yitang-user-perspective-training.md
5 30_wiki/concepts/concept-һ��-product-kernel.md
4 30_wiki/principles/principle-yitang-y-model-boundary.md
4 30_wiki/dk/dk-time-management-common-mistakes.md


• Ah, the key insight: my scanner treats links with paths like `[[concepts/yt-decision-y-model]]` as ghosts, because I registered relpath WITHOUT `30_wiki/` prefix? No wait, I registered `30_wiki/concepts/yt-decision-y-model` (relpath from vault root). But the link is `concepts/yt-decision-y-model` — relative to 30_wiki! Obsidian wouldn't resolve `[[concepts/yt-decision-y-model]]` either (path links must be vault-root-relative)... Actually Obsidian does NOT resolve partial paths like `concepts/yt-decision-y-model` when the vault root contains `30_wiki/concepts/...`. Hmm, actually Obsidian DOES resolve "shortest path when possible" — if the link target path is not found absolute, it falls back to basename matching? No. Obsidian resolution: for `[[a/b/c]]`, it tries vault-relative path `a/b/c.md`. If not found, unresolved. It does NOT try partial paths. Wait, actually newer Obsidian: if the full path doesn't exist, it tries... I believe Obsidian does try partial path matching ("shortest path when possible" setting is about link generation, not resolution). For resolution, Obsidian accepts absolute vault paths and falls back to... Hmm.

  Actually, Obsidian's link resolution: links are resolved by (1) exact vault-relative path, (2) if not found, by filename anywhere in vault (just the last path component). Let me recall — yes! Obsidian resolves `[[folder/note]]` first as path; if that fails, I believe it still shows as unresolved. But many vaults use `[[30_wiki/concepts/...]]`... 

  The key reference: wangyuyan's scan counted 870 ghost links/254 targets. My scan counts 26069/2884. The difference: she's resolving path-prefixed links like `concepts/yt-decision-y-model` as RESOLVED (i.e., treat `30_wiki/` as an implicit root prefix), and treating `30_wiki/index.md` + `30_wiki/links/index.md` machine-generated index files possibly differently.

  Look: the top ghost targets are all path-form like `domains/yitang-domain-digest`, `tools/tool-月白-MOC`, `concepts/yt-decision-y-model` — these DO exist at `30_wiki/domains/yitang-domain-digest.md` etc. So those are false ghosts — links written relative to 30_wiki. In Obsidian these actually... hmm, would Obsidian resolve `[[concepts/yt-decision-y-model]]`? Obsidian resolves links relative to vault root OR by shortest unique path. `concepts/yt-decision-y-model` as vault-relative doesn't exist. By filename `yt-decision-y-model` exists — and Obsidian DOES fall back: "If a link contains a path that doesn't exist, Obsidian resolves using the file name". Actually I believe Obsidian does resolve partial paths: it checks if any file's path ENDS WITH the link path. Yes — Obsidian link resolution supports "partial paths": `[[concepts/yt-decision-y-model]]` matches the file whose path ends with `concepts/yt-decision-y-model.md`. That's correct behavior — Obsidian matches by suffix path.

  So my resolver should also try suffix matching: any vault relpath-noext that ends with `/` + target. Let me add that: resolved if any registered relpath-noext equals target or endswith("/"+target). That will clear the path-prefixed ones.

  Also 30_wiki/index.md and 30_wiki/links/index.md are machine-generated index files with thousands of links — with suffix matching most resolve. The remaining true ghosts (~870) should match wangyuyan's count.

  Also need to handle: links/index.md is a 20k-line machine-generated file. wangyuyan's 870 count presumably included it. Fine.

  Let me also handle `\` in targets and case sensitivity (Obsidian is case-insensitive on resolution? On Windows yes effectively; but keep exact for now).

  Update the scanner with suffix-path resolution.scanned_md=2943 total_wikilinks=58160 ghost_targets=27 ghost_occurrences=92 files_hit=14
written: _tmp/606/ghost_scan.json / .tsv
Now only 27 targets / 92 occurrences — way FEWER than expected 870/254. The suffix matching is too permissive? No wait — 92 << 870. Hmm.

  The issue: wangyuyan counted 870 真散点. My scan now finds only 92. Why? Possibly because:

  1. She scanned excluding some resolution — maybe her scan did NOT do basename matching, only exact path? No — that would give MORE ghosts, not fewer.

  2. Maybe her scan treated `[[_archive/panproduct/yt-panproduct-*]]` links (298 occurrences!) as ghosts. But _archive exists under 30_wiki/_archive. Let me check: does `30_wiki/_archive/panproduct/` exist with those files? If files exist, links resolve. Task says "目标已归档；改链指向归档路径或删链" — meaning links point to `yt-panproduct-*` (bare name) but the file moved to `_archive/panproduct/yt-panproduct-*.md`. With basename matching, `[[yt-panproduct-foo]]` WOULD resolve via basename to the archived file! So my scanner says resolved, but wangyuyan's scan counted them as ghosts.

  Hmm wait, if basename resolves, Obsidian graph would also resolve them — they wouldn't be scatter points in the graph. But the task says these ARE part of the 870. So wangyuyan's resolution rule must be stricter: she resolved only by... Let me reconsider.

  Task text: "`_archive/panproduct/yt-panproduct-*` 族（298 处/24 目标）——源卡在 30_wiki 正文，目标已归档". So targets are written maybe as `_archive/panproduct/yt-...` or as bare names? If the link is `[[yt-panproduct-foo]]` and the file is at `30_wiki/_archive/panproduct/yt-panproduct-foo.md`, Obsidian WOULD resolve it (basename unique). Unless _archive is excluded from Obsidian indexing! If .obsidian config excludes 30_wiki/_archive folder (Files & links → excluded files), then those notes don't exist in the graph → links to them are unresolved → scatter points.

  Let me check .obsidian config for excluded folders... .obsidian is gitignored but exists locally. Check user-ignored folders.

  Also wangyuyan's diagnosis said "254 个幽灵目标，295 文件波及" and "A 类（指向 _archive）298/24；B 类（phantom）572/230". So 870 = 298 + 572. My scan finds 92 total. Huge gap. So my resolver is far more permissive than hers on the phantom side too.

  Hmm wait — maybe her scan didn't do basename resolution at all? If a link is `[[concepts/yt-decision-y-model]]` and she only resolves vault-root-relative paths plus basename... Actually let me look at what her scan actually did. Is there a scan output file from wangyuyan? The task appendix says "王语嫣诊断数据（2026-09-02 01:40 实测）". Maybe there's a data file. Let me search for it.app.json
appearance.json
community-plugins.json
core-plugins.json
graph.json
plugins
templates.json
workspace.json
{}
===
60_feedback/diagnosis/assets_20260831_mnemosyne-dogfood/corpus_digest.txt
60_feedback/diagnosis/assets_20260831_mnemosyne-dogfood/mnemo_store/memory.db
60_feedback/diagnosis/assets_20260831_mnemosyne-dogfood/mnemo_store/stats.json
60_feedback/diagnosis/diag_20260704_graphrag-orphan-linking-log.json
60_feedback/diagnosis/diag_20260708_yitang-demand-analysis-deep-dive-v2.md
60_feedback/diagnosis/diag_20260708_yitang-pan-product-design-deep-dive-v2.md
60_feedback/diagnosis/diag_20260711_yitang-fundamentals-deep-dive.md
60_feedback/diagnosis/diag_20260815_agent-knowledge-conduit.md
60_feedback/diagnosis/diag_20260821_fengqingyang-kdo-systemic-upgrade.md
60_feedback/diagnosis/diag_20260831_wangyuyan-inbox-automation-fix-mnemosyne-verification.md
diag_20260902_fengqingyang-substitute-scatter-audit.md
diag_20260902_huangyaoshi-vault-scatter-obsidian-config-pipeline.md
diag_20260902_laowantong-graph-scatter-task-collision.md
diag_20260902_laowantong-molly-seq600-collision.md
diag_20260902_laowantong-task600-queue-row-missing.md
diag_20260902_ouyangfeng-pending-decisions.md
diag_20260902_ouyangfeng-wechat-src-daily-dup.md
diag_20260902_wangyuyan-obsidian-orphan-scatter.md
建议书_20260902_legacy53_评估与重造方案.md
This diagnosis is about orphan files (散点 = isolated nodes), not unresolved ghost links. But the #606 task is about 幽灵链接 (unresolved link targets) — "870 真散点逐族裁决（870 处/254 目标/295 文件）". That's a different scan: unresolved wikilink targets. Where's that data? Maybe in another diagnosis file, or in wangyuyan's todos, or in the first-batch commit's evidence. Search for "254" or "幽灵" in recent files.60_feedback/diagnosis/concept-card-index-20250611.md
60_feedback/diagnosis/diag_20260804_wangyuyan-how-to-know-a-person.md
60_feedback/diagnosis/diag_20260902_ouyangfeng-pending-decisions.md
60_feedback/diagnosis/diag_20260902_ouyangfeng-wechat-src-daily-dup.md
60_feedback/session-archives/2026-09-02/ouyangfeng.md
60_feedback/tasks/task_20260902_huangyaoshi-wechat-promote-dedup-fix.md
60_feedback/tasks/task_20260902_laowantong-graph-scatter-cleanup.md
===
33:[2026-08-31 04:40] ⚖️ 裁定 #531 W10 domain 归属：主域 strategy 维持；辅域 ai-saas 剔除（实测不在 domain-mapping.md 枚举，四处登记全无=幽灵域，报告「已枚举」系误报）——5 卡一行勘误传老顽童下批执行，不碰封闭单
66:[2026-08-31 22:05] ⚖️ 复核勘误 #531 W10 双裁矛盾：维持 21:31 裁定（strategy+ai-saas 维持现状）——04:40「幽灵域」论据有误（ai-saas=schema 官方枚举域 concept.yaml L183/L216，全库 110 卡在用；单查 domain-mapping.md 零命中即判幽灵=W11 教训）；21:31 理由②表述亦误（mapping 表确实零命中）但结论不受影响；04:40 勘误指令作废（幸未执行，5 卡 frontmatter 原样）；ai-saas 域导航面缺口（mapping 表无登记）上浮待老朱/走正常编排；勘误节已落任务单
===
4ec7ed2b9 orch(wangyuyan): #531 W10 domain裁定(strategy维持/ai-saas幽灵域剔除)+事故待办闭环(bundle verify PASS+l1-capture三拍恢复实证)
d6899769e chore(consultation): 风清扬审计发现收口——黄药师 9 层代收录 + README 材料清单失实修正 + W7 来源合法性入列
The 870/254 numbers live only in the task file itself ("王语嫣诊断数据 2026-09-02 01:40 实测"). No standalone data file. So I must reconstruct the scan per the task's own definition:

  "复跑散点扫描（脚本：遍历 30_wiki 全库 wikilink，排除代码块，按 vault 文件名解析，目标不存在=散点）"

  "按 vault 文件名解析" — resolve by vault file NAME (basename). Not by path-suffix. So resolution = basename only (noext). My first version did relpath too — that's extra permissive. If I resolve ONLY by basename (with and without ext?), links like `[[concepts/yt-decision-y-model]]` — target contains a path `concepts/yt-decision-y-model`; its basename is `yt-decision-y-model` which exists → resolved? "按 vault 文件名解析" suggests take the link's target, look up by filename — for path-form targets, presumably compare the final component against vault basenames? Or treat the whole string as a name?

  The known data point: A 类 `_archive/panproduct/yt-panproduct-*` 298 处/24 目标 counted as ghosts. Do those archived files still exist in 30_wiki/_archive? Let me check. If yes, then even basename resolution resolves them → wangyuyan's scan must have EXCLUDED _archive from the resolution set (targets in _archive don't count as existing — they're archived, removed from active graph). That makes sense: _archive is excluded from the knowledge graph.

  Let me check: do the _archive/panproduct files exist?

  Also the expected family sizes: yitang agent-spec family 24+19+16+11+11+11+6×N. Let me check `framework-yitang-product-iteration-loop` — does that file exist anywhere? Probably not.

  So wangyuyan's rule probably: resolve against vault filenames EXCLUDING 30_wiki/_archive (and maybe excluding non-md?). And path-form targets: maybe she compared only basename of target against basenames of vault md files. Hmm, but then `[[concepts/yt-decision-y-model]]` resolves by basename `yt-decision-y-model` → resolved. OK.

  But then why did my first scan (basename+relpath, no suffix) produce 26069 ghosts? Because targets like `domains/yitang-domain-digest` — basename of target is `yitang-domain-digest`... wait, in my first scan I compared the WHOLE target string `domains/yitang-domain-digest` against names set which includes relpath `30_wiki/domains/yitang-domain-digest` and basename `yitang-domain-digest`. `domains/yitang-domain-digest` matches neither → ghost. So I need to also compare the target's FINAL COMPONENT against basenames. That's what "按 vault 文件名解析" means: resolve by file name.

  So resolution rule: take target, strip path components → final name; resolved if that name (or name+ext?) exists among vault .md basenames, excluding _archive? But wait — is _archive excluded? Test with the known: 298 occurrences of yt-panproduct-* family. If those archived files exist in 30_wiki/_archive and wangyuyan counted them as ghosts, then she excluded _archive from resolution set. Alternatively the links might point to `panproduct/yt-panproduct-*` paths that don't match... simplest: check existence.README.md
concept-一堂-business-prediction.md
obsidian-kdo-内容产出工作流-产品设计大纲.md
panproduct
plan_20260531_data-curator-v1.1.md
plan_20260531_data-curator-v1.md
research_methodology.md
紫鲸ai_智能体工作流平台_深度分析与产品设计.md
yt-panproduct-demand-five-step-method.md
yt-panproduct-execution-10x-validation.md
yt-panproduct-execution-business-modeling.md
yt-panproduct-execution-core-and-boundary.md
yt-panproduct-execution-design-principles.md
yt-panproduct-execution-good-tools.md
yt-panproduct-execution-hypothesis-decomposition.md
yt-panproduct-execution-idea-spark.md
yt-panproduct-execution-incubation-polish.md
yt-panproduct-execution-liberate-thinking.md
yt-panproduct-execution-logic-mece.md
yt-panproduct-execution-low-cost-mvp.md
yt-panproduct-execution-management-trilogy.md
yt-panproduct-execution-milestone-breakdown.md
yt-panproduct-execution-realistic-simulation.md
yt-panproduct-execution-review-iteration.md
yt-panproduct-execution-risk-management.md
yt-panproduct-execution-roi-analysis.md
yt-panproduct-execution-war-room.md
===
30_wiki/bridges/bridge-christensen-reverse-mapping.md
30_wiki/bridges/bridge-panproduct-kids-translation.md
30_wiki/cases/case-cui-lei-kids-ai-design-class.md
30_wiki/cases/case-live81-ai-trademark-design.md
30_wiki/cases/case-qinpeng-hardware-ai-amplification.md
The archived files DO exist at `30_wiki/_archive/panproduct/yt-panproduct-*.md`. So with basename resolution they'd resolve. Yet wangyuyan counted them as 298 ghosts. Therefore her resolution set EXCLUDED `30_wiki/_archive/`. That's consistent: archive = removed from active graph; links pointing into archive count as scatter (in Obsidian, if _archive is an excluded folder, or she simply excluded it in her script).

  Let me verify how the links to yt-panproduct are written — check one source.

• 归档文件实体存在，但被计为散点 → 解析集排除了 `_archive`。确认链接写法形态。30_wiki/bridges/bridge-christensen-reverse-mapping.md:24:- yt-panproduct-execution-roi-analysis
30_wiki/bridges/bridge-christensen-reverse-mapping.md:25:- yt-panproduct-execution-low-cost-mvp
30_wiki/bridges/bridge-christensen-reverse-mapping.md:71:2. **引用深度极不均**。`yt-panproduct-execution-roi-analysis.md` 深度引用（"ROI分析是颠覆性创新最精准的杀手"），而多数工具卡只是旁注式一笔带过。
30_wiki/bridges/bridge-christensen-reverse-mapping.md:83:| `yt-panproduct-execution-roi-analysis.md` | "ROI分析是颠覆性创新最精准的杀手"——破坏性创新初期无法做ROI | 《窘境》第7章：创新者的任务（商业案例讨论）| 🟡 当前引用精准，但缺原著页码/章节锚点。建议补 `（Christensen 1997, Ch.7）` |
30_wiki/bridges/bridge-christensen-reverse-mapping.md:84:| `yt-panproduct-execution-low-cost-mvp.md` | "颠覆性创新无法被现有客户验证" | 《窘境》第8章：如何评价市场新技术的市场策略（主流客户的需求会误导破坏性创新）| 🟡 同上，建议补原著锚点 |
30_wiki/bridges/bridge-christensen-reverse-mapping.md:113:1. `yt-panproduct-execution-roi-analysis.md` — 补 Christensen 1997 Ch.7 页码/段落锚点
30_wiki/bridges/bridge-christensen-reverse-mapping.md:114:2. `yt-panproduct-execution-low-cost-mvp.md` — 补 Christensen 1997 Ch.8 锚点
30_wiki/bridges/bridge-christensen-reverse-mapping.md:160:2. **Wave 1 完成后**：`framework-christensen-disruptive-innovation` 入库后，在 `yt-panproduct-execution-roi-analysis.md` 的 Critique 节中将"Christensen"引用替换为 `[[framework-christensen-disruptive-innovation]]` 精确卡链
===count===
409


• Hmm, these yt-panproduct references in bridge-christensen-reverse-mapping.md are mostly backticked plain text (``.md`` references), not wikilinks. 409 occurrences outside _archive — but wangyuyan counted 298 for this family as ghost LINKS. So only [[...]] wikilink forms count. Let me count wikilink form: `[[yt-panproduct` occurrences.175
     24 yt-panproduct-aesthetic-modeling
     23 yt-panproduct-aesthetic-pool
     13 yt-panproduct-demand-user-perspective
     13 yt-panproduct-demand-scenario-walkthrough
     13 yt-panproduct-demand-motivation-resistance
     12 yt-panproduct-aesthetic-imagination
     11 yt-panproduct-demand-user-segmentation
     11 yt-panproduct-demand-project-background
     11 yt-panproduct-demand-peak-end-rule
     10 yt-panproduct-demand-surprise-formula
     10 yt-panproduct-demand-need-discovery
      8 yt-panproduct-demand-industry-canvas
      8 yt-panproduct-aesthetic-collection
      7 yt-panproduct-demand-multi-perspective
      3 yt-panproduct-execution-low-cost-mvp
      2 yt-panproduct-execution-roi-analysis
      2 yt-panproduct-execution-logic-mece
      2 yt-panproduct-execution-liberate-thinking
      2 yt-panproduct-execution-good-tools
      2 yt-panproduct-execution-design-principles
175 wikilink-form occurrences of yt-panproduct outside _archive. Wangyuyan counted 298 for this family — maybe including `.md` suffixed wikilinks or links within _archive, or also `[[panproduct/...]]` forms. Close enough — order of magnitude right. The remaining difference may be links that also appear inside _archive files (which her scan may have included as sources). Not critical to match exactly; my scan definition just needs to be defensible and consistent for before/after.

  Wait — important question: do the panproduct demand/aesthetic files exist in _archive? The ls showed only execution-* files. Let me list the full panproduct dir.yt-panproduct-demand-five-step-method.md
yt-panproduct-execution-10x-validation.md
yt-panproduct-execution-business-modeling.md
yt-panproduct-execution-core-and-boundary.md
yt-panproduct-execution-design-principles.md
yt-panproduct-execution-good-tools.md
yt-panproduct-execution-hypothesis-decomposition.md
yt-panproduct-execution-idea-spark.md
yt-panproduct-execution-incubation-polish.md
yt-panproduct-execution-liberate-thinking.md
yt-panproduct-execution-logic-mece.md
yt-panproduct-execution-low-cost-mvp.md
yt-panproduct-execution-management-trilogy.md
yt-panproduct-execution-milestone-breakdown.md
yt-panproduct-execution-realistic-simulation.md
yt-panproduct-execution-review-iteration.md
yt-panproduct-execution-risk-management.md
yt-panproduct-execution-roi-analysis.md
yt-panproduct-execution-war-room.md
Only execution-* files (19) exist in archive. The demand-*/aesthetic-* files (which have the most links: 24+23+13+13+13+12+11+11+11+10+10+8+8+7=174) do NOT exist anywhere — they're truly phantom (cards planned but renamed?). Wait — but earlier the bare-name resolution would fail for them anyway. And execution-* links: `yt-panproduct-execution-low-cost-mvp` etc exist in _archive. 

  Hmm wait — do these names exist elsewhere? Like `tool-泛产品落地-低成本测试MVP`? The panproduct series may have been RENAMED to tool-泛产品落地-* series. Indeed! `tool-泛产品落地-内核和边界` corresponds to `yt-panproduct-execution-core-and-boundary`. So the "改链" option: links to yt-panproduct-execution-* should be relinked to tool-泛产品落地-* equivalents. And yt-panproduct-demand-*/aesthetic-* map to... maybe other renamed cards (e.g. concept-单元模型-学练用? no...). There might be a mapping. Let me check the _archive README and whether there's a rename map.

  Also check: does `30_wiki/_archive/README.md` explain? And what about wangyuyan's count of 298 for 24 targets — 24 targets. My count: distinct targets above: demand-five-step-method(?) plus listed. From the uniq output: 21 targets listed with total 175... plus maybe 3 more targets below cutoff. She said 24 targets/298 处. My 175 is wikilink-only outside _archive. She might have counted all forms including backticked? "870 处" for "真散点链接" — links. 409 total yt-panproduct mentions incl. backtick text; 175 wikilinks. 298 in between — maybe wikilinks including those inside _archive files? Let me count all wikilink-form including _archive:---
id: archive-readme
title: "卡片归档说明"
type: index
domain: [kdo]
status: enriched
created_at: 2026-06-01
updated_at: 2026-06-27
source_refs:
  - src_unknown
tags:
  - audience:general
  - scene:reference
  - skill-level:intermediate
  - archive
  - index
reviewed_by: 欧阳锋
review_date: '2026-06-29'
---

# Card Archive

Deprecated and superseded cards moved here so they don't pollute quality gate metrics.

## Archive Process

1. Set `status: deprecated` or `status: superseded` in frontmatter
2. Set `superseded_by` field pointing to the replacement card ID(s)
3. Move the file to `30_wiki/_archive/`
4. Remove from `30_wiki/index.md` if present
===ALL-WIKILINK===
182
===targets===
20
All wikilink-form yt-panproduct occurrences = 182 (incl. 7 inside _archive files), 20 distinct targets. Wangyuyan said 298处/24目标. Still not matching exactly. Maybe her scan also counted frontmatter related bare entries? Or backticked `.md` references? Hard to reconstruct exactly.

  Given the scan spec in the task: "遍历 30_wiki 全库 wikilink，排除代码块，按 vault 文件名解析，目标不存在=散点". Key: "按 vault 文件名解析" — resolve by vault file name. "目标不存在=散点" — target doesn't exist. For yt-panproduct-execution-* the targets DO exist (in _archive). But wangyuyan classified them as A类 ghosts. So "不存在" must mean "不存在于活图（排除 _archive）". Since Obsidian graph — does it include _archive? If _archive is not excluded in Obsidian settings, those nodes exist in the graph and links resolve. But she counted them as problems. The intent is clear though: links into archive are undesirable (archived cards shouldn't be linked from active cards).

  Decision on scan spec: resolution set = all vault .md basenames EXCLUDING anything under `30_wiki/_archive/`. Path-form targets resolved by final component basename. This reproduces: yt-panproduct-execution-* → ghosts (archived) ✓; yt-panproduct-demand-* → ghosts (nonexistent) ✓; `concepts/yt-decision-y-model` → basename exists → resolved ✓.

  Let me also decide whether to include non-md basenames (attachments). Include them — attachments resolve in Obsidian.

  Also should the resolution exclude _archive but the SCAN include _archive source files? "遍历 30_wiki 全库" — including _archive. Links inside _archive files pointing to archived siblings would count as ghosts but we shouldn't churn archived files. Task red line is about cleaning links; archived files' internal links are harmless. I'll scan all 30_wiki but report/exclude _archive sources from action (mark separately). Actually simpler: scan 30_wiki excluding _archive as SOURCE too, and note it. But "全库" says all. I'll scan all, then exclude _archive-sourced hits from the action set (they're frozen archive).

  Let me update the scanner: resolution set excludes 30_wiki/_archive; resolution by basename only (final path component of target, with/without ext). Drop suffix matching? Careful: `[[concepts/yt-decision-y-model]]` — final component `yt-decision-y-model` exists → resolved ✓. And `[[_archive/panproduct/yt-panproduct-execution-roi-analysis]]` — basename exists but in _archive → ghost (correct per wangyuyan).

  What about `[[system/pending_unknown]]` → basename `pending_unknown` exists at 30_wiki/system/pending_unknown.md → resolved ✓.

  Also case sensitivity: keep exact.

  Let me update scanner accordingly and rerun.scanned_md=2943 total_wikilinks=58160 ghost_targets=61 ghost_occurrences=294 files_hit=41
written: _tmp/606/ghost_scan.json / .tsv
61 targets / 294 occurrences / 41 files. Still less than 870/254/295. Hmm.

  Wangyuyan: 870 links / 254 targets / 295 files. Mine: 294 links / 61 targets / 41 files.

  Big gap remains. What might her scan include that mine doesn't?

  1. Frontmatter bare-name entries (non-bracket)? E.g. `related:\n- framework-yitang-product-iteration-loop` — in YAML, plain string, not a wikilink. Obsidian does NOT treat plain YAML list items as links... Actually Obsidian DOES: frontmatter properties of type "list" containing plain text aren't links, but `[[...]]` in frontmatter are. Plain names are not graph links. But the yitang agent-spec family links "写于 7-15，指向计划要写的卡" — source in `tool-agent-spec-yitang-*` cards + links/index.md. Let me check how those appear:30_wiki/links/index.md:11637:## [[framework-yitang-product-iteration-loop]]
30_wiki/tools/tool-agent-spec-yitang-aesthetic-radar-modeling.md:116:- **迭代框架**：[[framework-yitang-product-iteration-loop]] — 审美升级应纳入迭代节奏，而非一次性的「改版」。
30_wiki/tools/tool-agent-spec-yitang-aesthetic-radar-modeling.md:254:- 本 Agent 是 [[framework-yitang-product-iteration-loop]] 中「品质审查」环节的审美专项工具。
30_wiki/tools/tool-agent-spec-yitang-beautiful-work-imagination.md:116:- **迭代框架**：[[framework-yitang-product-iteration-loop]] — 升级路径应纳入迭代节奏，而非一次性大改版。
30_wiki/tools/tool-agent-spec-yitang-beautiful-work-imagination.md:244:- 本 Agent 是 [[framework-yitang-product-iteration-loop]] 中「品质审查」和「版本规划」的衔接器。
30_wiki/tools/tool-agent-spec-yitang-card-dealing-guide.md:116:- **迭代框架**：[[framework-yitang-product-iteration-loop]] — 每轮出牌后的反馈应纳入迭代循环。
30_wiki/tools/tool-agent-spec-yitang-card-dealing-guide.md:241:- 与 [[framework-yitang-product-iteration-loop]] 的关系：每轮出牌后的反馈应纳入迭代循环，持续优化手牌和策略。
30_wiki/tools/tool-agent-spec-yitang-scenario-walkthrough.md:115:- **迭代框架**：[[framework-yitang-product-iteration-loop]] — 走查结果是迭代输入，需纳入迭代优先级。
30_wiki/tools/tool-agent-spec-yitang-scenario-walkthrough.md:235:- 本 Agent 是 [[framework-yitang-product-iteration-loop]] 中「体验审查」环节的可运行工具。
30_wiki/tools/tool-agent-spec-yitang-user-perspective-training.md:114:- **迭代循环**：[[framework-yitang-product-iteration-loop]] — 用户视角是产品迭代的起点。
===
    140 framework-yitang-scientific-sales-five-step
     62 framework-yitang-shishi-qiushi
     58 framework-yitang-channel-exploration-
     52 framework-yitang-project-retrospective
     50 framework-yitang-five-step-to-time-management
     48 framework-yitang-sales-incentive-
     42 framework-yitang-growth-flywheel
     37 framework-yitang-thought-liberation-lightning
     37 framework-yitang-jiefang-sixiang
     36 framework-yitang-y-model-cross-domain-fusion
     34 framework-yitang-deliberate-practice-
     34 framework-yitang-channel-unit-economics
     33 framework-yitang-y-model-dual-triangle-synergy
     33 framework-yitang-project-abcd-classification
     32 framework-yitang-project-plan-design
     31 framework-yitang-oscar-research
     29 framework-yitang-project-breakdown
     28 framework-yitang-channel-industrialization
     26 framework-yitang-project-execution
     24 framework-yitang-nine-layer-deep-dig
     23 framework-yitang-research-weapon-system
     17 framework-yitang-six-layer-cross-validation
     16 framework-yitang-research-radar
     13 framework-yitang-research-quality-gate
     11 framework-yitang-three-ring-ability-focus
`framework-yitang-product-iteration-loop` — is it in my ghost list? My scan found only 61 targets. This target should be a ghost (file doesn't exist). Let me check whether it's in ghost_scan.json... It must be. Wait, my scan gives 294 occurrences total, but this single family alone should give ~100+. Let me check my tsv.target	count	sources
obsidian-kdo-内容产出工作流-产品设计大纲	16	30_wiki/concepts/kdo-yaml-frontmatter-safety.md:24; 30_wiki/dark-knowledges/dk-c3-txt-ingest-skip.md:32
_archive/panproduct/yt-panproduct-execution-roi-analysis	11	30_wiki/index.md:38; 30_wiki/links/index.md:1598; 30_wiki/links/index.md:2835; 30_wiki/links/index.m
_archive/panproduct/yt-panproduct-execution-war-room	10	30_wiki/index.md:39; 30_wiki/links/index.md:22365; 30_wiki/links/index.md:22397; 30_wiki/links/index.md:
framework-yitang-product-iteration-loop	10	30_wiki/links/index.md:11637; 30_wiki/tools/tool-agent-spec-yitang-aesthetic-radar-modeling.md:116; 30_wiki/tools/too
_archive/panproduct/yt-panproduct-demand-five-step-method	9	30_wiki/index.md:21; 30_wiki/links/index.md:25630; 30_wiki/links/index.md:25910; 30_wiki/links/index
_archive/panproduct/yt-panproduct-execution-hypothesis-decomposition	9	30_wiki/index.md:27; 30_wiki/links/index.md:4487; 30_wiki/links/index.md:4684; 30_wiki/li
_archive/panproduct/yt-panproduct-execution-logic-mece	9	30_wiki/index.md:31; 30_wiki/links/index.md:22361; 30_wiki/links/index.md:22371; 30_wiki/links/index.md
_archive/panproduct/yt-panproduct-execution-low-cost-mvp	9	30_wiki/index.md:32; 30_wiki/links/index.md:22362; 30_wiki/links/index.md:22387; 30_wiki/links/index.
_archive/panproduct/yt-panproduct-execution-milestone-breakdown	9	30_wiki/index.md:34; 30_wiki/links/index.md:22363; 30_wiki/links/index.md:22388; 30_wiki/links
_archive/panproduct/yt-panproduct-execution-liberate-thinking	8	30_wiki/index.md:30; 30_wiki/links/index.md:22360; 30_wiki/links/index.md:22417; 30_wiki/links/i
_archive/panproduct/yt-panproduct-execution-management-trilogy	8	30_wiki/index.md:33; 30_wiki/links/index.md:22323; 30_wiki/links/index.md:22372; 30_wiki/links/
tool-yitang-scenario-walkthrough	8	30_wiki/links/index.md:19059; 30_wiki/tools/tool-agent-spec-yitang-aesthetic-radar-modeling.md:115; 30_wiki/tools/tool-agent-
_archive/panproduct/yt-panproduct-execution-10x-validation	7	30_wiki/index.md:22; 30_wiki/links/index.md:22345; 30_wiki/links/index.md:22359; 30_wiki/links/inde
_archive/panproduct/yt-panproduct-execution-business-modeling	7	30_wiki/index.md:23; 30_wiki/links/index.md:12877; 30_wiki/links/index.md:22322; 30_wiki/links/i
_archive/panproduct/yt-panproduct-execution-design-principles	7	30_wiki/index.md:25; 30_wiki/links/index.md:22378; 30_wiki/links/index.md:26926; 30_wiki/links/i
_archive/panproduct/yt-panproduct-execution-idea-spark	7	30_wiki/index.md:28; 30_wiki/links/index.md:22404; 30_wiki/links/index.md:22436; 30_wiki/links/index.md
_archive/panproduct/yt-panproduct-execution-incubation-polish	7	30_wiki/index.md:29; 30_wiki/links/index.md:22395; 30_wiki/links/index.md:26930; 30_wiki/links/i
_archive/panproduct/yt-panproduct-execution-realistic-simulation	7	30_wiki/index.md:35; 30_wiki/links/index.md:22348; 30_wiki/links/index.md:22445; 30_wiki/link
_archive/panproduct/yt-panproduct-execution-review-iteration	7	30_wiki/index.md:36; 30_wiki/links/index.md:22468; 30_wiki/links/index.md:26789; 30_wiki/links/in
_archive/panproduct/yt-panproduct-execution-risk-management	7	30_wiki/index.md:37; 30_wiki/links/index.md:22364; 30_wiki/links/index.md:22469; 30_wiki/links/ind
tool-yitang-beautiful-work-imagination	7	30_wiki/links/index.md:18142; 30_wiki/tools/tool-agent-spec-yitang-aesthetic-radar-modeling.md:114; 30_wiki/tools/tool-
_archive/panproduct/yt-panproduct-execution-core-and-boundary	6	30_wiki/index.md:24; 30_wiki/links/index.md:22427; 30_wiki/links/index.md:22453; 30_wiki/links/i
_archive/panproduct/yt-panproduct-execution-good-tools	6	30_wiki/index.md:26; 30_wiki/links/index.md:22346; 30_wiki/links/index.md:22379; 30_wiki/links/index.md
_archive/research_methodology	6	30_wiki/index.md:43; 30_wiki/links/index.md:426; 30_wiki/links/index.md:13322; 30_wiki/links/index.md:13429; 30_wiki/links/index
_archive/obsidian-kdo-内容产出工作流-产品设计大纲	5	30_wiki/index.md:20; 30_wiki/links/index.md:425; 30_wiki/links/index.md:13428; 30_wiki/links/in
'method-yitang-y-model-engine-cycle'	5	30_wiki/links/index.md:20; 30_wiki/principles/principle-yitang-y-model-boundary.md:17; 30_wiki/principles/principle-yitan
framework-yitang-user-perspective-training	5	30_wiki/links/index.md:12046; 30_wiki/tools/tool-agent-spec-yitang-scenario-walkthrough.md:112; 30_wiki/tools/tool-
tool-yitang-aesthetic-radar-modeling	5	30_wiki/links/index.md:18067; 30_wiki/tools/tool-agent-spec-yitang-beautiful-work-imagination.md:114; 30_wiki/tools/tool-
紫鲸ai_智能体工作流平台_深度分析与产品设计	4	30_wiki/cases/case-toc-content-platform-correlation-trap.md:58; 30_wiki/concepts/开源HIS系统
yt-panproduct-execution-low-cost-mvp	3	30_wiki/dark-knowledges/dk-yb1-aigc-mvp-before-ps.md:29; 30_wiki/links/index.md:27464; 30_wiki/tools/yt-product-kernel-mv
'framework-yitang-five-step-to-time-management'	3	30_wiki/dk/dk-time-management-common-mistakes.md:24; 30_wiki/dk/dk-time-management-common-mistakes.md:30; 30_w
'case-yitang-copywriting-time-decomposition'	3	30_wiki/dk/dk-time-management-common-mistakes.md:25; 30_wiki/dk/dk-time-management-common-mistakes.md:31; 30_wiki
'concept-yitang-model-system-boundary'	3	30_wiki/links/index.md:14; 30_wiki/principles/principle-yitang-y-model-boundary.md:16; 30_wiki/principles/principle-yit
framework-yitang-ability-migration-matrix	3	30_wiki/links/index.md:11341; 30_wiki/tools/tool-agent-spec-yitang-ability-migration-diagnosis.md:111; 30_wiki/tools
framework-yitang-aesthetic-radar	3	30_wiki/links/index.md:11344; 30_wiki/tools/tool-agent-spec-yitang-aesthetic-radar-modeling.md:113; 30_wiki/tools/tool-agent-
framework-yitang-beautiful-work-standard	3	30_wiki/links/index.md:11347; 30_wiki/tools/tool-agent-spec-yitang-beautiful-work-imagination.md:113; 30_wiki/tools/t
framework-yitang-card-dealing-strategy	3	30_wiki/links/index.md:11350; 30_wiki/tools/tool-agent-spec-yitang-card-dealing-guide.md:112; 30_wiki/tools/tool-agent-
framework-yitang-project-background-8d	3	30_wiki/links/index.md:11665; 30_wiki/tools/tool-agent-spec-yitang-project-background-analysis.md:111; 30_wiki/tools/to
framework-yitang-project-planning-trinity	3	30_wiki/links/index.md:11732; 30_wiki/tools/tool-agent-spec-yitang-project-background-analysis.md:112; 30_wiki/tools
tool-yitang-ability-migration-diagnosis	3	30_wiki/links/index.md:18064; 30_wiki/tools/tool-agent-spec-yitang-project-background-analysis.md:113; 30_wiki/tools/t
tool-yitang-project-background-analysis	3	30_wiki/links/index.md:18612; 30_wiki/tools/tool-agent-spec-yitang-ability-migration-diagnosis.md:112; 30_wiki/tools/t
tool-yitang-sales-toolkit-gap	3	30_wiki/links/index.md:19011; 30_wiki/tools/tool-agent-spec-yitang-ability-migration-diagnosis.md:114; 30_wiki/tools/tool-agent-
_archive/紫鲸ai_智能体工作流平台_深度分析与产品设计	2	30_wiki/index.md:44; 30_wiki/links/index.md:29065
concept-一堂-五步法	2	30_wiki/concepts/concept-一堂-product-kernel.md:47; 30_wiki/links/index.md:6192
concept-一堂-Y模型	2	30_wiki/concepts/concept-一堂-product-kernel.md:48; 30_wiki/links/index.md:6060
concept-一堂-关键假设	2	30_wiki/concepts/concept-一堂-product-kernel.md:49; 30_wiki/links/index.md:6215
concept-一堂-单元模型	2	30_wiki/concepts/concept-一堂-product-kernel.md:50; 30_wiki/links/index.md:6237
concept-一堂-精益创业	2	30_wiki/concepts/concept-一堂-product-kernel.md:51; 30_wiki/links/index.md:6355
yt-panproduct-execution-design-principles	2	30_wiki/concepts/design-ai-image-generation.md:32; 30_wiki/links/index.md:27452
yt-panproduct-execution-liberate-thinking	2	30_wiki/concepts/learning-thinking.md:30; 30_wiki/links/index.md:27458
yt-panproduct-execution-good-tools	2	30_wiki/concepts/tools-workflows.md:22; 30_wiki/links/index.md:27455
plan_20260531_data-curator-v1	2	30_wiki/concepts/yt-foresight-deliverables-four-levels.md:61; 30_wiki/links/index.md:14629
plan_20260531_data-curator-v1.1	2	30_wiki/concepts/yt-foresight-deliverables-four-levels.md:64; 30_wiki/links/index.md:14632
kdo-charter-v01-draft	2	30_wiki/domains/kdo-moc.md:80; 30_wiki/links/index.md:13137
framework-yitang-scenario-walkthrough	2	30_wiki/links/index.md:11870; 30_wiki/tools/tool-agent-spec-yitang-scenario-walkthrough.md:111
yt-panproduct-execution-logic-mece	2	30_wiki/links/index.md:27461; 30_wiki/tools/tool-mece体系框架法.md:32
yt-panproduct-execution-roi-analysis	2	30_wiki/links/index.md:27468; 30_wiki/tools/yt-growth-channel-roi.md:26
_archive/plan_20260531_data-curator-v1.1	1	30_wiki/index.md:40
_archive/plan_20260531_data-curator-v1	1	30_wiki/index.md:41
framework-hermes-multi-bot-feishu-setup	1	30_wiki/dk/dk-feishu-bot-slow-session-hygiene.md:38
wikilink	1	30_wiki/links/index.md:9
Now I see the actual current ghost set: 61 targets / 294 occurrences. But wangyuyan's diagnosis (01:40) said 870/254/295. Discrepancy because... hmm. Wait, maybe her scan included links/index.md heavily and also counted frontmatter bare names? Note the quote-wrapped targets like `'method-yitang-y-model-engine-cycle'` — my regex captures `[[...]]` including surrounding single quotes because I extract content between [[ ]]. The raw `raw` field shows `'method-...'` meaning the link text itself contains quotes: `[['method-yitang-y-model-engine-cycle']]`? That's from YAML `- '[['... no. Actually in dk-time-management-common-mistakes.md:24, the line is probably `- '[[framework-yitang-five-step-to-time-management]]'` and my regex `\[\[([^\[\]]+?)\]\]` captures `framework-yitang-five-step-to-time-management` without quotes. But tsv shows `'framework-yitang-five-step-to-time-management'` with quotes... meaning the file contains `[['framework-yitang-five-step-to-time-management']]`? Hmm, weird. Or my split included quotes from group. The regex captures content inside [[ ]] — if text is `[['foo']]`, captured = `'foo'`. And `'foo'` (with quotes) doesn't match basename → ghost, while the intended target exists! These are FALSE ghosts from quoting inside wikilinks. Need to strip surrounding quotes from target.

  Let me fix: strip leading/trailing quotes (both ' and ") from target before resolving. That removes 4-5 false ghost targets ('method-...', 'framework-yitang-five-step-to-time-management', 'case-yitang-copywriting-time-decomposition', 'concept-yitang-model-system-boundary').

  Now the bigger gap: 870 vs my ~294. Where are the other ~576? Options:
  1. Her scan included 00_inbox/60_feedback etc.? "295 文件波及" vs my 41 files. If scanning only 30_wiki, 41 files with ghosts. 295 files is way more — so her scan probably covered more of the vault, OR counted links differently.
  2. Maybe she scanned BEFORE her own first-batch cleanup... no, the 870 was "修复前真散点 870" measured at 01:40, and pending_unknown cleanup commit at 02:11. The 870 is separate from pending_unknown (those were 1132). Hmm, but wait — did her ghost scan count `[[pending_unknown]]` links as ghosts? pending_unknown.md exists in 30_wiki/system → resolved. OK no.
  3. Maybe her scan also treated frontmatter bare-list names as links (Obsidian doesn't, but her script might). E.g. `related:\n- yt-decision-y-model` bare names that don't exist → ghosts. There could be hundreds of those. The task appendix says "870 链接" — could include frontmatter reference entries. And the yitang agent-spec family counts "24+19+16+11+11+11+6×N 处" — let me check: `framework-yitang-product-iteration-loop` in my scan: 10 occurrences. Task says the yitang agent-spec family: "framework-yitang-product-iteration-loop 等 yitang agent-spec 族（24+19+16+11+11+11+6×N 处". So one target has 24 occurrences, another 19, etc. My scan shows much smaller counts for agent-spec targets (10, 8, 7, 5, 5, 3, 3...). But if her scan counted bare frontmatter `related:` entries too, counts would be higher.

  Let me test: count all occurrences (wikilink + bare list-item mentions) of `framework-yitang-product-iteration-loop`:10
===
        ↓
7. 输出走查报告 + 改进建议 + 优先级矩阵 + 方法论溯源
```

## 调用卡片

- **直接来源**：[[framework-yitang-scenario-walkthrough]] — 场景走查五步法：画流程 → 找断点 → 标情绪 → 定严重度 → 排优先级。
- **用户视角**：[[framework-yitang-user-perspective-training]] — 场景走查的前置能力，先切换到用户视角再走查。
- **审美雷达**：[[tool-yitang-aesthetic-radar-modeling]] — 体验断点中的视觉/交互问题可联动审美雷达做专项诊断。
- **漂亮工作**：[[tool-yitang-beautiful-work-imagination]] — P3 锦上添花类断点可联动漂亮工作想象做体验升级。
- **迭代框架**：[[framework-yitang-product-iteration-loop]] — 走查结果是迭代输入，需纳入迭代优先级。

## 边界风险

- **直觉走查 vs 数据走查**：Agent 基于推理的走查可能遗漏真实用户才会触发的断点，有数据时应优先交叉验证。
- **走查深度与成本平衡**：全场景全分支走查工作量巨大，Agent 应引导用户聚焦核心场景的 P0/P1 断点。
`framework-yitang-product-iteration-loop` total mentions = 10, matching my scan's 10. But the task says the family is "24+19+16+11+11+11+6×N 处". Hmm — those numbers don't map to this target's 10. Maybe they map to other family members. Let me count some likely members: tool-yitang-scenario-walkthrough (8 in my scan)... 

  Wait — maybe the family numbers in the task refer to total link occurrences per target across the whole vault including 00_inbox or agents/ directories? The source cards `tool-agent-spec-yitang-*` live in 30_wiki/tools/, but maybe duplicated in `agents/` directory too! The vault root has `agents/` with agent spec dirs. Those aren't under 30_wiki though. Task says "遍历 30_wiki 全库" — but "295 文件波及" strongly suggests a wider scan.

  Honestly, exact reconstruction of her 870 is impossible without her script. What matters operationally: the current scan with a well-defined rule finds the actual current ghost set. But risk: if my rule is stricter than hers, I'd under-clean and the final rescan vs her baseline target (<50) would be inconsistent.

  Hmm, wait. Let me reconsider. Maybe her scan resolved ONLY vault-root-relative paths and exact basenames — i.e. `[[concepts/yt-decision-y-model]]` would be a GHOST for her (path not vault-root-relative, and she compared full string to basenames). That would make domains/*, concepts/*, tools/* prefixed links all ghosts → thousands, not 870. No.

  Alternative: maybe she scanned only `[[...]]` in frontmatter `related` fields + body, excluding links/index.md and 30_wiki/index.md (the machine-generated indexes)? My counts excluding those two files: total occurrences minus links/index.md and index.md ones. From the earlier Counter: links/index.md had 23146 in the old scan; in the new scan let me recount by file.

  Actually — hold on. Let me reconsider "870 真散点" might include something else: 风清扬's audit (diag_20260902_fengqingyang-substitute-scatter-audit.md) "更全". And the task says A类(archive) 298/24 + B类(phantom) 572/230 = 870/254. My archive-family count: sum of `_archive/...` targets in tsv: 11+10+9+9+9+9+8+8+7×7+6+6+6+5+2+1+1 ≈ let me compute: 11+10+9+9+9+9+8+8=73; 7s: 10x, business-modeling, design-principles, idea-spark, incubation-polish, realistic-simulation, review-iteration, risk-management = 8 targets ×7=56 → 129; +6+6+6=18 → 147; +5+2+1+1=9 → 156. Plus bare `yt-panproduct-execution-*` targets (3+2+2+2+2+2=13) and `紫鲸ai` (4). Total archive-ish ≈ 173. She said 298. 

  Difference could be because her scan counted links in _archive files themselves, or counted `.md`-suffixed variants, or included more of vault. I can't fully reconcile. 

  Given ambiguity, the pragmatic path: my scanner is consistent and reasonable (Obsidian-style basename resolution, archive excluded from resolution set). I'll fix the quote-stripping, add .md-suffix handling (target `foo.md` → basename `foo` exists → resolved; also wikilinks ending in .md to nonexistent files count as ghosts). Then run the final set, adjudicate each family, clean, and rescan with the SAME scanner — self-consistent before/after. Target <50 处 per task acceptance; if my baseline is already <870, fine — the point is to reduce actual ghosts. But if her baseline was 870 and mine starts at ~290, after cleanup mine should be <50 easily, and her 870 included forms my scanner considers resolved... hmm, no wait. If her scanner found 870 ghosts and mine finds 290 with the SAME vault state, then her rule counts things mine resolves. After my cleanup, her rule would still count those extras → rescan by 欧阳锋 might find >50. Risky.

  Let me think harder about what generates 870. 254 targets. My scan: 61 targets. What if her scan treated frontmatter `related:` bare entries as links? E.g. `- yitang-domain-digest` (bare, exists) fine; `- framework-yitang-product-iteration-loop` bare in related lists → ghost. Bare-name related entries are common in this vault (I've seen many). Let me count: bare list items in frontmatter that don't resolve. That could add hundreds.

  Evidence for this: task says yitang agent-spec 族 numbers "24+19+16+11+11+11+6×N". My wikilink-only count for framework-yitang-product-iteration-loop = 10. Let me count bare-list occurrences of it in frontmatter: hard via grep alone. Let me check one agent-spec file's related frontmatter:

• 看一张 agent-spec 卡的 frontmatter related 形态，判断裸条目是否被计入。---

id: tool-agent-spec-yitang-scenario-walkthrough
title: 场景走查 Agent Spec
type: agent-spec
status: reviewed
author: 老顽童
reviewed_by: 欧阳锋
confidence: 0.81
trust_level: medium
language: zh-CN
domain:
- personal-os
- product
- ai-collaboration
source_person: Truman / 一堂课程体系
source_context:
  - 一堂全产品方法论课程（2026-07-08），场景走查专题深挖补产
  - yitang
aliases:
  - Truman / 一堂课程体系
  - 一堂课程体系
  - 场景走查
  - 场景走查AgentSpec
source_context:
  - 一堂全产品方法论课程（2026-07-08），场景走查专题深挖补产
  - yitang
source_refs:
- .agent/prompts/tool-agent-spec-yitang-scenario-walkthrough.md
discoverable_by:
  - 场景走查 Agent Spec
  - 场景走查
related:
- '[[framework-一堂五步法]]'
- '[[framework-一堂五步法-泛产品设计]]'
- '[[tool-agent-spec-yitang-aesthetic-radar-modeling]]'
- '[[tool-agent-spec-yitang-beautiful-work-imagination]]'
- '[[tool-agent-spec-yitang-card-dealing-guide]]'
- '[[tool-agent-spec-yitang-user-perspective-training]]'
- '[[five-step-domain-digest]]'
created_at: 2026-07-08
updated_at: '2026-07-14'
tcp_role: C
tcp_default_mode: 咨询诊断（Consult）：基于用户提供的产品/功能描述，逐场景走查体验断点、逻辑漏洞和用户困惑点，输出走查报告和改进优先级
tcp_switch_trigger: 用户要求直接给出修改方案/PRD 修订 → 切换为 P；用户要求学习场景走查方法论 → 切换为 T；用户要求对比竞品的场景体验
  → 切换为 R
tcp_session_opening: 我本次以 **C（Consult/咨询）** 身份与你协作：陪你逐场景走查你的产品，找出体验断点、逻辑漏洞和用户困惑点。请先描述你要走查的产品和核心场景。
tags:
- audience:executor
- scene:execution
- skill-level:intermediate
- prompts
review_date: 2026-08-19
---
# 场景走查 Agent Spec

## 一句话

一个为产品经理和设计师设计的场景走查 Agent：从用户进入场景的第一秒到离开的最后一秒，逐帧拆解体验流程，定位体验断点、逻辑漏洞与情感低谷，输出结构化走查报告和改进优先级。



• Interesting: `'[[framework-一堂五步法]]'` and `'[[framework-一堂五步法-泛产品设计]]'` in related — do those files exist? Probably framework-一堂五步法 doesn't (maybe renamed). My scanner should catch those as ghosts... but they're quoted `- '[[...]]'`. My regex captures `framework-一堂五步法` fine. Is it in ghost list? Not in the 61-target tsv above. So it resolved — a file named `framework-一堂五步法.md` must exist. OK.

  So frontmatter `[[...]]` links are already captured by my scanner (they're just text lines). Good.

  So why 870 vs 294? Let me look for whether her scan was vault-wide (all directories, not just 30_wiki). Task says "遍历 30_wiki 全库 wikilink" — but 295 files affected; my 30_wiki scan hits only 41 files. If she scanned the whole vault (00_inbox, 60_feedback, 70_product, 90_control, agents/, etc.), 295 files makes sense! The ghost links live in task files, feedback files, agent specs, etc. E.g. links to `framework-yitang-product-iteration-loop` also from .agent or agents/ files.

  Let me test: count `framework-yitang-product-iteration-loop` across whole vault:15
      5 ./30_wiki/tools
      5 ./.agent/prompts
      1 ./60_feedback/tasks
      1 ./30_wiki/links
So `.agent/prompts/` has 5 files with this link. Whole-vault scan would hit more files. 10 (30_wiki) + 15 (outside, incl .agent/prompts 5 files ×2 lines + 60_feedback/tasks 1) = 25 ≈ her "24". Yes! Her scan was VAULT-WIDE, not 30_wiki-only. The task text "遍历 30_wiki 全库" is loose; the 870/254/295 numbers come from a vault-wide scan.

  Hmm, but the rescan spec says "遍历 30_wiki 全库 wikilink". Conflicting. But to reproduce 870 baseline and the family counts (24+19+16...), vault-wide is right. Let me do vault-wide scan of all .md files, excluding .git/.obsidian/node_modules/__pycache__ and maybe _tmp, _vlm_output? Her file count 295 — let me just scan whole vault and see.

  Wait, but should I clean links in .agent/prompts and 60_feedback? The red line: "只动链接行不动卡片正文". The scope: B 族 lists sources "集中在 tool-agent-spec-yitang-* 系列卡 + links/index.md". The acceptance: rescan <50. I'll scan vault-wide, then adjudicate. Cleaning links in .agent/prompts — those are agent prompt files, duplicating the agent-spec cards. Editing them is within "链接行" scope. 60_feedback/tasks files — historical task files; modifying those is questionable (they're records). Maybe exclude 60_feedback from cleaning but note residuals as "正常业务残余" (task allows <50 residual).

  Let me scan vault-wide first and compare to 870/254/295.

• 王语嫣的扫描是全 vault 级（.agent/prompts 等也计入）。改扫描范围为全 vault 重跑，对齐 870 基线。

• Also fix quote-stripping on targets, and handle target ending in `.md` (basename compare handles that since I register both with/without ext and compare both). Let me add quote strip in resolved() or at extraction. In extraction: `target = re.split(...)[0].strip().strip("'\"")`.scanned_md=12580 total_wikilinks=78061 ghost_targets=222 ghost_occurrences=904 files_hit=218
written: _tmp/606/ghost_scan.json / .tsv
Now: 222 targets / 904 occurrences / 218 files vs her 254/870/295. Close in magnitude (904 vs 870 occurrences). Differences likely due to: my scan excludes _tmp/_vlm_output (hers may have included some), timing (she scanned at 01:40 before her own 02:11 commit and before other agents' commits today), and quote handling. This is close enough to work with — same ballpark, same families.

  Let me examine the family structure now.

• 904 处/222 目标/218 文件——与基线 870/254/295 同量级，口径可接受。看族结构。54 ...
28 wikilink
25 id
24 framework-yitang-product-iteration-loop
21 _archive/panproduct/yt-panproduct-execution-roi-analysis
19 tool-yitang-scenario-walkthrough
19 _archive/panproduct/yt-panproduct-execution-war-room
19 obsidian-kdo-���ݲ���������-��Ʒ��ƴ��
17 _archive/panproduct/yt-panproduct-demand-five-step-method
17 _archive/panproduct/yt-panproduct-execution-hypothesis-decomposition
17 _archive/panproduct/yt-panproduct-execution-logic-mece
17 _archive/panproduct/yt-panproduct-execution-low-cost-mvp
17 _archive/panproduct/yt-panproduct-execution-milestone-breakdown
17 xxx
16 tool-yitang-beautiful-work-imagination
15 _archive/panproduct/yt-panproduct-execution-liberate-thinking
15 _archive/panproduct/yt-panproduct-execution-management-trilogy
13 _archive/panproduct/yt-panproduct-execution-10x-validation
13 _archive/panproduct/yt-panproduct-execution-business-modeling
13 _archive/panproduct/yt-panproduct-execution-design-principles
13 _archive/panproduct/yt-panproduct-execution-idea-spark
13 _archive/panproduct/yt-panproduct-execution-incubation-polish
13 _archive/panproduct/yt-panproduct-execution-realistic-simulation
13 _archive/panproduct/yt-panproduct-execution-review-iteration
13 _archive/panproduct/yt-panproduct-execution-risk-management
13 case-xxx
11 tool-yitang-aesthetic-radar-modeling
11 framework-yitang-user-perspective-training
11 _archive/panproduct/yt-panproduct-execution-core-and-boundary
11 _archive/panproduct/yt-panproduct-execution-good-tools
10 card-id
10 src_unknown
9 framework-lean-unit-economics
7 _archive/research_methodology
6 framework-yitang-ability-migration-matrix
6 tool-yitang-project-background-analysis
6 tool-yitang-sales-toolkit-gap
6 framework-yitang-aesthetic-radar
6 framework-yitang-beautiful-work-standard
6 framework-yitang-card-dealing-strategy
6 framework-yitang-project-background-8d
6 framework-yitang-project-planning-trinity
6 tool-yitang-ability-migration-diagnosis
6 ��Ʒ����
6 A
5 _archive/obsidian-kdo-���ݲ���������-��Ʒ��ƴ��
5 �Ͼ�ai_�����幤����ƽ̨_��ȷ������Ʒ���
5 һ�õ����ж�Ӫ-ai����ϵͳʽ���з�����
5 tool-��Ԫģ��-���ŵ�
4 framework-yitang-scenario-walkthrough
4 �¿�
4 consultant-mode-yai-style
4 yt-panproduct-execution-low-cost-mvp
4 һ�õ���������13��
4 KDO_CARD_BODY
4 hooks
4 framework-һ��-TCPR�ʹ�ģ��
4 ocr-*
3 framework-yitang-JTBD-iceberg-model
3 framework-yitang-demand-analysis-five-steps
3 framework-yitang-lean-startup
3 _archive/�Ͼ�ai_�����幤����ƽ̨_��ȷ������Ʒ���
3 yt-panproduct-execution-design-principles
3 yt-panproduct-execution-liberate-thinking
3 yt-panproduct-execution-good-tools
3 plan_20260531_data-curator-v1
3 plan_20260531_data-curator-v1.1
3 yt-panproduct-execution-logic-mece
3 yt-panproduct-execution-roi-analysis
3 ai-short-drama-creation
3 yt-decision-key-hypotheses
3 concept-xxx
3 framework-xxx
3 framework-yihang-dual-triangle-core
3 wujue-architecture
2 filename
2 ҳ����
2 concept-һ��-�岽��
2 concept-һ��-Yģ��
2 concept-һ��-�ؼ�����


• Console encoding garbles Chinese (GBK console), but the JSON/TSV are UTF-8. Let me analyze families via Python reading the JSON and grouping. Notable junk targets: `...`, `wikilink`, `id`, `xxx`, `case-xxx`, `card-id`, `src_unknown`, `A`, `KDO_CARD_BODY`, `hooks`, `ocr-*`, `filename` — these are template/example placeholders inside documentation (like `[[xxx]]` in skill docs, templates). Wangyuyan likely excluded documentation examples... or maybe not. These are in skill/agent docs as examples. Should NOT be deleted blindly — per-file judgment needed.

  Let me now group families properly with a Python summary (write to a UTF-8 file to avoid console mojibake).

• 控制台编码乱码，改用 Python 直接输出 UTF-8 分族汇总文件。written


• Now I have a clean family structure (total 904):

  1. **panproduct-archive** (26 targets, 301 occ) — 指向 `_archive/panproduct/yt-panproduct-*` 或裸名。处理：这些卡已归档，活卡应指向替代卡。是否有 superseded_by 映射？归档 README 说流程要设 superseded_by。检查归档卡的 superseded_by 字段，若指向 tool-泛产品落地-* 系列则改链；否则删链。
  2. **yitang-agent-spec** (15 targets, 139 occ) — 计划卡未产。检查每个目标是否有等价现存卡（如 framework-yitang-product-iteration-loop 可能对应某个现存迭代卡？tool-yitang-scenario-walkthrough vs tool-agent-spec-yitang-scenario-walkthrough?）。改链到等价卡或删链。
  3. **template-placeholder** (15 targets, 185 occ) — `[[xxx]]`, `[[wikilink]]`, `[[id]]`, `[[...]]` 等出现在 skill 文档/模板/规范文件的示例中。**保留**（文档示例，非真链接意图）——但注意这些会在 Obsidian 图谱产生散点！Obsidian 会真的渲染 [[xxx]]。Hmm。若这些在 40_outputs/skills 文档里，它们也在 vault 里，图谱会显示散点。但删它们会破坏文档示例。方案：这些属于「文档示例占位」，按任务红线我可以……任务说裁决三选一补卡/改链/删链。对模板示例，「改链」不可取，「删链」会破坏文档。可把这些文件加入 graph 排除？不行，红线只动链接行。
     实际上：示例链接如 `[[xxx]]` 在 Obsidian 中确实产生散点。但删掉示例文本会破坏文档。等等——检查这些出现的位置：如果在 ``` 代码块内我的扫描已排除。在正文里的 [[xxx]] 示例……看具体情况。有的在表格/说明行。可以把 `[[xxx]]` 改为 `` `xxx` ``（去掉双方括号，保留文字）——这是"改链"的合理形态：断链保文。这符合"只动链接行不动正文内容"吗？改 [[xxx]] 为 `xxx` 只动链接语法不动内容文字，可接受且符合红线精神（链接行/链接形式）。
  4. **yitang-other** (31 targets, 40 occ) — 零散。逐一裁决。
  5. **archive-other** (5 targets, 17 occ) — `_archive/research_methodology` 等。
  6. **misc** (130 targets, 222 occ) — 大量单发/双发杂项。多为文档示例（`[[页面名]]`、`[[相关卡id]]`、`[[broken-link]]`、`[[New Concept]]`、`{card_id}` 等）+ 少量真断链。

  Strategy per family:

  **template-placeholder + misc 中的文档示例类**: 改链为纯文本（去双方括号），若出现在规范性文档中作为示例。实际上,等等——Obsidian 图谱里这些是散点。例如 `[[wikilink]]` 28 处——在哪？可能在很多 skill 文档讲 wikilink 语法的地方。改成 `` `wikilink` `` 保留语义消除散点。

  **panproduct-archive**: 检查归档卡的 superseded_by。若活卡应指向 `tool-泛产品落地-*` 对应卡则改链。映射大致：
  - execution-roi-analysis → tool-泛产品落地-ROI分析
  - execution-low-cost-mvp → tool-泛产品落地-低成本测试MVP
  - execution-business-modeling → tool-泛产品落地-业务建模
  - execution-core-and-boundary → tool-泛产品落地-内核和边界
  - execution-design-principles → tool-泛产品落地-设计原则
  - execution-good-tools → tool-泛产品落地-善用佳软
  - execution-hypothesis-decomposition → tool-泛产品落地-假设拆解
  - execution-idea-spark → tool-泛产品落地-灵感闪现
  - execution-liberate-thinking → tool-泛产品落地-解放思想
  - execution-management-trilogy → tool-泛产品落地-管理三段论
  - execution-milestone-breakdown → tool-泛产品落地-里程碑拆解
  - execution-realistic-simulation → tool-泛产品落地-努力仿真
  - execution-review-iteration → tool-泛产品落地-复盘迭代
  - execution-risk-management → tool-泛产品落地-风险管理
  - execution-war-room → tool-泛产品落地-攻坚会
  - execution-10x-validation → tool-泛产品落地-十倍速验证
  - demand-five-step-method → ? (framework-yitang-five-step-...)
  Verify via superseded_by in the archived files.

  **yitang-agent-spec**: 检查 .agent/prompts 与 30_wiki/tools 中的 agent-spec 卡。链接在「调用卡片」等正文行。这些卡是"计划要写的 framework 卡"。选项：删链（计划未落地）或改链到现有等价卡。例如 framework-yitang-product-iteration-loop → 是否有现存迭代框架卡？`framework-yitang-five-step-to-time-management`? 需要查。tool-yitang-scenario-walkthrough → 现存 tool-agent-spec-yitang-scenario-walkthrough 就是同一主题（agent-spec 卡本体）！改链到它合理。同理 tool-yitang-beautiful-work-imagination → tool-agent-spec-yitang-beautiful-work-imagination；tool-yitang-aesthetic-radar-modeling → tool-agent-spec-yitang-aesthetic-radar-modeling；framework-yitang-user-perspective-training → tool-agent-spec-yitang-user-perspective-training?; framework-yitang-scenario-walkthrough → tool-agent-spec-yitang-scenario-walkthrough。framework-yitang-ability-migration-matrix → tool-agent-spec-yitang-ability-migration-diagnosis? 近似。需要逐个看上下文判断。

  Also note .agent/prompts/* files are the actual agent prompt sources for the agent-spec cards — same edits should apply there (they're the deployment copies). Editing .agent/prompts link lines is in scope (链接行).

  Let me start with panproduct-archive family: check superseded_by fields.

• 分族清楚了。开始逐族裁决。先查 panproduct 归档卡的 superseded_by 映射，决定改链目标。== yt-panproduct-demand-five-step-method.md
status: superseded
superseded_by: framework-一堂五步法-泛产品设计
== yt-panproduct-execution-10x-validation.md
status: superseded
superseded_by: tool-泛产品落地-十倍速验证
== yt-panproduct-execution-business-modeling.md
status: superseded
superseded_by: tool-泛产品落地-业务建模
== yt-panproduct-execution-core-and-boundary.md
status: superseded
superseded_by: tool-泛产品落地-内核和边界
== yt-panproduct-execution-design-principles.md
status: superseded
superseded_by: tool-泛产品落地-设计原则
== yt-panproduct-execution-good-tools.md
status: superseded
superseded_by: tool-泛产品落地-善用佳软
== yt-panproduct-execution-hypothesis-decomposition.md
status: superseded
superseded_by: tool-泛产品落地-假设拆解
== yt-panproduct-execution-idea-spark.md
status: superseded
superseded_by: tool-泛产品落地-灵感闪现
== yt-panproduct-execution-incubation-polish.md
status: superseded
superseded_by: tool-泛产品落地-酝酿式打磨
== yt-panproduct-execution-liberate-thinking.md
status: superseded
superseded_by: tool-泛产品落地-解放思想
== yt-panproduct-execution-logic-mece.md
status: superseded
superseded_by: tool-泛产品落地-逻辑MECE
== yt-panproduct-execution-low-cost-mvp.md
status: superseded
superseded_by: tool-泛产品落地-低成本测试MVP
== yt-panproduct-execution-management-trilogy.md
status: superseded
superseded_by: tool-泛产品落地-管理三段论
== yt-panproduct-execution-milestone-breakdown.md
status: superseded
superseded_by: tool-泛产品落地-里程碑拆解
== yt-panproduct-execution-realistic-simulation.md
status: superseded
superseded_by: tool-泛产品落地-努力仿真
== yt-panproduct-execution-review-iteration.md
status: superseded
superseded_by: tool-泛产品落地-复盘迭代
== yt-panproduct-execution-risk-management.md
status: superseded
superseded_by: tool-泛产品落地-风险管理
== yt-panproduct-execution-roi-analysis.md
status: superseded
superseded_by: tool-泛产品落地-ROI分析
== yt-panproduct-execution-war-room.md
status: superseded
superseded_by: tool-泛产品落地-攻坚会


• All 19 archived panproduct cards have `superseded_by` pointing to live cards. So the adjudication for the panproduct-archive family is **改链**: `[[_archive/panproduct/yt-panproduct-execution-X]]` and `[[yt-panproduct-execution-X]]` → `[[tool-泛产品落地-...]]` per mapping; `[[_archive/panproduct/yt-panproduct-demand-five-step-method]]` → `[[framework-一堂五步法-泛产品设计]]`.

  But verify the superseded targets exist:
  - framework-一堂五步法-泛产品设计 — check exists
  - tool-泛产品落地-逻辑MECE — check

  Then perform a scripted replacement across the vault? Careful: batch edit discipline (P-29/P-30): dry-run preview, declare scope, don't overwrite non-empty. Here it's link-line replacement — a sed-style replace of `[[_archive/panproduct/yt-panproduct-X]]` → `[[new]]`. This only touches link syntax on those lines. It's safe and reviewable via git diff.

  Scope: all .md files vault-wide (excluding _tmp etc.)? The occurrences are in 30_wiki (index.md, links/index.md, concepts, tools, dk, bridges) + maybe 60_feedback + others. 60_feedback files are records... The task says fix links; the裁决 applies vault-wide. But caution: modifying 60_feedback historical records? The red line says only link lines. For feedback/task historical docs, changing links alters records. I'd limit cleaning to 30_wiki + .agent/prompts (live surfaces), and leave 60_feedback/70_product historical records untouched (they're point-in-time records, and the graph view matters for 30_wiki mostly). Hmm, but then rescan still counts them. Target <50 处 though — let me see the file distribution first.

  Actually wait — also 30_wiki/index.md and 30_wiki/links/index.md are machine-generated index files. Are they regenerated by a script? If so, editing them is futile (regeneration overwrites). Let me check how links/index.md is generated. 23146 ghost occurrences in my first scan were in links/index.md — it's a links database file. Let me check its header.30_wiki/frameworks/framework-一堂五步法-泛产品设计.md
30_wiki/tools/tool-泛产品落地-逻辑MECE.md
30_wiki/tools/tool-泛产品落地-十倍速验证.md
30_wiki/tools/tool-泛产品落地-攻坚会.md
===
---
id: index
title: Backlinks Index
type: index
status: stable
---
# Backlinks Index

_Auto-generated index of `[[wikilink]]` references across wiki pages._

## [['case-yitang-copywriting-time-decomposition']]
- [[dk/dk-time-management-common-mistakes]]

## [['concept-yitang-model-system-boundary']]
- [[principles/principle-yitang-y-model-boundary]]

## [['framework-yitang-five-step-to-time-management']]
- [[dk/dk-time-management-common-mistakes]]

## [['method-yitang-y-model-engine-cycle']]
===
---

id: index

title: Wiki Index

type: index

status: stable

---

# Wiki Index


_Last updated: 2026-08-29T16:36:37+00:00_

- [[60_feedback/usage-logs/session-20260619-xingangwan-business-formula-reconstruction|对话记录：鑫港湾业务公式与商业模型计算拆分重构（2026-06-19）]] — source `src_unknown`
- [[_archive/concept-一堂-business-prediction|商业预判：15字诀与光谱模型——从拍脑袋到科学决策]] — source `src_unknown`
- [[_archive/obsidian-kdo-内容产出工作流-产品设计大纲|Obsidian + KDO 内容产出工作流 — 产品设计大纲]] — source `10_raw/sources/src_20260501_58b6edef-obsidian-kdo-内容产出工作流-产品设计大纲.md`
- [[_archive/panproduct/yt-panproduct-demand-five-step-method|泛产品设计·用户卡片：一堂五步法]] — source `10_raw/sources/src_20260522_a632cc1c-ocr-泛产品设计-用户卡片-一堂五步法.md`
- [[_archive/panproduct/yt-panproduct-execution-10x-validation|泛产品设计·落地卡片：十倍速验证]] — source `10_raw/sources/src_20260522_5bd37e0d-ocr-泛产品设计-落地卡片-十倍速验证.md`
- [[_archive/panproduct/yt-panproduct-execution-business-modeling|泛产品设计·落地卡片：业务建模]] — source `10_raw/sources/src_20260522_f5a0f2e1-ocr-泛产品设计-落地卡片-业务建模.md`
- [[_archive/panproduct/yt-panproduct-execution-core-and-boundary|泛产品设计·落地卡片：内核和边界]] — source `10_raw/sources/src_20260522_f3072399-ocr-泛产品设计-落地卡片-内核和边界.md`
- [[_archive/panproduct/yt-panproduct-execution-design-principles|泛产品设计·落地卡片：设计原则]] — source `10_raw/sources/src_20260522_9eaf7399-ocr-泛产品设计-落地卡片-设计原则.md`
- [[_archive/panproduct/yt-panproduct-execution-good-tools|泛产品设计·落地卡片：善用佳软]] — source `10_raw/sources/src_20260522_7ddf8bf2-ocr-泛产品设计-落地卡片-善用佳软.md`
- [[_archive/panproduct/yt-panproduct-execution-hypothesis-decomposition|泛产品设计·落地卡片：假设拆解]] — source `10_raw/sources/src_20260522_eb90d179-ocr-泛产品设计-落地卡片-假设拆解.md`
- [[_archive/panproduct/yt-panproduct-execution-idea-spark|泛产品设计·落地卡片：灵感闪现]] — source `10_raw/sources/src_20260522_e861d61d-ocr-泛产品设计-落地卡片-灵感闪现.md`
- [[_archive/panproduct/yt-panproduct-execution-incubation-polish|泛产品设计·落地卡片：酝酿式打磨]] — source `10_raw/sources/src_20260522_2bcc3531-ocr-泛产品设计-落地卡片-酝酿式打磨.md`
- [[_archive/panproduct/yt-panproduct-execution-liberate-thinking|泛产品设计·落地卡片：解放思想]] — source `10_raw/sources/src_20260522_c2c6b487-ocr-泛产品设计-落地卡片-解放思想.md`
Both index files are auto-generated ("Auto-generated index", "Last updated"). Editing them manually is futile and wrong — they're regenerated. The right move: fix the SOURCE files' links, then have the indexes regenerated (黄药师's domain — `kdo index --rebuild`). But for the scope of this task, I can note that index regeneration is needed; or regenerate if there's a command. The task says 老顽童 should not run `kdo index --rebuild` (铁律 6: 产新卡后通知黄药师跑 kdo index --rebuild，你不要自己跑——全库扫描会阻塞). So: fix sources, notify 黄药师 for index rebuild in the report.

  But wait — if index files aren't regenerated, the rescan still shows ghosts from them. Rescan target <50... The rescan should exclude auto-generated index files? No — better: rescan counts them; I can report both numbers (excluding auto-generated indexes). Hmm. Actually for scan accuracy I could exclude `30_wiki/index.md` and `30_wiki/links/index.md` from the ACTION set but still report. Or check if kdo has an index regeneration command that's fast. Let me not decide yet — fix sources first, then measure.

  Plan for panproduct family:
  - In all vault .md files except _archive sources themselves and except auto-generated indexes (30_wiki/index.md, 30_wiki/links/index.md — these are derived), replace:
    - `[[_archive/panproduct/yt-panproduct-execution-X|...]]` → `[[tool-泛产品落地-Y|...]]`? Careful with alias part. The link `[[_archive/panproduct/yt-panproduct-execution-10x-validation|泛产品设计·落地卡片：十倍速验证]]` has an alias. Changing target to `[[tool-泛产品落地-十倍速验证|泛产品设计·落地卡片：十倍速验证]]` keeps alias. But this is in index.md (auto-generated) — skip.
    - In source cards, links like `[[yt-panproduct-execution-roi-analysis]]` → `[[tool-泛产品落地-ROI分析]]`, `[[_archive/panproduct/yt-panproduct-execution-roi-analysis]]` → same.

  Which files have these outside indexes? From tsv: dk-yb1-aigc-mvp-before-ps.md, yt-product-kernel-mv..., design-ai-image-generation.md, learning-thinking.md, tools-workflows.md, tool-mece体系框架法.md, yt-growth-channel-roi.md, concept-card-index? etc. Let me list sources from JSON for the panproduct family, excluding the two index files.27
146 _tmp/606/panproduct_sources.txt
90_control/backlinks-index-snapshot-20260704.md:598	_archive/panproduct/yt-panproduct-execution-roi-analysis	_archive/panproduct/yt-panproduct-execution-roi-analysis
90_control/backlinks-index-snapshot-20260704.md:1017	_archive/panproduct/yt-panproduct-execution-roi-analysis	_archive/panproduct/yt-panproduct-execution-roi-analysis
90_control/backlinks-index-snapshot-20260704.md:1026	_archive/panproduct/yt-panproduct-execution-roi-analysis	_archive/panproduct/yt-panproduct-execution-roi-analysis
90_control/backlinks-index-snapshot-20260704.md:1031	_archive/panproduct/yt-panproduct-execution-roi-analysis	_archive/panproduct/yt-panproduct-execution-roi-analysis
90_control/backlinks-index-snapshot-20260704.md:12080	_archive/panproduct/yt-panproduct-execution-roi-analysis	_archive/panproduct/yt-panproduct-execution-roi-analysis
90_control/backlinks-index-snapshot-20260704.md:12153	_archive/panproduct/yt-panproduct-execution-roi-analysis	_archive/panproduct/yt-panproduct-execution-roi-analysis
90_control/backlinks-index-snapshot-20260704.md:12181	_archive/panproduct/yt-panproduct-execution-roi-analysis	_archive/panproduct/yt-panproduct-execution-roi-analysis
90_control/backlinks-index-snapshot-20260704.md:15424	_archive/panproduct/yt-panproduct-execution-roi-analysis	_archive/panproduct/yt-panproduct-execution-roi-analysis
90_control/backlinks-index-snapshot-20260704.md:15512	_archive/panproduct/yt-panproduct-execution-roi-analysis	_archive/panproduct/yt-panproduct-execution-roi-analysis
90_control/backlinks-index-snapshot-20260704.md:16641	_archive/panproduct/yt-panproduct-execution-roi-analysis	_archive/panproduct/yt-panproduct-execution-roi-analysis
90_control/backlinks-index-snapshot-20260704.md:12106	_archive/panproduct/yt-panproduct-execution-war-room	_archive/panproduct/yt-panproduct-execution-war-room
90_control/backlinks-index-snapshot-20260704.md:12130	_archive/panproduct/yt-panproduct-execution-war-room	_archive/panproduct/yt-panproduct-execution-war-room
90_control/backlinks-index-snapshot-20260704.md:12140	_archive/panproduct/yt-panproduct-execution-war-room	_archive/panproduct/yt-panproduct-execution-war-room
90_control/backlinks-index-snapshot-20260704.md:12170	_archive/panproduct/yt-panproduct-execution-war-room	_archive/panproduct/yt-panproduct-execution-war-room
90_control/backlinks-index-snapshot-20260704.md:12182	_archive/panproduct/yt-panproduct-execution-war-room	_archive/panproduct/yt-panproduct-execution-war-room
90_control/backlinks-index-snapshot-20260704.md:14223	_archive/panproduct/yt-panproduct-execution-war-room	_archive/panproduct/yt-panproduct-execution-war-room
90_control/backlinks-index-snapshot-20260704.md:15425	_archive/panproduct/yt-panproduct-execution-war-room	_archive/panproduct/yt-panproduct-execution-war-room
90_control/backlinks-index-snapshot-20260704.md:15513	_archive/panproduct/yt-panproduct-execution-war-room	_archive/panproduct/yt-panproduct-execution-war-room
90_control/backlinks-index-snapshot-20260704.md:16642	_archive/panproduct/yt-panproduct-execution-war-room	_archive/panproduct/yt-panproduct-execution-war-room
90_control/backlinks-index-snapshot-20260704.md:14574	_archive/panproduct/yt-panproduct-demand-five-step-method	_archive/panproduct/yt-panproduct-demand-five-step-method
90_control/backlinks-index-snapshot-20260704.md:14792	_archive/panproduct/yt-panproduct-demand-five-step-method	_archive/panproduct/yt-panproduct-demand-five-step-method
90_control/backlinks-index-snapshot-20260704.md:14815	_archive/panproduct/yt-panproduct-demand-five-step-method	_archive/panproduct/yt-panproduct-demand-five-step-method
90_control/backlinks-index-snapshot-20260704.md:15347	_archive/panproduct/yt-panproduct-demand-five-step-method	_archive/panproduct/yt-panproduct-demand-five-step-method
90_control/backlinks-index-snapshot-20260704.md:15407	_archive/panproduct/yt-panproduct-demand-five-step-method	_archive/panproduct/yt-panproduct-demand-five-step-method
90_control/backlinks-index-snapshot-20260704.md:15475	_archive/panproduct/yt-panproduct-demand-five-step-method	_archive/panproduct/yt-panproduct-demand-five-step-method
90_control/backlinks-index-snapshot-20260704.md:15573	_archive/panproduct/yt-panproduct-demand-five-step-method	_archive/panproduct/yt-panproduct-demand-five-step-method
90_control/backlinks-index-snapshot-20260704.md:16624	_archive/panproduct/yt-panproduct-demand-five-step-method	_archive/panproduct/yt-panproduct-demand-five-step-method
90_control/backlinks-index-snapshot-20260704.md:1472	_archive/panproduct/yt-panproduct-execution-hypothesis-decomposition	_archive/panproduct/yt-panproduct-execution-hypothesis-decomposition
90_control/backlinks-index-snapshot-20260704.md:1481	_archive/panproduct/yt-panproduct-execution-hypothesis-decomposition	_archive/panproduct/yt-panproduct-execution-hypothesis-decomposition
90_control/backlinks-index-snapshot-20260704.md:12091	_archive/panproduct/yt-panproduct-execution-hypothesis-decomposition	_archive/panproduct/yt-panproduct-execution-hypothesis-decomposition
90_control/backlinks-index-snapshot-20260704.md:12122	_archive/panproduct/yt-panproduct-execution-hypothesis-decomposition	_archive/panproduct/yt-panproduct-execution-hypothesis-decomposition
90_control/backlinks-index-snapshot-20260704.md:14576	_archive/panproduct/yt-panproduct-execution-hypothesis-decomposition	_archive/panproduct/yt-panproduct-execution-hypothesis-decomposition
90_control/backlinks-index-snapshot-20260704.md:15413	_archive/panproduct/yt-panproduct-execution-hypothesis-decomposition	_archive/panproduct/yt-panproduct-execution-hypothesis-decomposition
90_control/backlinks-index-snapshot-20260704.md:15501	_archive/panproduct/yt-panproduct-execution-hypothesis-decomposition	_archive/panproduct/yt-panproduct-execution-hypothesis-decomposition
90_control/backlinks-index-snapshot-20260704.md:16630	_archive/panproduct/yt-panproduct-execution-hypothesis-decomposition	_archive/panproduct/yt-panproduct-execution-hypothesis-decomposition
90_control/backlinks-index-snapshot-20260704.md:12102	_archive/panproduct/yt-panproduct-execution-logic-mece	_archive/panproduct/yt-panproduct-execution-logic-mece
90_control/backlinks-index-snapshot-20260704.md:12109	_archive/panproduct/yt-panproduct-execution-logic-mece	_archive/panproduct/yt-panproduct-execution-logic-mece
90_control/backlinks-index-snapshot-20260704.md:12139	_archive/panproduct/yt-panproduct-execution-logic-mece	_archive/panproduct/yt-panproduct-execution-logic-mece
90_control/backlinks-index-snapshot-20260704.md:15417	_archive/panproduct/yt-panproduct-execution-logic-mece	_archive/panproduct/yt-panproduct-execution-logic-mece
90_control/backlinks-index-snapshot-20260704.md:15505	_archive/panproduct/yt-panproduct-execution-logic-mece	_archive/panproduct/yt-panproduct-execution-logic-mece
90_control/backlinks-index-snapshot-20260704.md:15574	_archive/panproduct/yt-panproduct-execution-logic-mece	_archive/panproduct/yt-panproduct-execution-logic-mece
90_control/backlinks-index-snapshot-20260704.md:15739	_archive/panproduct/yt-panproduct-execution-logic-mece	_archive/panproduct/yt-panproduct-execution-logic-mece
90_control/backlinks-index-snapshot-20260704.md:16634	_archive/panproduct/yt-panproduct-execution-logic-mece	_archive/panproduct/yt-panproduct-execution-logic-mece
90_control/backlinks-index-snapshot-20260704.md:12103	_archive/panproduct/yt-panproduct-execution-low-cost-mvp	_archive/panproduct/yt-panproduct-execution-low-cost-mvp
90_control/backlinks-index-snapshot-20260704.md:12123	_archive/panproduct/yt-panproduct-execution-low-cost-mvp	_archive/panproduct/yt-panproduct-execution-low-cost-mvp
90_control/backlinks-index-snapshot-20260704.md:14577	_archive/panproduct/yt-panproduct-execution-low-cost-mvp	_archive/panproduct/yt-panproduct-execution-low-cost-mvp
90_control/backlinks-index-snapshot-20260704.md:14686	_archive/panproduct/yt-panproduct-execution-low-cost-mvp	_archive/panproduct/yt-panproduct-execution-low-cost-mvp
90_control/backlinks-index-snapshot-20260704.md:15418	_archive/panproduct/yt-panproduct-execution-low-cost-mvp	_archive/panproduct/yt-panproduct-execution-low-cost-mvp
90_control/backlinks-index-snapshot-20260704.md:15506	_archive/panproduct/yt-panproduct-execution-low-cost-mvp	_archive/panproduct/yt-panproduct-execution-low-cost-mvp
90_control/backlinks-index-snapshot-20260704.md:16171	_archive/panproduct/yt-panproduct-execution-low-cost-mvp	_archive/panproduct/yt-panproduct-execution-low-cost-mvp
90_control/backlinks-index-snapshot-20260704.md:16635	_archive/panproduct/yt-panproduct-execution-low-cost-mvp	_archive/panproduct/yt-panproduct-execution-low-cost-mvp
90_control/backlinks-index-snapshot-20260704.md:12104	_archive/panproduct/yt-panproduct-execution-milestone-breakdown	_archive/panproduct/yt-panproduct-execution-milestone-breakdown
90_control/backlinks-index-snapshot-20260704.md:12124	_archive/panproduct/yt-panproduct-execution-milestone-breakdown	_archive/panproduct/yt-panproduct-execution-milestone-breakdown
90_control/backlinks-index-snapshot-20260704.md:12129	_archive/panproduct/yt-panproduct-execution-milestone-breakdown	_archive/panproduct/yt-panproduct-execution-milestone-breakdown
90_control/backlinks-index-snapshot-20260704.md:12152	_archive/panproduct/yt-panproduct-execution-milestone-breakdown	_archive/panproduct/yt-panproduct-execution-milestone-breakdown
90_control/backlinks-index-snapshot-20260704.md:12186	_archive/panproduct/yt-panproduct-execution-milestone-breakdown	_archive/panproduct/yt-panproduct-execution-milestone-breakdown
90_control/backlinks-index-snapshot-20260704.md:15420	_archive/panproduct/yt-panproduct-execution-milestone-breakdown	_archive/panproduct/yt-panproduct-execution-milestone-breakdown
90_control/backlinks-index-snapshot-20260704.md:15508	_archive/panproduct/yt-panproduct-execution-milestone-breakdown	_archive/panproduct/yt-panproduct-execution-milestone-breakdown
90_control/backlinks-index-snapshot-20260704.md:16637	_archive/panproduct/yt-panproduct-execution-milestone-breakdown	_archive/panproduct/yt-panproduct-execution-milestone-breakdown
90_control/backlinks-index-snapshot-20260704.md:12101	_archive/panproduct/yt-panproduct-execution-liberate-thinking	_archive/panproduct/yt-panproduct-execution-liberate-thinking
90_control/backlinks-index-snapshot-20260704.md:12138	_archive/panproduct/yt-panproduct-execution-liberate-thinking	_archive/panproduct/yt-panproduct-execution-liberate-thinking
90_control/backlinks-index-snapshot-20260704.md:15382	_archive/panproduct/yt-panproduct-execution-liberate-thinking	_archive/panproduct/yt-panproduct-execution-liberate-thinking
90_control/backlinks-index-snapshot-20260704.md:15416	_archive/panproduct/yt-panproduct-execution-liberate-thinking	_archive/panproduct/yt-panproduct-execution-liberate-thinking
90_control/backlinks-index-snapshot-20260704.md:15504	_archive/panproduct/yt-panproduct-execution-liberate-thinking	_archive/panproduct/yt-panproduct-execution-liberate-thinking
90_control/backlinks-index-snapshot-20260704.md:15993	_archive/panproduct/yt-panproduct-execution-liberate-thinking	_archive/panproduct/yt-panproduct-execution-liberate-thinking
90_control/backlinks-index-snapshot-20260704.md:16633	_archive/panproduct/yt-panproduct-execution-liberate-thinking	_archive/panproduct/yt-panproduct-execution-liberate-thinking
90_control/backlinks-index-snapshot-20260704.md:12071	_archive/panproduct/yt-panproduct-execution-management-trilogy	_archive/panproduct/yt-panproduct-execution-management-trilogy
90_control/backlinks-index-snapshot-20260704.md:12110	_archive/panproduct/yt-panproduct-execution-management-trilogy	_archive/panproduct/yt-panproduct-execution-management-trilogy
90_control/backlinks-index-snapshot-20260704.md:12178	_archive/panproduct/yt-panproduct-execution-management-trilogy	_archive/panproduct/yt-panproduct-execution-management-trilogy
90_control/backlinks-index-snapshot-20260704.md:15231	_archive/panproduct/yt-panproduct-execution-management-trilogy	_archive/panproduct/yt-panproduct-execution-management-trilogy
90_control/backlinks-index-snapshot-20260704.md:15419	_archive/panproduct/yt-panproduct-execution-management-trilogy	_archive/panproduct/yt-panproduct-execution-management-trilogy
90_control/backlinks-index-snapshot-20260704.md:15507	_archive/panproduct/yt-panproduct-execution-management-trilogy	_archive/panproduct/yt-panproduct-execution-management-trilogy
90_control/backlinks-index-snapshot-20260704.md:16636	_archive/panproduct/yt-panproduct-execution-management-trilogy	_archive/panproduct/yt-panproduct-execution-management-trilogy
90_control/backlinks-index-snapshot-20260704.md:12089	_archive/panproduct/yt-panproduct-execution-10x-validation	_archive/panproduct/yt-panproduct-execution-10x-validation
90_control/backlinks-index-snapshot-20260704.md:12100	_archive/panproduct/yt-panproduct-execution-10x-validation	_archive/panproduct/yt-panproduct-execution-10x-validation
90_control/backlinks-index-snapshot-20260704.md:14575	_archive/panproduct/yt-panproduct-execution-10x-validation	_archive/panproduct/yt-panproduct-execution-10x-validation
90_control/backlinks-index-snapshot-20260704.md:15408	_archive/panproduct/yt-panproduct-execution-10x-validation	_archive/panproduct/yt-panproduct-execution-10x-validation
90_control/backlinks-index-snapshot-20260704.md:15496	_archive/panproduct/yt-panproduct-execution-10x-validation	_archive/panproduct/yt-panproduct-execution-10x-validation
90_control/backlinks-index-snapshot-20260704.md:16625	_archive/panproduct/yt-panproduct-execution-10x-validation	_archive/panproduct/yt-panproduct-execution-10x-validation
90_control/backlinks-index-snapshot-20260704.md:4504	_archive/panproduct/yt-panproduct-execution-business-modeling	_archive/panproduct/yt-panproduct-execution-business-modeling
90_control/backlinks-index-snapshot-20260704.md:12070	_archive/panproduct/yt-panproduct-execution-business-modeling	_archive/panproduct/yt-panproduct-execution-business-modeling
90_control/backlinks-index-snapshot-20260704.md:12168	_archive/panproduct/yt-panproduct-execution-business-modeling	_archive/panproduct/yt-panproduct-execution-business-modeling
90_control/backlinks-index-snapshot-20260704.md:15409	_archive/panproduct/yt-panproduct-execution-business-modeling	_archive/panproduct/yt-panproduct-execution-business-modeling
90_control/backlinks-index-snapshot-20260704.md:15497	_archive/panproduct/yt-panproduct-execution-business-modeling	_archive/panproduct/yt-panproduct-execution-business-modeling
90_control/backlinks-index-snapshot-20260704.md:16626	_archive/panproduct/yt-panproduct-execution-business-modeling	_archive/panproduct/yt-panproduct-execution-business-modeling
90_control/backlinks-index-snapshot-20260704.md:12118	_archive/panproduct/yt-panproduct-execution-design-principles	_archive/panproduct/yt-panproduct-execution-design-principles
90_control/backlinks-index-snapshot-20260704.md:15411	_archive/panproduct/yt-panproduct-execution-design-principles	_archive/panproduct/yt-panproduct-execution-design-principles
90_control/backlinks-index-snapshot-20260704.md:15499	_archive/panproduct/yt-panproduct-execution-design-principles	_archive/panproduct/yt-panproduct-execution-design-principles
90_control/backlinks-index-snapshot-20260704.md:15744	_archive/panproduct/yt-panproduct-execution-design-principles	_archive/panproduct/yt-panproduct-execution-design-principles
90_control/backlinks-index-snapshot-20260704.md:15755	_archive/panproduct/yt-panproduct-execution-design-principles	_archive/panproduct/yt-panproduct-execution-design-principles
90_control/backlinks-index-snapshot-20260704.md:16628	_archive/panproduct/yt-panproduct-execution-design-principles	_archive/panproduct/yt-panproduct-execution-design-principles
90_control/backlinks-index-snapshot-20260704.md:12135	_archive/panproduct/yt-panproduct-execution-idea-spark	_archive/panproduct/yt-panproduct-execution-idea-spark
90_control/backlinks-index-snapshot-20260704.md:12157	_archive/panproduct/yt-panproduct-execution-idea-spark	_archive/panproduct/yt-panproduct-execution-idea-spark
90_control/backlinks-index-snapshot-20260704.md:15414	_archive/panproduct/yt-panproduct-execution-idea-spark	_archive/panproduct/yt-panproduct-execution-idea-spark
90_control/backlinks-index-snapshot-20260704.md:15502	_archive/panproduct/yt-panproduct-execution-idea-spark	_archive/panproduct/yt-panproduct-execution-idea-spark
90_control/backlinks-index-snapshot-20260704.md:15738	_archive/panproduct/yt-panproduct-execution-idea-spark	_archive/panproduct/yt-panproduct-execution-idea-spark
90_control/backlinks-index-snapshot-20260704.md:16631	_archive/panproduct/yt-panproduct-execution-idea-spark	_archive/panproduct/yt-panproduct-execution-idea-spark
90_control/backlinks-index-snapshot-20260704.md:12128	_archive/panproduct/yt-panproduct-execution-incubation-polish	_archive/panproduct/yt-panproduct-execution-incubation-polish
90_control/backlinks-index-snapshot-20260704.md:15415	_archive/panproduct/yt-panproduct-execution-incubation-polish	_archive/panproduct/yt-panproduct-execution-incubation-polish
90_control/backlinks-index-snapshot-20260704.md:15503	_archive/panproduct/yt-panproduct-execution-incubation-polish	_archive/panproduct/yt-panproduct-execution-incubation-polish
90_control/backlinks-index-snapshot-20260704.md:15756	_archive/panproduct/yt-panproduct-execution-incubation-polish	_archive/panproduct/yt-panproduct-execution-incubation-polish
90_control/backlinks-index-snapshot-20260704.md:15781	_archive/panproduct/yt-panproduct-execution-incubation-polish	_archive/panproduct/yt-panproduct-execution-incubation-polish
90_control/backlinks-index-snapshot-20260704.md:16632	_archive/panproduct/yt-panproduct-execution-incubation-polish	_archive/panproduct/yt-panproduct-execution-incubation-polish
90_control/backlinks-index-snapshot-20260704.md:12092	_archive/panproduct/yt-panproduct-execution-realistic-simulation	_archive/panproduct/yt-panproduct-execution-realistic-simulation
90_control/backlinks-index-snapshot-20260704.md:12164	_archive/panproduct/yt-panproduct-execution-realistic-simulation	_archive/panproduct/yt-panproduct-execution-realistic-simulation
90_control/backlinks-index-snapshot-20260704.md:15421	_archive/panproduct/yt-panproduct-execution-realistic-simulation	_archive/panproduct/yt-panproduct-execution-realistic-simulation
90_control/backlinks-index-snapshot-20260704.md:15509	_archive/panproduct/yt-panproduct-execution-realistic-simulation	_archive/panproduct/yt-panproduct-execution-realistic-simulation
90_control/backlinks-index-snapshot-20260704.md:15797	_archive/panproduct/yt-panproduct-execution-realistic-simulation	_archive/panproduct/yt-panproduct-execution-realistic-simulation
90_control/backlinks-index-snapshot-20260704.md:16638	_archive/panproduct/yt-panproduct-execution-realistic-simulation	_archive/panproduct/yt-panproduct-execution-realistic-simulation
90_control/backlinks-index-snapshot-20260704.md:12179	_archive/panproduct/yt-panproduct-execution-review-iteration	_archive/panproduct/yt-panproduct-execution-review-iteration
90_control/backlinks-index-snapshot-20260704.md:15296	_archive/panproduct/yt-panproduct-execution-review-iteration	_archive/panproduct/yt-panproduct-execution-review-iteration
90_control/backlinks-index-snapshot-20260704.md:15303	_archive/panproduct/yt-panproduct-execution-review-iteration	_archive/panproduct/yt-panproduct-execution-review-iteration
90_control/backlinks-index-snapshot-20260704.md:15422	_archive/panproduct/yt-panproduct-execution-review-iteration	_archive/panproduct/yt-panproduct-execution-review-iteration
90_control/backlinks-index-snapshot-20260704.md:15510	_archive/panproduct/yt-panproduct-execution-review-iteration	_archive/panproduct/yt-panproduct-execution-review-iteration
90_control/backlinks-index-snapshot-20260704.md:16639	_archive/panproduct/yt-panproduct-execution-review-iteration	_archive/panproduct/yt-panproduct-execution-review-iteration
90_control/backlinks-index-snapshot-20260704.md:12105	_archive/panproduct/yt-panproduct-execution-risk-management	_archive/panproduct/yt-panproduct-execution-risk-management
90_control/backlinks-index-snapshot-20260704.md:12180	_archive/panproduct/yt-panproduct-execution-risk-management	_archive/panproduct/yt-panproduct-execution-risk-management
90_control/backlinks-index-snapshot-20260704.md:15297	_archive/panproduct/yt-panproduct-execution-risk-management	_archive/panproduct/yt-panproduct-execution-risk-management
90_control/backlinks-index-snapshot-20260704.md:15423	_archive/panproduct/yt-panproduct-execution-risk-management	_archive/panproduct/yt-panproduct-execution-risk-management
90_control/backlinks-index-snapshot-20260704.md:15511	_archive/panproduct/yt-panproduct-execution-risk-management	_archive/panproduct/yt-panproduct-execution-risk-management
90_control/backlinks-index-snapshot-20260704.md:16640	_archive/panproduct/yt-panproduct-execution-risk-management	_archive/panproduct/yt-panproduct-execution-risk-management
90_control/backlinks-index-snapshot-20260704.md:12151	_archive/panproduct/yt-panproduct-execution-core-and-boundary	_archive/panproduct/yt-panproduct-execution-core-and-boundary
90_control/backlinks-index-snapshot-20260704.md:12169	_archive/panproduct/yt-panproduct-execution-core-and-boundary	_archive/panproduct/yt-panproduct-execution-core-and-boundary
90_control/backlinks-index-snapshot-20260704.md:15410	_archive/panproduct/yt-panproduct-execution-core-and-boundary	_archive/panproduct/yt-panproduct-execution-core-and-boundary
90_control/backlinks-index-snapshot-20260704.md:15498	_archive/panproduct/yt-panproduct-execution-core-and-boundary	_archive/panproduct/yt-panproduct-execution-core-and-boundary
90_control/backlinks-index-snapshot-20260704.md:16627	_archive/panproduct/yt-panproduct-execution-core-and-boundary	_archive/panproduct/yt-panproduct-execution-core-and-boundary
90_control/backlinks-index-snapshot-20260704.md:12090	_archive/panproduct/yt-panproduct-execution-good-tools	_archive/panproduct/yt-panproduct-execution-good-tools
90_control/backlinks-index-snapshot-20260704.md:12119	_archive/panproduct/yt-panproduct-execution-good-tools	_archive/panproduct/yt-panproduct-execution-good-tools
90_control/backlinks-index-snapshot-20260704.md:15412	_archive/panproduct/yt-panproduct-execution-good-tools	_archive/panproduct/yt-panproduct-execution-good-tools
90_control/backlinks-index-snapshot-20260704.md:15500	_archive/panproduct/yt-panproduct-execution-good-tools	_archive/panproduct/yt-panproduct-execution-good-tools
90_control/backlinks-index-snapshot-20260704.md:16629	_archive/panproduct/yt-panproduct-execution-good-tools	_archive/panproduct/yt-panproduct-execution-good-tools
30_wiki/dark-knowledges/dk-yb1-aigc-mvp-before-ps.md:29	yt-panproduct-execution-low-cost-mvp	yt-panproduct-execution-low-cost-mvp
30_wiki/tools/yt-product-kernel-mvp-design.md:29	yt-panproduct-execution-low-cost-mvp	yt-panproduct-execution-low-cost-mvp
90_control/backlinks-index-snapshot-20260704.md:15836	yt-panproduct-execution-low-cost-mvp	yt-panproduct-execution-low-cost-mvp
30_wiki/concepts/design-ai-image-generation.md:32	yt-panproduct-execution-design-principles	yt-panproduct-execution-design-principles
90_control/backlinks-index-snapshot-20260704.md:15824	yt-panproduct-execution-design-principles	yt-panproduct-execution-design-principles
30_wiki/concepts/learning-thinking.md:30	yt-panproduct-execution-liberate-thinking	yt-panproduct-execution-liberate-thinking
90_control/backlinks-index-snapshot-20260704.md:15830	yt-panproduct-execution-liberate-thinking	yt-panproduct-execution-liberate-thinking
30_wiki/concepts/tools-workflows.md:22	yt-panproduct-execution-good-tools	yt-panproduct-execution-good-tools
90_control/backlinks-index-snapshot-20260704.md:15827	yt-panproduct-execution-good-tools	yt-panproduct-execution-good-tools
30_wiki/tools/tool-mece体系框架法.md:32	yt-panproduct-execution-logic-mece	yt-panproduct-execution-logic-mece
90_control/backlinks-index-snapshot-20260704.md:15833	yt-panproduct-execution-logic-mece	yt-panproduct-execution-logic-mece
30_wiki/tools/yt-growth-channel-roi.md:26	yt-panproduct-execution-roi-analysis	yt-panproduct-execution-roi-analysis
90_control/backlinks-index-snapshot-20260704.md:15840	yt-panproduct-execution-roi-analysis	yt-panproduct-execution-roi-analysis
60_feedback/tasks/task_20260627_laowantong-lanyi-panproduct-organization.md:11	framework-panproduct-domain-digest	framework-panproduct-domain-digest
90_control/backlinks-index-snapshot-20260704.md:15821	yt-panproduct-execution-core-and-boundary	yt-panproduct-execution-core-and-boundary
Key insight: the vast majority of panproduct ghost occurrences (and likely many other families) live in `90_control/backlinks-index-snapshot-20260704.md` — a historical SNAPSHOT file (point-in-time record from 2026-07-04). Editing a snapshot is wrong — it's a historical record. Similarly `30_wiki/index.md` and `30_wiki/links/index.md` are auto-generated.

  Real actionable sources for panproduct family:
  - 30_wiki/dark-knowledges/dk-yb1-aigc-mvp-before-ps.md:29 → 改链 tool-泛产品落地-低成本测试MVP
  - 30_wiki/tools/yt-product-kernel-mvp-design.md:29 → same
  - 30_wiki/concepts/design-ai-image-generation.md:32 → tool-泛产品落地-设计原则
  - 30_wiki/concepts/learning-thinking.md:30 → tool-泛产品落地-解放思想
  - 30_wiki/concepts/tools-workflows.md:22 → tool-泛产品落地-善用佳软
  - 30_wiki/tools/tool-mece体系框架法.md:32 → tool-泛产品落地-逻辑MECE
  - 30_wiki/tools/yt-growth-channel-roi.md:26 → tool-泛产品落地-ROI分析
  - 60_feedback/tasks/task_20260627... — historical task file, leave (record).

  So for panproduct: 7 real link lines in live cards → 改链. Snapshot/index files → excluded by class (auto-generated/snapshot), note in report.

  This drastically changes my approach: I should classify SOURCE files into:
  - live cards/docs (30_wiki excluding auto-gen indexes, .agent/prompts, 40_outputs skills, agents/) → adjudicate
  - auto-generated (30_wiki/index.md, 30_wiki/links/index.md) → regenerate by 黄药师, exclude
  - snapshots/historical records (90_control/backlinks-index-snapshot-*, 60_feedback/**, 70_product/tasks historical) → leave, report

  Let me recompute family stats excluding those file classes, to see the real work set. Then adjudicate.

  Also should .obsidian graph.json exclusion be considered? Not my scope.

  Let me produce a per-family, per-file actionable table.done
Excellent. Actionable picture:

  - LIVE total = 255 occurrences. Everything else (auto-gen index, snapshot, historical records, archive sources) = excluded from action, will remain as "residual" but they're records/derived.

  Wait — but the rescan target is <50 occurrences. If I count residual in snapshot+autogen+historical, that's 904-255=649 which stays. So the rescan metric must be defined on LIVE surfaces only, or on 30_wiki minus autogen. Hmm. The task's target "<50 处（正常业务残余）" — with her counting method whatever it was. I'll define: rescan metric = live-surface ghost occurrences (excluding auto-generated indexes, snapshots, 60_feedback/70_product historical records, _archive sources). Justification goes in the report. Current live baseline: 255.

  Now adjudicate live occurrences by family:

  **F1 panproduct-archive live=8** (lines 213, 63-65, 68-69, 53: plus demand-five-step? all live panproduct entries):
  - 30_wiki/dark-knowledges/dk-yb1-aigc-mvp-before-ps.md:29 → yt-panproduct-execution-low-cost-mvp → 改链 tool-泛产品落地-低成本测试MVP
  - 30_wiki/tools/yt-product-kernel-mvp-design.md:29 → 同上
  - 30_wiki/concepts/design-ai-image-generation.md:32 → design-principles → tool-泛产品落地-设计原则
  - 30_wiki/concepts/learning-thinking.md:30 → liberate-thinking → tool-泛产品落地-解放思想
  - 30_wiki/concepts/tools-workflows.md:22 → good-tools → tool-泛产品落地-善用佳软
  - 30_wiki/tools/tool-mece体系框架法.md:32 → logic-mece → tool-泛产品落地-逻辑MECE
  - 30_wiki/tools/yt-growth-channel-roi.md:26 → roi-analysis → tool-泛产品落地-ROI分析
  - yt-panproduct-execution-core-and-boundary live=1 → which file? need lookup. → tool-泛产品落地-内核和边界

  **F2 yitang-agent-spec live≈123**: 24+18+15+10+10+5×8+3 ≈ let me sum: framework-yitang-product-iteration-loop 23, tool-yitang-scenario-walkthrough 18, tool-yitang-beautiful-work-imagination 15, tool-yitang-aesthetic-radar-modeling 10, framework-yitang-user-perspective-training 10, framework-yitang-ability-migration-matrix 5, tool-yitang-project-background-analysis 5, tool-yitang-sales-toolkit-gap 5, framework-yitang-aesthetic-radar 5, framework-yitang-beautiful-work-standard 5, framework-yitang-card-dealing-strategy 5, framework-yitang-project-background-8d 5, framework-yitang-project-planning-trinity 5, tool-yitang-ability-migration-diagnosis 5, framework-yitang-scenario-walkthrough 3 = 124.

  Adjudication: these point to "planned framework/tool cards" that were never produced. The source cards are the agent-spec series (which ARE the produced version of those tools). For tool-yitang-X where a tool-agent-spec-yitang-X exists → 改链 to the agent-spec card (the same topic, actually existing). For framework-yitang-* planned frameworks → check if any equivalent exists; else 删链 (plan never landed) — but per-file context: lines like "**迭代框架**：[[framework-yitang-product-iteration-loop]] — ..." deleting the whole line loses info. Red line says 只动链接行不动卡片正文 — deleting a link line is allowed ("删链：计划从未落地，删除该链接行"). But a line like "- **迭代框架**：[[...]] — 走查结果是迭代输入" is a content line containing a link, not a pure link line. Hmm. "只动链接行不动卡片正文" — I interpret: may modify links (the [[]] token) but not rewrite content. For inline links within content lines, the minimal operation is to neutralize the link syntax: `[[X]]` → `X` (keep text, drop link). That keeps content intact, kills the scatter. For pure link-list lines (frontmatter related, "- [[X]]" bullet lines), delete the line.

  That's a defensible uniform rule:
  - frontmatter related / bullet list line whose sole content is the link → 删链 (delete line)
  - inline link within a sentence → 断链保文 (strip brackets) = 改链的一种
  - known rename target exists → 改链 to the real target

  For agent-spec family:
  - tool-yitang-scenario-walkthrough → exists tool-agent-spec-yitang-scenario-walkthrough? The target "tool-yitang-scenario-walkthrough" doesn't exist but "tool-agent-spec-yitang-scenario-walkthrough" does. 改链 to it.
  - tool-yitang-beautiful-work-imagination → tool-agent-spec-yitang-beautiful-work-imagination ✓
  - tool-yitang-aesthetic-radar-modeling → tool-agent-spec-yitang-aesthetic-radar-modeling ✓
  - tool-yitang-project-background-analysis → tool-agent-spec-yitang-project-background-analysis ✓
  - tool-yitang-ability-migration-diagnosis → tool-agent-spec-yitang-ability-migration-diagnosis ✓
  - tool-yitang-sales-toolkit-gap → is there tool-agent-spec-yitang-sales-toolkit-gap? Check.
  - framework-yitang-user-perspective-training → tool-agent-spec-yitang-user-perspective-training exists (agent-spec for user perspective training). Reasonable 改链.
  - framework-yitang-scenario-walkthrough → tool-agent-spec-yitang-scenario-walkthrough (covers 场景走查五步法). Reasonable.
  - framework-yitang-product-iteration-loop → any existing iteration framework? Check for "iteration" cards.
  - framework-yitang-ability-migration-matrix → ? maybe tool-agent-spec-yitang-ability-migration-diagnosis.
  - framework-yitang-aesthetic-radar → tool-agent-spec-yitang-aesthetic-radar-modeling.
  - framework-yitang-beautiful-work-standard → tool-agent-spec-yitang-beautiful-work-imagination.
  - framework-yitang-card-dealing-strategy → tool-agent-spec-yitang-card-dealing-guide.
  - framework-yitang-project-background-8d → tool-agent-spec-yitang-project-background-analysis.
  - framework-yitang-project-planning-trinity → ? check for planning trinity card.

  But careful: 改链 changes semantics ("迭代框架：X" → pointing to an agent-spec tool card is misleading). For framework-* where no real framework card exists, honest adjudication = 断链保文（标记计划未落地）or 删链. Since these agent-spec cards were written 07-15 referencing a planned supporting framework that never landed, and 2 months later still not landed → 删链 justified per task ("计划从未落地，删除该链接行"). For inline lines, strip brackets.

  **F3 template-placeholder live≈40**: `...`, `wikilink`, `id`, `card-id`, `A`, `作品名称`, `新卡`, `filename`, `页面名`, `self`, etc. — need per-file look; most in skill docs/templates/agents specs. Treatment: strip brackets (保文). Some in live skill docs under 40_outputs/capabilities/skills — those are operational docs; `[[wikilink]]` examples → strip to `wikilink`. But wait, many are hist=（60_feedback) already excluded. Live ones: `...` live=3, wikilink live=10, id live=3, card-id live=4, A live=3, 作品名称 live=6, etc.

  **F4 misc live**: 紫鲸ai (3), 一堂调研行动营 (4+1), framework-lean-unit-economics (0 live), tool-单元模型-单门店 (0 live), consultant-mode-yai-style (2), concept-一堂-* (5×1), kdo-charter-v01-draft (1), 刻意练习方法论 (2), skill-note-* (2+1+1), plan_20260531_data-curator (1+1),  etc. Each needs individual look. ~60 live occurrences.

  **F5 yitang-other live**: framework-yitang-JTBD-iceberg-model 3, demand-analysis-five-steps 3, lean-startup 3, yt-decision-key-hypotheses 1, etc. ~12 live.

  Total live 255. That's the work set. Plan of execution by family commits:

  1. Commit B1: panproduct 改链 (8 处, 8 files-ish)
  2. Commit B2: agent-spec 族 (124 处) — 改链 where agent-spec equivalent exists; 断链/删链 for framework-* planned
  3. Commit B3: template-placeholder 断链保文 (~40 处 live)
  4. Commit B4: yitang-other 逐一 (12 处)
  5. Commit B5: misc 逐一 (~70 处)

  Each with adjudication table in report.

  Note: .agent/prompts/* files — live class? They're in my 'live' class (not excluded). They're the deployed prompt copies of agent-spec cards. Editing them keeps consistency. OK.

  Let me now extract the full live occurrence list with context lines for adjudication. Generate a file with file:line + line content for all live occurrences.255 live lines written
264
grep: -P supports only unibyte and UTF-8 locales

264 lines not 255 — some targets repeat (multiple links per line possible? or the raw target differs but normalized). Whatever, small. Locale issue with grep -P; use grep -F.Binary file _tmp/606/live_lines.txt matches
framework-yitang-product-iteration-loop	.agent/prompts/tool-agent-spec-yitang-aesthetic-radar-modeling.md:26	- "[[framework-yitang-product-iteration-loop]]"
framework-yitang-product-iteration-loop	.agent/prompts/tool-agent-spec-yitang-aesthetic-radar-modeling.md:97	- **迭代框架**：[[framework-yitang-product-iteration-loop]] — 审美升级应纳入迭代节奏，而非
framework-yitang-product-iteration-loop	.agent/prompts/tool-agent-spec-yitang-aesthetic-radar-modeling.md:235	- 本 Agent 是 [[framework-yitang-product-iteration-loop]] 中「品质审查」环节的审美专项工具�
framework-yitang-product-iteration-loop	.agent/prompts/tool-agent-spec-yitang-beautiful-work-imagination.md:26	- "[[framework-yitang-product-iteration-loop]]"
framework-yitang-product-iteration-loop	.agent/prompts/tool-agent-spec-yitang-beautiful-work-imagination.md:96	- **迭代框架**：[[framework-yitang-product-iteration-loop]] — 升级路径应纳入迭代节奏，而�
framework-yitang-product-iteration-loop	.agent/prompts/tool-agent-spec-yitang-beautiful-work-imagination.md:224	- 本 Agent 是 [[framework-yitang-product-iteration-loop]] 中「品质审查」和「版本规划」的衔
framework-yitang-product-iteration-loop	.agent/prompts/tool-agent-spec-yitang-card-dealing-guide.md:26	- "[[framework-yitang-product-iteration-loop]]"
framework-yitang-product-iteration-loop	.agent/prompts/tool-agent-spec-yitang-card-dealing-guide.md:99	- **迭代框架**：[[framework-yitang-product-iteration-loop]] — 每轮出牌后的反馈应纳入迭代循环。
framework-yitang-product-iteration-loop	.agent/prompts/tool-agent-spec-yitang-card-dealing-guide.md:224	- 与 [[framework-yitang-product-iteration-loop]] 的关系：每轮出牌后的反馈应纳入迭代循环，持续
framework-yitang-product-iteration-loop	.agent/prompts/tool-agent-spec-yitang-scenario-walkthrough.md:25	- "[[framework-yitang-product-iteration-loop]]"
framework-yitang-product-iteration-loop	.agent/prompts/tool-agent-spec-yitang-scenario-walkthrough.md:96	- **迭代框架**：[[framework-yitang-product-iteration-loop]] — 走查结果是迭代输入，需纳入迭代�
framework-yitang-product-iteration-loop	.agent/prompts/tool-agent-spec-yitang-scenario-walkthrough.md:216	- 本 Agent 是 [[framework-yitang-product-iteration-loop]] 中「体验审查」环节的可运行工具。
framework-yitang-product-iteration-loop	.agent/prompts/tool-agent-spec-yitang-user-perspective-training.md:27	- "[[framework-yitang-product-iteration-loop]]"
framework-yitang-product-iteration-loop	.agent/prompts/tool-agent-spec-yitang-user-perspective-training.md:95	- **迭代循环**：[[framework-yitang-product-iteration-loop]] — 用户视角是产品迭代的起点。
framework-yitang-product-iteration-loop	30_wiki/tools/tool-agent-spec-yitang-aesthetic-radar-modeling.md:116	- **迭代框架**：[[framework-yitang-product-iteration-loop]] — 审美升级应纳入迭代节奏，而非
framework-yitang-product-iteration-loop	30_wiki/tools/tool-agent-spec-yitang-aesthetic-radar-modeling.md:254	- 本 Agent 是 [[framework-yitang-product-iteration-loop]] 中「品质审查」环节的审美专项工具。
framework-yitang-product-iteration-loop	30_wiki/tools/tool-agent-spec-yitang-beautiful-work-imagination.md:116	- **迭代框架**：[[framework-yitang-product-iteration-loop]] — 升级路径应纳入迭代节奏，而�
framework-yitang-product-iteration-loop	30_wiki/tools/tool-agent-spec-yitang-beautiful-work-imagination.md:244	- 本 Agent 是 [[framework-yitang-product-iteration-loop]] 中「品质审查」和「版本规划」的衔�
framework-yitang-product-iteration-loop	30_wiki/tools/tool-agent-spec-yitang-card-dealing-guide.md:116	- **迭代框架**：[[framework-yitang-product-iteration-loop]] — 每轮出牌后的反馈应纳入迭代循环。
framework-yitang-product-iteration-loop	30_wiki/tools/tool-agent-spec-yitang-card-dealing-guide.md:241	- 与 [[framework-yitang-product-iteration-loop]] 的关系：每轮出牌后的反馈应纳入迭代循环，持续�
framework-yitang-product-iteration-loop	30_wiki/tools/tool-agent-spec-yitang-scenario-walkthrough.md:115	- **迭代框架**：[[framework-yitang-product-iteration-loop]] — 走查结果是迭代输入，需纳入迭代�
framework-yitang-product-iteration-loop	30_wiki/tools/tool-agent-spec-yitang-scenario-walkthrough.md:235	- 本 Agent 是 [[framework-yitang-product-iteration-loop]] 中「体验审查」环节的可运行工具。
framework-yitang-product-iteration-loop	30_wiki/tools/tool-agent-spec-yitang-user-perspective-training.md:114	- **迭代循环**：[[framework-yitang-product-iteration-loop]] — 用户视角是产品迭代的起点。
Clear: agent-spec family lives in 30_wiki/tools/tool-agent-spec-yitang-* (6 cards) + .agent/prompts/ mirrors (5 files). The `[[framework-yitang-product-iteration-loop]]` appears inline in content lines and as `- "[[...]]"` frontmatter-ish lines (line 26 in .agent/prompts = probably a `related:` YAML entry with quoted link).

  Adjudication for framework-yitang-product-iteration-loop: does any real card cover "产品迭代循环"? Let me search.yt-product-kernel-iteration.md
tool-agent-spec-yitang-Y-model-coach.md
tool-agent-spec-yitang-ability-migration-diagnosis.md
tool-agent-spec-yitang-aesthetic-radar-modeling.md
tool-agent-spec-yitang-beautiful-work-imagination.md
tool-agent-spec-yitang-card-dealing-guide.md
tool-agent-spec-yitang-customer-segmentation.md
tool-agent-spec-yitang-daily-weekly-meeting-host.md
tool-agent-spec-yitang-incentive-design.md
tool-agent-spec-yitang-kernel-add-subtract-diagnosis.md
tool-agent-spec-yitang-kernel-canvas-autofill.md
tool-agent-spec-yitang-kernel-case-matching.md
tool-agent-spec-yitang-kernel-failure-mode-diagnosis.md
tool-agent-spec-yitang-kernel-iteration-direction.md
tool-agent-spec-yitang-kernel-three-questions.md
tool-agent-spec-yitang-kernel-verification-ladder.md
tool-agent-spec-yitang-lead-funnel-health.md
tool-agent-spec-yitang-objection-handler.md
tool-agent-spec-yitang-opening-3min.md
tool-agent-spec-yitang-payment-collection-risk.md
tool-agent-spec-yitang-project-background-analysis.md
tool-agent-spec-yitang-sales-performance-monitor.md
tool-agent-spec-yitang-sales-process-tracker.md
tool-agent-spec-yitang-sales-toolkit-gap.md
tool-agent-spec-yitang-scenario-walkthrough.md
tool-agent-spec-yitang-self-motivation.md
tool-agent-spec-yitang-three-second-opening-scripts.md
tool-agent-spec-yitang-user-perspective-training.md
tool-agent-spec-yitang-value-proposition.md
===
30_wiki/tools/tool-agent-spec-yitang-ability-migration-diagnosis.md
30_wiki/tools/tool-agent-spec-yitang-sales-toolkit-gap.md
Available live agent-spec cards: scenario-walkthrough, beautiful-work-imagination, aesthetic-radar-modeling, card-dealing-guide, user-perspective-training, ability-migration-diagnosis, project-background-analysis, sales-toolkit-gap — all exist as `tool-agent-spec-yitang-*`.

  Adjudication map for yitang-agent-spec family (改链 where semantics fit, 断链保文 for phantom frameworks):

  1. `tool-yitang-scenario-walkthrough` → `tool-agent-spec-yitang-scenario-walkthrough` (same topic, the produced card) — 改链 ✓
  2. `tool-yitang-beautiful-work-imagination` → `tool-agent-spec-yitang-beautiful-work-imagination` — 改链 ✓
  3. `tool-yitang-aesthetic-radar-modeling` → `tool-agent-spec-yitang-aesthetic-radar-modeling` — 改链 ✓
  4. `tool-yitang-project-background-analysis` → `tool-agent-spec-yitang-project-background-analysis` — 改链 ✓
  5. `tool-yitang-ability-migration-diagnosis` → `tool-agent-spec-yitang-ability-migration-diagnosis` — 改链 ✓
  6. `tool-yitang-sales-toolkit-gap` → `tool-agent-spec-yitang-sales-toolkit-gap` — 改链 ✓
  7. `framework-yitang-user-perspective-training` → `tool-agent-spec-yitang-user-perspective-training` (the only produced card on the topic) — 改链 ✓
  8. `framework-yitang-scenario-walkthrough` → `tool-agent-spec-yitang-scenario-walkthrough` — 改链 ✓
  9. `framework-yitang-aesthetic-radar` → `tool-agent-spec-yitang-aesthetic-radar-modeling` — 改链 ✓
  10. `framework-yitang-beautiful-work-standard` → `tool-agent-spec-yitang-beautiful-work-imagination` — 改链 ✓
  11. `framework-yitang-card-dealing-strategy` → `tool-agent-spec-yitang-card-dealing-guide` — 改链 ✓
  12. `framework-yitang-ability-migration-matrix` → `tool-agent-spec-yitang-ability-migration-diagnosis` — 改链 ✓
  13. `framework-yitang-project-background-8d` → `tool-agent-spec-yitang-project-background-analysis` — 改链 ✓
  14. `framework-yitang-project-planning-trinity` → 最接近 `tool-agent-spec-yitang-project-background-analysis`? Planning trinity 是另一主题（项目规划三角）。查一下有没有项目规划相关卡。若无 → 断链保文。
  15. `framework-yitang-product-iteration-loop` → 有 `30_wiki/frameworks/yt-product-kernel-iteration.md`？那是内核迭代,不完全是"产品迭代循环"。它是个 framework? Let me check yt-product-kernel-iteration's type. If it's a framework about iteration, 改链 reasonable.

  For line-level operation:
  - `- "[[framework-yitang-product-iteration-loop]]"` (YAML related entry in .agent/prompts) → change to new target `- "[[yt-product-kernel-iteration]]"` (改链 keeps the related link meaningful).
  - Inline `- **迭代框架**：[[X]] — ...` → replace [[X]] with new target link (改链) — semantics preserved if target is an iteration framework.

  Check yt-product-kernel-iteration.md frontmatter quickly. Also search for any "planning" trinity card.---
domain:
- product
id: yt-product-kernel-iteration
title: 产品内核迭代：五方向 × 五案例 × 触发信号
type: framework
status: reviewed
confidence: 0.94
trust_level: high
source_context:
  - 一堂产品内核迭代课（2026年）——统一版本，对齐概念卡
  - yitang
===
30_wiki/links/index.md
30_wiki/tools/tool-agent-spec-yitang-project-background-analysis.md
.agent/prompts/tool-agent-spec-yitang-project-background-analysis.md
`yt-product-kernel-iteration` is a real framework card about 产品内核迭代 — a reasonable target for "迭代框架" references. 改链 `framework-yitang-product-iteration-loop` → `yt-product-kernel-iteration`. Semantics: "产品迭代循环" vs "产品内核迭代" — close (the agent-spec lines say things like "审美升级应纳入迭代节奏" — kernel iteration fits).

  `framework-yitang-project-planning-trinity` — only referenced from project-background-analysis cards (30_wiki + .agent/prompts) + links/index. No planning-trinity card exists. Closest? project-background-analysis itself. The context lines — let me look at them. Probably in "调用卡片" list: "- **项目规划**：[[framework-yitang-project-planning-trinity]] — ...". 改链 to tool-agent-spec-yitang-project-background-analysis is wrong semantically within that same card (self-link). Better: 断链保文 (strip brackets) for this one. Let me check context lines for the framework-* six-count targets.=== framework-yitang-project-planning-trinity
framework-yitang-project-planning-trinity	.agent/prompts/tool-agent-spec-yitang-project-background-analysis.md:24	- "[[framework-yitang-project-planning-trinity]]"
framework-yitang-project-planning-trinity	.agent/prompts/tool-agent-spec-yitang-project-background-analysis.md:94	- **方案三段论**：[[framework-yitang-project-planning-trinity]] — �
framework-yitang-project-planning-trinity	.agent/prompts/tool-agent-spec-yitang-project-background-analysis.md:220	- 本 Agent 是 [[framework-yitang-project-planning-trinity]] 中「背景�
framework-yitang-project-planning-trinity	30_wiki/tools/tool-agent-spec-yitang-project-background-analysis.md:112	- **方案三段论**：[[framework-yitang-project-planning-trinity]] — �
framework-yitang-project-planning-trinity	30_wiki/tools/tool-agent-spec-yitang-project-background-analysis.md:238	- 本 Agent 是 [[framework-yitang-project-planning-trinity]] 中「背景�
=== framework-yitang-ability-migration-matrix
framework-yitang-ability-migration-matrix	.agent/prompts/tool-agent-spec-yitang-ability-migration-diagnosis.md:23	- "[[framework-yitang-ability-migration-matrix]]"
framework-yitang-ability-migration-matrix	.agent/prompts/tool-agent-spec-yitang-ability-migration-diagnosis.md:93	- **直接来源**：[[framework-yitang-ability-migration-matrix]] — 能�
framework-yitang-ability-migration-matrix	.agent/prompts/tool-agent-spec-yitang-ability-migration-diagnosis.md:226	- 本 Agent 是 [[framework-yitang-ability-migration-matrix]] 的可运行�
framework-yitang-ability-migration-matrix	30_wiki/tools/tool-agent-spec-yitang-ability-migration-diagnosis.md:111	- **直接来源**：[[framework-yitang-ability-migration-matrix]] — 能�
framework-yitang-ability-migration-matrix	30_wiki/tools/tool-agent-spec-yitang-ability-migration-diagnosis.md:244	- 本 Agent 是 [[framework-yitang-ability-migration-matrix]] 的可运行�
=== framework-yitang-aesthetic-radar
framework-yitang-aesthetic-radar	.agent/prompts/tool-agent-spec-yitang-aesthetic-radar-modeling.md:23	- "[[framework-yitang-aesthetic-radar]]"
framework-yitang-aesthetic-radar	.agent/prompts/tool-agent-spec-yitang-aesthetic-radar-modeling.md:94	- **直接来源**：[[framework-yitang-aesthetic-radar]] — 审美雷达六维模型�
framework-yitang-aesthetic-radar	.agent/prompts/tool-agent-spec-yitang-aesthetic-radar-modeling.md:236	- 与 [[framework-yitang-aesthetic-radar]] 的关系：本 Agent 是该框架的可运�
framework-yitang-aesthetic-radar	30_wiki/tools/tool-agent-spec-yitang-aesthetic-radar-modeling.md:113	- **直接来源**：[[framework-yitang-aesthetic-radar]] — 审美雷达六维模型�
framework-yitang-aesthetic-radar	30_wiki/tools/tool-agent-spec-yitang-aesthetic-radar-modeling.md:255	- 与 [[framework-yitang-aesthetic-radar]] 的关系：本 Agent 是该框架的可运�
=== framework-yitang-beautiful-work-standard
framework-yitang-beautiful-work-standard	.agent/prompts/tool-agent-spec-yitang-beautiful-work-imagination.md:23	- "[[framework-yitang-beautiful-work-standard]]"
framework-yitang-beautiful-work-standard	.agent/prompts/tool-agent-spec-yitang-beautiful-work-imagination.md:93	- **直接来源**：[[framework-yitang-beautiful-work-standard]] — 漂亮�
framework-yitang-beautiful-work-standard	.agent/prompts/tool-agent-spec-yitang-beautiful-work-imagination.md:225	- 与 [[framework-yitang-beautiful-work-standard]] 的关系：本 Agent 是�
framework-yitang-beautiful-work-standard	30_wiki/tools/tool-agent-spec-yitang-beautiful-work-imagination.md:113	- **直接来源**：[[framework-yitang-beautiful-work-standard]] — 漂亮�
framework-yitang-beautiful-work-standard	30_wiki/tools/tool-agent-spec-yitang-beautiful-work-imagination.md:245	- 与 [[framework-yitang-beautiful-work-standard]] 的关系：本 Agent 是�
=== framework-yitang-card-dealing-strategy
framework-yitang-card-dealing-strategy	.agent/prompts/tool-agent-spec-yitang-card-dealing-guide.md:23	- "[[framework-yitang-card-dealing-strategy]]"
framework-yitang-card-dealing-strategy	.agent/prompts/tool-agent-spec-yitang-card-dealing-guide.md:95	- **直接来源**：[[framework-yitang-card-dealing-strategy]] — 出牌策略框架�
framework-yitang-card-dealing-strategy	.agent/prompts/tool-agent-spec-yitang-card-dealing-guide.md:222	- 与 [[framework-yitang-card-dealing-strategy]] 的关系：本 Agent 是该框架的�
framework-yitang-card-dealing-strategy	30_wiki/tools/tool-agent-spec-yitang-card-dealing-guide.md:112	- **直接来源**：[[framework-yitang-card-dealing-strategy]] — 出牌策略框架�
framework-yitang-card-dealing-strategy	30_wiki/tools/tool-agent-spec-yitang-card-dealing-guide.md:239	- 与 [[framework-yitang-card-dealing-strategy]] 的关系：本 Agent 是该框架的�
=== framework-yitang-project-background-8d
framework-yitang-project-background-8d	.agent/prompts/tool-agent-spec-yitang-project-background-analysis.md:23	- "[[framework-yitang-project-background-8d]]"
framework-yitang-project-background-8d	.agent/prompts/tool-agent-spec-yitang-project-background-analysis.md:93	- **直接来源**：[[framework-yitang-project-background-8d]] — 项目背�
framework-yitang-project-background-8d	.agent/prompts/tool-agent-spec-yitang-project-background-analysis.md:221	- 与 [[framework-yitang-project-background-8d]] 的关系：本 Agent 的域�
framework-yitang-project-background-8d	30_wiki/tools/tool-agent-spec-yitang-project-background-analysis.md:111	- **直接来源**：[[framework-yitang-project-background-8d]] — 项目背�
framework-yitang-project-background-8d	30_wiki/tools/tool-agent-spec-yitang-project-background-analysis.md:239	- 与 [[framework-yitang-project-background-8d]] 的关系：本 Agent 的域�
=== tool-yitang-sales-toolkit-gap
tool-yitang-sales-toolkit-gap	.agent/prompts/tool-agent-spec-yitang-ability-migration-diagnosis.md:26	- "[[tool-yitang-sales-toolkit-gap]]"
tool-yitang-sales-toolkit-gap	.agent/prompts/tool-agent-spec-yitang-ability-migration-diagnosis.md:96	- **工具箱缺口**：[[tool-yitang-sales-toolkit-gap]] — 如果是销售团队的�
tool-yitang-sales-toolkit-gap	.agent/prompts/tool-agent-spec-yitang-ability-migration-diagnosis.md:229	- 与 [[tool-yitang-sales-toolkit-gap]] 的关系：销售场景下可联动工具箱�
tool-yitang-sales-toolkit-gap	30_wiki/tools/tool-agent-spec-yitang-ability-migration-diagnosis.md:114	- **工具箱缺口**：[[tool-yitang-sales-toolkit-gap]] — 如果是销售团队的�
tool-yitang-sales-toolkit-gap	30_wiki/tools/tool-agent-spec-yitang-ability-migration-diagnosis.md:247	- 与 [[tool-yitang-sales-toolkit-gap]] 的关系：销售场景下可联动工具箱缺
=== framework-yitang-user-perspective-training
framework-yitang-user-perspective-training	.agent/prompts/tool-agent-spec-yitang-scenario-walkthrough.md:24	- "[[framework-yitang-user-perspective-training]]"
framework-yitang-user-perspective-training	.agent/prompts/tool-agent-spec-yitang-scenario-walkthrough.md:93	- **用户视角**：[[framework-yitang-user-perspective-training]] — 场景走�
framework-yitang-user-perspective-training	.agent/prompts/tool-agent-spec-yitang-scenario-walkthrough.md:217	- 与 [[framework-yitang-user-perspective-training]] 的关系：场景走查的�
framework-yitang-user-perspective-training	.agent/prompts/tool-agent-spec-yitang-user-perspective-training.md:23	- "[[framework-yitang-user-perspective-training]]"
framework-yitang-user-perspective-training	.agent/prompts/tool-agent-spec-yitang-user-perspective-training.md:91	- **直接来源**：[[framework-yitang-user-perspective-training]] — 用�
framework-yitang-user-perspective-training	.agent/prompts/tool-agent-spec-yitang-user-perspective-training.md:214	- 与 [[framework-yitang-user-perspective-training]] 的关系：本 Agent �
framework-yitang-user-perspective-training	30_wiki/tools/tool-agent-spec-yitang-scenario-walkthrough.md:112	- **用户视角**：[[framework-yitang-user-perspective-training]] — 场景走�
framework-yitang-user-perspective-training	30_wiki/tools/tool-agent-spec-yitang-scenario-walkthrough.md:236	- 与 [[framework-yitang-user-perspective-training]] 的关系：场景走查的�
framework-yitang-user-perspective-training	30_wiki/tools/tool-agent-spec-yitang-user-perspective-training.md:110	- **直接来源**：[[framework-yitang-user-perspective-training]] — 用�
framework-yitang-user-perspective-training	30_wiki/tools/tool-agent-spec-yitang-user-perspective-training.md:233	- 与 [[framework-yitang-user-perspective-training]] 的关系：本 Agent �
=== framework-yitang-scenario-walkthrough
framework-yitang-scenario-walkthrough	.agent/prompts/tool-agent-spec-yitang-scenario-walkthrough.md:23	- "[[framework-yitang-scenario-walkthrough]]"
framework-yitang-scenario-walkthrough	.agent/prompts/tool-agent-spec-yitang-scenario-walkthrough.md:92	- **直接来源**：[[framework-yitang-scenario-walkthrough]] — 场景走查五步�
framework-yitang-scenario-walkthrough	30_wiki/tools/tool-agent-spec-yitang-scenario-walkthrough.md:111	- **直接来源**：[[framework-yitang-scenario-walkthrough]] — 场景走查五步�
Pattern is fully consistent. All these framework-* links refer to "planned framework cards" that were never produced; the produced artifact is the agent-spec tool card itself. For lines like "**直接来源**：[[framework-yitang-X]] — ..." the semantic intent is "the framework this agent operationalizes". Since the framework card never landed and the agent-spec IS the knowledge carrier, 改链 → the agent-spec card would be self-referential in some cases (e.g. ability-migration-diagnosis linking to itself). Self-links are useless.

  Better adjudication for framework-* phantom planned cards: **断链保文**（去掉 [[]]，文字保留）+ 理由「计划框架卡 07-15 至今未产，无等价活卡；保留文字不误导」。For tool-yitang-* where exact agent-spec counterpart exists → **改链** to tool-agent-spec-yitang-*.

  Wait, but for tool-yitang-scenario-walkthrough etc., the references are cross-references between DIFFERENT agent-spec cards (e.g. aesthetic-radar card references tool-yitang-scenario-walkthrough as 联动工具). 改链 to tool-agent-spec-yitang-scenario-walkthrough is genuinely useful.

  But careful about self-links: tool-agent-spec-yitang-scenario-walkthrough.md references `framework-yitang-scenario-walkthrough` (its own phantom framework) — strip brackets. Does any agent-spec card reference `tool-yitang-scenario-walkthrough`... let me check which files reference tool-yitang-scenario-walkthrough: from earlier tsv: links/index + tool-agent-spec-yitang-aesthetic-radar-modeling:115 + others (18 live). Those are cross-refs from OTHER cards → 改链 OK.

  Edge: does tool-agent-spec-yitang-scenario-walkthrough.md itself reference tool-yitang-scenario-walkthrough? Possibly in a related list — that would become self-link after 改链. Self-link in own related is noise but harmless-ish; better to delete that line. Handle per occurrence: if source file's own id == new target → delete the line instead (if list line) or strip brackets (if inline).

  Similarly `framework-yitang-user-perspective-training` → 改链 tool-agent-spec-yitang-user-perspective-training? It appears in scenario-walkthrough cards (cross-ref, good) AND in user-perspective-training's own card (self-ref → strip/delete).

  For `framework-yitang-product-iteration-loop` → 改链 `yt-product-kernel-iteration`. It appears in 5-6 different agent-spec cards, none of which IS yt-product-kernel-iteration. Good.

  Summary adjudication for yitang-agent-spec family:
  - 改链:
    - tool-yitang-scenario-walkthrough → tool-agent-spec-yitang-scenario-walkthrough
    - tool-yitang-beautiful-work-imagination → tool-agent-spec-yitang-beautiful-work-imagination
    - tool-yitang-aesthetic-radar-modeling → tool-agent-spec-yitang-aesthetic-radar-modeling
    - tool-yitang-project-background-analysis → tool-agent-spec-yitang-project-background-analysis
    - tool-yitang-ability-migration-diagnosis → tool-agent-spec-yitang-ability-migration-diagnosis
    - tool-yitang-sales-toolkit-gap → tool-agent-spec-yitang-sales-toolkit-gap
    - framework-yitang-user-perspective-training → tool-agent-spec-yitang-user-perspective-training
    - framework-yitang-product-iteration-loop → yt-product-kernel-iteration
  - 断链保文 (planned framework never produced, self-ref or no equivalent):
    - framework-yitang-scenario-walkthrough
    - framework-yitang-ability-migration-matrix
    - framework-yitang-aesthetic-radar
    - framework-yitang-beautiful-work-standard
    - framework-yitang-card-dealing-strategy
    - framework-yitang-project-background-8d
    - framework-yitang-project-planning-trinity

  Hmm wait — for consistency, framework-yitang-user-perspective-training has a produced agent-spec card on exactly that topic; the references in OTHER cards (scenario-walkthrough) benefit from 改链. In its OWN card, 改链 → self-link... The line in its own card: "**直接来源**：[[framework-yitang-user-perspective-training]] — 用户视角..." → self-link useless → strip brackets there. So per-occurrence: 改链 unless source card == target card → strip.

  Same for `- "[[framework-yitang-product-iteration-loop]]"` YAML related lines in .agent/prompts — those have no self-collision (targets are different) → 改链 to yt-product-kernel-iteration.

  Wait, .agent/prompts line 26 `- "[[framework-yitang-product-iteration-loop]]"` — is that YAML frontmatter? In prompt files it might be a markdown bullet. Either way same replacement.

  This is highly mechanical: pairs of (30_wiki card, .agent/prompts mirror) with identical lines. I'll write a Python script to apply the mapping with exact per-file replacements, dry-run first, print the diff summary, then apply. Batch discipline: declare scope (files + fields), dry-run, non-empty no-overwrite (n/a — pure token replacement on specific lines).

  Rule detail: replace only exact token `[[TARGET]]` (and `[[TARGET|alias]]` variants) with `[[NEW]]` (keep alias) for 改链; for 断链保文 replace `[[TARGET]]` → `TARGET` (strip brackets, keep text; for `[[TARGET|alias]]` → alias). For YAML related lines `- "[[TARGET]]"` where TARGET maps to strip → the line becomes `- "TARGET"` plain string, harmless. Or delete? If the YAML related entry maps to a real card → 改链. If strip → it becomes a plain text entry in related — that pollutes related with non-ids. Better: for pure list lines (frontmatter/list where the entire item is the link), DELETE the line when mapping=断链. For inline → strip brackets.

  Let me now write the transform script for the agent-spec family. Targets mapping:

  RELINK = {
   'tool-yitang-scenario-walkthrough': 'tool-agent-spec-yitang-scenario-walkthrough',
   'tool-yitang-beautiful-work-imagination': 'tool-agent-spec-yitang-beautiful-work-imagination',
   'tool-yitang-aesthetic-radar-modeling': 'tool-agent-spec-yitang-aesthetic-radar-modeling',
   'tool-yitang-project-background-analysis': 'tool-agent-spec-yitang-project-background-analysis',
   'tool-yitang-ability-migration-diagnosis': 'tool-agent-spec-yitang-ability-migration-diagnosis',
   'tool-yitang-sales-toolkit-gap': 'tool-agent-spec-yitang-sales-toolkit-gap',
   'framework-yitang-user-perspective-training': 'tool-agent-spec-yitang-user-perspective-training',
   'framework-yitang-product-iteration-loop': 'yt-product-kernel-iteration',
  }
  STRIP = [framework-yitang-scenario-walkthrough, framework-yitang-ability-migration-matrix, framework-yitang-aesthetic-radar, framework-yitang-beautiful-work-standard, framework-yitang-card-dealing-strategy, framework-yitang-project-background-8d, framework-yitang-project-planning-trinity]

  Self-collision handling: if source file basename (no ext) == new target → delete line if pure-link line else strip.

  Files: the 6 30_wiki agent-spec cards + 5 .agent/prompts mirrors + any other live files (links/index.md excluded as autogen... wait links/index.md is in autogen class, skip). Also check other live sources of these targets: from live_lines, are there sources outside those 11 files? tool-yitang-scenario-walkthrough live=18 — files? Let me list files for the family from live_lines.txt. Then write the script.9 .agent/prompts/tool-agent-spec-yitang-ability-migration-diagnosis.md
12 .agent/prompts/tool-agent-spec-yitang-aesthetic-radar-modeling.md
12 .agent/prompts/tool-agent-spec-yitang-beautiful-work-imagination.md
11 .agent/prompts/tool-agent-spec-yitang-card-dealing-guide.md
9 .agent/prompts/tool-agent-spec-yitang-project-background-analysis.md
14 .agent/prompts/tool-agent-spec-yitang-scenario-walkthrough.md
8 .agent/prompts/tool-agent-spec-yitang-user-perspective-training.md
6 30_wiki/tools/tool-agent-spec-yitang-ability-migration-diagnosis.md
8 30_wiki/tools/tool-agent-spec-yitang-aesthetic-radar-modeling.md
8 30_wiki/tools/tool-agent-spec-yitang-beautiful-work-imagination.md
7 30_wiki/tools/tool-agent-spec-yitang-card-dealing-guide.md
6 30_wiki/tools/tool-agent-spec-yitang-project-background-analysis.md
9 30_wiki/tools/tool-agent-spec-yitang-scenario-walkthrough.md
5 30_wiki/tools/tool-agent-spec-yitang-user-perspective-training.md
Family contained in exactly 14 files (7 prompts + 7 wiki cards). Total 124 occurrences. Now write the transform script with dry-run.

  Line classification:
  - pure-link line: line stripped matches r'^[-\s]*["\']?\[\[TARGET\]\]["\']?\s*$' → if mapping=改链 and target!=self: replace token; if mapping=断链 or self: delete line.
  - inline: replace `[[TARGET|alias]]` → `[[NEW|alias]]` (改链) or `alias` (断链保文); `[[TARGET]]` → `[[NEW]]` or `TARGET`.

  Self-collision: source file basename-without-ext == NEW → treat as 断链 (delete pure-link line / strip inline).

  Wait, one more consideration for 断链保文 on lines like "- **直接来源**：[[framework-yitang-scenario-walkthrough]] — 场景走查五步法：..." → becomes "- **直接来源**：framework-yitang-scenario-walkthrough — ...". The text "framework-yitang-scenario-walkthrough" as raw id reads odd but preserves info that planned framework doesn't exist. Acceptable and honest.

  Let me write the script with --dry-run.

• 族内 14 文件 124 处。写变换脚本，先 dry-run。

DRY-RUN {'relink': 86, 'strip_inline': 30, 'del_line': 8}
.agent/prompts/tool-agent-spec-yitang-ability-migration-diagnosis.md:23 DEL-LINE - "[[framework-yitang-ability-migration-matrix]]"
.agent/prompts/tool-agent-spec-yitang-ability-migration-diagnosis.md:24 RELINK [[tool-yitang-project-background-analysis]] -> [[tool-agent-spec-yitang-project-background-analysis]]
.agent/prompts/tool-agent-spec-yitang-ability-migration-diagnosis.md:26 RELINK [[tool-yitang-sales-toolkit-gap]] -> [[tool-agent-spec-yitang-sales-toolkit-gap]]
.agent/prompts/tool-agent-spec-yitang-ability-migration-diagnosis.md:93 STRIP [[framework-yitang-ability-migration-matrix]]
.agent/prompts/tool-agent-spec-yitang-ability-migration-diagnosis.md:94 RELINK [[tool-yitang-project-background-analysis]] -> [[tool-agent-spec-yitang-project-background-analysis]]
.agent/prompts/tool-agent-spec-yitang-ability-migration-diagnosis.md:96 RELINK [[tool-yitang-sales-toolkit-gap]] -> [[tool-agent-spec-yitang-sales-toolkit-gap]]
.agent/prompts/tool-agent-spec-yitang-ability-migration-diagnosis.md:226 STRIP [[framework-yitang-ability-migration-matrix]]
.agent/prompts/tool-agent-spec-yitang-ability-migration-diagnosis.md:227 RELINK [[tool-yitang-project-background-analysis]] -> [[tool-agent-spec-yitang-project-background-analysis]]
.agent/prompts/tool-agent-spec-yitang-ability-migration-diagnosis.md:229 RELINK [[tool-yitang-sales-toolkit-gap]] -> [[tool-agent-spec-yitang-sales-toolkit-gap]]
.agent/prompts/tool-agent-spec-yitang-aesthetic-radar-modeling.md:23 DEL-LINE - "[[framework-yitang-aesthetic-radar]]"
.agent/prompts/tool-agent-spec-yitang-aesthetic-radar-modeling.md:24 RELINK [[tool-yitang-beautiful-work-imagination]] -> [[tool-agent-spec-yitang-beautiful-work-imagination]]
.agent/prompts/tool-agent-spec-yitang-aesthetic-radar-modeling.md:25 RELINK [[tool-yitang-scenario-walkthrough]] -> [[tool-agent-spec-yitang-scenario-walkthrough]]
.agent/prompts/tool-agent-spec-yitang-aesthetic-radar-modeling.md:26 RELINK [[framework-yitang-product-iteration-loop]] -> [[yt-product-kernel-iteration]]
.agent/prompts/tool-agent-spec-yitang-aesthetic-radar-modeling.md:94 STRIP [[framework-yitang-aesthetic-radar]]
.agent/prompts/tool-agent-spec-yitang-aesthetic-radar-modeling.md:95 RELINK [[tool-yitang-beautiful-work-imagination]] -> [[tool-agent-spec-yitang-beautiful-work-imagination]]
.agent/prompts/tool-agent-spec-yitang-aesthetic-radar-modeling.md:96 RELINK [[tool-yitang-scenario-walkthrough]] -> [[tool-agent-spec-yitang-scenario-walkthrough]]
.agent/prompts/tool-agent-spec-yitang-aesthetic-radar-modeling.md:97 RELINK [[framework-yitang-product-iteration-loop]] -> [[yt-product-kernel-iteration]]
.agent/prompts/tool-agent-spec-yitang-aesthetic-radar-modeling.md:235 RELINK [[framework-yitang-product-iteration-loop]] -> [[yt-product-kernel-iteration]]
.agent/prompts/tool-agent-spec-yitang-aesthetic-radar-modeling.md:236 STRIP [[framework-yitang-aesthetic-radar]]
.agent/prompts/tool-agent-spec-yitang-aesthetic-radar-modeling.md:237 RELINK [[tool-yitang-beautiful-work-imagination]] -> [[tool-agent-spec-yitang-beautiful-work-imagination]]
.agent/prompts/tool-agent-spec-yitang-aesthetic-radar-modeling.md:238 RELINK [[tool-yitang-scenario-walkthrough]] -> [[tool-agent-spec-yitang-scenario-walkthrough]]
.agent/prompts/tool-agent-spec-yitang-beautiful-work-imagination.md:23 DEL-LINE - "[[framework-yitang-beautiful-work-standard]]"
.agent/prompts/tool-agent-spec-yitang-beautiful-work-imagination.md:24 RELINK [[tool-yitang-aesthetic-radar-modeling]] -> [[tool-agent-spec-yitang-aesthetic-radar-modeling]]
.agent/prompts/tool-agent-spec-yitang-beautiful-work-imagination.md:25 RELINK [[tool-yitang-scenario-walkthrough]] -> [[tool-agent-spec-yitang-scenario-walkthrough]]
.agent/prompts/tool-agent-spec-yitang-beautiful-work-imagination.md:26 RELINK [[framework-yitang-product-iteration-loop]] -> [[yt-product-kernel-iteration]]
.agent/prompts/tool-agent-spec-yitang-beautiful-work-imagination.md:93 STRIP [[framework-yitang-beautiful-work-standard]]
.agent/prompts/tool-agent-spec-yitang-beautiful-work-imagination.md:94 RELINK [[tool-yitang-aesthetic-radar-modeling]] -> [[tool-agent-spec-yitang-aesthetic-radar-modeling]]
.agent/prompts/tool-agent-spec-yitang-beautiful-work-imagination.md:95 RELINK [[tool-yitang-scenario-walkthrough]] -> [[tool-agent-spec-yitang-scenario-walkthrough]]
.agent/prompts/tool-agent-spec-yitang-beautiful-work-imagination.md:96 RELINK [[framework-yitang-product-iteration-loop]] -> [[yt-product-kernel-iteration]]
.agent/prompts/tool-agent-spec-yitang-beautiful-work-imagination.md:224 RELINK [[framework-yitang-product-iteration-loop]] -> [[yt-product-kernel-iteration]]
.agent/prompts/tool-agent-spec-yitang-beautiful-work-imagination.md:225 STRIP [[framework-yitang-beautiful-work-standard]]
.agent/prompts/tool-agent-spec-yitang-beautiful-work-imagination.md:226 RELINK [[tool-yitang-aesthetic-radar-modeling]] -> [[tool-agent-spec-yitang-aesthetic-radar-modeling]]
.agent/prompts/tool-agent-spec-yitang-beautiful-work-imagination.md:227 RELINK [[tool-yitang-scenario-walkthrough]] -> [[tool-agent-spec-yitang-scenario-walkthrough]]
.agent/prompts/tool-agent-spec-yitang-card-dealing-guide.md:23 DEL-LINE - "[[framework-yitang-card-dealing-strategy]]"
.agent/prompts/tool-agent-spec-yitang-card-dealing-guide.md:25 RELINK [[tool-yitang-beautiful-work-imagination]] -> [[tool-agent-spec-yitang-beautiful-work-imagination]]
.agent/prompts/tool-agent-spec-yitang-card-dealing-guide.md:26 RELINK [[framework-yitang-product-iteration-loop]] -> [[yt-product-kernel-iteration]]
.agent/prompts/tool-agent-spec-yitang-card-dealing-guide.md:27 RELINK [[tool-yitang-scenario-walkthrough]] -> [[tool-agent-spec-yitang-scenario-walkthrough]]
.agent/prompts/tool-agent-spec-yitang-card-dealing-guide.md:95 STRIP [[framework-yitang-card-dealing-strategy]]
.agent/prompts/tool-agent-spec-yitang-card-dealing-guide.md:97 RELINK [[tool-yitang-beautiful-work-imagination]] -> [[tool-agent-spec-yitang-beautiful-work-imagination]]
.agent/prompts/tool-agent-spec-yitang-card-dealing-guide.md:98 RELINK [[tool-yitang-scenario-walkthrough]] -> [[tool-agent-spec-yitang-scenario-walkthrough]]
...
125
• Dry-run: 86 relink + 30 strip + 8 del-line = 124. Matches the family live count. Check the DEL-LINE list and the strip decisions once more via the log tail..agent/prompts/tool-agent-spec-yitang-ability-migration-diagnosis.md:23 DEL-LINE - "[[framework-yitang-ability-migration-matrix]]"
.agent/prompts/tool-agent-spec-yitang-aesthetic-radar-modeling.md:23 DEL-LINE - "[[framework-yitang-aesthetic-radar]]"
.agent/prompts/tool-agent-spec-yitang-beautiful-work-imagination.md:23 DEL-LINE - "[[framework-yitang-beautiful-work-standard]]"
.agent/prompts/tool-agent-spec-yitang-card-dealing-guide.md:23 DEL-LINE - "[[framework-yitang-card-dealing-strategy]]"
.agent/prompts/tool-agent-spec-yitang-project-background-analysis.md:23 DEL-LINE - "[[framework-yitang-project-background-8d]]"
.agent/prompts/tool-agent-spec-yitang-project-background-analysis.md:24 DEL-LINE - "[[framework-yitang-project-planning-trinity]]"
.agent/prompts/tool-agent-spec-yitang-scenario-walkthrough.md:23 DEL-LINE - "[[framework-yitang-scenario-walkthrough]]"
.agent/prompts/tool-agent-spec-yitang-user-perspective-training.md:23 DEL-LINE - "[[framework-yitang-user-perspective-training]]"
.agent/prompts/tool-agent-spec-yitang-user-perspective-training.md:91 SELF-STRIP [[framework-yitang-user-perspective-training]]
.agent/prompts/tool-agent-spec-yitang-user-perspective-training.md:214 SELF-STRIP [[framework-yitang-user-perspective-training]]
30_wiki/tools/tool-agent-spec-yitang-user-perspective-training.md:110 SELF-STRIP [[framework-yitang-user-perspective-training]]
30_wiki/tools/tool-agent-spec-yitang-user-perspective-training.md:233 SELF-STRIP [[framework-yitang-user-perspective-training]]
All DEL-LINEs are in .agent/prompts files' YAML-ish list lines of phantom frameworks (the 30_wiki versions apparently don't have those pure lines — they have `- "[[...]]"` only in prompts? Actually the 30_wiki cards' related lists use `- '[[...]]'`; from the live_lines, 30_wiki cards had no pure phantom framework lines except via user-perspective-training). Wait: DEL-LINE only in .agent/prompts. Interesting: 30_wiki cards have related lists with `'[[framework-一堂五步法]]'` etc. but maybe not the phantom frameworks. OK.

  Apply now.APPLIED {'relink': 86, 'strip_inline': 30, 'del_line': 8}
warning: in the working copy of '.agent/prompts/tool-agent-spec-yitang-ability-migration-diagnosis.md', LF will be replaced by CRLF the next time Git touches it
warning: in the working copy of '.agent/prompts/tool-agent-spec-yitang-aesthetic-radar-modeling.md', LF will be replaced by CRLF the next time Git touches it
warning: in the working copy of '.agent/prompts/tool-agent-spec-yitang-beautiful-work-imagination.md', LF will be replaced by CRLF the next time Git touches it
warning: in the working copy of '.agent/prompts/tool-agent-spec-yitang-card-dealing-guide.md', LF will be replaced by CRLF the next time Git touches it
warning: in the working copy of '.agent/prompts/tool-agent-spec-yitang-project-background-analysis.md', LF will be replaced by CRLF the next time Git touches it
warning: in the working copy of '.agent/prompts/tool-agent-spec-yitang-scenario-walkthrough.md', LF will be replaced by CRLF the next time Git touches it
warning: in the working copy of '.agent/prompts/tool-agent-spec-yitang-user-perspective-training.md', LF will be replaced by CRLF the next time Git touches it
warning: in the working copy of '30_wiki/tools/tool-agent-spec-yitang-ability-migration-diagnosis.md', LF will be replaced by CRLF the next time Git touches it
warning: in the working copy of '30_wiki/tools/tool-agent-spec-yitang-aesthetic-radar-modeling.md', LF will be replaced by CRLF the next time Git touches it
warning: in the working copy of '30_wiki/tools/tool-agent-spec-yitang-beautiful-work-imagination.md', LF will be replaced by CRLF the next time Git touches it
warning: in the working copy of '30_wiki/tools/tool-agent-spec-yitang-card-dealing-guide.md', LF will be replaced by CRLF the next time Git touches it
warning: in the working copy of '30_wiki/tools/tool-agent-spec-yitang-project-background-analysis.md', LF will be replaced by CRLF the next time Git touches it
warning: in the working copy of '30_wiki/tools/tool-agent-spec-yitang-scenario-walkthrough.md', LF will be replaced by CRLF the next time Git touches it
warning: in the working copy of '30_wiki/tools/tool-agent-spec-yitang-user-perspective-training.md', LF will be replaced by CRLF the next time Git touches it
[master cf1554a86] #606 B2族：yitang-agent-spec幽灵链接治理（14文件124处：改链86→现存agent-spec卡/yt-product-kernel-iteration，断链保文30（计划框架卡07-15至今未产），删纯链接行8）
 14 files changed, 116 insertions(+), 124 deletions(-)
Committed B2. Next: B1 panproduct family (8 live occurrences) — simple 改链. Let me look at the exact lines to edit.yt-panproduct-execution-low-cost-mvp	30_wiki/dark-knowledges/dk-yb1-aigc-mvp-before-ps.md:29	- '[[yt-panproduct-execution-low-cost-mvp]]'
yt-panproduct-execution-low-cost-mvp	30_wiki/tools/yt-product-kernel-mvp-design.md:29	- '[[yt-panproduct-execution-low-cost-mvp]]'
yt-panproduct-execution-design-principles	30_wiki/concepts/design-ai-image-generation.md:32	- '[[yt-panproduct-execution-design-principles]]'
yt-panproduct-execution-liberate-thinking	30_wiki/concepts/learning-thinking.md:30	- '[[yt-panproduct-execution-liberate-thinking]]'
yt-panproduct-execution-good-tools	30_wiki/concepts/tools-workflows.md:22	- '[[yt-panproduct-execution-good-tools]]'
yt-panproduct-execution-logic-mece	30_wiki/tools/tool-mece体系框架法.md:32	- '[[yt-panproduct-execution-logic-mece]]'
yt-panproduct-execution-roi-analysis	30_wiki/tools/yt-growth-channel-roi.md:26	- '[[yt-panproduct-execution-roi-analysis]]'
7 lines (the 8th, yt-panproduct-execution-core-and-boundary live=1, appears missing here — wait live_lines had 264 lines vs 255 — let me search for core-and-boundary live. From actionable.txt line 213: `yt-panproduct-execution-core-and-boundary` live=0? No: "1 (live= 0 auto= 0 snap= 1 hist= 0 arch= 0)" — snap only. OK so 7 live panproduct lines.

  Each is a pure-link frontmatter related line `- '[[yt-panproduct-...]]'` → 改链 to superseded_by target. Simple sed-like Edit per file. Need Read first (F-KDO-016). These are single-line replacements; let me use a small python script again or individual Edits. 7 files — do quick Reads of the specific lines then Edit. Actually efficient: verify each line via sed, then Edit. The rule says Read tool before Edit. I'll use Bash sed to view and then Edit... the guidance says Read the target file before Edit. I've seen the exact lines via live_lines (content known). To be safe and fast, use python replacement script (same pattern as before) — but Edit tool is preferred for incremental changes. 7 single-line edits across 7 files: do 7 Reads (small windows) then 7 Edits. Reads in parallel.All confirmed. Note tool-mece体系框架法.md:32 duplicates line 28 (`tool-泛产品落地-逻辑MECE` already present at line 28) — after 改链 line 32 becomes a duplicate of line 28. In that case DELETE the line instead of relinking (duplicate). Good catch — adjudication: 删链（重复）.

  Edits:
  1. dk-yb1: → tool-泛产品落地-低成本测试MVP
  2. yt-product-kernel-mvp-design: → tool-泛产品落地-低成本测试MVP
  3. design-ai-image-generation: → tool-泛产品落地-设计原则
  4. learning-thinking: → tool-泛产品落地-解放思想
  5. tools-workflows: → tool-泛产品落地-善用佳软
  6. tool-mece体系框架法: delete line (duplicate)
  7. yt-growth-channel-roi: → tool-泛产品落地-ROI分析warning: in the working copy of '30_wiki/tools/tool-agent-spec-yitang-ability-migration-diagnosis.md', LF will be replaced by CRLF the next time Git touches it
warning: in the working copy of '30_wiki/tools/tool-agent-spec-yitang-aesthetic-radar-modeling.md', LF will be replaced by CRLF the next time Git touches it
warning: in the working copy of '30_wiki/tools/tool-agent-spec-yitang-beautiful-work-imagination.md', LF will be replaced by CRLF the next time Git touches it
warning: in the working copy of '30_wiki/tools/tool-agent-spec-yitang-card-dealing-guide.md', LF will be replaced by CRLF the next time Git touches it
warning: in the working copy of '30_wiki/tools/tool-agent-spec-yitang-project-background-analysis.md', LF will be replaced by CRLF the next time Git touches it
warning: in the working copy of '30_wiki/tools/tool-agent-spec-yitang-scenario-walkthrough.md', LF will be replaced by CRLF the next time Git touches it
warning: in the working copy of '30_wiki/tools/tool-agent-spec-yitang-user-perspective-training.md', LF will be replaced by CRLF the next time Git touches it
 7 files changed, 6 insertions(+), 7 deletions(-)
B1 committed. Next: obsidian-kdo-内容产出工作流-产品设计大纲 (19 处/16 文件 per task; my scan: 19 live? actionable says live=17 for bare name + live=3 for `_archive/紫鲸...`... let me check: "obsidian-kdo-内容产出工作流-产品设计大纲" live=17. Task says "查 git 历史确认是改名还是删除". The file exists at 30_wiki/_archive/obsidian-kdo-内容产出工作流-产品设计大纲.md. So it was archived. Check its superseded_by and git log.c4bc0aa15 vault backup: 2026-05-08 18:11:11
7295bb322 vault backup: 2026-05-05 15:23:23
54862145b vault backup: 2026-05-03 11:45:57
6f2e9d69d vault backup: 2026-05-03 03:01:42
5578ebb22 Initial commit: wiki workspace with KDO structure
status: superseded
superseded_by: []
===
obsidian-kdo-内容产出工作流-产品设计大纲	30_wiki/concepts/kdo-yaml-frontmatter-safety.md:24	- '[[obsidian-kdo-内容产出工作流-产品设计大纲]]'
obsidian-kdo-内容产出工作流-产品设计大纲	30_wiki/dark-knowledges/dk-c3-txt-ingest-skip.md:32	- '[[obsidian-kdo-内容产出工作流-产品设计大纲]]'
obsidian-kdo-内容产出工作流-产品设计大纲	30_wiki/dark-knowledges/dk-c7-auto-backup-conflict.md:26	- '[[obsidian-kdo-内容产出工作流-产品设计大纲]]'
obsidian-kdo-内容产出工作流-产品设计大纲	30_wiki/dark-knowledges/dk-f1-regex-on-cjk.md:32	- '[[obsidian-kdo-内容产出工作流-产品设计大纲]]'
obsidian-kdo-内容产出工作流-产品设计大纲	30_wiki/dark-knowledges/dk-f10-broken-source-refs.md:34	- '[[obsidian-kdo-内容产出工作流-产品设计大纲]]'
obsidian-kdo-内容产出工作流-产品设计大纲	30_wiki/dark-knowledges/dk-f11-encyclopedia-style.md:33	- '[[obsidian-kdo-内容产出工作流-产品设计大纲]]'
obsidian-kdo-内容产出工作流-产品设计大纲	30_wiki/dark-knowledges/dk-f14-accuracy-measurement-mismatch.md:30	- '[[obsidian-kdo-内容产出工作流-产品设计大纲]]'
obsidian-kdo-内容产出工作流-产品设计大纲	30_wiki/dark-knowledges/dk-f2-txt-ingest-skip.md:33	- '[[obsidian-kdo-内容产出工作流-产品设计大纲]]'
obsidian-kdo-内容产出工作流-产品设计大纲	30_wiki/dark-knowledges/dk-f4-wrong-workdir.md:34	- '[[obsidian-kdo-内容产出工作流-产品设计大纲]]'
obsidian-kdo-内容产出工作流-产品设计大纲	30_wiki/dark-knowledges/dk-f5-stale-feedback-ref.md:34	- '[[obsidian-kdo-内容产出工作流-产品设计大纲]]'
obsidian-kdo-内容产出工作流-产品设计大纲	30_wiki/dark-knowledges/dk-f6-cjk-skeleton-corruption.md:34	- '[[obsidian-kdo-内容产出工作流-产品设计大纲]]'
obsidian-kdo-内容产出工作流-产品设计大纲	30_wiki/dark-knowledges/dk-f7-surface-translation.md:33	- '[[obsidian-kdo-内容产出工作流-产品设计大纲]]'
obsidian-kdo-内容产出工作流-产品设计大纲	30_wiki/dark-knowledges/dk-f8-phony-wikilink.md:33	- '[[obsidian-kdo-内容产出工作流-产品设计大纲]]'
obsidian-kdo-内容产出工作流-产品设计大纲	30_wiki/dark-knowledges/dk-f9-generic-critique.md:33	- '[[obsidian-kdo-内容产出工作流-产品设计大纲]]'
obsidian-kdo-内容产出工作流-产品设计大纲	30_wiki/dark-knowledges/dk-p14-zombie.md:27	- '[[obsidian-kdo-内容产出工作流-产品设计大纲]]'
obsidian-kdo-内容产出工作流-产品设计大纲	40_outputs/content/articles/art_20260503_a1b2c3d4-kdo-product-design-core-methodology.md:14	- "[[obsidian-kdo-内容产出工作流-产品设计�
obsidian-kdo-内容产出工作流-产品设计大纲	40_outputs/content/articles/art_20260503_a1b2c3d4-kdo-product-design-core-methodology.md:15	- "[[obsidian-kdo-内容产出工作流-产品设计�
页面名	10_raw/sources/src_20260501_58b6edef-obsidian-kdo-内容产出工作流-产品设计大纲.md:973	Obsidian 的核心交互范式之一是 `双向链接`（Wikilink），用户通过 `[[页�
`obsidian-kdo-内容产出工作流-产品设计大纲`: archived with `superseded_by: []` (empty — no successor). It's a product design outline doc, superseded with no replacement. Git history: existed since initial commit, moved to _archive. So it was archived (moved), not renamed. Live references: 15 dk-* cards + kdo-yaml-frontmatter-safety + 1 article (2 lines).

  Adjudication: these are frontmatter related entries in dk cards pointing to a superseded design doc with no successor. The card still exists in _archive (readable historical). Options: 改链 to `_archive/obsidian-kdo-...`? That keeps graph scatter (archive excluded from resolution set by my scan, but Obsidian itself WOULD resolve it... unless excluded). Hmm — actually does Obsidian resolve links into _archive? If _archive isn't excluded in Obsidian settings, [[_archive/...]] resolves fine and no scatter. The task explicitly offered "改链指向归档路径或删链" for panproduct — implying links to archive paths are acceptable-ish but counted as ghosts by the scan.

  For this doc: superseded_by empty → the design outline was abandoned. The dk cards' related links to it are historical curiosity, not navigational value. 删链（计划/文档已废弃无后继）: delete those related lines. That's 17 deletions — each is a pure link line in frontmatter. Safe.

  Script: delete lines exactly matching `- '[[obsidian-kdo-内容产出工作流-产品设计大纲]]'` or `- "[[obsidian-kdo-内容产出工作流-产品设计大纲]]"` in those 16 files. Let me verify each line is pure-link. From live_lines: dk files show `- '[[obsidian-kdo-...]]'` pure. The article lines 14-15: `- "[[obsidian-kdo-内容产出工作流-产品设计...` truncated — need to check if pure. Let me check the article lines.source_refs:
  - "src_20260503_52ae08ba"
  - "src_20260501_58b6edef"
wiki_refs:
  - "[[obsidian-kdo-内容产出工作流-产品设计大纲]]"
  - "[[obsidian-kdo-内容产出工作流-产品设计大纲]]"
  - "[[kdo-protocol]]"
created_at: "2026-05-03"
domain: ['ai-saas', 'master']
---

The article's wiki_refs has the same link TWICE (duplicate). Adjudication: 删链 both (target superseded, no successor; one was even duplicated).

  Now batch-delete pure lines matching the target in the 17 files. Use a script.1 30_wiki/concepts/kdo-yaml-frontmatter-safety.md
1 30_wiki/dark-knowledges/dk-c3-txt-ingest-skip.md
1 30_wiki/dark-knowledges/dk-c7-auto-backup-conflict.md
1 30_wiki/dark-knowledges/dk-f1-regex-on-cjk.md
1 30_wiki/dark-knowledges/dk-f10-broken-source-refs.md
1 30_wiki/dark-knowledges/dk-f11-encyclopedia-style.md
1 30_wiki/dark-knowledges/dk-f14-accuracy-measurement-mismatch.md
1 30_wiki/dark-knowledges/dk-f2-txt-ingest-skip.md
1 30_wiki/dark-knowledges/dk-f4-wrong-workdir.md
1 30_wiki/dark-knowledges/dk-f5-stale-feedback-ref.md
1 30_wiki/dark-knowledges/dk-f6-cjk-skeleton-corruption.md
1 30_wiki/dark-knowledges/dk-f7-surface-translation.md
1 30_wiki/dark-knowledges/dk-f8-phony-wikilink.md
1 30_wiki/dark-knowledges/dk-f9-generic-critique.md
1 30_wiki/dark-knowledges/dk-p14-zombie.md
2 40_outputs/content/articles/art_20260503_a1b2c3d4-kdo-product-design-core-methodology.md
total 17
warning: in the working copy of '30_wiki/concepts/kdo-yaml-frontmatter-safety.md', LF will be replaced by CRLF the next time Git touches it
warning: in the working copy of '30_wiki/dark-knowledges/dk-c3-txt-ingest-skip.md', LF will be replaced by CRLF the next time Git touches it
warning: in the working copy of '30_wiki/dark-knowledges/dk-c7-auto-backup-conflict.md', LF will be replaced by CRLF the next time Git touches it
warning: in the working copy of '30_wiki/dark-knowledges/dk-f1-regex-on-cjk.md', LF will be replaced by CRLF the next time Git touches it
warning: in the working copy of '30_wiki/dark-knowledges/dk-f10-broken-source-refs.md', LF will be replaced by CRLF the next time Git touches it
warning: in the working copy of '30_wiki/dark-knowledges/dk-f11-encyclopedia-style.md', LF will be replaced by CRLF the next time Git touches it
warning: in the working copy of '30_wiki/dark-knowledges/dk-f14-accuracy-measurement-mismatch.md', LF will be replaced by CRLF the next time Git touches it
warning: in the working copy of '30_wiki/dark-knowledges/dk-f2-txt-ingest-skip.md', LF will be replaced by CRLF the next time Git touches it
warning: in the working copy of '30_wiki/dark-knowledges/dk-f4-wrong-workdir.md', LF will be replaced by CRLF the next time Git touches it
warning: in the working copy of '30_wiki/dark-knowledges/dk-f5-stale-feedback-ref.md', LF will be replaced by CRLF the next time Git touches it
warning: in the working copy of '30_wiki/dark-knowledges/dk-f6-cjk-skeleton-corruption.md', LF will be replaced by CRLF the next time Git touches it
warning: in the working copy of '30_wiki/dark-knowledges/dk-f7-surface-translation.md', LF will be replaced by CRLF the next time Git touches it
warning: in the working copy of '30_wiki/dark-knowledges/dk-f8-phony-wikilink.md', LF will be replaced by CRLF the next time Git touches it
warning: in the working copy of '30_wiki/dark-knowledges/dk-f9-generic-critique.md', LF will be replaced by CRLF the next time Git touches it
warning: in the working copy of '30_wiki/dark-knowledges/dk-p14-zombie.md', LF will be replaced by CRLF the next time Git touches it
warning: in the working copy of '40_outputs/content/articles/art_20260503_a1b2c3d4-kdo-product-design-core-methodology.md', LF will be replaced by CRLF the next time Git touches it
 16 files changed, 17 deletions(-)
B3 committed. Next: remaining families. Let me rescan to see what's left live, then handle:
  - template-placeholder live (~40)
  - yitang-other live (~12)
  - misc live (~70)

  Let me view the remaining live lines grouped. Print all live lines remaining after the fixes — easier: rerun scanner, regenerate live_lines.

• B3 完成。重跑扫描看剩余 live 集合。scanned_md=12583 total_wikilinks=78005 ghost_targets=222 ghost_occurrences=756 files_hit=181
written: _tmp/606/ghost_scan.json / .tsv
live left: 107


107
22655 _tmp/606/live_lines.txt
22653 _tmp/606/live_lines_clean.txt
45308 total
• Probably contains a control char or invalid sequence. errors='replace' should have fixed invalid utf-8... unless the file has a BOM issue or NUL. Let me check with file/od. Or just print to stdout via cat and let Bash show it (22KB fine).grep: -P supports only unibyte and UTF-8 locales
...	20_memory/lessons-from-wanghuan-ai-practice-20260620.md:62	**以前不知道**：`related` frontmatter 里的任何字符串，即使没有 `[[...]]`，也会被 gate 视为链接目标检查是否存在。放占位符或 domain 名会直接报 dangling。
...	90_control/kdo-seed/seed/90_control/quality-gates/kcard.md:34	- [ ] **无 dangling 链接**：正文 `[[...]]` 和 frontmatter `related` 指向的卡片存在
...	90_control/quality-gates/kcard.md:34	- [ ] **无 dangling 链接**：正文 `[[...]]` 和 frontmatter `related` 指向的卡片存在
wikilink	.agent/decisions.md:239	- 每个条目格式：`[[wikilink]]` + 类型 + 一句话描述
wikilink	.agent/decisions.md:250	1. `workspace.py:657`：index 完整性检查只解析 `(path/file.md)` markdown 链接，不解析 `[[wikilink]]`。新增 wikilink 解析分支，bare wikilink 自动解析为 `30_wiki/concepts/<target>.md`，带路径的解析为 `30_wiki/<path>.md`
wikilink	90_control/kdo-seed/seed/.agent/decisions.md:239	- 每个条目格式：`[[wikilink]]` + 类型 + 一句话描述
wikilink	90_control/kdo-seed/seed/.agent/decisions.md:250	1. `workspace.py:657`：index 完整性检查只解析 `(path/file.md)` markdown 链接，不解析 `[[wikilink]]`。新增 wikilink 解析分支，bare wikilink 自动解析为 `30_wiki/concepts/<target>.md`，带路径的解析为 `30_wiki/<path>.md`
wikilink	docs/superpowers/specs/2026-06-05-kdo-stale-propagate-design.md:16	卡片 A 被 `kdo stale --apply` 标记为 `status: needs-review` 后，所有通过 `[[wikilink]]` 引用 A 的卡片 B/C/D 无法感知——它们依赖的知识可能已经过期。
wikilink	docs/superpowers/specs/2026-06-05-kdo-stale-propagate-design.md:22	`kdo stale --propagate` 扫描所有卡片的 `[[wikilink]]`，找到引用了 stale 卡片的依赖者，在依赖者的 frontmatter 中写入 `stale_dependencies` 列表。
wikilink	laowantong/2026-06-06.md:6	| 1 | 33张卡 contradicts 用 `[[wikilink]]` | 批量补充时顺手用了 wiki 格式，没注意 contradicts 字段规范是纯文本 id | 2分钟 |
wikilink	laowantong/2026-06-06.md:23	**问题1的根因是字段规范没吃透。** contradicts 和 wiki_refs 不同，前者是 frontmatter 里的关系字段，用纯文本 id；后者是正文里的引用，用 `[[wikilink]]`。我批量补充时把两者混为一谈。
wikilink	laowantong/2026-06-06.md:41	- 正文引用 → `[[wikilink]]`
wikilink	laowantong/daily_cognitive_review/用户反馈档案.md:8	| 2026-06-07 | 不满 | 33张卡 contradicts 用了 `[[wikilink]]` 格式，应为纯文本 | 修复 + 新增"约定检查"技能 |
id	.agent/daily-review/王语嫣-阶段性复盘-2026-06-17.md:83	- 明确修复标准：能正确处理 `[[id]]`、`[[id|别名]]`、中文 card ID
id	.agent/daily-review/王语嫣-阶段性复盘-2026-06-17.md:83	- 明确修复标准：能正确处理 `[[id]]`、`[[id|别名]]`、中文 card ID
id	huangyaoshi/plan-kdo-infrastructure-disaster-prevention.md:156	生成 `index.md` 后必须跑一轮 wikilink 解析，确保所有 `[[id|alias]]` 里的 `id` 在 `30_wiki/` 中存在。
card-id	40_outputs/capabilities/skills/knowledge-collision-workflow/SKILL.md:148	4. **框架显式引用**：文中至少引用一张 wiki 卡片（wikilink 格式 `[[card-id]]`），且有碰撞发现（对得上/对不上/缺什么）。
card-id	40_outputs/capabilities/skills/knowledge-collision-workflow/SKILL.md:156	4. 产出中必须显式引用至少一张 wiki 卡片（用 wikilink 格式 `[[card-id]]`）。
card-id	40_outputs/capabilities/skills/shared/knowledge-collision/SKILL.md:148	4. **框架显式引用**：文中至少引用一张 wiki 卡片（wikilink 格式 `[[card-id]]`），且有碰撞发现（对得上/对不上/缺什么）。
card-id	40_outputs/capabilities/skills/shared/knowledge-collision/SKILL.md:156	4. 产出中必须显式引用至少一张 wiki 卡片（用 wikilink 格式 `[[card-id]]`）。
作品名称	00_inbox/prompts/tools-workflows.md:208	>1. [角色姓名 A]+[[作品名称]]([出品方/年份])+[一句话核心情绪母体]
作品名称	00_inbox/prompts/tools-workflows.md:209	>2. [角色姓名 B]+[[作品名称]]([出品方/年份])+[一句话核心情绪母体]
作品名称	00_inbox/prompts/tools-workflows.md:210	>3. [角色姓名 C]+[[作品名称]]([出品方/年份])+[一句话核心情绪母体]
作品名称	10_raw/sources/src_20260522_9d322e81-tools-workflows.md:217	>1. [角色姓名 A]+[[作品名称]]([出品方/年份])+[一句话核心情绪母体]
作品名称	10_raw/sources/src_20260522_9d322e81-tools-workflows.md:218	>2. [角色姓名 B]+[[作品名称]]([出品方/年份])+[一句话核心情绪母体]
作品名称	10_raw/sources/src_20260522_9d322e81-tools-workflows.md:219	>3. [角色姓名 C]+[[作品名称]]([出品方/年份])+[一句话核心情绪母体]
A	docs/superpowers/specs/2026-06-05-kdo-stale-propagate-design.md:18	当前 wiki-link 是单向的（`[[A]]` 只记录 A 被引用，无法查"谁引用了 A"），没有反向引用能力。
A	docs/superpowers/specs/2026-06-05-kdo-stale-propagate-design.md:74	| `[[A]]` | A |
A	docs/superpowers/specs/2026-06-05-kdo-stale-propagate-design.md:76	| `[[A#heading]]` | A |
紫鲸ai_智能体工作流平台_深度分析与产品设计	30_wiki/cases/case-toc-content-platform-correlation-trap.md:58	- '[[紫鲸ai_智能体工作流平台_深度分析与产品设计]]'
紫鲸ai_智能体工作流平台_深度分析与产品设计	30_wiki/concepts/开源HIS系统代码深度分析报告.md:30	- '[[紫鲸ai_智能体工作流平台_深度分析与产品设计]]'
紫鲸ai_智能体工作流平台_深度分析与产品设计	30_wiki/concepts/紫鲸ai智能体工作流平台.md:26	- '[[紫鲸ai_智能体工作流平台_深度分析与产品设计]]'
一堂调研行动营-ai辅助系统式调研方法论	40_outputs/content/articles/art_20260503_b2c3d4e5-ai-swarm-research-methodology.md:15	- "[[一堂调研行动营-ai辅助系统式调研方法论]]"
一堂调研行动营-ai辅助系统式调研方法论	40_outputs/content/articles/art_20260503_b2c3d4e5-ai-swarm-research-methodology.md:104	3. **比较阅读**: [[一堂调研行动营-ai辅助系统式调研方法论]]——一堂是 "人类主导的 AI 辅助调研"，Kimi 是 "AI 主导的多 Agent 自动化调研"。理解这两者的互补关系，可以帮你决定在什么场景下用哪种模式。
一堂调研行动营-ai辅助系统式调研方法论	40_outputs/content/articles/art_20260504_03c9d5e7-yitang-weapons-arsenal.md:57	- `[[一堂调研行动营-ai辅助系统式调研方法论]]` — 行动营方法论的 enrich 版，讲的是 OSCAR 五步法（框架层）
一堂调研行动营-ai辅助系统式调研方法论	40_outputs/content/articles/art_20260504_03c9d5e7-yitang-weapons-arsenal.md:69	- 关联页面：`[[一堂调研武器库13招]]` | `[[一堂调研行动营-ai辅助系统式调研方法论]]`
新卡	10_raw/sources/src_20260619_833c79d5_60_feedback_corrections_corr_20260611_laowantong_机会预判域_OCR遗漏_旧卡未清理.md:78	✅ 3 张旧卡已加 `superseded_by` 字段指向新卡，Synthesis 已加"→ 参见 [[新卡]]"链接。
新卡	10_raw/sources/src_20260619_833c79d5_60_feedback_corrections_corr_20260611_laowantong_机会预判域_OCR遗漏_旧卡未清理.md:84	2. 如果新卡在内容上覆盖了旧卡 → 旧卡 frontmatter 加 `superseded_by: 新卡ID`，Synthesis 加 →[[新卡]]，status 改 `deprecated`
consultant-mode-yai-style	20_memory/kimi-consulting-skills-from-yai-20260629.md:13	- [[consultant-mode-yai-style]]
consultant-mode-yai-style	20_memory/user-insight-profile.md:19	- "[[consultant-mode-yai-style]]"
一堂调研武器库13招	40_outputs/content/articles/art_20260504_03c9d5e7-yitang-weapons-arsenal.md:43	我们在 wiki 里已经有一张 `[[一堂调研武器库13招]]` 的概念卡——它把 13 把武器整理成了结构化表格，每把武器的用途、难度、适用场景一目了然。这很方便查阅。
一堂调研武器库13招	40_outputs/content/articles/art_20260504_03c9d5e7-yitang-weapons-arsenal.md:58	- `[[一堂调研武器库13招]]` — 13 把武器的结构化精炼（工具层）
一堂调研武器库13招	40_outputs/content/articles/art_20260504_03c9d5e7-yitang-weapons-arsenal.md:69	- 关联页面：`[[一堂调研武器库13招]]` | `[[一堂调研行动营-ai辅助系统式调研方法论]]`
hooks	90_control/infrastructure-inventory.md:79	| kdo_session_heartbeat_hook | kdo-tools/kdo_session_heartbeat_hook.py + 90_control/session-roles.json | kimi-cli SessionHeartbeat 钩（#562 任务2：会话活跃=心跳——session_id→state.json title 解析角色→role_registry 蹭拍
hooks	90_control/infrastructure-inventory.md:81	| kdo_session_boot_hook | kdo-tools/kdo_session_boot_hook.py | kimi-cli SessionStart 钩（#565：会话启动/恢复注入门铃自检指令进上下文——会话级 cron 随会话死，新会话自装；cwd=wiki 仓才注入，fail-open 静默） | 08-28 单测覆盖（wiki 注入/非 wiki 静默两路） | ~/.
ocr-*	90_control/.sandbox/ocr-broken-link-disposal-list.md:70	- "摘"操作只是从 related 列表移除死链，**不删除源卡正文中可能存在的内联 wikilink**。正文 wikilink 需另行 grep 处理（如正文中有 `[[ocr-*]]` 则同样会触发 BROKEN LINK）。
framework-yitang-JTBD-iceberg-model	.agent/prompts/agent-spec-demand-iceberg-coach.md:20	- "[[framework-yitang-JTBD-iceberg-model]]"
framework-yitang-JTBD-iceberg-model	.agent/prompts/agent-spec-demand-iceberg-coach.md:108	- **JTBD 方法论**：[[framework-yitang-JTBD-iceberg-model]] — L1–L6 六层冰山模型的理论基础。
framework-yitang-JTBD-iceberg-model	.agent/prompts/agent-spec-demand-iceberg-coach.md:244	- 六层冰山模型（L1–L6）的理论基础为 [[framework-yitang-JTBD-iceberg-model]]，精益创业验证逻辑来自 [[framework-yitang-lean-startup]]。
framework-yitang-demand-analysis-five-steps	.agent/prompts/agent-spec-demand-iceberg-coach.md:21	- "[[framework-yitang-demand-analysis-five-steps]]"
framework-yitang-demand-analysis-five-steps	.agent/prompts/agent-spec-demand-iceberg-coach.md:112	- **需求分析五步法**：[[framework-yitang-demand-analysis-five-steps]] — 本 Agent 对应五步法中「需求分析」环节的教练式执行。
framework-yitang-demand-analysis-five-steps	.agent/prompts/agent-spec-demand-iceberg-coach.md:242	- 本 Agent 是 [[framework-yitang-demand-analysis-five-steps]] 中「需求分析」环节的教练式执行 Agent。
framework-yitang-lean-startup	.agent/prompts/agent-spec-demand-iceberg-coach.md:22	- "[[framework-yitang-lean-startup]]"
framework-yitang-lean-startup	.agent/prompts/agent-spec-demand-iceberg-coach.md:109	- **精益创业**：[[framework-yitang-lean-startup]] — MVP 与最危险假设（RAT）的验证逻辑。
framework-yitang-lean-startup	.agent/prompts/agent-spec-demand-iceberg-coach.md:244	- 六层冰山模型（L1–L6）的理论基础为 [[framework-yitang-JTBD-iceberg-model]]，精益创业验证逻辑来自 [[framework-yitang-lean-startup]]。
plan_20260531_data-curator-v1	30_wiki/concepts/yt-foresight-deliverables-four-levels.md:61	- '[[plan_20260531_data-curator-v1]]'
plan_20260531_data-curator-v1.1	30_wiki/concepts/yt-foresight-deliverables-four-levels.md:64	- '[[plan_20260531_data-curator-v1.1]]'
ai-short-drama-creation	40_outputs/articles/ai-short-drama-methodology-guide.md:157	- [[ai-short-drama-creation]]
ai-short-drama-creation	40_outputs/capabilities/workflows/ai-short-drama-creation-workflow.md:7	skill_ref: "[[ai-short-drama-creation]]"
ai-short-drama-creation	40_outputs/capabilities/workflows/ai-short-drama-creation-workflow.md:236	- 完整提示词与检查清单见：[[ai-short-drama-creation]]
ai-short-drama-creation	40_outputs/capabilities/workflows/ai-short-drama-creation-workflow.md:236	- 完整提示词与检查清单见：[[ai-short-drama-creation]]
yt-decision-key-hypotheses	40_outputs/content/articles/art_ai_unit_model_reading_v1.md:24	这让我联想到[[yt-decision-key-hypotheses|关键假设]]思维。单元模型本质上就是把商业模式的关键假设，从「语言上说得通」推进到「数学上算得通」。很多业务在逻辑层面毫无破绽：目标人群明确、痛点真实、解决方案清晰。但一旦放进单元模型，就会发现获客成本覆盖不了LTV，或者履约成本随规模反而上升。语言层面的自洽，不等于数学层面的成立。
wujue-architecture	90_control/todos/ouyangfeng.md:239	- [2026-09-01 06:55] ❌ **#586 终审 FAIL（打回返工）**（task_20260901_laowantong-candy-collection-batch，老顽童单）：独立复跑 16 件=12 PASS/**4 FAIL**——dk-brooks 缺 3 必需节/lobster-opt 2 处 broken wikilink [[wujue-architecture
filename	.agent/decisions.md:247	- 使用 wikilinks 而非 markdown 链接——Obsidian 原生支持，且 `[[filename]]` 语法更简洁
filename	90_control/kdo-seed/seed/.agent/decisions.md:247	- 使用 wikilinks 而非 markdown 链接——Obsidian 原生支持，且 `[[filename]]` 语法更简洁
页面名	10_raw/sources/src_20260501_58b6edef-obsidian-kdo-内容产出工作流-产品设计大纲.md:973	Obsidian 的核心交互范式之一是 `双向链接`（Wikilink），用户通过 `[[页面名]]` 语法在笔记之间建立关联，Obsidian 自动维护反向链接索引。KDO Link 插件在此基础上增强：当鼠标悬停或点击双向链接时，悬浮预览卡片中除 Obsidian 默认的页面摘要外，额外展示 KDO 元信息。
页面名	10_raw/sources/src_20260503_52ae08ba-kdo_product_design_agent_final.md:964	Obsidian 的核心交互范式之一是 `双向链接`（Wikilink），用户通过 `[[页面名]]` 语法在笔记之间建立关联，Obsidian 自动维护反向链接索引。KDO Link 插件在此基础上增强：当鼠标悬停或点击双向链接时，悬浮预览卡片中除 Obsidian 默认的页面摘要外，额外展示 KDO 元信息。
concept-一堂-五步法	30_wiki/concepts/concept-一堂-product-kernel.md:47	- "[[concept-一堂-五步法]]"
concept-一堂-Y模型	30_wiki/concepts/concept-一堂-product-kernel.md:48	- "[[concept-一堂-Y模型]]"
concept-一堂-关键假设	30_wiki/concepts/concept-一堂-product-kernel.md:49	- "[[concept-一堂-关键假设]]"
concept-一堂-单元模型	30_wiki/concepts/concept-一堂-product-kernel.md:50	- "[[concept-一堂-单元模型]]"
concept-一堂-精益创业	30_wiki/concepts/concept-一堂-product-kernel.md:51	- "[[concept-一堂-精益创业]]"
kdo-charter-v01-draft	30_wiki/domains/kdo-moc.md:80	| **工厂宪法/角色定义/铁律出处** | **[[kdo-charter-v01-draft]]**（《KDO 基本法》——角色岗位说明书在 §2.6，治理条文 §3） |
刻意练习方法论	40_outputs/capabilities/skills/consultant-mode-yai-style/SKILL.md:14	- "[[刻意练习方法论]]"
刻意练习方法论	40_outputs/capabilities/skills/consultant-mode-yai-style/WORKBOOK.md:13	- "[[刻意练习方法论]]"
具体卡片名	40_outputs/capabilities/skills/knowledge-collision-workflow/SKILL.md:91	1. **一个明确的框架锚点**：不要写"根据相关理论"，写"根据[[具体卡片名]]中的XX框架"
具体卡片名	40_outputs/capabilities/skills/shared/knowledge-collision/SKILL.md:91	1. **一个明确的框架锚点**：不要写"根据相关理论"，写"根据[[具体卡片名]]中的XX框架"
skill-一堂-product-kernel-canvas	40_outputs/content/articles/art_20250609_yitang_hypothesis_driven_startup_v1.md:52	**第二层：做乘法——用产品内核画布锁定决定性要素。** [[skill-一堂-product-kernel-canvas]] 的核心洞察是：不是所有假设都值得同等验证。你需要找到那个"用户选择你的决定性理由"——内核画布用绿（决定性）、黄（优化性）、红（边缘性）三色法帮你区分。绿色要素就是乘法中的"乘数"，它决定了一切；黄色是"加数"，锦上添花；红色是"噪音"，分散注意力。
skill-note-layer-constraint	40_outputs/content/articles/从清单体到AI时代的认知重构——一堂Truman笔记法的三个核心洞察.md:61	这两个攻击者揭示了"最大公约数"的使用条件：它是一个工具，而非信仰。[[skill-note-layer-constraint]] 提供了具体的操作协议：2-3层结构、每层不超7点（最好不超5点）。这些约束不是随意的，而是来自认知科学中的工作记忆容量研究（Miller, 1956）。
skill-note-layer-constraint	40_outputs/content/articles/从清单体到AI时代的认知重构——一堂Truman笔记法的三个核心洞察.md:73	**交叉点2：分层约束与创造力的张力**。[[skill-note-layer-constraint]] 要求"2-3层、每层不超7点"。这个约束看似在限制创造力，实际上在释放创造力——它让你不必在"结构"上纠缠，而可以把认知资源投入到"内容"上。这就像音乐中的"和声进行"规则：明确的结构约束让创作者能够更自由地在内容层面创新。
self	docs/superpowers/specs/2026-06-05-kdo-stale-propagate-design.md:77	| `[[self]]`（引用自己） | 忽略 |
self	docs/superpowers/specs/2026-06-05-kdo-stale-propagate-design.md:206	| `test_propagate_ignores_self_ref` | `[[self]]` → 不触发 |
概念名称	CLAUDE.md:119	- 使用 `[[概念名称]]` 创建内部链接。创建前先检查是否已有同名页面。
占位	.agent/daily-review/错误模式库.md:8	| E002 | **混淆人物名称** | 2026-06-07 | 2026-06-07 | 1 | 把 Truman 说成"褚勉"，用户纠正 | 对一堂课程体系不够熟悉，又未确认就输出 | 涉及人物/机构名时，有不确定的先用 `[[占位]]` 标记，确认后再输出 | 知识库不熟的内容先查再答 |
concept-一堂-product-kernel-definition	.agent/prompts/agent-一堂五步法教练.md:279	| 产品内核 | [[framework-一堂五步法-泛产品设计]] | [[concept-一堂-product-kernel-definition]] |
Anthropic	00_inbox/Anthropic 官方发布：《创始人手册：打造 AI 原生初创公司》.md:5	- "[[Anthropic]]"
THIS_CARD_DOES_NOT_EXIST	00_inbox/_test_dead_link.md:15	- '[[THIS_CARD_DOES_NOT_EXIST]]'
ANOTHER_FAKE_CARD	00_inbox/_test_dead_link.md:16	- '[[ANOTHER_FAKE_CARD]]'
5Y	10_raw/sources/src_20260610_1a72a5cb-一堂-一堂五步法-产品内核-修炼段位图.md:2678	^F         X<z0@RO0Y[[5Y]]
P-15 虚假完成报告	20_memory/embedded-debugging-retrospective-20260604.md:93	- [[P-15 虚假完成报告]] — 同一模式的另一面：声称完成 vs 实际验证
C-8 格式完整思维空洞	20_memory/embedded-debugging-retrospective-20260604.md:94	- [[C-8 格式完整思维空洞]] — 另一类"看表面 vs 看实质"的问题
framework-hermes-multi-bot-feishu-setup	30_wiki/dk/dk-feishu-bot-slow-session-hygiene.md:38	- '[[framework-hermes-multi-bot-feishu-setup]]'
P-21 诊断优先原则	40_outputs/capabilities/playbooks/embedded-ir-debugging.md:146	- [[P-21 诊断优先原则]] — 通用反模式：无诊断手段时盲目调参
hermes-gateway-revival	40_outputs/capabilities/skills/config-cascade-debug/SKILL.md:155	- [[hermes-gateway-revival|Hermes Gateway Revival Skill]]（Hermes 专项修复）
case-一堂-AI高考志愿-kernel-mismatch	40_outputs/content/articles/art_20250609_yitang_hypothesis_driven_startup_v1.md:68	问题出在[[case-一堂-AI高考志愿-kernel-mismatch]]揭示的内核错位：产品的内核是"AI精准推荐"（产品视角），而用户决策的内核是"别填错，别后悔"（用户视角）。当内核从"帮助用户做出最优选择"滑向"展示AI能力有多强"时，产品就失去了决定性——用户不会因为你的算法更复杂而选择你，他们选择你是因为你让他们感到"稳妥"。
dk-一堂-wishful-thinking-kills-startups	40_outputs/content/articles/art_20250609_yitang_hypothesis_driven_startup_v1.md:74	这就是[[dk-一堂-wishful-thinking-kills-startups]]指出的核心盲区：愿望思维让创业者自动把"痛点真实"和"方案可行"之间的逻辑跳跃填平。System 1 不喜欢"未完成的因果链"，所以它会自动脑补中间环节，让你"感觉"一切都已就绪。
页面A	40_outputs/content/articles/art_20260503_c3d4e5f6-graph-rag-knowledge-management.md:79	**边**: `[[页面A]]` 出现在页面B中 = A→B 的有向边
skill-note-one-line-one-point	40_outputs/content/articles/从清单体到AI时代的认知重构——一堂Truman笔记法的三个核心洞察.md:63	更关键的是，[[skill-note-one-line-one-point]] 和 [[skill-note-keyword-bolding]] 分别解决了"每条只写一个意思"和"关键词加粗"的问题。这三张技能卡的组合，构成了清单体化的最小可用工具集：分层提供结构框架，一行一点保证单位独立，关键词加粗提高信息密度。缺了任何一项，清单体都会变成"看似结构化实则混乱"的东西。
skill-note-keyword-bolding	40_outputs/content/articles/从清单体到AI时代的认知重构——一堂Truman笔记法的三个核心洞察.md:63	更关键的是，[[skill-note-one-line-one-point]] 和 [[skill-note-keyword-bolding]] 分别解决了"每条只写一个意思"和"关键词加粗"的问题。这三张技能卡的组合，构成了清单体化的最小可用工具集：分层提供结构框架，一行一点保证单位独立，关键词加粗提高信息密度。缺了任何一项，清单体都会变成"看似结构化实则混乱"的东西。
双向链接	90_control/cli-reference.md:51	3. 用 `[[双向链接]]` 引用概念。
yt-some-random-card	90_control/kdo-industrialization-manual.md:889	> 参见 `[[yt-some-random-card]]`。
broken-link	90_control/kdo-system-manual.md:113	| wikilink 死链 | `[[broken-link]]` 是否指向不存在的文件 |
New Concept	90_control/PROTOCOL.md:118	- **Create before link**: Before writing `[[New Concept]]`, check if the target page exists
concept-name	90_control/PROTOCOL.md:119	- **Use wiki-links**: `[[concept-name]]` or `[[folder/concept-name]]`
folder/concept-name	90_control/PROTOCOL.md:119	- **Use wiki-links**: `[[concept-name]]` or `[[folder/concept-name]]`
A\	docs/superpowers/specs/2026-06-05-kdo-stale-propagate-design.md:75	| `[[A\|显示文字]]` | A |
y-model	huangyaoshi/skill-extraction-infrastructure-design.md:44	| 例子 | [[y-model]] | "AI 生图文字变形怎么修" |
card-name	laowantong/daily_cognitive_review/错误模式库.md:8	| E002 | YAML 列表字段误用 wikilink | 2026-06-06 | 2026-06-06 | 1 | contradicts 写成 `- [[card-name]]` | 习惯性拱手——正文用 wikilink 用多了 | 修复 + 以后写 YAML 列表时做"约定检查" | 强制检查清单第2条 |
Now I have the full 107 live occurrences. Let me adjudicate each:

  **Category: documentation examples (strip brackets vs leave?)** — These are `[[wikilink]]`, `[[id]]`, `[[filename]]`, `[[页面名]]`, `[[A]]`, `[[self]]`, `[[concept-name]]`, `[[folder/concept-name]]`, `[[New Concept]]`, `[[broken-link]]`, `[[yt-some-random-card]]`, `[[双向链接]]`, `[[具体卡片名]]`, `[[card-id]]`, `[[概念名称]]`, `[[占位]]`, `[[card-name]]`, `[[新卡]]`, `[[y-model]]`, `[[A\|显示文字]]`, `[[ocr-*]]`, `[[...]]`, `[[作品名称]]`.

  Important nuance: most are wrapped in backticks (inline code) — e.g. `` `[[wikilink]]` ``. In Obsidian, wikilinks inside inline code are NOT rendered as links! So they don't create scatter in the graph. But my scanner doesn't exclude inline code (only fenced blocks). Wangyuyan's scan likely had the same behavior. Task says rescan target <50. These inline-code occurrences are arguably false positives — but simplest robust action: strip the `[[]]` inside inline code? NO — that would change documentation meaning (the doc is literally explaining the `[[...]]` syntax). Better: leave them, classify as "inline-code 示例，Obsidian 不渲染，保留" and adjust scanner to exclude inline code spans for the rescan (more accurate). That's defensible: the scan spec says 排除代码块 — inline code is a code span; extending exclusion to inline code is a correctness fix. Document it.

  But careful: are all those occurrences in backticks? Looking at the list:
  - `.agent/decisions.md:239` → `` `[[wikilink]]` `` ✓ backticked
  - docs/superpowers spec lines → backticked ✓
  - 90_control/PROTOCOL.md:118-119 → backticked ✓
  - `作品名称` lines: `>1. [角色姓名 A]+[[作品名称]]([出品方/年份])...` — NOT backticked! These are in 00_inbox/prompts/tools-workflows.md and 10_raw/sources (raw materials). 00_inbox/10_raw are raw zones — task scope is graph cleanup of knowledge layer; raw materials shouldn't be edited (source discipline!). 00_inbox/10_raw files: leave untouched (原料不动), note in report. Hmm but they'd remain as ghosts in Obsidian... wangyuyan's own diagnosis said 00_inbox/10_raw are excluded via graph filter (view layer). Fine — leave, report.
  - `新卡` lines in 10_raw/sources — raw, leave.
  - `Anthropic` in 00_inbox — raw, leave.
  - `THIS_CARD_DOES_NOT_EXIST`/`ANOTHER_FAKE_CARD` in `00_inbox/_test_dead_link.md` — a test fixture for dead-link detection! Definitely leave (it's intentional). Note in report.
  - `5Y` in 10_raw/sources line 2678 — raw, leave.
  - `占位` in .agent/daily-review/错误模式库.md — backticked `` `[[占位]]` `` ✓ leave.
  - `card-name` in laowantong/daily_cognitive_review/错误模式库.md — backticked? "contradicts 写成 `- [[card-name]]`" — appears NOT backticked (it's inside a table cell). Let me check that file... it's a review archive (agent复盘 mirrors). These are historical records — treat like hist. Actually laowantong/ and huangyaoshi/ dirs are agent 复盘 folders (records). Classify as historical-record → leave. Hmm, my klass() didn't exclude them. For graph purposes they create scatter. But they're personal review logs; editing is borderline. `card-name` occurrence is inside backticks? The text shows "写成 `- [[card-name]]`" with backticks around `- [[card-name]]`? In the tsv: "| 1 | contradicts 写成 `- [[card-name]]` | ..." — the backticks wrap the whole `- [[card-name]]` → inline code → not rendered. Leave.
  - `y-model` in huangyaoshi/skill-extraction-infrastructure-design.md:44 — "| 例子 | [[y-model]] | ..." NOT backticked, real link in a design doc. huangyaoshi/ = agent workspace (design doc). This is a real ghost link. 改链 → `yt-decision-y-model` (the actual Y模型 card). Reasonable.
  - `双向链接` in 90_control/cli-reference.md:51 — "3. 用 `[[双向链接]]` 引用概念。" backticked ✓ leave.
  - `ocr-*` in 90_control/.sandbox/ocr-broken-link-disposal-list.md:70 — backticked ✓ leave.
  - `hooks` in 90_control/infrastructure-inventory.md:79,81 — text contains "[[hooks]]"? The lines shown are truncated table rows about kimi-cli hooks. Need to check actual brackets. Probably `[[hooks]]` somewhere... Let me check the actual lines.
  - `wujue-architecture` in 90_control/todos/ouyangfeng.md:239 — a review record quoting a FAIL reason "2 处 broken wikilink [[wujue-architecture]]" — NOT backticked, inside ouyangfeng's todos (a live operational file). It's a quote of a review record. Editing another role's todos file is out of bounds-ish... but it IS a link line. 断链保文 (strip brackets) — changes a quoted record. Hmm. 90_control/todos/ouyangfeng.md is 欧阳锋's inbox. Rule: 不碰其他角色的 context 文件 (todos is inbox, similar). I'll strip brackets — minimal, keeps text. Actually wait — modifying another agent's todos file... The red line says only touch link lines; this is a link in a record. Risk of annoying protocol. I'd rather leave it and count as residual (<50 allowed). But it's a live file that will keep growing; one ghost link named wujue-architecture. Leave + note. Actually — hmm, this record is also in the FAIL record of task 586. Leave it; residual budget allows.

  - `filename` ×2 (.agent/decisions.md + seed copy) backticked ✓ leave.
  - `id` ×3 backticked ✓ leave.
  - `wikilink` ×10 backticked ✓ leave.
  - `A` ×3: docs spec lines 18 `` `[[A]]` `` backticked, 74-76 table `| `[[A]]` | A |` backticked ✓ leave.
  - `self` ×2 backticked ✓ leave.
  - `concept-name`, `folder/concept-name`, `New Concept`, `概念名称` backticked ✓ leave.
  - `...` ×3 live: 20_memory/lessons...md:62 `` `[[...]]` ``? line 62: "即使没有 `[[...]]`，也会..." backticked ✓. kcard.md ×2 backticked ✓ leave.
  - `具体卡片名` ×2 in SKILL.md files — "写"根据[[具体卡片名]]中的XX框架"" — NOT backticked! In skill docs (40_outputs/capabilities/skills). These are template examples in live operational skill docs. Strip brackets → "根据具体卡片名中的XX框架"? Hmm, that reads fine. But it's inside a quoted instruction: 写"根据[[具体卡片名]]中的XX框架". The [[]] here indicates "insert card link here". Stripping keeps meaning ("根据具体卡片名" reads as instruction to name the card). I'll strip brackets (保文). Both copies (skills/knowledge-collision-workflow + skills/shared/knowledge-collision).
  - `card-id` ×4 in same SKILL.md files: `wikilink 格式 `[[card-id]]`` — backticked ✓ leave.
  - `刻意练习方法论` ×2 in consultant-mode-yai-style SKILL.md/WORKBOOK.md frontmatter-ish `- "[[刻意练习方法论]]"` lines 13-14. Check context: probably a `related:` or resources list. Is there a real card 刻意练习方法论? Search: framework-一堂-刻意练习 (ghost too, hist only). There's `deliberate-practice` domain stuff. Let me check if a card like `concept-刻意练习` exists. If a good target exists → 改链; else 删链/断链. Need to look.

  - `紫鲸ai_智能体工作流平台_深度分析与产品设计` ×3: file exists at 30_wiki/_archive/紫鲸ai_智能体工作流平台_深度分析与产品设计.md. superseded_by? Check. The referencing live cards: case-toc-content-platform-correlation-trap, 开源HIS系统代码深度分析报告, 紫鲸ai智能体工作流平台 (concept). Since 紫鲸ai智能体工作流平台 concept card EXISTS and is the live counterpart, the other two should probably 改链 → 紫鲸ai智能体工作流平台; and in 紫鲸ai智能体工作流平台.md itself line 26 self? No — its own id differs (紫鲸ai智能体工作流平台 vs 紫鲸ai_智能体...). It references the archived detailed analysis doc. Since archived docs are readable, but our convention: don't link into archive. 改链 to the live concept card where different, or strip where self-ish. Look at each: in 紫鲸ai智能体工作流平台.md, the link to the deep-analysis archive doc — 改链 to `_archive/紫鲸ai_...`? No. Just strip brackets? Or the concept card may genuinely want to reference its source analysis. Simplest: 断链保文.
    Check archived file's superseded_by first.

  - `一堂调研行动营-ai辅助系统式调研方法论` ×4: does an enriched version exist? The article at line 57 says "行动营方法论的 enrich 版" — search for a card like `framework-yitang-oscar-research` (OSCAR exists!). The referenced name doesn't exist. 改链 candidates: `framework-yitang-oscar-research`? The article says the missing page "讲的是 OSCAR 五步法（框架层）" — so改链 → framework-yitang-oscar-research is semantically right for line 57/69/104; line 15 wiki_refs frontmatter → 改链 too. Verify framework-yitang-oscar-research exists.
  - `一堂调研武器库13招` ×3: line 43 says "wiki 里已经有一张 [[一堂调研武器库13招]] 的概念卡" — claimed to exist but doesn't. Find the actual card: maybe `tool-yitang-weapon-ai-tools`? or something like `一堂调研武器库`. Search.

  - `ai-short-drama-creation` ×3: 40_outputs/articles + workflows references to a skill page. Does `40_outputs/capabilities/skills/ai-short-drama-creation/SKILL.md` exist? If yes, basename is SKILL... no — resolution by filename: `ai-short-drama-creation` would need a file named ai-short-drama-creation.md. The workflow file is `ai-short-drama-creation-workflow.md`. If the skill exists at skills/ai-short-drama-creation/SKILL.md, basename=SKILL, no match. 改链 → ai-short-drama-creation-workflow where referencing "完整提示词与检查清单"? Actually line 236 in the workflow references the skill. Check what exists.

  - `yt-decision-key-hypotheses` ×1 in art_ai_unit_model_reading_v1.md inline `[[yt-decision-key-hypotheses|关键假设]]`. Does a key-hypotheses card exist? Search for "key-hypotheses" or 关键假设 cards: there's `concept-yitang-key-hypothesis`? Let me search.

  - `consultant-mode-yai-style` ×2: 20_memory files reference a skill named consultant-mode-yai-style. The skill EXISTS as directory 40_outputs/capabilities/skills/consultant-mode-yai-style/SKILL.md but no .md named consultant-mode-yai-style. 改链 → strip brackets? Or these are meaningful references to the skill. Since no page, 断链保文? Hmm — wait, maybe create no; 删链? The references: 20_memory/kimi-consulting-skills-from-yai-20260629.md:13 `- [[consultant-mode-yai-style]]` (a list of skills) and user-insight-profile.md:19. 断链保文 keeps the text reference. OK strip.

  - `framework-yitang-JTBD-iceberg-model` / `framework-yitang-demand-analysis-five-steps` / `framework-yitang-lean-startup` in .agent/prompts/agent-spec-demand-iceberg-coach.md — same pattern as B2: planned frameworks. Existing equivalents?
    - JTBD iceberg: maybe `framework-yitang-demand-iceberg`? That's also ghost (hist only). Search for iceberg cards: `tool-iceberg-triangle-modeling` exists but that's different. There's `demand-iceberg` domain? Check for files with "iceberg" or "冰山".
    - demand-analysis-five-steps: `domain-demand-analysis-index`? or framework-yitang-five-step... Check.
    - lean-startup: search "精益创业" cards — `framework-yitang-lean-startup`? ghost. Maybe `concept-一堂-精益创业` (also ghost). There's case-lean-* cards. Check for a lean framework card.

  - `plan_20260531_data-curator-v1` / `v1.1` in yt-foresight-deliverables-four-levels.md (related) — files exist in _archive (plan_20260531_data-curator-v1.md, v1.1.md). Archived plans. 删链 (historical plans archived, no live successor) or 断链保文. They're frontmatter related lines → 删链（纯链接行）.

  - `concept-一堂-五步法/Y模型/关键假设/单元模型/精益创业` ×5 in concept-一堂-product-kernel.md related — planned concept cards never produced. Existing equivalents: framework-一堂五步法-泛产品设计 (exists), yt-decision-y-model (exists), 单元模型? `unit-model` ghost... search for existing cards: `concept-单元模型-学练用` exists (saw in related lists). For each: 改链 to existing equivalent where unambiguous, else 删链.
    - concept-一堂-五步法 → framework-一堂五步法-泛产品设计? or yt-five-step-method-complete (exists!). 改链 → yt-five-step-method-complete.
    - concept-一堂-Y模型 → yt-decision-y-model ✓ 改链
    - concept-一堂-关键假设 → search existing... there's `dk-yi-tang-wishful-thinking-kills-startups`? no. Maybe `tool-泛产品落地-假设拆解`. Hmm. Or `yt-decision-key-hypotheses` also ghost. Search.
    - concept-一堂-单元模型 → `unit-model` ghost; there's a unit-model domain digest? search.
    - concept-一堂-精益创业 → search lean cards.

  - `kdo-charter-v01-draft` ×1 in kdo-moc.md — actual file is 90_control/kdo-charter-v0.1-draft.md (different name). 改链 → kdo-charter-v0.1-draft ✓.

  - `framework-hermes-multi-bot-feishu-setup` ×1 in dk-feishu-bot-slow-session-hygiene.md related — ghost. Search for existing hermes setup doc... there's `_skills/wechat-mcp-setup.md`? For hermes multi-bot: maybe `hermes-gateway-revival` is also ghost. 删链/断链. Check for candidates.

  - `P-15 虚假完成报告`, `C-8 格式完整思维空洞`, `P-21 诊断优先原则` — references to pitfalls entries (P-15 lives in .agent/pitfalls.md as a section, not a page). 断链保文 (strip brackets) — they're section references, never pages.

  - `hermes-gateway-revival` in config-cascade-debug/SKILL.md — ghost skill ref. 断链保文 or check for existing. Search.

  - `case-一堂-AI高考志愿-kernel-mismatch`, `dk-一堂-wishful-thinking-kills-startups`, `skill-一堂-product-kernel-canvas` in art_20250609 article — planned cards never produced. Note dk-yi-tang-wishful-thinking-kills-startups EXISTS (saw it in learning-thinking related). So `dk-一堂-wishful-thinking-kills-startups` → 改链 dk-yi-tang-wishful-thinking-kills-startups ✓. `skill-一堂-product-kernel-canvas` → maybe `tool-agent-spec-yitang-kernel-canvas-autofill`? or a kernel canvas tool card — search 内核画布. `case-一堂-AI高考志愿-kernel-mismatch` → search 高考志愿 case... probably never produced → 断链保文.

  - `skill-note-layer-constraint`, `skill-note-one-line-one-point`, `skill-note-keyword-bolding` in 从清单体 article — planned skill cards. Search for existing note-taking skill cards (Truman 笔记法). Possibly `skill-note-*` never produced → 断链保文. Search first.

  - `页面A` in graph-rag article — backticked ✓ leave.

  - `concept-一堂-product-kernel-definition` in .agent/prompts/agent-一堂五步法教练.md:279 — table cell `[[concept-一堂-product-kernel-definition]]`. Existing: `concept-一堂-product-kernel` exists! 改链 ✓.

  - `THIS_CARD_DOES_NOT_EXIST`/`ANOTHER_FAKE_CARD` — test fixture, leave.

  - `hooks` — check lines.

  Also template placeholder family targets with live>0: `作品名称` (00_inbox+10_raw, leave), `A`(leave), `新卡`(10_raw leave), `filename`(leave), `页面名`(10_raw leave), `概念名称`(CLAUDE.md backticked leave), `占位`(leave), `Anthropic`(00_inbox leave), THIS/ANOTHER(leave), `5Y`(10_raw leave), `页面A`(leave), `双向链接`(leave), `yt-some-random-card`(90_control manual backticked leave), `broken-link`(backticked leave), `New Concept`/`concept-name`/`folder/concept-name`(leave), `A\`(backticked leave), `y-model`(改链), `card-name`(leave), `wikilink`(leave), `id`(leave), `...`(leave), `card-id`(leave), `具体卡片名`(strip ×2), `刻意练习方法论`(check), `self`(leave), `hooks`(check).

  Scanner improvement for rescan: exclude inline code spans (backtick-wrapped). That will make many of these "leave" ones disappear from the count legitimately (they're not Obsidian links). Note as scan v2 with justification.

  Let me check the pending questions:
  1. hooks lines in infrastructure-inventory.md
  2. 紫鲸 archived superseded_by
  3. existence: framework-yitang-oscar-research, 调研武器库 card, ai-short-drama skill, key-hypotheses card, 刻意练习 card, 精益创业 card, 单元模型 card, 关键假设 card, iceberg/JTBD card, demand five-steps card, hermes cards, 内核画布 card, 高考志愿 case, skill-note cards.

• 剩余 107 处逐一裁决。先批量核查各候选改链目标是否存在。79:| kdo_session_heartbeat_hook | kdo-tools/kdo_session_heartbeat_hook.py + 90_control/session-roles.json | kimi-cli SessionHeartbeat 钩（#562 任务2：会话活跃=心跳——session_id→state.json title 解析角色→role_registry 蹭拍，补「会话内活跃未跑 kdo 命令」活性盲区；fail-open 静默） | 08-28 3 例 passed + 本会话活体心跳实测 | ~/.kimi-code/config.toml [[hooks]] SessionHeartbeat/role_registry |
81:| kdo_session_boot_hook | kdo-tools/kdo_session_boot_hook.py | kimi-cli SessionStart 钩（#565：会话启动/恢复注入门铃自检指令进上下文——会话级 cron 随会话死，新会话自装；cwd=wiki 仓才注入，fail-open 静默） | 08-28 单测覆盖（wiki 注入/非 wiki 静默两路） | ~/.kimi-code/config.toml [[hooks]] SessionStart/.agent/startup.md 第0步（双保险） |
status: superseded
superseded_by: []
===EXIST===
./30_wiki/frameworks/framework-yitang-oscar-research.md
./30_wiki/concepts/concept-一堂-product-kernel.md
./30_wiki/dark-knowledges/dk-yi-tang-wishful-thinking-kills-startups.md
./30_wiki/concepts/yt-decision-y-model.md
./30_wiki/frameworks/yt-five-step-method-complete.md
===SEARCH===
HIS系统深度调研.md
kimi-深度调研集群方法论-deep-research-swarm.md
互联网医院模式深度调研报告.md
保达云诊所深度调研报告.md
数据标注维度最佳实践调研报告.md
街顺app全面调研报告.md
诊所o2o外卖平台业务深度调研报告.md
轻量级诊所HIS调研全清单.md
ai-short-drama-creation
consultant-mode-yai-style
ai单元模型口述蒋老师.md
concept-一堂-基本功-刻意练习四要素.md
concept-单元模型-学练用.md
concept-最简单元模型.md
yt-business-formula-parameter-iceberg.md
yt-decision-consensus-iceberg.md
yt-demand-analysis-hiking-map.md
yt-model-deep-review-iceberg.md
bridge-利润-单元模型-定价闭环.md
framework-deep-work-iceberg.md
framework-demand-iceberg.md
framework-meeting-iceberg-canvas.md
framework-一堂-关键假设-ABCD模型.md
framework-一堂-关键假设-三板斧.md
framework-一堂-关键假设.md
framework-一堂五步法-单元模型.md
framework-单元模型-外部对抗地图.md
tool-agent-spec-yitang-kernel-canvas-autofill.md
tool-demand-iceberg-l1-user.md
tool-demand-iceberg-l2-scenario.md


• Findings:
  - `hooks` lines: `~/.kimi-code/config.toml [[hooks]] SessionHeartbeat/...` — this is a TOML config section reference written as [[hooks]]. It's in a table, not backticked. It's pseudo-syntax (TOML section). 断链保文 (strip brackets → `[hooks]`? plain `hooks`). Strip → text "config.toml hooks SessionHeartbeat/..." Hmm losing brackets changes meaning slightly; it's TOML section name. Could change `[[hooks]]` → `` `[hooks]` `` (inline code, accurate TOML syntax, no scatter). That's 改链-ish/格式修正. I'll do `[[hooks]]` → `` `[hooks]` ``.
  - 紫鲸 archived: superseded_by empty → 断链保文/删链. The referencing lines are frontmatter related pure lines → 删链 ×3.
  - 一堂调研行动营 → framework-yitang-oscar-research exists. 改链 ✓ (4 处: art_20260503_b2c3d4e5 lines 15, 104; art_20260504 lines 57, 69).
  - 一堂调研武器库13招 → search didn't show a 武器库 concept card in concepts. Let me search more broadly for "武器库13招" or weapon cards: `tool-yitang-weapon-ai-tools` exists (saw earlier). Hmm — "一堂调研武器库13招" ≈ OSCAR 13 武器 = research/SKILL.md「OSCAR + 13 武器体系」. Is there a card? Search filename "*武器*".
  - ai-short-drama-creation skill dir exists → the intended target is the skill. Is there a md named ai-short-drama-creation? skills/ai-short-drama-creation/SKILL.md → basename SKILL. No direct page. Options: 改链 → ai-short-drama-creation-workflow for line 157 of the article? Let me look at contexts: article line 157 `- [[ai-short-drama-creation]]` (bullet); workflow line 7 `skill_ref: "[[ai-short-drama-creation]]"` (frontmatter ref to skill), line 236 `- 完整提示词与检查清单见：[[ai-short-drama-creation]]`. Best: strip brackets (the skill directory reference stays as text). Since Obsidian can't link to a directory anyway. 断链保文 ×3.
  - consultant-mode-yai-style: skill dir exists (confirmed). Same treatment: 断链保文 ×2.
  - yt-decision-key-hypotheses → `framework-一堂-关键假设` exists! 改链 (alias 关键假设 kept). ✓
  - 刻意练习方法论 → `concept-一堂-基本功-刻意练习四要素` exists. Close enough? "刻意练习方法论" — the SKILL is about consulting mode; its related list points to 刻意练习方法论. 改链 → concept-一堂-基本功-刻意练习四要素 ✓ reasonable.
  - framework-yitang-JTBD-iceberg-model → `framework-demand-iceberg` exists (需求冰山). JTBD+iceberg… the demand-iceberg-coach prompt references "L1–L6 六层冰山模型". Check framework-demand-iceberg covers L1-L6? Also tool-demand-iceberg-l1/l2 exist. `framework-demand-iceberg` is the natural 改链 target.
  - framework-yitang-demand-analysis-five-steps → `yt-demand-analysis-hiking-map`? or `domain-demand-analysis-index`? Let me check what exists for demand analysis: domain-demand-analysis-index (mentioned earlier as related entry). find it.
  - framework-yitang-lean-startup → search for lean framework: `concept-一堂-精益创业` ghost; maybe `framework-lean-*`? framework-lean-unit-economics is ghost too (hist only). Search.
  - concept-一堂-五步法 → yt-five-step-method-complete ✓ 改链
  - concept-一堂-Y模型 → yt-decision-y-model ✓
  - concept-一堂-关键假设 → framework-一堂-关键假设 ✓
  - concept-一堂-单元模型 → framework-一堂五步法-单元模型 ✓ (or concept-单元模型-学练用; 五步法-单元模型 closer to 一堂 unit model)
  - concept-一堂-精益创业 → depends on lean search.
  - kdo-charter-v01-draft → kdo-charter-v0.1-draft ✓
  - concept-一堂-product-kernel-definition → concept-一堂-product-kernel ✓
  - dk-一堂-wishful-thinking-kills-startups → dk-yi-tang-wishful-thinking-kills-startups ✓
  - skill-一堂-product-kernel-canvas → tool-agent-spec-yitang-kernel-canvas-autofill? Semantics: article about 产品内核画布. The agent-spec is "内核画布自动填写" — reasonable 改链.
  - case-一堂-AI高考志愿-kernel-mismatch → search 高考志愿.
  - skill-note-layer-constraint / one-line-one-point / keyword-bolding → search note skill cards.
  - framework-hermes-multi-bot-feishu-setup & hermes-gateway-revival → search hermes docs.
  - plan_20260531_data-curator-v1/v1.1 → archived plans, 删链 ×2.
  - wujue-architecture (ouyangfeng todos) → leave (他角色文件记录), count residual.
  - P-15/C-8/P-21 → 断链保文 (strip brackets, they're section refs).

  Remaining searches needed.

• 继续核查剩余候选目标。domain-demand-analysis-index.md
===
30_wiki/cases/case-lean-2b-gray-test.md
30_wiki/cases/case-lean-adult-education.md
30_wiki/cases/case-lean-building-in-vacuum.md
30_wiki/cases/case-lean-combination-test-paradigm.md
30_wiki/cases/case-lean-crayfish-combo-test.md
30_wiki/cases/case-lean-electric-scooter-mvp.md
30_wiki/cases/case-lean-genki-forest-toolkit.md
30_wiki/cases/case-lean-gray-test-paradigm.md
30_wiki/cases/case-lean-medical-device-milestone.md
30_wiki/cases/case-lean-perfectionism-traps.md
===
30_wiki/dk/.hermes-tmp.G3BXJ6
40_outputs/capabilities/skills/hermes-gateway-revival
40_outputs/capabilities/skills/shared/hermes-multi-bot-feishu-setup
===
30_wiki/concepts/yt-note-ai-human-division.md
30_wiki/concepts/yt-note-checklist-concept.md
30_wiki/concepts/yt-note-deliberate-practice-four-elements.md
30_wiki/concepts/yt-note-expert-interview-modeling.md
30_wiki/concepts/yt-note-extensive-research-input.md
30_wiki/concepts/yt-note-fact-pattern-insight.md
30_wiki/concepts/yt-note-l4-internalization.md
30_wiki/concepts/yt-note-l6-extraction.md
30_wiki/concepts/yt-note-problem-solving-capability.md
30_wiki/dark-knowledges/dk-note-maximum-common-divisor.md
===
tool-一堂-表达力火箭模型-执行武器库.md
tool-讲香十指模型-超级武器库.md


• More findings:
  - `domain-demand-analysis-index` exists → framework-yitang-demand-analysis-five-steps 改链 → domain-demand-analysis-index? Hmm, that's a domain index, not the five-steps framework. Check if it covers 需求分析五步法... Reasonable enough as navigation target. Alternatively yt-demand-analysis-hiking-map. The prompt line: "**需求分析五步法**：[[...]] — 本 Agent 对应五步法中「需求分析」环节的教练式执行" — refers to 一堂五步法's 需求分析 step! Not a demand-analysis-specific five steps. Wait "需求分析五步法" could be its own framework. The safest 改链: `domain-demand-analysis-index` (demand analysis domain index). OK.
  - lean-startup: no lean framework card — only case-lean-* cases. framework-yitang-lean-startup → no good target → 断链保文 ×3 (in demand-iceberg-coach prompt).
    Actually wait — check frameworks dir for "lean":framework-demand-lean-bridge.md
framework-five-step-lean-interface.md
framework-lean-abcd-model.md
framework-lean-expert-roadmap.md
framework-lean-false-model.md
framework-lean-four-principles.md
framework-lean-pivot-decision.md
framework-lean-product-kernel.md
framework-lean-six-wastes.md
framework-lean-systematic-test-curve.md
framework-lean-tenx-formula.md
framework-logic-cleanliness-five-levels.md
framework-strategy-lean-validation.md
yt-lean-assumption-prioritization.md
yt-lean-assumption-verification-3means.md
yt-lean-b2b-b2c-hardware-content-testing.md
yt-lean-consumer-deep-experience-testing.md
yt-lean-false-model-ai.md
yt-lean-growth-stage-gate.md
yt-lean-qualitative-quantitative-research.md
bridge-利润-需求冰山-价值定价.md
framework-deep-work-iceberg.md
framework-demand-iceberg.md
framework-meeting-iceberg-canvas.md
yt-demand-jtbd-application.md
===
40_outputs/capabilities/skills/hermes-gateway-revival/SKILL.md
40_outputs/capabilities/skills/shared/hermes-multi-bot-feishu-setup/SKILL.md
===
framework-一堂五步法-单元模型.md
framework-一堂五步法-增长周期.md
framework-一堂五步法-壁垒.md
framework-一堂五步法-泛产品设计.md
framework-一堂五步法.md
framework-个人成长五步法.md
yt-five-step-cross-step-1.md
yt-five-step-cross-step-2.md
yt-five-step-cross-step-3.md
yt-five-step-method-complete.md
More targets:
  - framework-yitang-lean-startup → `framework-lean-four-principles`? or `framework-lean-product-kernel`? The context: "精益创业：MVP 与最危险假设（RAT）的验证逻辑" → closest: `framework-lean-systematic-test-curve`? or `framework-strategy-lean-validation`（精益验证）? "MVP与最危险假设验证逻辑" — `yt-lean-assumption-prioritization`? Hmm. `framework-lean-product-kernel` maybe. I'd pick `framework-strategy-lean-validation` — 精益验证. Let me not over-think; check its title quickly? Keep moving: choose framework-strategy-lean-validation.

  Actually wait, maybe simpler: `framework-lean-four-principles` is 精益四原则 (general lean startup principles). The context line says "精益创业：MVP 与最危险假设（RAT）的验证逻辑" — yt-lean-assumption-verification-3means (假设验证三手段)? or yt-lean-assumption-prioritization. RAT=riskiest assumption test → `yt-lean-assumption-prioritization` likely covers RAT. Choose that? Let me peek at one line... I'll go with yt-lean-assumption-prioritization if it mentions RAT.

  - JTBD iceberg → framework-demand-iceberg ✓
  - concept-一堂-五步法 → framework-一堂五步法 exists! Better than yt-five-step-method-complete? `framework-一堂五步法` — earlier ghost check: `'[[framework-一堂五步法]]'` appeared in scenario-walkthrough related and was NOT a ghost → exists. Use framework-一堂五步法.
  - hermes: framework-hermes-multi-bot-feishu-setup → skill shared/hermes-multi-bot-feishu-setup exists as SKILL.md (basename SKILL, not resolvable). No page → 断链保文. hermes-gateway-revival same → 断链保文.
  - skill-note-* → no such cards; yt-note-* exist but different topics. 断链保文 ×3.
  - case-一堂-AI高考志愿 → no 高考 card found → 断链保文.
  - 一堂调研武器库13招 → no weapon-13 card. 断链保文 ×3? But article says "wiki 里已经有一张...概念卡" — false claim but not mine to fix content. Strip brackets (keep text). OK.

  Now check RAT in yt-lean-assumption-prioritization:30_wiki/frameworks/yt-lean-assumption-prioritization.md
30_wiki/frameworks/framework-strategy-lean-validation.md
30_wiki/frameworks/framework-lean-four-principles.md
---
id: yt-lean-assumption-prioritization
title: 关键假设排序：前置优先、风险高的优先
type: framework
status: draft
domain:
- strategy
aliases:
yt-lean-assumption-prioritization covers RAT/最危险假设. Use it as the 改链 target for framework-yitang-lean-startup.

  Now assemble the full remaining adjudication list and execute. Groups:

  **B4 族：改链（目标卡改名/已存在等价卡）**
  1. `.agent/prompts/agent-spec-demand-iceberg-coach.md`: framework-yitang-JTBD-iceberg-model → framework-demand-iceberg (3处: L20 pure, L108 inline, L244 inline); framework-yitang-demand-analysis-five-steps → domain-demand-analysis-index (3处); framework-yitang-lean-startup → yt-lean-assumption-prioritization (3处)
  2. `30_wiki/concepts/concept-一堂-product-kernel.md` L47-51: concept-一堂-五步法→framework-一堂五步法; concept-一堂-Y模型→yt-decision-y-model; concept-一堂-关键假设→framework-一堂-关键假设; concept-一堂-单元模型→framework-一堂五步法-单元模型; concept-一堂-精益创业→yt-lean-assumption-prioritization? Hmm 精益创业 concept → maybe framework-lean-four-principles (精益四原则). Better semantic fit. Use framework-lean-four-principles.
  3. `30_wiki/domains/kdo-moc.md` L80: kdo-charter-v01-draft → kdo-charter-v0.1-draft (check exact filename: 90_control/kdo-charter-v0.1-draft.md — from AGENTS.md text "90_control/kdo-charter-v0.1-draft.md". But resolution by basename works vault-wide.)
  4. `40_outputs/content/articles/art_20260503_b2c3d4e5...md` L15,104 + `art_20260504_03c9d5e7...md` L57,69: 一堂调研行动营-ai辅助系统式调研方法论 → framework-yitang-oscar-research (4处)
  5. `art_ai_unit_model_reading_v1.md` L24: yt-decision-key-hypotheses → framework-一堂-关键假设 (keep alias)
  6. `40_outputs/capabilities/skills/consultant-mode-yai-style/SKILL.md` L14 + WORKBOOK.md L13: 刻意练习方法论 → concept-一堂-基本功-刻意练习四要素 (2处)
  7. `art_20250609_yitang_hypothesis_driven_startup_v1.md`: skill-一堂-product-kernel-canvas→tool-agent-spec-yitang-kernel-canvas-autofill (L52); dk-一堂-wishful-thinking-kills-startups→dk-yi-tang-wishful-thinking-kills-startups (L74)
  8. `.agent/prompts/agent-一堂五步法教练.md` L279: concept-一堂-product-kernel-definition → concept-一堂-product-kernel
  9. `huangyaoshi/skill-extraction-infrastructure-design.md` L44: y-model → yt-decision-y-model
  10. `90_control/infrastructure-inventory.md` L79,81: [[hooks]] → `[hooks]` (inline code, TOML section)

  **B5 族：断链保文（计划未产/无等价卡/技能目录引用）**
  - ai-short-drama-creation ×3 (skill 目录无页面)
  - consultant-mode-yai-style ×2
  - skill-note-layer-constraint ×2, skill-note-one-line-one-point ×1, skill-note-keyword-bolding ×1
  - case-一堂-AI高考志愿-kernel-mismatch ×1
  - 一堂调研武器库13招 ×3
  - P-15 虚假完成报告 ×1, C-8 格式完整思维空洞 ×1, P-21 诊断优先原则 ×1
  - framework-hermes-multi-bot-feishu-setup ×1, hermes-gateway-revival ×1 (skill dir exists but no page)
  - 具体卡片名 ×2 (skill 模板示例)

  **B6 族：删链（纯链接行，归档/无后继）**
  - plan_20260531_data-curator-v1/v1.1 ×2 (yt-foresight-deliverables-four-levels.md L61,64 — archived plans)
  - 紫鲸ai ×3 (archived, superseded_by 空)

  **保留不动（记录理由）**:
  - 00_inbox/10_raw 原料区: 作品名称×6, 新卡×2, 页面名×2, Anthropic×1, 5Y×1, THIS_CARD_DOES_NOT_EXIST/ANOTHER_FAKE_CARD×2(测试夹具)
  - 反引号内联代码示例(Obsidian 不渲染): wikilink×10, id×3, filename×2, card-id×4, A×3, self×2, ...×3, concept-name/folder/New Concept/概念名称/占位/双向链接/yt-some-random-card/broken-link/页面A/A\/card-name 各1-2
  - wujue-architecture ×1 (他人 todos 记录引述)

  Wait — also need to double check: 错误模式库.md `card-name` — the tsv showed "contradicts 写成 `- [[card-name]]`" — need backtick check. And `具体卡片名` — not backticked (strip). Let me verify a few of these contexts quickly for backticks... The Read output earlier showed exact lines. `具体卡片名`: `1. **一个明确的框架锚点**：不要写"根据相关理论"，写"根据[[具体卡片名]]中的XX框架"` — not backticked → strip.

  `card-name`: `| 1 | contradicts 写成 `- [[card-name]]` | ...` — the backtick spans `` `- [[card-name]]` `` → inline code → leave.

  Let me now write the B4/B5/B6 script. For relinks with aliases: `[[yt-decision-key-hypotheses|关键假设]]` → `[[framework-一堂-关键假设|关键假设]]`.

  I'll write one script handling all three action types with an explicit occurrence-level plan, dry-run then apply. Given ~50 occurrences across ~20 files, a script with an explicit mapping is reviewable. Let me generate the plan from live_lines and my adjudication.

  Actually simpler and safer: write the script with per-target actions and per-file scoping, operating only on lines that contain `[[target...]]`, pure-line delete only for B6 targets. Let me code it.DRY-RUN {'relink': 26, 'strip': 20, 'del': 5, 'special': 2, 'left': 0}
.agent/prompts/agent-spec-demand-iceberg-coach.md:20 RELINK framework-yitang-JTBD-iceberg-model -> framework-demand-iceberg
.agent/prompts/agent-spec-demand-iceberg-coach.md:21 RELINK framework-yitang-demand-analysis-five-steps -> domain-demand-analysis-index
.agent/prompts/agent-spec-demand-iceberg-coach.md:22 RELINK framework-yitang-lean-startup -> yt-lean-assumption-prioritization
.agent/prompts/agent-spec-demand-iceberg-coach.md:108 RELINK framework-yitang-JTBD-iceberg-model -> framework-demand-iceberg
.agent/prompts/agent-spec-demand-iceberg-coach.md:109 RELINK framework-yitang-lean-startup -> yt-lean-assumption-prioritization
.agent/prompts/agent-spec-demand-iceberg-coach.md:112 RELINK framework-yitang-demand-analysis-five-steps -> domain-demand-analysis-index
.agent/prompts/agent-spec-demand-iceberg-coach.md:242 RELINK framework-yitang-demand-analysis-five-steps -> domain-demand-analysis-index
.agent/prompts/agent-spec-demand-iceberg-coach.md:244 RELINK framework-yitang-JTBD-iceberg-model -> framework-demand-iceberg
.agent/prompts/agent-spec-demand-iceberg-coach.md:244 RELINK framework-yitang-lean-startup -> yt-lean-assumption-prioritization
30_wiki/concepts/concept-一堂-product-kernel.md:47 RELINK concept-一堂-五步法 -> framework-一堂五步法
30_wiki/concepts/concept-一堂-product-kernel.md:48 RELINK concept-一堂-Y模型 -> yt-decision-y-model
30_wiki/concepts/concept-一堂-product-kernel.md:49 RELINK concept-一堂-关键假设 -> framework-一堂-关键假设
30_wiki/concepts/concept-一堂-product-kernel.md:50 RELINK concept-一堂-单元模型 -> framework-一堂五步法-单元模型
30_wiki/concepts/concept-一堂-product-kernel.md:51 RELINK concept-一堂-精益创业 -> framework-lean-four-principles
30_wiki/domains/kdo-moc.md:80 RELINK kdo-charter-v01-draft -> kdo-charter-v0.1-draft
40_outputs/content/articles/art_20260503_b2c3d4e5-ai-swarm-research-methodology.md:15 RELINK 一堂调研行动营-ai辅助系统式调研方法论 -> framework-yitang-oscar-research
40_outputs/content/articles/art_20260503_b2c3d4e5-ai-swarm-research-methodology.md:104 RELINK 一堂调研行动营-ai辅助系统式调研方法论 -> framework-yitang-oscar-research
40_outputs/content/articles/art_20260504_03c9d5e7-yitang-weapons-arsenal.md:43 STRIP 一堂调研武器库13招
40_outputs/content/articles/art_20260504_03c9d5e7-yitang-weapons-arsenal.md:57 RELINK 一堂调研行动营-ai辅助系统式调研方法论 -> framework-yitang-oscar-research
40_outputs/content/articles/art_20260504_03c9d5e7-yitang-weapons-arsenal.md:58 STRIP 一堂调研武器库13招
40_outputs/content/articles/art_20260504_03c9d5e7-yitang-weapons-arsenal.md:69 STRIP 一堂调研武器库13招
40_outputs/content/articles/art_20260504_03c9d5e7-yitang-weapons-arsenal.md:69 RELINK 一堂调研行动营-ai辅助系统式调研方法论 -> framework-yitang-oscar-research
40_outputs/content/articles/art_ai_unit_model_reading_v1.md:24 RELINK yt-decision-key-hypotheses -> framework-一堂-关键假设
40_outputs/capabilities/skills/consultant-mode-yai-style/SKILL.md:14 RELINK 刻意练习方法论 -> concept-一堂-基本功-刻意练习四要素
40_outputs/capabilities/skills/consultant-mode-yai-style/WORKBOOK.md:13 RELINK 刻意练习方法论 -> concept-一堂-基本功-刻意练习四要素
40_outputs/content/articles/art_20250609_yitang_hypothesis_driven_startup_v1.md:52 RELINK skill-一堂-product-kernel-canvas -> tool-agent-spec-yitang-kernel-canvas-autofill
40_outputs/content/articles/art_20250609_yitang_hypothesis_driven_startup_v1.md:68 STRIP case-一堂-AI高考志愿-kernel-mismatch
40_outputs/content/articles/art_20250609_yitang_hypothesis_driven_startup_v1.md:74 RELINK dk-一堂-wishful-thinking-kills-startups -> dk-yi-tang-wishful-thinking-kills-startups
.agent/prompts/agent-一堂五步法教练.md:279 RELINK concept-一堂-product-kernel-definition -> concept-一堂-product-kernel
huangyaoshi/skill-extraction-infrastructure-design.md:44 RELINK y-model -> yt-decision-y-model
90_control/infrastructure-inventory.md:79 SPECIAL hooks
90_control/infrastructure-inventory.md:81 SPECIAL hooks
40_outputs/articles/ai-short-drama-methodology-guide.md:157 STRIP ai-short-drama-creation
40_outputs/capabilities/workflows/ai-short-drama-creation-workflow.md:7 STRIP ai-short-drama-creation
40_outputs/capabilities/workflows/ai-short-drama-creation-workflow.md:236 STRIP ai-short-drama-creation
20_memory/kimi-consulting-skills-from-yai-20260629.md:13 STRIP consultant-mode-yai-style
20_memory/user-insight-profile.md:19 STRIP consultant-mode-yai-style
40_outputs/content/articles/从清单体到AI时代的认知重构——一堂Truman笔记法的三个核心洞察.md:61 STRIP skill-note-layer-constraint
40_outputs/content/articles/从清单体到AI时代的认知重构——一堂Truman笔记法的三个核心洞察.md:63 STRIP skill-note-one-line-one-point
40_outputs/content/articles/从清单体到AI时代的认知重构——一堂Truman笔记法的三个核心洞察.md:63 STRIP skill-note-keyword-bolding
40_outputs/content/articles/从清单体到AI时代的认知重构——一堂Truman笔记法的三个核心洞察.md:73 STRIP skill-note-layer-constraint
20_memory/embedded-debugging-retrospective-20260604.md:93 STRIP P-15 虚假完成报告
20_memory/embedded-debugging-retrospective-20260604.md:94 STRIP C-8 格式完整思维空洞
40_outputs/capabilities/playbooks/embedded-ir-debugging.md:146 STRIP P-21 诊断优先原则
30_wiki/dk/dk-feishu-bot-slow-session-hygiene.md:38 STRIP framework-hermes-multi-bot-feishu-setup
40_outputs/capabilities/skills/config-cascade-debug/SKILL.md:155 STRIP hermes-gateway-revival
40_outputs/capabilities/skills/knowledge-collision-workflow/SKILL.md:91 STRIP 具体卡片名
40_outputs/capabilities/skills/shared/knowledge-collision/SKILL.md:91 STRIP 具体卡片名
30_wiki/concepts/yt-foresight-deliverables-four-levels.md:61 DEL - '[[plan_20260531_data-curator-v1]]'
30_wiki/concepts/yt-foresight-deliverables-four-levels.md:64 DEL - '[[plan_20260531_data-curator-v1.1]]'
30_wiki/cases/case-toc-content-platform-correlation-trap.md:58 DEL - '[[紫鲸ai_智能体工作流平台_深度分析与产品设计]]'
30_wiki/concepts/开源HIS系统代码深度分析报告.md:30 DEL - '[[紫鲸ai_智能体工作流平台_深度分析与产品设计]]'
30_wiki/concepts/紫鲸ai智能体工作流平台.md:26 DEL - '[[紫鲸ai_智能体工作流平台_深度分析与产品设计]]'
{'relink': 26, 'strip': 20, 'del': 5, 'special': 2, 'left': 0}
Dry-run: 26 relink + 20 strip + 5 del + 2 special = 53 actions. Total live was 107; minus these 53 = 54 remaining, which are the "leave" category (backticked examples, raw zone, test fixture, wujue-architecture). Good — matches expectation (~50). Rescan with inline-code exclusion should drop most of those.

  Apply, then commit per family. The script covers B4(relink+special), B5(strip), B6(del) in one run but task wants 分族 commit. I can apply once, then commit in 3 parts by file groups:
  - B4 files: agent-spec-demand-iceberg-coach, concept-一堂-product-kernel, kdo-moc, 2 research articles, unit_model article, consultant-mode×2, hypothesis article, agent-一堂五步法教练, huangyaoshi design, infrastructure-inventory
  - B5 files: ai-short-drama×2, 20_memory×2, 清单体 article, embedded-debugging×2, dk-feishu, config-cascade SKILL, knowledge-collision×2
  - B6 files: yt-foresight, case-toc, 开源HIS, 紫鲸

  Hmm, but art_20260504 has both relink and strip, art_20250609 too. Splitting by file doesn't cleanly separate families. Alternative: commit as one commit per family requires separate applies. Simpler: apply all, then do 3 commits by grouping files that are purely one family, and for mixed files include in the dominant family commit with note. art_20260504: 1 relink + 3 strip — mixed. art_20250609: 2 relink + 1 strip — mixed.

  Cleaner: run script 3 times with subsets? The script applies all at once. I could just make 3 commits by splitting file lists:
  - commit B4 (改链): files where relink/special happened: agent-spec-demand-iceberg-coach.md, concept-一堂-product-kernel.md, kdo-moc.md, art_20260503_b2c3d4e5, art_ai_unit_model_reading_v1.md, consultant-mode SKILL+WORKBOOK, agent-一堂五步法教练.md, skill-extraction-infrastructure-design.md, infrastructure-inventory.md, art_20260504 (mixed, include here noting 3 strips), art_20250609 (mixed, include noting 1 strip)
  - commit B5 (断链保文): ai-short-drama-methodology-guide.md, ai-short-drama-creation-workflow.md, kimi-consulting-skills, user-insight-profile, 清单体 article, embedded-debugging-retrospective, embedded-ir-debugging, dk-feishu, config-cascade SKILL, knowledge-collision×2
  - commit B6 (删链): yt-foresight, case-toc, 开源HIS, 紫鲸

  That works — families per commit, mixed files noted in commit message. Apply now.APPLIED {'relink': 26, 'strip': 20, 'del': 5, 'special': 2, 'left': 0}
warning: in the working copy of '.agent/prompts/agent-spec-demand-iceberg-coach.md', LF will be replaced by CRLF the next time Git touches it
warning: in the working copy of '.agent/prompts/agent-一堂五步法教练.md', LF will be replaced by CRLF the next time Git touches it
warning: in the working copy of '30_wiki/concepts/concept-一堂-product-kernel.md', LF will be replaced by CRLF the next time Git touches it
warning: in the working copy of '30_wiki/domains/kdo-moc.md', LF will be replaced by CRLF the next time Git touches it
warning: in the working copy of '40_outputs/capabilities/skills/consultant-mode-yai-style/SKILL.md', LF will be replaced by CRLF the next time Git touches it
warning: in the working copy of '40_outputs/capabilities/skills/consultant-mode-yai-style/WORKBOOK.md', LF will be replaced by CRLF the next time Git touches it
warning: in the working copy of '40_outputs/content/articles/art_20250609_yitang_hypothesis_driven_startup_v1.md', LF will be replaced by CRLF the next time Git touches it
warning: in the working copy of '40_outputs/content/articles/art_20260503_b2c3d4e5-ai-swarm-research-methodology.md', LF will be replaced by CRLF the next time Git touches it
warning: in the working copy of '40_outputs/content/articles/art_20260504_03c9d5e7-yitang-weapons-arsenal.md', LF will be replaced by CRLF the next time Git touches it
warning: in the working copy of '40_outputs/content/articles/art_ai_unit_model_reading_v1.md', LF will be replaced by CRLF the next time Git touches it
warning: in the working copy of '90_control/infrastructure-inventory.md', LF will be replaced by CRLF the next time Git touches it
warning: in the working copy of 'huangyaoshi/skill-extraction-infrastructure-design.md', LF will be replaced by CRLF the next time Git touches it
 12 files changed, 30 insertions(+), 30 deletions(-)
warning: in the working copy of '20_memory/embedded-debugging-retrospective-20260604.md', LF will be replaced by CRLF the next time Git touches it
warning: in the working copy of '20_memory/kimi-consulting-skills-from-yai-20260629.md', LF will be replaced by CRLF the next time Git touches it
warning: in the working copy of '20_memory/user-insight-profile.md', LF will be replaced by CRLF the next time Git touches it
warning: in the working copy of '30_wiki/dk/dk-feishu-bot-slow-session-hygiene.md', LF will be replaced by CRLF the next time Git touches it
warning: in the working copy of '40_outputs/articles/ai-short-drama-methodology-guide.md', LF will be replaced by CRLF the next time Git touches it
warning: in the working copy of '40_outputs/capabilities/playbooks/embedded-ir-debugging.md', LF will be replaced by CRLF the next time Git touches it
warning: in the working copy of '40_outputs/capabilities/skills/config-cascade-debug/SKILL.md', LF will be replaced by CRLF the next time Git touches it
warning: in the working copy of '40_outputs/capabilities/skills/knowledge-collision-workflow/SKILL.md', LF will be replaced by CRLF the next time Git touches it
warning: in the working copy of '40_outputs/capabilities/skills/shared/knowledge-collision/SKILL.md', LF will be replaced by CRLF the next time Git touches it
warning: in the working copy of '40_outputs/capabilities/workflows/ai-short-drama-creation-workflow.md', LF will be replaced by CRLF the next time Git touches it
warning: in the working copy of '40_outputs/content/articles/从清单体到AI时代的认知重构——一堂Truman笔记法的三个核心洞察.md', LF will be replaced by CRLF the next time Git touches it
 11 files changed, 15 insertions(+), 15 deletions(-)
warning: in the working copy of '30_wiki/cases/case-toc-content-platform-correlation-trap.md', LF will be replaced by CRLF the next time Git touches it
warning: in the working copy of '30_wiki/concepts/yt-foresight-deliverables-four-levels.md', LF will be replaced by CRLF the next time Git touches it
warning: in the working copy of '30_wiki/concepts/开源HIS系统代码深度分析报告.md', LF will be replaced by CRLF the next time Git touches it
warning: in the working copy of '30_wiki/concepts/紫鲸ai智能体工作流平台.md', LF will be replaced by CRLF the next time Git touches it
 4 files changed, 5 deletions(-)
All families committed. Now upgrade the scanner to exclude inline code spans (justified: Obsidian doesn't render wikilinks inside inline code; the original spec says 排除代码块 — extending to inline code is the same intent), then rescan.scanned_md=12583 total_wikilinks=75950 ghost_targets=114 ghost_occurrences=417 files_hit=56
written: _tmp/606/ghost_scan.json / .tsv
{'autogen': 196, 'snapshot': 144, 'live': 13, 'hist': 64}
Rescan: live = 13 occurrences. Target <50 达成 (live 口径). Total 417 incl. autogen 196 (auto-generated indexes — will clear on next `kdo index --rebuild` by 黄药师), snapshot 144 (frozen historical snapshot), hist 64 (60_feedback/70_product records — point-in-time records, not cleaned per discipline).

  Let me look at the remaining 13 live ones to make sure they're justified residuals.作品名称	00_inbox/prompts/tools-workflows.md:208
作品名称	00_inbox/prompts/tools-workflows.md:209
作品名称	00_inbox/prompts/tools-workflows.md:210
作品名称	10_raw/sources/src_20260522_9d322e81-tools-workflows.md:217
作品名称	10_raw/sources/src_20260522_9d322e81-tools-workflows.md:218
作品名称	10_raw/sources/src_20260522_9d322e81-tools-workflows.md:219
新卡	10_raw/sources/src_20260619_833c79d5_60_feedback_corrections_corr_20260611_laowantong_机会预判域_OCR遗漏_旧卡未清理.md:78
新卡	10_raw/sources/src_20260619_833c79d5_60_feedback_corrections_corr_20260611_laowantong_机会预判域_OCR遗漏_旧卡未清理.md:84
Anthropic	00_inbox/Anthropic 官方发布：《创始人手册：打造 AI 原生初创公司》.md:5
THIS_CARD_DOES_NOT_EXIST	00_inbox/_test_dead_link.md:15
ANOTHER_FAKE_CARD	00_inbox/_test_dead_link.md:16
5Y	10_raw/sources/src_20260610_1a72a5cb-一堂-一堂五步法-产品内核-修炼段位图.md:2678
wujue-architecture	90_control/todos/ouyangfeng.md:239


error: failed to run prompt: provider.auth_error: 403 You've reached your 5-hour usage limit. Your quota will reset when the current 5-hour window ends. To continue now, purchase extra usage or upgrade your plan: https://www.kimi.com/membership/subscription?tab=quota
See log: C:/Users/Administrator/.kimi-code/logs/kimi-code.log
