:020000040800F2
:10000000F0B90020750400087D0200087F02000896
:1000100083020008870200088B020008000000002D
:100020000000000000000000000000008F02000837
:10003000910200080000000093020008313100081E
:100040008F0400088F0400088F040008A58C0008A6
:100050008F0400088F0400088F0400088F04000834
:100060008F0400088F0400088F0400088F04000824
:10007000E39800088F0400088F0400088F0400082C
:100080008F0400085B9700088F0400088F040008A5
:100090008F0400088F0400088F0400088F040008F4
:1000A0008F0400088F0400088F0400088F040008E4
:1000B0008F0400088F0400088F0400088F040008D4
:1000C0008F0400088F0400088F0400088F040008C4
:1000D0008F0400088F0400084F96000883970008DB
:1000E0008F0400088F0400088F0400088F040008A4
:1000F0008F0400088F0400088F0400088F04000894
:100100008F0400088F0400088F0400088F04000883
:100110008F0400088F040008A92E00088F0400082F
:100120008F0400088F0400088F0400088F04000863
:1001300000F002F800F081F80AA090E8000C824478
:100140008344AAF10107DA4501D100F076F8AFF255
:10015000090EBAE80F0013F0010F18BFFB1A43F0A5
:10016000010318475C3802007C38020010F8013B9C
:100170000A4413F0030408BF10F8014B1D1108BF17
:1001800010F8015B641E05D010F8016B641E01F8C5
:10019000016BF9D1002D15D010F8014B03F00C03C1
:1001A0000C2BA1EB04040ABF10F8013BA4EB831451
:1001B000A4EB032405F1010314F8016B5B1E01F8A5
:1001C000016BF9D5914238BF10F8013BD1D370478C
:1001D0000023002400250026103A28BF78C1FBD850
:1001E000520728BF30C148BF0B60704767291CF019
:1001F0000280692918F0AA85642918F0A785782952
:1002000018F0E085732919F07483002070471FB53A
:100210009DE8030019F0A2F819F096FE04000020F2
:1002200000211BF087F9401C6060002000211BF0BA
:1002300097F9E0601FBD10B510BD1AF0B4F9114672
:10024000FFF7E5FF00F014F81AF012FC03B4FFF713
:10025000F2FF03BC03F0D6FA80F308887047024827
:1002600002490160FEE700000CED00E00100FA0524
:1002700002F06AFF01E002F0FBFFFCE7704700BFFD
:10028000FEE700BFFEE700BFFEE700BFFEE77047E6
:10029000704770470CB50020019000906C480068D2
:1002A00040F480306A49086000BF6948006800F483
:1002B000003000900198401C0190009818B90198F6
:1002C000B0F5A06FF1D16248006800F4003010B1C1
:1002D0000120009001E0002000900098012843D107
:1002E0005C48006840F010005A4908600846006801
:1002F00020F0030008600846006840F00200086033
:10030000534840685249486008464068486008467B
:10031000406840F4806048600846406820F47C10E3
:1003200048600846406840F4E810486008460068A5
:1003300040F08070086000BF4548006800F0007021
:100340000028F9D04248406820F003004049486046
:100350000846406840F00200486000BF3C484068E2
:1003600000F00C000828F9D10CBD10B5FFF792FF82
:1003700010BD10B53648006840F0010034490860EF
:1003800008464068344908403149486008460068DA
:10039000324908402E4908600846006820F4802051
:1003A00008600846406820F4FE0048604FF41F00D3
:1003B0008860FFF7DAFF4FF000602949086010BD40
:1003C00010B5002100200022214B5B6803F00C01D6
:1003D00021B1042906D0082928D107E0214B224C5D
:1003E000236027E01F4B204C236023E0184B5B6801
:1003F00003F47010164B5B6803F48032022303EBA6
:10040000904022B9194B4343174C23600DE0104B29
:100410005B6803F4003323B1144B4343124C236055
:1004200003E0104B4343104C236003E00D4B0E4C94
:10043000236000BF00BF064B5B68C3F303130C4C83
:10044000E15C094B1B68CB40074C236010BD0000EA
:1004500000100240002002400000FFF8FFFFF6FEFF
:1004600008ED00E000127A000000002000093D00C5
:10047000040000200948804709480047FEE7FEE7DE
:10048000FEE7FEE7FEE7FEE7FEE7FEE7FEE7FEE744
:1004900004480549054A064B7047000073030008ED
:1004A00031010008F0B30020F0B90020F0B50020C1
:1004B000F0B5002031490143314A1160704770B5F1
:1004C000002100230F22C47804B32D4C246804F4C7
:1004D000E064C4F5E064210AC1F10403CA40447831
:1004E00004FA03F18478144021430901254C06786D
:1004F000A155047804F01F050124AC4005786D1166
:10050000AD0005F1E025C5F8004109E0047804F0EC
:100510001F050124AC401C4D0678761145F8264095
:1005200070BD1A4A0A400243154B1B1F1A607047E0
:1005300039B1134A121D12680243114B1B1D1A6078
:1005400006E00F4A121D126882430D4B1B1D1A60F4
:100550007047042808D14FF0E021096941F00401F7
:100560004FF0E022116107E04FF0E021096921F02E
:1005700004014FF0E0221161704700000000FA050D
:100580000CED00E000E400E080E100E080FFFF1FF0
:1005900010B5012001F03CF8002001F039F810BD41
:1005A0002A49086070472949091F08607047274990
:1005B00084310860704701460020254A10884FF6B4
:1005C0007F4210400843224A1080704701460020B5
:1005D0001F4A10884FF68072104008431C4A108052
:1005E000704708B500220092194A2C3A0092009AEE
:1005F00002440092009A116008BD08B5014600202F
:10060000009013482C3800900098084400900098FF
:10061000008808BD0D489C300068C0B270470C4887
:100620000830008840F0010009490831088070470F
:100630000648A0300068C0B27047054808300088FE
:1006400040F00200024908310880704704860D42DC
:100650002C6C004001684FF6FE72114001600021D1
:10066000016041608160C1608D49884208D18C4938
:100670000839496841F00F01894A083A51608AE017
:1006800087491431884208D185490839496841F0C1
:10069000F001834A083A51607DE08149283188425F
:1006A00008D17F490839496841F470617C4A083AA9
:1006B000516070E07A493C31884208D17849083964
:1006C000496841F47041764A083A516063E07449E0
:1006D0005031884208D172490839496841F4702183
:1006E0006F4A083A516056E06D496431884208D13A
:1006F0006B490839496841F47001694A083A516008
:1007000049E067497831884208D165490839496824
:1007100041F07061624A083A51603CE061498842A8
:1007200006D1011F096841F00F01021F116032E07C
:100730005C491431884208D15A49091F096841F0BF
:10074000F001584A121F116025E0564928318842AD
:1007500008D15449091F096841F47061514A121FB8
:10076000116018E04F493C31884208D14D49091FBA
:10077000096841F470414B4A121F11600BE049496E
:100780005031884207D14749091F096841F4702157
:10079000444A121F1160704710B50022026847F6E4
:1007A000F0739A430C6A8B6823430C6923434C69AA
:1007B00023438C692343CC6923434C6A23438C6ACB
:1007C00023431A430260CB6843600B6883604B6825
:1007D000C36010BD0021016041608160C1600161A2
:1007E00041618161C161016241628162704721B1F1
:1007F000026842F00102026004E002684FF6FE73F4
:100800001A40026070471AB103680B43036002E0AC
:1008100003688B4303607047416070470146486836
:1008200080B2704701460020002201F080531BB1C6
:100830001C4B083B1A6802E0194B083B1A6802EA95
:1008400001030BB1012000E00020704700F080514F
:1008500019B11449091F086002E0114908394860BC
:10086000704701460020002201F080531BB10D4B60
:10087000083B1A6802E00A4B083B1A6802EA0103C7
:100880000BB1012000E00020704700F0805119B149
:100890000449091F086002E00149083948607047AF
:1008A000080002400804024001460020FE4A106889
:1008B00000F03800084310607047FB49096821F0D8
:1008C0000801F94A11601146096801431160704737
:1008D000F549096821F01001F34A116011460968D1
:1008E000014311607047F148EF494860F0484860A3
:1008F0007047EE48EC494860ED4848607047EA4868
:10090000006940F08000E84908617047E6480069E6
:1009100040F08000E449086170470420E249C9685A
:1009200001F0010109B101200EE0DF49C96801F0C1
:10093000040109B1022007E0DB49C96801F0100198
:1009400009B1032000E00420704700B502460423EB
:10095000FFF7E3FF034603E0FFF7DFFF0346521E06
:10096000012B01D1002AF7D102B90523184600BD99
:1009700030B5044604254FF43020FFF7E6FF054666
:10098000042D17D1C848006940F00200C64908612B
:1009900008464461006940F0400008614FF430208F
:1009A000FFF7D3FF0546C048006941F6FD710840D6
:1009B000BD490861284630BD10B504244FF43020ED
:1009C000FFF7C3FF0446042C16D1B748006940F076
:1009D0000400B54908610846006940F0400008611C
:1009E0004FF43020FFF7B1FF0446AF48006941F6ED
:1009F000FB710840AC490861204610BD00B50246B5
:100A00000423FFF78AFF034603E0FFF786FF034650
:100A1000521E012B01D1002AF7D102B90523184635
:100A200000BD10B504244FF43020FFF7E7FF044663
:100A3000042C16D19C48006940F004009A490861D2
:100A40000846006940F0400008614FF43020FFF78D
:100A5000D5FF04469448006941F6FB71084092496D
:100A60000861204610BD00208F49C96901F00201CC
:100A700009B1012000E00020704730B5A52504240D
:100A8000FFF7F1FF00B100254FF43020FFF75DFFC5
:100A90000446042C3AD1854883498860844888609C
:100AA0000846006940F0200008610846006940F0EF
:100AB000400008614FF43020FFF747FF0446042C44
:100AC0001BD17948006941F6DF7108407649086119
:100AD0000846006940F01000086176480580E00291
:100AE000FFF733FF0446052C10D06F48006941F62C
:100AF000EF7108406C49086108E0052C06D06A488F
:100B0000006941F6EF71084067490861204630BD31
:100B100078B506460C46042500200090E802FFF751
:100B200014FF0546042D24D15F48006940F0010000
:100B30005D4908613480E802FFF707FF0546042D90
:100B400010D1B01C0090200C00990880E802FFF73B
:100B5000FCFE05465448006941F6FE7108405249C2
:100B6000086106E05048006941F6FE7108404E49B0
:100B70000861284678BD70B504460D460426F0028B
:100B8000FFF7E3FE0646042E11D14748006940F006
:100B90000100454908612580F002FFF7D6FE0646B0
:100BA0004148006941F6FE7108403F4908613046FE
:100BB00070BD70B505460E460424E002FFF7C5FE81
:100BC0000446042C17D13948374988603848886072
:100BD0000846006940F0100008612E80E002FFF72F
:100BE000B4FE0446052C06D02F48006941F6EF718B
:100BF00008402D490861204670BD2DE9F0430446A8
:100C00004FF6FF763746B046B1460425E443E6B2D8
:100C1000C4F30727C4F307484FEA1469E802FFF753
:100C200094FE0546042D49D120481F49886020487C
:100C300088600846006940F010000861FF2E06D069
:100C40001C4808300680E802FFF77FFE0546042DA9
:100C500008D1FF2F06D017480A300780E802FFF7B7
:100C600074FE0546042D0AD1B8F1FF0F07D01148D4
:100C70000C30A0F80080E802FFF767FE0546042D5F
:100C80000AD1B9F1FF0F07D00A480E30A0F8009042
:100C9000E802FFF75AFE0546052D0FD0024800690D
:100CA00041F6EF71084007E000200240230167454C
:100CB000AB89EFCD00F8FF1F664908612846BDE803
:100CC000F08330B5054604244FF43020FFF73DFE95
:100CD0000446042C41D160485E4988605F488860C2
:100CE0000846006940F0200008610846006940F0AD
:100CF000400008614FF43020FFF727FE0446042C23
:100D000022D15448006941F6DF7108405149086119
:100D10000846006940F0100008611DB100205049EC
:100D2000088002E0A5204E4908804FF43020FFF7EC
:100D30000CFE0446052C10D04648006941F6EF71C0
:100D400008404449086108E0052C06D04148006984
:100D500041F6DF7108403F490861204630BDF0B5DB
:100D600005460E46174604243B483A4988603B48EE
:100D70008860E002FFF7E9FD0446042C19D13548EC
:100D8000006940F010003349086147F0F800304333
:100D900028433349891C0880E002FFF7D6FD04464A
:100DA000052C06D02B48006941F6EF71084029490F
:100DB00008612046F0BD2748C06980087047254873
:100DC000006A704700202349096801F0200109B139
:100DD000012000E00020704729B11E4A1269024339
:100DE0001C4B1A6104E01B4A12698243194B1A61B9
:100DF000704701460020012908D1164AD26902F045
:100E000001020AB1012008E0002006E0114AD26880
:100E10000A400AB1012000E0002070470D49C86077
:100E2000704704200B49C96801F0010109B1012094
:100E30000EE00849C96801F0040109B1022007E089
:100E40000449C96801F0100109B1032000E0042041
:100E5000704700000020024023016745AB89EFCDB9
:100E600000F8FF1F10B50446CC48844208D1012188
:100E7000042000F0B3FB0021042000F0AFFB46E0AB
:100E8000C748844208D10121082000F0A7FB0021B7
:100E9000082000F0A3FB3AE0C248844208D10121B7
:100EA000102000F09BFB0021102000F097FB2EE0AB
:100EB000BD48844208D10121202000F08FFB002191
:100EC000202000F08BFB22E0B848844208D10121A9
:100ED000402000F083FB0021402000F07FFB16E063
:100EE000B348844208D10121802000F077FB002123
:100EF000802000F073FB0AE0AE48844207D1012154
:100F0000801500F06BFB0021A01500F067FB10BD01
:100F100010B50121084600F061FB0021012000F01E
:100F20005DFB10BD2DE9F0410246002500260020A2
:100F300000230024002791F803C00CF00F0591F85E
:100F400003C00CF0100CBCF1000F03D091F802C0EC
:100F50004CEA050591F800C0BCF1000F31D01468CF
:100F600000202BE04FF0010C0CFA00F3B1F800C0A8
:100F70000CEA03069E4220D183004FF00F0C0CFABE
:100F800003F7BC4305FA03FC4CEA040491F803C0E0
:100F9000BCF1280F06D14FF0010C0CFA00FCC2F88E
:100FA00014C00AE091F803C0BCF1480F05D14FF01E
:100FB000010C0CFA00FCC2F810C0401C0828D1D368
:100FC0001460B1F800C0BCF1FF0F34DD546800209C
:100FD0002EE000F1080C4FF0010808FA0CF3B1F80C
:100FE00000C00CEA03069E4221D183004FF00F0C93
:100FF0000CFA03F7BC4305FA03FC4CEA040491F82D
:1010000003C0BCF1280F05D100F1080C08FA0CF858
:10101000C2F8148091F803C0BCF1480F07D100F169
:10102000080C4FF0010808FA0CF8C2F81080401CB8
:101030000828CED35460BDE8F0814FF6FF710180DF
:10104000022181700421C17070470246002093681C
:101050000B400BB1012000E000207047014688687A
:1010600080B2704702460020D3680B400BB10120CC
:1010700000E0002070470146C86880B270470161F7
:101080007047416170470AB1016100E041617047FA
:10109000C16070474FF480320A438261816182618E
:1010A00082698269704702460020434B18684FF6F8
:1010B0008073184040EA021008433F4B18607047A5
:1010C0003E49C8617047F0B50A460023002400215C
:1010D000002500F00046B6F1004F02D1364EF1690E
:1010E00001E0354E7168C0F3034583B200F4401649
:1010F000B6F5401F08D121F070612F4E766826F0BA
:1011000070662D4F7E6012E000F48016B6F5801FE9
:1011100006D1032606FA05F4A14341F0706106E00A
:10112000460D360103FA06F6B14341F0706122B173
:10113000460D360103FA06F6314300F00046B6F1DB
:10114000004F02D11C4EF16101E01B4E7160F0BDF9
:1011500030B500228B071C0F0F2303FA04F2164B45
:1011600008338C1053F824309343134C08348D10FB
:1011700044F8253023468C1053F824308C07240F74
:1011800000FA04F423430C4C08348D1044F8253045
:1011900030BD0A49DC31086070470000000801409A
:1011A000000C0140001001400014014000180140F3
:1011B000001C0140002001400000014000002042CE
:1011C0000E49086070470D49486070470B498860B8
:1011D00070474AF6AA200949086070474CF6CC408F
:1011E00006490860704701460020044AD2680A4058
:1011F0000AB1012000E000207047000000300040EC
:1012000010B50121080700F0F6F900214FF08050D9
:1012100000F0F1F910BD2A490862704728490861B9
:10122000704701460020274A106820F0E00008437C
:10123000106070472249A0310860704710B502461F
:101240000020204B186820F00300104318601E4B4C
:101250001B6843F004031C4C2360012901D130BFFB
:1012600000E020BF184B1B6823F00403164C2360DA
:1012700010BD1448006840F0040012490860084698
:10128000006840F0020008600F48006840F0040069
:101290000D49086000BF00BF30BF70470146002005
:1012A000084A52680A400AB1012000E00020704755
:1012B0000449096841EA8001024A11607047000050
:1012C00000000E420070004010ED00E0DF480068B2
:1012D00040F00100DD49086008464068DC490840EC
:1012E000DA49486008460068DA490840D74908608A
:1012F0000846006820F4802008600846406820F412
:10130000FE0048604FF41F0088607047CF490968AD
:1013100021F48031CD4A11601146096821F4802101
:101320001160B0F5803F03D0B0F5802F0ED106E0FC
:10133000C649096841F48031C44A116007E0C349D5
:10134000096841F4A021C14A116000E000BF00BF5C
:10135000704710B501460022002300204A11012ADF
:1013600002D1BA4C236806E0022A02D1B74C236AA4
:1013700001E0B64C636A01F01F02012494401C4056
:101380000CB1012000E0002010BD38B50020009015
:101390000024002500BF3120FFF7DBFF0546009841
:1013A000401C00900098B0F5A06F01D0002DF2D045
:1013B0003120FFF7CEFF08B1012400E000242046D1
:1013C00038BD01460020A14A106820F0F80040EA2C
:1013D000C10010607047A0490860704702460020B5
:1013E0009A4B586820F47C1042EA01031843974B4B
:1013F0005860704798490866704701460020934A34
:10140000506820F003000843506070478F484068E0
:1014100000F00C007047014600208C4A506820F014
:10142000F00008435060704701460020874A50682A
:1014300020F4E06008435060704701460020834A72
:10144000506820F4605040EAC1005060704729B1F4
:101450007E4A527A02437D4B5A7204E07B4A527AAA
:1014600082437A4B5A7270477B49D8310860704783
:1014700001460020754A506820F4404008435060FF
:1014800070470021714A20321170704A82F8201092
:10149000012802D004280AD104E001216B4A20323D
:1014A000117005E00521694A2032117000E000BF8B
:1014B00000BF70476949086070476449096A014381
:1014C000624A11627047654944390860704730B517
:1014D00000210022002400235C4D6D6805F00C0102
:1014E00021B1042905D0082923D105E05C4D056010
:1014F00022E05B4D05601FE0544D6D6805F47012ED
:10150000524D6D6805F48034022505EB92421CB9FA
:10151000544D554305600BE04C4D6D6805F40035A6
:101520001DB1504D5543056002E04D4D55430560DA
:1015300002E04B4D056000BF00BF444D6D6805F0F3
:10154000F0010909484D6B5C0568DD4045603F4D81
:101550006D6805F4E061090A434D6B5C4568DD4048
:1015600085603A4D6D6805F46051C90A3E4D6B5C6B
:101570004568DD40C560354D6D6805F44041890B17
:101580003A4D6B5CC568B5FBF3F5056130BD29B11B
:101590002E4A526902432D4B5A6104E02B4A52698C
:1015A00082432A4B5A61704729B1284A9269024303
:1015B000264B9A6104E0254A92698243234B9A6143
:1015C000704729B1214AD2690243204BDA6104E015
:1015D0001E4AD26982431D4BDA61704729B11B4A0A
:1015E000D2680243194BDA6004E0184AD268824399
:1015F000164BDA60704729B1144A12690243134B43
:101600001A6104E0114A12698243104B1A61704753
:1016100012494039086070470F49C86470470B4948
:10162000C87170470948406A40F0807007494862B5
:10163000704701460020054A92680A400AB101201D
:1016400000E0002070470149887270470010024096
:101650000000FFF8FFFFF6FE000042428004424215
:1016600000127A0000093D00140000202400002030
:1016700010B50446FE48844208D10121C014FFF78A
:10168000ADFF0021E014FFF7A9FFC4E0B4F1804FE3
:1016900008D101210846FFF7AEFF00210120FFF726
:1016A000AAFFB8E0F348844208D101210220FFF7E5
:1016B000A2FF00210220FFF79EFFACE0EE4884422B
:1016C00008D101210420FFF796FF00210420FFF735
:1016D00092FFA0E0E948844208D101210820FFF7E9
:1016E0008AFF00210820FFF786FF94E0E448844247
:1016F00008D101211020FFF77EFF00211020FFF705
:101700007AFF88E0DF48844208D101212020FFF7DA
:1017100072FF00212020FFF76EFF7CE0DA48844250
:1017200008D101214014FFF759FF00216014FFF791
:1017300055FF70E0D548844209D10121C804FFF764
:101740004DFF00214FF40020FFF748FF63E0D04831
:10175000844209D101210805FFF740FF00214FF421
:101760008010FFF73BFF56E0CA48844209D10121AF
:101770004805FFF733FF00214FF40010FFF72EFF5D
:1017800049E0C548844208D101214020FFF733FFDA
:1017900000214020FFF72FFF3DE0C048844208D1E0
:1017A00001218020FFF727FF00218020FFF723FF82
:1017B00031E0BB48844208D101218015FFF71BFFAF
:1017C0000021A015FFF717FF25E0B648844209D194
:1017D00001210804FFF702FF00214FF48030FFF7DA
:1017E000FDFE18E0B048844209D101214804FFF70A
:1017F000F5FE00214FF40030FFF7F0FE0BE0AB48A0
:10180000844208D101218804FFF7E8FE00214FF44B
:101810008020FFF7E3FE10BD00220288944B98421F
:101820000ED0994B98420BD0B0F1804F08D0914B1D
:10183000984205D0904B984202D0904B984204D1E8
:101840004FF68F731A404B881A438D4B984207D03E
:101850008C4B984204D04FF6FF431A40CB881A4372
:1018600002808B8883850B880385814B98420BD03F
:10187000854B984208D08B4B984205D08A4B9842B2
:1018800002D08A4B984201D10B7A038601238382CE
:10189000704770B5002400220023058C4FF6FE76B9
:1018A00035400584028C8388048B4FF68F752C405D
:1018B000B51E2C400D882C43751E2A400D892A43E5
:1018C0004D882A436A4DA8420BD06F4DA84208D0DC
:1018D000744DA84205D0744DA84202D0734DA84261
:1018E00013D14FF6F7752A404D892A434FF6FB7501
:1018F0002A408D882A434FF6FF652B404FF6FF554F
:101900002B408D892B43CD892B4383800483CD8845
:101910008586028470BD70B5002400220023058CEA
:101920004FF6EF7635400584028C8388048B48F6A9
:10193000FF752C404FF6FF452C400D884FF6FF7683
:1019400006EA05252C434FF6DF752A400D8906EA85
:1019500005152A434D8806EA05152A43444DA84239
:1019600002D0494DA8421DD14FF67F752A404D89BE
:101970004FF6FF7606EA05152A434FF6BF752A4053
:101980008D8806EA05152A434FF6FF352B404FF2A6
:10199000FF752B408D8906EA85052B43CD8906EA24
:1019A00085052B4383800483CD880587028470BD21
:1019B00070B5002400220023058C4FF6FF663540E9
:1019C0000584028C8388848B4FF68F752C404FF6EC
:1019D000FC752C400D882C434FF6FF552A400D898D
:1019E0004FF6FF7606EA05252A434D8806EA0525C7
:1019F0002A431F4DA84202D0234DA8421DD14FF2C9
:101A0000FF752A404D894FF6FF7606EA05252A43E1
:101A10004FF6FF352A408D8806EA05252A434EF603
:101A2000FF752B404DF6FF752B408D8906EA051595
:101A30002B43CD8906EA05152B4383808483CD880B
:101A40008587028470BD70B5002200230024058CB8
:101A50004EF6FF7635400584038C8488828B48F6E9
:101A6000FF752A404FF6FF452A400D8820E0000010
:101A7000002C01400004004000080040000C004021
:101A8000001000400014004000340140004C0140B0
:101A9000005001400054014000180040001C00406C
:101AA0000020004000400140004401400048014047
:101AB0004FF6FF7606EA05252A434DF6FF752B40C3
:101AC0000D8906EA05352B434D8806EA05352B437B
:101AD000FA4DA84202D0FA4DA84208D14BF6FF7544
:101AE0002C408D894FF6FF7606EA85152C438480BD
:101AF0008283CD88A0F84050038470BD828B4FF262
:101B0000FF331A408283828B4FF6FF7303EA01236F
:101B10001A4382837047F0B50C4615460022002117
:101B20000026078C4EF6FF7C07EA0C070784828BA1
:101B3000018C4FF6FF7707EA043640F6FF473A403C
:101B40004FF6FF7707EA05273A434FF6FF7707EA94
:101B500003373A43D94FB8420ED0D94FB8420BD0D1
:101B6000B0F1804F08D0D74FB84205D0D64FB84219
:101B700002D0D64FB84206D14DF6FF77394046F431
:101B80008057394305E047F6FF57394044F4805702
:101B9000394382830184F0BD828B4FF6F3731A4080
:101BA0008283828B0A4382837047F0B50C461546C8
:101BB000002200210026078C4FF6FF6C07EA0C0775
:101BC0000784828B018C4FF6FF7707EA04264FF6D5
:101BD0000C773A404FF6FF7707EA03172F433A4353
:101BE000B64FB8420ED0B64FB8420BD0B0F1804FCE
:101BF00008D0B44FB84205D0B34FB84202D0B34F6B
:101C0000B84206D14FF6FF57394046F48077394342
:101C100005E04FF2FF57394044F48077394382831F
:101C20000184F0BD028B4FF2FF331A400283028B16
:101C30004FF6FF7303EA01231A4302837047F0B59E
:101C40000C461546002200210026078C4FF6EF7C3B
:101C500007EA0C070784028B018C4FF6FF7707EA2F
:101C6000041640F6FF473A404FF6FF7707EA03377E
:101C70003A434FF6FF7707EA05273A438F4FB842BA
:101C80000ED08F4FB8420BD0B0F1804F08D08D4F9F
:101C9000B84205D08C4FB84202D08C4FB84206D122
:101CA0004FF6DF77394046F01007394305E04FF62D
:101CB0005F77394044F01007394302830184F0BD57
:101CC000028B4FF6F3731A400283028B0A4302839E
:101CD0007047F0B50C46154600220021068C4FF6E1
:101CE000FE773E400684028B018C4FF60C76324024
:101CF0007E1C06EA03162E433243704EB0420ED0CD
:101D00006F4EB0420BD0B0F1804F08D06D4EB04254
:101D100005D06D4EB04202D06C4EB04206D14FF6A7
:101D2000FD76314044F00106314305E04FF6F5768B
:101D3000314044F00106314302830184F0BD70B5A7
:101D400005460C465D4885420ED05D4885420BD065
:101D5000B5F1804F08D05B48854205D05A4885428E
:101D600002D05A48854200D100E000BF208850B917
:101D70002389A28861882846FFF7ABFFE1882846BF
:101D8000FFF79EFF25E0208804280AD12389A28836
:101D900061882846FFF753FFE1882846FFF742FF96
:101DA00017E0208808280AD12389A288618828465C
:101DB000FFF7FBFEE1882846FFF7EEFE09E02389E6
:101DC000A28861882846FFF7A6FEE1882846FFF72B
:101DD00095FE70BD2DE9F04105460C460026012711
:101DE000608808B9022600E00026A088012801D1F9
:101DF000022700E001272088A0B92389A2886188F2
:101E00002846FFF766FFE1882846FFF759FF238938
:101E10003A4631462846FFF712FFE1882846FFF789
:101E200001FF13E02389A28861882846FFF707FF96
:101E3000E1882846FFF7F6FE23893A4631462846D0
:101E4000FFF747FFE1882846FFF73AFFBDE8F0813A
:101E50000A884B881A438B881A43CB881A430B890C
:101E60001A434B891A438B891A43A0F844207047C0
:101E70004FF6FF71818000210180C1804180017295
:101E800070470021018041808180C18001814181B2
:101E90008181C181704700210180418001218180C1
:101EA0000021C18001817047002101804180818033
:101EB000C18001814181818170470000002C014077
:101EC000003401400004004000080040000C0040C5
:101ED00021B1028842F00102028004E002884FF63C
:101EE000FE731A400280704731B1B0F8442042F4CA
:101EF0000042A0F8442005E0B0F84420C2F30E02EE
:101F0000A0F8442070471AB183890B43838102E013
:101F100083898B43838170478182704741EA020342
:101F2000A0F8483070471AB183890B43838102E0DF
:101F300083898B438381704701894FF6F872114082
:101F4000018170470A46002101894FF68F731940BD
:101F500011430181704730B504460D46294620469D
:101F6000FFF7F0FF208940F00700208130BD2DE908
:101F7000F04104460D4616461F46602D06D13B46ED
:101F8000012231462046FFF75AFE05E03B4601227A
:101F900031462046FFF79DFE29462046FFF7D2FF37
:101FA000208940F007002081BDE8F08130B50C4663
:101FB00000210189C9B24FF6FF7505EA03251543D3
:101FC00025432943018130BD2DE9F04105460E46E8
:101FD00017469846002443463A4631462846FFF7BE
:101FE000E5FF2C894FF6F870044044F007044FF6E3
:101FF0008F70044044F070042C81BDE8F081F0B58E
:1020000004460D4616461F463B46324629462046A4
:10201000FFF7CCFF208940F480402081F0BD01858E
:10202000828270470A46002101884FF68F7319405B
:10203000114301807047F0B50C4615461E4600213D
:10204000002200230189028B038C4FF6F877394078
:1020500021434FF6FC473A4040F201173A434FF60E
:10206000DD773B404FF6FF7707EA06172F433B43E8
:10207000018102830384F0BD0A460021018B4FF6E3
:102080008F7319401143018370470A460021018B69
:1020900048F6FF7319404FF6FF7303EA0223194312
:1020A000018370470A460021818B4FF68F731940D8
:1020B0001143818370470A460021818B48F6FF73E4
:1020C00019404FF6FF7303EA0223194381837047D7
:1020D00021B1028842F08002028004E002884FF6BB
:1020E0007F731A400280704721B1828842F0040257
:1020F000828004E082884FF6FB731A40828070472A
:1021000021B1828842F00802828004E082884FF682
:10211000F7731A408280704721B1828842F0010231
:10212000828004E082884FF6FE731A4082807047F6
:102130000A460021018B4FF6F773194011430183C2
:1021400070470A460021018B4FF2FF7319404FF68A
:10215000FF7303EA02231943018370470A460021F3
:10216000818B4FF6F77319401143818370470A46FC
:102170000021818B4FF2FF7319404FF6FF7303EA82
:1021800002231943818370470A460021018B4FF6D1
:10219000FB7319401143018370470A460021018BEC
:1021A0004FF6FF3319404FF6FF7303EA022319433A
:1021B000018370470A460021818B4FF6FB7319405B
:1021C0001143818370470A460021818B4FF6FF330C
:1021D00019404FF6FF7303EA0223194381837047C6
:1021E0000A460021018B4FF67F731940114301838A
:1021F00070470A460021018BC1F30E014FF6FF73B1
:1022000003EA02231943018370470A460021818BA8
:102210004FF67F7319401143818370470A460021AE
:10222000818BC1F30E014FF6FF7303EA02231943BA
:10223000818370470A460021018C4FF6FD731940D7
:102240001143018470470A460021018C4FF6F77351
:1022500019401143018470470A460021018C4FF652
:10226000DF7319404FF6FF7303EA02131943018429
:1022700070470A460021018C4FF67F7319404FF6D4
:10228000FF7303EA02131943018470470A460021D1
:10229000018C4FF6FF5319404FF6FF7303EA0223F8
:1022A0001943018470470A460021018C4FF2FF73E5
:1022B00019404FF6FF7303EA022319430184704764
:1022C0000A460021018C4DF6FF7319404FF6FF734B
:1022D00003EA023319430184704730B50023012417
:1022E0008C40A3B2048C9C430484048C02FA01F554
:1022F000ADB22C43048430BD30B5002304248C409F
:10230000A3B2048C9C430484048C02FA01F5ADB2A0
:102310002C43048430BD70B50346002000241846C9
:10232000183001258D40ACB21D8CA5431D8409B128
:10233000082909D100EB6100056825F070050560EA
:102340000568154305600EE00D1FC5F34E052844D2
:10235000056825F4E045056005684FF6FF7606EA56
:1023600002263543056070BD21B1028842F00202A9
:10237000028004E002884FF6FD731A400280704725
:1023800021B1028842F00402028004E002884FF684
:10239000FB731A400280704721B1828842F08002AC
:1023A000828004E082884FF67F731A4082807047F3
:1023B00002884FF6F7731A40028002880A430280AF
:1023C000704782884FF68F731A40828082880A4352
:1023D0008280704702894FF6F8731A4002810289A1
:1023E0000A430281704702894FF67F731A400281C7
:1023F00002890A4302817047818470478185704752
:10240000818670470187704781877047A0F8401028
:10241000704702884FF6FF431A40028002880A4341
:10242000028070470146888E70470146088F7047CA
:102430000146888F70470146B1F840007047014659
:10244000888C70470146088D704702460020138A29
:102450000B400BB1012000E000207047CA4302820C
:10246000704730B50246002000230024158A05EA93
:102470000103958905EA010413B10CB1012000E0C4
:10248000002030BDCA4302827047000010B50446E8
:10249000FB48844209D101218803FFF79FF80021FE
:1024A0004FF48040FFF79AF832E0F648844209D1B1
:1024B00001214804FFF79FF800214FF40030FFF797
:1024C0009AF825E0F048844209D101218804FFF7F9
:1024D00092F800214FF48020FFF78DF818E0EB48C8
:1024E000844209D10121C804FFF785F800214FF487
:1024F0000020FFF780F80BE0E548844208D1012175
:102500000805FFF778F800214FF48010FFF773F803
:1025100010BD2DE9F04786B005460E460024A246C0
:1025200000BFA1460027B08900B100BF2F462C8A0A
:102530004CF6FF700440F08804432C82AC894EF6C0
:10254000F3100440B088318908437189084304437B
:10255000AC81AC8A4FF6FF400440B0890443AC82A2
:1025600001A8FEF7B4FFC648874202D1DDF810A0EB
:1025700001E0DDF80CA0A88900F4004040B10AEBAE
:10258000CA0000EB0A1031684900B0FBF1F807E01F
:102590000AEBCA0000EB0A1031688900B0FBF1F8C1
:1025A0006420B8FBF0F004012009642101FB1089CC
:1025B000A88900F4004040B1322000EBC900B0FB14
:1025C000F1F000F00700044308E0322000EB0910AE
:1025D0006421B0FBF1F000F00F0004432C8106B041
:1025E000BDE8F0874FF41651016000218180C18061
:1025F00001810C21418100218181704710B5024683
:102600000020108A4FF2FF0318400B884C882343A8
:102610008C882343CC8823431843108210BD0021AB
:10262000018041808180C180704721B1828942F45C
:102630000052828104E082894DF6FF731A40828144
:102640007047F0B50346002400260025002040F620
:102650006A17B94200D100BF1846C1F3421401F015
:102660001F06012707FA06F5012C01D10C3004E002
:10267000022C01D1103000E014301AB107682F434A
:10268000076002E00768AF430760F0BD1AB1838AB4
:102690000B43838202E0838A8B4383827047028AE2
:1026A0004FF6F0731A400282028A0A430282704790
:1026B00082894FF2FF731A40828182890A438281A4
:1026C000704721B1828942F00202828104E082894E
:1026D0004FF6FD731A4082817047028A4FF6DF730E
:1026E0001A400282028A0A430282704721B1028A9A
:1026F00042F48042028204E0028A4BF6FF731A40E1
:1027000002827047C1F308028280704701468888C0
:10271000C0F308007047818941F001018181704751
:10272000028BD2B20283028B42EA012202837047FB
:10273000028B02F47F420283028B0A4302837047BA
:1027400021B1828A42F02002828204E0828A4FF61E
:10275000DF731A408282704721B1828A42F01002F0
:10276000828204E0828A4FF6EF731A4082827047B9
:1027700021B1828A42F00802828204E0828A4FF606
:10278000F7731A408282704721B1828942F4004275
:10279000828103E08289C2F30E028281704721B1F7
:1027A000828A42F40062828204E0828A4FF2FF73DE
:1027B0001A4082827047828A4FF6FB731A408282E7
:1027C000828A0A438282704721B1828A42F00202E1
:1027D000828204E0828A4FF6FD731A40828270473B
:1027E00002460020B1F5007F00D100BF13880B40E6
:1027F0000BB1012000E00020704701F40072B2F537
:10280000007F00D100BFCA430280704770B5024606
:10281000002400230025002040F66A16B14200D1B2
:1028200000BFC1F3421501F01F03012606FA03F3AE
:10283000012D02D19689334006E0022D02D1168A7D
:10284000334001E0968A33400C12012606FA04F464
:102850001688344013B10CB1012000E0002070BD97
:1028600010B50022002340F66A14A14200D100BF37
:102870000A1201249440A3B2DC43048010BD00007E
:10288000003801400044004000480040004C004037
:102890000050004010B50446FA48844208D1012196
:1028A0004015FEF79BFE00216015FEF797FE17E02E
:1028B000F548844208D101210015FEF78FFE002162
:1028C0002015FEF78BFE0BE0F048844208D1012171
:1028D000C803FEF783FE00214FF40040FEF77EFEA2
:1028E00010BD30B50246002000235068E84C20405F
:1028F0000D790C6844EA0524204350609068E54C4B
:102900002040D1E902542C434D7944EA4504204348
:102910009060D06A20F470000C7C641EE4B2234303
:1029200040EA0350D06230BD002101600171417165
:102930008160C16001210174704721B1826842F059
:102940000102826003E0826822F001028260704727
:1029500021B1826842F48072826003E0826822F4CE
:1029600080728260704710B50023CBB21AB1446800
:102970001C43446002E044689C43446010BD81688D
:1029800041F0080181607047014600208A6802F02A
:1029900008020AB1012000E000207047816841F080
:1029A000040181607047014600208A6802F0040239
:1029B0000AB1012000E00020704721B1826842F492
:1029C000A002826003E0826822F4A0028260704765
:1029D000014600208A6802F480020AB1012000E06A
:1029E0000020704710B50A4600210023416821F4F9
:1029F0006041531E41EA4331416010BD21B142683C
:102A000042F40062426003E0426822F400624260E5
:102A10007047F0B504460D4600200021092D11DD58
:102A2000E068A5F10A0606EB4607072606FA07F155
:102A30008843A5F10A0606EB460603FA06F10843A9
:102A4000E0600CE0206905EB4507072606FA07F170
:102A5000884305EB450603FA06F108432061072A7F
:102A60000FDA606B561E06EB86071F2606FA07F183
:102A70008843561E06EB860605FA06F10843606396
:102A800022E00D2A0FDA206BD61F06EB86071F26E1
:102A900006FA07F18843D61F06EB860605FA06F10B
:102AA0000843206310E0E06AA2F10D0606EB8607FA
:102AB0001F2606FA07F18843A2F10D0606EB8606EB
:102AC00005FA06F10843E062F0BD21B1826842F4E4
:102AD0008012826003E0826822F480128260704774
:102AE0000146C86C80B2704766484C300068704739
:102AF00021B1426842F48062426003E0426822F4FD
:102B000080624260704721B1426842F48052426064
:102B100003E0426822F48052426070470A46002176
:102B2000816821F4E04111438160704721B18268DE
:102B300042F40042826003E0826822F40042826034
:102B4000704721B1826842F40212826003E0826819
:102B500022F4021282607047014600208A6802F463
:102B600000120AB1012000E000207047F0B50446D1
:102B70001546002000220026092911DDE068A1F198
:102B80000A0707EB470C072707FA0CF29043A1F15D
:102B90000A0707EB470703FA07F21043E0600CE06F
:102BA000206901EB410C072707FA0CF2904301EB77
:102BB000410703FA07F210432061A06BC0F30156EE
:102BC000EF1C06F1010CA7EB0C0707EB870C1F2786
:102BD00007FA0CF29043EF1C06F1010CA7EB0C076F
:102BE00007EB870701FA07F21043A063F0BD10B5A9
:102BF0000A4600210023816B21F44011531E41EA53
:102C00000351816310BD08B5002300930090009B21
:102C10000B440093009B1A6008BD08B502460020D3
:102C20000090009201F12800009B18440090009849
:102C3000006880B208BD0A4600214168164B194061
:102C40001143416070474162826270470A46002129
:102C5000416821F01F0111434160704740B10949AB
:102C60000831096841F40001064A0832116007E0A2
:102C700004490831096821F40001024A0832116050
:102C8000704700000024014000280140003C014042
:102C9000FFFEF0FFFDF7F1FFFFFD3FFF02460020C2
:102CA00013680B400BB1012000E000207047CA43BD
:102CB0000260704770B502460020002300240B120A
:102CC0005568CEB205EA060415681D4015B10CB171
:102CD000012000E0002070BD00220A12D3430360EF
:102CE0007047000029B1504A128802434E4B1A80A7
:102CF00004E04D4A128882434B4B1A8070474A4881
:102D0000001D008840F010004749091D08807047E9
:102D10004548001D00884FF6EF7108404249091DE3
:102D200008807047002140481C300188001F00883F
:102D300041EA0040704700B50246FFF7E0FF100C83
:102D4000394918310880091D0A80FFF7E1FF00BDED
:102D500000B50246FFF7D3FFC2F303403249083102
:102D60000880091D0A80FFF7D3FF00BD00B50246A9
:102D7000FFF7C5FF100C2C4920310880091D0A807F
:102D8000FFF7C6FF00BD0020274910310988090759
:102D9000080B2549143109880843704700BF2248B1
:102DA000001D008800F020000028F8D070471E4861
:102DB000001D00884FF6F77108401B49091D088067
:102DC00000BF1948001D008800F008000028F8D056
:102DD000704701460020144A121D12880A400AB1A9
:102DE000012000E0002070470F49091D0988814338
:102DF0000D4A121D11807047014600200A4A121D1B
:102E000012880A40D0B2084A12880A4012B108B1AA
:102E1000012000E0002070470349091D0988814313
:102E2000014A121D118070470028004030BF7047D2
:102E300072B6704762B6704710B54FF4A060FDF7E8
:102E400039FB10BD7FB505460C4601211020FEF769
:102E5000B8FBADF80850ADF804400020ADF80A000A
:102E6000ADF8060001A91948FEF7D6FC012211466B
:102E70001648FFF748F836208DF8000003208DF83B
:102E800001008DF8020001208DF803006846FDF76F
:102E900016FB01210D48FFF71BF800200C490860C4
:102EA0007FBD0B490860704710B501210748FFF747
:102EB000D8FA012805D10648006810B10448006816
:102EC000804701210148FFF7DDFA10BD00100040E6
:102ED0002800002010B56FF00400FDF73AFB4FF01A
:102EE000E020006940F002004FF0E021086142F26A
:102EF000283048610846006940F00100086110BDB3
:102F0000F0B504460D4600212AE001EB81008B4E0E
:102F100056F8200010BB01EB810046F8204001204C
:102F200001EB8106854F07EB8606707401EB81008B
:102F30003E4606EB8000456001EB810006EB800019
:102F4000826001EB810006EB80000374002001EB3E
:102F5000810607EB8606F0600846F0BD481CC1B24A
:102F60001E29D2DBFF20F8E710B50146002027E03C
:102F700000EB8002714B53F822208A421ED10022BE
:102F800000EB80036D4C44F8232000EB800304EB3E
:102F900083035A7400EB800304EB83035A6000EB55
:102FA000800304EB83039A6000EB800304EB83034C
:102FB0001A7400EB800304EB8303DA60421CD0B286
:102FC0001E28D5DB10BD002100EB80025B4B43F8CF
:102FD000221000EB800203EB8202517400EB8002AE
:102FE00003EB8202516000EB800203EB82029160EE
:102FF00000EB800203EB8202117400EB800203EB12
:103000008202D1607047002048E000EB80014B4A0B
:1030100002EB8101097CE9BB00EB800102EB81013D
:10302000497C012938D100EB800102EB8101C9689C
:1030300081BB00EB800102EB8101496859B100EBD3
:10304000800102EB81014968491E00EB80023B4B85
:1030500003EB8202516000EB8001384A02EB8101F0
:103060004968B9B9012100EB8002344B03EB8202BD
:10307000D16000EB80011A4602EB8101896849B1F9
:1030800000EB800102EB8101896800EB800203EB19
:10309000820200E000E05160411CC8B21E28B4DB8F
:1030A000704710B5002440E004EB8400234901EB95
:1030B0008000407C012836D104EB840051F82000C8
:1030C00088B304EB840001EB8000007C012806D16A
:1030D00004EB8401194A52F82100804723E004EBF5
:1030E0008400164901EB8000007CE0B904EB840009
:1030F00001EB8000C068B0B104EB84010F4A52F8C4
:1031000021008047002004EB84010C4A02EB81017E
:10311000C86004EB8400114601EB8000806810B9A0
:103120002046FFF750FF601CC4B21E2CBCDB10BD54
:1031300010B504F04AFEFFF766FF10BDC40D002075
:10314000002000210160704710B5FFF7C3FE04F0B6
:1031500019FD04F0B5FD04F07BFC06F0EDFB03F077
:10316000D1FC02F079FB04F0D6FB01F0CAFC01F0BF
:1031700068FD01F098FE02F055F901F044F811F0F5
:103180009FFB07F0F3FE05F058FD07F0A4FD044691
:103190000EF080F840F25371032000F0E3FF0123AA
:1031A0000A2211463548FFF7ABFE00230A221146DA
:1031B0003348FFF7A5FE00230A2205213148FFF717
:1031C0009FFE0123002205212F48FFF799FE0023CF
:1031D000642208212D48FFF793FE00234FF47A72F2
:1031E00005212B48FFF78CFE00230A2211462948AF
:1031F000FFF786FE00230A2211462748FFF780FECC
:1032000000230A2211462548FFF77AFE00230A22EE
:1032100011462348FFF774FE00230A221146214875
:10322000FFF76EFE0023642219461F48FFF768FE71
:1032300000230A2219461D48FFF762FE00230A22D6
:1032400005211B48FFF75CFE0123002205211948D8
:10325000FFF756FE00230A224FF4FA611648FFF7E3
:103260004FFE00230A2211461448FFF749FE10BD05
:1032700010B5FFF716FF00F08CFF10BD356B00088E
:10328000575D0008E3450008F7460008E57A0008A6
:10329000257A0008637C0008A78500080748010814
:1032A0007B1E01083116010821D70008AD990008DE
:1032B000C1D30008EBD300088B5400081D8E000812
:1032C00070B503460C4603E014F8015B03F8015B9C
:1032D0001500A2F10102F7D170BD30B5034601E03F
:1032E00003F8011B1400A2F10102F9D130BD00B5B1
:1032F0007C494FF42072C8680021FFF7EEFF79493E
:103300004FF4A04288680021FFF7E7FF01207549CC
:10331000087400BD0022002105E07248C068405CCE
:1033200000B1521C491CB1F5207FF6D364205043F4
:103330004FF42073B0FBF3F0C0B270472DE9F041B9
:1033400006460024A0466748007C10B96549086815
:1033500080471EB94FF0FF30BDE8F0816248006839
:10336000B6FBF0F085B260480068B6FBF0F100FBF8
:10337000116008B1681C85B25C480068441E1BE0FF
:103380005848C068005D20B908F101001FFA80F8B4
:1033900001E04FF00008A8450DD1002704E0514995
:1033A000C968E2198D547F1CAF42F8D34E490968B1
:1033B00004FB01F0D0E7641E002CE1DA4FF0FF308F
:1033C000CAE770B505464748007C20B945490868FA
:1033D0008047012070BD46480068854212D24248AD
:1033E0000068B5FBF0F13F48C068425C002405E08E
:1033F00000203C4BDB680E199855641C9442F7DBA7
:103400000020E7E70220E5E72DE9F04105463548D1
:10341000007C20B9334908688047BDE8F081314815
:1034200080682E1A3248006886421ED22E4B1B68D6
:10343000B6FBF3F02B4BDB68195C2A46002402E054
:1034400000231355641C284B1B684B43A342F7D839
:10345000002407E00023234FFF6800EB040C07F86B
:103460000C30641C8C42F5DBD7E700BFD5E770B5A4
:10347000044604B970BD1B488068251AFFF7D8FCC4
:103480002046FFF7C1FFFFF7D5FC00BFF2E770B59C
:103490000546FFF7CDFC2846FFF750FF0446FFF72F
:1034A000C9FC601C08B9002070BD0E48806820442B
:1034B000FAE770B506460C462046FFF73FFF054683
:1034C000681C08B9002070BD064989684819224661
:1034D0003146FFF7F5FE3046FFF7C9FF0148806827
:1034E0002844F0E738000020300000202C000020A5
:1034F00034000020012080F3138800BF00BF65481E
:10350000006800F4E06064490843001D61490860F8
:10351000BFF3408F00BF00BFFEE72DE9F05F064616
:103520000F4690460024B3463D46A14617E0687812
:103530004FEA002A28788244AD1C2046641C574973
:1035400021F810A0B4F5806F07D100244FF48062F9
:10355000584600F0DAF80BF5006B09F10209C14595
:10356000E5D324B1A2B24D49584600F0CEF8BDE8EB
:10357000F09F10B50446206849490840B0F1005F4B
:1035800008D16068474908602068FCF765FE454837
:103590000068804710BD08B54FF6FF70009002220A
:1035A0006946414800F0B1F84048FFF7E2FF08BD26
:1035B0003E483849091F08607047F0B59BB0054682
:1035C0000E461746684600F02BF9324629466846F3
:1035D00000F0FBFC17A9684600F05CFD002409E040
:1035E000395D17A8005D814202D000201BB0F0BDFC
:1035F000601CC4B2102CF3DBFF20F7E738B504469B
:10360000221D2B482168FFF7D8FF50B10020009001
:1036100002226946244800F078F8FCF720FEFF20DB
:1036200038BD0020FCE738B50446221D204821683B
:10363000FFF7C3FF40B100200090022269461A48FC
:1036400000F063F8FF2038BD0020FCE70020194996
:10365000088019490860704710B50446208815494C
:103660000988884214D1628813490968104BC81828
:10367000211DFFF752FF0F480088401C0D490880AC
:1036800060880D49096808440B490860FF2010BD97
:103690000020FCE70CED00E00000FA059C62002031
:1036A0000000FE2F4C000020001400080018000845
:1036B00000A801085000002054000020014608889E
:1036C00070472DE9F04105460E461746002407E0F5
:1036D00036F814102846FDF74EFAAD1C601C84B273
:1036E000BC42F5DBBDE8F08130B503460C4615461B
:1036F000002207E01846FFF7E1FF24F812009B1CA8
:10370000501C82B2AA42F5DB30BD2DE9F05F804645
:103710008A461746B8F1006F02D33848804501D376
:10372000BDE8F09FFDF7DFF8A8F1006B4FEADB255D
:10373000CBF34909C9F58064A74200DC3C464EE062
:103740004FF0006101EBC5204A142D49FFF7CCFF73
:1037500000260BE009EB0600294931F810004FF66E
:10376000FF71884200D003E0701C86B2A642F1DBF4
:1037700000BFA6421BDA4FF0006101EBC520FDF748
:10378000F7F8002608E03AF8160006EB09011C4A93
:1037900022F81100701C86B2A642F4DB4FF00061E3
:1037A00001EBC5204A141649FFF78BFF04E02246BF
:1037B00051464046FFF785FFA74200D110E06D1C3F
:1037C0004FF000090AEB440A08EB4408381B87B2A3
:1037D000B7F5806F02DD4FF4806400E03C46AFE750
:1037E00000BFFDF78CF800BF9AE713B5044601222D
:1037F00001A92046FFF789FF1CBD00000000040856
:103800009C6A0020014600BF704700BF704770B53A
:1038100004460D46E1B2012005F0E1FE204670BDF0
:10382000002101604160FE498160FE4AC260CA43D6
:103830000261FC4AD2434261704770B503460024DE
:10384000002010E00E5C451C4D5D46EA0526851CF7
:103850004D5D46EA0546C51C4D5D46EA056543F8E3
:103860002450641C001D9042ECD370BD2DE9F04340
:10387000C0B080468946D8F80040D8F80450D8F83F
:103880000860D8F80C70402249466846FFF7D5FF1B
:1038900005EA060027EA0501084300990844E249C1
:1038A00008440444E00140EA54642C4404EA05005E
:1038B00026EA0401084301990844DC490844074406
:1038C000380340EA1757274407EA040025EA0701AE
:1038D000084302990844D64908440644700440EA63
:1038E000D6363E4406EA070024EA06010843039957
:1038F0000844D04908440544A80540EA95253544C4
:1039000005EA060027EA0501084304990844CA4964
:1039100008440444E00140EA54642C4404EA0500ED
:1039200026EA0401084305990844C44908440744A9
:10393000380340EA1757274407EA040025EA07013D
:10394000084306990844BE4908440644700440EA06
:10395000D6363E4406EA070024EA060108430799E2
:103960000844B84908440544A80540EA952535446B
:1039700005EA060027EA0501084308990844B24908
:1039800008440444E00140EA54642C4404EA05007D
:1039900026EA0401084309990844AC49084407444D
:1039A000380340EA1757274407EA040025EA0701CD
:1039B00008430A990844A0F524404F38064470048F
:1039C00040EAD6363E4406EA070024EA06010843E8
:1039D0000B9908449E4908440544A80540EA9525EA
:1039E000354405EA060027EA050108430C99084416
:1039F000984908440444E00140EA54642C4404EA31
:103A0000050026EA040108430D9908449249084438
:103A10000744380340EA1757274407EA040025EA19
:103A2000070108430E9908448C4908440644700471
:103A300040EAD6363E4406EA070024EA0601084377
:103A40000F990844864908440544A80540EA95258D
:103A5000354405EA070026EA0701084301990844AE
:103A6000804908440444600140EAD4642C4404EAD8
:103A7000060025EA06010843069908447A490844E5
:103A80000744780240EAD757274407EA050024EAAA
:103A9000050108430B990844744908440644B003DF
:103AA00040EA96463E4406EA040027EA0401084339
:103AB000009908446E4908440544280540EA153534
:103AC000354405EA070026EA07010843059908443A
:103AD000684908440444600140EAD4642C4404EA80
:103AE000060025EA060108430A9908446249084489
:103AF0000744780240EAD757274407EA050024EA3A
:103B0000050108430F9908445C4908440644B00382
:103B100040EA96463E4406EA040027EA04010843C8
:103B200004990844564908440544280540EA1535D7
:103B3000354405EA070026EA0701084309990844C5
:103B4000504908440444600140EAD4642C4404EA27
:103B5000060025EA060108430E9908444A4908442C
:103B60000744780240EAD757274407EA050024EAC9
:103B70000501084303990844444908440644B00336
:103B800040EA96463E4406EA040027EA0401084358
:103B9000089908443E4908440544280540EA15357B
:103BA000354405EA070026EA070108430D99084451
:103BB000384908440444600140EAD4642C4404EACF
:103BC000060025EA060108430299084432490844E0
:103BD0000744780240EAD757274407EA050024EA59
:103BE00005010843079908442C4908440644B003DA
:103BF00040EA96463E4406EA040027EA04010843E8
:103C00000C990844264908440544280540EA15351E
:103C1000354485EA0600784005990844214943E087
:103C20000123456789ABCDEF78A46AD756B7C7E8BB
:103C3000DB702024EECEBDC1AF0F7CF52AC68747CE
:103C4000134630A8019546FDD8988069AFF7448B9C
:103C5000BED75C892211906B937198FD8E4379A633
:103C60002108B44962251EF640B340C0515A5E2671
:103C7000AAC7B6E95D102FD65314440281E6A1D835
:103C8000C8FBD3E7E6CDE121D60737C3870DD5F4CE
:103C9000ED145A4505E9E3A9F8A3EFFCD9026F67D3
:103CA0008A4C2A8D4239FAFF08440444200140EA34
:103CB00014742C4484EA0500704008990844FC49B7
:103CC00008440744F80240EA5757274487EA0400AB
:103CD00068400B990844F74908440644300440EA18
:103CE00016463E4486EA070060400E990844F249B1
:103CF00008440544E80540EA5525354485EA0600B0
:103D0000784001990844ED4908440444200140EA00
:103D100014742C4484EA0500704004990844E8496E
:103D200008440744F80240EA5757274487EA04004A
:103D3000684007990844E34908440644300440EACF
:103D400016463E4486EA070060400A990844DE4968
:103D500008440544E80540EA5525354485EA06004F
:103D600078400D990844D94908440444200140EAA8
:103D700014742C4484EA0500704000990844D44926
:103D800008440744F80240EA5757274487EA0400EA
:103D9000684003990844CF4908440644300440EA87
:103DA00016463E4486EA0700604006990844CA4920
:103DB00008440544E80540EA5525354485EA0600EF
:103DC000784009990844C54908440444200140EA60
:103DD00014742C4484EA050070400C990844C049CE
:103DE00008440744F80240EA5757274487EA04008A
:103DF00068400F990844BB4908440644300440EA2F
:103E000016463E4486EA0700604002990844B649D7
:103E100008440544E80540EA5525354465EA0700AD
:103E2000704000990844B14908440444A00140EAA4
:103E300094642C4464EA0600684007990844AC493D
:103E400008440744B80240EA9757274467EA050048
:103E500060400E990844A74908440644F00340EA2C
:103E600056463E4466EA0400784005990844A24953
:103E700008440544680540EAD525354465EA07004D
:103E800070400C9908449D4908440444A00140EA4C
:103E900094642C4464EA06006840039908449849F5
:103EA00008440744B80240EA9757274467EA0500E8
:103EB00060400A990844934908440644F00340EAE4
:103EC00056463E4466EA04007840019908448E490B
:103ED00008440544680540EAD525354465EA0700ED
:103EE000704008990844894908440444A00140EA04
:103EF00094642C4464EA060068400F99084484499D
:103F000008440744B80240EA9757274467EA050087
:103F10006040069908447F4908440644F00340EA9B
:103F200056463E4466EA040078400D9908447A49B2
:103F300008440544680540EAD525354465EA07008C
:103F4000704004990844754908440444A00140EABB
:103F500094642C4464EA060068400B990844704954
:103F600008440744B80240EA9757274467EA050027
:103F70006040029908446B4908440644F00340EA53
:103F800056463E4466EA040078400999084466496A
:103F900008440544680540EAD5253544D8F80000B2
:103FA0002044C8F80000D8F804002844C8F80400E9
:103FB000D8F808003044C8F80800D8F80C00384495
:103FC000C8F80C0040B0BDE8F0832DE9F047044686
:103FD0000F4615460026B046B1462088C0F3C508F6
:103FE000C8F14009206800EBC50020602068B0EBF4
:103FF000C50F02D26068401C6060606800EB5570BD
:1040000060604D451CD304F1180101EB08004A46DD
:10401000394615F076F804F1180104F10800FFF7AD
:1040200025FC4E4605E0B91904F10800FFF71EFC17
:10403000403606F14000A842F5D94FF0000800E0F4
:104040000026AA1BB91904F1180303EB080015F0A8
:1040500058F8BDE8F08770B50346144600220020EA
:1040600015E011F822501D5431F82250C5F30726EF
:10407000451C5E5551F82250C5F30746851C5E5518
:1040800051F822502D0EC61C9D55521C001DA042F9
:10409000E7D370BD2DE9FC4104460E4600250027FC
:1040A0002088C0F3C505382D40D2C5F138003FE067
:1040B00081F6718722619D6D0C38E5FD44EABEA44E
:1040C000A9CFDE4B604BBBF670BCBFBEC67E9B2843
:1040D000FA27A1EA8530EFD4051D880439D0D4D958
:1040E000E599DBE6F87CA21F6556ACC4442229F4AE
:1040F00097FF2A43A72394AB39A093FCC3595B6570
:1041000092CC0C8F7DF4EFFFD15D84854F7EA86F3C
:10411000E0E62CFE144301A3A111084E827E53F762
:1041200035F23ABDBBD2D72A91D386EBC5F17800E0
:104130000746082221466846FFF78DFF3A460849A0
:104140002046FFF742FF082269462046FFF73DFF61
:10415000102204F108013046FFF77DFFBDE8FC8125
:104160005C00002070B505460C4645F25550FDF741
:1041700027F82846FDF727F82046FDF727F8FDF732
:1041800028F8FDF72BF870BD4AF6AA20034908600D
:10419000704700B5FFF7F8FF00BD00000030004099
:1041A00070B5054600240AE02146002001F068FAB7
:1041B00081B2F94800EB44000180601CC4B2082CB5
:1041C000F2DB00240BE02146012001F059FA81B214
:1041D000F148203000EB44000180601CC4B2082C80
:1041E000F1DB00240BE02146022001F049FA81B204
:1041F000E948403000EB44000180601CC4B2082C48
:10420000F1DB70BD70470020E44981F8A10281F81C
:10421000A0024FF41670A1F88C020020A1F89202BF
:10422000A1F89002A1F88E02012081F88A020020F4
:1042300081F8880281F8A20281F8890281F8A3023C
:1042400081F8810281F88002142081F8820270478F
:1042500070477047D14890F88202704710B5044605
:10426000CE4890F8820208B9002010BDCB4991F8E1
:104270008012CA4A02EB411020222146FFF720F8A3
:10428000C64890F88002401CC44981F88002084664
:1042900090F88202401E81F88202084690F880025F
:1042A000142802D1002081F88002FF20DDE710B53C
:1042B0000446BA4890F88202142801D1002010BDAB
:1042C000B64890F88102B54A02EB40112022204600
:1042D000FEF7F6FFB14890F88102401CAF4981F823
:1042E0008102084690F88202401C81F8820208464A
:1042F00090F88102142802D1002081F88102012067
:10430000DDE7F0B589B004460D4616461F46F1B20A
:104310008DF8121000218DF8131000208DF8100078
:10432000E9B28DF8111005940797002102910391CD
:104330008DF800006846FFF791FF09B0F0BD2DE948
:10434000F04389B080460C4616461F46DDF8409083
:104350002546A9788DF81210E9788DF81310287881
:104360008DF8100069788DF81110CDF81890CDE90E
:1043700002678DF800806846FFF770FF09B0BDE85E
:10438000F083864981F8A2027047844890F8A2021F
:10439000704770B50446207C01F04CFA002848D1E3
:1043A00002207E4981F8A002207C01F017FA48BB68
:1043B0007A48B0F88C02B0F5967F51DA207C02F092
:1043C000DFFC18B9207C02F0C8FC20B1E07C401E64
:1043D000E074012070BD7148B0F88C0200283FD114
:1043E0006E4890F8A10258B101206C4981F8A002F2
:1043F000084690F8A102401E81F8A1020220E9E7D8
:104400000320E7E7207C01F0E9F90546012D0ED1F4
:10441000207C02F0B5FC18B9207C02F09EFC20B193
:10442000E07C401EE0740520D4E70420D2E706209B
:10443000D0E7207C01F0EFF9012811D1207C02F0B7
:104440009FFC18B9207C02F088FC48B1E07C401E3B
:10445000E074627CA17C207C01F0FDF80120B9E7CA
:104460000020B7E770B5044600264D48007830B10B
:10447000012811D0022828D003280CD152E00020B6
:10448000464981F8A00201204549087040F2DC50FD
:104490004249A1F8920299E0627CA17C207C01F063
:1044A000ABF888B1207C02F06BFC207C02F055FC5C
:1044B0004FF416703949A1F88C020220384908706F
:1044C0001E203649A1F8920280E0207C01F0B2F96A
:1044D000022826D1207C02F053FC207C02F03DFC17
:1044E00001F0BDFA20B12D4890F8A002012804D1B6
:1044F00000202A4981F8A10203E00120274981F820
:10450000A1020120254981F8A00203202449087056
:1045100040F2DC502149A1F892024FF41670A1F844
:104520008C0253E02046FFF734FF0546072D4BD29F
:10453000DFE805F004050E172038410044E0FF26AF
:104540000020174908701E201449A1F892023BE090
:1045500001201349087040F2DC501049A1F8920282
:1045600032E0032600200E4908701E200B49A1F8F6
:10457000920229E0627CA17C207C01F094F808B1D1
:10458000042600E001260020054908701E2003498A
:10459000A1F8920218E0000069010020A07200203A
:1045A000C901002005260020FD4908701E20FD4994
:1045B000A1F8920208E002260020F94908701E20A6
:1045C000F849A1F8920200BF00BF00BF00BFF54844
:1045D000B0F8920218B90E260020F1490870304652
:1045E00070BD00B5EF4890F8A00202280BD1ED484D
:1045F000B0F88C02002806DDEA48B0F88C02401EB4
:10460000E849A1F88C02E748B0F89602642807DA76
:10461000E448B0F89602401CE249A1F8960205E091
:10462000FFF7F0FD0020DF49A1F89602DD48B0F861
:104630009202002806DDDB48B0F89202401ED949FC
:10464000A1F89202D748B0F89002002806DDD548BC
:10465000B0F89002401ED349A1F89002D148B0F8BA
:104660008E02002806DDCF48B0F88E02401ECD49EC
:10467000A1F88E02CB48B0F89402002806DDC948A4
:10468000B0F89402401EC749A1F89402C548B0F89A
:104690009802002806DDC348B0F89802401EC149C0
:1046A000A1F89802BF48B0F89A02002806DDBD487C
:1046B000B0F89A02401EBB49A1F89A02B948B0F876
:1046C0009C02002806DDB748B0F89C02401EB549A0
:1046D000A1F89C0200BD437A00F10A0202EB8302BA
:1046E0001160427A521C427270470146487A0A228F
:1046F00002EB800070477CB5AA4890F8A2020F2810
:1047000076D2DFE800F00875C3757575755A8FF5B8
:10471000659AF4F35600A448FFF7C9FDE8B10120FB
:10472000A04981F88902A048807CA04988709E48F1
:10473000C07CC8709C48007C08709B48407C4870D6
:104740009948406948600020487208720120C1F809
:104750002A000E20FFF715FE2AE09248B0F89E02CC
:1047600010B39048B0F89C02F0B900208D49A1F830
:104770009E020CF09BFDC0B100F091FB50B109F01E
:1047800098F918B102200FF013FA11E003200FF08E
:104790000FFA0DE000F06BFB18B105200FF008FADE
:1047A00006E004200FF004FA02E000200FF000FA07
:1047B00086E10220FFF7E5FD82E141F658336422ED
:1047C0000121002003F080FA0A20FFF7DAFD77E1EB
:1047D000002003F09CFA20BB002003F0AFFA40B9A0
:1047E00073497248FFF777FF0220FFF7CAFD18E010
:1047F00065E16F4966316D48FFF76DFF6A48C06932
:1048000030B16A4BD3F82A105868674BDA69904781
:10481000664AD2F82A10506800F0B8FC0020FFF772
:10482000B0FD4DE141F6583364220021084603F003
:104830004BFA0B20FFF7A5FD42E1002003F067FAD9
:1048400018BB002003F07AFA38B959495748FFF7E6
:1048500042FF0220FFF795FD17E0554969315348A3
:10486000FFF739FF5048C06930B1504BD3F82A10D8
:1048700058684D4BDA6990474C4AD2F82A10506874
:1048800000F084FC0020FFF77CFD19E14648FFF7AB
:10489000E9FD04462046042C37D007DC68B1012826
:1048A0000CD0022816D0032865D122E0052838D084
:1048B0000E2845D0FF285ED14EE05CE008200FF0C6
:1048C00077F94FF497703949C1F82A000D20FFF7A6
:1048D00058FD50E008200FF06BF94FF49870334901
:1048E000C1F82A000D20FFF74CFD44E045E0B8E098
:1048F000ACE008200FF05CF940F22D102B49C1F814
:104900002A000D20FFF73DFD35E008200FF050F99B
:104910004FF497702549C1F82A000D20FFF731FDAB
:1049200029E02249087803F0AFF807200FF040F99A
:1049300002201E49C1F82A000D20FFF722FD1AE0CF
:1049400008200FF035F94FF497701849C1F82A0084
:104950000D20FFF716FD0EE01449087803F094F8D7
:1049600007200FF025F902201049C1F82A000D2078
:10497000FFF707FD00BF00BFA2E00B48C06930B1E0
:104980000A4BD3F82A105868074BDA699047074852
:10499000D0F82A0040F22D1188420BD101200AE004
:1049A000C9010020A0720020487500206875002011
:1049B000E0A501000020D8B1424890F8A3020228E7
:1049C00007DA404890F8A302401C3E4981F8A30250
:1049D0002AE006F0EBF8682803D16A2006F0E9F82F
:1049E00022E006F0E3F8F8B9662006F0E2F81BE0F2
:1049F0003548D0F82A00022801D1012000E000202B
:104A000090B100202F4981F8A30206F0CFF86A2860
:104A100003D1682006F0CDF806E006F0C7F8662856
:104A200002D1002006F0C5F8274AD2F82A105068B3
:104A300000F0ACFB0020FFF7A4FC01202149A1F805
:104A40009E024FF4FA70A1F89C0239E041F6583307
:104A500064220021084603F037F90C20FFF791FC8F
:104A60002EE0002003F053F940BB002003F066F96C
:104A700020B916491448FFF72EFE04E013496931A6
:104A80001148FFF728FE1248806970B10E48FFF701
:104A90002CFE85B20E48C1688068CDE900010C4942
:104AA00008782A468B6908499847074AD2F82A109D
:104AB000506800F06BFB0020FFF763FC00E000BFD4
:104AC00000BF7CBDA072002068750020E0A5010039
:104AD0004875002010B5044614B902F0DBFC10BD87
:104AE0003A4800EBC400C079F9E710B504461CB998
:104AF00002F0D3FCC0B210BD344800EBC400807992
:104B0000F9E710B5324800F0FCF8314B9A78597843
:104B10001B7803F0010002F0C4FC04222C492B484E
:104B2000FEF7CEFB04222A49091D28480830FEF76B
:104B3000C7FB04222649083124481030FEF7C0FB89
:104B400010BD38B505460C46207820B9E278A1782A
:104B5000607802F0A6FC617820781D4A12F82000E7
:104B600061F30000217802F82100A078217802EB9F
:104B700081014870E07840B2217802EB81018870B1
:104B8000104600F0A6F861782078104A12F830003C
:104B900061F30000217802F83100A078217802EB5F
:104BA000C1014870E07840B2217802EBC101887001
:104BB00020788DF8000000208DF8020001208DF88B
:104BC000010000208DF8030038BD0000967500201C
:104BD000AE7500200146F84830F811007047F748DC
:104BE00090F8FE007047F54890F8FC007047F0B56B
:104BF0000346002400201A4600BF03E0156828443D
:104C0000121D641CB4EB910FF8D301F0030555B1EC
:104C100001F00306C6F10406F7004FF0FF36FE4030
:104C2000156835402844F0BD02460B46002104E0DB
:104C3000505C08B100207047491C9942F8D3FF200E
:104C4000F9E710B5DE48DF4908604FF43171DD48FF
:104C50000068FFF7CCFF0446DA480068D0F8C402C9
:104C6000A04226D1F4B94FF43171D6480068FFF75D
:104C7000DBFFFF280FD14FF43171D048FFF7B7FFAA
:104C80000446CE48C0F8C4424FF4B2720146CC4844
:104C9000FEF73BFD1CE04FF4B272C849C848FEF76E
:104CA00023FD15E04FF4B272C449C548FEF71CFD60
:104CB0000EE04FF43171C148FFF799FF0446BF4839
:104CC000C0F8C4424FF4B2720146BD48FEF71DFD64
:104CD00010BD70B504460C222146B8482430FEF7BA
:104CE000EFFA4FF43171B548FFF781FF0546B3483D
:104CF000C0F8C4524FF4B2720146B148FEF705FD48
:104D000070BD10B504460C22AC4924312046FEF794
:104D1000D7FA10BD70B50446CC222146A7483030E2
:104D2000FEF7CEFA4FF43171A448FFF760FF054655
:104D3000A248C0F8C4524FF4B2720146A048FEF730
:104D4000E4FC70BD10B50446CC229C4930312046AD
:104D5000FEF7B6FA10BD70B50446242221469748E6
:104D6000FEF7AEFA4FF431719448FFF740FF054665
:104D70009248C0F8C4524FF4B27201469048FEF710
:104D8000C4FC70BD10B5044624228C492046FEF7B1
:104D900097FA10BD70B5044680222146864820301F
:104DA000FEF78EFA4FF431718448FFF720FF054675
:104DB0008248C0F8C4524FF4B27201468048FEF7F0
:104DC000A4FC70BD10B5044680227B4920312046EA
:104DD000FEF776FA10BD70B505460C462246294608
:104DE0007548A330FEF76CFA744880F8A1414FF47F
:104DF0003171FFF7FCFE06467048C0F8C4624FF4FC
:104E0000B27201466E48FEF780FC70BD70B5054673
:104E10000C46224629466848C330FEF751FA6748D7
:104E200080F8A2414FF43171FFF7E1FE0646634876
:104E3000C0F8C4624FF4B27201466148FEF765FCE7
:104E400070BD10B504465D4890F8A12100F2A31191
:104E50002046FEF735FA10BD10B50446574890F8C5
:104E6000A22100F2C3112046FEF72AFA10BD5348D2
:104E700090F8A201704770B50446504880F8A041F0
:104E80004FF43171FFF7B3FE05464C48C0F8C452E9
:104E90004FF4B27201464A48FEF737FC70BD4748EE
:104EA00090F8A001704710B50024474847490860B2
:104EB000C42146480068FFF79AFE0446434800684C
:104EC000D0F8C400A04221D1D4B94048006800887D
:104ED0004AF2A00188420DD0C4213D48FFF787FE69
:104EE00004463B48C0F8C440642201463648FEF7F9
:104EF0000CFC18E0642236493348FEF7F5FB12E05B
:104F0000642233493048FEF7EFFB0CE0C4213048FF
:104F1000FFF76DFE04462E48C0F8C44064220146E7
:104F20002948FEF7F2FB10BD10B50446542228496B
:104F3000091D2046FEF7C4F910BD70B50446542281
:104F400021462348001DFEF7BBF9C4212048FFF786
:104F50004EFE05461E48C0F8C450642201461A4859
:104F6000FEF7D3FB70BD10B5044620221849583116
:104F70002046FEF7A5F910BD70B504462022214653
:104F800013485830FEF79CF9C4211148FFF72FFE53
:104F900005460F48C0F8C450642201460A48FEF78F
:104FA000B4FB70BD10B504462A2209497831204669
:104FB000FEF786F910BD0000D0020020D0010020CD
:104FC00000D80308CC01002000EC0308980400205E
:104FD0009C04002070B504462A2221465148FEF761
:104FE0006FF9C4214F487838FFF701FE05464D4858
:104FF0007838C0F8C450642201464B48FEF785FB60
:1050000070BD10B50446202246492A312046FEF7DD
:1050100057F910BD70B504462022214641482A3078
:10502000FEF74EF9C4213F487838FFF7E0FD05460A
:105030003C487838C0F8C450642201463A48FEF72C
:1050400064FB70BD08B50020009001226946374816
:10505000FEF74AFBBDF8000008BD08B5002000902F
:10506000012269463148801CFEF73EFBBDF8000076
:1050700008BD08B500200090012269462B48001D9C
:10508000FEF732FBBDF8000008BD08B50020009017
:10509000012269462548801DFEF726FBBDF8000069
:1050A00008BD70B504460D46B4F5616F09DAC4EB6E
:1050B000C4011E4A083202EB81000E222946FEF787
:1050C00013FB70BD70B504460D46B4F5616F09DA87
:1050D000C4EBC401154A083202EB81000E222946B6
:1050E000FEF713FB70BD01B5012269460F48FEF7BC
:1050F0000CFB08BD01B5012269460C48801CFEF777
:1051000004FB08BD01B5012269460848001DFEF7F1
:10511000FCFA08BD01B5012269460448801DFEF76E
:10512000F4FA08BD1405002000EC0308004802084A
:1051300070B588B00546FFF790FF064600240AE0E8
:10514000A0B201A9FFF7ADFF0398A84202D1012048
:1051500008B070BD641CB442F2D30020F8E770B50B
:1051600088B00546FFF779FF064600240AE0A0B2A2
:1051700001A9FFF796FF0398A84202D1069808B04C
:1051800070BD641CB442F2D30220F8E7F0B587B0DA
:1051900005460E46FFF761FF074600240DE0A0B26A
:1051A0006946FFF77EFF0298A84205D10596A0B296
:1051B0006946FFF787FF02E0641CBC42EFD300BFE3
:1051C00007B0F0BDF0B587B007461C2239466846E7
:1051D000FEF776F8FFF741FF0546FFF74AFF064660
:1051E000FFF753FF0446069469462046FFF76AFF1F
:1051F000B5F5616F0ADA681C85B240F60F6084422B
:1052000002DA601C84B211E000240FE040F60F6067
:10521000844202DA601C84B200E0002440F60F6091
:10522000864202DA701C86B200E000262846FFF7AC
:1052300061FF3046FFF766FF2046FFF76BFF07B0C0
:10524000F0BD2DE9F04F9BB004460D4617464FF0D8
:10525000000BD9462088BA49A0FB0110A078B94AB2
:1052600050430918E078B84A00FB02F00918207989
:1052700042F2107200FB02F0091860794FF06402EC
:1052800000FB02F00918A07908181A902888AC4988
:10529000A0FB0110A878AB4A00FB02F00918E878DF
:1052A000A94A00FB02F00918287942F2107200FBAB
:1052B00002F0091868794FF0640200FB02F0091847
:1052C000A87908181990FFF7C8FE8246C84654E02E
:1052D0001FFA88F012A9FFF7E4FEBDF848009849CC
:1052E000A0FB01109DF84A00964A504309189DF80A
:1052F0004B00954A00FB02F009189DF84C0042F261
:10530000107200FB02F009189DF84D004FF0640286
:1053100000FB02F009189DF84E000E181A988642FC
:1053200029D31998864226D8BBF5787F00DB26E082
:1053300009F10109DDE91423DDE91610CDE90423A3
:10534000CDE906109DF84E009DF84D109DF84C20BB
:105350009DF84B30CDE90032CDE902109DF84A307E
:10536000BDF8482079A109A813F08AFC1FB109A94A
:10537000384613F0BAFE08F10108D045A8D300BFA3
:1053800048461BB0BDE8F08F2DE9F04399B00446C4
:105390000D464FF000090027FFF75FFE804600260C
:1053A00039E0B0B212A9FFF77CFEBDF848002188B1
:1053B00088422FD19DF84A00A17888422AD19DF8D1
:1053C0004B00E178884225D1B9F5BF5F00DB24E0CE
:1053D0007F1CDDE91423DDE91610CDE90423CDE9B6
:1053E00006109DF84E009DF84D109DF84C209DF83C
:1053F0004B30CDE90032CDE902109DF84A30BDF8BE
:1054000048205AA109A813F03BFC1DB109A9284660
:1054100013F06BFE761C4645C3D300BF384619B067
:10542000BDE8F08310B50024FFF70CFE0446012C04
:105430000CD00020FFF75EFE0020FFF763FE002087
:10544000FFF768FE0120FFF74EFE01E000BF00BF3E
:1054500010BD88B0002413E0039401200690482C6E
:1054600001D100BF00BF01A8FFF7ACFE2046FFF747
:1054700076FE06900698012801D000BFFEE7641C66
:10548000B4F57A6FE8D300BFFEE770B596B000249C
:1054900000250026032001F023FC10B101203D4926
:1054A00008703C480078002847D03A48407810B14E
:1054B000012841D115E03848FFF7C3FC364937A031
:1054C00013F0D2FB0EA8FFF74EFD0EA937A013F084
:1054D000CBFB12A939A013F0C7FB01202D4948705E
:1054E0002AE0FFF7BAFD054600241EE0A0B207A996
:1054F000FFF7D7FDDDE90923DDE90B10CDE9032333
:10550000CDE905109DF822109DF821009DF820207E
:10551000CDE9002002919DF81F309DF81E20BDF8B6
:105520001C102BA013F0A0FB641CAC42DED30020A7
:1055300018494870087000BF00BF16B070BD000069
:1055400000E40B5400E1F50540420F0025346425CA
:1055500032642532642532642532642532642F2575
:10556000642F25642F25642F25642300253034649F
:10557000253032642530326425303264253032647F
:10558000253032642F25642F25642F25642F256450
:105590002300000064050020BA7500200D0A0D0AE2
:1055A000C9E8B1B849443A25730D0A00574946493C
:1055B000C3FBB3C63A25730D0A000000574946499C
:1055C000C3DCC2EBA3BA25730D0A0D0A000000006C
:1055D000253034642530326425303264253032641D
:1055E00025303264253032642F25642F25642F2521
:1055F000642F25640D0A000070B504460E4615465A
:1056000024B92946304600F03DF970BD04EB840012
:1056100000EBC4008F4901EBC000807808B1002086
:10562000F3E7012004EB840101EBC401894A02EB9A
:10563000C101087104EB840000EBC400114601EBCA
:10564000C000867104EB840000EBC40001EBC000D5
:105650004571FF20D9E770B504460D46164624B9BA
:105660003146284600F01EF970BD002004EB84018D
:1056700001EBC401774A02EBC101087100BFF3E7F7
:1056800070B504460D461CB9284600F010F970BDEF
:1056900004EB840000EBC4006E4901EBC00008304D
:1056A00050F82500F3E770B504460E4615466CB970
:1056B00029462046FFF7E4FF04EB840101EBC40117
:1056C000644A02EBC101083141F8250004EB840073
:1056D00000EBC4005F4901EBC000083050F8251012
:1056E0000120B040014009B1012070BD0020FCE75D
:1056F000024602EB820000EBC200564B03EBC000F7
:10570000283050F831007047024602EB820000EB6F
:10571000C200504B03EBC0004078704770B50446A0
:105720000E4615466CB929462046FFF7E1FF04EB0B
:10573000840101EBC401474A02EBC101283141F861
:10574000350004EB840000EBC400424901EBC000CB
:10575000283050F835100120B040014009B1012037
:1057600070BD0020FCE770B504460D461CB9284604
:1057700000F04CF970BD04EB840000EBC400354927
:1057800001EBC000283000EBC5004068F2E770B5BF
:1057900004460E46154674B929462046FFF7E3FF36
:1057A00004EB840101EBC4012A4A02EBC101283158
:1057B00001EBC501486004EB840000EBC4002549FF
:1057C00001EBC000283000EBC50040680121B1406A
:1057D000084008B1012070BD0020FCE710B5044668
:1057E00014B900F034F910BD04EB840000EBC400E0
:1057F000184901EBC0004078F5E710B5044614B92C
:1058000000F029F910BD04EB840000EBC40011493D
:1058100011F83000F6E710B5044614B900F01FF98E
:1058200010BD04EB840000EBC4000A4901EBC0008A
:10583000C078F5E710B5044614B900F0DBF810BDE8
:1058400004EB840000EBC400024901EBC000807847
:10585000F5E70000FC75002010B500240CE00021E5
:1058600004EB440000EB0412FE4840F822106038BC
:1058700040F82410601CC4B2082CF0DB00F06CFE71
:1058800010BD70470246F7487838807C08B1002088
:1058900070470120F34B783B1875184682754175A7
:1058A000FF20F5E70022EF4B783B1A757047014661
:1058B000EC48603850F8210070470246E9486038EB
:1058C00050F8210001239340184008B1012070478F
:1058D0000020FCE70146E348403850F831007047AB
:1058E0000146E0487838407C704710B50246DD48F4
:1058F000403850F831000124944000EA04030BB111
:10590000012010BD0020FCE730B5024601EB41004C
:1059100000EB0114D34800EB84004068012494405C
:1059200000EA040393B101EB410000EB0114CD4800
:1059300000EB84004068984301EB410404EB01153F
:10594000C84C04EB85046060012030BD0020FCE7FA
:1059500030B5024601EB410000EB0114C14800EBF9
:10596000840080680124944000EA040393B101EBB1
:10597000410000EB0114BB4800EB840080689843B1
:1059800001EB410404EB0115B64C04EB8504A06067
:10599000012030BD0020FCE710B5024601EB4100BC
:1059A00000EB0114AF4850F824000124944000EAB1
:1059B00004030BB1012010BD0020FCE7024601EBFF
:1059C000410000EB0113A74800EB83000C3030F8D6
:1059D00012007047A3487838C0687047024601EB50
:1059E000410000EB01139F4800EB83002C3030F89E
:1059F000120070479B487838807C70479948783807
:105A0000017D09B1012070470020FCE7014695485F
:105A1000403800EBC1004068704710B5024691481D
:105A2000403800EBC10040680124944000EA0403C0
:105A30000BB1012010BD0020FCE702460B4689484F
:105A40007838417C09B1012070470020FCE7854887
:105A50007838407C704783487838007C70478148AC
:105A60007838C07C704710B57E487838007D38B1F2
:105A700000207D4908707D4908707D49087010BD7F
:105A800079480078052808DA77480078401C76497C
:105A900008707648007800F00EFB734800780528FF
:105AA0007ED173480178022000F0C6FE88B16D48AF
:105AB00060386F49097850F821006C490A78012153
:105AC0009140084367496039694A127841F82200D9
:105AD00010E0644860386649097850F8210063494D
:105AE0000A780121914088435E496039604A127802
:105AF00041F822005E480178012000F09DFEB8B117
:105B00005B48007800EB400101EB0011554850F86C
:105B1000210056490A7801219140084354490978E7
:105B200001EB410202EB01124E4941F8220016E05E
:105B30004F48007800EB400101EB0011494850F854
:105B400021004A490A78012191408843484909784F
:105B500001EB410202EB0112424941F822004448A4
:105B60000178012000F0C6FEC0B14148007800EB8A
:105B7000400101EB00113B4800EB810040683B49CC
:105B80000A780121914008433949097801EB410223
:105B900002EB0112334901EB82014860344800E016
:105BA00036E00178012000F080FEC0B13048007876
:105BB00000EB400101EB00112A4800EB81008068F6
:105BC0002A490A780121914008432949097801EBC3
:105BD000410202EB0112234901EB8201886000209F
:105BE0002149087022480078401C21490870084665
:105BF000007808280CD1002008701C480078401C50
:105C00001A49087008460078102801D10020087051
:105C100000F09EFC13497839C86000BF2FE770B5CB
:105C200010487838007D18B10E487838807C00B96B
:105C300070BD0C487838857D447D284600F03BFADD
:105C40002146012000F0F8FDD0B104EB440000EB48
:105C50000411044850F821000121A940084304EB35
:105C6000440107E0AC7700206705002068050020AC
:105C70006905002001EB0412F84941F8220010E008
:105C800004EB440000EB0411F44850F8210001211A
:105C9000A940884304EB440101EB0412EF4941F8A9
:105CA00022002146012000F025FE90B104EB4400C3
:105CB00000EB0411E94800EB810041680120A84095
:105CC000014304EB440000EB0412E44800EB8200C3
:105CD00041602146012000F0E8FD90B104EB440052
:105CE00000EB0411DD4800EB810081680120A84031
:105CF000014304EB440000EB0412D84800EB82009F
:105D000081602146012000F01AFE014604EB4400A8
:105D100000EB0412D14800EB82000C3020F8151083
:105D20002146012000F017FE04EB440101EB0412B0
:105D3000CA4901EB82012C3121F8150000F008FC62
:105D4000C6497839C86000BF72E710B5FFF78BFE0F
:105D5000FFF765FF10BD2DE9F0410125FFF783FE38
:105D6000FFF75DFFBD487838007D28B9BB4878381B
:105D7000807C08B9BDE8F081B8487838007D40B92A
:105D80000021B6487838817400F082F900F072F989
:105D90006BE1B2487838807C30B1B0487838C08840
:105DA000401CAE497839C880AC487838807CF8B956
:105DB0004FF41670A949783988800121A7487838AE
:105DC00081740020A5497839C88048800021A34803
:105DD000783841740020A149783948810874887D59
:105DE00000F069F99D497839487D00F0FEFA3CE100
:105DF0009A487838C088052820D1984A783A517D49
:105E0000907DFFF7A5FD954A783A517D907DFFF78B
:105E10007BFD924A783A517D907DFFF7BDFD20B120
:105E200001218E487838C17403E000218B4878380E
:105E3000C174022189487838817416E1874878381E
:105E4000C0880528A4DD854878384088C0B38348D9
:105E50007838C088814978394988401A282897DDE0
:105E60007E487838867D477D807D05FA00F47B4842
:105E70007838417D383000EBC1004068A043774955
:105E800078394A7D383101EBC2014860734878386F
:105E9000417D383050F83100A043704978394A7D4F
:105EA000383141F832000020383948800875002127
:105EB0006A487838817400F0EBF800F0DBF8D4E041
:105EC000FFE7664A783A517D907DFFF741FD002853
:105ED0004FD062487838867D477D39463046FFF797
:105EE0006DFD642844DD39463046FFF767FDB0F5A7
:105EF000167F30DD59487838807D05FA00F400209F
:105F00005649783908740846417D383000EBC100A5
:105F10004068A043514978394A7D383101EBC201CC
:105F200048604E487838417D383050F83100A04301
:105F30004A4978394A7D383141F8320000203839F1
:105F400048800875002145487838817400F0A0F831
:105F500000F090F80CE039463046FFF72FFD64283A
:105F600006DD01203D49783908740846C08848801C
:105F70007BE03A487838C08838497839898888423F
:105F800024D136487838807D05FA00F433487838D3
:105F9000417D383000EBC100406820432F497839FB
:105FA0004A7D383101EBC201486001212B48783825
:105FB000417400202949783908750021274878382C
:105FC000817400F065F800F055F84EE0FFF702FD2F
:105FD0000646234916F0DEF82FD22048783840894B
:105FE000962807DA1D4878384089401C1B497839C3
:105FF00048813AE019487838807D05FA00F417485E
:106000007838417D383050F83100204313497839D1
:106010004A7D383141F83200022110487838417405
:1060200000200E497839087500210C4878388174B1
:1060300000F02EF800F01EF817E008487838C08805
:10604000642812D1054A783A517D907DFFF7A4FC6F
:1060500040B1002001497839087406E0AC7700208F
:10606000CDCC4C3F01200249087400BF82E60000FD
:10607000347700200020F7490860F749C1F884010F
:10608000F44908390860F5490860091F086070473D
:106090000020F049091D0860EF49C1F89001ED4961
:1060A0000C310860EE490860EA4910310860EA499D
:1060B000C1F89C0170470021E64A121D1160E64AB2
:1060C000C2F89011E34A0C321160E54A1160E14ACE
:1060D00010321160E04AC2F89C11102873D2DFE838
:1060E00000F0081C31475C738AA0B5CBE2FCFBFAD8
:1060F000F9F80021D74A121D1160D74AC2F8901151
:10610000D44A0C321160D64A1160D24A1032116062
:106110000121D14AC2F89C1165E10121CD4A121D2D
:1061200011600021CC4AC2F89011CA4A0C321160A9
:10613000CB4A1160C74A103211600121C64AC2F829
:106140009C1150E10021C34A121D11600121C24A75
:10615000C2F890110021BF4A0C321160C04A116090
:10616000BC4A103211600121BB4AC2F89C113AE1CD
:106170000121B84A121D1160B74AC2F890110021DE
:10618000B44A0C321160B64A1160B24A1032116042
:106190000121B14AC2F89C1125E10021AD4A121D2E
:1061A0001160AD4AC2F890110121AA4A0C32116067
:1061B0000021AB4A1160A74A103211600121A64AA2
:1061C000C2F89C110FE1FBE00121A24A121D1160EF
:1061D0000021A14AC2F8901101219E4A0C3211609F
:1061E00000219F4A11609B4A1032116001219A4A96
:1061F000C2F89C11F7E00021964A121D116001219E
:10620000954AC2F89011934A0C3211600021944AC9
:106210001160904A1032116001218F4AC2F89C111E
:10622000E1E001218B4A121D11608B4AC2F89011E6
:10623000884A0C3211600021894A1160854A103267
:1062400011600121844AC2F89C11CCE00021814AEE
:10625000121D1160804AC2F890117E4A0C32116002
:1062600001217F4A116000217A4A10321160012118
:10627000794AC2F89C11B6E00121764A121D1160DC
:106280000021754AC2F89011724A0C321160012146
:10629000734A116000216F4A1032116001216E4A69
:1062A000C2F89C119FE000216A4A121D1160012171
:1062B000694AC2F890110021664A0C32116001212E
:1062C000674A11600021634A103211600121624A5D
:1062D00004E060E049E031E01AE002E0C2F89C111D
:1062E00081E001215B4A121D11605B4AC2F89011E6
:1062F0000021584A0C3211600121594A11600021D5
:10630000544A103211600121534AC2F89C116AE0CC
:106310000021504A121D11604F4AC2F8901101210C
:106320004C4A0C3211604E4A11600021494A103229
:1063300011600121484AC2F89C1154E00121454AEC
:10634000121D11600021444AC2F890110121414AF6
:106350000C321160424A116000213E4A1032116035
:1063600001213D4AC2F89C113DE00021394A121D2D
:1063700011600121384AC2F89011364A0C3211607E
:10638000374A11600021334A103211600121324A2C
:10639000C2F89C1127E001212E4A121D11602E4ADD
:1063A000C2F890112B4A0C3211602D4A1160002165
:1063B000284A103211600121274AC2F89C1112E0CC
:1063C0000021244A121D1160234AC2F89011214A6B
:1063D0000C321160224A11601E4A103211601E4AAE
:1063E000C2F89C1100BF00BF70470021194A11601C
:1063F000194AC2F88411174A083A1160174A116005
:10640000121F1160082871D2DFE800F004132C3D40
:106410004D5E718200210F4A11600F4AC2F884114B
:106420000C4A083A11600D4A11600121121F1160D7
:106430008CE00121074A11600021074AC2F884114B
:10644000044A083A1160054A11600121121F1160C7
:106450007CE000008881224200802242B00122427A
:10646000948121420021514A11600121504AC2F811
:10647000841100214D4A083A11604E4A11600121F1
:10648000121F116062E00121484A1160484AC2F8B7
:1064900084110021454A083A1160464A11600121E1
:1064A000121F116052E00021404A1160404AC2F8B8
:1064B000841101213D4A083A116000213D4A1160D2
:1064C0000121121F116041E00121384A11600021B1
:1064D000374AC2F884110121344A083A1160002178
:1064E000344A11600121121F11602FE020E00021C9
:1064F0002E4A116001212E4AC2F884112B4A083A13
:10650000116000212B4A11600121121F11601DE052
:106510000121264A1160264AC2F88411234A083A0A
:1065200011600021234A11600121121F11600DE04A
:1065300000211E4A11601E4AC2F884111B4A083A03
:1065400011601C4A1160121F116000BF00BF70472C
:1065500010B500F0D2FC10BD08B501216020FBF79A
:1065600023F801211448FAF7AEFD10208DF803003E
:1065700003208DF80200FF20ADF8000069460F48A7
:10658000FAF7D0FC2020ADF8000069460C48FAF775
:10659000C9FC4FF4C050ADF8000069460948FAF74D
:1065A000C1FCFFF767FDFFF773FD08BD888122423C
:1065B00000802242B001224200023000001401405B
:1065C000000C01400010014000B591B001214FF4D2
:1065D0000670FAF7E9FF01210846FAF7D8FF012112
:1065E0005548FAF770FD00208DF82F0003208DF834
:1065F0002E003020ADF82C000BA95048FAF792FC81
:106600000120ADF82C000BA94D48FAF78BFC4D4842
:10661000FCF740F94B484C3000904B48019000206B
:1066200002901E20039000200490802005904000DE
:10663000069080000790202008900002099000201A
:106640000A9069464148FAF7A7F801213F48FAF74E
:10665000CEF800200C9001208DF834008DF8350024
:106660004FF460200E9000200F9003208DF8400022
:106670000CA93448FCF735F9062301220E213148D4
:10668000FCF7C7F9062302220F212E48FCF7C1F9B7
:106690000623032208212B48FCF7BBF901212948D6
:1066A000FCF74BF901212748FCF752F90121254855
:1066B000FCF783F901212548FAF799F82148FCF7FE
:1066C0005EF900BF1F48FCF75FF90028FAD11D48AA
:1066D000FCF764F900BF1B48FCF765F90028FAD104
:1066E00001211848FCF769F901211848FAF77FF8E9
:1066F00011B000BD10B503460021022B01DD0020C2
:1067000010BD002209E002EB42000F4C04EB4000F8
:1067100030F813000144501CC2B20A2AF3DB0A20ED
:10672000B1FBF0F1B1FBF0F400FB1410052800D927
:10673000491C88B2E4E7000000023000001001406C
:10674000000C0140002401400C7A002008000240A7
:1067500010B50A4600210AE000EB4003C3EB8014A9
:10676000D64B03EB8403D0335A544B1CD9B200EB05
:106770004003C3EB8014D14B13F824308B42EBDC85
:1067800010BD10B500F080FC3F20CC4908390860EE
:106790000620486002200872C949C8480838C0F875
:1067A000F81005210020FFF7D3FF0821C34808385F
:1067B00080F8FC10C349C0F8EC1105210120FFF757
:1067C000C7FF0821BD48083880F8F011BE49C0F85D
:1067D000E01205210220FFF7BBFF0621B748083869
:1067E00080F8E412B949C0F8D41305210320FFF75B
:1067F000AFFF0621B148083880F8D813B449C0F873
:10680000C81405210420FFF7A3FF0421AB48083872
:1068100080F8CC14AF49C0F8BC1505210846FFF735
:1068200097FF10BD014601EB4100C0EB8112A34868
:1068300000EB820040687047024602EB4200C0EB6A
:1068400082139E4800EB8300406801238B40184070
:1068500008B1012070470020FCE710B5014601EBAC
:106860004102C2EB8113954A02EB8302D0680023F8
:1068700001EB4102C2EB8114904A02EB8402D36027
:1068800010BD10B5014601EB4102C2EB81138B4AEA
:1068900002EB83029068002301EB4102C2EB8114FA
:1068A000864A02EB8402936010BD10B5024602EBEB
:1068B0004200C0EB8213814800EB8300C0680123D3
:1068C0008B401840A0B102EB4200C0EB82137B4822
:1068D00000EB8300C06801238B40984302EB420326
:1068E000C3EB8214754B03EB8403D860012010BD09
:1068F0000020FCE710B5024602EB4200C0EB821319
:106900006E4800EB8300806801238B401840A0B1E3
:1069100002EB4200C0EB8213684800EB8300806802
:1069200001238B40984302EB4203C3EB8214634B79
:1069300003EB84039860012010BD0020FCE70246B1
:1069400002EB4200C0EB82135C4800EB8300103086
:1069500030F811007047024602EB4200C0EB821390
:10696000564800EB8300503030F81100704710B5E6
:1069700000F00AFD10BD2DE9F04104460127002575
:106980007AE007FA05F62846D4F8F0108847C0B335
:1069900004F19000405D20B9002104F1100020F8BE
:1069A000151004F1100030F815004FF6FF71884201
:1069B00009DA04F1100030F81500401C81B204F12E
:1069C000100020F8151004F19000415D4030405D4A
:1069D000814208DA04F19000405D401CC1B204F12C
:1069E0009000415546E060683040A8BB002104F1AA
:1069F000B0004155606830436060A0683043A060DB
:106A000038E0FFE704F1B000405D20B9002104F157
:106A1000500020F8151004F1500030F815004FF622
:106A2000FF71884209DA04F1500030F81500401C6B
:106A300081B204F1500020F8151004F1B000415D5E
:106A40002030405D814208DA04F1B000405D401C16
:106A5000C1B204F1B00041550CE06068304048B16B
:106A6000002104F1900041556068B0436060E06827
:106A70003043E060681CC5B22078A84281DCBDE8E4
:106A8000F08170B50126002411E006FA04F50B48E8
:106A900008380068284040B104EB4401C1EB84127F
:106AA000064901EB8200FFF766FF601CC4B2034891
:106AB00008384068A042E8D870BD0000507A002035
:106AC0002771000847710008D97100086D7200082D
:106AD000BD7200080D7300080146FB48C068012222
:106AE0008A40104008B1012070470020FCE70146B1
:106AF000F548806901228A40104008B101207047A2
:106B00000020FCE710B5FFF75FFDFFF73AFE10BD70
:106B1000017801290AD14168B1F57A7F03D2416831
:106B2000491C416005E00121C17002E00021C170F3
:106B30004160704710B5FFF7A4FF03210420FFF761
:106B40007BFEE249087003210420FFF7D3FEDF49F2
:106B500049780843DD49487003210420FFF7A5FE6A
:106B6000DA4989780843D94988700846FFF7D0FF89
:106B700000210520FFF760FED44981F8380000218C
:106B80000520FFF7B7FED14991F839100843CF49E6
:106B900081F8390000210520FFF787FECB4991F8E5
:106BA0003A100843C94981F83A0001210520FFF74E
:106BB00043FEC64981F8400001210520FFF79AFEF7
:106BC000C24991F841100143C04880F841100121A9
:106BD0000520FFF76AFEBD4991F842100143BB480A
:106BE00080F8421002210520FFF726FEB74981F800
:106BF000480002210520FFF77DFEB44991F84910B5
:106C00000143B24880F8491002210520FFF74DFEEC
:106C1000AE4991F84A100143AC4880F84A1003216C
:106C20000520FFF709FEA94981F85000032105203E
:106C3000FFF760FEA54991F851100143A34880F881
:106C4000511003210520FFF730FEA04991F85210A2
:106C500001439E4880F8521004210320FFF7ECFD09
:106C60009A4981F8580004210320FFF743FE974911
:106C700091F859100843954981F8590004210320DF
:106C8000FFF713FE914991F85A1008438F4981F894
:106C90005A0010BD8D4890F8580070478B4890F806
:106CA000590028B10021894880F859100120704707
:106CB0000020FCE7854890F85A0028B1002183485D
:106CC00080F85A10012070470020FCE70146042993
:106CD00001DB002070477D48383010F83100F9E7BB
:106CE0000146042901DB002070477848383000EB6A
:106CF000C100407838B100227448383000EBC10040
:106D000042700120F0E70020EEE70146042901DB94
:106D1000002070476D48383000EBC100807838B1F2
:106D200000226A48383000EBC10082700120F0E791
:106D30000020EEE70146022901DB0020704763488E
:106D400000EBC100C078F9E70146022901DB002011
:106D500070475E4810F83100FAE70146022901DB6E
:106D600000207047594800EBC100407830B1002046
:106D7000564A02EBC10250700120F2E70020F0E712
:106D80000146022901DB00207047504800EBC1009A
:106D9000807830B100204D4A02EBC1029070012092
:106DA000F2E70020F0E70146484800EBC100807898
:106DB00070470146454800EBC100407870470146E6
:106DC000022901DB002070474048283010F83100CC
:106DD000F9E70146022901DB002070473B482830D3
:106DE00000EBC100407838B100223848283000EB71
:106DF000C10042700120F0E70020EEE701460229C1
:106E000001DB002070473148283000EBC10080785A
:106E100038B100222D48283000EBC10082700120DB
:106E2000F0E70020EEE70146022901DB0020704771
:106E30002648083010F83100F9E70146022901DB45
:106E4000002070472148083000EBC100407838B17D
:106E500000221E48083000EBC10042700120F0E71C
:106E60000020EEE70146022901DB002070471748A9
:106E7000083000EBC100807838B100221348083098
:106E800000EBC10082700120F0E70020EEE7014630
:106E9000022901DB002070470C48183010F831003F
:106EA000F9E70146022901DB002070470748183046
:106EB00000EBC100407858B100220448183000EBC4
:106EC000C10042700120F0E76880002008800020A7
:106ED0000020EAE70146022901DB002070476148F3
:106EE00000EBC100807830B100225E4800EBC100A9
:106EF00082700120F2E70020F0E72DE9F05F022028
:106F0000FFF7F8FB8346584614F08EFD8046564A3C
:106F1000564B14F0D9FD064600224FF0804314F082
:106F2000D3FD044614F032FB82465046BDE8F09F84
:106F30002DE9FF5F83465846FFF7DCFB8246CAF522
:106F4000805015F00FF80190504614F06DFD074683
:106F50000022474B14F0B8FD054614F017FB0090D3
:106F6000019914F01DFF03904249039815F046F86B
:106F7000054614F0D7FF81463F48B0F90000484568
:106F800004D33D48B0F9B400484503D9FF2004B00C
:106F9000BDE8F09F00242AE0374830F91400484546
:106FA00005D93549601C31F9100048450AD33248EB
:106FB00030F91400484505D02F49601C31F9100004
:106FC000484512D12C49601C31F91000A9EB000191
:106FD000294A601C32F91000A0EB0900814201D956
:106FE000029402E0601CC0B20290601CC4B25A2C31
:106FF000D2DB0298CBE72DE9F84F04462046FFF795
:1070000079FB0090009814F00FFD07464FF06632B0
:107010001A4B14F059FD054614F0B8FA83464FF0A8
:107020008B4114F0BDFE8146484614F081FE0746B0
:10703000134A144B14F0F0FA054614F0B1FC00F0BA
:10704000FF0A5046BDE8F88F10B50120FFF770FF2A
:1070500010BD10B50020FFF76BFF10BD3220704748
:107060003220704720800020B4D934E70C684A3FB2
:107070000000244000007A44F6C2010866660A4017
:10708000B81E85EB51B89E3F08B501217D20FAF767
:107090008BFA0121D748FAF716F848208DF803003B
:1070A00003208DF802004FF4F850ADF80000694657
:1070B000D148F9F737FF4FF47070ADF8000069461A
:1070C000CE48F9F72FFF4FF47F40ADF80000694636
:1070D000CB48F9F727FF4FF63070ADF8000069464E
:1070E000C848F9F71FFF4FF46040ADF8000069464B
:1070F000C548F9F717FFF020ADF800006946BE4813
:10710000F9F710FF10208DF8030003208DF802001E
:107110000220ADF800006946BB48F9F703FF0120E3
:10712000BA49086008BD014611B1012909D103E03F
:10713000B7480068C0B27047B548001F0068C0B2C9
:10714000F9E70020F7E70146082943D2DFE801F01C
:10715000040B131B232B323AAE48006808B90120F8
:1071600070470020FCE7AB48001F006808B9012009
:10717000F6E70020F4E7A7480838006808B90120BE
:10718000EEE70020ECE7A3480C38006808B90120BE
:10719000E6E70020E4E79F481038006808B90120BE
:1071A000DEE70020DCE79C48006808B90120D7E74B
:1071B0000020D5E79848001F006808B90120CFE7F4
:1071C0000020CDE794480838006808B90120C7E7D7
:1071D0000020C5E70020C3E70146082944D2DFE8C4
:1071E00001F0040B131B232B333B8C48006808B9B8
:1071F000012070470020FCE78848001D006808B99E
:107200000120F6E70020F4E784480830006808B958
:107210000120EEE70020ECE780480C30006808B958
:107220000120E6E70020E4E77C481030006808B958
:107230000120DEE70020DCE778481430006808B958
:107240000120D6E70020D4E774481830006808B958
:107250000120CEE70020CCE76F480C38006808B961
:107260000120C6E70020C4E70020C2E70146062946
:1072700022D2DFE801F003080D12171C6448243005
:107280000068C0B27047624828300068C0B2F9E7B1
:107290005E4850380068C0B2F4E75C484C3800687B
:1072A000C0B2EFE7594848380068C0B2EAE75B4827
:1072B000001F0068C0B2E5E70020E3E701460629A9
:1072C00022D2DFE801F003080D12171C50480C30E1
:1072D0000068C0B270474E4810300068C0B2F9E78D
:1072E0004B4814300068C0B2F4E7494818300068D1
:1072F000C0B2EFE746481C300068C0B2EAE7444835
:1073000020300068C0B2E5E70020E3E7014631B174
:1073100001290CD0022912D0032920D117E03D48C1
:107320001438006808B9012070470020FCE739488C
:107330001838006808B90120F6E70020F4E735485E
:107340001C38006808B90120EEE70020ECE731485E
:107350002038006808B90120E6E70020E4E70020B3
:10736000E2E708B501210420FAF71EF928208DF87C
:10737000030003208DF80200F020ADF800006946FC
:107380001D48F9F7CFFD08BD70B50024FFF7E9FFF0
:1073900000252BE01848083001680F2020EA01047E
:1073A0001C482038006810B944F0010401E024F0C2
:1073B000010418481C38006810B944F0020401E0C8
:1073C00024F0020413481838006810B944F004048B
:1073D00001E024F004040F481438006810B944F0A8
:1073E000080401E024F00804681C85B2FF2DD1DBFD
:1073F000204670BD0002300000080140001001402E
:107400000014014000180140000C01408481214219
:1074100014012342300121422401224224812242CC
:10742000704720B14FF40051194A116103E04FF445
:107430000051174A51617047704720B14FF48041A5
:10744000134A116103E04FF48041114A51617047C2
:1074500008B501211020FAF7A7F84FF4C040ADF8A5
:10746000000010208DF8030003208DF8020069460B
:107470000748F9F757FD0020FFF7DFFF0020FFF76F
:10748000DBFF0020FFF7CDFF0020FFF7C9FF08BD9D
:1074900000100140FC48C0787047FB4890F902009A
:1074A000704710B5F94B1B7860F30003F74C23705D
:1074B0002346597053B2A37010BD10B50446F3486B
:1074C000007864F34100F1490870084600784108EB
:1074D000ED48007861F34100EB490870EB49097809
:1074E000C1F34000FFF79DFF10BD10B50446E7480B
:1074F000007864F38200E549087008460078810846
:10750000E148007861F38200DF490870DF490978BB
:10751000C1F38000FFF791FF10BD10B50446DB48B2
:10752000007864F3C300D949087008460078C108A0
:10753000D548007861F3C300D3490870D34909786E
:10754000C1F3C000FFF778FF10BD10B50446CF4867
:10755000007864F30410CD490870084600780109EA
:10756000C948007861F30410C7490870C749097811
:10757000C1F30010FFF754FF10BD10B5FFF76EFD0B
:1075800040B2C149C870084690F90300642804DC81
:10759000084690F9030005280BDABB484078022121
:1075A00041EA1010B849497860F30711B6484170B4
:1075B0000DE0B548C07850B1B34840780D2101EADC
:1075C0001010B149497860F30711AF484170FFF7D7
:1075D0003BFDFF2815D1AC484078012141EA10104D
:1075E000A949497860F30711A7484170A748407836
:1075F00018B90020A449887013E0FF20A2498870C0
:107600000FE0A14840780E2101EA10109E49497808
:1076100060F307119C484170FFF716FD40B29A498C
:1076200088709A48407838BB974890F9020097498B
:1076300091F90210884207DB934890F902009349C0
:1076400091F90210884207D18F48007820F020007D
:1076500020308D49087036E08B4890F902108B4835
:1076600090F90200801C81422DDD8748007820F0CF
:1076700020008549087026E0834890F9020083497C
:1076800091F90210884207DC7F4890F902007F4997
:1076900091F90210884207D17B48007820F0200041
:1076A0002030794908700EE0774890F90210774849
:1076B00090F90200801E814205DA7348007820F0BC
:1076C00020007149087010BD10B56F48007800F0B7
:1076D000010000B36C480078C0F34000D8B96A4894
:1076E0000078C0F34010B0B16748C0886749898905
:1076F000884205DA6448C088401C6349C8800EE0AF
:1077000000206149C88008460078C0F3800018B1A5
:107710000020FFF7EAFE02E00120FFF7E6FE10BDC1
:1077200010B55948408959494989884204DA564870
:107730004089401C544948815348408953494989EC
:1077400088421CD150480078C0F34010B8B90120DD
:10775000FFF7B3FE0120FFF7C8FE00204A49488129
:1077600008818880C8800846007820F040000870B2
:107770000846007820F00100401C087018E04348DB
:10778000408942490979401A3F49498988420FD1C5
:107790003E48407830B10020FFF7D7FE0120FFF7C8
:1077A000BCFE05E00120FFF7D0FE0020FFF7B5FE8C
:1077B00010BD10B53448007800F00100002850D00A
:1077C00031480078C0F34010002840D12E4800789E
:1077D000C0F3400020B92C480078C0F3801078B383
:1077E000294800892949C988884205DA264800893C
:1077F000401C2549088136E0234800892349C9886F
:10780000884211D120480078C0F3801060B9002070
:10781000FFF753FE00201C4988800846007820F0BE
:107820004000403008701EE01748808817490989D9
:10783000884206DA14488088401C1349888012E088
:1078400002E0FFF76DFF0EE0FFF76AFF0BE00E4866
:10785000007820F040000C4908700020FFF72DFE52
:1078600001E0FFF75DFF10BD10B500F0C6F918B9D3
:1078700001F03CFA01280BD10448007820F0010007
:10788000401C0249087009E08C800020988000208C
:107890006948007820F00100674908706648007860
:1078A00000F0010000B3644840786449497801F071
:1078B0000F01884215D0604841786048407861F3F4
:1078C00003005E494870002048810846007820F097
:1078D000010008700020FFF7F0FD0020FFF705FE13
:1078E00018E0FFF766FF15E05448007800F001004B
:1078F00080B10020514948810846007820F00100FD
:1079000008700020FFF7D9FD0020FFF7EEFD0020F2
:10791000FFF71BFE10BD10B50920474988700020F5
:1079200048700846007820F00100401C08704FF4B1
:10793000966088814FF4E150C8808010088105204E
:107940000871B4204881FFF783FD10BD10B53C4895
:1079500000780A2805DA3A480078401C384908704F
:107960005FE0002036490870FFF76EFB3549097863
:1079700088420BD1FFF76DFB33490978884205D166
:1079800003F014F93149096888424AD003F00EF92E
:107990002E490860FFF758FB2A490870FFF759FB8A
:1079A00029490870FFF750FBFF281CD100200BF07D
:1079B00086FEFFF74EFBFF2809D100200BF01DFECD
:1079C00003F0F4F808BB9A200BF046FF29E0FFF71C
:1079D00040FB04460BF011FE03F0E8F8A8B998202C
:1079E0000BF03AFF1DE0FFF72FFB04460BF067FE9C
:1079F000FFF72FFBFF2809D100200BF0FEFD03F05D
:107A0000D5F810B999200BF027FF0AE0FFF721FB0A
:107A100004460BF0F2FD03F0C9F810B997200BF003
:107A20001BFF10BD10B5FFF7A8FDFFF74DFEFFF7D8
:107A30001BFFFFF78BFF10BD988000208C8000207B
:107A40006C0500206D0500206E05002070050020EB
:107A500008B501211020F9F7A7FD10208DF80300CB
:107A600003208DF802004FF48160ADF800006946F4
:107A70004048F9F757FA08213E48F9F702FB08BDDC
:107A800001203D490870704700B5024612B9FFF762
:107A9000F7FF03E00120394901F8220000BD10B5CD
:107AA0003748007801280ADA4FF480613148F9F745
:107AB000E6FA33480078401C3149087011E030483C
:107AC000007802280ADA4FF480612A48F9F7D9FAD7
:107AD0002B480078401C2A49087002E00020284901
:107AE000087010BD10B5FFF7DAFF2348007838B9E9
:107AF0002148407820B908211E48F9F7C0FA10BD86
:107B00001D48007838B900201B49487008211948E1
:107B1000F9F7B5FA2CE01848C078052805DA1648B8
:107B2000C078401C1449C87022E000201249C87077
:107B30000846407838B908210E48F9F7A2FA012022
:107B40000D49487014E00C488078092805DA0A4885
:107B50008078401C0849887003E0002006490870BE
:107B6000887008210348F9F78AFA00200249487012
:107B700000BFC4E70010014074050020A68000206B
:107B80007C05002008B501211920F9F70DFD012120
:107B90004648F9F798FA10208DF8030003208DF875
:107BA00002004020ADF8000069464148F9F7BAF9F3
:107BB00040213F48F9F765FA4FF40040ADF8000066
:107BC00069463C48F9F7AEF94FF400413948F9F7F6
:107BD00058FA08BD10B5012037494870C10335482F
:107BE000F9F74DFA10BD10B50020334948704FF435
:107BF00000413048F9F745FA10BD3048007808B91F
:107C0000002070472D480078012800D1F9E70220B4
:107C1000F7E72948807870470120274908707047A6
:107C2000002025490870704723480078704710B538
:107C300002210320FEF700FE2049087002210320E4
:107C4000FEF733FE1D49497808431C49487002215C
:107C50000320FEF74FFE19498978084317498870B9
:107C600010BD10B5FFF7E3FF13480078C0B1FFF770
:107C7000B1FF1148C078642805DA0F48C078401C6D
:107C80000D49C87011E00C48C07864280DD1FFF789
:107C9000AAFF00200849C87008700120887004E01D
:107CA000FFF7A1FF00200449C87010BD000230009A
:107CB000000C0140001001407D05002081050020DE
:107CC00010B500F0A2FD10BD70B5022800DB70BD3C
:107CD00000EB8004FE4D15F8244004B1F7E700EBFB
:107CE0008004FB4D05EB8404617000EB800405EB20
:107CF0008404A27000EB800405EB8404E38001247B
:107D000000EB8005F24E06F8254000BFDFE7014694
:107D1000022901DB0020704701EB8100EC4A12F8D8
:107D20002000F8E70146022901DB0020704701EB43
:107D30008100E74A02EB8000007AF7E7014602295A
:107D400001DB0020704701EB8100E14A02EB80007B
:107D5000407A00F00100F5E70146022901DB00202E
:107D6000704701EB8100DA4A02EB8000407AC0F3F1
:107D70008000F5E70146022901DB0020704701EB96
:107D80008100D34A02EB8000407AC0F34000F5E75F
:107D90000146022901DB0020704701EB8100CC4A3B
:107DA00002EB8000807AC0F34000F5E7014602292B
:107DB00001DB0020704701EB8100C54A02EB800027
:107DC000807A00F00100F5E7704700200FE000EB3B
:107DD0008001BF4A02EB8101498A491C8AB200EB4B
:107DE0008001BB4B03EB81014A82411CC8B20228CF
:107DF000EDDB704710B5002421E02046FFF713F8B3
:107E000004EB8401B24A02EB8101897A60F300013C
:107E100004EB840002EB800081722046FFF737F804
:107E200004EB8401AA4A02EB8101897A60F34101E3
:107E300004EB840002EB80008172601CC4B2022C4F
:107E4000DBDB10BD10B50020A2490870A4E3A148F7
:107E5000007800EB80009E4911F8200000287CD0BB
:107E60009C48007800EB800001EB8000007C082833
:107E700051D2DFE800F00451FBEFEEEDECEB95485A
:107E8000007800EB8000924901EB8000407A20F0FE
:107E900001019048007800EB80008D4A02EB8000E1
:107EA00041728C48007800EB8000114601EB8000A5
:107EB000407A20F004018748007800EB800002EB54
:107EC000800041728348007800EB8000114601EB8E
:107ED0008000407A20F002017E48007800EB8000AC
:107EE00002EB8000417201207A49097801EB81019F
:107EF00002EB8101087200217648007800EB8000D7
:107F000002EB8000418201207249097801EB810176
:107F100002EB8101087439E36E480078FEF783FFB5
:107F2000F0B36C480078FEF7B2FFC8B3002069498F
:107F3000097801EB8101664A02EB81010874022095
:107F40006449097801EB810102EB81010872614803
:107F5000007800EB8000114600E018E301EB8000A0
:107F6000407A20F00100401C5A49097801EB810158
:107F700002EB810148725748007800EB80001146FF
:107F800001EB8000407A20F00200801C5149097802
:107F900001EB810102EB8101487200204D4900E0B4
:107FA00005E0097801EB810102F821005DE0494814
:107FB000007800EB8000464901EB8000407838BB38
:107FC00044480078FEF72FFFC0B1002041490978EE
:107FD00001EB81013E4A02EB8101087402203D4918
:107FE000097801EB810102EB810108720020394917
:107FF000097801EB810102F8210036E002203549C1
:10800000097801EB8101324A02EB810108742CE00E
:1080100030480078FEF73BFFF0B100202D49097889
:1080200001EB81012A4A02EB8101087402202949EF
:10803000097801EB810102EB8101087200202549DA
:10804000097801EB810102F821000EE05FE21EE2F7
:10805000D7E185E154E009E002201E49097801EBEF
:1080600081011B4A02EB810108748FE219480078F4
:1080700000EB8000164901EB8000407860B915489C
:108080000078FEF7DAFE13480078FEF7EBFE1148A1
:10809000007800F0A3FA0BE00E480078FEF7CDFE62
:1080A0000C480078FEF7DEFE0A48007800F0ADFAD2
:1080B0000848007800EB8000054A02EB80008178D8
:1080C0000448007800F055FB0248007804E0000006
:1080D000B28000208905002000F072FA0021FB48E0
:1080E000007800EB8000FA4A02EB80004182032016
:1080F000F649097801EB810102EB8101087445E240
:10810000F2480078FEF78FFEE8B3F0480078FEF7FB
:10811000BEFEC0B3ED48007800F059FA0021EB48EC
:10812000007800F026FBE948007800F085FA00208E
:10813000E649097801EB8101E54A02EB8101087407
:108140000220E249097801EB810102EB810108720A
:10815000DE48007800EB8000114601EB8000407A99
:1081600020F00100401CD949097801EB810102EBA4
:1081700081014872D548007800EB8000114601EB80
:108180008000407A00E011E020F00200801CCF491E
:10819000097801EB810102EB810148720020CB4993
:1081A000097801EB810102F8210010BDC748007871
:1081B00000EB8000C64901EB8000408AC349097882
:1081C00001EB8101C24A02EB8101C98888427DDA54
:1081D000BE48007800EB8000114601EB800040783B
:1081E00058BBBA480078FEF71EFE002824D0B748D6
:1081F000007800F0ECF90021B448007800F0B9FAFA
:10820000B248007800F018FA0020B049097801EB74
:108210008101AF4A02EB810108740220AB49097861
:1082200001EB810102EB810108720020A749097866
:1082300001EB810102F8210091E0A4480078FEF7EB
:1082400026FE002827D0A148007800F0C0F90021C0
:108250009E48007800F08DFA9C48007800F0ECF918
:108260009A480078C0B900209849097801EB81014B
:10827000974A02EB8101087402209449097801EBC6
:10828000810102EB8101087200209049097801EB1D
:10829000810102F8210062E000208C49097801EB9D
:1082A00081018B4A02EB8101087402208749097819
:1082B00001EB810102EB81010872002083490978FA
:1082C00001EB810102F8210049E0FFE77F480078D7
:1082D00000F07DF900217D48007800F04AFA7B48E3
:1082E000007800F0A9F900207849097801EB8101B4
:1082F000774A02EB810108747448007800EB800033
:10830000114601EB8000407A20F00100401C6F49CB
:10831000097801EB810102EB810148726B4800781A
:1083200000EB8000114601EB8000407A20F0040051
:10833000001D6649097801EB810102EB8101487259
:1083400002206249097801EB810102EB8101087288
:1083500000205E49097801EB810102F8210015E156
:1083600000215A48007800EB8000594A02EB800057
:10837000418256480078E8B95649087800EBD07138
:108380004910A0EB410119B1012000F03EF902E0D3
:10839000012000F023F94D48007800EB80004C4AA2
:1083A00002EB80008178012000F0E3F9012000F069
:1083B00007F91CE04749087800EBD0714910A0EBA1
:1083C000410119B1002000F020F902E0002000F086
:1083D00005F93E48007800EB80003D4A02EB800042
:1083E0008178002000F0C5F9002000F0E9F80520B0
:1083F0003649097801EB8101354A02EB81010874A5
:10840000C4E03248007800EB8000314901EB800085
:10841000408AC8283ADD002000F0D9F8002108463B
:1084200000F0A7F9002000F007F9012000F0CFF8D4
:108430000021012000F09DF9012000F0FDF800214D
:108440002248007800EB8000214A02EB8000418244
:108450002048007803280DDA1E480078401C1D498A
:10846000087004201949097801EB810102EB8101B0
:1084700008740BE00020174908700620134909789A
:1084800001EB8101124A02EB810108747EE00021B8
:108490000E48007800EB80000D4A02EB800041821C
:1084A0000A480078C0B9012000F0AFF8074800780A
:1084B00000EB8000064A02EB80008178012000F08A
:1084C00058F9012000F07CF817E000008905002031
:1084D000B28000208A050020002000F096F836487F
:1084E000007800EB8000354A02EB800081780020A4
:1084F00000F03FF9002000F063F807202E490978CA
:1085000001EB81012D4A02EB810108743EE02A480B
:10851000007800EB8000294901EB8000408A0028A8
:1085200033DD002000F053F80021084600F021F967
:10853000002000F081F8012000F049F8002101201E
:1085400000F017F9012000F077F800211A480078B0
:1085500000EB8000194A02EB80004182002016499E
:10856000097801EB810102EB8101087402201249B4
:10857000097801EB810102EB8101087200200E49AC
:10858000097801EB810102F8210000BF00BF0A4811
:108590000078401C08490870074800780228FFF658
:1085A00056AC00BF01E610B5FFF70EFCFFF74AFC22
:1085B000FFF720FC10BD000089050020B2800020DC
:1085C00010B5044680219348F8F759FD10BD10B549
:1085D000044680218F48F8F754FD10BD10B50446BD
:1085E000012C08D101218C48F8F74BFD02218A4863
:1085F000F8F745FD08E03CB904218748F8F741FD4C
:1086000008218548F8F73BFD10BD10B50446012C44
:1086100008D101218048F8F732FD02217E48F8F7A1
:1086200030FD08E03CB904217B48F8F728FD08211B
:108630007948F8F726FD10BD10B50446012C08D185
:1086400001217548F8F71BFD02217348F8F717FD63
:1086500008E03CB904217048F8F711FD08216E4884
:10866000F8F70DFD10BD10B50446012C08D101210D
:108670006948F8F706FD02216748F8F702FD08E0AF
:108680003CB904216448F8F7FCFC08216248F8F77B
:10869000F8FC10BD08B501214920F8F785FF01213C
:1086A0005E48F8F710FD10208DF8030003208DF8C8
:1086B00002008020ADF8000069465648F8F732FC09
:1086C0000F20ADF8000069465348F8F72BFC18203E
:1086D0008DF8030003208DF802000002ADF80000C1
:1086E00069464C48F8F71EFC08BD00B587B001216B
:1086F0000420F8F766FF6320ADF8140040F2CF20A5
:10870000ADF810000020ADF81600ADF8120004A975
:108710004348F9F781F801214148F9F7D9FC0020D5
:10872000ADF806006020ADF800000120ADF80200B1
:108730000020ADF8080069463948F9F739F90821F1
:108740003748F9F70BFD40213548F9F7ABFC69468E
:108750003348F9F778F908213148F9F708FD402145
:108760002F48F9F7A8FC01212D48F9F7B1FB07B014
:1087700000BD7FB504460D46022C00DD7FBD642D93
:1087800000DD6425ADF806506020ADF80000012042
:10879000ADF802000020ADF80800012C0CD16946AC
:1087A0001F48F9F705F908211D48F9F7D7FC012101
:1087B0001B48F9F799FB0CE05CB969461848F9F7D2
:1087C00042F908211648F9F7D2FC01211448F9F7BB
:1087D0008BFB00BFD2E710B5FFF75CFFFFF785FF0B
:1087E0000020FFF740FF0120FFF73DFF0021084672
:1087F000FFF7BFFF00210120FFF7BBFF0020FFF7BD
:10880000E6FE0120FFF7E3FE10BD10B5FFF7E3FF22
:1088100010BD0000000C01400018014000023000B3
:108820000008004008B501211C20F8F7BDFE012119
:108830001948F8F748FC10208DF8030003208DF844
:1088400002000120ADF8000069461448F8F76AFB01
:108850000620ADF8000069461048F8F763FB0221D6
:108860000E48F8F70EFC04210C48F8F70AFC012129
:108870000A48F8F706FC01210848F8F700FC08BD93
:1088800010B501210548F8F7FAFB10BD10B501211C
:108890000248F8F7F6FB10BD00023000001001405E
:1088A00008B503208DF8000001208DF803008DF835
:1088B00001008DF802006846F7F701FE08BD014689
:1088C000CA1701EB92729210A1EB82022AB96422BC
:1088D00091FBF2F302FB131232B94FF4C87291FB11
:1088E000F2F302FB13120AB1012070470020FCE7EB
:1088F0002DE9FE4F07460C46904600200290C146E7
:108900008246834600260025019000903846FFF7F6
:10891000D6FF002832D00D2C2CD2DFE804F02B0734
:108920000A0D101316191C1F222528004FF0050AE6
:1089300023E04FF0010A20E04FF0020A1DE04FF063
:10894000050A1AE04FF0000A17E04FF0030A14E09E
:108950004FF0050A11E04FF0010A0EE04FF0040A53
:108960000BE04FF0060A08E04FF0020A05E04FF076
:10897000040A02E00020BDE8FE8F31E00D2C2CD26D
:10898000DFE804F02B070A0D101316191C1F22250F
:1089900028004FF0060A22E04FF0020A1FE04FF0D5
:1089A000020A1CE04FF0050A19E04FF0000A16E039
:1089B0004FF0030A13E04FF0050A10E04FF0010AF0
:1089C0000DE04FF0040A0AE04FF0060A07E04FF00E
:1089D000020A04E04FF0040A01E00020CBE700BFE8
:1089E000642097FBF0F100FB1170C5B22846E9172F
:1089F00005EB91718910019101982844C0B2009053
:108A00000721009890FBF1F201FB120000F0FF0B30
:108A10000BEB0A004844C6B2072E01DA029606E0C4
:108A2000072096FBF0F100FB1160C0B202900298A3
:108A3000A1E72DE9F05F06460F4690469946DDE92D
:108A40000AAB002440F2B270864203DB40F63300EA
:108A5000864202DD0120BDE8F09F40F2B2750AE0D7
:108A60002846FFF72CFF10B19948044401E09948CB
:108A70000444681C85B2B542F2DB781EC7B20025FB
:108A800010E09548405D40F2A321484304EBC01438
:108A90003046FFF714FF18B1012D01D18F4804446F
:108AA000681C85B2BD42ECDBA8F1010040F2A321B5
:108AB000484304EBC014C9EB4910C0EB092004EB98
:108AC0000014CAEB0A1004EB80045C4401214FF04F
:108AD000C050F8F776FD0120F8F79DFB2046FAF725
:108AE0002AF9FAF75BF90020B5E770B500260024F3
:108AF00000257B4806883604001D00880644774818
:108B0000B6FBF0F477480088A0423AD075490C8053
:108B100040F2B2750EE02846FFF7D1FE30B1B4F551
:108B2000B77F02D3A4F5B77402E006E0A4F26D1497
:108B3000681C85B2B4F5B67FEDD800BF6A48858061
:108B4000002516E068498888FFF7B9FE30B1012D8D
:108B500004D11D2C01D31D3C09E00CE05E48405DB2
:108B6000A04203D85C48405D241A00E003E0681C82
:108B700085B21C2CE6D200BF681C5B498871601C62
:108B8000C8715648B6FBF0F100FB11644FF4616008
:108B9000B4FBF0F0544908704FF46160B4FBF0F19D
:108BA00000FB11403C21B0FBF1F04F4948704FF4FD
:108BB0006160B4FBF0F100FB11403C21B0FBF1F22D
:108BC00001FB1200484988700B46DA799979988838
:108BD000FFF78EFE44490872002070BD2DE9FC4766
:108BE00004460D4616461F46DDE90A89FAF787F85E
:108BF000FAF7D4F83B46324629462046CDE90089AB
:108C0000FFF717FFFAF784F8BDE8FC8701463648FE
:108C1000808888803448807988713348C079C871E9
:108C20003148007A08723048007808702E48407841
:108C300048702D488078887070471CB50024012149
:108C40004FF0C050F8F7BDFC0120F8F7E4FAF7F751
:108C50009FFC4FF44070F8F730FC0120F8F733FC2C
:108C6000FAF79CF8FAF7A3F801210846FAF73AF860
:108C7000FAF794F8FAF743F84FF22440FAF768F855
:108C8000FAF78CF800200090034602460146019056
:108C9000FFF7CFFEFAF73CF8FFF702FEFFF725FFDC
:108CA00000201CBD10B50120FAF7A6F808B1FFF7A7
:108CB0001CFF0220FAF7A0F820B10220FAF7ACF866
:108CC000FFF713FF0520FAF7A7F8FAF767F810BDCA
:108CD0000085E2018033E101B8C301088051010041
:108CE000182800408C050020DA800020DF4800783A
:108CF000704710B5DD480078012849D1FDF7CAFF5B
:108D0000002841D0DA480068642807D2FDF7D2FF76
:108D1000D7480068401CD64908607EE00020D4494E
:108D200008600320D14908700020487088700BF05B
:108D300032FA0BF05EF80AF0FEFF01F034FF18B1D2
:108D400009200AF035FF68E008F0B0FAC0B1FCF77E
:108D5000A6F850B104F0ADFE18B102200AF028FFC9
:108D60005BE003200AF024FF57E0FCF780F818B11D
:108D700005200AF01DFF50E004200AF019FF4CE026
:108D800000200AF015FF48E00020B949086044E0DF
:108D9000B648007860BBFDF77DFF28B3B448006893
:108DA000B0F5967F07D2FDF785FFB1480068401CFB
:108DB000AF49086031E00020AD4908600220AB49AE
:108DC0000870012048700020887012200AF0F0FE20
:108DD0000020FDF7D5FF0020FDF7BFFF0020A549CB
:108DE0000870A549087018E00020A149086014E047
:108DF0009E480078022806D1FDF75CFF68B101208B
:108E00009A49087009E099480078032805D1FDF7D0
:108E100051FF10B100209549087010BD10B5FFF743
:108E200068FF92484078002872D09248007868B96C
:108E30000020FDF7BEFF18B90020FDF7B4FF28B1F0
:108E400001200BF0F7F801208A49087087488078E4
:108E500009280CD2DFE800F0050C161E3E48506AC7
:108E60007400002081490871C87001208870F6E004
:108E70007E4AD1781079FCF705FD10B102207B49BC
:108E80008870ECE0FCF7B6FD022802D10320774998
:108E90008870E4E0FCF7AEFDD8B9FCF7D8FD28B146
:108EA0000120724908720720887012E0FCF7D7FD94
:108EB00018B104206D4988700BE000206B490872DE
:108EC00001200AF0F4FF01206B4908700720674970
:108ED0008870C4E0654AD1781079FCF7D3FC10B1F2
:108EE000052062498870BAE0FCF784FD022802D1AF
:108EF00006205E498870B2E0FCF77CFDA8B9FCF75B
:108F0000A6FD30B1012059490872072088700CE095
:108F1000A6E000205549087201200AF0C8FF012090
:108F20005549087007205149887098E04F4B1A7ACC
:108F30001979D8780AF0EDFE08204C4988708EE047
:108F40004A48C078A0B949480079032805DA47485B
:108F50000079401C4549087106E00020434908712A
:108F60000846C078401CC87001204049887075E0F0
:108F70003E48C078012814D13C4800790A2805DA17
:108F80003A480079401C3949087106E00020374909
:108F900008710846C078401CC870012033498870A9
:108FA0005CE03248C078022814D1304800790A28A1
:108FB00005DA2E480079401C2C49087106E0002093
:108FC0002A4908710846C078401CC870012027490A
:108FD000887043E02548C078032814D123480079DD
:108FE0000A2805DA21480079401C2049087106E06A
:108FF00000201E4908710846C078401CC870012036
:109000001A4988702AE01948C078042814D11748F2
:109010000079052805DA15480079401C13490871C4
:1090200006E00020114908710846C078401CC8704D
:1090300001200E49887011E00E48007810B9002018
:109040000AF0F8FF0C48007810B900200AF02FFF52
:1090500000200649C87008718870487000BF04E09D
:1090600000200249C8700871887010BDE48000209B
:1090700094050020900500209105002010B50446BD
:10908000F74850F82400408948B1F54850F82400CA
:109090004089401EF24951F82410488120E0F048F0
:1090A00050F824000078D8B10020ED4951F8241080
:1090B0000870EB4850F82400806988B1E84B53F8F9
:1090C00024305988E64B53F82430D868E44B53F8E1
:1090D00024309A6990470020E14951F824104880D3
:1090E00010BD012809D1DF49DD4A5160DE495268CF
:1090F000D160DE49DA4A52681161022809D1DC499F
:10910000D74A9160DB499268D160DB49D44A9268C2
:109110001161704700B591B001214804F8F751FA88
:1091200001210846F8F733FA01210420F8F73CFA48
:109130000420ADF8400003208DF8420018208DF87F
:10914000430010A9CD48F7F7EDFE0820ADF8400028
:1091500004208DF8430010A9C848F7F7E3FE262045
:109160008DF82C0000208DF82D0001208DF82E00A8
:109170008DF82F000BA8F7F7A2F911208DF82C001D
:1091800000208DF82D0002208DF82E0001208DF892
:109190002F000BA8F7F793F9B9480090B148006980
:1091A0000190102002908001039000200490802004
:1091B000059000200690079008904FF40050099009
:1091C00000200A906946AF48F7F7E6FA012202212B
:1091D000AC48F7F718FB0021AA48F7F708FB012273
:1091E0008021A748001FF9F751FA4FF4E1300C90A5
:1091F0000020ADF83400ADF83600ADF83800ADF819
:109200003C000C20ADF83A000CA99D48001FF9F76E
:1092100080F9012240F225519948001FF9F711FA0F
:10922000012240F224419648001FF9F70AFA012270
:1092300028219348001FF9F704FA01226021904881
:10924000001FF9F7FEF940218D48001FF9F7D5FA04
:1092500001218B48001FF9F7E8F911B000BD00B5F6
:1092600091B001210820F8F79FF901218804F8F74F
:10927000A8F901210846F8F78AF94FF48060ADF8A3
:10928000400003208DF8420018208DF8430010A9FB
:109290007D48F7F747FE4FF40060ADF8400004202A
:1092A0008DF8430010A97848F7F73CFE27208DF889
:1092B0002C0000208DF82D008DF82E0001208DF857
:1092C0002F000BA8F7F7FBF80C208DF82C000020DE
:1092D0008DF82D0002208DF82E0001208DF82F0032
:1092E0000BA8F7F7ECF86948009061480069019015
:1092F000102002904FF4C050039000200490802072
:10930000059000200690079008904FF400500990B7
:1093100000200A9069465B486438F7F73DFA01225D
:10932000022158486438F7F76EFA0021554864382E
:10933000F7F75DFA012280215448001FF9F7A6F9DA
:10934000524800904A48C0680190002002904FF4B3
:1093500080600390002004908020059000200690FB
:10936000079008904FF44050099000200A906946F9
:1093700044485038F7F710FA012142485038F7F7BF
:1093800036FA012240214148001FF9F77FF94FF4D6
:10939000E1300C900020ADF83400ADF83600ADF8A7
:1093A0003800ADF83C000C20ADF83A000CA9374865
:1093B000001FF9F7AEF840213448001FF9F71DFAF5
:1093C000012228213148001FF9F73BF901226021D1
:1093D0002E48001FF9F735F9012240F224412B48AD
:1093E000001FF9F72EF901212848001FF9F71DF990
:1093F00011B000BD10B504462046FFF772FE012CE7
:1094000001D1FFF787FE022C01D1FFF728FF10BD25
:10941000012801D1134A5161022801D1144A516136
:109420007047012801D10F4A9161022801D1104AE9
:109430009161704701460A4850F8210000780128E0
:1094400001D100207047064850F82100408820B123
:10945000034850F821004088F4E70020F2E70000BC
:10946000F080002004810020208500202081002041
:10947000208900203CA100203C89002000080140F8
:109480000444004080000240000C014004480040B9
:109490000146FE4850F821004078012804D1FB48DD
:1094A00050F82100808870470020FCE710B5024684
:1094B0000B46F64850F822000078012801D1002020
:1094C00010BD002107E0F14850F82200C068405C60
:1094D0005854481C81B2ED4850F822004088884218
:1094E000F1DC0020E94C54F822406080FF20E7E7DF
:1094F0000021E64A52F82020518070472DE9F041C2
:1095000004460F461646E14850F8240040780128EA
:1095100063D0DE4850F824008680002507E0785D9F
:10952000DA4951F8241009694855681C85B2B542DA
:10953000F5DB0120D54951F8241048707CB9D34897
:1095400050F824008088D2498864D04850F824001C
:10955000006908650121CE484430F7F748F9012C2D
:1095600012D1CA4850F824008088C9498431086063
:10957000C64850F824000069C549C1F88C00012193
:10958000C3488030F7F733F9022C0FD1BF4850F8A9
:1095900024008088BE490862BC4850F82400006955
:1095A00088620121BA481C30F7F721F9032C11D148
:1095B000B64850F824008088B6490860B34850F88F
:1095C00024000069B349083108600121B148001F37
:1095D000F7F70DF90120BDE8F0810020FBE770B539
:1095E00004460D462E4654B92946AB48F9F78AF889
:1095F00000BF4021A848F9F7F3F80128F9D1012C60
:109600000AD12946A548F9F77DF800BF4021A348B3
:10961000F9F7E6F80128F9D1022C0AD12946A04829
:10962000F9F770F800BF40219D48F9F7D9F80128F3
:10963000F9D1032C0AD129469A48F9F763F800BFFB
:1096400040219848F9F7CCF80128F9D170BD70B5E0
:1096500040F225519148F9F7D9F810B39248406982
:1096600040B18E48F9F752F8C4B28F48416920469C
:10967000884716E001208C4908703220488108464E
:109680004088B0F5806F0CDA8448F9F73FF8C1B232
:10969000854842884088401C834B58801846C068E3
:1096A000815408217D48F9F79BF850B17B48008828
:1096B000C5B27A48001D0088C5B208217748F9F77D
:1096C0009CF804217548F9F78BF850B1734800886D
:1096D000C5B27248001D0088C5B204216F48F9F771
:1096E0008CF802216D48F9F77BF850B16B4800887F
:1096F000C5B26A48001D0088C5B202216748F9F763
:109700007CF801216548F9F76BF850B1634800888F
:10971000C5B26248001D0088C5B201215F48F9F753
:109720006CF840F224415D48F9F770F8A0B15B484D
:109730000088C5B25948001D0088C5B25A488069E2
:1097400038B1594B5988D8689A69904700205649D2
:10975000488000205449087070BD10B54FF000706B
:10976000F7F77FF860B14FF00070F7F78EF8002040
:109770004D4948708880002145488030F7F737F818
:1097800010BD70B540F225514548F9F73FF810B3C8
:109790004648406940B14248F8F7B8FFC4B2434870
:1097A00041692046884716E001204049087005209D
:1097B000488108464088B0F5806F0CDA3848F8F7E1
:1097C000A5FFC1B2394842884088401C374B5880B9
:1097D0001846C068815408213148F9F701F850B1A2
:1097E0002F480088C5B22E48001D0088C5B2082148
:1097F0002B48F9F702F804212948F8F7F1FF50B196
:1098000027480088C5B22648001D0088C5B204213B
:109810002348F8F7F2FF02212148F8F7E1FF50B1A1
:109820001F480088C5B21E48001D0088C5B202212D
:109830001B48F8F7E2FF01211948F8F7D1FF50B1B2
:1098400017480088C5B21648001D0088C5B201211E
:109850001348F8F7D2FF40F224411148F8F7D6FF39
:1098600030B30F480088C5B20D48001D0088C5B24E
:10987000002107483030F6F7BAFF05483030F6F7D8
:10988000CDFFC0F580600949488012E0F0800020DB
:10989000000002405C0402400038014000440040E7
:1098A00000480040004C0040048100202089002036
:1098B00016E04FF480611448F6F7AEFF012112481C
:1098C000F6F795FF1148806938B1104B5988D86870
:1098D0009A69904700200D49488000200B49087084
:1098E00070BD10B52020F6F7BCFF58B12020F6F768
:1098F000CCFF0020054948708880002102481438B8
:10990000F6F775FF10BD00003000024020890020EE
:1099100010B5FEF787FF10BD70B505460C46042D47
:1099200006D114B1FEF7ACFF01E0FEF7AFFF00E097
:1099300000BF00BF70BD000010B5FFF7E9FF10BD0C
:109940002DE9FC47824688461646DDF83090002413
:10995000002717E0022000FB07850DB9BDE8FC8752
:1099600069782878FFF7D8FF28780F4901F81400A4
:10997000012001EB44014870042C01DA601CC4B2E0
:10998000781CC7B206EBD671B7EB610FE2DBB9F119
:10999000000F06D00020009062000349019050465D
:1099A000C84700BFDAE700009805002070477047FD
:1099B00010B5044654222146F048F9F781FC642191
:1099C000EF480FF015FCEFA3F0A2F4A1EC480FF064
:1099D00057F910BDFA48007830B101280DD002289F
:1099E0001AD003282FD11EE00020F6490880F6493E
:1099F00008600120F249087025E0F2480088401C08
:109A0000F049088008460088C82804DD0020088046
:109A10000220EB49087016E00120EB4908600320A2
:109A2000E74908700FE0E7480088401CE5490880D6
:109A300008460088C82805DD00200880E049087035
:109A4000FF20704700BF00BF0020FAE7FF207047EB
:109A500010B5DE48007878B10020DC490870C748AE
:109A6000FBF762FA6421C6480FF0C2FBC5A3C7A288
:109A7000CAA1C3480FF004F9FFF7E8FF10B1FF20B7
:109A8000D3490870FFF7A6FF10B1FF20D149087035
:109A9000CF480078FF280AD1CE480078FF2806D1A9
:109AA0000020CB490870CB490870FF2010BD002072
:109AB000FCE7C9494870704710B5C848007810B134
:109AC000012838D10CE04FF40071C5480FF090FB2D
:109AD0000921C4A003F0A2FD0120C04908702CE0B8
:109AE000C3A1BF480FF061FA40B10020BB49087024
:109AF000C1490880C1490880FF2010BDBE480088C8
:109B0000401CBD49088008460088C82812DD002096
:109B10000880B2490870B9480088401CB7490880DD
:109B200008460088052805DD00200880AB4908703C
:109B3000EE20E2E701E0EE20DFE700BF0020DCE7F7
:109B400070B50024AE48007822287DD2DFE800F00E
:109B5000111E49568491C2CFEFEEEDECEBEA7C7C0E
:109B6000E9E8E7E67C7C7C7CE5E47C7C7C7C7C7CB6
:109B7000E3E24FF400719A480FF03AFB0421A1A0F0
:109B800003F04CFD01209E49087010E39FA194480A
:109B90000FF00BFA40B102209949087000209C494F
:109BA00008809C4908701BE099480088401C98492F
:109BB000088008460088B0F5967F11DD00200880F7
:109BC0008F49087093480078401C924908700846F5
:109BD0000078052804DD00200870EE208849087010
:109BE000E5E24FF400717E480FF002FB0A218AA0E3
:109BF00003F014FD032082490870D8E289A1784857
:109C00000FF0D3F940B104207D490870002080494D
:109C10000880804908701EE07D480088401C7C490F
:109C2000088008460088B0F5967F14DD0020088083
:109C300002207349087077480078401C7549087005
:109C400008460078052800E07FE204DD0020087067
:109C5000EE206B490870AAE24FF4007160480FF0E3
:109C6000C7FA0A2171A003F0D9FC052064490870E5
:109C70009DE271A15A480FF098F920B96FA1584898
:109C80000FF093F940B106205D490870002060494B
:109C90000880604908701CE05D480088401C5C49F1
:109CA000088008460088B0F5967F12DD0020088005
:109CB00004205349087057480078401C55490870E3
:109CC00008460078052804DD00200870EE204C4985
:109CD00008706CE24FF4007141480FF089FA0B21D3
:109CE00057A003F09BFC0720454908705FE252A192
:109CF0003B480FF05AF920B950A139480FF055F9F7
:109D0000B0B108203E49087000204149088041490F
:109D100008702AE0DBE1C9E1C4E1BFE192E184E13E
:109D200057E149E11BE10DE1D1E0C3E095E01DE021
:109D300037480088401C3649088008460088B0F53E
:109D4000967F12DD0020088006202D4908703148DA
:109D50000078401C2F49087008460078052804DD6B
:109D600000200870EE202649087020E24FF40071B0
:109D70001B480FF03DFA1F2168E000002406002078
:109D80004BA50020313138383300000033392E39EB
:109D9000362E31302E3235300000000041542B5128
:109DA000494F50454E3D312C302C22544350222CEB
:109DB000222573222C25732C302C310D0A00000033
:109DC000800600207E0600208401224283060020B7
:109DD0008106002082060020B0A500208406002015
:109DE0003CA1002041542B43474D4D0D0A0000007B
:109DF000454332300000000088060020860600201F
:109E00008A06002041540D0A000000004F4B00005C
:109E10008C0600208B06002041542B4350494E3FB6
:109E20000D0A0000524541445900000041542B43A3
:109E30005245473F0D0A00002C3100002C35000030
:109E400041542B43475245473F0D0A00F1A003F010
:109E5000E5FB0920F7490870A9E1AFF25001F64887
:109E60000FF0A3F840B10A20F24908700020F3492E
:109E70000880F34908701CE0F0480088401CEF4956
:109E8000088008460088B0F5967F12DD0020088023
:109E90000820E8490870EA480078401CE849087042
:109EA00008460078052804DD00200870EE20E1490E
:109EB00008707CE14FF40071DF480FF099F90C2134
:109EC000E0A003F0ABFB0B20DA4908706FE1AFF2C2
:109ED000C401D9480FF069F840B11020D549087085
:109EE0000020D6490880D64908702AE0D9A1D24876
:109EF0000FF05BF840B10C20CE4908700020CF492C
:109F00000880CF4908701CE0CC480088401CCB4931
:109F1000088008460088B0F5967F12DD0020088092
:109F20000A20C4490870C6480078401CC44908701B
:109F300008460078052804DD00200870EE20BD49A1
:109F4000087034E14FF40071BB480FF051F90E2155
:109F5000C2A003F063FB0D20B649087027E1AFF201
:109F60005411B5480FF021F840B10220B1490870F2
:109F70000020B2490880B24908701CE0AF48008850
:109F8000401CAE49088008460088B0F5967F12DD77
:109F9000002008800C20A7490870A9480078401CC0
:109FA000A749087008460078052804DD00200870DD
:109FB000EE20A0490870FAE04FF400719E480FF0BF
:109FC00017F90B21A9A003F029FB1120994908706A
:109FD000EDE0AFF2C81198480EF0E7FF40B1002065
:109FE00097490870954908801220924908701BE033
:109FF00092480088401C91490880084600886428DF
:10A0000012DD0020088010208A4908708C480078F2
:10A01000401C8B49087008460078032804DD0020A6
:10A020000870EE2083490870C1E04FF40071824847
:10A030000FF0DEF8212190A003F0F0FA13207D4903
:10A040000870B4E0AFF23C217B480EF0AEFF40B1A7
:10A0500000207B49087079490880182075490870EC
:10A060001BE076480088401C744908800846008838
:10A07000642812DD0020088012206E4908707048A4
:10A080000078401C6E49087008460078032804DDFB
:10A0900000200870EE206749087088E019206549A3
:10A0A000087084E020206349087080E04FF400715C
:10A0B00061480FF09DF879480EF0ADFF054629463E
:10A0C000764803F0ABFA21205A4908706FE074A17A
:10A0D00059480EF06AFF40B10020564908705749B0
:10A0E000088057490870FF2070BD71A152480EF0DA
:10A0F0005CFF60B10E2171A003F090FA00204F497F
:10A1000008804F490870EE204A4908701CE04B480F
:10A110000088401C4949088008460088B0F5967FB1
:10A1200012DD002008802020424908704448007851
:10A13000401C4349087008460078052804DD0020CB
:10A140000870EE203B49087031E06048007820B18B
:10A1500001280BD0022828D114E0FFF777FC044631
:10A16000FF2C02D10120594908701EE0FFF732FC94
:10A170000446FF2C05D102205449087000202F49C5
:10A18000088012E02D480088B0F57A7F05DA2B4868
:10A190000088401C2949088006E0002027490880E3
:10A1A000244908704949087000BF00BF00BF00BFC4
:10A1B000002099E74648704746487047464800786F
:10A1C00070474648704746487047002145484078E8
:10A1D000022804D12D20444A5054481CC1B24148A1
:10A1E0008078414A5054481CC1B23E48C07850540F
:10A1F000481CC1B22E205054481CC1B239480079C5
:10A200005054481CC1B2374840795054481CC1B220
:10A210001046704741542B5149435347503D312C10
:10A22000312C22434D494F54222C22222C22222C05
:10A23000310D0A008A0600203CA100208C06002077
:10A240008B06002041542B51494143543D310D0AA6
:10A25000000000004552524F5200000041542B5163
:10A260004944454143543D310D0A000041542B43BC
:10A27000545A553D330D0A0041542B514E54503D14
:10A28000312C223230322E3131322E31302E3336D3
:10A29000222C3132332C310D0A0000004BA5002056
:10A2A0002B51494F50454E3A20302C3000000000D1
:10A2B0002B51494F50454E3A20302C0041542B51E0
:10A2C00049434C4F53453D300D0A00008E06002097
:10A2D0003CA50020D9050020D8050020E805002075
:10A2E000F7050020A0050020100600200021FA48F4
:10A2F0000078022804D12D20F84A5054481CC1B2DD
:10A30000F548007BF54A5054481CC1B2F248407BE6
:10A310005054481CC1B2F048807B5054481CC1B214
:10A320002E205054481CC1B2EB48C07B5054481CEE
:10A33000C1B2E948007C5054481CC1B21046704775
:10A340002DE9F041074688460024E5480078E8B941
:10A35000E4A1E6480EF029FE0446B4B1AFF2F801DC
:10A3600020460EF022FE851CE1A1E0480EF01DFE05
:10A37000044654B104F109000EF00AFE86B23146DB
:10A38000284607F0D4FF00BF00BF00BF00BF002079
:10A39000BDE8F081002070470020D8490860704770
:10A3A00010B50024D54800684EF66021884205D2D9
:10A3B000D2480068401CD149086088E0D048007845
:10A3C00030B1012814D0022871D003287ED172E068
:10A3D0000020CC4908704FF40071C4480EF008FF0B
:10A3E0000821C9A003F01AF90120C54908706DE0E1
:10A3F000AFF2E851BD480EF0D8FD28B3C5A1BB4867
:10A400000EF0D3FD0446B4B10F21C4480EF0F0FEA7
:10A41000A41D02222146C148F8F752FF20783228B5
:10A4200002DB2078382803DD0020BD49087002E0F7
:10A430000120BB4908700220B14908700020B949C9
:10A440000880B949087030E0B8A1A8480EF0ADFD09
:10A4500060B10020AA490870A8490860B149088085
:10A46000B14908700120A74908701EE0AD48008876
:10A47000401CAC49088008460088642815DD00208F
:10A4800008809F490870A8480078401CA6490870B9
:10A4900008460078032808DD0020087098490870F5
:10A4A000964908600120974908700FE0FFE70320F4
:10A4B000934908700AE000209B4908709049087091
:10A4C0008E49086001208F49087000BF00BF10BD91
:10A4D00010B50446542221469748F8F7F1FE20466D
:10A4E000FAF72BFDFF2010BD70B506460D469348C8
:10A4F00080680A2801D1002070BD4FF44370F8F73E
:10A50000C6FF04460CB90020F6E725812A463146ED
:10A5100004F10A00F8F7D4FE8848006850B900201A
:10A52000606020608548046044608068401C834906
:10A5300088600DE0002060608048406844607F488B
:10A54000406820607D4844608068401C7B4988608A
:10A55000FF20D1E77948006808B9002070477748A4
:10A5600000680830FAE710B57448006808B90020A0
:10A5700010BD724804680068406820B100206F492F
:10A580000968496808606D48006840686B49086060
:10A5900008468068401E88602046F8F768FFFF2064
:10A5A000E6E710B50020044608E06448806800B97A
:10A5B00006E0FFF7D8FF601CC0B204460A2CF4DBAB
:10A5C00000BF10BD10B54F48007800B910BD5C4801
:10A5D0000078032859D005DC48B1012813D002289F
:10A5E00077D131E0042866D0EE28F9D1F4E0FFF706
:10A5F000B1FF544908600846006800B9E6E7012049
:10A600004F490870F1E04FF4007138480EF0F0FD4A
:10A610004FF400714C480EF0EBFD40214B480EF01A
:10A6200009FE48480068028849A148480EF028FB06
:10A6300046480EF0F0FC04462146444802F0EEFF86
:10A6400002203F490870D0E046A128480EF0ADFC3A
:10A6500040B103203A49087000204349087043493B
:10A66000088011E041480088642805DA3F480088E6
:10A67000401C3E49088007E000203C4908803A49D8
:10A68000087003202E490870AFE04FF4007117489E
:10A690000EF0AEFD4FF400712B480EF0A9FD2948D5
:10A6A0000068018827480068801C02F0B7FF04207A
:10A6B0002349087099E02EA10C480EF076FC48B1B1
:10A6C000EE201F490870002027490870274908809C
:10A6D00081E087E050E00000A00500201A0600207D
:10A6E0008F0600202B51495552433A003CA10020CF
:10A6F0002272656376222C302C0000007806002040
:10A70000900600207C06002041542B4353510D0A33
:10A71000000000002B4353513A200000D9050020CF
:10A72000D805002092060020910600202B434D45BD
:10A73000204552524F523A0024060020DCA500204A
:10A7400094060020980600203C890020E8A50020FF
:10A7500041542B514953454E443D302C25640D0A3C
:10A76000000000003E000000950600209606002034
:10A7700053454E44204F4B00AFF22851F7480EF09E
:10A7800014FCB0B1F6480078401CF5490870084642
:10A79000007803281FDD0020087000F0A8FA06F0FA
:10A7A000EEFDFFF7FEFE02F0B3FFEE20ED4908706C
:10A7B00011E0ED480088642805DAEB480088401C69
:10A7C000E949088007E00020E7490880E44908706B
:10A7D000EE20E449087008E0FFF7C5FE0020E149DB
:10A7E000087000BF00BF00BF00BF00BF00BFEDE6A4
:10A7F00070B504460D4629462046FFF775FEFF203A
:10A8000070BD30B585B00024D848006841F2707141
:10A81000884205D2D5480068401CD44908608DE1C3
:10A82000D348007830B1012814D002287ED0032804
:10A830007DD128E10020CF4908704FF40071C7484E
:10A840000EF0D6FC0A21CCA002F0E8FE0120C84997
:10A85000087072E1AFF64C21C0480EF0A6FB00284C
:10A8600066D0C8A1BD480EF0A0FB0446002C7DD0E8
:10A870000834607830382178303901EB810100EB01
:10A880004100642190FBF1F201FB120000F5FA6037
:10A8900080B2ADF80C00BDF80C0040F633018842E0
:10A8A0000DDD0020BA490880BA490870B049087027
:10A8B000AE4908600120AF49087005B030BDE41C06
:10A8C000607830382178303901EB810100EB4100AC
:10A8D000C0B28DF80E009DF80E000C280CDD002093
:10A8E000AB490880AB490870A14908709F490860CE
:10A8F0000120A0490870E0E7E41C60783038217836
:10A90000303901EB810100EB4100C0B28DF80F003E
:10A910009DF80F001F2810DD00209D4908809D49EB
:10A920000870934908709149086002E09DE003E1D6
:10A9300086E001208F490870BFE7E41C607830385A
:10A940002178303901EB810100EB4100C0B28DF874
:10A9500010009DF8100017280EDD00208C4908809B
:10A960008C49087082490870804900E05FE0086007
:10A97000012080490870A0E7E41C60783038217815
:10A98000303901EB810100EB4100C0B28DF81100BC
:10A990009DF811003B280CDD00207D4908807D4991
:10A9A0000870734908707149086001207149087086
:10A9B00083E7E41C607830382178303901EB81017D
:10A9C00000EB41003C2190FBF1F201FB1200C0B210
:10A9D0008DF812009DF812003B280CDD00206C4918
:10A9E00008806C490870624908706049086001205D
:10A9F0006049087061E703A807F0A3FEBDF80C00EA
:10AA0000642190FBF1F201FB1200C5B29DF8120027
:10AA10009DF811109DF81020CDE9002102909DF8BD
:10AA20000F209DF80E100023284608F06BFD002033
:10AA3000574908805749087002204D49087013E0B3
:10AA400053480088401C5249088008460088642802
:10AA50000ADD002008804F490870454908704349C5
:10AA6000086001204349087067E04FF400713B48DB
:10AA70000EF0BEFB0821AFF2703002F0CFFD0320D4
:10AA80003B49087059E0AFF67C4134480EF08DFA2E
:10AA900050B3AFF2803131480EF087FA0446B4B1BA
:10AAA0000F213D480EF0A4FBA41D022221463A4886
:10AAB000F8F706FC2078322802DB2078382803DDFE
:10AAC00000203649087002E0012034490870002057
:10AAD00027490870254908602D4908802D490870CC
:10AAE00001202449087026E0AFF2C0311B480EF067
:10AAF0005CFA60B100201E4908701C4908602449B6
:10AB000008802449087001201A49087013E0204881
:10AB10000088401C1E4908800846008864280ADD19
:10AB2000002008801B490870114908700F4908600F
:10AB300001201049087000E000BF00BF00BFBCE664
:10AB400010B500F020F900B110BD02F061FE08B1AF
:10AB5000FFF757FEFFF736FD00BFF5E73CA10020E9
:10AB6000950600209406002096060020A0060020EE
:10AB70009C0600207C06002041542B43434C4B3F55
:10AB80000D0A00002B43434C4B3A202200000000EA
:10AB90009E0600209D060020D9050020D805002033
:10ABA000F948007A7047F84800787047F6484068DE
:10ABB000704710B50446F44844600146486808F000
:10ABC0004BFE10BD10B5F148006808B9002010BD5B
:10ABD000EE4804680068406820B10020EB4909682D
:10ABE00049680860E94800684068E8490860084624
:10ABF0008068401E88602046F8F739FCFF20E6E7B1
:10AC00002DE9F04705460E4617469846DF4880680E
:10AC1000202801D1FFF7D6FF2420F8F738FC04469E
:10AC200014B90020BDE8F08730460EF0F4F98146F3
:10AC30004A46314604F10800F8F742FB6561A76116
:10AC4000C4F81C8001212162D048006850B900205E
:10AC500060602060CD48046044608068401CCB493F
:10AC600088600DE000206060C84840684460C748C4
:10AC700040682060C54844608068401CC3498860C3
:10AC8000FF20CFE70246C148016805E048699042CD
:10AC900001D1086A704749680029F7D140F22F10A6
:10ACA000F8E70246B948016805E04869904201D1D9
:10ACB0000846704749680029F7D10020F9E70246A5
:10ACC000B24B186804E04369934200D101624068C6
:10ACD0000028F8D17047AE4870470120AD4981F88F
:10ACE000980070470020AB4981F898007047002118
:10ACF000A84A116151614FF4FA601146A1F884002D
:10AD00000020A1F8860081F8800000219160D160C8
:10AD10004FF4FA601146A1F882000020A1F89600D5
:10AD20004EF27860A1F88E000020A1F8900001207A
:10AD300081F89800704710B502460B4600210AE0E2
:10AD4000954800EBC10411CC50405C40204300D139
:10AD500010BD481CC1B22029F2DB8F480838C478E6
:10AD6000083000EBC4000CC08B480838C078401C89
:10AD7000894C083CE0702046C078202801D1002092
:10AD8000E070FF20E4E7834890F881007047814835
:10AD900090F88000704710B5044600207F49088075
:10ADA0007F4908707F48006818B17E480068F8F74E
:10ADB0005EFB7C48046010BD01207B490870704731
:10ADC000002079490870704777480078704730B59F
:10ADD0000346002014E0141A641E0C5D734D05EB4D
:10ADE0001414247803F81040141A641E0C5D04F047
:10ADF0000F042C5D012505EB40055C55441CE0B2B9
:10AE00009042E8DB30BD30B50346002010E00C5C1A
:10AE1000664D05EB1414247803F810400C5C04F024
:10AE20000F042C5D012505EB40055C55441CE0B288
:10AE30009042ECDB30BD30B50346002014E0141A1C
:10AE4000641E0C5D594D05EB1414247803F8104072
:10AE5000141A641E0C5D04F00F042C5D012505EB33
:10AE600040055C55441CE0B29042E8DB30BD014631
:10AE70002F2906DD3A2904DAA1F13000C2B21046CA
:10AE80007047602906DD672904DAA1F15700C2B2D4
:10AE90001046F5E7402906DD472904DAA1F137001D
:10AEA000C2B21046ECE7FF20EAE7F0B504460E46D2
:10AEB0001546002313E00027012101EB4301605CEC
:10AEC000FFF7D5FF074614F81300FFF7D0FF47EA56
:10AED0000010C7B2681EC01A3754581CC3B2AB4228
:10AEE000E9DBF0BDF0B504460D461646002311E03F
:10AEF0000027012101EB4301605CFFF7B8FF074623
:10AF000014F81300FFF7B3FF47EA0010C7B2EF547D
:10AF1000581CC3B2B342EBDBF0BD10B5FCF76DFEBD
:10AF200018B901201849086002E00020164908609D
:10AF300010BD10B51648F9F784FF15482030F9F711
:10AF40008BFFF9F794FF48B1114820300EF063F8F9
:10AF5000C4B221460E48203009F0BAFA0C4809F074
:10AF600028FBF9F79CFF0849886010BD1CB502F06A
:10AF700001FC0F4800900F480190684602F0ACFEBB
:10AF8000FFF7D7FF1CBD0000D0A7002004A80020B9
:10AF9000FC06002028A60020D0A60020A80600203D
:10AFA000AA060020AC0600201C080020C4C301082B
:10AFB0008F3400086F3400082DE9F04104F0E7F900
:10AFC00007460022FD4BFEA1384604F066F9FE4A12
:10AFD000FEA1384604F094F9FB4A1032FDA1384630
:10AFE00004F08EF9F84A2032FCA1384604F088F9C2
:10AFF000F5490839086810F000FD05462A460B4659
:10B00000F9A1384604F049F9EF490839486810F0C9
:10B01000F4FC05462A460B46F4A1384604F03DF9F7
:10B020000022F44BF4A1384604F037F9384603F017
:10B0300008FF044624B9384602F084FEBDE8F081DA
:10B0400020787B2806D0384602F07CFE2046F8F7B0
:10B050000EFAF3E720460DF0DEFF0546F8F717FA83
:10B06000E74908600846006830B9384602F06AFED1
:10B070002046F8F7FCF9E1E75020F8F708FAE14933
:10B0800008600846006850B9384602F05BFE20466A
:10B09000F8F7EDF9DA480068F8F7E9F9CEE70020AB
:10B0A000D84909680870D7490968887006F0D2FA4B
:10B0B000D449096888800020D249096848700C206A
:10B0C000D0490968C8800C22CFA1CE48006808305A
:10B0D000F8F7F6F820460DF09EFFCA490968A1F876
:10B0E0004800C7480068C7490968C86420460DF091
:10B0F00092FF0546C34909682A46C86C2146F8F7FD
:10B10000DFF8C048006807F0C7FABD480068F8F7E4
:10B11000AEF9BC480068F8F7AAF92046F8F7A7F995
:10B12000384602F00FFE00BF88E72DE9F04104F039
:10B130002EF9804604F02BF907460022B64BA0A159
:10B14000404604F0AAF8A04AA0A1404604F0D8F86E
:10B150009D4A10329FA1404604F0D2F89A4A20320C
:10B160009EA1404604F0CCF897490839086810F0D1
:10B1700044FC05462A460B469BA1404604F08DF848
:10B1800091490839486810F038FC05462A460B46B4
:10B1900096A1404604F081F83A46A0A1404603F04B
:10B1A0008AFFA049086810F028FC05462A460B468D
:10B1B0009DA1384604F071F89A49486810F01DFCCA
:10B1C00005462A460B469BA1384604F066F8954989
:10B1D000886810F012FC05462A460B4699A13846AD
:10B1E00004F05BF8404603F02CFE044624B94046C8
:10B1F00002F0A8FDBDE8F08120787B2806D040460B
:10B2000002F0A0FD2046F8F732F9F3E720460DF0F2
:10B2100002FF0546F8F73BF98D49086008460068CB
:10B2200030B9404602F08EFD2046F8F720F9E1E7FC
:10B230005020F8F72CF9874908600846006850B993
:10B24000404602F07FFD2046F8F711F9804800687B
:10B25000F8F70DF9CEE700207E49096808707D49AE
:10B260000968887006F0F6F97A4909688880002034
:10B270007849096848700C2076490968C8800C2212
:10B2800061A1744800680830F8F71AF820460DF0FC
:10B29000C2FE70490968A1F848006D4800686D4910
:10B2A0000968C86420460DF0B6FE0546694909687C
:10B2B0002A46C86C2146F8F703F86648006807F08C
:10B2C000EBF963480068F8F7D2F862480068F8F7CD
:10B2D000CEF82046F8F7CBF8404602F033FD00BF29
:10B2E00088E710B55C480088B0F5FA6F05DA5A486F
:10B2F0000088401C5849088012E000205649088008
:10B300005648007810B9FFF757FE01E0FFF70DFF30
:10B310005248007808B9012000E000204F49087029
:10B3200010BD2DE9F047054604F031F8814604F0E0
:10B330002EF8804600224A4B21A1484603F0ADFF7B
:10B34000214A22A1484603F0DBFF1F4A103221A107
:10B35000484603F0D5FF1C4A203220A1484603F09E
:10B36000CFFF19490839086810F047FB06463246F6
:10B370000B461DA1484603F090FF13490839486861
:10B3800010F03BFB064632460B4618A1484603F038
:10B3900084FF2A4633A1484603F0B2FF42461FA16C
:10B3A000484603F088FE1F49086810F026FB064651
:10B3B00032460B461CA1404656E0000000408F403C
:10B3C000636D644964000000DC0600206272616EF7
:10B3D000640000006D6F64656C0000006465766950
:10B3E0006365496400000000726F7700636F6C75DD
:10B3F0006D6E00000000F03F6D61636E6F00000035
:10B4000024080020200800207465726D696E616C4C
:10B410005F6D73670000000000488F4064617461D5
:10B4200000000000D0A70020646F6F722073746169
:10B430007465000073797374656D2073746174654D
:10B440000000000073746F7265207374617465008E
:10B450002C08002028080020300800203208002096
:10B4600000588F407473000003F017FFFA494868D2
:10B4700010F0C3FA064632460B46AFF2480140468A
:10B4800003F00BFFF449886810F0B7FA064632461D
:10B490000B46AFF25001404603F0FFFE484603F072
:10B4A000D0FC044624B9484602F04CFCBDE8F087C5
:10B4B00020787B2806D0484602F044FC2046F7F767
:10B4C000D6FFF3E720460DF0A6FD0646F7F7DFFFAF
:10B4D000E24908600846006830B9484602F032FC8C
:10B4E0002046F7F7C4FFE1E75020F7F7D0FFDC492B
:10B4F00008600846006850B9484602F023FC204620
:10B50000F7F7B5FFD5480068F7F7B1FFCEE70120A0
:10B51000D349096808700020D14909688870D0496A
:10B520000968C87006F096F8CD490968888000203F
:10B53000CB49096848700C20C9490968C8800C22A9
:10B54000AFF23C11C64800680830F7F7B9FEC448AE
:10B550000068083008B900BF00BF20460DF05BFD51
:10B56000BF490968A1F84800BC480068BC4909689F
:10B57000C86420460DF04FFD0646B94909683246B9
:10B58000C86C2146F7F79CFEB548006807F084F8C0
:10B59000B34800680078012808D0B0480068F7F781
:10B5A00066FFAF480068F7F762FF11E00120AC4981
:10B5B00009688870AA48006806F0B8FBFF2807D120
:10B5C000A6480068F7F753FFA5480068F7F74FFF54
:10B5D0002046F7F74CFF484602F0B4FB00BF65E792
:10B5E00070B5054600240026AFF22021284603F05E
:10B5F000C8FC044604B970BD9A4920690DF042FEAA
:10B6000000B1F8E7AFF23421284603F0BAFC044653
:10B6100004B9F0E79349103120690DF033FE00B111
:10B62000E9E7AFF24821284603F0ABFC044604B931
:10B63000E1E78C49203120690DF024FE00B1DAE702
:10B64000AFF2E011284603F09CFC044604B9D2E7AF
:10B6500026693046FFF765FE00BFCCE72DE9F041D3
:10B66000054603F094FE064600227F4BAFF2B02160
:10B67000304603F012FE7B4AAFF2B021304603F0B1
:10B680003FFE784A1032AFF2B421304603F038FE64
:10B69000744A2032AFF2BC21304603F031FE002262
:10B6A000724B73A1304603F0F8FD73A274A13046CB
:10B6B00003F026FE2A46AFF25421304603F020FE66
:10B6C000304603F0BEFB044624B9304602F03AFB94
:10B6D000BDE8F08120787B2806D0304602F032FBAE
:10B6E0002046F7F7C4FEF3E720460DF094FC07462A
:10B6F000F7F7CDFE634908600846006830B9304668
:10B7000002F020FB2046F7F7B2FEE1E75020F7F702
:10B71000BEFE5D4908600846006850B9304602F038
:10B7200011FB2046F7F7A3FE56480068F7F79FFE87
:10B73000CEE7012054490968087000205249096881
:10B74000887051490968C87005F084FF4E4909683E
:10B75000888000204C49096848700C204A490968D3
:10B76000C8800C22AFF26031474800680830F7F714
:10B77000A7FD45480068083008B900BF00BF204653
:10B780000DF049FC40490968A1F848003D480068AF
:10B790003D490968C86420460DF03DFC07463A491A
:10B7A00009683A46C86C2146F7F78AFD36480068B2
:10B7B00006F072FF344800680078012808D031484C
:10B7C0000068F7F754FE30480068F7F750FE11E0C4
:10B7D00001202D49096888702B48006806F0A6FAF8
:10B7E000FF2807D127480068F7F741FE2648006880
:10B7F000F7F73DFE2046F7F73AFE304602F0A2FA90
:10B8000000BF65E770B5054600240026AFF244414D
:10B81000284603F0B6FB044604B970BD11492069FF
:10B820000DF030FD00B1F8E7AFF25841284603F0C3
:10B83000A8FB044604B9F0E70A49103120690DF06D
:10B8400021FD00B1E9E7AFF26C41284603F099FB16
:10B850000446DCB9E1E70000D0A70020380800204A
:10B8600034080020DC06002000688F400000F03F14
:10B87000666C616700000000737563636573730035
:10B880006D736700400800203C080020FE492069D5
:10B890000DF0F8FC00B1C0E7AFF25841284603F0C4
:10B8A00070FB044604B9B8E7F84960698860084647
:10B8B000806830B10120F9F7DEFA032008F078F94A
:10B8C0000CE00020F9F7D7FAF9F7D1FA18B1052002
:10B8D00008F06EF902E0042008F06AF9AFF27C414A
:10B8E000284603F04EFB044604B996E72669304625
:10B8F000FFF7B4FE00BF90E72DE9F04705460E467E
:10B90000914603F044FD82460022E14BAFF25051D4
:10B91000504603F0C2FCDC4A203AAFF25051504688
:10B9200003F0EEFCD84A103AAFF25851504603F0FB
:10B93000E7FCD54AAFF25C51504603F0E1FC3046DB
:10B9400010F05BF807463A460B46D2A1504603F08A
:10B95000A4FC4A46D1A1504603F0D2FC0022D14BB0
:10B96000AFF2F401504603F098FCAFF2F402AFF2EC
:10B97000F001504603F0C4FC2A46AFF2185150467D
:10B9800003F0BEFC504603F05CFA044624B950466E
:10B9900002F0D8F9BDE8F08720787B2806D0504621
:10B9A00002F0D0F92046F7F762FDF3E720460DF0EC
:10B9B00032FB0746F7F76BFDBB4908600846006895
:10B9C00030B9504602F0BEF92046F7F750FDE1E7E6
:10B9D0005020F7F75CFDB54908600846006850B98B
:10B9E000504602F0AFF92046F7F741FDAE48006837
:10B9F000F7F73DFDCEE70120AC490968087000204B
:10BA0000AA4909688870A9490968C87005F022FE2A
:10BA1000A649096888800020A449096848700C205C
:10BA2000A2490968C8800C22AFF224619F480068CF
:10BA30000830F7F745FC9D480068083008B900BF9A
:10BA400000BF20460DF0E7FA98490968A1F84800C0
:10BA50009548006895490968C86420460DF0DBFAEE
:10BA60000746924909683A46C86C2146F7F728FC10
:10BA70008E48006806F010FE8C48006800780128A7
:10BA800008D089480068F7F7F2FC88480068F7F7A3
:10BA9000EEFC11E001208549096888708348006840
:10BAA00006F044F9FF2807D17F480068F7F7DFFC6C
:10BAB0007E480068F7F7DBFC2046F7F7D8FC5046D5
:10BAC00002F040F900BF65E72DE9F04387B08046FA
:10BAD0000027B946AFF20C71404603F052FA7449A0
:10BAE00008600846006810B907B0BDE8F0837049E7
:10BAF00009680869644920390DF0C4FB00B1F3E717
:10BB0000AFF23071404603F03CFA694908600846DC
:10BB1000006800B9E8E76649096808695A491039B8
:10BB20000DF0B0FB00B1DFE7AFF25071404603F01B
:10BB300028FA5F4908600846006800B9D4E75C4904
:10BB40000968086950490DF09DFB00B1CCE751A18F
:10BB5000404603F016FA564908600846006800B9E6
:10BB6000C2E75348006844692046F9F7E1FA00B19A
:10BB7000BAE74AA1404603F004FA4D490860084676
:10BB8000006800B9B0E74A480068076949A1404623
:10BB900003F0F7F9484908600846006800B9A3E7D0
:10BBA000AFF2BC714448006803F0EBF9404908600B
:10BBB0000846006800B997E73D4800684569AFF25C
:10BBC000D4713D48006803F0DCF939490860084643
:10BBD000006800B988E7364800684669721E691E29
:10BBE000AFF625732046F8F78CFB384607F0F8FED1
:10BBF000062007F0DDFF02940395049601200590CE
:10BC0000684606F085FD6846F9F7DCFAAFF2AC71DC
:10BC1000404603F0B6F9264908600846006800B9B6
:10BC200062E723480068D0F810903A46214648461B
:10BC3000FFF762FE00BF57E72DE9F041054603F02C
:10BC4000A6FB064600221D4BAFF68C01304603F0E2
:10BC500024FB0D4A203AAFF68C01304603F050FB2E
:10BC6000094A103AAFF69401304603F049FB064A00
:10BC7000AFF69801304603F043FB0022094BAFF2C8
:10BC8000104130461CE00000FC060020D0A7002038
:10BC900000788F40636F6465000000006F72646518
:10BCA000724964000000F03F48080020440800206A
:10BCB0004C080020766172005008002000888F40F8
:10BCC00003F0EBFAAFF25042AFF24C41304603F0D2
:10BCD00017FB2A46AFF67401304603F011FB3046DD
:10BCE00003F0AFF8044624B9304602F02BF8BDE863
:10BCF000F08120787B2806D0304602F023F82046D9
:10BD0000F7F7B5FBF3E720460DF085F90746F7F79F
:10BD1000BEFBF74908600846006830B9304602F0BB
:10BD200011F82046F7F7A3FBE1E75020F7F7AFFB48
:10BD3000F04908600846006850B9304602F002F841
:10BD40002046F7F794FBEA480068F7F790FBCEE748
:10BD50000120E849096808700020E64909688870F0
:10BD6000E4490968C87005F075FCE24909688880F3
:10BD70000020E049096848700C20DE490968C88045
:10BD80000C22AFF67C11DB4800680830F7F798FA10
:10BD9000D8480068083008B900BF00BF20460DF041
:10BDA0003AF9D4490968A1F84800D1480068D14956
:10BDB0000968C86420460DF02EF90746CD49096888
:10BDC0003A46C86C2146F7F77BFACA48006806F085
:10BDD00063FCC84800680078012808D0C44800689F
:10BDE000F7F745FBC3480068F7F741FB11E0012076
:10BDF000C04909688870BF48006805F097FFFF28B0
:10BE000007D1BB480068F7F732FBBA480068F7F77C
:10BE10002EFB2046F7F72BFB304601F093FF00BFC7
:10BE200065E770B505460026AFF66021284603F0A9
:10BE3000A8F8B14908600846006800B970BDAE496D
:10BE400009680869AD490DF01DFA00B1F6E7AFF6D3
:10BE50007C21284603F095F8A74908600846006849
:10BE600000B9EBE7A44909680869A44910310DF04D
:10BE700009FA00B1E2E7AFF69C21284603F081F809
:10BE80009D4908600846006800B9D7E79A490968E3
:10BE900008699A4920310DF0F5F900B1CEE798A173
:10BEA000284603F06EF8944908600846006800B917
:10BEB000C4E791480068446914B1FBF7ADFE01E0A6
:10BEC000FBF7AEFEAFF66421284603F05AF88A4924
:10BED00008600846006800B9B0E78748006806694E
:10BEE0003046FFF7A9FE00BFA8E72DE9F05F054641
:10BEF0000E46914603F04BFA82460022834BAFF682
:10BF00004031504603F0C9F97C4AAFF64031504603
:10BF100003F0F6F9794A1032AFF64831504603F093
:10BF2000EFF9764A2032AFF64C31504603F0E8F98B
:10BF300030460FF062FD07463A460B46AFF2AC21A1
:10BF4000504603F0AAF94A46AFF2B021504603F03A
:10BF5000D7F93046F9F703F9834658460FF04DFDFF
:10BF600007463A460B466AA1504603F096F92A4620
:10BF7000AFF61031504603F0C3F9504602F061FFAE
:10BF8000044624B9504601F0DDFEBDE8F09F20785C
:10BF90007B2806D0504601F0D5FE2046F7F767FA19
:10BFA000F3E720460DF037F80746F7F770FA5C49DB
:10BFB00008600846006830B9504601F0C3FE2046CC
:10BFC000F7F755FAE1E75020F7F761FA55490860AD
:10BFD0000846006850B9504601F0B4FE2046F7F715
:10BFE00046FA4F480068F7F742FACEE701204D497C
:10BFF0000968087000204B49096888704949096838
:10C00000C87005F027FB474909688880002045492A
:10C01000096848700C2043490968C8800C22AFF6B3
:10C020001841404800680830F7F74AF93D48006871
:10C03000083008B900BF00BF20460CF0ECFF3949BA
:10C040000968A1F848003648006836490968C8649C
:10C0500020460CF0E0FF0746324909683A46C86CB2
:10C060002146F7F72DF92F48006806F015FB2D48FB
:10C0700000680078012808D029480068F7F7F7F928
:10C0800028480068F7F7F3F911E00120254909680D
:10C0900088702448006805F049FEFF2807D1204831
:10C0A0000068F7F7E4F91F480068F7F7E0F9204661
:10C0B000F7F7DDF9504601F045FE00BF65E72DE9D1
:10C0C000F041054600260027AFF60051284602F051
:10C0D00058FF154908600846006808B9BDE8F081B6
:10C0E00011490968086905490DF0CCF8F0B1F5E788
:10C0F00058080020540800205C080020DC060020BE
:10C10000646F6F727374617465000000005C91402D
:10C11000736869706D656E74207374617465000076
:10C12000640800206008002068080020AFF65C5119
:10C13000284602F026FFFE4908600846006800B95C
:10C14000CCE7FB4909680869FA490DF09BF800B192
:10C15000C4E7AFF67851284602F013FFF4490860AF
:10C160000846006800B9B9E7F14909680869F1496A
:10C1700010310DF087F800B1B0E7AFF2E841284682
:10C1800002F0FFFEEA4908600846006800B9A5E72A
:10C19000E74800684469AFF2FC41284602F0F1FE2E
:10C1A000E34908600846006800B997E7E04800687E
:10C1B0000669AFF65051284602F0E3FEDC490860FC
:10C1C0000846006800B989E7D9480068076932461F
:10C1D00021463846FFF789FE00BF7FE72DE9F04191
:10C1E000054603F0D4F806460022D34BAFF6306183
:10C1F000304603F052F8CF4A103AAFF6306130467D
:10C2000003F07EF8CB4AAFF63461304603F078F89D
:10C21000C84A1032AFF63C61304603F071F8002294
:10C22000C64BAFF6B411304603F037F8AFF6B8128C
:10C23000C3A1304603F064F82A46AFF6D851304621
:10C2400003F05EF8304602F0FCFD044624B93046A7
:10C2500001F078FDBDE8F08120787B2806D03046DB
:10C2600001F070FD2046F7F702F9F3E720460CF0E5
:10C27000D2FE0746F7F70BF9B34908600846006895
:10C2800030B9304601F05EFD2046F7F7F0F8E1E7FF
:10C290005020F7F7FCF8AD4908600846006850B92F
:10C2A000304601F04FFD2046F7F7E1F8A648006858
:10C2B000F7F7DDF8CEE70120A449096808700020EF
:10C2C000A24909688870A1490968C87005F0C2F9D7
:10C2D0009E490968888000209C49096848700C20A4
:10C2E0009A490968C8800C22AFF6E4619748006853
:10C2F0000830F6F7E5FF95480068083008B900BF38
:10C3000000BF20460CF087FE90490968A1F848005C
:10C310008D4800688D490968C86420460CF07BFE92
:10C3200007468A4909683A46C86C2146F6F7C8FFAD
:10C330008648006806F0B0F9844800680078012853
:10C3400008D081480068F7F792F880480068F7F74E
:10C350008EF811E001207D49096888707B480068EB
:10C3600005F0E4FCFF2807D177480068F7F77FF86D
:10C3700076480068F7F77BF82046F7F778F83046FC
:10C3800001F0E0FC00BF65E770B504460025AFF69C
:10C39000C471204602F0F5FD6D490860084600684A
:10C3A00000B970BD6A4909680869624910390CF022
:10C3B00069FF00B1F5E7AFF6E471204602F0E1FD58
:10C3C000634908600846006800B9EAE760490968FF
:10C3D000086958490CF056FF00B1E2E75D49204674
:10C3E00002F0CFFD5A4908600846006800B9D8E756
:10C3F0005749096808694F4910310CF043FF00B1F3
:10C40000CFE755A1204602F0BCFD5149086008461F
:10C41000006800B9C5E74FF48071464830300CF031
:10C4200009FF4B49096808690CF0F5FD06464848C4
:10C430000068324601693F483030F6F741FF444911
:10C44000096808690CF0E7FDC6B23146394830305A
:10C45000F8F7DCFC4148806870B1032007F0A8FBC6
:10C460003B49096808690CF0D6FDC6B2314631482F
:10C47000303008F02DF80DE0052007F099FB344925
:10C48000096808690CF0C7FDC6B23146294830304A
:10C4900008F01EF832A1204602F073FD2C49086016
:10C4A0000846006800B97CE7294800680569284605
:10C4B000FFF794FE00BF74E710B5002409E02146A1
:10C4C0000020F9F7DDF881B2264820F81410601C2E
:10C4D000C4B2082CF3DB02202249891E087010BD6B
:10C4E0002DE9F041054602F052FF064600221E4BA0
:10C4F00018491C39304602F0D0FE0E4A103A154950
:10C500001039304602F0FCFE0A4A1249083930461A
:10C5100002F0F6FE074A10320E49304602F0F0FEF5
:10C520000022064BAFF6B841304602F0B6FE1DE0E1
:10C5300068080020EC060020006C91400000F03FED
:10C540006D65737361676500700800206C080020DA
:10C5500074080020DCB3000875726C00D0A70020BE
:10C5600074730000F2A7002000749140AFF6F84207
:10C57000AFF23401304602F0C3FE2A46AFF220018A
:10C58000304602F0BDFE304602F05BFC044624B9A2
:10C59000304601F0D7FBBDE8F08120787B2806D03B
:10C5A000304601F0CFFB2046F6F761FFF3E7204667
:10C5B0000CF031FD0746F6F76AFFFC4908600846B3
:10C5C000006830B9304601F0BDFB2046F6F74FFF5A
:10C5D000E1E75020F6F75BFFF54908600846006880
:10C5E00050B9304601F0AEFB2046F6F740FFEF4869
:10C5F0000068F6F73CFFCEE70120ED4909680870B6
:10C600000020EB4909688870E9490968C87005F09D
:10C6100021F8E749096888800020E54909684870E1
:10C620000C20E3490968C8800C22E249E048006810
:10C630000830F6F745FEDE480068083008B900BF4C
:10C6400000BF20460CF0E7FCD9490968A1F8480072
:10C65000D6480068D6490968C86420460CF0DBFC5F
:10C660000746D34909683A46C86C2146F6F728FEC2
:10C67000CF48006806F010F8CD480068007801281F
:10C6800008D0CA480068F6F7F2FEC9480068F6F715
:10C69000EEFE11E00120C64909688870C4480068B0
:10C6A00005F044FBFF2807D1C0480068F6F7DFFE1D
:10C6B000BF480068F6F7DBFE2046F6F7D8FE3046A6
:10C6C00001F040FB00BF66E770B504460025B9499C
:10C6D0003C39204602F055FCB7490860084600681E
:10C6E00000B970BDB44909680869B4490CF0CAFDC5
:10C6F00000B1F6E7AF493439204602F042FCAE49BA
:10C7000008600846006800B9EBE7AB4909680869AA
:10C71000AA4910310CF0B6FD00B1E2E7A5492C3969
:10C72000204602F02EFCA44908600846006800B9C3
:10C73000D7E7A14909680869A04920310CF0A2FD9A
:10C7400000B1CEE7AFF69421204602F01AFC9C49D6
:10C7500008600846006800B9C3E796492039984840
:10C76000006802F00EFC944908600846006800B9B1
:10C77000B7E791480068007D924988748D491C395B
:10C780008F48006802F0FDFB8B490860084600688E
:10C7900000B9A6E788480068007D8A49C874FFF799
:10C7A0008BFEAFF24421204602F0EBFB8249086089
:10C7B0000846006800B994E77F4800680569284684
:10C7C000FFF78EFE00BF8CE72DE9F04705460026F7
:10C7D0007C48807C401E7B49891C31F81000891EF2
:10C7E000C97C491E01228A40104008B1022600E09F
:10C7F000032602F0CCFD81460022734B6D49483977
:10C80000484602F04AFD6D4A6A493C39484602F002
:10C8100077FD6A4A103267493439484602F070FDA4
:10C82000664A203263492C39484602F069FD304699
:10C830000FF0E3F807463A460B4664A1484602F07B
:10C840002CFD2A46AFF2E821484602F059FD484641
:10C8500002F0F7FA044624B9484601F073FABDE83D
:10C86000F08720787B2806D0484601F06BFA2046F6
:10C87000F6F7FDFDF3E720460CF0CDFB0746F6F793
:10C8800006FE554908600846006830B9484601F080
:10C8900059FA2046F6F7EBFDE1E75020F6F7F7FDF1
:10C8A0004E4908600846006850B9484601F04AFA07
:10C8B0002046F6F7DCFD48480068F6F7D8FDCEE7DD
:10C8C00001204649096808700020444909688870B9
:10C8D00042490968C87004F0BDFE40490968888073
:10C8E00000203E49096848700C203C490968C8800E
:10C8F0000C223049394800680830F6F7E1FC374827
:10C900000068083008B900BF00BF20460CF083FB68
:10C9100032490968A1F848002F4800682F49096882
:10C92000C86420460CF077FB07462C4909683A4654
:10C93000C86C2146F6F7C4FC2848006805F0ACFE38
:10C94000264800680078012808D023480068F6F7D8
:10C950008EFD22480068F6F78AFD11E001201F498C
:10C96000096888701D48006805F0E0F9FF2807D1C4
:10C9700019480068F6F77BFD18480068F6F777FD60
:10C980002046F6F774FD484601F0DCF900BF66E783
:10C9900070B50446002507493C39204602F0F1FAFB
:10C9A0000F49086008460068E0B970BD7C080020A7
:10C9B0007808002008B4000880080020DC06002069
:10C9C00084080020F0A70020007C91406173696C0E
:10C9D00065207374617465008C080020880800204D
:10C9E00090080020FE4909680869FE490CF04AFCDD
:10C9F00000B170BDFC49204602F0C3FAF849086056
:10CA00000846006800B9F4E7F54909680869F5497E
:10CA100010310CF037FC00B1EBE7F3490831204648
:10CA200002F0AFFAEE4908600846006800B9E0E796
:10CA3000EB4909680869EB4920310CF023FC00B18F
:10CA4000D7E7AFF2E441204602F09BFAE4490860E0
:10CA50000846006800B9CCE7E14800680569284647
:10CA6000FFF7B2FE00BFC4E72DE9F041054602F032
:10CA70008EFC06460022DD4BDB491439304602F0BD
:10CA80000CFCD84AD8490839304602F039FCD54A5E
:10CA90001032D549304602F033FCD24A2032D24916
:10CAA0000831304602F02CFC0022D14BD1493046EF
:10CAB00002F0F3FBCF4A0832AFF27C51304602F06D
:10CAC0001FFC2A46AFF26851304602F019FC30468E
:10CAD00002F0B7F9044624B9304601F033F9BDE855
:10CAE000F08120787B2806D0304601F02BF92046D3
:10CAF000F6F7BDFCF3E720460CF08DFA0746F6F793
:10CB0000C6FCBD4908600846006830B9304601F0EF
:10CB100019F92046F6F7ABFCE1E75020F6F7B7FC31
:10CB2000B64908600846006850B9304601F00AF975
:10CB30002046F6F79CFCB0480068F6F798FCCEE774
:10CB40000120AE49096808700020AC490968887066
:10CB5000AA490968C87004F07DFDA8490968888061
:10CB60000020A649096848700C20A4490968C880BB
:10CB70000C229D493431A14800680830F6F7A0FB2B
:10CB80009E480068083008B900BF00BF20460CF07E
:10CB900042FA9A490968A1F84800974800689749FD
:10CBA0000968C86420460CF036FA074693490968BC
:10CBB0003A46C86C2146F6F783FB9048006805F0BA
:10CBC0006BFD8E4800680078012808D08A4800680C
:10CBD000F6F74DFC89480068F6F749FC11E00120A2
:10CBE0008649096888708548006805F09FF8FF2825
:10CBF00007D181480068F6F73AFC80480068F6F7EC
:10CC000036FC2046F6F733FC304601F09BF800BFB7
:10CC100065E770B50446002573490839204602F0DF
:10CC2000B0F9774908600846006800B970BD7449DA
:10CC3000096808696B490CF025FB00B1F6E76A4901
:10CC4000204602F09EF96E4908600846006800B967
:10CC5000ECE76B4909680869624910310CF012FB76
:10CC600000B1E3E760490831204602F08AF96449DF
:10CC700008600846006800B9D8E761490968086992
:10CC8000584920310CF0FEFA00B1CFE7FFF714FC51
:10CC9000AFF23471204602F074F959490860084631
:10CCA000006800B9C2E75648006805692846FFF7E2
:10CCB000DBFE00BFBAE72DE9FC41054651A103C9DF
:10CCC000CDE9000102F063FB804600224F4B46494C
:10CCD0001439404602F0E1FA424A434908394046D5
:10CCE00002F00EFB3F4A10323F49404602F008FB7B
:10CCF0003C4A20323C490831404602F001FB2A46BA
:10CD0000AFF2A471404602F0FBFA414908780EF0F8
:10CD10008BFE064632460B463EA1404602F0BDFA67
:10CD200002223B49891C0DF10200FEF76CF86A46AD
:10CD30003BA1404602F0E4FA02223549091D0DF1FB
:10CD40000200FEF760F86A4637A1404602F0D8FAC2
:10CD500002222F49891D0DF10200FEF754F86A46A0
:10CD600033A1404602F0CCFA0222294908310DF1E4
:10CD70000200FEF748F86A462FA1404602F0C0FACA
:10CD8000022223490A310DF10200FEF73CF86A46FF
:10CD90002BA1404602F0B4FA02221D490C310DF1DC
:10CDA0000200FEF730F86A4627A1404602F0A8FAD2
:10CDB000022217490E310DF10200FEF724F86A46EF
:10CDC00023A1404602F09CFA0222114910310DF1D4
:10CDD0000200FEF718F86A461FA1404640E0000036
:10CDE00090080020DC060020D4B3000800849140A5
:10CDF0000000F03F70B800089C0800209808002050
:10CE0000A00800203078303030300000008C914095
:10CE1000F0A70020636865636B207374617465001C
:10CE2000726F772031000000726F772032000000AF
:10CE3000726F772033000000726F7720340000009B
:10CE4000726F772035000000726F77203600000087
:10CE5000726F772037000000726F77203800000073
:10CE600002F04EFA404601F0ECFF044624B9404679
:10CE700000F068FFBDE8FC8120787B2806D04046A2
:10CE800000F060FF2046F6F7F2FAF3E720460CF0D8
:10CE9000C2F80646F6F7FBFAFE4908600846006845
:10CEA00030B9404600F04EFF2046F6F7E0FAE1E7E1
:10CEB0005020F6F7ECFAF84908600846006850B9C7
:10CEC000404600F03FFF2046F6F7D1FAF1480068EF
:10CED000F6F7CDFACEE70120EF4909680870002087
:10CEE000ED4909688870EC490968C87004F0B2FB24
:10CEF000E949096888800020E749096848700C20E2
:10CF0000E5490968C8800C22E449E3480068083014
:10CF1000F6F7D6F9E0480068083008B900BF00BF4E
:10CF200020460CF078F8DC490968A1F84800D94897
:10CF30000068D9490968C86420460CF06CF80646B8
:10CF4000D54909683246C86C2146F6F7B9F9D24886
:10CF5000006805F0A1FBD04800680078012808D0DF
:10CF6000CC480068F6F783FACB480068F6F77FFAFA
:10CF700011E00120C84909688870C748006804F0BA
:10CF8000D5FEFF2807D1C3480068F6F770FAC248FB
:10CF90000068F6F76CFA2046F6F769FA404600F0AA
:10CFA000D1FE00BF66E770B504460025BB493C3999
:10CFB000204601F0E6FFBA4908600846006800B95B
:10CFC00070BDB74909680869B6490CF05BF900B152
:10CFD000F6E7B2493439204601F0D3FFB049086082
:10CFE0000846006800B9EBE7AD4909680869AD4932
:10CFF00010310CF047F900B1E2E7A8492C3920467E
:10D0000001F0BFFFA64908600846006800B9D7E7ED
:10D01000A34909680869A34920310CF033F900B12C
:10D02000CEE7AFF6C421204601F0ABFF9C49086073
:10D030000846006800B9C3E79948006805692846B2
:10D04000FFF739FE00BFBBE72DE9FC5F81460C46C8
:10D05000002602F09CF983460022934B8F49483901
:10D06000584602F01AF98F4A8C493C39584602F06A
:10D0700047F98C4A103289493439584602F040F950
:10D08000884A203285492C39584602F039F9002265
:10D09000864B8749584602F000F9854A083202F16A
:10D0A0000801584602F02CF94A46AFF64C31584672
:10D0B00002F026F9207830384FF47A7148436178CD
:10D0C000303901EBC10202EB011100EB8101A078C4
:10D0D000303800EB800001EB4001E0783038084444
:10D0E00080B2ADF80000607930382179303901EB39
:10D0F000810100EB4100C0B28DF80200E0793038C8
:10D10000A179303901EB810100EB4100C0B28DF80B
:10D11000030000208DF804008DF805008DF806004E
:10D1200031466846F8F730F982460AEB4A10F6F7BE
:10D13000AEF9064626B131466846F8F725F982462B
:10D1400032465CA1584602F0DBF850460EF055FC22
:10D1500007463A460B4658A1584602F09EF85846F4
:10D1600001F06FFE054625B9584600F0EBFDBDE81D
:10D17000FC9F28787B2806D0584600F0E3FD28461F
:10D18000F6F775F9F3E728460BF045FF0746F6F783
:10D190007EF94B4908600846006830B9584600F0EF
:10D1A000D1FD2846F6F763F9E1E75020F6F76FF96D
:10D1B000444908600846006850B9584600F0C2FD6E
:10D1C0002846F6F754F93E480068F6F750F9CEE7DE
:10D1D00001203C490968087000203A4909688870B4
:10D1E00038490968C87004F035FA364909688880FA
:10D1F00000203449096848700C2032490968C88009
:10D200000C2226492F4800680830F6F759F82D48B7
:10D210000068083008B900BF00BF28460BF0FBFECD
:10D2200028490968A1F84800254800682549096887
:10D23000C86428460BF0EFFE0746224909683A46C3
:10D24000C86C2946F6F73CF81E48006805F024FA39
:10D250001C4800680078012808D019480068F6F7D3
:10D2600006F918480068F6F702F911E0012015499F
:10D27000096888701348006804F058FDFF2807D13A
:10D280000F480068F6F7F3F80E480068F6F7EFF875
:10D29000284619E0AC080020A808002008B40008BF
:10D2A000B0080020DC060020009C91400000F03F08
:10D2B00070B800086C6F67006C6F674E756D00008A
:10D2C000BC080020B8080020F6F7D1F8584600F056
:10D2D00039FD00BF4BE72DE9F0410546002400264B
:10D2E0000027B349284601F04CFE04460CB9BDE8BE
:10D2F000F081B04920690BF0C5FF00B1F7E7AC49F8
:10D300000831284601F03DFE044604B9EFE7A9497B
:10D31000103120690BF0B6FF00B1E8E7A4491031E5
:10D32000284601F02EFE044604B9E0E7A149203169
:10D3300020690BF0A7FF00B1D9E79FA1284601F0B3
:10D3400020FE044604B9D2E72769AFF6EC5128461F
:10D3500001F017FE044604B9C9E72669394630468C
:10D36000FFF772FE00BFC2E770B50024002500F091
:10D3700070F918B300F06DF99149088000F069F96F
:10D380000646F6F784F88F4908600846006800B939
:10D3900070BD8C48006800F061F9894801888948AF
:10D3A000006800F015FB20B986480068F6F75FF8C2
:10D3B00004E084480068F6F75AF8E9E700BFE7E7B9
:10D3C00010B500F03EFA00F041FB00B910BD03F0CB
:10D3D0006DFF20B900207C4981F88000F6E7FDF759
:10D3E00080FFFDF79AFD00BFF0E72DE9F041002432
:10D3F0000025002600BF002700F00AFA08B9BDE8A2
:10D40000F081FFF7B1FF03F051FF00B9F7E76F4874
:10D41000007830B101280FD0022832D003280AD179
:10D42000B4E004F021FF6A4908600846006810B1C2
:10D43000012066490870B8E06548006801F007FB04
:10D440006449086008460068B8B159490C39614818
:10D45000006801F096FD604908600846006818B948
:10D4600003205A490870CAE75B480068808A5B4914
:10D47000088002205549087002E0032053490870D3
:10D4800093E05648008840F25A42811A904247D0B1
:10D4900011DC40F2EE32A0EB0201904228D005DC14
:10D4A000A0F2EA30A0B102286AD119E0022927D0FF
:10D4B000682965D12CE006294AD004DC022937D03E
:10D4C00004295DD13CE008294AD00C2958D14FE00D
:10D4D00040480068FEF784F803203C49087053E098
:10D4E0003C480068FEF78EF90320384908704BE08D
:10D4F00038480068FEF7E8FA03203449087043E032
:10D5000034480068FEF78DFC0320304908703BE08A
:10D5100030480068FEF7D3FD03202C49087033E043
:10D520002C480068FEF730FF0320284908702BE0E4
:10D5300028480068FFF7C8F803202449087023E052
:10D5400024480068FFF724FA0320204908701BE0F4
:10D5500020480068FFF75DFB03201C49087013E0BA
:10D560001C480068FFF71FFD0320184908700BE0F6
:10D5700018480068FFF7AFFE03201449087003E065
:10D5800003201249087000BF00BF0EE01148006878
:10D5900018B11048006800F0D5FB0D480068F5F799
:10D5A00066FF00200949087000BF00BF00BF26E7E2
:10D5B000CCB30008DC060020646174650000000044
:10D5C000C0080020C408002028A60020C8080020A9
:10D5D000CC080020D0080020D8080020CA0800206D
:10D5E00008B501211020F3F7DFFF0220ADF800009D
:10D5F00010208DF8030003208DF802006946414891
:10D60000F3F790FC02213F48F3F73BFD08BD10B54E
:10D61000FFF7E6FF0220FBF7EDFE10BD70B50446F4
:10D620000D46AAB221460220FBF768FF70BD70B517
:10D6300005460E46144631462846FFF7EFFF00BF69
:10D640000220FBF725FF18B12000A4F10104F7D157
:10D6500070BD10B50220FBF7EDFE10BD10B50446FD
:10D6600021460220FBF722FF10BD2DE9F0410646BE
:10D670000F4614462448007810B101283FD10FE02E
:10D680002248046030460BF0C6FC05462946304669
:10D69000FFF7C4FF01201C4908700020BDE8F0819D
:10D6A000FFF7D7FFD8B1FFF7D4FF8046F5F7EFFEBD
:10D6B000054695B12846FFF7D1FF002012490870B2
:10D6C000394628460BF071FC20B12846F5F7CFFE0D
:10D6D000FF20E3E72846F5F7CAFE0020DEE70B4807
:10D6E000006828B109480068401E0849086004E045
:10D6F000002005490870EE20D0E70020CEE700BFEB
:10D7000000BFCBE700100140E4080020E80800203B
:10D710000320FE49487008460078FD49487070476C
:10D7200010B5FB48007800B910BDF94840881E28A4
:10D7300009DAF7484088401CF54948800221F5483D
:10D74000F3F79FFC11E0F24840883C2809DAF048E2
:10D750004088401CEE4948800221EE48F3F78FFCD8
:10D7600003E00020EA494880087000BFDCE7E74892
:10D770000078704710B5FFF74AFFE749E348C160FA
:10D7800000218172E5490161E5494161E549C161D5
:10D79000E5490162E54981610020DC490872012107
:10D7A000DA48C172E2498162E2494162E249C162FA
:10D7B000E2494163E2490163E249816340F2DC519D
:10D7C000A0F84010E049C163E0498164002180F87D
:10D7D0004610DF49C164DF490165DF498165DF49E2
:10D7E000C165DF494165002180F84410022180F8BD
:10D7F000471000214166016681660167C166D9490B
:10D8000041674FF47A71A0F87C10D749816710BD49
:10D81000BE484078042801DB012070470020FCE767
:10D8200010B5BA4A1170507001231278C2EB02147D
:10D83000B64A083202EB840253700122B34B9A704D
:10D8400010BD70B50025B1484078052829D2DFE821
:10D8500000F003294188B200AC480078C0EB001109
:10D86000AA48083010F82100D8B9A8480078C0EBC1
:10D870000011A648083000EB8100006950B1A349AF
:10D880000978C1EB0112A149083101EB8201086955
:10D8900080470546FF2D04D101209C494870002097
:10D8A000888093E0994881880078C0EB00129748FF
:10D8B000083000EB8200008F814205DA93488088AF
:10D8C000401C9249888004E0002090498880022012
:10D8D00048707BE000248D480078C0EB00118B4835
:10D8E000083000EB81004078B0BB88480078C0EB7E
:10D8F00000118648083000EB8100C06850B18349B0
:10D900000978C1EB01128149083101EB8201C86835
:10D9100080470446FF2C0FD101207C4988700320EA
:10D920004870012179480078C0EB00127748083030
:10D9300000EB8200417013E0EE2C11D100207349FE
:10D94000487008460078401C087008460078022895
:10D9500006D10020087003E0FFE703206B49487000
:10D9600034E0002469480078C0EB001167480830B3
:10D9700000EB81008078D0B964480078C0EB0011DA
:10D980006248083000EB8100806850B15F49097837
:10D99000C1EB01125D49083101EB820188688047C3
:10D9A0000446FF2C06D104205849487002E00420A8
:10D9B000564948700AE055490978C1EB01125349AC
:10D9C000083101EB82014868804700BF00BF70BD8D
:10D9D00070B504460D464D488078B0B14B4800788C
:10D9E000C0EB00114948083000EB8100406960B18C
:10D9F00046480078C0EB00114448083000EB810035
:10DA0000294642692046904770BD0020FCE770B56A
:10DA100004460D463D488078B0B13C480078C0EBE4
:10DA200000113A48083000EB8100806960B1374846
:10DA30000078C0EB00113548083000EB8100294622
:10DA400082692046904770BD0020FCE72F4880780F
:10DA5000704710B52D480078C0EB00112B480830F6
:10DA600000EB8100006B50B128490978C1EB01122D
:10DA70002649083101EB8201086B804710BD002068
:10DA8000FCE710B521480078C0EB00111F480830B2
:10DA900000EB8100C06950B11C490978C1EB01124B
:10DAA0001A49083101EB8201C869804710BD002086
:10DAB000FCE710B515480078C0EB0011134808309A
:10DAC00000EB8100406B50B110490978C1EB0112A5
:10DAD0000E49083101EB8201486B804710BD0020E0
:10DAE000FCE710B509480078C0EB00110748083082
:10DAF00000EB8100006AC8B304490978C1EB011248
:10DB00000249083101EB8201086A30E010A80020C8
:10DB1000EC0800200010014041AB0008419B0008C8
:10DB2000B99A000841A30008F1A70008519A00081B
:10DB3000C3A10008B9A10008C7A10008CBA1000833
:10DB4000EDA2000895A30008BDA10008150C01086E
:10DB5000EDFC00088F0201081703010867060108A1
:10DB600073FC000867030108F1FB000801E080472F
:10DB700010BD0020FCE710B523480078C0EB001171
:10DB80002148083000EB8100406A50B11E490978F5
:10DB9000C1EB01121C49083101EB8201486A804740
:10DBA00010BD0020FCE710B517480078C0EB00114D
:10DBB0001548083000EB8100C06A50B1124909785D
:10DBC000C1EB01121049083101EB8201C86A80479C
:10DBD00010BD0020FCE710B50B480078C0EB001129
:10DBE0000948083000EB8100806A50B10649097885
:10DBF000C1EB01120449083101EB8201886A8047B8
:10DC000010BD0020FCE7000010A80020F7480068C5
:10DC1000F649496808447047014609B90020704731
:10DC2000087B102801D10120F9E70020F7E700B5B3
:10DC300002461046FFF7F0FF08B9002000BD10694A
:10DC4000FCE708B5072003460122E9A10090EB4854
:10DC50000BF016F8E94808BD70B504460D4604B14E
:10DC60000DB9012070BDAC4201D10020FAE705E0FA
:10DC7000207808B90020F5E7641C6D1C20780AF0B4
:10DC8000E6FF064628780AF0E2FF8642F0D02078C8
:10DC90000AF0DDFF064628780AF0D9FF301AE1E7DE
:10DCA0002DE9F04104460D460026002714B9002056
:10DCB000BDE8F08120460BF0AEF9461C30462968DD
:10DCC000884707460FB90020F2E73246214638461A
:10DCD0000BF017FA3846EBE738B9C949C94A116061
:10DCE000C9495160C94991607047C549C54A116029
:10DCF000016809B101681160C349C24A51604168B5
:10DD000009B1416851600021BE4A9160114609681D
:10DD1000BB4A914207D1BB494968BB4A914202D1F3
:10DD2000BA49B84A916000BFDEE770B504462820C2
:10DD30002168884705461DB1282128460BF07AFA4C
:10DD4000284670BD70B50446002522E02568A089EC
:10DD500000F4807020B9A06810B1A068FFF7F2FF4E
:10DD6000A08900F4807028B9206918B1A54A2069FB
:10DD700051688847A08900F4007028B9206A18B15A
:10DD8000A04A206A516888479E48416820468847D3
:10DD90002C46002CDAD170BD2E2070472DE9F043BF
:10DDA00091B080460C4600BF00201090FFF7F4FFB2
:10DDB000814600250CB1206818B9002011B0BDE8DB
:10DDC000F08300253CE0A16820680844405D3428C9
:10DDD00020D00ADCA0F12B0009282ED2DFE800F0C9
:10DDE000202D212A2D1617181900382816D006DCE8
:10DDF000352810D036280FD037281ED10DE039280D
:10DE00000DD045280FD0652817D10BE000BF00BF0B
:10DE100000BF00BF00BF00BF00BF00BF00BF00BF0A
:10DE200000BF00BF00BFA16820680844405D0DF836
:10DE3000050003E00DF8059000E00AE000BF6D1C4E
:10DE40003F2D05D224B1A068284461688842BAD326
:10DE500000BF00200DF8050010A968460DF05CFB1E
:10DE600006460F4668461099884201D10020A5E772
:10DE7000C8E90667664A674B304639460DF022FF0F
:10DE800004D86FF00040C8F8140011E00022624B83
:10DE9000304639460DF0DCFD04D84FF00040C8F89C
:10DEA000140005E0304639460DF04AFDC8F814006C
:10DEB0000820C8F80C00A0686A461099891A08441E
:10DEC000A06001207AE770B5064614461D46504A08
:10DED000504B204629460DF0F5FE03D86FF0004068
:10DEE00070610FE000224C4B204629460DF0B0FD3A
:10DEF00003D84FF00040706104E0204629460DF041
:10DF00001FFD706120462946C6E9064570BD2DE912
:10DF1000F04104460D46002600270CB1206810B9D8
:10DF20000020BDE8F081606828B1D4E90110884282
:10DF300001D30020F5E7B5F1004F01D30020F0E751
:10DF4000A068401C05446068A84203D3A16820680B
:10DF50000844E6E7206908B10020E2E7B5F1804F08
:10DF600007D3B5F1004F02D26FF0004702E0002066
:10DF7000D7E76F00206A60B13946226A206890476F
:10DF80000646E6B9E16920688847002060602060A5
:10DF9000C7E73846A1698847064636B9E16920686F
:10DFA0008847002060602060BBE72EB1A068421C5B
:10DFB000304621680BF0A5F8E16920688847676062
:10DFC0002660A0683044ACE770B5044600250CB16B
:10DFD000206800B970BDA1682068451828460BF07C
:10DFE0001AF8A1680844A06000BFF3E7F008002019
:10DFF00025692E25692E25690000000090A80020C3
:10E00000EB8A0108F8080020498B0108978B01086A
:10E010000000C0FFFFFFDF410000E0C12DE9F04F2D
:10E020008BB082460D464FF00009DAE906780026EB
:10E030000024FFF7B1FE83461DB900200BB0BDE8F8
:10E04000F08F00221346384641460DF03DFD002278
:10E050001346CDE900010DF037FC05D0F9A104A865
:10E060000AF00EFE06461BE03A464346F7A104A816
:10E070000AF006FE064602AAF6A104A80AF06AFF04
:10E08000012806D13A464346DDE902010DF01CFCA9
:10E0900006D03A464346F0A104A80AF0F1FD064630
:10E0A000002E01DB192E01DD0020C7E7711C284678
:10E0B000FFF72DFF8146B9F1000F01D10020BDE728
:10E0C00000240DE004A8005D584503D12E2009F876
:10E0D000040004E004A8005D09F8040000BF641C0B
:10E0E000B442EFD3002009F80400A8683044A860C7
:10E0F0000120A3E702460023002100BF23E0505C7B
:10E10000302806DB505C392803DC505C303803448F
:10E1100015E0505C412806DB505C462803DC505C6F
:10E12000373803440BE0505C612806DB505C6628FE
:10E1300003DC505C5738034401E00020704703299A
:10E1400000D21B01491C0429D9D31846F6E72DE952
:10E15000FF5F80468946154600240026C2460020FF
:10E160000390834602900190A9EB0A00062800DA8A
:10E1700081E00AF10200FFF7BDFF0646B6F55C4FED
:10E1800003D3B6F5604F00D275E0B6F5584F29D3EA
:10E19000B6F55C4F26D20AF10607002000900C204D
:10E1A0000290A9EB0700062800DA64E038785C28C2
:10E1B00002D17878752800D05DE0B81CFFF79AFF8F
:10E1C00000900098B0F55C4F03D30098B0F5604F15
:10E1D00000D350E0C6F30901009861F39F2000F5D9
:10E1E000803402E0062002903446802C02D20120C6
:10E1F000039018E0B4F5006F04D202200390C02011
:10E20000019010E0B4F5803F04D203200390E02099
:10E21000019008E0B4F5881F04D204200390F02098
:10E22000019000E027E00398401E00F0FF0B0BE098
:10E2300004F0BF0040F08000296801F80B00A40939
:10E24000ABF1010000F0FF0BBBF1000FF0DC039815
:10E25000012804DD019820432968087003E004F0D8
:10E260007F0029680870296803980844286002988C
:10E2700004B0BDE8F09F0020FAE72DE9F84F804692
:10E280000C46A16820680844461CA1682068084420
:10E29000451C002000900027A1682068405C2228CF
:10E2A00000D0A6E04FF0000AD1460DE028785C28A7
:10E2B00009D1681C2168401A6168884200D398E03F
:10E2C00009F101096D1C6D1C2068281A61688842DB
:10E2D00002D228782228E9D12068281A6168884269
:10E2E00002D22878222800D083E0A1682068084460
:10E2F000281AA0EB090A0AF101002169884707469C
:10E3000007B976E0009761E030785C2807D016F80E
:10E31000010B009908700098401C009056E04FF0E7
:10E320000209A81B012800DA63E07078662819D07A
:10E3300008DC222832D02F2832D05C282FD0622847
:10E3400040D108E06E2814D0722819D074281ED04D
:10E35000752837D12BE00820009908700098401CE0
:10E36000009030E00C20009908700098401C00904C
:10E3700029E00A20009908700098401C009022E0D3
:10E380000D20009908700098401C00901BE00920A7
:10E39000009908700098401C009014E000BF00BF76
:10E3A0007078009908700098401C00900BE06A4655
:10E3B00029463046FFF7CBFE8146B9F1000F00D168
:10E3C00017E000E015E000BF4E4400BFAE429BD313
:10E3D0000020009908701020C8F80C00C8F81070D0
:10E3E0002068281AA060A068401CA0600120BDE839
:10E3F000F88F17B138466169884716B12068301A1E
:10E40000A0600020F3E72DE9F04707468A46002484
:10E4100000260025A046A146BAF1000F02D1002037
:10E42000BDE8F087F7B903215046FFF770FD0646B7
:10E430000EB90020F4E70AA130460AF0C8FD012019
:10E44000EEE700006E756C6C0000000025312E3187
:10E4500035670000256C670025312E3137670000D5
:10E46000222200003C4622E020780C2811D006DC55
:10E4700008280DD009280FD00A2810D10AE00D284D
:10E4800009D0222802D05C2809D100E000BF00BFDB
:10E4900000BF00BF00BF00BF09F1010905E02078FF
:10E4A000202801DA09F1050900BF00BF641C2078AB
:10E4B0000028D9D1E01B00EB090808F10301504600
:10E4C000FFF725FD06460EB90020A9E7B9F1000FB8
:10E4D0000FD12220307042463946701C0AF011FEDE
:10E4E000222108F1010031540021401C3154012047
:10E4F00096E722203070751C3C463DE020781F28AE
:10E5000008DD2078222805D020785C2802D02078E9
:10E5100028702FE05C2005F8010B20780C2815D01E
:10E5200006DC08280FD0092819D00A281AD110E0D3
:10E530000D2811D0222803D05C2813D1287018E0B0
:10E540002220287015E06220287012E066202870D2
:10E550000FE06E2028700CE07220287009E0742013
:10E56000287006E02278F7A128460AF089FB2D1DC5
:10E5700000BF00BF641C6D1C20780028BED1222182
:10E5800008F1010031540021401C3154012047E7BB
:10E5900070B504460D4629462069FFF734FF70BD6B
:10E5A000014609B1086808B90020704702E0886890
:10E5B000401C886041B1D1E90120904204D28A68B0
:10E5C0000868805C2028F2DDD1E90120904202D168
:10E5D0008868401E88600846E7E710B504461CB10D
:10E5E000206808B1A06808B1002010BD7CB1A06807
:10E5F000001D616888420AD2A26821688818032237
:10E60000D2A10AF027FD10B9A068C01CA060204666
:10E61000EBE72DE9F04180460C4600270025E06835
:10E62000B0F57A7F02D30020BDE8F081E068401C9D
:10E63000E06044B1D4E90110884204D2A1682068A6
:10E64000405C7B2800D07BE0A068401CA060204696
:10E65000FFF7A6FF4CB1D4E90110884205D2A168AA
:10E660002068405C7D2800D15DE01CB1D4E9011038
:10E67000884203D3A068401EA06061E0A068401EED
:10E68000A06000BF04F11000FFF74FFB064606B97B
:10E6900056E017B93746354602E02E6075603546BC
:10E6A000A068401CA0602046FFF77AFF214628465C
:10E6B000FFF7E3FD00B943E02046FFF771FF28694B
:10E6C00028620020286144B1D4E90110884204D2B4
:10E6D000A1682068405C3A2800D031E0A068401C66
:10E6E000A0602046FFF75CFF2146284600F0A8F80E
:10E6F00000B925E02046FFF753FF44B1D4E90110EB
:10E70000884204D2A1682068405C2C28BAD044B169
:10E71000D4E90110884204D2A1682068405C7D28B9
:10E7200000D00DE000BFE068401EE0604020C8F867
:10E730000C00C8F80870A068401CA060012073E7B6
:10E7400017B13846FFF7FEFA00206DE72DE9F041DA
:10E7500007460C460026B046E068B0F57A7F02D343
:10E760000020BDE8F081E068401CE060A1682068FE
:10E77000405C5B2800D05DE0A068401CA0602046A3
:10E78000FFF70EFF4CB1D4E90110884205D2A16811
:10E790002068405C5D2800D141E01CB1D4E9011043
:10E7A000884203D3A068401EA06043E0A068401EDA
:10E7B000A06000BF04F11000FFF7B7FA054605B9E5
:10E7C00038E016B92E46A84604E0C8F80050C5F84F
:10E7D0000480A846A068401CA0602046FFF7E0FE29
:10E7E0002146404600F02CF800B923E02046FFF710
:10E7F000D7FE44B1D4E90110884204D2A168206850
:10E80000405C2C28D6D044B1D4E90110884204D20F
:10E81000A1682068405C5D2800D00BE000BFE06884
:10E82000401EE0602020F860BE60A068401CA06030
:10E83000012096E716B13046FFF784FA002090E7F2
:10E8400070B505460C460CB1206808B9002070BDB3
:10E85000A4B1A068001D616888420FD8A268216831
:10E8600088180422AFF224410AF0F4FB30B90420E6
:10E87000E860A068001DA0600120E8E79CB1A068E6
:10E88000401D616888420ED8A26821688818052258
:10E890002FA10AF0DFFB30B90120E860A068401D1D
:10E8A000A0600120D3E7ACB1A068001D6168884278
:10E8B00010D8A26821688818042227A10AF0CAFB90
:10E8C00040B90220E86001206861A068001DA060D6
:10E8D0000120BCE76CB1D4E90110884209D2A168DB
:10E8E0002068405C222804D121462846FFF7C5FC59
:10E8F000ADE7BCB1D4E90110884213D2A168206809
:10E90000405C2D2809D0A1682068405C302809DBD4
:10E91000A1682068405C392804DC21462846FFF7BE
:10E920003DFA94E7E4B1D4E90110884218D2A16815
:10E930002068405C5B2813D121462846FFF706FF7C
:10E9400085E700007525303478000000EFBBBF007C
:10E9500066616C73650000007472756500000000EC
:10E960006CB1D4E90110884209D2A1682068405CEA
:10E970007B2804D121462846FFF74BFE67E700209D
:10E9800065E72DE9F04389B004460D4617461C2182
:10E9900002A80AF04FFC00260020F74908604860F2
:10E9A00004B934E0029420460AF035FB401C039081
:10E9B00000200490F14A07CA06AB07C3EF48FFF7EF
:10E9C000B4F9064606B922E002A8FFF706FE814622
:10E9D000FFF7E6FD804641463046FFF731FF00B9BC
:10E9E00015E05FB102A8FFF7DBFDDDE90310884207
:10E9F00003D204990298405C00B108E01DB104996B
:10EA0000029808442860304609B0BDE8F08316B18A
:10EA10003046FFF797F9C4B1009400200190DDE97A
:10EA20000310884202D20498019004E0039810B1C8
:10EA30000398401E01901DB1DDE9000108442860E3
:10EA4000CD48DDE9001206C000BF0020DCE710B5AC
:10EA50000446002211462046FFF793FF10BD2DE922
:10EA6000F04781460C4600250026D9F8087014B9F5
:10EA70000020BDE8F087606908B1022000E00120B5
:10EA80000646711C2046FFF742FA05460DB90020E4
:10EA9000EFE77B2005F8010BE068401CE06060694F
:10EAA00010B10A2005F8010BA0683044A06069E0AD
:10EAB0006069B8B12046E168FFF729FA05460DB94B
:10EAC0000020D6E74FF0000804E0092005F8010B0C
:10EAD00008F10108E0684045F7D8D4E9020108448C
:10EAE000A06000BF2146386AFFF78DFC08B90020FE
:10EAF000BFE72046FFF768FA606908B1022000E02E
:10EB00000120064631462046FFF701FA05460DB9B9
:10EB10000020AEE73A2005F8010B606910B109202A
:10EB200005F8010BA0683044A0602146384600F08B
:10EB3000A9F808B900209CE72046FFF745FA60696C
:10EB400008B1012000E00020396809B1012100E08E
:10EB500000214618711C2046FFF7D9F905460DB96A
:10EB6000002086E7386810B12C2005F8010B606999
:10EB700010B10A2005F8010B00202870A06830446D
:10EB8000A0603F68002F93D1606910B1E068401C1D
:10EB900000E0022001462046FFF7B9F905460DB90D
:10EBA000002066E7606950B1002003E0092105F804
:10EBB000011B401CE168491E8142F7D800BF7D203F
:10EBC00005F8010B00202870E068401EE06001207D
:10EBD0004FE72DE9F04107460C460025A846BE68E0
:10EBE00014B90020BDE8F08101212046FFF78FF91C
:10EBF00005460DB90020F5E75B202870A068401C91
:10EC0000A060E068401CE06028E02146304600F04B
:10EC100039F808B90020E5E72046FFF7D5F9306854
:10EC2000D8B1606908B1022000E00120804608F1F7
:10EC300001012046FFF76BF905460DB90020D1E729
:10EC40002C2005F8010B606910B1202005F8010B9C
:10EC500000202870A0684044A0603668002ED4D1FF
:10EC600002212046FFF753F905460DB90020B9E708
:10EC70005D2005F8010B00202870E068401EE06070
:10EC80000120AFE72DE9F04104460E46002504B10E
:10EC900016B90020BDE8F081207B10285AD008DC8E
:10ECA00001281CD0022829D0042809D0082860D1C6
:10ECB00033E0202853D0402856D0802859D131E065
:10ECC00005213046FFF723F905460DB90020E1E79D
:10ECD000AFF6900128460AF07AF90120DAE706211A
:10ECE0003046FFF714F905460DB90020D2E7AFF220
:10ECF000A03128460AF06BF90120CBE70521304608
:10ED0000FFF705F905460DB90020C3E7AFF2B831AA
:10ED100028460AF05CF90120BCE731462046FFF79F
:10ED20007DF9B7E70027206908B90020B2E720691C
:10ED30000AF071F9471C39463046FFF7E8F80546F6
:10ED40000DB90020A6E73A46284621690AF0D9F90C
:10ED500001209FE731462046FFF71AFC9AE731462B
:10ED60002046FFF736FF95E731462046FFF777FE4E
:10ED700090E700208EE70000F0080020F80800204F
:10ED8000F0B589B007460E46144600252421684692
:10ED90000AF050FA4FF480702168884700904FF4D1
:10EDA00080700190059694E8070006AB07C30098B1
:10EDB00000B933E069463846FFF764FF00B92DE03B
:10EDC0006846FFF701F9A06850B1029B591C0098F2
:10EDD000A2689047054605B920E0002000901AE09F
:10EDE000029A501C21688847054605B916E0DDE9FE
:10EDF0000130401C834201D2019801E00298401C7E
:10EE00000246284600990AF07CF9002002996854CD
:10EE1000009861688847284609B0F0BD009810B195
:10EE200000986168884715B12846616888470020C6
:10EE3000F2E710B50446F74A01212046FFF7A0FF8C
:10EE400010BD10B50446F34A00212046FFF798FF95
:10EE500010BD70B58AB006460C461546242101A89F
:10EE60000AF0E8F9002C02DA00200AB070BDE94887
:10EE70000168204688470190019808B90020F4E70E
:10EE800002940020039005900695E24A07CA07AB5A
:10EE900007C301A93046FFF7F5FE28B9DD4A0198FE
:10EEA000516888470020E0E70198DEE7F0B589B0B7
:10EEB00007460C4615461E46242168460AF0BAF954
:10EEC000002D00DB14B9002009B0F0BD00940195BD
:10EED00000200290012004900596CE4A07CA06AB96
:10EEE00007C369463846FFF7CDFEEDE7014600222D
:10EEF000002309B9002070478A6801E05B1C126892
:10EF0000002AFBD11846F6E702460B4600210AB953
:10EF100000207047916801E05B1E096809B1002B71
:10EF2000FAD10846F5E770B505460C46002C01DA23
:10EF3000002070BD21462846FFF7E6FFF9E72DE9DE
:10EF4000F04105460E461746002405B116B90020CB
:10EF5000BDE8F081AC684FB100E024687CB1304678
:10EF6000216A0AF08FF90028F7D108E000E0246850
:10EF70002CB13046216AFEF76FFE0028F7D12046FB
:10EF8000E6E770B504460D46002229462046FFF705
:10EF9000D6FF70BD70B504460D46012229462046B5
:10EFA000FFF7CDFF70BD70B504460D4629462046DB
:10EFB000FFF7E7FF08B1012070BD0020FCE701600A
:10EFC0004860704770B505460E4600240DB9002014
:10EFD00070BD3046FEF7A9FE04460CB90020F7E7E5
:10EFE0002822294620460AF0D1F800202062E06855
:10EFF00040F48070E0600020606020602046E7E719
:10F0000070B504460E46002506B10CB9002070BD4F
:10F01000A5680DB9A66008E000E02D682868002802
:10F02000FBD131462846FFF7CAFF0120EFE770B554
:10F0300004460D4629462046FFF7E2FF70BD7047A3
:10F040002DE9F04707460D4614461E46DDF8209090
:10F050004FF00008C2460FB105B114B90020BDE859
:10F06000F087B9F1000F07D02846FFF7E8FF804688
:10F07000E06840F4007A0CE031462846FEF710FEC6
:10F080008046B8F1000F01D10020E8E7E06820F4E5
:10F09000007AA08900F4007020B9206A10B1206ABB
:10F0A00071688847C4F82080C4F80CA0214638460F
:10F0B000FFF7A6FFD3E7F8B504460D461646002035
:10F0C000544B3246294600902046FFF7B9FFF8BD61
:10F0D000F8B504460D46164601204E4B32462946E9
:10F0E00000902046FFF7ACFFF8BD70B504460D4612
:10F0F00004B970BD47492846FFF764FF064631460C
:10F100002046FFF77DFF00BFF3E7F8B504460D4644
:10F11000164604B105B9F8BD3E493046FFF752FF27
:10F12000074600203B4B3A46294600902046FFF711
:10F1300087FF00BFEFE710B53648FEF7F6FD04463F
:10F140000CB10420E060204610BDF8B504460D4621
:10F15000FFF7F1FF064600202E4B3246294600906D
:10F160002046FFF76DFF08B13046F8BD3046FEF788
:10F17000E9FD0020F9E710B52648FEF7D6FD044664
:10F180000CB10220E060204610BDF8B504460D46E3
:10F19000FFF7F1FF064600201E4B3246294600903D
:10F1A0002046FFF74DFF08B13046F8BD3046FEF768
:10F1B000C9FD0020F9E710B51648FEF7B6FD044674
:10F1C0000CB10120E060204610BDF8B504460D46A4
:10F1D000FFF7F1FF064600200E4B3246294600900D
:10F1E0002046FFF72DFF08B13046F8BD3046FEF748
:10F1F000A9FD0020F9E770B505460648FEF795FD24
:10F20000044624B10DB1022000E00120E060204658
:10F2100070BD0000F8080020F8B505460E461446FB
:10F220002046FFF7E8FF07460020F74B3A463146F5
:10F2300000902846FFF704FF08B13846F8BD38466D
:10F24000FEF780FD0020F9E770B505460E46EE4852
:10F25000FEF76BFD0446F4B10820E060C4E90656F1
:10F26000EA4AEB4B284631460CF02CFD03D86FF0F0
:10F27000004060610FE00022E64B284631460CF06A
:10F28000E7FB03D84FF00040606104E028463146B8
:10F290000CF056FB6061204670BD2DE9F843064630
:10F2A0000F4614461D4620462946FFF7CDFF8046EF
:10F2B0000020D54B4246394600903046FFF7C0FE4D
:10F2C00010B14046BDE8F8834046FEF73BFD002004
:10F2D000F8E770B50546CC48FEF727FD04466CB14B
:10F2E0001020E060C8492846FEF7DAFC206120695A
:10F2F00020B92046FEF726FD002070BD2046FCE721
:10F30000F8B505460E4614462046FFF7E2FF0746CD
:10F310000020BD4B3A46314600902846FFF790FE4C
:10F3200008B13846F8BD3846FEF70CFD0020F9E775
:10F3300070B50546B448FEF7F8FC04466CB1802071
:10F34000E060B1492846FEF7ABFC2061206920B996
:10F350002046FEF7F7FC002070BD2046FCE7F8B51C
:10F3600005460E4614462046FFF7E2FF07460020FA
:10F37000A54B3A46314600902846FFF761FE08B19A
:10F380003846F8BD3846FEF7DDFC0020F9E710B539
:10F390009D48FEF7CAFC04460CB14020E0602046C0
:10F3A00010BDF8B504460D46FFF7F1FF06460020F4
:10F3B000954B3246294600902046FFF741FE08B1A2
:10F3C0003046F8BD3046FEF7BDFC0020F9E710B529
:10F3D0008D48FEF7AAFC04460CB12020E0602046D0
:10F3E00010BDF8B504460D46FFF7F1FF06460020B4
:10F3F000854B3246294600902046FFF721FE08B192
:10F400003046F8BD3046FEF79DFC0020F9E7024685
:10F4100002B109B900207047486810B1D1E9000372
:10F420001860086810B1D1E90030586090688842CF
:10F4300001D1086890600020486008600846EAE74B
:10F4400070B505460C46002C01DA002070BD21463F
:10F450002846FFF759FD064631462846FFF7D7FFF5
:10F46000F4E770B504460D4629462046FFF7E8FF4D
:10F470000646FEF767FC70BD70B504460D4629468A
:10F480002046FFF77EFD064631462046FFF7BFFFC8
:10F4900070BD70B504460D4629462046FFF77AFD3B
:10F4A000064631462046FFF7B2FF70BD70B50446F0
:10F4B0000D4629462046FFF7DFFF0646FEF742FCD1
:10F4C00070BD70B504460D4629462046FFF7E1FFA2
:10F4D0000646FEF737FC70BD2DE9F04106460F46A3
:10F4E00014460025002F01DABDE8F0813946304688
:10F4F000FFF70AFD054625B921463046FFF780FD96
:10F50000F2E72560686860606C60B068A84201D16D
:10F51000B46001E06068046000BFE5E770B50646CE
:10F520000D4614460EB104B10DB9002070BDAC42B9
:10F5300001D10120FAE728682060686860602068CF
:10F5400008B120684460606808B160680460B06811
:10F55000A84200D1B4600020286068602846FEF709
:10F56000F1FB0120E2E72DE9F04105460C46164685
:10F57000002C01DABDE8F08121462846FFF7C4FCE3
:10F580000746324639462846FFF7C8FF00BFF1E775
:10F5900010B504461C4841682046884710BD2DE937
:10F5A000F04107460D4614461E4604B115B9002029
:10F5B000BDE8F081A08900F4007020B9206A10B184
:10F5C000206AFFF7E5FF10492846FEF769FB206235
:10F5D000E06820F40070E060324629463846FFF7C4
:10F5E000AEFC8046224641463846FFF797FF012091
:10F5F000DEE770B504460D4616460023324629461E
:10F600002046FFF7CCFF70BDF80800200000C0FFC7
:10F61000FFFFDF410000E0C170B504460D4616460D
:10F620000123324629462046FFF7B9FF70BD70B569
:10F630000546F748FEF779FB044634B14FF488706D
:10F64000E0602846FFF7FBFC2061204670BD70B5E6
:10F650000546EF48FEF769FB044634B14FF4A0704D
:10F66000E0602846FFF7EBFCA060204670BD70B557
:10F670000546E748FEF759FB044634B14FF4907055
:10F68000E0602846FFF7DBFCA060204670BD2DE956
:10F69000F05F0646894600240025A346A246B9F13C
:10F6A000000F00DB16B90020BDE8F09FFFF78FFECA
:10F6B0008246002417E056F824000CF09EF9074615
:10F6C000FFF7C2FD054625B95046FEF73BFB00207B
:10F6D000EAE714B9CAF8085003E029465846FFF78C
:10F6E0006EFCAB46641CBAF1000F01D04C45E2D36E
:10F6F0005046D9E72DE9F05F0646894600240025EB
:10F70000A346A246B9F1000F00DB16B90020BDE800
:10F71000F09FFFF75CFE8246002417E056F82400B5
:10F720000CF006FB0746FFF78FFD054625B950464E
:10F73000FEF708FB0020EAE714B9CAF8085003E016
:10F7400029465846FFF73BFCAB46641CBAF1000F54
:10F7500001D04C45E2D35046D9E72DE9F0470646A3
:10F760000F4600240025A146A046002F00DB16B955
:10F770000020BDE8F087FFF72AFE8046002417E04E
:10F7800006EBC400D0E900211046FFF75DFD0546F9
:10F7900025B94046FEF7D6FA0020EAE714B9C8F8C2
:10F7A000085003E029464846FFF709FCA946641CB7
:10F7B000B8F1000F01D0BC42E2D34046D9E72DE9B1
:10F7C000F04706460F4600240025A146A046002F1C
:10F7D00000DB16B90020BDE8F087FFF7F8FD804692
:10F7E000002414E056F82400FFF773FD054625B900
:10F7F0004046FEF7A7FA0020EDE714B9C8F8085014
:10F8000003E029464846FFF7DAFBA946641CB8F135
:10F81000000F01D0BC42E5D34046DCE72DE9F047BC
:10F820000446894600250027A846002604B948E07A
:10F830007748FEF77AFA054605B942E0E06820F419
:10F840008070E86060696861D4E90601C5E9060175
:10F85000206938B16E492069FEF722FA28612869CB
:10F8600000B92EE0206A68B1A08900F4007008B1E8
:10F87000206A03E06649206AFEF712FA2862286AC5
:10F8800000B91EE0B9F1000F02D12846BDE8F087AB
:10F89000A76812E001213846FFF7C0FF064606B907
:10F8A0000FE0B8F1000F05D0C8F80060C6F804807A
:10F8B000B04601E0AE60B0463F68002FEAD128466E
:10F8C000E4E715B12846FEF73DFA0020DEE70146E1
:10F8D00000B9704755E00278202A01D1401C50E061
:10F8E0000278092A01D1401C4BE002780D2A01D18F
:10F8F000401C46E002780A2A01D1401C41E002780F
:10F900002F2A0BD142782F2A08D100E0401C027820
:10F91000002A36D002780A2A33D0F7E702782F2A55
:10F920000ED142782A2A0BD100E0401C02782AB17D
:10F9300002782A2AF9D142782F2AF6D1801C20E0B9
:10F940000278222A19D110F8012B01F8012B0AE0C4
:10F9500002785C2A03D110F8012B01F8012B10F872
:10F96000012B01F8012B027812B10278222AEFD183
:10F9700010F8012B01F8012B03E010F8012B01F81E
:10F98000012B0278002AA6D10A7000BFA1E7014628
:10F9900009B900207047087B08B90120FAE7002068
:10F9A000F8E7014609B900207047087B012800D11B
:10F9B000FAE70020F8E7014609B900207047087B04
:10F9C000022801D10120F9E70020F7E7014609B933
:10F9D00000207047087B00F0030008B10120F8E721
:10F9E0000020F6E7014609B900207047087B04288B
:10F9F00001D10120F9E70020F7E7014609B900200D
:10FA00007047087B082801D10120F9E70020F7E7BB
:10FA1000F8080020014609B900207047087B20281B
:10FA200001D10120F9E70020F7E7014609B90020DC
:10FA30007047087B402801D10120F9E70020F7E753
:10FA4000014609B900207047087B802801D10120B8
:10FA5000F9E70020F7E72DE9F0470446894692468A
:10FA60005CB1B9F1000F08D0207B99F80C108842E6
:10FA700003D12046FFF78BFF10B10020BDE8F087CF
:10FA8000207B102814D008DC01280DD002280CD0CF
:10FA900004280BD008280FD109E020280AD04028DC
:10FAA00009D0802808D104E000BF00BF00BF00BF1C
:10FAB00000BF00BF00BF01E00020DFE700BF4C45F2
:10FAC00001D10120DAE7207B102821D008DC0128B1
:10FAD0000DD002280CD004280BD008287DD10AE0D4
:10FAE000202827D040283CD0802876D111E000BFC4
:10FAF00000BF0120C2E7D9E906532A46D4E90671BE
:10FB000038460BF0E1FE01D10120B7E70020B5E750
:10FB100000BF206910B1D9F8100008B90020ADE786
:10FB2000D9F81010206909F0ADFB08B90120A5E74C
:10FB30000020A3E7A568D9F8086009E052463146DD
:10FB40002846FFF788FF08B9002097E72D68366838
:10FB50000DB1002EF2D1B54201D000208EE7012078
:10FB60008CE7002500260CB1A06800E000200546C7
:10FB700011E052464846296AFFF7E1F906460EB9F8
:10FB800000207BE7524631462846FFF764FF08B95C
:10FB9000002073E72D68002DEBD1B9F1000F02D0E2
:10FBA000D9F8080000E00020064612E05246204640
:10FBB000316AFFF7C4F9054615B900205EE70CE08D
:10FBC000524629463046FFF746FF08B9002055E760
:10FBD0003668002EEAD1012050E700204EE710B52C
:10FBE0000446024801682046884710BDF8080020F6
:10FBF000F74800787047FF207047F648007830B12A
:10FC000001280DD002281AD003282FD11EE0002091
:10FC1000F1490880F14908600120EE49087025E0AB
:10FC2000ED480088401CEC49088008460088C82838
:10FC300004DD002008800220E649087016E001205B
:10FC4000E64908600320E34908700FE0E2480088B5
:10FC5000401CE149088008460088C82805DD0020CE
:10FC60000880DC490870FF20704700BF00BF0020FB
:10FC7000FAE710B5DA480078002826D00020D849E5
:10FC80000870D848F5F750F96421D74809F0D2FA3E
:10FC9000D6A3D8A2DBA1D44808F0F2FFE048F5F7DC
:10FCA00062F9DF4809F0B7F9C4B22246DC49DD4801
:10FCB00001F07EF86421DC4809F0BCFAD84B10331F
:10FCC000D84ADAA1D84808F0DBFFFFF796FF10B159
:10FCD000FF20DC490870DB480078FF2804D10020B1
:10FCE000D8490870FF2010BD0020FCE770B5002443
:10FCF000D548007811287DD2DFE800F009164F5C66
:10FD00008A97CCDDF3F2F1F0EFEEEDECEB004FF47F
:10FD10000071CE4809F06CFA0C21CDA0FDF77EFCF5
:10FD20000120C9490870AFE2CDA1C84809F03DF9EA
:10FD3000B0B1CDA1C54809F038F940B10420C2499D
:10FD400008700020CB490880CB49087024E00220CD
:10FD5000BD4908700020C7490880C74908701BE0EA
:10FD6000C4480088401CC349088008460088B0F594
:10FD7000967F11DD00200880B3490870BE480078E6
:10FD8000401CBD49087008460078032804DD0020A7
:10FD90000870EE20AC49087076E24FF40071AB4871
:10FDA00009F026FA0D21B5A0FDF738FC0320A6497D
:10FDB000087069E2B5A1A54809F0F7F840B1042040
:10FDC000A14908700020AB490880AB4908701EE0CB
:10FDD000A8480088401CA749088008460088B0F55C
:10FDE000967F14DD00200880022097490870A24801
:10FDF000007800E01BE2401C9F490870084600782C
:10FE0000032804DD00200870EE208F4908703BE2D3
:10FE10004FF400718D4809F0EBF90B219CA0FDF720
:10FE2000FDFB0520884908702EE298A1874809F05B
:10FE3000BCF888B199A1854809F0B7F818B1092034
:10FE40008149087002E006207F4908700020894936
:10FE50000880894908701CE086480088401C854954
:10FE6000088008460088B0F5967F12DD00200880E3
:10FE700004207549087080480078401C7E4908704D
:10FE800008460078032804DD00200870EE206E4943
:10FE90000870F9E14FF400716C4809F0A9F9624863
:10FEA00009F0B9F8054629465F48FDF7B7FB07207A
:10FEB00065490870E8E17BA1644809F076F888B1EB
:10FEC00008206149087000206A4908806A49087062
:10FED00025E07FE171E11AE108E103E1FEE04AE09B
:10FEE0003CE01DE063480088401C624908800846E9
:10FEF0000088B0F5FA7F12DD002008800620524904
:10FF000008705D480078401C5B490870084600781E
:10FF1000032804DD00200870EE204B490870B3E18F
:10FF20005AA14A4809F041F840B1092046490870F1
:10FF3000002050490880504908700EE04D48008864
:10FF4000401C4C49088008460088B0F5FA7F04DD63
:10FF50000020088009203C49087095E14FF40071A9
:10FF60003A4809F045F9252152A0FDF757FB0A2030
:10FF70003549087088E145A1344809F016F840B1C8
:10FF80000B203149087000203A4908803A4908702E
:10FF90001CE038480088401C364908800846008824
:10FFA000B0F5967F12DD00200880092026490870F0
:10FFB00031480078401C3049087008460078032812
:10FFC00004DD00200870EE201F4908705CE100008D
:10FFD000040900207C0900207A09002084012242C3
:10FFE0007F09002005090020A0A800203131383801
:10FFF0003300000033392E39362E31302E32353071
:020000040801F1
:100000000000000041542B43495053544152543D89
:1000100022544350222C222573222C25730D0A00D2
:100020005909002068A9002004A9002041542B434D
:10003000574A41503D222573222C222573220D0A56
:10004000000000007E090020800900203CA1002063
:1000500041542B43574D4F44453F0D0A00000000CB
:100060002B43574D4F4445002B43574D4F44453A82
:1000700031000000840900208109002041542B43F5
:10008000574D4F44453D310D0A0000004F4B0000D5
:1000900041542B43574A41503F0D0A002B43574AC6
:1000A00041503A005749464920434F4E4E4543542C
:1000B0004544000041542B434950534E545043464D
:1000C000473D312C2D382C226E74702E616C69796D
:1000D000756E2E636F6D220D0A0000000C20FB4927
:1000E0000870D1E00D20F9490870CDE04FF400719F
:1000F000F74809F07DF8F74808F08DFF05462946D6
:10010000F448FDF78BFA0E20F0490870BCE0F2A12C
:10011000EF4808F04AFF28B9AFF29001EC4808F028
:1001200044FF50B10020E9490870ED490880ED49CD
:100130000870ED490870FF2070BDECA1E44808F09C
:1001400034FFE0B1E848007803280DDAE64800788B
:10015000401CE54908700020E1490880E149087029
:100160000F20DA49087027E00020DD490880DD49CA
:100170000870DD490870EE20D44908701CE0D848AA
:100180000088401CD649088008460088B0F5967F54
:1001900012DD002008800D20CC490870D14800787D
:1001A000401CD049087008460078032804DD002070
:1001B0000870EE20C549087066E04FF40071C4482D
:1001C00009F016F80D21CBA0FDF728FA1020BF4941
:1001D000087059E0AFF24C11BD4808F0E6FE40B19E
:1001E0000D20BA4908700020BD490880BD4908703B
:1001F0001CE0BB480088401CB949088008460088BC
:10020000B0F5967F12DD002008800F20AF490870FE
:10021000B4480078401CB3490870084600780328A9
:1002200004DD00200870EE20A84908702CE0B548D5
:10023000007820B1012806D0022823D10FE0012048
:10024000B04908701EE0FFF7D8FC0446FF2C05D12A
:100250000020A34908800220AA49087012E0A048A3
:100260000088B0F57A7F05DA9D480088401C9C49DB
:10027000088006E000209A49088094490870A14946
:10028000087000BF00BF00BF00BF002054E710B5DA
:100290009D48007810B1012838D10CE04FF400716E
:1002A0008B4808F0A5FF082198A0FDF7B7F90120B9
:1002B000954908702CE098A1854808F076FE40B179
:1002C0000020914908709749088097490880FF20CD
:1002D00010BD94480088401C924908800846008858
:1002E000642812DD00200880874908708E48008845
:1002F000401C8D49088008460088052805DD00203F
:10030000088081490870EE20E2E701E0EE20DFE797
:1003100000BF0020DCE72DE9F041074688460024B5
:1003200082480078D8B982A1694808F03EFE0446A8
:10033000A4B181A1204608F038FE451C7CA1644888
:1003400008F033FE04464CB1601D08F021FE86B271
:100350003146284601F0EBFF00BF00BF00BF00BFE1
:100360000020BDE8F0810020704770B506460D46BC
:10037000724880680A2801D1002070BD4FF4437094
:10038000F3F785F804460CB90020F6E725812A46E4
:10039000314604F10A00F2F793FF6848006850B94B
:1003A0000020606020606548046044608068401CF4
:1003B000624988600DE000206060604840684460E9
:1003C0005E48406820605D4844608068401C5B492E
:1003D0008860FF20D1E75948006808B900207047BD
:1003E000564800680830FAE710B55448006808B964
:1003F000002010BD514804680068406820B100200A
:100400004E490968496808604C48006840684B4993
:10041000086008468068401E88602046F3F727F889
:10042000FF20E6E710B50020044608E04348806856
:1004300000B906E0FFF7D8FF601CC0B204460A2CE2
:10044000F4DB00BF10BD10B53D48007800B910BD09
:100450003C480078032838D005DC48B1012813D087
:1004600002287FD180E004287DD0EE28F9D1EEE08B
:10047000FFF7B1FF344908600846006800B9E6E7B5
:10048000012030490870EBE04FF40071104808F08B
:10049000AFFE4FF400712D4808F0AAFE40212C4811
:1004A00008F0C8FE2848006802882AA1284808F0F9
:1004B000E7FB274808F0AFFD044621462448FDF736
:1004C000ADF802201F490870CAE08BE080090020C7
:1004D0003CA10020A0A80020434F4E4E45435400AD
:1004E0008409002081090020820900204552524FD2
:1004F0005200000041542B434950434C4F53450D8B
:100500000A000000860900208709002041542B477B
:100510004D520D0A0000000057524F4F4D2D3332FF
:10052000000000008A090020880900208C090020B2
:100530002B4950442C0000003A00000088A90020FC
:10054000790900208D090020940900203C890020B1
:1005500094A9002041542B43495053454E443D2516
:10056000640D0A0079E053E0FDA1FE4808F01DFD8E
:1005700040B10320FC4908700020FC490870FC4988
:1005800008802EE0AFF29C01F64808F00EFDB0B1F5
:10059000F6480078401CF5490870084600780328A2
:1005A0001FDD00200870FAF7A2FB00F0E8FEFFF75D
:1005B00039FFFDF7ADF8EE20EB49087011E0EC488B
:1005C0000088642805DAEA480088401CE849088069
:1005D00007E00020E6490880E44908700320E2496A
:1005E00008703DE04FF40071DE4808F001FE4FF462
:1005F0000071E04808F0FCFDDF4800680188DE4833
:100600000068801CFDF70AF80420D749087027E02D
:10061000DAA1D44808F0C9FC40B1EE20D2490870F4
:100620000020D2490870D24908800FE0D0480088E5
:10063000642805DACE480088401CCD49088005E0D2
:100640000020CB490880EE20C749087008E0FFF77A
:10065000CBFE0020C449087000BF00BF00BF00BF30
:1006600000BF00BFF3E670B504460D46294620469C
:10067000FFF77BFEFF2070BD30B585B00024C14878
:10068000006841F27071884205D2BE480068401C83
:10069000BC49086048E2BC48007830B1012815D058
:1006A00002284FD0032872D159E00020B7490870C2
:1006B0004FF40071AB4808F09BFD0B21AFF23060A6
:1006C000FCF7ACFF0120B04908702CE2AFF24461A6
:1006D000A44808F06AFC00B3AFF24061A14808F0FA
:1006E00064FC044684B1AAA19E4808F05EFC04465E
:1006F00054B1641C2078372803DD0020A549087018
:1007000002E00120A349087002209F4908700020E0
:10071000A1490880A149087013E09F480088401C47
:100720009D4908800846008864280ADD002008806A
:1007300095490870994908709249086001209349C9
:100740000870F0E14FF40071864808F051FD112166
:1007500093A0FCF763FF03208B490870E3E1AFF23D
:10076000D461804808F021FC00287DD091A17D480B
:1007700008F01BFC0446002C77D0113491A1794875
:1007800008F013FC20B101208DF80E0062E0C9E1F1
:100790008DA1744808F009FC18B102208DF80E00F4
:1007A00058E08AA16F4808F000FC18B103208DF8CA
:1007B0000E004FE086A16B4808F0F7FB18B104204B
:1007C0008DF80E0046E083A1664808F0EEFB18B1F4
:1007D00005208DF80E003DE07FA1624808F0E5FBA2
:1007E00018B106208DF80E0034E07CA15D4808F0B9
:1007F000DCFB18B107208DF80E002BE078A15948DA
:1008000008F0D3FB18B108208DF80E0022E075A186
:10081000544808F0CAFB18B109208DF80E0019E001
:1008200072A1504808F0C1FB18B10A208DF80E00E3
:1008300010E06FA14B4808F0B8FB18B10B208DF801
:100840000E0007E06BA1474808F0AFFB10B10C2089
:100850008DF80E009DF80E000C2810DD00204E498A
:1008600008804949087001E046E13AE14B490870C7
:100870004449086001204549087005B030BD241D79
:100880002078302815DB2078392812DC617830395F
:100890002278303A02EB820201EB4200C11700EBF2
:1008A000D1614911A0EB4111C9B28DF80F10E41CC0
:1008B00006E0641C20783038C0B28DF80F00A41C0C
:1008C0009DF80F001F280CDD0020334908802E49B9
:1008D0000870324908702B49086001202B490870C4
:1008E000CBE7607830382178303901EB810100EBBB
:1008F0004100182190FBF1F201FB1200C0B28DF80B
:1009000010009DF8100017280CDD002022490880F7
:100910001D490870214908701A49086001201B49C7
:100920000870AAE7E41C607830382178303901EB90
:10093000810100EB41003C2190FBF1F201FB120030
:10094000C0B28DF811009DF811003B2859DD002040
:10095000114908800C4908701049087009494BE09A
:100960003E0000003CA100208D0900208E090020DF
:10097000900900203C8900209409002053454E44F2
:10098000204F4B009C090020980900207909002085
:100990002D000000040900209A0900209909002078
:1009A00041542B434950534E545054494D453F0DEB
:1009B0000A0000002B434950534E545054494D45B2
:1009C0003A0000004A616E00466562004D617200A7
:1009D000417072004D6179004A756E004A756C0075
:1009E0004175670053657074000000004F63740028
:1009F0004E6F760044656300086001208A490870E4
:100A00003BE7E41C607830382178303901EB810114
:100A100000EB41003C2190FBF1F201FB1200C0B25F
:100A20008DF812009DF812003B280CDD00207F4954
:100A300008807F4908707F4908707F49086001205D
:100A40007949087019E7E41CE07830380A2190FBF6
:100A5000F1F201FB1202207830384FF47A714843EA
:100A60006178303901EBC10303EB011100EB810127
:100A7000A078303800EB800001EB4000104480B2D9
:100A8000ADF80C00BDF80C0040F6330188420CDDD7
:100A90000020664908806649087066490870664902
:100AA0000860012060490870E7E603A801F049FEEC
:100AB000BDF80C00642190FBF1F201FB1200C5B2FD
:100AC0009DF812009DF811109DF81020CDE900212D
:100AD00002909DF80F209DF80E100023284602F08A
:100AE00011FD0020534908705149087052490860AF
:100AF00001204D49087014E04C480088401C4B49C7
:100B000008800846008864280BDD002008804849DA
:100B10000870484908704849086001204249087037
:100B2000ABE600E000BF00BF00BFA6E610B50024A2
:100B30004248006841F27071884205D23F4800681F
:100B4000401C3E49086064E03D48007810B101282F
:100B50005DD110E00020344908704FF4007139482D
:100B600008F046FB0B21AFF6D820FCF757FD01201B
:100B7000334908704CE0AFF6EC21324808F015FA22
:100B800020B3AFF6E8212F4808F00FFA044684B1ED
:100B90002DA12C4808F009FA044654B1241D2078F0
:100BA000342803DD00202A49087002E0012028498A
:100BB00008700020224908702649088026490870DC
:100BC0001E4908600120184908701FE0214800886C
:100BD000401C2049088008460088B0F5967F15DD46
:100BE00000200880164908701B480078401C1A49EC
:100BF000087008460078032808DD002008701049B6
:100C000008700E49086001200749087000E000BF25
:100C100000BF10BD10B5FFF716FCFCF7F9FD08B1D9
:100C2000FFF72AFD10BD0000790900209A09002075
:100C300098090020990900209C090020A40900209F
:100C4000A00900203CA100202C312C2D0000000028
:100C500004090020A2090020A10900200246002169
:100C600000BF0AE0704800EB81004088904203D149
:100C70006D4830F821007047491C41F615508142FB
:100C8000F0D30020F7E703467F2B04D803F07F0062
:100C9000087001207047802B0ED3B3F5006F0BD284
:100CA00003F03F0040F080004870C3F3841040F030
:100CB000C00008700220EDE7B3F5006F13D3B3F561
:100CC000803F10D203F03F0040F080008870C3F3F3
:100CD000851040F080004870C3F3033040F0E0001E
:100CE00008700320D6E7B3F5803F18D3B3F5001F93
:100CF00015D203F03F0040F08000C870C3F38510A8
:100D000040F080008870C3F3053040F080004870E8
:100D1000C3F3824040F0F00008700420BAE7B3F556
:100D2000001F1DD3B3F1806F1AD203F03F0040F0D3
:100D300080000871C3F3851040F08000C870C3F3D1
:100D4000053040F080008870C3F3854040F080009B
:100D50004870C3F3016040F0F8000870052099E77F
:100D6000B3F1806F22D3B3F1004F1FD203F03F00E5
:100D700040F080004871C3F3851040F08000087196
:100D8000C3F3053040F08000C870C3F3854040F0E5
:100D900080008870C3F3056040F080004870C3F3A2
:100DA000807040F0FC000870062073E7002071E7B7
:100DB0002DE9F05F07460D4690464FF000090026EA
:100DC000002420E0285D7F2814DD601C295C285D5C
:100DD00001EB00201FFA80FA5046FFF73FFF8346E1
:100DE000B91906225846FFF74EFF81464E44A01C13
:100DF000C4B208E0B919285D0622FFF744FF814616
:100E00004E44601CC4B24445DCDB3046BDE8F09F74
:100E100010B5064808F0FFF8C4B22246034904485A
:100E2000FFF7C6FF10BD0000D4C30108A8090020C9
:100E3000D4A90020F748007A704770B50546F548F8
:100E4000046808E0294604F10B0008F01BFA08B911
:100E5000204670BD6468002CF4D10020F9E770B51D
:100E600005462846FFF7E9FF04460CB9002070BD8F
:100E700004F10800FBE770B5054635B1288820B1BC
:100E8000A878022801DCE81C20B900BF00BF4FF0A1
:100E9000FF3070BDDF48007A012804DB00BF00BFCF
:100EA0006FF00100F5E7E81CFFF7D9FF064626B111
:100EB000A878B0706FF00200EBE74C20F2F7E7FA89
:100EC000044624B900BF00BF6FF00300E1E74422ED
:100ED000294604F10800F2F7F3F9CE48006850B94A
:100EE000002060602060CB4804604460007A401CB1
:100EF000C84908720DE000206060C6484068446040
:100F0000C44840682060C3484460007A401CC1491E
:100F10000872FF20BDE770B505462846FFF78DFF34
:100F2000044624B900BF00BF4FF0FF3070BDB94880
:100F3000007A01280AD1B7480068B6494968884252
:100F400004D10020B349086048601BE0B148006844
:100F5000A04206D1AF4960680860002009680860B7
:100F600010E0AC484068A04206D1AA492068486019
:100F700000204968486005E0D4E900104860D4E9E1
:100F800000010860A348007A401EA249087220466A
:100F9000F2F76DFAFF20C9E770B505460026442038
:100FA000F2F775FA04460CB9701E70BD27229AA19B
:100FB000E01CF2F785F91822294604F11200F2F735
:100FC0007FF9272020800120A0702046FFF753FFE3
:100FD0000646002E05DA2046F2F749FA6FF00100C6
:100FE000E3E7FF20E1E730B50346002014E0141AE0
:100FF000641E0C5D8C4D05EB1414247803F810402E
:10100000141A641E0C5D04F00F042C5D012505EB21
:1010100040055C55441CE0B29042E8DB30BD83489B
:10102000D0E90020521C40F100008049C1E90020B5
:1010300003C9704700B58FB014227DA10AA808F03B
:10104000A5F8FFF7ECFFCDE9080106A801F060FB69
:10105000082208A90AA8FFF7C6FF00207949C8841A
:101060004FF480717748283008F0C2F89DF81E00D0
:101070009DF81D109DF81C209DF81B30CDE9023213
:10108000CDE904109DF81A00BDF818100AAB6E4A9D
:10109000CDE900106D49A2F5847007F0F1FD6948B3
:1010A000283007F0B8FF6749C884FF200FB000BDA3
:1010B00070B5054600243C20624908800846C07887
:1010C00020F00200801CC87004208870A1F828015C
:1010D00004225FA15C48801FF2F7F2F818205949FA
:1010E000A1F82E015848F3F7ACFE5648C07820F01E
:1010F000800080305349C8700820A1F854010822AC
:1011000055A151482630F2F7DBF84E48C07820F060
:10111000400040304B49C8700C20A1F860010C22FF
:1011200050A149483230F2F7CBF84648C07820F059
:1011300004004449C8700846C07820F01800C87000
:101140000846C07820F02000C8700C2088800C224F
:1011500048A13C48801DF2F7B3F870BD10B50020DF
:101160003849C8844FF480713648283008F040F878
:101170003448C07820F018003249C8700846C0785A
:1011800020F02000C8700846C07820F00400C87025
:1011900010BD10B5FFF74EFF2A48C07820F01800A8
:1011A0002849C8700846C07820F02000C87008465A
:1011B000C07820F00400001DC87010BD21490880CF
:1011C00070472049887070471E48C07820F00200A0
:1011D000801C1C49C87070471A48C07820F0020073
:1011E0001849C87070471748C07820F0400015496A
:1011F000C87070471348C07820F040004030114953
:10120000C87070470F48C07820F080000D49C87042
:101210007047000058AB0020636F6E74726F6C6C87
:1012200065725F6D73672F00B0090020C009002050
:10123000464646464646464646464646464646464E
:1012400000000000E8A9002018AB0020483902087F
:101250004D515454000000007465726D696E616CEC
:101260000000000076656E64696E67313233303697
:10127000000000007465726D696E616C5F6D73676C
:10128000000000000848C07820F080008030064947
:10129000C870704710B504462046FFF77DFE204613
:1012A000FFF706FF10BD0000E8A90020E4488078A1
:1012B0007047E348807820B10020E1494860C87059
:1012C00010E0DF48406842F6E061884207D2DC481F
:1012D0004068401CDA4948600020C87002E00120E4
:1012E000D749C87070470178D64A1170418851803B
:1012F00081889180704710B5D248007818B3D148E2
:101300004088B0F57A7F02DD0020CD490870CD48D5
:10131000418880880A3000EBC00202EB0010B1EB7C
:10132000800F05DAC7484088401CC64948800AE05B
:101330000020C44908700120C14908700020C1493B
:101340004880F2F7D7F810BD70B592B005460C464C
:1013500016468DF80660ADF80440224629460DF188
:101360000700F1F7ADFF01A8FFF785FD12B070BDD2
:1013700042F6E060B24948600120C8707047002022
:10138000AF4988704870B04908704880887400215F
:10139000AD4881820020AC4988720021AA48818131
:1013A000704700B5FFF7E4FFFFF7E9FF00BD01203C
:1013B000A349087070470020A1490870704710B514
:1013C0009F48007800B910BD9D48407806286FD02E
:1013D00005DC17D2DFE800F010162F356E740928EF
:1013E00067D004DC072879D008280BD1D5E0122873
:1013F00009D01F28F9D10CE1FCF70AFA10B102203C
:101400008F49487011E191480068B0F57A7F05D2A4
:101410008E480068401C8D49086005E000208B491B
:1014200008600220864948708748007810B1032080
:1014300083494870F9E001F0F6F8032080494870CC
:10144000F3E08148007888B17D48C07818B1042065
:101450007B49487004E00620794948700120887073
:1014600000207A4908607A49087020E077480068CF
:10147000B0F57A7F05D275480068401C7349086052
:1014800015E000207149086071480078022808DAE8
:101490006F480078401C6E49087002206849487007
:1014A00005E000206A490870082065494870BCE0E2
:1014B0003AE07DE001F0D8F8052061494870B4E0D9
:1014C0006148807A58B101205D49887006204870D3
:1014D00000205E4908605E49087024E02AE05B480D
:1014E0000068B0F57A7F05D258480068401C57491B
:1014F000086018E000205549086055480078032826
:1015000008DA53480078401C5149087004204C49BF
:10151000487008E000204C49087002204849487093
:1015200000204B49087080E001F04AF80720444948
:1015300048707AE045480068B0F57A7F05D24348A4
:101540000068401C4149086026E000203F490860CF
:101550003D48807C40B100203D4908703A4988747C
:1015600006203749487017E039480078062808DA1D
:1015700037480078401C36490870062030494870CA
:101580000AE000203049087088722D49887030497F
:1015900008701F202A49487047E001F023F809200D
:1015A0002749487042F6E06048600120C8703CE07E
:1015B0002548007850B1002024490860244908706B
:1015C0002149087002201E49487021E01F48006828
:1015D000B0F57A7F05D21D480068401C1B490860A1
:1015E00016E000201949086019480078012808DA37
:1015F00017480078401C16490870082010494870A8
:1016000006E00020124908701F200D494870DAE6F4
:101610000BE0F9F76CFBFFF7B2FEFEF703FFFCF7F8
:1016200077F800200649487000BF00BF00BFCAE637
:1016300010B5FFF73EFEFFF75EFEFFF7C0FE10BDE0
:10164000D0090020C809002064AB0020D809002080
:10165000DC090020FE480088401CFD49088008463F
:1016600000887047F0B500220023002600240546BC
:10167000C71700EB5767C7F3C7121546D71702EB1A
:101680005767FB111D46DF1703EB5767FE11054631
:10169000C71700EB5767FF11A0EBC717FCB2012E6D
:1016A0000CDB44F080050D7042F080054D7043F076
:1016B00080058D70CE7004250D7117E0012B09DBBC
:1016C00044F080050D7042F080054D708B7003254D
:1016D0000D710BE0012A06DB44F080050D704A70A5
:1016E00002250D7102E0087001250D71F0BD00208A
:1016F000D849B1F828110831D64AB2F82E21114440
:1017000088B2D449C978C1F3800139B1D1498988F7
:10171000091DD04AD28C1144014488B2CD49C97800
:10172000C90929B1CB49B1F85411891C014488B2C7
:10173000C849C978C1F3801129B1C649B1F860110F
:10174000891C014488B2704770B50446FFF7CFFF8B
:1017500005462146FFF786FF70BD1CB5002468468C
:10176000FFF7F2FFFFF7C3FF9DF80410491C084480
:1017700084B220461CBD7CB50546002410202855A7
:10178000641C6846FFF7E0FF002606E01DF806002F
:101790002855601C84B2701CC6B29DF80400B0428B
:1017A000F4DCAC49B1F82801C11700EB1161C1F3B9
:1017B00007212955601C84B2A649B1F82801C11738
:1017C00000EB11610912A0EB01212955601C84B2C4
:1017D000A049B1F82821281901F59571F1F770FD9C
:1017E0009C48B0F82801204484B29A488078285553
:1017F000601C84B2281901229649C91CF1F760FDCA
:10180000601C84B293490888C11700EB1161C1F3D1
:1018100007212955601C84B28E490888C11700EB46
:1018200011610912A0EB01212955601C84B289497C
:10183000B1F82E01C11700EB1161C1F30721295541
:10184000601C84B28349B1F82E01C11700EB11610D
:101850000912A0EB01212955601C84B27D49B1F821
:101860002E21281901F59871F1F72AFD7948B0F871
:101870002E01204484B27748C078C0F3800000284D
:101880003DD074498888C11700EB1161C1F307216D
:101890002955601C84B26F498888C11700EB11611B
:1018A0000912A0EB01212955601C84B269498A887C
:1018B0002819891DF1F704FD66488088204484B208
:1018C0006449C88CC11700EB1161C1F30721295588
:1018D000601C84B25F49C88CC11700EB116109120A
:1018E000A0EB01212955601C84B25A49CA8C2819E1
:1018F0002831F1F7E5FC5748C08C204484B25548A4
:10190000C078C00918B35349B1F85401C11700EBAE
:101910001161C1F307212955601C84B24D49B1F80A
:101920005401C11700EB11610912A0EB01212955E7
:10193000601C84B24749B1F85421281901F5AB71F4
:10194000F1F7BEFC4348B0F85401204484B241484A
:10195000C078C0F3801018B33E49B1F86001C117D8
:1019600000EB1161C1F307212955601C84B239498C
:10197000B1F86001C11700EB11610912A0EB012160
:101980002955601C84B23349B1F86021281901F54A
:10199000B171F1F795FC2F48B0F86001204484B292
:1019A00020467CBD0420704710B50246002040232D
:1019B0001354401C02231354401C0B46CC1701EB5C
:1019C0001464C4F307241454401CCC1701EB1464B2
:1019D0002412A1EB04241454401C10BD0146002025
:1019E000CA88921CB1F848301A4490B20A78002A8A
:1019F00001DD821C90B2704770B504460D4620464A
:101A0000FFF7ECFF06462946FFF72CFE70BD7CB5BC
:101A1000044669462046FFF7EFFF2046FFF7DEFF4A
:101A20009DF80410491C084485B228467CBD2DE968
:101A3000FC4106460D460027002469463046FFF764
:101A4000DBFF302028553078012809D1285D03E0DC
:101A5000DE090020E8A9002040F00200285509E036
:101A60003078022804D1285D40F00400285501E0B8
:101A7000285D2855B078012804D1285D40F0080081
:101A8000285501E0285D28557078012804D1285D8B
:101A900040F00100285501E0285D2855601C84B203
:101AA000002706E01DF807002855601C84B2781C4A
:101AB000C7B29DF80400B842F4DCF088C11700EB0F
:101AC0001161C1F307212955601C84B2F088C11748
:101AD00000EB11610912A0EB01212955601C84B2B1
:101AE000F288281906F10801F1F7EAFBF088204492
:101AF00084B2307890B1B088C11700EB1161C1F3A6
:101B000007212955601C84B2B088C11700EB116110
:101B10000912A0EB01212955601C84B2B6F84820B7
:101B20002819F16CF1F7CCFBB6F84800204484B2D8
:101B30002046BDE8FC8100203D4A1168022004E0F7
:101B40000A89D21C024490B249680029F8D1704732
:101B500070B50446FFF7EFFF05462146FFF782FD0B
:101B600070BD1CB500246846FFF7F2FFFFF7E3FFE6
:101B70009DF80410491C084484B220461CBD2DE980
:101B8000FC41054600242A480668FFF763FD074626
:101B90006846FFF7DDFF82202855641C4FF00008DF
:101BA00008E01DF808002855601C84B208F1010007
:101BB00000F0FF089DF804004045F2DC3846F917B4
:101BC00007EB1161C1F307212955601C84B2384627
:101BD000F91707EB11610912A7EB01212955601CC8
:101BE00084B220E03089C11700EB1161C1F30721F5
:101BF0002955601C84B23089C11700EB11610912AC
:101C0000A0EB01212955601C84B23289281906F104
:101C10000B01F1F755FB3089204484B2B07A285586
:101C2000601C84B27668002EDCD12046BDE8FC81C1
:101C300058AB002094490880704794484078934AF4
:101C40001278904205D191484088142801D1002093
:101C500070478E480278001D50F822100022001FA5
:101C60000378001D40F82320001F0078401C874A9D
:101C7000107010464088401C508010460078142890
:101C800001D1002010700846E2E770B50546002437
:101C90007E4840787D490978884209D17B48408850
:101CA00030B9FFF7CAFF044614B12046F1F7DFFB55
:101CB00076484178001D40F82150001F4078401CB4
:101CC0007249487008464088401E4880084640785F
:101CD000142801D100204870012070BD6C48407864
:101CE0006B4A1278904205D169484088142801D186
:101CF0000020704766480278001D50F8221000222C
:101D0000001F0378001D40F82320001F0078401CAE
:101D10005F4A107010464088401C50801046007882
:101D2000142801D1002010700846E2E770B505467E
:101D30000024574840785649097888420ED15448C3
:101D4000408858B9FFF7CAFF04463CB1E06C10B1B7
:101D5000E06CF1F78CFB2046F1F789FB4C484178A9
:101D6000001D40F82150001F4078401C4849487031
:101D700008464088401E488008464078142801D113
:101D800000204870012070BD41484078404A1278D8
:101D9000904205D13E484088142801D10020704768
:101DA0003B480278001D50F822100846F7E710B5AE
:101DB000002438480068B0F5FA7F05D2354800683D
:101DC000401C3449086010BD002032490860FFF70C
:101DD000DBFF0446002C41D02B480088A1888842B4
:101DE0000CD1FFF77BFF04463CB1E06C10B1E06C16
:101DF000F1F73DFB2046F1F73AFBE4E7F8F7C7FFC0
:101E000028B1204600F048FCE078401CE070E07803
:101E100014280CDDFFF762FF04463CB1E06C10B102
:101E2000E06CF1F724FB2046F1F721FBCBE72078AB
:101E3000012806D104F1080018B1E08808B1E06C6F
:101E400060B9FFF74BFF04463CB1E06C10B1E06CA9
:101E5000F1F70DFB2046F1F70AFBB4E700BFB2E74C
:101E600010B50024FFF7E9FE04462CB1208800F0ED
:101E70002EFC2046F1F7FBFA10BD10B5FFF797FFD7
:101E8000FFF7EEFF10BD0000E0090020E40900208C
:101E9000380A00208C0A002010B502460B46114675
:101EA000042B02D38878400810B14FF0FF3010BDEA
:101EB000887800F00100FE4C2071C8786071C87805
:101EC00010B16FF00100F2E70120F94C2070FF2003
:101ED000EDE770B504460D462646042D01D20120DB
:101EE00070BDF348C088401CF149C880F178B078D3
:101EF00001EB002081B2EE48018101460889FFF71D
:101F000099FEFF20ECE72DE9F04106460F463546E5
:101F1000FEF790FF804608F10400B84203D94FF065
:101F2000FF30BDE8F081E2488089401C81B2E04882
:101F30008181E978A87801EB002081B2DC48C18179
:101F400000240DE0281D015DD94810300155281DE1
:101F5000005D802802D16FF00100E2E7601CC4B28E
:101F60004445EFDB0120D2498872FF20D9E70246C1
:101F7000022902DA4FF0FF307047507810B16FF04D
:101F80000100F9E70120CA4B98741846808A401C6A
:101F900083B2C7488382FF20EEE770B504460D4642
:101FA00020783A2840D008DC20280FD0302831D0C3
:101FB000322834D0332846D13BE03B283ED040285D
:101FC0000DD0902814D0D0283DD11AE029462046C3
:101FD000FFF762FF002801DD202070BD35E02946B3
:101FE0002046FFF776FF002801DD4020F5E72CE0D2
:101FF00029462046FFF787FF002801DD9020ECE707
:1020000023E029462046FFF7B2FF002801DDD0205B
:10201000E3E71AE00120A64988743020DDE70120BB
:10202000A34988743220D8E70120A14988743A2056
:10203000D3E701209E4988743320CEE701209C49D4
:1020400088743B20C9E70020C7E700BF0020C4E731
:1020500010B50246002100200023491C545C04F006
:102060008004002C2ED0545C04F07F040444A0B201
:102070004C1CA1B2545C04F08004ECB1545C04F03C
:102080007F0400EBC414A0B24C1CA1B2545C04F059
:1020900080045CB1545C00EB8434A0B24C1CA1B24F
:1020A000545C00EB4454A0B204230DE00323545CC1
:1020B00000EB8434A0B207E00223545C00EBC414AC
:1020C000A0B201E00123505C10BD024600210020B7
:1020D000491C535C03F080039BB14B1C99B2535CC9
:1020E00003F080035BB14B1C99B2535C03F0800397
:1020F0001BB14B1C99B2042004E0032002E0022033
:1021000000E0012070472DE9F04307468846144659
:1021100000250026A9462046FFF7D7FF0646042ED5
:1021200002DD0120BDE8F083601C30444178601C72
:10213000805D01EB00201FFA80F9C14501D002202B
:10214000F0E700250AE0795D601C3044801C405DAA
:10215000814201D00320E5E7681C85B24D45F2DBE2
:102160000020DFE72DE9F04180460C4600250027DE
:102170002046FFF7AAFF0546042D02DD0020BDE83A
:10218000F081601C28444178601C405D01EB002018
:10219000C7B2B8F1010F18D10220F1F778F906465D
:1021A00076B1601C2844801C38444178601C284467
:1021B000801CC05D01EB002030803046FFF765FDDC
:1021C000E81C3844801C044402E0E81C3844044401
:1021D0002046D4E7014637484078364A1278904284
:1021E00004D13448408808B9FF207047314842780C
:1021F000001D40F82210001F4078401C2D4A5070EE
:1022000010464088401E508010464078202801D15A
:10221000002050700120E8E726484078254A1278CF
:10222000904205D123484088202801D100207047E2
:1022300020480278001D50F822100022001F037869
:10224000001D40F82320001F0078401C194A107020
:1022500010464088401C508010460078202801D14C
:10226000002010700846E2E700B5FFF7D5FF00BD7B
:102270002DE9F041054600240026284606F0CBFE55
:102280000746F1F704F9044614B90120BDE8F081CE
:10229000284606F0C0FE07463A4629462046F1F792
:1022A0000FF82046FFF796FF0646FF2E0AD103E0FF
:1022B00064AB0020900A002014B12046F1F7D7F853
:1022C0000220E3E70020E1E770B504460025002680
:1022D0002046FFF7FAFE0546042D01DD002070BD03
:1022E000601C28444178601C405D01EB0020C6B2B0
:1022F0003046F4E72DE9F04104460D464FF0000862
:10230000002600272846FFF7A3FE06462846FFF7CB
:10231000DBFF074624B9B81C301A1FFA80F803E027
:10232000381D301A1FFA80F84046BDE8F0812DE9CB
:10233000FF5F05460C4600260027002003908246DA
:102340008146029080460190FBF762FA18B900209E
:1023500004B0BDE8F09F2DE1002C01DC3046F7E72A
:102360002846FFF775FE03902846FFF7AEFE82462B
:10237000BAF1040F03DD6D1C601E84B21AE10AF18C
:102380000100039908441FFA80F9A14503DD6D1C83
:10239000601E84B20EE1E1B22846FFF7FEFD029016
:1023A00002983B287DD00CDC32287BD004DC20282E
:1023B00010D0302877D112E033287FD03A28F9D1D5
:1023C0007DE0402807D0902806D0B02805D0D0283E
:1023D000F0D103E0E4E0E3E0E2E0E1E0E0E0764ACF
:1023E00012681189744A126802F10B002A46FFF73D
:1023F0008AFE0190704A126811896F4A126802F1D0
:102400000B002A46FFF77FFE98B929460020FFF708
:10241000A9FE07460FB902209AE73846FFF728FFC2
:102420008046B8F1000F01D0032091E7701CC6B2BE
:1024300042E0614A1268526811895F4A1268526824
:1024400002F10B002A46FFF75EFE98B929460020EC
:10245000FFF788FE07460FB9022079E73846FFF7F5
:1024600007FF8046B8F1000F01D0032070E7701C11
:10247000C6B221E0514806F0CEFD1FFA80FB2A4685
:1024800059464E48FFF73FFE90B929460020FFF716
:1024900031FF834629460020FFF764FE594600902D
:1024A00003E00DE009E074E008E000F025FA03E045
:1024B0006D1C601E84B27DE072E000BF00BF00BFF3
:1024C0003D4A126811893C4A126802F10B002A4603
:1024D000FFF719FE0190384A12681189364A1268CE
:1024E00002F10B002A46FFF70EFE98B9294601209B
:1024F000FFF738FE07460FB9022029E73846FFF7F5
:10250000B7FE8046B8F1000F01D0032020E7701C11
:10251000C6B23DE0284A126852681189264A1268FC
:10252000526802F10B002A46FFF7EDFD98B92946E3
:102530000120FFF717FE07460FB9022008E73846CB
:10254000FFF796FE8046B8F1000F01D00320FFE6AA
:10255000701CC6B21CE0194806F05DFD1FFA80FB36
:102560002A4659461548FFF7CEFD68B9294601208D
:10257000FFF7C0FE834629460120FFF7F3FD5946C9
:10258000009000F0B9F903E06D1C601E84B211E008
:1025900006E0002C03DD6D1C601E84B20AE000BF63
:1025A00000BF4D44A4EB090084B200200390824692
:1025B000814600BFD0E6000058AB0020BAAB002037
:1025C00008B550A00068009002216846FBF71FFA8A
:1025D00008BD08B54CA00068009002216846FBF7D2
:1025E00016FA08BD70B5002400254848C078C0F32D
:1025F000800008B1FEF71EFDFFF7AFF8054628463C
:10260000F0F745FF044604B970BDFEF7DDFD204636
:10261000FFF7B1F829462046FBF7F9F92046F0F715
:1026200026FF00BFF0E770B500240025FEF7D4FDBB
:102630003648C078C0F3800008B1FEF7FBFCFFF716
:102640008CF805462846F0F722FF044604B970BD11
:102650002046FFF790F829462046FBF7D8F9204698
:10266000F0F705FF00BFF2E770B500240025FFF783
:1026700078FA05462846F0F70AFF044604B970BD0B
:102680002046FFF77CFA29462046FBF7C0F9204692
:10269000F0F7EDFE00BFF2E770B506460024002516
:1026A0003046FFF7B4F905462846F0F7F0FE044639
:1026B00004B970BD21463046FFF7B9F929462046D6
:1026C000FBF7A5F92046F0F7D2FE00BFF1E770B5A1
:1026D000044600250026FFF765F906463046F0F768
:1026E000D6FE054605B970BD21462846FFF75CF9C0
:1026F00031462846FBF78BF92846F0F7B8FE00BFB5
:10270000F1E70000C0000000E0000000E8A90020A0
:102710003EB504466846F6F779FA9DF80200A071C6
:102720009DF8010060719DF8000020719DF8070080
:10273000E0709DF80600A070BDF804002080002025
:102740003EBD7CB50446A0796179CDE900102379BE
:10275000E278A1782088F6F741FA00207CBD1CB50C
:10276000024600BF93798C79A34206DB93798C797A
:102770001B1BDBB28DF806300AE08B79C3F13C03FA
:1027800094792344DBB28DF8063053795B1E537184
:1027900053794C79A34206DB53794C791B1BDBB28E
:1027A0008DF805300AE04B79C3F13C03547923449A
:1027B000DBB28DF8053013795B1E137113790C7938
:1027C000A34206DB13790C791B1BDBB28DF80430B6
:1027D00007E00B79C3F1180314792344DBB28DF8B9
:1027E00004309DF80430C3EB03139B00C3EB0313C9
:1027F0009B009DF80540C4EB041403EB84039DF893
:10280000064018191CBD024610790B79984201DD6B
:102810000120704710790B79984202DA4FF0FF30AF
:10282000F7E750794B79984201DD0120F1E75079C3
:102830004B79984202DA4FF0FF30EAE790798B79D2
:10284000984201DD0120E4E790798B79984202DA21
:102850004FF0FF30DDE70020DBE70146088840F657
:102860003402904204DC088840F2E372904202DABB
:102870004FF0FF30704788780C2802DC88780128F8
:1028800002DA4FF0FF30F5E7C8781F2802DCC8787D
:10289000012802DA4FF0FF30ECE70879172802DC54
:1028A0000879002802DA4FF0FF30E3E748793C2846
:1028B00002DC4879002802DA4FF0FF30DAE7887945
:1028C0003C2802DC8879002802DA4FF0FF30D1E79B
:1028D0000020CFE710B50648FFF71AFF044800882C
:1028E00040F2E371884201DA012010BD0020FCE7CC
:1028F000140B00200246704770470000FE49086034
:102900007047FE4908607047FD4908607047FD49FF
:1029100008607047FC4908607047FC4908607047D0
:10292000FB4908607047FB4908607047FA49086036
:102930007047FA4908607047F94908607047F949DB
:1029400008607047F84908607047F84908607047A8
:10295000F74908607047F74908607047F649086012
:102960007047F64908607047F54880787047002046
:10297000F34988707047F24908800021F04A91704D
:102980007047F048807870470020EE4988707047A3
:10299000EC4908800021EB4A9170704770B50446FD
:1029A00000256179207901EB002085B2E07882284A
:1029B00002D0832875D103E00120E149887019E134
:1029C000E0480088A84202D10120DE49887045F61F
:1029D0004001681A8D4270D01DDC45F23071A5EBC4
:1029E00001008D425ED00DDCA5F58040A0F5A15020
:1029F000A8B3E02828D0B0F5987F31D0B0F5407F5B
:102A000073D143E0202859D0502862D0602861D08B
:102A1000E028F5D16BE0902868D008DC102871D050
:102A2000302870D060286FD07028E9D19CE0D02881
:102A30006BD0F0286AD0B0F5BF5F68D0A0F5B85071
:102A4000F0380028DCD1C6E0BA48006830B1A07880
:102A5000C01EC1B2201DB74A12689047C7E00AE005
:102A6000B548006830B1A078C01EC1B2201DB24A7E
:102A700012689047BBE0B148006830B1A078C01E32
:102A8000C1B2201DAD4A12689047B0E0A648006868
:102A900030B1A078C01EC1B2201DA34A1268904771
:102AA000A5E0A6E0A148006830B1A078C01EC1B280
:102AB000201D9E4A1268904799E029E09C480068D2
:102AC00030B1A078C01EC1B2201D994A126890474B
:102AD0008DE08CE09248006830B1A078C01EC1B291
:102AE000201D8F4A1268904781E07FE047E08D48C3
:102AF000006830B1A078C01EC1B2201D894A12689A
:102B0000904774E00FE019E023E043E04DE057E028
:102B10008048006830B1A078C01EC1B2201D7D4A37
:102B20001268904763E07C48006830B1A078C01E0E
:102B3000C1B2201D784A1268904758E07748006873
:102B400030B1A078C01EC1B2201D744A12689047EF
:102B50004DE06D48006830B1A078C01EC1B2201DA4
:102B6000694A1268904742E06848006830B1A0782E
:102B7000C01EC1B2201D654A1268904737E0644804
:102B8000006830B1A078C01EC1B2201D604A126832
:102B900090472CE05B48006830B1A078C01EC1B2FD
:102BA000201D584A1268904721E05548006830B10E
:102BB000A078C01EC1B2201D514A1268904716E08D
:102BC0004E48006830B1A078C01EC1B2201D4B4AEB
:102BD000126890470BE04848006830B1A078C01EEA
:102BE000C1B2201D444A1268904700E000BF00BFF8
:102BF00000E000BF00BF70BD2DE9F0410446002594
:102C0000002700265048007801280FDA5A2C09D1F5
:102C10004E484D49097844544B480078401C4A4975
:102C20000870C7E0002048490870C3E046480078B3
:102C300002280FDAA52C09D14448434909784454A5
:102C400041480078401C40490870B3E000203E49EC
:102C50000870AFE03C48007803280FDAFA2C09DA54
:102C60003A4839490978445437480078401C364975
:102C700008709FE00020344908709BE032480078DB
:102C8000042811DA822C01D0832C09D12F482E4937
:102C9000097844542C480078401C2B49087089E07E
:102CA00000202949087085E027480078FF2809DAC4
:102CB000264825490978445423480078401C224975
:102CC000087002E00020204908701F480078C01EEC
:102CD0001E49897888426DDB1C488078801E81B24D
:102CE0001A48C01C00F01EF9074617480078401E1D
:102CF0001649095C14482BE0680B00206C0B00207F
:102D0000640B0020600B0020540B0020580B0020A7
:102D10005C0B0020480B00204C0B0020500B0020C7
:102D2000400B0020440B0020340B0020380B002007
:102D30003C0B0020280B00202C0B0020300B002027
:102D40001E0B0020220B00201C0B0020FCAC0020DE
:102D50000078801E1D4A105C01EB002086B2B7424D
:102D600025D110464178007801EB002018490880F1
:102D70001046807888701046C078C870002507E03B
:102D8000281D1249095C1248001D4155681CC5B236
:102D90000F488078C01EA842F2DC0D48A0F8FE6003
:102DA00000200C4908700A48FFF7F8FD02E00020F7
:102DB00008490870BDE8F08110B50120F6F71AFB4C
:102DC000AFF2CB110120F6F723FB10BDFCAC0020C5
:102DD000FCAB00201C0B002070B5054600242888A1
:102DE000C11700EB1161C1F30721404A1155641C62
:102DF0002888C11700EB11610912A0EB01211155C0
:102E0000641CA87811460855641CE8780855641CB1
:102E1000002607E0281D805D34490855601CC4B2B7
:102E2000701CC6B2A878C01EB042F3DCB5F8FE0034
:102E3000C11700EB1161C1F307212C4A1155601C29
:102E4000C4B2B5F8FE00C11700EB11610912A0EB86
:102E500001211155601CC4B2224624490120F6F715
:102E60004DFB70BD2DE9F04106460F46154645F66F
:102E7000A5201F490880E81C88700846C6700024F9
:102E800005E0395D1A48001D0155601CC4B2AC4212
:102E9000F7DB17488078801E81B21548C01C00F00F
:102EA00041F81349A1F8FE000846FFF795FFBDE879
:102EB000F08170B504460D46217862788818FFF7D6
:102EC0005AFD2A4621468320FFF7CCFF70BD70B51E
:102ED00004460D46217862788818FFF74CFD2A4693
:102EE00021468220FFF7BEFF70BD0000FCAE00202F
:102EF000FCAD002070B502460C46FF25FF2309E01B
:102F000012F8010B80EA03010E48405C80EA0503D9
:102F10000D48455C2000A4F10106B4B2F0D143EAAB
:102F2000052070BDF0B506460F4600240025394641
:102F30003046FFF7DFFF04462512E0B245EA0025E0
:102F40002846F0BD700B0020700C00200022FD4BC5
:102F50009A7201221A70704770B504460D46F2F756
:102F60007CF8F849888108468089897A01EB8101DB
:102F7000A0EB410030B1F348807A401CF1498872DF
:102F80000120087070BDEF4A927A22B1ED4A927A20
:102F9000521EEC4B9A720122EA4B1A70704770472E
:102FA00070B504460D46F4F737FE70BD70B50546A2
:102FB0000E4606B970BD4021E34806F03BF90024F7
:102FC0000BE0E01C285CFF2804D0E01C285CDE49F4
:102FD000085500E004E0601CC4B2F01EA042F0DC22
:102FE00000BF00BFE6E770B505460E4606B970BDE6
:102FF0000A21D548403006F01DF900240CE0E01C01
:10300000285CFF2805D0E01C295CCF4840300155E2
:1030100000E004E0601CC4B2F01EA042EFDC00BF80
:1030200000BFE4E770B504460D46C748F1F785FFD9
:1030300070BD10B5024601B910BDC44B00241C6020
:103040005C609C60DC6000200BE0C31CD35CFF2B49
:1030500004D0C31CD35CBD4C235400E004E0431CEB
:10306000D8B2CB1E8342F0DC00BF00BFE4E710B54E
:10307000024601B910BDB54B00241C615C619C6126
:10308000DC6100200CE0C31CD35CFF2B05D0C31C0B
:10309000D45CAE4B10331C5400E004E0431CD8B2A7
:1030A000CB1E8342EFDC00BF00BFE3E770B50446F0
:1030B0000D46A648F1F760FF70BD10B5024609B194
:1030C000112900DA10BD002005E0C31CD35CA04C20
:1030D0002354431CD8B21828F7DB00BFF2E770B5C1
:1030E00004460D4618219A48F1F775FE182145F25D
:1030F000907002F0CCFA70BD10B5024601B910BD57
:103100000024944B83F83E40002014E0C31CD35CA1
:10311000FF2B0DD0C31CD45C8E4B2A331C542A3B8E
:1031200093F83E305B1CDCB28A4B83F83E4000E0F3
:1031300004E0431CD8B2CB1E8342E7DC00BF00BFD3
:10314000DDE710B5024601B910BD0024814B83F8BC
:103150005340002014E0C31CD35CFF2B0DD0C31CD4
:10316000D45C7C4B3F331C543F3B93F853305B1C87
:10317000DCB2784B83F8534000E004E0431CD8B243
:10318000CB1E8342E7DC00BF00BFDDE770B505461C
:103190000E46002406E06F482A30005D6D49085550
:1031A000601CC4B26B4890F83E00A042F3DC694852
:1031B00090F83E0067490875002406E065483F30F6
:1031C000015D2A380155601CC4B2624890F8530072
:1031D000A042F3DC5F4890F853005E4981F8290073
:1031E0000846F1F7F7FE70BD10B5024601B910BDF3
:1031F0000024584B83F83E40002014E0C31CD35CED
:10320000FF2B0DD0C31CD45C524B2A331C542A3BD9
:1032100093F83E305B1CDCB24E4B83F83E4000E03E
:1032200004E0431CD8B2CB1E8342E7DC00BF00BFE2
:10323000DDE710B5024601B910BD0024454B83F807
:103240005340002014E0C31CD35CFF2B0DD0C31CE3
:10325000D45C404B3F331C543F3B93F853305B1CD2
:10326000DCB23C4B83F8534000E004E0431CD8B28E
:10327000CB1E8342E7DC00BF00BFDDE70022354BF9
:1032800083F8552083F85620A3F85820012283F8AC
:103290005420704710B52F4890F85400002878D07B
:1032A0002C4890F855000C2874D2DFE800F0067422
:1032B0007E88929CA6B0BAC4CED62648017D90F8EE
:1032C0003E00814206D1234890F8291090F853001F
:1032D00081420AD000201F49A1F8580081F8560009
:1032E00081F8550081F8540010BD002412E01948FF
:1032F000015D2A30005D81420AD000201549A1F805
:10330000580081F8560081F8550081F85400EBE729
:10331000601CC4B20F48007DA042E8DC00241DE020
:103320000C481530015D2A30005D814214D0002028
:103330000849A1F8580081F8560081F8550081F835
:103340005400D1E700B20020ACB100208CB10020C5
:103350006CB1002012B10020601CC4B2F84890F893
:103360002900A042DCDC0120F54981F85500142138
:10337000F3482A3005F03CFF0021F14880F83E1068
:1033800014213F3005F034FF0021ED4880F8531040
:10339000B5E0B5E0B2E014214FF4AA4002F077F9AD
:1033A0000220E74981F85500A9E0142145F2505068
:1033B00002F06DF90320E24981F855009FE01421E5
:1033C00045F2207002F063F90420DD4981F85500D0
:1033D00095E0142145F2307002F059F90520D849E2
:1033E00081F855008BE0202145F2907002F04FF9F2
:1033F0000620D34981F8550081E0142145F64000AC
:1034000002F045F90720CE4981F8550077E01421F4
:1034100045F6500002F03BF90820C94981F85500F3
:103420006DE0202145F6A00002F031F90920C449E1
:1034300081F8550063E00A2145F6B00002F027F953
:103440000A20BF4981F8550059E0022002F00CF92A
:103450000B20BB4981F8550051E0FFF785FAC8B150
:10346000F7F7A4FB6A2803D16620F7F7A2FB06E072
:10347000F7F79CFB682802D10020F7F79AFB0020A1
:10348000AF49A1F8580081F8560081F8550081F83D
:10349000540032E0AA48B0F85800642807DAA84877
:1034A000B0F85800401CA649A1F8580025E00020BB
:1034B000A349A1F85800084690F85600022809DAF6
:1034C000084690F85600401C81F85600002081F80C
:1034D000550012E0F7F76AFB662803D16A20F7F778
:1034E00068FB02E06820F7F764FB0020944981F84C
:1034F000560081F8550081F8540000E000BF00BF7D
:1035000000BFF1E6F0B505AC70CC8E4FF880397293
:103510007A72BB72FC723D737E730027DFF824C29F
:103520008CF801708CF80270ACF8047001278CF8EC
:103530000070F0BD3EB58348007800285CD081481B
:10354000407810B1012856D113E07E48407B7D4978
:10355000097B7C4AD27A7B4CCDE900210290A37A88
:10356000627A217AA07901F01EFF0120214648707D
:1035700041E0FFF7F9F9A8B1F7F718FB6A2803D182
:103580006620F7F716FB06E0F7F710FB682802D174
:103590000020F7F70EFB00206A4988808870487089
:1035A000087027E067488088642805DA65488088C5
:1035B000401C644988801DE00020624988800846DC
:1035C0008078022806DA08468078401C887000203F
:1035D00048700FE0F7F7EAFA662803D16A20F7F798
:1035E000E8FA02E06820F7F7E4FA0020554988700D
:1035F0004870087000BF00BF3EBD5349887000216D
:10360000514A5170D170918001211170704710B5ED
:103610004D480078002851D04B48407810B101281F
:103620004AD107E04849887801F040FF0120464927
:10363000487042E0FFF798F9A8B1F7F7B7FA6A289F
:1036400003D16620F7F7B5FA06E0F7F7AFFA682876
:1036500002D10020F7F7ADFA00203B498880C870FE
:103660004870087027E038488088642805DA3648B2
:103670008088401C344988801DE0002032498880C1
:103680000846C078022806DA0846C078401CC87090
:10369000002048700FE0F7F789FA662803D16A2006
:1036A000F7F787FA02E06820F7F783FA0020264947
:1036B000C8704870087000E000BF00BF10BD23490B
:1036C00088700021214A5170D170918001211170C0
:1036D000704710B51D48007800285AD01B48407824
:1036E00010B1012853D107E01849887801F09FFEF6
:1036F0000120164948704BE0FFF736F9A8B1F7F7FB
:1037000055FA6A2803D16620F7F753FA06E0F7F76F
:103710004DFA682802D10020F7F74BFA00200B4938
:103720008880C8704870087030E008488088642835
:103730000EDA06488088401C0449888026E0000094
:1037400012B1002004B10020760D0020700D002081
:103750000020FA4988800846C078022806DA084620
:10376000C078401CC870002048700FE0F7F71EFAC0
:10377000662803D16A20F7F71CFA02E06820F7F701
:1037800018FA0020ED49C8704870087000E000BFCA
:1037900000BF10BDEA4988700021E94A5170D1701C
:1037A000918001211170704710B5E548007800281C
:1037B00051D0E348407810B101284AD107E0E049F0
:1037C000887801F0E2FE0120DD49487042E0FFF711
:1037D000CBF8A8B1F7F7EAF96A2803D16620F7F722
:1037E000E8F906E0F7F7E2F9682802D10020F7F7D8
:1037F000E0F90020D2498880C8704870087027E03E
:10380000CF488088642805DACD488088401CCC49A0
:1038100088801DE00020CA4988800846C0780228B8
:1038200006DA0846C078401CC870002048700FE0D7
:10383000F7F7BCF9662803D16A20F7F7BAF902E076
:103840006820F7F7B6F90020BD49C87048700870C5
:1038500000E000BF00BF10BD0021BA4A5170917056
:1038600091801146886001211170704710B5B548EC
:103870000078002851D0B348407810B101284AD1CF
:1038800007E0B049886801F0D1F80120AD494870DF
:1038900042E0FFF769F8A8B1F7F788F96A2803D181
:1038A0006620F7F786F906E0F7F780F9682802D175
:1038B0000020F7F77EF90020A249888088704870C0
:1038C000087027E09F488088642805DA9D48808832
:1038D000401C9C4988801DE000209A498880084649
:1038E0008078022806DA08468078401C887000201C
:1038F00048700FE0F7F75AF9662803D16A20F7F706
:1039000058F902E06820F7F754F900208D498870D3
:103910004870087000E000BF00BF10BD00218A4A57
:10392000517091709180114688600121117070472B
:1039300010B585480078002851D08348407810B1F0
:1039400001284AD107E08049886801F04BF801203E
:103950007D49487042E0FFF707F8A8B1F7F726F96C
:103960006A2803D16620F7F724F906E0F7F71EF975
:10397000682802D10020F7F71CF9002072498880DE
:1039800088704870087027E06F488088642805DADE
:103990006D488088401C6C4988801DE000206A4981
:1039A000888008468078022806DA08468078401C1D
:1039B0008870002048700FE0F7F7F8F8662803D108
:1039C0006A20F7F7F6F802E06820F7F7F2F800202F
:1039D0005D4988704870087000E000BF00BF10BDEE
:1039E00010B50446002059494870887088800C2220
:1039F00021465648C01DEFF763FC0120534908706B
:103A000010BD10B551480078002851D04F4840787B
:103A100010B101284AD107E04C48C01D01F02AF836
:103A200001204A49487042E0FEF79EFFA8B1F7F72F
:103A3000BDF86A2803D16620F7F7BBF806E0F7F770
:103A4000B5F8682802D10020F7F7B3F800203F4905
:103A5000888088704870087027E03C488088642817
:103A600005DA3A488088401C384988801DE00020EB
:103A70003649888008468078022806DA0846807829
:103A8000401C8870002048700FE0F7F78FF8662818
:103A900003D16A20F7F78DF802E06820F7F789F87C
:103AA00000202A4988704870087000E000BF00BFFD
:103AB00010BD274988700021254A5170D17091802E
:103AC00001211170704710B5FDF7F0FB214909780D
:103AD000884207D0FDF7EAFB1E49087008460078C7
:103AE000FFF7E7FF1A480078002860D018484078B0
:103AF00010B1012859D107E01549887801F015FD6A
:103B000001201349487051E0FEF72EFFA8B1F7F7E6
:103B10004DF86A2803D16620F7F74BF806E0F7F76F
:103B200045F8682802D10020F7F743F8002008493B
:103B30008880C8704870087036E00DE0700D002075
:103B4000880D002014B2002020B200202CB20020EA
:103B50007C0D0020B60D0020F7488088642805DA27
:103B6000F5488088401CF44988801DE00020F24917
:103B700088800846C078022806DA0846C078401CCB
:103B8000C870002048700FE0F7F710F8662803D1DE
:103B90006A20F7F70EF802E06820F7F70AF800202D
:103BA000E549C8704870087000E000BF00BF10BD54
:103BB0000021E24A91709180D17011464870012134
:103BC0001170704710B5F2F7D2FE00284AD1F5F710
:103BD0008DF8002846D1F6F7E6FF50B1D8480078B6
:103BE00000283FD10120D64908700920FFF7E0FFE7
:103BF00038E0FDF75BFBD3490978884208D1D0480B
:103C0000007828B9F9F755FFCF490978884229D0BB
:103C1000F9F74FFFCC490870FDF748FBC949087018
:103C20000020C7490870FDF741FBC0B1F1F737F933
:103C300050B1F9F73EFF18B10220FFF7B9FF11E0CC
:103C40000320FFF7B5FF0DE0F1F711F918B10520DA
:103C5000FFF7AEFF06E00420FFF7AAFF02E0002016
:103C6000FFF7A6FFB5480078002851D0B348807808
:103C700010B101284AD107E0B049487801F0F4FCBE
:103C80000120AE49887042E0FEF76EFEA8B1F6F75B
:103C90008DFF6A2803D16620F6F78BFF06E0F6F762
:103CA00085FF682802D10020F6F783FF0020A34992
:103CB0008880C8708870087027E0A04880886428D1
:103CC00005DA9E488088401C9C4988801DE00020C1
:103CD0009A4988800846C078022806DA0846C078E3
:103CE000401CC870002088700FE0F6F75FFF662860
:103CF00003D16A20F6F75DFF02E06820F6F759FF6E
:103D000000208E49C8708870087000E000BF00BFB6
:103D100010BD10B58D4B1B7803B110BD00238B4C2B
:103D2000637063802371234658719971DA7101239E
:103D3000237000BFF1E78648007800B1704701208A
:103D40008349087000BFF9E710B581480078002862
:103D50004ED07F48407810B1012848D105E003F0EB
:103D60000FF801207A49487041E0FEF7FDFDA8B147
:103D7000F6F71CFF6A2803D16620F6F71AFF06E063
:103D8000F6F714FF682802D10020F6F712FF002092
:103D90006F49888088704870087027E06C48808878
:103DA000642805DA6A488088401C694988801DE0DB
:103DB00000206749888008468078022806DA08468D
:103DC0008078401C8870002048700FE0F6F7EEFE07
:103DD000662803D16A20F6F7ECFE02E06820F6F7C9
:103DE000E8FE00205A4988704870087000BF00BF84
:103DF00010BD5848007800B170470120554908703F
:103E000000BFF9E710B55348007800284ED051485C
:103E1000407810B1012848D105E002F0C6FF01202A
:103E20004C49487041E0FEF79FFDA8B1F6F7BEFE91
:103E30006A2803D16620F6F7BCFE06E0F6F7B6FE68
:103E4000682802D10020F6F7B4FE0020414988809E
:103E500088704870087027E03E488088642805DA3A
:103E60003C488088401C3B4988801DE0002039493F
:103E7000888008468078022806DA08468078401C48
:103E80008870002048700FE0F6F790FE662803D196
:103E90006A20F6F78EFE02E06820F6F78AFE002020
:103EA0002C4988704870087000BF00BF10BD2A49B7
:103EB000097801B170472849C8700121264A11705C
:103EC00000BFF7E710B524480078002878D02248D2
:103ED000407830B101280CD002285ED0032807D1E9
:103EE00063E01D49C87802F05FFE01201A4948705E
:103EF0009EE0FEF739FDA8B1F6F758FE6A2803D117
:103F00006620F6F756FE06E0F6F750FE682802D166
:103F10000020F6F74EFE00200F49888088700220AE
:103F2000487039E00C488088642817DA0A4880888D
:103F3000401C094988802FE07C0D0020820D002064
:103F4000B80D0020B70D0020B90D00208E0D002007
:103F5000960D00209C0D0020A20D00200020F949A4
:103F6000888008468078022806DA08468078401C57
:103F70008870002048700FE0F6F718FE662803D11D
:103F80006A20F6F716FE02E06820F6F712FE00201F
:103F9000EC498870487008704AE0EA49C87802F035
:103FA0002FFE0320E749487042E0FEF7DDFCB0B188
:103FB000F6F7FCFD6A2804D16620F6F7FAFD07E063
:103FC00037E0F6F7F3FD682802D10020F6F7F1FD9F
:103FD0000020DC49888088704870087027E0D94844
:103FE0008088642805DAD7488088401CD5498880B5
:103FF0001DE00020D349888008468078022806DA30
:1040000008468078401C8870022048700FE0F6F760
:10401000CDFD662803D16A20F6F7CBFD02E06820CB
:10402000F6F7C7FD0020C74988704870087000BFC8
:1040300000BF10BDC449097801B17047C249C870BA
:104040000121C14A117000BFF7E710B5BE480078E2
:10405000002874D0BC48407830B101280CD0022828
:104060004CD0032807D151E0B749C87802F0B2FD1F
:104070000120B54948708CE0FEF776FCA8B1F6F750
:1040800095FD6A2803D16620F6F793FD06E0F6F762
:104090008DFD682802D10020F6F78BFD0020AA498B
:1040A000888088700220487027E0A74880886428AC
:1040B00005DAA5488088401CA34988801DE00020BF
:1040C000A149888008468078022806DA0846807868
:1040D000401C8870002048700FE0F6F767FD6628E6
:1040E00003D16A20F6F765FD02E06820F6F761FD6E
:1040F000002095498870487008704AE09249C87855
:1041000002F0D3FD03209049487042E0FEF72CFCFA
:10411000B0B1F6F74BFD6A2803D16620F6F749FDEA
:1041200006E0F6F743FD682802D10020F6F741FDCE
:1041300000208549888088704870087028E029E050
:1041400081488088642805DA7F488088401C7E4941
:1041500088801DE000207C498880084680780228FD
:1041600006DA08468078401C8870022048700FE00C
:10417000F6F71CFD662803D16A20F6F71AFD02E067
:104180006820F6F716FD00206F49887048700870A7
:1041900000BF00BF10BD6D48007800B1704701201E
:1041A0006A49087000BFF9E710B568480078002830
:1041B0007BD06648407820B101280ED002280BD170
:1041C0004DE0624AD179907901F081FA00205F498F
:1041D0008880887001204870CCE0FEF7C5FBA8B14C
:1041E000F6F7E4FC6A2803D16620F6F7E2FC06E065
:1041F000F6F7DCFC682802D10020F6F7DAFC002094
:104200005249888088700220487027E04F48808893
:10421000642805DA4D488088401C4C4988801DE0A0
:1042200000204A49888008468078022806DA084635
:104230008078401C8870002048700FE0F6F7B6FCCC
:10424000662803D16A20F6F7B4FC02E06820F6F78E
:10425000B0FC00203D498870487008708AE03B48F7
:104260008079A0B93948C079032805DA3748C07980
:10427000401C3649C87106E000203449C871084620
:104280008079401C887100203049487071E02F48C7
:104290008079012815D12D48C0790A2806DA2B48E3
:1042A000C079401C2949C87107E064E00020274913
:1042B000C87108468079401C8871002023494870E5
:1042C00057E022488079022814D12048C0790A2872
:1042D00005DA1E48C079401C1C49C87106E0002060
:1042E0001A49C87108468079401C88710020174916
:1042F00048703EE015488079032814D11348C079EE
:104300000A2805DA1148C079401C1049C87106E036
:1043100000200E49C87108468079401C8871002031
:104320000A49487025E00948807904281BD10748CC
:10433000C07905280CDA0548C079401C0349C871CA
:104340000DE00000A20D0020A80D0020AE0D002001
:104350000020FE49C87108468079401C8871002001
:10436000FA49487005E00020F8498871C871487022
:10437000087000BF00BF10BD10B5F54800780028D8
:1043800078D0F348407830B101280ED002284ED0C2
:10439000032870D155E0EE4BDA799979587902F01B
:1043A0001CFD0120EA49487090E0FEF7DDFAA8B153
:1043B000F6F7FCFB6A2803D16620F6F7FAFB06E065
:1043C000F6F7F4FB682802D10020F6F7F2FB002094
:1043D000DF49488008710220487027E0DC484088A7
:1043E000642805DADA484088401CD94948801DE035
:1043F0000020D749488008460079022806DA084696
:104400000079401C0871002048700FE0F6F7CEFBE1
:10441000662803D16A20F6F7CCFB02E06820F6F7A5
:10442000C8FB0020CA490871487008704EE0C84BAC
:10443000DA799979587901F0A3FE0320C4494870CC
:1044400044E0FEF791FAB8B1F6F7B0FB6A2803D161
:104450006620F6F7AEFB06E0F6F7A8FB682802D167
:104460000020F6F7A6FB0020B94948800871487083
:10447000087029E02BE028E0B5484088642805DA78
:10448000B3484088401CB24948801DE00020B04934
:10449000488008460079022806DA08460079401C60
:1044A0000871022048700FE0F6F780FB662803D100
:1044B0006A20F6F77EFB02E06820F6F77AFB002020
:1044C000A34908714870087000E000BF00BF10BD2C
:1044D00010B502469F4B83F80611002005E0145CDE
:1044E0009C4B9B1D1C54431CD8B28842F7DB002315
:1044F000984C6370A380A3700123237010BD10B586
:1045000094480078002853D09248407810B1012890
:104510004CD109E08F4890F80611801D00F01CFF77
:1045200001208C49487042E0FEF71EFAA8B1F6F768
:104530003DFB6A2803D16620F6F73BFB06E0F6F761
:1045400035FB682802D10020F6F733FB00208149B3
:10455000888088704870087027E07E4880886428CA
:1045600005DA7C488088401C7A4988801DE000205C
:104570007849888008468078022806DA08468078DC
:10458000401C8870002048700FE0F6F70FFB66288B
:1045900003D16A20F6F70DFB02E06820F6F709FB6D
:1045A00000206C4988704870087000E000BF00BFB0
:1045B00010BD01460022684B5A709A709A80002004
:1045C00005E00B5C644A921D1354421CD0B22028B3
:1045D000F7DB0122604B1A70704710B55E48007817
:1045E000002851D05C48407810B101284AD107E03A
:1045F0005948801D00F09AFE01205749487042E05A
:10460000FEF7B2F9A8B1F6F7D1FA6A2803D166200D
:10461000F6F7CFFA06E0F6F7C9FA682802D10020CB
:10462000F6F7C7FA00204C498880887048700870F7
:1046300027E049488088642805DA47488088401C7C
:10464000454988801DE000204349888008468078DD
:10465000022806DA08468078401C887000204870DE
:104660000FE0F6F7A3FA662803D16A20F6F7A1FA5D
:1046700002E06820F6F79DFA0020374988704870FC
:10468000087000E000BF00BF10BD344800787047DC
:104690002DE9F04F09AC94E8F010DDE90F9ADDF850
:1046A00038804FF0000BDFF8B4E08EF801B08EF8E0
:1046B00002B0AEF804B0F346ABF80600ABF8081051
:1046C0008BF80A208BF80B308BF80C408BF80D50D0
:1046D0008BF80E608BF80F708BF810C08BF8118080
:1046E0008BF81290CBF814A0DDF844B0CEF818B0D7
:1046F0004FF0010B8EF800B0BDE8F08F10B58AB016
:104700001648007800287CD01448407810B1012861
:1047100075D130E011488069104949690F4A927C8F
:104720000E4B5B7CCDE90532CDE907100B48007CD0
:104730000A49C97B094A927B084B5B7BCDE9013270
:10474000CDE903100548007B044C09E0AE0D0020C4
:104750008E0D0020FCAF00204CB2002074B200206F
:104760000090E37AA27A2189E08800F08FFA012094
:104770002146487044E0FEF7F7F8A8B1F6F716FABC
:104780006A2803D16620F6F714FA06E0F6F70EFA67
:10479000682802D10020F6F70CFA00206C498880C6
:1047A00088704870087029E069488088642805DAB4
:1047B00067488088401C664988801FE00020644963
:1047C000888008468078022806DA08468078401CEF
:1047D00088700020487011E0F6F7E8F9662805D1E6
:1047E0006A20F6F7E6F904E00BE008E06820F6F747
:1047F000E0F90020564988704870087000E000BF5A
:1048000000BF0AB010BD10B5FFF7FBF851480078A3
:1048100000B110BDFFF773FE4F48007800B1F8E714
:10482000FFF7DBFE4D48007800B1F2E7FFF7CAF969
:104830004B48007800B1ECE7FEF77CFE4948007871
:1048400000B1E6E7FFF774F84748007800B1E0E709
:10485000FFF70CF84548007800B1DAE7FEF739FFBA
:104860004348007800B1D4E7FEF7D1FE4148007814
:1048700000B1CEE7FFF780FD3F48007800B1C8E700
:10488000FFF792FC3D48007800B1C2E7FFF7DDFB7F
:104890003B48007800B1BCE7FFF7B4FA394800782C
:1048A00000B1B6E7FFF70EFB3748007800B1B0E77C
:1048B000FFF74AFA3548007800B1AAE700BFA8E739
:1048C00010B53348F0F76EFB00F088F83148FEF77A
:1048D00042F83148FEF742F83048FEF742F83048D7
:1048E000FEF730F82F48FEF730F82F48FEF730F883
:1048F0002E48FEF721F82E48FEF721F82D48FEF746
:1049000012F82D48FEF712F82C48FEF712F82C4842
:10491000FEF700F82B48FEF700F82B48FEF700F8EA
:104920002A48FDF7F4FF2A48FDF7EEFF2948FDF776
:10493000E5FF2948FDF7E5FF0020F2F7E7FC18B195
:104940000C20FFF735F902E00020FFF731F910BD28
:1049500074B200202CB20020FCAF00204CB200202A
:10496000820D002004B1002020B2002014B20020EB
:10497000700D0020760D00208E0D0020AE0D002061
:10498000A80D00209C0D0020A20D0020960D0020F7
:1049900012B10020E9310108333201087D320108EB
:1049A000F9300108433101088D310108BB3001089D
:1049B000DF300108333001086F300108AD300108E5
:1049C000AD2F0108E72F010825300108A12F0108AC
:1049D0004D2F0108592F0108872F010810B5FEF748
:1049E000EBF910BD10B504467120FE490870602037
:1049F0004870642094FBF0F030308870642094FBA1
:104A0000F0F100FB11400A2190FBF1F03030F54944
:104A1000C8700A2094FBF0F100FB11403030F149DE
:104A200008710521EF48FEF752FA10BD10B5044693
:104A30007120EC49087020204870642094FBF0F04D
:104A400030308870642094FBF0F100FB11400A21A3
:104A500090FBF1F03030E349C8700A2094FBF0F18C
:104A600000FB11403030DF4908710521DD48FEF7B9
:104A70002EFA10BD10B504467F20DA4908702020B8
:104A80004870207888706078C870A0780871E078E5
:104A90004871207988716079C871A0790872E079CD
:104AA0004872207A8872607AC872A07A0873E07AB5
:104AB00048730E21CB48FEF70AFA10BD10B57120DD
:104AC000C8490870802048700221C648FEF7FFF9E7
:104AD00010BD2DE9FE4306460F4690461C460A9D32
:104AE000C1A207CA8DE807007120BE4908700020E6
:104AF00048709DF8000088709DF80100C8709DF80E
:104B0000020008719DF8030048719DF80400887147
:104B10009DF80500C8719DF8060008729DF8070011
:104B200048723A2088720A2096FBF0F03030C87242
:104B30000A2096FBF0F100FB11603030A9490873A0
:104B40002D2048730A2097FBF0F0303088730A203C
:104B500097FBF0F100FB11703030A249C8732D2093
:104B600008740A2098FBF0F0303048740A2098FB53
:104B7000F0F100FB118030309A4988742C20C87401
:104B80009C48B4FBF0F0303008759A48B4FBF0F163
:104B900000FB114042F21071B0FBF1F0303091494E
:104BA000487542F21070B4FBF0F100FB11404FF475
:104BB0007A71B0FBF1F030308A4988754FF47A7021
:104BC000B4FBF0F100FB11406421B0FBF1F0303098
:104BD0008449C8756420B4FBF0F100FB11400A2140
:104BE000B0FBF1F030307F4908760A20B4FBF0F1D9
:104BF00000FB114030307B4948762C2088767D4878
:104C0000B5FBF0F03030C8767A48B5FBF0F100FB28
:104C1000115042F21071B0FBF1F030307149087759
:104C200042F21070B5FBF0F100FB11504FF47A71B5
:104C3000B0FBF1F030306B4948774FF47A70B5FB38
:104C4000F0F100FB11506421B0FBF1F03030654908
:104C500088776420B5FBF0F100FB11500A21B0FB0E
:104C6000F1F030305F49C8770A20B5FBF0F100FB66
:104C7000115030305B4981F820002E2081F821004E
:104C800022215848FEF723F9BDE8FE832DE9F04FB5
:104C9000A5B004460D4616461F46DDE930ABDDE9FA
:104CA0002E8955A103C9CDE9230155A103C9CDE939
:104CB000210155A103C9CDE91F0155A207CA1CABAB
:104CC00007C356A2D2E900109268CDE91A021991E1
:104CD00055A30FCBCDE91723CDE9150156A2D2E993
:104CE0000030D2E90212CDE91130CDE9131256A3FA
:104CF000D3E90012D3E90203CDE90F03CDE90D1288
:104D000055A3D3E901021968DB68CDE90B23CDE98E
:104D1000091055A3D3E901211868DB68CDE9071311
:104D2000CDE9050254A3D3E90021D3E90203CDE97B
:104D30000303CDE901212046E11704EB1161090AC3
:104D4000284A1170E11704EB11610912A4EB01214B
:104D500051704FF47A7095FBF0F030301146887046
:104D60004FF47A7095FBF0F100FB1150642190FB39
:104D7000F1F030301146C870642095FBF0F100FB73
:104D800011500A2190FBF1F03030114608710A20D1
:104D900095FBF0F100FB11503030114648712D2089
:104DA00088710A2096FBF0F03030C8710A2096FB1B
:104DB000F0F100FB11603030114608722D2048726E
:104DC0000A2097FBF0F0303088720A2097FBF0F150
:104DD00000FB117030301146C872202008730A2081
:104DE00052E0000090B20020B9CAD5CFD0C5CFA202
:104DF00000000000A0860100BBF5B9F1BAC53A0079
:104E0000B2E3BCDCBAC53A00BBF5B5C0BAC53A00DE
:104E1000B3F6BBF5B3C9B9A600000000B3F6BBF505
:104E2000CAA7B0DC00000000BAECCDE2BCECB2E2F4
:104E3000B3C9B9A600000000BAECCDE2BCECB2E206
:104E4000CAA7B0DC00000000BAECCDE2C4A3BFE901
:104E5000B9CAD5CF00000000BBF5B5C0B5E7BBFAB5
:104E6000D5FDB3A300000000BBF5B5C0B5E7BBFAA4
:104E7000B3ACCAB100000000BBF5B5C0B5E7BBFAE2
:104E8000C0EBCFDF0000000098FBF0F0303048733B
:104E90000A2098FBF0F100FB118030301146887336
:104EA0003A20C8730A2099FBF0F0303008740A20C9
:104EB00099FBF0F100FB11903030114648743A2014
:104EC00088740A209AFBF0F03030C8740A209AFBEC
:104ED000F0F100FB11A03030114608752020487514
:104EE0005B2088759DF88C00C8759DF88D0008764C
:104EF0009DF88E0048769DF88F0088769DF890008A
:104F0000C8769DF8910008779DF8920048770A20AE
:104F10009BFBF0F0303088770A209BFBF0F100FB20
:104F200011B030301146C8772C2081F820009DF850
:104F3000840081F821009DF8850081F822009DF809
:104F4000860081F823009DF8870081F824009DF8F1
:104F5000880081F825009DF8890081F826009DF8D9
:104F60008A0081F827000A21329890FBF1F0303056
:104F7000114681F828000A21329890FBF1F201FBDA
:104F800012003030F94981F829002C2081F82A00DC
:104F90009DF87C0081F82B009DF87D0081F82C00A5
:104FA0009DF87E0081F82D009DF87F0081F82E008D
:104FB0009DF8800081F82F009DF8810081F8300075
:104FC0009DF8820081F831000A21339890FBF1F0BE
:104FD0003030E64981F832000A21339890FBF1F233
:104FE00001FB12003030E14981F833002C2081F8B8
:104FF0003400349818B39DF8700081F835009DF89E
:10500000710081F836009DF8720081F837009DF834
:10501000730081F838009DF8740081F839009DF81C
:10502000750081F83A009DF8760081F83B009DF804
:10503000770081F83C002C2081F83D0023E09DF8AA
:105040006400CA4981F835009DF8650081F8360092
:105050009DF8660081F837009DF8670081F83800F8
:105060009DF8680081F839009DF8690081F83A00E0
:105070009DF86A0081F83B009DF86B0081F83C00C8
:105080002C2081F83D00BA493598884234D19DF8EA
:105090002400B64981F83E009DF8250081F83F00C4
:1050A0009DF8260081F840009DF8270081F8410016
:1050B0009DF8280081F842009DF8290081F84300FE
:1050C0009DF82A0081F844009DF82B0081F84500E6
:1050D0009DF82C0081F846009DF82D0081F84700CE
:1050E0009DF82E0081F848009DF82F0081F84900B6
:1050F0002C2081F84A006CE09E493598884234D1D2
:105100009DF81400994981F83E009DF8150081F83A
:105110003F009DF8160081F840009DF8170081F8C7
:1051200041009DF8180081F842009DF8190081F8AF
:1051300043009DF81A0081F844009DF81B0081F897
:1051400045009DF81C0081F846009DF81D0081F87F
:1051500047009DF81E0081F848009DF81F0081F867
:1051600049002C2081F84A0033E09DF804007F4973
:1051700081F83E009DF8050081F83F009DF806008B
:1051800081F840009DF8070081F841009DF8080073
:1051900081F842009DF8090081F843009DF80A005B
:1051A00081F844009DF80B0081F845009DF80C0043
:1051B00081F846009DF80D0081F847009DF80E002B
:1051C00081F848009DF80F0081F849002C2081F8F3
:1051D0004A0069493698884234D19DF854006349A1
:1051E00081F84B009DF8550081F84C009DF8560061
:1051F00081F84D009DF8570081F84E009DF8580049
:1052000081F84F009DF8590081F850009DF85A0030
:1052100081F851009DF85B0081F852009DF85C0018
:1052200081F853009DF85D0081F854009DF85E0000
:1052300081F855009DF85F0081F856005D2081F8E7
:1052400057006CE04D493698884234D19DF84400AF
:10525000464981F84B009DF8450081F84C009DF8C7
:10526000460081F84D009DF8470081F84E009DF8FA
:10527000480081F84F009DF8490081F850009DF8E2
:105280004A0081F851009DF84B0081F852009DF8CA
:105290004C0081F853009DF84D0081F854009DF8B2
:1052A0004E0081F855009DF84F0081F856005D20B2
:1052B00081F8570033E09DF834002C4981F84B0009
:1052C0009DF8350081F84C009DF8360081F84D00BE
:1052D0009DF8370081F84E009DF8380081F84F00A6
:1052E0009DF8390081F850009DF83A0081F851008E
:1052F0009DF83B0081F852009DF83C0081F8530076
:105300009DF83D0081F854009DF83E0081F855005D
:105310009DF83F0081F856005D2081F85700582124
:105320001248FDF7D4FD25B0BDE8F08F70B50546F5
:1053300050200E49087000204870002405E0295DC7
:10534000A01C0A4A1154601CC4B2202CF7DB222195
:105350000648FDF7BCFD70BD70B506460C465220F0
:10536000024908704020487000250FE090B20020EC
:10537000888A0100B58B0100708E01000190010048
:10538000715DA81CF94A1154681CC5B2A542F7DB2F
:10539000FF21A01CF54A1154E01C1154211D104698
:1053A000FDF795FD70BD2DE9F04705460E46144604
:1053B0009A46DDE90989089F0020EC4908709C2085
:1053C00048705A208870A520C870642095FBF0F1C1
:1053D00000FB1150E54908710D2096FBF0F100FB30
:1053E0001160E24948712046E11704EBD16149118F
:1053F000A4EB4111DD4A9171182097FBF0F100FBFD
:1054000011701146C8713C2098FBF0F100FB11802F
:10541000114608723C2099FBF0F100FB11901146F7
:1054200048720A211046FDF752FDBDE8F0873EB5EF
:105430000446CFA000680290CEA103C9CDE90001C7
:10544000FF2C15D15020C9490870802048709DF864
:10545000000088709DF80100C8709DF80200087176
:105460009DF8030048710621C048FDF730FD1CE09F
:10547000632C00DD63245020BC49087080204870F4
:10548000202088700A2094FBF0F03030C8700A2089
:1054900094FBF0F100FB11403030B449087120203A
:1054A00048710621B148FDF712FD3EBD3EB50446E8
:1054B000AFA000680290AFA103C9CDE90001FF2CA5
:1054C00015D17F20A9490870F02048709DF8000090
:1054D00088709DF80100C8709DF8020008719DF861
:1054E000030048710621A148FDF7F1FC1CE0632C84
:1054F00000DD63247F209D490870F0204870202043
:1055000088700A2094FBF0F03030C8700A2094FBB9
:10551000F0F100FB114030309449087120204871AF
:1055200006219248FDF7D3FC3EBD1FB5044693A06B
:1055300003C8CDE90201AFF2B86103C9CDE90001AA
:1055400050208A4908706020487064B19DF80800B6
:1055500088709DF80900C8709DF80A0008719DF8D0
:105560000B0048710CE09DF80000804988709DF8A0
:105570000100C8709DF8020008719DF80300487191
:1055800006217A48FDF7A3FC1FBD10B588B004467C
:105590007CA1D1E90023D1E90201CDE90423CDE9C1
:1055A00006017CA3D3E90012D3E90203CDE902038B
:1055B000CDE9001251206D4908700020487044B3B5
:1055C0009DF8000088709DF80100C8709DF80200E9
:1055D00008719DF8030048719DF8040088719DF8DA
:1055E0000500C8719DF8060008729DF80700487212
:1055F0009DF8080088729DF80900C8729DF80A009D
:1056000008739DF80B0048730E215848FDF75FFCA6
:1056100028E09DF81000554988709DF81100C87069
:105620009DF8120008719DF8130048719DF8140050
:1056300088719DF81500C8719DF8160008729DF8D4
:10564000170048729DF8180088729DF81900C872FA
:105650009DF81A0008739DF81B0048730E214348FB
:10566000FDF735FC08B010BD10B5044600203F49D9
:105670000870842048705A2088700120C87000206B
:105680000871084644710621FDF721FC10BD70B574
:1056900004460D462046E11704EB1161090A334A1E
:1056A0001170E11704EB11610912A4EB0121517093
:1056B000002605E02021B01C2C4A1154701CC6B2F3
:1056C000AE42F7DBA91C2948FDF701FC70BD70B59F
:1056D00005460C46052D80F05085DFE815F00500E5
:1056E000A200F2014303950434B1012C20D0022C16
:1056F00058D0032C73D173E075201C49087020200A
:1057000048708870C870087148718871C8710872D3
:1057100048728872C872087348738873C8730874B3
:1057200048748874C87414211048FDF7D0FB75E0E4
:1057300075200E4908703020487020208870C8708D
:10574000087148718871C871087248728872C8728D
:10575000087348738873C873087448748874C8746D
:1057600014210248FDF7B3FB58E0000090B200207E
:10577000B6C80000D2ECB3A300000000D4DACFDF3B
:1057800000000000C9E8B1B8C9D0CEB4C6F4D3C394
:105790000000000020C7EBC9A8C2EBB9BACEEF20C9
:1057A000000000007520F749087040204870202054
:1057B0008870C870087148718871C8710872487221
:1057C0008872C872087348738873C8730874487401
:1057D0008874C8741421EB48FDF779FB1EE01CE0C7
:1057E0007520E84908705020487020208870C870E3
:1057F000087148718871C871087248728872C872DD
:10580000087348738873C873087448748874C874BC
:105810001421DC48FDF75BFB00E000BF00BF00F097
:10582000ADBC0B2C7BD2DFE804F00623405D7B98F7
:10583000B5D2F2F0EF007520D249087060204870B0
:1058400020208870C870087148718871C87108720A
:1058500048728872C872087348738873C873087472
:1058600048748874C8741421C648FDF730FB26E1DB
:105870007520C44908707020487020208870C87056
:10588000087148718871C871087248728872C8724C
:10589000087348738873C873087448748874C8742C
:1058A0001421B848FDF713FB09E17520B5490870CC
:1058B0008020487020208870C870087148718871F5
:1058C000C871087248728872C87208734873887306
:1058D000C873087448748874C8741421A948FDF703
:1058E000F6FAECE07520A749087090204870202057
:1058F0008870C870087148718871C87108724872E0
:105900008872C872087348738873C87308744874BF
:105910008874C87414219B48FDF7D9FACFE0CDE014
:10592000752098490870A020487020208870C870A1
:10593000087148718871C871087248728872C8729B
:10594000087348738873C873087448748874C8747B
:1059500014218C48FDF7BBFAB1E075208949087025
:10596000B020487020208870C87008714871887114
:10597000C871087248728872C87208734873887355
:10598000C873087448748874C87414217D48FDF77E
:105990009EFA94E075207B490870C0204870202052
:1059A0008870C870087148718871C871087248722F
:1059B0008872C872087348738873C873087448740F
:1059C0008874C87414216F48FDF781FA77E0752058
:1059D0006C490870D020487020208870C870087109
:1059E00048718871C871087248728872C8720873E9
:1059F00048738873C873087448748874C874142111
:105A00006048FDF764FA5AE03BE01DE0FFE77520CF
:105A10005C490870E020487020208870C8700871C8
:105A200048718871C871087248728872C8720873A8
:105A300048738873C873087448748874C8741421D0
:105A40005048FDF744FA3AE075204E490870F020BE
:105A5000487020208870C870087148718871C871BA
:105A6000087248728872C872087348738873C87362
:105A7000087448748874C87414214248FDF727FAE2
:105A80001DE076203F490870002048702020887073
:105A9000C870087148718871C8710872487288723C
:105AA000C872087348738873C8730874487488741C
:105AB000C87414213348FDF70AFA00E000BF00BFA4
:105AC0005CE30B2C5DD2DFE804F006233F5F7C999A
:105AD000B6D3F3F1F00076202A4908701020487000
:105AE00020208870C870087148718871C871087268
:105AF00048728872C872087348738873C8730874D0
:105B000048748874C87414211E48FDF7E0F927E131
:105B100076201C490870202048708870C870087171
:105B200048718871C871087248728872C8720873A7
:105B300048738873C873087448748874C8741421CF
:105B40001048FDF7C4F90BE176200E4908703020AB
:105B5000487020208870C870087148718871C871B9
:105B6000087248728872C872087348738873C87361
:105B7000087448748874C87414210248FDF7A7F9A2
:105B8000EEE0ECE090B200207620FE490870402064
:105B9000487020208870C870087148718871C87179
:105BA000087248728872C872087348738873C87321
:105BB000087448748874C8741421F248FDF787F992
:105BC000CEE07620EF490870502048702020887081
:105BD000C870087148718871C871087248728872FB
:105BE000C872087348738873C873087448748874DB
:105BF000C8741421E348FDF76AF9B1E07620E14961
:105C000008706020487020208870C8700871487142
:105C10008871C871087248728872C87208734873B4
:105C20008873C873087448748874C8741421D5487C
:105C3000FDF74DF994E07620D24908707020487045
:105C400020208870C870087148718871C871087206
:105C500048728872C872087348738873C87308746E
:105C600048748874C8741421C648FDF730F977E089
:105C70007620C44908708020487020208870C87041
:105C8000087148718871C871087248728872C87248
:105C9000087348738873C873087448748874C87428
:105CA0001421B848FDF713F95AE03BE01DE0FFE787
:105CB0007620B44908709020487020208870C87001
:105CC000087148718871C871087248728872C87208
:105CD000087348738873C873087448748874C874E8
:105CE0001421A848FDF7F3F83AE07620A54908709A
:105CF000A020487020208870C87008714871887191
:105D0000C871087248728872C872087348738873C1
:105D1000C873087448748874C87414219948FDF7CE
:105D2000D6F81DE0762097490870B02048702020F2
:105D30008870C870087148718871C871087248729B
:105D40008872C872087348738873C873087448747B
:105D50008874C87414218B48FDF7B9F800E000BFBF
:105D600000BF0BE20B2C7BD2DFE804F00623405D82
:105D70007B98B5D1F1EFEE00762082490870C02003
:105D8000487020208870C870087148718871C87187
:105D9000087248728872C872087348738873C8732F
:105DA000087448748874C87414217648FDF78FF815
:105DB00028E1762073490870D02048702020887030
:105DC000C870087148718871C87108724872887209
:105DD000C872087348738873C873087448748874E9
:105DE000C87414216748FDF772F80BE17620654905
:105DF0000870E020487020208870C87008714871D1
:105E00008871C871087248728872C87208734873C2
:105E10008873C873087448748874C8741421594806
:105E2000FDF755F8EEE0762056490870F0204870EE
:105E300020208870C870087148718871C871087214
:105E400048728872C872087348738873C87308747C
:105E500048748874C87414214A48FDF738F8D1E0B2
:105E6000CFE07720474908700020487020208870D4
:105E7000C870087148718871C87108724872887258
:105E8000C872087348738873C87308744874887438
:105E9000C87414213B48FDF71AF8B3E0772039495C
:105EA00008701020487020208870C87008714871F0
:105EB0008871C871087248728872C8720873487312
:105EC0008873C873087448748874C87414212D4882
:105ED000FCF7FDFF96E077202A49087020204870E3
:105EE0008870C870087148718871C87108724872EA
:105EF0008872C872087348738873C87308744874CA
:105F00008874C87414211F48FCF7E1FF7AE07720F9
:105F10001C4908703020487020208870C8700871B3
:105F200048718871C871087248728872C8720873A3
:105F300048738873C873087448748874C8741421CB
:105F40001048FCF7C4FF5DE03EE020E0FFE777206B
:105F50000C4908704020487020208870C870087173
:105F600048718871C871087248728872C872087363
:105F700048738873C873087448748874C87414218B
:105F8000004801E090B20020FCF7A1FF3AE0772042
:105F9000F74908705020487020208870C870087138
:105FA00048718871C871087248728872C872087323
:105FB00048738873C873087448748874C87414214B
:105FC000EB48FCF784FF1DE07720E949087060206A
:105FD000487020208870C870087148718871C87135
:105FE000087248728872C872087348738873C873DD
:105FF000087448748874C8741421DD48FCF767FF7E
:1060000000E000BF00BFB9E0062C78D2DFE804F062
:1060100003203D5A78957720D54908707020487044
:1060200020208870C870087148718871C871087222
:1060300048728872C872087348738873C87308748A
:1060400048748874C8741421C948FCF740FF92E072
:106050007720C74908708020487020208870C87059
:10606000087148718871C871087248728872C87264
:10607000087348738873C873087448748874C87444
:106080001421BB48FCF723FF75E07720B84908705E
:106090009020487020208870C870087148718871FD
:1060A000C871087248728872C8720873487388731E
:1060B000C873087448748874C8741421AC48FCF719
:1060C00006FF58E07720AA490870A02048702020D9
:1060D0008870C870087148718871C87108724872F8
:1060E0008872C872087348738873C87308744874D8
:1060F0008874C87414219E48FCF7E9FE3BE039E03F
:1061000077209B490870B020487020208870C870A4
:10611000087148718871C871087248728872C872B3
:10612000087348738873C873087448748874C87493
:1061300014218F48FCF7CBFE1DE077208C490870B6
:10614000C020487020208870C8700871487188711C
:10615000C871087248728872C8720873487388736D
:10616000C873087448748874C87414218048FCF794
:10617000AEFE00E000BF00BF00E000BF00BF70BD8A
:1061800070B506460D461446052E80F00A85DFE8F8
:1061900016F005008100C7010E03520435B1012D30
:1061A00020D0022D3AD0032D71D153E06CB1802064
:1061B0006F49087003204870F82088700020C8706C
:1061C00004216B48FCF783FE0BE0802068490870CF
:1061D0000320487000208870C87004216448FCF7D0
:1061E00076FE55E06CB1802061490870132048703C
:1061F000F82088700020C87004215D48FCF767FE15
:106200000BE080205A4908701320487000208870E5
:10621000C87004215648FCF75AFE39E06CB1802062
:106220005349087023204870F82088700020C870F7
:1062300004214F48FCF74BFE0BE080204C490870CE
:106240002320487000208870C87004214848FCF75B
:106250003EFE1DE06CB18020454908703320487037
:10626000F82088700020C87004214148FCF72FFEF8
:106270000BE080203E490870332048700020887071
:10628000C87004213A48FCF722FE01E0FFE700BF96
:1062900000BF8BE20B2D6AD2DFE805F006223E5AE2
:1062A0007995B1CDE9F9F8006CB1802030490870DA
:1062B00043204870F82088700020C87004212C48C2
:1062C000FCF705FE0BE08020294908704320487048
:1062D00000208870C87004212548FCF7F8FD1DE1F6
:1062E0006CB180202249087053204870F8208870D3
:1062F0000020C87004211E48FCF7E9FD0BE0802057
:106300001B4908705320487000208870C870042111
:106310001748FCF7DCFD01E16CB1802014490870DE
:1063200063204870F82088700020C870042110484D
:10633000FCF7CDFD0BE080200D490870632048700C
:1063400000208870C87004210948FCF7C0FDE5E012
:1063500084B180200649087073204870F820887046
:106360000020C87004210248FCF7B1FD0EE0D4E023
:1063700090B200208020FD490870732048700020F2
:106380008870C8700421F948FCF7A1FDC6E06CB123
:106390008020F649087083204870F820887000201B
:1063A000C8700421F148FCF792FD0BE08020EF4912
:1063B00008708320487000208870C8700421EB4862
:1063C000FCF785FDAAE06CB18020E84908709320B5
:1063D0004870F82088700020C8700421E348FCF75A
:1063E00076FD0BE08020E149087093204870002082
:1063F0008870C8700421DD48FCF769FD8EE06CB13F
:106400008020DA490870A3204870F82088700020A6
:10641000C8700421D548FCF75AFD0BE08020D34911
:106420000870A320487000208870C8700421CF48ED
:10643000FCF74DFD72E06CB18020CC490870B320B0
:106440004870F82088700020C8700421C748FCF705
:106450003EFD0BE08020C5490870B3204870002045
:106460008870C8700421C148FCF731FD56E07CB14A
:106470008020BE490870C3204870F8208870002032
:10648000C8700421B948FCF722FD0DE029E00CE0BA
:106490008020B6490870C320487000208870C870FA
:1064A0000421B248FCF713FD38E06CB18020AF49FD
:1064B0000870D3204870F82088700020C87004212C
:1064C000AA48FCF704FD0BE08020A8490870D320FF
:1064D000487000208870C8700421A448FCF7F7FCBD
:1064E0001CE06CB18020A1490870E3204870F820BE
:1064F00088700020C87004219C48FCF7E8FC0BE081
:1065000080209A490870E320487000208870C87085
:1065100004219648FCF7DBFC00E000BF00BF41E32C
:106520000B2D77D2DFE805F006223E5A7793AFCBEA
:10653000E7F7F6006CB180208C490870F3204870B2
:10654000F82088700020C87004218848FCF7BFFC40
:106550000BE0802085490870F32048700020887087
:10656000C87004218148FCF7B2FC1EE16CB18120A7
:106570007E49087003204870F82088700020C87099
:1065800004217A48FCF7A3FC0BE0812077490870CE
:106590000320487000208870C87004217348FCF7FD
:1065A00096FC02E16CB1812070490870132048709C
:1065B000F82088700020C87004216C48FCF787FC24
:1065C0000BE0812069490870132048700020887012
:1065D000C87004216548FCF77AFCE6E06CB18120C4
:1065E0006249087023204870F82088700020C87025
:1065F00004215E48FCF76BFC0BE081205B490870CE
:106600002320487000208870C87004215748FCF788
:106610005EFCCAE0C8E06CB18120544908703320A8
:106620004870F82088700020C87004214F48FCF79B
:106630004EFC0BE081204D4908703320487000204B
:106640008870C87004214948FCF741FCADE06CB18A
:1066500081204649087043204870F8208870002047
:10666000C87004214148FCF732FC0BE081203F490F
:1066700008704320487000208870C87004213B488F
:10668000FCF725FC91E06CB181203849087053205B
:106690004870F82088700020C87004213348FCF747
:1066A00016FC0BE08120314908705320487000200F
:1066B0008870C87004212D48FCF709FC75E06CB1A6
:1066C00081202A49087063204870F82088700020D3
:1066D000C87004212548FCF7FAFB0BE08120234910
:1066E00008706320487000208870C87004211F481B
:1066F000FCF7EDFB59E07CB181201C490870732048
:106700004870F82088700020C87004211748FCF7F2
:10671000DEFB0DE02CE00CE08120144908707320B2
:10672000487000208870C87004211048FCF7CFFB27
:106730003BE06CB181200D49087083204870F8203F
:1067400088700020C87004210848FCF7C0FB0BE0EB
:106750008120064908708320487000208870C87026
:1067600004210248FCF7B3FB1FE0000090B20020B8
:106770006CB18120FA49087093204870F820887025
:106780000020C8700421F648FCF7A1FB0BE0812033
:10679000F34908709320487000208870C870042165
:1067A000EF48FCF794FB00E000BF00BFFAE10B2DBF
:1067B00077D2DFE805F006223E5A7793AFCBE7F7B2
:1067C000F6006CB18120E6490870A3204870F820DB
:1067D00088700020C8700421E148FCF778FB0BE0CA
:1067E0008120DF490870A320487000208870C8709D
:1067F0000421DB48FCF76BFB1BE16CB18120D8491D
:106800000870B3204870F82088700020C8700421F8
:10681000D348FCF75CFB0BE08120D1490870B32022
:10682000487000208870C8700421CD48FCF74FFBE9
:10683000FFE06CB18120CA490870C3204870F8207D
:1068400088700020C8700421C548FCF740FB0BE0AD
:106850008120C3490870C320487000208870C87028
:106860000421BF48FCF733FBE3E06CB18120BC4955
:106870000870D3204870F82088700020C870042168
:10688000B748FCF724FB0BE08120B5490870D32002
:10689000487000208870C8700421B148FCF717FBCD
:1068A000C7E0C5E06CB18120AD490870E3204870B5
:1068B000F82088700020C8700421A948FCF707FB65
:1068C0000BE08120A6490870E32048700020887002
:1068D000C8700421A248FCF7FAFAAAE06CB1812042
:1068E0009F490870F3204870F82088700020C87015
:1068F00004219B48FCF7EBFA0BE0812098490870D3
:10690000F320487000208870C87004219448FCF778
:10691000DEFA8EE06CB18220914908700320487045
:10692000F82088700020C87004218D48FCF7CFFA49
:106930000BE082208A49087003204870002088708C
:10694000C87004218648FCF7C2FA72E06CB182205C
:106950008349087013204870F82088700020C870A0
:1069600004217F48FCF7B3FA0BE082207C490870D1
:106970001320487000208870C87004217848FCF704
:10698000A6FA56E07CB18220754908702320487031
:10699000F82088700020C87004217148FCF797FA2D
:1069A0000DE029E00CE082206D490870232048703A
:1069B00000208870C87004216948FCF788FA38E024
:1069C0006CB182206649087033204870F8208870C6
:1069D0000020C87004216248FCF779FA0BE082209D
:1069E0005F4908703320487000208870C870042107
:1069F0005B48FCF76CFA1CE06CB1822058490870C7
:106A000043204870F82088700020C8700421544842
:106A1000FCF75DFA0BE08220514908704320487072
:106A200000208870C87004214D48FCF750FA00E03F
:106A300000BF00BFB6E0062D74D2DFE805F0031FEB
:106A40003B5774936CB182204549087053204870BD
:106A5000F82088700020C87004214148FCF737FAFC
:106A60000BE082203E490870532048700020887057
:106A7000C87004213A48FCF72AFA90E06CB18220F1
:106A80003749087063204870F82088700020C8706B
:106A900004213348FCF71BFA0BE0822030490870D0
:106AA0006320487000208870C87004212C48FCF7CF
:106AB0000EFA74E06CB18220294908707320487086
:106AC000F82088700020C87004212548FCF7FFF9E1
:106AD0000BE08220224908707320487000208870E3
:106AE000C87004211E48FCF7F2F958E06CB182200E
:106AF0001B49087083204870F82088700020C870F7
:106B000004211748FCF7E3F90BE0822014490870D0
:106B10008320487000208870C87004211048FCF75A
:106B2000D6F93CE03AE06CB182200D490870932020
:106B30004870F82088700020C87004210848FCF7CD
:106B4000C6F90BE0822006490870932048700020A7
:106B50008870C87004210248FCF7B9F91FE00000F2
:106B600090B200206CB18220FA490870A3204870CE
:106B7000F82088700020C8700421F648FCF7A7F9B7
:106B80000BE08220F3490870A32048700020887031
:106B9000C8700421EF48FCF79AF900E000BF00BF7D
:106BA00000E000BF00BF70BD10B504468320E94976
:106BB0000870032048701CB100208870C87004E081
:106BC000F820E44988700020C8700421E148FCF7EF
:106BD0007EF910BD10B504468320DE4908701320ED
:106BE00048701CB100208870C87004E0F820D949B2
:106BF00088700020C8700421D648FCF768F910BDE1
:106C000010B586B00446D4A207CA03AB07C3D5A209
:106C100007CA8DE807007820CE4908702020487008
:106C2000F4B19DF80C0088709DF80D00C8709DF8B7
:106C30000E0008719DF80F0048719DF810008871D2
:106C40009DF81100C8719DF8120008729DF813009C
:106C500048729DF8140088729DF81500C8721EE0F5
:106C60009DF80000BB4988709DF80100C8709DF830
:106C7000020008719DF8030048719DF804008871B6
:106C80009DF80500C8719DF8060008729DF8070080
:106C900048729DF8080088729DF80900C8720C219E
:106CA000AC48FCF714F906B010BD10B588B0044626
:106CB000AFA1D1E90023D1E90201CDE90423CDE957
:106CC0000601AFA3D3E90012D3E90203CDE9020321
:106CD000CDE9001278209F4908703020487024B315
:106CE0009DF8100088709DF81100C8709DF8120082
:106CF00008719DF8130048719DF8140088719DF883
:106D00001500C8719DF8160008729DF817004872AA
:106D10009DF8180088729DF81900C8729DF81A0035
:106D200008739DF81B00487324E09DF80000894912
:106D300088709DF80100C8709DF8020008719DF8E8
:106D4000030048719DF8040088719DF80500C87122
:106D50009DF8060008729DF8070048729DF808002B
:106D600088729DF80900C8729DF80A0008739DF8A2
:106D70000B0048730E217748FCF7A9F808B010BD46
:106D800010B5782073490870202048708870C8704A
:106D9000087148718871C871087248728872C87227
:106DA0000C216C48FCF793F810BD10B578206949A8
:106DB00008703020487020208870C87008714871B1
:106DC0008871C871087248728872C87208734873F3
:106DD0000E216048FCF77BF810BD70B505460C46E7
:106DE0001646052D81F07686DFE815F005007E0158
:106DF0002705CF08720C34B1012C55D0022C7DD060
:106E0000032C7CD11AE1752052490870202048706B
:106E10008870C8700871681C0A2190FBF1F030304E
:106E20004C494871681C0A2190FBF1F201FB1200E9
:106E30003030484988712020C871087248728872C1
:106E4000601C0A2190FBF1F030304249C872601C8E
:106E50000A2190FBF1F201FB120030303D4908732A
:106E6000202048738873C87366B94948007808744D
:106E70004748407848744648807888744448C078C9
:106E8000C8740CE04348007832490874414840789F
:106E900048744048807888743E48C078C87414218B
:106EA0002C48FCF714F81CE175202A4908703020A2
:106EB000487020208870C8700871681C0A2190FBF7
:106EC000F1F0303023494871681C0A2190FBF1F23F
:106ED00001FB120030301F4988712020C8710872F0
:106EE00048728872601C0A2190FBF1F03030194919
:106EF000C872601C0A2190FBF1F201E04CE0EFE067
:106F000001FB120030301349087320204873887346
:106F1000C87366B91E48007808741D4840784874E4
:106F20001B48807888741A48C078C8740CE01948E7
:106F300000780849087417484078487415488078E4
:106F400088741448C078C87414210248FBF7BFFF46
:106F5000C7E0000090B20020C7FDB6AFB0E5D5FD98
:106F6000B3A30000C7FDB6AFB0E5B9CAD5CF0000E6
:106F7000B5F4BBF5BCECB2E2D5FDB3A30000000054
:106F8000B5F4BBF5BCECB2E2B9CAD5CF0000000045
:106F9000BA0D0020BF0D00207520F8490870402070
:106FA000487020208870C8700871681C0A2190FB06
:106FB000F1F03030F1494871681C0A2190FBF1F280
:106FC00001FB12003030ED4988712020C871087231
:106FD00048728872601C0A2190FBF1F03030E7495A
:106FE000C872601C0A2190FBF1F201FB12003030E4
:106FF000E2490873202048738873C87366B9E04873
:1070000000780874DE4840784874DD4880788874D9
:10701000DB48C078C8740CE0DA480078D7490874B7
:10702000D84840784874D74880788874D548C07864
:10703000C8741421D148FBF74AFF52E07520CF49AC
:1070400008705020487020208870C8700871681C33
:107050000A2190FBF1F03030C8494871681C0A21C0
:1070600090FBF1F201FB12003030C44988712020FE
:10707000C871087248728872601C0A2190FBF1F096
:107080003030BE49C872601C0A2190FBF1F201FB4E
:1070900012003030B9490873202048738873C873D0
:1070A00066B9B74800780874B54840784874B44861
:1070B00080788874B248C078C8740CE0B148007811
:1070C000AE490874AF4840784874AE4880788874F8
:1070D000AC48C078C8741421A848FBF7F8FE00E05B
:1070E00000BF00BF01F0F7BC0B2C7DD2DFE804F03D
:1070F0000658ACF3F2F1F0EFEEEDEC0075209F498D
:1071000008706020487020208870C8700871681C62
:107110000A2190FBF1F0303098494871681C0A212F
:1071200090FBF1F201FB120030309449887120206D
:10713000C871087248728872601C0A2190FBF1F0D5
:1071400030308E49C872601C0A2190FBF1F201FBBD
:107150001200303089490873202048738873C8733F
:1071600066B9874800780874854840784874844830
:10717000807888748248C078C8740CE081480078B0
:107180007E4908747F48407848747E4880788874C7
:107190007C48C078C87414217848FBF798FE4AE30D
:1071A0007520764908707020487020208870C8705B
:1071B0000871681C0A2190FBF1F030306F4948716A
:1071C000681C0A2190FBF1F201FB120030306B4980
:1071D00088712020C871087248728872601C0A2168
:1071E00090FBF1F0303000E024E36449C872601C89
:1071F0000A2190FBF1F201FB120030305F49087365
:10720000202048738873C87366B95D480078087495
:107210005B48407848745A48807888745848C078E9
:10722000C8740CE0574800785449087455484078B1
:1072300048745448807888745248C078C8741421BF
:107240004E48FBF744FEF6E275204C49087080205A
:10725000487020208870C8700871681C0A2190FB53
:10726000F1F0303045494871681C0A2190FBF1F279
:1072700001FB12003030414988712020C87108722A
:1072800048728872601C0A2190FBF1F030303B4953
:10729000C872601C0A2190FBF1F201FB1200303031
:1072A00036490873202048738873C873A6B93448D8
:1072B000007808743248407848743148807888747F
:1072C0002F48C078C87414E062E209E2B6E163E1D5
:1072D00010E1BDE06AE011E02A480078274908740F
:1072E0002848407848742748807888742548C078B2
:1072F000C87414212148FBF7EAFD9CE275201F4960
:1073000008709020487020208870C8700871681C30
:107310000A2190FBF1F0303018494871681C0A21AD
:1073200090FBF1F201FB12003030144988712020EB
:10733000C871087248728872601C0A2190FBF1F0D3
:1073400030300E49C872601C0A2190FBF1F201FB3B
:107350001200303009490873202048738873C873BD
:1073600096B907480078087405484078487404487E
:10737000807888740248C078C87412E090B2002007
:10738000BA0D0020BF0D0020FE480078FE490874A9
:10739000FC4840784874FB4880788874F948C07885
:1073A000C8741421F848FBF792FD44E27520F649B1
:1073B0000870A020487020208870C8700871681C70
:1073C0000A2190FBF1F03030EF494871681C0A2126
:1073D00090FBF1F201FB12003030EB498871202064
:1073E000C871087248728872601C0A2190FBF1F023
:1073F0003030E549C872601C0A2190FBF1F201FBB4
:1074000012003030E0490873202048738873C87335
:1074100066B9DE4800780874DC4840784874DB4878
:1074200080788874D948C078C8740CE0D548007852
:10743000D5490874D34840784874D2488078887415
:10744000D048C078C8741421CF48FBF740FDF2E162
:107450007520CD490870B020487020208870C87011
:107460000871681C0A2190FBF1F03030C649487160
:10747000681C0A2190FBF1F201FB12003030C24976
:1074800088712020C871087248728872601C0A21B5
:1074900090FBF1F03030BC49C872601C0A2190FBAF
:1074A000F1F201FB12003030B74908732020487315
:1074B0008873C87366B9B54800780874B3484078D3
:1074C0004874B24880788874B048C078C8740CE0BA
:1074D000AC480078AC490874AA4840784874A94878
:1074E00080788874A748C078C8741421A648FBF730
:1074F000EEFCA0E17520A4490870C020487020204F
:107500008870C8700871681C0A2190FBF1F0303057
:107510009D494871681C0A2190FBF1F201FB1200A1
:107520003030994988712020C87108724872887279
:10753000601C0A2190FBF1F030309349C872601C46
:107540000A2190FBF1F201FB120030308E490873E2
:10755000202048738873C87366B98C480078087413
:107560008A48407848748948807888748748C07809
:10757000C8740CE0834800788349087481484078D7
:1075800048748048807888747E48C078C874142114
:107590007D48FBF79CFC4EE175207B490870D020AC
:1075A000487020208870C8700871681C0A2190FB00
:1075B000F1F0303074494871681C0A2190FBF1F2F7
:1075C00001FB12003030704988712020C8710872A8
:1075D00048728872601C0A2190FBF1F030306A49D1
:1075E000C872601C0A2190FBF1F201FB12003030DE
:1075F00065490873202048738873C87366B9634867
:1076000000780874614840784874604880788874CD
:107610005E48C078C8740CE05A4800785A4908742B
:107620005848407848745748807888745548C078DE
:10763000C87414215448FBF74AFCFCE075205249F9
:107640000870E020487020208870C8700871681C9D
:107650000A2190FBF1F030304B494871681C0A2137
:1076600090FBF1F201FB1200303047498871202075
:10767000C871087248728872601C0A2190FBF1F090
:1076800030304149C872601C0A2190FBF1F201FBC5
:10769000120030303C490873202048738873C87347
:1076A00066B93A48007808743848407848743748D2
:1076B000807888743548C078C8740CE03148007808
:1076C000314908742F48407848742E48807888746F
:1076D0002C48C078C87414212B48FBF7F8FBAAE0AB
:1076E000752029490870F020487020208870C870E3
:1076F0000871681C0A2190FBF1F030302249487172
:10770000681C0A2190FBF1F201FB120030301E4987
:1077100088712020C871087248728872601C0A2122
:1077200090FBF1F030301849C872601C0A2190FBC0
:10773000F1F201FB12003030134908732020487326
:107740008873C87366B91148007808740F48407888
:1077500048740E48807888740C48C078C8740CE06F
:107760000848007808490874064840784874054875
:10777000807888740348C078C87414210248FBF7E5
:10778000A6FB58E0BF0D002090B20020BA0D0020EB
:107790007620F74908700020487020208870C87053
:1077A0000871681C0A2190FBF1F03030F0494871F3
:1077B000681C0A2190FBF1F201FB12003030EC4909
:1077C00088712020C871087248728872601C0A2172
:1077D00090FBF1F03030E649C872601C0A2190FB42
:1077E000F1F201FB12003030E149087320204873A8
:1077F0008873C87366B9DF4800780874DD4840783C
:107800004874DC4880788874DA48C078C8740CE022
:10781000D9480078D6490874D74840784874D64883
:1078200080788874D448C078C8741421D048FBF795
:107830004EFB00E000BF00BF54E40B2C7ED2DFE81B
:1078400004F00658ABF2F1F0EFEEEDECEB00762031
:10785000C74908701020487020208870C8700871CF
:10786000681C0A2190FBF1F03030C1494871681C56
:107870000A2190FBF1F201FB12003030BC49887103
:107880002020C871087248728872601C0A2190FB1F
:10789000F1F03030B649C872601C0A2190FBF1F259
:1078A00001FB12003030B2490873202048738873FE
:1078B000C87366B9AF4800780874AE484078487419
:1078C000AC4880788874AB48C078C8740CE0AA488B
:1078D0000078A7490874A84840784874A64880787A
:1078E0008874A548C078C8741421A148FBF7EFFA42
:1078F00049E376209E490870202048708870C8703F
:107900000871681C0A2190FBF1F0303098494871E9
:10791000681C0A2190FBF1F201FB120030309449FF
:1079200088712020C871087248728872601C0A2110
:1079300090FBF1F030308E49C87200E022E3601C09
:107940000A2190FBF1F201FB1200303088490873E4
:10795000202048738873C87366B986480078087415
:107960008448407848748348807888748148C07817
:10797000C8740CE0804800787D4908747E484078DF
:1079800048747D48807888747B48C078C874142116
:107990007748FBF79CFAF6E27620754908703020AC
:1079A000487020208870C8700871681C0A2190FBFC
:1079B000F1F030306E494871681C0A2190FBF1F2F9
:1079C00001FB120030306A4988712020C8710872AA
:1079D00048728872601C0A2190FBF1F030306449D3
:1079E000C872601C0A2190FBF1F201FB12003030DA
:1079F0005F490873202048738873C873A6B95D482F
:107A0000007808745B48407848745A4880788874D5
:107A10005848C078C87414E05CE209E2B6E163E15A
:107A200010E1BDE064E011E053480078504908746B
:107A30005148407848745048807888744E48C078DF
:107A4000C87414214A48FBF742FA9CE27620484960
:107A500008704020487020208870C8700871681C29
:107A60000A2190FBF1F0303041494871681C0A212D
:107A700090FBF1F201FB120030303D49887120206B
:107A8000C871087248728872601C0A2190FBF1F07C
:107A900030303749C872601C0A2190FBF1F201FBBB
:107AA0001200303032490873202048738873C8733D
:107AB00066B93048007808742E48407848742D48DC
:107AC000807888742B48C078C8740CE02A48007805
:107AD0002749087428484078487427488078887473
:107AE0002548C078C87414212148FBF7F0F94AE210
:107AF00076201F4908705020487020208870C87078
:107B00000871681C0A2190FBF1F030301849487167
:107B1000681C0A2190FBF1F201FB1200303014497D
:107B200088712020C871087248728872601C0A210E
:107B300090FBF1F030300E49C872601C0A2190FBB6
:107B4000F1F201FB1200303009490873202048731C
:107B50008873C87396B90748007808740548407858
:107B600048740448807888740248C078C87412E069
:107B700090B20020BA0D0020BF0D0020FE48007812
:107B8000FE490874FC4840784874FB488078887443
:107B9000F948C078C8741421F848FBF798F9F2E165
:107BA0007620F64908706020487020208870C870E0
:107BB0000871681C0A2190FBF1F03030EF494871E0
:107BC000681C0A2190FBF1F201FB12003030EB49F6
:107BD00088712020C871087248728872601C0A215E
:107BE00090FBF1F03030E549C872601C0A2190FB2F
:107BF000F1F201FB12003030E04908732020487395
:107C00008873C87366B9DE4800780874DC48407829
:107C10004874DB4880788874D948C078C8740CE010
:107C2000D5480078D5490874D34840784874D2487C
:107C300080788874D048C078C8741421CF48FBF786
:107C400046F9A0E17620CD490870702048702020C8
:107C50008870C8700871681C0A2190FBF1F0303000
:107C6000C6494871681C0A2190FBF1F201FB120021
:107C70003030C24988712020C871087248728872F9
:107C8000601C0A2190FBF1F03030BC49C872601CC6
:107C90000A2190FBF1F201FB12003030B749087362
:107CA000202048738873C87366B9B5480078087493
:107CB000B34840784874B24880788874B048C07837
:107CC000C8740CE0AC480078AC490874AA48407805
:107CD0004874A94880788874A748C078C87414216B
:107CE000A648FBF7F4F84EE17620A44908708020FE
:107CF000487020208870C8700871681C0A2190FBA9
:107D0000F1F030309D494871681C0A2190FBF1F276
:107D100001FB12003030994988712020C871087227
:107D200048728872601C0A2190FBF1F03030934950
:107D3000C872601C0A2190FBF1F201FB1200303086
:107D40008E490873202048738873C87366B98C48BD
:107D5000007808748A484078487489488078887424
:107D60008748C078C8740CE0834800788349087459
:107D70008148407848748048807888747E48C0780C
:107D8000C87414217D48FBF7A2F8FCE076207B49FB
:107D900008709020487020208870C8700871681C96
:107DA0000A2190FBF1F0303074494871681C0A21B7
:107DB00090FBF1F201FB12003030704988712020F5
:107DC000C871087248728872601C0A2190FBF1F039
:107DD00030306A49C872601C0A2190FBF1F201FB45
:107DE0001200303065490873202048738873C873C7
:107DF00066B9634800780874614840784874604800
:107E0000807888745E48C078C8740CE05A4800785E
:107E10005A4908745848407848745748807888749C
:107E20005548C078C87414215448FBF750F8AAE0AC
:107E3000762052490870A020487020208870C870B1
:107E40000871681C0A2190FBF1F030304B494871F1
:107E5000681C0A2190FBF1F201FB12003030474907
:107E600088712020C871087248728872601C0A21CB
:107E700090FBF1F030304149C872601C0A2190FB40
:107E8000F1F201FB120030303C49087320204873A6
:107E90008873C87366B93A480078087438484078DF
:107EA00048743748807888743548C078C8740CE0C6
:107EB00031480078314908742F48407848742E487A
:107EC000807888742C48C078C87414212B48FAF73D
:107ED000FEFF58E0762029490870B0204870202025
:107EE0008870C8700871681C0A2190FBF1F030306E
:107EF00022494871681C0A2190FBF1F201FB120033
:107F000030301E4988712020C8710872487288720A
:107F1000601C0A2190FBF1F030301849C872601CD7
:107F20000A2190FBF1F201FB120030301349087373
:107F3000202048738873C87366B9114800780874A4
:107F40000F48407848740E48807888740C48C07890
:107F5000C8740CE00848007808490874064840785E
:107F600048740548807888740348C078C874142120
:107F70000248FAF7ACFF06E0BF0D002090B20020E7
:107F8000BA0D002000BF00BF56E40B2C7ED2DFE804
:107F900004F00658ACF3F2F1F0EFEEEDEC007620D1
:107FA000FA490870C020487020208870C870087195
:107FB000681C0A2190FBF1F03030F4494871681CCC
:107FC0000A2190FBF1F201FB12003030EF49887179
:107FD0002020C871087248728872601C0A2190FBC8
:107FE000F1F03030E949C872601C0A2190FBF1F2CF
:107FF00001FB12003030E549087320204873887374
:10800000C87366B9E24800780874E148407848745B
:10801000DF4880788874DE48C078C8740CE0DD489A
:108020000078DA490874DB4840784874D948807889
:108030008874D848C078C8741421D448FAF747FF28
:1080400044E37620D1490870D02048702020887001
:10805000C8700871681C0A2190FBF1F03030CB49E0
:108060004871681C0A2190FBF1F201FB12003030CC
:10807000C64988712020C871087248728872601CD5
:108080000A2190FBF1F03030C04900E01DE3C872D6
:10809000601C0A2190FBF1F201FB12003030BB4959
:1080A0000873202048738873C87366B9B84800788D
:1080B0000874B74840784874B54880788874B448E4
:1080C000C078C8740CE0B3480078B0490874B1486F
:1080D00040784874AF4880788874AE48C078C874D7
:1080E0001421AA48FAF7F3FEF0E27620A7490870B7
:1080F000E020487020208870C8700871681C0A2130
:1081000090FBF1F03030A1494871681C0A2190FBC6
:10811000F1F201FB120030309C4988712020C871B7
:10812000087248728872601C0A2190FBF1F03030AE
:108130009649C872601C0A2190FBF1F201FB120003
:10814000303092490873202048738873C873A6B9E9
:108150008F48007808748E48407848748C4880783E
:1081600088748B48C078C87414E05CE209E2B6E118
:1081700063E111E1B7E064E011E0864800788349EB
:1081800008748448407848748248807888748148AC
:10819000C078C87414217D48FAF799FE96E27620DB
:1081A0007A490870F020487020208870C8700871E3
:1081B000681C0A2190FBF1F0303074494871681C4A
:1081C0000A2190FBF1F201FB120030306F498871F7
:1081D0002020C871087248728872601C0A2190FBC6
:1081E000F1F030306949C872601C0A2190FBF1F24D
:1081F00001FB1200303065490873202048738873F2
:10820000C87366B962480078087461484078487459
:108210005F48807888745E48C078C8740CE05D4818
:1082200000785A4908745B48407848745948807807
:1082300088745848C078C87414215448FAF747FE27
:1082400044E277205149087000204870202088704F
:10825000C8700871681C0A2190FBF1F030304B495E
:108260004871681C0A2190FBF1F201FB12003030CA
:10827000464988712020C871087248728872601C53
:108280000A2190FBF1F030304049C872601C0A218D
:1082900090FBF1F201FB120030303C4908732020C2
:1082A00048738873C87366B93948007808743848C9
:1082B000407848743648807888743548C078C874E7
:1082C0000CE03448007831490874324840784874EA
:1082D0003048807888742F48C078C87414212B489F
:1082E000FAF7F5FDF2E17720284908701020487070
:1082F00020208870C8700871681C0A2190FBF1F07A
:10830000303022494871681C0A2190FBF1F201FBD0
:10831000120030301D4988712020C87108724872DF
:108320008872601C0A2190FBF1F030301749C87246
:10833000601C0A2190FBF1F201FB1200303013495E
:108340000873202048738873C87366B91048007892
:1083500008740F48407848740D48807888740C4839
:10836000C078C8740CE00B480078084908740948C4
:10837000407848740748807888740648C078C87484
:1083800014210248FAF7A3FDA0E1000090B20020FA
:10839000BA0D0020BF0D00207720FA490870202078
:1083A00048708870C8700871681C0A2190FBF1F051
:1083B0003030F4494871681C0A2190FBF1F201FB4E
:1083C00012003030EF4988712020C871087248725D
:1083D0008872601C0A2190FBF1F03030E949C872C4
:1083E000601C0A2190FBF1F201FB12003030E549DC
:1083F0000873202048738873C87366B9E248007810
:108400000874E14840784874DF4880788874DE4812
:10841000C078C8740CE0DD480078DA490874DB489D
:1084200040784874D94880788874D848C078C8742F
:108430001421D448FAF74BFD48E17720D149087060
:108440003020487020208870C8700871681C0A218C
:1084500090FBF1F03030CB494871681C0A2190FB49
:10846000F1F201FB12003030C64988712020C8713A
:10847000087248728872601C0A2190FBF1F030305B
:10848000C049C872601C0A2190FBF1F201FB120086
:108490003030BC490873202048738873C87366B9AC
:1084A000B94800780874B84840784874B64880786D
:1084B0008874B548C078C8740CE0B4480078B149F5
:1084C0000874B24840784874B04880788874AF48DF
:1084D000C078C8741421AB48FAF7F9FCF6E07720AD
:1084E000A84908704020487020208870C870087122
:1084F000681C0A2190FBF1F03030A2494871681CD9
:108500000A2190FBF1F201FB120030309D49887185
:108510002020C871087248728872601C0A2190FB82
:10852000F1F030309749C872601C0A2190FBF1F2DB
:1085300001FB120030309349087320204873887380
:10854000C87366B99048007808748F4840784874BA
:108550008D48807888748C48C078C8740CE08B484B
:10856000007888490874894840784874874880783A
:1085700088748648C078C87414218248FAF7A7FC2A
:10858000A4E077207F490870502048702020887030
:10859000C8700871681C0A2190FBF1F030307949ED
:1085A0004871681C0A2190FBF1F201FB1200303087
:1085B000744988712020C871087248728872601CE2
:1085C0000A2190FBF1F030306E49C872601C0A211C
:1085D00090FBF1F201FB120030306A490873202051
:1085E00048738873C87366B967480078087466482A
:1085F000407848746448807888746348C078C87448
:108600000CE0624800785F4908746048407848741C
:108610005E48807888745D48C078C87414215948D1
:10862000FAF755FC52E077205649087060204870F0
:1086300020208870C8700871681C0A2190FBF1F036
:10864000303050494871681C0A2190FBF1F201FB5F
:10865000120030304B4988712020C871087248726E
:108660008872601C0A2190FBF1F030304549C872D5
:10867000601C0A2190FBF1F201FB120030304149ED
:108680000873202048738873C87366B93E48007821
:1086900008743D48407848743B48807888743A486C
:1086A000C078C8740CE039480078364908743748F7
:1086B000407848743548807888743448C078C874E5
:1086C00014213048FAF703FC00E000BF00BF02E2CB
:1086D000062C7DD2DFE804F0035CB0F2F1F07720E5
:1086E000284908707020487020208870C870087170
:1086F000681C0A2190FBF1F0303022494871681C57
:108700000A2190FBF1F201FB120030301D49887103
:108710002020C871087248728872601C0A2190FB80
:10872000F1F030301749C872601C0A2190FBF1F259
:1087300001FB1200303013490873202048738873FE
:10874000C87366B91048007808740F4840784874B8
:108750000D48807888740C48C078C8740CE00B48C9
:1087600000780849087409484078487407488078B8
:1087700088740648C078C87414210248FAF7A7FB29
:10878000A6E1000090B20020BA0D0020BF0D00202D
:108790007720D24908708020487020208870C870E7
:1087A0000871681C0A2190FBF1F03030CB49487108
:1087B000681C0A2190FBF1F201FB12003030C7491E
:1087C00088712020C871087248728872601C00E0AD
:1087D0007DE10A2190FBF1F03030C049C872601C85
:1087E0000A2190FBF1F201FB12003030BB49087303
:1087F000202048738873C87366B9B9480078087434
:10880000B74840784874B64880788874B448C078CF
:10881000C8740CE0B3480078B0490874B148407897
:108820004874B04880788874AE48C078C874142101
:10883000AA48FAF74CFB4BE17720A8490870902032
:10884000487020208870C8700871681C0A2190FB4D
:10885000F1F03030A1494871681C0A2190FBF1F217
:1088600001FB120030309D4988712020C8710872C8
:1088700048728872601C0A2190FBF1F030309749F1
:10888000C872601C0A2190FBF1F201FB120030302B
:1088900092490873202048738873C8737EB9904842
:1088A000007808748E48407848748D4880788874C1
:1088B0008B48C078C8740FE0B7E064E011E08948E5
:1088C00000788649087487484078487485488078DD
:1088D00088748448C078C87414218048FAF7F7FA7D
:1088E000F6E077207D490870A0204870202088702D
:1088F000C8700871681C0A2190FBF1F0303077498C
:108900004871681C0A2190FBF1F201FB1200303023
:10891000724988712020C871087248728872601C80
:108920000A2190FBF1F030306C49C872601C0A21BA
:1089300090FBF1F201FB12003030684908732020EF
:1089400048738873C87366B96548007808746448CA
:10895000407848746248807888746148C078C874E8
:108960000CE0604800785D4908745E4840784874BF
:108970005C48807888745B48C078C8741421574874
:10898000FAF7A5FAA4E0772054490870B02048709F
:1089900020208870C8700871681C0A2190FBF1F0D3
:1089A00030304E494871681C0A2190FBF1F201FBFE
:1089B00012003030494988712020C871087248720D
:1089C0008872601C0A2190FBF1F030304349C87274
:1089D000601C0A2190FBF1F201FB120030303F498C
:1089E0000873202048738873C87366B93C480078C0
:1089F00008743B484078487439488078887438480F
:108A0000C078C8740CE03748007834490874354899
:108A1000407848743348807888743248C078C87485
:108A200014212E48FAF753FA52E077202B490870A8
:108A3000C020487020208870C8700871681C0A2106
:108A400090FBF1F0303025494871681C0A2190FBF9
:108A5000F1F201FB12003030204988712020C871EA
:108A6000087248728872601C0A2190FBF1F0303065
:108A70001A49C872601C0A2190FBF1F201FB120036
:108A8000303016490873202048738873C87366B95C
:108A90001348007808741248407848741048807869
:108AA00088740F48C078C8740CE00E4800780B49F1
:108AB00008740C48407848740A48807888740948DB
:108AC000C078C87414210548FAF701FA00E000BF25
:108AD00000BF00E000BF00BF70BD000090B20020EA
:108AE000BA0D0020BF0D0020704770B5064600F09B
:108AF00015FC056806F10B0020F00704B4429CBF8A
:108B0000002070BD2B466A68BAB11068A04210D32D
:108B100004F1080188423CBF5068586007D351688F
:108B2000101941601168091B016058601460101D24
:108B300070BD13465268002AE7D12146284600F04E
:108B4000F9FB0028DED170BD70B50446051F00F0AA
:108B5000E5FB0068002C14BF446870BD002C18BFF2
:108B6000AC423CBF20466468F8D301680A18AA42A8
:108B700018BF456003D12A68054611440160286882
:108B80004119A1421CBF6C6070BD616869602168B9
:108B90000844286070BD70B50D460646041F00F0FD
:108BA000BDFBD0F800C0C5B1E6B105F10B0020F067
:108BB0000703AB423CBF002070BD2068984238BF1D
:108BC000DCF8042013D3C11A08292FD3E01840F889
:108BD000041B2360FFF7B8FF28E03046FFF7B4FF1F
:108BE000002070BD2846BDE87040FFF77EBF002A18
:108BF00018BFA2423CBF94465268F8D30119914273
:108C000016D111680844984212D3C11A08293CBFF2
:108C10002060506808D35168E018416021681268EC
:108C20001144C91A01602360CCF80400201D70BDF6
:108C3000181FFFF75AFF050007D021680A1F211DE2
:108C400000F0A4FA201DFFF77FFF284670BD10B585
:108C5000044600F05BFB0068005DC00602D504F12D
:108C6000200010BD204610BD0FB4044910B503AA62
:108C7000029800F043FE10BC5DF814FB5800002081
:108C80000FB41CB5084B06AA7B44694600900598B2
:108C900000F005FE04460020694600F013FE204661
:108CA0001CBC5DF814FB0000390C000070B50446D4
:108CB00085690068C10601D5302600E02026C0077E
:108CC00007D070BDD4E9012130469047206A401C8E
:108CD00020626D1EF6D570BD70B5044685690078BA
:108CE000C00707D170BDD4E9012120209047206A38
:108CF000401C20626D1EF6D570BD70B50C46054651
:108D0000012A05D02878800600D5EA69002302E010
:108D1000012305E05B1C934202D2E05C0028F9D1FC
:108D2000A869E618C01AA861286A1844286228466B
:108D3000FFF7BCFF04E0D5E9012114F8010B9047CF
:108D4000B442F8D32846FFF7C7FF70BD2DE9F041C4
:108D50000646002410687529314616A510D0AFF3D9
:108D60000080002802DA404213A507E031688A0734
:108D700001D512A502E0490704D511A5012401E09F
:108D8000AFF3008000210A2206F1240709E0B0FBBE
:108D9000F2FCB0FBF2F302FB1C00303078541846B2
:108DA000491C0028F3D123462A463046BDE8F0414D
:108DB00000F00ABB000000002D0000002B000000A6
:108DC0002000000070B504460D4621461068AFF340
:108DD00000802188090502D50F4A7A4402E00E4A34
:108DE0007A440E32002104F1240305E000F00F065E
:108DF0000009965D5E54491C0028F7D120780023B5
:108E0000000704D5702D02D009B10223113220468B
:108E1000BDE8704000F0D8BA4AAA00002DE9F05F22
:108E2000894604464FF0000ADFF824B1FB44C0F83D
:108E300020A02046E168884700287DD0252806D05C
:108E4000D4E901219047206A401C2062F1E7002507
:108E50005F462046E16888472028064607DB312E1A
:108E600005D2B81910F8200C08B10543F1E7A8079E
:108E700001D525F00405C4F81CA00027C4F818A0EB
:108E80002A2E09D0304602F0DAFA38B304EB87080C
:108E9000303EC8F8186019E059F8041B204604EB6E
:108EA00087029161E1688847012F064618D1E06981
:108EB000002820DA25F020051DE0D8F8180000EB86
:108EC000800006EB40003038C8F818002046E16802
:108ED0008847064602F0B3FA0028EED1012F0AD0E7
:108EE0002E2E08D12046E16888477F1C0646022FB7
:108EF00045F02005C4DBA069002803DA404245F0B4
:108F00000105A061E80701D025F01005A6B1A6F182
:108F10004100192802D8203645F400654A463146FA
:108F2000204625604D46E7F761F960B1012807D07A
:108F3000ED1D25F0070000E007E000F1080978E7E3
:108F400005F1040975E730467AE7206ABDE8F09F2D
:108F500020AA00000FB400B58DB010A909900091AF
:108F60000B904FF0FF300A9000200C900648784498
:108F70000690064878446A4607900F9909A800F0C1
:108F800027FF0DB05DF814FB7F0E0000970E000068
:108F900070B5064600F0C6F90468054630460A2258
:108FA000002100F095FF2C6070BD30B505460B46E2
:108FB0002A4613F8014B12F8010B08B1A042F8D071
:108FC0001CB1002802D06D1CF1E7284630BD40EAF4
:108FD0000103024630B59B0710D14FF0013400E089
:108FE00008C208C91D1B9D4315EAC41FF8D013F021
:108FF000FF0102F8011B0DD01B0AF8E711F8013B35
:10900000002B02F8013B05D011F8013B002B02F8C0
:10901000013BF3D130BD10B5431C02E010F8011B39
:1090200071B18107FAD14FF0013202C88C1A8C431A
:1090300014EAC211F9D0C01A0A0603D0C01E10BD2E
:10904000C01A10BD0A0401D0801E10BD0902FCD058
:10905000401E10BD40EA010370B59B072ED14FF0B2
:109060000136042A2AD308C810C99D1B9D43121F2C
:1090700015EAC61517D0D8B2E1B2401A50EA056118
:1090800010D198B2A1B2401A50EA05410AD123F09A
:109090007F4024F07F41401A50EA052102D1180E8A
:1090A000A0EB146070BDA342DBD018BA21BA88428D
:1090B00001D9012070BD4FF0FF3070BD0AB900200A
:1090C00070BD10F8013B11F8014B63B1A3420AD106
:1090D000521E08D010F8013B11F8014B1BB1A342FE
:1090E00001D1521EEDD1181B70BD421E12F8013F76
:1090F000002BFBD111F8013B002B02F8013BF9D109
:109100007047032A40F2308010F0030C00F0158005
:1091100011F8013BBCF1020F624498BF11F801CB7A
:1091200000F8013B38BF11F8013BA2F1040298BFDF
:1091300000F801CB38BF00F8013B11F0030300F049
:109140002580083AC0F0088051F8043B083A51F8ED
:1091500004CBA0E80810F5E7121D5CBF51F8043BF2
:1091600040F8043BAFF30080D20724BF11F8013B65
:1091700011F801CB48BF11F8012B24BF00F8013BC7
:1091800000F801CB48BF00F8012B704710B5203A1A
:10919000C0F00B80B1E81850203AA0E81850B1E8B0
:1091A0001850A0E81850BFF4F5AF5FEA027C24BF66
:1091B000B1E81850A0E8185044BF18C918C0BDE85D
:1091C00010405FEA827C24BF51F8043B40F8043B26
:1091D00008BF7047D20728BF31F8023B48BF11F8DB
:1091E000012B28BF20F8023B48BF00F8012B704735
:1091F0004FF000020429C0F0128010F0030C00F0C0
:109200001B80CCF1040CBCF1020F18BF00F8012B3D
:10921000A8BF20F8022BA1EB0C0100F00DB85FEA0B
:10922000C17C24BF00F8012B00F8012B48BF00F8D7
:10923000012B70474FF0000200B513469446964646
:10924000203922BFA0E80C50A0E80C50B1F1200159
:10925000BFF4F7AF090728BFA0E80C5048BF0CC007
:109260005DF804EB890028BF40F8042B08BF704765
:1092700048BF20F8022B11F0804F18BF00F8012BD7
:10928000704700004FF0013C50F8042B51F8043BAC
:109290009A4221D1A2EB0C03934313EACC1317D1CA
:1092A00050F8042B51F8043B9A4215D1A2EB0C0361
:1092B000934313EACC130BD150F8042B51F8043B21
:1092C0009A4209D1A2EB0C03934313EACC13DBD0EF
:1092D0004FF00000704700BFD01A01BAB1FA81F117
:1092E00001F0180122FA01F0CB40C1F12001DBB2FC
:1092F000C0B2C01A2CFA01F3D11A914311EAC3117A
:10930000E6D17047704770477047704710B500F05E
:109310001BFE001D10BD00BF1D220000004870474D
:1093200098B300200048704790B300207047704702
:109330007047704738B504460A4600206946AFF3C7
:109340000080002808BF38BD02460099204600F082
:10935000FFFD012038BD012001F01EB9F8B5AFF3C3
:109360000080054600200C46102000BF0646A819C4
:10937000A0420DD9324669460020AFF300800700B5
:1093800008BF01F009F90098A04218BF0546C419AA
:10939000FFF7C4FF05600746F01D20F007004619DF
:1093A000284600F00AF8B44208BFF8BDA21B3146B7
:1093B0003868BDE8F84000F0CBBD00210160C0E98D
:1093C00001107047102070472DE9F0470D4699466F
:1093D0009246044600F124080168880604D5E06935
:1093E00021F01001216000E00120A84201DD471BAF
:1093F00000E00027A1697A1902EB0900081AA061B0
:109400002078C00602D42046FFF750FC002608E072
:10941000D4E901211AF806009047206A401C761C06
:1094200020624E45F4DB2078C0060AD52046FFF7BF
:109430003DFC06E0D4E9012130209047206A401C21
:109440002062381EA7F10107F4DC07E0D4E901210E
:1094500018F805009047206A401C2062281EA5F1DC
:109460000105F3DC2046FFF737FC2078000602D523
:109470000220BDE8F0870120FBE770472DE9FF4F90
:109480000C461E464FF0FF378BB0D2E90001DDF8E5
:1094900060800A908A46C1F30A5505B93D4600210D
:1094A00008464FF00000BAF1000F00F4400005DA62
:1094B00000EB80004FF4400101EA50004FEA905960
:1094C000B9F1010F00DDB9460A9850EA4A000ED002
:1094D00044F61050A5F2FF3545432F14B8F1000FA4
:1094E0001ED07542291E1EDDC9F100021CE0B8F134
:1094F000010F4FF0000001D0302103E0F24305E0FE
:109500002154401CB042FBDB304600220021215494
:109510000B99C1F80880C1E900200FB0BDE8F08FB9
:10952000BD1B6D1CDEE74A4600DA694206A800F062
:10953000C1FF06AB93E8070003AB83E80700504682
:109540000A9901F0F5FA8DE80700A0F500501F38E0
:1095500000900398002D09DD42F21F014A4608449D
:1095600003A90390684601F07EFD08E0A0F50050D5
:109570004A461F3803A90390684601F09CFD8DE818
:1095800007000004000C03D04FF0FF30410800E05A
:109590001046B8F1000F03D00022009215461EE0DD
:1095A000751E05D400F0EEFC303262556D1EF9D503
:1095B000B3460122084302D000227F1C04E0207839
:1095C000302801D100227F1E002A099786D01DE095
:1095D000112D07DA00F0D6FC303262556D1C50EACE
:1095E0000102F5D1084302D00098C8B10EE0002175
:1095F000681E05E0235C625C63542254401E491CD3
:109600008142F7DBAB46A81B401E0990002004F8FE
:109610000B000B98099AC0F80880C0E9002B7CE782
:1096200011264FF0000859E72DE9F04F884604460F
:10963000D21D22F0070191B0D1E90001CDE90A0164
:1096400001F083FE02460B98C00F01D02D2007E0E9
:109650002068810701D52B2002E0202101EAC0000B
:10966000032A099001D0072A05DB0346414620461C
:1096700000F0D6FC0BE12078800601D5E06900E01F
:109680000620B8F1650F814606D0B8F1660F18D0F4
:10969000B8F1670F70D131E00020B9F1110F0090DF
:1096A00001DB112301E009F101030AAA01A90CA8B9
:1096B000FFF7E4FEDDE90C70002609F101058346A1
:1096C00047E001204B4600904FF000470AAA01A94D
:1096D0000CA8FFF7D3FEDDE90DB00C995D4600261E
:1096E00010B909F101000D18B9EB050003D4C0F160
:1096F000FF3609F10105A5EB09002BE0B9F1010FD7
:1097000001DA4FF001090020B9F1110F009048462D
:1097100001DD112300E003460AAA01A90CA8FFF706
:10972000ADFEDDE90C704D4600268346207800072B
:109730000AD4AB4500DA5D4601A8012D04DD4119CC
:1097400011F8011C302907D04F4502DA17F1040F38
:1097500004DA012082460FE06D1EEEE7002F02DCE6
:10976000ED1B3E4403E0781CA84200DD7D1CB81BC5
:1097700000F1010A4FF000472078000703D4AA4502
:1097800001DB4FF0FF3A0021B7F1004F0DF1430824
:109790008DF8431024D002202B23002F01DA7F42C2
:1097A0002D230A21021EA0F1010000DC5FB197FB0E
:1097B000F1FC97FBF1F201FB1C7C17460CF1300C1D
:1097C00008F801CDEEE7A8F1010003702188090532
:1097D00001D5452100E06521A0F1010800F8011C38
:1097E00009980FA9A1EB0807FF1D00B1012041193D
:1097F00001EBEA70A1693844081A401EA061207884
:10980000C00602D42046FFF751FA099828B1D4E9DE
:1098100001219047206A401C20622078C00622D592
:109820002046FFF743FA1EE0002E04DBB34502DDBD
:1098300001A8805D00E03020D4E901219047206A32
:10984000401C2062761CAAF101005FEA000A0AD1DE
:1098500000F07AFBC0680168405CD4E901219047C0
:10986000206A401C2062281EA5F10105DCDC07E00F
:10987000D4E9012118F8010B9047206A401C2062AE
:10988000381EA7F10107F3DC2046FFF725FA032075
:1098900011B043E601694A1C02610878704700B5BF
:1098A0008FB0CDE901310021059105497944CDE919
:1098B000031011466846FFF7B1FA0FB000BD000073
:1098C000E5FFFFFF0A6802F8010B0A60704710B558
:1098D000436913B1AFF3008001E0FFF70EFA0120F6
:1098E00010BD127800F124010A7000224A70012292
:1098F000EDE711684FF0FF32E9E70000074B70B564
:109900000D467B44FFF7CBFF0446284600F040FE9F
:1099100010B14FF0FF3070BD204670BD099FFEFFB3
:109920002DE9FF4F064689B00878FF2806D0491C6C
:109930002D2805D000244FF0000908E000200CE09D
:109940000124F8E709EB8903491C00EB4309087877
:10995000FF28F7D114B1C9F1000081461078002525
:109960002C46AA4629462D2801D02B2804D1521C6A
:109970002D2813D0002082468B461078FF280FD068
:109980004FF0000C0A21521CA5FB017804FB018159
:1099900005FB0C11C5194BEB0104EEE70120EAE7CA
:1099A000002108464FF00000BAF1000F02D000EB92
:1099B00080004008C0F38158B8F1010F01DD4FF07D
:1099C000FF380C9809EB000755EA040009D04FF066
:1099D000020917F5FA7F0BDA4FEACA70C6E900B040
:1099E00012E04FEACA70C6E900B00DB0BDE8F08FD2
:1099F000B7F5FA7F0DDDF0487844D0E90010C6E9EC
:109A0000001040EACA707060FFF78CFCC0F800904C
:109A1000EBE7391E02DAC8F1000200E0424600DA44
:109A2000794206A800F046FD06AB93E8070003ABB9
:109A300083E8070044F23E005BEA040100905846C8
:109A400004D144F21E012C465D460091210C09040C
:109A5000014306D10099240444EA15442D04103929
:109A6000009104F07F41014306D10099240244EAA9
:109A700015642D020839009104F07041014306D1AC
:109A80000099240144EA15742D01091F009104F086
:109A90004041014306D10099A40044EA9574AD0009
:109AA000891E009104F00041084304D100986D190B
:109AB0006441401E009042466846002FCDE90145B2
:109AC00003A902DD01F00BFB01E001F0E0FABAF1BD
:109AD000000F04460D4601D084F0004440F2FF77A9
:109AE00024F00040284303D0C4F30A50B84212D1F6
:109AF000FFF718FCC0F80090C4F30A50B8420AD12E
:109B0000AE487844D0E90010C6E9001004F00041E6
:109B10000843706069E7C6E9005466E72DE9FF4F26
:109B20001F464FF0000A4FF0FF38454691B0D7E985
:109B30000146CDF83CA000F007FAC0680168405C1F
:109B40001090B96912986D1C8847396A8146884718
:109B50000028F6D1B9F1FF3F0AD0002E24F4D064DA
:109B600011DDB9F12B0F08D0B9F12D0F0BD102E0A7
:109B7000404615B03AE744F48064B96912986D1C08
:109B80008847761E8146600504A901D52D2000E096
:109B90002B20002E01F1010B0DF130088DF8100083
:109BA0003FDDB9F1690F08D0B9F1490F05D0B9F11E
:109BB0006E0F02D0B9F14E0F1CD13B4601A80095A3
:109BC00080E85002DDE912126FF0020002F079FB2A
:109BD000C11CCED10EE0B96912986D1C8847814630
:109BE0001398761E44F4007405600F98401C002EF4
:109BF0000F9016DDB9F1300FEDD0B9F1780F02D02A
:109C0000B9F1580F0DD10F9801280AD13B46CDE983
:109C10000054DDE91212001F029602F050FBC11C35
:109C2000A7D1109989453ED144F0800406E01399EC
:109C3000681CAAF1010A44F400740860B9696D1C3B
:109C40001298761E884730288146F0D02BE0109974
:109C5000894505D1200603D4761E44F0800418E01F
:109C6000484601F0ECFB08B3761E0DF123018B454D
:109C700044F4007408D2A9F130000BF8010B20065F
:109C800007D5AAF1010003E0200602D40AF1010081
:109C90008246A00502D51399681C0860B96912981C
:109CA0006D1C88478146002ED1DC53E0002E51DD2B
:109CB000B9F1650F02D0B9F1450F4BD1A00549D5D7
:109CC000B9696D1C1298761E24F440748847002EE2
:109CD00081460CDD2B2804D0B9F12D0F07D144F4B7
:109CE0008074B96912986D1C8847761E8146E0051C
:109CF00001D52D2100E02B2108F8011BCDF80080B3
:109D000021E0761E0DF13901884544F400740CD22F
:109D1000A9F1300010F0FF0088F8000002D100998E
:109D2000884509D908F1010806E0E00501D5244875
:109D300001E042F20F708246B96912986D1C8847A3
:109D4000814613980560002E04DD484601F077FB3C
:109D50000028D6D1F96912988847FF2053468BF81E
:109D6000000088F8000000200A900B9004AA0CA9BB
:109D70000AA8FFF7D5FDA00502D46FF00100F8E6B0
:109D800014F0240F0AD0E00714D13868DDE90A1274
:109D9000031D3B600068C0E900120BE00AA9684699
:109DA00001F0F6FAE00705D13868009A011D396024
:109DB000006802602846DCE6E49F0000DA9E0000AE
:109DC000F1D8FFFF0268114413780160184670470C
:109DD000D1600549794451610449794411620021F7
:109DE0001161114600F05CB9EDFFFFFF3102000088
:109DF000426842B1016811F8013B23B1521EC0E92B
:109E00000012184670470121C160881E70474268E1
:109E10005AB1C368016843B983688B4205D0491EB3
:109E2000521CC0E90012002070474FF0FF3070470D
:109E30000FB4002300B589B00CA900910B99CB6039
:109E4000204B7B440693204B7B44079304236FF005
:109E50000042CDE901321D4A7A446B46089202461F
:109E6000002002F02AFA09B05DF814FB70B506462E
:109E70004FF0FF3015460C46324686B00091CDE9D2
:109E8000010169460020049004A8FFF7D1FF0346B2
:109E90000498211825B108B10A4600E022462A603C
:109EA00000280DD0002B02DD0098884208D03246F1
:109EB000081B69460094CDE9010404A8FFF7B8FF28
:109EC00006B070BDABFFFFFFC3FFFFFFB301000093
:109ED0002DE9F04791460F4680460446002614F8C7
:109EE000015B2DB1FFF712FA0068405DC007F6D1A3
:109EF0002B2D02D02D2D18D0641E4A4639462046FF
:109F000000F088FA27B13968A14201D1C7F8008072
:109F10004FF0020471050BD54042002803DDFFF726
:109F200001FA0460A007BDE8F08746F48066E4E724
:109F30000028F8DAFFF7F6F904606FF00040F2E766
:109F40000048704790B3002000487047B0B300202D
:109F5000034640688C46002818BF88423CBF034631
:109F60004068F8D318681844884207D00CF1030001
:109F700020F00700001D411A521A0146081D0A6010
:109F8000FEF7E2BD30B5B0F10A024FEA900E71F172
:109F900000034EEA817EB0EB0E0061EB91014FEAC7
:109FA000101E4EEA017E10EB0E0041EB11114FEA3C
:109FB000102E4EEA016E10EB0E0041EB11214FEA1C
:109FC000104E4EEA014E10EB0E0041EB11414018CD
:109FD00041F100014FEAD00040EA41704FEAD1015F
:109FE00010EB80054FEA810444EA907444EB0104CD
:109FF0006D1944EB0404521BA3414FF0000348BF0A
:10A000000A3200D530BD401C41F1000130BD10B511
:10A010000446FFF77BF90068005D00F0010010BD09
:10A020002DE9F0411F46044603260168072A01F482
:10A03000006004DB08B116A505E016A503E008B131
:10A0400015A500E015A521F010002060A069C01E34
:10A05000A0610FB1401EA0612046FEF727FE4FB160
:10A06000D4E9012138469047206A401C2062C01C78
:10A07000206206E0206AFAE7D4E9012115F8010B15
:10A080009047761EF8D22046FEF726FEBDE8F08106
:10A090004E414E006E616E00494E4600696E66008C
:10A0A0002DE9F34F4FF0000A0C4656468DB00120C3
:10A0B0000C9001F10C000B9062690B980121904704
:10A0C00005002DD0252D2CD0216A8847C0B16269AA
:10A0D0000B9801219047216A88470028F7D16269CF
:10A0E000411E0B98904700E0761CA1690D988847A7
:10A0F000216A88470028F7D1E1690D988847DBE796
:10A10000A1690D988847A842074601D1761CD3E77C
:10A11000E1690D9888477F1C02D1BAF1000F6FD01A
:10A120006BE162690B9800273D46394690472A2823
:10A1300004D162690B98012190470125DFF8D08294
:10A1400062690B9801219047A0F130010A290AD2D7
:10A150004745E5DC07EB870100EB4107303FDFD4E3
:10A1600045F01005ECE7E90601D46FF000476C28D4
:10A170000AD04C2814D0682815D06A280DD074282D
:10A180001CD07A281AD01DE062690B9801219047F3
:10A190006C2802D045F0040514E045F002050DE0FE
:10A1A00045F020050AE062690B9801219047682874
:10A1B00002D045F0080505E045F4006562690B989A
:10A1C00001219047C4E9015765283DD019DC582882
:10A1D0007AD00CDC452837D004DC252826D041284D
:10A1E0009ED131E046282FD0472899D12CE05B281A
:10A1F00077D0612828D063287CD0642823D15AE006
:10A20000F6E06F2848D008DC66281DD067281BD0F0
:10A21000692821D06E2816D127E0702845D07328F0
:10A2200068D0752847D078280DD14DE0A1690D98E8
:10A230008847252805463FF469AFE1690D988847AE
:10A240006D1C3FF46AAFD8E00D9923466A466FF063
:10A25000010002F032F8C5E045F0400023464FF01F
:10A2600000026060A80736D43EE0E8077FF447AFFD
:10A270002068011D21600068290501D506701BE7D3
:10A28000290701D5068017E7A90703D5F117C0E90B
:10A29000006111E706600FE745F0400023464FF0EC
:10A2A00008026060A80716D41EE040F60E0125EAF9
:10A2B0000100606016E045F0400023464FF00A02BE
:10A2C0006060A80707D40FE045F040006060A80771
:10A2D00008D5234610220D996FF00100AFF30080DE
:10A2E00080E007E0102223460D996FF00100AFF3E4
:10A2F000008077E04FF0000963284F46C8464B4680
:10A30000CB4602D05B2806D038E0E80601D4012015
:10A31000A060012732E06269D4F80CB00B980121EB
:10A3200090475E2807D14FF0010949466269D4F889
:10A330000CB00B989047216939B900210A4603AB4C
:10A3400043F82120491C0829FADBD8B3216949B315
:10A3500008F1010862690B98012190475D28F4D14A
:10A36000B9F1000F09D0002003A951F82020D243F1
:10A3700041F82020401C0828F7DB03AB20690028A7
:10A3800020794FEA40701ED05B462246CDF800800F
:10A39000CDE901970D9900286FF0010020DAAFF3A5
:10A3A00000801FE0C11703AA00EBD1614B1121F01F
:10A3B0001F0102EB8302411A136801208840034306
:10A3C0001360C7E719E00D99224600286FF00100DD
:10A3D000009702DAAFF3008004E0AFF3008001E001
:10A3E000AFF3008000280ADA401C06D10C9820B197
:10A3F0004FF0FF300FB0BDE8F08F5046FAE7E907A5
:10A4000001D10AF1010A064400200C9054E6000034
:10A41000CCCCCC0C2DE9F05F824615468B4600274C
:10A420000AF10104B9460078302801D09DB113E04B
:10A4300014F8010B0127782803D0582801D045B122
:10A440000AE00DB1102D07D1002714F8010B1025DB
:10A4500002E0082500E00A250026B0460EE005FBD4
:10A46000080005FB06F101271FFA80F801EB1046F2
:10A47000B6F5803F00D3B94614F8010B294600F029
:10A48000C2F80028EBDABBF1000F05D00FB1641E53
:10A4900000E05446CBF80040B9F1000F06D0FEF7BB
:10A4A00041FF02210160C81EBDE8F09F48EA064056
:10A4B000FAE700002DE9F047814616468AB0334896
:10A4C00078440DC88DE80D0030487844801C03ACFA
:10A4D0000DC884E80D0041F69B300844372190FBFD
:10A4E000F1F290FBF1F5A5F1800501FB12041B3C94
:10A4F00002D56442012000E00020DFF890A08046F1
:10A500000027FA44AAF1BE0A0DE0E00709D032465E
:10A51000684607EB47010AEB810100F0CCFD8DE8AE
:10A52000070064107F1C002CEFD1184F7F44AC3F14
:10A5300018E0E80714D007EB04100DF1180A90E8B2
:10A540000E008AE80E00C068F04201D19819089008
:10A55000324606A903A800F0AEFD03AB83E807006E
:10A560006D10641C002DE4D132466946B8F1000F2D
:10A5700003A802D000F077FD01E000F09CFDC9E9DE
:10A580000001C9F808200AB0BDE8F0871C9400005B
:10A59000007B00F08000704710B500F075FABDE850
:10A5A000104000F06BBA7546FFF7CAFCAE460500D6
:10A5B0006946534620F00700854618B020B5E5F7F8
:10A5C00067FFBDE820404FF000064FF000074FF056
:10A5D00000084FF0000B21F00701AC46ACE8C009C1
:10A5E000ACE8C009ACE8C009ACE8C0098D467047CA
:10A5F00010B5FEF797FE006810BD10B50446FEF7D3
:10A6000091FE046010BD3A2800D2303820F02002BC
:10A61000412A01D3A2F13700884201D34FF0FF3025
:10A62000704700002DE9FF4F1F464FF03C0987B0EF
:10A630004FF00042DDE9141001F10108DDF858A0E7
:10A6400002EA4050039000200490834605460446E9
:10A650000590B969461E08988847AAF1010A029038
:10A66000BAF1000F37DD02982E2815D01021FFF720
:10A67000CAFF00282ADB4FF0010B0499014316D0D2
:10A68000B9F1000F0BDB4A46C11700F025FA05436C
:10A690000C43A9F1040905E00120059007E008B189
:10A6A00045F0010501200490059800B9361DB969EF
:10A6B000089808F101088847BBF1000FAAF1010AC8
:10A6C0000290CDD00999C1F80080C9E7029870289E
:10A6D00008D0502806D0F96908988847BBF1000FC8
:10A6E00014D04FE0002002900120BBF1000F049035
:10A6F00009D0B969089808F101088847AAF1010949
:10A70000B9F1000F07DCF969089888476FF001007C
:10A710000BB0BDE8F08F2B2804D02D280CD14FF0C2
:10A72000FF300490B969089808F101088847A9F139
:10A730000109B9F1000FE6DD411CE4D00A21FFF761
:10A7400062FF0028DFDB029908F1010801EB8101BB
:10A7500000EB41000290B969089888470A21FFF789
:10A7600052FF099AA9F10109B9F1000FC2F800805E
:10A7700001DD0028E7DAF96908988847049902980A
:10A7800000FB016655EA040004D004F040410900D2
:10A7900002D006E0039898E0A40044EA9574AD0066
:10A7A000B61E04F00041080002D16D196441761E06
:10A7B000159810F0240F03D04FF00B095C4803E00C
:10A7C0004FF028096FF07D008246564507DAAAEB64
:10A7D00006018944B9F1410F01DD4FF04109012023
:10A7E0000021A9F1010200F077F9024628400B464A
:10A7F0002140084301D0012100E00021501E0291B8
:10A8000043F1FF3128402140084301D0012000E0FE
:10A8100000200299834651EA0B014FD000210846DF
:10A820004FF00000039900F4400039B100EB8000C4
:10A830004FF4400100EBD07001EA60008015012860
:10A8400002DD4FF0FF3000E013D0401C36D00298FC
:10A8500060B3BBF1000F0CD14A460120002100F08B
:10A860003BF928402140084301D0012000E00020AE
:10A87000E0B101204A46002100F02EF903464019BC
:10A880000A4661412D1A8C4111D3B9F1400F09DDFF
:10A89000159810F0240F02D0AAF1340603E0AAF1B3
:10A8A000170600E0761C00254FF0004406E05B1E12
:10A8B00042F1FF3220EA030521EA0204CAF1010055
:10A8C000B04206DA1B49039808430190002000902B
:10A8D0000EE0039AC4F3D321E80A0A43164940EA7A
:10A8E00044500A433146CDE90002684600F09CFD21
:10A8F000159810F0240F0BD01598C00715D13868A3
:10A90000DDE90012031D3B600068C0E900120CE0A5
:10A9100002A8694600F03CFD1598C00705D13868CB
:10A92000029A011D3960006802604046F0E60000AE
:10A9300002FCFFFF0000F07F0000F03F2DE9FF4F19
:10A9400092461D4685B04FF00041DDE9124BDDE92E
:10A9500014727F1E01EA4B50414940F0FF4940EA22
:10A960000108002122F020004928049102D04E283D
:10A9700028D04CE03BA0012607C88DE80700A96954
:10A980000698641C88477F1E014606D41DF8060001
:10A9900018B121F0200181420BD0E969069888475F
:10A9A000032E34D0082E32D06FF0010009B0BDE87C
:10A9B000F08F761C032E01D0082EE0D1601CCAF85F
:10A9C0000000DCE7A9690698641C88477F1E2AD42A
:10A9D00020F02000412826D1A9690698641C8847E8
:10A9E0007F1E20D420F020004E281CD1A969069893
:10A9F000641C88477F1E48F4002849F48009CAF87F
:10AA0000004001D4282806D0E969069888475FEA03
:10AA1000CB7012D022E0A9690698641C88477F1E7B
:10AA200001D4002803DAE96906988847BCE7292899
:10AA3000F1D1641CCAF80040E9E71BF0240F07D0ED
:10AA400028680499031D2B600068C0E9001805E020
:10AA50002868021D2A600068C0F800902046A5E71B
:10AA60000000F07F494E46494E495459000000000D
:10AA70000446AFF300802046E5F7E8FB002801D04C
:10AA8000E8F7C0BE7047000010B5012805D00021CE
:10AA900003A000F034F8012010BD09A1F8E7000080
:10AAA00053494752544D454D3A204F7574206F66B7
:10AAB0002068656170206D656D6F7279000000001F
:10AAC0003A2048656170206D656D6F727920636F03
:10AAD0007272757074656400B2F120030AD5C2F118
:10AAE000200301FA02F120FA03F300FA02F041EA2E
:10AAF0000301704700FA03F14FF00000704770B592
:10AB000005460C460A2000E06D1CE8F77EFE35B1D4
:10AB100028780028F8D102E0641CE8F776FE14B12A
:10AB200020780028F8D1BDE870400A20E8F76DBE13
:10AB30005FEA400C08BF91F0000F4FEA8C234FEA08
:10AB4000C12243EA51514FEA1C5018BF00F5F040B2
:10AB50004FEA300018BF41F000415FEA6C5C00F042
:10AB60002980BCF1FF3F08BF40F080407047130CC4
:10AB700006BF12044FF0100C4FF0000C130E04BF70
:10AB800012020CF1080C130F04BF12010CF1040C9B
:10AB9000930F04BF92000CF1020CD30F04BF5200BC
:10ABA0000CF1010C11464FF00002A0F11F00A0EBC8
:10ABB0000C00704711F0004F08BF704731F00041A2
:10ABC0003FF4D5AF0B0C06BF09044FF0100C4FF04B
:10ABD000000C0B0E04BF09020CF1080C0B0F04BF94
:10ABE00009010CF1040C8B0F04BF89000CF1020C5D
:10ABF000CB0F04BF49000CF1010CCCF12003A0EBFA
:10AC00000C0022FA03F302FA0CF241EA030100F10C
:10AC10000100704720F07F4C80EA030023F07F475B
:10AC2000ACEB070303F57C5300F0004003F1FF0396
:10AC30002DE980494FEA154B09B44FEA144325EA40
:10AC40000B4E24EA03480FF2042606EB13274908AB
:10AC50003E785FEA320203FB0667C7F5000707FB91
:10AC600006F64FEA54374FEAD64606F1020607FBCE
:10AC7000066CCCF1005C4FEA1C472CEA074C07FB42
:10AC800006F40CFB06F504EB15464FEA961634BFA6
:10AC900000204FF000404FEAD13706FB07FC4FEA97
:10ACA0001C4C0CFB0BF7D21B03FB0CF761EB0701F1
:10ACB0000CFB0EF7B0EB074072EB17420CFB08F7EA
:10ACC00034BFA2EB0742B2EB074261EB17414FEAF8
:10ACD0000C444FEA910706FB07FC4FEA1C4C0CFBA7
:10ACE0000BF7B0EBC74072EB573203FB0CF734BFE6
:10ACF000A2EBC742B2EBC74261EB57310CFB0EF738
:10AD0000B0EBC70072EB57720CFB08F734BFA2EB35
:10AD1000C702B2EBC70261EB5771039F4FEA816133
:10AD200041EA921104EBCC044FEAD1374FEA826238
:10AD300006FB07FC42EA90124FEA80604FEA1C4C87
:10AD40000CFB0BF7D21B03FB0CF761EB07010CFBB1
:10AD50000EF7B0EB074072EB17420CFB08F734BF5D
:10AD6000A2EB0742B2EB074261EB17414FEA8C5569
:10AD70004FEA910704EB9C2406FB07FC4FEA1C4CAE
:10AD80000CFB0BF7B0EBC74072EB573203FB0CF731
:10AD900034BFA2EBC742B2EBC74261EB57310CFBA9
:10ADA0000EF7B0EBC70072EB57720CFB08F734BF1D
:10ADB000A2EBC702B2EBC70261EB577115EB4C2552
:10ADC0004FEA816141EA92114FEA82624FEAD1373C
:10ADD00042EA901206FB07FC44F100044FEA80604F
:10ADE0004FEA1C4C0CFB0BF7D21B03FB0CF761EB7F
:10ADF00007010CFB0EF7B0EB074072EB17420CFBA0
:10AE000008F734BFA2EB0742B2EB074261EB1741F0
:10AE100015EB1C154FEA813141EA92414FEA82322B
:10AE200042EA90424FEA80304FEA0C7644F1000447
:10AE300048EA03434EEA0B484FF0000EB2EB080C11
:10AE400071EB030724BF624639464EEB0E0E4FF0FE
:10AE5000000B0018524149414BEB0B0BB2EB080CB5
:10AE600071EB03077BF1000B24BF624639464EEBC2
:10AE70000E0E4FF0000B0018524149414BEB0B0BEB
:10AE8000B2EB080C71EB03077BF1000B24BF6246A9
:10AE900039464EEB0E0E51EA020718BF46F0010686
:10AEA00016EB0E7655F1000254F1000103D5BDE812
:10AEB0008901BDE80088BDE88901BDE80048B619F0
:10AEC000524141EB0101A3F10103704780807F7E75
:10AED0007D7C7B7A79787776767574737271717010
:10AEE0006F6E6E6D6C6C6B6A6A69686867666665C2
:10AEF0006464636362616160605F5F5E5E5D5D5C50
:10AF00005C5B5B5A5A5959585857575656555555C0
:10AF10005454535352525251515050504F4F4F4E20
:10AF20004E4D4D4D4C4C4C4B4B4B4A4A4A4949496E
:10AF300048484847474747464646454545444444B0
:10AF400044434343434242424241414146EA06466A
:10AF5000A3F570534FEA164646EA42564FEAD2220C
:10AF600042EA415210B54FEAD121A3F1010300F0AA
:10AF700017F820F0004000F1010C00F0004701EB51
:10AF800000501146BCF5006F40EA070000D210BD2A
:10AF900002484FF0000140EA070010BD0000F07FBA
:10AFA000002B26D4770021D01CB54FEA370703B415
:10AFB0004FF010004FF010014FF000000FBCBDE843
:10AFC00010400BF1010BBBF1010F08BF5FEA17073F
:10AFD00022BF12F1010211F101014FF0004143F1D2
:10AFE000000300F0004043EA00007047F9D357081F
:10AFF000DAE746EA064613F1400F4FEA16461FDD30
:10B0000013F1200FDFBF16430A46002120335B42B5
:10B01000C8D0C3F1200746EA064602FA07F74FEA0E
:10B02000164646EA0706C3F1200722FA03F201FAA0
:10B0300007F721FA03F14FF0000342EA0702B1E7F4
:10B0400046EA020646EA06464FEA164646EA010680
:10B05000BCBF46EA0646360C4FF000034FF0000234
:10B060004FF000019EE72DE9C048934630B491E8C7
:10B07000380007C831EA400C48BF34EA430C03D516
:10B08000FFF7C8FDFFF78CFFF0BCBDE800882DE995
:10B09000C048934630B491E8380007C831EA400C04
:10B0A00048BF34EA430C03D5FFF7B4FDFFF74EFF6A
:10B0B000F0BCBDE800882DE9C048934630B491E863
:10B0C000380007C810F0804F08BF13F0804F03D13D
:10B0D00000F019F8FFF764FFF0BCBDE800882DE927
:10B0E000C048934630B491E8380007C810F0804F4C
:10B0F00008BF13F0804F03D100F005F8FFF726FFDB
:10B10000F0BCBDE8008820F07F4780EA030023F010
:10B110007F4C07EB0C03A3F57C5300F00040A3F138
:10B12000FE0392F0000F00F0B38095F0000F00F0E6
:10B1300077802DE901494FEA11404FEA144621EA90
:10B14000004800FB06FC24EA064708FB06F607FB5E
:10B1500008F800FB07F718EB06484CEB164C4FEAD3
:10B16000124B18EB07484FEA15464CEB174022EA02
:10B170000B4E0BFB06FC25EA06470EFB06F607FB0B
:10B180000EFE0BFB07F71EEB064E4CEB164C4FF07A
:10B1900000061EEB074E4CEB174B18EB0B0840F16B
:10B1A000000018EB0E0B58EB000840F100008F1A5E
:10B1B0004FF000013CBFC943661B14BFB5EB040C44
:10B1C00000213CBFC943F61B4FEA17444EEA8E0EDE
:10B1D00027EA04454FEA1C4704FB07622CEA074CA8
:10B1E00005FB07F70CFB05F604FB0CFC16EB07460A
:10B1F00042EB174216EB0C4642EB1C421BEB0606D9
:10B2000058EB0202414146EA9E0601D5BDE801899C
:10B21000B619524141EB0101A3F10103BDE80189D7
:10B220004FEA14454FEA114724EA054621EA074C44
:10B2300005FB07F406FB07F70CFB06F105FB0CFC0E
:10B2400011EB074144EB17444FEA124711EB0C4155
:10B2500044EB1C4422EA074C05FB07F206FB07F708
:10B260000CFB06F605FB0CFC16EB074642EB1742FF
:10B2700016EB0C4642EB1C456A1854F1000148BF1E
:10B280007047B619524141EB0101A3F10103704728
:10B2900095F0000F37D04FEA11424FEA144721EAE8
:10B2A000024624EA074C02FB07F106FB07F70CFBFA
:10B2B00006F402FB0CFC14EB074441EB17414FEA88
:10B2C000154714EB0C4441EB1C4125EA074C02FBEB
:10B2D00007F506FB07F70CFB06F602FB0CFC16EB6A
:10B2E000074645EB174516EB0C4645EB1C42121979
:10B2F00051F1000148BF7047B619524141EB0101BD
:10B30000A3F1010370474FEA14454FEA114724EABD
:10B31000054621EA074C05FB07F106FB07F70CFB86
:10B3200006F24FF0000605FB0CFC12EB074241EB66
:10B33000174112EB0C4251EB1C4148BF7047921869
:10B3400041EB0101A3F101037047490050EAC1201C
:10B3500018BF04204A0D18BF40F0010040F2FF72F0
:10B36000B2EB515F08BF40F00200012808BF052082
:10B37000704740F2013200204FF0E04100F06FBF13
:10B38000024A0020110700F06ABF000001FDFFFF24
:10B3900010B50446D1E9000100F002F8206010BDAC
:10B3A000F8B504460D466A4600F050F800987E3025
:10B3B000009000281FDC002213462046294600F09A
:10B3C00083FA18D0002140F608004FF0000006462E
:10B3D0002046294600F0DAF8044640F6080006EA5E
:10B3E00000014FF0000034F0004004BF0220FFF7DE
:10B3F00004F92046F8BD0098FF280DDB0220FFF776
:10B40000FCF8002213462046294600F05BFC8CBF66
:10B4100004484FF0FF40F8BD20462946BDE8F840FB
:10B4200000F0B4B8000080FF10B504460A46D4E925
:10B430000003194600F036F8C4E9000110BD3038A9
:10B440000A2801D2012070470020704710B5144629
:10B4500000222260114A21F000439342A8BF10BD90
:10B4600053EA000208BF10BDB3F5801FA8BF2268D1
:10B4700007DA362200F0F3FE6FF0350221F00043C8
:10B480002260DFF81CC06FF31E510CEB23531A44EB
:10B4900041F0FF5141F00051226010BD0000F07FEB
:10B4A00002FCFFFF2DE9F04106460C4640F2FF7515
:10B4B000174635EA14502BD000221346304600F0D0
:10B4C00003FA25D03A463046214600F0C8FE06462B
:10B4D0000C4635EA145010D000221346304600F0D6
:10B4E000F3F915D10220FFF788F8FFF749FF0A4664
:10B4F000214662F31E01BDE8F0810220FFF77DF8CE
:10B50000FFF737FF0A46214662F31E01BDE8F081CE
:10B5100030462146BDE8F08100B583B00A460021DF
:10B52000CDE9001101466846FEF7A0FCDDE9000107
:10B5300003B000BD10B500290AD00878002807D054
:10B5400005487844FDF79EFE002801D0002010BD7C
:10B550000248784410BD0000A68400009E840000CC
:10B5600010B500290AD00878002807D0054878448B
:10B57000FDF788FE002801D0002010BD0248784465
:10B5800010BD00008A8500008285000021F0004285
:10B59000A2F16052B2F5801F01F0004328BFD2F142
:10B5A0007F6C0BD95FEA001C43EAC20242EB507089
:10B5B00018BF704728BF20F001007047B2F5801F08
:10B5C000BCBF184670474FEA410C1CF5001F02D261
:10B5D000084600F0DABD70B500F020FB00000089DD
:10B5E000FFF7F6BF4FF00040A0F580007047000065
:10B5F00002494FF0000000F000BE00BF0000F87FDD
:10B60000491058BFC1F140415B1058BFC3F14043DE
:10B610008B42EFF3008070472DE9C04130B4DFF872
:10B62000A0C23CEA111418BF3CEA131400F0EC80ED
:10B6300081EA03051CEA111444EAD57418BF1CEA18
:10B64000131500F0C780A4EB05044FF0004545EA50
:10B65000C12145EAC32341EA505143EA525304F160
:10B660007F74994204F500344FEAC0204FEAC222A9
:10B6700008BF904200F09C804FEA13650FF240161D
:10B68000765D4FEA134506FB05F7C7F1807706FBA9
:10B6900007F74FEAD737A7FB03687642C8F580382B
:10B6A000A7FB06CE38BFA8F1010807FB08E64FF05C
:10B6B000000EA6FB028CE6FB03CEDCF1000CCEF103
:10B6C000004E38BFAEF1010EA6FB0C584FF000073C
:10B6D0004FF00005E6FB0E87A1FB08C6A0FB07CED6
:10B6E00016EB0E0645F10005E1FB076515F1E04E8E
:10B6F0007EBFA4F580345FEA46066D4116F18007EF
:10B7000045F100054FEA17274FEA066647EA056745
:10B71000A6F1DE46B6F1805F4FEA15251FD93846FF
:10B7200024F0010C05EBC471BCF1FE6F01EB0C11B0
:10B7300002D8F0BCBDE8008124425CBF01F5801E48
:10B740009EEAC47F02D4F0BCBDE80081244238D414
:10B75000F0BCA1F1C041BDE8004100F0ADBA4FEA34
:10B76000D22242EA43524FEAD323A7FB02864FEA92
:10B77000D02040EA415007FB03661EEA0E0F4FEA55
:10B78000D12105FB026658BFA6EB0056B6EB00566A
:10B790004FEA520E4EEAC37E18EB0E0E56EB530ED6
:10B7A000BDD518EB02085E417F1C55F10005B6E7D8
:10B7B0004FF480154FF000074FF000064FF00008DF
:10B7C000ADE7F0BC4FF0000001F1C04101F00041D5
:10B7D000BDE8008111EA0C1F0CEA131500D00CE043
:10B7E00013EA0C1F00F025804FF00000F0BC81EA46
:10B7F000030101F00041BDE80081F0BCBDE800415B
:10B8000081EA030100F058BAF0BCBDE8004170B510
:10B8100000F004FA097EFC3E00F007B881EA03015B
:10B820004FF0000001F00041704781EA030100F091
:10B8300043BAF0BCBDE800414FF000002149704719
:10B84000FFFDFBF9F7F5F4F2F0EEEDEBE9E8E6E4E5
:10B85000E3E1E0DEDDDBDAD8D7D5D4D3D1D0CFCD6C
:10B86000CCCBCAC8C7C6C5C4C2C1C0BFBEBDBCBBA5
:10B87000BAB9B8B7B6B5B4B3B2B1B0AFAEADACABA0
:10B88000AAA9A8A8A7A6A5A4A3A3A2A1A09F9F9E7A
:10B890009D9C9C9B9A99999897979695959493932C
:10B8A000929191908F8F8E8E8D8C8C8B8B8A8989C3
:10B8B0008888878786858584848383828281818046
:10B8C0000000FF070000F87F51EA030C17D41CF5B5
:10B8D000801F58BFBCF5801F00F10680994218BF39
:10B8E000704708BF9042704707D711F5801F58BFB7
:10B8F00013F5801F19D499427047894270471CF58F
:10B90000801F08D5BCF5801FF7D58B4218BF704744
:10B9100008BF824270474FF4001C1CEB410F38BF38
:10B920001CEB430F01D28B42704770B500F076F9E3
:10B93000922449004FF000514FF08053FFF760BE52
:10B940004FEA41034FEA5353A3F58063D3F11E033B
:10B95000C8BFD3F1210C0CDD4FF0004242EAC122F6
:10B9600042EA505232FA03FC8CEAE17CACEBE17023
:10B970007047102BC4BF0020704703F5787CBCF1E2
:10B98000FF3F04D06FF0004282EA2100704770B59B
:10B9900000F044F94992248000207047F2E700004B
:10B9A0004FEA1153A3F58063D3F11E03A8BFD3F16F
:10B9B000200C08DB4FF0004242EAC12252EA50520A
:10B9C00032FA03F0704709420BD4102BC4BF002099
:10B9D000704703F5787CBCF1FF3F05D04FF0FF3096
:10B9E00070474FF00000704770B500F017F900BFC6
:10B9F0004992248000207047F0E710F0004248BFD1
:10BA00004042B0FA80F310FA03F10AD0C3F11D03EB
:10BA100003F580634FEA415002EB035202EBD12160
:10BA200070474FF000007047B0FA80F310FA03F14E
:10BA30000AD0C3F11D0303F580634FEA41504FEA7A
:10BA4000035202EBD12170474FF000007047000015
:10BA500051EA030C17D41CF5801F58BFBCF5801F9A
:10BA600000F10680994218BF704708BF90427047A6
:10BA700007D711F5801F58BF13F5801F19D49942BD
:10BA80007047894270471CF5801F08D5BCF5801FA0
:10BA9000F7D58B4218BF704708BF824270474FF4FA
:10BAA000001C1CEB410F38BF1CEB430F01D28B4233
:10BAB000704770B500F0B2F8922449004FF0005181
:10BAC0004FF08053FFF79CBDDFF848C170B51CEA0A
:10BAD000111E1EBF1CEA13159EEA0C0F95EA0C0FEF
:10BAE00000F06F8081EA030423EA4C134EEAD47E0F
:10BAF00021EA4C1141F4801143F48013AE44A1FBC0
:10BB0000024CA0FB0365AEF17F7E361955EB0C05A8
:10BB1000A1FB034C4CF10003A0FB021C16EB0C062E
:10BB2000654153F10003094218BF46F0010613F4C2
:10BB3000007F0BD14FEA03314FEA0530340341EA6D
:10BB4000155140EA16506FF003020AE04FEAC32194
:10BB50004FEAC520F40241EA555140EA56506FF0D1
:10BB6000020202EB2E4201EB025585EACE710AD0A9
:10BB70005FEA440C18BF24F0004450F1000041F18A
:10BB8000000120EAD47040F2FE7C624500D270BD14
:10BB9000A84214BF4FF080444FF04044002E08BF2D
:10BBA0000024BEF1806FA8BFA1F1C041BDE8704084
:10BBB00080F282804FF0000001F1C04101F00041AD
:10BBC00070479EEA0C0F0CEA131518BF95EA0C0F8C
:10BBD00006D04FF0000081EA030E0EF0004170BD68
:10BBE00000F01CF88900013E00F007B800F009B829
:10BBF0004FEA430C5FEA5C5C08D081EA030100F085
:10BC00005BB84FEA410C5FEA5C5CF6D14FF0000094
:10BC1000014970470000FF070000F87F0EF1020E97
:10BC20002EF0030E5EF8046B364205D4012A43EB76
:10BC3000030515F5001F12D8012841EB010C1CF576
:10BC4000001F0CD80ED14FEAD17C15F5001F0CEB6C
:10BC50004C0C0CF1020C08BF4CEBD37C04E04FF011
:10BC6000080C01E04FEAD37C0CEB4C0526FA05F6F4
:10BC700006F00706B6F1040C06D20EEB860CBDE802
:10BC800070404CF0010C6047DFE80CF0090B020239
:10BC90004FF000414FF00000A1F5002170BD1946A2
:10BCA0001046012851EB010418BFD4F5001484BFDD
:10BCB000002001F0004170BD0808A0F500114FEA16
:10BCC0003101704753EA010C17D41CF5801F58BF8F
:10BCD000BCF5801F00F106808B4218BF704708BF7B
:10BCE0008242704707D713F5801F58BF11F5801F98
:10BCF00019D48B4270479B4270471CF5801F08D5B2
:10BD0000BCF5801FF7D5994218BF704708BF904215
:10BD100070474FF4001C1CEB430F38BF1CEB410F66
:10BD200001D2994270470FB40CBC03BCFFF7C1BEEF
:10BD300043004FEAD30C4FEA3C0C43401FBF40077F
:10BD40000CF1605113F0FE4F70471CF0006F03D1EF
:10BD500000200CF0004170470CF0004343EA5070A3
:10BD600010B540EACC0000F0CAF900BF0000009214
:10BD70004FEA0001FFF7A0BF4FF000414FF0000075
:10BD8000A1F500217047401058BFC0F14040491054
:10BD900058BFC1F140418142EFF30080704700007D
:10BDA0004FF47F0C1CEAD0121EBF1CEAD11392EA9A
:10BDB0000C0F93EA0C0F00F0858090EA010F48BF4A
:10BDC00042F4807240F4000C41F400002CF07F41FA
:10BDD00020F07F4000B58142A2EB03020FF2081C65
:10BDE000ACEB504EC0F100009EF800E04FEA4E0E62
:10BDF00000FB0EFC38BF49004FEA2C1C02F5FA028A
:10BE00000CFB0EF34FEACE1E4FEA112C4FEAC12174
:10BE10000EEB635E42EB22420EFB0CFC4FEA1C531E
:10BE200000FB03114FEA112C4FEA01310EFB0CFC11
:10BE30004FEADC4C00FB0C11C14228BF09184CEB47
:10BE400003335DF804EB10EB410143EBC250B2F554
:10BE50007C0F38BF704729D512F0F00F1CBF00F1DE
:10BE6000C04000F00040704700818283848586874F
:10BE700088898B8C8D8E8F919293959697999A9CA9
:10BE80009D9FA0A2A3A5A7A8AAACAEB0B2B3B5B718
:10BE9000B9BCBEC0C2C5C7C9CCCED1D4D7D9DCDFEE
:10BEA000E2E6E9ECF0F3F7FAFE0000004FEA400C9E
:10BEB0000CF1807CBCF17E4F28BF7047B0F1C040D0
:10BEC00000F063B990EA010F0CEAD11348BF42F4C5
:10BED0008072624538BF634507D213F47F0F16D0D6
:10BEE00080EA010000F00040704710B500F007F94B
:10BEF000097EFC3E00F005B880EA010000F0004039
:10BF0000704780EA010000F0004000F03EB912F4F2
:10BF10007F0F04BF0248704780EA010000F035B986
:10BF20000000C07FC10DD1F19E0206DB4FEA002365
:10BF300043F0004323FA02F07047004207D54FEA6E
:10BF40004001B1F1FE4F02D24FF00000704710B532
:10BF500000F0D5F849922480002070476FEA200055
:10BF60007047000010F0004148BF4042B0FA80F333
:10BF700010FA03F2C3F19D030BD051EAC35101EB58
:10BF80001220530638BF704700F1010008BF20F0AF
:10BF90000100704750EA010C00F113801CF5000FFE
:10BFA00058BFBCF5000F01D48842704707D710F581
:10BFB000000F58BF11F5000F15D488427047894211
:10BFC00070471CF5000F04D5BCF5000FF7D5814272
:10BFD00070474FF0807C1CEB400F38BF1CEB410FCB
:10BFE00001D28142704710B500F089F892244900CF
:10BFF0004FF000504FF08051FFF7C5BE4FF47F0C5B
:10C000001CEAD0121EBF1CEAD11392EA0C0F93EA6D
:10C010000C0F00F0478090EA010F48BF42F4807295
:10C020004FF0004C4CEA00204CEA012102EB0302E5
:10C03000A0FB0113A2F50002002918BF43F0010381
:10C040005B0028BF4FEA330342EB22425FEA132C26
:10C050004CEBC2502EBFBCEB436FB2F57C0F704768
:10C060004FEA036CBCF1004F08BF20F00100B2F5AD
:10C070007C0F38BF70470BD582F0FF0212F5803F6E
:10C08000C8BF704700F1C040D8BF00F00040704703
:10C0900000F5000C5FEA4C0C48BF7047B0F1C0409F
:10C0A00000F073B890EA010F0CEAD11348BF42F4D4
:10C0B0008072624538BF634504D280EA010000F017
:10C0C0000040704710B500F01AF800BF8900013E2B
:10C0D00000F007B800F009B85FEA410C5FEA1C6C99
:10C0E00008D080EA010000F050B85FEA400C5FEA37
:10C0F0001C6CF6D14FF00040A0F5800070470EF1A7
:10C10000020E2EF0030E5EF8044B244204D44FEAD4
:10C110004102B2F17F4F11D84FEA4003B3F17F4F94
:10C120000CD80ED14FEAD07CB2F17F4F0CEB4C0C07
:10C130000CF1020C08BF4CEBD17C04E04FF0080C72
:10C1400001E04FEAD17C0CEB4C0324FA03F404F039
:10C150000704B4F1040C06D20EEB840CBDE81040C9
:10C160004CF0010C6047DFE80CF0070802024FF0CA
:10C170000040A0F5800010BD0846420018BFD2F173
:10C18000807288BF00F0004010BDFF2141EAD0500E
:10C19000C005704751EA000C00F113801CF5000F38
:10C1A00058BFBCF5000F01D48142704707D711F585
:10C1B000000F58BF10F5000F15D481427047894217
:10C1C00070471CF5000F04D5BCF5000FF7D5884269
:10C1D00070474FF0807C1CEB410F38BF1CEB400FC9
:10C1E00001D28842704780EA010081EA000180EABA
:10C1F0000100FFF7F8BEFDF717BA0CF00F03092B8B
:10C2000008BF082000F05F800A2B0BD0082B18BF56
:10C21000704708BF1CF0400F0AD04FF000004FF0ED
:10C22000000170471CF0400F18BF4FF000407047EE
:10C230001CF0100F08D020F0704300F07F4242EA5B
:10C24000D3014FEA4370704700F0604021F07F4215
:10C2500042EA000201F07F4040EA727070474FF0FE
:10C26000FF0C4CF4E06C1CEA11531CBF9CEA030C5D
:10C270009445C2BFDA4201EB02517047002B0DD04A
:10C28000BCF1000F0FD0002A01F00041A4BF41F023
:10C29000E04141F07F614FF00000704701F0004144
:10C2A0004FF00000704750EA01334FF09B0C18BF6D
:10C2B0004CF0806C7FF49CA97047FDF72FBCFEF713
:10C2C000B1B9FEF73BBB1CF4801F11D01CF4E02F6A
:10C2D00003D06FEACC31490070474FF04050EFF384
:10C2E000008222F0704242EA000282F30088704726
:10C2F0004FF000007047666BD5667C62595E685AE5
:10C30000A8561453AC4F6C4C53495F468E43DD40E6
:10C310004C3ED83B80394437203515332131432FEB
:10C32000792DC42B212A90281027A0254024EF2204
:10C33000AC2176204C1F301E1E1D181C1C1B2B1AF6
:10C34000431964188E17C116FC153E158814D813AE
:10C3500030138E12F2115C11CC104110BB0F3A0F4A
:10C36000BE0E460ED30D640DFA0C930C2F0CCF0BA2
:10C37000730B1A0BC40A710A210AD50989094109EC
:10C38000FB08B80877083908FC07C1078907520776
:10C390001D07EA06B80689065A062D060206D805C4
:10C3A000AF05880562053D051905F604000303067F
:10C3B00001040602050003051F1C1F1E1F1E1F1F70
:10C3C0001E1F1E1F30313233343536373839414263
:10C3D00043444546A400E8A1A700ECA1A800A7A1FA
:10C3E000B000E3A1B100C0A1B700A4A1D700C1A1D2
:10C3F000E000A4A8E100A2A8E800A8A8E900A6A877
:10C40000EA00BAA8EC00ACA8ED00AAA8F200B0A817
:10C41000F300AEA8F700C2A1F900B4A8FA00B2A8D0
:10C42000FC00B9A80101A1A81301A5A81B01A7A898
:10C430002B01A9A84D01ADA86B01B1A8CE01A3A8FD
:10C44000D001ABA8D201AFA8D401B3A8D601B5A83A
:10C45000D801B6A8DA01B7A8DC01B8A8C702A6A11E
:10C46000C902A5A19103A1A69203A2A69303A3A624
:10C470009403A4A69503A5A69603A6A69703A7A62C
:10C480009803A8A69903A9A69A03AAA69B03ABA6FC
:10C490009C03ACA69D03ADA69E03AEA69F03AFA6CC
:10C4A000A003B0A6A103B1A6A303B2A6A403B3A69A
:10C4B000A503B4A6A603B5A6A703B6A6A803B7A668
:10C4C000A903B8A6B103C1A6B203C2A6B303C3A60B
:10C4D000B403C4A6B503C5A6B603C6A6B703C7A6CC
:10C4E000B803C8A6B903C9A6BA03CAA6BB03CBA69C
:10C4F000BC03CCA6BD03CDA6BE03CEA6BF03CFA66C
:10C50000C003D0A6C103D1A6C303D2A6C403D3A639
:10C51000C503D4A6C603D5A6C703D6A6C803D7A607
:10C52000C903D8A60104A7A71004A1A71104A2A7B4
:10C530001204A3A71304A4A71404A5A71504A6A76F
:10C540001604A8A71704A9A71804AAA71904ABA73B
:10C550001A04ACA71B04ADA71C04AEA71D04AFA70B
:10C560001E04B0A71F04B1A72004B2A72104B3A7DB
:10C570002204B4A72304B5A72404B6A72504B7A7AB
:10C580002604B8A72704B9A72804BAA72904BBA77B
:10C590002A04BCA72B04BDA72C04BEA72D04BFA74B
:10C5A0002E04C0A72F04C1A73004D1A73104D2A7FD
:10C5B0003204D3A73304D4A73404D5A73504D6A7AF
:10C5C0003604D8A73704D9A73804DAA73904DBA77B
:10C5D0003A04DCA73B04DDA73C04DEA73D04DFA74B
:10C5E0003E04E0A73F04E1A74004E2A74104E3A71B
:10C5F0004204E4A74304E5A74404E6A74504E7A7EB
:10C600004604E8A74704E9A74804EAA74904EBA7BA
:10C610004A04ECA74B04EDA74C04EEA74D04EFA78A
:10C620004E04F0A74F04F1A75104D7A71420AAA1E4
:10C630001620ACA11820AEA11920AFA11C20B0A1DA
:10C640001D20B1A12620ADA13020EBA13220E4A114
:10C650003320E5A13B20F9A10321E6A11621EDA19C
:10C660006021F1A26121F2A26221F3A26321F4A26E
:10C670006421F5A26521F6A26621F7A26721F8A23E
:10C680006821F9A26921FAA26A21FBA26B21FCA20E
:10C690009021FBA19121FCA19221FAA19321FDA15E
:10C6A0000822CAA10F22C7A11122C6A11A22CCA119
:10C6B0001D22D8A11E22DEA12022CFA12522CEA19B
:10C6C0002722C4A12822C5A12922C9A12A22C8A1A2
:10C6D0002B22D2A12E22D3A13422E0A13522DFA128
:10C6E0003622C3A13722CBA13D22D7A14822D6A111
:10C6F0004C22D5A16022D9A16122D4A16422DCA15F
:10C700006522DDA16E22DAA16F22DBA19922D1A1DF
:10C71000A522CDA11223D0A16024D9A26124DAA23E
:10C720006224DBA26324DCA26424DDA26524DEA2F1
:10C730006624DFA26724E0A26824E1A26924E2A2C1
:10C740007424C5A27524C6A27624C7A27724C8A2E1
:10C750007824C9A27924CAA27A24CBA27B24CCA2B1
:10C760007C24CDA27D24CEA27E24CFA27F24D0A281
:10C770008024D1A28124D2A28224D3A28324D4A251
:10C780008424D5A28524D6A28624D7A28724D8A221
:10C790008824B1A28924B2A28A24B3A28B24B4A291
:10C7A0008C24B5A28D24B6A28E24B7A28F24B8A261
:10C7B0009024B9A29124BAA29224BBA29324BCA231
:10C7C0009424BDA29524BEA29624BFA29724C0A201
:10C7D0009824C1A29924C2A29A24C3A29B24C4A2D1
:10C7E0000025A4A90125A5A90225A6A90325A7A975
:10C7F0000425A8A90525A9A90625AAA90725ABA945
:10C800000825ACA90925ADA90A25AEA90B25AFA914
:10C810000C25B0A90D25B1A90E25B2A90F25B3A9E4
:10C820001025B4A91125B5A91225B6A91325B7A9B4
:10C830001425B8A91525B9A91625BAA91725BBA984
:10C840001825BCA91925BDA91A25BEA91B25BFA954
:10C850001C25C0A91D25C1A91E25C2A91F25C3A924
:10C860002025C4A92125C5A92225C6A92325C7A9F4
:10C870002425C8A92525C9A92625CAA92725CBA9C4
:10C880002825CCA92925CDA92A25CEA92B25CFA994
:10C890002C25D0A92D25D1A92E25D2A92F25D3A964
:10C8A0003025D4A93125D5A93225D6A93325D7A934
:10C8B0003425D8A93525D9A93625DAA93725DBA904
:10C8C0003825DCA93925DDA93A25DEA93B25DFA9D4
:10C8D0003C25E0A93D25E1A93E25E2A93F25E3A9A4
:10C8E0004025E4A94125E5A94225E6A94325E7A974
:10C8F0004425E8A94525E9A94625EAA94725EBA944
:10C900004825ECA94925EDA94A25EEA94B25EFA913
:10C91000A025F6A1A125F5A1B225F8A1B325F7A17F
:10C92000C625F4A1C725F3A1CB25F0A1CE25F2A100
:10C93000CF25F1A10526EFA10626EEA14026E2A112
:10C940004226E1A10030A1A10130A2A10230A3A1A1
:10C950000330A8A10530A9A10830B4A10930B5A1C0
:10C960000A30B6A10B30B7A10C30B8A10D30B9A177
:10C970000E30BAA10F30BBA11030BEA11130BFA143
:10C980001330FEA11430B2A11530B3A11630BCA1F2
:10C990001730BDA14130A1A44230A2A44330A3A4CA
:10C9A0004430A4A44530A5A44630A6A44730A7A48B
:10C9B0004830A8A44930A9A44A30AAA44B30ABA45B
:10C9C0004C30ACA44D30ADA44E30AEA44F30AFA42B
:10C9D0005030B0A45130B1A45230B2A45330B3A4FB
:10C9E0005430B4A45530B5A45630B6A45730B7A4CB
:10C9F0005830B8A45930B9A45A30BAA45B30BBA49B
:10CA00005C30BCA45D30BDA45E30BEA45F30BFA46A
:10CA10006030C0A46130C1A46230C2A46330C3A43A
:10CA20006430C4A46530C5A46630C6A46730C7A40A
:10CA30006830C8A46930C9A46A30CAA46B30CBA4DA
:10CA40006C30CCA46D30CDA46E30CEA46F30CFA4AA
:10CA50007030D0A47130D1A47230D2A47330D3A47A
:10CA60007430D4A47530D5A47630D6A47730D7A44A
:10CA70007830D8A47930D9A47A30DAA47B30DBA41A
:10CA80007C30DCA47D30DDA47E30DEA47F30DFA4EA
:10CA90008030E0A48130E1A48230E2A48330E3A4BA
:10CAA0008430E4A48530E5A48630E6A48730E7A48A
:10CAB0008830E8A48930E9A48A30EAA48B30EBA45A
:10CAC0008C30ECA48D30EDA48E30EEA48F30EFA42A
:10CAD0009030F0A49130F1A49230F2A49330F3A4FA
:10CAE000A130A1A5A230A2A5A330A3A5A430A4A5DE
:10CAF000A530A5A5A630A6A5A730A7A5A830A8A5AE
:10CB0000A930A9A5AA30AAA5AB30ABA5AC30ACA57D
:10CB1000AD30ADA5AE30AEA5AF30AFA5B030B0A54D
:10CB2000B130B1A5B230B2A5B330B3A5B430B4A51D
:10CB3000B530B5A5B630B6A5B730B7A5B830B8A5ED
:10CB4000B930B9A5BA30BAA5BB30BBA5BC30BCA5BD
:10CB5000BD30BDA5BE30BEA5BF30BFA5C030C0A58D
:10CB6000C130C1A5C230C2A5C330C3A5C430C4A55D
:10CB7000C530C5A5C630C6A5C730C7A5C830C8A52D
:10CB8000C930C9A5CA30CAA5CB30CBA5CC30CCA5FD
:10CB9000CD30CDA5CE30CEA5CF30CFA5D030D0A5CD
:10CBA000D130D1A5D230D2A5D330D3A5D430D4A59D
:10CBB000D530D5A5D630D6A5D730D7A5D830D8A56D
:10CBC000D930D9A5DA30DAA5DB30DBA5DC30DCA53D
:10CBD000DD30DDA5DE30DEA5DF30DFA5E030E0A50D
:10CBE000E130E1A5E230E2A5E330E3A5E430E4A5DD
:10CBF000E530E5A5E630E6A5E730E7A5E830E8A5AD
:10CC0000E930E9A5EA30EAA5EB30EBA5EC30ECA57C
:10CC1000ED30EDA5EE30EEA5EF30EFA5F030F0A54C
:10CC2000F130F1A5F230F2A5F330F3A5F430F4A51C
:10CC3000F530F5A5F630F6A50531C5A80631C6A82C
:10CC40000731C7A80831C8A80931C9A80A31CAA83C
:10CC50000B31CBA80C31CCA80D31CDA80E31CEA80C
:10CC60000F31CFA81031D0A81131D1A81231D2A8DC
:10CC70001331D3A81431D4A81531D5A81631D6A8AC
:10CC80001731D7A81831D8A81931D9A81A31DAA87C
:10CC90001B31DBA81C31DCA81D31DDA81E31DEA84C
:10CCA0001F31DFA82031E0A82131E1A82231E2A81C
:10CCB0002331E3A82431E4A82531E5A82631E6A8EC
:10CCC0002731E7A82831E8A82931E9A82032E5A2D0
:10CCD0002132E6A22232E7A22332E8A22432E9A2DC
:10CCE0002532EAA22632EBA22732ECA22832EDA2AC
:10CCF0002932EEA2004EBBD2014EA1B6034EDFC6D2
:10CD0000074EF2CD084EC9D5094EFDC80A4ECFC90F
:10CD10000B4EC2CF0C4EA2D80D4EBBB20E4EEBD373
:10CD2000104EA4D8114EF3B3134EA8D7144ED2C749
:10CD3000154EA7D8164EC0CA184EF0C7194EFBB1F3
:10CD40001A4EB5D21B4ED4B41C4EABB61D4EBFCB43
:10CD50001E4EA9D8224EAAB6244EBDC1254ECFD113
:10CD6000274EA5C9284EADD82A4EF6B82B4EBED1B7
:10CD70002C4EDCE32D4ED0D6304EE1B7324EAEB461
:10CD8000344ED9C1364EBCD8384EE8CD394EA4B554
:10CD90003A4EAACE3B4EF7D63D4EF6C03E4ED9BED9
:10CDA0003F4EAFD8434ECBC4454EC3BE474EB1D81D
:10CDB000484EB4C3494EE5D24B4EAED64C4EDACEB9
:10CDC0004D4EA7D54E4EF5BA4F4EA6B7504ED6C0D3
:10CDD000524EB9C6534ED2C5544EC7C7564ED4B99B
:10CDE000584ECBB3594ED2D25C4EBFD85D4EC5BE65
:10CDF0005E4EF2C65F4EB2D2604EB0CF614EE7CF0C
:10CE0000664EE9CA694EC0D8704EF2C2714ED2C2A7
:10CE1000734EE9C87E4EACC7864ECBC1884EE8D370
:10CE2000894EF9D58B4EC2CA8C4EFEB68D4EA1D816
:10CE30008E4EDAD38F4EF7BF914EC6D4924EA5BB1D
:10CE4000934EC1D8944EE5CE954EAEBE984EA8D81E
:10CE50009A4EC7D19B4EA9D09F4EBDD8A04EEFD9B8
:10CE6000A14EF6CDA24EBABFA44EBBBDA54EA5BAEB
:10CE7000A64EE0D2A74EFAB2A84EE0BAA94EB6C46A
:10CE8000AB4EEDCFAC4EA9BEAD4EA4CDAE4EC1C1A2
:10CE9000B24ED7C7B34EF1D9B54EF4D9BA4ECBC8BE
:10CEA000BB4EE9D8BF4EDAD2C04EB2CAC14ECAC8D4
:10CEB000C24EECD8C34EEAD8C44EC6D8C54EF6BD55
:10CEC000C64ECDC6C74EF0B3C94EEBD8CA4EF1BD63
:10CED000CB4EE9BDCD4ED4C8CE4ED3B4D14ED8C280
:10CEE000D34ED6B2D44ED0D7D54ECBCAD64EFBCB2E
:10CEF000D74ECCD5D84EB6B8D94EC9CFDD4EDAD93B
:10CF0000DE4EF0D8DF4EAAC7E14EEED8E34EFAB4BB
:10CF1000E44EEEC1E54ED4D2E84EEDD8EA4EC7D28B
:10CF2000EB4EEFD8EC4EC7C3F04EF6D1F24ED9D649
:10CF3000F34EF2D8F54EF5D8F64EFEBCF74EDBBCFC
:10CF4000FB4ECEC8FD4EDDB7FF4EC2B7014FF3C654
:10CF5000094FF8D80A4FC1D20D4FE9CE0E4FBFBCD2
:10CF60000F4FFCB7104FA5B7114FDDD0174FDAD6D2
:10CF7000184FC5D3194FEFBB1A4FE1BB1B4FF1D868
:10CF80001E4FA1C91F4FB0CE204FABB4224FF3D8D4
:10CF9000244FCBC9254FF6D8264FD7C2274FF7D8F5
:10CFA0002A4FB1CE2B4FF9D82F4FAEB2304FC0B968
:10CFB000324FA3D9344FE9B0364FE6C1384FECC9F0
:10CFC0003A4FC5CB3C4FC6CB3D4FA4D9434FE8B5F4
:10CFD000464FABB54D4FBBCE4E4FCDB54F4FA1D702
:10CFE000504FF4D7514FD3D3534FE5CC554FCEBA12
:10CFF000574FA2D9584FDCD9594FE0D35A4FFDD8DB
:10D000005B4FF0B75C4FF7D75D4FFED85E4FFAD855
:10D010005F4FA1D9604FE3C4634FB6D3644FF4D8D8
:10D02000654FDDD9674FFBD8694FE5C56C4FD0C060
:10D030006F4FF0D1704FDBB0734FD1BC744FA6D996
:10D04000764FA5D97B4FACD97C4FAED97E4FABD9AB
:10D050007F4FB9CA834FA9D9844FB6D6884FDEB364
:10D06000894FA8D98B4FFDC08D4FCCCA8F4FAAD9FD
:10D07000914FA7D9944FB0D9974FB1B69B4FA9B94B
:10D080009D4FC0D2A04FC0CFA34FC2C2A54FC4BDB9
:10D09000A64FECD5A74FE0B2A84FC8C7A94FEBBF2A
:10D0A000AA4FADD9AC4FAFD9AE4FEACEAF4FEEBA23
:10D0B000B54FD6C7BF4FE3B1C34FD9B4C44FEDB6D8
:10D0C000C54FB4D9CA4FA1BFCE4FDED9CF4FCEC7BF
:10D0D000D04FFEC0D14FB8D9D74FD7CBD84FFDB71F
:10D0E000DA4FB5D9DC4FB7D9DD4FA3B1DE4FE1D36D
:10D0F000DF4FB9D9E14FC5D0E34FB6D9E64FB1D92B
:10D10000E84FB2D9E94FA9C1EA4FB3D9ED4FF3BC0B
:10D11000EE4FDED0EF4FA9B8F14FE3BEF34FBDD9CC
:10D12000F84FBAD9FA4FB3B0FE4FC2D90C50C4D998
:10D130000D50B6B10F50BFD91250B9B51450F3BE4F
:10D140001850C8CC1950F2BA1A50D0D21C50C3D9BA
:10D150001F50E8BD2150ABB32550C5D92650EBBEBA
:10D160002850C6D92950BBD92A50DFC42C50BED96B
:10D170002D50C1D92E50C0D93A50AED53C50B5D65D
:10D180003E50E3C74350C8D94750D9BC4850CAD9CC
:10D190004C50BCD94E50CBD94F50ABC65550C9D9C5
:10D1A0005A50F6D75C50A3CD6550A1BD6C50CCD978
:10D1B0007650BCC57750B5CD7B50CDD97E50C7D900
:10D1C0007F50A5B38050FEBF8550B5B88850FCC0D5
:10D1D0008D50F8B0A350F6B4A550CED9A750CFD9F2
:10D1E000A850A2B4A950D0D9AC50DFB4B250C1B04D
:10D1F000BA50D1D9BB50B5C9CF50F1CFD650D2D942
:10D20000DA50C5C1E650D6D9E750AEC9EC50D5D9F1
:10D21000ED50D4D9EE50D7D9F350DBCBF550A9BDA2
:10D22000FB50A7C60651D3D90751D8D90B51D9D92C
:10D230001251E5C82151DCC03F51F9B64051A3D885
:10D240004151CAD44351AAD44451D6D04551E4B334
:10D250004651D7D54851C8CF4951E2B94B51CBBF00
:10D260004D51E2C35151D2B65451C3CD5551EED9AF
:10D270005651F0D95A51B3B55C51B5B66251A4BEFE
:10D280006551EBC86851ABC86B51CBB06C51ABB9B1
:10D290006D51F9C16E51E2D97051BCC07151B2B932
:10D2A0007351D8B97451CBD07551F8B17651E4C6E9
:10D2B0007751DFBE7851E4B57951C8D77B51F8D1A9
:10D2C0007C51E6BC7D51DECA8051BDBC8151E6D99E
:10D2D0008251E7D88551DAC48851D4B88951BDC884
:10D2E0008C51E1B28D51D9D49251B0C39551E1C363
:10D2F0009651A2DA9751DFC89951B4D09B51FCBE28
:10D300009C51A9C5A051DAB9A251A3DAA451A9D45C
:10D31000A551A4DAAB51FBD9AC51ACB6AF51EBB7C8
:10D32000B051F9B1B151FCD9B251E5B3B351F6BE28
:10D33000B551F6BFB651B1D2B751E4C0BB51B3B687
:10D34000BC51FED9BD51FDD9C051BBBEC451E0C6D0
:10D35000C651BCD7C751A1DAC951B9C1CB51F2B539
:10D36000CC51E8C1CF51F5BCD151D5B4DB51DDC1B1
:10D37000DD51FDC4E051B8BCE151B2B7E451EFB7A3
:10D38000EB51ECD9ED51BEC6EF51ADBFF051CBBB67
:10D39000F351CAB5F551C9DBF651D7D0F851B9CD23
:10D3A000F951BCB0FA51F6B3FB51F7BBFC51CADBE3
:10D3B000FD51AFBAFF51E4D40052B6B50152F3B5F6
:10D3C0000252D6D80352D0C80652D6B70752D0C799
:10D3D0000852D7D80A52AFBF0D52BBDB0E52D8D875
:10D3E0001152CCD01252AEBB1652BEEB1752D0C166
:10D3F0001852F5C11952F2D41A52D5B81B52B4B40E
:10D400001D52F5B32052BEC92452D0C52852D9C5E9
:10D410002952FBC02B52F0B12D52D9D82E52CEB981
:10D420003052BDB53352DAD83652C6D63752A2CBB7
:10D430003852AFC83952B2C93A52CCB43B52CCBFC1
:10D440003D52F4B93F52DBD84052DCD84152E7B6E6
:10D450004252C1BC4352EACC4A52F7CF4C52DDD8BB
:10D460004D52B0C75052D0B95152A3BD5452DECC28
:10D470005652CAC65C52E0D85E52DED86152DFD83E
:10D480006552FEB06752E7BE6952A3CA6A52F4BC45
:10D490006F52B1B87252EEB87D52E2D87F52CBBD16
:10D4A0008152E4D88252E3D88852FCC59052E5D824
:10D4B0009352E6D89B52A6C19D52B0C89E52ECB082
:10D4C0009F52A6B9A052D3BCA152F1CEA252BDDB4D
:10D4D000A352D3C1A852AFB6A952FAD6AA52ACC52C
:10D4E000AB52D9BDAC52BEDBAD52BFDBB152F8C0BE
:10D4F000B252A2BEB352CDC0BE52C0DBBF52C6CAEA
:10D50000C352AAB2C752C2D3C952E3C3CB52ABD1A2
:10D51000D052C2DBD252D5C0D652C3DBD852B1BF33
:10D52000DF52BCC4E452DAC7F052C4DBF952E8D986
:10D53000FA52D7C9FE52B4B9FF52F0CE0053C8D444
:10D540000553FCB00653D2B40853D9D00D53E9D9D2
:10D550000F53CBDE1053EBD91553B0D81653AFBBD6
:10D560001753B1B11953D7B31A53CED81D53D1D4D1
:10D570002053B3BD2153EFBF2353BBCF2653D0D885
:10D580002A53CBB72E53D1D83953A5C63A53F8C72F
:10D590003B53BDD23E53D2D83F53E4C44153AECAED
:10D5A0004353A7C74553A6D84753FDC94853E7CEB1
:10D5B0004953DCBB4A53EBB04E53AABB4F53ADD0DB
:10D5C0005153B0B15253E4D75353BFD75553A5B5B8
:10D5D0005653F4C25753CFC45A53A9B25C53B7B28F
:10D5E0005E53E5B15F53B2DF6053BCD56153A8BF52
:10D5F0006253ACC26353D5D86453B1C26653D4D816
:10D600006753D4CE6953E0DA6B53C0CE6E53B4D8AF
:10D610006F53AEC37053A1D37153A3CE7353B4BC35
:10D620007453B4C87553D1C27753EDBE7853B6D096
:10D630007A53E1DA7F53E4C78253A7B38453F2B637
:10D640008553FCCC8653FAC08953F7C08B53B9D1AC
:10D650008C53E1D18D53C7D89553DEB29853E5C0B2
:10D660009A53F1BA9D53C8D89F53ADD4A253E1CF7A
:10D67000A353C9D8A553CAD8A653C3CFA853F8B348
:10D68000A953C7BEAE53CBD8B653CCDBBB53A5C84A
:10D69000BF53D8CFC153FEC8C253CEB2C853D6D39E
:10D6A000C953E6B2CA53B0BCCB53D1D3CC53ABCBE6
:10D6B000CD53B4B7D153A2B7D453E5CAD653A1C8FA
:10D6C000D753DCCAD853E4B1D953F0D0DB53D1C51A
:10D6D000DF53C5DBE053FEB5E353DABFE453C5B90E
:10D6E000E553E4BEE653EDC1E853B6DFE953B5DFD9
:10D6F000EA53BBD6EB53D0BDEC53D9D5ED53C8B0EC
:10D70000EE53A3B6EF53C9BFF053A8CCF153B3DF28
:10D71000F253B7CAF353D2D3F553CFD8F653B6D298
:10D72000F753C5BAF853BECBF953BECCFB53B7DFA2
:10D73000FC53F0B5FD53B4DF0154F5D30354D4B317
:10D740000454F7B80654BADF0854CFBA0954AABC37
:10D750000A54F5B50C54ACCD0D54FBC30E54F3BABA
:10D760000F54F4C01054C2CD1154F2CF1254B8DF8C
:10D770001354C5CF1554C0C21654B9DF1754F0C2A4
:10D780001B54FDBE1D54DFC11E54CCCD1F54F7D217
:10D790002054CDB72154C1DF2354C4DF2654F1B740
:10D7A0002754C9B02854D6B62954D4B72B54ACBA90
:10D7B0002C54FDCC2D54D4BF2E54B1CB2F54F4C6D1
:10D7C0003154A8D63254C5DF3454E2CE3554B3B305
:10D7D0003854FCCE3954B5B43B54C7CE3C54F0BA9F
:10D7E0003E54E1CE4054BDD14354C0DF4654F4B45E
:10D7F0004854CAB34A54E6B84B54BBDF5054C5C46E
:10D800005254BCDF5354BDDF5454BEDF5554BBC526
:10D810005654BFDF5754C2DF5854B1D45954C3DFF4
:10D820005B54BAC75C54D8CE6254D8C46454CADFBF
:10D830006654CFDF6854DCD67154C9DF7254DADF26
:10D840007354B6CE7554C7BA7654CEDF7754C8DF5A
:10D850007854DEC57B54EBC97C54F4BA7D54FCC3C8
:10D860008054D7BE8254C6DF8454CDDF8654D8C5D9
:10D870008B54A6D58C54CDBA8E54CCBE8F54BDD308
:10D880009054C0B89254E4D69454C7DF9554BEB9AE
:10D890009654A7BF9954FCC19A54CBDF9B54CCDF5C
:10D8A0009D54D0DFA354DBDFA454E5DFA654D7DFBB
:10D8B000A754D6DFA854C9D7A954E3DFAA54E4DF9C
:10D8C000AB54EBE5AC54A7D2AD54D2DFAF54A9BFF3
:10D8D000B154DBD4B354C8BFB454D4DFB854CCCFA4
:10D8E000BB54DDDFBD54CAD1BF54DEDFC054A7B086
:10D8F000C154B7C6C254D3DFC454E5BAC654DFB668
:10D90000C754DBCDC854FEB9C954D5D4CC54DFDFDD
:10D91000CD54ECCFCE54A5B0CF54E7DFD054D1DFF7
:10D92000D154C6D1D254D5DFD354D8DFD454D9DFA3
:10D93000D554DCDFD754A9BBD954E0DFDA54E1DF9A
:10D94000DC54E2DFDD54E6DFDE54E8DFDF54B4D33D
:10D95000E554E7B8E654B6C5E754EADFE854DAC957
:10D96000E954A8C1EA54C4C4ED54DEBFEE54F8CF64
:10D97000F254DCD5F354EEDFFA54B8B2FC54DFBAFB
:10D98000FD54ECDFFF54C1DB0155E4D10655F4CB67
:10D990000755BDB40955A6B00F55F1DF1055C6CCDB
:10D9A0001155F2DF1455EDDF1B55E9DF2055EBDF94
:10D9B0002255EFDF2355F0DF2455BDBB2755F3DF9C
:10D9C0002A55F4DF2C55A3BB2E55DBCA2F55A8CE04
:10D9D0003055A7E03155AAB33355A6E03755A1E03D
:10D9E0003C55FEDF3E55D9CD3F55FCDF4155FADFB2
:10D9F0004355D0BF4455C4D74655CCC94955F8DF27
:10DA00004A55A1B05055FDDF5555FBDF5655A2E0F4
:10DA10005C55A8E06155C8B76455A1C66555B6C93F
:10DA20006655B2C06755F5DF6A55BEC56C55C4D89A
:10DA30006D55F9DF6E55F6C47555A3E07655A4E033
:10DA40007755A5E07855A5D07B55B4E07C55E4CC5E
:10DA50007E55B1E08055A6BF8155AFE08255B9CE65
:10DA60008355ABE08455C6C98755AEC08855AEE036
:10DA70008955EDBA8A55B0BA8B55A9E08F55F6DFB6
:10DA80009155B3E09455B8E09855ADB49955B9E0C7
:10DA90009C55B2CF9D55C8BA9F55B0E0A755FAD056
:10DAA000B155ACE0B355FBD4B555F7DFB755E7C575
:10DAB000B955ADE0BB55F7D3BD55B6E0BE55B7E09F
:10DAC000C455C4E0C555E1D0C955BCE0CC55C9E04A
:10DAD000CD55CAE0D155BEE0D255AAE0D355A4C970
:10DAE000D455C1E0D655B2E0DC55C8CADD55C3E017
:10DAF000DF55B5E0E155CBCEE355C3CBE455CDE0E2
:10DB0000E555C6E0E655C2E0E855CBE0EA55BAE097
:10DB1000EB55BFE0EC55C0E0EF55C5E0F255C7E06E
:10DB2000F355C8E0F555CCE0F755BBE0FD55D4CB37
:10DB3000FE55D5E00056D6E00156D2E00856D0E0BA
:10DB40000956CEBC0C56D1E00E56C2B80F56C5D8F9
:10DB50001856EAD01B56EFC21E56CFE01F56BDE046
:10DB60002356D4E02456D3E02756D7E02C56DCE0E9
:10DB70002D56D8E03156F6D63256B0B33456ECD7DF
:10DB80003656BBCB3956DAE03B56FBCE3F56D9BAB8
:10DB90004C56E1E04D56DDE04E56ADD25456E2E033
:10DBA0005756DBE05856D9E05956DFE05C56E0E0C6
:10DBB0006256DEE06456E4E06856F7C66956ACD8B3
:10DBC0006A56EBD46B56E6E06C56C9CA7156E5E06E
:10DBD0007656C1B87B56E7E07C56E8E08556E9E02A
:10DBE0008656E3E08E56BFBA8F56E7CC9356EAE0EE
:10DBF000A356F9CFAF56EBE0B756C2C8BC56C0BD6E
:10DC0000CA56D2C4D456ECE0D756EDE0DA56F4C783
:10DC1000DB56C4CBDD56EEE0DE56D8BBDF56B6D8B9
:10DC2000E056F2D2E156EFE0E256C5CDE456DAB660
:10DC3000EB56F1E0ED56B0D4F056A7C0F156D1B492
:10DC4000F456A7CEF556F0E0F956F2E0FA56CCB904
:10DC5000FD56FAB9FE56BCCDFF56F3E00357D4C6C5
:10DC60000457F4E00657B2D40857A6C80957F6E09F
:10DC70000A57F5E01C57F7E01F57C1CD2357A5CA37
:10DC80002857DAD42957D7DB2A57D9DB2C57D8DBCA
:10DC90002D57E7B92E57DCDB2F57DDDB3057D8B5D2
:10DCA0003357DADB3957DBDB3A57A1B33B57DFDBBE
:10DCB0003E57F8BB4057B7D64257E0DB4757F9BE4F
:10DCC0004A57BBB74C57D0DB4D57AECC4E57B2BFBF
:10DCD0004F57B5BB5057F8D75157D3BF5757E9BF28
:10DCE0005A57E1BC5B57B3CC5C57DEDB5D57D3B012
:10DCF0005E57EBCE5F57D8B76057B9D76157C2C6EA
:10DD00006457A4C06657B9CC6857E7DB6957E1DBB5
:10DD10006A57BAC66B57E3DB6D57E8DB6F57F7C539
:10DD20007357EADB7657E9DB7757C0BF7B57E6DBF3
:10DD30007C57E5DB8257B9B48357ACC08457A2C285
:10DD40008557E2DB8657E4DB8B57CDD08C57EDDB74
:10DD50009257DDC09357F2DB9B57E2B6A057F3DB37
:10DD6000A157D2DBA257B8B9A357ABD4A457ECDB69
:10DD7000A657D1BFA757F0DBA957D1DBAB57E6B504
:10DD8000AD57EBDBAE57E5BFB257EEDBB457F1DB77
:10DD9000B857F9DBC257A1B9C357A3B0CB57F1C2EB
:10DDA000CE57C7B3CF57EFDBD257F8DBD457D2C625
:10DDB000D557F4DBD857F5DBD957F7DBDA57F6DB65
:10DDC000DD57FEDBDF57F2D3E057BAB2E457FDDB95
:10DDD000ED57A4DCEF57FBDBF457FADBF857FCDB1D
:10DDE000F957E0C5FA57F9BBFD57A3DC0058A5DC8D
:10DDF0000258C3CC0658D1B60758C0DD0B58A1DC79
:10DE00000D58A2DC1158B5C71558E9B61958A7DC4A
:10DE10001E58A6DC2058A9DC2158A4B12458CCB542
:10DE20002A58B0BF3058DFD13558C2B64458A8DCA4
:10DE30004C58FACB4D58F3EB5158DCCB5458FECB31
:10DE40005858C1CC5E58FBC86558AADC6B58EECC5C
:10DE50006C58ABDC7E58D3DB8058AFDC8158ACDC2F
:10DE60008358B3BE8558FBCA8958ADDC9258CAC9DD
:10DE70009358B9C49958BDC79A58AEDC9E58F6D489
:10DE80009F58E6D0A858ABC4A958D5B6BC58D4DB27
:10DE9000C158DAB1C558D5DBD158D6DBD558BEBA92
:10DEA000E458C0C8EB58BFCAEC58C9C8EE58B3D73D
:10DEB000F058F9C9F358C7BFF658F8BAF958BCD2A8
:10DEC0000259BAE20459A6B40759B8B10D59B4B809
:10DED0000F59C4CF1459E7D91559A6CF1659E2CD19
:10DEE0001959EDD91A59E0B61C59B9D21F59BBB905
:10DEF0002459B9E22559B7E22759F3B42959ECCC92
:10DF00002A59ABCC2B59F2B72D59B2D82E59EBD197
:10DF10002F59BBBA3159A7CA3459B7CD3759C4D2D2
:10DF20003859E4BF3959D0BC3A59E1B63C59C5DE3D
:10DF30004159C6DE4259BCDB4459D9D14759E6C6DE
:10DF40004859CEC44959EEB74B59DCB74E59FCBFBE
:10DF50004F59E0D75159F5C65459BCB15559C8DE8F
:10DF60005659B1BD5759D7CC5859CADE5A59C9DE8E
:10DF70006059ECB56259DDC96559C2B07359AEC577
:10DF80007459ABC57659CCC47859E9BC7959FDCBE5
:10DF90007D59C3BA8159F9E58259E7C88359FAE531
:10DFA0008459FDCD8659B1D78759BEB88859E8C282
:10DFB0008A59D1C88D59FBE59259CAB69359CBBC41
:10DFC0009659FDD19759A1E69959EEC39E59A4E6F9
:10DFD000A359FEE5A459A5E6A559D7CDA859C1B7BF
:10DFE000A959FCE5AA59FDE5AB59A3E6AE59DDC434
:10DFF000AF59A8E6B259A7E6B959C3C3BB59DEC6A3
:10E00000BE59AAE6C659B7C4CA59A2E6CB59BCCA7A
:10E01000D059E3BDD159C3B9D259A6E6D359D5D009
:10E02000D459AFCED759A9E6D859B0E6DA59A6D215
:10E03000DC59AABDDD59ADE6E359AFE6E559D1C0DB
:10E04000E859CCD2EC59A7BCF959B1E6FB59F6D244
:10E05000FF59CBD7015AFECD035ADECD045AA6C2D2
:10E06000055AABE6065AACE6075ABFBD085AAEE6FB
:10E07000095AB3E60C5AB2E6115AB6E6135AB8E694
:10E08000185AEFC41C5AC8C41F5AEABE205AEFC916
:10E09000235AB7E6255AF0B6295AE4C3315AE9D3D0
:10E0A000325AB4E6345AB5E6365AA2C83C5ABDE6EE
:10E0B000405AB9E6465AC5C6495AF1CD4A5ABBE656
:10E0C000555ABCE65A5AE9BB625ABEE6675ABAE6E6
:10E0D0006A5AB7C0745AA4D3755ABFE6765AF4C9BF
:10E0E000775AC3E67A5AC4E67F5AF6D0925ABDC32D
:10E0F0009A5AC4C39B5AC2E6AA5AC1E6B25AC7E6A4
:10E10000B35AB1CFB55AF4EBB85ACAE6BE5AC5E60F
:10E11000C15ADEBCC25AA9C9C95AB5BCCC5AD3CF60
:10E12000D25AC8E6D45AC9E6D65ACEE6D85AD0E66C
:10E13000DC5AD1E6E05ACBE6E15AD5B5E35ACCE653
:10E14000E65ACFE6E95ADBC4EB5AC6E6F15ACDE609
:10E15000095BD2E6165BD4E6175BD3E6325BD5E605
:10E16000345BF8D9375BD6E6405BD7E6505BD3D754
:10E17000515BDDE6535BDEE6545BD7BF555BD0D425
:10E18000575BD6D7585BE6B4595BEFCB5A5BDAE600
:10E190005B5BC3D85C5BCED75D5BA2D05F5BCFC35C
:10E1A000625BDFE6635BBEBC645BC2B9655BDBE6FA
:10E1B000665BA7D1695BA2BA6A5BCFC26C5BABD866
:10E1C000705BEBCA715BEEE5735BDCE6755BF5B724
:10E1D0007A5BE6C87D5BF5C4805BB2E5815BFEC41B
:10E1E000835BFCCB845BB3E5855BACD5875BEED30F
:10E1F000885BD8CA895BB2B08B5BCECB8C5BEACD37
:10E200008F5BEABA935BB5E5955BB4E5975BDAD7CC
:10E21000985BD9B9995BE6D69A5BA8B69B5BF0CDC3
:10E220009C5BCBD29D5BA6B19E5BB5CAA05BE8B3FD
:10E23000A15BF3C9A25BCDBFA35BFBD0A45BD2CA39
:10E24000A55BB6E5A65BC2BBAA5BDCCFAB5BACB99A
:10E25000B05BD7D4B35BA6BAB45BE7D1B55BFCCFF8
:10E26000B65BD2BCB85BB7E5B95BDDC8BD5BEDBFE3
:10E27000BE5BF6B1BF5BDECBC25BC5BCC45BC4BCDE
:10E28000C55BFAD2C65BDCC3C75BDCBFCC5BBBB88B
:10E29000D05BC2C3D25BAEBAD35BA2D4DD5BDEC7B8
:10E2A000DE5BAFC4DF5BECB2E15BD1B9E45BBBE545
:10E2B000E55BC8C1E85BAFD5EE5BBCE5F05BBEE5F6
:10E2C000F85BE7B4F95BD4B6FA5BC2CBFB5BB0D1C9
:10E2D000FC5BBCB5FF5BD9CA015CE2B7045CE4C976
:10E2E000065CABBD095CBECE0A5CF0D70F5CA1D06A
:10E2F000115CD9C9145CFBB6155CD8E6165CE2BCAF
:10E30000185CBEB31A5CD0C91C5CD9E61D5CA2B314
:10E31000225CCCDE245CC8D3255CCDDE275CA2D297
:10E320002C5CCEDE315CCDBE345CCFDE385CACCA5A
:10E33000395CFCD23A5CDFB33B5CEAE53C5CE1C4AF
:10E340003D5CA1BE3E5CB2CE3F5CF2C4405CD6BE3A
:10E35000415CA8C6425CE3B2455CD3BE485CFCC7E6
:10E36000495CEBCC4A5CECBD4B5CDDCE4E5CBACA82
:10E370004F5CC1C6505CECE5515CBCD0555CB9D576
:10E38000595CEDE55E5CF4CA605CC0CD615CC5C201
:10E39000635CEFE5655CC4C2665CF0E56E5CF8E565
:10E3A0006F5CCDCD715CBDC9795CD9D27A5CA8E1D6
:10E3B0007F5CECD3815CEACB825CF1C6885CACE12B
:10E3C0008C5CA7E18D5CA9E1905CAAE1915CAFE176
:10E3D000945CEDB2965CABE1975CDAB8985CADE129
:10E3E000995CAEE19A5CB0E19B5CBAB59C5CB1E132
:10E3F000A25CB3E1A35CB8E1A95CD2D1AB5CB6E1AD
:10E40000AC5CB5E1AD5CEBC1B15CB7E1B35CC0D471
:10E41000B55CB2E1B75CBAE1B85CB6B0BD5CB4E182
:10E42000BF5CF9BFC15CB9E1C45CBBE1CB5CBEE1E0
:10E43000D25CBCE1D95CC5D6E15CBFCFE45CBDE198
:10E44000E55CBFE1E65CCDC2E85CEBB6EA5CF8D324
:10E45000ED5CCDC7F05CE5B7FB5CFEBE025DC0E1E4
:10E46000035DC1E1065DC7E1075DE7B30E5DE9C687
:10E47000145DDEB4165DC2D11B5DC8E11E5DC6E150
:10E48000245DC5E1265DC3E1275DC2E1295DC0B120
:10E490002D5DB8D52E5DC4E1345DCBE13D5DCCE1B1
:10E4A0003E5DCAE1475DFAEF4A5DD3E14B5DD2E1E3
:10E4B0004C5DB6C7585DC9E15B5DCEE15D5DD0E105
:10E4C000695DD4E16B5DD1E16C5DCDE16F5DCFE164
:10E4D000745DD5E1825DD6E1995DD7E19D5DD8E1BE
:10E4E000B75DDAE1C55DDBE1CD5DA1CEDB5DDDE7EA
:10E4F000DD5DA8B4DE5DDDD6E15DB2D1E25DB2B333
:10E50000E55DA4B9E65DF3D7E75DC9C7E85DDEBEAA
:10E51000E95DAEB9EB5DD7CEEE5DEEB2EF5DCFDB80
:10E52000F15DBABCF25DD1D2F35DC8CBF45DCDB084
:10E53000F75DEFCFFD5DE3D9FE5DEDBD015ED2B1CC
:10E54000025ED0CA035EBCB2055EA7CB065EABB767
:10E55000085EA6CA0C5EA3CF0F5EF8E0105ECAD5B7
:10E56000115EFBE0145EFAE0155EC1C5165EFBCCE1
:10E57000185EB1C1195EF9E01A5EE3D61B5EAFB258
:10E580001C5EC4D61D5EDBB5265EF8B4275EA1D640
:10E590002D5EAFCF2E5EEFB0315EFCE0375EA1E1C5
:10E5A000385EA3B33B5EFDE03C5EFEE03D5EB1C382
:10E5B000425EDDC3445EA2E1455EF9B74C5ECFBB6F
:10E5C000545EA3E1555EBBC45B5EA4E15E5EA5E163
:10E5D000615EA6E1625EB1B4725EC9B8735EBDC62B
:10E5E000745EEAC4765EA2B2785ED2D07A5EDBE771
:10E5F0007B5EC3BB7C5ED7D37D5EC4D37F5EE3B955
:10E60000805ECFE2845EAFD7865EECC7875ED3B113
:10E610008A5EB2B48B5ED1E28F5EF2D0905EAEC203
:10E62000915ED0E2935EE2BF945EA6D3955ED7B5CD
:10E63000965ED2E2975EEAB5995EEDC39A5EFDB84A
:10E640009C5EAEB89E5ED3C59F5ECFB7A05ED4E29F
:10E65000A55ED3E2A65EC8B6A75EF9D7AD5EA5CD2E
:10E66000B35ED8E2B55ED6E2B65EFCCAB75EB5BFB1
:10E67000B85EB9D3B95ED5E2BE5ED7E2C95EAEC1BF
:10E68000CA5EC8C0D15EDBE2D25EDAE2D35EAAC067
:10E69000D65ECEC1DB5EDCE2E85EDDE2EA5EDEE2B3
:10E6A000F45EC8DBF65ED3D1F75EA2CDFA5EA8BDFC
:10E6B000FE5EC3DEFF5EA5D8005FAABF015FCDDBB3
:10E6C000025FECD2035FFAC6045FAAC5085FC4DE2E
:10E6D0000A5FD7B10B5FAEDF0F5FBDCA115FB1DF5D
:10E6E000135FADB9155FFDD2175FA5B8185FEBBA20
:10E6F0001B5FDAB31F5FDCB5205FC5D5255FD6C3CE
:10E70000265FD2CF275FA1BB295FF3E52A5FF2E541
:10E710002D5FF4E52F5FE4CD315FF5C8395FAFB50C
:10E720003A5FBFC73C5FF6E5405FB0EC505FE6E59F
:10E73000525FE9B9535FB1B5555FBCC2565FE8E5BA
:10E74000575FE7E5585FE9E55D5FCDD2615FEAE1DC
:10E75000625FCED0645FAECD665FE5D1695FCAB25D
:10E760006A5FEBB16C5FF2B16D5FEDC5705FC3D5F1
:10E77000715FB0D3735FDCE1775FDDE1795FDBD29E
:10E780007B5FB9B37C5FCBB1805FF9CD815FF7D59B
:10E79000825FDEE1845FB6BE855FFDB4875FDFE147
:10E7A000885FDCBA895FE0E18A5FB2BB8B5FC9C278
:10E7B0008C5FE1E1905FECD0925FBDCD955FE2E1CF
:10E7C000975FC3B5985FC7C5995FE3E19C5FE4E1DC
:10E7D000A15FF9D3A85FE5E1AA5FADD1AD5FE6E146
:10E7E000AE5FA2CEB55FE7E1B75FC2B5BC5FE8E15F
:10E7F000BD5FD5BBC35FC4D0C45FE0E2C55FD8B125
:10E80000C65FE4D2C95FE1E2CC5FC9BCCD5FCCC8D2
:10E81000CF5FE3E2D05FFEECD15FFDECD25FAFDF14
:10E82000D65FE2E2D75FBED6D85FFCCDD95FA6C384
:10E83000DD5FC3E3E05FD2D6E15FE7E2E45FE8E2F9
:10E84000E75FC7D3EA5FECE2EB5FECBFED5FEDE2C1
:10E85000EE5FE5E2F15FC0B3F55FEEC4F85FEEE2B4
:10E86000FB5FC3D0FD5FF6BAFE5FE9E2FF5FDEB794
:10E870000060B3BB0160ACCC0260CBCB0360E4E2D0
:10E880000460E6E20560EAE20660EBE20A60F7E2B5
:10E890000D60F4E20E60F5D40F60F3E21260ADC5D6
:10E8A0001460FAD51560C2C51660C0B21960EFE2F7
:10E8B0001B60F2E21C60AFC11D60BCCB2060A1B543
:10E8C0002160F9E22560B1BC2660F1E22760D4D076
:10E8D0002860B9D42960F5E22A60D6B92B60F6E247
:10E8E0002F60D3C73560F0E23B60DCD73C60A1ED20
:10E8F0003F60F8E24160A5ED4260FEE24360D1CAAC
:10E900004B60B5C14D60D0BB5060D6BF5260E3BA1A
:10E910005560A1CB5960A6ED5A60A3ED5D60A2EDF4
:10E920006260D6BB6360A7ED6460F4D06760A4ED5D
:10E930006860DEBA6960F7B66A60A1E36B60B2B680
:10E940006C60F1CC6D60A7B96F60A2CF7060A1C799
:10E950007360D2BF7660F1B67860FAE27960FBE26C
:10E960007A60FDE27B60FCE27C60D5C47D60A2E35E
:10E970007F60C1D38360A7E38460C4C78960A4CFEC
:10E980008C60A9E38D60B7BA9260A8E39460DABBAB
:10E990009660A3E39A60A4E39B60AAE39D60A6E36C
:10E9A0009F60F2CEA060C6D3A360BCBBA660C3D4F8
:10E9B000A860FAC4AB60A8EDAC60FCD0AD60A5E384
:10E9C000AF60F5C3B160ADE3B260AFB1B460B2E3C4
:10E9D000B860C2BCBB60ACE3BC60BFB5C560E9C792
:10E9E000C660B0E3CA60AABECB60EFCDD160F3BB16
:10E9F000D560E8CCD860AFE3DA60B1E3DC60A7CFE4
:10EA0000DD60AEE3DF60A9CEE060DDBBE660EBB5C4
:10EA1000E760E5BEE860D2B2E960CDB3EB60B9B1C2
:10EA2000EC60ABE3ED60D1B2EE60ACB5EF60DFB9A6
:10EA3000F060E8B6F360EBCFF460B7E3F660CCBB10
:10EA4000F960C7C8FA60CAD00061B8E30161EEB3EB
:10EA50000661A9ED0861FAD30961E4D30D61AAED5D
:10EA60000E61B9E30F61E2D21561B5E31A61DED33D
:10EA70001F61D0B82061B3E32361B6E32461DFB73F
:10EA80002661B4E32761A2C02B61BAE33F61B8D429
:10EA90004861C8B44A61BBE34C61C5BB4E61F7C96C
:10EAA0005161E5C95561BDC45D61ABED6261FDC2F7
:10EAB0006761DBBB6861AEBF7061BFCE7561BCE3EF
:10EAC0007761B6BF8B61EFB18E61F7D49461BEE31D
:10EAD0009D61ADEDA761BFE3A861A9BAA961ACEDE5
:10EAE000AC61BDE3B761C0E3BE61B6BAC261AEB6A8
:10EAF000C861B8D0CA61C3B0CB61AEEDD161AFED32
:10EB0000D261C1C0D461C1E3E661B3C5F561C2E3BE
:10EB1000FF61B2DC0662B0ED0862EAB80A62ECCED0
:10EB20000B62A7EA0C62E7D00D62F9CA0E62D6C882
:10EB30000F62B7CF1062C9B31162D2CE1262E4BDC8
:10EB40001562DEE31662F2BB1762A8EA1862BDD551
:10EB50001A62DDC61B62A9EA1F62AAEA2162ACEA58
:10EB60002262ABEA2462AEEA2562ADEA2A62D8BD2F
:10EB70002C62AFEA2E62BEC23362C1B43462F7B413
:10EB80003762A7BB3D62E6EC3E62E5EC3F62BFB791
:10EB90004062F9CB4162E2B14362E7EC4762C8C927
:10EBA0004862E8EC4962E9EC4B62D6CA4C62D0DEBE
:10EBB0004D62C5B24E62FAD45162CBC65262C7B042
:10EBC0005362F2B45462D3C85862D0CD5B62B8BF0E
:10EBD0006362DBBF6662A4C76762B4D66962A9C01C
:10EBE0006A62D1DE6B62A8C96C62EFD16D62A4C5A6
:10EBF0006E62E7B06F62B6B37062C5C87362E2B0AE
:10EC00007662F6B77962FAC57C62F3B67E62D2D5D7
:10EC10007F62D0B38062BCBC8462ADB38962F1BE56
:10EC20008A62D1B09162D6D29262E3CA9362A5D7CA
:10EC30009562B6CD9662B6B69762B9BF9862DBD5DB
:10EC40009A62A7B89B62D7C59F62D2DEA062D9BF85
:10EC5000A162D5C2A262C0C7A462A4BBA562A8B1CA
:10EC6000A862EAC5AB62FBC5AC62A7CCB162A7B132
:10EC7000B562D6B5B962A8C4BB62D3DEBC62BAD1F4
:10EC8000BD62E9B3BF62F2C3C262F7B7C462F4D631
:10EC9000C562A3B5C662F0B2C762B4C4C862E9C4B3
:10ECA000C962ADC0CA62D4DECC62E8B0CD62C4C570
:10ECB000CE62E0C1D062D5B9D262DCBED362D8CD1B
:10ECC000D462CEB0D662CFCDD762D6DED862D0BE07
:10ECD000D962BED7DA62D5DEDB62D0D5DC62DDB0C8
:10ECE000DF62E2C4E262A3C2E362F0BCE562B5D3D4
:10ECF000E662B9C0E762A1C5E862A6B2E962F1D4F2
:10ED0000EC62A8C0ED62C3CAEE62D7DEEF62FCD54A
:10ED1000F162B0B9F362ADC8F462A9CBF662D9DE94
:10ED2000F762BDBFFC62B4C6FD62A7D7FE62B0CA7F
:10ED3000FF62C3C40163D6B30263D2B90763B8D616
:10ED40000863FCEA0963B4B00E63E6BF1163F4CC58
:10ED50001663DACD1A63BFD61B63CEC21D63CECE57
:10ED60001E63A2CC1F63AED02063D3C42163B2B5AF
:10ED70002263D8DE2363F5D52463B7BC2563D3BBF8
:10ED80002863A4B02A63B2C52B63ECB42F63F1D51A
:10ED90003263FDEA3963DADE3A63A6CD3D63ECCD3A
:10EDA0004263E6CE4363DCDE4563B1CD4663A6C075
:10EDB0004963BDD74B63DBDE4C63C6B04D63B4BA69
:10EDC0004E63D3C94F63F3C45063E8BE5563B6B214
:10EDD0005E63CCC05F63F0CB6163F1BC6263BBBBBD
:10EDE0006363B7B56763F5C56963E6DE6D63E3DE4C
:10EDF0006E63DDBE7163DFDE7663B7B47763DDBD5E
:10EE00007A63E0DE7B63EDC48063C6CF8263E0B5E6
:10EE10008763DEB68863DACA8963F4B58A63E5DEA0
:10EE20008C63C6D58E63E1DE8F63CDCC9063FEC666
:10EE30009263C5C59663B4D29863F2BEA063D3C291
:10EE4000A263BDCCA363B8B3A563D3BDA763D8BF8A
:10EE5000A863C6CDA963DAD1AA63EBB4AC63E4DEE0
:10EE6000AD63DDDEAE63E7DEB063FEEAB363B0C27E
:10EE7000B463E2DEB763C0D6B863A7B5BA63F4B2D1
:10EE8000BC63E8DEBE63F2DEC463EDDEC663F1DEC2
:10EE9000C963E0C8CD63E1D7CE63EFDECF63E8C3DB
:10EEA000D063E1CCD263E5B2D663BED2DE63EEDEE0
:10EEB000E063EBDEE163D5CEE363A7B4E963ABBF08
:10EEC000EA63BEBEED63D2BDF263E9DEF463AED4A5
:10EED000F663DEDEF863EADEFD63BFC0FF63ECDEEF
:10EEE0000064F3B20164E9B80264A7C20564C1BD5D
:10EEF0000B64F5DE0C64F8DE0F64ABB21064A4B4EE
:10EF00001364EAB41464A6C91B64F6DE1C64D1CB96
:10EF10001E64E3B82064F7DE2164FADE2664F9DEBD
:10EF20002A64C2CC2C64E1B02D64EEB43464BAE53A
:10EF30003A64AFD03D64EBB23F64A1EB4164F4DED0
:10EF40004464E3C94564F3DE4664DAB04764A1D2A1
:10EF50004864F7B14A64AFCC5264F0DE5464A4CB89
:10EF60005864AAD55E64FBDE6764DDB46964A6C438
:10EF70006D64FDDE7864FEC37964A1C47A64A1DFA8
:10EF80008264CCC18464FCDE8564EFBE8764B2C653
:10EF90009164C5B39264F6C89564BACB9664FEDEFC
:10EFA0009964A4DF9E64B2D7A464B7B3A964C3C153
:10EFB000AC64CBC7AD64A5B2AE64E9B4B064ABD702
:10EFC000B564ECC4B764A2DFB864A3DFBA64A5DF9C
:10EFD000BC64B3BAC064A6DFC264DEC0C564C3C982
:10EFE000CD64D9B2CE64E6C7D064A7DFD264DCC7F3
:10EFF000D764A8DFD864A2EBDE64D3CBE264AADFD7
:10F00000E464A9DFE664C1B20065CAC50965ABDF87
:10F010001265DCD41865C1C82565ACDF2B65F0BE70
:10F020002E65ADDF2F65A7D63465B7EA3565B6EB3B
:10F030003665D5CA3865FCD83965C4B83B65A5B90D
:10F040003E65C5B73F65FED54565CAB94865A7D0D9
:10F050004965CDF44C65D0B54F65F4C35165C8BE64
:10F060005565B7EB5665BDB05965CCBD5B65B2C1A2
:10F070005D65D6B15E65A8B36265D2B86365A2C9A5
:10F080006665D8B66B65B8EB6C65B4BE7065FDCAD5
:10F090007265C3C77465FBD57765F3B78765C4CE62
:10F0A0008B65ABD58C65F3B19065B3EC9165DFB042
:10F0B0009365B5EC9765B7B69965CFC19B65FAF5D1
:10F0C0009C65B1D09F65E5D5A165D3CEA465EFBDA4
:10F0D000A565E2B3A765ABB8A965B6D5AB65BDEDCF
:10F0E000AD65CFB6AF65B9CBB065C2D0B965BDB7B8
:10F0F000BC65B6ECBD65A9CAC165D4C5C365B9EC2C
:10F10000C465B8ECC565C3C2C665B7ECCB65FDD0B8
:10F11000CC65BAECCE65BBECCF65E5D7D265BCEC6F
:10F12000D665BDECD765ECC6E065DECEE265C8BC51
:10F13000E565D5C8E665A9B5E765C9BEE865BCD68D
:10F14000E965E7D4EC65AED1ED65F1D0EE65B8EADE
:10F15000EF65B9EAF065BAEAF165B5BAF665B1CA24
:10F16000F765F5BFFA65FACD0066C0EA0266BAB087
:10F170000366BEEA0666A5C00A66BBEA0C66FDB277
:10F180000E66F7C30F66E8BB1366D7D21466F4CEDB
:10F190001566BFEA1966BCEA1D66C3EA1F66C7D0DA
:10F1A0002066B3D32566BAB42766C1C32866F2D7F2
:10F1B0002D66D1D52F66C7CA3166C5EA3466C4EA62
:10F1C0003566C7EA3666C6EA3C66E7D63E66D4CF01
:10F1D0004166CBEA4366CEBB4B66FABD4C66CEC9F0
:10F1E0004F66CCEA5266B9C95366FECF5466CAEA86
:10F1F0005566CED45666CDEA5766CFEA5A66EDCD4F
:10F200005F66C9EA6166CEEA6466EECE6666DEBB1C
:10F210006866BFB36E66D5C66F66B0BE7066FACE5E
:10F220007466E7C77666A7BE7766D0EA7A66C7D601
:10F230007E66C0C18266DDD48466D1EA8766BECFB1
:10F240008C66D2EA9166EECA9666AFC59766B5B08F
:10F250009D66D4EAA766D3EAA866DFF4AE66BAC4B0
:10F26000B466A9B1B966DFE5BE66D5EAD966EFCA6C
:10F27000DB66D6EADC66D7EADD66D8C6E666D8EA9B
:10F28000E966D9EAF066BBD4F266FAC7F366B7D28C
:10F29000F466FCB8F766C2EAF966DCB2FC66FCC24A
:10F2A000FE66F8D4FF66E6CC0067EED70867C2D4E6
:10F2B0000967D0D30A67C3EB0B67F3C50D67FEB7C9
:10F2C0001067D4EB1467B7CB1567DEEB1767CAC0BE
:10F2D0001B67FBCD1D67AFB31F67DAC62667FCEB64
:10F2E0002867BEC42A67B4CE2B67A9C42C67BEB1F9
:10F2F0002D67FDD42F67F5CA3167ECD63467D3C6C6
:10F300003567E4B63A67FABB3D67E0D04067B1C9FC
:10F310004267D3D44367A8C84667CBB84867BEE8FE
:10F320004967BCC94C67BBE84E67EEC04F67D3D096
:10F330005067C4B25167E5B45367BCE85667C8D597
:10F340005C67C5B65E67BDE85F67F8CA6067DCB832
:10F350006167F5CC6567B4C06867EED16967BFE8DF
:10F360006A67C2E86D67BCBA6F67ADB17067DCBD34
:10F370007267BDEA7367C3E87567C6E87767CBE86D
:10F380007C67CCE87E67C9CB7F67E5B08167ABBCA3
:10F390008467B9B98767C1E88967F7CD8B67CAE821
:10F3A0009067F6CE9567EDD59767D6C19867C4E8A4
:10F3B0009A67B6C39C67FBB99D67A6D69E67C8E8E7
:10F3C000A267E0CAA367E6D4A567C0E8A767C5E857
:10F3D000A867C7E8AA67B9C7AB67E3B7AD67C9E86D
:10F3E000AF67DDBFB067D2E8B367D7E8B567D5E8E8
:10F3F000B667DCBCB767CFBCB867DBE8C167DEE8DF
:10F40000C367DAE8C467FAB1CF67D8B0D067B3C4CE
:10F41000D167CCB8D267E2C6D367BEC8D467E1C8AB
:10F42000D867CFE8D967D4E8DA67D6E8DC67F1B9FE
:10F43000DD67D8E8DE67F5D7E067FBC4E267DCE8A4
:10F44000E567E9B2E967D1E8EC67EDBCEF67C2BFF9
:10F45000F067CDE8F167F9D6F367F8C1F467F1B268
:10F46000FD67DFE8FF67C1CA0068D9E80568A4D571
:10F470000768EAB10868BBD50968CEE80A68D0E831
:10F480000B68B0B60C68D3E80E68DDE80F68B8C04A
:10F490001168F7CA1368A8CB1668DCC61768F5C0F0
:10F4A0001D68E9E82168A3D02968F2E82A68EAD64D
:10F4B0003268E0E83368E1E83768F9D13868CBBAF8
:10F4C0003968F9B83C68F1B83D68D4D43E68EFE8D3
:10F4D0004068EEE84168ECE84268F0B94368D2CC95
:10F4E0004468E6E84568A6CE4668F2BF4868B8B00A
:10F4F0004968F1E84A68F0E84C68C0D74E68E4E82B
:10F500005068A9CD5168A3C95368B8BB5468DBBD26
:10F510005568EAE86068E2E86168E3E86268E5E89F
:10F520006368B5B56468E7E86568C5C76668EBE811
:10F530006768EDE86868B0BD6968AED76B68F8E8E1
:10F540007468F5E87668B0CD7768F6E88168BAC186
:10F550008368E8E88568B7C38668F0B08F68F4E828
:10F560009368F7E89768A3B9A268D2C9A668CEC322
:10F57000A768E0CEA868E6C0AD68F3CBAF68DDCC85
:10F58000B068B5D0B368E1CAB568F3E8C068ECBC50
:10F59000C268F9E8C968DEC3CB68E5C6CD68F7B9CB
:10F5A000D268F4B0D568D8D7D868ACBCDA68EFC5F3
:10F5B000E068C4CCE368A6E9EE68ADC9F068A2E9EA
:10F5C000F168E2C0F568C3BFF968FEE8FA68D7B928
:10F5D000FC68FBE80169A4E90569CED20B69A3E9DF
:10F5E0000D69B2D60E69B5D71069A7E91269B7BD22
:10F5F0001F69FCE82069FDE82469A1E92D69D6CDE1
:10F600003069ACD23469B2E93969A9E93D69AAB473
:10F610003F69BBB44269ABE95469A8D05769A5E911
:10F620005A69FEB35D69ACE95E69E3C06069AAE945
:10F630006369B9E96669B8E96B69AEE96E69FAE8C8
:10F640007169A8E97769ACBF7869B1E97969BAE904
:10F650007C69A5C28069AFE98269C5B88469ADE9F2
:10F660008669DCD38769B4E98869B5E98969B7E94E
:10F670008D69C7E99469C6C09569C5E99869B0E91B
:10F680009B69BBE99C69F1B0A769BCE9A869A5D5EC
:10F69000AB69BEE9AD69BFE9B169C1E9B469F1C15E
:10F6A000B769B6C8BB69BDE9C169C2E9CA69C3E93E
:10F6B000CC69B3E9CE69B6E9D069B1BBD469C0E918
:10F6C000DB69F7BCDF69C4E9E069C6E9ED69CAE94D
:10F6D000F269CEE9FD69DBB2FF69C8E90A6AAEB733
:10F6E000176ACBE9186ACCE91F6AC1D5216AA3C49D
:10F6F000286AD8E92A6AE1BA2F6AC9E9316AA3D32C
:10F70000356AD4E93D6AD7E93E6AD0E9446ACFE96F
:10F71000476AC1C7506AD2E9586AD9E9596AC8B379
:10F720005B6AD3E9616AF0CF656ACDE9716AF7B3C4
:10F73000796AD6E97C6ADAE9806AB4CC846AADCFAA
:10F740008E6AD5E9906ADCE9916ADBE9976ADEE9BD
:10F75000A06AD1E9A96ADDE9AB6ADFE9AC6ACAC38C
:10F76000206BB7C7216BCEB4226BB6BB236BC0D066
:10F77000246BA3EC276BB7C5326BFBD3376BA4ECC0
:10F78000396BA5EC3A6BDBC63E6BEEBF436BA6EC68
:10F79000466BA7EC476BAAD0496BB8C74C6BE8B86F
:10F7A000596BA8EC626BB9D6636BFDD5646BCBB4B7
:10F7B000656BBDB2666BE4CE676BE7C66A6BE1CD85
:10F7C000796BF5B47B6BC0CB7C6BDFBC816BE2E902
:10F7D000826BE3E9836BEAD1846BE5E9866BF9B46C
:10F7E000876BE4E9896BB3D18A6BE2CA8B6BD0B2C9
:10F7F0008D6BE8E9926BE6E9936BE7E9966BB3D61C
:10F800009A6BE9E99B6BEAE9A16BEBE9AA6BECE97E
:10F81000B36BAFECB46BB9C5B56BCEB6B76BF3D207
:10F82000BF6BEEB5C16BD9BBC26BB1ECC56BE3D29C
:10F83000CB6BE3CECD6BB8C4CF6BBFC3D26BBEB6C0
:10F84000D36BB9D8D46BC8B1D56BCFB1D66BD1B1AE
:10F85000D76BFEC5D96BD0B1DB6BABC3E16BB1D558
:10F86000EA6BA4EBEB6BC1BAEF6BBACCF36BA5EB15
:10F87000F56BA7EBF96BA8EBFD6BA6EB056CA9EBA1
:10F88000066CABEB076CAAEB0D6CACEB0F6CCFCA44
:10F89000106CB5D8116CF1C3136CA5C3146CF8C609
:10F8A000156CADEB166CCAC4186CAEEB196CAFEBF3
:10F8B0001A6CB0EB1B6CD5B71F6CFAB7216CB1EBAF
:10F8C000226CE2C7246CB3EB266CA4BA276CF5D18A
:10F8D000286CB1B0296CB2EB2A6CB4EB2E6CAAB5D3
:10F8E0002F6CC8C2306CE8C7326CB5EB346CAECB51
:10F8F000356CDFE3386CC0D33D6CDBD9406CA1CDF7
:10F90000416CADD6426CF3C7466CE0D9476CE3BBA3
:10F91000496CBABA4A6CE2E3506CABCF546CE0E38A
:10F92000556CC7C9576CB9BA5B6CB4D15C6CE1E378
:10F930005D6CEAC85E6CAFB95F6CADBD606CD8B38E
:10F94000616CDBCE646CC0CC686CE8E3696CE9E3A5
:10F950006A6CF4CD706CADCC726CB3BC746CEAE3C1
:10F96000766CEBE3796CDAD07D6CFBC67E6CDAB733
:10F97000816CDFC7826CCAD2836CD6CE856CE4E31F
:10F98000866CECE3886CF2C9896CC1B38C6CE7E3DC
:10F990008F6CE3C6906CE5E3936CB3ED946CE6E397
:10F9A000996CB3C99B6CE6C59F6CB5B9A16CBBC320
:10F9B000A36CE3E3A46CBDC5A56CA4C1A66CD9C2BD
:10F9C000A76CD7B2A96CEDE3AA6CA6BBAB6CADC4B7
:10F9D000AD6CF0E3AE6CDABEB16CFBE3B26CF5E398
:10F9E000B36CD3BAB86CD0B7B96CCDD3BB6CCED630
:10F9F000BC6CD3D5BD6CC1B9BE6CB4D5BF6CD8D10D
:10FA0000C46CB9D0C56CF6C7C96CAAC8CA6CB4B20C
:10FA1000CC6CDAC3D06CEEE3D36CFCE3D46CEFE3D4
:10FA2000D56CA8B7D66CF7E3D76CF4E3DB6CBAB748
:10FA3000DE6CA2C5E06CF6E3E16CDDC5E26CA8B259
:10FA4000E36CFCC6E56CE0C4E86CA2D7EA6CE1C0EC
:10FA5000EB6CF9E3EE6CFAE3EF6CFDE3F06CA9CC30
:10FA6000F16CF3E3F36CBED3F56CC3B1F66CB4ED9B
:10FA7000F76CF1E3F86CF2E3FA6CF8E3FB6CBAD0E4
:10FA8000FC6CC3C6FD6CF3D4FE6CFEE3016DE0BDFF
:10FA9000046DA7E4076DA6E40B6DF3D10C6DA3E430
:10FAA0000E6DA9E4126DF7C8176DB4CF196DA8E4F7
:10FAB0001A6DAEE41B6DE5C21E6DB4B6256DF2BDC8
:10FAC000276DA2E42A6DE9BA2B6DAAE42E6DACE491
:10FAD000316DFDB6326DDED6336DB2E4356DADE419
:10FAE000396DA1E43B6DEEBB3C6DDDCD3D6DA2C734
:10FAF0003E6DC9C5416DF7C1436DA4E4456DB3C703
:10FB0000466DACBD476DBDBD486DA5E44A6DC7D718
:10FB10004B6DE2B24D6DABE44E6DC3BC4F6DAFE4C7
:10FB2000516DEBBB526DB0E4536DA8C5546DB1E49B
:10FB3000596DE3D55A6DA3BF5C6DBAE45E6DB7E451
:10FB4000606DBBE4636DBDE4666DD6C6696DC6BA13
:10FB50006A6DCBC06E6DA1B86F6DB4E4746DA1D445
:10FB6000776DA3BA786DFEBD7C6DBCE4826DBFCDB0
:10FB7000856DF9C4886DFBCF896DE6C98C6DBFD3E7
:10FB80008E6DD1CF916DB3E4936DB8E4946DB9E40B
:10FB9000956DE9CC9B6DCECC9D6DD4C09E6DB5E4CA
:10FBA0009F6DB0C1A06DB6E4A16DD0CEA36DC1BBF9
:10FBB000A46DD3B5A66DF3C8A76DA7BDA86DC7D5B5
:10FBC000A96DACC9AA6DA2B8AB6DCAE4AE6DCCE4A8
:10FBD000AF6DC4D1B26DBAD2B56DADBAB86DD4BA8D
:10FBE000BF6DC3E4C06DEDB5C46DCDD7C56DC0E4C8
:10FBF000C66DFDCFC76DBFE4CB6DDCC1CC6DCACC8B
:10FC0000D16DE7CAD66DD7C4D86DD4CCD96DC8E450
:10FC1000DD6DC7E4DE6DC1E4E06DC4E4E16DADB55A
:10FC2000E46DD9D3E66DC6E4EB6DF9D2EC6DE3B4C7
:10FC3000EE6DB4BBF16DEEC9F36DBEB4F76DECBB08
:10FC4000F96DCDD1FB6DEDCCFC6DB5ED056EE5C765
:10FC50000A6EA8D40C6ECBE40D6ED5D70E6EC2E43E
:10FC6000106EA5BD116EC5E4146EE6D3166EC9E420
:10FC7000176EF8C91A6EBEE41D6EE5D3206EFEC77E
:10FC8000216EC9B6236EFCD4246EB3B2256ED7E4C0
:10FC9000296EC2CE2B6ECDE42D6EBCCE2F6EDBB89E
:10FCA000326ED6E4346ECABF386ECED33A6EECC331
:10FCB000436EC8C5446ED8E44D6EC4CD4E6ECFE4DD
:10FCC000536ED4E4546ED5E4566EFEBA586EE6CF49
:10FCD0005B6EBFD55F6ED2E46B6ED0E46E6ECEE429
:10FCE0007E6EE5CD7F6EAACA836EA3C0856EA6BD6B
:10FCF000866ED3E4896EC8B88F6EE7E4906EB4D494
:10FD0000986EDBE49C6EEFC19F6EE9E4A26EE7D2D1
:10FD1000A56EDFE4A76EE0E4AA6EAACFAF6EDDCBDE
:10FD2000B16EDAE4B26ED1E4B46EE5E4B66EDCC86E
:10FD3000B76EE3E4BA6EE7C4BB6EE2E4BD6EE1E425
:10FD4000C16EFCB3C26EE8E4C76EE1B5CB6ECCD732
:10FD5000CF6EE6E4D16EACBBD36ED2D7D46ECFCC2F
:10FD6000D56EF8EBD76EE4E4DA6EF6B9DE6ECDD67A
:10FD7000DF6ED9E4E06EDCE4E16EFAC2E26EDEE44E
:10FD8000E46ECBC2E56EC4C0E66ED0C2E86EF5B1DB
:10FD9000E96EB2CCF46ECEB5F96EEFE4026FAFC689
:10FDA000066FE1C6096FF5E40F6FA9C2136FECC0CF
:10FDB000146FDDD1156FEEE4206FAEC4246FEDE457
:10FDC000296FF6E42A6FF4E42B6FFEC22D6FDDE499
:10FDD0002F6FF0E4316FFECA336FC4D5366FF1E494
:10FDE0003E6FFAD1466FEBE4476FECE44B6FF2E401
:10FDF0004D6FABCE586FCBC55C6FB1C75E6FBAC2EB
:10FE0000626FEAE4666FCAC16D6FB6CC6E6FB1B354
:10FE1000726FFBE4746FF3E4786FFAE47A6FFDE4D9
:10FE20007C6FFCE4846FCEB3886FBAB3896FF7E45C
:10FE30008C6FF9E48D6FF8E48E6FECC59C6FBDC0DC
:10FE4000A16FE8D4A76FA2E5B36FC4B0B66FA4E505
:10FE5000B96FA3E5C06FA4BCC26FA5E5C96FA1E5EA
:10FE6000D16FFEE4D26FF4B1DE6FA8E5E06FA9E5D3
:10FE7000E16FA6E5EE6FA7E5EF6FAAE51170D9C6B1
:10FE80001A70ABE51B70ADE52370ACE53570AFE5DE
:10FE90003970AEE54C70E0B94F70B0E55E70B1E519
:10FEA0006B70F0BB6C70E1EC6D70F0C36F70C6B539
:10FEB0007070D2BB7570E9C17670EED47870C4BE34
:10FEC0007C70C6D77E70D6D47F70D3B28070BEEC03
:10FED0008570C1EA8970AFC28A70B6B48E70D7D10E
:10FEE0009270B4B39470B2C89570BBBF9670C0ECFA
:10FEF0009970CBD69C70BFEC9D70C1ECAB70C5EC1B
:10FF0000AC70E6BEAD70BFCCAE70DAC5AF70BCBE33
:10FF1000B170C6ECB370FEB1B770C4ECB870A8D5C0
:10FF2000B970E3B5BB70C2ECBC70B6C1BD70E3B3D1
:10FF3000C070C3ECC170B8CBC270C3C0C370FECC7C
:10FF4000C870D2C1CA70C8ECD870E6BAD970D3C034
:10FF5000DB70F2D6DF70CCD1E470BEBFE670B3B711
:10FF6000E770D5C9E870C7ECE970E2BBEB70CCCCA8
:10FF7000EC70FDBDED70C8C8EF70A9CFF770E9CD8A
:10FF8000F970EBC5FD70E9B70971C9D10A71B8BA4A
:10FF90001071C9EC1371CAEC1571C0BB1671CBECB2
:10FFA0001871E2EC1971BAB11A71D9B72671B9BDDD
:10FFB0002F71CCEC3071E6D13171CDEC3671BBC80C
:10FFC0004571D1EC4A71D3EC4C71CDBB4E71E5BC9F
:10FFD0005C71CFEC5E71B7C96471BAC36671E3EC52
:10FFE0006771D5D56871D0EC6E71F3D67271D2ECB1
:10FFF0007371CEEC7871D4EC7A71D5EC7D71BFC998
:020000040802F0
:100000008471A8CF8A71DCD08F71ACD19471DBC8B8
:100010009871D6EC9971F5CE9F71ECCAA071DAECAB
:10002000A871D9ECAC71BEB0B371D7ECB571D8EC96
:10003000B971E4ECC371BCC8CE71C7C1D471DCEC3A
:10004000D571E0D1E071DBECE571EFD4E771DDEC67
:10005000EE71C6DBF971DEEC0672ACB11D72DFEC3D
:100060002872E0EC2A72A6D72C72C0C53072BCEBA5
:100070003172AEB03572F4BE3672B8B83772AFD2E4
:100080003872D6B03972F9B53B72B3D83D72ACCB89
:100090003F72DDE34772ACC64872E6B04C72C6C52B
:1000A0004D72B9EB5272BAEB5672BBEB5972C0D1BA
:1000B0005B72A3C55D72F2EA5F72B2C46172B5C4CD
:1000C0006272CEC06672F3EA6772C1C46972EFCE23
:1000D0006E72F0EA6F72F4EA7272FCC97572A3C7AD
:1000E0007972D8CC7A72FECE7E72F5EA7F72F6EA29
:1000F0008072ACCF8172E7C08472F7EA8A72BFB6B1
:100100008B72F8EA8D72F9EA8F72FAEA9272FBEA60
:100110009F72F1EAAC72AEC8AD72EBE1AF72B8B7E4
:10012000B072ECE1B472EDE1B672B4D7B772EEE141
:10013000B872EFE1B972CCD3C172F1E1C272F1BF12
:10014000C372F0E1C472D2B5C872B7B1CD72F3E137
:10015000CE72F2E1D072FCBAD272F4E1D772B7B9C2
:10016000D972D1BEDE72FCC4E072DDBAE172C6BDE6
:10017000E872F5E1E972F7E1EC72C0B6ED72C1CF59
:10018000EE72A8CAEF72F6E1F072F8D5F172FCD304
:10019000F272F8E1F372FCE1F472F9E1F772FAE15C
:1001A000F872EAC0FA72FEE1FB72A1E2FC72C7C00B
:1001B0000173FBE10373FDE10A73A5E20E73D4C181
:1001C0001373A3E21573A8E21673FEB21773A2E2CB
:1001D0001B73CDC31C73C2B21D73A7E21E73A6E2CC
:1001E0002173A4E22273A9E22573ABE22973C9D07B
:1001F0002A73EDD62B73A8C32C73ACE22E73D7CF22
:100200003173AEE23473EFBA3773E0E93873ADE2BD
:100210003973AAE23E73ABBB3F73B3D44D73B0E204
:100220005073AFE25273E1E95773B1E26073B2E227
:100230006C73B3E26D73A1CC6F73B4E27E73B5E2FD
:100240008473FED08773CAC28973F1D38B73F5CDE3
:100250008E73E0E79173E1E79673C1BE9B73EAC2C8
:100260009F73E4E7A273E3E7A973E6CDAB73B5C36D
:10027000AE73E2E7AF73B7BBB073D6CFB273E1C171
:10028000B373E9E7B773E8E7BA73F4E7BB73A3B2F4
:10029000C073EAE7C273E6E7C873ECE7C973EBE73C
:1002A000CA73BAC9CD73E4D5CF73E5E7D073A9B7E4
:1002B000D173E7E7D973EEE7DE73F3E7E073E9D6CE
:1002C000E573EDE7E773F2E7E973F1E7ED73E0B0AB
:1002D000F273F5E70374F2C70574C5C00674EDC088
:1002E0000974F0C10A74F0E70F74F6E71074F6CBE6
:1002F0001A74A2E81B74A1E82274C1D72574FAE726
:100300002674F9E72874FBE72A74F7E72C74FEE7F4
:100310002E74FDE73074FCE73374D5C13474D9C74B
:100320003574FDC53674C3C53C74EDC74174A3E88C
:100330005574A6E85774A5E85974A7E85A74F7BA33
:100340005B74F8E75C74A4E85E74F0C85F74AAC9D3
:100350006D74A9E87074E5B97674FED17774A8E875
:100360007E74AAE88074ADE88174AEE88374A7C196
:100370008774AFE88B74B0E88E74ACE89074B4E81E
:100380009C74ABE89E74B1E8A774B5E8A874B2E8B1
:10039000A974B3E8BA74B7E8D274B6E8DC74CFB91C
:1003A000DE74ACF0E074ADF0E274B0C6E374EAB0B1
:1003B000E474BFC8E674DFCDEE74CDCEEF74B1EA5D
:1003C000F474B2EAF674BFC6F774C9B4FF74B3EA42
:1003D0000475E7D50D75F9DD0F75B4EA1175B5EA49
:1003E0001375B6EA1875CAB81975B0DF1A75F5C96C
:1003F0001C75F0CC1F75FAC92575FBC92875C3D3C8
:100400002975A6CB2B75A6B82C75AEF02D75C2B18B
:100410002F75B8E53075EFCC3175C9D33275D7BCBF
:100420003375EAC93575E7B53775D0C43875E9B5A0
:100430003A75AEEE3B75ADBB3E75DEE74075AFEE8F
:100440004575A9B34875B2EE4B75B1EE4C75E7BD75
:100450004E75B0EE4F75B7CE5475CFC55975F4C112
:100460005A75CEDB5B75B3EE5C75F3D06575D4C29F
:100470006675E8C66A75ACB77275B4EE7475EBB3A1
:100480007875FBBB7975B5EE7F75DCE78375B6EEE5
:100490008675AEBD8B75E2F18F75E8CA9175C9D2CC
:1004A0009275DAF09475DBF09675DCF09775C6C13D
:1004B0009975EDB89A75CEBE9D75DEF09F75B1C584
:1004C000A075DDF0A175F1D1A375E0F0A475CCB0F5
:1004D000A575EABDAB75DFD2AC75DFF0AE75AFB414
:1004E000AF75E8B7B075E6F0B175E5F0B275A3C6C3
:1004F000B375E1F0B475E2F0B575C3B4B875E3F067
:10050000B975EED5BC75DBCCBD75D2BEBE75B2BCBF
:10051000C275E8F0C375E7F0C475E4F0C575A1B223
:10052000C775A2D6C875B8D3C975B7BECA75ACC8E9
:10053000CD75EAF0D275F7D1D475CCD6D575DBBAC6
:10054000D675E9F0D875BBB6DB75B4CDDE75A6C639
:10055000E275A1C1E375EBF0E475EEF0E675EDF040
:10056000E775F0F0E875ECF0EA75BEBBEB75EFF0FF
:10057000F075B5CCF175F2F0F475D5B3F975D4B169
:10058000FC75F3F0FF75F4F00076F6F00176E1B457
:100590000376F1F00576F7F00A76FAF00C76F8F0CB
:1005A0001076F5F01576FDF01776F9F01876FCF078
:1005B0001976FEF01B76A1F11F76C1CE2076A4F14C
:1005C0002276A3F12476F6C12576FBF02676DDCAE5
:1005D0002976F1B42A76F1B12B76B1CC2D76A6F13D
:1005E0003076A7F13376ACF13476CED53576A9F1F5
:1005F0003876B3C83C76A2F13E76ABF13F76A8F1EF
:100600004076A5F14376AAF14C76A9B04D76ADF1CE
:100610005476AFF15676B1F15C76B0F15E76AEF11C
:100620006376A2D16B76B2F16F76B3F17876EFB9DB
:100630007B76C7B57D76D7B07E76D9B08276EDD49D
:100640008476C4B58676D4BD8776CABB8876A7F093
:100650008B76DEB88E76A8F09176A8B09376A9F066
:100660009676EECD9976AAF0A476ABF0AE76A4C6D7
:10067000B176E5D6B276E4F1B476E5F1BF76F3C3B0
:10068000C276DBD3C576D1D6C676E8C5C876AFD3F9
:10069000CA76E6D2CD76C1EECE76BBB0CF76B5D5F2
:1006A000D076CED1D176E0BCD276D0BAD476F8BFAF
:1006B000D676C7B8D776C1B5D876CCC5DB76A2CA10
:1006C000DF76CBC3E576C2EEEE76BFC4EF76A2B698
:1006D000F176ECEDF276A4C3F476B1D6F876E0CFFD
:1006E000F976EFEDFC76CEC5FE76DCB60177A1CAD1
:1006F0000477EDED0777F0ED0877F1ED0977BCC3EE
:100700000B77B4BF0D77EEED1977F4ED1A77F2EDB4
:100710001F77E6D52077DFC32277F3ED2677F6ED56
:100720002877A3D52977A3D12D77F5ED2F77D0C3DF
:100730003577F7ED3677F4BF3777ECBE3877F8EDDD
:100740003A77F7CC3C77DBD14077C5D74177F6D500
:100750004377FCED4777FBED5077F9ED5177FAEDF4
:100760005A77FDED5B77A6BE6177AFCB6277A1EEDE
:100770006377BDB66577A2EE6677C0C46877FEED95
:100780006B77DEBD6C77C7B27977C3B67D77A5EEA0
:100790007E77BAD87F77A3EE8077A6EE8477E9C319
:1007A0008577F2B38C77A7EE8D77A4EE8E77B9CFED
:1007B0009177A8EE9277F7C29F77A9EEA077AAEE7D
:1007C000A277ABDEA577B3C6A777C6C7A977F5D65C
:1007D000AA77C9B5AC77B2CBB077ABEEB377ABCD78
:1007E000B577ACEEBB77B0D5BD77ADEEBF77C4F6CD
:1007F000CD77C7DBD777A3B4DB77ACC3DC77E6F183
:10080000E277B8CAE377D3D2E577AAD6E777F2EFF3
:10081000E977D8BEEB77C3BDEC77F3EFED77CCB6D5
:10082000EE77ABB0F377AFCAF677B6EDF877B7ED02
:10083000FD77F9CEFE77AFB7FF77F3BF0078B8ED5D
:100840000178EBC20278B0C90978B9ED0C78F6C628
:100850000D78B3BF1178BCED1278F8C51478D0D1FB
:100860001678A9D71778BAED1878BBED1A78E2D1C7
:100870001C78BFED1D78C0ED1F78C4ED2378C8ED5E
:100880002578C6ED2678CEED2778E8D52978C9ED0C
:100890002C78C7ED2D78BEED3078E9C53478C6C622
:1008A0003778E9C93878D2D43978C1ED3A78C2EDD1
:1008B0003B78C3ED3C78C5ED3E78F9C04078A1B4F3
:1008C0004578E8B94778D0ED4C78D1ED4E78CAED4F
:1008D0005078CFED5278F8CE5578B6CB5678CCED2F
:1008E0005778CDED5D78F5CF6A78D2ED6B78F2C1AF
:1008F0006C78B2D36D78CBED6E78B7C87778EFBCF3
:100900007C78F0C58778D6ED8978EFB58C78B5C25C
:100910008D78ADB08E78E9CB9178AEB19378D4ED87
:100920009778EBCD9878E2B59A78D5ED9B78D3EDB2
:100930009C78D7ED9F78FAB5A178D8EDA378D9ED5A
:10094000A578DCEDA778CCB1B078F6C5B178EEBC6F
:10095000B278DAEDB378BCCCB478EAB2B978DBED32
:10096000BE78EBC4C178C5B4C578F5B0C978DFED01
:10097000CA78DAC0CB78E8B4D078CDC5D478DDEDCC
:10098000D578C4BFD978DEEDE878A5C4EC78E0ED81
:10099000F278E1EDF478E3EDF778D7C1FA78C7BBE8
:1009A0000179B8BD0579E2ED1379E4ED1E79E6ED44
:1009B0002479E5ED3479E7ED3A79BECA3B79EAEC82
:1009C0003C79F1C03E79E7C94079EBEC4179EEC65C
:1009D0004679ECEC4879EDC64979EDEC5379F0ECC9
:1009E0005679E6D75779F3EC5A79F1EC5B79EEEC6E
:1009F0005C79EFEC5D79A3D75E79F1C95F79EECBD5
:100A00006079F4EC6279F2EC6579E9CF6779F6EC1C
:100A10006879B1C66D79C0BC6F79F5EC7779BBB5F3
:100A20007879F6BB7A79F7EC8079F7D98179FBBDD3
:100A30008479BBC28579F8EC8A79F9EC8F79A3B80F
:100A40009A79FAECA779FBECB379FCECB979EDD3A0
:100A5000BA79AED8BB79EBC0BD79DDC7BE79CCBA67
:100A6000C079E3D0C179BDCBC379BACDC679D1B84D
:100A7000C979FCB1CB79EFC7CD79D6D6D179C6BFCC
:100A8000D279EBC3D579F5EFD879D8C3DF79E2D73E
:100A9000E379F7EFE479D3B3E679D8C7E779EDD115
:100AA000E979C8D6EB79F8EFED79F6EFEF79FDBB90
:100AB000F079C6B3F879D5BDFB79C6D2FD79E0BB34
:100AC000007AA1CF027AFCEF037AFBEF067AF9EF06
:100AD0000B7ACCB30D7AD4C90E7AB0CB147AFEEF70
:100AE000177ADEB01A7AC9D61E7AFDEF207AEDB3F6
:100AF000237AD5F6337AC8CE377AA2F0397AA1F0C4
:100B00003B7ABEB53C7ADABC3D7AFCBB3F7AE5B8AD
:100B1000467AC2C4517AA3F0577AEBCB707AA6F02A
:100B2000747AA8D1767ABFBE777AEEC7787AB6F1B2
:100B3000797AB7F17A7AD5BF7F7AA9B4807AB8F199
:100B4000817ABBCD837AD4C7847AADD5867AB9F160
:100B5000887ABAF18D7ACFC7917AA4D2927ACFD619
:100B6000957ABBF1967AD1BD977AB0B4987ABDBE2A
:100B70009C7ADCB49D7AD1CE9F7ADFBFA07ABDF19A
:100B8000A57AFABFA67ABCF1A87ABFF1AC7ABEF119
:100B9000AD7AC0F1B37AC1F1BF7AFEC1CB7AA2C1FE
:100BA000D67AFACAD97ABED5DE7ABABEDF7AB9BEAB
:100BB000E07AC2D5E37AA2BFE57AAFCDE67AB5F1A5
:100BC000ED7ADFBDEF7ACBB6F97AF1D6FA7AC3F3D4
:100BD000FD7AC4F3FF7ACDB8037BC6F3047BC7F379
:100BE000067BCAB0087BC5F30A7BC9F30B7BF1CB4C
:100BF0000F7BCBF3117BA6D0147BCAB1157BC8F356
:100C0000197BCFF31B7BD1B51E7BD7F3207BD2F3AF
:100C1000247BD4F3257BD3F3267BFBB7287BBFB1A2
:100C20002A7BCEF32B7BCAF32C7BDAB52E7BD0F359
:100C3000317BD1F3337BD5F3387BCDF33A7BE3BC07
:100C40003C7BFDC13E7BD6F3457BDAF3477BCCF39F
:100C5000497BC8B54B7BEEBD4C7BDCF34F7BA4B727
:100C6000507BF0BF517BFED6527BB2CD547BF0B4AB
:100C7000567BDFB2587BD8F35A7BD9F35B7BB8C97C
:100C80005D7BDDF3607BDEF3627BE1F36E7BDFF3A4
:100C9000717BE3F3727BE2F3757BDBF3777BEABF77
:100CA000797BEFB37B7BE0F37E7BA9C7807BF2BCD3
:100CB000857BEBF38D7BBFB9907BE4F3947BADB286
:100CC000957BFEBB977BE3CB9C7BEDF39D7BE9F3B0
:100CD000A17BDCB9A27BEEF3A67BE5F3A77BE6F371
:100CE000A87BEAF3A97BE1C2AA7BECF3AB7BEFF331
:100CF000AC7BE8F3AD7BFDBCB17BE4CFB47BF0F320
:100D0000B87BE7F3C17BF2F3C67BADD7C77BAAC63E
:100D1000CC7BF3F3D17BF1F3D37BA8C2D97BDDB8D5
:100D2000DA7BF5F3DD7BF4F3E17BDBB4E57BF6F313
:100D3000E67BF7F3EA7BF8F3EE7BBAC0F17BE9C020
:100D4000F77BF1C5FC7BFBF3FE7BFAF3077CD8B4A1
:100D50000B7CFEF30C7CF9F30F7CFCF3167CFDF3AB
:100D60001F7CA1F4267CA3F4277CC9BB2A7CA2F4B7
:100D7000387CA4F43F7CBEB2407CA6F4417CA5F450
:100D80004D7CAEBC737CD7C3747CE1D97B7CE0C066
:100D90007C7CCCF47D7CD1D7897CDBB7917CCEF494
:100DA000927CA3C1957CC9C6977CD6B4987CB3D5F8
:100DB0009C7CD0F49D7CCFF49E7CD1F49F7CDACBDC
:100DC000A27CD2F4A47CC1D4A57CE0D6AA7CE0B7F6
:100DD000AE7CB8C1B17CBBC1B27CD3F4B37CACBE39
:100DE000B97CE2B4BC7CD4F4BD7CD5F4BE7CABBE93
:100DF000C17CD6F4C57CDBF4C77CD7F4C87CDAF4BC
:100E0000CA7CFDBACC7CD8F4CD7CD9F4D57CE2B8D0
:100E1000D67CC7CCD77CDCF4D97CDAB2DC7CD3C3FB
:100E2000DF7CE3D4E07CB7BFE87CDDF4EF7CB4C5C5
:100E3000F87CE9F4FB7CB5CF0A7DC9CE207DD8CB08
:100E4000227DF7CB277DF4BD2B7DCFD72F7DDBC057
:100E50006E7DF5D0777DEAF4A67DEBF4AE7DECF403
:100E60003B7EE3F7417EB1B7477EEDF4827EEBD760
:100E70009B7EEEF49F7EF9E6A07EC0BEA17EFAE6E0
:100E8000A27EECBAA37EFBE6A47ECBCFA57EFCE6D9
:100E9000A67EBCD4A77EB6BCA87EFDE6A97EFEE6F3
:100EA000AA7ECDBCAB7ED2C8AC7EB3CEAD7EA1E770
:100EB000AF7EBFB4B07EA2E7B17EB4C9B27ED9B86E
:100EC000B37EC9C4B57EDDD7B67EDAC2B77ED7B7EA
:100ED000B87EBDD6B97EC6CEBA7EC4B7BD7EA6C525
:100EE000BE7EA3E7BF7EDFCFC07EA4E7C17EA5E7BD
:100EF000C27EA6E7C37EB7C1C47EE9D7C57EF0C96E
:100F0000C67EB8CFC77EAFD6C87ED5D6C97EA7E786
:100F1000CA7EEDB0CB7EA8E7CC7EA9E7CD7EDCC94A
:100F2000CE7EEFD2CF7EADBED07EAAE7D17EF3B02B
:100F3000D27EDEC8D37EE1BDD47EABE7D57EC6C807
:100F4000D77EACE7D87EE6BBD97EF8B8DA7EA4D1EE
:100F5000DB7EADE7DC7EE7C2DD7EF8BEDE7ECABDAD
:100F6000DF7EB3CDE07EAEE7E17EAFE7E27EEEBEB0
:100F7000E37EE5D0E57EE7CBE67ED0CCE77ECCBC59
:100F8000E87EB0E7E97EA8BCEA7EF7D0EB7EB1E769
:100F9000ED7EF8D0EE7EB2E7EF7EB3E7F07EC2B42E
:100FA000F17EB4E7F27EB5E7F37EFEC9F47EACCE07
:100FB000F57EE0C3F67EB7E7F77EC1B1F87EF1B308
:100FC000FA7EB8E7FB7EB9E7FC7EDBD7FD7EC0D5B5
:100FD000FE7EBAE7FF7ECCC2007FBAD7017FBBE7B7
:100FE000027FBCE7037FBDE7047FEABC057FE5C362
:100FF000067FC2C0077FBEE7087FBFE7097FA9BCA5
:101000000B7FC0E70C7FC1E70D7FB6E70E7FD0B640
:101010000F7FC2E7117FC3E7127FC4E7137FBABB1C
:10102000147FDEB5157FC6C2167FE0B1177FC5E716
:10103000187FB5D4197FC6E71A7FBFB81B7FC8E7F2
:101040001C7FC7E71D7FECB71F7FC9E7207FF8B281
:10105000217FCAE7227FCBE7237FCCE7247FCDE740
:10106000257FCEE7267FCFE7277FD0E7287FA7D34E
:10107000297FF5CB2A7FD1E72B7FD2E72C7FD3E7DF
:101080002D7FD4E72E7FC9C92F7FD5E7307FD6E7E4
:10109000317FD7E7327FD8E7337FD9E7347FC9BDC7
:1010A000357FDAE7367FBEF3387FD7B83A7FB1C8ED
:1010B000427FBFF3447FC0F3457FC1F3507FDEB969
:1010C000517FF8CD547FE8D8557FB1BA577FDEC243
:1010D000587FB7EE5A7FA3B75F7FB9EE617FB8EE56
:1010E000627FD5B0687FBBEE697FD6D56A7FEFD7C8
:1010F0006E7FC3D6717FBDEE727FF0CA747FBCEE87
:10110000797FBEEE7E7FC0EE817FBFEE8A7FF2D117
:101110008C7FBCC78E7FC0C3947FE1B89A7FE7C144
:101120009D7FC6F49E7FDFD09F7FC7F4A17FDBCF7A
:10113000A47FBAC8A77FC8F4AF7FC9F4B07FCAF450
:10114000B27FCBF4B87FFAD9B97FFEB8BC7FF1E5A6
:10115000BD7FF0D3BF7FE0F4C17FCCCEC57FE1B3CC
:10116000CA7FB4F1CC7FEED2CE7FE1F4D47FE8CF5A
:10117000D57FE2F4D87FCCC7DF7FD4B5E07FE4B47D
:10118000E17FE4F4E57FE3F4E67FE5F4E97FE6F46C
:10119000EE7FE7F4F07FB2BAF17FBFB0F37FE8F4FF
:1011A000FB7FADB7FC7FEDD20080ABD20180CFC01A
:1011B0000380BCBF0480A3EB0580DFD50680C8EAAE
:1011C0000B80F3F10C80F8B60D80A3CB1080CDC45A
:1011D0001280E7F11480E8F11580FBB81680E9F180
:1011E0001780C4BA1880C5D41980D2B01C80EAF127
:1011F0002080EBF12280ECF12580EDF12680EEF1EC
:101200002780EFF12880F1F12980F0F12A80D5C5FF
:101210003180F2F13380FAB63580F4F13680AED207
:101220003780C7DE3880CACB3B80DCB33D80A2B5B7
:101230003F80A2B94280F4C44380F5F14680F6F1C4
:101240004A80C4C14B80FBC14C80B0D64D80F7F1C1
:101250005280F8F15480AAC15880B8C65A80DBBECB
:101260006980F9F16A80CFB47180FAF17F80B2EDC4
:101270008080B1ED8380E0CB8480DED28680C1CBDC
:101280008780D8D58980E2C88B80DFC08C80A1BCE4
:101290009380C1EB9680A4D09880E2D69A80C7B69E
:1012A0009B80D8B89C80C0EB9D80CEB89F80BFEB60
:1012B000A080A6B3A180C9B9A280ABD6A480F4B7A0
:1012C000A580CAB7A980E7BCAA80BEB7AB80C6EB31
:1012D000AD80C7EBAE80B9B0AF80CFBFB180C5EBFA
:1012E000B280FDD3B480C8EBB780C9EBBA80CEB76B
:1012F000BC80C2EBBD80C4EBBE80F6C9BF80D7D630
:10130000C080CDD5C180B2D0C280CFEBC380B8CE73
:10131000C480D0EBC680A8B5CC80B3B1CD80D2EB71
:10132000CE80A5CCD680D6C5D780D3EBD980D1EBE3
:10133000DA80DFC5DB80CEEBDC80A4CADD80D5EBB4
:10134000DE80FBB0E180FABAE480B7D8E580E3F153
:10135000E780CAEBE880CBEBE980CCEBEA80CDEB11
:10136000EB80D6EBEC80C0E6ED80D9EBEF80E8BFF8
:10137000F080C8D2F180D7EBF280DCEBF380ECB8E0
:10138000F480D8EBF680BABDF880D8D0FA80B7B038
:10139000FC80DDEBFD80DCC40281ACD60681E0B4CC
:1013A0000981F6C20A81B9BC0D81DAEB0E81DBEB53
:1013B0000F81E0D41081EAC61181D4C41281DFEB21
:1013C0001381A7C51481F5D91681B1B21881E4EB58
:1013D0001A81C5BD1E81E2EB2C81E3EB2F81ACB8F5
:1013E0003181D1CD3281E5EB3681E1EB3881B3C17A
:1013F0003E81A2C64681F3CC4881E6EB4A81B0C06B
:101400004B81B8D24C81E7EB5081AFB85181ADB878
:101410005381E8EB5481BBC75581F3CD5981EAEB89
:101420005A81EBEB6081EDEB6581C8D06781F2EB0F
:101430006981EEEB6D81F1EB6E81F9C87081FCD1B1
:101440007181ECEB7481E9EB7981B9B87A81D9CFFC
:101450007B81E5C47C81EFEB7D81F0EB7E81DACC92
:101460007F81C8CD8081F2B08281F6EB8881F5EB77
:101470008A81B2B28F81E0B89181F7EB9881ECB1AB
:101480009B81C5CC9C81A4C49D81A5CFA381F9EB90
:10149000A681A2ECA881F2C5AA81FAEBB381C5C9E5
:1014A000BA81DFE2BB81FEEBC081CECDC181A1EC70
:1014B000C281DBB1C381B7D3C681DCD2CA81FDEB67
:1014C000CC81FBEBE381BCB3E781B0EAEA81D4D7FE
:1014D000EC81ABF4ED81F4B3F381C1D6F481C2D6D3
:1014E000FB81E9D5FC81CABEFE81A7F40082A8D2A7
:1014F0000182A8F40282A9F40482AAF40582CBBE78
:101500000682DFD30C82E0C90D82E1C91082C2F3EA
:101510001282E6CA1482F2CC1B82B6E21C82B4CBE1
:101520001E82E8CE1F82DBD62182ADF42282AEF489
:101530002382AFF42882B2F42A82BDBA2B82B3F49C
:101540002C82E3B02D82B0F42F82B1F43082A2BDA0
:101550003182D5B23382B6F43482B7F43582E6B63E
:101560003682B0B23782CFCF3882B4F43982ACB48D
:101570003B82B5F43E82B8F44482B9F44782A7CDE9
:101580004982BAF44B82BBF44F82BCF45882D2CB6E
:101590005A82BDF45F82BEF46882BFF46E82DEF4CC
:1015A0006F82BCC17082E8BC7282ABC97382DED12B
:1015B0007482F5E57982B3DC7A82D5D27D82B4DC9F
:1015C0007E82ACB07F82B5DC8282DABD8482B9DCF7
:1015D0008882C2D88A82B7DC8B82F3D38D82D6C947
:1015E0008E82BADC8F82B6DC9182BBDC9282A2C38F
:1015F0009782BCDC9882C5DC9982BDDC9C82DFCE00
:101600009D82A5D69F82CFDCA182CDDCA482D2DCD4
:10161000A582E6BDA682ABC2A882B8DCA982CBDCDB
:10162000AA82CEDCAB82BEDCAC82D2B7AD82C5B0C2
:10163000AE82C7DCAF82BED0B082C1DCB182A8BBB3
:10164000B382BCB7B482CCDCB782C6DCB882BFDC64
:10165000B982DBC7BD82BFD1BE82C0DCC182CADC19
:10166000C482D0DCC782ADCEC882C2DCCA82C3DCF1
:10167000CB82C8DCCC82C9DCCD82D4B2CE82D1DCB4
:10168000CF82D5CBD182B7D4D282DBDCD382DFDC70
:10169000D482A6CCD582E6DCD782E7C3D882DCDC54
:1016A000DB82C1BFDC82D9DCDE82FAB0DF82B6B970
:1016B000E082E5DCE182D3DCE382C4DCE482D6DCD8
:1016C000E582F4C8E682E0BFEB82BBC9EF82BDB120
:1016D000F182A2D3F482DADCF782D5DCF982BBC6D0
:1016E000FB82DEDC0183C2D70283AFC30383B6B7BC
:1016F0000483D1C70583A9C30683E2DC0783D8DC52
:101700000883EBDC0983D4DC0C83DDDC0E83A5BE0F
:101710000F83D7DC1183E0DC1483E3DC1583E4DC86
:101720001783F8DC1A83E1DC1B83A2DD1C83E7DC72
:101730002783EBBC2883C4B42B83A3C32C83E7B2D9
:101740002D83FADC2F83F2DC3183EFDC3383FCDC86
:101750003483EEDC3583F0D23683E8B23883D7C8E1
:101760003983E3C83A83FBDC3C83EDDC4083F7DC60
:101770004383F5DC4683A3BE4783F4DC4983DDB2B3
:101780004F83F3DC5083F6BC5183E8DC5283C4BB47
:101790005483F3C05A83D4BC5B83E9DC5C83EADC0A
:1017A0005E83F1DC5F83F6DC6083F9DC6183B4B5D2
:1017B0006383D9C86483E7BB6583FEDC6683FDDC95
:1017C0006783ABD36883A1DD6983A3DD6A83A5DD6D
:1017D0006B83F1D26C83A4DD6D83A6DD6E83A7DD00
:1017E0006F83A9D27783C9BA7883A9DD7B83B6DDFD
:1017F0007C83B1DD7D83B4DD8583B0DD8683CEC699
:101800008983F2C08E83AFC99283ECDC9383AEDD13
:101810009883B7DD9B83F0DC9C83AFDD9E83B8DDCE
:10182000A083ACDDA883B9DDA983B3DDAA83ADDDD8
:10183000AB83AAC4B083A8DDB183B3C0B283ABC10C
:10184000B383AADDB483ABDDB683B2DDB783F1BB6E
:10185000B883B5DDB983A8D3BA83BADDBC83BBDD59
:10186000BD83A7C3C083D2DDC183BCDDC583D1DD09
:10187000C783BDB9CA83D5BECC83FABECF83CABAEB
:10188000D483CADDD683C5DDD883BFDDDC83CBB28C
:10189000DD83C3DDDF83CBDDE083A4B2E183D5DD6F
:1018A000E583BEDDE983D0C6EA83D0DDF083D4DDF5
:1018B000F183E2C1F283C6B7F883CEDDF983CFDDD1
:1018C000FD83C4DD0184BDDD0384CDDD0484D1CC82
:1018D0000684C9DD0B84C2DD0C84C8C30D84BCC67C
:1018E0000E84AECE0F84CCDD1184C8DD1884C1DD3A
:1018F0001C84C6DD1D84DCC22484A9D32584AAD31C
:101900002684D3DD2784F4CF2884F8C83184E6DD2B
:101910003884C7DD3C84E0DD3D84E4C24684E1DDFB
:101920005184D7DD5784F8D65984D9DD5A84D8DD5F
:101930005B84F0B85C84D6DD6184CFC66384ADB6C9
:101940006984E2DD6B84F9BA6C84E1D46D84E7DDEF
:101950007184D0B47384DADD7584FBBF7684E3DDF3
:101960007884DFDD7A84DDDD8284D9B58784DBDDB0
:101970008884DCDD8984DEDD8B84AFBD8C84E4DD8E
:101980008E84E5DD9784F5DD9984C9C39C84E2CB20
:10199000A184F2DDAF84E1D8B284D1C6B484F4DD91
:1019A000B884F4D5B984F3DDBA84F0DDBD84ECDD10
:1019B000BF84EFDDC184E8DDC484EED0C984D8C81B
:1019C000CA84EEDDCD84E9DDD084EADDD184F2CBBA
:1019D000D384EDDDD684CDB1DD84B6C0DF84BBBC5D
:1019E000E084F1DDE384F7DDE584F6DDE684EBDD1C
:1019F000EC84EEC5F084FBDDFC84A4DEFF84A3DE72
:101A00000C85F8DD1185EFC31385FBC21785E1D581
:101A10001A85B5CE1F85FDDD2185CCB22B85E8C4A6
:101A20002C85DFCA3785BEC73885FADD3985FCDDF0
:101A30003A85FEDD3B85A2DE3C85AAB03D85CEB170
:101A40004385ACDE4885A6DE4985B6BD4A85EFC82C
:101A50005685A1DE5985A5DE5E85A9DE6485A8DEF2
:101A60006885A7DE7285ADDE7485CCD47985B3DE5A
:101A70007A85AADE7B85AEDE7E85D9C08485A1B15C
:101A80008585B6DE8785B1DE8F85B2DE9B85A6D1E2
:101A90009C85B5DEA485AFDEA885B0DEAA85BDD065
:101AA000AE85B4DEAF85EDCAB085B9DEB785B8DEE8
:101AB000B985B7DEC185BBDEC985E5BDCF85D8B2A6
:101AC000D085EAC3D385BADED585BAC5DC85BCDE50
:101AD000E485D9CCE985AAB7FB85E5D4FF85BDDED1
:101AE0000586BFDE1186A2C41686C1DE2786BEDE4D
:101AF0002986C0DE3886BAD53C86C2DE4D86AEF277
:101B00004E86A2BB4F86B2C25086B0C55186C7C2B0
:101B10005486AFF25A86E9D05E86DDD36286BDEB8D
:101B20006B86E6B36C86B0F26E86B1F27186ADCA92
:101B30007986E7BA7A86B3F27B86B5F27C86B4F210
:101B40007D86E4CB7E86BACF7F86B2F28086B4CA29
:101B50008186CFD28286ECC28A86C3CE8B86B8F2CB
:101B60008C86F6B08D86B7F29386BEF29586CFB29C
:101B70009C86C1D19D86BAF2A386BCF2A486E9D424
:101B8000A786BBF2A886B6F2A986BFF2AA86BDF2E6
:101B9000AC86B9F2AF86C7F2B086C4F2B186C6F29F
:101BA000B486CAF2B586C2F2B686C0F2BA86C5F26B
:101BB000C086FBD6C486C1F2C686F9C7C786DFC910
:101BC000C986C8F2CA86C6B9CB86B0B5CE86C3F27E
:101BD000CF86C9F2D086D0F2D186D6F2D486D7BBD2
:101BE000D886D5F2D986DCCDDB86EBD6DE86D2F27E
:101BF000DF86D4F2E486F2B8E986CBF2ED86CEF247
:101C0000EE86F9C2F086DDD5F186CCF2F286CDF211
:101C1000F386CFF2F486D3F2F886D9F2F986BCD3F4
:101C2000FE86EAB60087F1CA0287E4B70387D7F2D7
:101C30000787D8F20887DAF20987DDF20A87DBF234
:101C40000D87DCF21287D1D11387D1F21587C9CD68
:101C50001787CFCE1887A9D61A87E3F21C87DBC374
:101C60001E87E0F22187AFC02287ECF22387DEF2E5
:101C70002587E1F22987E8F22E87E2F23187E7F241
:101C80003487E6F23787E9F23B87DFF23E87E4F2FA
:101C90003F87EAF24787ACD34887E5F24987F5B238
:101CA0004C87F2F24E87ABD05387F5F25787C8BB0B
:101CB0005987F9F26087F0F26387F6F26487F8F2E9
:101CC0006587FAF26E87F3F27087F1F27487FBBAD8
:101CD0007687FBB57B87EFF27C87F7F27D87EDF2A5
:101CE0007E87EEF28287EBF28387A6F38587A3F3E4
:101CF0008887A2F38B87F4F28D87DAC89387FBF28B
:101D00009787A5F39F87F8C3A887FDF2AB87A7F352
:101D1000AC87A9F3AD87A4F3AF87FCF2B387ABF32D
:101D2000B587AAF3BA87DDC2BD87AEF3C087B0F32B
:101D3000C687A1F3CA87B1F3CB87ACF3D187AFF3E2
:101D4000D287FEF2D387ADF3DB87B2F3E087B4F33B
:101D5000E587A8F3EA87B3F3EE87B5F3F987B7D041
:101D6000FE87B8F30388F9D90A88B9F31388B7F363
:101D70001588E4C81688B6F31B88BAF32188BBF32C
:101D80002288C0B43288C3EE3988BCF33C88BDF3E6
:101D90004088AAD14488ACF44588C6D04C88D0D0BD
:101DA0004D88DCD15488CECF5788D6BD5988C3D151
:101DB0006188E2BA6288E9E16388C2D26488C2F1CC
:101DC0006588B9B26888EDB16988C3F16B88C0C90C
:101DD0006C88C4B36E88F2D97088A5CB7288C4F1C0
:101DE0007788D4D67D88C5F17E88C0F47F88C6F117
:101DF0008188ACD48288C7F18488C0B08588C1F45A
:101E00008888C2F48B88FCB48D88DBC59288BBCCF3
:101E10009688E4D09C88E0CDA288C8F1A488F3D944
:101E2000AB88BBB1AD88AECFB188A4B8B788CAF1D2
:101E3000BC88CBF1C188C3B2C288D1C1C588B0D734
:101E4000C688C9F1C988CCF1CE88CEF1D288F6D93E
:101E5000D488E1D2D588A3D4D888C3F4D988B9C8A6
:101E6000DF88C4F4E288CDF1E388CFF1E488E3BFF2
:101E7000E588D0F1E888D4F1F088D6F1F188D1F185
:101E8000F388D1C9F488E1C5F888E3C2F988FCB9C0
:101E9000FC88D3F1FE88D5F10289D3B90A89DBF138
:101EA0001089D6BA1289FDB01389D9F11989D8F1F0
:101EB0001A89D2F11B89DAF12189D7F12589ECC879
:101EC0002A89CACD2B89DDF13089BDE53489DCF161
:101ED0003689DEF14189DFF14489E5CF5E89C5F4B9
:101EE0005F89F3BD6689E0F17B89E1F17F89F7CEF7
:101EF0008189AAD28389FBF18689B2B8C189FBBCEA
:101F0000C289DBB9C489E6B9C589D9C3C689D3CA30
:101F1000C789E8EAC889C0C0C989F5BECA89E9EAA3
:101F2000CB89EAEACC89EBEACE89ECEACF89EDEA03
:101F3000D089EEEAD189EFEAD289C7BDD689FBF50F
:101F4000DA89FDF5DC89FEF5DE89FCF5E389E2BD81
:101F5000E589A1F6E689A5B4EB89A2F6EF89A3F697
:101F6000F389B2EC008AD4D1078AEAD93E8AA4F672
:101F7000488ABAEE798AB2D5898AFED38A8ADCCCBD
:101F8000938AC4CA078BC0E5268BA5F6668BAFBEC5
:101F90006C8BA9C6A08BA5DAA18BC6BCA28BA9B6F7
:101FA000A38BBCB8A48BCFC8A58BA5BCA68BA6DA87
:101FB000A78BA7DAA88BD6CCA98BC3C8AA8BA8DA23
:101FC000AB8BFDC6AD8BB5D1AE8BE9D2AF8BB6D1A5
:101FD000B08BC7BCB28BB2BDB38BE4BBB48BA9DAF8
:101FE000B58BAADAB68BC8D1B78BABDAB88BEDD08C
:101FF000B98BEFB6BA8BDBC2BC8BCFCBBD8BEDB749
:10200000BE8BE8C9BF8BC3B7C08BF7BEC18BA4D64C
:10201000C28BACDAC38BADDAC48BC0C6C58BE7D735
:10202000C68BB6CAC88BA9D5C98BDFCBCA8BEFD5F7
:10203000CB8BAEDACC8BDFD6CD8BCAB4CE8BB0DAFD
:10204000CF8BAFDAD18BEBD2D28BB1DAD38BB2DAC2
:10205000D48BB3DAD58BD4CAD68BB4DAD78BABCAD0
:10206000D88BB5DAD98BB6DADA8BCFB3DB8BEFD678
:10207000DC8BB7DADD8BB0BBDE8BAEB5DF8BB8DACD
:10208000E08BB9DAE18BEEB9E28BAFD1E38BE8D22A
:10209000E48BBADAE58BC3B8E68BEACFE78BEFB215
:1020A000E88BBBDAE98BBCDAEB8BEBBDEC8BDCCEDF
:1020B000ED8BEFD3EE8BBDDAEF8BF3CEF08BBEDA88
:1020C000F18BD5D3F28BE5BBF38BBFDAF48BB5CBB9
:1020D000F58BD0CBF68BC0DAF78BEBC7F88BEED64F
:1020E000F98BC1DAFA8BB5C5FB8BC1B6FC8BC2DAB2
:1020F000FD8BCCB7FE8BCEBFFF8BC3DA008CC4DA6E
:10210000018CADCB028CC5DA038CF7B5048CC6DA32
:10211000058CC2C1068CBBD7078CC7DA088CB8CC3B
:102120000A8CEAD20B8CB1C40C8CC8DA0D8CFDB5CC
:102130000E8CD1BB0F8CC9DA108CB3D0118CCADADB
:10214000128CCBDA138CBDCE148CCCDA158CCDDA94
:10215000168CCEDA178CF7B2188CD1DA198CCFDA4C
:102160001A8CE8D11B8CD0DA1C8CD5C31D8CD2DA2A
:102170001F8CD3DA208CD4DA218CD5DA228CBBD018
:10218000238CA5D2248CF9B0258CD6DA268CABC74B
:10219000278CD7DA288CF7BD298CA1C32A8CD8DAF2
:1021A0002B8CD9DA2C8CFDC32D8CB7CC2E8CDADAA3
:1021B0002F8CDBDA308CBEC0318CD7C6328CDCDAA7
:1021C000338CDDDA348CB4C7358CDEDA368CDFDA6A
:1021D000378CC8B9418CEDBB468CB9B6478CF8F446
:1021E000498CF9F44C8CE3CD558CB9F55A8CE0EB65
:1021F000618CF3CF628CBFBB6A8CC0BA6B8CA5D4E8
:10220000738CD9E1788CF4F5798CAAB17A8CF2B21E
:10221000828CF5F5858CF7F5898CD1BA8A8CF6F528
:102220008C8CB2C3948CF9F5988CF8F51D8DB4B1F3
:102230001E8DEAD51F8DBAB8218DB1B9228DC6B2D7
:10224000238DF0D4248DCDCF258DDCB0268DCBD53C
:10225000278DF5BB288DCAD6298DB7B72A8DB0CC6E
:102260002B8DB6C62C8DE1B12D8DBAB92E8DFCD635
:102270002F8DE1B9308DA1B7318DFABC328DDAEAFC
:10228000338DDBEA348DF9CC358DF3B9368DDCEA4C
:10229000378DFBB4388DB3C3398DD1B73A8DD8BAE9
:1022A0003B8DDDEA3C8DF4D43D8DDEEA3E8DD6BC1F
:1022B0003F8DDFBB408DDFEA418DDEC1428DB8C26C
:1022C000438DDFD4448DCAD7458DE0EA468DE1EADF
:1022D000478DE4EA488DE2EA498DE3EA4A8DDEC99A
:1022E0004B8DB3B84C8DC4B64D8DE5EA4E8DEACA20
:1022F0004F8DCDC9508DCDB4538DD9E2548DE2C5EB
:10230000558DE6EA568DB5C0588DB8D7598DE7EA98
:102310005A8DACD75B8DFCC85C8DD3D85D8DCDD884
:102320005E8DDED4608DF9D4618DC4C9628DAED36B
:10233000638DD3B8648DE0B3668DE2C9678DF6F422
:102340006B8DD5BA6D8DF7F4708DDFD7738DF1F489
:10235000748DB0B8758DD4D5768DCFB8778DF0C625
:10236000818DC3B3848DF2F4858DACB38A8DBDD4D9
:102370008B8DF7C7918DF4F4948DF3F49F8DCBCCB6
:10238000A38DA4C8B18DF5F4B38DE3D7B48DBFC5CB
:10239000B58DC0F5B88DBBF5BA8DC3F5BC8DC2F552
:1023A000BE8DBAD6BF8DC1F5C38DBED4C48DC4F564
:1023B000C68DCCF5CB8DCFB0CC8DF8B5CE8DC9F513
:1023C000CF8DCAF5D18DDCC5D68DC5F5D78DC6F5B7
:1023D000DA8DC7F5DB8DCBF5DD8DE0BEDE8DC8F582
:1023E000DF8DFAB8E38DD0F5E48DD3F5E88DE7BF46
:1023F000EA8DF2B9EB8DBCF5EC8DCDF5EF8DB7C262
:10240000F38DF8CCF58DF9BCF78DCEF5F88DCFF5C1
:10241000F98DD1F5FA8DE5B6FB8DD2F5FD8DD5F5AB
:10242000058EBDF5098ED4F50A8EBBD30C8EECB3A8
:102430000F8EA4CC148ED6F51D8ED7F51E8EE1BE60
:102440001F8ED8F5228EDFCC238EDBF5298EC8B205
:102450002A8ED9D72C8ED9F52E8EDAF52F8EDCF573
:10246000318EE2F5358EE0F5398EDFF53A8EDDF509
:102470003D8EE1F5408EDEF5418EE4F5428EE5F5C8
:10248000448EE3CC478EBFE5488EB8B5498EE3F560
:102490004A8EE8F54B8EA3CC518EE6F5528EE7F5C9
:1024A000598EBEF5668EC4B1698EBFF56C8EC5B50A
:1024B0006D8EE4B26F8EECF5708EE9F5728ED7B644
:1024C000748EEDF5768EEAF57C8EEBF57F8EDAB4C0
:1024D000818EEAD4858EEEF5878EF9B38F8EEFF577
:1024E000908EF1F5948EF0F59C8EF2F59E8EF3F5BC
:1024F000AB8EEDC9AC8EAAB9AF8EFBC7B28EE3B678
:10250000BA8EC9CCCE8EA6EA668FB5B3678FFED4DD
:10251000688FECB9698FF9D06B8FEDE96C8FAAD712
:102520006D8FEEE96E8FD6C26F8FEDC8708FE4BAF3
:10253000718FEFE9728FF0E9738FF1E9748FE1D653
:10254000758FF2E9768FF3E9778FF5E9788FF4E903
:10255000798FF6E97A8FF7E97B8FE1C77C8FF8E90D
:102560007D8FD8D47E8FF9E97F8FCEBD818FFAE938
:10257000828FFBE9838FCFBD848FFCE9858FA8B85C
:10258000868FBEC1878FFDE9888FB2B1898FD4BB9A
:102590008A8FF5B98B8FFEE98D8FA1EA8E8FA2EA23
:1025A0008F8FA3EA908FF8B7918FADBC938FE4CA59
:1025B000948FCEE0958FAFD4968FBDCF978FB7D540
:1025C000988FA4EA998FDED59A8FA5EA9B8FC1D008
:1025D0009C8FBCB99E8FC7B49F8FD9B1A38FB1C058
:1025E000A88FE6B1A98FE7B1AB8FE8B1B08FBDB3CB
:1025F000B18FE8C8B68FC1E5B98FDFB1BD8FC9C152
:10260000BE8FEFB4C18FA8C7C28FD8D3C48FF9C60D
:10261000C58FB8D1C78FFDB9C88FF5C2CE8FADD3E6
:10262000D08FCBD4D18FFCBDD38FC2E5D48FB5B7BB
:10263000D58FC3E5D88FB9BBD98FE2D5DB8FF8BD75
:10264000DC8FB6D4DD8FA5CEDE8FACC1DF8FD9B3E2
:10265000E28FF6CCE48FC6E5E58FC4E5E68FC8E5EA
:10266000E88FCAE5E98FC7E5EA8FCFB5EB8FC8C61B
:10267000ED8FFCB5EE8FC5E5F08FF6CAF38FC9E597
:10268000F78FD4C3F88FC5B1F98FA3BCFD8FB7D72F
:102690000090CBCD0190CDCB0290CACA0390D3CC91
:1026A0000490CCE50590CBE50690E6C40990A1D155
:1026B0000A90B7D10B90CDE50D90D0E50F90B8CD35
:1026C0001090F0D61190CFE51290DDB51490BECDEC
:1026D0001690D1E51790BAB61A90A8CD1B90E4B920
:1026E0001D90C5CA1E90D1B31F90D9CB2090ECD4B9
:1026F0002190D2E52290EAB72690CEE52D90D5E53F
:102700002E90FEB42F90D6E53590D3E53690D4E5E3
:102710003890DDD23B90DFC23C90C6B13E90E2D310
:102720004190DDB64290ECCB4490D7E54790F6D38C
:102730004D90E9B14F90F4B65090DAE55190D8E55C
:102740005290D9E55390C0B55790C5D25890DCE56A
:102750005B90DEE56290DDE56390B2C76590A3D241
:102760006890DBE56D90E2D46E90DAD57490E0E588
:102770007590F1D77D90E1E57F90DCB18090FBD141
:102780008290E2E58390E4E58890E3E58B90E5E5CF
:102790009190D8D29390CBB59590DFE79790F5DAEA
:1027A0009990F8DA9B90F6DA9D90F7DAA190FADA30
:1027B000A290CFD0A390C7C4A690EEB0AA90B0D0FC
:1027C000AC90F9DAAE90CAD3AF90AABAB090A2DBBF
:1027D000B190F1C7B390FCDAB490FBDAB590DBC9E5
:1027E000B690FDDAB890A1DBB990DED7BA90FEDAE8
:1027F000BB90DAC1BE90A5DBC190F4D3C490A7DB37
:10280000C590A4DBC790A8DBCA90BCBDCE90C9C060
:10281000CF90A3DBD090A6DBD190A3D6D390A9DB39
:10282000D790ADDBDB90AEDBDC90ACDBDD90C2BAE9
:10283000E190A4BFE290ABDBE690AADBE790C7D4BF
:10284000E890BFB2EB90AFDBED90F9B9EF90B0DB61
:10285000F490BBB3F890A6B5FD90BCB6FE90B1DB8A
:102860000291F5B60491B2DB1991C9B11E91B4DBA6
:102870002291B3DB2391B5DB2F91B7DB3191B6DB2E
:102880003991B8DB4391B9DB4691BADB4991CFD39B
:102890004A91FAF44B91F5C74C91C3D74D91E4C5D9
:1028A0004E91FCF44F91FDF45091FBF45291C6BE51
:1028B0005791EFD05A91D3B75D91CDD45E91AACC08
:1028C0006191A2F56291A1F56391A8BA6491FEF4B9
:1028D0006591D6CB6991A4F56A91D2C06C91EAB3A7
:1028E0006E91AACD6F91A5F57091A3F57191B4BDCC
:1028F0007291A8F57491A9F57591CDBD7691B8C383
:102900007791E1BF7891E1CB7991AAF57D91A6F518
:102910007E91A7F57F91F0C48591ACF58791BCB409
:102920008991EDD78B91D7B48C91ABF58D91AEF5A4
:102930009091ADF59191AFF59291D1D09A91D1C38B
:102940009B91A9C8A291B0F5A391B1F5AA91B2F556
:10295000AD91B3F5AE91B4F5AF91B5F5B491B7F5CE
:10296000B591B6F5BA91B8F5C791C9B2C991D4D3AA
:10297000CA91CDCACC91EFC0CD91D8D6CE91B0D26C
:10298000CF91BFC1D191F0BDDC91AAB87492F8BCCF
:102990008E92C6F6AE92C7F6C892C8F63E93C9F6B6
:1029A0006A93CAF68F93CCF6CA93CBF6D693E9F71F
:1029B0003E94CDF66B94CEF68594C4EE8694C5EE27
:1029C0008794C6EE8894EBD58994A4B68A94C8EE11
:1029D0008B94C7EE8C94C9EE8D94CAEE8E94A5C7E5
:1029E0008F94CBEE9094CCEE9294B0B79394F6B5CE
:1029F0009494CDEE9594CFEE9794CEEE9994C6B87C
:102A00009A94D0EE9B94D1EE9C94D2EE9D94DBB63A
:102A10009E94AEB39F94D3D6A094C6C4A194B5B1EE
:102A2000A294D6B8A394D3EEA494D4EEA594BFD424
:102A3000A694D5C7A794FBBEA894D9CEA994B3B940
:102A4000AA94D6EEAB94D5EEAC94D8EEAD94D7EE76
:102A5000AE94A5C5AF94D9EEB094DAEEB194AEC7FA
:102A6000B294DBEEB394AFC7B494DCEEB594A7B2E6
:102A7000B694DDEEB794DEEEB894DFEEB994E0EEF6
:102A8000BA94E1EEBB94EAD7BC94E2EEBD94E3EED7
:102A9000BE94D8BCBF94E4EEC094CBD3C194FACC1E
:102AA000C294ACB2C394E5C1C494E5EEC594A6C784
:102AB000C694ADC3C894E6EEC994E7EECA94E8EEB6
:102AC000CB94E9EECC94EAEECD94EBEECE94ECEE22
:102AD000D094EDEED194EEEED294EFEED594F0EEEC
:102AE000D694F1EED794F2EED894F4EED994F3EEB6
:102AF000DB94F5EEDC94ADCDDD94C1C2DE94F6EE50
:102B0000DF94F7EEE094F8EEE194A1D5E294F9EECB
:102B1000E394B3CFE494FAEEE594FBEEE794FCEE95
:102B2000E894FDEEE994A1EFEA94FEEEEB94A2EFB7
:102B3000EC94F5B8ED94FAC3EE94A3EFEF94A4EF00
:102B4000F094C2BDF194BFD2F294F9B2F394A5EF20
:102B5000F494A6EFF594A7EFF694F8D2F794A8EFC3
:102B6000F894FDD6F994A9EFFA94CCC6FC94AAEF98
:102B7000FD94ABEFFE94B4C1FF94ACEF0095FACF97
:102B80000195F8CB0295AEEF0395ADEF0495FAB33E
:102B90000595F8B90695AFEF0795B0EF0895E2D027
:102BA0000995B1EF0A95B2EF0B95E6B70C95BFD03A
:102BB0000D95B3EF0E95B4EF0F95B5EF1095F1C8E5
:102BC0001195E0CC1295B6EF1395B7EF1495B8EFC9
:102BD0001595B9EF1695BAEF1795E0D51895BBEF97
:102BE0001995EDB41A95AAC31B95BCEF1D95BDEFC1
:102BF0001E95BEEF1F95BFEF2195FDCE2295C0EF2C
:102C00002395E0C22495B8B42595B6D72695F5BD91
:102C10002895C7CF2995C3EF2A95C1EF2B95C2EF11
:102C20002C95C4EF2D95A7B62E95FCBC2F95E2BE32
:102C30003095CCC33195C5EF3295C6EF3495C7EFCB
:102C40003595CFEF3695C8EF3795C9EF3895CAEF70
:102C50003995C2C73A95F1EF3B95CDB63C95CBEF90
:102C60003E95CCEF3F95CDEF4095C6B64195BEC39E
:102C70004295CEEF4495D0EF4595D1EF4695D2EFF2
:102C80004795F2D54995D3EF4A95F7C44C95D4EFC3
:102C90004D95F8C44E95D5EF4F95D6EF5095E4B8C5
:102CA0005195F7B05295D7EF5395D8EF5495D9EF8A
:102CB0005695DAEF5795DBEF5895DCEF5995DDEF38
:102CC0005B95DEEF5C95B5BE5D95E1EF5E95DFEF60
:102CD0005F95E0EF6195E2EF6295E3EF6395CDC11B
:102CE0006495E4EF6595E5EF6695E6EF6795E7EFA8
:102CF0006895E8EF6995E9EF6A95EAEF6B95EBEF78
:102D00006C95ECEF6D95D8C06F95EDEF7095ADC1FA
:102D10007195EEEF7295EFEF7395F0EF7695E2CF48
:102D20007F95A4B3E895C5C3E995C5E3EA95C1C904
:102D3000EB95C6E3ED95D5B1EE95CACEEF95B3B45C
:102D4000F095F2C8F195C7E3F295D0CFF395C8E3BB
:102D5000F495E4BCF595C9E3F695CAE3F795C6C3C7
:102D6000F895A2D5F995D6C4FA95EBB9FB95C5CEE1
:102D7000FC95CBE3FD95F6C3FE95CCE30096A7B793
:102D80000196F3B80296D2BA0396CDE30496CEE349
:102D90000596C4D40696CFE30896D0E30996CBD126
:102DA0000A96D1E30B96D2E30C96D3E30D96D4E3C7
:102DB0000E96D6D10F96D5E31096FBB21196BBC0F6
:102DC0001296D6E31496ABC01596D7E31696D8E3C1
:102DD0001796D9E31996DAE31A96DBE31C96B7B88F
:102DE0001D96E2DA1F96D3B62196E4DA2296E3DA4C
:102DF0002A96E6DA2E96EEC83196E5DA3296C0B714
:102E00003396F4D13496F5D23596F3D53696D7BDB0
:102E10003B96E8D73C96E8DA3D96E7DA3F96A2B0D3
:102E20004096D3CD4296E9DA4496BDB84596CABCE1
:102E30004696BDC24796A4C24896C2B34996EADAFE
:102E40004B96AAC24C96B0C44D96B5BD5096DECFF7
:102E50005496EBDA5596C2C95B96DDB15F96ECDA13
:102E60006196B8B66296BAD46496FDB36796EDDA09
:102E70006896C9D46996D5CF6A96E3C56C96EEDAA2
:102E80007296EFDA7496F0DA7596EAC17696D5CC3A
:102E90007796DDCF8596E7D38696A1C28896F1DA3C
:102EA0008B96E5CB8D96F2DA8F96E6CB9096FED296
:102EB0009496F4B89796F3DA9896AFB09996B6CF01
:102EC0009C96CFD5A796EDCBB096F4DAB396C4E333
:102ED000B696A5C1B996BFF6BC96C0F6BD96C1F62A
:102EE000BE96D1C4C096B8C8C196E3D1C496DBD013
:102EF000C596C5D1C696AFBCC796CDB9C996F4EFF5
:102F0000CC96C6B4CD96BAD3CE96C2F6CF96FBB3C6
:102F1000D296C3F6D596F1B5E096C5F6E896EAD313
:102F2000E996A7F6EA96A9D1EF96A9F6F396A8F640
:102F3000F696E3C1F796D7C0F996A2B1FE96EDCE0C
:102F40000097E8D00197ABF60497F6CF0697AAF65C
:102F50000797F0D50897ACF60997B9C30D97F4BB5E
:102F60000E97AEF60F97ADF61397DEC41697D8C13D
:102F70001C97AACB1E97BCCF2A97AFF62D97B0F619
:102F80003097B1F63297B6C23897D4B03997F9C5B1
:102F90003E97B2F65297E0C75397A6F65697B8BE3B
:102FA0005997B2BE5B97E5B55E97C7B76097BFBF4D
:102FB0006197D2C36297E6C36597CCD86997EFB89B
:102FC0007397F9BD7497A5D17697D0B07C97B0F779
:102FD0008597B1F78B97ACD08D97B0B09197B2F73A
:102FE0009297B3F79497B4F79897CAC7A097CFBEB4
:102FF000A397B7F7AB97B6F7AD97DEB1AF97B5F735
:10300000B297B8F7B497B9F7E697A4CEE797CDC8CB
:10301000E997ABBAEA97B8E8EB97B9E8EC97BAE862
:10302000ED97C2BEF397F4D2F597CFD4F697D8C9EF
:103030007598B3D27698A5B67798EAC77898FCF1D8
:103040007998EECF7A98B3CB7B98EBD07C98EFE76A
:103050007D98E7CD7E98CBB97F98D9B68098FDF161
:103060008198E4B08298CCCB8398FEF18498A4D464
:103070008598ADC28698ECC18798C4C68898B1BEC1
:103080008998A1F28A98D5BC8C98A2F28D98A3F267
:103090008F98A4F29098C3D29198B5C69398C7CD53
:1030A0009498A5F29698B1D39798C5BF9898E2CC1A
:1030B0009A98A6F29B98A7F29C98D5D19D98EEB6C7
:1030C0009E98A8F29F98A9F2A098DFB5A198AAF2BD
:1030D000A298ABF2A498FCB2A598ACF2A698ADF277
:1030E000A798A7C8CE98E7B7D198A9ECD298AAEC30
:1030F000D398ABECD598ACECD898AEC6D998ADECDB
:10310000DA98AEECDE98C9B7DF98B3CAE798B8E2B0
:10311000E898CFF70D99D0F71099CDB22E99D1F745
:103120005499D3F75599D2F76399BBE26599A2BC3C
:103130006799BCE26899BDE26999BEE26A99BFE20B
:103140006B99C0E26C99C1E26D99B9B76E99FBD2E7
:103150006F99A4BD7099CECA7199A5B17299C7CB68
:103160007499C2E27599FCB67699C4C87799C3E29E
:103170007A99C8BD7C99FDB17D99C4E27F99F6B674
:103180008099C5E28199D9C48499C6E28599DACF3C
:103190008699DDB98799C7E28899A1C08A99C8E262
:1031A0008B99F6B28D99C9E28F99F3C19099CAE2D1
:1031B0009199CBE29299F8C29399CCE29499CDE29D
:1031C0009599CEE29699D7CA9799B8D89899E5D9A2
:1031D0009999E3CFA599A5F0A899B0DC6C9AEDC2B6
:1031E0006D9AA6D46E9AD4CD6F9AB1D1709ADBB392
:1031F000719AFDC7739AB5B2749ABFC2759AE0E628
:10320000769ABBCA779AE1E6789AE2E6799AD4BED2
:103210007A9AE3E67B9AA4D77C9AD5CD7D9AE5E6A7
:103220007E9ADDBC7F9AE4E6809AE6E6819AE7E63C
:10323000829AEEC2849ABEBD859AE8E6869AE6C274
:10324000879AA7BA889AE9E68A9AEAE68B9AD2B36D
:103250008C9AE9D18F9AA5BF909AEBE6919AEFC626
:10326000929AECE6939AEDE6969AEEE6979AADC6B8
:10327000989AEFE69A9AA7C99B9AF0E69C9AF1E68B
:103280009D9AF2E69E9AB9E59F9AF3E6A09AF4E633
:10329000A19AE2C2A29AF5E6A39AF6E6A49AE8D623
:1032A000A59AF7E6A79AF8E6A89AC7B9B09ABBF725
:1032B000B19ABAF7B69ABEF7B79ABCF7B89AA1BA5C
:1032C000BA9ABFF7BC9AC0F7C09AC2F7C19AC1F7C1
:1032D000C29AC4F7C59AC3F7CB9AC5F7CC9AC6F77A
:1032E000D19AC7F7D39AE8CBD89ADFB8DF9AD4F748
:1032F000E19AD5F7E69AD6F7EB9AD8F7ED9ADAF78E
:10330000EF9AD7F7F99ADBF7FB9AD9F7039BD7D750
:10331000089BDCF70F9BDDF7139BDEF71F9BDFF7A6
:10332000239BE0F72F9BCBDB329BAAD83B9BF7E597
:103330003C9BEDB9419BFDBF429BEABB439BC9F758
:10334000449BC7C6459BC8F7479BCAF7489BCCF729
:10335000499BCBF74D9BCDF74F9BBACE519BCEF7F8
:10336000549BA7C47C9CE3D37F9CCFF6819CB3C2C3
:10337000829CD0F6859CD1F6869CD2F6879CD3F6AB
:10338000889CD4F68B9CD6F68D9CABB18E9CD7F6E0
:10339000909CD8F6919CD9F6929CDAF6949CDBF638
:1033A000959CDCF69A9CDDF69B9CDEF69C9CCACF35
:1033B0009E9CDFF69F9CE0F6A09CE1F6A19CE2F6C5
:1033C000A29CE3F6A39CE4F6A49CF0C0A59CE5F6C1
:1033D000A69CE6F6A79CE7F6A89CE8F6A99CE9F669
:1033E000AB9CEAF6AD9CEBF6AE9CECF6B09CEDF631
:1033F000B19CEEF6B29CEFF6B39CF0F6B49CF1F6FD
:10340000B59CF2F6B69CF3F6B79CF4F6B89CA8BE51
:10341000BA9CF5F6BB9CF6F6BC9CF7F6BD9CF8F69C
:10342000C39CFAC8C49CF9F6C59CFAF6C69CFBF688
:10343000C79CFCF6CA9CFDF6CB9CFEF6CC9CA1F783
:10344000CD9CA2F7CE9CA3F7CF9CA4F7D09CA5F768
:10345000D39CA6F7D49CA7F7D59CA8F7D69CEEB131
:10346000D79CA9F7D89CAAF7D99CABF7DC9CACF702
:10347000DD9CADF7DE9CDBC1DF9CAEF7E29CAFF7D5
:103480001F9EF1C4209EAFF0219EA6BC229EB0F0EC
:10349000239EF9C3259EB8C5269EBBD1289EB1F0B8
:1034A000299EB2F02A9EB3F02B9EB4F02C9EB5F06C
:1034B0002D9EBCD12F9EECD1319EB7F0329EB6F03E
:1034C000339EA7D4359ED2CD369EB8F0379EBAF043
:1034D000389EB9F0399EBBF03A9EBCF03D9EEBB8E9
:1034E0003E9EBDF03F9EE8BA419EBEF0429EBFF0B8
:1034F000439EE9BE449EC0F0459EECB6469EC1F098
:10350000479EC2F0489EC3F0499EC4F04A9EB5C88B
:103510004B9EC5F04C9EC6F04E9EC7F04F9EF4C524
:10352000519EC8F0559EC9F0579ECAF0589EBDF7EF
:103530005A9ECBF05B9ECCF05C9ECDF05E9ECEF0B2
:10354000639ECFF0649ED7BA669ED0F0679ED1F09E
:10355000689ED2F0699ED3F06A9ED4F06B9ED5F03F
:103560006C9ED6F06D9ED8F0709EA5D3719ED7F05C
:10357000739ED9F07E9EBAF57F9EB9C2829EE4F713
:10358000879EE5F7889EE6F78B9EE7F7929EE8F721
:10359000939EB4C29D9EEAF79F9EEBF7A69EF3C250
:1035A000B49EF0F4B89EEFF4BB9EE9C2BD9EE1F775
:1035B000BE9EE2F7C49EC6BBC99EE4D9CD9EF2CAA8
:1035C000CE9EE8C0CF9EA4F0D19EDABAD49EADC7FD
:1035D000D89EACC4DB9EECF7DC9EEDF7DD9EEEF7EB
:1035E000DF9EF0F7E09EEFF7E29EF1F7E59EF4F73D
:1035F000E79EF3F7E99EF2F7EA9EF5F7EF9EF6F7FE
:10360000F99EE9EDFB9EEAEDFC9EEBEDFE9EBCF61D
:103610000B9FBDF60D9FBEF60E9FA6B6109FBED89F
:10362000139FC4B9179FBBD8199FB1DC209FF3CA61
:10363000229FF7F72C9FF8F72F9FF9F7379FFBF79B
:10364000399FFAF73B9FC7B13D9FFCF73E9FFDF7BF
:10365000449FFEF7509FEBC6519FB4EC7F9FDDB3B4
:10366000809FB3F6839FB4F6849FE4C1859FB5F62F
:10367000869FB6F6879FB7F6889FB8F6899FB9F6FA
:103680008A9FBAF68B9FA3C88C9FBBF6999FFAC1FD
:103690009A9FA8B99B9FE8ED9F9FEAB9A09FDFD9A9
:1036A00001FFA1A302FFA2A303FFA3A304FFE7A1BD
:1036B00005FFA5A306FFA6A307FFA7A308FFA8A3CE
:1036C00009FFA9A30AFFAAA30BFFABA30CFFACA39E
:1036D0000DFFADA30EFFAEA30FFFAFA310FFB0A36E
:1036E00011FFB1A312FFB2A313FFB3A314FFB4A33E
:1036F00015FFB5A316FFB6A317FFB7A318FFB8A30E
:1037000019FFB9A31AFFBAA31BFFBBA31CFFBCA3DD
:103710001DFFBDA31EFFBEA31FFFBFA320FFC0A3AD
:1037200021FFC1A322FFC2A323FFC3A324FFC4A37D
:1037300025FFC5A326FFC6A327FFC7A328FFC8A34D
:1037400029FFC9A32AFFCAA32BFFCBA32CFFCCA31D
:103750002DFFCDA32EFFCEA32FFFCFA330FFD0A3ED
:1037600031FFD1A332FFD2A333FFD3A334FFD4A3BD
:1037700035FFD5A336FFD6A337FFD7A338FFD8A38D
:1037800039FFD9A33AFFDAA33BFFDBA33CFFDCA35D
:103790003DFFDDA33EFFDEA33FFFDFA340FFE0A32D
:1037A00041FFE1A342FFE2A343FFE3A344FFE4A3FD
:1037B00045FFE5A346FFE6A347FFE7A348FFE8A3CD
:1037C00049FFE9A34AFFEAA34BFFEBA34CFFECA39D
:1037D0004DFFEDA34EFFEEA34FFFEFA350FFF0A36D
:1037E00051FFF1A352FFF2A353FFF3A354FFF4A33D
:1037F00055FFF5A356FFF6A357FFF7A358FFF8A30D
:1038000059FFF9A35AFFFAA35BFFFBA35CFFFCA3DC
:103810005DFFFDA35EFFABA1E0FFE9A1E1FFEAA12F
:10382000E3FFFEA3E5FFA4A330313233343536374E
:1038300038394142434445464030580030313233F4
:1038400034353637383961626364656640307800F4
:103850000400000800000000000000020001000059
:103860001000000002400000000000A00000000066
:1038700005400000000000C8000000000C400000EF
:103880000000409C00000000194000000020BCBE69
:103890000000000034400000BFC91B8E000000047F
:1038A000B5400000504BCFD06607E2CF01000000CA
:1038B0006C4100003E8251AADFEEA73401000000F7
:1038C000D9420000DCB5A0E23A301F97FFFFFFFFAE
:1038D000B4450000FD25A0C8E9A3C14FFFFFFFFFCD
:1038E000FF3F00000000008000000000FF3F0000DC
:1038F000000000800000000041542B435245470D5A
:103900000A0000000D0A4F4B0D0A000041544F0DF4
:103910000A00000041542B4353510D0A00000000DF
:1039200041542B524542540D0A0000000D0A434FEA
:103930004E4E4543540D0A000D0A2B4353513A2075
:10394000000000002B2B2B007B224944223A222529
:1039500073222C22534E223A222573222C22436DAD
:1039600064223A223231222C2241636B223A2230E5
:1039700030222C2254696D65223A7B22796561726E
:10398000223A25642C226D6F6E7468223A25642CCD
:1039900022646179223A25642C22686F7572223A7A
:1039A00025642C226D696E757465223A25642C227B
:1039B0007365636F6E64223A25647D7D00000000AC
:1039C000143B020800000020C40D00006C01000838
:1039D000503E0208C40D00202CAC0000D0010008AD
:1039E000000000000000F07F100100004300000014
:1039F000F8FFFFFF00404040404040404040414110
:103A000041414140404040404040404040404040B3
:103A1000404040404005020202020202020202024D
:103A2000020202020220202020202020202020024A
:103A300002020202020290909090909010101010DA
:103A40001010101010101010101010101010101076
:103A5000020202020202888888888888080808080A
:103A600008080808080808080808080808080808D6
:103A700002020202400000000000000000000000FE
:103A80000000000000000000000000000000000036
:103A90000000000000000000000000000000000026
:103AA0000000000000000000000000000000000016
:103AB0000000000000000000000000000000000006
:103AC00000000000000000000000000000000000F6
:103AD00000000000000000000000000000000000E6
:103AE00000000000000000000000000000000000D6
:103AF00000000000000000001C0000004300000067
:103B0000F8FFFFFF0C0000000E0000000F00000097
:103B10002E000000500600A24A04000160090102C4
:103B20000304060708090C6110200502040608209A
:103B300020068002000020094012500000EF3200F1
:103B400008153300081C1000201C6017E101037CDD
:103B50008000011207CAF02C132700003444000033
:103B6000406100006489000009A8000002C3000051
:103B70002BE300006E1501001A2C0100E152010038
:103B8000A9D2000421183010613D0100D1140100B8
:103B90009B7700002DF30008430AD90843B3BD0802
:103BA0004387A00843866A0844073E3E00001E186B
:103BB0000413F5D6280006887E0000030001700477
:103BC0000100040405CA6400061D10000800FF017E
:103BD000021C3001091F54013E40E01C0018004740
:103BE0004C3230323133393836363831383333307D
:103BF000363837303438356302F600013C04911210
:103C0000233C031EA05803040C3333392E39362EBF
:103C100031302E3235113C0631313838338E045C68
:103C2000045443509804400C6372677456656E6484
:103C3000696E6724600932333435363738393431A8
:103C400010C9E8021306150A1F304F04053C79D944
:103C500087B00E8997A9A21006443902080C0412F5
:103C600014041006F8380208201012040C1238044C
:103C7000122C0C9C06004E554C4C8C05011C0FD987
:103C8000E09987216C0552841C04F0490280045D90
:103C90008F0409190CD3A00F4C340B333730313259
:103CA00030313930317D0F103133C1032DAD061263
:103CB00010E5AC05474C48589006211040072D30C0
:103CC0003531312DE20DFF890309318E0004C3081F
:103CD000070001100AEB8A0108498B010897040DBF
:103CE0007365040A2801FC7C0E60EA0000E5B7A8B1
:103CF000E7B1B3410030AD040C07104142434445E5
:103D000046DC07EC050001E02E75060E5114A605F1
:103D10000E5514FE0503DB2000012008C18140017F
:103D2000C0804104610C2108E118A11C011A300176
:103D30001638013660012E70012F6000FF00C0C1EF
:103D400001C30302C2C60607C705C5C404CC0C0DD7
:103D5000CD0FCFCE0E0ACACB0BC90908C8D8181987
:103D6000D91BDBDA1A1EDEDF1FDD1D1CDC14D4D5E7
:103D700015D71716D6D21213D311D1D010F0303177
:103D8000F133F3F23236F6F737F53534F43CFCFD17
:103D90003DFF3F3EFEFA3A3BFB39F9F83828E8E9A7
:103DA00029EB2B2AEAEE2E2FEF2DEDEC2CE4242527
:103DB000E527E7E62622E2E323E12120E0A0606197
:103DC000A163A3A26266A6A767A56564A46CACAD57
:103DD0006DAF6F6EAEAA6A6BAB69A9A86878B8B907
:103DE00079BB7B7ABABE7E7FBF7DBDBC7CB4747567
:103DF000B577B7B67672B2B373B17170B0509091B7
:103E0000519353529296565797559594549C5C5D96
:103E10009D5F9F9E5E5A9A9B5B9959589888484926
:103E2000894B8B8A4A4E8E8F4F8D4D4C8C448485A6
:103E30004587474686824243834181800E4840C27F
:103E400004000B00D5FDB3A300B9CAD5CF00000014
:0400000508000131BD
:00000001FF
