:020000040800F2
:2000000080160020D5030008DD010008DF010008E3010008E7010008EB01000800000000AC
:20002000000000000000000000000000EF010008F101000800000000F3010008ED030008DA
:20004000EF030008EF030008EF030008EF030008EF030008EF030008EF030008EF030008D0
:20006000EF030008EF030008EF030008EF030008EF030008EF030008EF030008EF030008B0
:20008000EF030008EF030008EF030008EF030008EF030008EF030008EF030008EF03000890
:2000A000EF030008EF030008EF030008EF030008EF030008EF030008EF030008EF03000870
:2000C000EF030008EF030008EF030008EF030008EF030008EF030008EF030008EF03000850
:2000E000EF030008EF030008EF030008EF030008EF030008EF030008EF030008EF03000830
:20010000EF030008EF030008EF030008EF030008EF030008EF030008EF030008EF0300080F
:20012000EF030008EF030008EF030008EF03000800F002F800F03AF80AA090E8000C8244D7
:200140008344AAF10107DA4501D100F02FF8AFF2090EBAE80F0013F0010F18BFFB1A43F092
:2001600001031847300B0000500B0000103A24BF78C878C1FAD8520724BF30C830C144BFE6
:2001800004680C60704700000023002400250026103A28BF78C1FBD8520728BF30C148BFC9
:2001A0000B6070471FB51FBD10B510BD00F03BFD1146FFF7F7FF00F00CF800F059FD03B47F
:2001C000FFF7F2FF03BC00F05DFD000080F30888704710B500F05AFC002010BD704700BF07
:2001E000FEE700BFFEE700BFFEE700BFFEE77047704770470CB50020019000906C480068EB
:2002000040F480306A49086000BF6948006800F4003000900198401C0190009818B90198CB
:20022000B0F5A06FF1D16248006800F4003010B10120009001E0002000900098012843D13A
:200240005C48006840F010005A4908600846006820F0030008600846006840F002000860C6
:2002600053484068524948600846406848600846406840F4806048600846406820F47C1012
:2002800048600846406840F4E81048600846006840F08070086000BF4548006800F000709A
:2002A0000028F9D04248406820F00300404948600846406840F00200486000BF3C4840681C
:2002C00000F00C000828F9D10CBD10B5FFF792FF10BD10B53648006840F001003449086085
:2002E00008464068344908403149486008460068324908402E4908600846006820F480205F
:2003000008600846406820F4FE0048604FF41F008860FFF7DAFF4FF000602949086010BD66
:2003200010B5002100200022214B5B6803F00C0121B1042906D0082928D107E0214B224CA6
:20034000236027E01F4B204C236023E0184B5B6803F47010164B5B6803F48032022303EB3A
:20036000904022B9194B4343174C23600DE0104B5B6803F4003323B1144B4343124C236033
:2003800003E0104B4343104C236003E00D4B0E4C236000BF00BF064B5B68C3F303130C4CEC
:2003A000E15C094B1B68CB40074C236010BD000000100240002002400000FFF8FFFFF6FEDE
:2003C00008ED00E000127A000000002000093D00040000200948804709480047FEE7FEE7B8
:2003E000FEE7FEE7FEE7FEE7FEE7FEE7FEE7FEE704480549054A064B70470000D302000807
:20040000310100088010002080160020801200208012002001460020FE4A106800F0380089
:20042000084310607047FB49096821F00801F94A116011460968014311607047F5490968E4
:2004400021F01001F34A116011460968014311607047F148EF494860F04848607047EE48B2
:20046000EC494860ED4848607047EA48006940F08000E84908617047E648006940F0800028
:20048000E449086170470420E249C96801F0010109B101200EE0DF49C96801F0040109B1CA
:2004A000022007E0DB49C96801F0100109B1032000E00420704700B502460423FFF7E3FF48
:2004C000034603E0FFF7DFFF0346521E012B01D1002AF7D102B90523184600BD30B5044646
:2004E00004254FF43020FFF7E6FF0546042D17D1C848006940F00200C649086108464461EB
:20050000006940F0400008614FF43020FFF7D3FF0546C048006941F6FD710840BD49086126
:20052000284630BD10B504244FF43020FFF7C3FF0446042C16D1B748006940F00400B5492D
:2005400008610846006940F0400008614FF43020FFF7B1FF0446AF48006941F6FB710840D4
:20056000AC490861204610BD00B502460423FFF78AFF034603E0FFF786FF0346521E012BBB
:2005800001D1002AF7D102B90523184600BD10B504244FF43020FFF7E7FF0446042C16D1DC
:2005A0009C48006940F004009A4908610846006940F0400008614FF43020FFF7D5FF044637
:2005C0009448006941F6FB71084092490861204610BD00208F49C96901F0020109B101207B
:2005E00000E00020704730B5A5250424FFF7F1FF00B100254FF43020FFF75DFF0446042C52
:200600003AD1854883498860844888600846006940F0200008610846006940F0400008619A
:200620004FF43020FFF747FF0446042C1BD17948006941F6DF7108407649086108460069AD
:2006400040F01000086176480580E002FFF733FF0446052C10D06F48006941F6EF7108404A
:200660006C49086108E0052C06D06A48006941F6EF71084067490861204630BD78B506468E
:200680000C46042500200090E802FFF714FF0546042D24D15F48006940F001005D4908617B
:2006A0003480E802FFF707FF0546042D10D1B01C0090200C00990880E802FFF7FCFE054675
:2006C0005448006941F6FE7108405249086106E05048006941F6FE7108404E4908612846E0
:2006E00078BD70B504460D460426F002FFF7E3FE0646042E11D14748006940F001004549F9
:2007000008612580F002FFF7D6FE06464148006941F6FE7108403F490861304670BD70B52A
:2007200005460E460424E002FFF7C5FE0446042C17D13948374988603848886008460069ED
:2007400040F0100008612E80E002FFF7B4FE0446052C06D02F48006941F6EF7108402D4932
:200760000861204670BD2DE9F04304464FF6FF763746B046B1460425E443E6B2C4F30727F9
:20078000C4F307484FEA1469E802FFF794FE0546042D49D120481F4988602048886008463F
:2007A000006940F010000861FF2E06D01C4808300680E802FFF77FFE0546042D08D1FF2F22
:2007C00006D017480A300780E802FFF774FE0546042D0AD1B8F1FF0F07D011480C30A0F8BF
:2007E0000080E802FFF767FE0546042D0AD1B9F1FF0F07D00A480E30A0F80090E802FFF7B6
:200800005AFE0546052D0FD00248006941F6EF71084007E00020024023016745AB89EFCD89
:2008200000F8FF1F664908612846BDE8F08330B5054604244FF43020FFF73DFE0446042C6E
:2008400041D160485E4988605F4888600846006940F0200008610846006940F040000861C0
:200860004FF43020FFF727FE0446042C22D15448006941F6DF7108405149086108460069CF
:2008800040F0100008611DB100205049088002E0A5204E4908804FF43020FFF70CFE0446FD
:2008A000052C10D04648006941F6EF7108404449086108E0052C06D04148006941F6DF71F3
:2008C00008403F490861204630BDF0B505460E46174604243B483A4988603B488860E00288
:2008E000FFF7E9FD0446042C19D13548006940F010003349086147F0F80030432843334924
:20090000891C0880E002FFF7D6FD0446052C06D02B48006941F6EF710840294908612046B2
:20092000F0BD2748C069800870472548006A704700202349096801F0200109B1012000E0DB
:200940000020704729B11E4A126902431C4B1A6104E01B4A12698243194B1A617047014676
:200960000020012908D1164AD26902F001020AB1012008E0002006E0114AD2680A400AB160
:20098000012000E0002070470D49C860704704200B49C96801F0010109B101200EE0084994
:2009A000C96801F0040109B1022007E00449C96801F0100109B1032000E004207047000035
:2009C0000020024023016745AB89EFCD00F8FF1F012080F3138800BF00BF3848006800F456
:2009E000E06037490843001D34490860BFF3408F00BF00BFFEE72DE9F05F06460F4690462A
:200A00000024B3463D46A14617E068784FEA002A28788244AD1C2046641C2A4921F810A0C4
:200A2000B4F5806F07D100244FF48062584600F07CF80BF5006B09F10209C145E5D324B1F8
:200A4000A2B22049584600F070F8BDE8F09F10B5044620681C490840B0F1005F08D16068CA
:200A60001A4908602068FFF7B1FB18480068804710BD08B54FF6FF700090022269461448F5
:200A800000F053F81348FFF7E2FF08BD08B5022269460F4800F038F8BDF800004FF6FF71B3
:200AA000884202D10B48FFF7D2FF4FF4C8320A490848FFF7A0FFFFF7DCFF08BD0CED00E09B
:200AC0000000FA05200000200000FE2F14000020001400080018000800A8010801460888B2
:200AE00070472DE9F04105460E461746002407E036F814102846FFF7F4FDAD1C601C84B2CF
:200B0000BC42F5DBBDE8F08130B503460C461546002207E01846FFF7E1FF24F812009B1CF4
:200B2000501C82B2AA42F5DB30BD2DE9F05F80468A461746B8F1006F02D33748804501D30F
:200B4000BDE8F09FFFF785FCA8F1006B4FEADB25CBF34909C9F58064A74200DC3C464DE087
:200B60004FF0006101EBC5204A142C49FFF7CCFF00260BE009EB0600284931F810004FF676
:200B8000FF71884200D003E0701C86B2A642F1DB00BFA6421BDA4FF0006101EBC520FFF7ED
:200BA0009DFC002608E03AF8160006EB09011B4A22F81100701C86B2A642F4DB4FF00061A0
:200BC00001EBC5204A141549FFF78BFF04E0224651464046FFF785FFA74200D10FE06D1CF3
:200BE0004FF000090AEB440AA044381B87B2B7F5806F02DD4FF4806400E03C46B0E700BFA1
:200C0000FFF733FC00BF9BE713B50446012201A92046FFF78AFF1CBD00000408200800207D
:200C2000704770477047754600F028F8AE4605006946534620F00700854618B020B5FFF70E
:200C4000D7FBBDE820404FF000064FF000074FF000084FF0000B21F00701AC46ACE8C00939
:200C6000ACE8C009ACE8C009ACE8C0098D4670470446AFF300802046FFF7A1FA0048704771
:200C80002010002001491820ABBEFEE72600020070470000041400080000002020000000F5
:200CA0006C0100082414000820000020601600008801000800000000000000000000000038
:200CC000000000000000000000000000000000000000000000000000000000000000000014
:200CE0000000000000000000000000000000000000000000000000000000000000000000F4
:200D00000000000000000000000000000000000000000000000000000000000000000000D3
:200D20000000000000000000000000000000000000000000000000000000000000000000B3
:200D4000000000000000000000000000000000000000000000000000000000000000000093
:200D6000000000000000000000000000000000000000000000000000000000000000000073
:200D8000000000000000000000000000000000000000000000000000000000000000000053
:200DA000000000000000000000000000000000000000000000000000000000000000000033
:200DC000000000000000000000000000000000000000000000000000000000000000000013
:200DE0000000000000000000000000000000000000000000000000000000000000000000F3
:200E00000000000000000000000000000000000000000000000000000000000000000000D2
:200E20000000000000000000000000000000000000000000000000000000000000000000B2
:200E4000000000000000000000000000000000000000000000000000000000000000000092
:200E6000000000000000000000000000000000000000000000000000000000000000000072
:200E8000000000000000000000000000000000000000000000000000000000000000000052
:200EA000000000000000000000000000000000000000000000000000000000000000000032
:200EC000000000000000000000000000000000000000000000000000000000000000000012
:200EE0000000000000000000000000000000000000000000000000000000000000000000F2
:200F00000000000000000000000000000000000000000000000000000000000000000000D1
:200F20000000000000000000000000000000000000000000000000000000000000000000B1
:200F4000000000000000000000000000000000000000000000000000000000000000000091
:200F6000000000000000000000000000000000000000000000000000000000000000000071
:200F8000000000000000000000000000000000000000000000000000000000000000000051
:200FA000000000000000000000000000000000000000000000000000000000000000000031
:200FC000000000000000000000000000000000000000000000000000000000000000000011
:200FE0000000000000000000000000000000000000000000000000000000000000000000F1
:201000000000000000000000000000000000000000000000000000000000000000000000D0
:201020000000000000000000000000000000000000000000000000000000000000000000B0
:20104000000000000000000000000000000000000000000000000000000000000000000090
:20106000000000000000000000000000000000000000000000000000000000000000000070
:20108000000000000000000000000000000000000000000000000000000000000000000050
:2010A000000000000000000000000000000000000000000000000000000000000000000030
:2010C000000000000000000000000000000000000000000000000000000000000000000010
:2010E0000000000000000000000000000000000000000000000000000000000000000000F0
:201100000000000000000000000000000000000000000000000000000000000000000000CF
:201120000000000000000000000000000000000000000000000000000000000000000000AF
:2011400000000000000000000000000000000000000000000000000000000000000000008F
:2011600000000000000000000000000000000000000000000000000000000000000000006F
:2011800000000000000000000000000000000000000000000000000000000000000000004F
:2011A00000000000000000000000000000000000000000000000000000000000000000002F
:2011C00000000000000000000000000000000000000000000000000000000000000000000F
:2011E0000000000000000000000000000000000000000000000000000000000000000000EF
:201200000000000000000000000000000000000000000000000000000000000000000000CE
:201220000000000000000000000000000000000000000000000000000000000000000000AE
:2012400000000000000000000000000000000000000000000000000000000000000000008E
:2012600000000000000000000000000000000000000000000000000000000000000000006E
:2012800000000000000000000000000000000000000000000000000000000000000000004E
:2012A00000000000000000000000000000000000000000000000000000000000000000002E
:2012C00000000000000000000000000000000000000000000000000000000000000000000E
:2012E0000000000000000000000000000000000000000000000000000000000000000000EE
:201300000000000000000000000000000000000000000000000000000000000000000000CD
:201320000000000000000000000000000000000000000000000000000000000000000000AD
:2013400000000000000000000000000000000000000000000000000000000000000000008D
:2013600000000000000000000000000000000000000000000000000000000000000000006D
:2013800000000000000000000000000000000000000000000000000000000000000000004D
:2013A00000000000000000000000000000000000000000000000000000000000000000002D
:2013C00000000000000000000000000000000000000000000000000000000000000000000D
:2013E0000000000000000000000000000000000000000000000000000000000000000000ED
:20140000FFFF000000A24A04000000000000000001020304060708090000000000000000B6
:2014200000000000FFFFFFFFFFFFFFFFFFFFFFFFFFFFFFFFFFFFFFFFFFFFFFFFFFFFFFFFC8
:20144000FFFFFFFFFFFFFFFFFFFFFFFFFFFFFFFFFFFFFFFFFFFFFFFFFFFFFFFFFFFFFFFFAC
:20146000FFFFFFFFFFFFFFFFFFFFFFFFFFFFFFFFFFFFFFFFFFFFFFFFFFFFFFFFFFFFFFFF8C
:20148000FFFFFFFFFFFFFFFFFFFFFFFFFFFFFFFFFFFFFFFFFFFFFFFFFFFFFFFFFFFFFFFF6C
:2014A000FFFFFFFFFFFFFFFFFFFFFFFFFFFFFFFFFFFFFFFFFFFFFFFFFFFFFFFFFFFFFFFF4C
:2014C000FFFFFFFFFFFFFFFFFFFFFFFFFFFFFFFFFFFFFFFFFFFFFFFFFFFFFFFFFFFFFFFF2C
:2014E000FFFFFFFFFFFFFFFFFFFFFFFFFFFFFFFFFFFFFFFFFFFFFFFFFFFFFFFFFFFFFFFF0C
:20150000FFFFFFFFFFFFFFFFFFFFFFFFFFFFFFFFFFFFFFFFFFFFFFFFFFFFFFFFFFFFFFFFEB
:20152000FFFFFFFFFFFFFFFFFFFFFFFFFFFFFFFFFFFFFFFFFFFFFFFFFFFFFFFFFFFFFFFFCB
:20154000FFFFFFFFFFFFFFFFFFFFFFFFFFFFFFFFFFFFFFFFFFFFFFFFFFFFFFFFFFFFFFFFAB
:20156000FFFFFFFFFFFFFFFFFFFFFFFFFFFFFFFFFFFFFFFFFFFFFFFFFFFFFFFFFFFFFFFF8B
:20158000FFFFFFFFFFFFFFFFFFFFFFFFFFFFFFFFFFFFFFFFFFFFFFFFFFFFFFFFFFFFFFFF6B
:2015A000FFFFFFFFFFFFFFFFFFFFFFFFFFFFFFFFFFFFFFFFFFFFFFFFFFFFFFFFFFFFFFFF4B
:2015C000FFFFFFFFFFFFFFFFFFFFFFFFFFFFFFFFFFFFFFFFFFFFFFFFFFFFFFFFFFFFFFFF2B
:2015E000FFFFFFFFFFFFFFFFFFFFFFFFFFFFFFFFFFFFFFFFFFFFFFFFFFFFFFFFFFFFFFFF0B
:20160000FFFFFFFFFFFFFFFFFFFFFFFFFFFFFFFFFFFFFFFFFFFFFFFFFFFFFFFFFFFFFFFFEA
:20162000FFFFFFFFFFFFFFFFFFFFFFFFFFFFFFFFFFFFFFFFFFFFFFFFFFFFFFFFFFFFFFFFCA
:20164000FFFFFFFFFFFFFFFFFFFFFFFFFFFFFFFFFFFFFFFFFFFFFFFFFFFFFFFFFFFFFFFFAA
:20166000FFFFFFFFFFFFFFFFFFFFFFFFFFFFFFFFFFFFFFFFFFFFFFFFFFFFFFFFFFFFFFFF8A
:20168000FFFFFFFFFFFFFFFFFFFFFFFFFFFFFFFFFFFFFFFFFFFFFFFFFFFFFFFFFFFFFFFF6A
:2016A000FFFFFFFFFFFFFFFFFFFFFFFFFFFFFFFFFFFFFFFFFFFFFFFFFFFFFFFFFFFFFFFF4A
:2016C000FFFFFFFFFFFFFFFFFFFFFFFFFFFFFFFFFFFFFFFFFFFFFFFFFFFFFFFFFFFFFFFF2A
:2016E000FFFFFFFFFFFFFFFFFFFFFFFFFFFFFFFFFFFFFFFFFFFFFFFFFFFFFFFFFFFFFFFF0A
:20170000FFFFFFFFFFFFFFFFFFFFFFFFFFFFFFFFFFFFFFFFFFFFFFFFFFFFFFFFFFFFFFFFE9
:20172000FFFFFFFFFFFFFFFFFFFFFFFFFFFFFFFFFFFFFFFFFFFFFFFFFFFFFFFFFFFFFFFFC9
:20174000FFFFFFFFFFFFFFFFFFFFFFFFFFFFFFFFFFFFFFFFFFFFFFFFFFFFFFFFFFFFFFFFA9
:20176000FFFFFFFFFFFFFFFFFFFFFFFFFFFFFFFFFFFFFFFFFFFFFFFFFFFFFFFFFFFFFFFF89
:20178000FFFFFFFFFFFFFFFFFFFFFFFFFFFFFFFFFFFFFFFFFFFFFFFFFFFFFFFFFFFFFFFF69
:2017A000FFFFFFFFFFFFFFFFFFFFFFFFFFFFFFFFFFFFFFFFFFFFFFFFFFFFFFFFFFFFFFFF49
:2017C000FFFFFFFFFFFFFFFFFFFFFFFFFFFFFFFFFFFFFFFFFFFFFFFFFFFFFFFFFFFFFFFF29
:2017E000FFFFFFFFFFFFFFFFFFFFFFFFFFFFFFFFFFFFFFFFFFFFFFFFFFFFFFFFFFFFFFFF09
:20180000E0AC0020791C0008811A0008831A0008871A00088B1A00088F1A00080000000030
:20182000000000000000000000000000931A0008951A000800000000971A0008F54800083E
:20184000931C0008931C0008931C0008259F0008931C0008931C0008931C0008931C0008BB
:20186000931C0008931C0008931C0008931C00081BAD0008931C0008931C0008931C000897
:20188000931C0008B9AB0008931C0008931C0008931C0008931C0008931C0008931C0008DB
:2018A000931C0008931C0008931C0008931C0008931C0008931C0008931C0008931C000870
:2018C000931C0008931C0008931C0008931C0008931C0008931C000883AA0008DFAB0008F7
:2018E000931C0008931C0008931C0008931C0008931C0008931C0008931C0008931C000830
:20190000931C0008931C0008931C0008931C00083FAD0008931C00086D460008931C0008CE
:20192000931C0008931C0008931C000821AE000800F002F800F081F80AA090E8000C824464
:201940008344AAF10107DA4501D100F076F8AFF2090EBAE80F0013F0010F18BFFB1A43F033
:201960000103184714D1010034D1010010F8013B0A4413F0030408BF10F8014B1D1108BF6C
:2019800010F8015B641E05D010F8016B641E01F8016BF9D1002D15D010F8014B03F00C03FF
:2019A0000C2BA1EB04040ABF10F8013BA4EB8314A4EB032405F1010314F8016B5B1E01F88F
:2019C000016BF9D5914238BF10F8013BD1D370470023002400250026103A28BF78C1FBD895
:2019E000520728BF30C148BF0B60704767291CF04086692919F00A84642919F00784782940
:201A000019F0408473291AF0C881002070471FB59DE8030019F0F6FE1AF0D8FC04000020D8
:201A200000211BF0C5FF401C6060002000211BF0D5FFE0601FBD10B510BD1AF0F2FF11467A
:201A4000FFF7E5FF00F014F81BF050FA03B4FFF7F2FF03BC03F0AEFA80F30888704702485F
:201A600002490160FEE700000CED00E00100FA0503F078F902F04AFF01E002F0D4FFFCE7D4
:201A8000704700BFFEE700BFFEE700BFFEE700BFFEE77047704770470CB5002001900090D8
:201AA0006C48006840F480306A49086000BF6948006800F4003000900198401C0190009861
:201AC00018B90198B0F5A06FF1D16248006800F4003010B10120009001E000200090009855
:201AE000012843D15C48006840F010005A4908600846006820F0030008600846006840F03B
:201B00000200086053484068524948600846406848600846406840F480604860084640688F
:201B200020F47C1048600846406840F4E81048600846006840F08070086000BF45480068A1
:201B400000F000700028F9D04248406820F00300404948600846406840F00200486000BF2F
:201B60003C48406800F00C000828F9D10CBD10B5FFF792FF10BD10B53648006840F0010085
:201B80003449086008464068344908403149486008460068324908402E4908600846006875
:201BA00020F4802008600846406820F4FE0048604FF41F008860FFF7DAFF4FF0006029492F
:201BC000086010BD10B5002100200022214B5B6803F00C0121B1042906D0082928D107E093
:201BE000214B224C236027E01F4B204C236023E0184B5B6803F47010164B5B6803F48032BB
:201C0000022303EB904022B9194B4343174C23600DE0104B5B6803F4003323B1144B434348
:201C2000124C236003E0104B4343104C236003E00D4B0E4C236000BF00BF064B5B68C3F3C0
:201C400003130C4CE15C094B1B68CB40074C236010BD000000100240002002400000FFF8A9
:201C6000FFFFF6FE08ED00E000127A000000002000093D00040000200948804709480047D7
:201C8000FEE7FEE7FEE7FEE7FEE7FEE7FEE7FEE7FEE7FEE704480549054A064B7047000061
:201CA000771B000831190008E0A60020E0AC0020E0A80020E0A8002031490143314A1160EC
:201CC000704770B5002100230F22C47804B32D4C246804F4E064C4F5E064210AC1F104039E
:201CE000CA40447804FA03F18478144021430901254C0678A155047804F01F050124AC40E4
:201D000005786D11AD0005F1E025C5F8004109E0047804F01F050124AC401C4D0678761126
:201D200045F8264070BD1A4A0A400243154B1B1F1A60704739B1134A121D12680243114B84
:201D40001B1D1A6006E00F4A121D126882430D4B1B1D1A607047042808D14FF0E0210969AC
:201D600041F004014FF0E022116107E04FF0E021096921F004014FF0E02211617047000061
:201D80000000FA050CED00E000E400E080E100E080FFFF1F10B5012001F01CF8002001F0CD
:201DA00019F810BD2A49086070472949091F08607047274984310860704701460020254AE0
:201DC00010884FF67F4210400843224A10807047014600201F4A10884FF6807210400843DD
:201DE0001C4A1080704708B500220092194A2C3A0092009A02440092009A116008BD08B56B
:201E000001460020009013482C3800900098084400900098008808BD0D489C300068C0B228
:201E200070470C480830008840F0010009490831088070470648A0300068C0B270470548E0
:201E40000830008840F00200024908310880704704860D422C6C004001684FF6FE721140AD
:201E600001600021016041608160C1608D49884208D18C490839496841F00F01894A083A46
:201E800051608AE087491431884208D185490839496841F0F001834A083A51607DE08149A6
:201EA0002831884208D17F490839496841F470617C4A083A516070E07A493C31884208D18A
:201EC00078490839496841F47041764A083A516063E074495031884208D1724908394968E5
:201EE00041F470216F4A083A516056E06D496431884208D16B490839496841F47001694A4D
:201F0000083A516049E067497831884208D165490839496841F07061624A083A51603CE04C
:201F20006149884206D1011F096841F00F01021F116032E05C491431884208D15A49091F88
:201F4000096841F0F001584A121F116025E056492831884208D15449091F096841F47061CE
:201F6000514A121F116018E04F493C31884208D14D49091F096841F470414B4A121F116038
:201F80000BE049495031884207D14749091F096841F47021444A121F1160704710B50022E4
:201FA000026847F6F0739A430C6A8B6823430C6923434C6923438C692343CC6923434C6AC9
:201FC00023438C6A23431A430260CB6843600B6883604B68C36010BD0021016041608160AD
:201FE000C160016141618161C161016241628162704721B1026842F00102026004E00268F7
:020000040800F2
:202000004FF6FE731A40026070471AB103680B43036002E003688B43036070474160704723
:202020000146486880B2704701460020002201F080531BB11C4B083B1A6802E0194B083BF2
:202040001A6802EA01030BB1012000E00020704700F0805119B11449091F086002E01149C6
:2020600008394860704701460020002201F080531BB10D4B083B1A6802E00A4B083B1A688E
:2020800002EA01030BB1012000E00020704700F0805119B10449091F086002E001490839E7
:2020A00048607047080002400804024001460020FE4A106800F03800084310607047FB4924
:2020C000096821F00801F94A116011460968014311607047F549096821F01001F34A11600E
:2020E00011460968014311607047F148EF494860F04848607047EE48EC494860ED4848600C
:202100007047EA48006940F08000E84908617047E648006940F08000E449086170470420B4
:20212000E249C96801F0010109B101200EE0DF49C96801F0040109B1022007E0DB49C96820
:2021400001F0100109B1032000E00420704700B502460423FFF7E3FF034603E0FFF7DFFFE9
:202160000346521E012B01D1002AF7D102B90523184600BD30B5044604254FF43020FFF7D7
:20218000E6FF0546042D17D1C848006940F00200C649086108464461006940F0400008619E
:2021A0004FF43020FFF7D3FF0546C048006941F6FD710840BD490861284630BD10B5042464
:2021C0004FF43020FFF7C3FF0446042C16D1B748006940F00400B54908610846006940F069
:2021E000400008614FF43020FFF7B1FF0446AF48006941F6FB710840AC490861204610BDD7
:2022000000B502460423FFF78AFF034603E0FFF786FF0346521E012B01D1002AF7D102B910
:202220000523184600BD10B504244FF43020FFF7E7FF0446042C16D19C48006940F004001D
:202240009A4908610846006940F0400008614FF43020FFF7D5FF04469448006941F6FB7113
:20226000084092490861204610BD00208F49C96901F0020109B1012000E00020704730B50A
:20228000A5250424FFF7F1FF00B100254FF43020FFF75DFF0446042C3AD1854883498860A5
:2022A000844888600846006940F0200008610846006940F0400008614FF43020FFF747FF9B
:2022C0000446042C1BD17948006941F6DF710840764908610846006940F010000861764859
:2022E0000580E002FFF733FF0446052C10D06F48006941F6EF7108406C49086108E0052CBE
:2023000006D06A48006941F6EF71084067490861204630BD78B506460C46042500200090DD
:20232000E802FFF714FF0546042D24D15F48006940F001005D4908613480E802FFF707FF4F
:202340000546042D10D1B01C0090200C00990880E802FFF7FCFE05465448006941F6FE71A7
:2023600008405249086106E05048006941F6FE7108404E490861284678BD70B504460D46D7
:202380000426F002FFF7E3FE0646042E11D14748006940F00100454908612580F002FFF73D
:2023A000D6FE06464148006941F6FE7108403F490861304670BD70B505460E460424E002BB
:2023C000FFF7C5FE0446042C17D1394837498860384888600846006940F0100008612E8083
:2023E000E002FFF7B4FE0446052C06D02F48006941F6EF7108402D490861204670BD2DE9BB
:20240000F04304464FF6FF763746B046B1460425E443E6B2C4F30727C4F307484FEA146992
:20242000E802FFF794FE0546042D49D120481F498860204888600846006940F0100008612C
:20244000FF2E06D01C4808300680E802FFF77FFE0546042D08D1FF2F06D017480A30078081
:20246000E802FFF774FE0546042D0AD1B8F1FF0F07D011480C30A0F80080E802FFF767FE33
:202480000546042D0AD1B9F1FF0F07D00A480E30A0F80090E802FFF75AFE0546052D0FD00A
:2024A0000248006941F6EF71084007E00020024023016745AB89EFCD00F8FF1F6649086153
:2024C0002846BDE8F08330B5054604244FF43020FFF73DFE0446042C41D160485E49886097
:2024E0005F4888600846006940F0200008610846006940F0400008614FF43020FFF727FE9F
:202500000446042C22D15448006941F6DF710840514908610846006940F0100008611DB149
:2025200000205049088002E0A5204E4908804FF43020FFF70CFE0446052C10D046480069AF
:2025400041F6EF7108404449086108E0052C06D04148006941F6DF7108403F49086120469F
:2025600030BDF0B505460E46174604243B483A4988603B488860E002FFF7E9FD0446042C14
:2025800019D13548006940F010003349086147F0F800304328433349891C0880E002FFF7B8
:2025A000D6FD0446052C06D02B48006941F6EF710840294908612046F0BD2748C06980082E
:2025C00070472548006A704700202349096801F0200109B1012000E00020704729B11E4AD3
:2025E000126902431C4B1A6104E01B4A12698243194B1A61704701460020012908D1164A50
:20260000D26902F001020AB1012008E0002006E0114AD2680A400AB1012000E0002070474E
:202620000D49C860704704200B49C96801F0010109B101200EE00849C96801F0040109B1CE
:20264000022007E00449C96801F0100109B1032000E0042070470000002002402301674527
:20266000AB89EFCD00F8FF1F10B50446CC48844208D10121042000F093FB0021042000F099
:202680008FFB46E0C748844208D10121082000F087FB0021082000F083FB3AE0C24884427F
:2026A00008D10121102000F07BFB0021102000F077FB2EE0BD48844208D10121202000F0D2
:2026C0006FFB0021202000F06BFB22E0B848844208D10121402000F063FB0021402000F0F7
:2026E0005FFB16E0B348844208D10121802000F057FB0021802000F053FB0AE0AE48844247
:2027000007D10121801500F04BFB0021A01500F047FB10BD10B50121084600F041FB00219D
:20272000012000F03DFB10BD2DE9F041024600250026002000230024002791F803C00CF0D3
:202740000F0591F803C00CF0100CBCF1000F03D091F802C04CEA050591F800C0BCF1000FE2
:2027600031D0146800202BE04FF0010C0CFA00F3B1F800C00CEA03069E4220D183004FF071
:202780000F0C0CFA03F7BC4305FA03FC4CEA040491F803C0BCF1280F06D14FF0010C0CFA8A
:2027A00000FCC2F814C00AE091F803C0BCF1480F05D14FF0010C0CFA00FCC2F810C0401C4B
:2027C0000828D1D31460B1F800C0BCF1FF0F34DD546800202EE000F1080C4FF0010808FA43
:2027E0000CF3B1F800C00CEA03069E4221D183004FF00F0C0CFA03F7BC4305FA03FC4CEA90
:20280000040491F803C0BCF1280F05D100F1080C08FA0CF8C2F8148091F803C0BCF1480F01
:2028200007D100F1080C4FF0010808FA0CF8C2F81080401C0828CED35460BDE8F0814FF6E7
:20284000FF710180022181700421C17070470246002093680B400BB1012000E00020704724
:202860000146886880B2704702460020D3680B400BB1012000E0002070470146C86880B20D
:20288000704701617047416170470AB1016100E041617047C16070474FF480320A438261BC
:2028A0008161826182698269704702460020434B18684FF68073184040EA021008433F4BAF
:2028C000186070473E49C8617047F0B50A46002300240021002500F00046B6F1004F02D1E1
:2028E000364EF16901E0354E7168C0F3034583B200F44016B6F5401F08D121F070612F4E01
:20290000766826F070662D4F7E6012E000F48016B6F5801F06D1032606FA05F4A14341F0BF
:20292000706106E0460D360103FA06F6B14341F0706122B1460D360103FA06F6314300F0AD
:202940000046B6F1004F02D11C4EF16101E01B4E7160F0BD30B500228B071C0F0F2303FAF1
:2029600004F2164B08338C1053F824309343134C08348D1044F8253023468C1053F8243047
:202980008C07240F00FA04F423430C4C08348D1044F8253030BD0A49DC31086070470000EB
:2029A00000080140000C0140001001400014014000180140001C0140002001400000014083
:2029C0000000204210B50121080700F0F6F900214FF0805000F0F1F910BD2A490862704755
:2029E00028490861704701460020274A106820F0E0000843106070472249A0310860704739
:202A000010B502460020204B186820F00300104318601E4B1B6843F004031C4C2360012985
:202A200001D130BF00E020BF184B1B6823F00403164C236010BD1448006840F00400124911
:202A400008600846006840F0020008600F48006840F004000D49086000BF00BF30BF7047E9
:202A600001460020084A52680A400AB1012000E0002070470449096841EA8001024A1160DF
:202A80007047000000000E420070004010ED00E0DF48006840F00100DD490860084640685E
:202AA000DC490840DA49486008460068DA490840D74908600846006820F480200860084615
:202AC000406820F4FE0048604FF41F0088607047CF49096821F48031CD4A116011460968F4
:202AE00021F480211160B0F5803F03D0B0F5802F0ED106E0C649096841F48031C44A11607A
:202B000007E0C349096841F4A021C14A116000E000BF00BF704710B5014600220023002059
:202B20004A11012A02D1BA4C236806E0022A02D1B74C236A01E0B64C636A01F01F0201244F
:202B400094401C400CB1012000E0002010BD38B5002000900024002500BF3120FFF7DBFFD4
:202B600005460098401C00900098B0F5A06F01D0002DF2D03120FFF7CEFF08B1012400E0A8
:202B80000024204638BD01460020A14A106820F0F80040EAC10010607047A04908607047CA
:202BA000024600209A4B586820F47C1042EA01031843974B5860704798490866704701463F
:202BC0000020934A506820F003000843506070478F48406800F00C007047014600208C4A0C
:202BE000506820F0F00008435060704701460020874A506820F4E06008435060704701462E
:202C00000020834A506820F4605040EAC1005060704729B17E4A527A02437D4B5A7204E0CE
:202C20007B4A527A82437A4B5A7270477B49D8310860704701460020754A506820F4404098
:202C40000843506070470021714A20321170704A82F82010012802D004280AD104E00121A7
:202C60006B4A2032117005E00521694A2032117000E000BF00BF70476949086070476449A8
:202C8000096A0143624A11627047654944390860704730B500210022002400235C4D6D6870
:202CA00005F00C0121B1042905D0082923D105E05C4D056022E05B4D05601FE0544D6D68A2
:202CC00005F47012524D6D6805F48034022505EB92421CB9544D554305600BE04C4D6D68A1
:202CE00005F400351DB1504D5543056002E04D4D5543056002E04B4D056000BF00BF444DD7
:202D00006D6805F0F0010909484D6B5C0568DD4045603F4D6D6805F4E061090A434D6B5C56
:202D20004568DD4085603A4D6D6805F46051C90A3E4D6B5C4568DD40C560354D6D6805F47A
:202D40004041890B3A4D6B5CC568B5FBF3F5056130BD29B12E4A526902432D4B5A6104E08F
:202D60002B4A526982432A4B5A61704729B1284A92690243264B9A6104E0254A926982436C
:202D8000234B9A61704729B1214AD2690243204BDA6104E01E4AD26982431D4BDA61704702
:202DA00029B11B4AD2680243194BDA6004E0184AD2688243164BDA60704729B1144A12696D
:202DC0000243134B1A6104E0114A12698243104B1A61704712494039086070470F49C86452
:202DE00070470B49C87170470948406A40F0807007494862704701460020054A92680A4012
:202E00000AB1012000E000207047014988727047001002400000FFF8FFFFF6FE0000424265
:202E20008004424200127A0000093D00140000202400002010B50446FE48844208D101212A
:202E4000C014FFF7ADFF0021E014FFF7A9FFC4E0B4F1804F08D101210846FFF7AEFF002124
:202E60000120FFF7AAFFB8E0F348844208D101210220FFF7A2FF00210220FFF79EFFACE0E3
:202E8000EE48844208D101210420FFF796FF00210420FFF792FFA0E0E948844208D101214E
:202EA0000820FFF78AFF00210820FFF786FF94E0E448844208D101211020FFF77EFF002182
:202EC0001020FFF77AFF88E0DF48844208D101212020FFF772FF00212020FFF76EFF7CE03C
:202EE000DA48844208D101214014FFF759FF00216014FFF755FF70E0D548844209D101213F
:202F0000C804FFF74DFF00214FF40020FFF748FF63E0D048844209D101210805FFF740FF83
:202F200000214FF48010FFF73BFF56E0CA48844209D101214805FFF733FF00214FF400107A
:202F4000FFF72EFF49E0C548844208D101214020FFF733FF00214020FFF72FFF3DE0C04805
:202F6000844208D101218020FFF727FF00218020FFF723FF31E0BB48844208D10121801591
:202F8000FFF71BFF0021A015FFF717FF25E0B648844209D101210804FFF702FF00214FF413
:202FA0008030FFF7FDFE18E0B048844209D101214804FFF7F5FE00214FF40030FFF7F0FE11
:202FC0000BE0AB48844208D101218804FFF7E8FE00214FF48020FFF7E3FE10BD0022028896
:202FE000944B98420ED0994B98420BD0B0F1804F08D0914B984205D0904B984202D0904B6C
:20300000984204D14FF68F731A404B881A438D4B984207D08C4B984204D04FF6FF431A4041
:20302000CB881A4302808B8883850B880385814B98420BD0854B984208D08B4B984205D0A0
:203040008A4B984202D08A4B984201D10B7A038601238382704770B5002400220023058C61
:203060004FF6FE7635400584028C8388048B4FF68F752C40B51E2C400D882C43751E2A407C
:203080000D892A434D882A436A4DA8420BD06F4DA84208D0744DA84205D0744DA84202D0F4
:2030A000734DA84213D14FF6F7752A404D892A434FF6FB752A408D882A434FF6FF652B406F
:2030C0004FF6FF552B408D892B43CD892B4383800483CD888586028470BD70B5002400229C
:2030E0000023058C4FF6EF7635400584028C8388048B48F6FF752C404FF6FF452C400D88A4
:203100004FF6FF7606EA05252C434FF6DF752A400D8906EA05152A434D8806EA05152A4310
:20312000444DA84202D0494DA8421DD14FF67F752A404D894FF6FF7606EA05152A434FF6E5
:20314000BF752A408D8806EA05152A434FF6FF352B404FF2FF752B408D8906EA85052B4343
:20316000CD8906EA85052B4383800483CD880587028470BD70B5002400220023058C4FF68F
:20318000FF6635400584028C8388848B4FF68F752C404FF6FC752C400D882C434FF6FF55B0
:2031A0002A400D894FF6FF7606EA05252A434D8806EA05252A431F4DA84202D0234DA842F0
:2031C0001DD14FF2FF752A404D894FF6FF7606EA05252A434FF6FF352A408D8806EA0525B9
:2031E0002A434EF6FF752B404DF6FF752B408D8906EA05152B43CD8906EA05152B438380BE
:203200008483CD888587028470BD70B5002200230024058C4EF6FF7635400584038C848822
:20322000828B48F6FF752A404FF6FF452A400D8820E00000002C01400004004000080040E4
:20324000000C0040001000400014004000340140004C0140005001400054014000180040FE
:20326000001C0040002000400040014000440140004801404FF6FF7606EA05252A434DF67F
:20328000FF752B400D8906EA05352B434D8806EA05352B43FA4DA84202D0FA4DA84208D1A7
:2032A0004BF6FF752C408D894FF6FF7606EA85152C4384808283CD88A0F84050038470BDEA
:2032C000828B4FF2FF331A408283828B4FF6FF7303EA01231A4382837047F0B50C461546CF
:2032E000002200210026078C4EF6FF7C07EA0C070784828B018C4FF6FF7707EA043640F6CE
:20330000FF473A404FF6FF7707EA05273A434FF6FF7707EA03373A43D94FB8420ED0D94F0D
:20332000B8420BD0B0F1804F08D0D74FB84205D0D64FB84202D0D64FB84206D14DF6FF77DB
:20334000394046F48057394305E047F6FF57394044F48057394382830184F0BD828B4FF662
:20336000F3731A408283828B0A4382837047F0B50C461546002200210026078C4FF6FF6C74
:2033800007EA0C070784828B018C4FF6FF7707EA04264FF60C773A404FF6FF7707EA031726
:2033A0002F433A43B64FB8420ED0B64FB8420BD0B0F1804F08D0B44FB84205D0B34FB84251
:2033C00002D0B34FB84206D14FF6FF57394046F48077394305E04FF2FF57394044F4807763
:2033E000394382830184F0BD028B4FF2FF331A400283028B4FF6FF7303EA01231A43028304
:203400007047F0B50C461546002200210026078C4FF6EF7C07EA0C070784028B018C4FF609
:20342000FF7707EA041640F6FF473A404FF6FF7707EA03373A434FF6FF7707EA05273A435D
:203440008F4FB8420ED08F4FB8420BD0B0F1804F08D08D4FB84205D08C4FB84202D08C4F8E
:20346000B84206D14FF6DF77394046F01007394305E04FF65F77394044F0100739430283D9
:203480000184F0BD028B4FF6F3731A400283028B0A4302837047F0B50C4615460022002138
:2034A000068C4FF6FE773E400684028B018C4FF60C7632407E1C06EA03162E433243704E1E
:2034C000B0420ED06F4EB0420BD0B0F1804F08D06D4EB04205D06D4EB04202D06C4EB0429D
:2034E00006D14FF6FD76314044F00106314305E04FF6F576314044F001063143028301845E
:20350000F0BD70B505460C465D4885420ED05D4885420BD0B5F1804F08D05B48854205D01F
:203520005A48854202D05A48854200D100E000BF208850B92389A28861882846FFF7ABFFF9
:20354000E1882846FFF79EFF25E0208804280AD12389A28861882846FFF753FFE188284601
:20356000FFF742FF17E0208808280AD12389A28861882846FFF7FBFEE1882846FFF7EEFE95
:2035800009E02389A28861882846FFF7A6FEE1882846FFF795FE70BD2DE9F04105460C460A
:2035A00000260127608808B9022600E00026A088012801D1022700E001272088A0B92389E5
:2035C000A28861882846FFF766FFE1882846FFF759FF23893A4631462846FFF712FFE18869
:2035E0002846FFF701FF13E02389A28861882846FFF707FFE1882846FFF7F6FE23893A465E
:2036000031462846FFF747FFE1882846FFF73AFFBDE8F0810A884B881A438B881A43CB88E8
:203620001A430B891A434B891A438B891A43A0F8442070474FF6FF71818000210180C1804E
:203640004180017270470021018041808180C180018141818181C181704700210180418038
:20366000012181800021C180018170470021018041808180C18001814181818170470000EA
:20368000002C0140003401400004004000080040000C004021B1028842F00102028004E079
:2036A00002884FF6FE731A400280704731B1B0F8442042F40042A0F8442005E0B0F84420E4
:2036C000C2F30E02A0F8442070471AB183890B43838102E083898B43838170478182704718
:2036E00041EA0203A0F8483070471AB183890B43838102E083898B438381704701894FF664
:20370000F8721140018170470A46002101894FF68F73194011430181704730B504460D460B
:2037200029462046FFF7F0FF208940F00700208130BD2DE9F04104460D4616461F46602D2F
:2037400006D13B46012231462046FFF75AFE05E03B46012231462046FFF79DFE29462046F7
:20376000FFF7D2FF208940F007002081BDE8F08130B50C4600210189C9B24FF6FF7505EAE6
:203780000325154325432943018130BD2DE9F04105460E4617469846002443463A463146A1
:2037A0002846FFF7E5FF2C894FF6F870044044F007044FF68F70044044F070042C81BDE85A
:2037C000F081F0B504460D4616461F463B46324629462046FFF7CCFF208940F480402081A8
:2037E000F0BD0185828270470A46002101884FF68F731940114301807047F0B50C46154663
:203800001E460021002200230189028B038C4FF6F877394021434FF6FC473A4040F201175B
:203820003A434FF6DD773B404FF6FF7707EA06172F433B43018102830384F0BD0A46002192
:20384000018B4FF68F7319401143018370470A460021018B48F6FF7319404FF6FF7303EA03
:2038600002231943018370470A460021818B4FF68F7319401143818370470A460021818BE3
:2038800048F6FF7319404FF6FF7303EA022319438183704721B1028842F08002028004E0C9
:2038A00002884FF67F731A400280704721B1828842F00402828004E082884FF6FB731A40A3
:2038C0008280704721B1828842F00802828004E082884FF6F7731A408280704721B1828889
:2038E00042F00102828004E082884FF6FE731A40828070470A460021018B4FF6F7731940D5
:203900001143018370470A460021018B4FF2FF7319404FF6FF7303EA0223194301837047AF
:203920000A460021818B4FF6F77319401143818370470A460021818B4FF2FF7319404FF625
:20394000FF7303EA02231943818370470A460021018B4FF6FB7319401143018370470A46E4
:203960000021018B4FF6FF3319404FF6FF7303EA02231943018370470A460021818B4FF6A8
:20398000FB7319401143818370470A460021818B4FF6FF3319404FF6FF7303EA02231943DF
:2039A000818370470A460021018B4FF67F7319401143018370470A460021018BC1F30E0170
:2039C0004FF6FF7303EA02231943018370470A460021818B4FF67F7319401143818370476B
:2039E0000A460021818BC1F30E014FF6FF7303EA02231943818370470A460021018C4FF664
:203A0000FD7319401143018470470A460021018C4FF6F77319401143018470470A46002146
:203A2000018C4FF6DF7319404FF6FF7303EA02131943018470470A460021018C4FF67F7383
:203A400019404FF6FF7303EA02131943018470470A460021018C4FF6FF5319404FF6FF7317
:203A600003EA02231943018470470A460021018C4FF2FF7319404FF6FF7303EA022319436D
:203A8000018470470A460021018C4DF6FF7319404FF6FF7303EA023319430184704730B588
:203AA000002301248C40A3B2048C9C430484048C02FA01F5ADB22C43048430BD30B50023D9
:203AC00004248C40A3B2048C9C430484048C02FA01F5ADB22C43048430BD70B50346002053
:203AE00000241846183001258D40ACB21D8CA5431D8409B1082909D100EB6100056825F0E6
:203B0000700505600568154305600EE00D1FC5F34E052844056825F4E045056005684FF64E
:203B2000FF7606EA02263543056070BD21B1028842F00202028004E002884FF6FD731A405D
:203B40000280704721B1028842F00402028004E002884FF6FB731A400280704721B1828886
:203B600042F08002828004E082884FF67F731A408280704702884FF6F7731A4002800288B8
:203B80000A430280704782884FF68F731A40828082880A438280704702894FF6F8731A404D
:203BA000028102890A430281704702894FF67F731A40028102890A43028170478184704703
:203BC00081857047818670470187704781877047A0F84010704702884FF6FF431A400280E0
:203BE00002880A43028070470146888E70470146088F70470146888F70470146B1F84000C7
:203C000070470146888C70470146088D704702460020138A0B400BB1012000E00020704764
:203C2000CA430282704730B50246002000230024158A05EA0103958905EA010413B10CB183
:203C4000012000E0002030BDCA4302827047000010B50446FB48844209D101218803FFF779
:203C60009FF800214FF48040FFF79AF832E0F648844209D101214804FFF79FF800214FF4B2
:203C80000030FFF79AF825E0F048844209D101218804FFF792F800214FF48020FFF78DF8E2
:203CA00018E0EB48844209D10121C804FFF785F800214FF40020FFF780F80BE0E548844208
:203CC00008D101210805FFF778F800214FF48010FFF773F810BD2DE9F04786B005460E4632
:203CE0000024A24600BFA1460027B08900B100BF2F462C8A4CF6FF700440F08804432C82B5
:203D0000AC894EF6F3100440B08831890843718908430443AC81AC8A4FF6FF400440B089B6
:203D20000443AC8201A8FEF7B4FFC648874202D1DDF810A001E0DDF80CA0A88900F40040C7
:203D400040B10AEBCA0000EB0A1031684900B0FBF1F807E00AEBCA0000EB0A10316889006B
:203D6000B0FBF1F86420B8FBF0F004012009642101FB1089A88900F4004040B1322000EBBD
:203D8000C900B0FBF1F000F00700044308E0322000EB09106421B0FBF1F000F00F000443FB
:203DA0002C8106B0BDE8F0874FF41651016000218180C18001810C214181002181817047CB
:203DC00010B502460020108A4FF2FF0318400B884C8823438C882343CC8823431843108293
:203DE00010BD0021018041808180C180704721B1828942F40052828104E082894DF6FF738E
:203E00001A4082817047F0B50346002400260025002040F66A17B94200D100BF1846C1F3BD
:203E2000421401F01F06012707FA06F5012C01D10C3004E0022C01D1103000E014301AB1A4
:203E400007682F43076002E00768AF430760F0BD1AB1838A0B43838202E0838A8B438382D6
:203E60007047028A4FF6F0731A400282028A0A430282704782894FF2FF731A40828182893F
:203E80000A438281704721B1828942F00202828104E082894FF6FD731A4082817047028AC1
:203EA0004FF6DF731A400282028A0A430282704721B1028A42F48042028204E0028A4BF6EE
:203EC000FF731A4002827047C1F308028280704701468888C0F308007047818941F001015E
:203EE00081817047028BD2B20283028B42EA012202837047028B02F47F420283028B0A43B8
:203F00000283704721B1828A42F02002828204E0828A4FF6DF731A408282704721B1828AB5
:203F200042F01002828204E0828A4FF6EF731A408282704721B1828A42F00802828204E08B
:203F4000828A4FF6F7731A408282704721B1828942F40042828103E08289C2F30E02828183
:203F6000704721B1828A42F40062828204E0828A4FF2FF731A4082827047828A4FF6FB7399
:203F80001A408282828A0A438282704721B1828A42F00202828204E0828A4FF6FD731A4098
:203FA0008282704702460020B1F5007F00D100BF13880B400BB1012000E00020704701F4BA
:203FC0000072B2F5007F00D100BFCA430280704770B50246002400230025002040F66A16C4
:203FE000B14200D100BFC1F3421501F01F03012606FA03F3012D02D19689334006E0022D5B
:020000040800F2
:2040000002D1168A334001E0968A33400C12012606FA04F41688344013B10CB1012000E075
:20402000002070BD10B50022002340F66A14A14200D100BF0A1201249440A3B2DC430480F5
:2040400010BD0000003801400044004000480040004C00400050004010B50446FA488442DB
:2040600008D101214015FEF79BFE00216015FEF797FE17E0F548844208D101210015FEF743
:204080008FFE00212015FEF78BFE0BE0F048844208D10121C803FEF783FE00214FF40040F6
:2040A000FEF77EFE10BD30B50246002000235068E84C20400D790C6844EA052420435060A2
:2040C0009068E54C2040D1E902542C434D7944EA450420439060D06A20F470000C7C641E80
:2040E000E4B2234340EA0350D06230BD00210160017141718160C16001210174704721B160
:20410000826842F00102826003E0826822F001028260704721B1826842F48072826003E07A
:20412000826822F480728260704710B50023CBB21AB144681C43446002E044689C43446004
:2041400010BD816841F0080181607047014600208A6802F008020AB1012000E000207047EF
:20416000816841F0040181607047014600208A6802F004020AB1012000E00020704721B1D2
:20418000826842F4A002826003E0826822F4A00282607047014600208A6802F480020AB1D1
:2041A000012000E00020704710B50A4600210023416821F46041531E41EA4331416010BDF1
:2041C00021B1426842F40062426003E0426822F4006242607047F0B504460D460020002148
:2041E000092D11DDE068A5F10A0606EB4607072606FA07F18843A5F10A0606EB460603FA9F
:2042000006F10843E0600CE0206905EB4507072606FA07F1884305EB450603FA06F1084301
:204220002061072A0FDA606B561E06EB86071F2606FA07F18843561E06EB860605FA06F137
:204240000843606322E00D2A0FDA206BD61F06EB86071F2606FA07F18843D61F06EB8606B6
:2042600005FA06F10843206310E0E06AA2F10D0606EB86071F2606FA07F18843A2F10D066E
:2042800006EB860605FA06F10843E062F0BD21B1826842F48012826003E0826822F4801296
:2042A000826070470146C86C80B2704766484C300068704721B1426842F48062426003E09F
:2042C000426822F480624260704721B1426842F48052426003E0426822F4805242607047EF
:2042E0000A460021816821F4E04111438160704721B1826842F40042826003E0826822F449
:2043000000428260704721B1826842F40212826003E0826822F402128260704701460020E3
:204320008A6802F400120AB1012000E000207047F0B504461546002000220026092911DD1E
:20434000E068A1F10A0707EB470C072707FA0CF29043A1F10A0707EB470703FA07F2104301
:20436000E0600CE0206901EB410C072707FA0CF2904301EB410703FA07F210432061A06B46
:20438000C0F30156EF1C06F1010CA7EB0C0707EB870C1F2707FA0CF29043EF1C06F1010CB3
:2043A000A7EB0C0707EB870701FA07F21043A063F0BD10B50A4600210023816B21F4401136
:2043C000531E41EA0351816310BD08B5002300930090009B0B440093009B1A6008BD08B525
:2043E000024600200090009201F12800009B184400900098006880B208BD0A460021416881
:20440000164B19401143416070474162826270470A460021416821F01F0111434160704701
:2044200040B109490831096841F40001064A0832116007E004490831096821F40001024A1E
:2044400008321160704700000024014000280140003C0140FFFEF0FFFDF7F1FFFFFD3FFFA5
:204460000246002013680B400BB1012000E000207047CA430260704770B5024600200023A4
:2044800000240B125568CEB205EA060415681D4015B10CB1012000E0002070BD00220A12BC
:2044A000D34303607047000029B1504A128802434E4B1A8004E04D4A128882434B4B1A803C
:2044C00070474A48001D008840F010004749091D088070474548001D00884FF6EF7108409A
:2044E0004249091D08807047002140481C300188001F008841EA0040704700B50246FFF792
:20450000E0FF100C394918310880091D0A80FFF7E1FF00BD00B50246FFF7D3FFC2F303404D
:20452000324908310880091D0A80FFF7D3FF00BD00B50246FFF7C5FF100C2C4920310880E9
:20454000091D0A80FFF7C6FF00BD00202749103109880907080B2549143109880843704768
:2045600000BF2248001D008800F020000028F8D070471E48001D00884FF6F77108401B4952
:20458000091D088000BF1948001D008800F008000028F8D0704701460020144A121D12887B
:2045A0000A400AB1012000E0002070470F49091D098881430D4A121D118070470146002016
:2045C0000A4A121D12880A40D0B2084A12880A4012B108B1012000E0002070470349091DF6
:2045E00009888143014A121D118070470028004030BF704772B6704762B6704710B54FF4E0
:20460000A060FDF759FB10BD7FB505460C4601211020FEF7B8FBADF80850ADF804400020B4
:20462000ADF80A00ADF8060001A91948FEF7D6FC012211461648FFF748F836208DF8000065
:2046400003208DF801008DF8020001208DF803006846FDF736FB01210D48FFF71BF800200E
:204660000C4908607FBD0B490860704710B501210748FFF7D8FA012805D10648006810B15A
:2046800004480068804701210148FFF7DDFA10BD001000402800002010B56FF00400FDF7E6
:2046A0005AFB4FF0E020006940F002004FF0E021086142F2283048610846006940F0010005
:2046C000086110BDF0B504460D4600212AE001EB81008B4E56F8200010BB01EB810046F80D
:2046E0002040012001EB8106854F07EB8606707401EB81003E4606EB8000456001EB81001C
:2047000006EB8000826001EB810006EB80000374002001EB810607EB8606F0600846F0BD95
:20472000481CC1B21E29D2DBFF20F8E710B50146002027E000EB8002714B53F822208A42FB
:204740001ED1002200EB80036D4C44F8232000EB800304EB83035A7400EB800304EB83030E
:204760005A6000EB800304EB83039A6000EB800304EB83031A7400EB800304EB8303DA6014
:20478000421CD0B21E28D5DB10BD002100EB80025B4B43F8221000EB800203EB8202517431
:2047A00000EB800203EB8202516000EB800203EB8202916000EB800203EB8202117400EB4A
:2047C000800203EB8202D1607047002048E000EB80014B4A02EB8101097CE9BB00EB8001B0
:2047E00002EB8101497C012938D100EB800102EB8101C96881BB00EB800102EB810149687E
:2048000059B100EB800102EB81014968491E00EB80023B4B03EB8202516000EB8001384A97
:2048200002EB81014968B9B9012100EB8002344B03EB8202D16000EB80011A4602EB8101FA
:20484000896849B100EB800102EB8101896800EB800203EB820200E000E05160411CC8B27A
:204860001E28B4DB704710B5002440E004EB8400234901EB8000407C012836D104EB8400F9
:2048800051F8200088B304EB840001EB8000007C012806D104EB8401194A52F82100804710
:2048A00023E004EB8400164901EB8000007CE0B904EB840001EB8000C068B0B104EB8401C6
:2048C0000F4A52F821008047002004EB84010C4A02EB8101C86004EB8400114601EB800096
:2048E000806810B92046FFF750FF601CC4B21E2CBCDB10BD10B504F0A9FBFFF766FF10BD37
:204900005C0C0020002000210160704710B5FFF7C3FE04F03FFA04F0E5FA04F0A1F906F0B6
:20492000B7FA03F0F3F902F0A1F804F0FCF801F056FC01F0F4FC01F024FE01F01EF812F034
:204940002BFA07F020FD05F0B8FA07F0E7FB04460EF089FB01230A2211463548FFF7B2FE08
:2049600000230A2211463348FFF7ACFE00230A2205213148FFF7A6FE0123002205212F480B
:20498000FFF7A0FE0023642208212D48FFF79AFE00234FF47A7205212A48FFF793FE00231A
:2049A0000A2211462848FFF78DFE00230A2211462648FFF787FE00230A2211462448FFF7EC
:2049C00081FE00230A2211462248FFF77BFE00230A2211462048FFF775FE00234FF47A7210
:2049E00064211E48FFF76EFE0023642219461C48FFF768FE00230A2219461A48FFF762FE3C
:204A000000230A2205211848FFF75CFE0123002205211648FFF756FE00230A22114614485B
:204A2000FFF750FE10BD10B5FFF71DFF10BD00003D7D00086B6F0008215D00081B5E000816
:204A4000F58C0008358C0008738E000825980008DF6C0108D33C0108F933010851480108F3
:204A600071F6000805AF000839E40008F5E5000881A0000870B503460C4603E014F8015BD0
:204A800003F8015B1500A2F10102F7D170BD30B5034601E003F8011B1400A2F10102F9D185
:204AA00030BD00B57C494FF42072C8680021FFF7EEFF79494FF4A04288680021FFF7E7FFB2
:204AC00001207549087400BD0022002105E07248C068405C00B1521C491CB1F5207FF6D386
:204AE000642050434FF42073B0FBF3F0C0B270472DE9F04106460024A0466748007C10B981
:204B00006549086880471EB94FF0FF30BDE8F08162480068B6FBF0F085B260480068B6FBBA
:204B2000F0F100FB116008B1681C85B25C480068441E1BE05848C068005D20B908F1010053
:204B40001FFA80F801E04FF00008A8450DD1002704E05149C968E2198D547F1CAF42F8D3C8
:204B60004E49096804FB01F0D0E7641E002CE1DA4FF0FF30CAE770B505464748007C20B9AA
:204B8000454908688047012070BD46480068854212D242480068B5FBF0F13F48C068425C91
:204BA000002405E000203C4BDB680E199855641C9442F7DB0020E7E70220E5E72DE9F041A3
:204BC00005463548007C20B9334908688047BDE8F081314880682E1A3248006886421ED2AC
:204BE0002E4B1B68B6FBF3F02B4BDB68195C2A46002402E000231355641C284B1B684B43F2
:204C0000A342F7D8002407E00023234FFF6800EB040C07F80C30641C8C42F5DBD7E700BF08
:204C2000D5E770B5044604B970BD1B488068251AFFF7E0FC2046FFF7C1FFFFF7DDFC00BF59
:204C4000F2E770B50546FFF7D5FC2846FFF750FF0446FFF7D1FC601C08B9002070BD0E48A4
:204C600080682044FAE770B506460C462046FFF73FFF0546681C08B9002070BD064989688D
:204C8000481922463146FFF7F5FE3046FFF7C9FF014880682844F0E738000020300000209B
:204CA0002C00002034000020012080F3138800BF00BF6548006800F4E06064490843001D49
:204CC00061490860BFF3408F00BF00BFFEE72DE9F05F06460F4690460024B3463D46A1467B
:204CE00017E068784FEA002A28788244AD1C2046641C574921F810A0B4F5806F07D1002468
:204D00004FF48062584600F0DAF80BF5006B09F10209C145E5D324B1A2B24D49584600F093
:204D2000CEF8BDE8F09F10B50446206849490840B0F1005F08D16068474908602068FCF7F4
:204D40008BFE45480068804710BD08B54FF6FF70009002226946414800F0B1F84048FFF7CD
:204D6000E2FF08BD3E483849091F08607047F0B59BB005460E461746684600F029F932461B
:204D80002946684600F0F9FC17A9684600F05AFD002409E0395D17A8005D814202D00020E8
:204DA0001BB0F0BD601CC4B2102CF3DBFF20F7E738B50446221D2B482168FFF7D8FF50B142
:204DC0000020009002226946244800F078F8FCF746FEFF2038BD0020FCE738B50446221DC0
:204DE00020482168FFF7C3FF40B100200090022269461A4800F063F8FF2038BD0020FCE7D2
:204E000000201949088019490860704710B50446208815490988884214D1628813490968FB
:204E2000104BC818211DFFF752FF0F480088401C0D49088060880D49096808440B490860E2
:204E4000FF2010BD0020FCE70CED00E00000FA05346100200000FE2F4C0000200014000821
:204E60000018000800A8010850000020540000200146088870472DE9F04105460E461746AC
:204E8000002407E036F814102846FDF776FAAD1C601C84B2BC42F5DBBDE8F08130B5034656
:204EA0000C461546002207E01846FFF7E1FF24F812009B1C501C82B2AA42F5DB30BD2DE9C4
:204EC000F05F80468A461746B8F1006F02D33748804501D3BDE8F09FFDF707F9A8F1006B5F
:204EE0004FEADB25CBF34909C9F58064A74200DC3C464DE04FF0006101EBC5204A142C490F
:204F0000FFF7CCFF00260BE009EB0600284931F810004FF6FF71884200D003E0701C86B225
:204F2000A642F1DB00BFA6421BDA4FF0006101EBC520FDF71FF9002608E03AF8160006EB5D
:204F400009011B4A22F81100701C86B2A642F4DB4FF0006101EBC5204A141549FFF78BFF8F
:204F600004E0224651464046FFF785FFA74200D10FE06D1C4FF000090AEB440AA044381B5A
:204F800087B2B7F5806F02DD4FF4806400E03C46B0E700BFFDF7B5F800BF9BE713B504468B
:204FA000012201A92046FFF78AFF1CBD0000040834690020014600BF704700BF704770B545
:204FC00004460D46E1B2002005F021FD204670BD002101604160FE498160FE4AC260CA4319
:204FE0000261FC4AD2434261704770B503460024002010E00E5C451C4D5D46EA0526851C86
:205000004D5D46EA0546C51C4D5D46EA056543F82450641C001D9042ECD370BD2DE9F043F3
:20502000C0B080468946D8F80040D8F80450D8F80860D8F80C70402249466846FFF7D5FF4A
:2050400005EA060027EA0501084300990844E24908440444E00140EA54642C4404EA05002F
:2050600026EA0401084301990844DC4908440744380340EA1757274407EA040025EA0701E4
:20508000084302990844D64908440644700440EAD6363E4406EA070024EA0601084303990A
:2050A0000844D04908440544A80540EA9525354405EA060027EA0501084304990844CA4999
:2050C00008440444E00140EA54642C4404EA050026EA0401084305990844C4490844074428
:2050E000380340EA1757274407EA040025EA0701084306990844BE4908440644700440EAF5
:20510000D6363E4406EA070024EA0601084307990844B84908440544A80540EA952535441E
:2051200005EA060027EA0501084308990844B24908440444E00140EA54642C4404EA050076
:2051400026EA0401084309990844AC4908440744380340EA1757274407EA040025EA07012B
:2051600008430A990844A0F524404F380644700440EAD6363E4406EA070024EA06010843A8
:205180000B9908449E4908440544A80540EA9525354405EA060027EA050108430C99084451
:2051A000984908440444E00140EA54642C4404EA050026EA040108430D99084492490844DB
:2051C0000744380340EA1757274407EA040025EA070108430E9908448C490844064470041D
:2051E00040EAD6363E4406EA070024EA060108430F990844864908440544A80540EA9525B7
:20520000354405EA070026EA0701084301990844804908440444600140EAD4642C4404EA58
:20522000060025EA06010843069908447A4908440744780240EAD757274407EA050024EA81
:20524000050108430B990844744908440644B00340EA96463E4406EA040027EA040108432A
:20526000009908446E4908440544280540EA1535354405EA070026EA0701084305990844A0
:20528000684908440444600140EAD4642C4404EA060025EA060108430A990844624908445B
:2052A0000744780240EAD757274407EA050024EA050108430F9908445C4908440644B0032F
:2052C00040EA96463E4406EA040027EA0401084304990844564908440544280540EA153533
:2052E000354405EA070026EA0701084309990844504908440444600140EAD4642C4404EAA0
:20530000060025EA060108430E9908444A4908440744780240EAD757274407EA050024EAC8
:205320000501084303990844444908440644B00340EA96463E4406EA040027EA0401084381
:20534000089908443E4908440544280540EA1535354405EA070026EA070108430D990844DF
:20536000384908440444600140EAD4642C4404EA060025EA060108430299084432490844E2
:205380000744780240EAD757274407EA050024EA05010843079908442C4908440644B00386
:2053A00040EA96463E4406EA040027EA040108430C990844264908440544280540EA15357A
:2053C000354485EA0600784005990844214943E00123456789ABCDEF78A46AD756B7C7E8D7
:2053E000DB702024EECEBDC1AF0F7CF52AC68747134630A8019546FDD8988069AFF7448B1F
:20540000BED75C892211906B937198FD8E4379A62108B44962251EF640B340C0515A5E2678
:20542000AAC7B6E95D102FD65314440281E6A1D8C8FBD3E7E6CDE121D60737C3870DD5F4F7
:20544000ED145A4505E9E3A9F8A3EFFCD9026F678A4C2A8D4239FAFF08440444200140EA1B
:2054600014742C4484EA0500704008990844FC4908440744F80240EA5757274487EA040096
:2054800068400B990844F74908440644300440EA16463E4486EA070060400E990844F2491D
:2054A00008440544E80540EA5525354485EA0600784001990844ED4908440444200140EA25
:2054C00014742C4484EA0500704004990844E84908440744F80240EA5757274487EA04004E
:2054E000684007990844E34908440644300440EA16463E4486EA070060400A990844DE49ED
:2055000008440544E80540EA5525354485EA060078400D990844D94908440444200140EACC
:2055200014742C4484EA0500704000990844D44908440744F80240EA5757274487EA040005
:20554000684003990844CF4908440644300440EA16463E4486EA0700604006990844CA49BC
:2055600008440544E80540EA5525354485EA0600784009990844C54908440444200140EA84
:2055800014742C4484EA050070400C990844C04908440744F80240EA5757274487EA0400AD
:2055A00068400F990844BB4908440644300440EA16463E4486EA0700604002990844B6497C
:2055C00008440544E80540EA5525354465EA0700704000990844B14908440444A00140EAE8
:2055E00094642C4464EA0600684007990844AC4908440744B80240EA9757274467EA05003C
:2056000060400E990844A74908440644F00340EA56463E4466EA0400784005990844A24955
:2056200008440544680540EAD525354465EA070070400C9908449D4908440444A00140EA8F
:2056400094642C4464EA0600684003990844984908440744B80240EA9757274467EA0500F3
:2056600060400A990844934908440644F00340EA56463E4466EA04007840019908448E4925
:2056800008440544680540EAD525354465EA0700704008990844894908440444A00140EA47
:2056A00094642C4464EA060068400F990844844908440744B80240EA9757274467EA05009B
:2056C0006040069908447F4908440644F00340EA56463E4466EA040078400D9908447A49E5
:2056E00008440544680540EAD525354465EA0700704004990844754908440444A00140EAFF
:2057000094642C4464EA060068400B990844704908440744B80240EA9757274467EA050052
:205720006040029908446B4908440644F00340EA56463E4466EA04007840099908446649B4
:2057400008440544680540EAD5253544D8F800002044C8F80000D8F804002844C8F80400B2
:20576000D8F808003044C8F80800D8F80C003844C8F80C0040B0BDE8F0832DE9F047044652
:205780000F4615460026B046B1462088C0F3C508C8F14009206800EBC50020602068B0EB41
:2057A000C50F02D26068401C6060606800EB557060604D451CD304F1180101EB08004A4612
:2057C000394615F0F2FE04F1180104F10800FFF725FC4E4605E0B91904F10800FFF71EFCDB
:2057E000403606F14000A842F5D94FF0000800E00026AA1BB91904F1180303EB080015F055
:20580000D4FEBDE8F08770B5034614460022002015E011F822501D5431F82250C5F307262F
:20582000451C5E5551F82250C5F30746851C5E5551F822502D0EC61C9D55521C001DA04209
:20584000E7D370BD2DE9FC4104460E46002500272088C0F3C505382D40D2C5F138003FE07B
:2058600081F6718722619D6D0C38E5FD44EABEA4A9CFDE4B604BBBF670BCBFBEC67E9B28C9
:20588000FA27A1EA8530EFD4051D880439D0D4D9E599DBE6F87CA21F6556ACC4442229F45E
:2058A00097FF2A43A72394AB39A093FCC3595B6592CC0C8F7DF4EFFFD15D84854F7EA86F25
:2058C000E0E62CFE144301A3A111084E827E53F735F23ABDBBD2D72A91D386EBC5F17800DC
:2058E0000746082221466846FFF78DFF3A4608492046FFF742FF082269462046FFF73DFFBB
:20590000102204F108013046FFF77DFFBDE8FC815800002070B5054600240AE021460020D0
:2059200000F0B8FF81B2FB4800EB44000180601CC4B2082CF2DB00240BE02146012000F020
:20594000A9FF81B2F348203000EB44000180601CC4B2082CF1DB00240BE02146022000F0B7
:2059600099FF81B2EB48403000EB44000180601CC4B2082CF1DB70BD70470020E64981F86B
:20598000FD0181F8FC014FF4FA70A1F8EC010020A1F8F201A1F8F001A1F8EE01012081F808
:2059A000EA01002081F8E80181F8FE0181F8E90181F8FF0181F8E10181F8E001142081F8C4
:2059C000E201704770477047D34890F8E201704710B50446D04890F8E20108B9002010BD42
:2059E000CD4991F8E01101EB4101CB4A02EBC10018222146FFF73EF8C74890F8E001401C85
:205A0000C54981F8E001084690F8E201401E81F8E201084690F8E001142802D1002081F84C
:205A2000E001FF20DBE710B50446BB4890F8E201142801D1002010BDB74890F8E10100EBD8
:205A40004000B54A02EBC00118222046FFF712F8B14890F8E101401CAF4981F8E101084659
:205A600090F8E201401C81F8E201084690F8E101142802D1002081F8E1010120DBE72DE9C8
:205A8000F04387B080460C4616461F46DDF838902546A9788DF81210E9788DF8131028784A
:205AA0008DF8100069788DF81110CDF81490CDE902678DF800806846FFF78AFF07B0BDE8B4
:205AC000F083954981F8FE017047934890F8FE01704770B50446207C00F0B6FF002848D13C
:205AE00002208D4981F8FC01207C00F081FF48BB8948B0F8EC01B0F5967F51DA207C02F050
:205B000043FA18B9207C02F02CFA20B1E07C401EE074012070BD8048B0F8EC0100283FD101
:205B20007D4890F8FD0158B101207B4981F8FC01084690F8FD01401E81F8FD010220E9E71B
:205B40000320E7E7207C00F053FF0546012D0ED1207C02F019FA18B9207C02F002FA20B151
:205B6000E07C401EE0740520D4E70420D2E70620D0E7207C00F059FF012811D1207C02F000
:205B800003FA18B9207C02F0ECF948B1E07C401EE074627CA17C207C00F067FE0120B9E710
:205BA0000020B7E770B5044600265C48007830B1012811D0022828D003280CD151E0002010
:205BC000554981F8FC010120544908704FF47A705149A1F8F20191E0627CA17C207C00F030
:205BE00015FE88B1207C02F0CFF9207C02F0B9F94FF4FA704849A1F8EC01022047490870D5
:205C000014204549A1F8F20178E0207C00F01CFF022825D1207C02F0B7F9207C02F0A1F9B1
:205C200001F027F820B13C4890F8FC01012804D10020394981F8FD0103E00120364981F867
:205C4000FD010120344981F8FC010320334908704FF47A703049A1F8F2014010A1F8EC0113
:205C60004CE02046FFF735FF0546072D44D2DFE805F004050E1720313A003DE0FF260020FC
:205C80002649087014202449A1F8F20134E00120224908704FF47A701F49A1F8F2012BE0AC
:205CA000032600201D49087014201B49A1F8F20122E0627CA17C207C00F0FFFD08B1042631
:205CC00000E0012600201549087014201249A1F8F20111E0052600201049087014200E4914
:205CE000A1F8F20108E0022600200C49087014200949A1F8F20100BF00BF00BF00BF0648BF
:205D0000B0F8F20118B90E26002004490870304670BD00006501002038710020C501002026
:205D200000B5FB4890F8FC0102280BD1F848B0F8EC01002806DDF648B0F8EC01401EF44992
:205D4000A1F8EC01F248B0F8F601642807DAF048B0F8F601401CEE49A1F8F60105E0FFF7A2
:205D60000BFE0020EA49A1F8F601E948B0F8F201002806DDE648B0F8F201401EE449A1F873
:205D8000F201E348B0F8F001002806DDE048B0F8F001401EDE49A1F8F001DD48B0F8EE01B5
:205DA000002806DDDA48B0F8EE01401ED849A1F8EE01D748B0F8F401002806DDD448B0F88D
:205DC000F401401ED249A1F8F401D148B0F8F801002806DDCE48B0F8F801401ECC49A1F83F
:205DE000F801CB48B0F8FA01002806DDC848B0F8FA01401EC649A1F8FA0100BD4379821D1D
:205E000002EB830211604279521C4271704701464879062202EB800070477FB5BC4890F8F8
:205E2000FE010F287DD2DFE800F0087C9B7C7C7C7C2861F2336CF1F02400B648FFF7F3FD14
:205E4000B0B10120B24981F8E901B248807CB2498870B048C07CC870AE48007C0870AD482E
:205E6000407C48700020487108710E20FFF729FE95E10220FFF725FE91E141F658336422A6
:205E80000121002003F032F80A20FFF71AFE86E1002003F04EF840BB002003F061F838B953
:205EA0009E499D48FFF7AAFF0220FFF70AFE1CE09A4966319848FFF7A1FF9648406970B1C3
:205EC0009548FFF7A4FF85B29248C1688068CDE90001904908782A464B698F49984702A895
:205EE0000EF018FB0020FFF7ECFD58E141F6583364220021084602F0F9FF0B20FFF7E1FDB9
:205F00004DE1002003F015F848BB002003F028F840B982498048FFF771FF0220FFF7D1FD25
:205F20001DE03BE17D4969317B48FFF767FF7948406970B17848FFF76AFF85B27548C16802
:205F40008068CDE90001734908782A464B697249984702A80EF0DEFA0020FFF7B2FD1EE164
:205F60006C48FFF71FFE04462046042C58D007DC68B101280CD0022819D0032807D126E035
:205F800005285DD00E2874D0FF28F7D181E097E063496148FFF732FF62495F48FFF72EFF75
:205FA00000205D4908710D20FFF78BFD88E05C49491E5948FFF722FF5A495748FFF71EFF76
:205FC0000020554908710D20FFF77BFD78E056495148FFF713FF00204F4908714C4890F80A
:205FE000FF01401C4A4981F8FF01084690F8FF01022804DC4749087C01F0A0FF40B1494932
:020000040800F2
:20600000491C4548FFF7FAFE06E05BE09BE08FE044494148FFF7F2FE0D20FFF752FD4FE0F8
:206020003F49891E3C48FFF7E9FE3E493A48FFF7E5FE0020384908710D20FFF742FD3FE053
:206040000020334981F8FF013349087802F024FE3349891E3048FFF7D1FE34492E48FFF7D2
:20606000CDFE01202C4908710D20FFF72AFD27E0FFE72B49491C2848FFF7C0FE2949264832
:20608000FFF7BCFE0020244908710D20FFF719FD16E02149087802F0FFFD00201C4981F845
:2060A000FF0121491C48FFF7A9FE20491A48FFF7A5FE0120184908710D20FFF702FD00BF35
:2060C00000BF6CE01348406970B11348FFF79FFE85B21049D1E90201CDE900010D490878C8
:2060E0002A464B690C4998470B48D0F80A000A4D0090D5F80630AA786978287810F055FF42
:2061000002A80EF007FA0020FFF7DBFC47E00000387100203873002050730020E0A50100C5
:20612000B78B010001900100888A0100708E010041F6583364220021084602F0D7FE0C20CE
:20614000FFF7BFFC2BE0002002F0F3FE28BB002002F006FF20B913491348FFF74FFE04E0CF
:20616000104969311048FFF749FE1048406970B10D48FFF74CFE85B20C48C1688068CDE98E
:2061800000010A4908782A464B690749984702A80EF0C0F90020FFF794FC00E000BF00BF73
:2061A0007FBD0000E0A50100507300203873002010B5044614B902F075FA10BD3A4800EBF8
:2061C000C400C079F9E710B504461CB902F06DFAC0B210BD344800EBC4008079F9E710B59D
:2061E000324800F0FCF8314B9A7859781B7803F0010002F05EFA04222C492B48FEF73AFCD8
:2062000004222A49091D28480830FEF733FC04222649083124481030FEF72CFC10BD38B5A2
:2062200005460C46207820B9E278A178607802F040FA617820781D4A12F8200061F3000083
:20624000217802F82100A078217802EB81014870E07840B2217802EB81018870104600F022
:20626000A6F861782078104A12F8300061F30000217802F83100A078217802EBC10148704B
:20628000E07840B2217802EBC101887020788DF8000000208DF8020001208DF801000020E9
:2062A0008DF8030038BD0000767300208E7300200146F84830F811007047F74890F8FE00FB
:2062C0007047F54890F8FC007047F0B50346002400201A4600BF03E015682844121D641CC3
:2062E000B4EB910FF8D301F0030555B101F00306C6F10406F7004FF0FF36FE40156835403F
:206300002844F0BD02460B46002104E0505C08B100207047491C9942F8D3FF20F9E710B5BB
:20632000DE48DF4908604FF43171DD480068FFF7CCFF0446DA480068D0F8C402A04226D139
:20634000F4B94FF43171D6480068FFF7DBFFFF280FD14FF43171D048FFF7B7FF0446CE4845
:20636000C0F8C4424FF4B2720146CC48FEF7A7FD1CE04FF4B272C849C848FEF78FFD15E00A
:206380004FF4B272C449C548FEF788FD0EE04FF43171C148FFF799FF0446BF48C0F8C44289
:2063A0004FF4B2720146BD48FEF789FD10BD70B504460C222146B8482430FEF75BFB4FF4FC
:2063C0003171B548FFF781FF0546B348C0F8C4524FF4B2720146B148FEF771FD70BD10B598
:2063E00004460C22AC4924312046FEF743FB10BD70B50446CC222146A7483030FEF73AFB38
:206400004FF43171A448FFF760FF0546A248C0F8C4524FF4B2720146A048FEF750FD70BD4E
:2064200010B50446CC229C4930312046FEF722FB10BD70B50446242221469748FEF71AFBCF
:206440004FF431719448FFF740FF05469248C0F8C4524FF4B27201469048FEF730FD70BD7E
:2064600010B5044624228C492046FEF703FB10BD70B504468022214686482030FEF7FAFA4D
:206480004FF431718448FFF720FF05468248C0F8C4524FF4B27201468048FEF710FD70BDAE
:2064A00010B5044680227B4920312046FEF7E2FA10BD70B505460C46224629467548A330E9
:2064C000FEF7D8FA744880F8A1414FF43171FFF7FCFE06467048C0F8C4624FF4B27201467A
:2064E0006E48FEF7ECFC70BD70B505460C46224629466848C330FEF7BDFA674880F8A241EA
:206500004FF43171FFF7E1FE06466348C0F8C4624FF4B27201466148FEF7D1FC70BD10B5E1
:2065200004465D4890F8A12100F2A3112046FEF7A1FA10BD10B50446574890F8A22100F2CE
:20654000C3112046FEF796FA10BD534890F8A201704770B50446504880F8A0414FF43171ED
:20656000FFF7B3FE05464C48C0F8C4524FF4B27201464A48FEF7A3FC70BD474890F8A0010E
:20658000704710B50024474847490860C42146480068FFF79AFE044643480068D0F8C400A2
:2065A000A04221D1D4B94048006800884AF2A00188420DD0C4213D48FFF787FE04463B48CC
:2065C000C0F8C440642201463648FEF778FC18E0642236493348FEF761FC12E0642233498D
:2065E0003048FEF75BFC0CE0C4213048FFF76DFE04462E48C0F8C440642201462948FEF77E
:206600005EFC10BD10B5044654222849091D2046FEF730FA10BD70B504465422214623482E
:20662000001DFEF727FAC4212048FFF74EFE05461E48C0F8C450642201461A48FEF73FFCBC
:2066400070BD10B504462022184958312046FEF711FA10BD70B504462022214613485830A4
:20666000FEF708FAC4211148FFF72FFE05460F48C0F8C450642201460A48FEF720FC70BDF7
:2066800010B504462A22094978312046FEF7F2F910BD0000CC020020CC01002000D80308D3
:2066A000C801002000EC0308940400209804002070B504462A2221465148FEF7DBF9C4211D
:2066C0004F487838FFF701FE05464D487838C0F8C450642201464B48FEF7F1FB70BD10B5EF
:2066E0000446202246492A312046FEF7C3F910BD70B504462022214641482A30FEF7BAF99D
:20670000C4213F487838FFF7E0FD05463C487838C0F8C450642201463A48FEF7D0FB70BD03
:2067200008B500200090012269463748FEF7B6FBBDF8000008BD08B500200090012269463C
:206740003148801CFEF7AAFBBDF8000008BD08B500200090012269462B48001DFEF79EFBB3
:20676000BDF8000008BD08B500200090012269462548801DFEF792FBBDF8000008BD70B535
:2067800004460D46B4F5616F09DAC4EBC4011E4A083202EB81000E222946FEF77FFB70BD41
:2067A00070B504460D46B4F5616F09DAC4EBC401154A083202EB81000E222946FEF77FFB32
:2067C00070BD01B5012269460F48FEF778FB08BD01B5012269460C48801CFEF770FB08BDE3
:2067E00001B5012269460848001DFEF768FB08BD01B5012269460448801DFEF760FB08BD01
:206800001005002000EC03080048020870B504460E46154624B92946304600F03DF970BDC7
:2068200004EB840000EBC4008F4901EBC000807808B10020F3E7012004EB840101EBC401C1
:20684000894A02EBC101087104EB840000EBC400114601EBC000867104EB840000EBC400FF
:2068600001EBC0004571FF20D9E770B504460D46164624B93146284600F01EF970BD0020A3
:2068800004EB840101EBC401774A02EBC101087100BFF3E770B504460D461CB9284600F05C
:2068A00010F970BD04EB840000EBC4006E4901EBC000083050F82500F3E770B504460E46DB
:2068C00015466CB929462046FFF7E4FF04EB840101EBC401644A02EBC101083141F8250071
:2068E00004EB840000EBC4005F4901EBC000083050F825100120B040014009B1012070BD13
:206900000020FCE7024602EB820000EBC200564B03EBC000283050F831007047024602EB04
:20692000820000EBC200504B03EBC0004078704770B504460E4615466CB929462046FFF762
:20694000E1FF04EB840101EBC401474A02EBC101283141F8350004EB840000EBC40042497E
:2069600001EBC000283050F835100120B040014009B1012070BD0020FCE770B504460D4667
:206980001CB9284600F04CF970BD04EB840000EBC400354901EBC000283000EBC500406856
:2069A000F2E770B504460E46154674B929462046FFF7E3FF04EB840101EBC4012A4A02EB80
:2069C000C101283101EBC501486004EB840000EBC400254901EBC000283000EBC500406856
:2069E0000121B140084008B1012070BD0020FCE710B5044614B900F034F910BD04EB8400F9
:206A000000EBC400184901EBC0004078F5E710B5044614B900F029F910BD04EB840000EB0D
:206A2000C400114911F83000F6E710B5044614B900F01FF910BD04EB840000EBC4000A49FC
:206A400001EBC000C078F5E710B5044614B900F0DBF810BD04EB840000EBC400024901EBB1
:206A6000C0008078F5E700009C73002010B500240CE0002104EB440000EB0412FE4840F8AB
:206A80002210603840F82410601CC4B2082CF0DB00F06CFE10BD70470246F7487838807CBE
:206AA00008B1002070470120F34B783B1875184682754175FF20F5E70022EF4B783B1A7503
:206AC00070470146EC48603850F8210070470246E948603850F8210001239340184008B14A
:206AE000012070470020FCE70146E348403850F8310070470146E0487838407C704710B54A
:206B00000246DD48403850F831000124944000EA04030BB1012010BD0020FCE730B5024653
:206B200001EB410000EB0114D34800EB840040680124944000EA040393B101EB410000EBB0
:206B40000114CD4800EB84004068984301EB410404EB0115C84C04EB85046060012030BD89
:206B60000020FCE730B5024601EB410000EB0114C14800EB840080680124944000EA04036E
:206B800093B101EB410000EB0114BB4800EB84008068984301EB410404EB0115B64C04EB28
:206BA0008504A060012030BD0020FCE710B5024601EB410000EB0114AF4850F82400012479
:206BC000944000EA04030BB1012010BD0020FCE7024601EB410000EB0113A74800EB830072
:206BE0000C3030F812007047A3487838C0687047024601EB410000EB01139F4800EB830025
:206C00002C3030F8120070479B487838807C704799487838017D09B1012070470020FCE73D
:206C200001469548403800EBC1004068704710B502469148403800EBC10040680124944002
:206C400000EA04030BB1012010BD0020FCE702460B4689487838417C09B10120704700200D
:206C6000FCE785487838407C704783487838007C704781487838C07C704710B57E487838EC
:206C8000007D38B100207D4908707D4908707D49087010BD79480078052808DA7748007868
:206CA000401C764908707648007800F00EFB7348007805287ED173480178022000F0C0FE5F
:206CC00088B16D4860386F49097850F821006C490A7801219140084367496039694A127891
:206CE00041F8220010E0644860386649097850F8210063490A780121914088435E49603940
:206D0000604A127841F822005E480178012000F097FEB8B15B48007800EB400101EB001172
:206D2000554850F8210056490A780121914008435449097801EB410202EB01124E4941F8D1
:206D4000220016E04F48007800EB400101EB0011494850F821004A490A7801219140884316
:206D60004849097801EB410202EB0112424941F8220044480178012000F0C0FEC0B141481E
:206D8000007800EB400101EB00113B4800EB810040683B490A780121914008433949097874
:206DA00001EB410202EB0112334901EB82014860344800E036E00178012000F07AFEC0B12C
:206DC0003048007800EB400101EB00112A4800EB810080682A490A7801219140084329492F
:206DE000097801EB410202EB0112234901EB8201886000202149087022480078401C214976
:206E000008700846007808280CD1002008701C480078401C1A49087008460078102801D1AC
:206E20000020087000F09EFC13497839C86000BF2FE770B510487838007D18B10E487838AD
:206E4000807C00B970BD0C487838857D447D284600F03BFA2146012000F0F2FDD0B104EB1F
:206E6000440000EB0411044850F821000121A940084304EB440107E04C7500206005002042
:206E8000610500206205002001EB0412F94941F8220010E004EB440000EB0411F54850F89E
:206EA00021000121A940884304EB440101EB0412F04941F822002146012000F01FFE90B13B
:206EC00004EB440000EB0411EA4800EB810041680120A840014304EB440000EB0412E5488A
:206EE00000EB820041602146012000F0E2FD90B104EB440000EB0411DE4800EB810081683E
:206F00000120A840014304EB440000EB0412D94800EB820081602146012000F014FE0146B0
:206F200004EB440000EB0412D24800EB82000C3020F815102146012000F011FE04EB440162
:206F400001EB0412CB4901EB82012C3121F8150000F008FCC7497839C86000BF72E710B567
:206F6000FFF78BFEFFF765FF10BD2DE9F0410125FFF783FEFFF75DFFBE487838007D28B921
:206F8000BC487838807C08B9BDE8F081B9487838007D40B90021B7487838817400F082F913
:206FA00000F072F96BE1B3487838807C30B1B1487838C088401CAF497839C880AD487838BF
:206FC000807CF8B94FF41670AA49783988800121A848783881740020A6497839C880488008
:206FE0000021A448783841740020A249783948810874887D00F069F99E497839487D00F07A
:20700000FEFA3CE19B487838C088052820D1994A783A517D907DFFF7A5FD964A783A517DFA
:20702000907DFFF77BFD934A783A517D907DFFF7BDFD20B101218F487838C17403E0002108
:207040008C487838C17402218A487838817416E188487838C0880528A4DD8648783840882A
:20706000C0B384487838C088824978394988401A282897DD7F487838867D477D807D05FA34
:2070800000F47C487838417D383000EBC1004068A043784978394A7D383101EBC201486032
:2070A00074487838417D383050F83100A043714978394A7D383141F8320000203839488083
:2070C000087500216B487838817400F0EBF800F0DBF8D4E0FFE7674A783A517D907DFFF756
:2070E00041FD00284FD063487838867D477D39463046FFF76DFD642844DD39463046FFF7FC
:2071000067FDB0F5167F30DD5A487838807D05FA00F400205749783908740846417D383021
:2071200000EBC1004068A043524978394A7D383101EBC20148604F487838417D383050F890
:207140003100A0434B4978394A7D383141F832000020383948800875002146487838817411
:2071600000F0A0F800F090F80CE039463046FFF72FFD642806DD01203E497839087408467A
:20718000C08848807BE03B487838C088394978398988884224D137487838807D05FA00F4E7
:2071A00034487838417D383000EBC10040682043304978394A7D383101EBC20148600121F3
:2071C0002C487838417400202A4978390875002128487838817400F065F800F055F84EE027
:2071E000FFF702FD06464FF07E5117F011FA2FD2204878384089962807DA1E4878384089CE
:20720000401C1C497839488139E01A487838807D05FA00F417487838417D383050F831006A
:207220002043144978394A7D383141F83200022110487838417400200E497839087500219C
:207240000C487838817400F02DF800F01DF816E008487838C088642811D1064A783A517D9F
:20726000907DFFF7A3FC38B1002002497839087405E000004C75002001200249087400BF7E
:2072800082E60000D47400200020F7490860F749C1F88401F44908390860F5490860091F24
:2072A000086070470020F049091D0860EF49C1F89001ED490C310860EE490860EA49103158
:2072C0000860EA49C1F89C0170470021E64A121D1160E64AC2F89011E34A0C321160E54A7F
:2072E0001160E14A10321160E04AC2F89C11102873D2DFE800F0081C31475C738AA0B5CB65
:20730000E2FCFBFAF9F80021D74A121D1160D74AC2F89011D44A0C321160D64A1160D24AD1
:20732000103211600121D14AC2F89C1165E10121CD4A121D11600021CC4AC2F89011CA4A31
:207340000C321160CB4A1160C74A103211600121C64AC2F89C1150E10021C34A121D11609C
:207360000121C24AC2F890110021BF4A0C321160C04A1160BC4A103211600121BB4AC2F896
:207380009C113AE10121B84A121D1160B74AC2F890110021B44A0C321160B64A1160B24ACA
:2073A000103211600121B14AC2F89C1125E10021AD4A121D1160AD4AC2F890110121AA4A70
:2073C0000C3211600021AB4A1160A74A103211600121A64AC2F89C110FE1FBE00121A24A81
:2073E000121D11600021A14AC2F8901101219E4A0C32116000219F4A11609B4A10321160BA
:2074000001219A4AC2F89C11F7E00021964A121D11600121954AC2F89011934A0C3211609F
:207420000021944A1160904A1032116001218F4AC2F89C11E1E001218B4A121D11608B4AC0
:20744000C2F89011884A0C3211600021894A1160854A103211600121844AC2F89C11CCE066
:207460000021814A121D1160804AC2F890117E4A0C32116001217F4A116000217A4A103261
:2074800011600121794AC2F89C11B6E00121764A121D11600021754AC2F89011724A0C32E2
:2074A00011600121734A116000216F4A1032116001216E4AC2F89C119FE000216A4A121DBA
:2074C00011600121694AC2F890110021664A0C3211600121674A11600021634A10321160C6
:2074E0000121624A04E060E049E031E01AE002E0C2F89C1181E001215B4A121D11605B4AB0
:20750000C2F890110021584A0C3211600121594A11600021544A103211600121534AC2F87D
:207520009C116AE00021504A121D11604F4AC2F8901101214C4A0C3211604E4A1160002174
:20754000494A103211600121484AC2F89C1154E00121454A121D11600021444AC2F890113B
:207560000121414A0C321160424A116000213E4A1032116001213D4AC2F89C113DE0002108
:20758000394A121D11600121384AC2F89011364A0C321160374A11600021334A1032116057
:2075A0000121324AC2F89C1127E001212E4A121D11602E4AC2F890112B4A0C3211602D4A17
:2075C00011600021284A103211600121274AC2F89C1112E00021244A121D1160234AC2F8B2
:2075E0009011214A0C321160224A11601E4A103211601E4AC2F89C1100BF00BF70470021B3
:20760000194A1160194AC2F88411174A083A1160174A1160121F1160082871D2DFE800F032
:2076200004132C3D4D5E718200210F4A11600F4AC2F884110C4A083A11600D4A11600121A6
:20764000121F11608CE00121074A11600021074AC2F88411044A083A1160054A1160012194
:20766000121F11607CE000008881224200802242B0012242948121420021514A11600121DF
:20768000504AC2F8841100214D4A083A11604E4A11600121121F116062E00121484A116062
:2076A000484AC2F884110021454A083A1160464A11600121121F116052E00021404A116073
:2076C000404AC2F8841101213D4A083A116000213D4A11600121121F116041E00121384AD3
:2076E00011600021374AC2F884110121344A083A11600021344A11600121121F11602FE0F2
:2077000020E000212E4A116001212E4AC2F884112B4A083A116000212B4A11600121121FF4
:2077200011601DE00121264A1160264AC2F88411234A083A11600021234A11600121121FA7
:2077400011600DE000211E4A11601E4AC2F884111B4A083A11601C4A1160121F116000BFCA
:2077600000BF704710B500F0CCFC10BD08B501216020FBF7FBFA01211448FBF7A6F81020C5
:207780008DF8030003208DF80200FF20ADF8000069460F48FAF7C8FF2020ADF800006946A1
:2077A0000C48FAF7C1FF4FF4C050ADF8000069460948FAF7B9FFFFF767FDFFF773FD08BD9E
:2077C0008881224200802242B00122420002300000140140000C01400010014000B591B028
:2077E00001214FF40670FBF7C1FA01210846FBF7B0FA00208DF82F0003208DF82E003020FB
:20780000ADF82C000BA94F48FAF78EFF0120ADF82C000BA94C48FAF787FF4C48FCF71CFC7E
:207820004A484C3000904A480190002002901E2003900020049080200590400006908000C5
:207840000790202008900002099000200A9069464048FAF7A3FB01213E48FAF7CAFB002020
:207860000C9001208DF834008DF835004FF460200E9000200F9003208DF840000CA93348A0
:20788000FCF711FC062301220E213048FCF7A3FC062302220F212D48FCF79DFC0623032297
:2078A00008212A48FCF797FC01212848FCF727FC01212648FCF72EFC01212448FCF75FFC76
:2078C00001212448FAF795FB2048FCF73AFC00BF1E48FCF73BFC0028FAD11C48FCF740FC33
:2078E00000BF1A48FCF741FC0028FAD101211748FCF745FC01211748FAF77BFB11B000BD29
:2079000010B503460021022B01DD002010BD002209E002EB42000E4C04EB400030F8130042
:207920000144501CC2B20A2AF3DB0A20B1FBF0F1B1FBF0F400FB1410052800D9491C88B215
:20794000E4E7000000100140000C014000240140AC7700200800024010B50A4600210AE0AC
:2079600000EB4003C3EB8014D64B03EB8403D0335A544B1CD9B200EB4003C3EB8014D14BD2
:2079800013F824308B42EBDC10BD10B500F084FC3F20CC490839086006204860022008726B
:2079A000C949C8480838C0F8F81005210020FFF7D3FF0821C348083880F8FC10C349C0F8DB
:2079C000EC1105210120FFF7C7FF0821BD48083880F8F011BE49C0F8E01205210220FFF7D1
:2079E000BBFF0621B748083880F8E412B949C0F8D41305210320FFF7AFFF0621B14808380B
:207A000080F8D813B449C0F8C81405210420FFF7A3FF0421AB48083880F8CC14AF49C0F830
:207A2000BC1505210846FFF797FF10BD014601EB4100C0EB8112A34800EB8200406870473F
:207A4000024602EB4200C0EB82139E4800EB8300406801238B40184008B10120704700207B
:207A6000FCE710B5014601EB4102C2EB8113954A02EB8302D068002301EB4102C2EB81148A
:207A8000904A02EB8402D36010BD10B5014601EB4102C2EB81138B4A02EB830290680023BB
:207AA00001EB4102C2EB8114864A02EB8402936010BD10B5024602EB4200C0EB821381480D
:207AC00000EB8300C06801238B401840A0B102EB4200C0EB82137B4800EB8300C06801238C
:207AE0008B40984302EB4203C3EB8214754B03EB8403D860012010BD0020FCE710B50246FF
:207B000002EB4200C0EB82136E4800EB8300806801238B401840A0B102EB4200C0EB8213E3
:207B2000684800EB8300806801238B40984302EB4203C3EB8214634B03EB840398600120C3
:207B400010BD0020FCE7024602EB4200C0EB82135C4800EB8300103030F811007047024614
:207B600002EB4200C0EB8213564800EB8300503030F81100704710B500F00EFD10BD2DE977
:207B8000F0410446012700257AE007FA05F62846D4F8F0108847C0B304F19000405D20B950
:207BA000002104F1100020F8151004F1100030F815004FF6FF71884209DA04F1100030F891
:207BC0001500401C81B204F1100020F8151004F19000415D4030405D814208DA04F1900065
:207BE000405D401CC1B204F19000415546E060683040A8BB002104F1B000415560683043A6
:207C00006060A0683043A06038E0FFE704F1B000405D20B9002104F1500020F8151004F178
:207C2000500030F815004FF6FF71884209DA04F1500030F81500401C81B204F1500020F8E7
:207C4000151004F1B000415D2030405D814208DA04F1B000405D401CC1B204F1B0004155DE
:207C60000CE06068304048B1002104F1900041556068B0436060E0683043E060681CC5B23A
:207C80002078A84281DCBDE8F08170B50126002411E006FA04F50B4808380068284040B141
:207CA00004EB4401C1EB8412064901EB8200FFF766FF601CC4B2034808384068A042E8D86F
:207CC00070BD0000F07700203783000857830008E98300087D840008CD8400081D850008CC
:207CE0000146FB48C06801228A40104008B1012070470020FCE70146F548806901228A40A7
:207D0000104008B1012070470020FCE710B5FFF765FDFFF73AFE10BD017801290AD1416840
:207D2000B1F57A7F03D24168491C416005E00121C17002E00021C1704160704710B5FFF7A1
:207D4000A4FF03210420FFF77BFEE249087003210420FFF7D3FEDF4949780843DD49487005
:207D600003210420FFF7A5FEDA4989780843D94988700846FFF7D0FF00210520FFF760FEEC
:207D8000D44981F8380000210520FFF7B7FED14991F839100843CF4981F8390000210520DD
:207DA000FFF787FECB4991F83A100843C94981F83A0001210520FFF743FEC64981F840000B
:207DC00001210520FFF79AFEC24991F841100143C04880F8411001210520FFF76AFEBD4929
:207DE00091F842100143BB4880F8421002210520FFF726FEB74981F8480002210520FFF736
:207E00007DFEB44991F849100143B24880F8491002210520FFF74DFEAE4991F84A10014352
:207E2000AC4880F84A1003210520FFF709FEA94981F8500003210520FFF760FEA54991F867
:207E400051100143A34880F8511003210520FFF730FEA04991F8521001439E4880F8521074
:207E600004210320FFF7ECFD9A4981F8580004210320FFF743FE974991F8591008439549AD
:207E800081F8590004210320FFF713FE914991F85A1008438F4981F85A0010BD8D4890F8D4
:207EA000580070478B4890F8590028B10021894880F85910012070470020FCE7854890F823
:207EC0005A0028B10021834880F85A10012070470020FCE70146042901DB002070477D48DA
:207EE000383010F83100F9E70146042901DB002070477848383000EBC100407838B1002243
:207F00007448383000EBC10042700120F0E70020EEE70146042901DB002070476D483830AE
:207F200000EBC100807838B100226A48383000EBC10082700120F0E70020EEE7014602297B
:207F400001DB00207047634800EBC100C078F9E70146022901DB002070475E4810F83100FB
:207F6000FAE70146022901DB00207047594800EBC100407830B10020564A02EBC1025070E5
:207F80000120F2E70020F0E70146022901DB00207047504800EBC100807830B100204D4AF7
:207FA00002EBC10290700120F2E70020F0E70146484800EBC100807870470146454800EB2F
:207FC000C100407870470146022901DB002070474048283010F83100F9E70146022901DB05
:207FE000002070473B48283000EBC100407838B100223848283000EBC10042700120F0E732
:020000040800F2
:208000000020EEE70146022901DB002070473148283000EBC100807838B100222D482830F9
:2080200000EBC10082700120F0E70020EEE70146022901DB002070472648083010F83100B1
:20804000F9E70146022901DB002070472148083000EBC100407838B100221E48083000EB82
:20806000C10042700120F0E70020EEE70146022901DB002070471748083000EBC100807840
:2080800038B100221348083000EBC10082700120F0E70020EEE70146022901DB0020704792
:2080A0000C48183010F83100F9E70146022901DB002070470748183000EBC100407858B1E2
:2080C00000220448183000EBC10042700120F0E7087E0020A87D00200020EAE70146022946
:2080E00001DB00207047634800EBC100807830B10022604800EBC10082700120F2E700201B
:20810000F0E72DE9F05F0220FFF7FAFB8346584615F0C8FE8046584A584B15F013FF064676
:2081200000224FF0804315F00DFF044615F06CFC82465046BDE8F09F2DE9FF5F83465846E6
:20814000FFF7DEFB28301FFA80FACAF5805016F047F90190504615F0A5FE07460022484BBF
:2081600015F0F0FE054615F04FFC0090019916F055F803904349039816F07EF9054616F06C
:208180000FF981464048B0F90000484504D33E48B0F9B400484503D9FF2004B0BDE8F09F28
:2081A00000242AE0384830F91400484505D93649601C31F9100048450AD3334830F9140012
:2081C000484505D03049601C31F91000484512D12D49601C31F91000A9EB00012A4A601CED
:2081E00032F91000A0EB0900814201D9029402E0601CC0B20290601CC4B25A2CD2DB02985C
:20820000CBE72DE9F84F04462046FFF779FB0090009815F047FE07464FF066321B4B15F034
:2082200091FE054615F0F0FB83464FF08B4115F0F5FF8146484615F0B9FF0746144A154B8A
:2082400015F028FC054615F0E9FD00F0FF0A5046BDE8F88F10B50120FFF76EFF10BD10B529
:208260000020FFF769FFC01CC0B210BD3220704732207047C07D0020B4D934E70C684A3F51
:208280000000244000007A4472E7010866660A40B81E85EB51B89E3F08B501217D20FAF7AB
:2082A00065FD0121D748FAF710FB48208DF8030003208DF802004FF4F850ADF800006946A6
:2082C000D148FAF731FA4FF47070ADF800006946CE48FAF729FA4FF47F40ADF80000694672
:2082E000CB48FAF721FA4FF63070ADF800006946C848FAF719FA4FF46040ADF800006946DB
:20830000C548FAF711FAF020ADF800006946BE48FAF70AFA10208DF8030003208DF8020093
:208320000220ADF800006946BB48FAF7FDF90120BA49086008BD014611B1012909D103E09C
:20834000B7480068C0B27047B548001F0068C0B2F9E70020F7E70146082943D2DFE801F074
:20836000040B131B232B323AAE48006808B9012070470020FCE7AB48001F006808B90120B0
:20838000F6E70020F4E7A7480838006808B90120EEE70020ECE7A3480C38006808B901204B
:2083A000E6E70020E4E79F481038006808B90120DEE70020DCE79C48006808B90120D7E7F8
:2083C0000020D5E79848001F006808B90120CFE70020CDE794480838006808B90120C7E7DA
:2083E0000020C5E70020C3E70146082944D2DFE801F0040B131B232B333B8C48006808B9AB
:20840000012070470020FCE78848001D006808B90120F6E70020F4E784480830006808B945
:208420000120EEE70020ECE780480C30006808B90120E6E70020E4E77C481030006808B920
:208440000120DEE70020DCE778481430006808B90120D6E70020D4E774481830006808B940
:208460000120CEE70020CCE76F480C38006808B90120C6E70020C4E70020C2E70146062957
:2084800022D2DFE801F003080D12171C644824300068C0B27047624828300068C0B2F9E786
:2084A0005E4850380068C0B2F4E75C484C380068C0B2EFE7594848380068C0B2EAE75B4892
:2084C000001F0068C0B2E5E70020E3E70146062922D2DFE801F003080D12171C50480C309A
:2084E0000068C0B270474E4810300068C0B2F9E74B4814300068C0B2F4E74948183000688E
:20850000C0B2EFE746481C300068C0B2EAE7444820300068C0B2E5E70020E3E7014631B1F9
:2085200001290CD0022912D0032920D117E03D481438006808B9012070470020FCE73948BE
:208540001838006808B90120F6E70020F4E735481C38006808B90120EEE70020ECE731484D
:208560002038006808B90120E6E70020E4E70020E2E708B501210420FAF7F8FB28208DF804
:20858000030003208DF80200F020ADF8000069461D48FAF7C9F808BD70B50024FFF7E9FFC7
:2085A00000252BE01848083001680F2020EA01041C482038006810B944F0010401E024F031
:2085C000010418481C38006810B944F0020401E024F0020413481838006810B944F0040464
:2085E00001E024F004040F481438006810B944F0080401E024F00804681C85B2FF2DD1DBD6
:20860000204670BD0002300000080140001001400014014000180140000C01408481214298
:2086200014012342300121422401224224812242704720B14FF40051194A116103E04FF483
:208640000051174A51617047704720B14FF48041134A116103E04FF48041114A51617047F9
:2086600008B501211020FAF781FB4FF4C040ADF8000010208DF8030003208DF80200694685
:208680000748FAF751F80020FFF7DFFF0020FFF7DBFF0020FFF7CDFF0020FFF7C9FF08BDE8
:2086A00000100140FC48C0787047FB4890F90200704710B5F94B1B7860F30003F74C2370E9
:2086C0002346597053B2A37010BD10B50446F348007864F34100F149087008460078410868
:2086E000ED48007861F34100EB490870EB490978C1F34000FFF79DFF10BD10B50446E74846
:20870000007864F38200E5490870084600788108E148007861F38200DF490870DF49097853
:20872000C1F38000FFF791FF10BD10B50446DB48007864F3C300D949087008460078C108C5
:20874000D548007861F3C300D3490870D3490978C1F3C000FFF778FF10BD10B50446CF4868
:20876000007864F30410CD490870084600780109C948007861F30410C7490870C7490978AE
:20878000C1F30010FFF754FF10BD10B5FFF76EFD40B2C149C870084690F90300642804DC5F
:2087A000084690F9030005280BDABB484078022141EA1010B849497860F30711B6484170C8
:2087C0000DE0B548C07850B1B34840780D2101EA1010B149497860F30711AF484170FFF7C6
:2087E00039FDFF2815D1AC484078012141EA1010A949497860F30711A7484170A7484078B8
:2088000018B90020A449887013E0FF20A24988700FE0A14840780E2101EA10109E4949781B
:2088200060F307119C484170FFF714FD40B29A4988709A48407838BB974890F9020097498D
:2088400091F90210884207DB934890F90200934991F90210884207D18F48007820F02000D1
:2088600020308D49087036E08B4890F902108B4890F90200401C81422DDD8748007820F0F8
:2088800020008549087026E0834890F90200834991F90210884207DC7F4890F902007F49E7
:2088A00091F90210884207D17B48007820F020002030794908700EE0774890F9021077487E
:2088C00090F90200401E814205DA7348007820F020007149087010BD10B56F48007800F0C7
:2088E000010000B36C480078C0F34000D8B96A480078C0F34010B0B16748C08867498989CD
:20890000884205DA6448C088401C6349C8800EE000206149C88008460078C0F3800018B1A8
:208920000020FFF7EAFE02E00120FFF7E6FE10BD10B55948408959494989884204DA5648A6
:208940004089401C54494881534840895349498988421CD150480078C0F34010B8B901205E
:20896000FFF7B3FE0120FFF7C8FE00204A49488108818880C8800846007820F04000087090
:208980000846007820F00100401C087018E04348408942490979401A3F49498988420FD175
:2089A0003E48407830B10020FFF7D7FE0120FFF7BCFE05E00120FFF7D0FE0020FFF7B5FE49
:2089C00010BD10B53448007800F00100002850D031480078C0F34010002840D12E480078BD
:2089E000C0F3400020B92C480078C0F3801078B3294800892949C988884205DA26480089F4
:208A0000401C2549088136E0234800892349C988884211D120480078C0F3801060B9002034
:208A2000FFF753FE00201C4988800846007820F04000403008701EE017488088174909890D
:208A4000884206DA14488088401C1349888012E002E0FFF76DFF0EE0FFF76AFF0BE00E4884
:208A6000007820F040000C4908700020FFF72DFE01E0FFF75DFF10BD10B500F0C6F918B9DB
:208A800001F074FA01280BD10448007820F00100401C0249087009E02C7E0020387E0020F5
:208AA0006948007820F00100674908706648007800F0010000B3644840786449497801F0C7
:208AC0000F01884215D0604841786048407861F303005E494870002048810846007820F0A1
:208AE000010008700020FFF7F0FD0020FFF705FE18E0FFF766FF15E05448007800F0010094
:208B000080B10020514948810846007820F0010008700020FFF7D9FD0020FFF7EEFD002045
:208B2000FFF71BFE10BD10B5082047498870002048700846007820F00100401C08704FF41E
:208B4000966088814FF4E150C8808010088105200871B4204881FFF783FD10BD10B53C487A
:208B600000780A2805DA3A480078401C384908705FE0002036490870FFF76CFB354909786B
:208B800088420BD1FFF76BFB33490978884205D103F0B8FA3149096888424AD003F0B2FA23
:208BA0002E490860FFF756FB2A490870FFF757FB29490870FFF74EFBFF281CD100200CF003
:208BC000FAFFFFF74CFBFF2809D100200CF091FF03F098FA08BB9A200DF0BAF829E0FFF702
:208BE0003EFB04460CF085FF03F08CFAA8B998200DF0AEF81DE0FFF72DFB04460CF0DBFF02
:208C0000FFF72DFBFF2809D100200CF072FF03F079FA10B999200DF09BF80AE0FFF71FFB36
:208C200004460CF066FF03F06DFA10B997200DF08FF810BD10B5FFF7A8FDFFF74DFEFFF7C7
:208C40001BFFFFF78BFF10BD387E00202C7E002064050020650500206605002068050020E2
:208C600008B501211020FAF781F810208DF8030003208DF802004FF48160ADF800006946A1
:208C80004048F9F751FD08213E48F9F7FCFD08BD01203D490870704700B5024612B9FFF71D
:208CA000F7FF03E00120394901F8220000BD10B53748007801280ADA4FF480613148F9F70A
:208CC000E0FD33480078401C3149087011E03048007802280ADA4FF480612A48F9F7D3FD31
:208CE0002B480078401C2A49087002E000202849087010BD10B5FFF7DAFF2348007838B922
:208D00002148407820B908211E48F9F7BAFD10BD1D48007838B900201B49487008211948C2
:208D2000F9F7AFFD2CE01848C078052805DA1648C078401C1449C87022E000201249C870AB
:208D40000846407838B908210E48F9F79CFD01200D49487014E00C488078092805DA0A4843
:208D60008078401C0849887003E0002006490870887008210348F9F784FD0020024948708C
:208D800000BFC4E7001001406C050020467E00207405002008B501211920F9F7E7FF0121FA
:208DA0004B48F9F792FD10208DF8030003208DF802004020ADF8000069464648F9F7B4FC5D
:208DC00040214448F9F75FFD4FF40040ADF8000069464148F9F7A8FC4FF400413E48F9F76C
:208DE00052FD08BD10B501203C494870C1033A48F9F747FD10BD10B50020384948704FF494
:208E000000413548F9F73FFD10BD3548007808B90020704732480078012800D1F9E7022020
:208E2000F7E72E488078704701202C490870704700202A490870704728480078704710B544
:208E400002210320FEF7FCFD2549087002210320FEF72FFE224949780843214948700221D4
:208E60000320FEF74BFE1E49897808431C49887010BD10B5FFF7E3FF1848007808B3FFF78E
:208E8000B1FF1648C078642804DA1448C078401C1249C870FFF7B9FF30B9FFF7ACFF002047
:208EA0000E490870887011E00C48C07864280DD1FFF7A1FF00200949C87008700120887033
:208EC00004E0FFF798FF00200449C87010BD000000023000000C0140001001407505002045
:208EE0007905002010B500F0D0FD10BD70B5022800DB70BD00EB8004F54D15F8244004B157
:208F0000F7E700EB8004F24D05EB8404617000EB800405EB8404A27000EB800405EB84049C
:208F2000E380012400EB8005E94E06F8254000BFDFE70146022901DB0020704701EB810088
:208F4000E34A12F82000F8E70146022901DB0020704701EB8100DE4A02EB8000007AF7E75C
:208F60000146022901DB0020704701EB8100D84A02EB8000407A00F00100F5E701460229D7
:208F800001DB0020704701EB8100D14A02EB8000407AC0F38000F5E70146022901DB0020F2
:208FA000704701EB8100CA4A02EB8000407AC0F34000F5E70146022901DB0020704701EB72
:208FC0008100C34A02EB8000807AC0F34000F5E70146022901DB0020704701EB8100BC4A35
:208FE00002EB8000807A00F00100F5E710B50020FEF77AFF38B141F658336422002108464A
:20900000FFF774FF0AE00020FEF783FF30B141F65833642201210020FFF768FF0120FEF788
:2090200063FF38B141F65833642200210120FFF75DFF0AE00120FEF76CFF30B141F65833FB
:20904000642201210846FFF751FF10BD00200FE000EB80019E4A02EB8101498A491C8AB2C1
:2090600000EB80019A4B03EB81014A82411CC8B20228EDDB704710B5002421E02046FEF79E
:20908000D6FF04EB8401924A02EB8101897A60F3000104EB840002EB800081722046FEF7B7
:2090A000FAFF04EB84018A4A02EB8101897A60F3410104EB840002EB80008172601CC4B2A3
:2090C000022CDBDB10BD10B5002082490870A2E38048007800EB80007D4911F82000002870
:2090E0007ED07C48007800EB800001EB8000007C082851D2DFE800F00451FFF3F2F1F0EB84
:209100007448007800EB8000714901EB8000407A20F001016F48007800EB80006C4A02EB81
:20912000800041726B48007800EB8000114601EB8000407A20F004016648007800EB800043
:2091400002EB800041726348007800EB8000114601EB8000407A20F002015E48007800EBC8
:20916000800002EB8000417201205A49097801EB810102EB8101087200215648007800EB91
:20918000800002EB8000418201205249097801EB810102EB8101087437E34E480078FEF76C
:2091A00046FFE8B34B480078FEF775FFC0B300204849097801EB8101454A02EB81010874CE
:2091C00002204449097801EB810102EB810108724048007800EB8000114601EB800000E0FA
:2091E00014E3407A20F00100401C3A49097801EB810102EB810148723648007800EB800055
:20920000114601EB8000407A20F00200801C3149097801EB810102EB81014872002000E091
:2092200006E02C49097801EB810102F8210061E02848007800EB8000254901EB80004078A3
:2092400038BB24480078FEF7F2FEC0B100202149097801EB81011E4A02EB810108740220F3
:209260001C49097801EB810102EB8101087200201849097801EB810102F821003AE00220EA
:209280001449097801EB8101114A02EB8101087430E010480078FEF7FEFE10B300200D4932
:2092A000097801EB81010A4A02EB8101087402200849097801EB810102EB81010872002015
:2092C0000449097801EB810102F8210012E05DE2527E0020810500201FE2D1E17FE14EE02F
:2092E00009E00220FE49097801EB8101FD4A02EB8101087489E2FA48007800EB8000F94929
:2093000001EB8000407860B9F5480078FEF799FEF3480078FEF7AAFEF148007800F09EFA46
:209320000BE0EF480078FEF78CFEED480078FEF79DFEEB48007800F0A8FAE948007800EB06
:209340008000E84A02EB80008178E548007800F050FBE348007800F073FA0021E048007854
:2093600000EB8000DF4A02EB800041820320DC49097801EB810102EB8101087445E2D848C0
:209380000078FEF754FEE8B3D5480078FEF783FEC0B3D348007800F05AFA0021D04800786D
:2093A00000F027FBCE48007800F086FA0020CC49097801EB8101CB4A02EB81010874022057
:2093C000C749097801EB810102EB81010872C448007800EB8000114601EB8000407A20F029
:2093E0000100401CBE49097801EB810102EB81014872BB48007800EB8000114601EB800048
:20940000407A00E011E020F00200801CB449097801EB810102EB810148720020B049097864
:2094200001EB810102F8210010BDAD48007800EB8000AC4901EB8000408AA949097801EB74
:209440008101A84A02EB8101C98888427DDAA448007800EB8000114601EB8000407858BB5A
:209460009F480078FEF7E3FD002824D09C48007800F0EDF900219A48007800F0BAFA98486B
:20948000007800F019FA00209549097801EB8101944A02EB8101087402209149097801EB32
:2094A000810102EB8101087200208D49097801EB810102F8210091E089480078FEF7EBFDAA
:2094C000002827D08648007800F0C1F900218448007800F08EFA8248007800F0EDF98048C0
:2094E0000078C0B900207E49097801EB81017D4A02EB8101087402207949097801EB810120
:2095000002EB8101087200207549097801EB810102F8210062E000207149097801EB81016F
:20952000704A02EB8101087402206D49097801EB810102EB8101087200206949097801EB97
:20954000810102F8210049E0FFE76548007800F07EF900216248007800F04BFA604800783B
:2095600000F0AAF900205E49097801EB81015D4A02EB810108745A48007800EB8000114634
:2095800001EB8000407A20F00100401C5449097801EB810102EB810148725148007800EB87
:2095A0008000114601EB8000407A20F00400001D4B49097801EB810102EB810148720220AF
:2095C0004749097801EB810102EB8101087200204349097801EB810102F8210015E1002156
:2095E0003F48007800EB80003E4A02EB800041823B480078E8B93C49087800EBD071491023
:20960000A0EB410119B1012000F03FF902E0012000F024F93248007800EB8000314A02EB95
:2096200080008178012000F0E4F9012000F008F91CE02D49087800EBD0714910A0EB41016D
:2096400019B1002000F021F902E0002000F006F92348007800EB8000224A02EB8000817805
:20966000002000F0C6F9002000F0EAF805201C49097801EB81011B4A02EB81010874C4E0BC
:209680001748007800EB8000164901EB8000408AC82841DD002000F0DAF80021084600F0A4
:2096A000A8F9002000F008F9012000F0D0F80021012000F09EF9012000F0FEF800210848DE
:2096C000007800EB8000074A02EB8000418206480078032814DA04480078401C024905E0F7
:2096E00081050020527E002082050020087004205049097801EB810102EB810108740BE033
:2097000000204D49087006204A49097801EB81014A4A02EB8101087477E000214548007877
:2097200000EB8000454A02EB800041824148007888B9012000F0A9F83E48007800EB8000A2
:209740003E4A02EB80008178012000F052F9012000F076F810E0002000F097F835480078BC
:2097600000EB8000354A02EB80008178002000F040F9002000F064F807202E49097801EBD9
:2097800081012E4A02EB810108743EE02948007800EB8000294901EB8000408A002833DD92
:2097A000002000F054F80021084600F022F9002000F082F8012000F04AF80021012000F0C4
:2097C00018F9012000F078F800211A48007800EB80001A4A02EB80004182002015490978FE
:2097E00001EB810102EB8101087402201149097801EB810102EB8101087200200D490978C5
:2098000001EB810102F8210000BF00BF09480078401C08490870074800780228FFF658AC69
:2098200000BF01E610B5FFF7E1FBFFF74CFCFFF722FC10BD8105002082050020527E00208F
:2098400010B5044680219348F9F71BF810BD10B5044680218F48F9F716F810BD10B504464C
:20986000012C08D101218C48F9F70DF802218A48F9F707F808E03CB904218748F9F703F857
:2098800008218548F8F7FDFF10BD10B50446012C08D101218048F8F7F4FF02217E48F8F761
:2098A000F2FF08E03CB904217B48F8F7EAFF08217948F8F7E8FF10BD10B50446012C08D178
:2098C00001217548F8F7DDFF02217348F8F7D9FF08E03CB904217048F8F7D3FF08216E48DF
:2098E000F8F7CFFF10BD10B50446012C08D101216948F8F7C8FF02216748F8F7C4FF08E0D4
:209900003CB904216448F8F7BEFF08216248F8F7BAFF10BD08B501214920F9F727FA012112
:209920005E48F8F7D2FF10208DF8030003208DF802008020ADF8000069465648F8F7F4FEEC
:209940000F20ADF8000069465348F8F7EDFE18208DF8030003208DF802000002ADF80000FE
:2099600069464C48F8F7E0FE08BD00B587B001210420F9F708FA6320ADF8140040F2CF2091
:20998000ADF810000020ADF81600ADF8120004A94348F9F723FB01214148F9F77BFF002005
:2099A000ADF806006020ADF800000120ADF802000020ADF8080069463948F9F7DBFB082123
:2099C0003748F9F7ADFF40213548F9F74DFF69463348F9F71AFC08213148F9F7AAFF402186
:2099E0002F48F9F74AFF01212D48F9F753FE07B000BD7FB504460D46022C00DD7FBD642DC2
:209A000000DD6425ADF806506020ADF800000120ADF802000020ADF80800012C0CD1694672
:209A20001F48F9F7A7FB08211D48F9F779FF01211B48F9F73BFE0CE05CB969461848F9F789
:209A4000E4FB08211648F9F774FF01211448F9F72DFE00BFD2E710B5FFF75CFFFFF785FF9C
:209A60000020FFF740FF0120FFF73DFF00210846FFF7BFFF00210120FFF7BBFF0020FFF713
:209A8000E6FE0120FFF7E3FE10BD10B5FFF7E3FF10BD0000000C01400018014000023000DB
:209AA0000008004008B501211C20F9F75FF901211948F8F70AFF10208DF8030003208DF820
:209AC00002000120ADF8000069461448F8F72CFE0620ADF8000069461048F8F725FE022193
:209AE0000E48F8F7D0FE04210C48F8F7CCFE01210A48F8F7C8FE01210848F8F7C2FE08BD12
:209B000010B501210548F8F7BCFE10BD10B501210248F8F7B8FE10BD000230000010014075
:209B200008B503208DF8000001208DF803008DF801008DF802006846F8F7C3F808BD0146A6
:209B4000CA1701EB92729210A1EB82022AB9642291FBF2F302FB131232B94FF4C87291FB92
:209B6000F2F302FB13120AB1012070470020FCE72DE9FE4F07460C46904600200290C146B7
:209B80008246834600260025019000903846FFF7D6FF002832D00D2C2CD2DFE804F02B0731
:209BA0000A0D101316191C1F222528004FF0050A23E04FF0010A20E04FF0020A1DE04FF070
:209BC000050A1AE04FF0000A17E04FF0030A14E04FF0050A11E04FF0010A0EE04FF0040A38
:209BE0000BE04FF0060A08E04FF0020A05E04FF0040A02E00020BDE8FE8F31E00D2C2CD24A
:209C0000DFE804F02B070A0D101316191C1F222528004FF0060A22E04FF0020A1FE04FF06A
:209C2000020A1CE04FF0050A19E04FF0000A16E04FF0030A13E04FF0050A10E04FF0010ACF
:209C40000DE04FF0040A0AE04FF0060A07E04FF0020A04E04FF0040A01E00020CBE700BFBC
:209C6000642097FBF0F100FB1170C5B22846E91705EB91718910019101982844C0B2009068
:209C80000721009890FBF1F201FB120000F0FF0B0BEB0A004844C6B2072E01DA029606E0FC
:209CA000072096FBF0F100FB1160C0B202900298A1E72DE9F05F06460F4690469946DDE9F8
:209CC0000AAB002440F2B270864203DB40F63300864202DD0120BDE8F09F40F2B2750AE009
:209CE0002846FFF72CFF10B19948044401E099480444681C85B2B542F2DB781EC7B200252E
:209D000010E09548405D40F2A321484304EBC0143046FFF714FF18B1012D01D18F4804442E
:209D2000681C85B2BD42ECDBA8F1010040F2A321484304EBC014C9EB4910C0EB092004EBF4
:209D40000014CAEB0A1004EB80045C4401214FF0C050F9F718F80120F8F73FFE2046FAF7F8
:209D6000CCFBFAF7FDFB0020B5E770B50026002400257B4806883604001D008806447748AA
:209D8000B6FBF0F477480088A0423AD075490C8040F2B2750EE02846FFF7D1FE30B1B4F5AD
:209DA000B77F02D3A4F5B77402E006E0A4F26D14681C85B2B4F5B67FEDD800BF6A48858021
:209DC000002516E068498888FFF7B9FE30B1012D04D11D2C01D31D3C09E00CE05E48405D88
:209DE000A04203D85C48405D241A00E003E0681C85B21C2CE6D200BF681C5B498871601C4D
:209E0000C8715648B6FBF0F100FB11644FF46160B4FBF0F0544908704FF46160B4FBF0F12D
:209E200000FB11403C21B0FBF1F04F4948704FF46160B4FBF0F100FB11403C21B0FBF1F2D2
:209E400001FB1200484988700B46DA7999799888FFF78EFE44490872002070BD2DE9FC4766
:209E600004460D4616461F46DDE90A89FAF729FBFAF776FB3B46324629462046CDE90089A7
:209E8000FFF717FFFAF726FBBDE8FC8701463648808888803448807988713348C079C8714C
:209EA0003148007A08723048007808702E48407848702D488078887070471CB500240121B4
:209EC0004FF0C050F8F75FFF0120F8F786FDF7F761FF4FF44070F8F7D2FE0120F8F7D5FE70
:209EE000FAF73EFBFAF745FB01210846FAF7DCFAFAF736FBFAF7E5FA4FF22440FAF70AFB43
:209F0000FAF72EFB002000900346024601460190FFF7CFFEFAF7DEFAFFF702FEFFF725FF72
:209F200000201CBD10B50120FAF748FB08B1FFF71CFF0220FAF742FB20B10220FAF74EFBC7
:209F4000FFF713FF0520FAF749FBFAF709FB10BD0085E2018033E10134E8010880510100E9
:209F600018280040840500207A7E0020D8480078704710B5D648007801283BD1FDF78EFF40
:209F8000002833D0D3480068642807D2FDF796FFD0480068401CCF49086070E00020CD4943
:209FA00008600320CA4908700020487088700CF060FB0CF08BF90CF02BF902F0A0F818B171
:209FC00009200CF071F85AE009F058F850B105F018FD18B102200CF067F850E003200CF0D0
:209FE00063F84CE000200CF05FF848E00020B949086044E0B648007860BBFDF74FFF28B3E3
:020000040800F2
:20A00000B4480068B0F5967F07D2FDF757FFB1480068401CAF49086031E00020AD49086053
:20A020000220AB490870012048700020887012200CF03AF80020FDF7A7FF0020FDF791FFE3
:20A040000020A5490870A549087018E00020A149086014E09E480078022806D1FDF72EFF36
:20A0600068B101209A49087009E099480078032805D1FDF723FF10B100209549087010BDEE
:20A0800010B5FFF776FF92484078002872D09248007868B90020FDF790FF18B90020FDF799
:20A0A00086FF28B101200CF033FA01208A4908708748807809280CD2DFE800F0050C161EBA
:20A0C0003E48506A7400002081490871C87001208870F6E07E4AD1781079FCF7DDFC10B11B
:20A0E00002207B498870ECE0FCF78EFD022802D1032077498870E4E0FCF786FDD8B9FCF7A2
:20A10000B0FD28B10120724908720720887012E0FCF7AFFD18B104206D4988700BE000200D
:20A120006B49087201200CF02FF901206B490870072067498870C4E0654AD1781079FCF778
:20A14000ABFC10B1052062498870BAE0FCF75CFD022802D106205E498870B2E0FCF754FD51
:20A16000A8B9FCF77EFD30B1012059490872072088700CE0A6E000205549087201200CF00C
:20A1800003F901205549087007205149887098E04F4B1A7A1979D8780CF028F808204C4972
:20A1A00088708EE04A48C078A0B949480079032805DA47480079401C4549087106E0002091
:20A1C000434908710846C078401CC87001204049887075E03E48C078012814D13C480079A0
:20A1E0000A2805DA3A480079401C3949087106E00020374908710846C078401CC8700120C2
:20A20000334988705CE03248C078022814D1304800790A2805DA2E480079401C2C49087192
:20A2200006E000202A4908710846C078401CC87001202749887043E02548C078032814D1B1
:20A24000234800790A2805DA21480079401C2049087106E000201E4908710846C078401C21
:20A26000C87001201A4988702AE01948C078042814D117480079052805DA15480079401C60
:20A280001349087106E00020114908710846C078401CC87001200E49887011E00E480078C7
:20A2A00010B900200CF034F90C48007810B900200CF06AF800200649C870087188704870A9
:20A2C00000BF04E000200249C8700871887010BD847E00208C0500208805002089050020CC
:20A2E00010B50446FE4850F82400408948B1FC4850F824004089401EF94951F8241048817C
:20A3000020E0F74850F824000078D8B10020F44951F824100870F24850F82400806988B177
:20A32000EF4B53F824305988ED4B53F82430D868EB4B53F824309A6990470020E84951F803
:20A340002410488010BD012809D1E649E44A5160E5495268D160E549E14A5268116102285B
:20A3600009D1E349DE4A9160E2499268D160E249DB4A92681161032809D1E049D84AD1602B
:20A38000DF49D268D160DF49D54AD2681161704700B591B001214804F8F7F5FC01210846CC
:20A3A000F8F7D7FC01210420F8F7E0FC0420ADF8400003208DF8420018208DF8430010A91E
:20A3C000D148F8F7B1F90820ADF8400004208DF8430010A9CC48F8F7A7F926208DF82C007F
:20A3E00000208DF82D0001208DF82E008DF82F000BA8F7F766FC11208DF82C0000208DF879
:20A400002D0002208DF82E0001208DF82F000BA8F7F757FCBD480090B248006901901020B8
:20A42000029080010390002004908020059000200690079008904FF40050099000200A90C2
:20A440006946B348F7F7AAFD01220221B048F7F7DCFD0021AE48F7F7CCFD01228021AB4833
:20A46000001FF9F7F5FC4FF4E1300C900020ADF83400ADF83600ADF83800ADF83C000C202E
:20A48000ADF83A000CA9A148001FF9F724FC012240F225519D48001FF9F7B5FC012240F24B
:20A4A00024419A48001FF9F7AEFC012228219748001FF9F7A8FC012260219448001FF9F70F
:20A4C000A2FC40219148001FF9F779FD01218F48001FF9F78CFC11B000BD00B591B00121F9
:20A4E0000820F8F743FC01218804F8F74CFC01210846F8F72EFC4FF48060ADF8400003206D
:20A500008DF8420018208DF8430010A98148F8F70BF94FF40060ADF8400004208DF843008B
:20A5200010A97C48F8F700F927208DF82C0000208DF82D008DF82E0001208DF82F000BA8B1
:20A54000F7F7BFFB0C208DF82C0000208DF82D0002208DF82E0001208DF82F000BA8F7F759
:20A56000B0FB6D4800906248006901901020029080010390002004908020059000200690D2
:20A58000079008904FF40050099000200A9069465F486438F7F702FD012202215C48643841
:20A5A000F7F733FD00215A486438F7F722FD012280215948001FF9F74BFC574800904C4893
:20A5C000C0680190002002904FF480600390002004908020059000200690079008904FF449
:20A5E0004050099000200A90694649485038F7F7D5FC012146485038F7F7FBFC0122402150
:20A600004548001FF9F724FC4FF4E1300C900020ADF83400ADF83600ADF83800ADF83C00FC
:20A620000C20ADF83A000CA93B48001FF9F753FB40213948001FF9F7C2FC012228213648E1
:20A64000001FF9F7E0FB012260213348001FF9F7DAFB012240F224412F48001FF9F7D3FBFF
:20A6600001212D48001FF9F7C2FB11B000BD00B591B001211020F8F779FB0121C804F8F771
:20A6800082FB01210220F8F764FB4FF48060ADF8400003208DF8420018208DF8430010A900
:20A6A0001E48F8F741F84FF40060ADF8400004208DF8430010A91948F8F736F834208DF888
:20A6C0002C0000208DF82D0001208DF82E008DF82F000BA8F7F7F5FA3B208DF82C001FE059
:20A6E000907E0020A47E0020C0820020C07E0020C0860020DC8A0020DC860020DC8E002032
:20A70000F8920020F88E0020000801400444004080000240000C014004480040001001402C
:20A7200000208DF82D0002208DF82E0001208DF82F000BA8F7F7C5FAFE480090FE480069B8
:20A7400001901020029080010390002004908020059000200690079008904FF44050099058
:20A7600000200A906946F548F7F718FC01220221F248F7F74AFC0021F048F7F73AFC0122DD
:20A780008021EC48001FF9F763FBEA480090EA48C0680190002002904FF480600390002042
:20A7A00004908020059000200690079008904FF44050099000200A906946E0482838F7F7A0
:20A7C000EDFB0121DD482838F7F713FC01224021D848001FF9F73CFB4FF4E1300C900020F3
:20A7E000ADF83400ADF83600ADF83800ADF83C000C20ADF83A000CA9CE48001FF9F76BFA9D
:20A800004021CC48001FF9F7DAFB01222821C948001FF9F7F8FA01226021C648001FF9F7A0
:20A82000F2FA012240F22441C248001FF9F7EBFA0121C048001FF9F7DAFA11B000BD10B524
:20A8400004462046FFF77FFD012C01D1FFF7A0FD022C01D1FFF741FE032C01D1FFF707FF12
:20A8600010BD012801D1B64A5161022801D1B54A5161032801D1B04A51617047012801D156
:20A88000AF4A9161022801D1AE4A9161032801D1A94A916170470146AB4850F82100007833
:20A8A000012801D100207047A74850F82100408820B1A54850F821004088F4E70020F2E7E3
:20A8C0000146A14850F821004078012804D19E4850F82100808870470020FCE710B502460B
:20A8E0000B46994850F822000078012801D1002010BD002107E0944850F82200C068405C4A
:20A900005854481C81B2904850F8220040888842F1DC00208C4C54F822406080FF20E7E7E0
:20A920000021894A52F82020518070472DE9F04104460F461646844850F8240040780128B6
:20A9400063D0814850F824008680002507E0785D7D4951F8241009694855681C85B2B542A4
:20A96000F5DB0120784951F8241048707CB9764850F82400808875498864734850F82400B8
:20A9800000690865012171484430F7F732FB012C12D16D4850F8240080886C49843108606C
:20A9A000694850F8240000696849C1F88C00012166488030F7F71DFB022C0FD1624850F895
:20A9C00024008088614908625F4850F824000069886201215D481C30F7F70BFB032C11D1B9
:20A9E000594850F8240080885449091D0860564850F82400006951490C31086001214F48AC
:20AA0000F7F7F7FA0120BDE8F0810020FBE770B504460D462E4654B929464D48F9F754FA99
:20AA200000BF40214A48F9F7BDFA0128F9D1012C0AD129464748F9F747FA00BF40214548E6
:20AA4000F9F7B0FA0128F9D1022C0AD129464248F9F73AFA00BF40213F48F9F7A3FA0128E6
:20AA6000F9D1032C0CD129463248001FF9F72CFA00BF40212F48001FF9F794FA0128F8D1BC
:20AA800070BD70B540F225513248F9F7A1FA10B32B48406940B12F48F9F71AFAC4B2284886
:20AAA00041692046884716E00120254908703220488108464088B0F5806F0CDA2548F9F7B2
:00000001FF
