:020000040800F2
:1000000098B90020750400087D0200087F020008EE
:1000100083020008870200088B020008000000002D
:100020000000000000000000000000008F02000837
:10003000910200080000000093020008F13000085F
:100040008F0400088F0400088F040008D18A00087C
:100050008F0400088F0400088F0400088F04000834
:100060008F0400088F0400088F0400088F04000824
:100070007F9300088F0400088F0400088F04000895
:100080008F040008F79100088F0400088F0400080F
:100090008F0400088F0400088F0400088F040008F4
:1000A0008F0400088F0400088F0400088F040008E4
:1000B0008F0400088F0400088F0400088F040008D4
:1000C0008F0400088F0400088F0400088F040008C4
:1000D0008F0400088F040008EB9000081F920008AE
:1000E0008F0400088F0400088F0400088F040008A4
:1000F0008F0400088F0400088F0400088F04000894
:100100008F0400088F0400088F0400088F04000883
:100110008F0400088F040008692E00088F0400086F
:100120008F0400088F0400088F0400088F04000863
:1001300000F002F800F081F80AA090E8000C824478
:100140008344AAF10107DA4501D100F076F8AFF255
:10015000090EBAE80F0013F0010F18BFFB1A43F0A5
:100160000103184790830100B083010010F8013BA0
:100170000A4413F0030408BF10F8014B1D1108BF17
:1001800010F8015B641E05D010F8016B641E01F8C5
:10019000016BF9D1002D15D010F8014B03F00C03C1
:1001A0000C2BA1EB04040ABF10F8013BA4EB831451
:1001B000A4EB032405F1010314F8016B5B1E01F8A5
:1001C000016BF9D5914238BF10F8013BD1D370478C
:1001D0000023002400250026103A28BF78C1FBD850
:1001E000520728BF30C148BF0B607047672917F01E
:1001F0007E87692914F03C85642914F039857829B3
:1002000014F07285732915F00683002070471FB51E
:100210009DE8030015F034F815F016FE04000020E8
:10022000002117F003F9401C60600020002117F046
:1002300013F9E0601FBD10B510BD16F030F911467E
:10024000FFF7E5FF00F014F816F08EFB03B4FFF79C
:10025000F2FF03BC03F0A6FA80F308887047024857
:1002600002490160FEE700000CED00E00100FA0524
:1002700002F04AFF01E002F0D0FFFCE7704700BF48
:10028000FEE700BFFEE700BFFEE700BFFEE77047E6
:10029000704770470CB50020019000906C480068D2
:1002A00040F480306A49086000BF6948006800F483
:1002B000003000900198401C0190009818B90198F6
:1002C000B0F5A06FF1D16248006800F4003010B1C1
:1002D0000120009001E0002000900098012843D107
:1002E0005C48006840F010005A4908600846006801
:1002F00020F0030008600846006840F00200086033
:10030000534840685249486008464068486008467B
:10031000406840F4806048600846406820F47C10E3
:1003200048600846406840F4E810486008460068A5
:1003300040F08070086000BF4548006800F0007021
:100340000028F9D04248406820F003004049486046
:100350000846406840F00200486000BF3C484068E2
:1003600000F00C000828F9D10CBD10B5FFF792FF82
:1003700010BD10B53648006840F0010034490860EF
:1003800008464068344908403149486008460068DA
:10039000324908402E4908600846006820F4802051
:1003A00008600846406820F4FE0048604FF41F00D3
:1003B0008860FFF7DAFF4FF000602949086010BD40
:1003C00010B5002100200022214B5B6803F00C01D6
:1003D00021B1042906D0082928D107E0214B224C5D
:1003E000236027E01F4B204C236023E0184B5B6801
:1003F00003F47010164B5B6803F48032022303EBA6
:10040000904022B9194B4343174C23600DE0104B29
:100410005B6803F4003323B1144B4343124C236055
:1004200003E0104B4343104C236003E00D4B0E4C94
:10043000236000BF00BF064B5B68C3F303130C4C83
:10044000E15C094B1B68CB40074C236010BD0000EA
:1004500000100240002002400000FFF8FFFFF6FEFF
:1004600008ED00E000127A000000002000093D00C5
:10047000040000200948804709480047FEE7FEE7DE
:10048000FEE7FEE7FEE7FEE7FEE7FEE7FEE7FEE744
:1004900004480549054A064B7047000073030008ED
:1004A0003101000898B3002098B9002098B50020C9
:1004B00098B5002031490143314A1160704770B549
:1004C000002100230F22C47804B32D4C246804F4C7
:1004D000E064C4F5E064210AC1F10403CA40447831
:1004E00004FA03F18478144021430901254C06786D
:1004F000A155047804F01F050124AC4005786D1166
:10050000AD0005F1E025C5F8004109E0047804F0EC
:100510001F050124AC401C4D0678761145F8264095
:1005200070BD1A4A0A400243154B1B1F1A607047E0
:1005300039B1134A121D12680243114B1B1D1A6078
:1005400006E00F4A121D126882430D4B1B1D1A60F4
:100550007047042808D14FF0E021096941F00401F7
:100560004FF0E022116107E04FF0E021096921F02E
:1005700004014FF0E0221161704700000000FA050D
:100580000CED00E000E400E080E100E080FFFF1FF0
:1005900010B5012001F01CF8002001F019F810BD81
:1005A0002A49086070472949091F08607047274990
:1005B00084310860704701460020254A10884FF6B4
:1005C0007F4210400843224A1080704701460020B5
:1005D0001F4A10884FF68072104008431C4A108052
:1005E000704708B500220092194A2C3A0092009AEE
:1005F00002440092009A116008BD08B5014600202F
:10060000009013482C3800900098084400900098FF
:10061000008808BD0D489C300068C0B270470C4887
:100620000830008840F0010009490831088070470F
:100630000648A0300068C0B27047054808300088FE
:1006400040F00200024908310880704704860D42DC
:100650002C6C004001684FF6FE72114001600021D1
:10066000016041608160C1608D49884208D18C4938
:100670000839496841F00F01894A083A51608AE017
:1006800087491431884208D185490839496841F0C1
:10069000F001834A083A51607DE08149283188425F
:1006A00008D17F490839496841F470617C4A083AA9
:1006B000516070E07A493C31884208D17849083964
:1006C000496841F47041764A083A516063E07449E0
:1006D0005031884208D172490839496841F4702183
:1006E0006F4A083A516056E06D496431884208D13A
:1006F0006B490839496841F47001694A083A516008
:1007000049E067497831884208D165490839496824
:1007100041F07061624A083A51603CE061498842A8
:1007200006D1011F096841F00F01021F116032E07C
:100730005C491431884208D15A49091F096841F0BF
:10074000F001584A121F116025E0564928318842AD
:1007500008D15449091F096841F47061514A121FB8
:10076000116018E04F493C31884208D14D49091FBA
:10077000096841F470414B4A121F11600BE049496E
:100780005031884207D14749091F096841F4702157
:10079000444A121F1160704710B50022026847F6E4
:1007A000F0739A430C6A8B6823430C6923434C69AA
:1007B00023438C692343CC6923434C6A23438C6ACB
:1007C00023431A430260CB6843600B6883604B6825
:1007D000C36010BD0021016041608160C1600161A2
:1007E00041618161C161016241628162704721B1F1
:1007F000026842F00102026004E002684FF6FE73F4
:100800001A40026070471AB103680B43036002E0AC
:1008100003688B4303607047416070470146486836
:1008200080B2704701460020002201F080531BB1C6
:100830001C4B083B1A6802E0194B083B1A6802EA95
:1008400001030BB1012000E00020704700F080514F
:1008500019B11449091F086002E0114908394860BC
:10086000704701460020002201F080531BB10D4B60
:10087000083B1A6802E00A4B083B1A6802EA0103C7
:100880000BB1012000E00020704700F0805119B149
:100890000449091F086002E00149083948607047AF
:1008A000080002400804024001460020FE4A106889
:1008B00000F03800084310607047FB49096821F0D8
:1008C0000801F94A11601146096801431160704737
:1008D000F549096821F01001F34A116011460968D1
:1008E000014311607047F148EF494860F0484860A3
:1008F0007047EE48EC494860ED4848607047EA4868
:10090000006940F08000E84908617047E6480069E6
:1009100040F08000E449086170470420E249C9685A
:1009200001F0010109B101200EE0DF49C96801F0C1
:10093000040109B1022007E0DB49C96801F0100198
:1009400009B1032000E00420704700B502460423EB
:10095000FFF7E3FF034603E0FFF7DFFF0346521E06
:10096000012B01D1002AF7D102B90523184600BD99
:1009700030B5044604254FF43020FFF7E6FF054666
:10098000042D17D1C848006940F00200C64908612B
:1009900008464461006940F0400008614FF430208F
:1009A000FFF7D3FF0546C048006941F6FD710840D6
:1009B000BD490861284630BD10B504244FF43020ED
:1009C000FFF7C3FF0446042C16D1B748006940F076
:1009D0000400B54908610846006940F0400008611C
:1009E0004FF43020FFF7B1FF0446AF48006941F6ED
:1009F000FB710840AC490861204610BD00B50246B5
:100A00000423FFF78AFF034603E0FFF786FF034650
:100A1000521E012B01D1002AF7D102B90523184635
:100A200000BD10B504244FF43020FFF7E7FF044663
:100A3000042C16D19C48006940F004009A490861D2
:100A40000846006940F0400008614FF43020FFF78D
:100A5000D5FF04469448006941F6FB71084092496D
:100A60000861204610BD00208F49C96901F00201CC
:100A700009B1012000E00020704730B5A52504240D
:100A8000FFF7F1FF00B100254FF43020FFF75DFFC5
:100A90000446042C3AD1854883498860844888609C
:100AA0000846006940F0200008610846006940F0EF
:100AB000400008614FF43020FFF747FF0446042C44
:100AC0001BD17948006941F6DF7108407649086119
:100AD0000846006940F01000086176480580E00291
:100AE000FFF733FF0446052C10D06F48006941F62C
:100AF000EF7108406C49086108E0052C06D06A488F
:100B0000006941F6EF71084067490861204630BD31
:100B100078B506460C46042500200090E802FFF751
:100B200014FF0546042D24D15F48006940F0010000
:100B30005D4908613480E802FFF707FF0546042D90
:100B400010D1B01C0090200C00990880E802FFF73B
:100B5000FCFE05465448006941F6FE7108405249C2
:100B6000086106E05048006941F6FE7108404E49B0
:100B70000861284678BD70B504460D460426F0028B
:100B8000FFF7E3FE0646042E11D14748006940F006
:100B90000100454908612580F002FFF7D6FE0646B0
:100BA0004148006941F6FE7108403F4908613046FE
:100BB00070BD70B505460E460424E002FFF7C5FE81
:100BC0000446042C17D13948374988603848886072
:100BD0000846006940F0100008612E80E002FFF72F
:100BE000B4FE0446052C06D02F48006941F6EF718B
:100BF00008402D490861204670BD2DE9F0430446A8
:100C00004FF6FF763746B046B1460425E443E6B2D8
:100C1000C4F30727C4F307484FEA1469E802FFF753
:100C200094FE0546042D49D120481F49886020487C
:100C300088600846006940F010000861FF2E06D069
:100C40001C4808300680E802FFF77FFE0546042DA9
:100C500008D1FF2F06D017480A300780E802FFF7B7
:100C600074FE0546042D0AD1B8F1FF0F07D01148D4
:100C70000C30A0F80080E802FFF767FE0546042D5F
:100C80000AD1B9F1FF0F07D00A480E30A0F8009042
:100C9000E802FFF75AFE0546052D0FD0024800690D
:100CA00041F6EF71084007E000200240230167454C
:100CB000AB89EFCD00F8FF1F664908612846BDE803
:100CC000F08330B5054604244FF43020FFF73DFE95
:100CD0000446042C41D160485E4988605F488860C2
:100CE0000846006940F0200008610846006940F0AD
:100CF000400008614FF43020FFF727FE0446042C23
:100D000022D15448006941F6DF7108405149086119
:100D10000846006940F0100008611DB100205049EC
:100D2000088002E0A5204E4908804FF43020FFF7EC
:100D30000CFE0446052C10D04648006941F6EF71C0
:100D400008404449086108E0052C06D04148006984
:100D500041F6DF7108403F490861204630BDF0B5DB
:100D600005460E46174604243B483A4988603B48EE
:100D70008860E002FFF7E9FD0446042C19D13548EC
:100D8000006940F010003349086147F0F800304333
:100D900028433349891C0880E002FFF7D6FD04464A
:100DA000052C06D02B48006941F6EF71084029490F
:100DB00008612046F0BD2748C06980087047254873
:100DC000006A704700202349096801F0200109B139
:100DD000012000E00020704729B11E4A1269024339
:100DE0001C4B1A6104E01B4A12698243194B1A61B9
:100DF000704701460020012908D1164AD26902F045
:100E000001020AB1012008E0002006E0114AD26880
:100E10000A400AB1012000E0002070470D49C86077
:100E2000704704200B49C96801F0010109B1012094
:100E30000EE00849C96801F0040109B1022007E089
:100E40000449C96801F0100109B1032000E0042041
:100E5000704700000020024023016745AB89EFCDB9
:100E600000F8FF1F10B50446CC48844208D1012188
:100E7000042000F093FB0021042000F08FFB46E0EB
:100E8000C748844208D10121082000F087FB0021D7
:100E9000082000F083FB3AE0C248844208D10121D7
:100EA000102000F07BFB0021102000F077FB2EE0EB
:100EB000BD48844208D10121202000F06FFB0021B1
:100EC000202000F06BFB22E0B848844208D10121C9
:100ED000402000F063FB0021402000F05FFB16E0A3
:100EE000B348844208D10121802000F057FB002143
:100EF000802000F053FB0AE0AE48844207D1012174
:100F0000801500F04BFB0021A01500F047FB10BD41
:100F100010B50121084600F041FB0021012000F03E
:100F20003DFB10BD2DE9F0410246002500260020C2
:100F300000230024002791F803C00CF00F0591F85E
:100F400003C00CF0100CBCF1000F03D091F802C0EC
:100F50004CEA050591F800C0BCF1000F31D01468CF
:100F600000202BE04FF0010C0CFA00F3B1F800C0A8
:100F70000CEA03069E4220D183004FF00F0C0CFABE
:100F800003F7BC4305FA03FC4CEA040491F803C0E0
:100F9000BCF1280F06D14FF0010C0CFA00FCC2F88E
:100FA00014C00AE091F803C0BCF1480F05D14FF01E
:100FB000010C0CFA00FCC2F810C0401C0828D1D368
:100FC0001460B1F800C0BCF1FF0F34DD546800209C
:100FD0002EE000F1080C4FF0010808FA0CF3B1F80C
:100FE00000C00CEA03069E4221D183004FF00F0C93
:100FF0000CFA03F7BC4305FA03FC4CEA040491F82D
:1010000003C0BCF1280F05D100F1080C08FA0CF858
:10101000C2F8148091F803C0BCF1480F07D100F169
:10102000080C4FF0010808FA0CF8C2F81080401CB8
:101030000828CED35460BDE8F0814FF6FF710180DF
:10104000022181700421C17070470246002093681C
:101050000B400BB1012000E000207047014688687A
:1010600080B2704702460020D3680B400BB10120CC
:1010700000E0002070470146C86880B270470161F7
:101080007047416170470AB1016100E041617047FA
:10109000C16070474FF480320A438261816182618E
:1010A00082698269704702460020434B18684FF6F8
:1010B0008073184040EA021008433F4B18607047A5
:1010C0003E49C8617047F0B50A460023002400215C
:1010D000002500F00046B6F1004F02D1364EF1690E
:1010E00001E0354E7168C0F3034583B200F4401649
:1010F000B6F5401F08D121F070612F4E766826F0BA
:1011000070662D4F7E6012E000F48016B6F5801FE9
:1011100006D1032606FA05F4A14341F0706106E00A
:10112000460D360103FA06F6B14341F0706122B173
:10113000460D360103FA06F6314300F00046B6F1DB
:10114000004F02D11C4EF16101E01B4E7160F0BDF9
:1011500030B500228B071C0F0F2303FA04F2164B45
:1011600008338C1053F824309343134C08348D10FB
:1011700044F8253023468C1053F824308C07240F74
:1011800000FA04F423430C4C08348D1044F8253045
:1011900030BD0A49DC31086070470000000801409A
:1011A000000C0140001001400014014000180140F3
:1011B000001C0140002001400000014000002042CE
:1011C00010B50121080700F0F6F900214FF080501A
:1011D00000F0F1F910BD2A490862704728490861FA
:1011E000704701460020274A106820F0E0000843BD
:1011F000106070472249A0310860704710B5024660
:101200000020204B186820F00300104318601E4B8C
:101210001B6843F004031C4C2360012901D130BF3B
:1012200000E020BF184B1B6823F00403164C23601A
:1012300010BD1448006840F00400124908600846D8
:10124000006840F0020008600F48006840F00400A9
:101250000D49086000BF00BF30BF70470146002045
:10126000084A52680A400AB1012000E00020704795
:101270000449096841EA8001024A11607047000090
:1012800000000E420070004010ED00E0DF480068F2
:1012900040F00100DD49086008464068DC4908402C
:1012A000DA49486008460068DA490840D7490860CA
:1012B0000846006820F4802008600846406820F452
:1012C000FE0048604FF41F0088607047CF490968EE
:1012D00021F48031CD4A11601146096821F4802142
:1012E0001160B0F5803F03D0B0F5802F0ED106E03D
:1012F000C649096841F48031C44A116007E0C34916
:10130000096841F4A021C14A116000E000BF00BF9C
:10131000704710B501460022002300204A11012A1F
:1013200002D1BA4C236806E0022A02D1B74C236AE4
:1013300001E0B64C636A01F01F02012494401C4096
:101340000CB1012000E0002010BD38B50020009055
:101350000024002500BF3120FFF7DBFF0546009881
:10136000401C00900098B0F5A06F01D0002DF2D085
:101370003120FFF7CEFF08B1012400E00024204611
:1013800038BD01460020A14A106820F0F80040EA6C
:10139000C10010607047A0490860704702460020F5
:1013A0009A4B586820F47C1042EA01031843974B8B
:1013B0005860704798490866704701460020934A74
:1013C000506820F003000843506070478F48406821
:1013D00000F00C007047014600208C4A506820F055
:1013E000F00008435060704701460020874A50686B
:1013F00020F4E06008435060704701460020834AB3
:10140000506820F4605040EAC1005060704729B134
:101410007E4A527A02437D4B5A7204E07B4A527AEA
:1014200082437A4B5A7270477B49D83108607047C3
:1014300001460020754A506820F44040084350603F
:1014400070470021714A20321170704A82F82010D2
:10145000012802D004280AD104E001216B4A20327D
:10146000117005E00521694A2032117000E000BFCB
:1014700000BF70476949086070476449096A0143C1
:10148000624A11627047654944390860704730B557
:1014900000210022002400235C4D6D6805F00C0142
:1014A00021B1042905D0082923D105E05C4D056050
:1014B00022E05B4D05601FE0544D6D6805F470122D
:1014C000524D6D6805F48034022505EB92421CB93B
:1014D000544D554305600BE04C4D6D6805F40035E7
:1014E0001DB1504D5543056002E04D4D554305601B
:1014F00002E04B4D056000BF00BF444D6D6805F034
:10150000F0010909484D6B5C0568DD4045603F4DC1
:101510006D6805F4E061090A434D6B5C4568DD4088
:1015200085603A4D6D6805F46051C90A3E4D6B5CAB
:101530004568DD40C560354D6D6805F44041890B57
:101540003A4D6B5CC568B5FBF3F5056130BD29B15B
:101550002E4A526902432D4B5A6104E02B4A5269CC
:1015600082432A4B5A61704729B1284A9269024343
:10157000264B9A6104E0254A92698243234B9A6183
:10158000704729B1214AD2690243204BDA6104E055
:101590001E4AD26982431D4BDA61704729B11B4A4A
:1015A000D2680243194BDA6004E0184AD2688243D9
:1015B000164BDA60704729B1144A12690243134B83
:1015C0001A6104E0114A12698243104B1A61704794
:1015D00012494039086070470F49C86470470B4989
:1015E000C87170470948406A40F0807007494862F6
:1015F000704701460020054A92680A400AB101205E
:1016000000E00020704701498872704700100240D6
:101610000000FFF8FFFFF6FE000042428004424255
:1016200000127A0000093D00140000202400002070
:1016300010B50446FE48844208D10121C014FFF7CA
:10164000ADFF0021E014FFF7A9FFC4E0B4F1804F23
:1016500008D101210846FFF7AEFF00210120FFF766
:10166000AAFFB8E0F348844208D101210220FFF725
:10167000A2FF00210220FFF79EFFACE0EE4884426B
:1016800008D101210420FFF796FF00210420FFF775
:1016900092FFA0E0E948844208D101210820FFF729
:1016A0008AFF00210820FFF786FF94E0E448844287
:1016B00008D101211020FFF77EFF00211020FFF745
:1016C0007AFF88E0DF48844208D101212020FFF71B
:1016D00072FF00212020FFF76EFF7CE0DA48844291
:1016E00008D101214014FFF759FF00216014FFF7D2
:1016F00055FF70E0D548844209D10121C804FFF7A5
:101700004DFF00214FF40020FFF748FF63E0D04871
:10171000844209D101210805FFF740FF00214FF461
:101720008010FFF73BFF56E0CA48844209D10121EF
:101730004805FFF733FF00214FF40010FFF72EFF9D
:1017400049E0C548844208D101214020FFF733FF1A
:1017500000214020FFF72FFF3DE0C048844208D120
:1017600001218020FFF727FF00218020FFF723FFC2
:1017700031E0BB48844208D101218015FFF71BFFEF
:101780000021A015FFF717FF25E0B648844209D1D4
:1017900001210804FFF702FF00214FF48030FFF71A
:1017A000FDFE18E0B048844209D101214804FFF74A
:1017B000F5FE00214FF40030FFF7F0FE0BE0AB48E0
:1017C000844208D101218804FFF7E8FE00214FF48C
:1017D0008020FFF7E3FE10BD00220288944B984260
:1017E0000ED0994B98420BD0B0F1804F08D0914B5E
:1017F000984205D0904B984202D0904B984204D129
:101800004FF68F731A404B881A438D4B984207D07E
:101810008C4B984204D04FF6FF431A40CB881A43B2
:1018200002808B8883850B880385814B98420BD07F
:10183000854B984208D08B4B984205D08A4B9842F2
:1018400002D08A4B984201D10B7A0386012383820E
:10185000704770B5002400220023058C4FF6FE76F9
:1018600035400584028C8388048B4FF68F752C409D
:10187000B51E2C400D882C43751E2A400D892A4325
:101880004D882A436A4DA8420BD06F4DA84208D01C
:10189000744DA84205D0744DA84202D0734DA842A1
:1018A00013D14FF6F7752A404D892A434FF6FB7541
:1018B0002A408D882A434FF6FF652B404FF6FF558F
:1018C0002B408D892B43CD892B4383800483CD8886
:1018D0008586028470BD70B5002400220023058C2B
:1018E0004FF6EF7635400584028C8388048B48F6EA
:1018F000FF752C404FF6FF452C400D884FF6FF76C4
:1019000006EA05252C434FF6DF752A400D8906EAC5
:1019100005152A434D8806EA05152A43444DA84279
:1019200002D0494DA8421DD14FF67F752A404D89FE
:101930004FF6FF7606EA05152A434FF6BF752A4093
:101940008D8806EA05152A434FF6FF352B404FF2E6
:10195000FF752B408D8906EA85052B43CD8906EA64
:1019600085052B4383800483CD880587028470BD61
:1019700070B5002400220023058C4FF6FF66354029
:101980000584028C8388848B4FF68F752C404FF62C
:10199000FC752C400D882C434FF6FF552A400D89CD
:1019A0004FF6FF7606EA05252A434D8806EA052507
:1019B0002A431F4DA84202D0234DA8421DD14FF209
:1019C000FF752A404D894FF6FF7606EA05252A4322
:1019D0004FF6FF352A408D8806EA05252A434EF644
:1019E000FF752B404DF6FF752B408D8906EA0515D6
:1019F0002B43CD8906EA05152B4383808483CD884C
:101A00008587028470BD70B5002200230024058CF8
:101A10004EF6FF7635400584038C8488828B48F629
:101A2000FF752A404FF6FF452A400D8820E0000050
:101A3000002C01400004004000080040000C004061
:101A4000001000400014004000340140004C0140F0
:101A5000005001400054014000180040001C0040AC
:101A60000020004000400140004401400048014087
:101A70004FF6FF7606EA05252A434DF6FF752B4003
:101A80000D8906EA05352B434D8806EA05352B43BB
:101A9000FA4DA84202D0FA4DA84208D14BF6FF7584
:101AA0002C408D894FF6FF7606EA85152C438480FD
:101AB0008283CD88A0F84050038470BD828B4FF2A2
:101AC000FF331A408283828B4FF6FF7303EA0123B0
:101AD0001A4382837047F0B50C4615460022002158
:101AE0000026078C4EF6FF7C07EA0C070784828BE2
:101AF000018C4FF6FF7707EA043640F6FF473A407D
:101B00004FF6FF7707EA05273A434FF6FF7707EAD4
:101B100003373A43D94FB8420ED0D94FB8420BD011
:101B2000B0F1804F08D0D74FB84205D0D64FB84259
:101B300002D0D64FB84206D14DF6FF77394046F471
:101B40008057394305E047F6FF57394044F4805742
:101B5000394382830184F0BD828B4FF6F3731A40C0
:101B60008283828B0A4382837047F0B50C46154608
:101B7000002200210026078C4FF6FF6C07EA0C07B5
:101B80000784828B018C4FF6FF7707EA04264FF615
:101B90000C773A404FF6FF7707EA03172F433A4393
:101BA000B64FB8420ED0B64FB8420BD0B0F1804F0E
:101BB00008D0B44FB84205D0B34FB84202D0B34FAB
:101BC000B84206D14FF6FF57394046F48077394383
:101BD00005E04FF2FF57394044F480773943828360
:101BE0000184F0BD028B4FF2FF331A400283028B57
:101BF0004FF6FF7303EA01231A4302837047F0B5DF
:101C00000C461546002200210026078C4FF6EF7C7B
:101C100007EA0C070784028B018C4FF6FF7707EA6F
:101C2000041640F6FF473A404FF6FF7707EA0337BE
:101C30003A434FF6FF7707EA05273A438F4FB842FA
:101C40000ED08F4FB8420BD0B0F1804F08D08D4FDF
:101C5000B84205D08C4FB84202D08C4FB84206D162
:101C60004FF6DF77394046F01007394305E04FF66D
:101C70005F77394044F01007394302830184F0BD97
:101C8000028B4FF6F3731A400283028B0A430283DE
:101C90007047F0B50C46154600220021068C4FF621
:101CA000FE773E400684028B018C4FF60C76324064
:101CB0007E1C06EA03162E433243704EB0420ED00D
:101CC0006F4EB0420BD0B0F1804F08D06D4EB04295
:101CD00005D06D4EB04202D06C4EB04206D14FF6E8
:101CE000FD76314044F00106314305E04FF6F576CC
:101CF000314044F00106314302830184F0BD70B5E8
:101D000005460C465D4885420ED05D4885420BD0A5
:101D1000B5F1804F08D05B48854205D05A488542CE
:101D200002D05A48854200D100E000BF208850B957
:101D30002389A28861882846FFF7ABFFE1882846FF
:101D4000FFF79EFF25E0208804280AD12389A28876
:101D500061882846FFF753FFE1882846FFF742FFD6
:101D600017E0208808280AD12389A288618828469C
:101D7000FFF7FBFEE1882846FFF7EEFE09E0238926
:101D8000A28861882846FFF7A6FEE1882846FFF76B
:101D900095FE70BD2DE9F04105460C460026012751
:101DA000608808B9022600E00026A088012801D139
:101DB000022700E001272088A0B92389A288618832
:101DC0002846FFF766FFE1882846FFF759FF238979
:101DD0003A4631462846FFF712FFE1882846FFF7CA
:101DE00001FF13E02389A28861882846FFF707FFD7
:101DF000E1882846FFF7F6FE23893A463146284611
:101E0000FFF747FFE1882846FFF73AFFBDE8F0817A
:101E10000A884B881A438B881A43CB881A430B894C
:101E20001A434B891A438B891A43A0F84420704700
:101E30004FF6FF71818000210180C18041800172D5
:101E400070470021018041808180C18001814181F2
:101E50008181C18170470021018041800121818001
:101E60000021C18001817047002101804180818073
:101E7000C18001814181818170470000002C0140B7
:101E8000003401400004004000080040000C004005
:101E900021B1028842F00102028004E002884FF67C
:101EA000FE731A400280704731B1B0F8442042F40A
:101EB0000042A0F8442005E0B0F84420C2F30E022E
:101EC000A0F8442070471AB183890B43838102E054
:101ED00083898B43838170478182704741EA020383
:101EE000A0F8483070471AB183890B43838102E020
:101EF00083898B438381704701894FF6F8721140C3
:101F0000018170470A46002101894FF68F731940FD
:101F100011430181704730B504460D4629462046DD
:101F2000FFF7F0FF208940F00700208130BD2DE948
:101F3000F04104460D4616461F46602D06D13B462D
:101F4000012231462046FFF75AFE05E03B460122BA
:101F500031462046FFF79DFE29462046FFF7D2FF77
:101F6000208940F007002081BDE8F08130B50C46A3
:101F700000210189C9B24FF6FF7505EA0325154313
:101F800025432943018130BD2DE9F04105460E4628
:101F900017469846002443463A4631462846FFF7FE
:101FA000E5FF2C894FF6F870044044F007044FF623
:101FB0008F70044044F070042C81BDE8F081F0B5CE
:101FC00004460D4616461F463B46324629462046E5
:101FD000FFF7CCFF208940F480402081F0BD0185CF
:101FE000828270470A46002101884FF68F7319409C
:101FF000114301807047F0B50C4615461E4600217E
:10200000002200230189028B038C4FF6F8773940B8
:1020100021434FF6FC473A4040F201173A434FF64E
:10202000DD773B404FF6FF7707EA06172F433B4328
:10203000018102830384F0BD0A460021018B4FF623
:102040008F7319401143018370470A460021018BA9
:1020500048F6FF7319404FF6FF7303EA0223194352
:10206000018370470A460021818B4FF68F73194018
:102070001143818370470A460021818B48F6FF7324
:1020800019404FF6FF7303EA022319438183704717
:1020900021B1028842F08002028004E002884FF6FB
:1020A0007F731A400280704721B1828842F0040297
:1020B000828004E082884FF6FB731A40828070476A
:1020C00021B1828842F00802828004E082884FF6C3
:1020D000F7731A408280704721B1828842F0010272
:1020E000828004E082884FF6FE731A408280704737
:1020F0000A460021018B4FF6F77319401143018303
:1021000070470A460021018B4FF2FF7319404FF6CA
:10211000FF7303EA02231943018370470A46002133
:10212000818B4FF6F77319401143818370470A463C
:102130000021818B4FF2FF7319404FF6FF7303EAC2
:1021400002231943818370470A460021018B4FF611
:10215000FB7319401143018370470A460021018B2C
:102160004FF6FF3319404FF6FF7303EA022319437A
:10217000018370470A460021818B4FF6FB7319409B
:102180001143818370470A460021818B4FF6FF334C
:1021900019404FF6FF7303EA022319438183704706
:1021A0000A460021018B4FF67F73194011430183CA
:1021B00070470A460021018BC1F30E014FF6FF73F1
:1021C00003EA02231943018370470A460021818BE9
:1021D0004FF67F7319401143818370470A460021EF
:1021E000818BC1F30E014FF6FF7303EA02231943FB
:1021F000818370470A460021018C4FF6FD73194018
:102200001143018470470A460021018C4FF6F77391
:1022100019401143018470470A460021018C4FF692
:10222000DF7319404FF6FF7303EA02131943018469
:1022300070470A460021018C4FF67F7319404FF614
:10224000FF7303EA02131943018470470A46002111
:10225000018C4FF6FF5319404FF6FF7303EA022338
:102260001943018470470A460021018C4FF2FF7325
:1022700019404FF6FF7303EA0223194301847047A4
:102280000A460021018C4DF6FF7319404FF6FF738B
:1022900003EA023319430184704730B50023012457
:1022A0008C40A3B2048C9C430484048C02FA01F594
:1022B000ADB22C43048430BD30B5002304248C40DF
:1022C000A3B2048C9C430484048C02FA01F5ADB2E1
:1022D0002C43048430BD70B503460020002418460A
:1022E000183001258D40ACB21D8CA5431D8409B169
:1022F000082909D100EB6100056825F0700505602B
:102300000568154305600EE00D1FC5F34E05284412
:10231000056825F4E045056005684FF6FF7606EA96
:1023200002263543056070BD21B1028842F00202E9
:10233000028004E002884FF6FD731A400280704765
:1023400021B1028842F00402028004E002884FF6C4
:10235000FB731A400280704721B1828842F08002EC
:10236000828004E082884FF67F731A408280704733
:1023700002884FF6F7731A40028002880A430280EF
:10238000704782884FF68F731A40828082880A4392
:102390008280704702894FF6F8731A4002810289E1
:1023A0000A430281704702894FF67F731A40028107
:1023B00002890A4302817047818470478185704792
:1023C000818670470187704781877047A0F8401069
:1023D000704702884FF6FF431A40028002880A4382
:1023E000028070470146888E70470146088F70470B
:1023F0000146888F70470146B1F84000704701469A
:10240000888C70470146088D704702460020138A69
:102410000B400BB1012000E000207047CA4302824C
:10242000704730B50246002000230024158A05EAD3
:102430000103958905EA010413B10CB1012000E004
:10244000002030BDCA4302827047000010B5044628
:10245000FB48844209D101218803FFF79FF800213E
:102460004FF48040FFF79AF832E0F648844209D1F1
:1024700001214804FFF79FF800214FF40030FFF7D7
:102480009AF825E0F048844209D101218804FFF739
:1024900092F800214FF48020FFF78DF818E0EB4808
:1024A000844209D10121C804FFF785F800214FF4C7
:1024B0000020FFF780F80BE0E548844208D10121B5
:1024C0000805FFF778F800214FF48010FFF773F844
:1024D00010BD2DE9F04786B005460E460024A24601
:1024E00000BFA1460027B08900B100BF2F462C8A4B
:1024F0004CF6FF700440F08804432C82AC894EF601
:10250000F3100440B08831890843718908430443BB
:10251000AC81AC8A4FF6FF400440B0890443AC82E2
:1025200001A8FEF7B4FFC648874202D1DDF810A02B
:1025300001E0DDF80CA0A88900F4004040B10AEBEE
:10254000CA0000EB0A1031684900B0FBF1F807E05F
:102550000AEBCA0000EB0A1031688900B0FBF1F801
:102560006420B8FBF0F004012009642101FB10890C
:10257000A88900F4004040B1322000EBC900B0FB54
:10258000F1F000F00700044308E0322000EB0910EE
:102590006421B0FBF1F000F00F0004432C8106B081
:1025A000BDE8F0874FF41651016000218180C180A1
:1025B00001810C21418100218181704710B50246C3
:1025C0000020108A4FF2FF0318400B884C882343E9
:1025D0008C882343CC8823431843108210BD0021EC
:1025E000018041808180C180704721B1828942F49D
:1025F0000052828104E082894DF6FF731A40828185
:102600007047F0B50346002400260025002040F660
:102610006A17B94200D100BF1846C1F3421401F055
:102620001F06012707FA06F5012C01D10C3004E042
:10263000022C01D1103000E014301AB107682F438A
:10264000076002E00768AF430760F0BD1AB1838AF4
:102650000B43838202E0838A8B4383827047028A22
:102660004FF6F0731A400282028A0A4302827047D0
:1026700082894FF2FF731A40828182890A438281E4
:10268000704721B1828942F00202828104E082898E
:102690004FF6FD731A4082817047028A4FF6DF734E
:1026A0001A400282028A0A430282704721B1028ADA
:1026B00042F48042028204E0028A4BF6FF731A4021
:1026C00002827047C1F30802828070470146888801
:1026D000C0F308007047818941F001018181704792
:1026E000028BD2B20283028B42EA0122028370473C
:1026F000028B02F47F420283028B0A4302837047FB
:1027000021B1828A42F02002828204E0828A4FF65E
:10271000DF731A408282704721B1828A42F0100230
:10272000828204E0828A4FF6EF731A4082827047F9
:1027300021B1828A42F00802828204E0828A4FF646
:10274000F7731A408282704721B1828942F40042B5
:10275000828103E08289C2F30E028281704721B137
:10276000828A42F40062828204E0828A4FF2FF731E
:102770001A4082827047828A4FF6FB731A40828227
:10278000828A0A438282704721B1828A42F0020221
:10279000828204E0828A4FF6FD731A40828270477B
:1027A00002460020B1F5007F00D100BF13880B4026
:1027B0000BB1012000E00020704701F40072B2F577
:1027C000007F00D100BFCA430280704770B5024647
:1027D000002400230025002040F66A16B14200D1F3
:1027E00000BFC1F3421501F01F03012606FA03F3EF
:1027F000012D02D19689334006E0022D02D1168ABE
:10280000334001E0968A33400C12012606FA04F4A4
:102810001688344013B10CB1012000E0002070BDD7
:1028200010B50022002340F66A14A14200D100BF77
:102830000A1201249440A3B2DC43048010BD0000BE
:10284000003801400044004000480040004C004077
:102850000050004010B50446FA48844208D10121D6
:102860004015FEF79BFE00216015FEF797FE17E06E
:10287000F548844208D101210015FEF78FFE0021A2
:102880002015FEF78BFE0BE0F048844208D10121B1
:10289000C803FEF783FE00214FF40040FEF77EFEE2
:1028A00010BD30B50246002000235068E84C20409F
:1028B0000D790C6844EA0524204350609068E54C8B
:1028C0002040D1E902542C434D7944EA4504204389
:1028D0009060D06A20F470000C7C641EE4B2234344
:1028E00040EA0350D06230BD0021016001714171A6
:1028F0008160C16001210174704721B1826842F09A
:102900000102826003E0826822F001028260704767
:1029100021B1826842F48072826003E0826822F40E
:1029200080728260704710B50023CBB21AB1446840
:102930001C43446002E044689C43446010BD8168CD
:1029400041F0080181607047014600208A6802F06A
:1029500008020AB1012000E000207047816841F0C0
:10296000040181607047014600208A6802F0040279
:102970000AB1012000E00020704721B1826842F4D2
:10298000A002826003E0826822F4A00282607047A5
:10299000014600208A6802F480020AB1012000E0AA
:1029A0000020704710B50A4600210023416821F439
:1029B0006041531E41EA4331416010BD21B142687C
:1029C00042F40062426003E0426822F40062426026
:1029D0007047F0B504460D4600200021092D11DD99
:1029E000E068A5F10A0606EB4607072606FA07F196
:1029F0008843A5F10A0606EB460603FA06F10843EA
:102A0000E0600CE0206905EB4507072606FA07F1B0
:102A1000884305EB450603FA06F108432061072ABF
:102A20000FDA606B561E06EB86071F2606FA07F1C3
:102A30008843561E06EB860605FA06F108436063D6
:102A400022E00D2A0FDA206BD61F06EB86071F2621
:102A500006FA07F18843D61F06EB860605FA06F14B
:102A60000843206310E0E06AA2F10D0606EB86073A
:102A70001F2606FA07F18843A2F10D0606EB86062B
:102A800005FA06F10843E062F0BD21B1826842F424
:102A90008012826003E0826822F4801282607047B4
:102AA0000146C86C80B2704766484C300068704779
:102AB00021B1426842F48062426003E0426822F43D
:102AC00080624260704721B1426842F480524260A5
:102AD00003E0426822F48052426070470A460021B7
:102AE000816821F4E04111438160704721B182681F
:102AF00042F40042826003E0826822F40042826075
:102B0000704721B1826842F40212826003E0826859
:102B100022F4021282607047014600208A6802F4A3
:102B200000120AB1012000E000207047F0B5044611
:102B30001546002000220026092911DDE068A1F1D8
:102B40000A0707EB470C072707FA0CF29043A1F19D
:102B50000A0707EB470703FA07F21043E0600CE0AF
:102B6000206901EB410C072707FA0CF2904301EBB7
:102B7000410703FA07F210432061A06BC0F301562E
:102B8000EF1C06F1010CA7EB0C0707EB870C1F27C6
:102B900007FA0CF29043EF1C06F1010CA7EB0C07AF
:102BA00007EB870701FA07F21043A063F0BD10B5E9
:102BB0000A4600210023816B21F44011531E41EA93
:102BC0000351816310BD08B5002300930090009B62
:102BD0000B440093009B1A6008BD08B50246002014
:102BE0000090009201F12800009B1844009000988A
:102BF000006880B208BD0A4600214168164B1940A2
:102C00001143416070474162826270470A46002169
:102C1000416821F01F0111434160704740B10949EB
:102C20000831096841F40001064A0832116007E0E2
:102C300004490831096821F40001024A0832116090
:102C4000704700000024014000280140003C014082
:102C5000FFFEF0FFFDF7F1FFFFFD3FFF0246002002
:102C600013680B400BB1012000E000207047CA43FD
:102C70000260704770B502460020002300240B124A
:102C80005568CEB205EA060415681D4015B10CB1B1
:102C9000012000E0002070BD00220A12D34303602F
:102CA0007047000029B1504A128802434E4B1A80E7
:102CB00004E04D4A128882434B4B1A8070474A48C1
:102CC000001D008840F010004749091D088070472A
:102CD0004548001D00884FF6EF7108404249091D24
:102CE00008807047002140481C300188001F008880
:102CF00041EA0040704700B50246FFF7E0FF100CC4
:102D0000394918310880091D0A80FFF7E1FF00BD2D
:102D100000B50246FFF7D3FFC2F303403249083142
:102D20000880091D0A80FFF7D3FF00BD00B50246E9
:102D3000FFF7C5FF100C2C4920310880091D0A80BF
:102D4000FFF7C6FF00BD0020274910310988090799
:102D5000080B2549143109880843704700BF2248F1
:102D6000001D008800F020000028F8D070471E48A1
:102D7000001D00884FF6F77108401B49091D0880A7
:102D800000BF1948001D008800F008000028F8D096
:102D9000704701460020144A121D12880A400AB1E9
:102DA000012000E0002070470F49091D0988814378
:102DB0000D4A121D11807047014600200A4A121D5B
:102DC00012880A40D0B2084A12880A4012B108B1EB
:102DD000012000E0002070470349091D0988814354
:102DE000014A121D118070470028004030BF704713
:102DF00072B6704762B6704710B54FF4A060FDF729
:102E000059FB10BD7FB505460C4601211020FEF789
:102E1000B8FBADF80850ADF804400020ADF80A004A
:102E2000ADF8060001A91948FEF7D6FC01221146AB
:102E30001648FFF748F836208DF8000003208DF87B
:102E400001008DF8020001208DF803006846FDF7AF
:102E500036FB01210D48FFF71BF800200C490860E4
:102E60007FBD0B490860704710B501210748FFF787
:102E7000D8FA012805D10648006810B10448006856
:102E8000804701210148FFF7DDFA10BD0010004026
:102E90002800002010B56FF00400FDF75AFB4FF03A
:102EA000E020006940F002004FF0E021086142F2AA
:102EB000283048610846006940F00100086110BDF3
:102EC000F0B504460D4600212AE001EB81008B4E4F
:102ED00056F8200010BB01EB810046F8204001208D
:102EE00001EB8106854F07EB8606707401EB8100CC
:102EF0003E4606EB8000456001EB810006EB80005A
:102F0000826001EB810006EB80000374002001EB7E
:102F1000810607EB8606F0600846F0BD481CC1B28A
:102F20001E29D2DBFF20F8E710B50146002027E07C
:102F300000EB8002714B53F822208A421ED10022FE
:102F400000EB80036D4C44F8232000EB800304EB7E
:102F500083035A7400EB800304EB83035A6000EB95
:102F6000800304EB83039A6000EB800304EB83038C
:102F70001A7400EB800304EB8303DA60421CD0B2C6
:102F80001E28D5DB10BD002100EB80025B4B43F80F
:102F9000221000EB800203EB8202517400EB8002EE
:102FA00003EB8202516000EB800203EB820291602E
:102FB00000EB800203EB8202117400EB800203EB52
:102FC0008202D1607047002048E000EB80014B4A4C
:102FD00002EB8101097CE9BB00EB800102EB81017E
:102FE000497C012938D100EB800102EB8101C968DD
:102FF00081BB00EB800102EB8101496859B100EB14
:10300000800102EB81014968491E00EB80023B4BC5
:1030100003EB8202516000EB8001384A02EB810130
:103020004968B9B9012100EB8002344B03EB8202FD
:10303000D16000EB80011A4602EB8101896849B139
:1030400000EB800102EB8101896800EB800203EB59
:10305000820200E000E05160411CC8B21E28B4DBCF
:10306000704710B5002440E004EB8400234901EBD5
:103070008000407C012836D104EB840051F8200008
:1030800088B304EB840001EB8000007C012806D1AA
:1030900004EB8401194A52F82100804723E004EB35
:1030A0008400164901EB8000007CE0B904EB840049
:1030B00001EB8000C068B0B104EB84010F4A52F804
:1030C00021008047002004EB84010C4A02EB8101BF
:1030D000C86004EB8400114601EB8000806810B9E1
:1030E0002046FFF750FF601CC4B21E2CBCDB10BD95
:1030F00010B504F081FDFFF766FF10BD740D0020D0
:10310000002000210160704710B5FFF7C3FE04F0F6
:1031100017FC04F0BDFC04F079FB06F05BF903F04A
:10312000A1FB02F04FFA04F0FEFA01F048FC01F0B6
:10313000E6FC01F016FE02F004FA01F016F810F0B9
:1031400073FD07F08FFC05F08EFC07F02CFB0446A6
:103150000DF0B8FB01230A2211463248FFF7B0FEFA
:1031600000230A2211463048FFF7AAFE00230A2254
:1031700005212E48FFF7A4FE0123002205212C483B
:10318000FFF79EFE0023642208212A48FFF798FEDD
:1031900000234FF47A7205212748FFF791FE0023A0
:1031A0000A2211462548FFF78BFE00230A2211460A
:1031B0002348FFF785FE00230A2211462148FFF726
:1031C0007FFE00230A2211461F48FFF779FE0023E5
:1031D0000A2211461D48FFF773FE00234FF47A724E
:1031E00064211B48FFF76CFE00236422194619482E
:1031F000FFF766FE00230A2219461748FFF760FE14
:1032000000230A2205211548FFF75AFE0123002258
:1032100005211348FFF754FE10BD10B5FFF721FF3D
:1032200010BD000095680008C35A00084345000817
:1032300057460008A1780008E17700081F7A0008C7
:10324000D1830008B73B010833150108590C010868
:10325000E52001080BD20008499400089BCE000825
:10326000C5CE000870B503460C4603E014F8015BB8
:1032700003F8015B1500A2F10102F7D170BD30B572
:10328000034601E003F8011B1400A2F10102F9D189
:1032900030BD00B57C494FF42072C8680021FFF7AB
:1032A000EEFF79494FF4A04288680021FFF7E7FF5D
:1032B00001207549087400BD0022002105E0724814
:1032C000C068405C00B1521C491CB1F5207FF6D3A8
:1032D000642050434FF42073B0FBF3F0C0B270474A
:1032E0002DE9F04106460024A0466748007C10B94D
:1032F0006549086880471EB94FF0FF30BDE8F0818E
:1033000062480068B6FBF0F085B260480068B6FB22
:10331000F0F100FB116008B1681C85B25C480068E0
:10332000441E1BE05848C068005D20B908F1010048
:103330001FFA80F801E04FF00008A8450DD10027E2
:1033400004E05149C968E2198D547F1CAF42F8D39B
:103350004E49096804FB01F0D0E7641E002CE1DA55
:103360004FF0FF30CAE770B505464748007C20B9EA
:10337000454908688047012070BD4648006885427D
:1033800012D242480068B5FBF0F13F48C068425C89
:10339000002405E000203C4BDB680E199855641CA6
:1033A0009442F7DB0020E7E70220E5E72DE9F04152
:1033B00005463548007C20B9334908688047BDE898
:1033C000F081314880682E1A3248006886421ED249
:1033D0002E4B1B68B6FBF3F02B4BDB68195C2A46BF
:1033E000002402E000231355641C284B1B684B4348
:1033F000A342F7D8002407E00023234FFF6800EB27
:10340000040C07F80C30641C8C42F5DBD7E700BFD6
:10341000D5E770B5044604B970BD1B488068251A0D
:10342000FFF7E6FC2046FFF7C1FFFFF7E3FC00BF14
:10343000F2E770B50546FFF7DBFC2846FFF750FFC3
:103440000446FFF7D7FC601C08B9002070BD0E4889
:1034500080682044FAE770B506460C462046FFF720
:103460003FFF0546681C08B9002070BD0649896801
:10347000481922463146FFF7F5FE3046FFF7C9FFEF
:10348000014880682844F0E7380000203000002020
:103490002C00002034000020012080F3138800BF9E
:1034A00000BF6548006800F4E06064490843001DFF
:1034B00061490860BFF3408F00BF00BFFEE72DE900
:1034C000F05F06460F4690460024B3463D46A146AF
:1034D00017E068784FEA002A28788244AD1C20461D
:1034E000641C574921F810A0B4F5806F07D100245F
:1034F0004FF48062584600F0DAF80BF5006B09F1E2
:103500000209C145E5D324B1A2B24D49584600F0A5
:10351000CEF8BDE8F09F10B5044620684949084040
:10352000B0F1005F08D16068474908602068FCF787
:1035300093FE45480068804710BD08B54FF6FF7000
:10354000009002226946414800F0B1F84048FFF778
:10355000E2FF08BD3E483849091F08607047F0B5D2
:103560009BB005460E461746684600F029F93246DC
:103570002946684600F0F9FC17A9684600F05AFD94
:10358000002409E0395D17A8005D814202D00020C7
:103590001BB0F0BD601CC4B2102CF3DBFF20F7E7BA
:1035A00038B50446221D2B482168FFF7D8FF50B1DB
:1035B0000020009002226946244800F078F8FCF7C9
:1035C0004EFEFF2038BD0020FCE738B50446221D22
:1035D00020482168FFF7C3FF40B10020009002227D
:1035E00069461A4800F063F8FF2038BD0020FCE768
:1035F00000201949088019490860704710B5044631
:10360000208815490988884214D1628813490968BD
:10361000104BC818211DFFF752FF0F480088401CAF
:103620000D49088060880D49096808440B49086005
:10363000FF2010BD0020FCE70CED00E00000FA05C3
:103640004C6200200000FE2F4C00002000140008F7
:103650000018000800A801085000002054000020B5
:103660000146088870472DE9F04105460E46174689
:10367000002407E036F814102846FDF77CFAAD1C4C
:10368000601C84B2BC42F5DBBDE8F08130B5034676
:103690000C461546002207E01846FFF7E1FF24F824
:1036A00012009B1C501C82B2AA42F5DB30BD2DE9F2
:1036B000F05F80468A461746B8F1006F02D337485C
:1036C000804501D3BDE8F09FFDF70DF9A8F1006B2F
:1036D0004FEADB25CBF34909C9F58064A74200DC3A
:1036E0003C464DE04FF0006101EBC5204A142C49E7
:1036F000FFF7CCFF00260BE009EB0600284931F864
:1037000010004FF6FF71884200D003E0701C86B2B3
:10371000A642F1DB00BFA6421BDA4FF0006101EBCD
:10372000C520FDF725F9002608E03AF8160006EB5B
:1037300009011B4A22F81100701C86B2A642F4DB74
:103740004FF0006101EBC5204A141549FFF78BFFCC
:1037500004E0224651464046FFF785FFA74200D1CC
:103760000FE06D1C4FF000090AEB440AA044381B1F
:1037700087B2B7F5806F02DD4FF4806400E03C460D
:10378000B0E700BFFDF7BBF800BF9BE713B50446E9
:10379000012201A92046FFF78AFF1CBD0000040892
:1037A0004C6A0020014600BF704700BF704770B5EB
:1037B00004460D46E1B2002005F05FFC204670BDD6
:1037C000002101604160FE498160FE4AC260CA4337
:1037D0000261FC4AD2434261704770B5034600243F
:1037E000002010E00E5C451C4D5D46EA0526851C58
:1037F0004D5D46EA0546C51C4D5D46EA056543F844
:103800002450641C001D9042ECD370BD2DE9F043A0
:10381000C0B080468946D8F80040D8F80450D8F89F
:103820000860D8F80C70402249466846FFF7D5FF7B
:1038300005EA060027EA0501084300990844E24921
:1038400008440444E00140EA54642C4404EA0500BE
:1038500026EA0401084301990844DC490844074466
:10386000380340EA1757274407EA040025EA07010E
:10387000084302990844D64908440644700440EAC3
:10388000D6363E4406EA070024EA060108430399B7
:103890000844D04908440544A80540EA9525354424
:1038A00005EA060027EA0501084304990844CA49C5
:1038B00008440444E00140EA54642C4404EA05004E
:1038C00026EA0401084305990844C449084407440A
:1038D000380340EA1757274407EA040025EA07019E
:1038E000084306990844BE4908440644700440EA67
:1038F000D6363E4406EA070024EA06010843079943
:103900000844B84908440544A80540EA95253544CB
:1039100005EA060027EA0501084308990844B24968
:1039200008440444E00140EA54642C4404EA0500DD
:1039300026EA0401084309990844AC4908440744AD
:10394000380340EA1757274407EA040025EA07012D
:1039500008430A990844A0F524404F3806447004EF
:1039600040EAD6363E4406EA070024EA0601084348
:103970000B9908449E4908440544A80540EA95254A
:10398000354405EA060027EA050108430C99084476
:10399000984908440444E00140EA54642C4404EA91
:1039A000050026EA040108430D9908449249084499
:1039B0000744380340EA1757274407EA040025EA7A
:1039C000070108430E9908448C49084406447004D2
:1039D00040EAD6363E4406EA070024EA06010843D8
:1039E0000F990844864908440544A80540EA9525EE
:1039F000354405EA070026EA07010843019908440F
:103A0000804908440444600140EAD4642C4404EA38
:103A1000060025EA06010843069908447A49084445
:103A20000744780240EAD757274407EA050024EA0A
:103A3000050108430B990844744908440644B0033F
:103A400040EA96463E4406EA040027EA0401084399
:103A5000009908446E4908440544280540EA153594
:103A6000354405EA070026EA07010843059908449A
:103A7000684908440444600140EAD4642C4404EAE0
:103A8000060025EA060108430A99084462490844E9
:103A90000744780240EAD757274407EA050024EA9A
:103AA000050108430F9908445C4908440644B003E3
:103AB00040EA96463E4406EA040027EA0401084329
:103AC00004990844564908440544280540EA153538
:103AD000354405EA070026EA070108430999084426
:103AE000504908440444600140EAD4642C4404EA88
:103AF000060025EA060108430E9908444A4908448D
:103B00000744780240EAD757274407EA050024EA29
:103B10000501084303990844444908440644B00396
:103B200040EA96463E4406EA040027EA04010843B8
:103B3000089908443E4908440544280540EA1535DB
:103B4000354405EA070026EA070108430D990844B1
:103B5000384908440444600140EAD4642C4404EA2F
:103B6000060025EA06010843029908443249084440
:103B70000744780240EAD757274407EA050024EAB9
:103B800005010843079908442C4908440644B0033A
:103B900040EA96463E4406EA040027EA0401084348
:103BA0000C990844264908440544280540EA15357F
:103BB000354485EA0600784005990844214943E0E8
:103BC0000123456789ABCDEF78A46AD756B7C7E81C
:103BD000DB702024EECEBDC1AF0F7CF52AC687472F
:103BE000134630A8019546FDD8988069AFF7448BFD
:103BF000BED75C892211906B937198FD8E4379A694
:103C00002108B44962251EF640B340C0515A5E26D1
:103C1000AAC7B6E95D102FD65314440281E6A1D895
:103C2000C8FBD3E7E6CDE121D60737C3870DD5F42E
:103C3000ED145A4505E9E3A9F8A3EFFCD9026F6733
:103C40008A4C2A8D4239FAFF08440444200140EA94
:103C500014742C4484EA0500704008990844FC4917
:103C600008440744F80240EA5757274487EA04000B
:103C700068400B990844F74908440644300440EA78
:103C800016463E4486EA070060400E990844F24911
:103C900008440544E80540EA5525354485EA060010
:103CA000784001990844ED4908440444200140EA61
:103CB00014742C4484EA0500704004990844E849CF
:103CC00008440744F80240EA5757274487EA0400AB
:103CD000684007990844E34908440644300440EA30
:103CE00016463E4486EA070060400A990844DE49C9
:103CF00008440544E80540EA5525354485EA0600B0
:103D000078400D990844D94908440444200140EA08
:103D100014742C4484EA0500704000990844D44986
:103D200008440744F80240EA5757274487EA04004A
:103D3000684003990844CF4908440644300440EAE7
:103D400016463E4486EA0700604006990844CA4980
:103D500008440544E80540EA5525354485EA06004F
:103D6000784009990844C54908440444200140EAC0
:103D700014742C4484EA050070400C990844C0492E
:103D800008440744F80240EA5757274487EA0400EA
:103D900068400F990844BB4908440644300440EA8F
:103DA00016463E4486EA0700604002990844B64938
:103DB00008440544E80540EA5525354465EA07000E
:103DC000704000990844B14908440444A00140EA05
:103DD00094642C4464EA0600684007990844AC499E
:103DE00008440744B80240EA9757274467EA0500A9
:103DF00060400E990844A74908440644F00340EA8D
:103E000056463E4466EA0400784005990844A249B3
:103E100008440544680540EAD525354465EA0700AD
:103E200070400C9908449D4908440444A00140EAAC
:103E300094642C4464EA0600684003990844984955
:103E400008440744B80240EA9757274467EA050048
:103E500060400A990844934908440644F00340EA44
:103E600056463E4466EA04007840019908448E496B
:103E700008440544680540EAD525354465EA07004D
:103E8000704008990844894908440444A00140EA64
:103E900094642C4464EA060068400F9908448449FD
:103EA00008440744B80240EA9757274467EA0500E8
:103EB0006040069908447F4908440644F00340EAFC
:103EC00056463E4466EA040078400D9908447A4913
:103ED00008440544680540EAD525354465EA0700ED
:103EE000704004990844754908440444A00140EA1C
:103EF00094642C4464EA060068400B9908447049B5
:103F000008440744B80240EA9757274467EA050087
:103F10006040029908446B4908440644F00340EAB3
:103F200056463E4466EA04007840099908446649CA
:103F300008440544680540EAD5253544D8F8000012
:103F40002044C8F80000D8F804002844C8F8040049
:103F5000D8F808003044C8F80800D8F80C003844F5
:103F6000C8F80C0040B0BDE8F0832DE9F0470446E6
:103F70000F4615460026B046B1462088C0F3C50856
:103F8000C8F14009206800EBC50020602068B0EB54
:103F9000C50F02D26068401C6060606800EB55701D
:103FA00060604D451CD304F1180101EB08004A463E
:103FB000394611F038F804F1180104F10800FFF750
:103FC00025FC4E4605E0B91904F10800FFF71EFC78
:103FD000403606F14000A842F5D94FF0000800E055
:103FE0000026AA1BB91904F1180303EB080011F00D
:103FF0001AF8BDE8F08770B5034614460022002089
:1040000015E011F822501D5431F82250C5F307264F
:10401000451C5E5551F82250C5F30746851C5E5578
:1040200051F822502D0EC61C9D55521C001DA04259
:10403000E7D370BD2DE9FC4104460E46002500275C
:104040002088C0F3C505382D40D2C5F138003FE0C7
:1040500081F6718722619D6D0C38E5FD44EABEA4AE
:10406000A9CFDE4B604BBBF670BCBFBEC67E9B28A3
:10407000FA27A1EA8530EFD4051D880439D0D4D9B8
:10408000E599DBE6F87CA21F6556ACC4442229F40E
:1040900097FF2A43A72394AB39A093FCC3595B65D0
:1040A00092CC0C8F7DF4EFFFD15D84854F7EA86F9D
:1040B000E0E62CFE144301A3A111084E827E53F7C3
:1040C00035F23ABDBBD2D72A91D386EBC5F1780041
:1040D0000746082221466846FFF78DFF3A46084901
:1040E0002046FFF742FF082269462046FFF73DFFC2
:1040F000102204F108013046FFF77DFFBDE8FC8186
:104100005800002070B5054600240AE02146002032
:1041100000F0B0FF81B2F84800EB44000180601C61
:10412000C4B2082CF2DB00240BE02146012000F091
:10413000A1FF81B2F048203000EB44000180601CF8
:10414000C4B2082CF1DB00240BE02146022000F071
:1041500091FF81B2E848403000EB44000180601CD0
:10416000C4B2082CF1DB70BD70470020E34981F830
:10417000A10281F8A0024FF4FA70A1F88C0200208D
:10418000A1F89202A1F89002A1F88E02012081F814
:104190008A02002081F8880281F8A20281F889024F
:1041A00081F8A30281F8810281F88002142081F84D
:1041B0008202704770477047D04890F8820270477B
:1041C00010B50446CD4890F8820208B9002010BD11
:1041D000CA4991F88012C94A02EB411020222146B7
:1041E000FFF740F8C54890F88002401CC34981F8A9
:1041F0008002084690F88202401E81F8820208463A
:1042000090F88002142802D1002081F88002FF205B
:10421000DDE710B50446B94890F88202142801D1B0
:10422000002010BDB54890F88102B44A02EB40115D
:1042300020222046FFF716F8B04890F88102401C73
:10424000AE4981F88102084690F88202401C81F84C
:104250008202084690F88102142802D1002081F8D9
:1042600081020120DDE7F0B589B004460D4616460F
:104270001F46F1B28DF8121000218DF813100020A6
:104280008DF81000E9B28DF8111005940797002100
:10429000029103918DF800006846FFF791FF09B085
:1042A000F0BD2DE9F04389B080460C4616461F4606
:1042B000DDF840902546A9788DF81210E9788DF840
:1042C000131028788DF8100069788DF81110CDF84A
:1042D0001890CDE902678DF800806846FFF770FFFF
:1042E00009B0BDE8F083854981F8A2027047834890
:1042F00090F8A202704770B50446207C00F094FF4D
:10430000002848D102207D4981F8A002207C00F0DD
:104310005FFF48BB7948B0F88C02B0F5967F51DA60
:10432000207C02F043FC18B9207C02F02CFC20B168
:10433000E07C401EE074012070BD7048B0F88C0233
:1043400000283FD16D4890F8A10258B101206B4977
:1043500081F8A002084690F8A102401E81F8A1024F
:104360000220E9E70320E7E7207C00F031FF054663
:10437000012D0ED1207C02F019FC18B9207C02F02E
:1043800002FC20B1E07C401EE0740520D4E704204C
:10439000D2E70620D0E7207C00F037FF012811D1BA
:1043A000207C02F003FC18B9207C02F0ECFB48B141
:1043B000E07C401EE074627CA17C207C00F045FE25
:1043C0000120B9E70020B7E770B5044600264C4845
:1043D000007830B1012811D0022828D003280CD150
:1043E00051E00020454981F8A002012044490870AD
:1043F0004FF47A704149A1F8920297E0627CA17C67
:10440000207C00F0F3FD88B1207C02F0CFFB207C03
:1044100002F0B9FB4FF4FA703849A1F88C0202207F
:104420003749087014203549A1F892027EE0207CBB
:1044300000F0FAFE022825D1207C02F0B7FB207C98
:1044400002F0A1FB01F0C1F920B12C4890F8A002C4
:10445000012804D10020294981F8A10203E00120AC
:10446000264981F8A1020120244981F8A0020320F5
:10447000234908704FF47A702049A1F89202401045
:10448000A1F88C0252E02046FFF735FF0546072DC4
:104490004AD2DFE805F004050E172037400043E05C
:1044A000FF2600201649087014201449A1F8920232
:1044B0003AE00120124908704FF47A700F49A1F8D0
:1044C000920231E0032600200D49087014200B49A8
:1044D000A1F8920228E0627CA17C207C00F0DDFD46
:1044E00008B1042600E001260020054908701420C8
:1044F0000249A1F8920217E06501002050720020E5
:10450000C501002005260020FB4908701420FB4946
:10451000A1F8920208E002260020F7490870142052
:10452000F649A1F8920200BF00BF00BF00BFF348E8
:10453000B0F8920218B90E260020EF4908703046F4
:1045400070BD00B5ED4890F8A00202280BD1EB48F1
:10455000B0F88C02002806DDE848B0F88C02401E56
:10456000E649A1F88C02E548B0F89602642807DA1B
:10457000E248B0F89602401CE049A1F8960205E036
:10458000FFF7F2FD0020DD49A1F89602DB48B0F804
:104590009202002806DDD948B0F89202401ED749A1
:1045A000A1F89202D548B0F89002002806DDD34861
:1045B000B0F89002401ED149A1F89002CF48B0F85F
:1045C0008E02002806DDCD48B0F88E02401ECB4991
:1045D000A1F88E02C948B0F89402002806DDC74849
:1045E000B0F89402401EC549A1F89402C348B0F83F
:1045F0009802002806DDC148B0F89802401EBF4965
:10460000A1F89802BD48B0F89A02002806DDBB4820
:10461000B0F89A02401EB949A1F89A02B748B0F81A
:104620009C02002806DDB548B0F89C02401EB34944
:10463000A1F89C0200BD437A00F10A0202EB83025A
:104640001160427A521C427270470146487A0A222F
:1046500002EB800070477CB5A84890F8A2020F28B2
:1046600073D2DFE800F00872A7727272723E73F1C3
:10467000497EF0EF3A00A248FFF7CBFDE8B10120F8
:104680009E4981F889029E48807C9E4988709C489A
:10469000C07CC8709A48007C08709948407C48707B
:1046A0009748406948600020487208720120C1F8AC
:1046B0002A000E20FFF717FE0EE09048B0F89E0289
:1046C00050B18E48B0F89C0230B900208B49A1F857
:1046D0009E0202200FF071F852E10220FFF703FE64
:1046E0004EE141F6583364220121002003F0D4F951
:1046F0000A20FFF7F8FD43E1002003F0F0F918BBB2
:10470000002003F003FA38B97F497E48FFF793FF92
:104710000220FFF7E8FD17E07B4966317948FFF793
:104720008AFF7748C06930B1764BD3F82A105868B1
:10473000734BDA699047734AD2F82A10506800F038
:10474000B4FD0020FFF7CFFD1AE118E141F6583320
:1047500064220021084603F09FF90B20FFF7C3FDF8
:104760000EE1002003F0BBF918BB002003F0CEF9E6
:1047700038B965496348FFF75EFF0220FFF7B3FDD4
:1047800017E0614969315F48FFF755FF5C48C06930
:1047900030B15C4BD3F82A105868594BDA6990470E
:1047A000584AD2F82A10506800F07FFD0020FFF729
:1047B0009AFDE5E05248FFF707FE04462046042C28
:1047C00034D007DC68B101280CD0022816D00328A9
:1047D00065D11FE0052838D00E2845D0FF285ED1CE
:1047E0004EE05CE008200EF0E8FF4FF4977045497A
:1047F000C1F82A000D20FFF776FD50E008200EF0EA
:10480000DCFF4FF497703F49C1F82A000D20FFF7F5
:104810006AFD44E008200EF0D0FF40F22D10394927
:10482000C1F82A000D20FFF75EFD38E008200EF0E9
:10483000C4FF4FF497703349C1F82A000D20FFF7E9
:1048400052FD2CE02DE06CE060E02E49087802F08B
:10485000F9FF07200EF0B1FF02202A49C1F82A0013
:104860000D20FFF740FD1AE008200EF0A6FF40F2F1
:104870002F102449C1F82A000D20FFF734FD0EE067
:104880002049087802F0DEFF07200EF096FF022094
:104890001C49C1F82A000D20FFF725FD00BF00BF0D
:1048A0006EE01748C06930B1164BD3F82A1058682B
:1048B000134BDA6990471348D0F82A0040F22D11C3
:1048C000884201D1012000E0002010B1662005F0EF
:1048D000CDFE0C4AD2F82A10506800F0E6FC002009
:1048E000FFF701FD01200549A1F89E024FF4FA707F
:1048F000A1F89C0244E00000C50100205072002095
:10490000F874002018750020E0A5010041F6583326
:1049100064220021084603F0BFF80C20FFF7E3FCF7
:104920002EE0002003F0DBF840BB002003F0EEF89F
:1049300020B914491448FFF77EFE04E0114969319B
:104940001148FFF778FE1148806970B10E48FFF7F3
:104950007CFE85B20D48C1688068CDE900010B4935
:1049600008782A468B6908499847074AD2F82A10DE
:10497000506800F09AFC0020FFF7B5FC00E000BF93
:1049800000BF7CBDE0A5010018750020F874002070
:1049900010B5044614B902F089FC10BD3A4800EB8A
:1049A000C400C079F9E710B504461CB902F081FCD7
:1049B000C0B210BD344800EBC4008079F9E710B5EF
:1049C000324800F0FCF8314B9A7859781B7803F0A4
:1049D000010002F072FC04222C492B48FEF742FC35
:1049E00004222A49091D28480830FEF73BFC04220E
:1049F0002649083124481030FEF734FC10BD38B584
:104A000005460C46207820B9E278A178607802F05B
:104A100054FC617820781D4A12F8200061F30000F0
:104A2000217802F82100A078217802EB81014870FA
:104A3000E07840B2217802EB81018870104600F0E6
:104A4000A6F861782078104A12F8300061F300006F
:104A5000217802F83100A078217802EBC10148707A
:104A6000E07840B2217802EBC101887020788DF89F
:104A7000000000208DF8020001208DF801000020C8
:104A80008DF8030038BD0000467500205E750020DB
:104A90000146F84830F811007047F74890F8FE00DA
:104AA0007047F54890F8FC007047F0B503460024C5
:104AB00000201A4600BF03E015682844121D641C3C
:104AC000B4EB910FF8D301F0030555B101F00306E3
:104AD000C6F10406F7004FF0FF36FE40156835407A
:104AE0002844F0BD02460B46002104E0505C08B1AA
:104AF00000207047491C9942F8D3FF20F9E710B510
:104B0000DE48DF4908604FF43171DD480068FFF787
:104B1000CCFF0446DA480068D0F8C402A04226D18F
:104B2000F4B94FF43171D6480068FFF7DBFFFF2876
:104B30000FD14FF43171D048FFF7B7FF0446CE488C
:104B4000C0F8C4424FF4B2720146CC48FEF7AFFD44
:104B50001CE04FF4B272C849C848FEF797FD15E053
:104B60004FF4B272C449C548FEF790FD0EE04FF411
:104B70003171C148FFF799FF0446BF48C0F8C442ED
:104B80004FF4B2720146BD48FEF791FD10BD70B5FD
:104B900004460C222146B8482430FEF763FB4FF44C
:104BA0003171B548FFF781FF0546B348C0F8C452DC
:104BB0004FF4B2720146B148FEF779FD70BD10B5F1
:104BC00004460C22AC4924312046FEF74BFB10BDB5
:104BD00070B50446CC222146A7483030FEF742FB90
:104BE0004FF43171A448FFF760FF0546A248C0F8B2
:104BF000C4524FF4B2720146A048FEF758FD70BD92
:104C000010B50446CC229C4930312046FEF72AFBE1
:104C100010BD70B50446242221469748FEF722FBBA
:104C20004FF431719448FFF740FF05469248C0F8B1
:104C3000C4524FF4B27201469048FEF738FD70BD81
:104C400010B5044624228C492046FEF70BFB10BD0C
:104C500070B504468022214686482030FEF702FBCC
:104C60004FF431718448FFF720FF05468248C0F8B1
:104C7000C4524FF4B27201468048FEF718FD70BD71
:104C800010B5044680227B4920312046FEF7EAFA1F
:104C900010BD70B505460C46224629467548A3301E
:104CA000FEF7E0FA744880F8A1414FF43171FFF744
:104CB000FCFE06467048C0F8C4624FF4B27201466A
:104CC0006E48FEF7F4FC70BD70B505460C462246F2
:104CD00029466848C330FEF7C5FA674880F8A24104
:104CE0004FF43171FFF7E1FE06466348C0F8C46235
:104CF0004FF4B27201466148FEF7D9FC70BD10B5A1
:104D000004465D4890F8A12100F2A3112046FEF769
:104D1000A9FA10BD10B50446574890F8A22100F238
:104D2000C3112046FEF79EFA10BD534890F8A20129
:104D3000704770B50446504880F8A0414FF4317177
:104D4000FFF7B3FE05464C48C0F8C4524FF4B272A8
:104D500001464A48FEF7ABFC70BD474890F8A001F9
:104D6000704710B50024474847490860C4214648A9
:104D70000068FFF79AFE044643480068D0F8C40074
:104D8000A04221D1D4B94048006800884AF2A0016D
:104D900088420DD0C4213D48FFF787FE04463B48BA
:104DA000C0F8C440642201463648FEF780FC18E093
:104DB000642236493348FEF769FC12E06422334925
:104DC0003048FEF763FC0CE0C4213048FFF76DFE6D
:104DD00004462E48C0F8C440642201462948FEF724
:104DE00066FC10BD10B5044654222849091D204612
:104DF000FEF738FA10BD70B5044654222146234808
:104E0000001DFEF72FFAC4212048FFF74EFE05468D
:104E10001E48C0F8C450642201461A48FEF747FCF9
:104E200070BD10B504462022184958312046FEF7BF
:104E300019FA10BD70B50446202221461348583097
:104E4000FEF710FAC4211148FFF72FFE05460F4860
:104E5000C0F8C450642201460A48FEF728FC70BD21
:104E600010B504462A22094978312046FEF7FAF99E
:104E700010BD0000CC020020CC01002000D80308A7
:104E8000C801002000EC03089404002098040020CE
:104E900070B504462A2221465148FEF7E3F9C421A1
:104EA0004F487838FFF701FE05464D487838C0F87E
:104EB000C450642201464B48FEF7F9FB70BD10B5A3
:104EC0000446202246492A312046FEF7CBF910BD80
:104ED00070B504462022214641482A30FEF7C2F927
:104EE000C4213F487838FFF7E0FD05463C48783854
:104EF000C0F8C450642201463A48FEF7D8FB70BDA2
:104F000008B500200090012269463748FEF7BEFB35
:104F1000BDF8000008BD08B50020009001226946D8
:104F20003148801CFEF7B2FBBDF8000008BD08B593
:104F300000200090012269462B48001DFEF7A6FBC9
:104F4000BDF8000008BD08B50020009001226946A8
:104F50002548801DFEF79AFBBDF8000008BD70B51E
:104F600004460D46B4F57A6F09DAC4EBC4011E4A53
:104F7000083202EB81000E222946FEF787FB70BD46
:104F800070B504460D46B4F57A6F09DAC4EBC40176
:104F9000154A083202EB81000E222946FEF787FBF4
:104FA00070BD01B5012269460F48FEF780FB08BDC0
:104FB00001B5012269460C48801CFEF778FB08BD4C
:104FC00001B5012269460848001DFEF770FB08BDC7
:104FD00001B5012269460448801DFEF768FB08BD43
:104FE0001005002000EC030800A8010870B5044675
:104FF0000E46154624B92946304600F0F9FA70BD30
:1050000004EB840000EBC4008F4901EBC000807802
:1050100008B10020F3E7012004EB840101EBC40197
:10502000894A02EBC101087104EB840000EBC40063
:10503000114601EBC000867104EB840000EBC40054
:1050400001EBC0004571FF20D9E770B504460D465D
:10505000164624B93146284600F0DAFA70BD002021
:1050600004EB840101EBC401774A02EBC101087132
:1050700000BFF3E770B504460D461CB9284600F0A2
:10508000CCFA70BD04EB840000EBC4006E4901EB68
:10509000C000083050F82500F3E770B504460E460E
:1050A00015466CB929462046FFF7E4FF04EB84015E
:1050B00001EBC401644A02EBC101083141F825004B
:1050C00004EB840000EBC4005F4901EBC000083032
:1050D00050F825100120B040014009B1012070BDF9
:1050E0000020FCE7024602EB820000EBC200564BB8
:1050F00003EBC000283050F831007047024602EB45
:10510000820000EBC200504B03EBC00040787047B8
:1051100070B504460E4615466CB929462046FFF781
:10512000E1FF04EB840101EBC401474A02EBC1013A
:10513000283141F8350004EB840000EBC4004249FB
:1051400001EBC000283050F835100120B04001407C
:1051500009B1012070BD0020FCE770B504460D4682
:105160001CB9284600F008FB70BD04EB840000EB7E
:10517000C400354901EBC000283000EBC500406891
:10518000F2E770B504460E46154674B92946204626
:10519000FFF7E3FF04EB840101EBC4012A4A02EBB1
:1051A000C101283101EBC501486004EB840000EB2C
:1051B000C400254901EBC000283000EBC500406861
:1051C0000121B140084008B1012070BD0020FCE77A
:1051D00010B5044614B900F0F0FA10BD04EB8400D9
:1051E00000EBC400184901EBC0004078F5E710B5AA
:1051F000044614B900F0E5FA10BD04EB840000EB9E
:10520000C400114911F83000F6E710B5044614B98E
:1052100000F0DBFA10BD04EB840000EBC4000A4987
:1052200001EBC000C078F5E710B5044614B900F0F2
:1052300097FA10BD04EB840000EBC400024901EBB7
:10524000C0008078F5E700006C75002070B588B06C
:105250000546FFF760FE064600240AE0A0B201A959
:10526000FFF77DFE0398A84202D1012008B070BD6F
:10527000641CB442F2D30020F8E770B588B005464C
:10528000FFF749FE064600240AE0A0B201A9FFF795
:1052900066FE0398A84202D1069808B070BD641C4F
:1052A000B442F2D340F22F10F7E7F0B587B00546CD
:1052B0000E46FFF730FE074600240DE0A0B2694617
:1052C000FFF74DFE0298A84205D10596A0B26946A7
:1052D000FFF756FE02E0641CBC42EFD300BF07B0EC
:1052E000F0BDF0B587B007461C2239466846FDF789
:1052F000B9FFFFF710FE0546FFF719FE0646FFF758
:1053000022FE0446069469462046FFF739FEB5F5AD
:105310007A6F0ADA681C85B240F69F70844202DA1E
:10532000601C84B211E000240FE040F69F708442BC
:1053300002DA601C84B200E0002440F69F708642CE
:1053400002DA701C86B200E000262846FFF730FE25
:105350003046FFF735FE2046FFF73AFE07B0F0BDB6
:105360002DE9F04F9BB004460D4617464FF0000B59
:10537000D94620887E49A0FB0110A0787D4A504381
:105380000918E0787C4A00FB02F00918207942F203
:10539000107200FB02F0091860794FF0640200FB04
:1053A00002F00918A07908181A9028887049A0FB03
:1053B0000110A8786F4A00FB02F00918E8786E4ADD
:1053C00000FB02F00918287942F2107200FB02F08B
:1053D000091868794FF0640200FB02F00918A879F7
:1053E00008181990FFF797FD8246C84654E01FFA47
:1053F00088F012A9FFF7B3FDBDF848005C49A0FB97
:1054000001109DF84A005B4A504309189DF84B0073
:10541000594A00FB02F009189DF84C0042F2107244
:1054200000FB02F009189DF84D004FF0640200FBEC
:1054300002F009189DF84E000E181A98864229D3DA
:105440001998864226D8BBF5787F00DB26E009F163
:105450000109DDE91423DDE91610CDE90423CDE9C6
:1054600006109DF84E009DF84D109DF84C209DF8BB
:105470004B30CDE90032CDE902109DF84A30BDF83D
:1054800048203EA109A80FF08DFB1FB109A938469D
:105490000FF0BDFD08F10108D045A8D300BF484674
:1054A0001BB0BDE8F08F2DE9F04399B004460D46DE
:1054B0004FF000090027FFF72EFD8046002639E057
:1054C000B0B212A9FFF74BFDBDF848002188884211
:1054D0002FD19DF84A00A17888422AD19DF84B002F
:1054E000E178884225D1B9F5BF5F00DB24E07F1C5D
:1054F000DDE91423DDE91610CDE90423CDE906101A
:105500009DF84E009DF84D109DF84C209DF84B30B5
:10551000CDE90032CDE902109DF84A30BDF84820AF
:105520001EA109A80FF03EFB1DB109A928460FF0E6
:105530006EFD761C4645C3D300BF384619B0BDE8A2
:10554000F08310B50024FFF7DBFC0446012C0CD0DF
:105550000020FFF72DFD0020FFF732FD0020FFF7B0
:1055600037FD0120FFF71DFD01E000BF00BF10BDAA
:1055700000E40B5400E1F50540420F00253464259A
:1055800032642532642532642532642532642F2545
:10559000642F25642F25642F25642300253034646F
:1055A000253032642530326425303264253032644F
:1055B000253032642F25642F25642F25642F256420
:1055C0002300000010B500240CE0002104EB44008F
:1055D00000EB0412FE4840F82210603840F8241016
:1055E000601CC4B2082CF0DB00F06CFE10BD7047EC
:1055F0000246F7487838807C08B1002070470120C7
:10560000F34B783B1875184682754175FF20F5E716
:105610000022EF4B783B1A7570470146EC48603822
:1056200050F8210070470246E948603850F82100E0
:1056300001239340184008B1012070470020FCE787
:105640000146E348403850F8310070470146E048D1
:105650007838407C704710B50246DD48403850F835
:1056600031000124944000EA04030BB1012010BD75
:105670000020FCE730B5024601EB410000EB0114CD
:10568000D34800EB840040680124944000EA0403FE
:1056900093B101EB410000EB0114CD4800EB840015
:1056A0004068984301EB410404EB0115C84C04EB3E
:1056B00085046060012030BD0020FCE730B5024663
:1056C00001EB410000EB0114C14800EB840080684D
:1056D0000124944000EA040393B101EB410000EB84
:1056E0000114BB4800EB84008068984301EB41043F
:1056F00004EB0115B64C04EB8504A060012030BD1D
:105700000020FCE710B5024601EB410000EB01145C
:10571000AF4850F824000124944000EA04030BB180
:10572000012010BD0020FCE7024601EB410000EB28
:105730000113A74800EB83000C3030F812007047CB
:10574000A3487838C0687047024601EB410000EB7F
:1057500001139F4800EB83002C3030F81200704793
:105760009B487838807C704799487838017D09B12A
:10577000012070470020FCE701469548403800EBC7
:10578000C1004068704710B502469148403800EBB0
:10579000C10040680124944000EA04030BB10120D9
:1057A00010BD0020FCE702460B4689487838417C52
:1057B00009B1012070470020FCE785487838407C1B
:1057C000704783487838007C704781487838C07CBF
:1057D000704710B57E487838007D38B100207D498B
:1057E00008707D4908707D49087010BD79480078BF
:1057F000052808DA77480078401C76490870764812
:10580000007800F00EFB7348007805287ED17348BD
:105810000178022000F0C0FE88B16D4860386F4901
:10582000097850F821006C490A7801219140084319
:1058300067496039694A127841F8220010E06448EB
:1058400060386649097850F8210063490A780121D7
:10585000914088435E496039604A127841F82200DD
:105860005E480178012000F097FEB8B15B480078EF
:1058700000EB400101EB0011554850F8210056495A
:105880000A780121914008435449097801EB41020B
:1058900002EB01124E4941F8220016E04F48007811
:1058A00000EB400101EB0011494850F821004A4942
:1058B0000A780121914088434849097801EB410267
:1058C00002EB0112424941F82200444801780120CC
:1058D00000F0C0FEC0B14148007800EB400101EB90
:1058E00000113B4800EB810040683B490A780121E8
:1058F000914008433949097801EB410202EB01125A
:10590000334901EB82014860344800E036E0017819
:10591000012000F07AFEC0B13048007800EB400171
:1059200001EB00112A4800EB810080682A490A78BF
:105930000121914008432949097801EB410202EB1A
:105940000112234901EB820188600020214908707F
:1059500022480078401C2149087008460078082831
:105960000CD1002008701C480078401C1A490870AF
:1059700008460078102801D10020087000F09EFC35
:1059800013497839C86000BF2FE770B510487838E0
:10599000007D18B10E487838807C00B970BD0C4885
:1059A0007838857D447D284600F03BFA2146012069
:1059B00000F0F2FDD0B104EB440000EB0411044808
:1059C00050F821000121A940084304EB440107E0FD
:1059D0001C77002060050020610500206205002082
:1059E00001EB0412F94941F8220010E004EB4400F5
:1059F00000EB0411F54850F821000121A94088432B
:105A000004EB440101EB0412F04941F82200214665
:105A1000012000F01FFE90B104EB440000EB0411E4
:105A2000EA4800EB810041680120A840014304EBF3
:105A3000440000EB0412E54800EB8200416021467F
:105A4000012000F0E2FD90B104EB440000EB0411F2
:105A5000DE4800EB810081680120A840014304EB8F
:105A6000440000EB0412D94800EB8200816021461B
:105A7000012000F014FE014604EB440000EB041288
:105A8000D24800EB82000C3020F81510214601208E
:105A900000F011FE04EB440101EB0412CB4901EBD1
:105AA00082012C3121F8150000F008FCC749783933
:105AB000C86000BF72E710B5FFF78BFEFFF765FF08
:105AC00010BD2DE9F0410125FFF783FEFFF75DFFD3
:105AD000BE487838007D28B9BC487838807C08B941
:105AE000BDE8F081B9487838007D40B90021B74859
:105AF0007838817400F082F900F072F96BE1B348F4
:105B00007838807C30B1B1487838C088401CAF49C3
:105B10007839C880AD487838807CF8B94FF4167071
:105B2000AA49783988800121A848783881740020F2
:105B3000A6497839C88048800021A4487838417443
:105B40000020A249783948810874887D00F069F9FD
:105B50009E497839487D00F0FEFA3CE19B48783850
:105B6000C088052820D1994A783A517D907DFFF769
:105B7000A5FD964A783A517D907DFFF77BFD934ACB
:105B8000783A517D907DFFF7BDFD20B101218F480E
:105B90007838C17403E000218C487838C174022140
:105BA0008A487838817416E188487838C088052892
:105BB000A4DD864878384088C0B384487838C088E7
:105BC000824978394988401A282897DD7F487838F3
:105BD000867D477D807D05FA00F47C487838417DDC
:105BE000383000EBC1004068A043784978394A7DDD
:105BF000383101EBC201486074487838417D383053
:105C000050F83100A043714978394A7D383141F864
:105C10003200002038394880087500216B487838F8
:105C2000817400F0EBF800F0DBF8D4E0FFE7674A9E
:105C3000783A517D907DFFF741FD00284FD06348B1
:105C40007838867D477D39463046FFF76DFD6428FC
:105C500044DD39463046FFF767FDB0F5167F30DD8D
:105C60005A487838807D05FA00F400205749783981
:105C700008740846417D383000EBC1004068A043FD
:105C8000524978394A7D383101EBC20148604F48AA
:105C90007838417D383050F83100A0434B4978398D
:105CA0004A7D383141F83200002038394880087583
:105CB000002146487838817400F0A0F800F090F890
:105CC0000CE039463046FFF72FFD642806DD012041
:105CD0003E49783908740846C08848807BE03B48D4
:105CE0007838C088394978398988884224D137483A
:105CF0007838807D05FA00F434487838417D3830B2
:105D000000EBC10040682043304978394A7D383182
:105D100001EBC201486001212C4878384174002011
:105D20002A4978390875002128487838817400F0AC
:105D300065F800F055F84EE0FFF702FD06464FF01B
:105D40007E5112F0A3F92FD2204878384089962846
:105D500007DA1E4878384089401C1C497839488148
:105D600039E01A487838807D05FA00F41748783809
:105D7000417D383050F831002043144978394A7D4C
:105D8000383141F83200022110487838417400203F
:105D90000E497839087500210C487838817400F074
:105DA0002DF800F01DF816E008487838C0886428FF
:105DB00011D1064A783A517D907DFFF7A3FC38B1A6
:105DC000002002497839087405E000001C770020A3
:105DD00001200249087400BF82E60000A47600207A
:105DE0000020F7490860F749C1F88401F4490839EF
:105DF0000860F5490860091F086070470020F049F5
:105E0000091D0860EF49C1F89001ED490C310860A7
:105E1000EE490860EA4910310860EA49C1F89C017E
:105E200070470021E64A121D1160E64AC2F890113F
:105E3000E34A0C321160E54A1160E14A1032116008
:105E4000E04AC2F89C11102873D2DFE800F0081C69
:105E500031475C738AA0B5CBE2FCFBFAF9F800216C
:105E6000D74A121D1160D74AC2F89011D44A0C3299
:105E70001160D64A1160D24A103211600121D14A14
:105E8000C2F89C1165E10121CD4A121D116000216B
:105E9000CC4AC2F89011CA4A0C321160CB4A116048
:105EA000C74A103211600121C64AC2F89C1150E164
:105EB0000021C34A121D11600121C24AC2F890118B
:105EC0000021BF4A0C321160C04A1160BC4A103236
:105ED00011600121BB4AC2F89C113AE10121B84A84
:105EE000121D1160B74AC2F890110021B44A0C3259
:105EF0001160B64A1160B24A103211600121B14AF4
:105F0000C2F89C1125E10021AD4A121D1160AD4A75
:105F1000C2F890110121AA4A0C3211600021AB4A4B
:105F20001160A74A103211600121A64AC2F89C11E3
:105F30000FE1FBE00121A24A121D11600021A14ADC
:105F4000C2F8901101219E4A0C32116000219F4A33
:105F500011609B4A1032116001219A4AC2F89C11CB
:105F6000F7E00021964A121D11600121954AC2F8FE
:105F70009011934A0C3211600021944A1160904AAA
:105F80001032116001218F4AC2F89C11E1E0012119
:105F90008B4A121D11608B4AC2F89011884A0C324C
:105FA00011600021894A1160854A10321160012177
:105FB000844AC2F89C11CCE00021814A121D116074
:105FC000804AC2F890117E4A0C32116001217F4A4A
:105FD000116000217A4A103211600121794AC2F819
:105FE0009C11B6E00121764A121D11600021754A0C
:105FF000C2F89011724A0C3211600121734A11608B
:1060000000216F4A1032116001216E4AC2F89C11C2
:106010009FE000216A4A121D11600121694AC2F8FD
:1060200090110021664A0C3211600121674A11600B
:106030000021634A103211600121624A04E060E0ED
:1060400049E031E01AE002E0C2F89C1181E0012150
:106050005B4A121D11605B4AC2F890110021584A38
:106060000C3211600121594A11600021544A10324A
:1060700011600121534AC2F89C116AE00021504A84
:10608000121D11604F4AC2F8901101214C4A0C3286
:1060900011604E4A11600021494A103211600121FD
:1060A000484AC2F89C1154E00121454A121D116072
:1060B0000021444AC2F890110121414A0C3211607A
:1060C000424A116000213E4A1032116001213D4ACE
:1060D000C2F89C113DE00021394A121D11600121D6
:1060E000384AC2F89011364A0C321160374A1160B2
:1060F0000021334A103211600121324AC2F89C114A
:1061000027E001212E4A121D11602E4AC2F890117B
:106110002B4A0C3211602D4A11600021284A10329E
:1061200011600121274AC2F89C1112E00021244A83
:10613000121D1160234AC2F89011214A0C321160DD
:10614000224A11601E4A103211601E4AC2F89C1188
:1061500000BF00BF70470021194A1160194AC2F8F8
:106160008411174A083A1160174A1160121F116012
:10617000082871D2DFE800F004132C3D4D5E7182D7
:1061800000210F4A11600F4AC2F884110C4A083AE4
:1061900011600D4A11600121121F11608CE0012174
:1061A000074A11600021074AC2F88411044A083ADC
:1061B0001160054A11600121121F11607CE000008E
:1061C0008881224200802242B001224294812142F1
:1061D0000021514A11600121504AC2F88411002166
:1061E0004D4A083A11604E4A11600121121F116098
:1061F00062E00121484A1160484AC2F88411002136
:10620000454A083A1160464A11600121121F116087
:1062100052E00021404A1160404AC2F88411012135
:106220003D4A083A116000213D4A11600121121FC8
:10623000116041E00121384A11600021374AC2F85B
:1062400084110121344A083A11600021344A116056
:106250000121121F11602FE020E000212E4A116061
:1062600001212E4AC2F884112B4A083A11600021FC
:106270002B4A11600121121F11601DE00121264AE5
:106280001160264AC2F88411234A083A116000219D
:10629000234A11600121121F11600DE000211E4AE6
:1062A00011601E4AC2F884111B4A083A11601C4A48
:1062B0001160121F116000BF00BF704710B500F0E1
:1062C00027FD10BD08B501216020FBF74DF9012124
:1062D0001448FAF7F8FE10208DF8030003208DF81B
:1062E0000200FF20ADF8000069460F48FAF71AFED9
:1062F0002020ADF8000069460C48FAF713FE4FF471
:10630000C050ADF8000069460948FAF70BFEFFF7E8
:1063100067FDFFF773FD08BD88812242008022429D
:10632000B00122420002300000140140000C014084
:106330000010014000B591B001214FF40670FBF749
:1063400013F901210846FBF702F900208DF82F0010
:1063500003208DF82E003020ADF82C000BA94F48FB
:10636000FAF7E0FD0120ADF82C000BA94C48FAF734
:10637000D9FD4C48FCF76EFA4A484C3000904A4828
:106380000190002002901E200390002004908020A5
:1063900005904000069080000790202008900002A1
:1063A000099000200A9069464048FAF7F5F9012162
:1063B0003E48FAF71CFA00200C9001208DF83400BA
:1063C0008DF835004FF460200E9000200F900320D0
:1063D0008DF840000CA93348FCF763FA062301222C
:1063E0000E213048FCF7F5FA062302220F212D4832
:1063F000FCF7EFFA0623032208212A48FCF7E9FA02
:1064000001212848FCF779FA01212648FCF780FA97
:1064100001212448FCF7B1FA01212448FAF7E7F9F1
:106420002048FCF78CFA00BF1E48FCF78DFA0028C4
:10643000FAD11C48FCF792FA00BF1A48FCF793FA0D
:106440000028FAD101211748FCF797FA01211748D3
:10645000FAF7CDF911B000BD10B503460021022BAB
:1064600001DD002010BD002209E002EB42000E4CCD
:1064700004EB400030F813000144501CC2B20A2A59
:10648000F3DB0A20B1FBF0F1B1FBF0F400FB1410D8
:10649000052800D9491C88B2E4E70000001001403B
:1064A000000C0140002401407C79002008000240DB
:1064B00010B50A4600210AE000EB4003C3EB80144C
:1064C000D64B03EB8403D0335A544B1CD9B200EBA8
:1064D0004003C3EB8014D14B13F824308B42EBDC28
:1064E00010BD10B500F0DCFC3F20CC490839086035
:1064F0000620486002200872C949C8480838C0F818
:10650000F81005210020FFF7D3FF0821C348083801
:1065100080F8FC10C349C0F8EC1105210120FFF7F9
:10652000C7FF0821BD48083880F8F011BE49C0F8FF
:10653000E01205210220FFF7BBFF0621B74808380B
:1065400080F8E412B949C0F8D41305210320FFF7FD
:10655000AFFF0621B148083880F8D813B449C0F815
:10656000C81405210420FFF7A3FF0421AB48083815
:1065700080F8CC14AF49C0F8BC1505210846FFF7D8
:1065800097FF10BD014601EB4100C0EB8112A3480B
:1065900000EB820040687047024602EB4200C0EB0D
:1065A00082139E4800EB8300406801238B40184013
:1065B00008B1012070470020FCE710B5014601EB4F
:1065C0004102C2EB8113954A02EB8302D06800239B
:1065D00001EB4102C2EB8114904A02EB8402D360CA
:1065E00010BD10B5014601EB4102C2EB81138B4A8D
:1065F00002EB83029068002301EB4102C2EB81149D
:10660000864A02EB8402936010BD10B5024602EB8D
:106610004200C0EB8213814800EB8300C068012375
:106620008B401840A0B102EB4200C0EB82137B48C4
:1066300000EB8300C06801238B40984302EB4203C8
:10664000C3EB8214754B03EB8403D860012010BDAB
:106650000020FCE710B5024602EB4200C0EB8213BB
:106660006E4800EB8300806801238B401840A0B186
:1066700002EB4200C0EB8213684800EB83008068A5
:1066800001238B40984302EB4203C3EB8214634B1C
:1066900003EB84039860012010BD0020FCE7024654
:1066A00002EB4200C0EB82135C4800EB8300103029
:1066B00030F811007047024602EB4200C0EB821333
:1066C000564800EB8300503030F81100704710B589
:1066D00000F066FD10BD2DE9F041044601270025BC
:1066E0007AE007FA05F62846D4F8F0108847C0B3D8
:1066F00004F19000405D20B9002104F1100020F861
:10670000151004F1100030F815004FF6FF718842A3
:1067100009DA04F1100030F81500401C81B204F1D0
:10672000100020F8151004F19000415D4030405DEC
:10673000814208DA04F19000405D401CC1B204F1CE
:106740009000415546E060683040A8BB002104F14C
:10675000B0004155606830436060A0683043A0607D
:1067600038E0FFE704F1B000405D20B9002104F1FA
:10677000500020F8151004F1500030F815004FF6C5
:10678000FF71884209DA04F1500030F81500401C0E
:1067900081B204F1500020F8151004F1B000415D01
:1067A0002030405D814208DA04F1B000405D401CB9
:1067B000C1B204F1B00041550CE06068304048B10E
:1067C000002104F1900041556068B0436060E068CA
:1067D0003043E060681CC5B22078A84281DCBDE887
:1067E000F08170B50126002411E006FA04F50B488B
:1067F00008380068284040B104EB4401C1EB841222
:10680000064901EB8200FFF766FF601CC4B2034833
:1068100008384068A042E8D870BD0000C079002068
:106820003F6F00085F6F0008F16F00088570000877
:10683000D5700008257100080146F848C06801229B
:106840008A40104008B1012070470020FCE7014653
:10685000F248806901228A40104008B10120704747
:106860000020FCE710B5FFF765FDFFF73AFE10BD0D
:10687000017801290AD14168B1F57A7F03D24168D4
:10688000491C416005E00121C17002E00021C17096
:106890004160704710B5FFF7A4FF03210420FFF704
:1068A0007BFEDF49087003210420FFF7D3FEDC499B
:1068B00049780843DA49487003210420FFF7A5FE10
:1068C000D74989780843D64988700846FFF7D0FF32
:1068D00000210846FFF760FED14981F82800002119
:1068E0000846FFF7B7FECE4991F829100843CC4976
:1068F00081F8290000210846FFF787FEC84991F872
:106900002A100843C64981F82A0001210020FFF718
:1069100043FEC34981F8300001210020FFF79AFEB1
:10692000BF4991F831100143BD4880F83110012171
:106930000020FFF76AFEBA4991F832100143B848C7
:1069400080F8321000210320FFF726FEB4490872B8
:1069500000210320FFF77EFEB149497A0843B04980
:10696000487200210320FFF750FEAD49897A0843A1
:10697000AB49887201210320FFF70EFEA849087673
:1069800001210320FFF766FEA549497E0843A4497B
:10699000487601210320FFF738FEA149897E08438C
:1069A0009F49887603210846FFF7F6FD9C49087445
:1069B00003210846FFF74EFE9949497C0143984858
:1069C000417403210846FFF720FE9549897C014365
:1069D0009348817404210320FFF7DEFD904981F87C
:1069E000200004210320FFF735FE8D4991F8211086
:1069F00001438B4880F8211004210320FFF705FE96
:106A0000874991F822100143854880F8221000211F
:106A10000520FFF7C1FD824981F8380000210520DB
:106A2000FFF718FE7E4991F8391008437C4981F838
:106A3000390000210520FFF7E8FD794991F83A1067
:106A40000843774981F83A0001210520FFF7A4FDAA
:106A5000734981F8400001210520FFF7FBFD7049D3
:106A600091F8411001436E4880F841100121052042
:106A7000FFF7CBFD6A4991F842100143684880F85E
:106A8000421002210520FFF787FD654981F8480083
:106A900002210520FFF7DEFD614991F8491001430D
:106AA0005F4880F8491002210520FFF7AEFD5C49E0
:106AB00091F84A1001435A4880F84A1003210520F2
:106AC000FFF76AFD564981F8500003210520FFF7C2
:106AD000C1FD534991F851100143514880F85110BC
:106AE00003210520FFF791FD4D4991F85210014314
:106AF0004B4880F8521010BD0146042901DB0020EC
:106B000070474748383010F83100F9E7014604294A
:106B100001DB002070474248383000EBC10040786C
:106B200038B100223E48383000EBC10042700120ED
:106B3000F0E70020EEE70146042901DB0020704762
:106B40003748383000EBC100807838B10022344833
:106B5000383000EBC10082700120F0E70020EEE742
:106B60000146022901DB002070472D4800EBC100DF
:106B7000C078F9E70146022901DB00207047284868
:106B800010F83100FAE70146022901DB00207047C6
:106B9000234800EBC100407830B10020204A02EBCE
:106BA000C10250700120F2E70020F0E701460229FF
:106BB00001DB002070471A4800EBC100807830B13B
:106BC0000020174A02EBC10290700120F2E700207A
:106BD000F0E70146022901DB002070471048283009
:106BE00010F83100F9E70146022901DB0020704767
:106BF0000B48283000EBC100407838B1002208482B
:106C0000283000EBC10042700120F0E70020EEE7E1
:106C10000146022906DB002070470000D07F0020DB
:106C2000787F0020954800EBC100807830B10022C9
:106C3000924800EBC10082700120EDE70020EBE7F5
:106C40000146022901DB002070478C48203810F8EB
:106C50003100F9E70146022901DB0020704787482F
:106C6000203800EBC100407838B10022834820383A
:106C700000EBC10042700120F0E70020EEE7014682
:106C8000022901DB002070477C48203800EBC1005E
:106C9000807838B100227948203800EBC10082703A
:106CA0000120F0E70020EEE70146022901DB002089
:106CB00070477248103810F83100F9E70146022990
:106CC00001DB002070476D48103800EBC1004078B0
:106CD00038B100226948103800EBC1004270012031
:106CE000F0E70020EEE70146022901DB00207047B3
:106CF0006248103800EBC100807838B100225F484C
:106D0000103800EBC10082700120F0E70020EEE7B0
:106D10002DE9F05F0220FFF79FFB8346584610F0F5
:106D2000FFFD8046564A574B10F04AFE06460022A9
:106D30004FF0804310F044FE044610F0A3FB82465F
:106D40005046BDE8F09F2DE9FF5F83465846FFF7A8
:106D500083FB8246CAF5805011F080F801905046BE
:106D600010F0DEFD07460022474B10F029FE0546D5
:106D700010F088FB0090019910F08EFF03904349BA
:106D8000039811F0B7F8054611F048F881464048DD
:106D9000B0F90000484504D33D48B0F9B400484577
:106DA00003D9FF2004B0BDE8F09F00242AE0384852
:106DB00030F91400484505D93549601C31F91000F7
:106DC00048450AD3324830F91400484505D03049C7
:106DD000601C31F91000484512D12D49601C31F971
:106DE0001000A9EB00012A4A601C32F91000A0EB48
:106DF0000900814201D9029402E0601CC0B20290F5
:106E0000601CC4B25A2CD2DB0298CBE72DE9F84FB4
:106E100004462046FFF720FB0090009810F080FD0C
:106E200007464FF066321B4B10F0CAFD054610F0C6
:106E300029FB83464FF08B4110F02EFF81464846D8
:106E400010F0F2FE0746144A144B10F061FB0546A1
:106E500010F022FD00F0FF0A5046BDE8F88F10B593
:106E60000120FFF770FF10BD10B50020FFF76BFF8A
:106E700010BD32207047322070470000A07F0020F4
:106E8000B4D934E70C684A3F0000244000007A443B
:106E9000EE81010866660A40B81E85EB51B89E3F38
:106EA00008B501217D20FAF75FFB0121D748FAF7E9
:106EB0000AF948208DF8030003208DF802004FF4F2
:106EC000F850ADF800006946D148FAF72BF84FF4B6
:106ED0007070ADF800006946CE48FAF723F84FF419
:106EE0007F40ADF800006946CB48FAF71BF84FF633
:106EF0003070ADF800006946C848FAF713F84FF44F
:106F00006040ADF800006946C548FAF70BF8F0207C
:106F1000ADF800006946BE48FAF704F810208DF875
:106F2000030003208DF802000220ADF8000069463E
:106F3000BB48F9F7F7FF0120BA49086008BD0146D0
:106F400011B1012909D103E0B7480068C0B2704708
:106F5000B548001F0068C0B2F9E70020F7E7014616
:106F6000082943D2DFE801F0040B131B232B323A2C
:106F7000AE48006808B9012070470020FCE7AB4824
:106F8000001F006808B90120F6E70020F4E7A748D1
:106F90000838006808B90120EEE70020ECE7A348B4
:106FA0000C38006808B90120E6E70020E4E79F48B4
:106FB0001038006808B90120DEE70020DCE79C48B3
:106FC000006808B90120D7E70020D5E79848001FDE
:106FD000006808B90120CFE70020CDE794480838C1
:106FE000006808B90120C7E70020C5E70020C3E713
:106FF0000146082944D2DFE801F0040B131B232BC0
:10700000333B8C48006808B9012070470020FCE73A
:107010008848001D006808B90120F6E70020F4E761
:1070200084480830006808B90120EEE70020ECE74A
:1070300080480C30006808B90120E6E70020E4E74A
:107040007C481030006808B90120DEE70020DCE74A
:1070500078481430006808B90120D6E70020D4E74A
:1070600074481830006808B90120CEE70020CCE74A
:107070006F480C38006808B90120C6E70020C4E753
:107080000020C2E70146062922D2DFE801F003080A
:107090000D12171C644824300068C0B27047624863
:1070A00028300068C0B2F9E75E4850380068C0B2C6
:1070B000F4E75C484C380068C0B2EFE759484838FC
:1070C0000068C0B2EAE75B48001F0068C0B2E5E7AD
:1070D0000020E3E70146062922D2DFE801F0030899
:1070E0000D12171C50480C300068C0B270474E4853
:1070F00010300068C0B2F9E74B4814300068C0B2E5
:10710000F4E7494818300068C0B2EFE746481C3041
:107110000068C0B2EAE7444820300068C0B2E5E742
:107120000020E3E7014631B101290CD0022912D039
:10713000032920D117E03D481438006808B9012020
:1071400070470020FCE739481838006808B901206A
:10715000F6E70020F4E735481C38006808B901203C
:10716000EEE70020ECE731482038006808B901203C
:10717000E6E70020E4E70020E2E708B5012104206B
:10718000FAF7F2F928208DF8030003208DF80200A9
:10719000F020ADF8000069461D48F9F7C3FE08BDB0
:1071A00070B50024FFF7E9FF00252BE018480830F0
:1071B00001680F2020EA01041C482038006810B93B
:1071C00044F0010401E024F0010418481C38006870
:1071D00010B944F0020401E024F002041348183806
:1071E000006810B944F0040401E024F004040F48DE
:1071F0001438006810B944F0080401E024F00804D1
:10720000681C85B2FF2DD1DB204670BD0002300026
:107210000008014000100140001401400018014026
:10722000000C01408481214214012342300121429B
:107230002401224224812242704720B14FF40051A0
:10724000194A116103E04FF40051174A5161704728
:10725000704720B14FF48041134A116103E04FF4AD
:107260008041114A5161704708B501211020FAF799
:107270007BF94FF4C040ADF8000010208DF80300FA
:1072800003208DF8020069460748F9F74BFE0020FD
:10729000FFF7DFFF0020FFF7DBFF0020FFF7CDFF48
:1072A0000020FFF7C9FF08BD00100140FA48C07870
:1072B0007047F94890F90200704710B5F74B1B78FA
:1072C00060F30003F54C23702346597053B2A3704A
:1072D00010BD10B50446F148007864F34100EF4951
:1072E0000870084600784108EB48007861F34100D7
:1072F000E9490870E9490978C1F34000FFF79DFFAB
:1073000010BD10B50446E548007864F38200E349F7
:107310000870084600788108DF48007861F3820031
:10732000DD490870DD490978C1F38000FFF791FF5E
:1073300010BD10B50446D948007864F3C300D7499E
:10734000087008460078C108D348007861F3C3008C
:10735000D1490870D1490978C1F3C000FFF778FF1F
:1073600010BD10B50446CD48007864F30410CB4935
:107370000870084600780109C748007861F30410D6
:10738000C5490870C5490978C1F30010FFF754FFDB
:1073900010BD10B5FFF76DFD40B2BF49C87008467B
:1073A00090F90300642804DC084690F903000528DE
:1073B0000BDAB9484078022141EA1010B649497801
:1073C00060F30711B44841700DE0B348C07850B184
:1073D000B14840780D2101EA1010AF49497860F3B7
:1073E0000711AD484170FFF73AFDFF2815D1AA48B3
:1073F0004078012141EA1010A749497860F307114C
:10740000A5484170A548407818B90020A249887065
:1074100013E0FF20A04988700FE09F4840780E21BC
:1074200001EA10109C49497860F307119A484170AD
:10743000FFF715FD40B2984988709848407838BBEE
:10744000954890F90200954991F90210884207DBAE
:10745000914890F90200914991F90210884207D1B0
:107460008D48007820F0200020308B49087036E0ED
:10747000894890F90210894890F90200C01C8142A5
:107480002DDD8548007820F020008349087026E033
:10749000814890F90200814991F90210884207DC85
:1074A0007D4890F902007D4991F90210884207D188
:1074B0007948007820F020002030774908700EE0ED
:1074C000754890F90210754890F90200C01E81427B
:1074D00005DA7148007820F020006F49087010BD6F
:1074E00010B56D48007800F0010000B36A480078DC
:1074F000C0F34000D8B968480078C0F34010B0B17C
:107500006548C08865498989884205DA6248C0882B
:10751000401C6149C8800EE000205F49C8800846D1
:107520000078C0F3800018B10020FFF7EAFE02E007
:107530000120FFF7E6FE10BD10B5574840895749B6
:107540004989884204DA54484089401C524948819C
:10755000514840895149498988421CD14E48007898
:10756000C0F34010B8B90120FFF7B3FE0120FFF7C8
:10757000C8FE00204849488108818880C8800846A4
:10758000007820F0400008700846007820F00100E4
:10759000401C087018E04148408940490979401A68
:1075A0003D49498988420FD13C48407830B100209C
:1075B000FFF7D7FE0120FFF7BCFE05E00120FFF733
:1075C000D0FE0020FFF7B5FE10BD10B532480078A0
:1075D00000F00100002850D02F480078C0F3401080
:1075E000002840D12C480078C0F3400020B92A4838
:1075F0000078C0F3801078B3274800892749C988EC
:10760000884205DA24480089401C2349088136E075
:10761000214800892149C988884211D11E48007833
:10762000C0F3801060B90020FFF753FE00201A4914
:1076300088800846007820F04000403008701EE046
:107640001548808815490989884206DA12488088D9
:10765000401C1149888012E002E0FFF76DFF0EE048
:10766000FFF76AFF0BE00C48007820F040000A4961
:1076700008700020FFF72DFE01E0FFF75DFF10BD51
:1076800010B500F098F958B10448007820F00100D6
:10769000401C0249087009E0F47F002000800020AF
:1076A0005448007820F00100524908705148007891
:1076B00000F0010000B34F4840784F49497801F08D
:1076C0000F01884215D04B4841784B48407861F310
:1076D000030049494870002048810846007820F09E
:1076E000010008700020FFF7F4FD0020FFF709FEFD
:1076F00018E0FFF76AFF15E03F48007800F001004E
:1077000080B100203C4948810846007820F0010003
:1077100008700020FFF7DDFD0020FFF7F2FD0020DC
:10772000FFF71FFE10BD10B50420324988700020FD
:1077300048700846007820F00100401C08704FF4A3
:10774000966088814FF4E150C88080100881052040
:107750000871B4204881FFF787FD10BD10B5274898
:1077600000780A2805DA25480078401C234908706B
:1077700035E00020214908701F48407820490978E9
:10778000B1EB101F08D01C48407800091C49087054
:10779000FF200BF01EFE13E017484078000978B96F
:1077A000FFF787FD17490978884209D0FFF781FD67
:1077B00014490870FFF77DFDC4B220460BF009FEA6
:1077C000FFF752FB10490978884208D0FFF74CFBBD
:1077D0000D490870FFF748FB04460BF0ACFD10BDE7
:1077E00010B5FFF7D6FDFFF77BFEFFF749FFFFF768
:1077F000B5FF10BD00800020F47F0020630500204D
:1078000066050020640500206505002008B50121FB
:107810001020F9F7A9FE10208DF8030003208DF841
:1078200002004FF48160ADF8000069464048F9F766
:1078300079FB08213E48F9F724FC08BD01203D49A9
:107840000870704700B5024612B9FFF7F7FF03E072
:107850000120394901F8220000BD10B537480078F1
:1078600001280ADA4FF480613148F9F708FC3348FF
:107870000078401C3149087011E030480078022837
:107880000ADA4FF480612A48F9F7FBFB2B480078AD
:10789000401C2A49087002E000202849087010BDE9
:1078A00010B5FFF7DAFF2348007838B9214840784F
:1078B00020B908211E48F9F7E2FB10BD1D480078E9
:1078C00038B900201B49487008211948F9F7D7FB3F
:1078D0002CE01848C078052805DA1648C078401C06
:1078E0001449C87022E000201249C8700846407848
:1078F00038B908210E48F9F7C4FB01200D4948703A
:1079000014E00C488078092805DA0A488078401C81
:107910000849887003E00020064908708870082133
:107920000348F9F7ACFB00200249487000BFC4E7E8
:1079300000100140670500200E8000206F05002028
:1079400008B501211920F9F70FFE01214B48F9F77D
:10795000BAFB10208DF8030003208DF802004020B0
:10796000ADF8000069464648F9F7DCFA4021444882
:10797000F9F787FB4FF40040ADF800006946414835
:10798000F9F7D0FA4FF400413E48F9F77AFB08BD09
:1079900010B501203C494870C1033A48F9F76FFB24
:1079A00010BD10B50020384948704FF400413548EB
:1079B000F9F767FB10BD3548007808B9002070471B
:1079C00032480078012800D1F9E70220F7E72E4875
:1079D0008078704701202C490870704700202A49A0
:1079E0000870704728480078704710B502210320BE
:1079F000FEF7D2FD2549087002210320FEF705FE9F
:107A00002249497808432149487002210320FEF7A2
:107A100021FE1E49897808431C49887010BD10B5A5
:107A2000FFF7E3FF1848007808B3FFF7B1FF1648E7
:107A3000C078642804DA1448C078401C1249C87021
:107A4000FFF7B9FF30B9FFF7ACFF00200E4908700F
:107A5000887011E00C48C07864280DD1FFF7A1FFB1
:107A600000200949C87008700120887004E0FFF701
:107A700098FF00200449C87010BD000000023000CB
:107A8000000C01400010014070050020740500202A
:107A900010B500F0D0FD10BD70B5022800DB70BD40
:107AA00000EB8004F54D15F8244004B1F7E700EB36
:107AB0008004F24D05EB8404617000EB800405EB5B
:107AC0008404A27000EB800405EB8404E3800124AD
:107AD00000EB8005E94E06F8254000BFDFE70146D0
:107AE000022901DB0020704701EB8100E34A12F814
:107AF0002000F8E70146022901DB0020704701EB76
:107B00008100DE4A02EB8000007AF7E70146022995
:107B100001DB0020704701EB8100D84A02EB8000B6
:107B2000407A00F00100F5E70146022901DB002060
:107B3000704701EB8100D14A02EB8000407AC0F32C
:107B40008000F5E70146022901DB0020704701EBC8
:107B50008100CA4A02EB8000407AC0F34000F5E79A
:107B60000146022901DB0020704701EB8100C34A76
:107B700002EB8000807AC0F34000F5E7014602295D
:107B800001DB0020704701EB8100BC4A02EB800062
:107B9000807A00F00100F5E710B50020FEF7B6FF8F
:107BA00038B141F65833642200210846FFF774FFCC
:107BB0000AE00020FEF7BFFF30B141F658336422DF
:107BC00001210020FFF768FF0120FEF79FFF38B179
:107BD00041F65833642200210120FFF75DFF0AE0DF
:107BE0000120FEF7A8FF30B141F65833642201218D
:107BF0000846FFF751FF10BD00200FE000EB8001A9
:107C00009E4A02EB8101498A491C8AB200EB80013D
:107C10009A4B03EB81014A82411CC8B20228EDDB7A
:107C2000704710B5002421E02046FFF709F804EB67
:107C30008401924A02EB8101897A60F3000104EB2E
:107C4000840002EB800081722046FFF72DF804EBE0
:107C500084018A4A02EB8101897A60F3410104EBD5
:107C6000840002EB80008172601CC4B2022CDBDB5A
:107C700010BD10B5002082490870A2E3804800784A
:107C800000EB80007D4911F8200000287ED07C4860
:107C9000007800EB800001EB8000007C082851D2C6
:107CA000DFE800F00451FFF3F2F1F0EB74480078E4
:107CB00000EB8000714901EB8000407A20F0010167
:107CC0006F48007800EB80006C4A02EB8000417244
:107CD0006B48007800EB8000114601EB8000407A91
:107CE00020F004016648007800EB800002EB800081
:107CF00041726348007800EB8000114601EB800080
:107D0000407A20F002015E48007800EB800002EB30
:107D10008000417201205A49097801EB810102EB90
:107D20008101087200215648007800EB800002EBC8
:107D30008000418201205249097801EB810102EB68
:107D40008101087437E34E480078FEF779FFE8B305
:107D50004B480078FEF7A8FFC0B3002048490978D7
:107D600001EB8101454A02EB81010874022044497C
:107D7000097801EB810102EB81010872404800782B
:107D800000EB8000114601EB800000E014E3407A34
:107D900020F00100401C3A49097801EB810102EB17
:107DA000810148723648007800EB8000114601EBF3
:107DB0008000407A20F00200801C3149097801EBF4
:107DC000810102EB81014872002000E006E02C49AD
:107DD000097801EB810102F8210061E02848007870
:107DE00000EB8000254901EB8000407838BB244837
:107DF0000078FEF725FFC0B100202149097801EB8A
:107E000081011E4A02EB8101087402201C49097895
:107E100001EB810102EB8101087200201849097809
:107E200001EB810102F821003AE0022014490978AF
:107E300001EB8101114A02EB8101087430E0104826
:107E40000078FEF731FF10B300200D49097801EBEF
:107E500081010A4A02EB810108740220084909786D
:107E600001EB810102EB81010872002004490978CD
:107E700001EB810102F8210012E05DE21A8000208E
:107E80007C0500201FE2D1E17FE14EE009E0022005
:107E9000FE49097801EB8101FD4A02EB810108747A
:107EA00089E2FA48007800EB8000F94901EB800094
:107EB000407860B9F5480078FEF7CCFEF3480078CA
:107EC000FEF7DDFEF148007800F09EFA0BE0EF4887
:107ED0000078FEF7BFFEED480078FEF7D0FEEB48D5
:107EE000007800F0A8FAE948007800EB8000E84A42
:107EF00002EB80008178E548007800F050FBE34811
:107F0000007800F073FA0021E048007800EB800070
:107F1000DF4A02EB800041820320DC49097801EB53
:107F2000810102EB8101087445E2D8480078FEF730
:107F300087FEE8B3D5480078FEF7B6FEC0B3D34855
:107F4000007800F05AFA0021D048007800F027FBB2
:107F5000CE48007800F086FA0020CC49097801EB81
:107F60008101CB4A02EB810108740220C7490978DC
:107F700001EB810102EB81010872C448007800EB3B
:107F80008000114601EB8000407A20F00100401C87
:107F9000BE49097801EB810102EB81014872BB48BF
:107FA000007800EB8000114601EB8000407A00E091
:107FB00011E020F00200801CB449097801EB810136
:107FC00002EB810148720020B049097801EB810180
:107FD00002F8210010BDAD48007800EB8000AC49EC
:107FE00001EB8000408AA949097801EB8101A84A88
:107FF00002EB8101C98888427DDAA448007800EB51
:108000008000114601EB8000407858BB9F48007803
:10801000FEF716FE002824D09C48007800F0EDF909
:1080200000219A48007800F0BAFA9848007800F0E9
:1080300019FA00209549097801EB8101944A02EB75
:108040008101087402209149097801EB810102EB5A
:108050008101087200208D49097801EB810102F845
:10806000210091E089480078FEF71EFE002827D005
:108070008648007800F0C1F900218448007800F0BB
:108080008EFA8248007800F0EDF980480078C0B997
:1080900000207E49097801EB81017D4A02EB8101D4
:1080A000087402207949097801EB810102EB810112
:1080B000087200207549097801EB810102F821005E
:1080C00062E000207149097801EB8101704A02EBFE
:1080D0008101087402206D49097801EB810102EBEE
:1080E0008101087200206949097801EB810102F8D9
:1080F000210049E0FFE76548007800F07EF90021A3
:108100006248007800F04BFA6048007800F0AAF965
:1081100000205E49097801EB81015D4A02EB810193
:1081200008745A48007800EB8000114601EB80008B
:10813000407A20F00100401C5449097801EB81018C
:1081400002EB810148725148007800EB8000114633
:1081500001EB8000407A20F00400001D4B490978B3
:1081600001EB810102EB8101487202204749097845
:1081700001EB810102EB810108720020434909787B
:1081800001EB810102F8210015E100213F48007850
:1081900000EB80003E4A02EB800041823B480078C1
:1081A000E8B93C49087800EBD0714910A0EB4101D7
:1081B00019B1012000F03FF902E0012000F024F99C
:1081C0003248007800EB8000314A02EB8000817871
:1081D000012000F0E4F9012000F008F91CE02D492D
:1081E000087800EBD0714910A0EB410119B10020D3
:1081F00000F021F902E0002000F006F923480078A1
:1082000000EB8000224A02EB80008178002000F021
:10821000C6F9002000F0EAF805201C49097801EBB6
:1082200081011B4A02EB81010874C4E01748007801
:1082300000EB8000164901EB8000408AC82841DD30
:10824000002000F0DAF80021084600F0A8F900202C
:1082500000F008F9012000F0D0F80021012000F022
:108260009EF9012000F0FEF800210848007800EB9C
:108270008000074A02EB800041820648007803280C
:1082800014DA04480078401C024905E07C0500200F
:108290001A8000207D0500200870042050490978CC
:1082A00001EB810102EB810108740BE000204D49D4
:1082B000087006204A49097801EB81014A4A02EB1D
:1082C0008101087477E000214548007800EB8000C8
:1082D000454A02EB800041824148007888B901207C
:1082E00000F0A9F83E48007800EB80003E4A02EB1F
:1082F00080008178012000F052F9012000F076F82A
:1083000010E0002000F097F83548007800EB80007E
:10831000354A02EB80008178002000F040F900200F
:1083200000F064F807202E49097801EB81012E4AFC
:1083300002EB810108743EE02948007800EB8000E0
:10834000294901EB8000408A002833DD002000F03D
:1083500054F80021084600F022F9002000F082F8CD
:10836000012000F04AF80021012000F018F9012056
:1083700000F078F800211A48007800EB80001A4AD3
:1083800002EB8000418200201549097801EB810150
:1083900002EB8101087402201149097801EB810187
:1083A00002EB8101087200200D49097801EB81017F
:1083B00002F8210000BF00BF09480078401C0849AE
:1083C0000870074800780228FFF658AC00BF01E6A5
:1083D00010B5FFF7E1FBFFF74CFCFFF722FC10BDE7
:1083E0007C0500207D0500201A80002010B5044681
:1083F00080219348F8F743FE10BD10B50446802154
:108400008F48F8F73EFE10BD10B50446012C08D188
:1084100001218C48F8F735FE02218A48F8F72FFE33
:1084200008E03CB904218748F8F72BFE082185486D
:10843000F8F725FE10BD10B50446012C08D1012126
:108440008048F8F71CFE02217E48F8F71AFE08E083
:108450003CB904217B48F8F712FE08217948F8F767
:1084600010FE10BD10B50446012C08D1012175483D
:10847000F8F705FE02217348F8F701FE08E03CB961
:1084800004217048F8F7FBFD08216E48F8F7F7FD66
:1084900010BD10B50446012C08D101216948F8F738
:1084A000F0FD02216748F8F7ECFD08E03CB9042133
:1084B0006448F8F7E6FD08216248F8F7E2FD10BDD0
:1084C00008B501214920F9F74FF801215E48F8F776
:1084D000FAFD10208DF8030003208DF802008020A3
:1084E000ADF8000069465648F8F71CFD0F20ADF8BE
:1084F000000069465348F8F715FD18208DF8030071
:1085000003208DF802000002ADF8000069464C48D7
:10851000F8F708FD08BD00B587B001210420F9F780
:1085200030F86320ADF8140040F2CF20ADF8100011
:108530000020ADF81600ADF8120004A94348F9F781
:108540004BF901214148F9F7A3FD0020ADF80600E1
:108550006020ADF800000120ADF802000020ADF869
:10856000080069463948F9F703FA08213748F9F74E
:10857000D5FD40213548F9F775FD69463348F9F7CF
:1085800042FA08213148F9F7D2FD40212F48F9F786
:1085900072FD01212D48F9F77BFC07B000BD7FB5C6
:1085A00004460D46022C00DD7FBD642D00DD6425F0
:1085B000ADF806506020ADF800000120ADF80200D3
:1085C0000020ADF80800012C0CD169461F48F9F7CE
:1085D000CFF908211D48F9F7A1FD01211B48F9F742
:1085E00063FC0CE05CB969461848F9F70CFA0821FD
:1085F0001648F9F79CFD01211448F9F755FC00BF16
:10860000D2E710B5FFF75CFFFFF785FF0020FFF70B
:1086100040FF0120FFF73DFF00210846FFF7BFFFA5
:1086200000210120FFF7BBFF0020FFF7E6FE01203D
:10863000FFF7E3FE10BD10B5FFF7E3FF10BD00002C
:10864000000C01400018014000023000000800400A
:1086500008B501211C20F8F787FF01211948F8F718
:1086600032FD10208DF8030003208DF80200012058
:10867000ADF8000069461448F8F754FC0620ADF840
:10868000000069461048F8F74DFC02210E48F8F743
:10869000F8FC04210C48F8F7F4FC01210A48F8F72B
:1086A000F0FC01210848F8F7EAFC08BD10B50121EB
:1086B0000548F8F7E4FC10BD10B501210248F8F7B1
:1086C000E0FC10BD000230000010014008B503209E
:1086D0008DF8000001208DF803008DF801008DF861
:1086E00002006846F7F7EBFE08BD0146CA1701EB2A
:1086F00092729210A1EB82022AB9642291FBF2F3EA
:1087000002FB131232B94FF4C87291FBF2F302FB71
:1087100013120AB1012070470020FCE72DE9FE4F3B
:1087200007460C46904600200290C146824683468A
:1087300000260025019000903846FFF7D6FF00285C
:1087400032D00D2C2CD2DFE804F02B070A0D1013C9
:1087500016191C1F222528004FF0050A23E04FF0B0
:10876000010A20E04FF0020A1DE04FF0050A1AE06E
:108770004FF0000A17E04FF0030A14E04FF0050A2B
:1087800011E04FF0010A0EE04FF0040A0BE04FF049
:10879000060A08E04FF0020A05E04FF0040A02E082
:1087A0000020BDE8FE8F31E00D2C2CD2DFE804F074
:1087B0002B070A0D101316191C1F222528004FF035
:1087C000060A22E04FF0020A1FE04FF0020A1CE006
:1087D0004FF0050A19E04FF0000A16E04FF0030AC7
:1087E00013E04FF0050A10E04FF0010A0DE04FF0E2
:1087F000040A0AE04FF0060A07E04FF0020A04E01C
:108800004FF0040A01E00020CBE700BF642097FB93
:10881000F0F100FB1170C5B22846E91705EB917124
:108820008910019101982844C0B200900721009856
:1088300090FBF1F201FB120000F0FF0B0BEB0A00C2
:108840004844C6B2072E01DA029606E0072096FBDE
:10885000F0F100FB1160C0B202900298A1E72DE98F
:10886000F05F06460F4690469946DDE90AAB0024C4
:1088700040F2B270864203DB40F63300864202DDEE
:108880000120BDE8F09F40F2B2750AE02846FFF7EC
:108890002CFF10B19948044401E099480444681C35
:1088A00085B2B542F2DB781EC7B2002510E09548CC
:1088B000405D40F2A321484304EBC0143046FFF76B
:1088C00014FF18B1012D01D18F480444681C85B2F2
:1088D000BD42ECDBA8F1010040F2A321484304EBC8
:1088E000C014C9EB4910C0EB092004EB0014CAEB1B
:1088F0000A1004EB80045C4401214FF0C050F8F7EB
:1089000040FE0120F8F767FC2046FAF7F4F9FAF781
:1089100025FA0020B5E770B50026002400257B4825
:1089200006883604001D008806447748B6FBF0F43C
:1089300077480088A0423AD075490C8040F2B27561
:108940000EE02846FFF7D1FE30B1B4F5B77F02D371
:10895000A4F5B77402E006E0A4F26D14681C85B2B9
:10896000B4F5B67FEDD800BF6A488580002516E0D3
:1089700068498888FFF7B9FE30B1012D04D11D2C5C
:1089800001D31D3C09E00CE05E48405DA04203D8E5
:108990005C48405D241A00E003E0681C85B21C2C92
:1089A000E6D200BF681C5B498871601CC8715648DC
:1089B000B6FBF0F100FB11644FF46160B4FBF0F022
:1089C000544908704FF46160B4FBF0F100FB1140B2
:1089D0003C21B0FBF1F04F4948704FF46160B4FBAB
:1089E000F0F100FB11403C21B0FBF1F201FB120061
:1089F000484988700B46DA7999799888FFF78EFE96
:108A000044490872002070BD2DE9FC4704460D461C
:108A100016461F46DDE90A89FAF751F9FAF79EF979
:108A20003B46324629462046CDE90089FFF717FF2D
:108A3000FAF74EF9BDE8FC87014636488088888001
:108A40003448807988713348C079C8713148007AD8
:108A500008723048007808702E48407848702D48D9
:108A60008078887070471CB5002401214FF0C050F9
:108A7000F8F787FD0120F8F7AEFBF7F789FD4FF413
:108A80004070F8F7FAFC0120F8F7FDFCFAF766F9F8
:108A9000FAF76DF901210846FAF704F9FAF75EF9D9
:108AA000FAF70DF94FF22440FAF732F9FAF756F9CE
:108AB000002000900346024601460190FFF7CFFEDA
:108AC000FAF706F9FFF702FEFFF725FF00201CBDAD
:108AD00010B50120FAF770F908B1FFF71CFF02206A
:108AE000FAF76AF920B10220FAF776F9FFF713FFD7
:108AF0000520FAF771F9FAF731F910BD0085E201A6
:108B00008033E101B0820108805101001828004043
:108B10007E0500204280002010B50446F74850F83A
:108B20002400408948B1F54850F824004089401E8F
:108B3000F24951F82410488120E0F04850F8240010
:108B40000078D8B10020ED4951F824100870EB48A6
:108B500050F82400806988B1E84B53F824305988D4
:108B6000E64B53F82430D868E44B53F824309A6924
:108B700090470020E14951F82410488010BD012899
:108B800009D1DF49DD4A5160DE495268D160DE49D2
:108B9000DA4A52681161022809D1DC49D74A91604A
:108BA000DB499268D160DB49D44A92681161704711
:108BB00000B591B001214804F8F7E3FC0121084613
:108BC000F8F7C5FC01210420F8F7CEFC0420ADF82D
:108BD000400003208DF8420018208DF8430010A9B2
:108BE000CD48F8F79FF90820ADF8400004208DF833
:108BF000430010A9C848F8F795F926208DF82C00F5
:108C000000208DF82D0001208DF82E008DF82F000A
:108C10000BA8F7F754FC11208DF82C0000208DF8DC
:108C20002D0002208DF82E0001208DF82F000BA8BA
:108C3000F7F745FCB9480090B14800690190102051
:108C40000290800103900020049080200590002075
:108C50000690079008904FF40050099000200A9069
:108C60006946AF48F7F798FD01220221AC48F7F7B3
:108C7000CAFD0021AA48F7F7BAFD01228021A748C2
:108C8000001FF9F7E3FC4FF4E1300C900020ADF841
:108C90003400ADF83600ADF83800ADF83C000C20DB
:108CA000ADF83A000CA99D48001FF9F712FC01220B
:108CB00040F225519948001FF9F7A3FC012240F228
:108CC00024419648001FF9F79CFC01222821934873
:108CD000001FF9F796FC012260219048001FF9F768
:108CE00090FC40218D48001FF9F767FD01218B485A
:108CF000001FF9F77AFC11B000BD00B591B0012159
:108D00000820F8F731FC01218804F8F73AFC01212A
:108D10000846F8F71CFC4FF48060ADF840000320D3
:108D20008DF8420018208DF8430010A97D48F8F70F
:108D3000F9F84FF40060ADF8400004208DF84300CE
:108D400010A97848F8F7EEF827208DF82C000020BD
:108D50008DF82D008DF82E0001208DF82F000BA826
:108D6000F7F7ADFB0C208DF82C0000208DF82D00BE
:108D700002208DF82E0001208DF82F000BA8F7F7A8
:108D80009EFB6948009061480069019010200290A4
:108D90004FF4C050039000200490802005900020E4
:108DA0000690079008904FF40050099000200A9018
:108DB00069465B486438F7F7EFFC01220221584806
:108DC0006438F7F720FD002155486438F7F70FFDA8
:108DD000012280215448001FF9F738FC52480090C6
:108DE0004A48C0680190002002904FF480600390D0
:108DF00000200490802005900020069007900890A5
:108E00004FF44050099000200A9069464448503879
:108E1000F7F7C2FC012142485038F7F7E8FC01227D
:108E200040214148001FF9F711FC4FF4E1300C904C
:108E30000020ADF83400ADF83600ADF83800ADF8DC
:108E40003C000C20ADF83A000CA93748001FF9F798
:108E500040FB40213448001FF9F7AFFC01222821D4
:108E60003148001FF9F7CDFB012260212E48001F79
:108E7000F9F7C7FB012240F224412B48001FF9F704
:108E8000C0FB01212848001FF9F7AFFB11B000BD5E
:108E900010B504462046FFF772FE012C01D1FFF702
:108EA00087FE022C01D1FFF728FF10BD012801D158
:108EB000134A5161022801D1144A516170470128B7
:108EC00001D10F4A9161022801D1104A9161704786
:108ED00001460A4850F821000078012801D10020FD
:108EE0007047064850F82100408820B1034850F8E8
:108EF00021004088F4E70020F2E700004C800020C9
:108F0000608000207C8400207C8000207C88002001
:108F100098A00020988800200008014004440040E8
:108F200080000240000C0140044800400146FE4819
:108F300050F821004078012804D1FB4850F8210066
:108F4000808870470020FCE710B502460B46F648C3
:108F500050F822000078012801D1002010BD002126
:108F600007E0F14850F82200C068405C5854481CA3
:108F700081B2ED4850F8220040888842F1DC0020A0
:108F8000E94C54F822406080FF20E7E70021E64AE0
:108F900052F82020518070472DE9F04104460F46D9
:108FA0001646E14850F824004078012863D0DE4896
:108FB00050F824008680002507E0785DDA4951F8F2
:108FC000241009694855681C85B2B542F5DB0120BB
:108FD000D54951F8241048707CB9D34850F8240082
:108FE0008088D2498864D04850F824000069086518
:108FF0000121CE484430F7F7FAFB012C12D1CA48C0
:1090000050F824008088C94984310860C64850F867
:1090100024000069C549C1F88C000121C348803093
:10902000F7F7E5FB022C0FD1BF4850F824008088E9
:10903000BE490862BC4850F82400006988620121DA
:10904000BA481C30F7F7D3FB032C11D1B64850F8BF
:1090500024008088B6490860B34850F824000069AD
:10906000B349083108600121B148001FF7F7BFFB81
:109070000120BDE8F0810020FBE770B504460D46F5
:109080002E4654B92946AB48F9F71CFB00BF4021D6
:10909000A848F9F785FB0128F9D1012C0AD1294606
:1090A000A548F9F70FFB00BF4021A348F9F778FB6B
:1090B0000128F9D1022C0AD12946A048F9F702FB70
:1090C00000BF40219D48F9F76BFB0128F9D1032C23
:1090D0000AD129469A48F9F7F5FA00BF4021984885
:1090E000F9F75EFB0128F9D170BD70B540F225514A
:1090F0009148F9F76BFB10B39248406940B18E4834
:10910000F9F7E4FAC4B28F4841692046884716E06F
:1091100001208C4908703220488108464088B0F50B
:10912000806F0CDA8448F9F7D1FAC1B285484288D9
:109130004088401C834B58801846C06881540821E1
:109140007D48F9F72DFB50B17B480088C5B27A48BD
:10915000001D0088C5B208217748F9F72EFB0421CD
:109160007548F9F71DFB50B173480088C5B27248C5
:10917000001D0088C5B204216F48F9F71EFB0221CB
:109180006D48F9F70DFB50B16B480088C5B26A48CD
:10919000001D0088C5B202216748F9F70EFB0121C6
:1091A0006548F9F7FDFA50B163480088C5B26248D6
:1091B000001D0088C5B201215F48F9F7FEFA40F2B0
:1091C00024415D48F9F702FBA0B15B480088C5B2B5
:1091D0005948001D0088C5B25A48806938B1594BBA
:1091E0005988D8689A6990470020564948800020DD
:1091F0005449087070BD10B54FF00070F7F731FB9F
:1092000060B14FF00070F7F740FB00204D49487007
:109210008880002145488030F7F7E9FA10BD70B525
:1092200040F225514548F9F7D1FA10B34648406954
:1092300040B14248F9F74AFAC4B24348416920466E
:10924000884716E0012040490870052048810846FB
:109250004088B0F5806F0CDA3848F9F737FAC1B2B8
:10926000394842884088401C374B58801846C068AF
:10927000815408213148F9F793FA50B12F480088FA
:10928000C5B22E48001D0088C5B208212B48F9F749
:1092900094FA04212948F9F783FA50B12748008845
:1092A000C5B22648001D0088C5B204212348F9F73D
:1092B00084FA02212148F9F773FA50B11F48008857
:1092C000C5B21E48001D0088C5B202211B48F9F72F
:1092D00074FA01211948F9F763FA50B11748008868
:1092E000C5B21648001D0088C5B201211348F9F720
:1092F00064FA40F224411148F9F768FA30B30F4894
:109300000088C5B20D48001D0088C5B2002107487D
:109310003030F7F76CFA05483030F7F77FFAC0F5D0
:1093200080600949488012E04C8000200000024023
:109330005C04024000380140004400400048004006
:10934000004C0040608000207C88002016E04FF434
:1093500080611448F7F760FA01211248F7F747FADD
:109360001148806938B1104B5988D8689A6990477C
:1093700000200D49488000200B49087070BD10B5D1
:109380002020F7F76EFA58B12020F7F77EFA002078
:10939000054948708880002102481438F7F727FAF9
:1093A00010BD0000300002407C88002010B5FFF79F
:1093B0004FF910BD70B505460C46042D06D114B109
:1093C000FFF774F901E0FFF777F900E000BF00BF95
:1093D00070BD000010B5FFF7E9FF10BD2DE9FC4797
:1093E000824688461646DDF830900024002717E0B4
:1093F000022000FB07850DB9BDE8FC876978287855
:10940000FFF7D8FF28780F4901F81400012001EB7D
:1094100044014870042C01DA601CC4B2781CC7B245
:1094200006EBD671B7EB610FE2DBB9F1000F06D0A6
:10943000002000906200034901905046C84700BFD9
:10944000DAE70000800500207047704710B5044639
:1094500054222146F048F9F705FF6421EF480BF04C
:1094600059FEEFA3F0A2F4A1EC480BF09BFB10BD5A
:10947000FA48007830B101280DD002281AD003280C
:109480002FD11EE00020F6490880F649086001202F
:10949000F249087025E0F2480088401CF049088035
:1094A00008460088C82804DD002008800220EB4917
:1094B000087016E00120EB4908600320E7490870B6
:1094C0000FE0E7480088401CE5490880084600880E
:1094D000C82805DD00200880E0490870FF2070479B
:1094E00000BF00BF0020FAE7FF20704710B5DE483C
:1094F000007878B10020DC490870C748FBF772FC9F
:109500006421C6480BF006FEC5A3C7A2CAA1C34882
:109510000BF048FBFFF7E8FF10B1FF20D3490870BC
:10952000FFF7A6FF10B1FF20D1490870CF4800789F
:10953000FF280AD1CE480078FF2806D10020CB4969
:109540000870CB490870FF2010BD0020FCE7C94916
:109550004870704710B5C848007810B1012838D15C
:109560000CE04FF40071C5480BF0D4FD0921C4A0F4
:1095700003F0C6FD0120C04908702CE0C3A1BF481C
:109580000BF0A5FC40B10020BB490870C149088020
:10959000C1490880FF2010BDBE480088401CBD495D
:1095A000088008460088C82812DD00200880B249DB
:1095B0000870B9480088401CB749088008460088F0
:1095C000052805DD00200880AB490870EE20E2E7A1
:1095D00001E0EE20DFE700BF0020DCE770B50024EB
:1095E000AE48007822287DD2DFE800F0111E4956EF
:1095F0008491C2CFEFEEEDECEBEA7C7CE9E8E7E6A4
:109600007C7C7C7CE5E47C7C7C7C7C7CE3E24FF4B1
:1096100000719A480BF07EFD0421A1A003F070FDBB
:1096200001209E49087000E39FA194480BF04FFC75
:1096300040B102209949087000209C4908809C494B
:1096400008701BE099480088401C9849088008462B
:109650000088B0F5967F11DD002008808F490870E2
:1096600093480078401C9249087008460078052805
:1096700004DD00200870EE2088490870D5E24FF420
:1096800000717E480BF046FD0A218AA003F038FDE8
:10969000032082490870C8E289A178480BF017FCC2
:1096A00040B104207D49087000208049088080492D
:1096B00008701EE07D480088401C7C4908800846F0
:1096C0000088B0F5967F14DD0020088002207349E1
:1096D000087077480078401C754908700846007883
:1096E000052800E07FE204DD00200870EE206B49D1
:1096F00008709AE24FF4007160480BF00BFD0A21EC
:1097000071A003F0FDFC0520644908708DE271A191
:109710005A480BF0DCFB20B96FA158480BF0D7FB7F
:1097200040B106205D49087000206049088060490A
:1097300008701CE05D480088401C5C4908800846B1
:109740000088B0F5967F12DD002008800420534980
:10975000087057480078401C554908700846007842
:10976000052804DD00200870EE204C4908705CE2FA
:109770004FF4007141480BF0CDFC0B2157A003F0D2
:10978000BFFC0720454908704FE252A13B480BF04F
:109790009EFB20B950A139480BF099FBB0B10820CD
:1097A0003E490870002041490880414908702AE07C
:1097B000DBE1C9E1C4E1BFE192E184E157E149E1C4
:1097C0001BE10DE1D1E0C3E095E01DE037480088E2
:1097D000401C3649088008460088B0F5967F12DDA7
:1097E0000020088006202D49087031480078401C70
:1097F0002F49087008460078052804DD002008700D
:10980000EE202649087010E24FF400711B480BF05F
:1098100081FC1F2168E000000C060020A7A40020A6
:10982000313138383300000033392E39362E31309B
:109830002E3235300000000041542B51494F504525
:109840004E3D312C302C22544350222C22257322A1
:109850002C25732C302C310D0A00000068060020E6
:1098600066060020840122426B0600206906002063
:109870006A0600200CA500206C06002098A000209D
:1098800041542B43474D4D0D0A00000045433230F3
:1098900000000000700600206E0600207206002006
:1098A00041540D0A000000004F4B000074060020D8
:1098B0007306002041542B4350494E3F0D0A0000CF
:1098C000524541445900000041542B435245473F03
:1098D0000D0A00002C3100002C35000041542B43B0
:1098E000475245473F0D0A00F8A003F009FC092044
:1098F000FE49087099E1AFF25001FD480BF0E7FA1C
:1099000040B10A20F94908700020FA490880FA4954
:1099100008701CE0F7480088401CF649088008469B
:109920000088B0F5967F12DD002008800820EF49FE
:109930000870F1480078401CEF490870084600782C
:10994000052804DD00200870EE20E84908706CE16D
:109950004FF40071E6480BF0DDFB0C21E7A003F0AB
:10996000CFFB0B20E14908705FE1AFF2C401E04892
:109970000BF0ADFA40B11020DC4908700020DD4941
:109980000880DD4908702AE0E0A1D9480BF09FFA71
:1099900040B10C20D54908700020D6490880D6492E
:1099A00008701CE0D3480088401CD2490880084653
:1099B0000088B0F5967F12DD002008800A20CB4990
:1099C0000870CD480078401CCB49087008460078E4
:1099D000052804DD00200870EE20C449087024E149
:1099E0004FF40071C2480BF095FB0E21C9A003F0A3
:1099F00087FB0D20BD49087017E1AFF25411BC4838
:109A00000BF065FA40B10220B84908700020B9494E
:109A10000880B94908701CE0B6480088401CB54968
:109A2000088008460088B0F5967F12DD0020088087
:109A30000C20AE490870B0480078401CAE49087050
:109A400008460078052804DD00200870EE20A749AC
:109A50000870EAE04FF40071A5480BF05BFB0B21A6
:109A6000B0A003F04DFB1120A0490870DDE0AFF27B
:109A7000C8119F480BF02BFA40B100209E49087096
:109A80009C4908801220994908701BE09948008879
:109A9000401C9849088008460088642812DD002090
:109AA000088010209149087093480078401C924922
:109AB000087008460078032804DD00200870EE20B6
:109AC0008A490870B1E04FF4007189480BF022FB1D
:109AD000212197A003F014FB132084490870A4E00F
:109AE000AFF23C2182480BF0F2F940B100208249EC
:109AF00008708049088018207C4908701BE07D4868
:109B00000088401C7B49088008460088642812DDD4
:109B10000020088012207549087077480078401CA2
:109B20007549087008460078032804DD0020087095
:109B3000EE206E49087078E019206C49087074E0D6
:109B400020206A49087070E04FF4007168480BF0FB
:109B5000E1FA80480BF0F1F9054629467D4803F00B
:109B6000CFFA2120614908705FE07BA160480BF0CB
:109B7000AEF940B100205D4908705E4908805E4939
:109B80000870FF2070BD78A159480BF0A0F960B1B2
:109B90000E2178A003F0B4FA0020564908805649F7
:109BA0000870EE20514908701CE052480088401CA3
:109BB0005049088008460088B0F5967F12DD0020E5
:109BC00008802020494908704B480078401C4A49C9
:109BD000087008460078052804DD00200870EE2093
:109BE0004249087021E06748007820B101280BD075
:109BF000022818D111E0FFF777FC0446FF2C02D1B0
:109C00000120604908700EE0FFF732FC0446FF2C8B
:109C100002D102205B49087005E00020334908703A
:109C20005849087000BF00BF00BF00BF0020A9E76F
:109C30005548704755487047554800787047554813
:109C4000704755487047002154484078022804D195
:109C50002D20534A5054481CC1B250488078504A75
:109C60005054481CC1B24D48C0785054481CC1B231
:109C70002E205054481CC1B2484800795054481C0A
:109C8000C1B2464840795054481CC1B21046704792
:109C9000002142480078022804D12D20414A505426
:109CA000481CC1B23D48007B3E4A5054481CC1B2DA
:109CB0003A48407B5054481CC1B23848807B5054CD
:109CC000481CC1B22E205054481C6DE041542B5109
:109CD00049435347503D312C312C22434D494F5479
:109CE000222C22222C22222C310D0A007206002066
:109CF00098A00020740600207306002041542B51C8
:109D0000494143543D310D0A000000004552524F75
:109D10005200000041542B514944454143543D31C8
:109D20000D0A000041542B43545A553D330D0A008F
:109D300041542B514E54503D312C223230322E3171
:109D400031322E31302E3336222C3132332C310D3C
:109D50000A000000A7A400202B51494F50454E3A5D
:109D600020302C30000000002B51494F50454E3A16
:109D700020302C0041542B5149434C4F53453D302A
:109D80000D0A00007606002098A40020C1050020DE
:109D9000C0050020D0050020DF0500208805002038
:109DA000F805002002060020C1B2FD48C07B5054D7
:109DB000481CC1B2FA48007C5054481CC1B210463D
:109DC00070472DE9F041074688460024F5480078A1
:109DD000E8B9F5A1F6480BF07AF80446B4B1AFF251
:109DE000C00120460BF073F8851CF2A1F0480BF07F
:109DF0006EF8044654B104F109000BF05BF886B22A
:109E00003146284607F0DFFD00BF00BF00BF00BF9E
:109E10000020BDE8F081002070470020E84908607C
:109E2000704710B50024E64800684EF6602188426D
:109E300005D2E3480068401CE149086088E0E14839
:109E4000007830B1012814D0022871D003287ED1C7
:109E500072E00020DC4908704FF40071D4480BF028
:109E600059F90821D9A003F04BF90120D549087010
:109E70006DE0AFF2CC51CE480BF029F828B3D6A153
:109E8000CB480BF024F80446B4B10F21D4480BF0B2
:109E900041F9A41D02222146D148F9F7E3F92078BF
:109EA000322802DB2078382803DD0020CD490870F5
:109EB00002E00120CB4908700220C249087000204E
:109EC000C9490880C949087030E0C9A1B8480AF0FA
:109ED000FEFF60B10020BB490870B9490860C24963
:109EE0000880C24908700120B74908701EE0BE48CA
:109EF0000088401CBC49088008460088642815DD9D
:109F000000200880AF490870B8480078401CB74965
:109F1000087008460078032808DD00200870A94969
:109F20000870A74908600120A74908700FE0FFE703
:109F30000320A44908700AE00020AC490870A14938
:109F400008709F49086001209F49087000BF00BF4A
:109F500010BD10B5044654222146A848F9F782F9ED
:109F60002046FAF748FFFF2010BD70B506460D46A3
:109F7000A34880680A2801D1002070BD4FF44370C7
:109F8000F9F757FA04460CB90020F6E725812A466E
:109F9000314604F10A00F9F765F99948006850B9AB
:109FA0000020606020609648046044608068401C27
:109FB000934988600DE000206060914840684460EB
:109FC0008F48406820608E4844608068401C8C49FF
:109FD0008860FF20D1E78A48006808B900207047F0
:109FE000874800680830FAE710B58548006808B966
:109FF000002010BD824804680068406820B100203D
:10A000007F490968496808607D48006840687C4964
:10A01000086008468068401E88602046F9F7F9F914
:10A02000FF20E6E710B56848007800B910BD754814
:10A030000078032859D005DC48B1012813D0022844
:10A0400077D131E0042866D0EE28F9D183E0FFF71C
:10A05000C2FF6D4908600846006800B9E6E70120C4
:10A060006849087080E04FF4007151480BF052F8D5
:10A070004FF4007165480BF04DF8402164480BF037
:10A080006BF861480068028862A161480AF08AFDA5
:10A090005F480AF052FF044621465D4803F030F85D
:10A0A0000220584908705FE05FA141480AF00FFFA5
:10A0B00040B103205349087000205C4908705C4996
:10A0C000088011E05A480088642805DA584800885A
:10A0D000401C5749088007E0002055490880534933
:10A0E00008700320474908703EE04FF40071304883
:10A0F0000BF010F84FF4007144480BF00BF8424895
:10A100000068018840480068801C02F0F9FF0420C4
:10A110003C49087028E047A125480AF0D8FE48B11C
:10A12000EE203849087000204049087040490880F6
:10A1300010E016E03E480088642805DA3C480088B4
:10A14000401C3B49088005E0002039490880EE208A
:10A150002C49087008E0FFF747FF002029490870E4
:10A1600000BF00BF00BF00BF00BF00BF5EE770B50B
:10A1700004460D4629462046FFF7F7FEFF2070BD36
:10A1800030B585B000242D48006841F270718842D6
:10A1900056D22A480068401C2849086034E2000072
:10A1A00088050020770600202B51495552433A007C
:10A1B00098A000202272656376222C302C000000CB
:10A1C00060060020780600206406002041542B43DE
:10A1D00053510D0A000000002B4353513A20000058
:10A1E000C1050020C00500207A0600207906002065
:10A1F0002B434D45204552524F523A000C06002049
:10A2000038A500207C0600208006002098880020C9
:10A2100044A5002041542B514953454E443D302C18
:10A2200025640D0A000000003E0000007D060020AD
:10A230007E06002053454E44204F4B0088060020E8
:10A24000F948007830B1012814D002287AD00328C8
:10A2500079D172E10020F54908704FF40071F4489B
:10A260000AF058FF0A21F3A002F04AFF0120EE494C
:10A270000870C8E1AFF6D011ED480AF028FE0028BA
:10A280007ED0EFA1EA480AF022FE0446002C78D0E6
:10A290000834607830382178303901EB810100EBE7
:10A2A0004100642190FBF1F201FB120000F5FA601D
:10A2B00080B2ADF80C00BDF80C0040F633018842C6
:10A2C00018DD0020E1490880D7490870E04800788F
:10A2D000401CDF49087008460078032808DD00208C
:10A2E0000870D1490870DB4908600120CF49087027
:10A2F00005B030BDE41C607830382178303901EB8E
:10A30000810100EB4100C0B28DF80E009DF80E00F7
:10A310000C2819DD0020CD490880C3490870CC48BD
:10A320000078401CCA49087008460078032808DDF8
:10A3300000200870BC490870C64908600120BB496C
:10A340000870D5E7EBE05DE1E41C607830382178F7
:10A35000303901EB810100EB4100C0B28DF80F00F4
:10A360009DF80F001F281ADD0020B8490880AE496B
:10A370000870B7480078401CB5490870084601E0ED
:10A38000ADE0A5E00078032808DD00200870A649AC
:10A390000870B04908600120A4490870A8E7E41CCF
:10A3A000607830382178303901EB810100EB4100D1
:10A3B000C0B28DF810009DF81000172817DD00209E
:10A3C000A249088098490870A1480078401CA0491B
:10A3D000087008460078032808DD002008709249BC
:10A3E00008709C49086001209049087080E7E41CCF
:10A3F000607830382178303901EB810100EB410081
:10A40000C0B28DF811009DF811003B2817DD002027
:10A410008E490880844908708D480078401C8C491A
:10A42000087008460078032808DD002008707E497F
:10A4300008708849086001207C49087058E7E41CCE
:10A44000607830382178303901EB810100EB410030
:10A450003C2190FBF1F201FB1200C0B28DF812001A
:10A460009DF812003B2817DD0020784908806E49CE
:10A47000087077480078401C7549087008460078D5
:10A48000032808DD002008706749087071490860DA
:10A490000120664908702BE703A807F09EFCBDF871
:10A4A0000C00642190FBF1F201FB1200C5B29DF893
:10A4B00012009DF811109DF81020CDE900210290A6
:10A4C0009DF80F209DF80E100023284608F0CCFEC2
:10A4D00000205F4908700220534908701EE05B4865
:10A4E0000088401C5949088008460088642815DD0A
:10A4F000002008804C49087055480078401C544999
:10A50000087008460078032808DD002008704649D6
:10A5100008705049086001204449087073E04FF406
:10A52000007143480AF0F6FD0821AFF2603002F0F6
:10A53000E7FD03203C49087065E0AFF694413C48D4
:10A540000AF0C5FC50B3AFF2703139480AF0BFFCD5
:10A550000446B4B10F2140480AF0DCFDA41D0222DC
:10A5600021463D48F8F77EFE2078322802DB20782D
:10A57000382803DD00203949087002E001203749FE
:10A580000870002028490870324908602F49088067
:10A590002F49087001202549087032E0AFF2B03130
:10A5A00023480AF094FC60B100201F490870294933
:10A5B0000860264908802649087001201B49087058
:10A5C0001FE022480088401C204908800846008877
:10A5D000642816DD002008800220134908701C48FA
:10A5E0000078401C1A49087008460078032808DDE6
:10A5F000002008700C4908701649086001200B49BA
:10A60000087000E000BF00BF00BF71E610B500F0A9
:10A6100022F900B110BD02F070FE08B1FFF7B0FDE5
:10A62000FFF700FD00BFF5E7840600206406002068
:10A6300098A0002041542B43434C4B3F0D0A00008F
:10A640002B43434C4B3A202200000000860600209A
:10A650008506002088060020C1050020C0050020D6
:10A66000F648007A7047F5480078704710B5044600
:10A67000F248406838B1F1484068A04205D06A20ED
:10A68000EE49486001E0ED484460EC49486808F054
:10A6900047FF10BD10B5EA48006808B9002010BD9A
:10A6A000E74804680068406820B10020E449096870
:10A6B00049680860E24800684068E1490860084667
:10A6C0008068401E88602046F8F7A3FEFF20E6E77A
:10A6D0002DE9F04705460E4617469846D84880684B
:10A6E000202801D1FFF7D6FF2420F8F7A2FE044668
:10A6F00014B90020BDE8F08730460AF01EFC814600
:10A700004A46314604F10800F8F7ACFD6561A761DF
:10A71000C4F81C8001212162C948006850B900209A
:10A7200060602060C648046044608068401CC44982
:10A7300088600DE000206060C14840684460C04807
:10A7400040682060BE4844608068401CBC49886006
:10A75000FF20CFE70246BA48016805E04869904209
:10A7600001D1086A704749680029F7D140F22F10DB
:10A77000F8E70246B248016805E04869904201D115
:10A780000846704749680029F7D10020F9E70246DA
:10A79000AB4B186804E04369934200D10162406802
:10A7A0000028F8D17047A74870470120A64981F8D2
:10A7B000980070470020A44981F898007047002154
:10A7C000A14A116151614FF4FA601146A1F8840069
:10A7D0000020A1F8860081F8800000219160D160FE
:10A7E0004FF4FA601146A1F882000020A1F896000B
:10A7F0004EF27860A1F88E000020A1F890000120B0
:10A8000081F89800704710B502460B4600210AE017
:10A810008E4800EBC10411CC50405C40204300D175
:10A8200010BD481CC1B22029F2DB88480838C47822
:10A83000083000EBC4000CC084480838C078401CC5
:10A84000824C083CE0702046C078202801D10020CE
:10A85000E070FF20E4E77C4890F8810070477A4878
:10A8600090F88000704710B50446002078490880B1
:10A87000784908707848006818B177480068F8F798
:10A88000C8FD7548046010BD012074490870704708
:10A89000002072490870704770480078704730B5E2
:10A8A0000346002014E0141A641E0C5D6C4D05EB89
:10A8B0001414247803F81040141A641E0C5D04F07C
:10A8C0000F042C5D012505EB40055C55441CE0B2EE
:10A8D0009042E8DB30BD30B50346002010E00C5C50
:10A8E0005F4D05EB1414247803F810400C5C04F061
:10A8F0000F042C5D012505EB40055C55441CE0B2BE
:10A900009042ECDB30BD30B50346002014E0141A51
:10A91000641E0C5D524D05EB1414247803F81040AE
:10A92000141A641E0C5D04F00F042C5D012505EB68
:10A9300040055C55441CE0B29042E8DB30BD014666
:10A940002F2906DD3A2904DAA1F13000C2B21046FF
:10A950007047602906DD672904DAA1F15700C2B209
:10A960001046F5E7402906DD472904DAA1F1370052
:10A97000C2B21046ECE7FF20EAE7F0B504460E4607
:10A980001546002313E00027012101EB4301605C21
:10A99000FFF7D5FF074614F81300FFF7D0FF47EA8B
:10A9A0000010C7B2681EC01A3754581CC3B2AB425D
:10A9B000E9DBF0BDF0B504460D461646002311E074
:10A9C0000027012101EB4301605CFFF7B8FF074658
:10A9D00014F81300FFF7B3FF47EA0010C7B2EF54B3
:10A9E000581CC3B2B342EBDBF0BD10B5FCF7E3FF7C
:10A9F00018B901201149086002E000200F490860E1
:10AA000010BD10B50F48FAF77AF90E482030FAF762
:10AA100081F9FAF78AF948B10A4820300AF08DFA2C
:10AA2000C4B221460748203008F074FF054808F0FA
:10AA3000CEFFFAF792F90149886010BD30A70020D7
:10AA400064A70020E406002088A5002030A600208E
:10AA500090060020920600209406002004080020A2
:10AA6000BC8201081CB502F0FAFBFE480090FE48CB
:10AA70000190684602F0A4FEFFF7C3FF1CBD2DE95C
:10AA8000F04104F0F8F907460022F84BF8A13846E7
:10AA900004F077F9F84AF9A1384604F0A5F9F64A26
:10AAA0001032F8A1384604F09FF9F34A2032F7A19A
:10AAB000384604F099F9F049083908680CF019FF94
:10AAC00005462A460B46F4A1384604F05AF9EA49ED
:10AAD000083948680CF00DFF05462A460B46EFA1E1
:10AAE000384604F04EF90022EE4BEFA1384604F050
:10AAF00048F9384603F019FF044624B9384602F0F5
:10AB000095FEBDE8F08120787B2806D0384602F01B
:10AB10008DFE2046F8F77DFCF3E720460AF00DFA9B
:10AB20000546F8F786FCE24908600846006830B937
:10AB3000384602F07BFE2046F8F76BFCE1E7502038
:10AB4000F8F777FCDB4908600846006850B93846DA
:10AB500002F06CFE2046F8F75CFCD5480068F8F778
:10AB600058FCCEE70020D34909680870D14909682C
:10AB7000887006F0CBF8CF49096888800020CD495D
:10AB8000096848700C20CB490968C8800C22CAA10A
:10AB9000C84800680830F8F765FB20460AF0CDF990
:10ABA000C4490968A1F84800C1480068C14909685A
:10ABB000C86420460AF0C1F90546BE4909682A461C
:10ABC000C86C2146F8F74EFBBA48006807F0B0F8A9
:10ABD000B7480068F8F71DFCB6480068F8F719FC9C
:10ABE0002046F8F716FC384602F020FE00BF88E742
:10ABF0002DE9F04104F03FF9804604F03CF90746A6
:10AC00000022B14B9AA1404604F0BBF89A4A9BA19E
:10AC1000404604F0E9F8984A10329AA1404604F000
:10AC2000E3F8954A203299A1404604F0DDF89249B4
:10AC3000083908680CF05DFE05462A460B4696A1C9
:10AC4000404604F09EF88C49083948680CF051FEE3
:10AC500005462A460B4691A1404604F092F83A4632
:10AC60009AA1404603F09BFF9A4908680CF041FE08
:10AC700005462A460B4698A1384604F082F89549C5
:10AC800048680CF036FE05462A460B4695A1384624
:10AC900004F077F88F4988680CF02BFE05462A46A9
:10ACA0000B4694A1384604F06CF8404603F03DFE94
:10ACB000044624B9404602F0B9FDBDE8F081207891
:10ACC0007B2806D0404602F0B1FD2046F8F7A1FBF4
:10ACD000F3E720460AF031F90546F8F7AAFB884960
:10ACE00008600846006830B9404602F09FFD2046E3
:10ACF000F8F78FFBE1E75020F8F79BFB81490860EC
:10AD00000846006850B9404602F090FD2046F8F72A
:10AD100080FB7B480068F8F77CFBCEE70020794990
:10AD20000968087077490968887005F0EFFF754970
:10AD30000968888000207349096848700C207149AF
:10AD40000968C8800C225CA16E4800680830F8F7DA
:10AD500089FA20460AF0F1F86A490968A1F8480022
:10AD60006748006867490968C86420460AF0E5F842
:10AD70000546644909682A46C86C2146F8F772FA04
:10AD80006048006806F0D4FF5D480068F8F741FBB2
:10AD90005C480068F8F73DFB2046F8F73AFB404670
:10ADA00002F044FD00BF88E710B557480088B0F5B1
:10ADB000FA6F05DA54480088401C5349088012E0B5
:10ADC0000020514908805148007810B9FFF757FE1C
:10ADD00001E0FFF70DFF4D48007808B9012000E0C1
:10ADE00000204A49087010BD2DE9F047054604F0DF
:10ADF00042F8814604F03FF880460022444B1CA1F3
:10AE0000484603F0BEFF1C4A1CA1484603F0ECFF75
:10AE1000194A10321BA1484603F0E6FF164A2032B9
:10AE20001AA1484603F0E0FF1349083908680CF0FE
:10AE300060FD064632460B4617A1484603F0A1FFC7
:10AE40000D49083948680CF054FD064632460B4659
:10AE500012A1484603F095FF2A462EA1484603F06A
:10AE6000C3FF59E0333400081334000800408F401A
:10AE7000636D644964000000C40600206272616E64
:10AE8000640000006D6F64656C00000064657669A5
:10AE90006365496400000000726F7700636F6C7532
:10AEA0006D6E00000000F03F6D61636E6F0000008A
:10AEB0000C080020080800207465726D696E616CD2
:10AEC0005F6D73670000000000488F40646174612B
:10AED0000000000030A70020646F6F72207374615F
:10AEE0007465000073797374656D207374617465A3
:10AEF0000000000073746F726520737461746500E4
:10AF00001408002010080020180800201A0800204B
:10AF100000588F40747300004246AFF2500148461B
:10AF200003F03DFEF84908680CF0E3FC06463246A3
:10AF30000B46AFF25C01404603F023FFF24948683C
:10AF40000CF0D7FC064632460B46AFF2680140468D
:10AF500003F017FFEC4988680CF0CBFC064632463C
:10AF60000B46AFF27001404603F00BFF484603F07A
:10AF7000DCFC044624B9484602F058FCBDE8F087E2
:10AF800020787B2806D0484602F050FC2046F8F78F
:10AF900040FAF3E7204609F0D0FF0646F8F749FAF1
:10AFA000DA4908600846006830B9484602F03EFCBD
:10AFB0002046F8F72EFAE1E75020F8F73AFAD4499C
:10AFC00008600846006850B9484602F02FFC204649
:10AFD000F8F71FFACD480068F8F71BFACEE7012012
:10AFE000CB49096808700020C94909688870C849B8
:10AFF0000968C87005F08AFEC54909688880002084
:10B00000C349096848700C20C1490968C8800C22EE
:10B01000AFF25C11BE4800680830F8F723F9BC486D
:10B020000068083008B900BF00BF204609F085FF5E
:10B03000B7490968A1F84800B4480068B4490968EC
:10B04000C864204609F079FF0646B14909683246CE
:10B05000C86C2146F8F706F9AD48006806F068FEAE
:10B06000AB4800680078012808D0A8480068F8F7C5
:10B07000D0F9A7480068F8F7CCF911E00120A449FD
:10B0800009688870A248006806F0ACF9FF2807D16B
:10B090009E480068F8F7BDF99D480068F8F7B9F9CF
:10B0A0002046F8F7B6F9484602F0C0FB00BF65E756
:10B0B00070B5054600240026AFF24021284603F073
:10B0C000D4FC044604B970BD924920690AF06CF8BA
:10B0D00000B1F8E7AFF25421284603F0C6FC04465D
:10B0E00004B9F0E78B49103120690AF05DF800B12E
:10B0F000E9E7AFF26821284603F0B7FC044604B93B
:10B10000E1E78449203120690AF04EF800B1DAE71E
:10B11000AFF20021284603F0A8FC044604B9D2E7A8
:10B1200026693046FFF760FE00BFCCE72DE9F0410D
:10B13000054603F0A0FE06460022774BAFF2D02171
:10B14000304603F01EFE734AAFF2D021304603F0C2
:10B150004BFE704A1032AFF2D421304603F044FE69
:10B160006C4A2032AFF2DC21304603F03DFE002273
:10B170006A4B6BA1304603F004FE6BA26CA1304613
:10B1800003F032FE2A46AFF27421304603F02CFE63
:10B19000304603F0CAFB044624B9304602F046FBB1
:10B1A000BDE8F08120787B2806D0304602F03EFBD7
:10B1B0002046F8F72EF9F3E7204609F0BEFE0746D1
:10B1C000F8F737F95B4908600846006830B930463F
:10B1D00002F02CFB2046F8F71CF9E1E75020F8F7C5
:10B1E00028F9554908600846006850B9304602F011
:10B1F0001DFB2046F8F70DF94E480068F8F709F9ED
:10B20000CEE701204C490968087000204A490968C6
:10B21000887049490968C87005F078FD4649096891
:10B22000888000204449096848700C204249096818
:10B23000C8800C22AFF280313F4800680830F8F730
:10B2400011F83D480068083008B900BF00BF20462B
:10B2500009F073FE38490968A1F8480035480068CC
:10B2600035490968C864204609F067FE0746324937
:10B2700009683A46C86C2146F7F7F4FF2E48006883
:10B2800006F056FD2C4800680078012808D02948AF
:10B290000068F8F7BEF828480068F8F7BAF811E037
:10B2A00001202549096888702348006806F09AF84B
:10B2B000FF2807D11F480068F8F7ABF81E48006860
:10B2C000F8F7A7F82046F8F7A4F8304602F0AEFAEF
:10B2D00000BF65E770B5054600240026AFF2644163
:10B2E000284603F0C2FB044604B970BD0949206931
:10B2F00009F05AFF00B1F8E7AFF27841284603F0B1
:10B30000B4FB0446D4B9F0E730A7002020080020A1
:10B310001C080020C406002000688F400000F03F99
:10B32000666C61670000000073756363657373008A
:10B330006D7367002808002024080020FE4920695A
:10B3400009F032FF00B1D0E7AFF2C041284603F068
:10B350008CFB044604B9C8E7F7491031206909F0AD
:10B3600023FF00B1C1E7AFF27441284603F07DFB33
:10B37000044604B9B9E7F149606988600846806805
:10B3800030B10120F9F7D5FC032008F016FA0CE0E3
:10B390000020F9F7CEFCF9F7C8FC18B1052008F039
:10B3A0000CFA02E0042008F008FAAFF298412846AF
:10B3B00003F05BFB044604B997E726693046FFF7C4
:10B3C000B5FE00BF91E72DE9F04705460E469146D0
:10B3D00003F051FD82460022D94BAFF26C5150462A
:10B3E00003F0CFFCD44A103AAFF27051504603F04C
:10B3F000FBFCD14AAFF27451504603F0F5FCCE4A43
:10B400001032AFF27851504603F0EEFC30460CF0AB
:10B4100070FA07463A460B46CAA1504603F0B1FC03
:10B420004A46CAA1504603F0DFFC0022C94BAFF2E6
:10B430001011504603F0A5FCAFF21412AFF2101138
:10B44000504603F0D1FC2A46AFF23851504603F083
:10B45000CBFC504603F069FA044624B9504602F08A
:10B46000E5F9BDE8F08720787B2806D0504602F049
:10B47000DDF92046F7F7CDFFF3E7204609F05DFD43
:10B480000746F7F7D6FFB44908600846006830B9A8
:10B49000504602F0CBF92046F7F7BBFFE1E750201A
:10B4A000F7F7C7FFAD4908600846006850B9504635
:10B4B00002F0BCF92046F7F7ACFFA7480068F7F7A1
:10B4C000A8FFCEE70120A549096808700020A3491C
:10B4D00009688870A1490968C87005F017FC9F4980
:10B4E0000968888000209D49096848700C209B49A4
:10B4F0000968C8800C22AFF24061984800680830A3
:10B50000F7F7B0FE95480068083008B900BF00BFE3
:10B51000204609F012FD91490968A1F848008E48BB
:10B5200000688E490968C864204609F006FD074690
:10B530008A4909683A46C86C2146F7F793FE87485E
:10B54000006806F0F5FB854800680078012808D0FF
:10B5500081480068F7F75DFF80480068F7F759FFFA
:10B5600011E001207D49096888707C48006805F079
:10B5700039FFFF2807D178480068F7F74AFF774876
:10B580000068F7F746FF2046F7F743FF504602F002
:10B590004DF900BF65E72DE9F04387B080460027ED
:10B5A000B946AFF22871404603F05FFA6C49086073
:10B5B0000846006810B907B0BDE8F083684909681B
:10B5C00008695D49103909F0EFFD00B1F3E7AFF20A
:10B5D0004C71404603F049FA61490860084600682A
:10B5E00000B9E8E75E4909680869534909F0DCFDDC
:10B5F00000B1E0E7AFF26C71404603F036FA58490B
:10B6000008600846006800B9D5E755490968086927
:10B610004949103109F0C8FD00B1CCE749A14046C5
:10B6200003F023FA4E4908600846006800B9C2E7F3
:10B630004B48006844692046F9F708FE00B1BAE7B4
:10B6400042A1404603F011FA4549086008460068E7
:10B6500000B9B0E742480068076942A1404603F0DC
:10B6600004FA414908600846006800B9A3E7AFF250
:10B67000D8713D48006803F0F8F939490860084678
:10B68000006800B997E7364800684569AFF2F47181
:10B690003548006803F0E9F9314908600846006858
:10B6A00000B988E72E4800684669721E691EAFF629
:10B6B00021732046F8F7D7FD384607F0CDFF062066
:10B6C00008F07BF8029403950496012005906846E3
:10B6D00006F06AFB6846F9F704FEAFF2C87140460F
:10B6E00003F0C3F91E4908600846006800B962E724
:10B6F0001B480068D0F810903A4621464846FFF7AC
:10B7000062FE00BF57E72DE9F041054603F0B3FBA9
:10B7100006460022154BAFF6A801304603F031FB78
:10B72000054A103AAFF6AC01304603F05DFB024A21
:10B73000AFF6B00130461BE0D406002030A7002051
:10B7400000788F40636F6465000000006F7264656D
:10B75000724964000000F03F300800202C080020EF
:10B7600034080020766172003808002000888F407D
:10B7700003F03AFBF74AAFF6EC01304603F034FB36
:10B780000022F54BAFF26841304603F0FAFAAFF20F
:10B790006842AFF26441304603F026FB2A46AFF61A
:10B7A0008C01304603F020FB304603F0BEF804461F
:10B7B00024B9304602F03AF8BDE8F08120787B28C1
:10B7C00006D0304602F032F82046F7F722FEF3E7C3
:10B7D000204609F0B2FB0746F7F72BFEDF49086069
:10B7E0000846006830B9304602F020F82046F7F7E6
:10B7F00010FEE1E75020F7F71CFED9490860084623
:10B80000006850B9304602F011F82046F7F701FE03
:10B81000D2480068F7F7FDFDCEE70120D04909685E
:10B8200008700020CE4909688870CD490968C87041
:10B8300005F06CFACA49096888800020C84909687F
:10B8400048700C20C6490968C8800C22AFF69811D0
:10B85000C34800680830F7F705FDC14800680830A4
:10B8600008B900BF00BF204609F067FBBC49096862
:10B87000A1F84800B9480068B9490968C864204679
:10B8800009F05BFB0746B64909683A46C86C214691
:10B89000F7F7E8FCB248006806F04AFAB0480068DA
:10B8A0000078012808D0AD480068F7F7B2FDAC4831
:10B8B0000068F7F7AEFD11E00120A949096888701A
:10B8C000A748006805F08EFDFF2807D1A34800684F
:10B8D000F7F79FFDA2480068F7F79BFD2046F7F7B2
:10B8E00098FD304601F0A2FF00BF65E770B5054640
:10B8F0000026AFF67821284603F0B7F8994908608A
:10B900000846006800B970BD964909680869914900
:10B91000203909F049FC00B1F5E7AFF69821284637
:10B9200003F0A3F88F4908600846006800B9EAE709
:10B930008C49096808698749103909F035FC00B15C
:10B94000E1E7AFF6B821284603F08FF88549086093
:10B950000846006800B9D6E78249096808697D4948
:10B9600009F022FC00B1CEE77FA1284603F07DF864
:10B970007C4908600846006800B9C4E77948006857
:10B98000446914B1FCF726F801E0FCF727F8AFF69C
:10B990007C21284603F069F872490860084600686F
:10B9A00000B9B0E76F48006806693046FFF7ABFEA4
:10B9B00000BFA8E72DE9F05F05460E46914603F06B
:10B9C0005AFA824600226B4BAFF65C31504603F0C8
:10B9D000D8F9604A203AAFF65C31504603F004FAD9
:10B9E0005C4A103AAFF66431504603F0FDF9594A0B
:10B9F000AFF66831504603F0F7F930460BF079FFA7
:10BA000007463A460B46AFF2C421504603F0B9F957
:10BA10004A46AFF2C821504603F0E6F93046F9F73E
:10BA20002CFC834658460BF064FF07463A460B460B
:10BA300051A1504603F0A5F92A46AFF628315046E9
:10BA400003F0D2F9504602F070FF044624B9504684
:10BA500001F0ECFEBDE8F09F20787B2806D0504630
:10BA600001F0E4FE2046F7F7D4FCF3E7204609F0A6
:10BA700064FA0746F7F7DDFC4349086008460068AA
:10BA800030B9504601F0D2FE2046F7F7C2FCE1E79C
:10BA90005020F7F7CEFC3D4908600846006850B9D1
:10BAA000504601F0C3FE2046F7F7B3FC3648006865
:10BAB000F7F7AFFCCEE70120344909680870002091
:10BAC00032490968887031490968C87005F01EF963
:10BAD0002E490968888000202C49096848700C208C
:10BAE0002A490968C8800C22AFF63441274800680B
:10BAF0000830F7F7B7FB25480068083008B900BFE1
:10BB000000BF204609F019FA20490968A1F8480049
:10BB10001D4800681D490968C864204609F00DFAEF
:10BB200007461A4909683A46C86C2146F7F79AFB56
:10BB30001648006806F0FCF81448006800780128F0
:10BB400026D011480068F7F764FC10480068F7F742
:10BB500060FC2FE0E40600200000F03F40080020D9
:10BB60003C08002044080020646F6F727374617495
:10BB700065000000005C9140736869706D656E74CB
:10BB800020737461746500004C0800204808002090
:10BB90000120F84909688870F648006805F022FC21
:10BBA000FF2807D1F4480068F7F733FCF148006834
:10BBB000F7F72FFC2046F7F72CFC504601F036FE35
:10BBC00000BF47E72DE9F041054600260027AFF604
:10BBD0005451284602F049FFE849086008460068C9
:10BBE00008B9BDE8F081E54909680869E44909F048
:10BBF000DBFA00B1F5E7AFF67451284602F035FFE5
:10BC0000DE4908600846006800B9EAE7DB490968D0
:10BC10000869DB49103109F0C7FA00B1E1E7AFF676
:10BC20009451284602F021FFD44908600846006874
:10BC300000B9D6E7D14909680869D149203109F02E
:10BC4000B3FA00B1CDE7AFF20451284602F00DFF80
:10BC5000CA4908600846006800B9C2E7C7480068DA
:10BC60004469AFF21851284602F0FFFEC34908604C
:10BC70000846006800B9B4E7C04800680669AFF636
:10BC80006C51284602F0F1FEBC4908600846006885
:10BC900000B9A6E7B9480068076932462146384628
:10BCA000FFF788FE00BF9CE72DE9F041054603F051
:10BCB000E2F806460022B34BAFF64C61304603F083
:10BCC00060F8AF4AAFF64C61304603F08DF8AC4AED
:10BCD0001032AFF65061304603F086F8A84A2032A1
:10BCE000AFF65861304603F07FF80022A64BAFF65E
:10BCF000D011304603F045F8AFF6D412A3A1304678
:10BD000003F072F82A46AFF6F451304603F06CF8AF
:10BD1000304602F00AFE044624B9304601F086FDA2
:10BD2000BDE8F08120787B2806D0304601F07EFD0A
:10BD30002046F7F76EFBF3E7204609F0FEF80746CA
:10BD4000F7F777FB934908600846006830B930463A
:10BD500001F06CFD2046F7F75CFBE1E75020F7F7B8
:10BD600068FB8D4908600846006850B9304601F00C
:10BD70005DFD2046F7F74DFB86480068F7F749FB65
:10BD8000CEE70120844909680870002082490968CB
:10BD9000887081490968C87004F0B8FF7E49096855
:10BDA000888000207C49096848700C207A4909681D
:10BDB000C8800C22AFF60071774800680830F7F7AA
:10BDC00051FA75480068083008B900BF00BF204626
:10BDD00009F0B3F870490968A1F848006D48006897
:10BDE0006D490968C864204609F0A7F807466A4902
:10BDF00009683A46C86C2146F7F734FA6648006885
:10BE000005F096FF644800680078012808D0614872
:10BE10000068F7F7FEFA60480068F7F7FAFA11E0F1
:10BE200001205D49096888705B48006805F0DAFA0E
:10BE3000FF2807D157480068F7F7EBFA5648006823
:10BE4000F7F7E7FA2046F7F7E4FA304601F0EEFCA0
:10BE500000BF65E770B504460025AFF6E0712046E7
:10BE600002F003FE4D4908600846006800B970BD45
:10BE70004A4909680869424909F096F900B1F6E7AC
:10BE80004749204602F0F1FD444908600846006831
:10BE900000B9ECE74149096808693949103109F0EE
:10BEA00083F900B1E3E73E490831204602F0DDFDA9
:10BEB0003A4908600846006800B9D8E73749096878
:10BEC00008692F49203109F06FF900B1CFE735A19A
:10BED000204602F0CAFD314908600846006800B9F2
:10BEE000C5E74FF480712648403009F035F92B49F9
:10BEF0000968086909F021F80646284800683246B2
:10BF000001691F484030F7F7ADF92449096808690D
:10BF100009F013F8C6B2314619484030F8F7D4FE9C
:10BF20002148806870B1032007F047FC1B4909686D
:10BF3000086909F002F8C6B231461148403007F0EE
:10BF4000E9FC0DE0052007F038FC14490968086990
:10BF500008F0F3FFC6B231460948403007F0DAFC7A
:10BF600012A1204602F081FD0C49086008460068D5
:10BF7000F0B97CE7480800204C0800205008002059
:10BF8000C4060020006C91400000F03F6D657373A3
:10BF90006167650058080020540800205C080020F4
:10BFA00084AE000875726C0030A700207473000026
:10BFB000F748006805692846FFF776FE00BF56E798
:10BFC00010B5002409E021460020F9F753F881B2AA
:10BFD000F04820F81410601CC4B2082CF3DB0220D7
:10BFE000EC49891E087010BD2DE9F041054602F0AC
:10BFF00042FF06460022E84BE849304602F0C1FE07
:10C00000E74AE6490C31304602F0EEFEE44A1032CF
:10C01000E2491431304602F0E7FEE14A2032DF49BE
:10C020001C31304602F0E0FE0022DE4BAFF610512C
:10C03000304602F0A6FEAFF61052AFF2B001304625
:10C0400002F0D2FE2A46AFF29C01304602F0CCFE4E
:10C05000304602F06AFC044624B9304601F0E6FBA3
:10C06000BDE8F08120787B2806D0304601F0DEFB69
:10C070002046F7F7CEF9F3E7204608F05EFF0746C3
:10C08000F7F7D7F9C84908600846006830B9304664
:10C0900001F0CCFB2046F7F7BCF9E1E75020F7F7B9
:10C0A000C8F9C24908600846006850B9304601F036
:10C0B000BDFB2046F7F7ADF9BB480068F7F7A9F9D3
:10C0C000CEE70120B949096808700020B74909681E
:10C0D0008870B6490968C87004F018FEB349096849
:10C0E00088800020B149096848700C20AF49096870
:10C0F000C8800C22A9494831AC4800680830F7F7DD
:10C10000B1F8AA480068083008B900BF00BF20464F
:10C1100008F013FFA5490968A1F84800A248006883
:10C12000A2490968C864204608F007FF07469F49EE
:10C1300009683A46C86C2146F7F794F89B480068AE
:10C1400005F0F6FD994800680078012808D0964867
:10C150000068F7F75EF995480068F7F75AF911E0BB
:10C1600001209249096888709048006805F03AF902
:10C17000FF2807D18C480068F7F74BF98B48006817
:10C18000F7F747F92046F7F744F9304601F04EFB40
:10C1900000BF65E770B50446002580490C31204694
:10C1A00002F063FC824908600846006800B970BD6F
:10C1B0007F49096808697A4908F0F6FF00B1F6E797
:10C1C00076491431204602F050FC7949086008464F
:10C1D000006800B9EBE776490968086970491031D1
:10C1E00008F0E2FF00B1E2E76C491C31204602F0A2
:10C1F0003CFC6F4908600846006800B9D7E76C4905
:10C20000096808696649203108F0CEFF00B1CEE721
:10C21000AFF6B021204602F028FC664908600846C7
:10C22000006800B9C3E75D4928316248006802F040
:10C230001CFC5F4908600846006800B9B7E75C4825
:10C240000068007D5349891E887454492C3159482F
:10C25000006802F00AFC564908600846006800B908
:10C26000A5E753480068007D4A49891EC874FFF756
:10C27000A7FEAFF2C821204602F0F7FB4C49086048
:10C280000846006800B992E74948006805692846F1
:10C29000FFF7AAFE00BF8AE72DE9F0470546002612
:10C2A0003C48801E807C401E3A4931F81000891EAF
:10C2B000C97C491E01228A40104008B1022600E0D4
:10C2C000032602F0D8FD814600223B4B3349484605
:10C2D00002F057FD324A31490C31484602F084FDE4
:10C2E0002F4A10322D491431484602F07DFD2C4A68
:10C2F00020322A491C31484602F076FD30460BF0C8
:10C30000F8FA07463A460B462CA1484602F039FD9A
:10C310002A46AFF26831484602F066FD484602F010
:10C3200004FB044624B9484601F080FABDE8F087D2
:10C3300020787B2806D0484601F078FA2046F7F7A7
:10C3400068F8F3E7204608F0F8FD0746F7F771F8BC
:10C350001D4908600846006830B9484601F066FA91
:10C360002046F7F756F8E1E75020F7F762F817494B
:10C3700008600846006850B9484601F057FA204660
:10C38000F7F747F810480068F7F743F8CEE71FE0E3
:10C390005C08002052A700200074914070AE000895
:10C3A000C40600200000F03F640800206008002060
:10C3B000680800206C080020007C91406173696C63
:10C3C0006520737461746500740800207008002093
:10C3D0000120FE49096808700020FC49096888703E
:10C3E000FA490968C87004F091FCF8490968888026
:10C3F0000020F649096848700C20F4490968C88093
:10C400000C22F349F14800680830F6F72BFFEF489B
:10C410000068083008B900BF00BF204608F08DFD55
:10C42000EA490968A1F84800EA480068E74909684C
:10C43000C864204608F081FD0746E44909683A4689
:10C44000C86C2146F6F70EFFE048006805F070FC66
:10C45000DE4800680078012808D0DE480068F6F75A
:10C46000D8FFDA480068F6F7D4FF11E00120D74979
:10C4700009688870D548006804F0B4FFFF2807D128
:10C48000D4480068F6F7C5FFD0480068F6F7C1FF4A
:10C490002046F6F7BEFF484601F0C8F900BF45E761
:10C4A00070B504460025CA493C39204602F0DDFA41
:10C4B000C94908600846006800B970BDC6490968E6
:10C4C0000869C64908F070FE00B1F6E7C049343982
:10C4D000204602F0CAFAC04908600846006800B960
:10C4E000EBE7BD4909680869BC49103108F05CFEFA
:10C4F00000B1E2E7B6492C39204602F0B6FAB64957
:10C5000008600846006800B9D7E7B34909680869B8
:10C51000B249203108F048FE00B1CEE7AFF27451C5
:10C52000204602F0A2FAAC4908600846006800B94B
:10C53000C3E7A948006805692846FFF7ADFE00BFBC
:10C54000BBE72DE9F041054602F095FC06460022C6
:10C55000A34B9F494839304602F013FC9F4A9C493F
:10C560003C39304602F040FC9C4A1032984934393C
:10C57000304602F039FC994A203295492C39304630
:10C5800002F032FC0022974B9749304602F0F9FB4B
:10C59000954A0832AFF20C61304602F025FC2A467B
:10C5A000AFF2F851304602F01FFC304602F0BDF900
:10C5B000044624B9304601F039F9BDE8F08120780D
:10C5C0007B2806D0304601F031F92046F6F721FFEE
:10C5D000F3E7204608F0B1FC0746F6F72AFF834947
:10C5E00008600846006830B9304601F01FF920465F
:10C5F000F6F70FFFE1E75020F6F71BFF7C490860D4
:10C600000846006850B9304601F010F92046F6F7A8
:10C6100000FF76480068F6F7FCFECEE7012074497B
:10C6200009680870002072490968887070490968B3
:10C63000C87004F06BFB6E490968888000206C4963
:10C64000096848700C206A490968C8800C22604952
:10C65000674800680830F6F705FE6548006808304E
:10C6600008B900BF00BF204608F067FC60490968B0
:10C67000A1F848005D4800685D490968C864204623
:10C6800008F05BFC07465A4909683A46C86C2146DF
:10C69000F6F7E8FD5648006805F04AFB5448006884
:10C6A0000078012808D051480068F6F7B2FE5048DB
:10C6B0000068F6F7AEFE11E001204D490968887068
:10C6C0004B48006804F08EFEFF2807D147480068F9
:10C6D000F6F79FFE46480068F6F79BFE2046F6F701
:10C6E00098FE304601F0A2F800BF66E770B5044638
:10C6F000002537493C39204602F0B7F93D4908602A
:10C700000846006800B970BD3A49096808693349AC
:10C7100008F04AFD00B1F6E72D493439204602F011
:10C72000A4F9344908600846006800B9EBE73149CC
:10C73000096808692949103108F036FD00B1E2E7BF
:10C7400023492C39204602F090F92A49086008460E
:10C75000006800B9D7E72749096808691F492031EF
:10C7600008F022FD00B1CEE7FFF72AFCAFF2C4715A
:10C77000204602F07AF91F4908600846006800B9AF
:10C78000C1E71C48006805692846FFF7DAFE00BFCC
:10C79000B9E72DE9FC41054617A103C9CDE9000120
:10C7A00002F069FB80460022154B09494839404692
:10C7B00002F0E7FA094A06493C39404602F014FB08
:10C7C000064A10320249343940461BE07008002006
:10C7D000B8AE00087408002078080020C4060020C5
:10C7E000008491400000F03F20B30008840800203E
:10C7F0008008002088080020307830303030000079
:10C80000008C914002F0F0FAFC4AFD49404602F0EB
:10C81000EBFA2A46AFF66C01404602F0E5FAF94918
:10C8200008780BF07DF8064632460B46F6A14046E6
:10C8300002F0A7FA0222F349891C0DF10200FEF76B
:10C840004AF86A46F3A1404602F0CEFA0222ED49C8
:10C85000091D0DF10200FEF73EF86A46EFA14046C1
:10C8600002F0C2FA0222E749891D0DF10200FEF72B
:10C8700032F86A46EBA1404602F0B6FA0222E149DC
:10C8800008310DF10200FEF726F86A46E7A140469E
:10C8900002F0AAFA0222DB490A310DF10200FEF78A
:10C8A0001AF86A46E3A1404602F09EFA0222D549F0
:10C8B0000C310DF10200FEF70EF86A46DFA140468A
:10C8C00002F092FA0222CF490E310DF10200FEF77A
:10C8D00002F86A46DBA1404602F086FA0222C94904
:10C8E00010310DF10200FDF7F6FF6A46D7A1404670
:10C8F00002F07AFA404602F018F8044624B940469D
:10C9000000F094FFBDE8FC8120787B2806D04046EB
:10C9100000F08CFF2046F6F77CFDF3E7204608F098
:10C920000CFB0646F6F785FDCA4908600846006814
:10C9300030B9404600F07AFF2046F6F76AFDE1E79D
:10C940005020F6F776FDC44908600846006850B9E3
:10C95000404600F06BFF2046F6F75BFDBD480068DF
:10C96000F6F757FDCEE70120BB49096808700020A3
:10C97000B94909688870B8490968C87004F0C6F9EF
:10C98000B549096888800020B349096848700C20BF
:10C99000B1490968C8800C2299492C31AE48006819
:10C9A0000830F6F75FFCAC480068083008B900BFF3
:10C9B00000BF204608F0C1FAA7490968A1F848005D
:10C9C000A4480068A4490968C864204608F0B5FA7C
:10C9D0000646A14909683246C86C2146F6F742FC72
:10C9E0009D48006805F0A4F99B480068007801287C
:10C9F00008D098480068F6F70CFD97480068F6F7ED
:10CA000008FD11E001209449096888709248006887
:10CA100004F0E8FCFF2807D18E480068F6F7F9FC1F
:10CA20008D480068F6F7F5FC2046F6F7F2FC404624
:10CA300000F0FCFE00BF65E770B5044600257049B4
:10CA40001039204602F011F8844908600846006851
:10CA500000B970BD8149096808696849203908F042
:10CA6000A3FB00B1F5E766490839204601F0FDFF58
:10CA70007A4908600846006800B9EAE7774909681A
:10CA800008695E49103908F08FFB00B1E1E75C49A5
:10CA9000204601F0EAFF714908600846006800B9C5
:10CAA000D7E76E4909680869544908F07DFB00B171
:10CAB000CFE7AFF60831204601F0D7FF674908609D
:10CAC0000846006800B9C4E764480068056928465C
:10CAD000FFF75FFE00BFBCE72DE9FC5F81460C4617
:10CAE000002602F0C8F9834600225D4B44491C39F8
:10CAF000584602F046F9414A203A41491039584611
:10CB000002F072F93D4A103A3D490839584602F0A0
:10CB10006BF93A4A3A49584602F066F90022514BFD
:10CB20005149584602F02DF94F4A083202F10801E6
:10CB3000584602F059F94A46AFF69031584602F08D
:10CB400053F9207830384FF47A714843617830399E
:10CB500001EBC10202EB011100EB8101A07830383A
:10CB600000EB800001EB4001E0783038084480B2EF
:10CB7000ADF80000607930382179303901EB81015E
:10CB800000EB4100C0B28DF80200E0793038A179A5
:10CB9000303901EB810100EB4100C0B28DF8030098
:10CBA00000208DF804008DF805008DF80600314650
:10CBB0006846F8F778FC82460AEB4A10F6F739FC2B
:10CBC000064626B131466846F8F76DFC8246324685
:10CBD00026A1584602F008F950460AF08AFE074698
:10CBE0003A460B4622A1584602F0CBF8584601F0CF
:10CBF0009CFE05460DB958463EE041E0E4060020A3
:10CC00008CAE000850A70020636865636B207374C6
:10CC100061746500726F772031000000726F7720B9
:10CC200032000000726F772033000000726F7720AF
:10CC300034000000726F772035000000726F77209B
:10CC400036000000726F772037000000726F772087
:10CC50003800000094080020900800209808002068
:10CC6000009C91400000F03F20B300086C6F67000B
:10CC70006C6F674E756D000000F0D8FDBDE8FC9F3D
:10CC800028787B2806D0584600F0D0FD2846F6F7D5
:10CC9000C0FBF3E7284608F050F90746F6F7C9FB52
:10CCA000FA4908600846006830B9584600F0BEFDF1
:10CCB0002846F6F7AEFBE1E75020F6F7BAFBF44959
:10CCC00008600846006850B9584600F0AFFD284695
:10CCD000F6F79FFBED480068F6F79BFBCEE70120D7
:10CCE000EB49096808700020E94909688870E8493B
:10CCF0000968C87004F00AF8E549096888800020CE
:10CD0000E349096848700C20E1490968C8800C2291
:10CD1000E049DF4800680830F6F7A4FADC4800680C
:10CD2000083008B900BF00BF284608F006F9D84906
:10CD30000968A1F84800D5480068D5490968C86461
:10CD4000284608F0FAF80746D14909683A46C86CFF
:10CD50002946F6F787FACE48006804F0E9FFCC4888
:10CD600000680078012808D0C8480068F6F751FB31
:10CD7000C7480068F6F74DFB11E00120C449096877
:10CD80008870C348006804F02DFBFF2807D1BF4816
:10CD90000068F6F73EFBBE480068F6F73AFB284607
:10CDA000F6F737FB584600F041FD00BF66E72DE976
:10CDB000F0410546002400260027B6493C392846A4
:10CDC00001F053FE04460CB9BDE8F081B249206978
:10CDD00008F0EAF900B1F7E7AE493439284601F026
:10CDE00044FE044604B9EFE7AB491031206908F06E
:10CDF000DBF900B1E8E7A7492C39284601F035FEF8
:10CE0000044604B9E0E7A4492031206908F0CCF9D0
:10CE100000B1D9E7A1A1284601F027FE044604B9D4
:10CE2000D2E72769AFF67C61284601F01EFE044672
:10CE300004B9C9E7266939463046FFF74DFE00BF01
:10CE4000C2E770B50024002500F075F918B300F0B2
:10CE500072F99449088000F06EF90646F6F7E9FA8F
:10CE6000914908600846006800B970BD8E480068A6
:10CE700000F066F98B4801888B48006800F01DFBC4
:10CE800020B989480068F6F7C4FA04E086480068CB
:10CE9000F6F7BFFAE9E700BFE7E710B500F046FA9A
:10CEA00000F049FB00B910BD03F018FD20B90020C7
:10CEB0007E4981F88000F6E7FDF776FFFDF795FDE6
:10CEC00000BFF0E72DE9F04100240025002600BF57
:10CED000002700F012FA08B9BDE8F081FFF7B1FFB2
:10CEE00003F0FCFC00B9F7E77148007830B1012885
:10CEF0000FD0022832D003280AD1B4E004F001FD9B
:10CF00006C4908600846006810B101206849087043
:10CF1000B8E06848006801F00EFB67490860084601
:10CF20000068B8B15B4948396348006801F09DFD6D
:10CF3000624908600846006818B903205C49087017
:10CF4000CAE75E480068808A5D4908800220584927
:10CF5000087002E003205649087093E058480088A2
:10CF600040F25A42811A904247D011DC40F2EE3230
:10CF7000A0EB0201904228D005DCA0F2EA30A0B17B
:10CF800002286AD119E0022927D0682965D12CE04E
:10CF900006294AD004DC022937D004295DD13CE0BF
:10CFA00008294AD00C2958D14FE043480068FEF7C1
:10CFB0007FF803203E49087053E03F480068FEF7C1
:10CFC00089F903203A4908704BE03B480068FEF7B6
:10CFD000E2FA03203649087043E037480068FEF75C
:10CFE00085FC0320324908703BE033480068FEF7B7
:10CFF000E9FD03202E49087033E02F480068FEF752
:10D0000029FF03202A4908702BE02B480068FFF70E
:10D01000C1F803202649087023E027480068FFF77D
:10D020003FFA0320224908701BE023480068FFF7FD
:10D030005DFB03201E49087013E01F480068FFF7DE
:10D04000FBFC03201A4908700BE01B480068FFF73F
:10D05000AEFE03201649087003E00320144908704F
:10D0600000BF00BF0EE01448006818B11248006805
:10D0700000F0DCFB0F480068F6F7CBF900200C4904
:10D08000087000BF00BF00BF26E70000A408002012
:10D09000A0080020B8AE0008C406002064617465D2
:10D0A00000000000A8080020AC08002088A500208F
:10D0B000B0080020B4080020B8080020C0080020F4
:10D0C000B208002008B501211020F4F74DFA022023
:10D0D000ADF8000010208DF8030003208DF8020049
:10D0E00069464148F3F71EFF02213F48F3F7C9FFA5
:10D0F00008BD10B5FFF7E6FF0220FBF7C9FE10BD23
:10D1000070B504460D46AAB221460220FBF744FF43
:10D1100070BD70B505460E46144631462846FFF7E9
:10D12000EFFF00BF0220FBF701FF18B12000A4F1C0
:10D130000104F7D170BD10B50220FBF7C9FE10BD88
:10D1400010B5044621460220FBF7FEFE10BD2DE976
:10D15000F04106460F4614462448007810B10128D5
:10D160003FD10FE022480460304607F0E6FE054656
:10D1700029463046FFF7C4FF01201C4908700020F3
:10D18000BDE8F081FFF7D7FFD8B1FFF7D4FF8046A5
:10D19000F6F74FF9054695B12846FFF7D1FF002075
:10D1A000124908703946284607F091FE20B12846FA
:10D1B000F6F72FF9FF20E3E72846F6F72AF90020D3
:10D1C000DEE70B48006828B109480068401E08499E
:10D1D000086004E0002005490870EE20D0E7002038
:10D1E000CEE700BF00BFCBE700100140CC08002015
:10D1F000D00800200120FE494870FE490870002038
:10D200004880FB4800784870704710B5F9480078AE
:10D2100000B910BDF74840881E2809DAF548408853
:10D22000401CF44948800221F348F3F72AFF11E03B
:10D23000F04840883C2809DAEE484088401CED4917
:10D2400048800221EC48F3F71AFF03E00020E94987
:10D250004880087000BFDCE7E5480078704710B5EB
:10D26000FFF747FFE549E248C16000218172E449C8
:10D270000161E4494161E449C161E4490162E44971
:10D2800081610020DA4908720121D948C172E1495F
:10D290008162E1494162E149C162E1494163E14999
:10D2A0000163E149816340F2DC51A0F84010DF499D
:10D2B000C163DF498164002180F84610DD49C16403
:10D2C000DD490165DD498165DD49C165DD494165AE
:10D2D000002180F84410022180F8471000214166A7
:10D2E000016681660167C166D74941674FF47A716B
:10D2F000A0F87C10D549816710BDBD48407804284E
:10D3000001DB012070470020FCE710B5B84A11701E
:10D31000507001231278C2EB0214B54A083202EBB6
:10D32000840253700122B24B9A7010BD70B5002573
:10D33000AF484078052829D2DFE800F0032941886A
:10D34000B200AB480078C0EB0011A948083010F8D3
:10D350002100D8B9A6480078C0EB0011A4480830D5
:10D3600000EB8100006950B1A1490978C1EB0112BD
:10D370009F49083101EB8201086980470546FF2D6E
:10D3800004D101209A4948700020888093E0984891
:10D3900081880078C0EB00129548083000EB8200CD
:10D3A000008F814205DA92488088401C904988802D
:10D3B00004E000208E498880022048707BE0002431
:10D3C0008B480078C0EB00118948083000EB8100E1
:10D3D0004078B0BB86480078C0EB00118448083024
:10D3E00000EB8100C06850B181490978C1EB01129E
:10D3F0007F49083101EB8201C86880470446FF2C51
:10D400000FD101207A4988700320487001217848A3
:10D410000078C0EB00127648083000EB82004170C3
:10D4200013E0EE2C11D100207149487008460078B5
:10D43000401C087008460078022806D100200870B9
:10D4400003E0FFE703206A49487034E0002468489D
:10D450000078C0EB00116648083000EB810080784E
:10D46000D0B963480078C0EB00116148083000EB88
:10D470008100806850B15E490978C1EB01125C49B6
:10D48000083101EB8201886880470446FF2C06D1F1
:10D4900004205749487002E00420554948700AE0CA
:10D4A00053490978C1EB01125149083101EB82015E
:10D4B0004868804700BF00BF70BD70B504460D4688
:10D4C0004B488078B0B14A480078C0EB001148481A
:10D4D000083000EB8100406960B145480078C0EB3E
:10D4E00000114348083000EB81002946426920467C
:10D4F000904770BD0020FCE770B504460D463C48DF
:10D500008078B0B13A480078C0EB00113848083054
:10D5100000EB8100806960B135480078C0EB0011F4
:10D520003348083000EB8100294682692046904745
:10D5300070BD0020FCE72E488078704710B52C485D
:10D540000078C0EB00112A48083000EB8100006B26
:10D5500050B127490978C1EB01122549083101EB87
:10D560008201086B804710BD0020FCE710B5204801
:10D570000078C0EB00111E48083000EB8100C06944
:10D5800050B11B490978C1EB01121949083101EB6F
:10D590008201C869804710BD0020FCE710B514481F
:10D5A0000078C0EB00111248083000EB8100406B9E
:10D5B00050B10F490978C1EB01120D49083101EB57
:10D5C0008201486B804710BD0020FCE710B5084879
:10D5D0000078C0EB00110648083000EB8100006ABB
:10D5E000B0B303490978C1EB01120149083130E0B9
:10D5F00070A70020D4080020001001400DA60008EC
:10D60000DD95000855950008C39D00086FA100082E
:10D61000ED9400083F9C0008359C0008439C0008DE
:10D62000479C0008919C0008179E0008399C000840
:10D630000B040108C3F70008EFF9000877FA0008A7
:10D64000D1FD00085BF70008C9FB0008D9F6000807
:10D6500004E001EB8201086A804710BD0020FCE76E
:10D6600010B523480078C0EB00112148083000EBCA
:10D670008100406A50B11E490978C1EB01121C4972
:10D68000083101EB8201486A804710BD0020FCE7A9
:10D6900010B517480078C0EB00111548083000EBB2
:10D6A0008100C06A50B112490978C1EB01121049DA
:10D6B000083101EB8201C86A804710BD0020FCE7F9
:10D6C00010B50B480078C0EB00110948083000EB9A
:10D6D0008100806A50B106490978C1EB0112044902
:10D6E000083101EB8201886A804710BD0020FCE709
:10D6F00070A70020F7480068F64949680844704759
:10D70000014609B900207047087B102801D101208B
:10D71000F9E70020F7E700B502461046FFF7F0FFF3
:10D7200008B9002000BD1069FCE708B507200346D2
:10D730000122E9A10090EB4807F034FAE94808BD5E
:10D7400070B504460D4604B10DB9012070BDAC4260
:10D7500001D10020FAE705E0207808B90020F5E7BC
:10D76000641C6D1C207807F010FA0646287807F034
:10D770000CFA8642F0D0207807F007FA064628789F
:10D7800007F003FA301AE1E72DE9F04104460D46AF
:10D790000026002714B90020BDE8F081204607F0DC
:10D7A000CCFB461C30462968884707460FB9002045
:10D7B000F2E732462146384607F035FC3846EBE7BB
:10D7C00038B9C949C94A1160C9495160C94991600C
:10D7D0007047C549C54A1160016809B10168116007
:10D7E000C349C24A5160416809B141685160002192
:10D7F000BE4A916011460968BB4A914207D1BB49B4
:10D800004968BB4A914202D1BA49B84A916000BF07
:10D81000DEE770B5044628202168884705461DB11B
:10D820002821284607F098FC284670BD70B50446AC
:10D83000002522E02568A08900F4807020B9A06846
:10D8400010B1A068FFF7F2FFA08900F4807028B93A
:10D85000206918B1A54A206951688847A08900F459
:10D86000007028B9206A18B1A04A206A5168884718
:10D870009E484168204688472C46002CDAD170BD6E
:10D880002E2070472DE9F04391B080460C4600BF32
:10D8900000201090FFF7F4FF814600250CB12068AE
:10D8A00018B9002011B0BDE8F08300253CE0A16864
:10D8B00020680844405D342820D00ADCA0F12B0009
:10D8C00009282ED2DFE800F0202D212A2D16171866
:10D8D0001900382816D006DC352810D036280FD08D
:10D8E00037281ED10DE039280DD045280FD06528E6
:10D8F00017D10BE000BF00BF00BF00BF00BF00BFDB
:10D9000000BF00BF00BF00BF00BF00BF00BFA168D5
:10D9100020680844405D0DF8050003E00DF805900F
:10D9200000E00AE000BF6D1C3F2D05D224B1A068C5
:10D93000284461688842BAD300BF00200DF8050072
:10D9400010A9684609F064FD06460F46684610991E
:10D95000884201D10020A5E7C8E90667664A674BFF
:10D96000304639460AF02AF904D86FF00040C8F86A
:10D97000140011E00022624B3046394609F0E4FF02
:10D9800004D84FF00040C8F8140005E0304639468E
:10D9900009F052FFC8F814000820C8F80C00A0686D
:10D9A0006A461099891A0844A06001207AE770B588
:10D9B000064614461D46504A504B204629460AF05A
:10D9C000FDF803D86FF0004070610FE000224C4B6F
:10D9D0002046294609F0B8FF03D84FF00040706197
:10D9E00004E02046294609F027FF706120462946B9
:10D9F000C6E9064570BD2DE9F04104460D460026F6
:10DA000000270CB1206810B90020BDE8F0816068E3
:10DA100028B1D4E90110884201D30020F5E7B5F11F
:10DA2000004F01D30020F0E7A068401C0544606867
:10DA3000A84203D3A16820680844E6E7206908B13A
:10DA40000020E2E7B5F1804F07D3B5F1004F02D2D5
:10DA50006FF0004702E00020D7E76F00206A60B156
:10DA60003946226A206890470646E6B9E16920688F
:10DA70008847002060602060C7E73846A169884772
:10DA8000064636B9E169206888470020606020605A
:10DA9000BBE72EB1A068421C3046216807F0C3FAEC
:10DAA000E1692068884767602660A0683044ACE779
:10DAB00070B5044600250CB1206800B970BDA1689E
:10DAC00020684518284607F038FAA1680844A06085
:10DAD00000BFF3E7D808002025692E25692E2569A7
:10DAE00000000000F0A70020274A0108E0080020FD
:10DAF000854A0108D34A01080000C0FFFFFFDF414B
:10DB00000000E0C12DE9F04F8BB082460D464FF08A
:10DB10000009DAE9067800260024FFF7B1FE834603
:10DB20001DB900200BB0BDE8F08F00221346384627
:10DB3000414609F045FF00221346CDE9000109F0F6
:10DB40003FFE05D0F9A104A807F02CF806461BE01B
:10DB50003A464346F7A104A807F024F8064602AA6D
:10DB6000F6A104A807F088F9012806D13A464346F1
:10DB7000DDE9020109F024FE06D03A464346F0A151
:10DB800004A807F00FF80646002E01DB192E01DD70
:10DB90000020C7E7711C2846FFF72DFF8146B9F129
:10DBA000000F01D10020BDE700240DE004A8005DB6
:10DBB000584503D12E2009F8040004E004A8005DB4
:10DBC00009F8040000BF641CB442EFD3002009F838
:10DBD0000400A8683044A8600120A3E7024600239F
:10DBE000002100BF23E0505C302806DB505C392860
:10DBF00003DC505C3038034415E0505C412806DB00
:10DC0000505C462803DC505C373803440BE0505C22
:10DC1000612806DB505C662803DC505C57380344FF
:10DC200001E000207047032900D21B01491C042990
:10DC3000D9D31846F6E72DE9FF5F80468946154699
:10DC400000240026C24600200390834602900190E3
:10DC5000A9EB0A00062800DA81E00AF10200FFF7CA
:10DC6000BDFF0646B6F55C4F03D3B6F5604F00D254
:10DC700075E0B6F5584F29D3B6F55C4F26D20AF1B8
:10DC80000607002000900C200290A9EB0700062850
:10DC900000DA64E038785C2802D17878752800D002
:10DCA0005DE0B81CFFF79AFF00900098B0F55C4F5C
:10DCB00003D30098B0F5604F00D350E0C6F30901DC
:10DCC000009861F39F2000F5803402E00620029066
:10DCD0003446802C02D20120039018E0B4F5006F86
:10DCE00004D202200390C020019010E0B4F5803FE0
:10DCF00004D203200390E020019008E0B4F5881FCF
:10DD000004D204200390F020019000E027E0039863
:10DD1000401E00F0FF0B0BE004F0BF0040F080005D
:10DD2000296801F80B00A409ABF1010000F0FF0B1A
:10DD3000BBF1000FF0DC0398012804DD01982043BB
:10DD40002968087003E004F07F00296808702968DA
:10DD5000039808442860029804B0BDE8F09F0020B2
:10DD6000FAE72DE9F84F80460C46A1682068084480
:10DD7000461CA16820680844451C0020009000272C
:10DD8000A1682068405C222800D0A6E04FF0000A7D
:10DD9000D1460DE028785C2809D1681C2168401A1A
:10DDA0006168884200D398E009F101096D1C6D1C7F
:10DDB0002068281A6168884202D228782228E9D18E
:10DDC0002068281A6168884202D22878222800D068
:10DDD00083E0A16820680844281AA0EB090A0AF128
:10DDE000010021698847074607B976E0009761E09E
:10DDF00030785C2807D016F8010B0099087000985D
:10DE0000401C009056E04FF00209A81B012800DAE0
:10DE100063E07078662819D008DC222832D02F28D9
:10DE200032D05C282FD0622840D108E06E2814D070
:10DE3000722819D074281ED0752837D12BE00820FD
:10DE4000009908700098401C009030E00C20009968
:10DE500008700098401C009029E00A200099087082
:10DE60000098401C009022E00D2000990870009856
:10DE7000401C00901BE00920009908700098401C8D
:10DE8000009014E000BF00BF7078009908700098FF
:10DE9000401C00900BE06A4629463046FFF7CBFE57
:10DEA0008146B9F1000F00D117E000E015E000BF96
:10DEB0004E4400BFAE429BD3002000990870102052
:10DEC000C8F80C00C8F810702068281AA060A06874
:10DED000401CA0600120BDE8F88F17B13846616989
:10DEE000884716B12068301AA0600020F3E72DE9BA
:10DEF000F04707468A46002400260025A046A14692
:10DF0000BAF1000F02D10020BDE8F087F7B9032174
:10DF10005046FFF770FD06460EB90020F4E70AA14F
:10DF2000304606F0E6FF0120EEE700006E756C6CEF
:10DF30000000000025312E3135670000256C670098
:10DF400025312E3137670000222200003C4622E0B6
:10DF500020780C2811D006DC08280DD009280FD015
:10DF60000A2810D10AE00D2809D0222802D05C2806
:10DF700009D100E000BF00BF00BF00BF00BF00BF6D
:10DF800009F1010905E02078202801DA09F10509E5
:10DF900000BF00BF641C20780028D9D1E01B00EB33
:10DFA000090808F103015046FFF725FD06460EB9A2
:10DFB0000020A9E7B9F1000F0FD1222030704246AE
:10DFC0003946701C07F02FF8222108F10100315466
:10DFD0000021401C3154012096E722203070751C2E
:10DFE0003C463DE020781F2808DD2078222805D017
:10DFF00020785C2802D0207828702FE05C2005F87B
:10E00000010B20780C2815D006DC08280FD0092831
:10E0100019D00A281AD110E00D2811D0222803D0D7
:10E020005C2813D1287018E02220287015E06220A7
:10E03000287012E0662028700FE06E2028700CE037
:10E040007220287009E07420287006E02278F7A179
:10E05000284606F0A7FD2D1D00BF00BF641C6D1CE7
:10E0600020780028BED1222108F10100315400217E
:10E07000401C3154012047E770B504460D4629463F
:10E080002069FFF734FF70BD014609B1086808B97F
:10E090000020704702E08868401C886041B1D1E9E7
:10E0A0000120904204D28A680868805C2028F2DD52
:10E0B000D1E90120904202D18868401E886008465C
:10E0C000E7E710B504461CB1206808B1A06808B1A4
:10E0D000002010BD7CB1A068001D616888420AD292
:10E0E000A268216888180322D2A106F045FF10B962
:10E0F000A068C01CA0602046EBE72DE9F0418046F7
:10E100000C4600270025E068B0F57A7F02D3002096
:10E11000BDE8F081E068401CE06044B1D4E9011042
:10E12000884204D2A1682068405C7B2800D07BE054
:10E13000A068401CA0602046FFF7A6FF4CB1D4E9C0
:10E140000110884205D2A1682068405C7D2800D17A
:10E150005DE01CB1D4E90110884203D3A068401EE1
:10E16000A06061E0A068401EA06000BF04F1100044
:10E17000FFF74FFB064606B956E017B93746354656
:10E1800002E02E6075603546A068401CA060204605
:10E19000FFF77AFF21462846FFF7E3FD00B943E089
:10E1A0002046FFF771FF286928620020286144B1EA
:10E1B000D4E90110884204D2A1682068405C3A2862
:10E1C00000D031E0A068401CA0602046FFF75CFF53
:10E1D0002146284600F0A8F800B925E02046FFF7C0
:10E1E00053FF44B1D4E90110884204D2A1682068E9
:10E1F000405C2C28BAD044B1D4E90110884204D242
:10E20000A1682068405C7D2800D00DE000BFE06878
:10E21000401EE0604020C8F80C00C8F80870A068F4
:10E22000401CA060012073E717B13846FFF7FEFAE3
:10E2300000206DE72DE9F04107460C460026B04668
:10E24000E068B0F57A7F02D30020BDE8F081E06895
:10E25000401CE060A1682068405C5B2800D05DE065
:10E26000A068401CA0602046FFF70EFF4CB1D4E927
:10E270000110884205D2A1682068405C5D2800D169
:10E2800041E01CB1D4E90110884203D3A068401ECC
:10E29000A06043E0A068401EA06000BF04F1100031
:10E2A000FFF7B7FA054605B938E016B92E46A84675
:10E2B00004E0C8F80050C5F80480A846A068401CD7
:10E2C000A0602046FFF7E0FE2146404600F02CF813
:10E2D00000B923E02046FFF7D7FE44B1D4E901108E
:10E2E000884204D2A1682068405C2C28D6D044B172
:10E2F000D4E90110884204D2A1682068405C5D28FE
:10E3000000D00BE000BFE068401EE0602020F86015
:10E31000BE60A068401CA060012096E716B13046A0
:10E32000FFF784FA002090E770B505460C460CB163
:10E33000206808B9002070BDA4B1A068001D616804
:10E3400088420FD8A268216888180422AFF22441BD
:10E3500006F012FE30B90420E860A068001DA0603D
:10E360000120E8E79CB1A068401D616888420ED892
:10E37000A2682168881805222FA106F0FDFD30B99A
:10E380000120E860A068401DA0600120D3E7ACB187
:10E39000A068001D6168884210D8A26821688818AA
:10E3A000042227A106F0E8FD40B90220E860012020
:10E3B0006861A068001DA0600120BCE76CB1D4E9D1
:10E3C0000110884209D2A1682068405C222804D14B
:10E3D00021462846FFF7C5FCADE7BCB1D4E90110E2
:10E3E000884213D2A1682068405C2D2809D0A1681A
:10E3F0002068405C302809DBA1682068405C39282F
:10E4000004DC21462846FFF73DFA94E7E4B1D4E95D
:10E410000110884218D2A1682068405C5B2813D1A3
:10E4200021462846FFF706FF85E7000075253034B2
:10E4300078000000EFBBBF0066616C7365000000F0
:10E4400074727565000000006CB1D4E90110884257
:10E4500009D2A1682068405C7B2804D12146284667
:10E46000FFF74BFE67E7002065E72DE9F04389B031
:10E4700004460D4617461C2102A806F06DFE002634
:10E480000020F7490860486004B934E0029420464F
:10E4900006F053FD401C039000200490F14A07CA87
:10E4A00006AB07C3EF48FFF7B4F9064606B922E00A
:10E4B00002A8FFF706FE8146FFF7E6FD80464146CB
:10E4C0003046FFF731FF00B915E05FB102A8FFF752
:10E4D000DBFDDDE90310884203D204990298405C19
:10E4E00000B108E01DB10499029808442860304644
:10E4F00009B0BDE8F08316B13046FFF797F9C4B113
:10E50000009400200190DDE90310884202D20498B3
:10E51000019004E0039810B10398401E01901DB1D2
:10E52000DDE9000108442860CD48DDE9001206C09D
:10E5300000BF0020DCE710B504460022114620464B
:10E54000FFF793FF10BD2DE9F04781460C460025EB
:10E550000026D9F8087014B90020BDE8F08760697A
:10E5600008B1022000E001200646711C2046FFF79A
:10E5700042FA05460DB90020EFE77B2005F8010BB4
:10E58000E068401CE060606910B10A2005F8010BEA
:10E59000A0683044A06069E06069B8B12046E168D5
:10E5A000FFF729FA05460DB90020D6E74FF000081D
:10E5B00004E0092005F8010B08F10108E068404576
:10E5C000F7D8D4E902010844A06000BF2146386AA8
:10E5D000FFF78DFC08B90020BFE72046FFF768FA77
:10E5E000606908B1022000E001200646314620465D
:10E5F000FFF701FA05460DB90020AEE73A2005F80D
:10E60000010B606910B1092005F8010BA0683044C6
:10E61000A0602146384600F0A9F808B900209CE720
:10E620002046FFF745FA606908B1012000E00020AC
:10E63000396809B1012100E000214618711C20460B
:10E64000FFF7D9F905460DB9002086E7386810B103
:10E650002C2005F8010B606910B10A2005F8010BA8
:10E6600000202870A0683044A0603F68002F93D13C
:10E67000606910B1E068401C00E0022001462046BD
:10E68000FFF7B9F905460DB9002066E7606950B19A
:10E69000002003E0092105F8011B401CE168491E28
:10E6A0008142F7D800BF7D2005F8010B00202870BB
:10E6B000E068401EE06001204FE72DE9F041074689
:10E6C0000C460025A846BE6814B90020BDE8F081BC
:10E6D00001212046FFF78FF905460DB90020F5E727
:10E6E0005B202870A068401CA060E068401CE060CF
:10E6F00028E02146304600F039F808B90020E5E767
:10E700002046FFF7D5F93068D8B1606908B102201A
:10E7100000E00120804608F101012046FFF76BF977
:10E7200005460DB90020D1E72C2005F8010B6069E2
:10E7300010B1202005F8010B00202870A06840448B
:10E74000A0603668002ED4D102212046FFF753F98D
:10E7500005460DB90020B9E75D2005F8010B002042
:10E760002870E068401EE0600120AFE72DE9F0412D
:10E7700004460E46002504B116B90020BDE8F0811C
:10E78000207B10285AD008DC01281CD0022829D070
:10E79000042809D0082860D133E0202853D040282D
:10E7A00056D0802859D131E005213046FFF723F9B2
:10E7B00005460DB90020E1E7AFF69001284606F0C6
:10E7C00098FB0120DAE706213046FFF714F90546E9
:10E7D0000DB90020D2E7AFF2A031284606F089FB40
:10E7E0000120CBE705213046FFF705F905460DB9B5
:10E7F0000020C3E7AFF2B831284606F07AFB0120CB
:10E80000BCE731462046FFF77DF9B7E700272069CE
:10E8100008B90020B2E7206906F08FFB471C394693
:10E820003046FFF7E8F805460DB90020A6E73A465E
:10E830002846216906F0F7FB01209FE73146204674
:10E84000FFF71AFC9AE731462046FFF736FF95E7B7
:10E8500031462046FFF777FE90E700208EE7000064
:10E86000D8080020E0080020F0B589B007460E4621
:10E87000144600252421684606F06EFC4FF4807093
:10E880002168884700904FF480700190059694E8C5
:10E89000070006AB07C3009800B933E06946384665
:10E8A000FFF764FF00B92DE06846FFF701F9A068A3
:10E8B00050B1029B591C0098A2689047054605B9C3
:10E8C00020E0002000901AE0029A501C216888473E
:10E8D000054605B916E0DDE90130401C834201D24E
:10E8E000019801E00298401C02462846009906F073
:10E8F0009AFB00200299685400986168884728466E
:10E9000009B0F0BD009810B100986168884715B152
:10E910002846616888470020F2E710B50446F74AA8
:10E9200001212046FFF7A0FF10BD10B50446F34AB1
:10E9300000212046FFF798FF10BD70B58AB006464B
:10E940000C461546242101A806F006FC002C02DA2C
:10E9500000200AB070BDE948016820468847019050
:10E96000019808B90020F4E7029400200390059074
:10E970000695E24A07CA07AB07C301A93046FFF76D
:10E98000F5FE28B9DD4A0198516888470020E0E784
:10E990000198DEE7F0B589B007460C4615461E46DD
:10E9A0002421684606F0D8FB002D00DB14B90020B6
:10E9B00009B0F0BD00940195002002900120049060
:10E9C0000596CE4A07CA06AB07C369463846FFF725
:10E9D000CDFEEDE701460022002309B90020704773
:10E9E0008A6801E05B1C1268002AFBD11846F6E732
:10E9F00002460B4600210AB900207047916801E0E9
:10EA00005B1E096809B1002BFAD10846F5E770B51D
:10EA100005460C46002C01DA002070BD2146284630
:10EA2000FFF7E6FFF9E72DE9F04105460E461746E8
:10EA3000002405B116B90020BDE8F081AC684FB1E3
:10EA400000E024687CB13046216A06F0ADFB002866
:10EA5000F7D108E000E024682CB13046216AFEF7C7
:10EA60006FFE0028F7D12046E6E770B504460D4654
:10EA7000002229462046FFF7D6FF70BD70B5044638
:10EA80000D46012229462046FFF7CDFF70BD70B527
:10EA900004460D4629462046FFF7E7FF08B101204E
:10EAA00070BD0020FCE701604860704770B5054606
:10EAB0000E4600240DB9002070BD3046FEF7A9FEB9
:10EAC00004460CB90020F7E728222946204606F024
:10EAD000EFFA00202062E06840F48070E0600020DF
:10EAE000606020602046E7E770B504460E460025CA
:10EAF00006B10CB9002070BDA5680DB9A66008E08C
:10EB000000E02D6828680028FBD131462846FFF731
:10EB1000CAFF0120EFE770B504460D46294620469E
:10EB2000FFF7E2FF70BD70472DE9F04707460D463D
:10EB300014461E46DDF820904FF00008C2460FB183
:10EB400005B114B90020BDE8F087B9F1000F07D076
:10EB50002846FFF7E8FF8046E06840F4007A0CE0C2
:10EB600031462846FEF710FE8046B8F1000F01D16D
:10EB70000020E8E7E06820F4007AA08900F4007043
:10EB800020B9206A10B1206A71688847C4F82080D3
:10EB9000C4F80CA021463846FFF7A6FFD3E7F8B526
:10EBA00004460D4616460020544B32462946009036
:10EBB0002046FFF7B9FFF8BDF8B504460D461646E6
:10EBC00001204E4B3246294600902046FFF7ACFF0D
:10EBD000F8BD70B504460D4604B970BD47492846D6
:10EBE000FFF764FF064631462046FFF77DFF00BF72
:10EBF000F3E7F8B504460D46164604B105B9F8BD6D
:10EC00003E493046FFF752FF074600203B4B3A464D
:10EC1000294600902046FFF787FF00BFEFE710B5B9
:10EC20003648FEF7F6FD04460CB10420E0602046AD
:10EC300010BDF8B504460D46FFF7F1FF064600206B
:10EC40002E4B3246294600902046FFF76DFF08B153
:10EC50003046F8BD3046FEF7E9FD0020F9E710B573
:10EC60002648FEF7D6FD04460CB10220E06020469F
:10EC700010BDF8B504460D46FFF7F1FF064600202B
:10EC80001E4B3246294600902046FFF74DFF08B143
:10EC90003046F8BD3046FEF7C9FD0020F9E710B553
:10ECA0001648FEF7B6FD04460CB10120E060204690
:10ECB00010BDF8B504460D46FFF7F1FF06460020EB
:10ECC0000E4B3246294600902046FFF72DFF08B133
:10ECD0003046F8BD3046FEF7A9FD0020F9E770B5D3
:10ECE00005460648FEF795FD044624B10DB1022005
:10ECF00000E00120E060204670BD0000E008002038
:10ED0000F8B505460E4614462046FFF7E8FF0746CD
:10ED10000020F74B3A46314600902846FFF704FFA3
:10ED200008B13846F8BD3846FEF780FD0020F9E707
:10ED300070B505460E46EE48FEF76BFD0446F4B18D
:10ED40000820E060C4E90656EA4AEB4B2846314603
:10ED500008F034FF03D86FF0004060610FE000223C
:10ED6000E64B2846314608F0EFFD03D84FF000404F
:10ED7000606104E02846314608F05EFD606120468F
:10ED800070BD2DE9F84306460F4614461D46204641
:10ED90002946FFF7CDFF80460020D54B4246394635
:10EDA00000903046FFF7C0FE10B14046BDE8F88342
:10EDB0004046FEF73BFD0020F8E770B50546CC481D
:10EDC000FEF727FD04466CB11020E060C8492846D4
:10EDD000FEF7DAFC2061206920B92046FEF726FD07
:10EDE000002070BD2046FCE7F8B505460E461446E7
:10EDF0002046FFF7E2FF07460020BD4B3A4631466A
:10EE000000902846FFF790FE08B13846F8BD384616
:10EE1000FEF70CFD0020F9E770B50546B448FEF793
:10EE2000F8FC04466CB18020E060B1492846FEF74A
:10EE3000ABFC2061206920B92046FEF7F7FC0020DA
:10EE400070BD2046FCE7F8B505460E461446204640
:10EE5000FFF7E2FF07460020A54B3A4631460090F7
:10EE60002846FFF761FE08B13846F8BD3846FEF780
:10EE7000DDFC0020F9E710B59D48FEF7CAFC04460A
:10EE80000CB14020E060204610BDF8B504460D46A8
:10EE9000FFF7F1FF06460020954B324629460090C9
:10EEA0002046FFF741FE08B13046F8BD3046FEF778
:10EEB000BDFC0020F9E710B58D48FEF7AAFC04461A
:10EEC0000CB12020E060204610BDF8B504460D4688
:10EED000FFF7F1FF06460020854B32462946009099
:10EEE0002046FFF721FE08B13046F8BD3046FEF758
:10EEF0009DFC0020F9E7024602B109B900207047E5
:10EF0000486810B1D1E900031860086810B1D1E970
:10EF1000003058609068884201D1086890600020F5
:10EF2000486008600846EAE770B505460C46002CC4
:10EF300001DA002070BD21462846FFF759FD06463C
:10EF400031462846FFF7D7FFF4E770B504460D4673
:10EF500029462046FFF7E8FF0646FEF767FC70BD2E
:10EF600070B504460D4629462046FFF77EFD06464D
:10EF700031462046FFF7BFFF70BD70B504460D4611
:10EF800029462046FFF77AFD064631462046FFF720
:10EF9000B2FF70BD70B504460D4629462046FFF706
:10EFA000DFFF0646FEF742FC70BD70B504460D4615
:10EFB00029462046FFF7E1FF0646FEF737FC70BD05
:10EFC0002DE9F04106460F4614460025002F01DAD0
:10EFD000BDE8F08139463046FFF70AFD054625B900
:10EFE00021463046FFF780FDF2E7256068686060E3
:10EFF0006C60B068A84201D1B46001E06068046050
:10F0000000BFE5E770B506460D4614460EB104B1E3
:10F010000DB9002070BDAC4201D10120FAE728688B
:10F02000206068686060206808B12068446060689B
:10F0300008B160680460B068A84200D1B4600020E4
:10F04000286068602846FEF7F1FB0120E2E72DE921
:10F05000F04105460C461646002C01DABDE8F08169
:10F0600021462846FFF7C4FC074632463946284663
:10F07000FFF7C8FF00BFF1E710B504461C48416820
:10F080002046884710BD2DE9F04107460D4614463D
:10F090001E4604B115B90020BDE8F081A08900F436
:10F0A000007020B9206A10B1206AFFF7E5FF10490F
:10F0B0002846FEF769FB2062E06820F40070E060FB
:10F0C000324629463846FFF7AEFC80462246414686
:10F0D0003846FFF797FF0120DEE770B504460D467E
:10F0E00016460023324629462046FFF7CCFF70BD66
:10F0F000E00800200000C0FFFFFFDF410000E0C18A
:10F1000070B504460D461646012332462946204670
:10F11000FFF7B9FF70BD70B50546F748FEF779FBFC
:10F12000044634B14FF48870E0602846FFF7FBFCDA
:10F130002061204670BD70B50546EF48FEF769FBBB
:10F14000044634B14FF4A070E0602846FFF7EBFCB2
:10F15000A060204670BD70B50546E748FEF759FB34
:10F16000044634B14FF49070E0602846FFF7DBFCB2
:10F17000A060204670BD2DE9F05F06468946002458
:10F180000025A346A246B9F1000F00DB16B9002006
:10F19000BDE8F09FFFF78FFE8246002417E056F887
:10F1A000240008F0A6FB0746FFF7C2FD054625B977
:10F1B0005046FEF73BFB0020EAE714B9CAF80850B6
:10F1C00003E029465846FFF76EFCAB46641CBAF1D3
:10F1D000000F01D04C45E2D35046D9E72DE9F05F4E
:10F1E0000646894600240025A346A246B9F1000F31
:10F1F00000DB16B90020BDE8F09FFFF75CFE8246F9
:10F20000002417E056F8240008F00EFD0746FFF72B
:10F210008FFD054625B95046FEF708FB0020EAE7BA
:10F2200014B9CAF8085003E029465846FFF73BFCDA
:10F23000AB46641CBAF1000F01D04C45E2D35046F6
:10F24000D9E72DE9F04706460F4600240025A146E0
:10F25000A046002F00DB16B90020BDE8F087FFF7BD
:10F260002AFE8046002417E006EBC400D0E9002106
:10F270001046FFF75DFD054625B94046FEF7D6FA74
:10F280000020EAE714B9C8F8085003E029464846C8
:10F29000FFF709FCA946641CB8F1000F01D0BC427D
:10F2A000E2D34046D9E72DE9F04706460F46002451
:10F2B0000025A146A046002F00DB16B90020BDE8BE
:10F2C000F087FFF7F8FD8046002414E056F824008C
:10F2D000FFF773FD054625B94046FEF7A7FA002063
:10F2E000EDE714B9C8F8085003E029464846FFF78F
:10F2F000DAFBA946641CB8F1000F01D0BC42E5D38B
:10F300004046DCE72DE9F047044689460025002702
:10F31000A846002604B948E07748FEF77AFA054681
:10F3200005B942E0E06820F48070E86060696861D7
:10F33000D4E90601C5E90601206938B16E492069A2
:10F34000FEF722FA2861286900B92EE0206A68B128
:10F35000A08900F4007008B1206A03E06649206AC1
:10F36000FEF712FA2862286A00B91EE0B9F1000F10
:10F3700002D12846BDE8F087A76812E0012138468F
:10F38000FFF7C0FF064606B90FE0B8F1000F05D041
:10F39000C8F80060C6F80480B04601E0AE60B04630
:10F3A0003F68002FEAD12846E4E715B12846FEF76A
:10F3B0003DFA0020DEE7014600B9704755E00278CB
:10F3C000202A01D1401C50E00278092A01D1401CBA
:10F3D0004BE002780D2A01D1401C46E002780A2A4F
:10F3E00001D1401C41E002782F2A0BD142782F2A0C
:10F3F00008D100E0401C0278002A36D002780A2AA0
:10F4000033D0F7E702782F2A0ED142782A2A0BD17F
:10F4100000E0401C02782AB102782A2AF9D1427809
:10F420002F2AF6D1801C20E00278222A19D110F868
:10F43000012B01F8012B0AE002785C2A03D110F8B5
:10F44000012B01F8012B10F8012B01F8012B027898
:10F4500012B10278222AEFD110F8012B01F8012B0A
:10F4600003E010F8012B01F8012B0278002AA6D145
:10F470000A7000BFA1E7014609B900207047087B68
:10F4800008B90120FAE70020F8E7014609B9002091
:10F490007047087B012800D1FAE70020F8E7014611
:10F4A00009B900207047087B022801D10120F9E743
:10F4B0000020F7E7014609B900207047087B00F0FB
:10F4C000030008B10120F8E70020F6E7014609B97A
:10F4D00000207047087B042801D10120F9E70020B3
:10F4E000F7E7014609B900207047087B082801D1D9
:10F4F0000120F9E70020F7E7E0080020014609B9FC
:10F5000000207047087B202801D10120F9E7002066
:10F51000F7E7014609B900207047087B402801D170
:10F520000120F9E70020F7E7014609B900207047FC
:10F53000087B802801D10120F9E70020F7E72DE9B9
:10F54000F0470446894692465CB1B9F1000F08D0F5
:10F55000207B99F80C10884203D12046FFF78BFFDF
:10F5600010B10020BDE8F087207B102814D008DC03
:10F5700001280DD002280CD004280BD008280FD168
:10F5800009E020280AD0402809D0802808D104E0CA
:10F5900000BF00BF00BF00BF00BF00BF00BF01E051
:10F5A0000020DFE700BF4C4501D10120DAE7207BD6
:10F5B000102821D008DC01280DD002280CD0042806
:10F5C0000BD008287DD10AE0202827D040283CD045
:10F5D000802876D111E000BF00BF0120C2E7D9E941
:10F5E00006532A46D4E90671384608F0E9F801D1F5
:10F5F0000120B7E70020B5E700BF206910B1D9F8B6
:10F60000100008B90020ADE7D9F81010206905F006
:10F61000CBFD08B90120A5E70020A3E7A568D9F82C
:10F62000086009E0524631462846FFF788FF08B9CE
:10F63000002097E72D6836680DB1002EF2D1B54253
:10F6400001D000208EE701208CE7002500260CB1B8
:10F65000A06800E00020054611E052464846296AAD
:10F66000FFF7E1F906460EB900207BE75246314626
:10F670002846FFF764FF08B9002073E72D68002DC6
:10F68000EBD1B9F1000F02D0D9F8080000E000205A
:10F69000064612E052462046316AFFF7C4F9054695
:10F6A00015B900205EE70CE0524629463046FFF7C8
:10F6B00046FF08B9002055E73668002EEAD1012040
:10F6C00050E700204EE710B5044602480168204686
:10F6D000884710BDE0080020FB4800787047FF20F5
:10F6E0007047FA48007830B101280DD002281AD0AE
:10F6F00003282FD11EE00020F5490880F549086055
:10F700000120F249087025E0F1480088401CF049CA
:10F71000088008460088C82804DD002008800220F0
:10F72000EA49087016E00120EA4908600320E74929
:10F7300008700FE0E6480088401CE549088008464C
:10F740000088C82805DD00200880E0490870FF20F7
:10F75000704700BF00BF0020FAE710B5DE48007810
:10F7600000281DD00020DC490870DC48F5F73AFB82
:10F770006421DB4805F0F0FCDAA3DCA2DFA1D84865
:10F7800005F010FAE448F5F74CFB6421E34805F076
:10F79000E3FCE14B1033E04AE1A1E04805F002FA56
:10F7A000FFF79FFF10B1FF20E3490870E24800789F
:10F7B000FF2804D10020E0490870FF2010BD002080
:10F7C000FCE770B50024DD480078082879D2DFE82E
:10F7D00000F004113B4C7986B1C24FF40071D84857
:10F7E00005F098FC0D21D7A0FDF78AFC0120D34934
:10F7F0000870F9E0D7A1D24805F069FB40B10220BA
:10F80000CE4908700020D4490880D44908701AE015
:10F81000D1480088401CD0490880084600886428E8
:10F8200011DD00200880C5490870CC480078401CD4
:10F83000CA49087008460078052804DD00200870D1
:10F84000EE20BE490870CFE04FF40071BC4805F0CF
:10F8500061FCB24805F071FB05462946AF48FDF74B
:10F860004FFC0320B5490870BEE0BDA1B44805F0C7
:10F870002EFB40B10420B14908700020B649088031
:10F88000B64908701CE0B4480088401CB2490880A2
:10F8900008460088B0F5FA7F12DD002008800220BB
:10F8A000A6490870AD480078401CAC49087008466D
:10F8B0000078032804DD00200870EE209F490870BE
:10F8C00092E074E04FF400719D4805F023FC142190
:10F8D000A7A0FDF715FC05209849087084E09DA1BC
:10F8E000974805F0F4FA40B10620944908700020CA
:10F8F00099490880994908701BE097480088401C86
:10F900009549088008460088B0F5967F11DD0020F3
:10F91000088004208949087090480078401C8F496D
:10F92000087008460078032803DD0020087083492A
:10F93000087059E04FF40071814805F0EBFB68480E
:10F9400005F0FBFA054629466548FDF7D9FB072077
:10F950007A49087048E08CA1794805F0B8FA40B1BE
:10F960000020764908707C4908807C490870FF2097
:10F9700070BD79480088401C774908800846008897
:10F98000B0F5FA7F12DD0020088006206B49087070
:10F9900072480078401C71490870084600780328B6
:10F9A00004DD00200870EE20644908701CE07848EF
:10F9B000007820B1012806D0022813D10CE00120E4
:10F9C000734908700EE0FFF78CFE0446FF2C02D14D
:10F9D00002206F49087005E00020584908706C4902
:10F9E000087000BF00BF00BF00BF0020C0E710B517
:10F9F0006848007810B1012838D10CE04FF400714C
:10FA00004F4805F087FB082163A0FDF779FB012033
:10FA1000604908702CE063A1494805F058FA40B1EC
:10FA200000205C4908706249088062490880FF2014
:10FA300010BD5F480088401C5D490880084600886A
:10FA4000642812DD00200880524908705948008857
:10FA5000401C5849088008460088052805DD00201C
:10FA600008804C490870EE20E2E701E0EE20DFE775
:10FA700000BF0020DCE72DE9F0410746884600245E
:10FA80004D480078D8B94DA12D4805F020FA04461C
:10FA9000A4B14CA1204605F01AFA451C47A12848FC
:10FAA00005F015FA04464CB1601D05F003FA86B264
:10FAB0003146284601F087FF00BF00BF00BF00BFEE
:10FAC0000020BDE8F0810000EC080020640900205F
:10FAD000620900208401224267090020ED0800200D
:10FAE00000A80020313138383300000033392E3976
:10FAF000362E31302E3235300000000041542B4379
:10FB0000495053544152543D22544350222C2225F3
:10FB100073222C25730D0A004109002064A80020DF
:10FB200041542B43574A41503D222573222C222514
:10FB300073220D0A000000006609002068090020F9
:10FB400098A0002041542B43574D4F44453D310D63
:10FB50000A0000004F4B00006A09002069090020DC
:10FB60005749464920434F4E4E45435445440000B3
:10FB700041542B434950534E54504346473D312C3A
:10FB80002D380D0A00000000434F4E4E45435400EF
:10FB90006C0900206D09002041542B474D520D0A7D
:10FBA0000000000057524F4F4D2D3332000000002F
:10FBB000700900206E090020720900202B49504472
:10FBC0002C0000003A0000000020704770B5064687
:10FBD0000D46FD4880680A2801D1002070BD4FF411
:10FBE0004370F3F726FC04460CB90020F6E72581A4
:10FBF0002A46314604F10A00F3F734FBF248006864
:10FC000050B9002060602060EF4804604460806864
:10FC1000401CED4988600DE000206060EA484068C3
:10FC20004460E94840682060E74844608068401CC0
:10FC3000E5498860FF20D1E7E348006808B9002063
:10FC40007047E14800680830FAE710B5DE48006800
:10FC500008B9002010BDDC4804680068406820B185
:10FC60000020D949096849680860D7480068406899
:10FC7000D549086008468068401E88602046F3F732
:10FC8000C8FBFF20E6E710B5D048007800B910BDEA
:10FC9000CF480078032859D005DC48B1012813D09B
:10FCA000022877D131E0042866D0EE28F9D183E02C
:10FCB000FFF7C2FFC74908600846006800B9E6E7D9
:10FCC0000120C349087080E04FF40071C24805F07C
:10FCD00021FA4FF40071C14805F01CFA4021C048D8
:10FCE00005F03AFABB4800680288BEA1BC4804F09F
:10FCF00059FFBB4805F021F904462146B848FDF7F5
:10FD0000FFF90220B24908705FE0BAA1B24805F0DD
:10FD1000DEF840B10320AE4908700020B6490870F3
:10FD2000B649088011E0B5480088642805DAB34870
:10FD30000088401CB149088007E00020AF490880D6
:10FD4000AD4908700320A24908703EE04FF40071ED
:10FD5000A14805F0DFF94FF40071A04805F0DAF989
:10FD60009C48006801889B480068801CFDF7C8F922
:10FD700004209749087028E0A1A1974805F0A7F84A
:10FD800048B1EE209249087000209B4908709B49B9
:10FD9000088010E016E099480088642805DA974842
:10FDA0000088401C9549088005E0002093490880A0
:10FDB000EE208749087008E0FFF747FF00208449DC
:10FDC000087000BF00BF00BF00BF00BF00BF5EE7FC
:10FDD00070B504460D4629462046FFF7F7FEFF2082
:10FDE00070BD30B585B000248748006841F270715D
:10FDF000884205D284480068401C8349086091E22B
:10FE00008248007830B1012814D0022872D003282B
:10FE100071D139E200206D4908704FF400716E48CD
:10FE200005F078F911217AA0FDF76AF901207749E8
:10FE3000087076E2AFF2E421674805F048F8002840
:10FE40007ED078A1644805F042F80446002C78D0B2
:10FE5000113478A1604805F03AF818B101208DF806
:10FE60000E0063E074A15C4805F031F818B102207F
:10FE70008DF80E005AE071A1574805F028F818B126
:10FE800003208DF80E0051E06DA1534805F01FF8D6
:10FE900018B104208DF80E0048E06AA14E4805F024
:10FEA00016F818B105208DF80E003FE066A14A480B
:10FEB00005F00DF818B106208DF80E0036E063A1AC
:10FEC000454805F004F818B107208DF80E002DE024
:10FED0005FA1414804F0FBFF18B108208DF80E0027
:10FEE00024E05CA13C4804F0F2FF28B109208DF821
:10FEF0000E001BE0BBE113E258A1374804F0E7FF16
:10FF000018B10A208DF80E0010E055A1324804F017
:10FF1000DEFF18B10B208DF80E0007E051A12E482E
:10FF200004F0D5FF10B10C208DF80E009DF80E00E6
:10FF30000C281BDD00204C4908803449087001E082
:10FF400074E16AE149480078401C48490870084655
:10FF50000078032808DD002008702C4908702A4921
:10FF6000086001201949087005B030BD241D617872
:10FF700030392278303A02EB820201EB4200C1179D
:10FF800000EBD1614911A0EB4111C9B28DF80F10FE
:10FF90009DF80F001F286CDD0020334908801B49A5
:10FFA000087032480078401C3049087008460078D4
:10FFB000032808DD00200870144908701249086001
:10FFC000012002490870CFE7C8A80020610900207D
:10FFD000730900207809002098A00020988800204C
:10FFE000D4A8002041542B43495053454E443D254D
:10FFF000640D0A003E00000074090020760900200C
:020000040801F1
:1000000053454E44204F4B00800900207C090020BE
:1000100041542B434950534E545054494D453F0D84
:100020000A0000002B434950534E545054494D454B
:100030003A0000004A616E00466562004D61720040
:10004000417072004D6179004A756E004A756C000E
:100050004175670053657074000000004F637400C1
:100060004E6F7600446563007E0900207D09002004
:10007000FFE7E41C607830382178303901EB8101EA
:1000800000EB4100182190FBF1F201FB1200C0B21D
:100090008DF810009DF81000172817DD0020DF49AB
:1000A0000880DF490870DF480078401CDD4908708F
:1000B00008460078032808DD00200870D849087039
:1000C000D94908600120D94908704DE7E41C6078DF
:1000D00030382178303901EB810100EB41003C21BF
:1000E00090FBF1F201FB1200C0B28DF811009DF8F7
:1000F00011003B2817DD0020C8490880C849087056
:10010000C8480078401CC749087008460078032892
:1001100008DD00200870C2490870C349086001204A
:10012000C249087020E7E41C607830382178303903
:1001300001EB810100EB41003C2190FBF1F201FB5E
:100140001200C0B28DF812009DF812003B2817DD96
:100150000020B2490880B2490870B2480078401CBB
:10016000B049087008460078032808DD00200870B0
:10017000AB490870AC4908600120AC490870F3E64F
:10018000E41C607830382178303901EB810100EBD4
:100190004100642190FBF1F201FB120000F5FA60CE
:1001A00080B2ADF80C00BDF80C0040F63301884277
:1001B00017DD00209949088099490870994800780E
:1001C000401C9849087008460078032808DD002084
:1001D0000870934908709449086001209349087099
:1001E000C2E603A801F0F9FDBDF80C00642190FB04
:1001F000F1F201FB1200C5B29DF812009DF811103A
:100200009DF81020CDE9002102909DF80F209DF867
:100210000E100023284603F027F8022080490870BA
:1002200000207E4908807F4908701FE07B480088D5
:10023000401C7A49088008460088B0F5967F15DD95
:10024000002008807649087076480078401C75497F
:10025000087008460078032808DD002008707049FF
:1002600008707149086001207049087059E04FF426
:1002700000716F4804F04EFF0B216EA0FCF740FFA9
:100280000320674908704CE0AFF23871684804F009
:100290001EFE18B36AA1664804F019FE044684B134
:1002A00069A1634804F013FE044654B1241D20786C
:1002B000342803DD00206649087002E0012064490B
:1002C0000870002056490870544908805549087044
:1002D0005549086001205549087020E04F480088C2
:1002E000401C4E49088008460088B0F5967F16DD10
:1002F0000020088002204A4908704A480078401CC3
:100300004849087008460078032808DD0020087076
:10031000434908704449086001204449087000E0DE
:1003200000BF00BF00BF1FE610B5002449480068A9
:10033000B0F5FA7F05D247480068401C454908607F
:1003400062E04548007810B101285BD10FE0002041
:10035000364908704FF40071354804F0DBFE0B217C
:1003600034A0FCF7CDFE01203B4908704BE0AFF60E
:100370001C012F4804F0ABFD18B331A12C4804F048
:10038000A6FD044684B130A1294804F0A0FD04462E
:1003900054B1241D2078342803DD00202C49087036
:1003A00002E001202A49087000202B4908702B49DF
:1003B00008802B4908702749086001201B490870F4
:1003C0001FE026480088401C244908800846008811
:1003D000B0F5967F15DD002008801F490870204881
:1003E0000078401C1E49087008460078032808DD84
:1003F00000200870184908701649086001200B4950
:10040000087000E000BF00BF10BD10B5FFF73BFC57
:10041000FCF773FF08B1FFF7E4FC10BD7E09002074
:100420007C0900207D09002080090020610900204E
:1004300098A0002041542B43574A41503F0D0A00D9
:100440002B43574A41503A002C312C2D000000001C
:10045000EC0800208809002084090020860900207B
:1004600085090020F748007A704770B50546F548C1
:10047000046808E0294604F10B0004F095FE08B971
:10048000204670BD6468002CF4D10020F9E770B5F7
:1004900005462846FFF7E9FF04460CB9002070BD69
:1004A00004F10800FBE770B5054635B1288820B196
:1004B000A878022801DCE81C20B900BF00BF4FF07B
:1004C000FF3070BDDF48007A012804DB00BF00BFA9
:1004D0006FF00100F5E7E81CFFF7D9FF064626B1EB
:1004E000A878B0706FF00200EBE74C20F2F7A1FFA4
:1004F000044624B900BF00BF6FF00300E1E74422C7
:10050000294604F10800F2F7ADFECE48006850B964
:10051000002060602060CB4804604460007A401C8A
:10052000C84908720DE000206060C6484068446019
:10053000C44840682060C3484460007A401CC149F8
:100540000872FF20BDE770B505462846FFF78DFF0E
:10055000044624B900BF00BF4FF0FF3070BDB9485A
:10056000007A01280AD1B7480068B649496888422C
:1005700004D10020B349086048601BE0B14800681E
:10058000A04206D1AF496068086000200968086091
:1005900010E0AC484068A04206D1AA4920684860F3
:1005A00000204968486005E0D4E900104860D4E9BB
:1005B00000010860A348007A401EA2490872204644
:1005C000F2F727FFFF20C9E770B505460026442053
:1005D000F2F72FFF04460CB9701E70BD27229AA1B6
:1005E000E01CF2F73FFE1822294604F11200F2F750
:1005F00039FE272020800120A0702046FFF753FFFE
:100600000646002E05DA2046F2F703FF6FF00100E0
:10061000E3E7FF20E1E730B50346002014E0141AB9
:10062000641E0C5D8C4D05EB1414247803F8104007
:10063000141A641E0C5D04F00F042C5D012505EBFB
:1006400040055C55441CE0B29042E8DB30BD834875
:10065000D0E90020521C40F100008049C1E900208F
:1006600003C9704700B58FB014227DA10AA804F019
:100670001FFDFFF7ECFFCDE9080106A801F094FB90
:10068000082208A90AA8FFF7C6FF00207949C884F4
:100690004FF480717748283004F03CFD9DF81E002F
:1006A0009DF81D109DF81C209DF81B30CDE90232ED
:1006B000CDE904109DF81A00BDF818100AAB6E4A77
:1006C000CDE900106D49A2F5847004F06BFA694819
:1006D000283004F032FC6749C884FF200FB000BD09
:1006E00070B5054600243C20624908800846C07861
:1006F00020F00200801CC87004208870A1F8280136
:1007000004225FA15C48801FF2F7ACFD1820594914
:10071000A1F82E015848F4F7F2FA5648C07820F0B4
:10072000800080305349C8700820A1F85401082285
:1007300055A151482630F2F795FD4E48C07820F07B
:10074000400040304B49C8700C20A1F860010C22D9
:1007500050A149483230F2F785FD4648C07820F074
:1007600004004449C8700846C07820F01800C870DA
:100770000846C07820F02000C8700C2088800C2229
:1007800048A13C48801DF2F76DFD70BD10B50020FA
:100790003849C8844FF480713648283004F0BAFCD8
:1007A0003448C07820F018003249C8700846C07834
:1007B00020F02000C8700846C07820F00400C870FF
:1007C00010BD10B5FFF74EFF2A48C07820F0180082
:1007D0002849C8700846C07820F02000C870084634
:1007E000C07820F00400001DC87010BD21490880A9
:1007F00070472049887070471E48C07820F002007A
:10080000801C1C49C87070471A48C07820F002004C
:100810001849C87070471748C07820F04000154943
:10082000C87070471348C07820F04000403011492C
:10083000C87070470F48C07820F080000D49C8701C
:100840007047000084AA0020636F6E74726F6C6C36
:1008500065725F6D73672F0090090020A00900206A
:100860004646464646464646464646464646464628
:100870000000000014A9002044AA0020EC83010815
:100880004D515454000000007465726D696E616CC6
:100890000000000076656E64696E67313233303671
:1008A000000000007465726D696E616C5F6D736746
:1008B000000000000848C07820F080008030064921
:1008C000C870704710B504462046FFF77DFE2046ED
:1008D000FFF706FF10BD000014A90020E248807851
:1008E0007047E148807820B10020DF494860C87037
:1008F00010E0DD48406842F6E061884207D2DA48FD
:100900004068401CD84948600020C87002E00120BF
:10091000D549C87070470178D44A11704188518018
:1009200081889180704710B5D048007818B3CF48BF
:100930004088B0F57A7F02DD0020CB490870CB48B3
:10094000418880880A3000EBC00202EB0010B1EB56
:10095000800F05DAC5484088401CC44948800AE039
:100960000020C24908700120BF4908700020BF491B
:100970004880F2F791FD10BD70B592B005460C4667
:1009800016468DF80660ADF80440224629460DF162
:100990000700F2F767FC01A8FFF785FD12B070BDF4
:1009A00042F6E060B04948600120C87070470020FE
:1009B000AD4988704870AE4908704880887400213D
:1009C000AB4881820020AA4988720021A848818111
:1009D000704700B5FFF7E4FFFFF7E9FF00BD012016
:1009E000A1490870704700209F490870704710B5F2
:1009F0009D48007800B910BD9B48407806286FD00C
:100A000005DC17D2DFE800F010162F356E740928C8
:100A100067D004DC072879D008280BD1D5E012284C
:100A200009D01F28F9D10CE1FCF767FC10B10220B6
:100A30008D4948700DE18F480068B0F57A7F05D286
:100A40008C480068401C8B49086005E000208949FB
:100A500008600220844948708548007810B103205E
:100A600081494870F5E001F02AF903207E49487079
:100A7000EFE07F48007888B17B48C07818B1042047
:100A80007949487004E00620774948700120887051
:100A90000020784908607849087020E075480068AF
:100AA000B0F57A7F05D273480068401C7149086030
:100AB00015E000206F4908606F480078022808DAC6
:100AC0006D480078401C6C490870022066494870E7
:100AD00005E0002068490870082063494870B8E0C4
:100AE0003AE07DE001F00CF905205F494870B0E084
:100AF0005F48807A58B101205B49887006204870B1
:100B000000205C4908605C49087024E02AE05948EC
:100B10000068B0F57A7F05D256480068401C5549F8
:100B2000086018E000205349086053480078032803
:100B300008DA51480078401C4F49087004204A499F
:100B4000487008E000204A49087002204649487071
:100B50000020494908707CE001F07EF807204249F6
:100B6000487076E043480068B0F57A7F05D2414886
:100B70000068401C3F49086026E000203D490860AD
:100B80003B48807C40B100203B490870384988745C
:100B900006203549487017E037480078062808DAFB
:100BA00035480078401C3449087006202E494870AA
:100BB0000AE000202E49087088722B4988702E495F
:100BC00008701F202849487043E001F057F80920B9
:100BD0002549487042F6E06048600120C87038E05E
:100BE0002348007850B1002022490860224908704B
:100BF0001F49087002201C49487021E01D48006808
:100C0000B0F57A7F05D21B480068401C194908607E
:100C100016E000201749086017480078012808DA14
:100C200015480078401C1449087008200E49487087
:100C300006E00020104908701F200B494870DAE6D2
:100C400007E0F9F7BCFDFCF7D5FA0020064948702B
:100C500000BF00BF00BFCEE610B5FFF742FEFFF7B2
:100C600062FEFFF7C4FE10BDB0090020A8090020F5
:100C700012AB0020B8090020BC0900202DE9F0418A
:100C800006460D465020F2F7D4FB044614B9002066
:100C9000BDE8F08100202070A07000F037F8A0803F
:100CA00000206070184804F048F9E080164804F00D
:100CB00044F907463A46144904F10800F2F7D2FA1B
:100CC000A4F84850B4F84800F2F7B3FBE064E06CD5
:100CD00010B92046F2F79DFB2A463146E06CF2F748
:100CE000C1FA204601F024F8E06CF2F792FB2046AE
:100CF000F2F78FFB00BFCBE770B504460D462946DF
:100D0000204601F043F970BD90AA0020FE480088FB
:100D1000401CFD490880084600887047F0B5002255
:100D20000023002600240546C71700EB5767C7F3CA
:100D3000C7121546D71702EB5767FB111D46DF1781
:100D400003EB5767FE110546C71700EB5767FF1106
:100D5000A0EBC717FCB2012E0CDB44F080050D7030
:100D600042F080054D7043F080058D70CE700425F3
:100D70000D7117E0012B09DB44F080050D7042F086
:100D800080054D708B7003250D710BE0012A06DB89
:100D900044F080050D704A7002250D7102E0087064
:100DA00001250D71F0BD0020D849B1F82811083196
:100DB000D64AB2F82E21114488B2D449C978C1F379
:100DC000800139B1D1498988091DD04AD28C11449A
:100DD000014488B2CD49C978C90929B1CB49B1F8D4
:100DE0005411891C014488B2C849C978C1F38011E3
:100DF00029B1C649B1F86011891C014488B2704715
:100E000070B50446FFF7CFFF05462146FFF786FF82
:100E100070BD1CB500246846FFF7F2FFFFF7C3FF63
:100E20009DF80410491C084484B220461CBD7CB5C2
:100E30000546002410202855641C6846FFF7E0FF93
:100E4000002606E01DF806002855601C84B2701CC0
:100E5000C6B29DF80400B042F4DCAC49B1F82801F8
:100E6000C11700EB1161C1F307212955601C84B241
:100E7000A649B1F82801C11700EB11610912A0EBD6
:100E800001212955601C84B2A049B1F828212819F4
:100E900001F59571F2F7E6F99C48B0F82801204475
:100EA00084B29A4880782855601C84B2281901229F
:100EB0009649C91CF2F7D6F9601C84B29349088898
:100EC000C11700EB1161C1F307212955601C84B2E1
:100ED0008E490888C11700EB11610912A0EB0121AE
:100EE0002955601C84B28949B1F82E01C11700EB65
:100EF0001161C1F307212955601C84B28349B1F8FF
:100F00002E01C11700EB11610912A0EB0121295537
:100F1000601C84B27D49B1F82E21281901F5987121
:100F2000F2F7A0F97948B0F82E01204484B277484E
:100F3000C078C0F3800000283DD074498888C1176C
:100F400000EB1161C1F307212955601C84B26F4980
:100F50008888C11700EB11610912A0EB0121295506
:100F6000601C84B269498A882819891DF2F77AF9C8
:100F700066488088204484B26449C88CC11700EB5D
:100F80001161C1F307212955601C84B25F49C88CE7
:100F9000C11700EB11610912A0EB01212955601C5A
:100FA00084B25A49CA8C28192831F2F75BF957489C
:100FB000C08C204484B25548C078C00918B3534946
:100FC000B1F85401C11700EB1161C1F30721295594
:100FD000601C84B24D49B1F85401C11700EB116196
:100FE0000912A0EB01212955601C84B24749B1F8D0
:100FF0005421281901F5AB71F2F734F94348B0F8E0
:101000005401204484B24148C078C0F3801018B322
:101010003E49B1F86001C11700EB1161C1F307212E
:101020002955601C84B23949B1F86001C11700EB41
:1010300011610912A0EB01212955601C84B23349CA
:10104000B1F86021281901F5B171F2F70BF92F48B9
:10105000B0F86001204484B220467CBD0420704773
:1010600010B50246002040231354401C02231354A1
:10107000401C0B46CC1701EB1464C4F30724145432
:10108000401CCC1701EB14642412A1EB042414546B
:10109000401C10BD01460020CA88921CB1F848309F
:1010A0001A4490B20A78002A01DD821C90B270477F
:1010B00070B504460D462046FFF7ECFF064629466C
:1010C000FFF72CFE70BD7CB5044669462046FFF74D
:1010D000EFFF2046FFF7DEFF9DF80410491C08448F
:1010E00085B228467CBD2DE9FC4106460D46002709
:1010F000002469463046FFF7DBFF30202855307862
:10110000012809D1285D03E0BE09002014A90020B0
:1011100040F00200285509E03078022804D1285D0B
:1011200040F00400285501E0285D2855B0780128DA
:1011300004D1285D40F00800285501E0285D2855BD
:101140007078012804D1285D40F00100285501E0A5
:10115000285D2855601C84B2002706E01DF80700B2
:101160002855601C84B2781CC7B29DF80400B842B0
:10117000F4DCF088C11700EB1161C1F30721295598
:10118000601C84B2F088C11700EB11610912A0EB5A
:1011900001212955601C84B2F288281906F1080142
:1011A000F2F760F8F088204484B2307890B1B088CB
:1011B000C11700EB1161C1F307212955601C84B2EE
:1011C000B088C11700EB11610912A0EB012129556C
:1011D000601C84B2B6F848202819F16CF2F742F886
:1011E000B6F84800204484B22046BDE8FC810020C7
:1011F0003D4A1168022004E00A89D21C024490B2E0
:1012000049680029F8D1704770B50446FFF7EFFF31
:1012100005462146FFF782FD70BD1CB500246846D7
:10122000FFF7F2FFFFF7E3FF9DF80410491C0844A5
:1012300084B220461CBD2DE9FC41054600242A4805
:101240000668FFF763FD07466846FFF7DDFF82206B
:101250002855641C4FF0000808E01DF808002855C8
:10126000601C84B208F1010000F0FF089DF8040042
:101270004045F2DC3846F91707EB1161C1F307214D
:101280002955601C84B23846F91707EB1161091221
:10129000A7EB01212955601C84B220E03089C117D9
:1012A00000EB1161C1F307212955601C84B230891C
:1012B000C11700EB11610912A0EB01212955601C37
:1012C00084B23289281906F10B01F1F7CBFF30897E
:1012D000204484B2B07A2855601C84B27668002E0F
:1012E000DCD12046BDE8FC8184AA00209449088016
:1012F000704794484078934A1278904205D19148BB
:101300004088142801D1002070478E480278001DC3
:1013100050F822100022001F0378001D40F82320FF
:10132000001F0078401C874A107010464088401CFF
:10133000508010460078142801D100201070084613
:10134000E2E770B5054600247E4840787D4909787B
:10135000884209D17B48408830B9FFF7CAFF04466C
:1013600014B12046F2F755F876484178001D40F850
:101370002150001F4078401C724948700846408840
:10138000401E488008464078142801D1002048704B
:10139000012070BD6C4840786B4A1278904205D1AC
:1013A00069484088142801D10020704766480278B7
:1013B000001D50F822100022001F0378001D40F885
:1013C0002320001F0078401C5F4A107010464088A0
:1013D000401C508010460078142801D10020107065
:1013E0000846E2E770B5054600245748407856495C
:1013F000097888420ED15448408858B9FFF7CAFF8F
:1014000004463CB1E06C10B1E06CF2F702F8204603
:10141000F1F7FFFF4C484178001D40F82150001FB4
:101420004078401C4849487008464088401E488023
:1014300008464078142801D100204870012070BD72
:1014400041484078404A1278904205D13E48408851
:10145000142801D1002070473B480278001D50F845
:1014600022100846F7E710B5002438480068B0F5A8
:10147000FA7F05D235480068401C3449086010BD29
:10148000002032490860FFF7DBFF0446002C41D002
:101490002B480088A18888420CD1FFF77BFF0446C7
:1014A0003CB1E06C10B1E06CF1F7B3FF2046F1F70E
:1014B000B0FFE4E7F9F7D3F928B1204600F038FC93
:1014C000E078401CE070E07814280CDDFFF762FF44
:1014D00004463CB1E06C10B1E06CF1F79AFF204695
:1014E000F1F797FFCBE72078012806D104F1080037
:1014F00018B1E08808B1E06C60B9FFF74BFF044613
:101500003CB1E06C10B1E06CF1F783FF2046F1F7DD
:1015100080FFB4E700BFB2E710B50024FFF7E9FE93
:1015200004462CB1208800F01EFC2046F1F771FF24
:1015300010BD10B5FFF797FFFFF7EEFF10BD0000DD
:10154000C0090020C4090020180A00206C0A0020ED
:1015500010B502460B461146042B02D3887840088A
:1015600010B14FF0FF3010BD887800F00100F94C49
:101570002071C8786071C87810B16FF00100F2E78F
:101580000120F44C2070FF20EDE770B504460D46B5
:101590002646042D01D2012070BDEE48C088401CB3
:1015A000EC49C880F178B07801EB002081B2E948BD
:1015B000018101460889FFF799FEFF20ECE72DE93C
:1015C000F04106460F463546FEF74CFF804608F1CF
:1015D0000400B84203D94FF0FF30BDE8F081DD4888
:1015E0008089401C81B2DB488181E978A87801EBD1
:1015F000002081B2D748C18100240DE0281D015D83
:10160000D44810300155281D005D802802D16FF0AC
:101610000100E2E7601CC4B24445EFDB0120CD4984
:101620008872FF20D9E70246022902DA4FF0FF3024
:101630007047507810B16FF00100F9E70120C54BF9
:1016400098741846808A401C83B2C2488382FF2067
:10165000EEE770B504460D4620783A283AD008DC0B
:1016600020280FD0302831D0322831D0332837D13C
:1016700032E03B2832D040280DD0902814D0D0281A
:101680002ED11AE029462046FFF762FF002801DD2F
:10169000202070BD26E029462046FFF776FF00286F
:1016A00001DD4020F5E71DE029462046FFF787FFD2
:1016B000002801DD9020ECE714E029462046FFF7E2
:1016C000B2FF002801DDD020E3E70BE03020E0E7A7
:1016D0003220DEE73A20DCE73320DAE73B20D8E7A8
:1016E0000020D6E700BF0020D3E710B50246002156
:1016F00000200023491C545C04F08004002C2ED0F0
:10170000545C04F07F040444A0B24C1CA1B2545CAD
:1017100004F08004ECB1545C04F07F0400EBC414CA
:10172000A0B24C1CA1B2545C04F080045CB1545CC7
:1017300000EB8434A0B24C1CA1B2545C00EB4454C6
:10174000A0B204230DE00323545C00EB8434A0B268
:1017500007E00223545C00EBC414A0B201E00123B3
:10176000505C10BD024600210020491C535C03F070
:1017700080039BB14B1C99B2535C03F080035BB1B7
:101780004B1C99B2535C03F080031BB14B1C99B204
:10179000042004E0032002E0022000E00120704762
:1017A0002DE9F04307468846144600250026A94641
:1017B0002046FFF7D7FF0646042E02DD0120BDE8D4
:1017C000F083601C30444178601C805D01EB002098
:1017D0001FFA80F9C14501D00220F0E700250AE098
:1017E000795D601C3044801C405D814201D0032043
:1017F000E5E7681C85B24D45F2DB0020DFE72DE907
:10180000F04180460C46002500272046FFF7AAFF3E
:101810000546042D02DD0020BDE8F081601C28444F
:101820004178601C405D01EB0020C7B2B8F1010FA8
:1018300018D10220F1F7FDFD064676B1601C284460
:10184000801C38444178601C2844801CC05D01EB3A
:10185000002030803046FFF774FDE81C3844801CBF
:10186000044402E0E81C384404442046D4E701461E
:1018700039484078384A1278904204D13648408836
:1018800008B9FF20704734484278001D40F8221004
:10189000001F4078401C304A507010464088401E5F
:1018A000508010464078202801D10020507001203F
:1018B000E8E729484078284A1278904205D126481E
:1018C0004088202801D10020704723480278001D5D
:1018D00050F822100022001F0378001D40F823203A
:1018E000001F0078401C1C4A107010464088401CA5
:1018F000508010460078202801D100201070084642
:10190000E2E700B5FFF7D5FF00BD2DE9F041054640
:1019100000240026284603F010FB0746F1F789FD56
:10192000044614B90120BDE8F081284603F005FB08
:1019300007463A4629462046F1F794FC2046FFF731
:1019400096FF0646FF2E09D114B12046F1F761FD3E
:101950000220E8E712AB0020700A00200020E2E736
:1019600070B50446002500262046FFF7FBFE05461D
:10197000042D01DD002070BD601C28444178601CEE
:10198000405D01EB0020C6B23046F4E72DE9F0419E
:1019900004460D464FF00008002600272846FFF7B2
:1019A000A4FE06462846FFF7DBFF074624B9B81C0D
:1019B000301A1FFA80F803E0381D301A1FFA80F839
:1019C0004046BDE8F0812DE9FF5F05460C46002644
:1019D00000270020039082468146029080460190B5
:1019E000FBF78BFC18B9002004B0BDE8F09F2DE197
:1019F000002C01DC3046F7E72846FFF776FE03901F
:101A00002846FFF7AFFE8246BAF1040F03DD6D1CD6
:101A1000601E84B21AE10AF10100039908441FFA1A
:101A200080F9A14503DD6D1C601E84B20EE1E1B2B8
:101A30002846FFF70EFE029002983B287DD00CDC72
:101A400032287BD004DC202810D0302877D112E057
:101A500033287FD03A28F9D17DE0402807D090285C
:101A600006D0B02805D0D028F0D103E0E4E0E3E0D0
:101A7000E2E0E1E0E0E0764A12681189744A126817
:101A800002F10B002A46FFF78BFE0190704A1268A4
:101A900011896F4A126802F10B002A46FFF780FE97
:101AA00098B929460020FFF7AAFE07460FB9022081
:101AB0009AE73846FFF729FF8046B8F1000F01D0BA
:101AC000032091E7701CC6B242E0614A1268526876
:101AD00011895F4A1268526802F10B002A46FFF72B
:101AE0005FFE98B929460020FFF789FE07460FB927
:101AF000022079E73846FFF708FF8046B8F1000F6B
:101B000001D0032070E7701CC6B221E0514803F0F9
:101B100014FA1FFA80FB2A4659464E48FFF740FE4A
:101B200090B929460020FFF731FF8346294600205F
:101B3000FFF765FE5946009003E00DE009E074E010
:101B400008E0FFF7D9F803E06D1C601E84B27DE069
:101B500072E000BF00BF00BF3D4A126811893C4AD5
:101B6000126802F10B002A46FFF71AFE0190384A6C
:101B700012681189364A126802F10B002A46FFF7F3
:101B80000FFE98B929460120FFF739FE07460FB925
:101B9000022029E73846FFF7B8FE8046B8F1000F6B
:101BA00001D0032020E7701CC6B23DE0284A12682D
:101BB00052681189264A1268526802F10B002A46BF
:101BC000FFF7EEFD98B929460120FFF718FE0746FA
:101BD0000FB9022008E73846FFF797FE8046B8F1B4
:101BE000000F01D00320FFE6701CC6B21CE01948AC
:101BF00003F0A3F91FFA80FB2A4659461548FFF760
:101C0000CFFD68B929460120FFF7C0FE834629466B
:101C10000120FFF7F4FD59460090FFF76DF803E04F
:101C20006D1C601E84B211E006E0002C03DD6D1C0B
:101C3000601E84B20AE000BF00BF4D44A4EB09005F
:101C400084B2002003908246814600BFD0E60000A7
:101C500084AA0020D0AA002008B550A000680090F7
:101C600002216846FBF748FC08BD08B54CA0006897
:101C7000009002216846FBF73FFC08BD70B50024C8
:101C800000254848C078C0F3800008B1FEF7EAFCA0
:101C9000FFF7BFF805462846F1F7CBFB044604B929
:101CA00070BDFEF7A9FD2046FFF7C1F82946204682
:101CB000FBF722FC2046F1F7ACFB00BFF0E770B564
:101CC00000240025FEF7A0FD3648C078C0F3800050
:101CD00008B1FEF7C7FCFFF79CF805462846F1F768
:101CE000A8FB044604B970BD2046FFF7A0F82946BA
:101CF0002046FBF701FC2046F1F78BFB00BFF2E723
:101D000070B500240025FFF788FA05462846F1F74C
:101D100090FB044604B970BD2046FFF78CFA2946B3
:101D20002046FBF7E9FB2046F1F773FB00BFF2E723
:101D300070B50646002400253046FFF7C4F9054675
:101D40002846F1F776FB044604B970BD21463046BB
:101D5000FFF7C9F929462046FBF7CEFB2046F1F7ED
:101D600058FB00BFF1E770B5044600250026FFF7D9
:101D700075F906463046F1F75CFB054605B970BDBE
:101D800021462846FFF76CF931462846FBF7B4FB9D
:101D90002846F1F73EFB00BFF1E70000C00000005D
:101DA000E000000014A900203EB504466846F6F79E
:101DB00043FE9DF80200A0719DF8010060719DF83E
:101DC000000020719DF80700E0709DF80600A070EB
:101DD000BDF80400208000203EBD7CB50446A079FB
:101DE0006179CDE900102379E278A1782088F6F7AF
:101DF0000BFE00207CBD1CB5024600BF93798C7998
:101E0000A34206DB93798C791B1BDBB28DF806307D
:101E10000AE08B79C3F13C0394792344DBB28DF85B
:101E2000063053795B1E537153794C79A34206DB1C
:101E300053794C791B1BDBB28DF805300AE04B79E6
:101E4000C3F13C0354792344DBB28DF80530137998
:101E50005B1E137113790C79A34206DB13790C799D
:101E60001B1BDBB28DF8043007E00B79C3F11803BC
:101E700014792344DBB28DF804309DF80430C3EBB1
:101E800003139B00C3EB03139B009DF80540C4EBB9
:101E9000041403EB84039DF8064018191CBD024688
:101EA00010790B79984201DD0120704710790B7988
:101EB000984202DA4FF0FF30F7E750794B799842B9
:101EC00001DD0120F1E750794B79984202DA4FF0B9
:101ED000FF30EAE790798B79984201DD0120E4E751
:101EE00090798B79984202DA4FF0FF30DDE70020DD
:101EF000DBE70146088840F63402904204DC08889B
:101F000040F2E372904202DA4FF0FF307047887877
:101F10000C2802DC8878012802DA4FF0FF30F5E760
:101F2000C8781F2802DCC878012802DA4FF0FF3099
:101F3000ECE70879172802DC0879002802DA4FF06C
:101F4000FF30E3E748793C2802DC4879002802DAD0
:101F50004FF0FF30DAE788793C2802DC88790028E6
:101F600002DA4FF0FF30D1E70020CFE710B5064886
:101F7000FFF71AFF0448008840F2E371884201DA53
:101F8000012010BD0020FCE7F40A002070B50546D2
:101F90000C46F948007808B1FF2070BD2046F1F7E3
:101FA00048FAF54988600846806808B9FF20F4E7D8
:101FB000F149224688682946F1F754F90120EE4993
:101FC000087000BFE9E7EC48007808B900207047C6
:101FD0000020E949087008468068F8E710B5E7492D
:101FE0000868F1F716FAE5494868F1F712FAE3498B
:101FF0008868F1F70EFAE249886CF1F70AFA10BD29
:102000002DE9F04104460E461546DD48007810B92A
:10201000DB48407810B10020BDE8F081206820B195
:10202000606810B1A06800B10DB9FF20F4E7206826
:1020300002F083FF0746F1F7FCF9D04908606068B9
:1020400002F07BFF0746F1F7F4F9CC494860A0683D
:1020500002F073FF0746F1F7ECF9C84988604FF4C6
:102060000170F1F7E6F9C6498864C448806840B158
:10207000C248406828B1C148006810B10846806C69
:1020800018B9FFF7ABFFFE20C6E7206802F055FF46
:102090000746BA4A216810683A46F1F7E3F86068E3
:1020A00002F04BFF0746B54A616850683A46F1F7BF
:1020B000D9F8A06802F041FF0746B04AA1689068CD
:1020C0003A46F1F7CFF8142204F10C01AB480C307A
:1020D000F1F7C8F8AA48C56186610120A8490870CF
:1020E00000BF99E738B5FEF7F9FB00B938BDA44841
:1020F000007818B9A248407800B9F7E7A0480078FE
:1021000018B900209E494870D8E19D4840780628BB
:102110007ED2DFE800F003466173D3FD974948683B
:1021200098A102F0D4FE40B39448816897A003F0D0
:102130003BF870B10120924948709649904841643B
:1021400000210164806958B38D488169383088471F
:1021500026E0FFF743FF8F49663189484164022139
:102160000164806918B18648816938308847002049
:10217000834908700520487012E0FFF72FFF85495A
:1021800065317F48416402210164806918B17C484F
:1021900081693830884700207949087005204870E7
:1021A0008BE1F1F725FA00217548C16281620020B8
:1021B000734908620021724841620163806C001D0E
:1021C0006F4948630020896C08806D49896C48809C
:1021D00002206B49487070E100216948C162816248
:1021E00000206749086200216548416201630320BD
:1021F0006349487000204861C86000BF604840697A
:10220000802847DA5E484069401C5D49486100E02B
:102210004EE15A48C068896B401AB0F5007F0AD277
:102220005648C0685649896B401A5549896B08441D
:102230005349886005E05248806B00F500705049B2
:1022400088604F48C0694E4C0090A468631E4C4C97
:10225000A26B4A4C2168606800F03AF9401C98B9BA
:10226000FFF7BCFE4B4967314548416402210164D8
:10227000806918B142488169383088470020404958
:1022800008700520487018E004203D49487000207F
:10229000C86012E0FFF7A2FE3E4968313848416449
:1022A00002210164806918B1354881693830884756
:1022B00000203349087005204870FEE03048C068AF
:1022C0000A2869DA2E48C068401C2D49C860FFF70B
:1022D0007AFE0446002C7DD029492031204600F0AA
:1022E0002BF9C5B22046F1F794F8281D062872D2C2
:1022F000DFE800F0C3BFBBB7C7032148006A1F492E
:10230000C968884268D11E48806A1D49896800E012
:10231000BDE08842F6D11A48406A1949896B884263
:10232000F0D11748816BC06A08441449C9688842D3
:1023300052D81348816BC06A084411498863084623
:10234000808D896C48800E49886CF1F757F920BB65
:10235000FFF744FE0F4969310948416402210164D5
:10236000806918B1064881693830884700200449DF
:10237000087005204870B9E694AB002028AB002017
:1023800048AB002058594A5F5600000056322E33A1
:102390002E300000C0D4010075E04948806C0088F0
:1023A000401C4749896C08804548806B4549C9688D
:1023B000884227D24248806B642148434149C9681A
:1023C000B0FBF1F13E48C06B814217D03C48806BB6
:1023D000642102E056E054E034E048433949C968DA
:1023E000B0FBF1F13648C163374941640121016412
:1023F000806918B1324881693830884702203049F5
:1024000048702DE02E48806B2E49C968884227D13C
:102410002C480C30F1F7D9F820B105202849487034
:1024200000204860FFF7DAFD274925484164022172
:1024300001646421C163806990B1214881693830A9
:1024400088470DE004201E49487020491C4841641B
:1024500001210164806918B11948816938308847C1
:102460000FE00420164948700BE00420144948701E
:1024700007E004201249487003E004201049487026
:1024800000BF00BF02E003200D49487015E00C4872
:102490004068052805DA0A484068401C0849486039
:1024A00005E0F0F7F9FF002005490870487004E0E6
:1024B000002003490870487000BF00BF00BF15E648
:1024C00048AB002028AB0020C0D4010056D6010044
:1024D0002DE9FE4F04460D4616461F46DDF83090A6
:1024E0004FF48060F0F7A5FF8046B8F1000F03D1EC
:1024F0004FF0FF30BDE8FE8F4A482B4622464A493E
:10250000CDE900670290404602F04CFBB9F1000FA4
:102510000AD0404602F011FD824651464046C84767
:102520004046F0F776FF05E04046F0F772FF6FF0A7
:102530000100DFE70120DDE72DE9F04106460D4609
:10254000002706B11DB94FF0FF30BDE8F08137A17B
:10255000304602F0BCFC044614B94FF0FF30F4E7FB
:1025600004F1090002F0A6FC286133A104F109007E
:1025700002F0ADFC044614B96FF00100E5E733A1A9
:10258000304602F0A4FC044614B96FF00200DCE708
:1025900004F1100002F08EFCE86031A1304602F038
:1025A00096FC044614B96FF00200CEE704F1150062
:1025B00002F080FC686030A104F1150002F087FC95
:1025C000044614B96FF00200BFE7601C02F072FC11
:1025D000401CA86029A1601C02F079FC044614B9D3
:1025E0006FF00200B1E7601C02F064FC286024A1D7
:1025F000304602F06CFC044614B96FF00200A4E708
:10260000686920B9E86810B16FF003009DE7201DEC
:1026100002F093FC0746211DEA686869F0F722FE84
:10262000012092E798060020648401084854545021
:102630002F312E312000000032303620506172746C
:1026400069616C20436F6E74656E7400436F6E74C5
:10265000656E742D4C656E6774683A20000000004A
:10266000436F6E74656E742D52616E67653A2062B9
:1026700079746573200000002D0000002F00000019
:102680000D0A0D0A00000000FE4908607047FE496F
:1026900008607047FD4908607047FD490860704751
:1026A000FC4908607047FC4908607047FB490860B6
:1026B0007047FB4908607047FA4908607047FA495B
:1026C00008607047F94908607047F9490860704729
:1026D000F84908607047F84908607047F749086092
:1026E0007047F74908607047F64908607047F64937
:1026F00008607047F548807870470020F34988707B
:102700007047F24908800021F04A91707047F04804
:10271000807870470020EE4988707047EC49088047
:102720000021EB4A9170704770B50446002561792D
:10273000207901EB002085B2E078822802D083283E
:1027400075D103E00120E149887019E1E048008873
:10275000A84202D10120DE49887045F64001681A7E
:102760008D4270D01DDC45F23071A5EB01008D4229
:102770005ED00DDCA5F58040A0F5A150A8B3E028FF
:1027800028D0B0F5987F31D0B0F5407F73D143E0C9
:10279000202859D0502862D0602861D0E028F5D197
:1027A0006BE0902868D008DC102871D0302870D0F9
:1027B00060286FD07028E9D19CE0D0286BD0F02839
:1027C0006AD0B0F5BF5F68D0A0F5B850F0380028E7
:1027D000DCD1C6E0BA48006830B1A078C01EC1B2F2
:1027E000201DB74A12689047C7E00AE0B548006864
:1027F00030B1A078C01EC1B2201DB24A1268904705
:10280000BBE0B148006830B1A078C01EC1B2201D45
:10281000AD4A12689047B0E0A648006830B1A07891
:10282000C01EC1B2201DA34A12689047A5E0A6E0D1
:10283000A148006830B1A078C01EC1B2201D9E4AD8
:102840001268904799E029E09C48006830B1A07870
:10285000C01EC1B2201D994A126890478DE08CE0DD
:102860009248006830B1A078C01EC1B2201D8F4AC6
:102870001268904781E07FE047E08D48006830B102
:10288000A078C01EC1B2201D894A1268904774E02A
:102890000FE019E023E043E04DE057E08048006896
:1028A00030B1A078C01EC1B2201D7D4A1268904789
:1028B00063E07C48006830B1A078C01EC1B2201D22
:1028C000784A1268904758E07748006830B1A0789D
:1028D000C01EC1B2201D744A126890474DE06D4879
:1028E000006830B1A078C01EC1B2201D694A1268CC
:1028F000904742E06848006830B1A078C01EC1B27D
:10290000201D654A1268904737E06448006830B17E
:10291000A078C01EC1B2201D604A126890472CE00A
:102920005B48006830B1A078C01EC1B2201D584A73
:102930001268904721E05548006830B1A078C01E69
:10294000C1B2201D514A1268904716E04E480068F7
:1029500030B1A078C01EC1B2201D4B4A126890470A
:102960000BE04848006830B1A078C01EC1B2201DFD
:10297000444A1268904700E000BF00BF00E000BF7B
:1029800000BF70BD2DE9F041044600250027002658
:102990005048007801280FDA5A2C09D14E484D4989
:1029A000097844544B480078401C4A490870C7E0F5
:1029B000002048490870C3E04648007802280FDA32
:1029C000A52C09D14448434909784454414800782A
:1029D000401C40490870B3E000203E490870AFE059
:1029E0003C48007803280FDAFA2C09DA3A483949CA
:1029F0000978445437480078401C364908709FE0F5
:102A00000020344908709BE032480078042811DA2D
:102A1000822C01D0832C09D12F482E4909784454A7
:102A20002C480078401C2B49087089E00020294977
:102A3000087085E027480078FF2809DA26482549EC
:102A40000978445423480078401C2249087002E069
:102A50000020204908701F480078C01E1E49897850
:102A600088426DDB1C488078801E81B21A48C01CE9
:102A700000F01EF9074617480078401E1649095C09
:102A800014482BE0480B00204C0B0020440B002086
:102A9000400B0020340B0020380B00203C0B0020A2
:102AA000280B00202C0B0020300B0020200B0020D6
:102AB000240B0020140B0020180B00201C0B0020FE
:102AC000080B00200C0B0020100B0020FE0A002039
:102AD000020B0020FC0A0020A0AC00200078801E21
:102AE0001D4A105C01EB002086B2B74225D110468A
:102AF0004178007801EB0020184908801046807862
:102B000088701046C078C870002507E0281D12495B
:102B1000095C1248001D4155681CC5B20F488078F9
:102B2000C01EA842F2DC0D48A0F8FE6000200C494F
:102B300008700A48FFF7F8FD02E000200849087015
:102B4000BDE8F08110B50120F6F7A2F9AFF2CB1184
:102B50000120F6F7ABF910BDA0AC0020A0AB00201F
:102B6000FC0A002070B5054600242888C11700EB38
:102B70001161C1F30721404A1155641C2888C1170F
:102B800000EB11610912A0EB01211155641CA8781A
:102B900011460855641CE8780855641C002607E0B7
:102BA000281D805D34490855601CC4B2701CC6B233
:102BB000A878C01EB042F3DCB5F8FE00C11700EBE8
:102BC0001161C1F307212C4A1155601CC4B2B5F83C
:102BD000FE00C11700EB11610912A0EB0121115594
:102BE000601CC4B2224624490120F6F7D5F970BD15
:102BF0002DE9F04106460F46154645F6A5201F492A
:102C00000880E81C88700846C670002405E0395D1D
:102C10001A48001D0155601CC4B2AC42F7DB1748CE
:102C20008078801E81B21548C01C00F041F813491D
:102C3000A1F8FE000846FFF795FFBDE8F08170B5EA
:102C400004460D46217862788818FFF75AFD2A4617
:102C500021468320FFF7CCFF70BD70B504460D46BA
:102C6000217862788818FFF74CFD2A462146822099
:102C7000FFF7BEFF70BD0000A0AE0020A0AD002099
:102C800070B502460C46FF25FF2309E012F8010B40
:102C900080EA03010E48405C80EA05030D48455C6C
:102CA0002000A4F10106B4B2F0D143EA052070BDC2
:102CB000F0B506460F460024002539463046FFF79A
:102CC000DFFF04462512E0B245EA00252846F0BDA4
:102CD000500B0020500C00200022FD4B9A72012264
:102CE0001A70704770B504460D46F2F714F9F849AA
:102CF000888108468089897A01EB8101A0EB410037
:102D000030B1F348807A401CF14988720120087084
:102D100070BDEF4A927A22B1ED4A927A521EEC4B84
:102D20009A720122EA4B1A707047704770B50446D8
:102D30000D46F4F74FFE70BD70B505460E4606B958
:102D400070BD4021E34802F007FA00240BE0E01CCC
:102D5000285CFF2804D0E01C285CDE49085500E010
:102D600004E0601CC4B2F01EA042F0DC00BF00BF53
:102D7000E6E770B505460E4606B970BD0A21D5488E
:102D8000403002F0E9F900240CE0E01C285CFF2848
:102D900005D0E01C295CCF484030015500E004E03C
:102DA000601CC4B2F01EA042EFDC00BF00BFE4E72D
:102DB00070B504460D46C748F2F71DF870BD10B552
:102DC000024601B910BDC44B00241C605C609C60CD
:102DD000DC6000200BE0C31CD35CFF2B04D0C31CC1
:102DE000D35CBD4C235400E004E0431CD8B2CB1E9E
:102DF0008342F0DC00BF00BFE4E710B5024601B932
:102E000010BDB54B00241C615C619C61DC6100203D
:102E10000CE0C31CD35CFF2B05D0C31CD45CAE4BB1
:102E200010331C5400E004E0431CD8B2CB1E834294
:102E3000EFDC00BF00BFE3E770B504460D46A648CF
:102E4000F1F7F8FF70BD10B5024609B1112900DA9B
:102E500010BD002005E0C31CD35CA04C2354431CD0
:102E6000D8B21828F7DB00BFF2E770B504460D466C
:102E700018219A48F1F70DFF182145F2907001F0E2
:102E800094FD70BD10B5024601B910BD0024944BED
:102E900083F83E40002014E0C31CD35CFF2B0DD010
:102EA000C31CD45C8E4B2A331C542A3B93F83E300F
:102EB0005B1CDCB28A4B83F83E4000E004E0431C1C
:102EC000D8B2CB1E8342E7DC00BF00BFDDE710B500
:102ED000024601B910BD0024814B83F85340002005
:102EE00014E0C31CD35CFF2B0DD0C31CD45C7C4B03
:102EF0003F331C543F3B93F853305B1CDCB2784BA0
:102F000083F8534000E004E0431CD8B2CB1E834258
:102F1000E7DC00BF00BFDDE770B505460E460024C4
:102F200006E06F482A30005D6D490855601CC4B248
:102F30006B4890F83E00A042F3DC694890F83E00F0
:102F400067490875002406E065483F30015D2A386E
:102F50000155601CC4B2624890F85300A042F3DCF3
:102F60005F4890F853005E4981F829000846F1F760
:102F70008FFF70BD10B5024601B910BD0024584B3B
:102F800083F83E40002014E0C31CD35CFF2B0DD01F
:102F9000C31CD45C524B2A331C542A3B93F83E305A
:102FA0005B1CDCB24E4B83F83E4000E004E0431C67
:102FB000D8B2CB1E8342E7DC00BF00BFDDE710B50F
:102FC000024601B910BD0024454B83F85340002050
:102FD00014E0C31CD35CFF2B0DD0C31CD45C404B4E
:102FE0003F331C543F3B93F853305B1CDCB23C4BEB
:102FF00083F8534000E004E0431CD8B2CB1E834268
:10300000E7DC00BF00BFDDE70022354B83F8552029
:1030100083F85620A3F85820012283F854207047E3
:1030200010B52F4890F85400002878D02C4890F81C
:1030300055000C2874D2DFE800F006747E88929C5C
:10304000A6B0BAC4CED62648017D90F83E00814293
:1030500006D1234890F8291090F8530081420AD0F5
:1030600000201F49A1F8580081F8560081F855004A
:1030700081F8540010BD002412E01948015D2A3087
:10308000005D81420AD000201549A1F8580081F85E
:10309000560081F8550081F85400EBE7601CC4B27B
:1030A0000F48007DA042E8DC00241DE00C481530EC
:1030B000015D2A30005D814214D000200849A1F84A
:1030C000580081F8560081F8550081F85400D1E786
:1030D000A4B1002050B1002030B1002010B1002078
:1030E000B6B00020601CC4B2FB4890F82900A04292
:1030F000DCDC0120F84981F855001421F6482A301B
:1031000002F008F80021F44880F83E1014213F3006
:1031100002F000F80021F04880F85310A1E0A1E08F
:103120009EE014214FF4AA4001F03FFC0220EA493E
:1031300081F8550095E0142145F2505001F035FC1E
:103140000320E54981F855008BE0142145F22070F9
:1031500001F02BFC0420E04981F8550081E01421A6
:1031600045F2307001F021FC0520DB4981F8550063
:1031700077E0202145F2907001F017FC0620D64937
:1031800081F855006DE0142145F6400001F00DFC7A
:103190000720D14981F8550063E0142145F650001D
:1031A00001F003FC0820CC4981F8550059E02021AA
:1031B00045F6A00001F0F9FB0920C74981F8550048
:1031C0004FE00A2145F6B00001F0EFFB0A20C249AA
:1031D00081F8550045E0022001F0D4FB0B20BE49E8
:1031E00081F855003DE0FFF785FA68B10020F7F758
:1031F0003DFA0020B849A1F8580081F8560081F83E
:10320000550081F854002AE0B348B0F8580064280B
:1032100007DAB148B0F85800401CAF49A1F858008F
:103220001DE00020AC49A1F85800084690F856006F
:10323000022809DA084690F85600401C81F856002A
:10324000002081F855000AE06820F7F70FFA002007
:10325000A14981F8560081F8550081F8540000E03A
:1032600000BF00BF00BF05E7F0B505AC70CC9B4FB9
:10327000F88039727A72BB72FC723D737E730027DC
:10328000DFF858C28CF801708CF80270ACF804704A
:1032900001278CF80070F0BD3EB5904800780028FA
:1032A00048D08E48407810B1012842D113E08B48B5
:1032B000407B8A49097B894AD27A884CCDE9002132
:1032C0000290A37A627A217AA07901F002FA0120B1
:1032D000214648702DE0FFF70DFA48B10020F7F7BE
:1032E000C5F900207D4988808870487008701FE00B
:1032F0007A488088642805DA78488088401C7749B5
:10330000888015E00020754988800846807802286A
:1033100006DA08468078401C88700020487007E074
:103320006820F7F7A3F900206C498870487008708E
:1033300000BF00BF3EBD6A4988700021684A5170D5
:10334000D170918001211170704710B564480078E8
:1033500000283DD06248407810B1012836D107E0FE
:103360005F49887801F034FA01205D4948702EE009
:10337000FFF7C0F948B10020F7F778F90020584965
:103380008880C870487008701FE05548808864289D
:1033900005DA53488088401C5149888015E0002098
:1033A0004F4988800846C078022806DA0846C07867
:1033B000401CC8700020487007E06820F7F756F9F5
:1033C00000204749C8704870087000E000BF00BF87
:1033D00010BD444988700021424A5170D1709180DB
:1033E00001211170704710B53E48007800283DD08B
:1033F0003C48407810B1012836D107E03949887837
:1034000001F0ABF90120374948702EE0FFF772F95F
:1034100048B10020F7F72AF9002032498880C870A7
:10342000487008701FE02F488088642805DA2D480E
:103430008088401C2B49888015E00020294988801D
:103440000846C078022806DA0846C078401CC870D2
:103450000020487007E06820F7F708F900202149AC
:10346000C8704870087000E000BF00BF10BD1E4962
:10347000887000211C4A5170D17091800121117017
:10348000704710B518480078002848D01648407892
:1034900010B1012841D107E01349887801F003FAFF
:1034A00001201149487039E0FFF724F948B10020A4
:1034B000F7F7DCF800200C498880C8704870087065
:1034C0002AE009488088642810DA07488088401C70
:1034D0000549888020E00000B6B00020A8B0002098
:1034E000560D0020500D0020680D00200020F949E5
:1034F00088800846C078022806DA0846C078401C52
:10350000C8700020487007E06820F7F7AFF8002087
:10351000F049C8704870087000E000BF00BF10BDDF
:103520000021ED4A5170917091801146886001210F
:103530001170704710B5E848007800283DD0E64883
:10354000407810B1012836D107E0E349886800F0DF
:1035500003FC0120E04948702EE0FFF7CBF848B1AA
:103560000020F7F783F80020DB49888088704870D6
:1035700008701FE0D8488088642805DAD64880881B
:10358000401CD549888015E00020D3498880084632
:103590008078022806DA08468078401C887000206F
:1035A000487007E06820F7F761F80020CA49887082
:1035B0004870087000E000BF00BF10BD0021C74A7E
:1035C000517091709180114688600121117070478F
:1035D00010B5C248007800283DD0C048407810B1EE
:1035E000012836D107E0BD49886800F091FB012031
:1035F000BA4948702EE0FFF77DF848B10020F7F790
:1036000035F80020B54988808870487008701FE040
:10361000B2488088642805DAB0488088401CAF49E9
:10362000888015E00020AD4988800846807802280F
:1036300006DA08468078401C88700020487007E051
:103640006820F7F713F80020A449887048700870C4
:1036500000E000BF00BF10BD10B504460020A04927
:103660004870887088800C2221469D48C01DEFF765
:10367000F9FD01209A49087010BD10B598480078EE
:1036800000283DD09648407810B1012836D107E097
:103690009348C01D00F084FB0120914948702EE042
:1036A000FFF728F848B10020F6F7E0FF00208C492A
:1036B00088808870487008701FE089488088642876
:1036C00005DA87488088401C8549888015E00020FD
:1036D0008349888008468078022806DA0846807880
:1036E000401C88700020487007E06820F6F7BEFF95
:1036F00000207B4988704870087000E000BF00BF60
:1037000010BD784988700021764A5170D17091803F
:1037100001211170704710B5FDF7E0F87249097882
:10372000884207D0FDF7DAF86F490870084600783C
:10373000FFF7E7FF6B48007800283DD069484078E4
:1037400010B1012836D107E06649887801F07BF88E
:103750000120644948702EE0FEF7CCFF48B10020FC
:10376000F6F784FF00205F498880C87048700870B1
:103770001FE05C488088642805DA5A488088401C2D
:103780005849888015E00020564988800846C0784E
:10379000022806DA0846C078401CC870002048702D
:1037A00007E06820F6F762FF00204E49C8704870B5
:1037B000087000E000BF00BF10BD00214B4A9170AF
:1037C0009180D1701146487001211170704710B579
:1037D000F2F77DFF002846D1F6F745FF50B1444887
:1037E000007800283FD10120414908700920FFF7E7
:1037F000E4FF38E0FDF772F83E490978884208D1C5
:103800003B48007828B9F9F7C9FE3B490978884256
:1038100029D0F9F7C3FE38490870FDF75FF835493C
:103820000870002032490870FDF758F8C0B1F1F770
:1038300094FA50B1F9F7B2FE18B10220FFF7BDFFBC
:1038400011E00320FFF7B9FF0DE0F1F76EFA18B1B0
:103850000520FFF7B2FF06E00420FFF7AEFF02E00D
:103860000020FFF7AAFF21480078002851D01F4808
:10387000807810B101284AD107E01C49487801F04E
:1038800081F801201949887042E0FEF733FF48B102
:103890000020F6F7EBFE002014498880C87088707D
:1038A000087033E011488088642805DA0F48808862
:1038B000401C0E49888029E000200C498880084679
:1038C000C07802281ADA0846C078401CC870002068
:1038D00088701BE0680D0020B8B10020C4B1002042
:1038E000D0B100205C0D00206E0D0020620D002084
:1038F000700D00206F0D0020710D00206820F6F77C
:10390000B5FE0020F549C8708870087000E000BF5F
:1039100000BF10BD10B50246F14B83F80611002020
:1039200005E0145CEE4B9B1D1C54431CD8B288422E
:10393000F7DB0023EA4C6370A380A370012323709C
:1039400010BD10B5E648007800283FD0E448407824
:1039500010B1012838D109E0E14890F80611801D26
:1039600000F090FE0120DE4948702EE0FEF7C2FE16
:1039700048B10020F6F77AFE0020D9498880887087
:10398000487008701FE0D6488088642805DAD4485B
:103990008088401CD249888015E00020D04988806A
:1039A00008468078022806DA08468078401C88702D
:1039B0000020487007E06820F6F758FE0020C8494C
:1039C00088704870087000E000BF00BF10BD01465D
:1039D0000022C44B5A709A709A80002005E00B5C5C
:1039E000C04A921D1354421CD0B22028F7DB01229A
:1039F000BC4B1A70704710B5BA48007800283DD00B
:103A0000B848407810B1012836D107E0B548801D8C
:103A100000F022FE0120B34948702EE0FEF76AFE56
:103A200048B10020F6F722FE0020AE498880887059
:103A3000487008701FE0AB488088642805DAA94800
:103A40008088401CA749888015E00020A54988800F
:103A500008468078022806DA08468078401C88707C
:103A60000020487007E06820F6F700FE00209D491E
:103A700088704870087000E000BF00BF10BD9A4811
:103A8000007870472DE9F04F09AC94E8F010DDE9BB
:103A90000F9ADDF838804FF0000BDFF84CE28EF81B
:103AA00001B08EF802B0AEF804B0F346ABF80600F1
:103AB000ABF808108BF80A208BF80B308BF80C4011
:103AC0008BF80D508BF80E608BF80F708BF810C0D0
:103AD0008BF811808BF81290CBF814A0DDF844B06D
:103AE000CEF818B04FF0010B8EF800B0BDE8F08FA3
:103AF00010B58AB07C48007800285AD07A484078BF
:103B000010B1012853D124E077488069764949698A
:103B1000754A927C744B5B7CCDE90532CDE9071088
:103B20007148007C7049CA7B897B6F4B5B7BCDE918
:103B30000131CDE903206C48007B6B4C0090E37AA7
:103B4000A27A2189E08800F037FA012021464870E6
:103B50002EE0FEF7CFFD48B10020F6F787FD0020EC
:103B6000614988808870487008701FE05E488088CE
:103B7000642805DA5C488088401C5B49888015E031
:103B800000205949888008468078022806DA0846CD
:103B90008078401C88700020487007E06820F6F7A5
:103BA00065FD0020504988704870087000E000BF33
:103BB00000BF0AB010BD10B5FFF75FFD4B4800789D
:103BC00000B110BDFFF7BDFE4548007800B1F8E731
:103BD000FFF711FF4348007800B1F2E7FFF7F7FD68
:103BE0003E48007800B1ECE7FFF756FB404800780C
:103BF00000B1E6E7FFF7ECFC3E48007800B1E0E7F3
:103C0000FFF798FC3C48007800B1DAE7FFF7EBFBE0
:103C10003A48007800B1D4E7FFF797FB38480078BE
:103C200000B1CEE700BFCCE710B53648F1F718F980
:103C300000F06AF8AFF6C340FEF753FDAFF68140DF
:103C4000FEF752FDAFF63F40FEF751FDAFF6CB5009
:103C5000FEF73EFDAFF68950FEF73DFDAFF647504B
:103C6000FEF73CFDAFF62160FEF72CFDAFF60560D8
:103C7000FEF72BFDAFF6B960FEF71BFDAFF68560D2
:103C8000FEF71AFDAFF64F60FEF719FDAFF657705D
:103C9000FEF706FDAFF62570FEF705FDAFF6EF6007
:103CA000FEF704FDAFF67B70FEF7F7FCAFF6D770BA
:103CB000FEF7F0FCAFF6D370FEF7E6FCAFF6AD70A2
:103CC000FEF7E5FCF2F703FD18B10C20FFF775FDD8
:103CD00002E00020FFF771FD10BD0000620D002022
:103CE000A0AF0020F0B1002018B20020D0B1002019
:103CF000A8B00020C4B10020B8B10020500D0020B1
:103D0000560D0020B6B0002010B5FEF71BFF10BD09
:103D100010B504467120FE49087060204870642088
:103D200094FBF0F030308870642094FBF0F100FBDD
:103D300011400A2190FBF1F03030F549C8700A209B
:103D400094FBF0F100FB11403030F149087105217E
:103D5000EF48FEF782FF10BD10B504467120EC4914
:103D6000087020204870642094FBF0F03030887098
:103D7000642094FBF0F100FB11400A2190FBF1F06C
:103D80003030E349C8700A2094FBF0F100FB114089
:103D90003030DF4908710521DD48FEF75EFF10BDB8
:103DA00010B504467F20DA4908702020487020783A
:103DB00088706078C870A0780871E07848712079C0
:103DC00088716079C871A0790872E0794872207AA8
:103DD0008872607AC872A07A0873E07A48730E21FC
:103DE000CB48FEF73AFF10BD10B57120C8490870E6
:103DF000802048700221C648FEF72FFF10BD2DE934
:103E0000FE4306460F4690461C460A9DC1A207CABD
:103E10008DE807007120BE490870002048709DF8A9
:103E2000000088709DF80100C8709DF802000871BC
:103E30009DF8030048719DF8040088719DF8050005
:103E4000C8719DF8060008729DF8070048723A2074
:103E500088720A2096FBF0F03030C8720A2096FB78
:103E6000F0F100FB11603030A94908732D20487330
:103E70000A2097FBF0F0303088730A2097FBF0F1AE
:103E800000FB11703030A249C8732D2008740A203D
:103E900098FBF0F0303048740A2098FBF0F100FBFA
:103EA000118030309A4988742C20C8749C48B4FB27
:103EB000F0F0303008759A48B4FBF0F100FB114087
:103EC00042F21071B0FBF1F030309149487542F286
:103ED0001070B4FBF0F100FB11404FF47A71B0FBAD
:103EE000F1F030308A4988754FF47A70B4FBF0F104
:103EF00000FB11406421B0FBF1F030308449C875FB
:103F00006420B4FBF0F100FB11400A21B0FBF1F09A
:103F100030307F4908760A20B4FBF0F100FB1140F5
:103F200030307B4948762C2088767D48B5FBF0F010
:103F30003030C8767A48B5FBF0F100FB115042F200
:103F40001071B0FBF1F030307149087742F2107017
:103F5000B5FBF0F100FB11504FF47A71B0FBF1F0BA
:103F600030306B4948774FF47A70B5FBF0F100FBC5
:103F700011506421B0FBF1F030306549887764203E
:103F8000B5FBF0F100FB11500A21B0FBF1F030302D
:103F90005F49C8770A20B5FBF0F100FB11503030C3
:103FA0005B4981F820002E2081F821002221584809
:103FB000FEF753FEBDE8FE832DE9F04FA5B00446A1
:103FC0000D4616461F46DDE930ABDDE92E8955A1C9
:103FD00003C9CDE9230155A103C9CDE9210155A1AB
:103FE00003C9CDE91F0155A207CA1CAB07C356A2DE
:103FF000D2E900109268CDE91A02199155A30FCBAE
:10400000CDE91723CDE9150156A2D2E90030D2E956
:104010000212CDE91130CDE9131256A3D3E90012F3
:10402000D3E90203CDE90F03CDE90D1255A3D3E97E
:1040300001021968DB68CDE90B23CDE9091055A30E
:10404000D3E901211868DB68CDE90713CDE9050242
:1040500054A3D3E90021D3E90203CDE90303CDE959
:1040600001212046E11704EB1161090A284A117069
:10407000E11704EB11610912A4EB012151704FF417
:104080007A7095FBF0F03030114688704FF47A70FA
:1040900095FBF0F100FB1150642190FBF1F0303002
:1040A0001146C870642095FBF0F100FB11500A2105
:1040B00090FBF1F03030114608710A2095FBF0F1C9
:1040C00000FB11503030114648712D2088710A20B4
:1040D00096FBF0F03030C8710A2096FBF0F100FB3F
:1040E00011603030114608722D2048720A2097FB6B
:1040F000F0F0303088720A2097FBF0F100FB11706D
:1041000030301146C872202008730A2052E00000A7
:1041100034B20020B9CAD5CFD0C5CFA2000000006C
:10412000A0860100BBF5B9F1BAC53A00B2E3BCDC28
:10413000BAC53A00BBF5B5C0BAC53A00B3F6BBF58F
:10414000B3C9B9A600000000B3F6BBF5CAA7B0DC3E
:1041500000000000BAECCDE2BCECB2E2B3C9B9A6F3
:1041600000000000BAECCDE2BCECB2E2CAA7B0DCC1
:1041700000000000BAECCDE2C4A3BFE9B9CAD5CFB4
:1041800000000000BBF5B5C0B5E7BBFAD5FDB3A391
:1041900000000000BBF5B5C0B5E7BBFAB3ACCAB1CF
:1041A00000000000BBF5B5C0B5E7BBFAC0EBCFDF40
:1041B0000000000098FBF0F0303048730A2098FBB4
:1041C000F0F100FB11803030114688733A20C8733B
:1041D0000A2099FBF0F0303008740A2099FBF0F1C6
:1041E00000FB11903030114648743A2088740A2040
:1041F0009AFBF0F03030C8740A209AFBF0F100FB13
:1042000011A0303011460875202048755B20887554
:104210009DF88C00C8759DF88D0008769DF88E007D
:1042200048769DF88F0088769DF89000C8769DF8B6
:10423000910008779DF8920048770A209BFBF0F0E8
:10424000303088770A209BFBF0F100FB11B0303052
:104250001146C8772C2081F820009DF8840081F851
:1042600021009DF8850081F822009DF8860081F8E4
:1042700023009DF8870081F824009DF8880081F8CC
:1042800025009DF8890081F826009DF88A0081F8B4
:1042900027000A21329890FBF1F03030114681F866
:1042A00028000A21329890FBF1F201FB1200303015
:1042B000F94981F829002C2081F82A009DF87C001A
:1042C00081F82B009DF87D0081F82C009DF87E0080
:1042D00081F82D009DF87F0081F82E009DF8800068
:1042E00081F82F009DF8810081F830009DF8820050
:1042F00081F831000A21339890FBF1F03030E64923
:1043000081F832000A21339890FBF1F201FB120090
:104310003030E14981F833002C2081F834003498A2
:1043200018B39DF8700081F835009DF8710081F890
:1043300036009DF8720081F837009DF8730081F80F
:1043400038009DF8740081F839009DF8750081F8F7
:104350003A009DF8760081F83B009DF8770081F8DF
:104360003C002C2081F83D0023E09DF86400CA4900
:1043700081F835009DF8650081F836009DF86600EB
:1043800081F837009DF8670081F838009DF86800D3
:1043900081F839009DF8690081F83A009DF86A00BB
:1043A00081F83B009DF86B0081F83C002C2081F8DF
:1043B0003D00BA493598884234D19DF82400B64969
:1043C00081F83E009DF8250081F83F009DF8260009
:1043D00081F840009DF8270081F841009DF82800F1
:1043E00081F842009DF8290081F843009DF82A00D9
:1043F00081F844009DF82B0081F845009DF82C00C1
:1044000081F846009DF82D0081F847009DF82E00A8
:1044100081F848009DF82F0081F849002C2081F890
:104420004A006CE09E493598884234D19DF81400CA
:10443000994981F83E009DF8150081F83F009DF8EC
:10444000160081F840009DF8170081F841009DF8A2
:10445000180081F842009DF8190081F843009DF88A
:104460001A0081F844009DF81B0081F845009DF872
:104470001C0081F846009DF81D0081F847009DF85A
:104480001E0081F848009DF81F0081F849002C208B
:1044900081F84A0033E09DF804007F4981F83E002E
:1044A0009DF8050081F83F009DF8060081F8400066
:1044B0009DF8070081F841009DF8080081F842004E
:1044C0009DF8090081F843009DF80A0081F8440036
:1044D0009DF80B0081F845009DF80C0081F846001E
:1044E0009DF80D0081F847009DF80E0081F8480006
:1044F0009DF80F0081F849002C2081F84A00694995
:104500003698884234D19DF85400634981F84B00B5
:104510009DF8550081F84C009DF8560081F84D003B
:104520009DF8570081F84E009DF8580081F84F0023
:104530009DF8590081F850009DF85A0081F851000B
:104540009DF85B0081F852009DF85C0081F85300F3
:104550009DF85D0081F854009DF85E0081F85500DB
:104560009DF85F0081F856005D2081F857006CE0EF
:104570004D493698884234D19DF84400464981F827
:104580004B009DF8450081F84C009DF8460081F8ED
:104590004D009DF8470081F84E009DF8480081F8D5
:1045A0004F009DF8490081F850009DF84A0081F8BD
:1045B00051009DF84B0081F852009DF84C0081F8A5
:1045C00053009DF84D0081F854009DF84E0081F88D
:1045D00055009DF84F0081F856005D2081F8570086
:1045E00033E09DF834002C4981F84B009DF83500EC
:1045F00081F84C009DF8360081F84D009DF8370099
:1046000081F84E009DF8380081F84F009DF8390080
:1046100081F850009DF83A0081F851009DF83B0068
:1046200081F852009DF83C0081F853009DF83D0050
:1046300081F854009DF83E0081F855009DF83F0038
:1046400081F856005D2081F8570058211248FEF786
:1046500004FB25B0BDE8F08F70B5054650200E492B
:10466000087000204870002405E0295DA01C0A4A5B
:104670001154601CC4B2202CF7DB22210648FEF73F
:10468000ECFA70BD70B506460C465220024908701F
:104690004020487000250FE034B20020888A0100D5
:1046A000B58B0100708E010001900100715DA81CA6
:1046B000CE4A1154681CC5B2A542F7DBFF21A01CED
:1046C000CA4A1154E01C1154211D1046FEF7C5FAC8
:1046D00070BD2DE9F04705460E4614469A46DDE9C1
:1046E0000989089F0020C14908709C2048705A2001
:1046F0008870A520C870642095FBF0F100FB115074
:10470000BA4908710D2096FBF0F100FB1160B74922
:1047100048712046E11704EBD1614911A4EB411126
:10472000B24A9171182097FBF0F100FB117011460D
:10473000C8713C2098FBF0F100FB11801146087213
:104740003C2099FBF0F100FB1190114648720A21C0
:104750001046FEF782FABDE8F0873EB50446A4A0F5
:1047600000680290A3A103C9CDE90001FF2C15D177
:1047700050209E490870802048709DF80000887085
:104780009DF80100C8709DF8020008719DF80300B3
:10479000487106219548FEF760FA18E0632C00DDA9
:1047A0006324502091490870802048700A2094FBAF
:1047B000F0F0303088700A2094FBF0F100FB1140DB
:1047C00030308A49C87004218848FEF746FA3EBD59
:1047D0003EB5044686A00068029086A103C9CDE9D3
:1047E0000001FF2C15D17F2080490870F02048700F
:1047F0009DF8000088709DF80100C8709DF80200C7
:1048000008719DF80300487106217848FEF725FAE3
:1048100018E0632C00DD63247F2074490870F020C9
:1048200048700A2094FBF0F0303088700A2094FB26
:10483000F0F100FB114030306C49C87004216B4826
:10484000FEF70BFA3EBD1FB504466CA003C8CDE9C8
:104850000201AFF2A86103C9CDE90001502063490C
:1048600008706020487064B19DF8080088709DF859
:104870000900C8709DF80A0008719DF80B00487186
:104880000CE09DF80000594988709DF80100C8703F
:104890009DF8020008719DF80300487106215348F5
:1048A000FEF7DBF91FBD10B588B0044655A1D1E96C
:1048B0000023D1E90201CDE90423CDE9060155A386
:1048C000D3E90012D3E90203CDE90203CDE90012D6
:1048D0005120464908700020487044B39DF80000FC
:1048E00088709DF80100C8709DF8020008719DF85D
:1048F000030048719DF8040088719DF80500C87197
:104900009DF8060008729DF8070048729DF808009F
:1049100088729DF80900C8729DF80A0008739DF816
:104920000B0048730E213148FEF797F928E09DF8F7
:1049300010002E4988709DF81100C8709DF8120073
:1049400008719DF8130048719DF8140088719DF856
:104950001500C8719DF8160008729DF8170048727E
:104960009DF8180088729DF81900C8729DF81A0009
:1049700008739DF81B0048730E211C48FEF76DF963
:1049800008B010BD10B504460020184908708420F6
:1049900048705A2088700120C870002008710846AD
:1049A00044710621FEF759F910BD70B504460D4655
:1049B0002046E11704EB1161090A0C4A1170E11756
:1049C00004EB11610912A4EB01215170002605E0EE
:1049D0002021B01C054A1154701CC6B2AE42F7DB50
:1049E000A91C0248FEF739F970BD000034B200205E
:1049F000B6C80000D2ECB3A300000000D4DACFDFC9
:104A000000000000C9E8B1B8C9D0CEB4C6F4D3C321
:104A10000000000020C7EBC9A8C2EBB9BACEEF2056
:104A200000000000704770B5064600F009FC0568FC
:104A300006F10B0020F00704B4429CBF002070BDBB
:104A40002B466A68BAB11068A04210D304F108017D
:104A500088423CBF5068586007D3516810194160C4
:104A60001168091B016058601460101D70BD134669
:104A70005268002AE7D12146284600F0EDFB0028C5
:104A8000DED170BD70B50446051F00F0D9FB00688B
:104A9000002C14BF446870BD002C18BFAC423CBF52
:104AA00020466468F8D301680A18AA4218BF456016
:104AB00003D12A6805461144016028684119A142C2
:104AC0001CBF6C6070BD6168696021680844286023
:104AD00070BD70B50D460646041F00F0B1FBD0F85E
:104AE00000C0C5B1E6B105F10B0020F00703AB42F1
:104AF0003CBF002070BD2068984238BFDCF804201D
:104B000013D3C11A08292FD3E01840F8041B2360DF
:104B1000FFF7B8FF28E03046FFF7B4FF002070BD74
:104B20002846BDE87040FFF77EBF002A18BFA242AA
:104B30003CBF94465268F8D30119914216D11168CE
:104B40000844984212D3C11A08293CBF206050681B
:104B500008D35168E0184160216812681144C91AED
:104B600001602360CCF80400201D70BD181FFFF702
:104B70005AFF050007D021680A1F211D00F098FA8E
:104B8000201DFFF77FFF284670BD10B5044600F0DA
:104B90004FFB0068005DC00602D504F1200010BD87
:104BA000204610BD0FB41CB5084B06AA7B446946CD
:104BB0000090059800F005FE04460020694600F0CC
:104BC00013FE20461CBC5DF814FB0000390C0000ED
:104BD00070B5044685690068C10601D5302600E03D
:104BE0002026C00707D070BDD4E901213046904788
:104BF000206A401C20626D1EF6D570BD70B504465B
:104C000085690078C00707D170BDD4E90121202053
:104C10009047206A401C20626D1EF6D570BD70B5AD
:104C20000C460546012A05D02878800600D5EA6999
:104C3000002302E0012305E05B1C934202D2E05C0A
:104C40000028F9D1A869E618C01AA861286A184492
:104C500028622846FFF7BCFF04E0D5E9012114F8DB
:104C6000010B9047B442F8D32846FFF7C7FF70BD49
:104C70002DE9F0410646002410687529314616A535
:104C800010D0AFF30080002802DA404213A507E0FD
:104C900031688A0701D512A502E0490704D511A59C
:104CA000012401E0AFF3008000210A2206F124076D
:104CB00009E0B0FBF2FCB0FBF2F302FB1C00303069
:104CC00078541846491C0028F3D123462A4630461A
:104CD000BDE8F04100F00ABB000000002D0000001C
:104CE0002B0000002000000070B504460D46214650
:104CF0001068AFF300802188090502D50F4A7A4475
:104D000002E00E4A7A440E32002104F1240305E049
:104D100000F00F060009965D5E54491C0028F7D18B
:104D200020780023000704D5702D02D009B102239A
:104D300011322046BDE8704000F0D8BACA350000F4
:104D40002DE9F05F894604464FF0000ADFF824B1F0
:104D5000FB44C0F820A02046E168884700287DD0A9
:104D6000252806D0D4E901219047206A401C206202
:104D7000F1E700255F462046E1688847202806467F
:104D800007DB312E05D2B81910F8200C08B1054305
:104D9000F1E7A80701D525F00405C4F81CA00027F9
:104DA000C4F818A02A2E09D0304602F0C4FA38B34D
:104DB00004EB8708303EC8F8186019E059F8041B66
:104DC000204604EB87029161E1688847012F06467F
:104DD00018D1E069002820DA25F020051DE0D8F878
:104DE000180000EB800006EB40003038C8F81800CF
:104DF0002046E1688847064602F09DFA0028EED179
:104E0000012F0AD02E2E08D12046E16888477F1C4A
:104E10000646022F45F02005C4DBA069002803DA0E
:104E2000404245F00105A061E80701D025F01005DA
:104E3000A6B1A6F14100192802D8203645F4006534
:104E40004A463146204625604D46EBF7CFF960B122
:104E5000012807D0ED1D25F0070000E007E000F174
:104E6000080978E705F1040975E730467AE7206A12
:104E7000BDE8F09FA03500000FB400B58DB010A9BB
:104E8000099000910B904FF0FF300A9000200C9099
:104E9000064878440690064878446A4607900F9979
:104EA00009A800F015FF0DB05DF814FB5B0E0000C3
:104EB000730E000070B5064600F0C6F9046805469A
:104EC00030460A22002100F083FF2C6070BD30B50F
:104ED00005460B462A4613F8014B12F8010B08B1A0
:104EE000A042F8D01CB1002802D06D1CF1E7284682
:104EF00030BD40EA0103024630B59B0710D14FF0A8
:104F0000013400E008C208C91D1B9D4315EAC41FF7
:104F1000F8D013F0FF0102F8011B0DD01B0AF8E7CF
:104F200011F8013B002B02F8013B05D011F8013BC1
:104F3000002B02F8013BF3D130BD10B5431C02E059
:104F400010F8011B71B18107FAD14FF0013202C88C
:104F50008C1A8C4314EAC211F9D0C01A0A0603D085
:104F6000C01E10BDC01A10BD0A0401D0801E10BDA5
:104F70000902FCD0401E10BD40EA010370B59B073A
:104F80002ED14FF00136042A2AD308C810C99D1B20
:104F90009D43121F15EAC61517D0D8B2E1B2401AC8
:104FA00050EA056110D198B2A1B2401A50EA054109
:104FB0000AD123F07F4024F07F41401A50EA0521B6
:104FC00002D1180EA0EB146070BDA342DBD018BA5A
:104FD00021BA884201D9012070BD4FF0FF3070BD69
:104FE0000AB9002070BD10F8013B11F8014B63B104
:104FF000A3420AD1521E08D010F8013B11F8014B10
:105000001BB1A34201D1521EEDD1181B70BD421E2F
:1050100012F8013F002BFBD111F8013B002B02F8E5
:10502000013BF9D17047032A40F2308010F0030CA5
:1050300000F0158011F8013BBCF1020F624498BFEB
:1050400011F801CB00F8013B38BF11F8013BA2F188
:10505000040298BF00F801CB38BF00F8013B11F003
:10506000030300F02580083AC0F0088051F8043BA3
:10507000083A51F804CBA0E80810F5E7121D5CBF10
:1050800051F8043B40F8043BAFF30080D20724BF43
:1050900011F8013B11F801CB48BF11F8012B24BFD7
:1050A00000F8013B00F801CB48BF00F8012B704726
:1050B00010B5203AC0F00B80B1E81850203AA0E8B3
:1050C0001850B1E81850A0E81850BFF4F5AF5FEAE7
:1050D000027C24BFB1E81850A0E8185044BF18C99A
:1050E00018C0BDE810405FEA827C24BF51F8043B41
:1050F00040F8043B08BF7047D20728BF31F8023B95
:1051000048BF11F8012B28BF20F8023B48BF00F828
:10511000012B70474FF000020429C0F0128010F0FC
:10512000030C00F01B80CCF1040CBCF1020F18BF83
:1051300000F8012BA8BF20F8022BA1EB0C0100F016
:105140000DB85FEAC17C24BF00F8012B00F8012BE9
:1051500048BF00F8012B70474FF0000200B513461E
:1051600094469646203922BFA0E80C50A0E80C5087
:10517000B1F12001BFF4F7AF090728BFA0E80C5038
:1051800048BF0CC05DF804EB890028BF40F8042B31
:1051900008BF704748BF20F8022B11F0804F18BF9E
:1051A00000F8012B704700004FF0013C50F8042B31
:1051B00051F8043B9A4221D1A2EB0C03934313EA2A
:1051C000CC1317D150F8042B51F8043B9A4215D157
:1051D000A2EB0C03934313EACC130BD150F8042B2E
:1051E00051F8043B9A4209D1A2EB0C03934313EA12
:1051F000CC13DBD04FF00000704700BFD01A01BACB
:10520000B1FA81F101F0180122FA01F0CB40C1F1AD
:105210002001DBB2C0B2C01A2CFA01F3D11A9143BB
:1052200011EAC311E6D17047704770477047704765
:1052300010B500F009FE001D10BD00BFF1210000F7
:10524000004870473CB300200048704734B300204A
:10525000704770477047704738B504460A460020CB
:105260006946AFF30080002808BF38BD02460099A8
:10527000204600F0EDFD012038BD012001F008B905
:10528000F8B5AFF30080054600200C46102000BFA3
:105290000646A819A0420DD9324669460020AFF350
:1052A0000080070008BF01F0F3F80098A04218BF83
:1052B0000546C419FFF7C4FF05600746F01D20F03E
:1052C00007004619284600F00AF8B44208BFF8BDA6
:1052D000A21B31463868BDE8F84000F0B9BD002196
:1052E0000160C0E901107047102070472DE9F047B8
:1052F0000D4699469246044600F124080168880646
:1053000004D5E06921F01001216000E00120A842ED
:1053100001DD471B00E00027A1697A1902EB0900B3
:10532000081AA0612078C00602D42046FFF750FC7E
:10533000002608E0D4E901211AF806009047206A07
:10534000401C761C20624E45F4DB2078C0060AD54E
:105350002046FFF73DFC06E0D4E9012130209047CC
:10536000206A401C2062381EA7F10107F4DC07E028
:10537000D4E9012118F805009047206A401C2062FA
:10538000281EA5F10105F3DC2046FFF737FC207845
:10539000000602D50220BDE8F0870120FBE7704738
:1053A0002DE9FF4F0C461E464FF0FF378BB0D2E978
:1053B0000001DDF860800A908A46C1F30A5505B9FC
:1053C0003D46002108464FF00000BAF1000F00F4FE
:1053D000400005DA00EB80004FF4400101EA500084
:1053E0004FEA9059B9F1010F00DDB9460A9850EA29
:1053F0004A000ED044F61050A5F2FF3545432F1455
:10540000B8F1000F1ED07542291E1EDDC9F1000241
:105410001CE0B8F1010F4FF0000001D0302103E093
:10542000F24305E02154401CB042FBDB3046002231
:10543000002121540B99C1F80880C1E900200FB068
:10544000BDE8F08FBD1B6D1CDEE74A4600DA6942FD
:1054500006A800F0AFFF06AB93E8070003AB83E8B4
:10546000070050460A9901F0DFFA8DE80700A0F521
:1054700000501F3800900398002D09DD42F21F01F3
:105480004A46084403A90390684601F068FD08E015
:10549000A0F500504A461F3803A90390684601F062
:1054A00086FD8DE807000004000C03D04FF0FF30AC
:1054B000410800E01046B8F1000F03D0002200922E
:1054C00015461EE0751E05D400F0DCFC3032625536
:1054D0006D1EF9D5B3460122084302D000227F1C7D
:1054E00004E02078302801D100227F1E002A09978D
:1054F00086D01DE0112D07DA00F0C4FC3032625571
:105500006D1C50EA0102F5D1084302D00098C8B1E1
:105510000EE00021681E05E0235C625C63542254A7
:10552000401E491C8142F7DBAB46A81B401E099078
:10553000002004F80B000B98099AC0F80880C0E915
:10554000002B7CE711264FF0000859E72DE9F04FBA
:1055500088460446D21D22F0070191B0D1E900012E
:10556000CDE90A0101F06DFE02460B98C00F01D093
:105570002D2007E02068810701D52B2002E02021A3
:1055800001EAC000032A099001D0072A05DB03467F
:105590004146204600F0C4FC0BE12078800601D58E
:1055A000E06900E00620B8F1650F814606D0B8F149
:1055B000660F18D0B8F1670F70D131E00020B9F153
:1055C000110F009001DB112301E009F101030AAA88
:1055D00001A90CA8FFF7E4FEDDE90C70002609F133
:1055E0000105834647E001204B4600904FF00047FD
:1055F0000AAA01A90CA8FFF7D3FEDDE90DB00C99AA
:105600005D46002610B909F101000D18B9EB05003F
:1056100003D4C0F1FF3609F10105A5EB09002BE029
:10562000B9F1010F01DA4FF001090020B9F1110FB2
:105630000090484601DD112300E003460AAA01A9B3
:105640000CA8FFF7ADFEDDE90C704D460026834641
:10565000207800070AD4AB4500DA5D4601A8012D89
:1056600004DD411911F8011C302907D04F4502DA39
:1056700017F1040F04DA012082460FE06D1EEEE7F9
:10568000002F02DCED1B3E4403E0781CA84200DD45
:105690007D1CB81B00F1010A4FF00047207800077D
:1056A00003D4AA4501DB4FF0FF3A0021B7F1004FC8
:1056B0000DF143088DF8431024D002202B23002F36
:1056C00001DA7F422D230A21021EA0F1010000DC35
:1056D0005FB197FBF1FC97FBF1F201FB1C7C1746D5
:1056E0000CF1300C08F801CDEEE7A8F101000370D1
:1056F0002188090501D5452100E06521A0F10108B7
:1057000000F8011C09980FA9A1EB0807FF1D00B1C3
:105710000120411901EBEA70A1693844081A401EC2
:10572000A0612078C00602D42046FFF751FA0998FC
:1057300028B1D4E901219047206A401C20622078DA
:10574000C00622D52046FFF743FA1EE0002E04DBF8
:10575000B34502DD01A8805D00E03020D4E90121DD
:105760009047206A401C2062761CAAF101005FEA83
:10577000000A0AD100F068FBC0680168405CD4E907
:1057800001219047206A401C2062281EA5F10105D6
:10579000DCDC07E0D4E9012118F8010B9047206A0E
:1057A000401C2062381EA7F10107F3DC2046FFF7FA
:1057B00025FA032011B043E601694A1C026108780A
:1057C000704700B58FB0CDE9013100210591054941
:1057D0007944CDE9031011466846FFF7B1FA0FB0DE
:1057E00000BD0000E5FFFFFF0A6802F8010B0A6038
:1057F000704710B5436913B1AFF3008001E0FFF7C4
:105800000EFA012010BD127800F124010A70002266
:105810004A700122EDE711684FF0FF32E9E700001E
:105820002DE9FF4F064689B00878FF2806D0491CAD
:105830002D2805D000244FF0000908E000200CE0DE
:105840000124F8E709EB8903491C00EB43090878B8
:10585000FF28F7D114B1C9F1000081461078002566
:105860002C46AA4629462D2801D02B2804D1521CAB
:105870002D2813D0002082468B461078FF280FD0A9
:105880004FF0000C0A21521CA5FB017804FB01819A
:1058900005FB0C11C5194BEB0104EEE70120EAE70B
:1058A000002108464FF00000BAF1000F02D000EBD3
:1058B00080004008C0F38158B8F1010F01DD4FF0BE
:1058C000FF380C9809EB000755EA040009D04FF0A7
:1058D000020917F5FA7F0BDA4FEACA70C6E900B081
:1058E00012E04FEACA70C6E900B00DB0BDE8F08F13
:1058F000B7F5FA7F0DDDF0487844D0E90010C6E92D
:10590000001040EACA707060FFF79EFCC0F800907B
:10591000EBE7391E02DAC8F1000200E0424600DA85
:10592000794206A800F046FD06AB93E8070003ABFA
:1059300083E8070044F23E005BEA04010090584609
:1059400004D144F21E012C465D460091210C09044D
:10595000014306D10099240444EA15442D0410396A
:10596000009104F07F41014306D10099240244EAEA
:1059700015642D020839009104F07041014306D1ED
:105980000099240144EA15742D01091F009104F0C7
:105990004041014306D10099A40044EA9574AD004A
:1059A000891E009104F00041084304D100986D194C
:1059B0006441401E009042466846002FCDE90145F3
:1059C00003A902DD01F007FB01E001F0DCFABAF106
:1059D000000F04460D4601D084F0004440F2FF77EA
:1059E00024F00040284303D0C4F30A50B84212D137
:1059F000FFF72AFCC0F80090C4F30A50B8420AD15D
:105A0000AE487844D0E90010C6E9001004F0004127
:105A10000843706069E7C6E9005466E72DE9FF4F67
:105A20001F464FF0000A4FF0FF38454691B0D7E9C6
:105A30000146CDF83CA000F007FAC0680168405C60
:105A40001090B96912986D1C8847396A8146884759
:105A50000028F6D1B9F1FF3F0AD0002E24F4D0641B
:105A600011DDB9F12B0F08D0B9F12D0F0BD102E0E8
:105A7000404615B03AE744F48064B96912986D1C49
:105A80008847761E8146600504A901D52D2000E0D7
:105A90002B20002E01F1010B0DF130088DF81000C4
:105AA0003FDDB9F1690F08D0B9F1490F05D0B9F15F
:105AB0006E0F02D0B9F14E0F1CD13B4601A80095E4
:105AC00080E85002DDE912126FF0020002F075FB6F
:105AD000C11CCED10EE0B96912986D1C8847814671
:105AE0001398761E44F4007405600F98401C002E35
:105AF0000F9016DDB9F1300FEDD0B9F1780F02D06B
:105B0000B9F1580F0DD10F9801280AD13B46CDE9C4
:105B10000054DDE91212001F029602F04CFBC11C7A
:105B2000A7D1109989453ED144F0800406E013992D
:105B3000681CAAF1010A44F400740860B9696D1C7C
:105B40001298761E884730288146F0D02BE01099B5
:105B5000894505D1200603D4761E44F0800418E060
:105B6000484601F0E8FB08B3761E0DF123018B4592
:105B700044F4007408D2A9F130000BF8010B2006A0
:105B800007D5AAF1010003E0200602D40AF10100C2
:105B90008246A00502D51399681C0860B96912985D
:105BA0006D1C88478146002ED1DC53E0002E51DD6C
:105BB000B9F1650F02D0B9F1450F4BD1A00549D518
:105BC000B9696D1C1298761E24F440748847002E23
:105BD00081460CDD2B2804D0B9F12D0F07D144F4F8
:105BE0008074B96912986D1C8847761E8146E0055D
:105BF00001D52D2100E02B2108F8011BCDF80080F4
:105C000021E0761E0DF13901884544F400740CD270
:105C1000A9F1300010F0FF0088F8000002D10099CF
:105C2000884509D908F1010806E0E00501D52448B6
:105C300001E042F20F708246B96912986D1C8847E4
:105C4000814613980560002E04DD484601F073FB81
:105C50000028D6D1F96912988847FF2053468BF85F
:105C6000000088F8000000200A900B9004AA0CA9FC
:105C70000AA8FFF7D5FDA00502D46FF00100F8E6F1
:105C800014F0240F0AD0E00714D13868DDE90A12B5
:105C9000031D3B600068C0E900120BE00AA96846DA
:105CA00001F0F2FAE00705D13868009A011D396069
:105CB000006802602846DCE6182C00000E2B00006D
:105CC000F1D8FFFF0268114413780160184670474D
:105CD000D160054979445161044979441162002138
:105CE0001161114600F05CB9EDFFFFFF31020000C9
:105CF000426842B1016811F8013B23B1521EC0E96C
:105D00000012184670470121C160881E7047426822
:105D10005AB1C368016843B983688B4205D0491EF4
:105D2000521CC0E90012002070474FF0FF3070474E
:105D30000FB4002300B589B00CA900910B99CB607A
:105D4000204B7B440693204B7B44079304236FF046
:105D50000042CDE901321D4A7A446B460892024660
:105D6000002002F026FA09B05DF814FB70B5064673
:105D70004FF0FF3015460C46324686B00091CDE913
:105D8000010169460020049004A8FFF7D1FF0346F3
:105D90000498211825B108B10A4600E022462A607D
:105DA00000280DD0002B02DD0098884208D0324632
:105DB000081B69460094CDE9010404A8FFF7B8FF69
:105DC00006B070BDABFFFFFFC3FFFFFFB3010000D4
:105DD0002DE9F04791460F4680460446002614F808
:105DE000015B2DB1FFF724FA0068405DC007F6D1D2
:105DF0002B2D02D02D2D18D0641E4A463946204640
:105E000000F088FA27B13968A14201D1C7F80080B3
:105E10004FF0020471050BD54042002803DDFFF767
:105E200013FA0460A007BDE8F08746F48066E4E753
:105E30000028F8DAFFF708FA04606FF00040F2E794
:105E40000048704734B300200048704754B3002026
:105E5000034640688C46002818BF88423CBF034672
:105E60004068F8D318681844884207D00CF1030042
:105E700020F00700001D411A521A0146081D0A6051
:105E8000FEF700BE30B5B0F10A024FEA900E71F194
:105E900000034EEA817EB0EB0E0061EB91014FEA08
:105EA000101E4EEA017E10EB0E0041EB11114FEA7D
:105EB000102E4EEA016E10EB0E0041EB11214FEA5D
:105EC000104E4EEA014E10EB0E0041EB114140180E
:105ED00041F100014FEAD00040EA41704FEAD101A0
:105EE00010EB80054FEA810444EA907444EB01040E
:105EF0006D1944EB0404521BA3414FF0000348BF4B
:105F00000A3200D530BD401C41F1000130BD10B552
:105F10000446FFF78DF90068005D00F0010010BD38
:105F20002DE9F0411F46044603260168072A01F4C3
:105F3000006004DB08B116A505E016A503E008B172
:105F400015A500E015A521F010002060A069C01E75
:105F5000A0610FB1401EA0612046FEF739FE4FB18F
:105F6000D4E9012138469047206A401C2062C01CB9
:105F7000206206E0206AFAE7D4E9012115F8010B56
:105F80009047761EF8D22046FEF738FEBDE8F08135
:105F90004E414E006E616E00494E4600696E6600CD
:105FA0002DE9F34F4FF0000A0C4656468DB0012004
:105FB0000C9001F10C000B9062690B980121904745
:105FC00005002DD0252D2CD0216A8847C0B16269EB
:105FD0000B9801219047216A88470028F7D1626910
:105FE000411E0B98904700E0761CA1690D988847E8
:105FF000216A88470028F7D1E1690D988847DBE7D7
:10600000A1690D988847A842074601D1761CD3E7BD
:10601000E1690D9888477F1C02D1BAF1000F6FD05B
:106020006BE162690B9800273D46394690472A2864
:1060300004D162690B98012190470125DFF8D082D5
:1060400062690B9801219047A0F130010A290AD218
:106050004745E5DC07EB870100EB4107303FDFD424
:1060600045F01005ECE7E90601D46FF000476C2815
:106070000AD04C2814D0682815D06A280DD074286E
:106080001CD07A281AD01DE062690B980121904734
:106090006C2802D045F0040514E045F002050DE03F
:1060A00045F020050AE062690B98012190476828B5
:1060B00002D045F0080505E045F4006562690B98DB
:1060C00001219047C4E9015765283DD019DC5828C3
:1060D0007AD00CDC452837D004DC252826D041288E
:1060E0009ED131E046282FD0472899D12CE05B285B
:1060F00077D0612828D063287CD0642823D15AE047
:10610000F6E06F2848D008DC66281DD067281BD031
:10611000692821D06E2816D127E0702845D0732831
:1061200068D0752847D078280DD14DE0A1690D9829
:106130008847252805463FF469AFE1690D988847EF
:106140006D1C3FF46AAFD8E00D9923466A466FF0A4
:10615000010002F02EF8C5E045F0400023464FF064
:1061600000026060A80736D43EE0E8077FF447AF3E
:106170002068011D21600068290501D506701BE714
:10618000290701D5068017E7A90703D5F117C0E94C
:10619000006111E706600FE745F0400023464FF02D
:1061A00008026060A80716D41EE040F60E0125EA3A
:1061B0000100606016E045F0400023464FF00A02FF
:1061C0006060A80707D40FE045F040006060A807B2
:1061D00008D5234610220D996FF00100AFF300801F
:1061E00080E007E0102223460D996FF00100AFF325
:1061F000008077E04FF0000963284F46C8464B46C1
:10620000CB4602D05B2806D038E0E80601D4012056
:10621000A060012732E06269D4F80CB00B9801212C
:1062200090475E2807D14FF0010949466269D4F8CA
:106230000CB00B989047216939B900210A4603AB8D
:1062400043F82120491C0829FADBD8B3216949B356
:1062500008F1010862690B98012190475D28F4D18B
:10626000B9F1000F09D0002003A951F82020D24332
:1062700041F82020401C0828F7DB03AB20690028E8
:1062800020794FEA40701ED05B462246CDF8008050
:10629000CDE901970D9900286FF0010020DAAFF3E6
:1062A00000801FE0C11703AA00EBD1614B1121F060
:1062B0001F0102EB8302411A136801208840034347
:1062C0001360C7E719E00D99224600286FF001001E
:1062D000009702DAAFF3008004E0AFF3008001E042
:1062E000AFF3008000280ADA401C06D10C9820B1D8
:1062F0004FF0FF300FB0BDE8F08F5046FAE7E907E6
:1063000001D10AF1010A064400200C9054E6000075
:10631000CCCCCC0C2DE9F05F824615468B4600278D
:106320000AF10104B9460078302801D09DB113E08C
:1063300014F8010B0127782803D0582801D045B163
:106340000AE00DB1102D07D1002714F8010B10251C
:1063500002E0082500E00A250026B0460EE005FB15
:10636000080005FB06F101271FFA80F801EB104633
:10637000B6F5803F00D3B94614F8010B294600F06A
:10638000BEF80028EBDABBF1000F05D00FB1641E98
:1063900000E05446CBF80040B9F1000F06D0FEF7FC
:1063A00053FF02210160C81EBDE8F09F48EA064085
:1063B000FAE700002DE9F047814616468AB03348D7
:1063C00078440DC88DE80D0030487844801C03AC3B
:1063D0000DC884E80D0041F69B300844372190FB3E
:1063E000F1F290FBF1F5A5F1800501FB12041B3CD5
:1063F00002D56442012000E00020DFF890A0804632
:106400000027FA44AAF1BE0A0DE0E00709D032469F
:10641000684607EB47010AEB810100F0C8FD8DE8F3
:10642000070064107F1C002CEFD1184F7F44AC3F55
:1064300018E0E80714D007EB04100DF1180A90E8F3
:106440000E008AE80E00C068F04201D19819089049
:10645000324606A903A800F0AAFD03AB83E80700B3
:106460006D10641C002DE4D132466946B8F1000F6E
:1064700003A802D000F073FD01E000F098FDC9E927
:106480000001C9F808200AB0BDE8F087C01F00006D
:1064900010B500F075FABDE8104000F06BBA754613
:1064A000FFF7CEFCAE4605006946534620F00700D4
:1064B000854618B020B5E9F7EBFFBDE820404FF066
:1064C00000064FF000074FF000084FF0000B21F0DE
:1064D0000701AC46ACE8C009ACE8C009ACE8C009AB
:1064E000ACE8C0098D46704710B5FEF7ADFE0068F8
:1064F00010BD10B50446FEF7A7FE046010BD3A2893
:1065000000D2303820F02002412A01D3A2F1370016
:10651000884201D34FF0FF30704700002DE9FF4F54
:106520001F464FF03C0987B04FF00042DDE91410E0
:1065300001F10108DDF858A002EA40500390002064
:1065400004908346054604460590B969461E08989E
:106550008847AAF1010A0290BAF1000F37DD0298CC
:106560002E2815D01021FFF7CAFF00282ADB4FF094
:10657000010B0499014316D0B9F1000F0BDB4A4619
:10658000C11700F025FA05430C43A9F1040905E001
:106590000120059007E008B145F0010501200490B5
:1065A000059800B9361DB969089808F101088847AF
:1065B000BBF1000FAAF1010A0290CDD00999C1F8F0
:1065C0000080C9E70298702808D0502806D0F969E1
:1065D00008988847BBF1000F14D04FE000200290CC
:1065E0000120BBF1000F049009D0B969089808F1A7
:1065F00001088847AAF10109B9F1000F07DCF96920
:10660000089888476FF001000BB0BDE8F08F2B2889
:1066100004D02D280CD14FF0FF300490B9690898B0
:1066200008F101088847A9F10109B9F1000FE6DD79
:10663000411CE4D00A21FFF762FF0028DFDB02994A
:1066400008F1010801EB810100EB41000290B969FA
:10665000089888470A21FFF752FF099AA9F1010912
:10666000B9F1000FC2F8008001DD0028E7DAF9690E
:10667000089888470499029800FB016655EA0400CF
:1066800004D004F04041090002D006E0039898E0ED
:10669000A40044EA9574AD00B61E04F00041080061
:1066A00002D16D196441761E159810F0240F03D0A5
:1066B0004FF00B095C4803E04FF028096FF07D00B4
:1066C0008246564507DAAAEB06018944B9F1410F23
:1066D00001DD4FF0410901200021A9F1010200F084
:1066E00077F9024628400B462140084301D001219A
:1066F00000E00021501E029143F1FF31284021406B
:10670000084301D0012000E000200299834651EAAD
:106710000B014FD0002108464FF00000039900F410
:10672000400039B100EB80004FF4400100EBD07025
:1067300001EA60008015012802DD4FF0FF3000E023
:1067400013D0401C36D0029860B3BBF1000F0CD1BF
:106750004A460120002100F03BF92840214008432F
:1067600001D0012000E00020E0B101204A460021D4
:1067700000F02EF9034640190A4661412D1A8C415A
:1067800011D3B9F1400F09DD159810F0240F02D094
:10679000AAF1340603E0AAF1170600E0761C0025F2
:1067A0004FF0004406E05B1E42F1FF3220EA030591
:1067B00021EA0204CAF10100B04206DA1B4903983B
:1067C00008430190002000900EE0039AC4F3D32107
:1067D000E80A0A43164940EA44500A433146CDE9E3
:1067E0000002684600F09CFD159810F0240F0BD0B5
:1067F0001598C00715D13868DDE90012031D3B600C
:106800000068C0E900120CE002A8694600F03CFDF7
:106810001598C00705D13868029A011D39600068D3
:1068200002604046F0E6000002FCFFFF0000F07F3F
:106830000000F03F2DE9FF4F92461D4685B04FF016
:106840000041DDE9124BDDE914727F1E01EA4B5075
:10685000414940F0FF4940EA0108002122F02000B0
:106860004928049102D04E2828D04CE03BA00126B4
:1068700007C88DE80700A9690698641C88477F1E31
:10688000014606D41DF8060018B121F0200181420E
:106890000BD0E96906988847032E34D0082E32D0F1
:1068A0006FF0010009B0BDE8F08F761C032E01D017
:1068B000082EE0D1601CCAF80000DCE7A969069840
:1068C000641C88477F1E2AD420F02000412826D14E
:1068D000A9690698641C88477F1E20D420F02000F8
:1068E0004E281CD1A9690698641C88477F1E48F46D
:1068F000002849F48009CAF8004001D4282806D0AD
:10690000E969069888475FEACB7012D022E0A9694E
:106910000698641C88477F1E01D4002803DAE969C1
:1069200006988847BCE72928F1D1641CCAF80040C2
:10693000E9E71BF0240F07D028680499031D2B609A
:106940000068C0E9001805E02868021D2A60006898
:10695000C0F800902046A5E70000F07F494E464968
:106960004E495459000000000446AFF30080204611
:10697000E9F76CFC002801D0ECF714BF7047000069
:1069800010B5012805D0002103A000F034F8012043
:1069900010BD09A1F8E7000053494752544D454D39
:1069A0003A204F7574206F662068656170206D65B0
:1069B0006D6F7279000000003A2048656170206DAB
:1069C000656D6F727920636F7272757074656400A3
:1069D000B2F120030AD5C2F1200301FA02F120FA34
:1069E00003F300FA02F041EA0301704700FA03F1F1
:1069F0004FF00000704770B505460C460A2000E0D5
:106A00006D1CECF7D2FE35B128780028F8D102E0F1
:106A1000641CECF7CAFE14B120780028F8D1BDE858
:106A200070400A20ECF7C1BE5FEA400C08BF91F04D
:106A3000000F4FEA8C234FEAC12243EA51514FEA3B
:106A40001C5018BF00F5F0404FEA300018BF41F06D
:106A500000415FEA6C5C00F02980BCF1FF3F08BF99
:106A600040F080407047130C06BF12044FF0100C2A
:106A70004FF0000C130E04BF12020CF1080C130FA0
:106A800004BF12010CF1040C930F04BF92000CF12F
:106A9000020CD30F04BF52000CF1010C11464FF051
:106AA0000002A0F11F00A0EB0C00704711F0004F96
:106AB00008BF704731F000413FF4D5AF0B0C06BF63
:106AC00009044FF0100C4FF0000C0B0E04BF09022C
:106AD0000CF1080C0B0F04BF09010CF1040C8B0F17
:106AE00004BF89000CF1020CCB0F04BF49000CF16C
:106AF000010CCCF12003A0EB0C0022FA03F302FA04
:106B00000CF241EA030100F10100704720F07F4CD4
:106B100080EA030023F07F47ACEB070303F57C53C7
:106B200000F0004003F1FF032DE980494FEA154BC7
:106B300009B44FEA144325EA0B4E24EA03480FF246
:106B4000042606EB132749083E785FEA320203FB6E
:106B50000667C7F5000707FB06F64FEA54374FEA0A
:106B6000D64606F1020607FB066CCCF1005C4FEA44
:106B70001C472CEA074C07FB06F40CFB06F504EB5C
:106B800015464FEA961634BF00204FF000404FEAFA
:106B9000D13706FB07FC4FEA1C4C0CFB0BF7D21B52
:106BA00003FB0CF761EB07010CFB0EF7B0EB0740A2
:106BB00072EB17420CFB08F734BFA2EB0742B2EBB3
:106BC000074261EB17414FEA0C444FEA910706FB7D
:106BD00007FC4FEA1C4C0CFB0BF7B0EBC74072EB09
:106BE000573203FB0CF734BFA2EBC742B2EBC742EC
:106BF00061EB57310CFB0EF7B0EBC70072EB57722D
:106C00000CFB08F734BFA2EBC702B2EBC70261EB83
:106C10005771039F4FEA816141EA921104EBCC0462
:106C20004FEAD1374FEA826206FB07FC42EA901234
:106C30004FEA80604FEA1C4C0CFB0BF7D21B03FBA6
:106C40000CF761EB07010CFB0EF7B0EB074072EBA2
:106C500017420CFB08F734BFA2EB0742B2EB074226
:106C600061EB17414FEA8C554FEA910704EB9C24E6
:106C700006FB07FC4FEA1C4C0CFB0BF7B0EBC740C4
:106C800072EB573203FB0CF734BFA2EBC742B2EBF7
:106C9000C74261EB57310CFB0EF7B0EBC70072EB4C
:106CA00057720CFB08F734BFA2EBC702B2EBC70266
:106CB00061EB577115EB4C254FEA816141EA921166
:106CC0004FEA82624FEAD13742EA901206FB07FC94
:106CD00044F100044FEA80604FEA1C4C0CFB0BF7B8
:106CE000D21B03FB0CF761EB07010CFB0EF7B0EBBB
:106CF000074072EB17420CFB08F734BFA2EB0742C8
:106D0000B2EB074261EB174115EB1C154FEA8131DD
:106D100041EA92414FEA823242EA90424FEA8030A1
:106D20004FEA0C7644F1000448EA03434EEA0B486C
:106D30004FF0000EB2EB080C71EB030724BF624664
:106D400039464EEB0E0E4FF0000B001852414941F0
:106D50004BEB0B0BB2EB080C71EB03077BF1000B59
:106D600024BF624639464EEB0E0E4FF0000B001862
:106D7000524149414BEB0B0BB2EB080C71EB030793
:106D80007BF1000B24BF624639464EEB0E0E51EAF2
:106D9000020718BF46F0010616EB0E7655F1000209
:106DA00054F1000103D5BDE88901BDE80088BDE8C4
:106DB0008901BDE80048B619524141EB0101A3F138
:106DC0000103704780807F7E7D7C7B7A797877763F
:106DD00076757473727171706F6E6E6D6C6C6B6AB8
:106DE0006A69686867666665646463636261616056
:106DF000605F5F5E5E5D5D5C5C5B5B5A5A595958D3
:106E0000585757565655555554545353525252513C
:106E1000515050504F4F4F4E4E4D4D4D4C4C4C4B92
:106E20004B4B4A4A4A4949494848484747474746D9
:106E30004646454545444444444343434342424215
:106E40004241414146EA0646A3F570534FEA1646D1
:106E500046EA42564FEAD22242EA415210B54FEA80
:106E6000D121A3F1010300F017F820F0004000F158
:106E7000010C00F0004701EB00501146BCF5006F1B
:106E800040EA070000D210BD02484FF0000140EA7E
:106E9000070010BD0000F07F002B26D4770021D022
:106EA0001CB54FEA370703B44FF010004FF0100144
:106EB0004FF000000FBCBDE810400BF1010BBBF11F
:106EC000010F08BF5FEA170722BF12F1010211F19B
:106ED00001014FF0004143F1000300F0004043EA9C
:106EE00000007047F9D35708DAE746EA064613F17F
:106EF000400F4FEA16461FDD13F1200FDFBF164388
:106F00000A46002120335B42C8D0C3F1200746EA7D
:106F1000064602FA07F74FEA164646EA0706C3F1A5
:106F2000200722FA03F201FA07F721FA03F14FF0E2
:106F3000000342EA0702B1E746EA020646EA0646CD
:106F40004FEA164646EA0106BCBF46EA0646360C3C
:106F50004FF000034FF000024FF000019EE72DE9D3
:106F6000C048934630B491E8380007C831EA400C75
:106F700048BF34EA430C03D5FFF7C8FDFFF78CFF89
:106F8000F0BCBDE800882DE9C048934630B491E8D4
:106F9000380007C831EA400C48BF34EA430C03D537
:106FA000FFF7B4FDFFF74EFFF0BCBDE800882DE908
:106FB000C048934630B491E8380007C810F0804FBD
:106FC00008BF13F0804F03D100F019F8FFF764FFFA
:106FD000F0BCBDE800882DE9C048934630B491E884
:106FE000380007C810F0804F08BF13F0804F03D15E
:106FF00000F005F8FFF726FFF0BCBDE8008820F0A0
:107000007F4780EA030023F07F4C07EB0C03A3F5D6
:107010007C5300F00040A3F1FE0392F0000F00F05B
:10702000B38095F0000F00F077802DE901494FEA19
:1070300011404FEA144621EA004800FB06FC24EA0E
:10704000064708FB06F607FB08F800FB07F718EBF6
:1070500006484CEB164C4FEA124B18EB07484FEA28
:1070600015464CEB174022EA0B4E0BFB06FC25EABB
:1070700006470EFB06F607FB0EFE0BFB07F71EEBA3
:10708000064E4CEB164C4FF000061EEB074E4CEB39
:10709000174B18EB0B0840F1000018EB0E0B58EBE8
:1070A000000840F100008F1A4FF000013CBFC943B7
:1070B000661B14BFB5EB040C00213CBFC943F61B93
:1070C0004FEA17444EEA8E0E27EA04454FEA1C4762
:1070D00004FB07622CEA074C05FB07F70CFB05F6DF
:1070E00004FB0CFC16EB074642EB174216EB0C4672
:1070F00042EB1C421BEB060658EB0202414146EAFA
:107100009E0601D5BDE80189B619524141EB010146
:10711000A3F10103BDE801894FEA14454FEA114785
:1071200024EA054621EA074C05FB07F406FB07F7AE
:107130000CFB06F105FB0CFC11EB074144EB17447B
:107140004FEA124711EB0C4144EB1C4422EA074C76
:1071500005FB07F206FB07F70CFB06F605FB0CFC2C
:1071600016EB074642EB174216EB0C4642EB1C456A
:107170006A1854F1000148BF7047B619524141EBFB
:107180000101A3F10103704795F0000F37D04FEADA
:1071900011424FEA144721EA024624EA074C02FB57
:1071A00007F106FB07F70CFB06F402FB0CFC14EBE3
:1071B000074441EB17414FEA154714EB0C4441EBF0
:1071C0001C4125EA074C02FB07F506FB07F70CFB01
:1071D00006F602FB0CFC16EB074645EB174516EBD3
:1071E0000C4645EB1C42121951F1000148BF704793
:1071F000B619524141EB0101A3F1010370474FEA77
:1072000014454FEA114724EA054621EA074C05FBDD
:1072100007F106FB07F70CFB06F24FF0000605FB33
:107220000CFC12EB074241EB174112EB0C4251EB05
:107230001C4148BF7047921841EB0101A3F10103C3
:107240007047490050EAC12018BF04204A0D18BFFA
:1072500040F0010040F2FF72B2EB515F08BF40F016
:107260000200012808BF0520704740F201320020CB
:107270004FF0E04100F06FBF024A0020110700F01C
:107280006ABF000001FDFFFF10B50446D1E900010F
:1072900000F002F8206010BDF8B504460D466A46BD
:1072A00000F050F800987E30009000281FDC00228B
:1072B00013462046294600F083FA18D0002140F6F4
:1072C00008004FF0000006462046294600F0DAF894
:1072D000044640F6080006EA00014FF0000034F0D2
:1072E000004004BF0220FFF704F92046F8BD0098D3
:1072F000FF280DDB0220FFF7FCF800221346204692
:10730000294600F05BFC8CBF04484FF0FF40F8BDFD
:1073100020462946BDE8F84000F0B4B8000080FFE0
:1073200010B504460A46D4E90003194600F036F8C1
:10733000C4E9000110BD30380A2801D2012070478D
:107340000020704710B5144600222260114A21F037
:1073500000439342A8BF10BD53EA000208BF10BD0E
:10736000B3F5801FA8BF226807DA362200F0F3FECB
:107370006FF0350221F000432260DFF81CC06FF38C
:107380001E510CEB23531A4441F0FF5141F00051C0
:10739000226010BD0000F07F02FCFFFF2DE9F041EC
:1073A00006460C4640F2FF75174635EA14502BD0BE
:1073B00000221346304600F003FA25D03A46304604
:1073C000214600F0C8FE06460C4635EA145010D09F
:1073D00000221346304600F0F3F915D10220FFF7E2
:1073E00088F8FFF749FF0A46214662F31E01BDE80F
:1073F000F0810220FFF77DF8FFF737FF0A462146AC
:1074000062F31E01BDE8F08130462146BDE8F081FF
:1074100000B583B00A460021CDE900110146684657
:10742000FEF7A4FCDDE9000103B000BD10B50029A2
:107430000AD00878002807D005487844FDF7B4FE44
:10744000002801D0002010BD0248784410BD000083
:10745000E2100000DA10000010B500290AD0087808
:10746000002807D005487844FDF79EFE002801D08B
:10747000002010BD0248784410BD0000C611000075
:10748000BE11000021F00042A2F16052B2F5801F4F
:1074900001F0004328BFD2F17F6C0BD95FEA001CDA
:1074A00043EAC20242EB507018BF704728BF20F079
:1074B00001007047B2F5801FBCBF184670474FEA05
:1074C000410C1CF5001F02D2084600F0DABD70B571
:1074D00000F020FB00000089FFF7F6BF4FF00040EE
:1074E000A0F580007047000002494FF0000000F056
:1074F00000BE00BF0000F87F491058BFC1F14041F5
:107500005B1058BFC3F140438B42EFF300807047DC
:107510002DE9C04130B4DFF8A0C23CEA111418BF15
:107520003CEA131400F0EC8081EA03051CEA111414
:1075300044EAD57418BF1CEA131500F0C780A4EB09
:1075400005044FF0004545EAC12145EAC32341EA5D
:10755000505143EA525304F17F74994204F50034C8
:107560004FEAC0204FEAC22208BF904200F09C8040
:107570004FEA13650FF24016765D4FEA134506FB9E
:1075800005F7C7F1807706FB07F74FEAD737A7FB68
:1075900003687642C8F58038A7FB06CE38BFA8F14D
:1075A000010807FB08E64FF0000EA6FB028CE6FB85
:1075B00003CEDCF1000CCEF1004E38BFAEF1010E6F
:1075C000A6FB0C584FF000074FF00005E6FB0E87B6
:1075D000A1FB08C6A0FB07CE16EB0E0645F1000581
:1075E000E1FB076515F1E04E7EBFA4F580345FEA4C
:1075F00046066D4116F1800745F100054FEA172751
:107600004FEA066647EA0567A6F1DE46B6F1805FF7
:107610004FEA15251FD9384624F0010C05EBC4713B
:10762000BCF1FE6F01EB0C1102D8F0BCBDE800818B
:1076300024425CBF01F5801E9EEAC47F02D4F0BCE8
:10764000BDE80081244238D4F0BCA1F1C041BDE8BE
:10765000004100F0ADBA4FEAD22242EA43524FEA6B
:10766000D323A7FB02864FEAD02040EA415007FB14
:1076700003661EEA0E0F4FEAD12105FB026658BFD2
:10768000A6EB0056B6EB00564FEA520E4EEAC37E0A
:1076900018EB0E0E56EB530EBDD518EB02085E41EB
:1076A0007F1C55F10005B6E74FF480154FF0000739
:1076B0004FF000064FF00008ADE7F0BC4FF00000BF
:1076C00001F1C04101F00041BDE8008111EA0C1F49
:1076D0000CEA131500D00CE013EA0C1F00F0258013
:1076E0004FF00000F0BC81EA030101F00041BDE869
:1076F0000081F0BCBDE8004181EA030100F058BA06
:10770000F0BCBDE8004170B500F004FA097EFC3E13
:1077100000F007B881EA03014FF0000001F00041DA
:10772000704781EA030100F043BAF0BCBDE80041B4
:107730004FF0000021497047FFFDFBF9F7F5F4F227
:10774000F0EEEDEBE9E8E6E4E3E1E0DEDDDBDAD8FC
:10775000D7D5D4D3D1D0CFCDCCCBCAC8C7C6C5C45A
:10776000C2C1C0BFBEBDBCBBBAB9B8B7B6B5B4B371
:10777000B2B1B0AFAEADACABAAA9A8A8A7A6A5A45C
:10778000A3A3A2A1A09F9F9E9D9C9C9B9A99999820
:107790009797969595949393929191908F8F8E8EC3
:1077A0008D8C8C8B8B8A8989888887878685858450
:1077B00084838382828181800000FF070000F87F3C
:1077C00051EA030C17D41CF5801F58BFBCF5801F6D
:1077D00000F10680994218BF704708BF9042704779
:1077E00007D711F5801F58BF13F5801F19D4994290
:1077F0007047894270471CF5801F08D5BCF5801F73
:10780000F7D58B4218BF704708BF824270474FF4CC
:10781000001C1CEB410F38BF1CEB430F01D28B4205
:10782000704770B500F076F9922449004FF000518E
:107830004FF08053FFF760BE4FEA41034FEA5353C6
:10784000A3F58063D3F11E03C8BFD3F1210C0CDD77
:107850004FF0004242EAC12242EA505232FA03FC9F
:107860008CEAE17CACEBE1707047102BC4BF0020C8
:10787000704703F5787CBCF1FF3F04D06FF0004205
:1078800082EA2100704770B500F044F949922480E3
:1078900000207047F2E700004FEA1153A3F5806320
:1078A000D3F11E03A8BFD3F1200C08DB4FF0004238
:1078B00042EAC12252EA505232FA03F070470942BA
:1078C0000BD4102BC4BF0020704703F5787CBCF1AB
:1078D000FF3F05D04FF0FF3070474FF0000070477A
:1078E00070B500F017F900BF49922480002070475E
:1078F000F0E710F0004248BF4042B0FA80F310FABF
:1079000003F10AD0C3F11D0303F580634FEA415030
:1079100002EB035202EBD12170474FF00000704799
:10792000B0FA80F310FA03F10AD0C3F11D0303F596
:1079300080634FEA41504FEA035202EBD121704776
:107940004FF000007047000051EA030C17D41CF5FB
:10795000801F58BFBCF5801F00F10680994218BFF8
:10796000704708BF9042704707D711F5801F58BF76
:1079700013F5801F19D499427047894270471CF54E
:10798000801F08D5BCF5801FF7D58B4218BF704704
:1079900008BF824270474FF4001C1CEB410F38BFF8
:1079A0001CEB430F01D28B42704770B500F0B2F868
:1079B000922449004FF000514FF08053FFF79CBDD7
:1079C000DFF848C170B51CEA111E1EBF1CEA131572
:1079D0009EEA0C0F95EA0C0F00F06F8081EA030419
:1079E00023EA4C134EEAD47E21EA4C1141F4801173
:1079F00043F48013AE44A1FB024CA0FB0365AEF13F
:107A00007F7E361955EB0C05A1FB034C4CF10003AE
:107A1000A0FB021C16EB0C06654153F10003094262
:107A200018BF46F0010613F4007F0BD14FEA033173
:107A30004FEA0530340341EA155140EA16506FF021
:107A400003020AE04FEAC3214FEAC520F40241EAEB
:107A5000555140EA56506FF0020202EB2E4201EB04
:107A6000025585EACE710AD05FEA440C18BF24F0B3
:107A7000004450F1000041F1000120EAD47040F2CE
:107A8000FE7C624500D270BDA84214BF4FF0804416
:107A90004FF04044002E08BF0024BEF1806FA8BF05
:107AA000A1F1C041BDE8704080F282804FF000003B
:107AB00001F1C04101F0004170479EEA0C0F0CEA51
:107AC000131518BF95EA0C0F06D04FF0000081EA9D
:107AD000030E0EF0004170BD00F01CF88900013E5D
:107AE00000F007B800F009B84FEA430C5FEA5C5CAD
:107AF00008D081EA030100F05BB84FEA410C5FEA6D
:107B00005C5CF6D14FF00000014970470000FF07B0
:107B10000000F87F0EF1020E2EF0030E5EF8046BEB
:107B2000364205D4012A43EB030515F5001F12D890
:107B3000012841EB010C1CF5001F0CD80ED14FEAB7
:107B4000D17C15F5001F0CEB4C0C0CF1020C08BF9E
:107B50004CEBD37C04E04FF0080C01E04FEAD37CFF
:107B60000CEB4C0526FA05F606F00706B6F1040CF8
:107B700006D20EEB860CBDE870404CF0010C60475D
:107B8000DFE80CF0090B02024FF000414FF000005B
:107B9000A1F5002170BD19461046012851EB0104E2
:107BA00018BFD4F5001484BF002001F0004170BD5F
:107BB0000808A0F500114FEA3101704753EA010CA3
:107BC00017D41CF5801F58BFBCF5801F00F106803C
:107BD0008B4218BF704708BF8242704707D713F522
:107BE000801F58BF11F5801F19D48B4270479B42EC
:107BF00070471CF5801F08D5BCF5801FF7D599424A
:107C000018BF704708BF904270474FF4001C1CEB30
:107C1000430F38BF1CEB410F01D2994270470FB49C
:107C20000CBC03BCFFF7C1BE43004FEAD30C4FEAC4
:107C30003C0C43401FBF40070CF1605113F0FE4F56
:107C400070471CF0006F03D100200CF0004170471A
:107C50000CF0004343EA507010B540EACC0000F04D
:107C6000CAF900BF000000924FEA0001FFF7A0BF71
:107C70004FF000414FF00000A1F500217047401087
:107C800058BFC0F14040491058BFC1F14041814246
:107C9000EFF30080704700004FF47F0C1CEAD01215
:107CA0001EBF1CEAD11392EA0C0F93EA0C0F00F0EE
:107CB000858090EA010F48BF42F4807240F4000CC6
:107CC00041F400002CF07F4120F07F4000B581425C
:107CD000A2EB03020FF2081CACEB504EC0F1000007
:107CE0009EF800E04FEA4E0E00FB0EFC38BF490044
:107CF0004FEA2C1C02F5FA020CFB0EF34FEACE1EE3
:107D00004FEA112C4FEAC1210EEB635E42EB224297
:107D10000EFB0CFC4FEA1C5300FB03114FEA112C25
:107D20004FEA01310EFB0CFC4FEADC4C00FB0C115E
:107D3000C14228BF09184CEB03335DF804EB10EB8C
:107D4000410143EBC250B2F57C0F38BF704729D5D3
:107D500012F0F00F1CBF00F1C04000F0004070476F
:107D6000008182838485868788898B8C8D8E8F9114
:107D70009293959697999A9C9D9FA0A2A3A5A7A838
:107D8000AAACAEB0B2B3B5B7B9BCBEC0C2C5C7C964
:107D9000CCCED1D4D7D9DCDFE2E6E9ECF0F3F7FAC8
:107DA000FE0000004FEA400C0CF1807CBCF17E4FDD
:107DB00028BF7047B0F1C04000F063B990EA010FEE
:107DC0000CEAD11348BF42F48072624538BF634564
:107DD00007D213F47F0F16D080EA010000F00040B4
:107DE000704710B500F007F9097EFC3E00F005B8B9
:107DF00080EA010000F00040704780EA010000F0D6
:107E0000004000F03EB912F47F0F04BF02487047F3
:107E100080EA010000F035B90000C07FC10DD1F14A
:107E20009E0206DB4FEA002343F0004323FA02F0F0
:107E30007047004207D54FEA4001B1F1FE4F02D230
:107E40004FF00000704710B500F0D5F8499224803B
:107E5000002070476FEA20007047000010F00041DA
:107E600048BF4042B0FA80F310FA03F2C3F19D0319
:107E70000BD051EAC35101EB1220530638BF7047B3
:107E800000F1010008BF20F00100704750EA010C2A
:107E900000F113801CF5000F58BFBCF5000F01D492
:107EA0008842704707D710F5000F58BF11F5000F33
:107EB00015D488427047894270471CF5000F04D5DD
:107EC000BCF5000FF7D5814270474FF0807C1CEB6A
:107ED000400F38BF1CEB410F01D28142704710B5F3
:107EE00000F089F8922449004FF000504FF0805183
:107EF000FFF7C5BE4FF47F0C1CEAD0121EBF1CEA70
:107F0000D11392EA0C0F93EA0C0F00F0478090EA2D
:107F1000010F48BF42F480724FF0004C4CEA002041
:107F20004CEA012102EB0302A0FB0113A2F50002BF
:107F3000002918BF43F001035B0028BF4FEA330359
:107F400042EB22425FEA132C4CEBC2502EBFBCEB3B
:107F5000436FB2F57C0F70474FEA036CBCF1004FE2
:107F600008BF20F00100B2F57C0F38BF70470BD579
:107F700082F0FF0212F5803FC8BF704700F1C04099
:107F8000D8BF00F00040704700F5000C5FEA4C0CD1
:107F900048BF7047B0F1C04000F073B890EA010FDD
:107FA0000CEAD11348BF42F48072624538BF634582
:107FB00004D280EA010000F00040704710B500F0E4
:107FC0001AF800BF8900013E00F007B800F009B8B8
:107FD0005FEA410C5FEA1C6C08D080EA010000F007
:107FE00050B85FEA400C5FEA1C6CF6D14FF00040DD
:107FF000A0F5800070470EF1020E2EF0030E5EF821
:10800000044B244204D44FEA4102B2F17F4F11D80D
:108010004FEA4003B3F17F4F0CD80ED14FEAD07C2A
:10802000B2F17F4F0CEB4C0C0CF1020C08BF4CEB87
:10803000D17C04E04FF0080C01E04FEAD17C0CEB5E
:108040004C0324FA03F404F00704B4F1040C06D240
:108050000EEB840CBDE810404CF0010C6047DFE8EB
:108060000CF0070802024FF00040A0F5800010BDA0
:108070000846420018BFD2F1807288BF00F000406D
:1080800010BDFF2141EAD050C005704751EA000CF5
:1080900000F113801CF5000F58BFBCF5000F01D490
:1080A0008142704707D711F5000F58BF10F5000F38
:1080B00015D481427047894270471CF5000F04D5E2
:1080C000BCF5000FF7D5884270474FF0807C1CEB61
:1080D000410F38BF1CEB400F01D28842704780EA45
:1080E000010081EA000180EA0100FFF7F8BEFDF718
:1080F0002DBA0CF00F03092B08BF082000F05F8099
:108100000A2B0BD0082B18BF704708BF1CF0400F7C
:108110000AD04FF000004FF0000170471CF0400FF4
:1081200018BF4FF0004070471CF0100F08D020F02F
:10813000704300F07F4242EAD3014FEA4370704738
:1081400000F0604021F07F4242EA000201F07F40EF
:1081500040EA727070474FF0FF0C4CF4E06C1CEA80
:1081600011531CBF9CEA030C9445C2BFDA4201EBD9
:1081700002517047002B0DD0BCF1000F0FD0002A28
:1081800001F00041A4BF41F0E04141F07F614FF0B8
:108190000000704701F000414FF00000704750EAC6
:1081A00001334FF09B0C18BF4CF0806C7FF49CA9FE
:1081B0007047FDF733BCFEF7B1B9FEF73BBB1CF4CB
:1081C000801F11D01CF4E02F03D06FEACC3149009E
:1081D00070474FF04050EFF3008222F0704242EAC5
:1081E000000282F3008870474FF000007047666B12
:1081F000D5667C62595E685AA8561453AC4F6C4CD5
:1082000053495F468E43DD404C3ED83B803944376E
:10821000203515332131432F792DC42B212A902865
:108220001027A0254024EF22AC2176204C1F301EC1
:108230001E1D181C1C1B2B1A431964188E17C116FF
:10824000FC153E158814D81330138E12F2115C11F0
:10825000CC104110BB0F3A0FBE0E460ED30D640D6D
:10826000FA0C930C2F0CCF0B730B1A0BC40A710A68
:10827000210AD50989094109FB08B8087708390896
:10828000FC07C107890752071D07EA06B8068906D9
:108290005A062D060206D805AF05880562053D057C
:1082A0001905F60400030306010406020500030590
:1082B0001F1C1F1E1F1E1F1F1E1F1E1F303132338B
:1082C000343536373839414243444546303132330C
:1082D00034353637383941424344454640305800FA
:1082E000303132333435363738396162636465662C
:1082F0004030780004000008000000000000000288
:10830000000100001000000002400000000000A07A
:108310000000000005400000000000C80000000050
:108320000C4000000000409C0000000019400000CC
:108330000020BCBE0000000034400000BFC91B8EFE
:1083400000000004B5400000504BCFD06607E2CFDC
:10835000010000006C4100003E8251AADFEEA7340C
:1083600001000000D9420000DCB5A0E23A301F97BE
:10837000FFFFFFFFB4450000FD25A0C8E9A3C14FE2
:10838000FFFFFFFFFF3F0000000000800000000033
:10839000FF3F0000000000800000000041542B431C
:1083A0005245470D0A0000000D0A4F4B0D0A000010
:1083B00041544F0D0A00000041542B4353510D0A04
:1083C0000000000041542B524542540D0A000000A9
:1083D0000D0A434F4E4E4543540D0A000D0A2B43E0
:1083E00053513A20000000002B2B2B007B224944E4
:1083F000223A222573222C22534E223A222573221E
:108400002C22436D64223A223231222C2241636BAA
:10841000223A223030222C2254696D65223A7B2286
:1084200079656172223A25642C226D6F6E74682220
:108430003A25642C22646179223A25642C22686FE3
:108440007572223A25642C226D696E757465223A24
:1084500025642C227365636F6E64223A25647D7DEA
:108460000000000047455420257320485454502FE5
:10847000312E310D0A486F73743A2025730D0A5559
:108480007365722D4167656E743A2047656E65723B
:10849000616C446F776E6C6F61644170706C69637E
:1084A0006174696F6E0D0A52616E67653A20627978
:1084B0007465733D25642D25640D0A416363657001
:1084C000743A202A2F2A0D0A436F6E6E6563746911
:1084D0006F6E3A206B6565702D616C6976650D0A6B
:1084E00044657669636549643A2025730D0A0D0A6F
:1084F000000000004886010800000020740D000004
:108500006C01000860890108740D002024AC000093
:10851000D0010008000000000000F07F1001000002
:1085200043000000F8FFFFFF004040404040404053
:108530004040414141414140404040404040404036
:1085400040404040404040404005020202020202DA
:108550000202020202020202022020202020202029
:10856000202020020202020202029090909090903D
:1085700010101010101010101010101010101010FB
:10858000101010100202020202028888888888886F
:10859000080808080808080808080808080808085B
:1085A0000808080802020202400000000000000063
:1085B00000000000000000000000000000000000BB
:1085C00000000000000000000000000000000000AB
:1085D000000000000000000000000000000000009B
:1085E000000000000000000000000000000000008B
:1085F000000000000000000000000000000000007B
:10860000000000000000000000000000000000006A
:10861000000000000000000000000000000000005A
:108620000000000000000000000000001C0000002E
:1086300043000000F8FFFFFF0C0000000E000000E8
:108640000F0000002E000000500600A24A040001A6
:10865000600901020304060708090C6110200502E5
:10866000040608202006800200002009100950009E
:108670000093320008B9044007CC0F0020CC5F17EC
:10868000A101037C8000011207C6F02C1327000013
:1086900034440000406100006489000009A8000023
:1086A00002C300002BE300006E1501001A2C01002C
:1086B000E1520100A9D2000421183010613D0100EF
:1086C000D11401009B7700002DF30008430AD9085C
:1086D00043B3BD084387A00843866A0844073E3E6B
:1086E00000001E180413F5D6280006887E0000033B
:1086F000000170040100040405CA6400061D100096
:108700000800FF01021C3001091F54013E40E01C1B
:10871000001800474C323032313339383636383170
:1087200038333330363837303438356302F60001A9
:108730003C049112233C031EA05803040C3333392C
:108740002E39362E31302E3235113C063131383843
:10875000338E045C045443509804B005474C485889
:1087600024C0083233343536373810C9E8021306CE
:10877000150A1F304F280579D987B0A40223FFAE10
:108780008983A98E1006E8830108B00412B8081284
:108790009C0812C41012A80812DC0412D0149C0603
:1087A000004E554C4C7805011C0FD9CC9973251CF3
:1087B0000552701C04F049026C045D7B040519F835
:1087C000D3F0D24C340B3337303132303139303191
:1087D000690F103133AD032D9506061110D4211009
:1087E00040072D303531312DE20DFF75030D313C41
:1087F000030004C3080700011006274A0108850486
:1088000012D3080D7351040A1C01FC69F85F60EA79
:1088100064066D91040C081039414243444546C03A
:1088200007EC050001E02E59060651143A065514CE
:108830009203DB2000012008C1814001C080410477
:10884000610C2108E118A11C011A3001163801360B
:1088500060012E70012F6000FF00C0C101C3030240
:10886000C2C60607C705C5C404CC0C0DCD0FCFCEBC
:108870000E0ACACB0BC90908C8D81819D91BDBDAEC
:108880001A1EDEDF1FDD1D1CDC14D4D515D717160C
:10889000D6D21213D311D1D010F03031F133F3F21C
:1088A0003236F6F737F53534F43CFCFD3DFF3F3EFC
:1088B000FEFA3A3BFB39F9F83828E8E929EB2B2A8C
:1088C000EAEE2E2FEF2DEDEC2CE42425E527E7E64C
:1088D0002622E2E323E12120E0A06061A163A3A2BC
:1088E0006266A6A767A56564A46CACAD6DAF6F6E3C
:1088F000AEAA6A6BAB69A9A86878B8B979BB7B7A6C
:10890000BABE7E7FBF7DBDBC7CB47475B577B7B68B
:108910007672B2B373B17170B0509091519353525B
:108920009296565797559594549C5C5D9D5F9F9E7B
:108930005E5A9A9B5B99595898884849894B8B8A0B
:108940004A4E8E8F4F8D4D4C8C44848545874746CB
:1089500086824243834181800A22407F00000000DA
:0400000508000131BD
:00000001FF
