:020000040800F2
:1000000098B90020750400087D0200087F020008EE
:1000100083020008870200088B020008000000002D
:100020000000000000000000000000008F02000837
:10003000910200080000000093020008313100081E
:100040008F0400088F0400088F040008858B0008C7
:100050008F0400088F0400088F0400088F04000834
:100060008F0400088F0400088F0400088F04000824
:10007000339400088F0400088F0400088F040008E0
:100080008F040008AB9200088F0400088F0400085A
:100090008F0400088F0400088F0400088F040008F4
:1000A0008F0400088F0400088F0400088F040008E4
:1000B0008F0400088F0400088F0400088F040008D4
:1000C0008F0400088F0400088F0400088F040008C4
:1000D0008F0400088F0400089F910008D392000845
:1000E0008F0400088F0400088F0400088F040008A4
:1000F0008F0400088F0400088F0400088F04000894
:100100008F0400088F0400088F0400088F04000883
:100110008F0400088F040008A92E00088F0400082F
:100120008F0400088F0400088F0400088F04000863
:1001300000F002F800F081F80AA090E8000C824478
:100140008344AAF10107DA4501D100F076F8AFF255
:10015000090EBAE80F0013F0010F18BFFB1A43F0A5
:1001600001031847488401006884010010F8013B2E
:100170000A4413F0030408BF10F8014B1D1108BF17
:1001800010F8015B641E05D010F8016B641E01F8C5
:10019000016BF9D1002D15D010F8014B03F00C03C1
:1001A0000C2BA1EB04040ABF10F8013BA4EB831451
:1001B000A4EB032405F1010314F8016B5B1E01F8A5
:1001C000016BF9D5914238BF10F8013BD1D370478C
:1001D0000023002400250026103A28BF78C1FBD850
:1001E000520728BF30C148BF0B607047672917F01E
:1001F000DA87692914F09885642914F0958578299F
:1002000014F0CE85732915F06283002070471FB566
:100210009DE8030015F090F815F072FE0400002030
:10022000002117F05FF9401C60600020002117F0EA
:100230006FF9E0601FBD10B510BD16F08CF91146C6
:10024000FFF7E5FF00F014F816F0EAFB03B4FFF740
:10025000F2FF03BC03F0CEFA80F30888704702482F
:1002600002490160FEE700000CED00E00100FA0524
:1002700002F06AFF01E002F0F5FFFCE7704700BF03
:10028000FEE700BFFEE700BFFEE700BFFEE77047E6
:10029000704770470CB50020019000906C480068D2
:1002A00040F480306A49086000BF6948006800F483
:1002B000003000900198401C0190009818B90198F6
:1002C000B0F5A06FF1D16248006800F4003010B1C1
:1002D0000120009001E0002000900098012843D107
:1002E0005C48006840F010005A4908600846006801
:1002F00020F0030008600846006840F00200086033
:10030000534840685249486008464068486008467B
:10031000406840F4806048600846406820F47C10E3
:1003200048600846406840F4E810486008460068A5
:1003300040F08070086000BF4548006800F0007021
:100340000028F9D04248406820F003004049486046
:100350000846406840F00200486000BF3C484068E2
:1003600000F00C000828F9D10CBD10B5FFF792FF82
:1003700010BD10B53648006840F0010034490860EF
:1003800008464068344908403149486008460068DA
:10039000324908402E4908600846006820F4802051
:1003A00008600846406820F4FE0048604FF41F00D3
:1003B0008860FFF7DAFF4FF000602949086010BD40
:1003C00010B5002100200022214B5B6803F00C01D6
:1003D00021B1042906D0082928D107E0214B224C5D
:1003E000236027E01F4B204C236023E0184B5B6801
:1003F00003F47010164B5B6803F48032022303EBA6
:10040000904022B9194B4343174C23600DE0104B29
:100410005B6803F4003323B1144B4343124C236055
:1004200003E0104B4343104C236003E00D4B0E4C94
:10043000236000BF00BF064B5B68C3F303130C4C83
:10044000E15C094B1B68CB40074C236010BD0000EA
:1004500000100240002002400000FFF8FFFFF6FEFF
:1004600008ED00E000127A000000002000093D00C5
:10047000040000200948804709480047FEE7FEE7DE
:10048000FEE7FEE7FEE7FEE7FEE7FEE7FEE7FEE744
:1004900004480549054A064B7047000073030008ED
:1004A0003101000898B3002098B9002098B50020C9
:1004B00098B5002031490143314A1160704770B549
:1004C000002100230F22C47804B32D4C246804F4C7
:1004D000E064C4F5E064210AC1F10403CA40447831
:1004E00004FA03F18478144021430901254C06786D
:1004F000A155047804F01F050124AC4005786D1166
:10050000AD0005F1E025C5F8004109E0047804F0EC
:100510001F050124AC401C4D0678761145F8264095
:1005200070BD1A4A0A400243154B1B1F1A607047E0
:1005300039B1134A121D12680243114B1B1D1A6078
:1005400006E00F4A121D126882430D4B1B1D1A60F4
:100550007047042808D14FF0E021096941F00401F7
:100560004FF0E022116107E04FF0E021096921F02E
:1005700004014FF0E0221161704700000000FA050D
:100580000CED00E000E400E080E100E080FFFF1FF0
:1005900010B5012001F03CF8002001F039F810BD41
:1005A0002A49086070472949091F08607047274990
:1005B00084310860704701460020254A10884FF6B4
:1005C0007F4210400843224A1080704701460020B5
:1005D0001F4A10884FF68072104008431C4A108052
:1005E000704708B500220092194A2C3A0092009AEE
:1005F00002440092009A116008BD08B5014600202F
:10060000009013482C3800900098084400900098FF
:10061000008808BD0D489C300068C0B270470C4887
:100620000830008840F0010009490831088070470F
:100630000648A0300068C0B27047054808300088FE
:1006400040F00200024908310880704704860D42DC
:100650002C6C004001684FF6FE72114001600021D1
:10066000016041608160C1608D49884208D18C4938
:100670000839496841F00F01894A083A51608AE017
:1006800087491431884208D185490839496841F0C1
:10069000F001834A083A51607DE08149283188425F
:1006A00008D17F490839496841F470617C4A083AA9
:1006B000516070E07A493C31884208D17849083964
:1006C000496841F47041764A083A516063E07449E0
:1006D0005031884208D172490839496841F4702183
:1006E0006F4A083A516056E06D496431884208D13A
:1006F0006B490839496841F47001694A083A516008
:1007000049E067497831884208D165490839496824
:1007100041F07061624A083A51603CE061498842A8
:1007200006D1011F096841F00F01021F116032E07C
:100730005C491431884208D15A49091F096841F0BF
:10074000F001584A121F116025E0564928318842AD
:1007500008D15449091F096841F47061514A121FB8
:10076000116018E04F493C31884208D14D49091FBA
:10077000096841F470414B4A121F11600BE049496E
:100780005031884207D14749091F096841F4702157
:10079000444A121F1160704710B50022026847F6E4
:1007A000F0739A430C6A8B6823430C6923434C69AA
:1007B00023438C692343CC6923434C6A23438C6ACB
:1007C00023431A430260CB6843600B6883604B6825
:1007D000C36010BD0021016041608160C1600161A2
:1007E00041618161C161016241628162704721B1F1
:1007F000026842F00102026004E002684FF6FE73F4
:100800001A40026070471AB103680B43036002E0AC
:1008100003688B4303607047416070470146486836
:1008200080B2704701460020002201F080531BB1C6
:100830001C4B083B1A6802E0194B083B1A6802EA95
:1008400001030BB1012000E00020704700F080514F
:1008500019B11449091F086002E0114908394860BC
:10086000704701460020002201F080531BB10D4B60
:10087000083B1A6802E00A4B083B1A6802EA0103C7
:100880000BB1012000E00020704700F0805119B149
:100890000449091F086002E00149083948607047AF
:1008A000080002400804024001460020FE4A106889
:1008B00000F03800084310607047FB49096821F0D8
:1008C0000801F94A11601146096801431160704737
:1008D000F549096821F01001F34A116011460968D1
:1008E000014311607047F148EF494860F0484860A3
:1008F0007047EE48EC494860ED4848607047EA4868
:10090000006940F08000E84908617047E6480069E6
:1009100040F08000E449086170470420E249C9685A
:1009200001F0010109B101200EE0DF49C96801F0C1
:10093000040109B1022007E0DB49C96801F0100198
:1009400009B1032000E00420704700B502460423EB
:10095000FFF7E3FF034603E0FFF7DFFF0346521E06
:10096000012B01D1002AF7D102B90523184600BD99
:1009700030B5044604254FF43020FFF7E6FF054666
:10098000042D17D1C848006940F00200C64908612B
:1009900008464461006940F0400008614FF430208F
:1009A000FFF7D3FF0546C048006941F6FD710840D6
:1009B000BD490861284630BD10B504244FF43020ED
:1009C000FFF7C3FF0446042C16D1B748006940F076
:1009D0000400B54908610846006940F0400008611C
:1009E0004FF43020FFF7B1FF0446AF48006941F6ED
:1009F000FB710840AC490861204610BD00B50246B5
:100A00000423FFF78AFF034603E0FFF786FF034650
:100A1000521E012B01D1002AF7D102B90523184635
:100A200000BD10B504244FF43020FFF7E7FF044663
:100A3000042C16D19C48006940F004009A490861D2
:100A40000846006940F0400008614FF43020FFF78D
:100A5000D5FF04469448006941F6FB71084092496D
:100A60000861204610BD00208F49C96901F00201CC
:100A700009B1012000E00020704730B5A52504240D
:100A8000FFF7F1FF00B100254FF43020FFF75DFFC5
:100A90000446042C3AD1854883498860844888609C
:100AA0000846006940F0200008610846006940F0EF
:100AB000400008614FF43020FFF747FF0446042C44
:100AC0001BD17948006941F6DF7108407649086119
:100AD0000846006940F01000086176480580E00291
:100AE000FFF733FF0446052C10D06F48006941F62C
:100AF000EF7108406C49086108E0052C06D06A488F
:100B0000006941F6EF71084067490861204630BD31
:100B100078B506460C46042500200090E802FFF751
:100B200014FF0546042D24D15F48006940F0010000
:100B30005D4908613480E802FFF707FF0546042D90
:100B400010D1B01C0090200C00990880E802FFF73B
:100B5000FCFE05465448006941F6FE7108405249C2
:100B6000086106E05048006941F6FE7108404E49B0
:100B70000861284678BD70B504460D460426F0028B
:100B8000FFF7E3FE0646042E11D14748006940F006
:100B90000100454908612580F002FFF7D6FE0646B0
:100BA0004148006941F6FE7108403F4908613046FE
:100BB00070BD70B505460E460424E002FFF7C5FE81
:100BC0000446042C17D13948374988603848886072
:100BD0000846006940F0100008612E80E002FFF72F
:100BE000B4FE0446052C06D02F48006941F6EF718B
:100BF00008402D490861204670BD2DE9F0430446A8
:100C00004FF6FF763746B046B1460425E443E6B2D8
:100C1000C4F30727C4F307484FEA1469E802FFF753
:100C200094FE0546042D49D120481F49886020487C
:100C300088600846006940F010000861FF2E06D069
:100C40001C4808300680E802FFF77FFE0546042DA9
:100C500008D1FF2F06D017480A300780E802FFF7B7
:100C600074FE0546042D0AD1B8F1FF0F07D01148D4
:100C70000C30A0F80080E802FFF767FE0546042D5F
:100C80000AD1B9F1FF0F07D00A480E30A0F8009042
:100C9000E802FFF75AFE0546052D0FD0024800690D
:100CA00041F6EF71084007E000200240230167454C
:100CB000AB89EFCD00F8FF1F664908612846BDE803
:100CC000F08330B5054604244FF43020FFF73DFE95
:100CD0000446042C41D160485E4988605F488860C2
:100CE0000846006940F0200008610846006940F0AD
:100CF000400008614FF43020FFF727FE0446042C23
:100D000022D15448006941F6DF7108405149086119
:100D10000846006940F0100008611DB100205049EC
:100D2000088002E0A5204E4908804FF43020FFF7EC
:100D30000CFE0446052C10D04648006941F6EF71C0
:100D400008404449086108E0052C06D04148006984
:100D500041F6DF7108403F490861204630BDF0B5DB
:100D600005460E46174604243B483A4988603B48EE
:100D70008860E002FFF7E9FD0446042C19D13548EC
:100D8000006940F010003349086147F0F800304333
:100D900028433349891C0880E002FFF7D6FD04464A
:100DA000052C06D02B48006941F6EF71084029490F
:100DB00008612046F0BD2748C06980087047254873
:100DC000006A704700202349096801F0200109B139
:100DD000012000E00020704729B11E4A1269024339
:100DE0001C4B1A6104E01B4A12698243194B1A61B9
:100DF000704701460020012908D1164AD26902F045
:100E000001020AB1012008E0002006E0114AD26880
:100E10000A400AB1012000E0002070470D49C86077
:100E2000704704200B49C96801F0010109B1012094
:100E30000EE00849C96801F0040109B1022007E089
:100E40000449C96801F0100109B1032000E0042041
:100E5000704700000020024023016745AB89EFCDB9
:100E600000F8FF1F10B50446CC48844208D1012188
:100E7000042000F0B3FB0021042000F0AFFB46E0AB
:100E8000C748844208D10121082000F0A7FB0021B7
:100E9000082000F0A3FB3AE0C248844208D10121B7
:100EA000102000F09BFB0021102000F097FB2EE0AB
:100EB000BD48844208D10121202000F08FFB002191
:100EC000202000F08BFB22E0B848844208D10121A9
:100ED000402000F083FB0021402000F07FFB16E063
:100EE000B348844208D10121802000F077FB002123
:100EF000802000F073FB0AE0AE48844207D1012154
:100F0000801500F06BFB0021A01500F067FB10BD01
:100F100010B50121084600F061FB0021012000F01E
:100F20005DFB10BD2DE9F0410246002500260020A2
:100F300000230024002791F803C00CF00F0591F85E
:100F400003C00CF0100CBCF1000F03D091F802C0EC
:100F50004CEA050591F800C0BCF1000F31D01468CF
:100F600000202BE04FF0010C0CFA00F3B1F800C0A8
:100F70000CEA03069E4220D183004FF00F0C0CFABE
:100F800003F7BC4305FA03FC4CEA040491F803C0E0
:100F9000BCF1280F06D14FF0010C0CFA00FCC2F88E
:100FA00014C00AE091F803C0BCF1480F05D14FF01E
:100FB000010C0CFA00FCC2F810C0401C0828D1D368
:100FC0001460B1F800C0BCF1FF0F34DD546800209C
:100FD0002EE000F1080C4FF0010808FA0CF3B1F80C
:100FE00000C00CEA03069E4221D183004FF00F0C93
:100FF0000CFA03F7BC4305FA03FC4CEA040491F82D
:1010000003C0BCF1280F05D100F1080C08FA0CF858
:10101000C2F8148091F803C0BCF1480F07D100F169
:10102000080C4FF0010808FA0CF8C2F81080401CB8
:101030000828CED35460BDE8F0814FF6FF710180DF
:10104000022181700421C17070470246002093681C
:101050000B400BB1012000E000207047014688687A
:1010600080B2704702460020D3680B400BB10120CC
:1010700000E0002070470146C86880B270470161F7
:101080007047416170470AB1016100E041617047FA
:10109000C16070474FF480320A438261816182618E
:1010A00082698269704702460020434B18684FF6F8
:1010B0008073184040EA021008433F4B18607047A5
:1010C0003E49C8617047F0B50A460023002400215C
:1010D000002500F00046B6F1004F02D1364EF1690E
:1010E00001E0354E7168C0F3034583B200F4401649
:1010F000B6F5401F08D121F070612F4E766826F0BA
:1011000070662D4F7E6012E000F48016B6F5801FE9
:1011100006D1032606FA05F4A14341F0706106E00A
:10112000460D360103FA06F6B14341F0706122B173
:10113000460D360103FA06F6314300F00046B6F1DB
:10114000004F02D11C4EF16101E01B4E7160F0BDF9
:1011500030B500228B071C0F0F2303FA04F2164B45
:1011600008338C1053F824309343134C08348D10FB
:1011700044F8253023468C1053F824308C07240F74
:1011800000FA04F423430C4C08348D1044F8253045
:1011900030BD0A49DC31086070470000000801409A
:1011A000000C0140001001400014014000180140F3
:1011B000001C0140002001400000014000002042CE
:1011C0000E49086070470D49486070470B498860B8
:1011D00070474AF6AA200949086070474CF6CC408F
:1011E00006490860704701460020044AD2680A4058
:1011F0000AB1012000E000207047000000300040EC
:1012000010B50121080700F0F6F900214FF08050D9
:1012100000F0F1F910BD2A490862704728490861B9
:10122000704701460020274A106820F0E00008437C
:10123000106070472249A0310860704710B502461F
:101240000020204B186820F00300104318601E4B4C
:101250001B6843F004031C4C2360012901D130BFFB
:1012600000E020BF184B1B6823F00403164C2360DA
:1012700010BD1448006840F0040012490860084698
:10128000006840F0020008600F48006840F0040069
:101290000D49086000BF00BF30BF70470146002005
:1012A000084A52680A400AB1012000E00020704755
:1012B0000449096841EA8001024A11607047000050
:1012C00000000E420070004010ED00E0DF480068B2
:1012D00040F00100DD49086008464068DC490840EC
:1012E000DA49486008460068DA490840D74908608A
:1012F0000846006820F4802008600846406820F412
:10130000FE0048604FF41F0088607047CF490968AD
:1013100021F48031CD4A11601146096821F4802101
:101320001160B0F5803F03D0B0F5802F0ED106E0FC
:10133000C649096841F48031C44A116007E0C349D5
:10134000096841F4A021C14A116000E000BF00BF5C
:10135000704710B501460022002300204A11012ADF
:1013600002D1BA4C236806E0022A02D1B74C236AA4
:1013700001E0B64C636A01F01F02012494401C4056
:101380000CB1012000E0002010BD38B50020009015
:101390000024002500BF3120FFF7DBFF0546009841
:1013A000401C00900098B0F5A06F01D0002DF2D045
:1013B0003120FFF7CEFF08B1012400E000242046D1
:1013C00038BD01460020A14A106820F0F80040EA2C
:1013D000C10010607047A0490860704702460020B5
:1013E0009A4B586820F47C1042EA01031843974B4B
:1013F0005860704798490866704701460020934A34
:10140000506820F003000843506070478F484068E0
:1014100000F00C007047014600208C4A506820F014
:10142000F00008435060704701460020874A50682A
:1014300020F4E06008435060704701460020834A72
:10144000506820F4605040EAC1005060704729B1F4
:101450007E4A527A02437D4B5A7204E07B4A527AAA
:1014600082437A4B5A7270477B49D8310860704783
:1014700001460020754A506820F4404008435060FF
:1014800070470021714A20321170704A82F8201092
:10149000012802D004280AD104E001216B4A20323D
:1014A000117005E00521694A2032117000E000BF8B
:1014B00000BF70476949086070476449096A014381
:1014C000624A11627047654944390860704730B517
:1014D00000210022002400235C4D6D6805F00C0102
:1014E00021B1042905D0082923D105E05C4D056010
:1014F00022E05B4D05601FE0544D6D6805F47012ED
:10150000524D6D6805F48034022505EB92421CB9FA
:10151000544D554305600BE04C4D6D6805F40035A6
:101520001DB1504D5543056002E04D4D55430560DA
:1015300002E04B4D056000BF00BF444D6D6805F0F3
:10154000F0010909484D6B5C0568DD4045603F4D81
:101550006D6805F4E061090A434D6B5C4568DD4048
:1015600085603A4D6D6805F46051C90A3E4D6B5C6B
:101570004568DD40C560354D6D6805F44041890B17
:101580003A4D6B5CC568B5FBF3F5056130BD29B11B
:101590002E4A526902432D4B5A6104E02B4A52698C
:1015A00082432A4B5A61704729B1284A9269024303
:1015B000264B9A6104E0254A92698243234B9A6143
:1015C000704729B1214AD2690243204BDA6104E015
:1015D0001E4AD26982431D4BDA61704729B11B4A0A
:1015E000D2680243194BDA6004E0184AD268824399
:1015F000164BDA60704729B1144A12690243134B43
:101600001A6104E0114A12698243104B1A61704753
:1016100012494039086070470F49C86470470B4948
:10162000C87170470948406A40F0807007494862B5
:10163000704701460020054A92680A400AB101201D
:1016400000E0002070470149887270470010024096
:101650000000FFF8FFFFF6FE000042428004424215
:1016600000127A0000093D00140000202400002030
:1016700010B50446FE48844208D10121C014FFF78A
:10168000ADFF0021E014FFF7A9FFC4E0B4F1804FE3
:1016900008D101210846FFF7AEFF00210120FFF726
:1016A000AAFFB8E0F348844208D101210220FFF7E5
:1016B000A2FF00210220FFF79EFFACE0EE4884422B
:1016C00008D101210420FFF796FF00210420FFF735
:1016D00092FFA0E0E948844208D101210820FFF7E9
:1016E0008AFF00210820FFF786FF94E0E448844247
:1016F00008D101211020FFF77EFF00211020FFF705
:101700007AFF88E0DF48844208D101212020FFF7DA
:1017100072FF00212020FFF76EFF7CE0DA48844250
:1017200008D101214014FFF759FF00216014FFF791
:1017300055FF70E0D548844209D10121C804FFF764
:101740004DFF00214FF40020FFF748FF63E0D04831
:10175000844209D101210805FFF740FF00214FF421
:101760008010FFF73BFF56E0CA48844209D10121AF
:101770004805FFF733FF00214FF40010FFF72EFF5D
:1017800049E0C548844208D101214020FFF733FFDA
:1017900000214020FFF72FFF3DE0C048844208D1E0
:1017A00001218020FFF727FF00218020FFF723FF82
:1017B00031E0BB48844208D101218015FFF71BFFAF
:1017C0000021A015FFF717FF25E0B648844209D194
:1017D00001210804FFF702FF00214FF48030FFF7DA
:1017E000FDFE18E0B048844209D101214804FFF70A
:1017F000F5FE00214FF40030FFF7F0FE0BE0AB48A0
:10180000844208D101218804FFF7E8FE00214FF44B
:101810008020FFF7E3FE10BD00220288944B98421F
:101820000ED0994B98420BD0B0F1804F08D0914B1D
:10183000984205D0904B984202D0904B984204D1E8
:101840004FF68F731A404B881A438D4B984207D03E
:101850008C4B984204D04FF6FF431A40CB881A4372
:1018600002808B8883850B880385814B98420BD03F
:10187000854B984208D08B4B984205D08A4B9842B2
:1018800002D08A4B984201D10B7A038601238382CE
:10189000704770B5002400220023058C4FF6FE76B9
:1018A00035400584028C8388048B4FF68F752C405D
:1018B000B51E2C400D882C43751E2A400D892A43E5
:1018C0004D882A436A4DA8420BD06F4DA84208D0DC
:1018D000744DA84205D0744DA84202D0734DA84261
:1018E00013D14FF6F7752A404D892A434FF6FB7501
:1018F0002A408D882A434FF6FF652B404FF6FF554F
:101900002B408D892B43CD892B4383800483CD8845
:101910008586028470BD70B5002400220023058CEA
:101920004FF6EF7635400584028C8388048B48F6A9
:10193000FF752C404FF6FF452C400D884FF6FF7683
:1019400006EA05252C434FF6DF752A400D8906EA85
:1019500005152A434D8806EA05152A43444DA84239
:1019600002D0494DA8421DD14FF67F752A404D89BE
:101970004FF6FF7606EA05152A434FF6BF752A4053
:101980008D8806EA05152A434FF6FF352B404FF2A6
:10199000FF752B408D8906EA85052B43CD8906EA24
:1019A00085052B4383800483CD880587028470BD21
:1019B00070B5002400220023058C4FF6FF663540E9
:1019C0000584028C8388848B4FF68F752C404FF6EC
:1019D000FC752C400D882C434FF6FF552A400D898D
:1019E0004FF6FF7606EA05252A434D8806EA0525C7
:1019F0002A431F4DA84202D0234DA8421DD14FF2C9
:101A0000FF752A404D894FF6FF7606EA05252A43E1
:101A10004FF6FF352A408D8806EA05252A434EF603
:101A2000FF752B404DF6FF752B408D8906EA051595
:101A30002B43CD8906EA05152B4383808483CD880B
:101A40008587028470BD70B5002200230024058CB8
:101A50004EF6FF7635400584038C8488828B48F6E9
:101A6000FF752A404FF6FF452A400D8820E0000010
:101A7000002C01400004004000080040000C004021
:101A8000001000400014004000340140004C0140B0
:101A9000005001400054014000180040001C00406C
:101AA0000020004000400140004401400048014047
:101AB0004FF6FF7606EA05252A434DF6FF752B40C3
:101AC0000D8906EA05352B434D8806EA05352B437B
:101AD000FA4DA84202D0FA4DA84208D14BF6FF7544
:101AE0002C408D894FF6FF7606EA85152C438480BD
:101AF0008283CD88A0F84050038470BD828B4FF262
:101B0000FF331A408283828B4FF6FF7303EA01236F
:101B10001A4382837047F0B50C4615460022002117
:101B20000026078C4EF6FF7C07EA0C070784828BA1
:101B3000018C4FF6FF7707EA043640F6FF473A403C
:101B40004FF6FF7707EA05273A434FF6FF7707EA94
:101B500003373A43D94FB8420ED0D94FB8420BD0D1
:101B6000B0F1804F08D0D74FB84205D0D64FB84219
:101B700002D0D64FB84206D14DF6FF77394046F431
:101B80008057394305E047F6FF57394044F4805702
:101B9000394382830184F0BD828B4FF6F3731A4080
:101BA0008283828B0A4382837047F0B50C461546C8
:101BB000002200210026078C4FF6FF6C07EA0C0775
:101BC0000784828B018C4FF6FF7707EA04264FF6D5
:101BD0000C773A404FF6FF7707EA03172F433A4353
:101BE000B64FB8420ED0B64FB8420BD0B0F1804FCE
:101BF00008D0B44FB84205D0B34FB84202D0B34F6B
:101C0000B84206D14FF6FF57394046F48077394342
:101C100005E04FF2FF57394044F48077394382831F
:101C20000184F0BD028B4FF2FF331A400283028B16
:101C30004FF6FF7303EA01231A4302837047F0B59E
:101C40000C461546002200210026078C4FF6EF7C3B
:101C500007EA0C070784028B018C4FF6FF7707EA2F
:101C6000041640F6FF473A404FF6FF7707EA03377E
:101C70003A434FF6FF7707EA05273A438F4FB842BA
:101C80000ED08F4FB8420BD0B0F1804F08D08D4F9F
:101C9000B84205D08C4FB84202D08C4FB84206D122
:101CA0004FF6DF77394046F01007394305E04FF62D
:101CB0005F77394044F01007394302830184F0BD57
:101CC000028B4FF6F3731A400283028B0A4302839E
:101CD0007047F0B50C46154600220021068C4FF6E1
:101CE000FE773E400684028B018C4FF60C76324024
:101CF0007E1C06EA03162E433243704EB0420ED0CD
:101D00006F4EB0420BD0B0F1804F08D06D4EB04254
:101D100005D06D4EB04202D06C4EB04206D14FF6A7
:101D2000FD76314044F00106314305E04FF6F5768B
:101D3000314044F00106314302830184F0BD70B5A7
:101D400005460C465D4885420ED05D4885420BD065
:101D5000B5F1804F08D05B48854205D05A4885428E
:101D600002D05A48854200D100E000BF208850B917
:101D70002389A28861882846FFF7ABFFE1882846BF
:101D8000FFF79EFF25E0208804280AD12389A28836
:101D900061882846FFF753FFE1882846FFF742FF96
:101DA00017E0208808280AD12389A288618828465C
:101DB000FFF7FBFEE1882846FFF7EEFE09E02389E6
:101DC000A28861882846FFF7A6FEE1882846FFF72B
:101DD00095FE70BD2DE9F04105460C460026012711
:101DE000608808B9022600E00026A088012801D1F9
:101DF000022700E001272088A0B92389A2886188F2
:101E00002846FFF766FFE1882846FFF759FF238938
:101E10003A4631462846FFF712FFE1882846FFF789
:101E200001FF13E02389A28861882846FFF707FF96
:101E3000E1882846FFF7F6FE23893A4631462846D0
:101E4000FFF747FFE1882846FFF73AFFBDE8F0813A
:101E50000A884B881A438B881A43CB881A430B890C
:101E60001A434B891A438B891A43A0F844207047C0
:101E70004FF6FF71818000210180C1804180017295
:101E800070470021018041808180C18001814181B2
:101E90008181C181704700210180418001218180C1
:101EA0000021C18001817047002101804180818033
:101EB000C18001814181818170470000002C014077
:101EC000003401400004004000080040000C0040C5
:101ED00021B1028842F00102028004E002884FF63C
:101EE000FE731A400280704731B1B0F8442042F4CA
:101EF0000042A0F8442005E0B0F84420C2F30E02EE
:101F0000A0F8442070471AB183890B43838102E013
:101F100083898B43838170478182704741EA020342
:101F2000A0F8483070471AB183890B43838102E0DF
:101F300083898B438381704701894FF6F872114082
:101F4000018170470A46002101894FF68F731940BD
:101F500011430181704730B504460D46294620469D
:101F6000FFF7F0FF208940F00700208130BD2DE908
:101F7000F04104460D4616461F46602D06D13B46ED
:101F8000012231462046FFF75AFE05E03B4601227A
:101F900031462046FFF79DFE29462046FFF7D2FF37
:101FA000208940F007002081BDE8F08130B50C4663
:101FB00000210189C9B24FF6FF7505EA03251543D3
:101FC00025432943018130BD2DE9F04105460E46E8
:101FD00017469846002443463A4631462846FFF7BE
:101FE000E5FF2C894FF6F870044044F007044FF6E3
:101FF0008F70044044F070042C81BDE8F081F0B58E
:1020000004460D4616461F463B46324629462046A4
:10201000FFF7CCFF208940F480402081F0BD01858E
:10202000828270470A46002101884FF68F7319405B
:10203000114301807047F0B50C4615461E4600213D
:10204000002200230189028B038C4FF6F877394078
:1020500021434FF6FC473A4040F201173A434FF60E
:10206000DD773B404FF6FF7707EA06172F433B43E8
:10207000018102830384F0BD0A460021018B4FF6E3
:102080008F7319401143018370470A460021018B69
:1020900048F6FF7319404FF6FF7303EA0223194312
:1020A000018370470A460021818B4FF68F731940D8
:1020B0001143818370470A460021818B48F6FF73E4
:1020C00019404FF6FF7303EA0223194381837047D7
:1020D00021B1028842F08002028004E002884FF6BB
:1020E0007F731A400280704721B1828842F0040257
:1020F000828004E082884FF6FB731A40828070472A
:1021000021B1828842F00802828004E082884FF682
:10211000F7731A408280704721B1828842F0010231
:10212000828004E082884FF6FE731A4082807047F6
:102130000A460021018B4FF6F773194011430183C2
:1021400070470A460021018B4FF2FF7319404FF68A
:10215000FF7303EA02231943018370470A460021F3
:10216000818B4FF6F77319401143818370470A46FC
:102170000021818B4FF2FF7319404FF6FF7303EA82
:1021800002231943818370470A460021018B4FF6D1
:10219000FB7319401143018370470A460021018BEC
:1021A0004FF6FF3319404FF6FF7303EA022319433A
:1021B000018370470A460021818B4FF6FB7319405B
:1021C0001143818370470A460021818B4FF6FF330C
:1021D00019404FF6FF7303EA0223194381837047C6
:1021E0000A460021018B4FF67F731940114301838A
:1021F00070470A460021018BC1F30E014FF6FF73B1
:1022000003EA02231943018370470A460021818BA8
:102210004FF67F7319401143818370470A460021AE
:10222000818BC1F30E014FF6FF7303EA02231943BA
:10223000818370470A460021018C4FF6FD731940D7
:102240001143018470470A460021018C4FF6F77351
:1022500019401143018470470A460021018C4FF652
:10226000DF7319404FF6FF7303EA02131943018429
:1022700070470A460021018C4FF67F7319404FF6D4
:10228000FF7303EA02131943018470470A460021D1
:10229000018C4FF6FF5319404FF6FF7303EA0223F8
:1022A0001943018470470A460021018C4FF2FF73E5
:1022B00019404FF6FF7303EA022319430184704764
:1022C0000A460021018C4DF6FF7319404FF6FF734B
:1022D00003EA023319430184704730B50023012417
:1022E0008C40A3B2048C9C430484048C02FA01F554
:1022F000ADB22C43048430BD30B5002304248C409F
:10230000A3B2048C9C430484048C02FA01F5ADB2A0
:102310002C43048430BD70B50346002000241846C9
:10232000183001258D40ACB21D8CA5431D8409B128
:10233000082909D100EB6100056825F070050560EA
:102340000568154305600EE00D1FC5F34E052844D2
:10235000056825F4E045056005684FF6FF7606EA56
:1023600002263543056070BD21B1028842F00202A9
:10237000028004E002884FF6FD731A400280704725
:1023800021B1028842F00402028004E002884FF684
:10239000FB731A400280704721B1828842F08002AC
:1023A000828004E082884FF67F731A4082807047F3
:1023B00002884FF6F7731A40028002880A430280AF
:1023C000704782884FF68F731A40828082880A4352
:1023D0008280704702894FF6F8731A4002810289A1
:1023E0000A430281704702894FF67F731A400281C7
:1023F00002890A4302817047818470478185704752
:10240000818670470187704781877047A0F8401028
:10241000704702884FF6FF431A40028002880A4341
:10242000028070470146888E70470146088F7047CA
:102430000146888F70470146B1F840007047014659
:10244000888C70470146088D704702460020138A29
:102450000B400BB1012000E000207047CA4302820C
:10246000704730B50246002000230024158A05EA93
:102470000103958905EA010413B10CB1012000E0C4
:10248000002030BDCA4302827047000010B50446E8
:10249000FB48844209D101218803FFF79FF80021FE
:1024A0004FF48040FFF79AF832E0F648844209D1B1
:1024B00001214804FFF79FF800214FF40030FFF797
:1024C0009AF825E0F048844209D101218804FFF7F9
:1024D00092F800214FF48020FFF78DF818E0EB48C8
:1024E000844209D10121C804FFF785F800214FF487
:1024F0000020FFF780F80BE0E548844208D1012175
:102500000805FFF778F800214FF48010FFF773F803
:1025100010BD2DE9F04786B005460E460024A246C0
:1025200000BFA1460027B08900B100BF2F462C8A0A
:102530004CF6FF700440F08804432C82AC894EF6C0
:10254000F3100440B088318908437189084304437B
:10255000AC81AC8A4FF6FF400440B0890443AC82A2
:1025600001A8FEF7B4FFC648874202D1DDF810A0EB
:1025700001E0DDF80CA0A88900F4004040B10AEBAE
:10258000CA0000EB0A1031684900B0FBF1F807E01F
:102590000AEBCA0000EB0A1031688900B0FBF1F8C1
:1025A0006420B8FBF0F004012009642101FB1089CC
:1025B000A88900F4004040B1322000EBC900B0FB14
:1025C000F1F000F00700044308E0322000EB0910AE
:1025D0006421B0FBF1F000F00F0004432C8106B041
:1025E000BDE8F0874FF41651016000218180C18061
:1025F00001810C21418100218181704710B5024683
:102600000020108A4FF2FF0318400B884C882343A8
:102610008C882343CC8823431843108210BD0021AB
:10262000018041808180C180704721B1828942F45C
:102630000052828104E082894DF6FF731A40828144
:102640007047F0B50346002400260025002040F620
:102650006A17B94200D100BF1846C1F3421401F015
:102660001F06012707FA06F5012C01D10C3004E002
:10267000022C01D1103000E014301AB107682F434A
:10268000076002E00768AF430760F0BD1AB1838AB4
:102690000B43838202E0838A8B4383827047028AE2
:1026A0004FF6F0731A400282028A0A430282704790
:1026B00082894FF2FF731A40828182890A438281A4
:1026C000704721B1828942F00202828104E082894E
:1026D0004FF6FD731A4082817047028A4FF6DF730E
:1026E0001A400282028A0A430282704721B1028A9A
:1026F00042F48042028204E0028A4BF6FF731A40E1
:1027000002827047C1F308028280704701468888C0
:10271000C0F308007047818941F001018181704751
:10272000028BD2B20283028B42EA012202837047FB
:10273000028B02F47F420283028B0A4302837047BA
:1027400021B1828A42F02002828204E0828A4FF61E
:10275000DF731A408282704721B1828A42F01002F0
:10276000828204E0828A4FF6EF731A4082827047B9
:1027700021B1828A42F00802828204E0828A4FF606
:10278000F7731A408282704721B1828942F4004275
:10279000828103E08289C2F30E028281704721B1F7
:1027A000828A42F40062828204E0828A4FF2FF73DE
:1027B0001A4082827047828A4FF6FB731A408282E7
:1027C000828A0A438282704721B1828A42F00202E1
:1027D000828204E0828A4FF6FD731A40828270473B
:1027E00002460020B1F5007F00D100BF13880B40E6
:1027F0000BB1012000E00020704701F40072B2F537
:10280000007F00D100BFCA430280704770B5024606
:10281000002400230025002040F66A16B14200D1B2
:1028200000BFC1F3421501F01F03012606FA03F3AE
:10283000012D02D19689334006E0022D02D1168A7D
:10284000334001E0968A33400C12012606FA04F464
:102850001688344013B10CB1012000E0002070BD97
:1028600010B50022002340F66A14A14200D100BF37
:102870000A1201249440A3B2DC43048010BD00007E
:10288000003801400044004000480040004C004037
:102890000050004010B50446FA48844208D1012196
:1028A0004015FEF79BFE00216015FEF797FE17E02E
:1028B000F548844208D101210015FEF78FFE002162
:1028C0002015FEF78BFE0BE0F048844208D1012171
:1028D000C803FEF783FE00214FF40040FEF77EFEA2
:1028E00010BD30B50246002000235068E84C20405F
:1028F0000D790C6844EA0524204350609068E54C4B
:102900002040D1E902542C434D7944EA4504204348
:102910009060D06A20F470000C7C641EE4B2234303
:1029200040EA0350D06230BD002101600171417165
:102930008160C16001210174704721B1826842F059
:102940000102826003E0826822F001028260704727
:1029500021B1826842F48072826003E0826822F4CE
:1029600080728260704710B50023CBB21AB1446800
:102970001C43446002E044689C43446010BD81688D
:1029800041F0080181607047014600208A6802F02A
:1029900008020AB1012000E000207047816841F080
:1029A000040181607047014600208A6802F0040239
:1029B0000AB1012000E00020704721B1826842F492
:1029C000A002826003E0826822F4A0028260704765
:1029D000014600208A6802F480020AB1012000E06A
:1029E0000020704710B50A4600210023416821F4F9
:1029F0006041531E41EA4331416010BD21B142683C
:102A000042F40062426003E0426822F400624260E5
:102A10007047F0B504460D4600200021092D11DD58
:102A2000E068A5F10A0606EB4607072606FA07F155
:102A30008843A5F10A0606EB460603FA06F10843A9
:102A4000E0600CE0206905EB4507072606FA07F170
:102A5000884305EB450603FA06F108432061072A7F
:102A60000FDA606B561E06EB86071F2606FA07F183
:102A70008843561E06EB860605FA06F10843606396
:102A800022E00D2A0FDA206BD61F06EB86071F26E1
:102A900006FA07F18843D61F06EB860605FA06F10B
:102AA0000843206310E0E06AA2F10D0606EB8607FA
:102AB0001F2606FA07F18843A2F10D0606EB8606EB
:102AC00005FA06F10843E062F0BD21B1826842F4E4
:102AD0008012826003E0826822F480128260704774
:102AE0000146C86C80B2704766484C300068704739
:102AF00021B1426842F48062426003E0426822F4FD
:102B000080624260704721B1426842F48052426064
:102B100003E0426822F48052426070470A46002176
:102B2000816821F4E04111438160704721B18268DE
:102B300042F40042826003E0826822F40042826034
:102B4000704721B1826842F40212826003E0826819
:102B500022F4021282607047014600208A6802F463
:102B600000120AB1012000E000207047F0B50446D1
:102B70001546002000220026092911DDE068A1F198
:102B80000A0707EB470C072707FA0CF29043A1F15D
:102B90000A0707EB470703FA07F21043E0600CE06F
:102BA000206901EB410C072707FA0CF2904301EB77
:102BB000410703FA07F210432061A06BC0F30156EE
:102BC000EF1C06F1010CA7EB0C0707EB870C1F2786
:102BD00007FA0CF29043EF1C06F1010CA7EB0C076F
:102BE00007EB870701FA07F21043A063F0BD10B5A9
:102BF0000A4600210023816B21F44011531E41EA53
:102C00000351816310BD08B5002300930090009B21
:102C10000B440093009B1A6008BD08B502460020D3
:102C20000090009201F12800009B18440090009849
:102C3000006880B208BD0A4600214168164B194061
:102C40001143416070474162826270470A46002129
:102C5000416821F01F0111434160704740B10949AB
:102C60000831096841F40001064A0832116007E0A2
:102C700004490831096821F40001024A0832116050
:102C8000704700000024014000280140003C014042
:102C9000FFFEF0FFFDF7F1FFFFFD3FFF02460020C2
:102CA00013680B400BB1012000E000207047CA43BD
:102CB0000260704770B502460020002300240B120A
:102CC0005568CEB205EA060415681D4015B10CB171
:102CD000012000E0002070BD00220A12D3430360EF
:102CE0007047000029B1504A128802434E4B1A80A7
:102CF00004E04D4A128882434B4B1A8070474A4881
:102D0000001D008840F010004749091D08807047E9
:102D10004548001D00884FF6EF7108404249091DE3
:102D200008807047002140481C300188001F00883F
:102D300041EA0040704700B50246FFF7E0FF100C83
:102D4000394918310880091D0A80FFF7E1FF00BDED
:102D500000B50246FFF7D3FFC2F303403249083102
:102D60000880091D0A80FFF7D3FF00BD00B50246A9
:102D7000FFF7C5FF100C2C4920310880091D0A807F
:102D8000FFF7C6FF00BD0020274910310988090759
:102D9000080B2549143109880843704700BF2248B1
:102DA000001D008800F020000028F8D070471E4861
:102DB000001D00884FF6F77108401B49091D088067
:102DC00000BF1948001D008800F008000028F8D056
:102DD000704701460020144A121D12880A400AB1A9
:102DE000012000E0002070470F49091D0988814338
:102DF0000D4A121D11807047014600200A4A121D1B
:102E000012880A40D0B2084A12880A4012B108B1AA
:102E1000012000E0002070470349091D0988814313
:102E2000014A121D118070470028004030BF7047D2
:102E300072B6704762B6704710B54FF4A060FDF7E8
:102E400039FB10BD7FB505460C4601211020FEF769
:102E5000B8FBADF80850ADF804400020ADF80A000A
:102E6000ADF8060001A91948FEF7D6FC012211466B
:102E70001648FFF748F836208DF8000003208DF83B
:102E800001008DF8020001208DF803006846FDF76F
:102E900016FB01210D48FFF71BF800200C490860C4
:102EA0007FBD0B490860704710B501210748FFF747
:102EB000D8FA012805D10648006810B10448006816
:102EC000804701210148FFF7DDFA10BD00100040E6
:102ED0002800002010B56FF00400FDF73AFB4FF01A
:102EE000E020006940F002004FF0E021086142F26A
:102EF000283048610846006940F00100086110BDB3
:102F0000F0B504460D4600212AE001EB81008B4E0E
:102F100056F8200010BB01EB810046F8204001204C
:102F200001EB8106854F07EB8606707401EB81008B
:102F30003E4606EB8000456001EB810006EB800019
:102F4000826001EB810006EB80000374002001EB3E
:102F5000810607EB8606F0600846F0BD481CC1B24A
:102F60001E29D2DBFF20F8E710B50146002027E03C
:102F700000EB8002714B53F822208A421ED10022BE
:102F800000EB80036D4C44F8232000EB800304EB3E
:102F900083035A7400EB800304EB83035A6000EB55
:102FA000800304EB83039A6000EB800304EB83034C
:102FB0001A7400EB800304EB8303DA60421CD0B286
:102FC0001E28D5DB10BD002100EB80025B4B43F8CF
:102FD000221000EB800203EB8202517400EB8002AE
:102FE00003EB8202516000EB800203EB82029160EE
:102FF00000EB800203EB8202117400EB800203EB12
:103000008202D1607047002048E000EB80014B4A0B
:1030100002EB8101097CE9BB00EB800102EB81013D
:10302000497C012938D100EB800102EB8101C9689C
:1030300081BB00EB800102EB8101496859B100EBD3
:10304000800102EB81014968491E00EB80023B4B85
:1030500003EB8202516000EB8001384A02EB8101F0
:103060004968B9B9012100EB8002344B03EB8202BD
:10307000D16000EB80011A4602EB8101896849B1F9
:1030800000EB800102EB8101896800EB800203EB19
:10309000820200E000E05160411CC8B21E28B4DB8F
:1030A000704710B5002440E004EB8400234901EB95
:1030B0008000407C012836D104EB840051F82000C8
:1030C00088B304EB840001EB8000007C012806D16A
:1030D00004EB8401194A52F82100804723E004EBF5
:1030E0008400164901EB8000007CE0B904EB840009
:1030F00001EB8000C068B0B104EB84010F4A52F8C4
:1031000021008047002004EB84010C4A02EB81017E
:10311000C86004EB8400114601EB8000806810B9A0
:103120002046FFF750FF601CC4B21E2CBCDB10BD54
:1031300010B504F0BBFDFFF766FF10BD740D002055
:10314000002000210160704710B5FFF7C3FE04F0B6
:103150005BFC04F0F7FC04F0BDFB06F095F903F00E
:10316000E5FB02F093FA04F042FB01F070FC01F081
:103170000EFD01F03EFE02F02BFA01F03CF810F0DB
:10318000AFFD07F0C9FC05F0C8FC07F066FB04467C
:103190000DF0F4FB40F25371032000F0DBFF01233C
:1031A0000A2211463248FFF7ABFE00230A221146DD
:1031B0003048FFF7A5FE00230A2205212E48FFF71D
:1031C0009FFE0123002205212C48FFF799FE0023D2
:1031D000642208212A48FFF793FE00234FF47A72F5
:1031E00005212848FFF78CFE00230A2211462648B5
:1031F000FFF786FE00230A2211462448FFF780FECF
:1032000000230A2211462248FFF77AFE00230A22F1
:1032100011462048FFF774FE00230A2211461E487B
:10322000FFF76EFE00234FF47A7264211B48FFF70C
:1032300067FE0023642219461948FFF761FE002348
:103240000A2219461748FFF75BFE00230A220521D0
:103250001548FFF755FE0123002205211348FFF70B
:103260004FFE10BD10B5FFF71CFF00F08AFF10BD28
:103270005D6900088B5B0008D3450008E74600083D
:1032800069790008A9780008E77A000885840008B1
:103290006F3C0108EB150108110D01089D21010883
:1032A000BFD20008FD9400084FCF000879CF000876
:1032B00070B503460C4603E014F8015B03F8015BAC
:1032C0001500A2F10102F7D170BD30B5034601E04F
:1032D00003F8011B1400A2F10102F9D130BD00B5C1
:1032E0007C494FF42072C8680021FFF7EEFF79494E
:1032F0004FF4A04288680021FFF7E7FF01207549DD
:10330000087400BD0022002105E07248C068405CDE
:1033100000B1521C491CB1F5207FF6D36420504304
:103320004FF42073B0FBF3F0C0B270472DE9F041C9
:1033300006460024A0466748007C10B96549086825
:1033400080471EB94FF0FF30BDE8F0816248006849
:10335000B6FBF0F085B260480068B6FBF0F100FB08
:10336000116008B1681C85B25C480068441E1BE00F
:103370005848C068005D20B908F101001FFA80F8C4
:1033800001E04FF00008A8450DD1002704E05149A5
:10339000C968E2198D547F1CAF42F8D34E490968C1
:1033A00004FB01F0D0E7641E002CE1DA4FF0FF309F
:1033B000CAE770B505464748007C20B9454908680A
:1033C0008047012070BD46480068854212D24248BD
:1033D0000068B5FBF0F13F48C068425C002405E09E
:1033E00000203C4BDB680E199855641C9442F7DBB7
:1033F0000020E7E70220E5E72DE9F04105463548E2
:10340000007C20B9334908688047BDE8F081314825
:1034100080682E1A3248006886421ED22E4B1B68E6
:10342000B6FBF3F02B4BDB68195C2A46002402E064
:1034300000231355641C284B1B684B43A342F7D849
:10344000002407E00023234FFF6800EB040C07F87B
:103450000C30641C8C42F5DBD7E700BFD5E770B5B4
:10346000044604B970BD1B488068251AFFF7E0FCCC
:103470002046FFF7C1FFFFF7DDFC00BFF2E770B5A4
:103480000546FFF7D5FC2846FFF750FF0446FFF737
:10349000D1FC601C08B9002070BD0E488068204433
:1034A000FAE770B506460C462046FFF73FFF054693
:1034B000681C08B9002070BD064989684819224671
:1034C0003146FFF7F5FE3046FFF7C9FF0148806837
:1034D0002844F0E738000020300000202C000020B5
:1034E00034000020012080F3138800BF00BF65482E
:1034F000006800F4E06064490843001D6149086009
:10350000BFF3408F00BF00BFFEE72DE9F05F064626
:103510000F4690460024B3463D46A14617E0687822
:103520004FEA002A28788244AD1C2046641C574983
:1035300021F810A0B4F5806F07D100244FF4806209
:10354000584600F0DAF80BF5006B09F10209C145A5
:10355000E5D324B1A2B24D49584600F0CEF8BDE8FB
:10356000F09F10B50446206849490840B0F1005F5B
:1035700008D16068474908602068FCF76DFE45483F
:103580000068804710BD08B54FF6FF70009002221A
:103590006946414800F0B1F84048FFF7E2FF08BD36
:1035A0003E483849091F08607047F0B59BB0054692
:1035B0000E461746684600F02BF932462946684603
:1035C00000F0FBFC17A9684600F05CFD002409E050
:1035D000395D17A8005D814202D000201BB0F0BD0C
:1035E000601CC4B2102CF3DBFF20F7E738B50446AB
:1035F000221D2B482168FFF7D8FF50B10020009012
:1036000002226946244800F078F8FCF728FEFF20E3
:1036100038BD0020FCE738B50446221D204821684B
:10362000FFF7C3FF40B100200090022269461A480C
:1036300000F063F8FF2038BD0020FCE700201949A6
:10364000088019490860704710B50446208815495C
:103650000988884214D1628813490968104BC81838
:10366000211DFFF752FF0F480088401C0D490880BC
:1036700060880D49096808440B490860FF2010BDA7
:103680000020FCE70CED00E00000FA054C62002091
:103690000000FE2F4C000020001400080018000855
:1036A00000A80108500000205400002001460888AE
:1036B00070472DE9F04105460E461746002407E005
:1036C00036F814102846FDF756FAAD1C601C84B27B
:1036D000BC42F5DBBDE8F08130B503460C4615462B
:1036E000002207E01846FFF7E1FF24F812009B1CB8
:1036F000501C82B2AA42F5DB30BD2DE9F05F804656
:103700008A461746B8F1006F02D33848804501D386
:10371000BDE8F09FFDF7E7F8A8F1006B4FEADB2565
:10372000CBF34909C9F58064A74200DC3C464EE072
:103730004FF0006101EBC5204A142D49FFF7CCFF83
:1037400000260BE009EB0600294931F810004FF67E
:10375000FF71884200D003E0701C86B2A642F1DB04
:1037600000BFA6421BDA4FF0006101EBC520FDF758
:10377000FFF8002608E03AF8160006EB09011C4A9B
:1037800022F81100701C86B2A642F4DB4FF00061F3
:1037900001EBC5204A141649FFF78BFF04E02246CF
:1037A00051464046FFF785FFA74200D110E06D1C4F
:1037B0004FF000090AEB440A08EB4408381B87B2B3
:1037C000B7F5806F02DD4FF4806400E03C46AFE760
:1037D00000BFFDF794F800BF9AE713B50446012235
:1037E00001A92046FFF789FF1CBD00000000040866
:1037F0004C6A0020014600BF704700BF704770B59B
:1038000004460D46E1B2002005F091FC204670BD53
:10381000002101604160FE498160FE4AC260CA43E6
:103820000261FC4AD2434261704770B503460024EE
:10383000002010E00E5C451C4D5D46EA0526851C07
:103840004D5D46EA0546C51C4D5D46EA056543F8F3
:103850002450641C001D9042ECD370BD2DE9F04350
:10386000C0B080468946D8F80040D8F80450D8F84F
:103870000860D8F80C70402249466846FFF7D5FF2B
:1038800005EA060027EA0501084300990844E249D1
:1038900008440444E00140EA54642C4404EA05006E
:1038A00026EA0401084301990844DC490844074416
:1038B000380340EA1757274407EA040025EA0701BE
:1038C000084302990844D64908440644700440EA73
:1038D000D6363E4406EA070024EA06010843039967
:1038E0000844D04908440544A80540EA95253544D4
:1038F00005EA060027EA0501084304990844CA4975
:1039000008440444E00140EA54642C4404EA0500FD
:1039100026EA0401084305990844C44908440744B9
:10392000380340EA1757274407EA040025EA07014D
:10393000084306990844BE4908440644700440EA16
:10394000D6363E4406EA070024EA060108430799F2
:103950000844B84908440544A80540EA952535447B
:1039600005EA060027EA0501084308990844B24918
:1039700008440444E00140EA54642C4404EA05008D
:1039800026EA0401084309990844AC49084407445D
:10399000380340EA1757274407EA040025EA0701DD
:1039A00008430A990844A0F524404F38064470049F
:1039B00040EAD6363E4406EA070024EA06010843F8
:1039C0000B9908449E4908440544A80540EA9525FA
:1039D000354405EA060027EA050108430C99084426
:1039E000984908440444E00140EA54642C4404EA41
:1039F000050026EA040108430D9908449249084449
:103A00000744380340EA1757274407EA040025EA29
:103A1000070108430E9908448C4908440644700481
:103A200040EAD6363E4406EA070024EA0601084387
:103A30000F990844864908440544A80540EA95259D
:103A4000354405EA070026EA0701084301990844BE
:103A5000804908440444600140EAD4642C4404EAE8
:103A6000060025EA06010843069908447A490844F5
:103A70000744780240EAD757274407EA050024EABA
:103A8000050108430B990844744908440644B003EF
:103A900040EA96463E4406EA040027EA0401084349
:103AA000009908446E4908440544280540EA153544
:103AB000354405EA070026EA07010843059908444A
:103AC000684908440444600140EAD4642C4404EA90
:103AD000060025EA060108430A9908446249084499
:103AE0000744780240EAD757274407EA050024EA4A
:103AF000050108430F9908445C4908440644B00393
:103B000040EA96463E4406EA040027EA04010843D8
:103B100004990844564908440544280540EA1535E7
:103B2000354405EA070026EA0701084309990844D5
:103B3000504908440444600140EAD4642C4404EA37
:103B4000060025EA060108430E9908444A4908443C
:103B50000744780240EAD757274407EA050024EAD9
:103B60000501084303990844444908440644B00346
:103B700040EA96463E4406EA040027EA0401084368
:103B8000089908443E4908440544280540EA15358B
:103B9000354405EA070026EA070108430D99084461
:103BA000384908440444600140EAD4642C4404EADF
:103BB000060025EA060108430299084432490844F0
:103BC0000744780240EAD757274407EA050024EA69
:103BD00005010843079908442C4908440644B003EA
:103BE00040EA96463E4406EA040027EA04010843F8
:103BF0000C990844264908440544280540EA15352F
:103C0000354485EA0600784005990844214943E097
:103C10000123456789ABCDEF78A46AD756B7C7E8CB
:103C2000DB702024EECEBDC1AF0F7CF52AC68747DE
:103C3000134630A8019546FDD8988069AFF7448BAC
:103C4000BED75C892211906B937198FD8E4379A643
:103C50002108B44962251EF640B340C0515A5E2681
:103C6000AAC7B6E95D102FD65314440281E6A1D845
:103C7000C8FBD3E7E6CDE121D60737C3870DD5F4DE
:103C8000ED145A4505E9E3A9F8A3EFFCD9026F67E3
:103C90008A4C2A8D4239FAFF08440444200140EA44
:103CA00014742C4484EA0500704008990844FC49C7
:103CB00008440744F80240EA5757274487EA0400BB
:103CC00068400B990844F74908440644300440EA28
:103CD00016463E4486EA070060400E990844F249C1
:103CE00008440544E80540EA5525354485EA0600C0
:103CF000784001990844ED4908440444200140EA11
:103D000014742C4484EA0500704004990844E8497E
:103D100008440744F80240EA5757274487EA04005A
:103D2000684007990844E34908440644300440EADF
:103D300016463E4486EA070060400A990844DE4978
:103D400008440544E80540EA5525354485EA06005F
:103D500078400D990844D94908440444200140EAB8
:103D600014742C4484EA0500704000990844D44936
:103D700008440744F80240EA5757274487EA0400FA
:103D8000684003990844CF4908440644300440EA97
:103D900016463E4486EA0700604006990844CA4930
:103DA00008440544E80540EA5525354485EA0600FF
:103DB000784009990844C54908440444200140EA70
:103DC00014742C4484EA050070400C990844C049DE
:103DD00008440744F80240EA5757274487EA04009A
:103DE00068400F990844BB4908440644300440EA3F
:103DF00016463E4486EA0700604002990844B649E8
:103E000008440544E80540EA5525354465EA0700BD
:103E1000704000990844B14908440444A00140EAB4
:103E200094642C4464EA0600684007990844AC494D
:103E300008440744B80240EA9757274467EA050058
:103E400060400E990844A74908440644F00340EA3C
:103E500056463E4466EA0400784005990844A24963
:103E600008440544680540EAD525354465EA07005D
:103E700070400C9908449D4908440444A00140EA5C
:103E800094642C4464EA0600684003990844984905
:103E900008440744B80240EA9757274467EA0500F8
:103EA00060400A990844934908440644F00340EAF4
:103EB00056463E4466EA04007840019908448E491B
:103EC00008440544680540EAD525354465EA0700FD
:103ED000704008990844894908440444A00140EA14
:103EE00094642C4464EA060068400F9908448449AD
:103EF00008440744B80240EA9757274467EA050098
:103F00006040069908447F4908440644F00340EAAB
:103F100056463E4466EA040078400D9908447A49C2
:103F200008440544680540EAD525354465EA07009C
:103F3000704004990844754908440444A00140EACB
:103F400094642C4464EA060068400B990844704964
:103F500008440744B80240EA9757274467EA050037
:103F60006040029908446B4908440644F00340EA63
:103F700056463E4466EA040078400999084466497A
:103F800008440544680540EAD5253544D8F80000C2
:103F90002044C8F80000D8F804002844C8F80400F9
:103FA000D8F808003044C8F80800D8F80C003844A5
:103FB000C8F80C0040B0BDE8F0832DE9F047044696
:103FC0000F4615460026B046B1462088C0F3C50806
:103FD000C8F14009206800EBC50020602068B0EB04
:103FE000C50F02D26068401C6060606800EB5570CD
:103FF00060604D451CD304F1180101EB08004A46EE
:10400000394611F06CF804F1180104F10800FFF7CB
:1040100025FC4E4605E0B91904F10800FFF71EFC27
:10402000403606F14000A842F5D94FF0000800E004
:104030000026AA1BB91904F1180303EB080011F0BC
:104040004EF8BDE8F08770B5034614460022002004
:1040500015E011F822501D5431F82250C5F30726FF
:10406000451C5E5551F82250C5F30746851C5E5528
:1040700051F822502D0EC61C9D55521C001DA04209
:10408000E7D370BD2DE9FC4104460E46002500270C
:104090002088C0F3C505382D40D2C5F138003FE077
:1040A00081F6718722619D6D0C38E5FD44EABEA45E
:1040B000A9CFDE4B604BBBF670BCBFBEC67E9B2853
:1040C000FA27A1EA8530EFD4051D880439D0D4D968
:1040D000E599DBE6F87CA21F6556ACC4442229F4BE
:1040E00097FF2A43A72394AB39A093FCC3595B6580
:1040F00092CC0C8F7DF4EFFFD15D84854F7EA86F4D
:10410000E0E62CFE144301A3A111084E827E53F772
:1041100035F23ABDBBD2D72A91D386EBC5F17800F0
:104120000746082221466846FFF78DFF3A460849B0
:104130002046FFF742FF082269462046FFF73DFF71
:10414000102204F108013046FFF77DFFBDE8FC8135
:104150005800002070B505460C4645F25550FDF755
:104160002FF82846FDF72FF82046FDF72FF8FDF72A
:1041700030F8FDF733F870BD4AF6AA20034908600D
:10418000704700B5FFF7F8FF00BD000000300040A9
:1041900070B5054600240AE02146002000F0B2FF79
:1041A00081B2F94800EB44000180601CC4B2082CC5
:1041B000F2DB00240BE02146012000F0A3FF81B2D6
:1041C000F148203000EB44000180601CC4B2082C90
:1041D000F1DB00240BE02146022000F093FF81B2C6
:1041E000E948403000EB44000180601CC4B2082C58
:1041F000F1DB70BD70470020E44981F8A10281F82D
:10420000A0024FF41670A1F88C020020A1F89202CF
:10421000A1F89002A1F88E02012081F88A02002004
:1042200081F8880281F8A20281F8890281F8A3024C
:1042300081F8810281F88002142081F8820270479F
:1042400070477047D14890F88202704710B5044615
:10425000CE4890F8820208B9002010BDCB4991F8F1
:104260008012CA4A02EB411020222146FFF720F8B3
:10427000C64890F88002401CC44981F88002084674
:1042800090F88202401E81F88202084690F880026F
:10429000142802D1002081F88002FF20DDE710B54C
:1042A0000446BA4890F88202142801D1002010BDBB
:1042B000B64890F88102B54A02EB40112022204610
:1042C000FEF7F6FFB14890F88102401CAF4981F833
:1042D0008102084690F88202401C81F8820208465A
:1042E00090F88102142802D1002081F88102012077
:1042F000DDE7F0B589B004460D4616461F46F1B21B
:104300008DF8121000218DF8131000208DF8100088
:10431000E9B28DF8111005940797002102910391DD
:104320008DF800006846FFF791FF09B0F0BD2DE958
:10433000F04389B080460C4616461F46DDF8409093
:104340002546A9788DF81210E9788DF81310287891
:104350008DF8100069788DF81110CDF81890CDE91E
:1043600002678DF800806846FFF770FF09B0BDE86E
:10437000F083864981F8A2027047844890F8A2022F
:10438000704770B50446207C00F096FF002848D1A5
:1043900002207E4981F8A002207C00F061FF48BB2A
:1043A0007A48B0F88C02B0F5967F51DA207C02F0A2
:1043B00061FC18B9207C02F04AFC20B1E07C401E70
:1043C000E074012070BD7148B0F88C0200283FD124
:1043D0006E4890F8A10258B101206C4981F8A00202
:1043E000084690F8A102401E81F8A1020220E9E7E8
:1043F0000320E7E7207C00F033FF0546012D0ED1B6
:10440000207C02F037FC18B9207C02F020FC20B19F
:10441000E07C401EE0740520D4E70420D2E70620AB
:10442000D0E7207C00F039FF012811D1207C02F078
:1044300021FC18B9207C02F00AFC48B1E07C401E47
:10444000E074627CA17C207C00F047FE0120B9E78B
:104450000020B7E770B5044600264D48007830B11B
:10446000012811D0022828D003280CD152E00020C6
:10447000464981F8A0020120454908704FF47A703E
:104480004249A1F8920299E0627CA17C207C00F074
:10449000F5FD88B1207C02F0EDFB207C02F0D7FB1B
:1044A0004FF416703949A1F88C020220384908707F
:1044B00014203649A1F8920280E0207C00F0FCFE36
:1044C000022826D1207C02F0D5FB207C02F0BFFB25
:1044D00001F0DFF920B12D4890F8A002012804D1A5
:1044E00000202A4981F8A10203E00120274981F830
:1044F000A1020120254981F8A00203202449087067
:104500004FF47A702149A1F892024FF41670A1F885
:104510008C0253E02046FFF734FF0546072D4BD2AF
:10452000DFE805F004050E172038410044E0FF26BF
:1045300000201749087014201449A1F892023BE0AA
:104540000120134908704FF47A701049A1F89202C3
:1045500032E0032600200E49087014200B49A1F810
:10456000920229E0627CA17C207C00F0DEFD08B193
:10457000042600E0012600200549087014200349A4
:10458000A1F8920218E0000065010020507200209E
:10459000C501002005260020FB4908701420FB49B6
:1045A000A1F8920208E002260020F74908701420C2
:1045B000F649A1F8920200BF00BF00BF00BFF34858
:1045C000B0F8920218B90E260020EF490870304664
:1045D00070BD00B5ED4890F8A00202280BD1EB4861
:1045E000B0F88C02002806DDE848B0F88C02401EC6
:1045F000E649A1F88C02E548B0F89602642807DA8B
:10460000E248B0F89602401CE049A1F8960205E0A5
:10461000FFF7F0FD0020DD49A1F89602DB48B0F875
:104620009202002806DDD948B0F89202401ED74910
:10463000A1F89202D548B0F89002002806DDD348D0
:10464000B0F89002401ED149A1F89002CF48B0F8CE
:104650008E02002806DDCD48B0F88E02401ECB4900
:10466000A1F88E02C948B0F89402002806DDC748B8
:10467000B0F89402401EC549A1F89402C348B0F8AE
:104680009802002806DDC148B0F89802401EBF49D4
:10469000A1F89802BD48B0F89A02002806DDBB4890
:1046A000B0F89A02401EB949A1F89A02B748B0F88A
:1046B0009C02002806DDB548B0F89C02401EB349B4
:1046C000A1F89C0200BD437A00F10A0202EB8302CA
:1046D0001160427A521C427270470146487A0A229F
:1046E00002EB800070477CB5A84890F8A2020F2822
:1046F00073D2DFE800F00872A7727272723E73F133
:10470000497EF0EF3A00A248FFF7C9FDE8B1012069
:104710009E4981F889029E48807C9E4988709C4809
:10472000C07CC8709A48007C08709948407C4870EA
:104730009748406948600020487208720120C1F81B
:104740002A000E20FFF715FE0EE09048B0F89E02FA
:1047500050B18E48B0F89C0230B900208B49A1F8C6
:104760009E0202200FF085F852E10220FFF701FEC1
:104770004EE141F6583364220121002003F0E6F9AE
:104780000A20FFF7F6FD43E1002003F002FA18BB10
:10479000002003F015FA38B97F497E48FFF793FFF0
:1047A0000220FFF7E6FD17E07B4966317948FFF705
:1047B0008AFF7748C06930B1764BD3F82A10586821
:1047C000734BDA699047734AD2F82A10506800F0A8
:1047D000B3FD0020FFF7CDFD1AE118E141F6583393
:1047E00064220021084603F0B1F90B20FFF7C1FD58
:1047F0000EE1002003F0CDF918BB002003F0E0F932
:1048000038B965496348FFF75EFF0220FFF7B1FD45
:1048100017E0614969315F48FFF755FF5C48C0699F
:1048200030B15C4BD3F82A105868594BDA6990477D
:10483000584AD2F82A10506800F07EFD0020FFF799
:1048400098FDE5E05248FFF705FE04462046042C9B
:1048500034D007DC68B101280CD0022816D0032818
:1048600065D11FE0052838D00E2845D0FF285ED13D
:104870004EE05CE008200EF0FCFF4FF497704549D5
:10488000C1F82A000D20FFF774FD50E008200EF05B
:10489000F0FF4FF497703F49C1F82A000D20FFF751
:1048A00068FD44E008200EF0E4FF40F22D10394985
:1048B000C1F82A000D20FFF75CFD38E008200EF05B
:1048C000D8FF4FF497703349C1F82A000D20FFF745
:1048D00050FD2CE02DE06CE060E02E49087803F0FC
:1048E00015F807200EF0C5FF02202A49C1F82A005A
:1048F0000D20FFF73EFD1AE008200EF0BAFF40F24F
:104900002F102449C1F82A000D20FFF732FD0EE0D8
:104910002049087802F0FAFF07200EF0AAFF0220D3
:104920001C49C1F82A000D20FFF723FD00BF00BF7E
:104930006EE01748C06930B1164BD3F82A1058689A
:10494000134BDA6990471348D0F82A0040F22D1132
:10495000884201D1012000E0002010B1662005F05E
:10496000DFFE0C4AD2F82A10506800F0E5FC002067
:10497000FFF7FFFC01200549A1F89E024FF4FA70F1
:10498000A1F89C0244E00000C50100205072002004
:10499000F874002018750020E0A5010041F6583396
:1049A00064220021084603F0D1F80C20FFF7E1FC57
:1049B0002EE0002003F0EDF840BB002003F000F9EA
:1049C00020B914491448FFF77EFE04E0114969310B
:1049D0001148FFF778FE1148806970B10E48FFF763
:1049E0007CFE85B20D48C1688068CDE900010B49A5
:1049F00008782A468B6908499847074AD2F82A104E
:104A0000506800F099FC0020FFF7B3FC00E000BF05
:104A100000BF7CBDE0A5010018750020F8740020DF
:104A200010B5044614B902F0A5FC10BD3A4800EBDD
:104A3000C400C079F9E710B504461CB902F09DFC2A
:104A4000C0B210BD344800EBC4008079F9E710B55E
:104A5000324800F0FCF8314B9A7859781B7803F013
:104A6000010002F08EFC04222C492B48FEF720FCAA
:104A700004222A49091D28480830FEF719FC04229F
:104A80002649083124481030FEF712FC10BD38B515
:104A900005460C46207820B9E278A178607802F0CB
:104AA00070FC617820781D4A12F8200061F3000044
:104AB000217802F82100A078217802EB810148706A
:104AC000E07840B2217802EB81018870104600F056
:104AD000A6F861782078104A12F8300061F30000DF
:104AE000217802F83100A078217802EBC1014870EA
:104AF000E07840B2217802EBC101887020788DF80F
:104B0000000000208DF8020001208DF80100002037
:104B10008DF8030038BD0000467500205E7500204A
:104B20000146F84830F811007047F74890F8FE0049
:104B30007047F54890F8FC007047F0B50346002434
:104B400000201A4600BF03E015682844121D641CAB
:104B5000B4EB910FF8D301F0030555B101F0030652
:104B6000C6F10406F7004FF0FF36FE4015683540E9
:104B70002844F0BD02460B46002104E0505C08B119
:104B800000207047491C9942F8D3FF20F9E710B57F
:104B9000DE48DF4908604FF43171DD480068FFF7F7
:104BA000CCFF0446DA480068D0F8C402A04226D1FF
:104BB000F4B94FF43171D6480068FFF7DBFFFF28E6
:104BC0000FD14FF43171D048FFF7B7FF0446CE48FC
:104BD000C0F8C4424FF4B2720146CC48FEF78DFDD6
:104BE0001CE04FF4B272C849C848FEF775FD15E0E5
:104BF0004FF4B272C449C548FEF76EFD0EE04FF4A3
:104C00003171C148FFF799FF0446BF48C0F8C4425C
:104C10004FF4B2720146BD48FEF76FFD10BD70B58E
:104C200004460C222146B8482430FEF741FB4FF4DD
:104C30003171B548FFF781FF0546B348C0F8C4524B
:104C40004FF4B2720146B148FEF757FD70BD10B582
:104C500004460C22AC4924312046FEF729FB10BD46
:104C600070B50446CC222146A7483030FEF720FB21
:104C70004FF43171A448FFF760FF0546A248C0F821
:104C8000C4524FF4B2720146A048FEF736FD70BD23
:104C900010B50446CC229C4930312046FEF708FB73
:104CA00010BD70B50446242221469748FEF700FB4C
:104CB0004FF431719448FFF740FF05469248C0F821
:104CC000C4524FF4B27201469048FEF716FD70BD13
:104CD00010B5044624228C492046FEF7E9FA10BD9F
:104CE00070B504468022214686482030FEF7E0FA5F
:104CF0004FF431718448FFF720FF05468248C0F821
:104D0000C4524FF4B27201468048FEF7F6FC70BD03
:104D100010B5044680227B4920312046FEF7C8FAB0
:104D200010BD70B505460C46224629467548A3308D
:104D3000FEF7BEFA744880F8A1414FF43171FFF7D5
:104D4000FCFE06467048C0F8C4624FF4B2720146D9
:104D50006E48FEF7D2FC70BD70B505460C46224683
:104D600029466848C330FEF7A3FA674880F8A24195
:104D70004FF43171FFF7E1FE06466348C0F8C462A4
:104D80004FF4B27201466148FEF7B7FC70BD10B532
:104D900004465D4890F8A12100F2A3112046FEF7D9
:104DA00087FA10BD10B50446574890F8A22100F2CA
:104DB000C3112046FEF77CFA10BD534890F8A201BB
:104DC000704770B50446504880F8A0414FF43171E7
:104DD000FFF7B3FE05464C48C0F8C4524FF4B27218
:104DE00001464A48FEF789FC70BD474890F8A0018B
:104DF000704710B50024474847490860C421464819
:104E00000068FFF79AFE044643480068D0F8C400E3
:104E1000A04221D1D4B94048006800884AF2A001DC
:104E200088420DD0C4213D48FFF787FE04463B4829
:104E3000C0F8C440642201463648FEF75EFC18E024
:104E4000642236493348FEF747FC12E064223349B6
:104E50003048FEF741FC0CE0C4213048FFF76DFEFE
:104E600004462E48C0F8C440642201462948FEF793
:104E700044FC10BD10B5044654222849091D2046A3
:104E8000FEF716FA10BD70B5044654222146234899
:104E9000001DFEF70DFAC4212048FFF74EFE05461F
:104EA0001E48C0F8C450642201461A48FEF725FC8B
:104EB00070BD10B504462022184958312046FEF72F
:104EC000F7F910BD70B5044620222146134858302A
:104ED000FEF7EEF9C4211148FFF72FFE05460F48F3
:104EE000C0F8C450642201460A48FEF706FC70BDB3
:104EF00010B504462A22094978312046FEF7D8F930
:104F000010BD0000CC020020CC01002000D8030816
:104F1000C801002000EC030894040020980400203D
:104F200070B504462A2221465148FEF7C1F9C42132
:104F30004F487838FFF701FE05464D487838C0F8ED
:104F4000C450642201464B48FEF7D7FB70BD10B534
:104F50000446202246492A312046FEF7A9F910BD11
:104F600070B504462022214641482A30FEF7A0F9B8
:104F7000C4213F487838FFF7E0FD05463C487838C3
:104F8000C0F8C450642201463A48FEF7B6FB70BD33
:104F900008B500200090012269463748FEF79CFBC7
:104FA000BDF8000008BD08B5002000900122694648
:104FB0003148801CFEF790FBBDF8000008BD08B525
:104FC00000200090012269462B48001DFEF784FB5B
:104FD000BDF8000008BD08B5002000900122694618
:104FE0002548801DFEF778FBBDF8000008BD70B5B0
:104FF00004460D46B4F57A6F09DAC4EBC4011E4AC3
:10500000083202EB81000E222946FEF765FB70BDD7
:1050100070B504460D46B4F57A6F09DAC4EBC401E5
:10502000154A083202EB81000E222946FEF765FB85
:1050300070BD01B5012269460F48FEF75EFB08BD51
:1050400001B5012269460C48801CFEF756FB08BDDD
:1050500001B5012269460848001DFEF74EFB08BD58
:1050600001B5012269460448801DFEF746FB08BDD4
:105070001005002000EC030800A8010870B50446E4
:105080000E46154624B92946304600F015FB70BD82
:1050900004EB840000EBC4008F4901EBC000807872
:1050A00008B10020F3E7012004EB840101EBC40107
:1050B000894A02EBC101087104EB840000EBC400D3
:1050C000114601EBC000867104EB840000EBC400C4
:1050D00001EBC0004571FF20D9E770B504460D46CD
:1050E000164624B93146284600F0F6FA70BD002075
:1050F00004EB840101EBC401774A02EBC1010871A2
:1051000000BFF3E770B504460D461CB9284600F011
:10511000E8FA70BD04EB840000EBC4006E4901EBBB
:10512000C000083050F82500F3E770B504460E467D
:1051300015466CB929462046FFF7E4FF04EB8401CD
:1051400001EBC401644A02EBC101083141F82500BA
:1051500004EB840000EBC4005F4901EBC0000830A1
:1051600050F825100120B040014009B1012070BD68
:105170000020FCE7024602EB820000EBC200564B27
:1051800003EBC000283050F831007047024602EBB4
:10519000820000EBC200504B03EBC0004078704728
:1051A00070B504460E4615466CB929462046FFF7F1
:1051B000E1FF04EB840101EBC401474A02EBC101AA
:1051C000283141F8350004EB840000EBC40042496B
:1051D00001EBC000283050F835100120B0400140EC
:1051E00009B1012070BD0020FCE770B504460D46F2
:1051F0001CB9284600F024FB70BD04EB840000EBD2
:10520000C400354901EBC000283000EBC500406800
:10521000F2E770B504460E46154674B92946204695
:10522000FFF7E3FF04EB840101EBC4012A4A02EB20
:10523000C101283101EBC501486004EB840000EB9B
:10524000C400254901EBC000283000EBC5004068D0
:105250000121B140084008B1012070BD0020FCE7E9
:1052600010B5044614B900F00CFB10BD04EB84002B
:1052700000EBC400184901EBC0004078F5E710B519
:10528000044614B900F001FB10BD04EB840000EBF0
:10529000C400114911F83000F6E710B5044614B9FE
:1052A00000F0F7FA10BD04EB840000EBC4000A49DB
:1052B00001EBC000C078F5E710B5044614B900F062
:1052C000B3FA10BD04EB840000EBC400024901EB0B
:1052D000C0008078F5E700006C75002070B588B0DC
:1052E0000546FFF760FE064600240AE0A0B201A9C9
:1052F000FFF77DFE0398A84202D1012008B070BDDF
:10530000641CB442F2D30020F8E770B588B00546BB
:10531000FFF749FE064600240AE0A0B201A9FFF704
:1053200066FE0398A84202D1069808B070BD641CBE
:10533000B442F2D30220F8E7F0B587B005460E4636
:10534000FFF731FE074600240DE0A0B26946FFF7E3
:105350004EFE0298A84205D10596A0B26946FFF715
:1053600057FE02E0641CBC42EFD300BF07B0F0BDA3
:10537000F0B587B007461C2239466846FDF798FF0E
:10538000FFF711FE0546FFF71AFE0646FFF723FE5C
:105390000446069469462046FFF73AFEB5F57A6F53
:1053A0000ADA681C85B240F69F70844202DA601CFB
:1053B00084B211E000240FE040F69F70844202DACC
:1053C000601C84B200E0002440F69F70864202DA3E
:1053D000701C86B200E000262846FFF731FE3046FA
:1053E000FFF736FE2046FFF73BFE07B0F0BD2DE984
:1053F000F04F9BB004460D4617464FF0000BD946C0
:1054000020888D49A0FB0110A0788C4A50430918D0
:10541000E0788B4A00FB02F00918207942F2107202
:1054200000FB02F0091860794FF0640200FB02F003
:105430000918A07908181A9028887F49A0FB011044
:10544000A8787E4A00FB02F00918E8787C4A00FB45
:1054500002F00918287942F2107200FB02F00918D4
:1054600068794FF0640200FB02F00918A879081867
:105470001990FFF798FD8246C84654E01FFA88F05D
:1054800012A9FFF7B4FDBDF848006B49A0FB01105D
:105490009DF84A00694A504309189DF84B00684A34
:1054A00000FB02F009189DF84C0042F2107200FB5C
:1054B00002F009189DF84D004FF0640200FB02F065
:1054C00009189DF84E000E181A98864229D319988B
:1054D000864226D8BBF5787F00DB26E009F101097A
:1054E000DDE91423DDE91610CDE90423CDE906102A
:1054F0009DF84E009DF84D109DF84C209DF84B30C6
:10550000CDE90032CDE902109DF84A30BDF84820BF
:105510004CA109A80FF0A2FB1FB109A938460FF052
:10552000D2FD08F10108D045A8D300BF48461BB002
:10553000BDE8F08F2DE9F04399B004460D464FF0D9
:1055400000090027FFF72FFD8046002639E0B0B2A2
:1055500012A9FFF74CFDBDF84800218888422FD1E1
:105560009DF84A00A17888422AD19DF84B00E17845
:10557000884225D1B9F5BF5F00DB24E07F1CDDE95F
:105580001423DDE91610CDE90423CDE906109DF8BA
:105590004E009DF84D109DF84C209DF84B30CDE904
:1055A0000032CDE902109DF84A30BDF848202DA107
:1055B00009A80FF053FB1DB109A928460FF083FD80
:1055C000761C4645C3D300BF384619B0BDE8F0830A
:1055D00010B50024FFF7DCFC0446012C0CD00020A1
:1055E000FFF72EFD0020FFF733FD0020FFF738FD09
:1055F0000120FFF71EFD01E000BF00BF10BD88B015
:10560000002413E0039401200690482C01D100BF30
:1056100000BF01A8FFF7ACFE2046FFF776FE06901C
:105620000698012801D000BFFEE7641CB4F57A6F2C
:10563000E8D300BFFEE7000000E40B5400E1F505ED
:1056400040420F00253464253264253264253264DB
:105650002532642532642F25642F25642F25642F7D
:1056600025642300253034642530326425303264CB
:105670002530326425303264253032642F25642F82
:1056800025642F25642F25642300000010B5002415
:105690000CE0002104EB440000EB0412FE4840F84B
:1056A0002210603840F82410601CC4B2082CF0DBD3
:1056B00000F06CFE10BD70470246F7487838807CD9
:1056C00008B1002070470120F34B783B187518464D
:1056D00082754175FF20F5E70022EF4B783B1A7584
:1056E00070470146EC48603850F821007047024688
:1056F000E948603850F8210001239340184008B170
:10570000012070470020FCE70146E348403850F88C
:10571000310070470146E0487838407C704710B54A
:105720000246DD48403850F831000124944000EA38
:1057300004030BB1012010BD0020FCE730B5024688
:1057400001EB410000EB0114D34800EB84004068FA
:105750000124944000EA040393B101EB410000EB03
:105760000114CD4800EB84004068984301EB4104EC
:1057700004EB0115C84C04EB85046060012030BDCA
:105780000020FCE730B5024601EB410000EB0114BC
:10579000C14800EB840080680124944000EA0403BF
:1057A00093B101EB410000EB0114BB4800EB840016
:1057B0008068984301EB410404EB0115B64C04EBFF
:1057C0008504A060012030BD0020FCE710B5024632
:1057D00001EB410000EB0114AF4850F82400012414
:1057E000944000EA04030BB1012010BD0020FCE747
:1057F000024601EB410000EB0113A74800EB8300D8
:105800000C3030F812007047A3487838C0687047F1
:10581000024601EB410000EB01139F4800EB8300BF
:105820002C3030F8120070479B487838807C7047E5
:1058300099487838017D09B1012070470020FCE7C4
:1058400001469548403800EBC1004068704710B5EC
:1058500002469148403800EBC10040680124944062
:1058600000EA04030BB1012010BD0020FCE7024652
:105870000B4689487838417C09B1012070470020E7
:10588000FCE785487838407C704783487838007C4E
:10589000704781487838C07C704710B57E487838AA
:1058A000007D38B100207D4908707D4908707D4930
:1058B000087010BD79480078052808DA7748007824
:1058C000401C764908707648007800F00EFB73485B
:1058D000007805287ED173480178022000F0C0FED0
:1058E00088B16D4860386F49097850F821006C49DB
:1058F0000A7801219140084367496039694A127862
:1059000041F8220010E0644860386649097850F890
:10591000210063490A780121914088435E4960393A
:10592000604A127841F822005E480178012000F0B8
:1059300097FEB8B15B48007800EB400101EB001125
:10594000554850F8210056490A78012191400843F2
:105950005449097801EB410202EB01124E4941F82A
:10596000220016E04F48007800EB400101EB0011E7
:10597000494850F821004A490A780121914088435A
:105980004849097801EB410202EB0112424941F812
:10599000220044480178012000F0C0FEC0B1414817
:1059A000007800EB400101EB00113B4800EB810067
:1059B00040683B490A7801219140084339490978F8
:1059C00001EB410202EB0112334901EB8201486015
:1059D000344800E036E00178012000F07AFEC0B1E2
:1059E0003048007800EB400101EB00112A4800EB41
:1059F000810080682A490A78012191400843294999
:105A0000097801EB410202EB0112234901EB82010B
:105A1000886000202149087022480078401C2149F4
:105A200008700846007808280CD1002008701C482F
:105A30000078401C1A49087008460078102801D1E7
:105A40000020087000F09EFC13497839C86000BF40
:105A50002FE770B510487838007D18B10E487838B7
:105A6000807C00B970BD0C487838857D447D28461F
:105A700000F03BFA2146012000F0F2FDD0B104EB2A
:105A8000440000EB0411044850F821000121A94012
:105A9000084304EB440107E01C7700206005002068
:105AA000610500206205002001EB0412F94941F86C
:105AB000220010E004EB440000EB0411F54850F81C
:105AC00021000121A940884304EB440101EB0412A9
:105AD000F04941F822002146012000F01FFE90B15C
:105AE00004EB440000EB0411EA4800EB810041683C
:105AF0000120A840014304EB440000EB0412E548F8
:105B000000EB820041602146012000F0E2FD90B1EF
:105B100004EB440000EB0411DE4800EB81008168D7
:105B20000120A840014304EB440000EB0412D948D3
:105B300000EB820081602146012000F014FE014646
:105B400004EB440000EB0412D24800EB82000C305E
:105B500020F815102146012000F011FE04EB44014D
:105B600001EB0412CB4901EB82012C3121F8150025
:105B700000F008FCC7497839C86000BF72E710B56B
:105B8000FFF78BFEFFF765FF10BD2DE9F041012502
:105B9000FFF783FEFFF75DFFBE487838007D28B928
:105BA000BC487838807C08B9BDE8F081B9487838BD
:105BB000007D40B90021B7487838817400F082F93F
:105BC00000F072F96BE1B3487838807C30B1B148AD
:105BD0007838C088401CAF497839C880AD487838DB
:105BE000807CF8B94FF41670AA4978398880012171
:105BF000A848783881740020A6497839C880488040
:105C00000021A448783841740020A249783948819D
:105C10000874887D00F069F99E497839487D00F064
:105C2000FEFA3CE19B487838C088052820D1994A83
:105C3000783A517D907DFFF7A5FD964A783A517DDF
:105C4000907DFFF77BFD934A783A517D907DFFF779
:105C5000BDFD20B101218F487838C17403E00021D7
:105C60008C487838C17402218A487838817416E1EA
:105C700088487838C0880528A4DD86487838408868
:105C8000C0B384487838C088824978394988401A36
:105C9000282897DD7F487838867D477D807D05FA06
:105CA00000F47C487838417D383000EBC100406812
:105CB000A043784978394A7D383101EBC201486008
:105CC00074487838417D383050F83100A04371492C
:105CD00078394A7D383141F832000020383948801F
:105CE000087500216B487838817400F0EBF800F0FB
:105CF000DBF8D4E0FFE7674A783A517D907DFFF703
:105D000041FD00284FD063487838867D477D39466D
:105D10003046FFF76DFD642844DD39463046FFF715
:105D200067FDB0F5167F30DD5A487838807D05FA7A
:105D300000F400205749783908740846417D38300E
:105D400000EBC1004068A043524978394A7D3831A0
:105D500001EBC20148604F487838417D383050F837
:105D60003100A0434B4978394A7D383141F832003F
:105D700000203839488008750021464878388174F9
:105D800000F0A0F800F090F80CE039463046FFF73C
:105D90002FFD642806DD01203E4978390874084645
:105DA000C08848807BE03B487838C08839497839DA
:105DB0008988884224D137487838807D05FA00F4F4
:105DC00034487838417D383000EBC10040682043CA
:105DD000304978394A7D383101EBC20148600121F0
:105DE0002C487838417400202A49783908750021F8
:105DF00028487838817400F065F800F055F84EE0D6
:105E0000FFF702FD06464FF07E5112F09BF92FD2AC
:105E1000204878384089962807DA1E487838408923
:105E2000401C1C497839488139E01A487838807D0F
:105E300005FA00F417487838417D383050F83100C1
:105E40002043144978394A7D383141F83200022123
:105E500010487838417400200E49783908750021BF
:105E60000C487838817400F02DF800F01DF816E029
:105E700008487838C088642811D1064A783A517D9C
:105E8000907DFFF7A3FC38B10020024978390874EF
:105E900005E000001C77002001200249087400BFC3
:105EA00082E60000A47600200020F7490860F74948
:105EB000C1F88401F44908390860F5490860091FF0
:105EC000086070470020F049091D0860EF49C1F8DB
:105ED0009001ED490C310860EE490860EA49103143
:105EE0000860EA49C1F89C0170470021E64A121D8A
:105EF0001160E64AC2F89011E34A0C321160E54A9B
:105F00001160E14A10321160E04AC2F89C11102879
:105F100073D2DFE800F0081C31475C738AA0B5CB70
:105F2000E2FCFBFAF9F80021D74A121D1160D74AAA
:105F3000C2F89011D44A0C321160D64A1160D24A8C
:105F4000103211600121D14AC2F89C1165E1012192
:105F5000CD4A121D11600021CC4AC2F89011CA4AE4
:105F60000C321160CB4A1160C74A10321160012116
:105F7000C64AC2F89C1150E10021C34A121D1160AB
:105F80000121C24AC2F890110021BF4A0C321160AF
:105F9000C04A1160BC4A103211600121BB4AC2F8EC
:105FA0009C113AE10121B84A121D1160B74AC2F8AA
:105FB00090110021B44A0C321160B64A1160B24A05
:105FC000103211600121B14AC2F89C1125E1002173
:105FD000AD4A121D1160AD4AC2F890110121AA4AC2
:105FE0000C3211600021AB4A1160A74A10321160D7
:105FF0000121A64AC2F89C110FE1FBE00121A24A4F
:10600000121D11600021A14AC2F8901101219E4A7F
:106010000C32116000219F4A11609B4A10321160BE
:1060200001219A4AC2F89C11F7E00021964A121DFC
:1060300011600121954AC2F89011934A0C32116007
:106040000021944A1160904A1032116001218F4A58
:10605000C2F89C11E1E001218B4A121D11608B4AAC
:10606000C2F89011884A0C3211600021894A1160EF
:10607000854A103211600121844AC2F89C11CCE09B
:106080000021814A121D1160804AC2F890117E4A97
:106090000C32116001217F4A116000217A4A1032CE
:1060A00011600121794AC2F89C11B6E00121764ABB
:1060B000121D11600021754AC2F89011724A0C320B
:1060C00011600121734A116000216F4A1032116082
:1060D00001216E4AC2F89C119FE000216A4A121DFC
:1060E00011600121694AC2F890110021664A0C3200
:1060F00011600121674A11600021634A103211606A
:106100000121624A04E060E049E031E01AE002E087
:10611000C2F89C1181E001215B4A121D11605B4AAB
:10612000C2F890110021584A0C3211600121594ADD
:1061300011600021544A103211600121534AC2F803
:106140009C116AE00021504A121D11604F4AC2F8AA
:10615000901101214C4A0C3211604E4A116000210D
:10616000494A103211600121484AC2F89C1154E09A
:106170000121454A121D11600021444AC2F89011C4
:106180000121414A0C321160424A116000213E4A0D
:106190001032116001213D4AC2F89C113DE00021FE
:1061A000394A121D11600121384AC2F89011364A4D
:1061B0000C321160374A11600021334A10321160ED
:1061C0000121324AC2F89C1127E001212E4A121DFA
:1061D00011602E4AC2F890112B4A0C3211602D4AE0
:1061E00011600021284A103211600121274AC2F8AB
:1061F0009C1112E00021244A121D1160234AC2F8AA
:106200009011214A0C321160224A11601E4A10324C
:1062100011601E4AC2F89C1100BF00BF70470021E8
:10622000194A1160194AC2F88411174A083A1160D4
:10623000174A1160121F1160082871D2DFE800F0C0
:1062400004132C3D4D5E718200210F4A11600F4AEC
:10625000C2F884110C4A083A11600D4A11600121FC
:10626000121F11608CE00121074A11600021074ACA
:10627000C2F88411044A083A1160054A11600121EC
:10628000121F11607CE000008881224200802242BF
:10629000B0012242948121420021514A1160012122
:1062A000504AC2F8841100214D4A083A11604E4A02
:1062B00011600121121F116062E00121484A116042
:1062C000484AC2F884110021454A083A1160464AFA
:1062D00011600121121F116052E00021404A11603B
:1062E000404AC2F8841101213D4A083A1160002158
:1062F0003D4A11600121121F116041E00121384A1D
:1063000011600021374AC2F884110121344A083A49
:1063100011600021344A11600121121F11602FE029
:1063200020E000212E4A116001212E4AC2F884117A
:106330002B4A083A116000212B4A11600121121FDB
:1063400011601DE00121264A1160264AC2F884111D
:10635000234A083A11600021234A11600121121FCB
:1063600011600DE000211E4A11601E4AC2F884111E
:106370001B4A083A11601C4A1160121F116000BFCD
:1063800000BF704710B500F027FD10BD08B5012112
:106390006020FBF709F901211448FAF794FE102058
:1063A0008DF8030003208DF80200FF20ADF80000F7
:1063B00069460F48FAF7B6FD2020ADF8000069469F
:1063C0000C48FAF7AFFD4FF4C050ADF80000694635
:1063D0000948FAF7A7FDFFF767FDFFF773FD08BD52
:1063E0008881224200802242B00122420002300015
:1063F00000140140000C01400010014000B591B0B4
:1064000001214FF40670FBF7CFF801210846FBF796
:10641000BEF800208DF82F0003208DF82E003020CC
:10642000ADF82C000BA94F48FAF77CFD0120ADF820
:106430002C000BA94C48FAF775FD4C48FCF72AFADA
:106440004A484C3000904A480190002002901E209B
:10645000039000200490802005904000069080006A
:106460000790202008900002099000200A906946B9
:106470004048FAF791F901213E48FAF7B8F90020AF
:106480000C9001208DF834008DF835004FF4602019
:106490000E9000200F9003208DF840000CA9334887
:1064A000FCF71FFA062301220E213048FCF7B1FA4F
:1064B000062302220F212D48FCF7ABFA0623032204
:1064C00008212A48FCF7A5FA01212848FCF735FAEB
:1064D00001212648FCF73CFA01212448FCF76DFA1B
:1064E00001212448FAF783F92048FCF748FA00BF55
:1064F0001E48FCF749FA0028FAD11C48FCF74EFA6E
:1065000000BF1A48FCF74FFA0028FAD101211748BA
:10651000FCF753FA01211748FAF769F911B000BDE9
:1065200010B503460021022B01DD002010BD002222
:1065300009E002EB42000E4C04EB400030F813007F
:106540000144501CC2B20A2AF3DB0A20B1FBF0F16D
:10655000B1FBF0F400FB1410052800D9491C88B2E7
:10656000E4E7000000100140000C0140002401405D
:106570007C7900200800024010B50A4600210AE09C
:1065800000EB4003C3EB8014D64B03EB8403D03302
:106590005A544B1CD9B200EB4003C3EB8014D14BCF
:1065A00013F824308B42EBDC10BD10B500F0DCFC9E
:1065B0003F20CC4908390860062048600220087254
:1065C000C949C8480838C0F8F81005210020FFF76D
:1065D000D3FF0821C348083880F8FC10C349C0F82D
:1065E000EC1105210120FFF7C7FF0821BD4808383D
:1065F00080F8F011BE49C0F8E01205210220FFF733
:10660000BBFF0621B748083880F8E412B949C0F842
:10661000D41305210320FFF7AFFF0621B148083846
:1066200080F8D813B449C0F8C81405210420FFF736
:10663000A3FF0421AB48083880F8CC14AF49C0F858
:10664000BC1505210846FFF797FF10BD014601EB79
:106650004100C0EB8112A34800EB82004068704704
:10666000024602EB4200C0EB82139E4800EB83001F
:10667000406801238B40184008B10120704700207A
:10668000FCE710B5014601EB4102C2EB8113954ACC
:1066900002EB8302D068002301EB4102C2EB8114BC
:1066A000904A02EB8402D36010BD10B5014601EBA5
:1066B0004102C2EB81138B4A02EB830290680023F4
:1066C00001EB4102C2EB8114864A02EB8402936023
:1066D00010BD10B5024602EB4200C0EB82138148A8
:1066E00000EB8300C06801238B401840A0B102EB8F
:1066F0004200C0EB82137B4800EB8300C06801239B
:106700008B40984302EB4203C3EB8214754B03EBBF
:106710008403D860012010BD0020FCE710B50246BC
:1067200002EB4200C0EB82136E4800EB83008068EE
:1067300001238B401840A0B102EB4200C0EB821352
:10674000684800EB8300806801238B40984302EB8C
:106750004203C3EB8214634B03EB84039860012074
:1067600010BD0020FCE7024602EB4200C0EB8213A2
:106770005C4800EB8300103030F81100704702468F
:1067800002EB4200C0EB8213564800EB830050300E
:1067900030F81100704710B500F066FD10BD2DE90E
:1067A000F0410446012700257AE007FA05F628465D
:1067B000D4F8F0108847C0B304F19000405D20B9D0
:1067C000002104F1100020F8151004F1100030F839
:1067D00015004FF6FF71884209DA04F1100030F815
:1067E0001500401C81B204F1100020F8151004F1CE
:1067F0009000415D4030405D814208DA04F1900034
:10680000405D401CC1B204F19000415546E0606813
:106810003040A8BB002104F1B0004155606830430E
:106820006060A0683043A06038E0FFE704F1B0008A
:10683000405D20B9002104F1500020F8151004F14A
:10684000500030F815004FF6FF71884209DA04F164
:10685000500030F81500401C81B204F1500020F8BF
:10686000151004F1B000415D2030405D814208DA2E
:1068700004F1B000405D401CC1B204F1B0004155CC
:106880000CE06068304048B1002104F190004155AF
:106890006068B0436060E0683043E060681CC5B287
:1068A0002078A84281DCBDE8F08170B50126002483
:1068B00011E006FA04F50B4808380068284040B19A
:1068C00004EB4401C1EB8412064901EB8200FFF79F
:1068D00066FF601CC4B2034808384068A042E8D88C
:1068E00070BD0000C0790020077000082770000804
:1068F000B97000084D7100089D710008ED71000825
:106900000146F848C06801228A40104008B10120C1
:1069100070470020FCE70146F248806901228A4066
:10692000104008B1012070470020FCE710B5FFF7C8
:1069300065FDFFF73AFE10BD017801290AD14168D3
:10694000B1F57A7F03D24168491C416005E001211D
:10695000C17002E00021C1704160704710B5FFF7BF
:10696000A4FF03210420FFF77BFEDF490870032109
:106970000420FFF7D3FEDC4949780843DA49487020
:1069800003210420FFF7A5FED74989780843D6499B
:1069900088700846FFF7D0FF00210846FFF760FE29
:1069A000D14981F8280000210846FFF7B7FECE49FB
:1069B00091F829100843CC4981F8290000210846A4
:1069C000FFF787FEC84991F82A100843C64981F8A5
:1069D0002A0001210020FFF743FEC34981F830005F
:1069E00001210020FFF79AFEBF4991F831100143C1
:1069F000BD4880F8311001210020FFF76AFEBA4936
:106A000091F832100143B84880F832100021032079
:106A1000FFF726FEB449087200210320FFF77EFE2F
:106A2000B149497A0843B049487200210320FFF771
:106A300050FEAD49897A0843AB4988720121032091
:106A4000FFF70EFEA849087601210320FFF766FE36
:106A5000A549497E0843A449487601210320FFF750
:106A600038FEA149897E08439F498876032108465C
:106A7000FFF7F6FD9C49087403210846FFF74EFE18
:106A80009949497C01439848417403210846FFF71E
:106A900020FE9549897C0143934881740421032099
:106AA000FFF7DEFD904981F8200004210320FFF765
:106AB00035FE8D4991F8211001438B4880F8211053
:106AC00004210320FFF705FE874991F822100143B6
:106AD000854880F8221000210520FFF7C1FD82497A
:106AE00081F8380000210520FFF718FE7E4991F853
:106AF000391008437C4981F8390000210520FFF74F
:106B0000E8FD794991F83A100843774981F83A004D
:106B100001210520FFF7A4FD734981F84000012100
:106B20000520FFF7FBFD704991F8411001436E48C5
:106B300080F8411001210520FFF7CBFD6A4991F84B
:106B400042100143684880F8421002210520FFF7F7
:106B500087FD654981F8480002210520FFF7DEFD29
:106B6000614991F8491001435F4880F849100221BA
:106B70000520FFF7AEFD5C4991F84A1001435A48E1
:106B800080F84A1003210520FFF76AFD564981F875
:106B9000500003210520FFF7C1FD534991F8511022
:106BA0000143514880F8511003210520FFF791FD62
:106BB0004D4991F8521001434B4880F8521010BDD6
:106BC0000146042901DB002070474748383010F89F
:106BD0003100F9E70146042901DB002070474248F3
:106BE000383000EBC100407838B100223E483830E0
:106BF00000EBC10042700120F0E70020EEE7014603
:106C0000042901DB002070473748383000EBC10011
:106C1000807838B100223448383000EBC1008270EF
:106C20000120F0E70020EEE70146022901DB002009
:106C300070472D4800EBC100C078F9E701460229F2
:106C400001DB00207047284810F83100FAE70146C0
:106C5000022901DB00207047234800EBC100407887
:106C600030B10020204A02EBC10250700120F2E74F
:106C70000020F0E70146022901DB002070471A4896
:106C800000EBC100807830B10020174A02EBC1024E
:106C900090700120F2E70020F0E70146022901DBB5
:106CA000002070471048283010F83100F9E70146FD
:106CB000022901DB002070470B48283000EBC1009F
:106CC000407838B100220848283000EBC1004270FB
:106CD0000120F0E70020EEE70146022906DB002054
:106CE00070470000D07F0020787F0020954800EB9F
:106CF000C100807830B10022924800EBC100827060
:106D00000120EDE70020EBE70146022901DB00202E
:106D100070478C48203810F83100F9E70146022905
:106D200001DB002070478748203800EBC100407825
:106D300038B100228348203800EBC10042700120A6
:106D4000F0E70020EEE70146022901DB0020704752
:106D50007C48203800EBC100807838B100227948A7
:106D6000203800EBC10082700120F0E70020EEE740
:106D70000146022901DB002070477248103810F8E4
:106D80003100F9E70146022901DB002070476D4818
:106D9000103800EBC100407838B100226948103843
:106DA00000EBC10042700120F0E70020EEE7014651
:106DB000022901DB002070476248103800EBC10057
:106DC000807838B100225F48103800EBC100827033
:106DD0000120F0E70020EEE72DE9F05F0220FFF749
:106DE0009FFB8346584610F0F7FD8046564A574BA6
:106DF00010F042FE064600224FF0804310F03CFEA9
:106E0000044610F09BFB82465046BDE8F09F2DE9FA
:106E1000FF5F83465846FFF783FB8246CAF58050E2
:106E200011F078F80190504610F0D6FD0746002288
:106E3000474B10F021FE054610F080FB00900199B1
:106E400010F086FF03904349039811F0AFF8054610
:106E500011F040F881464048B0F90000484504D39D
:106E60003D48B0F9B400484503D9FF2004B0BDE85F
:106E7000F09F00242AE0384830F91400484505D92D
:106E80003549601C31F9100048450AD3324830F9C1
:106E90001400484505D03049601C31F910004845C0
:106EA00012D12D49601C31F91000A9EB00012A4ACA
:106EB000601C32F91000A0EB0900814201D9029454
:106EC00002E0601CC0B20290601CC4B25A2CD2DB3B
:106ED0000298CBE72DE9F84F04462046FFF720FB48
:106EE0000090009810F078FD07464FF066321B4B7B
:106EF00010F0C2FD054610F021FB83464FF08B4198
:106F000010F026FF8146484610F0EAFE0746144A74
:106F1000144B10F059FB054610F01AFD00F0FF0A63
:106F20005046BDE8F88F10B50120FFF770FF10BD87
:106F300010B50020FFF76BFF10BD322070473220E4
:106F400070470000A07F0020B4D934E70C684A3FA6
:106F50000000244000007A44A682010866660A40C8
:106F6000B81E85EB51B89E3F08B501217D20FAF788
:106F70001BFB0121D748FAF7A6F848208DF803003B
:106F800003208DF802004FF4F850ADF80000694678
:106F9000D148F9F7C7FF4FF47070ADF800006946AB
:106FA000CE48F9F7BFFF4FF47F40ADF800006946C7
:106FB000CB48F9F7B7FF4FF63070ADF800006946DF
:106FC000C848F9F7AFFF4FF46040ADF800006946DC
:106FD000C548F9F7A7FFF020ADF800006946BE48A4
:106FE000F9F7A0FF10208DF8030003208DF80200B0
:106FF0000220ADF800006946BB48F9F793FF012075
:10700000BA49086008BD014611B1012909D103E060
:10701000B7480068C0B27047B548001F0068C0B2EA
:10702000F9E70020F7E70146082943D2DFE801F03D
:10703000040B131B232B323AAE48006808B9012019
:1070400070470020FCE7AB48001F006808B901202A
:10705000F6E70020F4E7A7480838006808B90120DF
:10706000EEE70020ECE7A3480C38006808B90120DF
:10707000E6E70020E4E79F481038006808B90120DF
:10708000DEE70020DCE79C48006808B90120D7E76C
:107090000020D5E79848001F006808B90120CFE715
:1070A0000020CDE794480838006808B90120C7E7F8
:1070B0000020C5E70020C3E70146082944D2DFE8E5
:1070C00001F0040B131B232B333B8C48006808B9D9
:1070D000012070470020FCE78848001D006808B9BF
:1070E0000120F6E70020F4E784480830006808B97A
:1070F0000120EEE70020ECE780480C30006808B97A
:107100000120E6E70020E4E77C481030006808B979
:107110000120DEE70020DCE778481430006808B979
:107120000120D6E70020D4E774481830006808B979
:107130000120CEE70020CCE76F480C38006808B982
:107140000120C6E70020C4E70020C2E70146062967
:1071500022D2DFE801F003080D12171C6448243026
:107160000068C0B27047624828300068C0B2F9E7D2
:107170005E4850380068C0B2F4E75C484C3800689C
:10718000C0B2EFE7594848380068C0B2EAE75B4848
:10719000001F0068C0B2E5E70020E3E701460629CA
:1071A00022D2DFE801F003080D12171C50480C3002
:1071B0000068C0B270474E4810300068C0B2F9E7AE
:1071C0004B4814300068C0B2F4E7494818300068F2
:1071D000C0B2EFE746481C300068C0B2EAE7444856
:1071E00020300068C0B2E5E70020E3E7014631B196
:1071F00001290CD0022912D0032920D117E03D48E3
:107200001438006808B9012070470020FCE73948AD
:107210001838006808B90120F6E70020F4E735487F
:107220001C38006808B90120EEE70020ECE731487F
:107230002038006808B90120E6E70020E4E70020D4
:10724000E2E708B501210420FAF7AEF928208DF80D
:10725000030003208DF80200F020ADF8000069461D
:107260001D48F9F75FFE08BD70B50024FFF7E9FF80
:1072700000252BE01848083001680F2020EA01049F
:107280001C482038006810B944F0010401E024F0E3
:10729000010418481C38006810B944F0020401E0E9
:1072A00024F0020413481838006810B944F00404AC
:1072B00001E024F004040F481438006810B944F0C9
:1072C000080401E024F00804681C85B2FF2DD1DB1E
:1072D000204670BD0002300000080140001001404F
:1072E0000014014000180140000C0140848121423B
:1072F00014012342300121422401224224812242EE
:10730000704720B14FF40051194A116103E04FF466
:107310000051174A51617047704720B14FF48041C6
:10732000134A116103E04FF48041114A51617047E3
:1073300008B501211020FAF737F94FF4C040ADF835
:10734000000010208DF8030003208DF8020069462C
:107350000748F9F7E7FD0020FFF7DFFF0020FFF700
:10736000DBFF0020FFF7CDFF0020FFF7C9FF08BDBE
:1073700000100140FA48C0787047F94890F90200BF
:10738000704710B5F74B1B7860F30003F54C237082
:107390002346597053B2A37010BD10B50446F1488E
:1073A000007864F34100EF4908700846007841080E
:1073B000EB48007861F34100E9490870E949097830
:1073C000C1F34000FFF79DFF10BD10B50446E5482E
:1073D000007864F38200E349087008460078810869
:1073E000DF48007861F38200DD490870DD490978E3
:1073F000C1F38000FFF791FF10BD10B50446D948D6
:10740000007864F3C300D749087008460078C108C3
:10741000D348007861F3C300D1490870D149097895
:10742000C1F3C000FFF778FF10BD10B50446CD488A
:10743000007864F30410CB4908700846007801090D
:10744000C748007861F30410C5490870C549097838
:10745000C1F30010FFF754FF10BD10B5FFF76DFD2D
:1074600040B2BF49C870084690F90300642804DCA4
:10747000084690F9030005280BDAB9484078022144
:1074800041EA1010B649497860F30711B4484170D9
:107490000DE0B348C07850B1B14840780D2101EA01
:1074A0001010AF49497860F30711AD484170FFF7FC
:1074B0003AFDFF2815D1AA484078012141EA101071
:1074C000A749497860F30711A5484170A54840785D
:1074D00018B90020A249887013E0FF20A0498870E5
:1074E0000FE09F4840780E2101EA10109C4949782E
:1074F00060F307119A484170FFF715FD40B29849B3
:1075000088709848407838BB954890F902009549B2
:1075100091F90210884207DB914890F902009149E5
:1075200091F90210884207D18D48007820F02000A0
:1075300020308B49087036E0894890F9021089485C
:1075400090F90200C01C81422DDD8548007820F0B2
:1075500020008349087026E0814890F902008149A3
:1075600091F90210884207DC7D4890F902007D49BC
:1075700091F90210884207D17948007820F0200064
:107580002030774908700EE0754890F90210754870
:1075900090F90200C01E814205DA7148007820F09F
:1075A00020006F49087010BD10B56D48007800F0DC
:1075B000010000B36A480078C0F34000D8B96848B9
:1075C0000078C0F34010B0B16548C088654989892A
:1075D000884205DA6248C088401C6149C8800EE0D4
:1075E00000205F49C88008460078C0F3800018B1C9
:1075F0000020FFF7EAFE02E00120FFF7E6FE10BDE3
:1076000010B55748408957494989884204DA544897
:107610004089401C52494881514840895149498913
:1076200088421CD14E480078C0F34010B8B9012000
:10763000FFF7B3FE0120FFF7C8FE0020484948814C
:1076400008818880C8800846007820F040000870D3
:107650000846007820F00100401C087018E04148FE
:10766000408940490979401A3D49498988420FD1EA
:107670003C48407830B10020FFF7D7FE0120FFF7EB
:10768000BCFE05E00120FFF7D0FE0020FFF7B5FEAD
:1076900010BD10B53248007800F00100002850D02D
:1076A0002F480078C0F34010002840D12C480078C3
:1076B000C0F3400020B92A480078C0F3801078B3A6
:1076C000274800892749C988884205DA2448008963
:1076D000401C2349088136E0214800892149C98896
:1076E000884211D11E480078C0F3801060B9002094
:1076F000FFF753FE00201A4988800846007820F0E2
:107700004000403008701EE01548808815490989FE
:10771000884206DA12488088401C1149888012E0AD
:1077200002E0FFF76DFF0EE0FFF76AFF0BE00C4889
:10773000007820F040000A4908700020FFF72DFE75
:1077400001E0FFF75DFF10BD10B500F098F958B1EA
:107750000448007820F00100401C0249087009E04C
:10776000F47F0020008000205448007820F00100C1
:10777000524908705148007800F0010000B34F48AA
:1077800040784F49497801F00F01884215D04B48A5
:1077900041784B48407861F3030049494870002024
:1077A00048810846007820F0010008700020FFF7AB
:1077B000F4FD0020FFF709FE18E0FFF76AFF15E06F
:1077C0003F48007800F0010080B100203C4948812A
:1077D0000846007820F0010008700020FFF7DDFD6A
:1077E0000020FFF7F2FD0020FFF71FFE10BD10B5CF
:1077F000042032498870002048700846007820F044
:107800000100401C08704FF4966088814FF4E150ED
:10781000C8808010088105200871B4204881FFF7D6
:1078200087FD10BD10B5274800780A2805DA2548DD
:107830000078401C2349087035E000202149087079
:107840001F48407820490978B1EB101F08D01C4828
:10785000407800091C490870FF200BF016FE13E069
:1078600017484078000978B9FFF787FD174909786C
:10787000884209D0FFF781FD14490870FFF77DFDAC
:10788000C4B220460BF001FEFFF752FB1049097805
:10789000884208D0FFF74CFB0D490870FFF748FB02
:1078A00004460BF0A4FD10BD10B5FFF7D6FDFFF7A1
:1078B0007BFEFFF749FFFFF7B5FF10BD00800020FA
:1078C000F47F002063050020660500206405002089
:1078D0006505002008B501211020F9F765FE10208C
:1078E0008DF8030003208DF802004FF48160ADF89D
:1078F000000069464048F9F715FB08213E48F9F7B2
:10790000C0FB08BD01203D490870704700B5024624
:1079100012B9FFF7F7FF03E00120394901F822000F
:1079200000BD10B53748007801280ADA4FF48061AD
:107930003148F9F7A4FB33480078401C31490870FE
:1079400011E03048007802280ADA4FF480612A48B2
:10795000F9F797FB2B480078401C2A49087002E091
:1079600000202849087010BD10B5FFF7DAFF234842
:10797000007838B92148407820B908211E48F9F725
:107980007EFB10BD1D48007838B900201B494870A7
:1079900008211948F9F773FB2CE01848C07805282E
:1079A00005DA1648C078401C1449C87022E000204F
:1079B0001249C8700846407838B908210E48F9F7CE
:1079C00060FB01200D49487014E00C4880780928BC
:1079D00005DA0A488078401C0849887003E00020D6
:1079E00006490870887008210348F9F748FB002011
:1079F0000249487000BFC4E700100140670500203D
:107A00000E8000206F05002008B501211920F9F72C
:107A1000CBFD01214648F9F756FB10208DF80300F5
:107A200003208DF802004020ADF80000694641486F
:107A3000F9F778FA40213F48F9F723FB4FF400406B
:107A4000ADF8000069463C48F9F76CFA4FF4004184
:107A50003948F9F716FB08BD10B5012037494870C1
:107A6000C1033548F9F70BFB10BD10B500203349B1
:107A700048704FF400413048F9F703FB10BD30481F
:107A8000007808B9002070472D480078012800D1FF
:107A9000F9E70220F7E72948807870470120274955
:107AA0000870704700202549087070472348007807
:107AB000704710B502210320FEF7D2FD204908705F
:107AC00002210320FEF705FE1D49497808431C49A1
:107AD000487002210320FEF721FE194989780843E6
:107AE0001749887010BD10B5FFF7E3FF1348007801
:107AF000C0B1FFF7B1FF1148C078642805DA0F481C
:107B0000C078401C0D49C87011E00C48C07864284A
:107B10000DD1FFF7AAFF00200849C87008700120A6
:107B2000887004E0FFF7A1FF00200449C87010BD71
:107B300000023000000C01400010014070050020E0
:107B40007405002010B500F0D0FD10BD70B50228FE
:107B500000DB70BD00EB8004F54D15F8244004B146
:107B6000F7E700EB8004F24D05EB8404617000EB55
:107B7000800405EB8404A27000EB800405EB840410
:107B8000E380012400EB8005E94E06F8254000BFA4
:107B9000DFE70146022901DB0020704701EB81008D
:107BA000E34A12F82000F8E70146022901DB002031
:107BB000704701EB8100DE4A02EB8000007AF7E7B4
:107BC0000146022901DB0020704701EB8100D84A01
:107BD00002EB8000407A00F00100F5E7014602293F
:107BE00001DB0020704701EB8100D14A02EB8000ED
:107BF000407AC0F38000F5E70146022901DB00204E
:107C0000704701EB8100CA4A02EB8000407AC0F362
:107C10004000F5E70146022901DB0020704701EB37
:107C20008100C34A02EB8000807AC0F34000F5E790
:107C30000146022901DB0020704701EB8100BC4AAC
:107C400002EB8000807A00F00100F5E710B500201B
:107C5000FEF7C0FF38B141F65833642200210846D0
:107C6000FFF774FF0AE00020FEF7C9FF30B141F6CC
:107C70005833642201210020FFF768FF0120FEF73E
:107C8000A9FF38B141F65833642200210120FFF7E3
:107C90005DFF0AE00120FEF7B2FF30B141F6583334
:107CA000642201210846FFF751FF10BD00200FE0BC
:107CB00000EB80019E4A02EB8101498A491C8AB28D
:107CC00000EB80019A4B03EB81014A82411CC8B250
:107CD0000228EDDB704710B5002421E02046FFF7B5
:107CE00013F804EB8401924A02EB8101897A60F374
:107CF000000104EB840002EB800081722046FFF754
:107D000037F804EB84018A4A02EB8101897A60F337
:107D1000410104EB840002EB80008172601CC4B25C
:107D2000022CDBDB10BD10B5002082490870A2E3F5
:107D30008048007800EB80007D4911F82000002881
:107D40007ED07C48007800EB800001EB8000007C56
:107D5000082851D2DFE800F00451FFF3F2F1F0EB14
:107D60007448007800EB8000714901EB8000407A94
:107D700020F001016F48007800EB80006C4A02EBB4
:107D8000800041726B48007800EB8000114601EBE7
:107D90008000407A20F004016648007800EB800003
:107DA00002EB800041726348007800EB80001146CE
:107DB00001EB8000407A20F002015E48007800EB81
:107DC000800002EB8000417201205A49097801EBE2
:107DD000810102EB8101087200215648007800EB16
:107DE000800002EB8000418201205249097801EBBA
:107DF000810102EB8101087437E34E480078FEF7F9
:107E000083FFE8B34B480078FEF7B2FFC0B3002011
:107E10004849097801EB8101454A02EB8101087468
:107E200002204449097801EB810102EB81010872CB
:107E30004048007800EB8000114601EB800000E034
:107E400014E3407A20F00100401C3A49097801EB24
:107E5000810102EB810148723648007800EB800016
:107E6000114601EB8000407A20F00200801C31496D
:107E7000097801EB810102EB81014872002000E0EA
:107E800006E02C49097801EB810102F8210061E04C
:107E90002848007800EB8000254901EB80004078FD
:107EA00038BB24480078FEF72FFFC0B100202149DD
:107EB000097801EB81011E4A02EB8101087402205E
:107EC0001C49097801EB810102EB81010872002055
:107ED0001849097801EB810102F821003AE00220FB
:107EE0001449097801EB8101114A02EB8101087400
:107EF00030E010480078FEF73BFF10B300200D493A
:107F0000097801EB81010A4A02EB81010874022021
:107F10000849097801EB810102EB81010872002018
:107F20000449097801EB810102F8210012E05DE2C9
:107F30001A8000207C0500201FE2D1E17FE14EE0A5
:107F400009E00220FE49097801EB8101FD4A02EBBC
:107F50008101087489E2FA48007800EB8000F94951
:107F600001EB8000407860B9F5480078FEF7D6FE56
:107F7000F3480078FEF7E7FEF148007800F09EFA3B
:107F80000BE0EF480078FEF7C9FEED480078FEF7F9
:107F9000DAFEEB48007800F0A8FAE948007800EB38
:107FA0008000E84A02EB80008178E548007800F024
:107FB00050FBE348007800F073FA0021E0480078B5
:107FC00000EB8000DF4A02EB800041820320DC49A5
:107FD000097801EB810102EB8101087445E2D84880
:107FE0000078FEF791FEE8B3D5480078FEF7C0FEB2
:107FF000C0B3D348007800F05AFA0021D048007886
:1080000000F027FBCE48007800F086FA0020CC492B
:10801000097801EB8101CB4A02EB8101087402204F
:10802000C749097801EB810102EB81010872C4485C
:10803000007800EB8000114601EB8000407A20F0D0
:108040000100401CBE49097801EB810102EB81016E
:108050004872BB48007800EB8000114601EB8000BD
:10806000407A00E011E020F00200801CB449097859
:1080700001EB810102EB810148720020B0490978CF
:1080800001EB810102F8210010BDAD48007800EB42
:108090008000AC4901EB8000408AA949097801EBD6
:1080A0008101A84A02EB8101C98888427DDAA4488F
:1080B000007800EB8000114601EB8000407858BB4F
:1080C0009F480078FEF720FE002824D09C480078C6
:1080D00000F0EDF900219A48007800F0BAFA9848CB
:1080E000007800F019FA00209549097801EB810128
:1080F000944A02EB8101087402209149097801EB4E
:10810000810102EB8101087200208D49097801EBA1
:10811000810102F8210091E089480078FEF728FEED
:10812000002827D08648007800F0C1F90021844853
:10813000007800F08EFA8248007800F0EDF980486F
:108140000078C0B900207E49097801EB81017D4AA1
:1081500002EB8101087402207949097801EB810161
:1081600002EB8101087200207549097801EB810159
:1081700002F8210062E000207149097801EB8101D9
:10818000704A02EB8101087402206D49097801EB05
:10819000810102EB8101087200206949097801EB35
:1081A000810102F8210049E0FFE76548007800F00E
:1081B0007EF900216248007800F04BFA60480078B0
:1081C00000F0AAF900205E49097801EB81015D4ABF
:1081D00002EB810108745A48007800EB80001146D8
:1081E00001EB8000407A20F00100401C54490978DE
:1081F00001EB810102EB810148725148007800EBEC
:108200008000114601EB8000407A20F00400001D40
:108210004B49097801EB810102EB81014872022090
:108220004749097801EB810102EB810108720020C6
:108230004349097801EB810102F8210015E1002191
:108240003F48007800EB80003E4A02EB800041820C
:108250003B480078E8B93C49087800EBD0714910F8
:10826000A0EB410119B1012000F03FF902E001202B
:1082700000F024F93248007800EB8000314A02EB2C
:1082800080008178012000F0E4F9012000F008F975
:108290001CE02D49087800EBD0714910A0EB41019A
:1082A00019B1002000F021F902E0002000F006F9E9
:1082B0002348007800EB8000224A02EB800081789E
:1082C000002000F0C6F9002000F0EAF805201C4963
:1082D000097801EB81011B4A02EB81010874C4E0BB
:1082E0001748007800EB8000164901EB8000408AB7
:1082F000C82841DD002000F0DAF80021084600F02F
:10830000A8F9002000F008F9012000F0D0F80021C1
:10831000012000F09EF9012000F0FEF8002108483D
:10832000007800EB8000074A02EB8000418206489B
:108330000078032814DA04480078401C024905E05C
:108340007C0500201A8000207D0500200870042094
:108350005049097801EB810102EB810108740BE0BF
:1083600000204D49087006204A49097801EB810137
:108370004A4A02EB8101087477E000214548007801
:1083800000EB8000454A02EB8000418241480078C2
:1083900088B9012000F0A9F83E48007800EB800081
:1083A0003E4A02EB80008178012000F052F9012062
:1083B00000F076F810E0002000F097F835480078DB
:1083C00000EB8000354A02EB80008178002000F04D
:1083D00040F9002000F064F807202E49097801EBED
:1083E00081012E4A02EB810108743EE029480078A1
:1083F00000EB8000294901EB8000408A002833DD32
:10840000002000F054F80021084600F022F9002076
:1084100000F082F8012000F04AF80021012000F06D
:1084200018F9012000F078F800211A48007800EBD4
:1084300080001A4A02EB8000418200201549097829
:1084400001EB810102EB81010874022011490978D6
:1084500001EB810102EB8101087200200D490978CE
:1084600001EB810102F8210000BF00BF094800783C
:10847000401C08490870074800780228FFF658ACED
:1084800000BF01E610B5FFF7E1FBFFF74CFCFFF77B
:1084900022FC10BD7C0500207D0500201A800020F4
:1084A00010B5044680219348F8F7E9FD10BD10B5DA
:1084B000044680218F48F8F7E4FD10BD10B504464E
:1084C000012C08D101218C48F8F7DBFD02218A48F4
:1084D000F8F7D5FD08E03CB904218748F8F7D1FD4D
:1084E00008218548F8F7CBFD10BD10B50446012CD6
:1084F00008D101218048F8F7C2FD02217E48F8F733
:10850000C0FD08E03CB904217B48F8F7B8FD08211C
:108510007948F8F7B6FD10BD10B50446012C08D116
:1085200001217548F8F7ABFD02217348F8F7A7FD64
:1085300008E03CB904217048F8F7A1FD08216E4815
:10854000F8F79DFD10BD10B50446012C08D101219E
:108550006948F8F796FD02216748F8F792FD08E0B0
:108560003CB904216448F8F78CFD08216248F8F70B
:1085700088FD10BD08B501214920F9F715F8012142
:108580005E48F8F7A0FD10208DF8030003208DF859
:1085900002008020ADF8000069465648F8F7C2FC9A
:1085A0000F20ADF8000069465348F8F7BBFC1820CF
:1085B0008DF8030003208DF802000002ADF80000E2
:1085C00069464C48F8F7AEFC08BD00B587B00121FC
:1085D0000420F8F7F6FF6320ADF8140040F2CF2036
:1085E000ADF810000020ADF81600ADF8120004A997
:1085F0004348F9F711F901214148F9F769FD0020D5
:10860000ADF806006020ADF800000120ADF80200D2
:108610000020ADF8080069463948F9F7C9F9082182
:108620003748F9F79BFD40213548F9F73BFD69468E
:108630003348F9F708FA08213148F9F798FD402145
:108640002F48F9F738FD01212D48F9F741FC07B013
:1086500000BD7FB504460D46022C00DD7FBD642DB4
:1086600000DD6425ADF806506020ADF80000012063
:10867000ADF802000020ADF80800012C0CD16946CD
:108680001F48F9F795F908211D48F9F767FD012101
:108690001B48F9F729FC0CE05CB969461848F9F762
:1086A000D2F908211648F9F762FD01211448F9F7BB
:1086B0001BFC00BFD2E710B5FFF75CFFFFF785FF9B
:1086C0000020FFF740FF0120FFF73DFF0021084693
:1086D000FFF7BFFF00210120FFF7BBFF0020FFF7DE
:1086E000E6FE0120FFF7E3FE10BD10B5FFF7E3FF44
:1086F00010BD0000000C01400018014000023000D5
:108700000008004008B501211C20F8F74DFF0121A9
:108710001948F8F7D8FC10208DF8030003208DF8D5
:1087200002000120ADF8000069461448F8F7FAFB92
:108730000620ADF8000069461048F8F7F3FB022167
:108740000E48F8F79EFC04210C48F8F79AFC01212A
:108750000A48F8F796FC01210848F8F790FC08BD94
:1087600010B501210548F8F78AFC10BD10B50121AC
:108770000248F8F786FC10BD0002300000100140EE
:1087800008B503208DF8000001208DF803008DF856
:1087900001008DF802006846F7F791FE08BD01461A
:1087A000CA1701EB92729210A1EB82022AB96422DD
:1087B00091FBF2F302FB131232B94FF4C87291FB32
:1087C000F2F302FB13120AB1012070470020FCE70C
:1087D0002DE9FE4F07460C46904600200290C14608
:1087E0008246834600260025019000903846FFF718
:1087F000D6FF002832D00D2C2CD2DFE804F02B0756
:108800000A0D101316191C1F222528004FF0050A07
:1088100023E04FF0010A20E04FF0020A1DE04FF084
:10882000050A1AE04FF0000A17E04FF0030A14E0BF
:108830004FF0050A11E04FF0010A0EE04FF0040A74
:108840000BE04FF0060A08E04FF0020A05E04FF097
:10885000040A02E00020BDE8FE8F31E00D2C2CD28E
:10886000DFE804F02B070A0D101316191C1F222530
:1088700028004FF0060A22E04FF0020A1FE04FF0F6
:10888000020A1CE04FF0050A19E04FF0000A16E05A
:108890004FF0030A13E04FF0050A10E04FF0010A11
:1088A0000DE04FF0040A0AE04FF0060A07E04FF02F
:1088B000020A04E04FF0040A01E00020CBE700BF09
:1088C000642097FBF0F100FB1170C5B22846E91750
:1088D00005EB91718910019101982844C0B2009074
:1088E0000721009890FBF1F201FB120000F0FF0B52
:1088F0000BEB0A004844C6B2072E01DA029606E0E6
:10890000072096FBF0F100FB1160C0B202900298C4
:10891000A1E72DE9F05F06460F4690469946DDE94E
:108920000AAB002440F2B270864203DB40F633000B
:10893000864202DD0120BDE8F09F40F2B2750AE0F8
:108940002846FFF72CFF10B19948044401E09948EC
:108950000444681C85B2B542F2DB781EC7B200251C
:1089600010E09548405D40F2A321484304EBC01459
:108970003046FFF714FF18B1012D01D18F48044490
:10898000681C85B2BD42ECDBA8F1010040F2A321D6
:10899000484304EBC014C9EB4910C0EB092004EBB9
:1089A0000014CAEB0A1004EB80045C4401214FF070
:1089B000C050F8F706FE0120F8F72DFC2046FAF724
:1089C000BAF9FAF7EBF90020B5E770B500260024F4
:1089D00000257B4806883604001D00880644774839
:1089E000B6FBF0F477480088A0423AD075490C8075
:1089F00040F2B2750EE02846FFF7D1FE30B1B4F573
:108A0000B77F02D3A4F5B77402E006E0A4F26D14B8
:108A1000681C85B2B4F5B67FEDD800BF6A48858082
:108A2000002516E068498888FFF7B9FE30B1012DAE
:108A300004D11D2C01D31D3C09E00CE05E48405DD3
:108A4000A04203D85C48405D241A00E003E0681CA3
:108A500085B21C2CE6D200BF681C5B498871601C83
:108A6000C8715648B6FBF0F100FB11644FF4616029
:108A7000B4FBF0F0544908704FF46160B4FBF0F1BE
:108A800000FB11403C21B0FBF1F04F4948704FF41E
:108A90006160B4FBF0F100FB11403C21B0FBF1F24E
:108AA00001FB1200484988700B46DA799979988859
:108AB000FFF78EFE44490872002070BD2DE9FC4787
:108AC00004460D4616461F46DDE90A89FAF717F9EE
:108AD000FAF764F93B46324629462046CDE900893B
:108AE000FFF717FFFAF714F9BDE8FC87014636488F
:108AF000808888803448807988713348C079C8710B
:108B00003148007A08723048007808702E48407862
:108B100048702D488078887070471CB5002401216A
:108B20004FF0C050F8F74DFD0120F8F774FBF7F750
:108B30002FFD4FF44070F8F7C0FC0120F8F7C3FC9C
:108B4000FAF72CF9FAF733F901210846FAF7CAF8CF
:108B5000FAF724F9FAF7D3F84FF22440FAF7F8F8C5
:108B6000FAF71CF9002000900346024601460190E6
:108B7000FFF7CFFEFAF7CCF8FFF702FEFFF725FF6D
:108B800000201CBD10B50120FAF736F908B1FFF737
:108B90001CFF0220FAF730F920B10220FAF73CF965
:108BA000FFF713FF0520FAF737F9FAF7F7F810BDCA
:108BB0000085E2018033E1016883010880510100F2
:108BC000182800407E0500204280002010B5044691
:108BD000F74850F82400408948B1F54850F824007F
:108BE0004089401EF24951F82410488120E0F048A5
:108BF00050F824000078D8B10020ED4951F8241035
:108C00000870EB4850F82400806988B1E84B53F8AD
:108C100024305988E64B53F82430D868E44B53F895
:108C200024309A6990470020E14951F82410488087
:108C300010BD012809D1DF49DD4A5160DE49526883
:108C4000D160DE49DA4A52681161022809D1DC4953
:108C5000D74A9160DB499268D160DB49D44A926877
:108C60001161704700B591B001214804F8F7A9FCE3
:108C700001210846F8F78BFC01210420F8F794FC49
:108C80000420ADF8400003208DF8420018208DF834
:108C9000430010A9CD48F8F745F90820ADF8400089
:108CA00004208DF8430010A9C848F8F73BF92620A6
:108CB0008DF82C0000208DF82D0001208DF82E005D
:108CC0008DF82F000BA8F7F7FAFB11208DF82C0078
:108CD00000208DF82D0002208DF82E0001208DF847
:108CE0002F000BA8F7F7EBFBB9480090B1480069DB
:108CF00001901020029080010390002004908020B9
:108D0000059000200690079008904FF400500990BD
:108D100000200A906946AF48F7F73EFD0122022184
:108D2000AC48F7F770FD0021AA48F7F760FD012273
:108D30008021A748001FF9F7A9FC4FF4E1300C90FF
:108D40000020ADF83400ADF83600ADF83800ADF8CD
:108D50003C000C20ADF83A000CA99D48001FF9F723
:108D6000D8FB012240F225519948001FF9F769FC10
:108D7000012240F224419648001FF9F762FC0122CB
:108D800028219348001FF9F75CFC012260219048DC
:108D9000001FF9F756FC40218D48001FF9F72DFD03
:108DA00001218B48001FF9F740FC11B000BD00B550
:108DB00091B001210820F8F7F7FB01218804F8F7AA
:108DC00000FC01210846F8F7E2FB4FF48060ADF8A3
:108DD000400003208DF8420018208DF8430010A9B0
:108DE0007D48F8F79FF84FF40060ADF8400004208C
:108DF0008DF8430010A97848F8F794F827208DF8EB
:108E00002C0000208DF82D008DF82E0001208DF80B
:108E10002F000BA8F7F753FB0C208DF82C00002037
:108E20008DF82D0002208DF82E0001208DF82F00E6
:108E30000BA8F7F744FB694800906148006901906E
:108E4000102002904FF4C050039000200490802026
:108E5000059000200690079008904FF4005009906C
:108E600000200A9069465B486438F7F795FC0122B8
:108E7000022158486438F7F7C6FC00215548643889
:108E8000F7F7B5FC012280215448001FF9F7FEFBDB
:108E9000524800904A48C0680190002002904FF468
:108EA00080600390002004908020059000200690B0
:108EB000079008904FF44050099000200A906946AE
:108EC00044485038F7F768FC012142485038F7F71A
:108ED0008EFC012240214148001FF9F7D7FB4FF4D7
:108EE000E1300C900020ADF83400ADF83600ADF85C
:108EF0003800ADF83C000C20ADF83A000CA937481A
:108F0000001FF9F706FB40213448001FF9F775FCF4
:108F1000012228213148001FF9F793FB012260212B
:108F20002E48001FF9F78DFB012240F224412B4807
:108F3000001FF9F786FB01212848001FF9F775FB90
:108F400011B000BD10B504462046FFF772FE012C9B
:108F500001D1FFF787FE022C01D1FFF728FF10BDDA
:108F6000012801D1134A5161022801D1144A5161EB
:108F70007047012801D10F4A9161022801D1104A9E
:108F80009161704701460A4850F821000078012895
:108F900001D100207047064850F82100408820B1D8
:108FA000034850F821004088F4E70020F2E7000071
:108FB0004C800020608000207C8400207C80002089
:108FC0007C88002098A0002098880020000801409C
:108FD0000444004080000240000C0140044800406E
:108FE0000146FE4850F821004078012804D1FB4892
:108FF00050F82100808870470020FCE710B5024639
:109000000B46F64850F822000078012801D10020D4
:1090100010BD002107E0F14850F82200C068405C14
:109020005854481C81B2ED4850F8220040888842CC
:10903000F1DC0020E94C54F822406080FF20E7E793
:109040000021E64A52F82020518070472DE9F04176
:1090500004460F461646E14850F82400407801289F
:1090600063D0DE4850F824008680002507E0785D54
:10907000DA4951F8241009694855681C85B2B5428F
:10908000F5DB0120D54951F8241048707CB9D3484C
:1090900050F824008088D2498864D04850F82400D1
:1090A000006908650121CE484430F7F7A0FB012C88
:1090B00012D1CA4850F824008088C9498431086018
:1090C000C64850F824000069C549C1F88C00012148
:1090D000C3488030F7F78BFB022C0FD1BF4850F804
:1090E00024008088BE490862BC4850F8240000690A
:1090F00088620121BA481C30F7F779FB032C11D1A3
:10910000B64850F824008088B6490860B34850F843
:1091100024000069B349083108600121B148001FEB
:10912000F7F765FB0120BDE8F0810020FBE770B593
:1091300004460D462E4654B92946AB48F9F7E2FAE3
:1091400000BF4021A848F9F74BFB0128F9D1012CB9
:109150000AD12946A548F9F7D5FA00BF4021A3480E
:10916000F9F73EFB0128F9D1022C0AD12946A04883
:10917000F9F7C8FA00BF40219D48F9F731FB0128F3
:10918000F9D1032C0AD129469A48F9F7BBFA00BF56
:1091900040219848F9F724FB0128F9D170BD70B53A
:1091A00040F225519148F9F731FB10B392484069DC
:1091B00040B18E48F9F7AAFAC4B28F4841692046F7
:1091C000884716E001208C49087032204881084603
:1091D0004088B0F5806F0CDA8448F9F797FAC1B28D
:1091E000854842884088401C834B58801846C06898
:1091F000815408217D48F9F7F3FA50B17B48008883
:10920000C5B27A48001D0088C5B208217748F9F731
:10921000F4FA04217548F9F7E3FA50B1734800886D
:10922000C5B27248001D0088C5B204216F48F9F725
:10923000E4FA02216D48F9F7D3FA50B16B4800887F
:10924000C5B26A48001D0088C5B202216748F9F717
:10925000D4FA01216548F9F7C3FA50B16348008890
:10926000C5B26248001D0088C5B201215F48F9F708
:10927000C4FA40F224415D48F9F7C8FAA0B15B484E
:109280000088C5B25948001D0088C5B25A48806997
:1092900038B1594B5988D8689A6990470020564987
:1092A000488000205449087070BD10B54FF0007020
:1092B000F7F7D7FA60B14FF00070F7F7E6FA002041
:1092C0004D4948708880002145488030F7F78FFA73
:1092D00010BD70B540F225514548F9F797FA10B323
:1092E0004648406940B14248F9F710FAC4B24348D1
:1092F00041692046884716E0012040490870052052
:10930000488108464088B0F5806F0CDA3848F9F794
:10931000FDF9C1B2394842884088401C374B58801B
:109320001846C068815408213148F9F759FA50B1FC
:109330002F480088C5B22E48001D0088C5B20821FC
:109340002B48F9F75AFA04212948F9F749FA50B19C
:1093500027480088C5B22648001D0088C5B20421F0
:109360002348F9F74AFA02212148F9F739FA50B1AE
:109370001F480088C5B21E48001D0088C5B20221E2
:109380001B48F9F73AFA01211948F9F729FA50B1BF
:1093900017480088C5B21648001D0088C5B20121D3
:1093A0001348F9F72AFA40F224411148F9F72EFA46
:1093B00030B30F480088C5B20D48001D0088C5B203
:1093C000002107483030F7F712FA05483030F7F738
:1093D00025FAC0F580600949488012E04C800020E1
:1093E000000002405C04024000380140004400409C
:1093F00000480040004C0040608000207C88002035
:1094000016E04FF480611448F7F706FA012112487C
:10941000F7F7EDF91148806938B1104B5988D868D1
:109420009A69904700200D49488000200B49087038
:1094300070BD10B52020F7F714FA58B12020F7F7C7
:1094400024FA002005494870888000210248143819
:10945000F7F7CDF910BD0000300002407C880020F5
:1094600010B5FFF74FF910BD70B505460C46042D39
:1094700006D114B1FFF774F901E0FFF777F900E0C6
:1094800000BF00BF70BD000010B5FFF7E9FF10BDC1
:109490002DE9FC47824688461646DDF830900024C8
:1094A000002717E0022000FB07850DB9BDE8FC8707
:1094B00069782878FFF7D8FF28780F4901F8140059
:1094C000012001EB44014870042C01DA601CC4B295
:1094D000781CC7B206EBD671B7EB610FE2DBB9F1CE
:1094E000000F06D000200090620003490190504612
:1094F000C84700BFDAE700008005002070477047CA
:1095000010B5044654222146F048F9F7D1FE6421F3
:10951000EF480BF05BFEEFA3F0A2F4A1EC480BF0D8
:109520009DFB10BDFA48007830B101280DD002280B
:109530001AD003282FD11EE00020F6490880F649F2
:1095400008600120F249087025E0F2480088401CBC
:10955000F049088008460088C82804DD00200880FB
:109560000220EB49087016E00120EB490860032057
:10957000E74908700FE0E7480088401CE54908808B
:1095800008460088C82805DD00200880E0490870EA
:10959000FF20704700BF00BF0020FAE7FF207047A0
:1095A00010B5DE48007878B10020DC490870C74863
:1095B000FBF760FC6421C6480BF008FEC5A3C7A2F8
:1095C000CAA1C3480BF04AFBFFF7E8FF10B1FF2028
:1095D000D3490870FFF7A6FF10B1FF20D1490870EA
:1095E000CF480078FF280AD1CE480078FF2806D15E
:1095F0000020CB490870CB490870FF2010BD002027
:10960000FCE7C9494870704710B5C848007810B1E8
:10961000012838D10CE04FF40071C5480BF0D6FD9D
:109620000921C4A003F0C6FD0120C04908702CE048
:10963000C3A1BF480BF0A7FC40B10020BB49087094
:10964000C1490880C1490880FF2010BDBE4800887C
:10965000401CBD49088008460088C82812DD00204B
:109660000880B2490870B9480088401CB749088092
:1096700008460088052805DD00200880AB490870F1
:10968000EE20E2E701E0EE20DFE700BF0020DCE7AC
:1096900070B50024AE48007822287DD2DFE800F0C3
:1096A000111E49568491C2CFEFEEEDECEBEA7C7CC3
:1096B000E9E8E7E67C7C7C7CE5E47C7C7C7C7C7C6B
:1096C000E3E24FF400719A480BF080FD0421A1A061
:1096D00003F070FD01209E49087000E39FA19448AB
:1096E0000BF051FC40B102209949087000209C49C0
:1096F00008809C4908701BE099480088401C9849E4
:10970000088008460088B0F5967F11DD00200880AB
:109710008F49087093480078401C924908700846A9
:109720000078052804DD00200870EE2088490870C4
:10973000D5E24FF400717E480BF048FD0A218AA063
:1097400003F038FD032082490870C8E289A17848F7
:109750000BF019FC40B104207D49087000208049BD
:109760000880804908701EE07D480088401C7C49C4
:10977000088008460088B0F5967F14DD0020088038
:1097800002207349087077480078401C75490870BA
:1097900008460078052800E07FE204DD002008701C
:1097A000EE206B4908709AE24FF4007160480BF0AC
:1097B0000DFD0A2171A003F0FDFC0520644908702D
:1097C0008DE271A15A480BF0DEFB20B96FA1584819
:1097D0000BF0D9FB40B106205D49087000206049BC
:1097E0000880604908701CE05D480088401C5C49A6
:1097F000088008460088B0F5967F12DD00200880BA
:1098000004205349087057480078401C5549087097
:1098100008460078052804DD00200870EE204C4939
:1098200008705CE24FF4007141480BF0CFFC0B2153
:1098300057A003F0BFFC0720454908704FE252A132
:109840003B480BF0A0FB20B950A139480BF09BFB23
:10985000B0B108203E4908700020414908804149C4
:1098600008702AE0DBE1C9E1C4E1BFE192E184E1F3
:1098700057E149E11BE10DE1D1E0C3E095E01DE0D6
:1098800037480088401C3649088008460088B0F5F3
:10989000967F12DD0020088006202D49087031488F
:1098A0000078401C2F49087008460078052804DD20
:1098B00000200870EE202649087010E24FF4007175
:1098C0001B480BF083FC1F2168E000000C06002001
:1098D000A7A40020313138383300000033392E3945
:1098E000362E31302E3235300000000041542B51DD
:1098F000494F50454E3D312C302C22544350222CA0
:10990000222573222C25732C302C310D0A000000E7
:109910006806002066060020840122426B060020B3
:10992000690600206A0600200CA500206C060020B5
:1099300098A0002041542B43474D4D0D0A000000D4
:109940004543323000000000700600206E06002003
:109950007206002041540D0A000000004F4B000029
:10996000740600207306002041542B4350494E3F9B
:109970000D0A0000524541445900000041542B4358
:109980005245473F0D0A00002C3100002C350000E5
:1099900041542B43475245473F0D0A00F8A003F0BE
:1099A00009FC0920FE49087099E1AFF25001FD4819
:1099B0000BF0E9FA40B10A20F94908700020FA4991
:1099C0000880FA4908701CE0F7480088401CF649F6
:1099D000088008460088B0F5967F12DD00200880D8
:1099E0000820EF490870F1480078401CEF490870E2
:1099F00008460078052804DD00200870EE20E849BC
:109A000008706CE14FF40071E6480BF0DFFB0C21AD
:109A1000E7A003F0CFFB0B20E14908705FE1AFF254
:109A2000C401E0480BF0AFFA40B11020DC490870E7
:109A30000020DD490880DD4908702AE0E0A1D9480E
:109A40000BF0A1FA40B10C20D54908700020D6498E
:109A50000880D64908701CE0D3480088401CD249D1
:109A6000088008460088B0F5967F12DD0020088047
:109A70000A20CB490870CD480078401CCB490870BB
:109A800008460078052804DD00200870EE20C4494F
:109A9000087024E14FF40071C2480BF097FB0E21CF
:109AA000C9A003F087FB0D20BD49087017E1AFF294
:109AB0005411BC480BF067FA40B10220B849087055
:109AC0000020B9490880B94908701CE0B6480088F0
:109AD000401CB549088008460088B0F5967F12DD25
:109AE000002008800C20AE490870B0480078401C67
:109AF000AE49087008460078052804DD002008708B
:109B0000EE20A7490870EAE04FF40071A5480BF079
:109B10005DFB0B21B0A003F04DFB1120A0490870A4
:109B2000DDE0AFF2C8119F480BF02DFA40B10020E4
:109B30009E4908709C4908801220994908701BE0D2
:109B400099480088401C9849088008460088642885
:109B500012DD002008801020914908709348007899
:109B6000401C9249087008460078032804DD002054
:109B70000870EE208A490870B1E04FF400718948FE
:109B80000BF024FB212197A003F014FB1320844940
:109B90000870A4E0AFF23C2182480BF0F4F940B128
:109BA0000020824908708049088018207C4908708C
:109BB0001BE07D480088401C7B49088008460088DF
:109BC000642812DD0020088012207549087077484B
:109BD0000078401C7549087008460078032804DDA9
:109BE00000200870EE206E49087078E019206C495A
:109BF000087074E020206A49087070E04FF400712A
:109C000068480BF0E3FA80480BF0F3F90546294663
:109C10007D4803F0CFFA2120614908705FE07BA105
:109C200060480BF0B0F940B100205D4908705E4912
:109C300008805E490870FF2070BD78A159480BF07C
:109C4000A2F960B10E2178A003F0B4FA00205649C1
:109C5000088056490870EE20514908701CE05248AF
:109C60000088401C5049088008460088B0F5967F5F
:109C700012DD002008802020494908704B480078F8
:109C8000401C4A49087008460078052804DD002079
:109C90000870EE204249087021E06748007820B142
:109CA00001280BD0022818D111E0FFF777FC0446F9
:109CB000FF2C02D10120604908700EE0FFF732FC52
:109CC0000446FF2C02D102205B49087005E0002009
:109CD000334908705849087000BF00BF00BF00BF7B
:109CE0000020A9E755487047554870475548007807
:109CF0007047554870475548704700215448407890
:109D0000022804D12D20534A5054481CC1B2504857
:109D10008078504A5054481CC1B24D48C0785054C5
:109D2000481CC1B22E205054481CC1B2484800798A
:109D30005054481CC1B2464840795054481CC1B2E6
:109D400010467047002142480078022804D12D2097
:109D5000414A5054481CC1B23D48007B3E4A5054D1
:109D6000481CC1B23A48407B5054481CC1B23848E4
:109D7000807B5054481CC1B22E205054481C6DE0CA
:109D800041542B5149435347503D312C312C2243F0
:109D90004D494F54222C22222C22222C310D0A0014
:109DA0007206002098A00020740600207306002090
:109DB00041542B51494143543D310D0A00000000EC
:109DC0004552524F5200000041542B5149444541E5
:109DD00043543D310D0A000041542B43545A553D24
:109DE000330D0A0041542B514E54503D312C223238
:109DF00030322E3131322E31302E3336222C313268
:109E0000332C310D0A000000A7A400202B51494F2C
:109E100050454E3A20302C30000000002B51494F65
:109E200050454E3A20302C0041542B5149434C4F61
:109E300053453D300D0A00007606002098A400200E
:109E4000C1050020C0050020D0050020DF0500204E
:109E500088050020F805002002060020C1B2FD4858
:109E6000C07B5054481CC1B2FA48007C5054481C76
:109E7000C1B2104670472DE9F041074688460024DC
:109E8000F5480078E8B9F5A1F6480BF07CF80446EF
:109E9000B4B1AFF2C00120460BF075F8851CF2A1F9
:109EA000F0480BF070F8044654B104F109000BF0CF
:109EB0005DF886B23146284607F0E1FD00BF00BFDD
:109EC00000BF00BF0020BDE8F081002070470020E7
:109ED000E8490860704710B50024E64800684EF66F
:109EE0006021884205D2E3480068401CE1490860CF
:109EF00088E0E148007830B1012814D0022871D000
:109F000003287ED172E00020DC4908704FF4007114
:109F1000D4480BF05BF90821D9A003F04BF90120DC
:109F2000D54908706DE0AFF2CC51CE480BF02BF85C
:109F300028B3D6A1CB480BF026F80446B4B10F21C4
:109F4000D4480BF043F9A41D02222146D148F9F769
:109F5000AFF92078322802DB2078382803DD002092
:109F6000CD49087002E00120CB4908700220C249A7
:109F700008700020C9490880C949087030E0C9A1AB
:109F8000B8480BF000F860B10020BB490870B9492F
:109F90000860C2490880C24908700120B7490870AA
:109FA0001EE0BE480088401CBC4908800846008866
:109FB000642815DD00200880AF490870B848007893
:109FC000401CB749087008460078032808DD0020C7
:109FD0000870A9490870A74908600120A7490870BE
:109FE0000FE0FFE70320A44908700AE00020AC4915
:109FF0000870A14908709F49086001209F490870B6
:10A0000000BF00BF10BD10B5044654222146A84829
:10A01000F9F74EF92046FAF736FFFF2010BD70B56C
:10A0200006460D46A34880680A2801D1002070BD6D
:10A030004FF44370F9F723FA04460CB90020F6E711
:10A0400025812A46314604F10A00F9F731F9994889
:10A05000006850B900206060206096480460446049
:10A060008068401C934988600DE000206060914842
:10A07000406844608F48406820608E484460806833
:10A08000401C8C498860FF20D1E78A48006808B9E5
:10A0900000207047874800680830FAE710B5854807
:10A0A000006808B9002010BD824804680068406854
:10A0B00020B100207F490968496808607D48006830
:10A0C00040687C49086008468068401E88602046D9
:10A0D000F9F7C5F9FF20E6E710B56848007800B940
:10A0E00010BD75480078032859D005DC48B1012817
:10A0F00013D0022877D131E0042866D0EE28F9D1B8
:10A1000083E0FFF7C2FF6D4908600846006800B9A8
:10A11000E6E701206849087080E04FF4007151487B
:10A120000BF054F84FF4007165480BF04FF84021E4
:10A1300064480BF06DF861480068028862A16148CC
:10A140000AF08CFD5F480AF054FF044621465D4842
:10A1500003F030F80220584908705FE05FA14148E1
:10A160000AF011FF40B103205349087000205C49F8
:10A1700008705C49088011E05A480088642805DAB4
:10A1800058480088401C5749088007E0002055497E
:10A190000880534908700320474908703EE04FF497
:10A1A000007130480BF012F84FF4007144480BF086
:10A1B0000DF842480068018840480068801C02F0A1
:10A1C000F9FF04203C49087028E047A125480AF01F
:10A1D000DAFE48B1EE203849087000204049087086
:10A1E0004049088010E016E03E480088642805DAFF
:10A1F0003C480088401C3B49088005E00020394964
:10A200000880EE202C49087008E0FFF747FF002087
:10A210002949087000BF00BF00BF00BF00BF00BFDA
:10A220005EE770B504460D4629462046FFF7F7FE67
:10A23000FF2070BD30B585B000242D48006841F284
:10A240007071884256D22A480068401C284908602C
:10A2500034E2000088050020770600202B51495584
:10A2600052433A0098A000202272656376222C3077
:10A270002C00000060060020780600206406002004
:10A2800041542B4353510D0A000000002B435351FE
:10A290003A200000C1050020C00500207A060020F9
:10A2A000790600202B434D45204552524F523A002B
:10A2B0000C06002038A500207C0600208006002027
:10A2C0009888002044A5002041542B514953454E05
:10A2D000443D302C25640D0A000000003E000000C3
:10A2E0007D0600207E06002053454E44204F4B0043
:10A2F00088060020F948007830B1012814D00228DF
:10A300007AD0032879D172E10020F54908704FF422
:10A310000071F4480AF05AFF0A21F3A002F04AFF44
:10A320000120EE490870C8E1AFF6D011ED480AF0FF
:10A330002AFE00287ED0EFA1EA480AF024FE044657
:10A34000002C78D00834607830382178303901EB2F
:10A35000810100EB4100642190FBF1F201FB12004E
:10A3600000F5FA6080B2ADF80C00BDF80C0040F6C4
:10A370003301884218DD0020E1490880D749087080
:10A38000E0480078401CDF49087008460078032840
:10A3900008DD00200870D1490870DB490860012001
:10A3A000CF49087005B030BDE41C607830382178A2
:10A3B000303901EB810100EB4100C0B28DF80E0095
:10A3C0009DF80E000C2819DD0020CD490880C349F6
:10A3D0000870CC480078401CCA49087008460078CC
:10A3E000032808DD00200870BC490870C6490860D1
:10A3F0000120BB490870D5E7EBE05DE1E41C607823
:10A4000030382178303901EB810100EB4100C0B2D6
:10A410008DF80F009DF80F001F281ADD0020B849A5
:10A420000880AE490870B7480078401CB5490870EC
:10A43000084601E0ADE0A5E00078032808DD002033
:10A440000870A6490870B04908600120A449087046
:10A45000A8E7E41C607830382178303901EB8101BD
:10A4600000EB4100C0B28DF810009DF810001728D5
:10A4700017DD0020A249088098490870A14800789B
:10A48000401CA049087008460078032808DD002019
:10A490000870924908709C49086001209049087032
:10A4A00080E7E41C607830382178303901EB810195
:10A4B00000EB4100C0B28DF811009DF811003B285F
:10A4C00017DD00208E490880844908708D48007887
:10A4D000401C8C49087008460078032808DD0020DD
:10A4E00008707E4908708849086001207C4908701E
:10A4F00058E7E41C607830382178303901EB81016D
:10A5000000EB41003C2190FBF1F201FB1200C0B2D4
:10A510008DF812009DF812003B2817DD00207849C5
:10A5200008806E49087077480078401C75490870AB
:10A5300008460078032808DD002008706749087085
:10A54000714908600120664908702BE703A807F0ED
:10A55000A0FCBDF80C00642190FBF1F201FB12009D
:10A56000C5B29DF812009DF811109DF81020CDE99C
:10A57000002102909DF80F209DF80E100023284620
:10A5800008F0CEFE00205F49087002205349087091
:10A590001EE05B480088401C594908800846008836
:10A5A000642815DD002008804C4908705548007863
:10A5B000401C5449087008460078032808DD002034
:10A5C00008704649087050490860012044490870E5
:10A5D00073E04FF4007143480AF0F8FD0821AFF230
:10A5E000603002F0E7FD03203C49087065E0AFF6FB
:10A5F00094413C480AF0C7FC50B3AFF2703139487F
:10A600000AF0C1FC0446B4B10F2140480AF0DEFD57
:10A61000A41D022221463D48F8F74AFE2078322840
:10A6200002DB2078382803DD00203949087002E079
:10A630000120374908700020284908703249086015
:10A640002F4908802F49087001202549087032E001
:10A65000AFF2B03123480AF096FC60B100201F49E8
:10A660000870294908602649088026490870012099
:10A670001B4908701FE022480088401C20490880C0
:10A6800008460088642816DD00200880022013494F
:10A6900008701C480078401C1A4908700846007869
:10A6A000032808DD002008700C490870164908606E
:10A6B00001200B49087000E000BF00BF00BF71E639
:10A6C00010B500F022F900B110BD02F070FE08B123
:10A6D000FFF7B0FDFFF700FD00BFF5E7840600209F
:10A6E0006406002098A0002041542B43434C4B3F6C
:10A6F0000D0A00002B43434C4B3A2022000000007F
:10A70000860600208506002088060020C10500205E
:10A71000C0050020F648007A7047F5480078704779
:10A7200010B50446F248406838B1F1484068A0428C
:10A7300005D06A20EE49486001E0ED484460EC49EC
:10A74000486808F049FF10BD10B5EA48006808B92C
:10A75000002010BDE74804680068406820B1002070
:10A76000E449096849680860E24800684068E149CE
:10A77000086008468068401E88602046F8F76FFE33
:10A78000FF20E6E72DE9F04705460E4617469846B6
:10A79000D8488068202801D1FFF7D6FF2420F8F799
:10A7A0006EFE044614B90020BDE8F08730460AF07A
:10A7B00020FC81464A46314604F10800F8F778FD4E
:10A7C0006561A761C4F81C8001212162C948006845
:10A7D00050B9002060602060C64804604460806812
:10A7E000401CC44988600DE000206060C14840689A
:10A7F0004460C04840682060BE4844608068401C97
:10A80000BC498860FF20CFE70246BA48016805E0EE
:10A810004869904201D1086A704749680029F7D118
:10A8200040F22F10F8E70246B248016805E0486997
:10A83000904201D10846704749680029F7D10020AD
:10A84000F9E70246AB4B186804E04369934200D134
:10A85000016240680028F8D17047A748704701207E
:10A86000A64981F8980070470020A44981F8980013
:10A8700070470021A14A116151614FF4FA601146FD
:10A88000A1F884000020A1F8860081F88000002152
:10A890009160D1604FF4FA601146A1F88200002067
:10A8A000A1F896004EF27860A1F88E000020A1F881
:10A8B0009000012081F89800704710B502460B46C1
:10A8C00000210AE08E4800EBC10411CC50405C40EE
:10A8D000204300D110BD481CC1B22029F2DB8848BA
:10A8E0000838C478083000EBC4000CC0844808382D
:10A8F000C078401C824C083CE0702046C07820287C
:10A9000001D10020E070FF20E4E77C4890F881004E
:10A9100070477A4890F88000704710B504460020D0
:10A9200078490880784908707848006818B17748F5
:10A930000068F8F794FD7548046010BD0120744963
:10A94000087070470020724908707047704800789E
:10A95000704730B50346002014E0141A641E0C5DE5
:10A960006C4D05EB1414247803F81040141A641E7F
:10A970000C5D04F00F042C5D012505EB40055C55D2
:10A98000441CE0B29042E8DB30BD30B50346002005
:10A9900010E00C5C5F4D05EB1414247803F81040B4
:10A9A0000C5C04F00F042C5D012505EB40055C55A3
:10A9B000441CE0B29042ECDB30BD30B503460020D1
:10A9C00014E0141A641E0C5D524D05EB1414247827
:10A9D00003F81040141A641E0C5D04F00F042C5D83
:10A9E000012505EB40055C55441CE0B29042E8DBD4
:10A9F00030BD01462F2906DD3A2904DAA1F13000E5
:10AA0000C2B210467047602906DD672904DAA1F159
:10AA10005700C2B21046F5E7402906DD472904DA9F
:10AA2000A1F13700C2B21046ECE7FF20EAE7F0B52B
:10AA300004460E461546002313E00027012101EBD2
:10AA40004301605CFFF7D5FF074614F81300FFF7DA
:10AA5000D0FF47EA0010C7B2681EC01A3754581C0E
:10AA6000C3B2AB42E9DBF0BDF0B504460D46164675
:10AA7000002311E00027012101EB4301605CFFF797
:10AA8000B8FF074614F81300FFF7B3FF47EA0010BA
:10AA9000C7B2EF54581CC3B2B342EBDBF0BD10B5E4
:10AAA000FCF7EDFF18B901201149086002E0002011
:10AAB0000F49086010BD10B50F48FAF768F90E4845
:10AAC0002030FAF76FF9FAF778F948B10A482030E0
:10AAD0000AF08FFAC4B221460748203008F076FF0A
:10AAE000054808F0D0FFFAF780F90149886010BDE9
:10AAF00030A7002064A70020E406002088A50020DD
:10AB000030A6002090060020920600209406002027
:10AB100004080020748301081CB502F0FAFBFE480B
:10AB20000090FE480190684602F0A4FEFFF7C3FFC4
:10AB30001CBD2DE9F04104F0F8F907460022F84B5E
:10AB4000F8A1384604F077F9F84AF9A1384604F03C
:10AB5000A5F9F64A1032F8A1384604F09FF9F34AF5
:10AB60002032F7A1384604F099F9F049083908680D
:10AB70000CF01BFF05462A460B46F4A1384604F0AC
:10AB80005AF9EA49083948680CF00FFF05462A4689
:10AB90000B46EFA1384604F04EF90022EE4BEFA130
:10ABA000384604F048F9384603F019FF044624B942
:10ABB000384602F095FEBDE8F08120787B2806D06B
:10ABC000384602F08DFE2046F8F749FCF3E72046B0
:10ABD0000AF00FFA0546F8F752FCE2490860084609
:10ABE000006830B9384602F07BFE2046F8F737FCA3
:10ABF000E1E75020F8F743FCDB49086008460068AD
:10AC000050B9384602F06CFE2046F8F728FCD548CB
:10AC10000068F8F724FCCEE70020D34909680870E3
:10AC2000D1490968887006F0CDF8CF490968888055
:10AC30000020CD49096848700C20CB490968C880BC
:10AC40000C22CAA1C84800680830F8F731FB20463A
:10AC50000AF0CFF9C4490968A1F84800C148006862
:10AC6000C1490968C86420460AF0C3F90546BE49CF
:10AC700009682A46C86C2146F8F71AFBBA480068EA
:10AC800007F0B2F8B7480068F8F7E9FBB648006883
:10AC9000F8F7E5FB2046F8F7E2FB384602F020FE25
:10ACA00000BF88E72DE9F04104F03FF9804604F049
:10ACB0003CF907460022B14B9AA1404604F0BBF88C
:10ACC0009A4A9BA1404604F0E9F8984A10329AA1AA
:10ACD000404604F0E3F8954A203299A1404604F03A
:10ACE000DDF89249083908680CF05FFE05462A46EF
:10ACF0000B4696A1404604F09EF88C4908394868F6
:10AD00000CF053FE05462A460B4691A1404604F03E
:10AD100092F83A469AA1404603F09BFF9A49086888
:10AD20000CF043FE05462A460B4698A1384604F02F
:10AD300082F8954948680CF038FE05462A460B46CD
:10AD400095A1384604F077F88F4988680CF02DFEFD
:10AD500005462A460B4694A1384604F06CF8404656
:10AD600003F03DFE044624B9404602F0B9FDBDE8BB
:10AD7000F08120787B2806D0404602F0B1FD2046C5
:10AD8000F8F76DFBF3E720460AF033F90546F8F7CC
:10AD900076FB884908600846006830B9404602F0F2
:10ADA0009FFD2046F8F75BFBE1E75020F8F767FBD3
:10ADB000814908600846006850B9404602F090FD9D
:10ADC0002046F8F74CFB7B480068F8F748FBCEE7D5
:10ADD000002079490968087077490968887005F08A
:10ADE000F1FF754909688880002073490968487037
:10ADF0000C2071490968C8800C225CA16E4800686B
:10AE00000830F8F755FA20460AF0F3F86A4909685D
:10AE1000A1F848006748006867490968C864204687
:10AE20000AF0E7F80546644909682A46C86C2146D5
:10AE3000F8F73EFA6048006806F0D6FF5D48006803
:10AE4000F8F70DFB5C480068F8F709FB2046F8F7B7
:10AE500006FB404602F044FD00BF88E710B55748A6
:10AE60000088B0F5FA6F05DA54480088401C534951
:10AE7000088012E00020514908805148007810B93C
:10AE8000FFF757FE01E0FFF70DFF4D48007808B9C6
:10AE9000012000E000204A49087010BD2DE9F0476C
:10AEA000054604F042F8814604F03FF8804600224F
:10AEB000444B1CA1484603F0BEFF1C4A1CA1484657
:10AEC00003F0ECFF194A10321BA1484603F0E6FFDD
:10AED000164A20321AA1484603F0E0FF1349083908
:10AEE00008680CF062FD064632460B4617A148463C
:10AEF00003F0A1FF0D49083948680CF056FD0646DD
:10AF000032460B4612A1484603F095FF2A462EA171
:10AF1000484603F0C3FF59E07F3400085F3400085F
:10AF200000408F40636D644964000000C406002047
:10AF30006272616E640000006D6F64656C000000F9
:10AF4000646576696365496400000000726F77008C
:10AF5000636F6C756D6E00000000F03F6D61636E95
:10AF60006F0000000C080020080800207465726D56
:10AF7000696E616C5F6D73670000000000488F4070
:10AF8000646174610000000030A70020646F6F727C
:10AF9000207374617465000073797374656D207338
:10AFA000746174650000000073746F7265207374BF
:10AFB00061746500140800201008002018080020A3
:10AFC0001A08002000588F40747300004246AFF208
:10AFD0005001484603F03DFEF84908680CF0E5FCD6
:10AFE000064632460B46AFF25C01404603F023FFB3
:10AFF000F24948680CF0D9FC064632460B46AFF2DF
:10B000006801404603F017FFEC4988680CF0CDFC5E
:10B01000064632460B46AFF27001404603F00BFF86
:10B02000484603F0DCFC044624B9484602F058FCCC
:10B03000BDE8F08720787B2806D0484602F050FC17
:10B040002046F8F70CFAF3E7204609F0D2FF06464F
:10B05000F8F715FADA4908600846006830B948463A
:10B0600002F03EFC2046F8F7FAF9E1E75020F8F745
:10B0700006FAD44908600846006850B9484602F00C
:10B080002FFC2046F8F7EBF9CD480068F8F7E7F910
:10B09000CEE70120CB49096808700020C94909683A
:10B0A0008870C8490968C87005F08CFEC5490968F0
:10B0B00088800020C349096848700C20C14909688C
:10B0C000C8800C22AFF25C11BE4800680830F8F767
:10B0D000EFF8BC480068083008B900BF00BF204640
:10B0E00009F087FFB7490968A1F84800B44800682B
:10B0F000B4490968C864204609F07BFF0646B14997
:10B1000009683246C86C2146F8F7D2F8AD480068A5
:10B1100006F06AFEAB4800680078012808D0A8480D
:10B120000068F8F79CF9A7480068F8F798F911E06B
:10B130000120A44909688870A248006806F0AEF9A9
:10B14000FF2807D19E480068F8F789F99D480068F4
:10B15000F8F785F92046F8F782F9484602F0C0FB77
:10B1600000BF65E770B5054600240026AFF2402118
:10B17000284603F0D4FC044604B970BD9249206906
:10B180000AF06EF800B1F8E7AFF25421284603F058
:10B19000C6FC044604B9F0E78B49103120690AF077
:10B1A0005FF800B1E9E7AFF26821284603F0B7FC89
:10B1B000044604B9E1E78449203120690AF050F8D7
:10B1C00000B1DAE7AFF20021284603F0A8FC0446FC
:10B1D00004B9D2E726693046FFF760FE00BFCCE72E
:10B1E0002DE9F041054603F0A0FE06460022774B0C
:10B1F000AFF2D021304603F01EFE734AAFF2D021E9
:10B20000304603F04BFE704A1032AFF2D421304684
:10B2100003F044FE6C4A2032AFF2DC21304603F0EA
:10B220003DFE00226A4B6BA1304603F004FE6BA288
:10B230006CA1304603F032FE2A46AFF2742130464C
:10B2400003F02CFE304603F0CAFB044624B9304616
:10B2500002F046FBBDE8F08120787B2806D030461E
:10B2600002F03EFB2046F8F7FAF8F3E7204609F033
:10B27000C0FE0746F8F703F95B4908600846006816
:10B2800030B9304602F02CFB2046F8F7E8F8E1E749
:10B290005020F8F7F4F8554908600846006850B99E
:10B2A000304602F01DFB2046F8F7D9F84E480068FA
:10B2B000F8F7D5F8CEE701204C490968087000205E
:10B2C0004A490968887049490968C87005F07AFDDB
:10B2D00046490968888000204449096848700C2064
:10B2E00042490968C8800C22AFF280313F480068AB
:10B2F0000830F7F7DDFF3D480068083008B900BFA7
:10B3000000BF204609F075FE38490968A1F84800D9
:10B310003548006835490968C864204609F069FE67
:10B320000746324909683A46C86C2146F7F7C0FF1C
:10B330002E48006806F058FD2C4800680078012867
:10B3400008D029480068F8F78AF828480068F8F714
:10B3500086F811E0012025490968887023480068B3
:10B3600006F09CF8FF2807D11F480068F8F777F827
:10B370001E480068F8F773F82046F8F770F8304672
:10B3800002F0AEFA00BF65E770B50546002400265E
:10B39000AFF26441284603F0C2FB044604B970BD15
:10B3A0000949206909F05CFF00B1F8E7AFF2784184
:10B3B000284603F0B4FB0446D4B9F0E730A70020D8
:10B3C000200800201C080020C406002000688F40D0
:10B3D0000000F03F666C61670000000073756363F6
:10B3E000657373006D73670028080020240800202F
:10B3F000FE49206909F034FF00B1D0E7AFF2C04147
:10B40000284603F08CFB044604B9C8E7F74910311D
:10B41000206909F025FF00B1C1E7AFF27441284669
:10B4200003F07DFB044604B9B9E7F149606988601F
:10B430000846806830B10120F9F7C3FC032008F00A
:10B4400018FA0CE00020F9F7BCFCF9F7B6FC18B1CB
:10B45000052008F00EFA02E0042008F00AFAAFF224
:10B460009841284603F05BFB044604B997E7266938
:10B470003046FFF7B5FE00BF91E72DE9F0470546DE
:10B480000E46914603F051FD82460022D94BAFF2A1
:10B490006C51504603F0CFFCD44A103AAFF27051D1
:10B4A000504603F0FBFCD14AAFF27451504603F012
:10B4B000F5FCCE4A1032AFF27851504603F0EEFC64
:10B4C00030460CF072FA07463A460B46CAA150467F
:10B4D00003F0B1FC4A46CAA1504603F0DFFC00224B
:10B4E000C94BAFF21011504603F0A5FCAFF2141295
:10B4F000AFF21011504603F0D1FC2A46AFF238519A
:10B50000504603F0CBFC504603F069FA044624B9D8
:10B51000504602F0E5F9BDE8F08720787B2806D098
:10B52000504602F0DDF92046F7F799FFF3E7204691
:10B5300009F05FFD0746F7F7A2FFB4490860084627
:10B54000006830B9504602F0CBF92046F7F787FF84
:10B55000E1E75020F7F793FFAD490860084600681F
:10B5600050B9504602F0BCF92046F7F778FFA748DB
:10B570000068F7F774FFCEE70120A5490968087055
:10B580000020A34909688870A1490968C87005F0BE
:10B5900019FC9F490968888000209D490968487006
:10B5A0000C209B490968C8800C22AFF24061984882
:10B5B00000680830F7F77CFE95480068083008B945
:10B5C00000BF00BF204609F014FD91490968A1F8A9
:10B5D00048008E4800688E490968C864204609F012
:10B5E00008FD07468A4909683A46C86C2146F7F7BC
:10B5F0005FFE8748006806F0F7FB85480068007822
:10B60000012808D081480068F7F729FF80480068C2
:10B61000F7F725FF11E001207D49096888707C4813
:10B62000006805F03BFFFF2807D178480068F7F76E
:10B6300016FF77480068F7F712FF2046F7F70FFF6D
:10B64000504602F04DF900BF65E72DE9F04387B0A1
:10B6500080460027B946AFF22871404603F05FFAF2
:10B660006C4908600846006810B907B0BDE8F0836F
:10B670006849096808695D49103909F0F1FD00B1B0
:10B68000F3E7AFF24C71404603F049FA61490860B4
:10B690000846006800B9E8E75E4909680869534947
:10B6A00009F0DEFD00B1E0E7AFF26C71404603F057
:10B6B00036FA584908600846006800B9D5E7554988
:10B6C000096808694949103109F0CAFD00B1CCE7A1
:10B6D00049A1404603F023FA4E4908600846006835
:10B6E00000B9C2E74B48006844692046F9F7F6FD07
:10B6F00000B1BAE742A1404603F011FA454908609B
:10B700000846006800B9B0E742480068076942A1EE
:10B71000404603F004FA414908600846006800B951
:10B72000A3E7AFF2D8713D48006803F0F8F9394952
:10B7300008600846006800B997E736480068456920
:10B74000AFF2F4713548006803F0E9F93149086057
:10B750000846006800B988E72E4800684669721EEE
:10B76000691EAFF621732046F8F7C3FD384607F08F
:10B77000CFFF062008F07DF802940395049601207F
:10B780000590684606F06CFB6846F9F7F1FDAFF2EC
:10B79000C871404603F0C3F91E49086008460068B6
:10B7A00000B962E71B480068D0F810903A4621467D
:10B7B0004846FFF762FE00BF57E72DE9F041054616
:10B7C00003F0B3FB06460022154BAFF6A801304646
:10B7D00003F031FB054A103AAFF6AC01304603F0F6
:10B7E0005DFB024AAFF6B00130461BE0D4060020F4
:10B7F00030A7002000788F40636F64650000000070
:10B800006F726465724964000000F03F30080020E8
:10B810002C080020340800207661720038080020CF
:10B8200000888F4003F03AFBF74AAFF6EC01304650
:10B8300003F034FB0022F54BAFF26841304603F0D1
:10B84000FAFAAFF26842AFF26441304603F026FBE9
:10B850002A46AFF68C01304603F020FB304603F059
:10B86000BEF8044624B9304602F03AF8BDE8F0814B
:10B8700020787B2806D0304602F032F82046F7F7D1
:10B88000EEFDF3E7204609F0B4FB0746F7F7F7FDB6
:10B89000DF4908600846006830B9304602F020F8F9
:10B8A0002046F7F7DCFDE1E75020F7F7E8FDD9493E
:10B8B00008600846006850B9304602F011F820468A
:10B8C000F7F7CDFDD2480068F7F7C9FDCEE70120B4
:10B8D000D049096808700020CE4909688870CD49B0
:10B8E0000968C87005F06EFACA49096888800020A6
:10B8F000C849096848700C20C6490968C8800C22EC
:10B90000AFF69811C34800680830F7F7D1FCC1487A
:10B910000068083008B900BF00BF204609F069FB85
:10B92000BC490968A1F84800B9480068B9490968E4
:10B93000C864204609F05DFB0746B64909683A46E7
:10B94000C86C2146F7F7B4FCB248006806F04CFA20
:10B95000B04800680078012808D0AD480068F7F7C3
:10B960007EFDAC480068F7F77AFD11E00120A94997
:10B9700009688870A748006805F090FDFF2807D186
:10B98000A3480068F7F76BFDA2480068F7F767FD6A
:10B990002046F7F764FD304601F0A2FF00BF65E7DF
:10B9A00070B505460026AFF67821284603F0B7F8B3
:10B9B000994908600846006800B970BD9649096851
:10B9C00008699149203909F04BFC00B1F5E7AFF661
:10B9D0009821284603F0A3F88F49086008460068BC
:10B9E00000B9EAE78C49096808698749103909F004
:10B9F00037FC00B1E1E7AFF6B821284603F08FF835
:10BA0000854908600846006800B9D6E78249096898
:10BA100008697D4909F024FC00B1CEE77FA12846E2
:10BA200003F07DF87C4908600846006800B9C4E767
:10BA300079480068446914B1FCF730F801E0FCF77C
:10BA400031F8AFF67C21284603F069F872490860A6
:10BA50000846006800B9B0E76F48006806693046DC
:10BA6000FFF7ABFE00BFA8E72DE9F05F05460E46E5
:10BA7000914603F05AFA824600226B4BAFF65C31D6
:10BA8000504603F0D8F9604A203AAFF65C31504690
:10BA900003F004FA5C4A103AAFF66431504603F002
:10BAA000FDF9594AAFF66831504603F0F7F93046D0
:10BAB0000BF07BFF07463A460B46AFF2C4215046D7
:10BAC00003F0B9F94A46AFF2C821504603F0E6F94F
:10BAD0003046F9F71AFC834658460BF066FF0746D6
:10BAE0003A460B4651A1504603F0A5F92A46AFF657
:10BAF0002831504603F0D2F9504602F070FF044658
:10BB000024B9504601F0ECFEBDE8F09F20787B2878
:10BB100006D0504601F0E4FE2046F7F7A0FCF3E71C
:10BB2000204609F066FA0746F7F7A9FC4349086082
:10BB30000846006830B9504601F0D2FE2046F7F7BB
:10BB40008EFCE1E75020F7F79AFC3D490860084673
:10BB5000006850B9504601F0C3FE2046F7F77FFC5D
:10BB600036480068F7F77BFCCEE7012034490968C6
:10BB70000870002032490968887031490968C87026
:10BB800005F020F92E490968888000202C490968B1
:10BB900048700C202A490968C8800C22AFF634414D
:10BBA000274800680830F7F783FB2548006808300D
:10BBB00008B900BF00BF204609F01BFA20490968F8
:10BBC000A1F848001D4800681D490968C86420465E
:10BBD00009F00FFA07461A4909683A46C86C214627
:10BBE000F7F766FB1648006806F0FEF81448006890
:10BBF0000078012826D011480068F7F730FC10487B
:10BC00000068F7F72CFC2FE0E40600200000F03F6E
:10BC1000400800203C08002044080020646F6F7238
:10BC20007374617465000000005C91407368697012
:10BC30006D656E7420737461746500004C0800209B
:10BC4000480800200120F84909688870F648006813
:10BC500005F024FCFF2807D1F4480068F7F7FFFB44
:10BC6000F1480068F7F7FBFB2046F7F7F8FB504672
:10BC700001F036FE00BF47E72DE9F04105460026FA
:10BC80000027AFF65451284602F049FFE849086002
:10BC90000846006808B9BDE8F081E5490968086907
:10BCA000E44909F0DDFA00B1F5E7AFF67451284632
:10BCB00002F035FFDE4908600846006800B9EAE78F
:10BCC000DB4909680869DB49103109F0C9FA00B19C
:10BCD000E1E7AFF69451284602F021FFD44908600D
:10BCE0000846006800B9D6E7D14909680869D14912
:10BCF000203109F0B5FA00B1CDE7AFF20451284682
:10BD000002F00DFFCA4908600846006800B9C2E7A2
:10BD1000C74800684469AFF21851284602F0FFFE98
:10BD2000C34908600846006800B9B4E7C048006825
:10BD30000669AFF66C51284602F0F1FEBC49086076
:10BD40000846006800B9A6E7B948006807693246A6
:10BD500021463846FFF788FE00BF9CE72DE9F041F9
:10BD6000054603F0E2F806460022B34BAFF64C61FD
:10BD7000304603F060F8AF4AAFF64C61304603F04E
:10BD80008DF8AC4A1032AFF65061304603F086F8B9
:10BD9000A84A2032AFF65861304603F07FF80022FF
:10BDA000A64BAFF6D011304603F045F8AFF6D412EB
:10BDB000A3A1304603F072F82A46AFF6F45130469C
:10BDC00003F06CF8304602F00AFE044624B930460F
:10BDD00001F086FDBDE8F08120787B2806D0304652
:10BDE00001F07EFD2046F7F73AFBF3E7204609F025
:10BDF00000F90746F7F743FB9349086008460068D7
:10BE000030B9304601F06CFD2046F7F728FBE1E73A
:10BE10005020F7F734FB8D4908600846006850B998
:10BE2000304601F05DFD2046F7F719FB86480068B3
:10BE3000F7F715FBCEE70120844909680870002058
:10BE400082490968887081490968C87004F0BAFF9E
:10BE50007E490968888000207C49096848700C2068
:10BE60007A490968C8800C22AFF6007177480068EB
:10BE70000830F7F71DFA75480068083008B900BFA8
:10BE800000BF204609F0B5F870490968A1F84800DC
:10BE90006D4800686D490968C864204609F0A9F832
:10BEA00007466A4909683A46C86C2146F7F700FA1E
:10BEB0006648006805F098FF64480068007801282B
:10BEC00008D061480068F7F7CAFA60480068F7F7D9
:10BED000C6FA11E001205D49096888705B48006876
:10BEE00005F0DCFAFF2807D157480068F7F7B7FAE2
:10BEF00056480068F7F7B3FA2046F7F7B0FA30462D
:10BF000001F0EEFC00BF65E770B504460025AFF612
:10BF1000E071204602F003FE4D49086008460068C3
:10BF200000B970BD4A4909680869424909F098F9A1
:10BF300000B1F6E74749204602F0F1FD44490860A8
:10BF40000846006800B9ECE74149096808693949C1
:10BF5000103109F085F900B1E3E73E490831204688
:10BF600002F0DDFD3A4908600846006800B9D8E7EC
:10BF70003749096808692F49203109F071F900B182
:10BF8000CFE735A1204602F0CAFD314908600846D6
:10BF9000006800B9C5E74FF480712648403009F0C9
:10BFA00037F92B490968086909F023F8064628483B
:10BFB0000068324601691F484030F7F779F9244993
:10BFC0000968086909F015F8C6B2314619484030C9
:10BFD000F8F7C2FE2148806870B1032007F049FCE1
:10BFE0001B490968086909F004F8C6B231461148CE
:10BFF000403007F0EBFC0DE0052007F03AFC144957
:10C000000968086908F0F5FFC6B2314609484030B2
:10C0100007F0DCFC12A1204602F081FD0C4908600B
:10C0200008460068F0B97CE7480800204C0800206A
:10C0300050080020C4060020006C91400000F03F32
:10C040006D6573736167650058080020540800200F
:10C050005C08002038AF000875726C0030A7002023
:10C0600074730000F748006805692846FFF776FEFC
:10C0700000BF56E710B5002409E021460020F9F77B
:10C0800041F881B2F04820F81410601CC4B2082CAA
:10C09000F3DB0220EC49891E087010BD2DE9F04148
:10C0A000054602F042FF06460022E84BE8493046CA
:10C0B00002F0C1FEE74AE6490C31304602F0EEFEDE
:10C0C000E44A1032E2491431304602F0E7FEE14A18
:10C0D0002032DF491C31304602F0E0FE0022DE4B08
:10C0E000AFF61051304602F0A6FEAFF61052AFF296
:10C0F000B001304602F0D2FE2A46AFF29C01304633
:10C1000002F0CCFE304602F06AFC044624B9304608
:10C1100001F0E6FBBDE8F08120787B2806D03046B0
:10C1200001F0DEFB2046F7F79AF9F3E7204608F026
:10C1300060FF0746F7F7A3F9C8490860084600689A
:10C1400030B9304601F0CCFB2046F7F788F9E1E73B
:10C150005020F7F794F9C24908600846006850B9C2
:10C16000304601F0BDFB2046F7F779F9BB4800687F
:10C17000F7F775F9CEE70120B94909680870002082
:10C18000B74909688870B6490968C87004F01AFE92
:10C19000B349096888800020B149096848700C20BB
:10C1A000AF490968C8800C22A9494831AC480068E9
:10C1B0000830F7F77DF8AA480068083008B900BFD2
:10C1C00000BF204608F015FFA5490968A1F84800FE
:10C1D000A2480068A2490968C864204608F009FF1F
:10C1E00007469F4909683A46C86C2146F7F760F848
:10C1F0009B48006805F0F8FD994800680078012820
:10C2000008D096480068F7F72AF995480068F7F7CC
:10C2100026F911E001209249096888709048006869
:10C2200005F03CF9FF2807D18C480068F7F717F9AB
:10C230008B480068F7F713F92046F7F710F93046F6
:10C2400001F04EFB00BF65E770B50446002580494C
:10C250000C31204602F063FC824908600846006801
:10C2600000B970BD7F49096808697A4908F0F8FF8C
:10C2700000B1F6E776491431204602F050FC7949C6
:10C2800008600846006800B9EBE776490968086964
:10C290007049103108F0E4FF00B1E2E76C491C314D
:10C2A000204602F03CFC6F4908600846006800B96F
:10C2B000D7E76C49096808696649203108F0D0FF62
:10C2C00000B1CEE7AFF6B021204602F028FC664967
:10C2D00008600846006800B9C3E75D492831624834
:10C2E000006802F01CFC5F4908600846006800B95D
:10C2F000B7E75C480068007D5349891E887454493B
:10C300002C315948006802F00AFC5649086008467A
:10C31000006800B9A5E753480068007D4A49891EB6
:10C32000C874FFF7A7FEAFF2C821204602F0F7FB62
:10C330004C4908600846006800B992E7494800681F
:10C3400005692846FFF7AAFE00BF8AE72DE9F047F6
:10C35000054600263C48801E807C401E3A4931F844
:10C360001000891EC97C491E01228A40104008B174
:10C37000022600E0032602F0D8FD814600223B4B56
:10C380003349484602F057FD324A31490C3148469C
:10C3900002F084FD2F4A10322D491431484602F034
:10C3A0007DFD2C4A20322A491C31484602F076FD98
:10C3B00030460BF0FAFA07463A460B462CA148469F
:10C3C00002F039FD2A46AFF26831484602F066FDB8
:10C3D000484602F004FB044624B9484601F080FABE
:10C3E000BDE8F08720787B2806D0484601F078FA2F
:10C3F0002046F7F734F8F3E7204608F0FAFD074641
:10C40000F7F73DF81D4908600846006830B948460E
:10C4100001F066FA2046F7F722F8E1E75020F7F737
:10C420002EF8174908600846006850B9484601F0E0
:10C4300057FA2046F7F713F810480068F7F70FF897
:10C44000CEE71FE05C08002052A700200074914056
:10C4500024AF0008C40600200000F03F640800205C
:10C4600060080020680800206C080020007C9140D3
:10C470006173696C652073746174650074080020D1
:10C48000700800200120FE49096808700020FC495E
:10C4900009688870FA490968C87004F093FCF84983
:10C4A000096888800020F649096848700C20F44922
:10C4B0000968C8800C22F349F14800680830F6F793
:10C4C000F7FEEF480068083008B900BF00BF2046FB
:10C4D00008F08FFDEA490968A1F84800EA480068B9
:10C4E000E7490968C864204608F083FD0746E44927
:10C4F00009683A46C86C2146F6F7DAFEE04800685B
:10C5000005F072FCDE4800680078012808D0DE489B
:10C510000068F6F7A4FFDA480068F6F7A0FF11E01C
:10C520000120D74909688870D548006804F0B6FF33
:10C53000FF2807D1D4480068F6F791FFD04800687B
:10C54000F6F78DFF2046F6F78AFF484601F0C8F956
:10C5500000BF45E770B504460025CA493C3920466E
:10C5600002F0DDFAC94908600846006800B970BDEC
:10C57000C64909680869C64908F072FE00B1F6E7C5
:10C58000C0493439204602F0CAFAC049086008465A
:10C59000006800B9EBE7BD4909680869BC4910317A
:10C5A00008F05EFE00B1E2E7B6492C39204602F001
:10C5B000B6FAB64908600846006800B9D7E7B3493B
:10C5C00009680869B249203108F04AFE00B1CEE797
:10C5D000AFF27451204602F0A2FAAC490860084656
:10C5E000006800B9C3E7A948006805692846FFF755
:10C5F000ADFE00BFBBE72DE9F041054602F095FC1A
:10C6000006460022A34B9F494839304602F013FCEE
:10C610009F4A9C493C39304602F040FC9C4A10320B
:10C6200098493439304602F039FC994A203295490C
:10C630002C39304602F032FC0022974B97493046A5
:10C6400002F0F9FB954A0832AFF20C61304602F075
:10C6500025FC2A46AFF2F851304602F01FFC304666
:10C6600002F0BDF9044624B9304601F039F9BDE8BD
:10C67000F08120787B2806D0304601F031F9204641
:10C68000F6F7EDFEF3E7204608F0B3FC0746F6F7B1
:10C69000F6FE834908600846006830B9304601F06C
:10C6A0001FF92046F6F7DBFEE1E75020F6F7E7FE3C
:10C6B0007C4908600846006850B9304601F010F91E
:10C6C0002046F6F7CCFE76480068F6F7C8FECEE7BF
:10C6D000012074490968087000207249096888704F
:10C6E00070490968C87004F06DFB6E49096888805C
:10C6F00000206C49096848700C206A490968C880A4
:10C700000C226049674800680830F6F7D1FD65489B
:10C710000068083008B900BF00BF204608F069FC77
:10C7200060490968A1F848005D4800685D490968EA
:10C73000C864204608F05DFC07465A4909683A4635
:10C74000C86C2146F6F7B4FD5648006805F04CFB6E
:10C75000544800680078012808D051480068F6F76E
:10C760007EFE50480068F6F77AFE11E001204D4940
:10C77000096888704B48006804F090FEFF2807D1D4
:10C7800047480068F6F76BFE46480068F6F767FE14
:10C790002046F6F764FE304601F0A2F800BF66E7D7
:10C7A00070B50446002537493C39204602F0B7F9F8
:10C7B0003D4908600846006800B970BD3A490968FB
:10C7C0000869334908F04CFD00B1F6E72D493439CA
:10C7D000204602F0A4F9344908600846006800B910
:10C7E000EBE73149096808692949103108F038FD3B
:10C7F00000B1E2E723492C39204602F090F92A499A
:10C8000008600846006800B9D7E727490968086941
:10C810001F49203108F024FD00B1CEE7FFF72AFCC4
:10C82000AFF2C471204602F07AF91F490860084649
:10C83000006800B9C1E71C48006805692846FFF791
:10C84000DAFE00BFB9E72DE9FC41054617A103C98F
:10C85000CDE9000102F069FB80460022154B094931
:10C860004839404602F0E7FA094A06493C39404651
:10C8700002F014FB064A10320249343940461BE0EC
:10C88000700800206CAF00087408002078080020B1
:10C89000C4060020008491400000F03FD4B300089B
:10C8A000840800208008002088080020307830307C
:10C8B00030300000008C914002F0F0FAFC4AFD4953
:10C8C000404602F0EBFA2A46AFF66C01404602F011
:10C8D000E5FAF94908780BF07FF8064632460B4630
:10C8E000F6A1404602F0A7FA0222F349891C0DF195
:10C8F0000200FEF74AF86A46F3A1404602F0CEFA7B
:10C900000222ED49091D0DF10200FEF73EF86A46CC
:10C91000EFA1404602F0C2FA0222E749891D0DF15B
:10C920000200FEF732F86A46EBA1404602F0B6FA82
:10C930000222E14908310DF10200FEF726F86A46AD
:10C94000E7A1404602F0AAFA0222DB490A310DF1C2
:10C950000200FEF71AF86A46E3A1404602F09EFA8A
:10C960000222D5490C310DF10200FEF70EF86A469D
:10C97000DFA1404602F092FA0222CF490E310DF1BA
:10C980000200FEF702F86A46DBA1404602F086FA92
:10C990000222C94910310DF10200FDF7F6FF6A4687
:10C9A000D7A1404602F07AFA404602F018F8044651
:10C9B00024B9404600F094FFBDE8FC8120787B2834
:10C9C00006D0404600F08CFF2046F6F748FDF3E71E
:10C9D000204608F00EFB0646F6F751FDCA490860EE
:10C9E0000846006830B9404600F07AFF2046F6F766
:10C9F00036FDE1E75020F6F742FDC44908600846DD
:10CA0000006850B9404600F06BFF2046F6F727FD5E
:10CA1000BD480068F6F723FDCEE70120BB49096851
:10CA200008700020B94909688870B8490968C87059
:10CA300004F0C8F9B549096888800020B34909683D
:10CA400048700C20B1490968C8800C2299492C31E2
:10CA5000AE4800680830F6F72BFCAC480068083098
:10CA600008B900BF00BF204608F0C3FAA74909680B
:10CA7000A1F84800A4480068A4490968C864204691
:10CA800008F0B7FA0646A14909683246C86C214643
:10CA9000F6F70EFC9D48006805F0A6F99B48006873
:10CAA0000078012808D098480068F6F7D8FC974825
:10CAB0000068F6F7D4FC11E00120944909688870F9
:10CAC0009248006804F0EAFCFF2807D18E4800680D
:10CAD000F6F7C5FC8D480068F6F7C1FC2046F6F76E
:10CAE000BEFC404600F0FCFE00BF65E770B50446A2
:10CAF000002570491039204602F011F88449086079
:10CB00000846006800B970BD81490968086968492C
:10CB1000203908F0A5FB00B1F5E766490839204641
:10CB200001F0FDFF7A4908600846006800B9EAE7AD
:10CB30007749096808695E49103908F091FB00B12E
:10CB4000E1E75C49204601F0EAFF714908600846C8
:10CB5000006800B9D7E76E4909680869544908F0C8
:10CB60007FFB00B1CFE7AFF60831204601F0D7FFD9
:10CB7000674908600846006800B9C4E7644800686F
:10CB800005692846FFF75FFE00BFBCE72DE9FC5FA3
:10CB900081460C46002602F0C8F9834600225D4B10
:10CBA00044491C39584602F046F9414A203A414965
:10CBB0001039584602F072F93D4A103A3D49083999
:10CBC000584602F06BF93A4A3A49584602F066F97B
:10CBD0000022514B5149584602F02DF94F4A083274
:10CBE00002F10801584602F059F94A46AFF6903171
:10CBF000584602F053F9207830384FF47A714843A0
:10CC00006178303901EBC10202EB011100EB8101C7
:10CC1000A078303800EB800001EB4001E07830383C
:10CC2000084480B2ADF8000060793038217930399D
:10CC300001EB810100EB4100C0B28DF80200E07908
:10CC40003038A179303901EB810100EB4100C0B2ED
:10CC50008DF8030000208DF804008DF805008DF894
:10CC6000060031466846F8F765FC82460AEB4A1032
:10CC7000F6F705FC064626B131466846F8F75AFC39
:10CC80008246324626A1584602F008F950460AF07C
:10CC90008CFE07463A460B4622A1584602F0CBF8D6
:10CCA000584601F09CFE05460DB958463EE041E06D
:10CCB000E406002040AF000850A7002063686563C9
:10CCC0006B20737461746500726F7720310000000F
:10CCD000726F772032000000726F772033000000FF
:10CCE000726F772034000000726F772035000000EB
:10CCF000726F772036000000726F772037000000D7
:10CD0000726F7720380000009408002090080020FF
:10CD100098080020009C91400000F03FD4B3000828
:10CD20006C6F67006C6F674E756D000000F0D8FD8A
:10CD3000BDE8FC9F28787B2806D0584600F0D0FD3F
:10CD40002846F6F78CFBF3E7284608F052F9074629
:10CD5000F6F795FBFA4908600846006830B958466E
:10CD600000F0BEFD2846F6F77AFBE1E75020F6F723
:10CD700086FBF44908600846006850B9584600F040
:10CD8000AFFD2846F6F76BFBED480068F6F767FB4A
:10CD9000CEE70120EB49096808700020E9490968DD
:10CDA0008870E8490968C87004F00CF8E54909681A
:10CDB00088800020E349096848700C20E14909682F
:10CDC000C8800C22E049DF4800680830F6F770FAA6
:10CDD000DC480068083008B900BF00BF284608F0EA
:10CDE00008F9D8490968A1F84800D5480068D5492C
:10CDF0000968C864284608F0FCF80746D149096864
:10CE00003A46C86C2946F6F753FACE48006804F053
:10CE1000EBFFCC4800680078012808D0C8480068BB
:10CE2000F6F71DFBC7480068F6F719FB11E0012073
:10CE3000C44909688870C348006804F02FFBFF28C4
:10CE400007D1BF480068F6F70AFBBE480068F6F74E
:10CE500006FB2846F6F703FB584600F041FD00BFED
:10CE600066E72DE9F0410546002400260027B64973
:10CE70003C39284601F053FE04460CB9BDE8F08168
:10CE8000B249206908F0ECF900B1F7E7AE4934394E
:10CE9000284601F044FE044604B9EFE7AB491031DF
:10CEA000206908F0DDF900B1E8E7A7492C392846E8
:10CEB00001F035FE044604B9E0E7A44920312069B9
:10CEC00008F0CEF900B1D9E7A1A1284601F027FE6C
:10CED000044604B9D2E72769AFF67C61284601F021
:10CEE0001EFE044604B9C9E7266939463046FFF7F5
:10CEF0004DFE00BFC2E770B50024002500F075F9B3
:10CF000018B300F072F99449088000F06EF90646F3
:10CF1000F6F7B5FA914908600846006800B970BD97
:10CF20008E48006800F066F98B4801888B480068DD
:10CF300000F01DFB20B989480068F6F790FA04E07C
:10CF400086480068F6F78BFAE9E700BFE7E710B517
:10CF500000F046FA00F049FB00B910BD03F01AFDDD
:10CF600020B900207E4981F88000F6E7FDF776FFC2
:10CF7000FDF795FD00BFF0E72DE9F0410024002505
:10CF8000002600BF002700F012FA08B9BDE8F081C2
:10CF9000FFF7B1FF03F0FEFC00B9F7E77148007836
:10CFA00030B101280FD0022832D003280AD1B4E0D2
:10CFB00004F003FD6C4908600846006810B10120C8
:10CFC00068490870B8E06848006801F00EFB6749DE
:10CFD000086008460068B8B15B4948396348006892
:10CFE00001F09DFD624908600846006818B90320F9
:10CFF0005C490870CAE75E480068808A5D4908801D
:10D0000002205849087002E003205649087093E056
:10D010005848008840F25A42811A904247D011DCA9
:10D0200040F2EE32A0EB0201904228D005DCA0F2E3
:10D03000EA30A0B102286AD119E0022927D0682974
:10D0400065D12CE006294AD004DC022937D0042916
:10D050005DD13CE008294AD00C2958D14FE0434823
:10D060000068FEF77FF803203E49087053E03F4810
:10D070000068FEF789F903203A4908704BE03B4805
:10D080000068FEF7E2FA03203649087043E03748AB
:10D090000068FEF785FC0320324908703BE0334806
:10D0A0000068FEF7E9FD03202E49087033E02F48A1
:10D0B0000068FEF729FF03202A4908702BE02B485F
:10D0C0000068FFF7C1F803202649087023E02748CD
:10D0D0000068FFF73FFA0320224908701BE023484D
:10D0E0000068FFF75DFB03201E49087013E01F482E
:10D0F0000068FFF7FBFC03201A4908700BE01B488F
:10D100000068FFF7AEFE03201649087003E0032015
:10D110001449087000BF00BF0EE01448006818B141
:10D120001248006800F0DCFB0F480068F6F797F93A
:10D1300000200C49087000BF00BF00BF26E70000B8
:10D14000A4080020A00800206CAF0008C40600203E
:10D150006461746500000000A8080020AC0800208D
:10D1600088A50020B0080020B4080020B8080020DE
:10D17000C0080020B208002008B501211020F4F7F3
:10D1800013FA0220ADF8000010208DF803000320F0
:10D190008DF8020069464148F3F7C4FE02213F487A
:10D1A000F3F76FFF08BD10B5FFF7E6FF0220FBF7AE
:10D1B000C9FE10BD70B504460D46AAB22146022034
:10D1C000FBF744FF70BD70B505460E461446314668
:10D1D0002846FFF7EFFF00BF0220FBF701FF18B161
:10D1E0002000A4F10104F7D170BD10B50220FBF7B7
:10D1F000C9FE10BD10B5044621460220FBF7FEFE15
:10D2000010BD2DE9F04106460F461446244800782B
:10D2100010B101283FD10FE022480460304607F0EA
:10D22000E8FE054629463046FFF7C4FF01201C49A9
:10D2300008700020BDE8F081FFF7D7FFD8B1FFF7F5
:10D24000D4FF8046F6F71BF9054695B12846FFF74F
:10D25000D1FF0020124908703946284607F093FE96
:10D2600020B12846F6F7FBF8FF20E3E72846F6F75B
:10D27000F6F80020DEE70B48006828B1094800688E
:10D28000401E0849086004E0002005490870EE20AF
:10D29000D0E70020CEE700BF00BFCBE70010014081
:10D2A000CC080020D00800200120FE494870FE492B
:10D2B000087000204880FB4800784870704710B51F
:10D2C000F948007800B910BDF74840881E2809DAEF
:10D2D000F5484088401CF44948800221F348F3F7A0
:10D2E000D0FE11E0F04840883C2809DAEE4840883A
:10D2F000401CED4948800221EC48F3F7C0FE03E0F2
:10D300000020E9494880087000BFDCE7E548007864
:10D31000704710B5FFF747FFE549E248C1600021BB
:10D320008172E4490161E4494161E449C161E44930
:10D330000162E44981610020DA4908720121D9487B
:10D34000C172E1498162E1494162E149C162E14959
:10D350004163E1490163E149816340F2DC51A0F896
:10D360004010DF49C163DF498164002180F8461025
:10D37000DD49C164DD490165DD498165DD49C1657E
:10D38000DD494165002180F84410022180F84710F2
:10D3900000214166016681660167C166D749416720
:10D3A0004FF47A71A0F87C10D549816710BDBD4853
:10D3B0004078042801DB012070470020FCE710B50D
:10D3C000B84A1170507001231278C2EB0214B54AAA
:10D3D000083202EB840253700122B24B9A7010BDE6
:10D3E00070B50025AF484078052829D2DFE800F065
:10D3F00003294188B200AB480078C0EB0011A9486E
:10D40000083010F82100D8B9A6480078C0EB001108
:10D41000A448083000EB8100006950B1A1490978A7
:10D42000C1EB01129F49083101EB82010869804775
:10D430000546FF2D04D101209A49487000208880BC
:10D4400093E0984881880078C0EB00129548083036
:10D4500000EB8200008F814205DA92488088401CF0
:10D460009049888004E000208E498880022048701E
:10D470007BE000248B480078C0EB0011894808301D
:10D4800000EB81004078B0BB86480078C0EB00110B
:10D490008448083000EB8100C06850B181490978A8
:10D4A000C1EB01127F49083101EB8201C868804756
:10D4B0000446FF2C0FD101207A4988700320487060
:10D4C000012178480078C0EB00127648083000EB64
:10D4D0008200417013E0EE2C11D100207149487098
:10D4E00008460078401C087008460078022806D1DB
:10D4F0000020087003E0FFE703206A49487034E029
:10D50000002468480078C0EB00116648083000EB42
:10D5100081008078D0B963480078C0EB0011614881
:10D52000083000EB8100806850B15E490978C1EB9A
:10D5300001125C49083101EB82018868804704468A
:10D54000FF2C06D104205749487002E004205549B9
:10D5500048700AE053490978C1EB0112514908317A
:10D5600001EB82014868804700BF00BF70BD70B505
:10D5700004460D464B488078B0B14A480078C0EB6D
:10D5800000114848083000EB8100406960B145480F
:10D590000078C0EB00114348083000EB81002946B9
:10D5A00042692046904770BD0020FCE770B50446F4
:10D5B0000D463C488078B0B13A480078C0EB001185
:10D5C0003848083000EB8100806960B13548007848
:10D5D000C0EB00113348083000EB81002946826916
:10D5E0002046904770BD0020FCE72E4880787047A9
:10D5F00010B52C480078C0EB00112A48083000EB29
:10D600008100006B50B127490978C1EB011225490F
:10D61000083101EB8201086B804710BD0020FCE758
:10D6200010B520480078C0EB00111E48083000EB10
:10D630008100C06950B11B490978C1EB0112194939
:10D64000083101EB8201C869804710BD0020FCE76A
:10D6500010B514480078C0EB00111248083000EBF8
:10D660008100406B50B10F490978C1EB01120D499F
:10D67000083101EB8201486B804710BD0020FCE7B8
:10D6800010B508480078C0EB00110648083000EBE0
:10D690008100006AB0B303490978C1EB0112014966
:10D6A000083130E070A70020D408002000100140AD
:10D6B000C1A600089196000809960008779E000808
:10D6C00023A20008A1950008F39C0008E99C00082B
:10D6D000F79C0008FB9C0008459D0008CB9E0008B5
:10D6E000ED9C0008C104010877F80008A3FA0008BF
:10D6F0002BFB000885FE00080FF800087DFC0008E1
:10D700008DF7000804E001EB8201086A804710BD34
:10D710000020FCE710B523480078C0EB0011214839
:10D72000083000EB8100406A50B11E490978C1EB16
:10D7300001121C49083101EB8201486A804710BD83
:10D740000020FCE710B517480078C0EB0011154821
:10D75000083000EB8100C06A50B112490978C1EB72
:10D7600001121049083101EB8201C86A804710BDDF
:10D770000020FCE710B50B480078C0EB0011094809
:10D78000083000EB8100806A50B106490978C1EB8E
:10D7900001120449083101EB8201886A804710BDFB
:10D7A0000020FCE770A70020F7480068F6494968A8
:10D7B00008447047014609B900207047087B1028CB
:10D7C00001D10120F9E70020F7E700B50246104635
:10D7D000FFF7F0FF08B9002000BD1069FCE708B5AD
:10D7E000072003460122E9A10090EB4807F036FA32
:10D7F000E94808BD70B504460D4604B10DB90120D5
:10D8000070BDAC4201D10020FAE705E0207808B9EC
:10D810000020F5E7641C6D1C207807F012FA06461C
:10D82000287807F00EFA8642F0D0207807F009FA3F
:10D830000646287807F005FA301AE1E72DE9F041AD
:10D8400004460D460026002714B90020BDE8F081EB
:10D85000204607F0CEFB461C30462968884707461D
:10D860000FB90020F2E732462146384607F037FC70
:10D870003846EBE738B9C949C94A1160C94951600E
:10D88000C94991607047C549C54A1160016809B12D
:10D8900001681160C349C24A5160416809B14168D9
:10D8A00051600021BE4A916011460968BB4A91420D
:10D8B00007D1BB494968BB4A914202D1BA49B84A2B
:10D8C000916000BFDEE770B50446282021688847D4
:10D8D00005461DB12821284607F09AFC284670BD50
:10D8E00070B50446002522E02568A08900F4807008
:10D8F00020B9A06810B1A068FFF7F2FFA08900F47A
:10D90000807028B9206918B1A54A206951688847F4
:10D91000A08900F4007028B9206A18B1A04A206AD2
:10D92000516888479E484168204688472C46002C0D
:10D93000DAD170BD2E2070472DE9F04391B08046BA
:10D940000C4600BF00201090FFF7F4FF8146002531
:10D950000CB1206818B9002011B0BDE8F083002593
:10D960003CE0A16820680844405D342820D00ADCEF
:10D97000A0F12B0009282ED2DFE800F0202D212A6B
:10D980002D1617181900382816D006DC352810D0A7
:10D9900036280FD037281ED10DE039280DD0452864
:10D9A0000FD0652817D10BE000BF00BF00BF00BF3C
:10D9B00000BF00BF00BF00BF00BF00BF00BF00BF6F
:10D9C00000BFA16820680844405D0DF8050003E031
:10D9D0000DF8059000E00AE000BF6D1C3F2D05D258
:10D9E00024B1A068284461688842BAD300BF0020EF
:10D9F0000DF8050010A9684609F066FD06460F46B9
:10DA000068461099884201D10020A5E7C8E9066759
:10DA1000664A674B304639460AF02CF904D86FF055
:10DA20000040C8F8140011E00022624B304639462D
:10DA300009F0E6FF04D84FF00040C8F8140005E0F4
:10DA40003046394609F054FFC8F814000820C8F8D9
:10DA50000C00A0686A461099891A0844A060012049
:10DA60007AE770B5064614461D46504A504B20468C
:10DA700029460AF0FFF803D86FF0004070610FE00C
:10DA800000224C4B2046294609F0BAFF03D84FF03C
:10DA90000040706104E02046294609F029FF7061CA
:10DAA00020462946C6E9064570BD2DE9F0410446E9
:10DAB0000D46002600270CB1206810B90020BDE8F3
:10DAC000F081606828B1D4E90110884201D30020B8
:10DAD000F5E7B5F1004F01D30020F0E7A068401C46
:10DAE00005446068A84203D3A16820680844E6E7BB
:10DAF000206908B10020E2E7B5F1804F07D3B5F106
:10DB0000004F02D26FF0004702E00020D7E76F001D
:10DB1000206A60B13946226A206890470646E6B915
:10DB2000E16920688847002060602060C7E73846C8
:10DB3000A1698847064636B9E16920688847002010
:10DB400060602060BBE72EB1A068421C30462168AF
:10DB500007F0C5FAE1692068884767602660A06819
:10DB60003044ACE770B5044600250CB1206800B91C
:10DB700070BDA16820684518284607F03AFAA168E8
:10DB80000844A06000BFF3E7D808002025692E25CF
:10DB9000692E256900000000F0A70020DF4A010877
:10DBA000E00800203D4B01088B4B01080000C0FF3E
:10DBB000FFFFDF410000E0C12DE9F04F8BB082464E
:10DBC0000D464FF00009DAE9067800260024FFF739
:10DBD000B1FE83461DB900200BB0BDE8F08F0022D6
:10DBE00013463846414609F047FF00221346CDE967
:10DBF000000109F041FE05D0F9A104A807F02EF8B4
:10DC000006461BE03A464346F7A104A807F026F86B
:10DC1000064602AAF6A104A807F08AF9012806D14F
:10DC20003A464346DDE9020109F026FE06D03A46AF
:10DC30004346F0A104A807F011F80646002E01DBC8
:10DC4000192E01DD0020C7E7711C2846FFF72DFFC4
:10DC50008146B9F1000F01D10020BDE700240DE09D
:10DC600004A8005D584503D12E2009F8040004E003
:10DC700004A8005D09F8040000BF641CB442EFD39F
:10DC8000002009F80400A8683044A8600120A3E738
:10DC900002460023002100BF23E0505C302806DB51
:10DCA000505C392803DC505C3038034415E0505C8C
:10DCB000412806DB505C462803DC505C37380344BF
:10DCC0000BE0505C612806DB505C662803DC505C8E
:10DCD0005738034401E000207047032900D21B019C
:10DCE000491C0429D9D31846F6E72DE9FF5F804681
:10DCF0008946154600240026C2460020039083462C
:10DD000002900190A9EB0A00062800DA81E00AF1EE
:10DD10000200FFF7BDFF0646B6F55C4F03D3B6F52C
:10DD2000604F00D275E0B6F5584F29D3B6F55C4F79
:10DD300026D20AF10607002000900C200290A9EBE1
:10DD40000700062800DA64E038785C2802D1787889
:10DD5000752800D05DE0B81CFFF79AFF009000988E
:10DD6000B0F55C4F03D30098B0F5604F00D350E09E
:10DD7000C6F30901009861F39F2000F5803402E0AA
:10DD8000062002903446802C02D20120039018E035
:10DD9000B4F5006F04D202200390C020019010E07F
:10DDA000B4F5803F04D203200390E020019008E006
:10DDB000B4F5881F04D204200390F020019000E005
:10DDC00027E00398401E00F0FF0B0BE004F0BF00BB
:10DDD00040F08000296801F80B00A409ABF10100B4
:10DDE00000F0FF0BBBF1000FF0DC0398012804DD0D
:10DDF000019820432968087003E004F07F00296837
:10DE000008702968039808442860029804B0BDE8A7
:10DE1000F09F0020FAE72DE9F84F80460C46A168F4
:10DE200020680844461CA16820680844451C00205E
:10DE300000900027A1682068405C222800D0A6E05E
:10DE40004FF0000AD1460DE028785C2809D1681C03
:10DE50002168401A6168884200D398E009F10109FD
:10DE60006D1C6D1C2068281A6168884202D22878CF
:10DE70002228E9D12068281A6168884202D22878CD
:10DE8000222800D083E0A16820680844281AA0EB6B
:10DE9000090A0AF1010021698847074607B976E0B7
:10DEA000009761E030785C2807D016F8010B0099E4
:10DEB00008700098401C009056E04FF00209A81B23
:10DEC000012800DA63E07078662819D008DC22287F
:10DED00032D02F2832D05C282FD0622840D108E0E1
:10DEE0006E2814D0722819D074281ED0752837D106
:10DEF0002BE00820009908700098401C009030E04A
:10DF00000C20009908700098401C009029E00A201D
:10DF1000009908700098401C009022E00D200099A4
:10DF200008700098401C00901BE0092000990870C0
:10DF30000098401C009014E000BF00BF707800996A
:10DF400008700098401C00900BE06A462946304655
:10DF5000FFF7CBFE8146B9F1000F00D117E000E0DA
:10DF600015E000BF4E4400BFAE429BD30020009995
:10DF700008701020C8F80C00C8F810702068281A23
:10DF8000A060A068401CA0600120BDE8F88F17B118
:10DF900038466169884716B12068301AA0600020B1
:10DFA000F3E72DE9F04707468A46002400260025BE
:10DFB000A046A146BAF1000F02D10020BDE8F087CB
:10DFC000F7B903215046FFF770FD06460EB9002051
:10DFD000F4E70AA1304606F0E8FF0120EEE7000072
:10DFE0006E756C6C0000000025312E313567000025
:10DFF000256C670025312E31376700002222000092
:10E000003C4622E020780C2811D006DC08280DD0F0
:10E0100009280FD00A2810D10AE00D2809D022289B
:10E0200002D05C2809D100E000BF00BF00BF00BFE4
:10E0300000BF00BF09F1010905E02078202801DABE
:10E0400009F1050900BF00BF641C20780028D9D160
:10E05000E01B00EB090808F103015046FFF725FD1E
:10E0600006460EB90020A9E7B9F1000F0FD1222012
:10E07000307042463946701C07F031F8222108F111
:10E08000010031540021401C3154012096E7222028
:10E090003070751C3C463DE020781F2808DD207854
:10E0A000222805D020785C2802D0207828702FE024
:10E0B0005C2005F8010B20780C2815D006DC082818
:10E0C0000FD0092819D00A281AD110E00D2811D034
:10E0D000222803D05C2813D1287018E02220287051
:10E0E00015E06220287012E0662028700FE06E2094
:10E0F00028700CE07220287009E07420287006E077
:10E100002278F7A1284606F0A9FD2D1D00BF00BF0B
:10E11000641C6D1C20780028BED1222108F101006A
:10E1200031540021401C3154012047E770B50446AA
:10E130000D4629462069FFF734FF70BD014609B13D
:10E14000086808B90020704702E08868401C8860B1
:10E1500041B1D1E90120904204D28A680868805C0C
:10E160002028F2DDD1E90120904202D18868401ECA
:10E1700088600846E7E710B504461CB1206808B17E
:10E18000A06808B1002010BD7CB1A068001D6168C6
:10E1900088420AD2A268216888180322D2A106F018
:10E1A00047FF10B9A068C01CA0602046EBE72DE92E
:10E1B000F04180460C4600270025E068B0F57A7FE4
:10E1C00002D30020BDE8F081E068401CE06044B16B
:10E1D000D4E90110884204D2A1682068405C7B2801
:10E1E00000D07BE0A068401CA0602046FFF7A6FF9F
:10E1F0004CB1D4E90110884205D2A1682068405C86
:10E200007D2800D15DE01CB1D4E90110884203D320
:10E21000A068401EA06061E0A068401EA06000BF32
:10E2200004F11000FFF74FFB064606B956E017B998
:10E230003746354602E02E6075603546A068401CC2
:10E24000A0602046FFF77AFF21462846FFF7E3FD4E
:10E2500000B943E02046FFF771FF286928620020DB
:10E26000286144B1D4E90110884204D2A168206831
:10E27000405C3A2800D031E0A068401CA0602046F5
:10E28000FFF75CFF2146284600F0A8F800B925E01A
:10E290002046FFF753FF44B1D4E90110884204D26D
:10E2A000A1682068405C2C28BAD044B1D4E90110A0
:10E2B000884204D2A1682068405C7D2800D00DE02F
:10E2C00000BFE068401EE0604020C8F80C00C8F8BD
:10E2D0000870A068401CA060012073E717B13846A1
:10E2E000FFF7FEFA00206DE72DE9F04107460C46E6
:10E2F0000026B046E068B0F57A7F02D30020BDE882
:10E30000F081E068401CE060A1682068405C5B2808
:10E3100000D05DE0A068401CA0602046FFF70EFF23
:10E320004CB1D4E90110884205D2A1682068405C54
:10E330005D2800D141E01CB1D4E90110884203D32B
:10E34000A068401EA06043E0A068401EA06000BF1F
:10E3500004F11000FFF7B7FA054605B938E016B921
:10E360002E46A84604E0C8F80050C5F80480A84628
:10E37000A068401CA0602046FFF7E0FE2146404612
:10E3800000F02CF800B923E02046FFF7D7FE44B197
:10E39000D4E90110884204D2A1682068405C2C288E
:10E3A000D6D044B1D4E90110884204D2A1682068D3
:10E3B000405C5D2800D00BE000BFE068401EE060DC
:10E3C0002020F860BE60A068401CA060012096E795
:10E3D00016B13046FFF784FA002090E770B5054685
:10E3E0000C460CB1206808B9002070BDA4B1A0682B
:10E3F000001D616888420FD8A2682168881804222D
:10E40000AFF2244106F014FE30B90420E860A068A1
:10E41000001DA0600120E8E79CB1A068401D616874
:10E4200088420ED8A2682168881805222FA106F01C
:10E43000FFFD30B90120E860A068401DA060012008
:10E44000D3E7ACB1A068001D6168884210D8A2680B
:10E4500021688818042227A106F0EAFD40B90220AD
:10E46000E86001206861A068001DA0600120BCE791
:10E470006CB1D4E90110884209D2A1682068405CDF
:10E48000222804D121462846FFF7C5FCADE7BCB1E0
:10E49000D4E90110884213D2A1682068405C2D287D
:10E4A00009D0A1682068405C302809DBA168206899
:10E4B000405C392804DC21462846FFF73DFA94E702
:10E4C000E4B1D4E90110884218D2A1682068405C08
:10E4D0005B2813D121462846FFF706FF85E7000099
:10E4E0007525303478000000EFBBBF0066616C73A7
:10E4F0006500000074727565000000006CB1D4E91D
:10E500000110884209D2A1682068405C7B2804D1B0
:10E5100021462846FFF74BFE67E7002065E72DE917
:10E52000F04389B004460D4617461C2102A806F0A8
:10E530006FFE00260020F7490860486004B934E007
:10E540000294204606F055FD401C039000200490E4
:10E55000F14A07CA06AB07C3EF48FFF7B4F906460E
:10E5600006B922E002A8FFF706FE8146FFF7E6FDA6
:10E57000804641463046FFF731FF00B915E05FB1F4
:10E5800002A8FFF7DBFDDDE90310884203D20499FE
:10E590000298405C00B108E01DB10499029808445B
:10E5A0002860304609B0BDE8F08316B13046FFF769
:10E5B00097F9C4B1009400200190DDE9031088426E
:10E5C00002D20498019004E0039810B10398401E11
:10E5D00001901DB1DDE9000108442860CD48DDE966
:10E5E000001206C000BF0020DCE710B50446002280
:10E5F00011462046FFF793FF10BD2DE9F0478146F5
:10E600000C4600250026D9F8087014B90020BDE892
:10E61000F087606908B1022000E001200646711C05
:10E620002046FFF742FA05460DB90020EFE77B20B0
:10E6300005F8010BE068401CE060606910B10A2039
:10E6400005F8010BA0683044A06069E06069B8B1CA
:10E650002046E168FFF729FA05460DB90020D6E704
:10E660004FF0000804E0092005F8010B08F101084B
:10E67000E0684045F7D8D4E902010844A06000BF33
:10E680002146386AFFF78DFC08B90020BFE7204615
:10E69000FFF768FA606908B1022000E00120064631
:10E6A00031462046FFF701FA05460DB90020AEE7D6
:10E6B0003A2005F8010B606910B1092005F8010B3B
:10E6C000A0683044A0602146384600F0A9F808B997
:10E6D00000209CE72046FFF745FA606908B1012059
:10E6E00000E00020396809B1012100E0002146184E
:10E6F000711C2046FFF7D9F905460DB9002086E7C1
:10E70000386810B12C2005F8010B606910B10A209F
:10E7100005F8010B00202870A0683044A0603F6815
:10E72000002F93D1606910B1E068401C00E0022026
:10E7300001462046FFF7B9F905460DB9002066E706
:10E74000606950B1002003E0092105F8011B401C5D
:10E75000E168491E8142F7D800BF7D2005F8010B12
:10E7600000202870E068401EE06001204FE72DE99E
:10E77000F04107460C460025A846BE6814B90020A3
:10E78000BDE8F08101212046FFF78FF905460DB95C
:10E790000020F5E75B202870A068401CA060E068BE
:10E7A000401CE06028E02146304600F039F808B906
:10E7B0000020E5E72046FFF7D5F93068D8B1606959
:10E7C00008B1022000E00120804608F10101204646
:10E7D000FFF76BF905460DB90020D1E72C2005F8AD
:10E7E000010B606910B1202005F8010B0020287092
:10E7F000A0684044A0603668002ED4D10221204693
:10E80000FFF753F905460DB90020B9E75D2005F87B
:10E81000010B00202870E068401EE0600120AFE797
:10E820002DE9F04104460E46002504B116B900203A
:10E83000BDE8F081207B10285AD008DC01281CD0CC
:10E84000022829D0042809D0082860D133E02028E4
:10E8500053D0402856D0802859D131E00521304688
:10E86000FFF723F905460DB90020E1E7AFF6900167
:10E87000284606F09AFB0120DAE706213046FFF72A
:10E8800014F905460DB90020D2E7AFF2A0312846B1
:10E8900006F08BFB0120CBE705213046FFF705F999
:10E8A00005460DB90020C3E7AFF2B831284606F09F
:10E8B0007CFB0120BCE731462046FFF77DF9B7E736
:10E8C0000027206908B90020B2E7206906F091FB13
:10E8D000471C39463046FFF7E8F805460DB90020D9
:10E8E000A6E73A462846216906F0F9FB01209FE792
:10E8F00031462046FFF71AFC9AE731462046FFF7DB
:10E9000036FF95E731462046FFF777FE90E7002077
:10E910008EE70000D8080020E0080020F0B589B09C
:10E9200007460E46144600252421684606F070FC72
:10E930004FF480702168884700904FF480700190F8
:10E94000059694E8070006AB07C3009800B933E0CA
:10E9500069463846FFF764FF00B92DE06846FFF7C7
:10E9600001F9A06850B1029B591C0098A268904719
:10E97000054605B920E0002000901AE0029A501CDC
:10E9800021688847054605B916E0DDE90130401CDD
:10E99000834201D2019801E00298401C02462846B9
:10E9A000009906F09CFB0020029968540098616869
:10E9B0008847284609B0F0BD009810B100986168FA
:10E9C000884715B12846616888470020F2E710B5EE
:10E9D0000446F74A01212046FFF7A0FF10BD10B5FD
:10E9E0000446F34A00212046FFF798FF10BD70B59A
:10E9F0008AB006460C461546242101A806F008FCFC
:10EA0000002C02DA00200AB070BDE94801682046F7
:10EA100088470190019808B90020F4E7029400208B
:10EA2000039005900695E24A07CA07AB07C301A900
:10EA30003046FFF7F5FE28B9DD4A0198516888474E
:10EA40000020E0E70198DEE7F0B589B007460C4604
:10EA500015461E462421684606F0DAFB002D00DB31
:10EA600014B9002009B0F0BD009401950020029077
:10EA7000012004900596CE4A07CA06AB07C3694633
:10EA80003846FFF7CDFEEDE701460022002309B925
:10EA9000002070478A6801E05B1C1268002AFBD1E5
:10EAA0001846F6E702460B4600210AB900207047D7
:10EAB000916801E05B1E096809B1002BFAD1084694
:10EAC000F5E770B505460C46002C01DA002070BD54
:10EAD00021462846FFF7E6FFF9E72DE9F041054614
:10EAE0000E461746002405B116B90020BDE8F08196
:10EAF000AC684FB100E024687CB13046216A06F072
:10EB0000AFFB0028F7D108E000E024682CB13046C4
:10EB1000216AFEF76FFE0028F7D12046E6E770B5C0
:10EB200004460D46002229462046FFF7D6FF70BD59
:10EB300070B504460D46012229462046FFF7CDFF59
:10EB400070BD70B504460D4629462046FFF7E7FF25
:10EB500008B1012070BD0020FCE7016048607047EB
:10EB600070B505460E4600240DB9002070BD304634
:10EB7000FEF7A9FE04460CB90020F7E72822294633
:10EB8000204606F0F1FA00202062E06840F4807030
:10EB9000E0600020606020602046E7E770B5044632
:10EBA0000E46002506B10CB9002070BDA5680DB950
:10EBB000A66008E000E02D6828680028FBD13146F7
:10EBC0002846FFF7CAFF0120EFE770B504460D465F
:10EBD00029462046FFF7E2FF70BD70472DE9F04758
:10EBE00007460D4614461E46DDF820904FF00008FB
:10EBF000C2460FB105B114B90020BDE8F087B9F1E4
:10EC0000000F07D02846FFF7E8FF8046E06840F491
:10EC1000007A0CE031462846FEF710FE8046B8F137
:10EC2000000F01D10020E8E7E06820F4007AA08915
:10EC300000F4007020B9206A10B1206A716888471A
:10EC4000C4F82080C4F80CA021463846FFF7A6FF80
:10EC5000D3E7F8B504460D4616460020544B32461D
:10EC6000294600902046FFF7B9FFF8BDF8B50446E5
:10EC70000D46164601204E4B32462946009020464E
:10EC8000FFF7ACFFF8BD70B504460D4604B970BD82
:10EC900047492846FFF764FF064631462046FFF7FE
:10ECA0007DFF00BFF3E7F8B504460D46164604B1F4
:10ECB00005B9F8BD3E493046FFF752FF0746002030
:10ECC0003B4B3A46294600902046FFF787FF00BF9E
:10ECD000EFE710B53648FEF7F6FD04460CB1042008
:10ECE000E060204610BDF8B504460D46FFF7F1FF81
:10ECF000064600202E4B3246294600902046FFF75C
:10ED00006DFF08B13046F8BD3046FEF7E9FD002042
:10ED1000F9E710B52648FEF7D6FD04460CB10220EF
:10ED2000E060204610BDF8B504460D46FFF7F1FF40
:10ED3000064600201E4B3246294600902046FFF72B
:10ED40004DFF08B13046F8BD3046FEF7C9FD002042
:10ED5000F9E710B51648FEF7B6FD04460CB10120E0
:10ED6000E060204610BDF8B504460D46FFF7F1FF00
:10ED7000064600200E4B3246294600902046FFF7FB
:10ED80002DFF08B13046F8BD3046FEF7A9FD002042
:10ED9000F9E770B505460648FEF795FD044624B12F
:10EDA0000DB1022000E00120E060204670BD0000AF
:10EDB000E0080020F8B505460E4614462046FFF749
:10EDC000E8FF07460020F74B3A46314600902846B8
:10EDD000FFF704FF08B13846F8BD3846FEF780FD5E
:10EDE0000020F9E770B505460E46EE48FEF76BFDCC
:10EDF0000446F4B10820E060C4E90656EA4AEB4B49
:10EE00002846314608F036FF03D86FF000406061B5
:10EE10000FE00022E64B2846314608F0F1FD03D80A
:10EE20004FF00040606104E02846314608F060FD84
:10EE30006061204670BD2DE9F84306460F46144632
:10EE40001D4620462946FFF7CDFF80460020D54BC2
:10EE50004246394600903046FFF7C0FE10B14046AA
:10EE6000BDE8F8834046FEF73BFD0020F8E770B5AB
:10EE70000546CC48FEF727FD04466CB11020E06043
:10EE8000C8492846FEF7DAFC2061206920B92046EF
:10EE9000FEF726FD002070BD2046FCE7F8B50546CC
:10EEA0000E4614462046FFF7E2FF07460020BD4B02
:10EEB0003A46314600902846FFF790FE08B13846A2
:10EEC000F8BD3846FEF70CFD0020F9E770B50546A1
:10EED000B448FEF7F8FC04466CB18020E060B1490C
:10EEE0002846FEF7ABFC2061206920B92046FEF7DA
:10EEF000F7FC002070BD2046FCE7F8B505460E463D
:10EF000014462046FFF7E2FF07460020A54B3A468D
:10EF1000314600902846FFF761FE08B13846F8BD3B
:10EF20003846FEF7DDFC0020F9E710B59D48FEF7F6
:10EF3000CAFC04460CB14020E060204610BDF8B584
:10EF400004460D46FFF7F1FF06460020954B32467A
:10EF5000294600902046FFF741FE08B13046F8BD33
:10EF60003046FEF7BDFC0020F9E710B58D48FEF7EE
:10EF7000AAFC04460CB12020E060204610BDF8B584
:10EF800004460D46FFF7F1FF06460020854B32464A
:10EF9000294600902046FFF721FE08B13046F8BD13
:10EFA0003046FEF79DFC0020F9E7024602B109B9A0
:10EFB00000207047486810B1D1E900031860086864
:10EFC00010B1D1E9003058609068884201D10868DA
:10EFD00090600020486008600846EAE770B5054682
:10EFE0000C46002C01DA002070BD21462846FFF7B0
:10EFF00059FD064631462846FFF7D7FFF4E770B5BE
:10F0000004460D4629462046FFF7E8FF0646FEF770
:10F0100067FC70BD70B504460D4629462046FFF7D3
:10F020007EFD064631462046FFF7BFFF70BD70B536
:10F0300004460D4629462046FFF77AFD064631462E
:10F040002046FFF7B2FF70BD70B504460D46294655
:10F050002046FFF7DFFF0646FEF742FC70BD70B5A5
:10F0600004460D4629462046FFF7E1FF0646FEF717
:10F0700037FC70BD2DE9F04106460F4614460025C9
:10F08000002F01DABDE8F08139463046FFF70AFD6E
:10F09000054625B921463046FFF780FDF2E7256099
:10F0A000686860606C60B068A84201D1B46001E03B
:10F0B0006068046000BFE5E770B506460D4614467B
:10F0C0000EB104B10DB9002070BDAC4201D10120D8
:10F0D000FAE72868206068686060206808B12068E6
:10F0E0004460606808B160680460B068A84200D1FC
:10F0F000B4600020286068602846FEF7F1FB01201C
:10F10000E2E72DE9F04105460C461646002C01DAEF
:10F11000BDE8F08121462846FFF7C4FC0746324689
:10F1200039462846FFF7C8FF00BFF1E710B504468F
:10F130001C4841682046884710BD2DE9F04107462C
:10F140000D4614461E4604B115B90020BDE8F081F5
:10F15000A08900F4007020B9206A10B1206AFFF77E
:10F16000E5FF10492846FEF769FB2062E06820F4BD
:10F170000070E060324629463846FFF7AEFC804614
:10F18000224641463846FFF797FF0120DEE770B57B
:10F1900004460D4616460023324629462046FFF710
:10F1A000CCFF70BDE00800200000C0FFFFFFDF4182
:10F1B0000000E0C170B504460D46164601233246F4
:10F1C00029462046FFF7B9FF70BD70B50546F748E0
:10F1D000FEF779FB044634B14FF48870E0602846AE
:10F1E000FFF7FBFC2061204670BD70B50546EF4877
:10F1F000FEF769FB044634B14FF4A070E060284686
:10F20000FFF7EBFCA060204670BD70B50546E748EF
:10F21000FEF759FB044634B14FF49070E060284685
:10F22000FFF7DBFCA060204670BD2DE9F05F0646CD
:10F23000894600240025A346A246B9F1000F00DB51
:10F2400016B90020BDE8F09FFFF78FFE824600242C
:10F2500017E056F8240008F0A8FB0746FFF7C2FDA8
:10F26000054625B95046FEF73BFB0020EAE714B9F6
:10F27000CAF8085003E029465846FFF76EFCAB4633
:10F28000641CBAF1000F01D04C45E2D35046D9E7D7
:10F290002DE9F05F0646894600240025A346A246D4
:10F2A000B9F1000F00DB16B90020BDE8F09FFFF7B1
:10F2B0005CFE8246002417E056F8240008F010FD9A
:10F2C0000746FFF78FFD054625B95046FEF708FBB8
:10F2D0000020EAE714B9CAF8085003E02946584666
:10F2E000FFF73BFCAB46641CBAF1000F01D04C4564
:10F2F000E2D35046D9E72DE9F04706460F460024F1
:10F300000025A146A046002F00DB16B90020BDE86D
:10F31000F087FFF72AFE8046002417E006EBC400C2
:10F32000D0E900211046FFF75DFD054625B94046AE
:10F33000FEF7D6FA0020EAE714B9C8F8085003E04F
:10F3400029464846FFF709FCA946641CB8F1000F9E
:10F3500001D0BC42E2D34046D9E72DE9F04706464A
:10F360000F4600240025A146A046002F00DB16B959
:10F370000020BDE8F087FFF7F8FD8046002414E088
:10F3800056F82400FFF773FD054625B94046FEF701
:10F39000A7FA0020EDE714B9C8F8085003E02946A1
:10F3A0004846FFF7DAFBA946641CB8F1000F01D00C
:10F3B000BC42E5D34046DCE72DE9F04704468946E8
:10F3C00000250027A846002604B948E07748FEF744
:10F3D0007AFA054605B942E0E06820F48070E860FA
:10F3E00060696861D4E90601C5E90601206938B1A0
:10F3F0006E492069FEF722FA2861286900B92EE0DB
:10F40000206A68B1A08900F4007008B1206A03E0A6
:10F410006649206AFEF712FA2862286A00B91EE0DF
:10F42000B9F1000F02D12846BDE8F087A76812E0C5
:10F4300001213846FFF7C0FF064606B90FE0B8F1D4
:10F44000000F05D0C8F80060C6F80480B04601E09F
:10F45000AE60B0463F68002FEAD12846E4E715B118
:10F460002846FEF73DFA0020DEE7014600B9704766
:10F4700055E00278202A01D1401C50E00278092A88
:10F4800001D1401C4BE002780D2A01D1401C46E01E
:10F4900002780A2A01D1401C41E002782F2A0BD1C0
:10F4A00042782F2A08D100E0401C0278002A36D08A
:10F4B00002780A2A33D0F7E702782F2A0ED1427851
:10F4C0002A2A0BD100E0401C02782AB102782A2AAD
:10F4D000F9D142782F2AF6D1801C20E00278222A26
:10F4E00019D110F8012B01F8012B0AE002785C2AEF
:10F4F00003D110F8012B01F8012B10F8012B01F8B2
:10F50000012B027812B10278222AEFD110F8012BD8
:10F5100001F8012B03E010F8012B01F8012B027810
:10F52000002AA6D10A7000BFA1E7014609B9002050
:10F530007047087B08B90120FAE70020F8E7014688
:10F5400009B900207047087B012800D1FAE70020A4
:10F55000F8E7014609B900207047087B022801D16D
:10F560000120F9E70020F7E7014609B900207047BC
:10F57000087B00F0030008B10120F8E70020F6E75F
:10F58000014609B900207047087B042801D10120F9
:10F59000F9E70020F7E7014609B900207047087B2A
:10F5A000082801D10120F9E70020F7E7E008002052
:10F5B000014609B900207047087B202801D10120AD
:10F5C000F9E70020F7E7014609B900207047087BFA
:10F5D000402801D10120F9E70020F7E7014609B9E9
:10F5E00000207047087B802801D10120F9E7002026
:10F5F000F7E72DE9F0470446894692465CB1B9F138
:10F60000000F08D0207B99F80C10884203D12046C7
:10F61000FFF78BFF10B10020BDE8F087207B10289A
:10F6200014D008DC01280DD002280CD004280BD0FF
:10F6300008280FD109E020280AD0402809D08028C6
:10F6400008D104E000BF00BF00BF00BF00BF00BF83
:10F6500000BF01E00020DFE700BF4C4501D10120E1
:10F66000DAE7207B102821D008DC01280DD0022801
:10F670000CD004280BD008287DD10AE0202827D000
:10F6800040283CD0802876D111E000BF00BF012087
:10F69000C2E7D9E906532A46D4E90671384608F08C
:10F6A000EBF801D10120B7E70020B5E700BF2069E2
:10F6B00010B1D9F8100008B90020ADE7D9F8101042
:10F6C000206905F0CDFD08B90120A5E70020A3E7DA
:10F6D000A568D9F8086009E0524631462846FFF788
:10F6E00088FF08B9002097E72D6836680DB1002E15
:10F6F000F2D1B54201D000208EE701208CE7002531
:10F7000000260CB1A06800E00020054611E052463A
:10F710004846296AFFF7E1F906460EB900207BE763
:10F72000524631462846FFF764FF08B9002073E7C8
:10F730002D68002DEBD1B9F1000F02D0D9F80800E7
:10F7400000E00020064612E052462046316AFFF7EC
:10F75000C4F9054615B900205EE70CE0524629467B
:10F760003046FFF746FF08B9002055E73668002EFF
:10F77000EAD1012050E700204EE710B504460248C8
:10F7800001682046884710BDE0080020FB4800784B
:10F790007047FF207047FA48007830B101280DD03B
:10F7A00002281AD003282FD11EE00020F549088036
:10F7B000F54908600120F249087025E0F148008809
:10F7C000401CF049088008460088C82804DD002055
:10F7D00008800220EA49087016E00120EA49086022
:10F7E0000320E74908700FE0E6480088401CE5491F
:10F7F000088008460088C82805DD00200880E04908
:10F800000870FF20704700BF00BF0020FAE710B566
:10F81000DE48007800281DD00020DC490870DC4854
:10F82000F5F728FB6421DB4805F0F2FCDAA3DCA243
:10F83000DFA1D84805F012FAE448F5F73AFB642155
:10F84000E34805F0E5FCE14B1033E04AE1A1E04874
:10F8500005F004FAFFF79FFF10B1FF20E34908709D
:10F86000E2480078FF2804D10020E0490870FF201A
:10F8700010BD0020FCE770B50024DD4800780828A2
:10F8800079D2DFE800F004113B4C7986B1C24FF425
:10F890000071D84805F09AFC0D21D7A0FDF78AFC2D
:10F8A0000120D3490870F9E0D7A1D24805F06BFBDD
:10F8B00040B10220CE4908700020D4490880D449C4
:10F8C00008701AE0D1480088401CD04908800846DA
:10F8D0000088642811DD00200880C5490870CC48E4
:10F8E0000078401CCA49087008460078052804DDE5
:10F8F00000200870EE20BE490870CFE04FF4007180
:10F90000BC4805F063FCB24805F073FB0546294688
:10F91000AF48FDF74FFC0320B5490870BEE0BDA11C
:10F92000B44805F030FB40B10420B1490870002014
:10F93000B6490880B64908701CE0B4480088401CED
:10F94000B249088008460088B0F5FA7F12DD002031
:10F9500008800220A6490870AD480078401CAC49D8
:10F96000087008460078032804DD00200870EE20A7
:10F970009F49087092E074E04FF400719D4805F0D3
:10F9800025FC1421A7A0FDF715FC05209849087057
:10F9900084E09DA1974805F0F6FA40B1062094490D
:10F9A0000870002099490880994908701BE0974821
:10F9B0000088401C9549088008460088B0F5967F6D
:10F9C00011DD0020088004208949087090480078E3
:10F9D000401C8F49087008460078032803DD00208A
:10F9E00008708349087059E04FF40071814805F0B0
:10F9F000EDFB684805F0FDFA054629466548FDF728
:10FA0000D9FB07207A49087048E08CA1794805F0B5
:10FA1000BAFA40B10020764908707C4908807C49D8
:10FA20000870FF2070BD79480088401C7749088025
:10FA300008460088B0F5FA7F12DD00200880062015
:10FA40006B49087072480078401C7149087008467C
:10FA50000078032804DD00200870EE206449087057
:10FA60001CE07848007820B1012806D0022813D184
:10FA70000CE00120734908700EE0FFF78CFE04468D
:10FA8000FF2C02D102206F49087005E00020584980
:10FA900008706C49087000BF00BF00BF00BF0020A5
:10FAA000C0E710B56848007810B1012838D10CE0E3
:10FAB0004FF400714F4805F089FB082163A0FDF762
:10FAC00079FB0120604908702CE063A1494805F0EA
:10FAD0005AFA40B100205C490870624908806249C6
:10FAE0000880FF2010BD5F480088401C5D490880E9
:10FAF00008460088642812DD0020088052490870FA
:10FB000059480088401C5849088008460088052844
:10FB100005DD002008804C490870EE20E2E701E096
:10FB2000EE20DFE700BF0020DCE72DE9F0410746CB
:10FB3000884600244D480078D8B94DA12D4805F0DD
:10FB400022FA0446A4B14CA1204605F01CFA451C3B
:10FB500047A1284805F017FA04464CB1601D05F08E
:10FB600005FA86B23146284601F089FF00BF00BF82
:10FB700000BF00BF0020BDE8F0810000EC080020BD
:10FB800064090020620900208401224267090020E4
:10FB9000ED08002000A80020313138383300000083
:10FBA00033392E39362E31302E32353000000000F8
:10FBB00041542B43495053544152543D22544350D5
:10FBC000222C222573222C25730D0A0041090020C6
:10FBD00064A8002041542B43574A41503D222573CD
:10FBE000222C222573220D0A000000006609002045
:10FBF0006809002098A0002041542B43574D4F44E2
:10FC0000453D310D0A0000004F4B00006A090020FD
:10FC1000690900205749464920434F4E4E454354F9
:10FC20004544000041542B434950534E54504346E1
:10FC3000473D312C2D380D0A00000000434F4E4E39
:10FC4000454354006C0900206D09002041542B47A6
:10FC50004D520D0A0000000057524F4F4D2D3332C8
:10FC600000000000700900206E09002072090020C9
:10FC70002B4950442C0000003A000000002070473F
:10FC800070B506460D46FD4880680A2801D100205F
:10FC900070BD4FF44370F3F7F2FB04460CB900203B
:10FCA000F6E725812A46314604F10A00F3F700FB06
:10FCB000F248006850B9002060602060EF4804609E
:10FCC00044608068401CED4988600DE00020606061
:10FCD000EA4840684460E94840682060E74844607A
:10FCE0008068401CE5498860FF20D1E7E348006850
:10FCF00008B900207047E14800680830FAE710B5FD
:10FD0000DE48006808B9002010BDDC4804680068BF
:10FD1000406820B10020D949096849680860D7487F
:10FD200000684068D549086008468068401E8860C1
:10FD30002046F3F794FBFF20E6E710B5D0480078A3
:10FD400000B910BDCF480078032859D005DC48B170
:10FD5000012813D0022877D131E0042866D0EE289C
:10FD6000F9D183E0FFF7C2FFC74908600846006881
:10FD700000B9E6E70120C349087080E04FF4007144
:10FD8000C24805F023FA4FF40071C14805F01EFA8D
:10FD90004021C04805F03CFABB4800680288BEA17B
:10FDA000BC4804F05BFFBB4805F023F9044621463C
:10FDB000B848FDF7FFF90220B24908705FE0BAA128
:10FDC000B24805F0E0F840B10320AE4908700020C9
:10FDD000B6490870B649088011E0B5480088642823
:10FDE00005DAB3480088401CB149088007E00020CC
:10FDF000AF490880AD4908700320A24908703EE071
:10FE00004FF40071A14805F0E1F94FF40071A048EA
:10FE100005F0DCF99C48006801889B480068801C5C
:10FE2000FDF7C8F904209749087028E0A1A1974878
:10FE300005F0A9F848B1EE209249087000209B49CE
:10FE400008709B49088010E016E0994800886428F3
:10FE500005DA97480088401C9549088005E0002095
:10FE600093490880EE208749087008E0FFF747FFB4
:10FE700000208449087000BF00BF00BF00BF00BF62
:10FE800000BF5EE770B504460D4629462046FFF7E1
:10FE9000F7FEFF2070BD30B585B0002487480068AC
:10FEA00041F27071884205D284480068401C834941
:10FEB000086091E28248007830B1012814D002280D
:10FEC00072D0032871D139E200206D4908704FF4D7
:10FED00000716E4805F07AF911217AA0FDF76AF9F0
:10FEE00001207749087076E2AFF2E421674805F017
:10FEF0004AF800287ED078A1644805F044F804460A
:10FF0000002C78D0113478A1604805F03CF818B185
:10FF100001208DF80E0063E074A15C4805F033F811
:10FF200018B102208DF80E005AE071A1574805F073
:10FF30002AF818B103208DF80E0051E06DA1534846
:10FF400005F021F818B104208DF80E0048E06AA1F0
:10FF50004E4805F018F818B105208DF80E003FE066
:10FF600066A14A4805F00FF818B106208DF80E007A
:10FF700036E063A1454805F006F818B107208DF872
:10FF80000E002DE05FA1414804F0FDFF18B10820EC
:10FF90008DF80E0024E05CA13C4804F0F4FF28B189
:10FFA00009208DF80E001BE0BBE113E258A1374891
:10FFB00004F0E9FF18B10A208DF80E0010E055A1F9
:10FFC000324804F0E0FF18B10B208DF80E0007E076
:10FFD00051A12E4804F0D7FF10B10C208DF80E006F
:10FFE0009DF80E000C281BDD00204C490880344988
:10FFF000087001E074E16AE149480078401C484912
:020000040801F1
:10000000087008460078032808DD002008702C4995
:1000100008702A49086001201949087005B030BDF0
:10002000241D617830392278303A02EB820201EBEC
:100030004200C11700EBD1614911A0EB4111C9B2D7
:100040008DF80F109DF80F001F286CDD002033493C
:1000500008801B49087032480078401C30490870FD
:1000600008460078032808DD00200870144908704D
:1000700012490860012002490870CFE7C8A8002093
:1000800061090020730900207809002098A0002051
:1000900098880020D4A8002041542B434950534550
:1000A0004E443D25640D0A003E0000007409002006
:1000B0007609002053454E44204F4B008009002014
:1000C0007C09002041542B434950534E545054490D
:1000D0004D453F0D0A0000002B434950534E5450EC
:1000E00054494D453A0000004A616E004665620081
:1000F0004D617200417072004D6179004A756E0069
:100100004A756C004175670053657074000000000B
:100110004F6374004E6F7600446563007E090020D3
:100120007D090020FFE7E41C607830382178303901
:1001300001EB810100EB4100182190FBF1F201FB82
:100140001200C0B28DF810009DF81000172817DDBE
:100150000020E0490880E0490870E0480078401C31
:10016000DE49087008460078032808DD0020087082
:10017000D9490870DA4908600120DA4908704DE76A
:10018000E41C607830382178303901EB810100EBD4
:1001900041003C2190FBF1F201FB1200C0B28DF84E
:1001A00011009DF811003B2817DD0020C949088087
:1001B000C9490870C9480078401CC84908700846F9
:1001C0000078032808DD00200870C3490870C4497E
:1001D00008600120C349087020E7E41C60783038CB
:1001E0002178303901EB810100EB41003C2190FB8B
:1001F000F1F201FB1200C0B28DF812009DF812005E
:100200003B2817DD0020B3490880B3490870B34884
:100210000078401CB149087008460078032808DDC2
:1002200000200870AC490870AD4908600120AD4954
:100230000870F3E6E41C607830382178303901EB3F
:10024000810100EB4100642190FBF1F201FB1200FF
:1002500000F5FA6080B2ADF80C00BDF80C0040F675
:100260003301884217DD00209A4908809A490870B6
:100270009A480078401C994908700846007803287D
:1002800008DD002008709449087095490860012035
:1002900094490870C2E603A801F0FBFDBDF80C000C
:1002A000642190FBF1F201FB1200C5B29DF812002F
:1002B0009DF811109DF81020CDE9002102909DF8C5
:1002C0000F209DF80E100023284603F029F8022085
:1002D0008149087000207F490880804908701FE02C
:1002E0007C480088401C7B49088008460088B0F59F
:1002F000967F15DD002008807749087077480078E0
:10030000401C7649087008460078032808DD002064
:1003100008707149087072490860012071490870BD
:1003200059E04FF40071704804F050FF0B216FA0AA
:10033000FCF740FF0320684908704CE0AFF23871C9
:10034000694804F020FE18B36BA1674804F01BFE57
:10035000044684B16AA1644804F015FE044654B111
:10036000241D2078342803DD00206749087002E04E
:1003700001206549087000205749087055490880D8
:10038000564908705649086001205649087020E017
:1003900050480088401C4F49088008460088B0F546
:1003A000967F16DD0020088002204B4908704B48DC
:1003B0000078401C4949087008460078032808DD89
:1003C00000200870444908704549086001204549EB
:1003D000087000E000BF00BF00BF1FE610B500249A
:1003E0004A48006841F27071884205D24748006867
:1003F000401C4649086062E04548007810B1012879
:100400005BD10FE00020374908704FF40071364887
:1004100004F0DCFE0B2135A0FCF7CCFE01203C49AA
:1004200008704BE0AFF620012F4804F0ACFD18B384
:1004300031A12D4804F0A7FD044684B130A12A481B
:1004400004F0A1FD044654B1241D2078342803DDB6
:1004500000202D49087002E001202B49087000207F
:100460002B4908702B4908802B49087027490860E0
:1004700001201C4908701FE026480088401C2549BF
:10048000088008460088B0F5967F15DD00200880BA
:100490001F49087020480078401C1F490870084612
:1004A0000078032808DD00200870194908701749F2
:1004B000086001200B49087000E000BF00BF10BDBC
:1004C00010B5FFF73AFCFCF772FF08B1FFF7E3FC49
:1004D00010BD00007E0900207C0900207D0900205D
:1004E000800900206109002098A0002041542B437E
:1004F000574A41503F0D0A002B43574A41503A009A
:100500002C312C2D00000000EC0800208809002070
:10051000840900208609002085090020F748007A18
:10052000704770B50546F548046808E0294604F1AF
:100530000B0004F095FE08B9204670BD6468002CDD
:10054000F4D10020F9E770B505462846FFF7E9FF2A
:1005500004460CB9002070BD04F10800FBE770B53B
:10056000054635B1288820B1A878022801DCE81CAE
:1005700020B900BF00BF4FF0FF3070BDDF48007AE8
:10058000012804DB00BF00BF6FF00100F5E7E81CA5
:10059000FFF7D9FF064626B1A878B0706FF00200C9
:1005A000EBE74C20F2F76BFF044624B900BF00BF15
:1005B0006FF00300E1E74422294604F10800F2F756
:1005C00077FECE48006850B9002060602060CB48BC
:1005D00004604460007A401CC84908720DE00020A5
:1005E0006060C64840684460C44840682060C348B2
:1005F0004460007A401CC1490872FF20BDE770B515
:1006000005462846FFF78DFF044624B900BF00BF0A
:100610004FF0FF3070BDB948007A01280AD1B748C1
:100620000068B6494968884204D10020B34908608F
:1006300048601BE0B1480068A04206D1AF4960683D
:10064000086000200968086010E0AC484068A042DB
:1006500006D1AA492068486000204968486005E042
:10066000D4E900104860D4E900010860A348007A8A
:10067000401EA24908722046F2F7F1FEFF20C9E7AA
:1006800070B5054600264420F2F7F9FE04460CB981
:10069000701E70BD27229AA1E01CF2F709FE1822F5
:1006A000294604F11200F2F703FE272020800120E2
:1006B000A0702046FFF753FF0646002E05DA2046BD
:1006C000F2F7CDFE6FF00100E3E7FF20E1E730B580
:1006D0000346002014E0141A641E0C5D8C4D05EBDB
:1006E0001414247803F81040141A641E0C5D04F0EE
:1006F0000F042C5D012505EB40055C55441CE0B260
:100700009042E8DB30BD8348D0E90020521C40F124
:1007100000008049C1E9002003C9704700B58FB0CF
:1007200014227DA10AA804F01FFDFFF7ECFFCDE91C
:10073000080106A801F094FB082208A90AA8FFF7FF
:10074000C6FF00207949C8844FF48071774828306B
:1007500004F03CFD9DF81E009DF81D109DF81C2026
:100760009DF81B30CDE90232CDE904109DF81A0046
:10077000BDF818100AAB6E4ACDE900106D49A2F51C
:10078000847004F06BFA6948283004F032FC674941
:10079000C884FF200FB000BD70B5054600243C2082
:1007A000624908800846C07820F00200801CC870AA
:1007B00004208870A1F8280104225FA15C48801FF2
:1007C000F2F776FD18205949A1F82E015848F4F7A0
:1007D000DEFA5648C07820F0800080305349C87057
:1007E0000820A1F85401082255A151482630F2F7FB
:1007F0005FFD4E48C07820F0400040304B49C87043
:100800000C20A1F860010C2250A149483230F2F7C7
:100810004FFD4648C07820F004004449C87008469F
:10082000C07820F01800C8700846C07820F020007A
:10083000C8700C2088800C2248A13C48801DF2F72B
:1008400037FD70BD10B500203849C8844FF4807161
:100850003648283004F0BAFC3448C07820F018003C
:100860003249C8700846C07820F02000C870084699
:10087000C07820F00400C87010BD10B5FFF74EFF1F
:100880002A48C07820F018002849C8700846C07867
:1008900020F02000C8700846C07820F00400001D39
:1008A000C87010BD21490880704720498870704782
:1008B0001E48C07820F00200801C1C49C870704798
:1008C0001A48C07820F002001849C87070471748CD
:1008D000C07820F040001549C87070471348C078B0
:1008E00020F0400040301149C87070470F48C07870
:1008F00020F080000D49C8707047000084AA0020D5
:10090000636F6E74726F6C6C65725F6D73672F00CE
:1009100090090020A0090020464646464646464625
:1009200046464646464646460000000014A90020BA
:1009300044AA0020A48401084D5154540000000032
:100940007465726D696E616C0000000076656E649E
:10095000696E673132333036000000007465726DA5
:10096000696E616C5F6D7367000000000848C078B5
:1009700020F0800080300649C870704710B50446EA
:100980002046FFF77DFE2046FFF706FF10BD000062
:1009900014A90020E24880787047E148807820B1AF
:1009A0000020DF494860C87010E0DD48406842F62A
:1009B000E061884207D2DA484068401CD849486064
:1009C0000020C87002E00120D549C8707047017846
:1009D000D44A11704188518081889180704710B548
:1009E000D048007818B3CF484088B0F57A7F02DD50
:1009F0000020CB490870CB48418880880A3000EB42
:100A0000C00202EB0010B1EB800F05DAC548408848
:100A1000401CC44948800AE00020C24908700120F7
:100A2000BF4908700020BF494880F2F75BFD10BD48
:100A300070B592B005460C4616468DF80660ADF8C6
:100A40000440224629460DF10700F2F731FC01A8C7
:100A5000FFF785FD12B070BD42F6E060B049486016
:100A60000120C87070470020AD4988704870AE49B9
:100A70000870488088740021AB4881820020AA4910
:100A800088720021A8488181704700B5FFF7E4FF14
:100A9000FFF7E9FF00BD0120A14908707047002061
:100AA0009F490870704710B59D48007800B910BD87
:100AB0009B48407806286FD005DC17D2DFE800F0AD
:100AC00010162F356E74092867D004DC072879D0FA
:100AD00008280BD1D5E0122809D01F28F9D10CE144
:100AE000FCF765FC10B102208D4948700DE18F487C
:100AF0000068B0F57A7F05D28C480068401C8B49AD
:100B0000086005E000208949086002208449487097
:100B10008548007810B1032081494870F5E001F064
:100B20002AF903207E494870EFE07F48007888B1B9
:100B30007B48C07818B104207949487004E0062049
:100B4000774948700120887000207849086078490A
:100B5000087020E075480068B0F57A7F05D27348C8
:100B60000068401C7149086015E000206F4908606A
:100B70006F480078022808DA6D480078401C6C49FC
:100B8000087002206649487005E000206849087036
:100B9000082063494870B8E03AE07DE001F00CF9C4
:100BA00005205F494870B0E05F48807A58B1012065
:100BB0005B4988700620487000205C4908605C49E9
:100BC000087024E02AE059480068B0F57A7F05D221
:100BD00056480068401C5549086018E000205349F9
:100BE000086053480078032808DA51480078401C10
:100BF0004F49087004204A49487008E000204A49DB
:100C000008700220464948700020494908707CE07D
:100C100001F07EF807204249487076E043480068BA
:100C2000B0F57A7F05D241480068401C3F49086012
:100C300026E000203D4908603B48807C40B1002010
:100C40003B4908703849887406203549487017E0D8
:100C500037480078062808DA35480078401C3449BF
:100C6000087006202E4948700AE000202E490870BE
:100C700088722B4988702E4908701F2028494870B7
:100C800043E001F057F809202549487042F6E0603A
:100C900048600120C87038E02348007850B1002037
:100CA00022490860224908701F49087002201C4927
:100CB000487021E01D480068B0F57A7F05D21B48D6
:100CC0000068401C1949086016E0002017490860B8
:100CD00017480078012808DA15480078401C1449A4
:100CE000087008200E49487006E00020104908707E
:100CF0001F200B494870DAE607E0F9F7BAFDFCF768
:100D0000D3FA00200649487000BF00BF00BFCEE6FE
:100D100010B5FFF742FEFFF762FEFFF7C4FE10BDFD
:100D2000B0090020A809002012AB0020B80900205B
:100D3000BC0900202DE9F04106460D465020F2F78F
:100D40009EFB044614B90020BDE8F081002020700D
:100D5000A07000F037F8A08000206070184804F000
:100D600048F9E080164804F044F907463A46144929
:100D700004F10800F2F79CFAA4F84850B4F84800CF
:100D8000F2F77DFBE064E06C10B92046F2F767FBF8
:100D90002A463146E06CF2F78BFA204601F024F83F
:100DA000E06CF2F75CFB2046F2F759FB00BFCBE7A3
:100DB00070B504460D462946204601F043F970BD42
:100DC00090AA0020FE480088401CFD490880084683
:100DD00000887047F0B50022002300260024054655
:100DE000C71700EB5767C7F3C7121546D71702EBB3
:100DF0005767FB111D46DF1703EB5767FE110546CA
:100E0000C71700EB5767FF11A0EBC717FCB2012E05
:100E10000CDB44F080050D7042F080054D7043F00E
:100E200080058D70CE7004250D7117E0012B09DB54
:100E300044F080050D7042F080054D708B700325E5
:100E40000D710BE0012A06DB44F080050D704A703D
:100E500002250D7102E0087001250D71F0BD002022
:100E6000D849B1F828110831D64AB2F82E211144D8
:100E700088B2D449C978C1F3800139B1D149898890
:100E8000091DD04AD28C1144014488B2CD49C97899
:100E9000C90929B1CB49B1F85411891C014488B260
:100EA000C849C978C1F3801129B1C649B1F86011A8
:100EB000891C014488B2704770B50446FFF7CFFF24
:100EC00005462146FFF786FF70BD1CB50024684625
:100ED000FFF7F2FFFFF7C3FF9DF80410491C084419
:100EE00084B220461CBD7CB5054600241020285540
:100EF000641C6846FFF7E0FF002606E01DF80600C8
:100F00002855601C84B2701CC6B29DF80400B04223
:100F1000F4DCAC49B1F82801C11700EB1161C1F351
:100F200007212955601C84B2A649B1F82801C117D0
:100F300000EB11610912A0EB01212955601C84B25C
:100F4000A049B1F82821281901F59571F2F7B0F9F7
:100F50009C48B0F82801204484B29A4880782855EB
:100F6000601C84B2281901229649C91CF2F7A0F925
:100F7000601C84B293490888C11700EB1161C1F36A
:100F800007212955601C84B28E490888C11700EBDF
:100F900011610912A0EB01212955601C84B2894915
:100FA000B1F82E01C11700EB1161C1F307212955DA
:100FB000601C84B28349B1F82E01C11700EB1161A6
:100FC0000912A0EB01212955601C84B27D49B1F8BA
:100FD0002E21281901F59871F2F76AF97948B0F8CD
:100FE0002E01204484B27748C078C0F380000028E6
:100FF0003DD074498888C11700EB1161C1F3072106
:101000002955601C84B26F498888C11700EB1161B3
:101010000912A0EB01212955601C84B269498A8814
:101020002819891DF2F744F966488088204484B263
:101030006449C88CC11700EB1161C1F30721295520
:10104000601C84B25F49C88CC11700EB11610912A2
:10105000A0EB01212955601C84B25A49CA8C281979
:101060002831F2F725F95748C08C204484B25548FE
:10107000C078C00918B35349B1F85401C11700EB47
:101080001161C1F307212955601C84B24D49B1F8A3
:101090005401C11700EB11610912A0EB0121295580
:1010A000601C84B24749B1F85421281901F5AB718D
:1010B000F2F7FEF84348B0F85401204484B24148A6
:1010C000C078C0F3801018B33E49B1F86001C11771
:1010D00000EB1161C1F307212955601C84B2394925
:1010E000B1F86001C11700EB11610912A0EB0121F9
:1010F0002955601C84B23349B1F86021281901F5E3
:10110000B171F2F7D5F82F48B0F86001204484B2ED
:1011100020467CBD0420704710B5024600204023C5
:101120001354401C02231354401C0B46CC1701EBF4
:101130001464C4F307241454401CCC1701EB14644A
:101140002412A1EB04241454401C10BD01460020BD
:10115000CA88921CB1F848301A4490B20A78002A22
:1011600001DD821C90B2704770B504460D462046E2
:10117000FFF7ECFF06462946FFF72CFE70BD7CB555
:10118000044669462046FFF7EFFF2046FFF7DEFFE3
:101190009DF80410491C084485B228467CBD2DE901
:1011A000FC4106460D460027002469463046FFF7FD
:1011B000DBFF302028553078012809D1285D03E075
:1011C000BE09002014A9002040F00200285509E0C3
:1011D0003078022804D1285D40F00400285501E051
:1011E000285D2855B078012804D1285D40F008001A
:1011F000285501E0285D28557078012804D1285D24
:1012000040F00100285501E0285D2855601C84B29B
:10121000002706E01DF807002855601C84B2781CE2
:10122000C7B29DF80400B842F4DCF088C11700EBA7
:101230001161C1F307212955601C84B2F088C117E0
:1012400000EB11610912A0EB01212955601C84B249
:10125000F288281906F10801F2F72AF8F0882044EC
:1012600084B2307890B1B088C11700EB1161C1F33E
:1012700007212955601C84B2B088C11700EB1161A9
:101280000912A0EB01212955601C84B2B6F8482050
:101290002819F16CF2F70CF8B6F84800204484B233
:1012A0002046BDE8FC8100203D4A1168022004E090
:1012B0000A89D21C024490B249680029F8D17047CB
:1012C00070B50446FFF7EFFF05462146FFF782FDA4
:1012D00070BD1CB500246846FFF7F2FFFFF7E3FF7F
:1012E0009DF80410491C084484B220461CBD2DE919
:1012F000FC41054600242A480668FFF763FD0746BF
:101300006846FFF7DDFF82202855641C4FF0000877
:1013100008E01DF808002855601C84B208F101009F
:1013200000F0FF089DF804004045F2DC3846F9174C
:1013300007EB1161C1F307212955601C84B23846BF
:10134000F91707EB11610912A7EB01212955601C60
:1013500084B220E03089C11700EB1161C1F307218D
:101360002955601C84B23089C11700EB1161091244
:10137000A0EB01212955601C84B23289281906F19D
:101380000B01F1F795FF3089204484B2B07A2855DB
:10139000601C84B27668002EDCD12046BDE8FC815A
:1013A00084AA002094490880704794484078934A62
:1013B0001278904205D191484088142801D100202C
:1013C00070478E480278001D50F822100022001F3E
:1013D0000378001D40F82320001F0078401C874A36
:1013E000107010464088401C508010460078142829
:1013F00001D1002010700846E2E770B505460024D0
:101400007E4840787D490978884209D17B484088E8
:1014100030B9FFF7CAFF044614B12046F2F71FF8AF
:1014200076484178001D40F82150001F4078401C4C
:101430007249487008464088401E488008464078F7
:10144000142801D100204870012070BD6C484078FC
:101450006B4A1278904205D169484088142801D11E
:101460000020704766480278001D50F822100022C4
:10147000001F0378001D40F82320001F0078401C47
:101480005F4A107010464088401C5080104600781B
:10149000142801D1002010700846E2E770B5054617
:1014A0000024574840785649097888420ED154485C
:1014B000408858B9FFF7CAFF04463CB1E06C10B150
:1014C000E06CF1F7CCFF2046F1F7C9FF4C484178BA
:1014D000001D40F82150001F4078401C48494870CA
:1014E00008464088401E488008464078142801D1AC
:1014F00000204870012070BD41484078404A127871
:10150000904205D13E484088142801D10020704700
:101510003B480278001D50F822100846F7E710B546
:10152000002438480068B0F5FA7F05D235480068D5
:10153000401C3449086010BD002032490860FFF7A4
:10154000DBFF0446002C41D02B480088A18888424C
:101550000CD1FFF77BFF04463CB1E06C10B1E06CAE
:10156000F1F77DFF2046F1F77AFFE4E7F9F7D1F9CB
:1015700028B1204600F038FCE078401CE070E078AC
:1015800014280CDDFFF762FF04463CB1E06C10B19B
:10159000E06CF1F764FF2046F1F761FFCBE72078BC
:1015A000012806D104F1080018B1E08808B1E06C08
:1015B00060B9FFF74BFF04463CB1E06C10B1E06C42
:1015C000F1F74DFF2046F1F74AFFB4E700BFB2E75D
:1015D00010B50024FFF7E9FE04462CB1208800F086
:1015E0001EFC2046F1F73BFF10BD10B5FFF797FF3B
:1015F000FFF7EEFF10BD0000C0090020C409002065
:10160000180A00206C0A002010B502460B4611464D
:10161000042B02D38878400810B14FF0FF3010BD82
:10162000887800F00100F94C2071C8786071C878A2
:1016300010B16FF00100F2E70120F44C2070FF20A0
:10164000EDE770B504460D462646042D01D2012073
:1016500070BDEE48C088401CEC49C880F178B07875
:1016600001EB002081B2E948018101460889FFF7BA
:1016700099FEFF20ECE72DE9F04106460F4635467E
:10168000FEF74CFF804608F10400B84203D94FF042
:10169000FF30BDE8F081DD488089401C81B2DB4825
:1016A0008181E978A87801EB002081B2D748C18117
:1016B00000240DE0281D015DD44810300155281D7F
:1016C000005D802802D16FF00100E2E7601CC4B227
:1016D0004445EFDB0120CD498872FF20D9E702465F
:1016E000022902DA4FF0FF307047507810B16FF0E6
:1016F0000100F9E70120C54B98741846808A401C08
:1017000083B2C2488382FF20EEE770B504460D46DF
:1017100020783A283AD008DC20280FD0302831D061
:10172000322831D0332837D132E03B2832D040281C
:101730000DD0902814D0D0282ED11AE0294620466A
:10174000FFF762FF002801DD202070BD26E029465A
:101750002046FFF776FF002801DD4020F5E71DE079
:1017600029462046FFF787FF002801DD9020ECE79F
:1017700014E029462046FFF7B2FF002801DDD02003
:10178000E3E70BE03020E0E73220DEE73A20DCE759
:101790003320DAE73B20D8E70020D6E700BF00205F
:1017A000D3E710B50246002100200023491C545CF9
:1017B00004F08004002C2ED0545C04F07F04044418
:1017C000A0B24C1CA1B2545C04F08004ECB1545C97
:1017D00004F07F0400EBC414A0B24C1CA1B2545C12
:1017E00004F080045CB1545C00EB8434A0B24C1C67
:1017F000A1B2545C00EB4454A0B204230DE00323D7
:10180000545C00EB8434A0B207E00223545C00EB8C
:10181000C414A0B201E00123505C10BD02460021B7
:101820000020491C535C03F080039BB14B1C99B210
:10183000535C03F080035BB14B1C99B2535C03F023
:1018400080031BB14B1C99B2042004E0032002E08A
:10185000022000E0012070472DE9F043074688464A
:10186000144600250026A9462046FFF7D7FF064666
:10187000042E02DD0120BDE8F083601C3044417875
:10188000601C805D01EB00201FFA80F9C14501D08A
:101890000220F0E700250AE0795D601C3044801CDE
:1018A000405D814201D00320E5E7681C85B24D45CB
:1018B000F2DB0020DFE72DE9F04180460C460025F1
:1018C00000272046FFF7AAFF0546042D02DD002071
:1018D000BDE8F081601C28444178601C405D01EB4C
:1018E0000020C7B2B8F1010F18D10220F1F7C7FDEF
:1018F000064676B1601C2844801C38444178601C40
:101900002844801CC05D01EB002030803046FFF78A
:1019100074FDE81C3844801C044402E0E81C384490
:1019200004442046D4E7014639484078384A1278C2
:10193000904204D13648408808B9FF2070473448A7
:101940004278001D40F82210001F4078401C304AA9
:10195000507010464088401E508010464078202825
:1019600001D1002050700120E8E729484078284A3A
:101970001278904205D126484088202801D10020C5
:10198000704723480278001D50F822100022001FE3
:101990000378001D40F82320001F0078401C1C4ADB
:1019A000107010464088401C508010460078202857
:1019B00001D1002010700846E2E700B5FFF7D5FF1F
:1019C00000BD2DE9F041054600240026284603F01D
:1019D00010FB0746F1F753FD044614B90120BDE89A
:1019E000F081284603F005FB07463A462946204683
:1019F000F1F75EFC2046FFF796FF0646FF2E09D161
:101A000014B12046F1F72BFD0220E8E712AB0020CD
:101A1000700A00200020E2E770B504460025002689
:101A20002046FFF7FBFE0546042D01DD002070BDBA
:101A3000601C28444178601C405D01EB0020C6B268
:101A40003046F4E72DE9F04104460D464FF000081A
:101A5000002600272846FFF7A4FE06462846FFF783
:101A6000DBFF074624B9B81C301A1FFA80F803E0E0
:101A7000381D301A1FFA80F84046BDE8F0812DE984
:101A8000FF5F05460C460026002700200390824693
:101A90008146029080460190FBF789FC18B900202E
:101AA00004B0BDE8F09F2DE1002C01DC3046F7E7E3
:101AB0002846FFF776FE03902846FFF7AFFE8246E2
:101AC000BAF1040F03DD6D1C601E84B21AE10AF145
:101AD0000100039908441FFA80F9A14503DD6D1C3C
:101AE000601E84B20EE1E1B22846FFF70EFE0290BE
:101AF00002983B287DD00CDC32287BD004DC2028E7
:101B000010D0302877D112E033287FD03A28F9D18D
:101B10007DE0402807D0902806D0B02805D0D028F6
:101B2000F0D103E0E4E0E3E0E2E0E1E0E0E0764A87
:101B300012681189744A126802F10B002A46FFF7F5
:101B40008BFE0190704A126811896F4A126802F187
:101B50000B002A46FFF780FE98B929460020FFF7C0
:101B6000AAFE07460FB902209AE73846FFF729FF79
:101B70008046B8F1000F01D0032091E7701CC6B277
:101B800042E0614A1268526811895F4A12685268DD
:101B900002F10B002A46FFF75FFE98B929460020A4
:101BA000FFF789FE07460FB9022079E73846FFF7AD
:101BB00008FF8046B8F1000F01D0032070E7701CC9
:101BC000C6B221E0514803F014FA1FFA80FB2A46FE
:101BD00059464E48FFF740FE90B929460020FFF7CE
:101BE00031FF834629460020FFF765FE59460090E5
:101BF00003E00DE009E074E008E0FFF7D9F803E046
:101C00006D1C601E84B27DE072E000BF00BF00BFAB
:101C10003D4A126811893C4A126802F10B002A46BB
:101C2000FFF71AFE0190384A12681189364A126885
:101C300002F10B002A46FFF70FFE98B92946012052
:101C4000FFF739FE07460FB9022029E73846FFF7AC
:101C5000B8FE8046B8F1000F01D0032020E7701CC9
:101C6000C6B23DE0284A126852681189264A1268B5
:101C7000526802F10B002A46FFF7EEFD98B929469B
:101C80000120FFF718FE07460FB9022008E7384683
:101C9000FFF797FE8046B8F1000F01D00320FFE662
:101CA000701CC6B21CE0194803F0A3F91FFA80FBB0
:101CB0002A4659461548FFF7CFFD68B92946012045
:101CC000FFF7C0FE834629460120FFF7F4FD594681
:101CD0000090FFF76DF803E06D1C601E84B211E008
:101CE00006E0002C03DD6D1C601E84B20AE000BF1C
:101CF00000BF4D44A4EB090084B20020039082464B
:101D0000814600BFD0E6000084AA0020D0AA0020AF
:101D100008B550A00068009002216846FBF746FC19
:101D200008BD08B54CA00068009002216846FBF78A
:101D30003DFC08BD70B5002400254848C078C0F3BC
:101D4000800008B1FEF7EAFCFFF7BFF80546284619
:101D5000F1F795FB044604B970BDFEF7A9FD2046D6
:101D6000FFF7C1F829462046FBF720FC2046F1F793
:101D700076FB00BFF0E770B500240025FEF7A0FD5C
:101D80003648C078C0F3800008B1FEF7C7FCFFF703
:101D90009CF805462846F1F772FB044604B970BD6D
:101DA0002046FFF7A0F829462046FBF7FFFB204618
:101DB000F1F755FB00BFF2E770B500240025FFF7EF
:101DC00088FA05462846F1F75AFB044604B970BD67
:101DD0002046FFF78CFA29462046FBF7E7FB204612
:101DE000F1F73DFB00BFF2E770B506460024002581
:101DF0003046FFF7C4F905462846F1F740FB044694
:101E000004B970BD21463046FFF7C9F9294620467E
:101E1000FBF7CCFB2046F1F722FB00BFF1E770B5E2
:101E2000044600250026FFF775F906463046F1F70F
:101E300026FB054605B970BD21462846FFF76CF91B
:101E400031462846FBF7B2FB2846F1F708FB00BFF6
:101E5000F1E70000C0000000E000000014A900202D
:101E60003EB504466846F6F741FE9DF80200A071B3
:101E70009DF8010060719DF8000020719DF8070039
:101E8000E0709DF80600A070BDF8040020800020DE
:101E90003EBD7CB50446A0796179CDE90010237977
:101EA000E278A1782088F6F709FE00207CBD1CB5F9
:101EB000024600BF93798C79A34206DB93798C7933
:101EC0001B1BDBB28DF806300AE08B79C3F13C03B3
:101ED00094792344DBB28DF8063053795B1E53713D
:101EE00053794C79A34206DB53794C791B1BDBB247
:101EF0008DF805300AE04B79C3F13C035479234453
:101F0000DBB28DF8053013795B1E137113790C79F0
:101F1000A34206DB13790C791B1BDBB28DF804306E
:101F200007E00B79C3F1180314792344DBB28DF871
:101F300004309DF80430C3EB03139B00C3EB031381
:101F40009B009DF80540C4EB041403EB84039DF84B
:101F5000064018191CBD024610790B79984201DD24
:101F60000120704710790B79984202DA4FF0FF3068
:101F7000F7E750794B79984201DD0120F1E750797C
:101F80004B79984202DA4FF0FF30EAE790798B798B
:101F9000984201DD0120E4E790798B79984202DADA
:101FA0004FF0FF30DDE70020DBE70146088840F610
:101FB0003402904204DC088840F2E372904202DA74
:101FC0004FF0FF30704788780C2802DC88780128B1
:101FD00002DA4FF0FF30F5E7C8781F2802DCC87836
:101FE000012802DA4FF0FF30ECE70879172802DC0D
:101FF0000879002802DA4FF0FF30E3E748793C28FF
:1020000002DC4879002802DA4FF0FF30DAE78879FD
:102010003C2802DC8879002802DA4FF0FF30D1E753
:102020000020CFE710B50648FFF71AFF04480088E4
:1020300040F2E371884201DA012010BD0020FCE784
:10204000F40A002070B505460C46F948007808B13E
:10205000FF2070BD2046F1F712FAF5498860084666
:10206000806808B9FF20F4E7F149224688682946CC
:10207000F1F71EF90120EE49087000BFE9E7EC48CE
:10208000007808B9002070470020E9490870084628
:102090008068F8E710B5E7490868F1F7E0F9E54925
:1020A0004868F1F7DCF9E3498868F1F7D8F9E249C3
:1020B000886CF1F7D4F910BD2DE9F04104460E46C5
:1020C0001546DD48007810B9DB48407810B1002093
:1020D000BDE8F081206820B1606810B1A06800B14F
:1020E0000DB9FF20F4E7206802F083FF0746F1F7FF
:1020F000C6F9D0490860606802F07BFF0746F1F737
:10210000BEF9CC494860A06802F073FF0746F1F7BA
:10211000B6F9C84988604FF40170F1F7B0F9C649C3
:102120008864C448806840B1C248406828B1C1484A
:10213000006810B10846806C18B9FFF7ABFFFE20AD
:10214000C6E7206802F055FF0746BA4A21681068C2
:102150003A46F1F7ADF8606802F04BFF0746B54A22
:10216000616850683A46F1F7A3F8A06802F041FFB1
:102170000746B04AA16890683A46F1F799F81422E8
:1021800004F10C01AB480C30F1F792F8AA48C56194
:1021900086610120A849087000BF99E738B5FEF7AD
:1021A000F9FB00B938BDA448007818B9A2484078B6
:1021B00000B9F7E7A048007818B900209E49487098
:1021C000D8E19D48407806287ED2DFE800F003463B
:1021D0006173D3FD9749486898A102F0D4FE40B3DB
:1021E0009448816897A003F03BF870B101209249B0
:1021F000487096499048416400210164806958B351
:102200008D4881693830884726E0FFF743FF8F49C2
:1022100066318948416402210164806918B18648A9
:10222000816938308847002083490870052048704C
:1022300012E0FFF72FFF854965317F484164022195
:102240000164806918B17C48816938308847002072
:1022500079490870052048708BE1F1F7EFF900210A
:102260007548C1628162002073490862002172488A
:1022700041620163806C001D6F4948630020896CD6
:1022800008806D49896C488002206B49487070E174
:1022900000216948C162816200206749086200210B
:1022A000654841620163032063494870002048612A
:1022B000C86000BF60484069802847DA5E484069CE
:1022C000401C5D49486100E04EE15A48C068896B96
:1022D000401AB0F5007F0AD25648C0685649896B4B
:1022E000401A5549896B08445349886005E05248B3
:1022F000806B00F50070504988604F48C0694E4CB3
:102300000090A468631E4C4CA26B4A4C2168606824
:1023100000F03AF9401C98B9FFF7BCFE4B49673111
:102320004548416402210164806918B142488169CD
:10233000383088470020404908700520487018E070
:1023400004203D4948700020C86012E0FFF7A2FE5B
:102350003E4968313848416402210164806918B1FE
:102360003548816938308847002033490870052096
:102370004870FEE03048C0680A2869DA2E48C06814
:10238000401C2D49C860FFF77AFE0446002C7DD022
:1023900029492031204600F02BF9C5B22046F1F73B
:1023A0005EF8281D062872D2DFE800F0C3BFBBB775
:1023B000C7032148006A1F49C968884268D11E487E
:1023C000806A1D49896800E0BDE08842F6D11A485C
:1023D000406A1949896B8842F0D11748816BC06AFD
:1023E00008441449C968884252D81348816BC06AAE
:1023F0000844114988630846808D896C48800E49DD
:10240000886CF1F721F920BBFFF744FE0F496931D1
:102410000948416402210164806918B10648816954
:102420003830884700200449087005204870B9E614
:1024300094AB002028AB002048AB002058594A5FDD
:102440005600000056322E332E300000C0D401005A
:1024500075E04948806C0088401C4749896C0880B9
:102460004548806B4549C968884227D24248806BFD
:10247000642148434149C968B0FBF1F13E48C06B53
:10248000814217D03C48806B642102E056E054E062
:1024900034E048433949C968B0FBF1F13648C163BB
:1024A0003749416401210164806918B1324881696A
:1024B000383088470220304948702DE02E48806B24
:1024C0002E49C968884227D12C480C30F1F7A3F86F
:1024D00020B105202849487000204860FFF7DAFD48
:1024E000274925484164022101646421C163806950
:1024F00090B121488169383088470DE004201E4999
:10250000487020491C48416401210164806918B168
:1025100019488169383088470FE00420164948700F
:102520000BE004201449487007E004201249487069
:1025300003E004201049487000BF00BF02E0032000
:102540000D49487015E00C484068052805DA0A482E
:102550004068401C0849486005E0F0F7C3FF0020D0
:1025600005490870487004E000200349087048706D
:1025700000BF00BF00BF15E648AB002028AB00201D
:10258000C0D4010056D601002DE9FE4F04460D4689
:1025900016461F46DDF830904FF48060F0F76FFF6D
:1025A0008046B8F1000F03D14FF0FF30BDE8FE8F39
:1025B0004A482B4622464A49CDE9006702904046E8
:1025C00002F04CFBB9F1000F0AD0404602F011FDB9
:1025D000824651464046C8474046F0F740FF05E076
:1025E0004046F0F73CFF6FF00100DFE70120DDE738
:1025F0002DE9F04106460D46002706B11DB94FF002
:10260000FF30BDE8F08137A1304602F0BCFC044643
:1026100014B94FF0FF30F4E704F1090002F0A6FC12
:10262000286133A104F1090002F0ADFC044614B99D
:102630006FF00100E5E733A1304602F0A4FC044648
:1026400014B96FF00200DCE704F1100002F08EFC18
:10265000E86031A1304602F096FC044614B96FF0F0
:102660000200CEE704F1150002F080FC686030A1A2
:1026700004F1150002F087FC044614B96FF0020063
:10268000BFE7601C02F072FC401CA86029A1601C1E
:1026900002F079FC044614B96FF00200B1E7601C47
:1026A00002F064FC286024A1304602F06CFC044671
:1026B00014B96FF00200A4E7686920B9E86810B1A6
:1026C0006FF003009DE7201D02F093FC0746211DDB
:1026D000EA686869F0F7ECFD012092E798060020AF
:1026E0001C850108485454502F312E312000000021
:1026F000323036205061727469616C20436F6E74A1
:10270000656E7400436F6E74656E742D4C656E67F4
:1027100074683A2000000000436F6E74656E742D7B
:1027200052616E67653A206279746573200000001B
:102730002D0000002F0000000D0A0D0A000000000F
:10274000FE4908607047FE4908607047FD4908600F
:102750007047FD4908607047FC4908607047FC49B4
:1027600008607047FB4908607047FB490860704784
:10277000FA4908607047FA4908607047F9490860EB
:102780007047F94908607047F84908607047F84990
:1027900008607047F74908607047F749086070475C
:1027A000F64908607047F64908607047F548807838
:1027B00070470020F34988707047F2490880002173
:1027C000F04A91707047F048807870470020EE49D9
:1027D00088707047EC4908800021EB4A917070477F
:1027E00070B5044600256179207901EB002085B29F
:1027F000E078822802D0832875D103E00120E149E6
:10280000887019E1E0480088A84202D10120DE4921
:10281000887045F64001681A8D4270D01DDC45F283
:102820003071A5EB01008D425ED00DDCA5F5804036
:10283000A0F5A150A8B3E02828D0B0F5987F31D0FA
:10284000B0F5407F73D143E0202859D0502862D0A2
:10285000602861D0E028F5D16BE0902868D008DCD2
:10286000102871D0302870D060286FD07028E9D13E
:102870009CE0D0286BD0F0286AD0B0F5BF5F68D05C
:10288000A0F5B850F0380028DCD1C6E0BA4800689E
:1028900030B1A078C01EC1B2201DB74A126890475F
:1028A000C7E00AE0B548006830B1A078C01EC1B2E8
:1028B000201DB24A12689047BBE0B148006830B1B1
:1028C000A078C01EC1B2201DAD4A12689047B0E08A
:1028D000A648006830B1A078C01EC1B2201DA34A2E
:1028E00012689047A5E0A6E0A148006830B1A07842
:1028F000C01EC1B2201D9E4A1268904799E029E08F
:102900009C48006830B1A078C01EC1B2201D994A11
:10291000126890478DE08CE09248006830B1A07852
:10292000C01EC1B2201D8F4A1268904781E07FE02F
:1029300047E08D48006830B1A078C01EC1B2201DAC
:10294000894A1268904774E00FE019E023E043E001
:102950004DE057E08048006830B1A078C01EC1B299
:10296000201D7D4A1268904763E07C48006830B1C2
:10297000A078C01EC1B2201D784A1268904758E066
:102980007748006830B1A078C01EC1B2201D744ADB
:10299000126890474DE06D48006830B1A078C01EC5
:1029A000C1B2201D694A1268904742E06848006839
:1029B00030B1A078C01EC1B2201D654A1268904790
:1029C00037E06448006830B1A078C01EC1B2201D55
:1029D000604A126890472CE05B48006830B1A078EC
:1029E000C01EC1B2201D584A1268904721E05548C8
:1029F000006830B1A078C01EC1B2201D514A1268D3
:102A0000904716E04E48006830B1A078C01EC1B2B1
:102A1000201D4B4A126890470BE04848006830B1CF
:102A2000A078C01EC1B2201D444A1268904700E041
:102A300000BF00BF00E000BF00BF70BD2DE9F04146
:102A400004460025002700265048007801280FDAA8
:102A50005A2C09D14E484D49097844544B480078C6
:102A6000401C4A490870C7E0002048490870C3E08C
:102A70004648007802280FDAA52C09D1444843497A
:102A80000978445441480078401C40490870B3E03C
:102A900000203E490870AFE03C48007803280FDA78
:102AA000FA2C09DA3A483949097844543748007809
:102AB000401C364908709FE00020344908709BE0B4
:102AC00032480078042811DA822C01D0832C09D1F5
:102AD0002F482E49097844542C480078401C2B4933
:102AE000087089E000202949087085E027480078AF
:102AF000FF2809DA264825490978445423480078F4
:102B0000401C2249087002E00020204908701F483C
:102B10000078C01E1E49897888426DDB1C48807889
:102B2000801E81B21A48C01C00F01EF907461748E3
:102B30000078401E1649095C14482BE0480B002021
:102B40004C0B0020440B0020400B0020340B0020D5
:102B5000380B00203C0B0020280B00202C0B002001
:102B6000300B0020200B0020240B0020140B002031
:102B7000180B00201C0B0020080B00200C0B002061
:102B8000100B0020FE0A0020020B0020FC0A00208F
:102B9000A0AC00200078801E1D4A105C01EB0020D4
:102BA00086B2B74225D110464178007801EB00206B
:102BB000184908801046807888701046C078C87020
:102BC000002507E0281D1249095C1248001D4155E7
:102BD000681CC5B20F488078C01EA842F2DC0D48C0
:102BE000A0F8FE6000200C4908700A48FFF7F8FDC5
:102BF00002E0002008490870BDE8F08110B501200E
:102C0000F6F7A0F9AFF2CB110120F6F7A9F910BD44
:102C1000A0AC0020A0AB0020FC0A002070B5054647
:102C200000242888C11700EB1161C1F30721404A35
:102C30001155641C2888C11700EB11610912A0EB23
:102C400001211155641CA87811460855641CE878C8
:102C50000855641C002607E0281D805D344908558E
:102C6000601CC4B2701CC6B2A878C01EB042F3DCAF
:102C7000B5F8FE00C11700EB1161C1F307212C4A22
:102C80001155601CC4B2B5F8FE00C11700EB11610C
:102C90000912A0EB01211155601CC4B2224624493F
:102CA0000120F6F7D3F970BD2DE9F04106460F4635
:102CB000154645F6A5201F490880E81C887008467F
:102CC000C670002405E0395D1A48001D0155601CDE
:102CD000C4B2AC42F7DB17488078801E81B2154839
:102CE000C01C00F041F81349A1F8FE000846FFF7A8
:102CF00095FFBDE8F08170B504460D4621786278F5
:102D00008818FFF75AFD2A4621468320FFF7CCFF9B
:102D100070BD70B504460D46217862788818FFF7BB
:102D20004CFD2A4621468220FFF7BEFF70BD000001
:102D3000A0AE0020A0AD002070B502460C46FF25D5
:102D4000FF2309E012F8010B80EA03010E48405C02
:102D500080EA05030D48455C2000A4F10106B4B2E9
:102D6000F0D143EA052070BDF0B506460F460024B9
:102D7000002539463046FFF7DFFF04462512E0B252
:102D800045EA00252846F0BD500B0020500C0020DD
:102D90000022FD4B9A7201221A70704770B50446EA
:102DA0000D46F2F700F9F849888108468089897A4A
:102DB00001EB8101A0EB410030B1F348807A401C67
:102DC000F14988720120087070BDEF4A927A22B1F1
:102DD000ED4A927A521EEC4B9A720122EA4B1A701B
:102DE0007047704770B504460D46F4F757FE70BD46
:102DF00070B505460E4606B970BD4021E34802F0A5
:102E000007FA00240BE0E01C285CFF2804D0E01C3B
:102E1000285CDE49085500E004E0601CC4B2F01EE6
:102E2000A042F0DC00BF00BFE6E770B505460E46E5
:102E300006B970BD0A21D548403002F0E9F90024F6
:102E40000CE0E01C285CFF2805D0E01C295CCF4882
:102E50004030015500E004E0601CC4B2F01EA04206
:102E6000EFDC00BF00BFE4E770B504460D46C7487D
:102E7000F2F709F870BD10B5024601B910BDC44B98
:102E800000241C605C609C60DC6000200BE0C31CC4
:102E9000D35CFF2B04D0C31CD35CBD4C235400E097
:102EA00004E0431CD8B2CB1E8342F0DC00BF00BF5D
:102EB000E4E710B5024601B910BDB54B00241C6112
:102EC0005C619C61DC6100200CE0C31CD35CFF2BC7
:102ED00005D0C31CD45CAE4B10331C5400E004E09E
:102EE000431CD8B2CB1E8342EFDC00BF00BFE3E738
:102EF00070B504460D46A648F1F7E4FF70BD10B565
:102F0000024609B1112900DA10BD002005E0C31CFA
:102F1000D35CA04C2354431CD8B21828F7DB00BF65
:102F2000F2E770B504460D4618219A48F1F7F9FE0C
:102F3000182145F2907001F094FD70BD10B5024665
:102F400001B910BD0024944B83F83E40002014E0EA
:102F5000C31CD35CFF2B0DD0C31CD45C8E4B2A3317
:102F60001C542A3B93F83E305B1CDCB28A4B83F83E
:102F70003E4000E004E0431CD8B2CB1E8342E7DCB5
:102F800000BF00BFDDE710B5024601B910BD002447
:102F9000814B83F85340002014E0C31CD35CFF2B0B
:102FA0000DD0C31CD45C7C4B3F331C543F3B93F887
:102FB00053305B1CDCB2784B83F8534000E004E0F4
:102FC000431CD8B2CB1E8342E7DC00BF00BFDDE765
:102FD00070B505460E46002406E06F482A30005DB5
:102FE0006D490855601CC4B26B4890F83E00A04281
:102FF000F3DC694890F83E0067490875002406E054
:1030000065483F30015D2A380155601CC4B26248F2
:1030100090F85300A042F3DC5F4890F853005E49FB
:1030200081F829000846F1F77BFF70BD10B5024614
:1030300001B910BD0024584B83F83E40002014E035
:10304000C31CD35CFF2B0DD0C31CD45C524B2A3362
:103050001C542A3B93F83E305B1CDCB24E4B83F889
:103060003E4000E004E0431CD8B2CB1E8342E7DCC4
:1030700000BF00BFDDE710B5024601B910BD002456
:10308000454B83F85340002014E0C31CD35CFF2B56
:103090000DD0C31CD45C404B3F331C543F3B93F8D2
:1030A00053305B1CDCB23C4B83F8534000E004E03F
:1030B000431CD8B2CB1E8342E7DC00BF00BFDDE774
:1030C0000022354B83F8552083F85620A3F858206A
:1030D000012283F85420704710B52F4890F854000F
:1030E000002878D02C4890F855000C2874D2DFE8DE
:1030F00000F006747E88929CA6B0BAC4CED626484C
:10310000017D90F83E00814206D1234890F82910B5
:1031100090F8530081420AD000201F49A1F85800BE
:1031200081F8560081F8550081F8540010BD002444
:1031300012E01948015D2A30005D81420AD000206A
:103140001549A1F8580081F8560081F8550081F81A
:103150005400EBE7601CC4B20F48007DA042E8DCDD
:1031600000241DE00C481530015D2A30005D8142CD
:1031700014D000200849A1F8580081F8560081F8C1
:10318000550081F85400D1E7A4B1002050B10020CF
:1031900030B1002010B10020B6B00020601CC4B2D5
:1031A000FB4890F82900A042DCDC0120F84981F8B6
:1031B00055001421F6482A3002F008F80021F4489E
:1031C00080F83E1014213F3002F000F80021F04852
:1031D00080F85310A1E0A1E09EE014214FF4AA4032
:1031E00001F03FFC0220EA4981F8550095E01421E6
:1031F00045F2505001F035FC0320E54981F85500B7
:103200008BE0142145F2207001F02BFC0420E049F2
:1032100081F8550081E0142145F2307001F021FC65
:103220000520DB4981F8550077E0202145F29070B8
:1032300001F017FC0620D64981F855006DE01421F5
:1032400045F6400001F00DFC0720D14981F85500FA
:1032500063E0142145F6500001F003FC0820CC493E
:1032600081F8550059E0202145F6A00001F0F9FB56
:103270000920C74981F855004FE00A2145F6B00002
:1032800001F0EFFB0A20C24981F8550045E0022019
:1032900001F0D4FB0B20BE4981F855003DE0FFF75B
:1032A00085FA68B10020F7F73BFA0020B849A1F889
:1032B000580081F8560081F8550081F854002AE042
:1032C000B348B0F85800642807DAB148B0F858009D
:1032D000401CAF49A1F858001DE00020AC49A1F8FE
:1032E0005800084690F85600022809DA084690F877
:1032F0005600401C81F85600002081F855000AE075
:103300006820F7F70DFA0020A14981F8560081F8EE
:10331000550081F8540000E000BF00BF00BF05E782
:10332000F0B505AC70CC9B4FF88039727A72BB72E5
:10333000FC723D737E730027DFF858C28CF8017071
:103340008CF80270ACF8047001278CF80070F0BDA6
:103350003EB590480078002848D08E48407810B19B
:10336000012842D113E08B48407B8A49097B894A76
:10337000D27A884CCDE900210290A37A627A217A30
:10338000A07901F002FA0120214648702DE0FFF7F4
:103390000DFA48B10020F7F7C3F900207D49888075
:1033A0008870487008701FE07A488088642805DAC1
:1033B00078488088401C7749888015E0002075494E
:1033C000888008468078022806DA08468078401C03
:1033D00088700020487007E06820F7F7A1F9002006
:1033E0006C4988704870087000BF00BF3EBD6A49D4
:1033F00088700021684A5170D1709180012111704C
:10340000704710B56448007800283DD06248407885
:1034100010B1012836D107E05F49887801F034FA0D
:1034200001205D4948702EE0FFF7C0F948B1002047
:10343000F7F776F9002058498880C87048700870FE
:103440001FE055488088642805DA53488088401C6E
:103450005149888015E000204F4988800846C0788F
:10346000022806DA0846C078401CC8700020487060
:1034700007E06820F7F754F900204749C870487002
:10348000087000E000BF00BF10BD444988700021F3
:10349000424A5170D170918001211170704710B56E
:1034A0003E48007800283DD03C48407810B10128C3
:1034B00036D107E03949887801F0ABF90120374966
:1034C00048702EE0FFF772F948B10020F7F728F9AD
:1034D000002032498880C870487008701FE02F486B
:1034E0008088642805DA2D488088401C2B49888014
:1034F00015E00020294988800846C078022806DAAD
:103500000846C078401CC8700020487007E068205A
:10351000F7F706F900202149C8704870087000E0EC
:1035200000BF00BF10BD1E49887000211C4A5170A9
:10353000D170918001211170704710B51848007842
:10354000002848D01648407810B1012841D107E042
:103550001349887801F003FA01201149487039E0D5
:10356000FFF724F948B10020F7F7DAF800200C49FA
:103570008880C870487008702AE0094880886428EC
:1035800010DA07488088401C0549888020E0000048
:10359000B6B00020A8B00020560D0020500D00202D
:1035A000680D00200020F94988800846C07802286C
:1035B00006DA0846C078401CC8700020487007E052
:1035C0006820F7F7ADF80020F049C870487008701F
:1035D00000E000BF00BF10BD0021ED4A51709170A6
:1035E00091801146886001211170704710B5E8483C
:1035F000007800283DD0E648407810B1012836D147
:1036000007E0E349886800F003FC0120E0494870C6
:103610002EE0FFF7CBF848B10020F7F781F8002043
:10362000DB4988808870487008701FE0D84880881F
:10363000642805DAD6488088401CD549888015E082
:103640000020D349888008468078022806DA084698
:103650008078401C88700020487007E06820F7F7E9
:103660005FF80020CA4988704870087000E000BF09
:1036700000BF10BD0021C74A517091709180114662
:10368000886001211170704710B5C2480078002889
:103690003DD0C048407810B1012836D107E0BD497F
:1036A000886800F091FB0120BA4948702EE0FFF7CE
:1036B0007DF848B10020F7F733F80020B54988803D
:1036C0008870487008701FE0B2488088642805DA66
:1036D000B0488088401CAF49888015E00020AD4983
:1036E000888008468078022806DA08468078401CE0
:1036F00088700020487007E06820F7F711F8002074
:10370000A44988704870087000E000BF00BF10BD79
:1037100010B504460020A0494870887088800C22AB
:1037200021469D48C01DEFF7C3FD01209A4908704E
:1037300010BD10B59848007800283DD096484078D4
:1037400010B1012836D107E09348C01D00F084FB7A
:103750000120914948702EE0FFF728F848B1002079
:10376000F6F7DEFF00208C4988808870487008706A
:103770001FE089488088642805DA87488088401CD3
:103780008549888015E00020834988800846807834
:10379000022806DA08468078401C887000204870AD
:1037A00007E06820F6F7BCFF00207B49887048706E
:1037B000087000E000BF00BF10BD7849887000218C
:1037C000764A5170D170918001211170704710B507
:1037D000FDF7E0F872490978884207D0FDF7DAF87A
:1037E0006F49087008460078FFF7E7FF6B480078DC
:1037F00000283DD06948407810B1012836D107E053
:103800006649887801F07BF80120644948702EE011
:10381000FEF7CCFF48B10020F6F782FF00205F4999
:103820008880C870487008701FE05C4880886428F1
:1038300005DA5A488088401C5849888015E00020E5
:10384000564988800846C078022806DA0846C078BB
:10385000401CC8700020487007E06820F6F760FF41
:1038600000204E49C8704870087000E000BF00BFDB
:1038700010BD00214B4A91709180D1701146487063
:1038800001211170704710B5F2F785FF002846D16D
:10389000F6F743FF50B14448007800283FD101209B
:1038A000414908700920FFF7E4FF38E0FDF772F89E
:1038B0003E490978884208D13B48007828B9F9F791
:1038C000C7FE3B490978884229D0F9F7C1FE38493B
:1038D0000870FDF75FF8354908700020324908701C
:1038E000FDF758F8C0B1F1F780FA50B1F9F7B0FE22
:1038F00018B10220FFF7BDFF11E00320FFF7B9FF69
:103900000DE0F1F75AFA18B10520FFF7B2FF06E013
:103910000420FFF7AEFF02E00020FFF7AAFF2148D6
:103920000078002851D01F48807810B101284AD172
:1039300007E01C49487801F081F801201949887096
:1039400042E0FEF733FF48B10020F6F7E9FE002021
:1039500014498880C8708870087033E011488088E6
:10396000642805DA0F488088401C0E49888029E0C9
:1039700000200C4988800846C07802281ADA0846D8
:10398000C078401CC870002088701BE0680D0020C3
:10399000B8B10020C4B10020D0B100205C0D0020DF
:1039A0006E0D0020620D0020700D00206F0D0020B4
:1039B000710D00206820F6F7B3FE0020F549C870AD
:1039C0008870087000E000BF00BF10BD10B502464F
:1039D000F14B83F80611002005E0145CEE4B9B1DB3
:1039E0001C54431CD8B28842F7DB0023EA4C6370B6
:1039F000A380A3700123237010BD10B5E6480078A2
:103A000000283FD0E448407810B1012838D109E0BF
:103A1000E14890F80611801D00F090FE0120DE497B
:103A200048702EE0FEF7C2FE48B10020F6F778FE9F
:103A30000020D94988808870487008701FE0D648F7
:103A40008088642805DAD4488088401CD249888060
:103A500015E00020D049888008468078022806DAE0
:103A600008468078401C88700020487007E0682075
:103A7000F6F756FE0020C84988704870087000E0CC
:103A800000BF00BF10BD01460022C44B5A709A709F
:103A90009A80002005E00B5CC04A921D1354421C22
:103AA000D0B22028F7DB0122BC4B1A70704710B54A
:103AB000BA48007800283DD0B848407810B10128B5
:103AC00036D107E0B548801D00F022FE0120B34941
:103AD00048702EE0FEF76AFE48B10020F6F720FE9F
:103AE0000020AE4988808870487008701FE0AB489D
:103AF0008088642805DAA9488088401CA749888006
:103B000015E00020A549888008468078022806DA5A
:103B100008468078401C88700020487007E06820C4
:103B2000F6F7FEFD00209D4988704870087000E09F
:103B300000BF00BF10BD9A48007870472DE9F04FD4
:103B400009AC94E8F010DDE90F9ADDF838804FF009
:103B5000000BDFF84CE28EF801B08EF802B0AEF840
:103B600004B0F346ABF80600ABF808108BF80A2057
:103B70008BF80B308BF80C408BF80D508BF80E60E7
:103B80008BF80F708BF810C08BF811808BF81290A7
:103B9000CBF814A0DDF844B0CEF818B04FF0010B0C
:103BA0008EF800B0BDE8F08F10B58AB07C48007880
:103BB00000285AD07A48407810B1012853D124E027
:103BC0007748806976494969754A927C744B5B7C79
:103BD000CDE90532CDE907107148007C7049CA7BF8
:103BE000897B6F4B5B7BCDE90131CDE903206C48CC
:103BF000007B6B4C0090E37AA27A2189E08800F088
:103C000037FA0120214648702EE0FEF7CFFD48B17B
:103C10000020F6F785FD0020614988808870487093
:103C200008701FE05E488088642805DA5C48808858
:103C3000401C5B49888015E000205949888008466F
:103C40008078022806DA08468078401C88700020B8
:103C5000487007E06820F6F763FD0020504988703F
:103C60004870087000E000BF00BF0AB010BD10B57A
:103C7000FFF75FFD4B48007800B110BDFFF7BDFEB8
:103C80004548007800B1F8E7FFF711FF4348007896
:103C900000B1F2E7FFF7F7FD3E48007800B1ECE72E
:103CA000FFF756FB4048007800B1E6E7FFF7ECFC71
:103CB0003E48007800B1E0E7FFF798FC3C48007808
:103CC00000B1DAE7FFF7EBFB3A48007800B1D4E740
:103CD000FFF797FB3848007800B1CEE700BFCCE78C
:103CE00010B53648F1F704F900F06AF8AFF6C340B2
:103CF000FEF753FDAFF68140FEF752FDAFF63F40B1
:103D0000FEF751FDAFF6CB50FEF73EFDAFF6895002
:103D1000FEF73DFDAFF64750FEF73CFDAFF62160E4
:103D2000FEF72CFDAFF60560FEF72BFDAFF6B96090
:103D3000FEF71BFDAFF68560FEF71AFDAFF64F608C
:103D4000FEF719FDAFF65770FEF706FDAFF62570CA
:103D5000FEF705FDAFF6EF60FEF704FDAFF67B70F2
:103D6000FEF7F7FCAFF6D770FEF7F0FCAFF6D370B6
:103D7000FEF7E6FCAFF6AD70FEF7E5FCF2F70BFDE3
:103D800018B10C20FFF775FD02E00020FFF771FD70
:103D900010BD0000620D0020A0AF0020F0B1002097
:103DA00018B20020D0B10020A8B00020C4B100207B
:103DB000B8B10020500D0020560D0020B6B00020F4
:103DC00010B5FEF71BFF10BD10B504467120FE496B
:103DD000087060204870642094FBF0F030308870E8
:103DE000642094FBF0F100FB11400A2190FBF1F0FC
:103DF0003030F549C8700A2094FBF0F100FB114007
:103E00003030F14908710521EF48FEF782FF10BDFF
:103E100010B504467120EC490870202048706420D9
:103E200094FBF0F030308870642094FBF0F100FBDC
:103E300011400A2190FBF1F03030E349C8700A20AC
:103E400094FBF0F100FB11403030DF49087105218F
:103E5000DD48FEF75EFF10BD10B504467F20DA494D
:103E6000087020204870207888706078C870A0782A
:103E70000871E0784871207988716079C871A079FB
:103E80000872E0794872207A8872607AC872A07AE3
:103E90000873E07A48730E21CB48FEF73AFF10BD55
:103EA00010B57120C8490870802048700221C648AA
:103EB000FEF72FFF10BD2DE9FE4306460F46904644
:103EC0001C460A9DC1A207CA8DE807007120BE49A1
:103ED0000870002048709DF8000088709DF801006F
:103EE000C8709DF8020008719DF8030048719DF8A4
:103EF000040088719DF80500C8719DF806000872DD
:103F00009DF8070048723A2088720A2096FBF0F06C
:103F10003030C8720A2096FBF0F100FB116030309F
:103F2000A94908732D2048730A2097FBF0F0303020
:103F300088730A2097FBF0F100FB11703030A24922
:103F4000C8732D2008740A2098FBF0F030304874B4
:103F50000A2098FBF0F100FB118030309A498874F8
:103F60002C20C8749C48B4FBF0F0303008759A4897
:103F7000B4FBF0F100FB114042F21071B0FBF1F024
:103F800030309149487542F21070B4FBF0F100FBFB
:103F900011404FF47A71B0FBF1F030308A498875E6
:103FA0004FF47A70B4FBF0F100FB11406421B0FBD8
:103FB000F1F030308449C8756420B4FBF0F100FBA7
:103FC00011400A21B0FBF1F030307F4908760A2019
:103FD000B4FBF0F100FB114030307B4948762C20D7
:103FE00088767D48B5FBF0F03030C8767A48B5FB6E
:103FF000F0F100FB115042F21071B0FBF1F03030E3
:104000007149087742F21070B5FBF0F100FB1150D6
:104010004FF47A71B0FBF1F030306B4948774FF4D0
:104020007A70B5FBF0F100FB11506421B0FBF1F0A8
:104030003030654988776420B5FBF0F100FB115002
:104040000A21B0FBF1F030305F49C8770A20B5FB98
:10405000F0F100FB115030305B4981F820002E2038
:1040600081F8210022215848FEF753FEBDE8FE8367
:104070002DE9F04FA5B004460D4616461F46DDE972
:1040800030ABDDE92E8955A103C9CDE9230155A146
:1040900003C9CDE9210155A103C9CDE91F0155A2ED
:1040A00007CA1CAB07C356A2D2E900109268CDE93B
:1040B0001A02199155A30FCBCDE91723CDE91501AC
:1040C00056A2D2E90030D2E90212CDE91130CDE991
:1040D000131256A3D3E90012D3E90203CDE90F036B
:1040E000CDE90D1255A3D3E901021968DB68CDE9CA
:1040F0000B23CDE9091055A3D3E901211868DB682A
:10410000CDE90713CDE9050254A3D3E90021D3E992
:104110000203CDE90303CDE901212046E11704EBB9
:104120001161090A284A1170E11704EB11610912A3
:10413000A4EB012151704FF47A7095FBF0F0303010
:10414000114688704FF47A7095FBF0F100FB115026
:10415000642190FBF1F030301146C870642095FB6B
:10416000F0F100FB11500A2190FBF1F030301146C4
:1041700008710A2095FBF0F100FB11503030114618
:1041800048712D2088710A2096FBF0F03030C871FC
:104190000A2096FBF0F100FB1160303011460872E6
:1041A0002D2048720A2097FBF0F0303088720A20E8
:1041B00097FBF0F100FB117030301146C8722020DF
:1041C00008730A2052E0000034B20020B9CAD5CFEB
:1041D000D0C5CFA200000000A0860100BBF5B9F158
:1041E000BAC53A00B2E3BCDCBAC53A00BBF5B5C00B
:1041F000BAC53A00B3F6BBF5B3C9B9A600000000D2
:10420000B3F6BBF5CAA7B0DC00000000BAECCDE203
:10421000BCECB2E2B3C9B9A600000000BAECCDE232
:10422000BCECB2E2CAA7B0DC00000000BAECCDE200
:10423000C4A3BFE9B9CAD5CF00000000BBF5B5C023
:10424000B5E7BBFAD5FDB3A300000000BBF5B5C0D0
:10425000B5E7BBFAB3ACCAB100000000BBF5B5C00E
:10426000B5E7BBFAC0EBCFDF0000000098FBF0F031
:10427000303048730A2098FBF0F100FB1180303099
:10428000114688733A20C8730A2099FBF0F0303049
:1042900008740A2099FBF0F100FB119030301146B0
:1042A00048743A2088740A209AFBF0F03030C874C1
:1042B0000A209AFBF0F100FB11A03030114608757E
:1042C000202048755B2088759DF88C00C8759DF886
:1042D0008D0008769DF88E0048769DF88F008876D0
:1042E0009DF89000C8769DF8910008779DF892009F
:1042F00048770A209BFBF0F0303088770A209BFB40
:10430000F0F100FB11B030301146C8772C2081F855
:1043100020009DF8840081F821009DF8850081F837
:1043200022009DF8860081F823009DF8870081F81F
:1043300024009DF8880081F825009DF8890081F807
:1043400026009DF88A0081F827000A21329890FB08
:10435000F1F03030114681F828000A21329890FBA4
:10436000F1F201FB12003030F94981F829002C20CC
:1043700081F82A009DF87C0081F82B009DF87D00D3
:1043800081F82C009DF87E0081F82D009DF87F00BB
:1043900081F82E009DF8800081F82F009DF88100A3
:1043A00081F830009DF8820081F831000A213398AD
:1043B00090FBF1F03030E64981F832000A21339861
:1043C00090FBF1F201FB12003030E14981F833003B
:1043D0002C2081F83400349818B39DF8700081F8CF
:1043E00035009DF8710081F836009DF8720081F863
:1043F00037009DF8730081F838009DF8740081F84B
:1044000039009DF8750081F83A009DF8760081F832
:104410003B009DF8770081F83C002C2081F83D009E
:1044200023E09DF86400CA4981F835009DF86500D5
:1044300081F836009DF8660081F837009DF8670026
:1044400081F838009DF8680081F839009DF869000E
:1044500081F83A009DF86A0081F83B009DF86B00F6
:1044600081F83C002C2081F83D00BA4935988842FB
:1044700034D19DF82400B64981F83E009DF825000E
:1044800081F83F009DF8260081F840009DF8270044
:1044900081F841009DF8280081F842009DF829002C
:1044A00081F843009DF82A0081F844009DF82B0014
:1044B00081F845009DF82C0081F846009DF82D00FC
:1044C00081F847009DF82E0081F848009DF82F00E4
:1044D00081F849002C2081F84A006CE09E4935980B
:1044E000884234D19DF81400994981F83E009DF826
:1044F000150081F83F009DF8160081F840009DF8F6
:10450000170081F841009DF8180081F842009DF8DD
:10451000190081F843009DF81A0081F844009DF8C5
:104520001B0081F845009DF81C0081F846009DF8AD
:104530001D0081F847009DF81E0081F848009DF895
:104540001F0081F849002C2081F84A0033E09DF8D3
:1045500004007F4981F83E009DF8050081F83F0086
:104560009DF8060081F840009DF8070081F84100A1
:104570009DF8080081F842009DF8090081F8430089
:104580009DF80A0081F844009DF80B0081F8450071
:104590009DF80C0081F846009DF80D0081F8470059
:1045A0009DF80E0081F848009DF80F0081F8490041
:1045B0002C2081F84A0069493698884234D19DF808
:1045C0005400634981F84B009DF8550081F84C0078
:1045D0009DF8560081F84D009DF8570081F84E0077
:1045E0009DF8580081F84F009DF8590081F850005F
:1045F0009DF85A0081F851009DF85B0081F8520047
:104600009DF85C0081F853009DF85D0081F854002E
:104610009DF85E0081F855009DF85F0081F8560016
:104620005D2081F857006CE04D493698884234D1BE
:104630009DF84400464981F84B009DF8450081F8FB
:104640004C009DF8460081F84D009DF8470081F828
:104650004E009DF8480081F84F009DF8490081F810
:1046600050009DF84A0081F851009DF84B0081F8F8
:1046700052009DF84C0081F853009DF84D0081F8E0
:1046800054009DF84E0081F855009DF84F0081F8C8
:1046900056005D2081F8570033E09DF834002C4926
:1046A00081F84B009DF8350081F84C009DF83600EC
:1046B00081F84D009DF8370081F84E009DF83800D4
:1046C00081F84F009DF8390081F850009DF83A00BC
:1046D00081F851009DF83B0081F852009DF83C00A4
:1046E00081F853009DF83D0081F854009DF83E008C
:1046F00081F855009DF83F0081F856005D2081F853
:10470000570058211248FEF704FB25B0BDE8F08F92
:1047100070B5054650200E490870002048700024EE
:1047200005E0295DA01C0A4A1154601CC4B2202C6B
:10473000F7DB22210648FEF7ECFA70BD70B506469D
:104740000C465220024908704020487000250FE0B6
:1047500034B20020888A0100B58B0100708E010000
:1047600001900100715DA81CCE4A1154681CC5B2AD
:10477000A542F7DBFF21A01CCA4A1154E01C1154CA
:10478000211D1046FEF7C5FA70BD2DE9F04705461C
:104790000E4614469A46DDE90989089F0020C14962
:1047A00008709C2048705A208870A520C87064202A
:1047B00095FBF0F100FB1150BA4908710D2096FBF2
:1047C000F0F100FB1160B74948712046E11704EB96
:1047D000D1614911A4EB4111B24A9171182097FBA4
:1047E000F0F100FB11701146C8713C2098FBF0F10C
:1047F00000FB1180114608723C2099FBF0F100FB90
:104800001190114648720A211046FEF782FABDE85F
:10481000F0873EB50446A4A000680290A3A103C996
:10482000CDE90001FF2C15D150209E490870802051
:1048300048709DF8000088709DF80100C8709DF8D0
:10484000020008719DF80300487106219548FEF7A3
:1048500060FA18E0632C00DD632450209149087051
:10486000802048700A2094FBF0F0303088700A20D5
:1048700094FBF0F100FB114030308A49C8700421EC
:104880008848FEF746FA3EBD3EB5044686A000685D
:10489000029086A103C9CDE90001FF2C15D17F202C
:1048A00080490870F02048709DF8000088709DF8DD
:1048B0000100C8709DF8020008719DF8030048715E
:1048C00006217848FEF725FA18E0632C00DD632402
:1048D0007F2074490870F02048700A2094FBF0F0A3
:1048E000303088700A2094FBF0F100FB114030302A
:1048F0006C49C87004216B48FEF70BFA3EBD1FB52A
:1049000004466CA003C8CDE90201AFF2A86103C957
:10491000CDE900015020634908706020487064B1FF
:104920009DF8080088709DF80900C8709DF80A007D
:1049300008719DF80B0048710CE09DF80000594982
:1049400088709DF80100C8709DF8020008719DF8FC
:104950000300487106215348FEF7DBF91FBD10B56F
:1049600088B0044655A1D1E90023D1E90201CDE97F
:104970000423CDE9060155A3D3E90012D3E90203CC
:10498000CDE90203CDE9001251204649087000200C
:10499000487044B39DF8000088709DF80100C8700D
:1049A0009DF8020008719DF8030048719DF804000D
:1049B00088719DF80500C8719DF8060008729DF881
:1049C000070048729DF8080088729DF80900C872B7
:1049D0009DF80A0008739DF80B0048730E213148BA
:1049E000FEF797F928E09DF810002E4988709DF891
:1049F0001100C8709DF8120008719DF813004871ED
:104A00009DF8140088719DF81500C8719DF8160076
:104A100008729DF8170048729DF8180088729DF87A
:104A20001900C8729DF81A0008739DF81B0048739E
:104A30000E211C48FEF76DF908B010BD10B50446F4
:104A4000002018490870842048705A20887001207E
:104A5000C87000200871084644710621FEF759F914
:104A600010BD70B504460D462046E11704EB1161F8
:104A7000090A0C4A1170E11704EB11610912A4EB49
:104A800001215170002605E02021B01C054A115477
:104A9000701CC6B2AE42F7DBA91C0248FEF739F91A
:104AA00070BD000034B20020B6C80000D2ECB3A341
:104AB00000000000D4DACFDF00000000C9E8B1B880
:104AC000C9D0CEB4C6F4D3C30000000020C7EBC9E0
:104AD000A8C2EBB9BACEEF2000000000704770B555
:104AE000064600F009FC056806F10B0020F00704FB
:104AF000B4429CBF002070BD2B466A68BAB11068F2
:104B0000A04210D304F1080188423CBF50685860AD
:104B100007D35168101941601168091B0160586082
:104B20001460101D70BD13465268002AE7D121465B
:104B3000284600F0EDFB0028DED170BD70B50446BC
:104B4000051F00F0D9FB0068002C14BF446870BD3D
:104B5000002C18BFAC423CBF20466468F8D3016803
:104B60000A18AA4218BF456003D12A6805461144B5
:104B7000016028684119A1421CBF6C6070BD61686A
:104B8000696021680844286070BD70B50D4606460E
:104B9000041F00F0B1FBD0F800C0C5B1E6B105F1CB
:104BA0000B0020F00703AB423CBF002070BD206823
:104BB000984238BFDCF8042013D3C11A08292FD338
:104BC000E01840F8041B2360FFF7B8FF28E03046E8
:104BD000FFF7B4FF002070BD2846BDE87040FFF726
:104BE0007EBF002A18BFA2423CBF94465268F8D349
:104BF0000119914216D111680844984212D3C11A82
:104C000008293CBF2060506808D35168E018416013
:104C1000216812681144C91A01602360CCF80400AD
:104C2000201D70BD181FFFF75AFF050007D021682F
:104C30000A1F211D00F098FA201DFFF77FFF28466C
:104C400070BD10B5044600F04FFB0068005DC00663
:104C500002D504F1200010BD204610BD0FB41CB5D4
:104C6000084B06AA7B4469460090059800F005FEB3
:104C700004460020694600F013FE20461CBC5DF887
:104C800014FB0000390C000070B50446856900680B
:104C9000C10601D5302600E02026C00707D070BD30
:104CA000D4E9012130469047206A401C20626D1EE5
:104CB000F6D570BD70B5044685690078C00707D188
:104CC00070BDD4E9012120209047206A401C206259
:104CD0006D1EF6D570BD70B50C460546012A05D08F
:104CE0002878800600D5EA69002302E0012305E068
:104CF0005B1C934202D2E05C0028F9D1A869E61857
:104D0000C01AA861286A184428622846FFF7BCFF29
:104D100004E0D5E9012114F8010B9047B442F8D31F
:104D20002846FFF7C7FF70BD2DE9F0410646002475
:104D300010687529314616A510D0AFF30080002801
:104D400002DA404213A507E031688A0701D512A5AF
:104D500002E0490704D511A5012401E0AFF300806A
:104D600000210A2206F1240709E0B0FBF2FCB0FBA7
:104D7000F2F302FB1C00303078541846491C00281E
:104D8000F3D123462A463046BDE8F04100F00ABB85
:104D9000000000002D0000002B000000200000009B
:104DA00070B504460D4621461068AFF30080218897
:104DB000090502D50F4A7A4402E00E4A7A440E32BF
:104DC000002104F1240305E000F00F060009965DC0
:104DD0005E54491C0028F7D120780023000704D531
:104DE000702D02D009B1022311322046BDE8704077
:104DF00000F0D8BACA3500002DE9F05F89460446B4
:104E00004FF0000ADFF824B1FB44C0F820A0204690
:104E1000E168884700287DD0252806D0D4E9012103
:104E20009047206A401C2062F1E700255F4620463B
:104E3000E16888472028064607DB312E05D2B819DD
:104E400010F8200C08B10543F1E7A80701D525F0BB
:104E50000405C4F81CA00027C4F818A02A2E09D005
:104E6000304602F0C4FA38B304EB8708303EC8F885
:104E7000186019E059F8041B204604EB8702916181
:104E8000E1688847012F064618D1E069002820DA3A
:104E900025F020051DE0D8F8180000EB800006EB97
:104EA00040003038C8F818002046E16888470646B8
:104EB00002F09DFA0028EED1012F0AD02E2E08D143
:104EC0002046E16888477F1C0646022F45F02005F2
:104ED000C4DBA069002803DA404245F00105A06167
:104EE000E80701D025F01005A6B1A6F14100192868
:104EF00002D8203645F400654A46314620462560F2
:104F00004D46EBF773F960B1012807D0ED1D25F090
:104F1000070000E007E000F1080978E705F104095F
:104F200075E730467AE7206ABDE8F09FA0350000BB
:104F30000FB400B58DB010A9099000910B904FF0FF
:104F4000FF300A9000200C900648784406900648EE
:104F500078446A4607900F9909A800F015FF0DB034
:104F60005DF814FB5B0E0000730E000070B5064682
:104F700000F0C6F90468054630460A22002100F018
:104F800083FF2C6070BD30B505460B462A4613F8EA
:104F9000014B12F8010B08B1A042F8D01CB1002857
:104FA00002D06D1CF1E7284630BD40EA01030246FD
:104FB00030B59B0710D14FF0013400E008C208C99A
:104FC0001D1B9D4315EAC41FF8D013F0FF0102F822
:104FD000011B0DD01B0AF8E711F8013B002B02F86A
:104FE000013B05D011F8013B002B02F8013BF3D146
:104FF00030BD10B5431C02E010F8011B71B18107F0
:10500000FAD14FF0013202C88C1A8C4314EAC21153
:10501000F9D0C01A0A0603D0C01E10BDC01A10BDB8
:105020000A0401D0801E10BD0902FCD0401E10BD34
:1050300040EA010370B59B072ED14FF00136042AD8
:105040002AD308C810C99D1B9D43121F15EAC61517
:1050500017D0D8B2E1B2401A50EA056110D198B227
:10506000A1B2401A50EA05410AD123F07F4024F052
:105070007F41401A50EA052102D1180EA0EB1460BE
:1050800070BDA342DBD018BA21BA884201D90120F1
:1050900070BD4FF0FF3070BD0AB9002070BD10F830
:1050A000013B11F8014B63B1A3420AD1521E08D053
:1050B00010F8013B11F8014B1BB1A34201D1521E64
:1050C000EDD1181B70BD421E12F8013F002BFBD121
:1050D00011F8013B002B02F8013BF9D17047032A7C
:1050E00040F2308010F0030C00F0158011F8013B05
:1050F000BCF1020F624498BF11F801CB00F8013BEC
:1051000038BF11F8013BA2F1040298BF00F801CBAF
:1051100038BF00F8013B11F0030300F02580083A86
:10512000C0F0088051F8043B083A51F804CBA0E8DD
:105130000810F5E7121D5CBF51F8043B40F8043B32
:10514000AFF30080D20724BF11F8013B11F801CB67
:1051500048BF11F8012B24BF00F8013B00F801CB38
:1051600048BF00F8012B704710B5203AC0F00B8003
:10517000B1E81850203AA0E81850B1E81850A0E85B
:105180001850BFF4F5AF5FEA027C24BFB1E81850B5
:10519000A0E8185044BF18C918C0BDE810405FEA25
:1051A000827C24BF51F8043B40F8043B08BF7047A1
:1051B000D20728BF31F8023B48BF11F8012B28BFA6
:1051C00020F8023B48BF00F8012B70474FF0000267
:1051D0000429C0F0128010F0030C00F01B80CCF109
:1051E000040CBCF1020F18BF00F8012BA8BF20F877
:1051F000022BA1EB0C0100F00DB85FEAC17C24BFCB
:1052000000F8012B00F8012B48BF00F8012B704774
:105210004FF0000200B5134694469646203922BF4F
:10522000A0E80C50A0E80C50B1F12001BFF4F7AF9A
:10523000090728BFA0E80C5048BF0CC05DF804EB7C
:10524000890028BF40F8042B08BF704748BF20F8EA
:10525000022B11F0804F18BF00F8012B704700009F
:105260004FF0013C50F8042B51F8043B9A4221D1F5
:10527000A2EB0C03934313EACC1317D150F8042B81
:1052800051F8043B9A4215D1A2EB0C03934313EA65
:10529000CC130BD150F8042B51F8043B9A4209D19E
:1052A000A2EB0C03934313EACC13DBD04FF00000C6
:1052B000704700BFD01A01BAB1FA81F101F01801AC
:1052C00022FA01F0CB40C1F12001DBB2C0B2C01A1A
:1052D0002CFA01F3D11A914311EAC311E6D17047B8
:1052E000704770477047704710B500F009FE001D09
:1052F00010BD00BFF1210000004870473CB3002002
:105300000048704734B300207047704770477047BB
:1053100038B504460A4600206946AFF300800028ED
:1053200008BF38BD02460099204600F0EDFD01207F
:1053300038BD012001F008B9F8B5AFF3008005468B
:1053400000200C46102000BF0646A819A0420DD927
:10535000324669460020AFF30080070008BF01F025
:10536000F3F80098A04218BF0546C419FFF7C4FF20
:1053700005600746F01D20F007004619284600F09A
:105380000AF8B44208BFF8BDA21B31463868BDE830
:10539000F84000F0B9BD00210160C0E9011070477C
:1053A000102070472DE9F0470D4699469246044675
:1053B00000F124080168880604D5E06921F0100195
:1053C000216000E00120A84201DD471B00E000272A
:1053D000A1697A1902EB0900081AA0612078C006B9
:1053E00002D42046FFF750FC002608E0D4E9012152
:1053F0001AF806009047206A401C761C20624E4531
:10540000F4DB2078C0060AD52046FFF73DFC06E015
:10541000D4E9012130209047206A401C2062381EC8
:10542000A7F10107F4DC07E0D4E9012118F8050031
:105430009047206A401C2062281EA5F10105F3DC7C
:105440002046FFF737FC2078000602D50220BDE891
:10545000F0870120FBE770472DE9FF4F0C461E4601
:105460004FF0FF378BB0D2E90001DDF860800A9081
:105470008A46C1F30A5505B93D46002108464FF05A
:105480000000BAF1000F00F4400005DA00EB8000E4
:105490004FF4400101EA50004FEA9059B9F1010F71
:1054A00000DDB9460A9850EA4A000ED044F6105082
:1054B000A5F2FF3545432F14B8F1000F1ED07542F9
:1054C000291E1EDDC9F100021CE0B8F1010F4FF0EA
:1054D000000001D0302103E0F24305E02154401CDC
:1054E000B042FBDB30460022002121540B99C1F869
:1054F0000880C1E900200FB0BDE8F08FBD1B6D1C16
:10550000DEE74A4600DA694206A800F0AFFF06ABC4
:1055100093E8070003AB83E8070050460A9901F0BF
:10552000DFFA8DE80700A0F500501F3800900398BF
:10553000002D09DD42F21F014A46084403A90390E9
:10554000684601F068FD08E0A0F500504A461F38A3
:1055500003A90390684601F086FD8DE8070000046A
:10556000000C03D04FF0FF30410800E01046B8F1C6
:10557000000F03D00022009215461EE0751E05D4D0
:1055800000F0DCFC303262556D1EF9D5B3460122C5
:10559000084302D000227F1C04E02078302801D18B
:1055A00000227F1E002A099786D01DE0112D07DA00
:1055B00000F0C4FC303262556D1C50EA0102F5D196
:1055C000084302D00098C8B10EE00021681E05E033
:1055D000235C625C63542254401E491C8142F7DB09
:1055E000AB46A81B401E0990002004F80B000B9846
:1055F000099AC0F80880C0E9002B7CE711264FF01B
:10560000000859E72DE9F04F88460446D21D22F0E4
:10561000070191B0D1E90001CDE90A0101F06DFE69
:1056200002460B98C00F01D02D2007E020688107AB
:1056300001D52B2002E0202101EAC000032A0990B5
:1056400001D0072A05DB03464146204600F0C4FC92
:105650000BE12078800601D5E06900E00620B8F172
:10566000650F814606D0B8F1660F18D0B8F1670F04
:1056700070D131E00020B9F1110F009001DB11234E
:1056800001E009F101030AAA01A90CA8FFF7E4FE51
:10569000DDE90C70002609F10105834647E0012091
:1056A0004B4600904FF000470AAA01A90CA8FFF74B
:1056B000D3FEDDE90DB00C995D46002610B909F165
:1056C00001000D18B9EB050003D4C0F1FF3609F154
:1056D0000105A5EB09002BE0B9F1010F01DA4FF04C
:1056E00001090020B9F1110F0090484601DD112396
:1056F00000E003460AAA01A90CA8FFF7ADFEDDE908
:105700000C704D4600268346207800070AD4AB452E
:1057100000DA5D4601A8012D04DD411911F8011CD4
:10572000302907D04F4502DA17F1040F04DA0120BF
:1057300082460FE06D1EEEE7002F02DCED1B3E44BB
:1057400003E0781CA84200DD7D1CB81B00F1010AB3
:105750004FF000472078000703D4AA4501DB4FF043
:10576000FF3A0021B7F1004F0DF143088DF84310C7
:1057700024D002202B23002F01DA7F422D230A217F
:10578000021EA0F1010000DC5FB197FBF1FC97FB6A
:10579000F1F201FB1C7C17460CF1300C08F801CD2E
:1057A000EEE7A8F1010003702188090501D5452124
:1057B00000E06521A0F1010800F8011C09980FA97B
:1057C000A1EB0807FF1D00B10120411901EBEA70B0
:1057D000A1693844081A401EA0612078C00602D48E
:1057E0002046FFF751FA099828B1D4E901219047E2
:1057F000206A401C20622078C00622D52046FFF790
:1058000043FA1EE0002E04DBB34502DD01A8805DF3
:1058100000E03020D4E901219047206A401C20623A
:10582000761CAAF101005FEA000A0AD100F068FBC9
:10583000C0680168405CD4E901219047206A401C9F
:105840002062281EA5F10105DCDC07E0D4E9012176
:1058500018F8010B9047206A401C2062381EA7F1FF
:105860000107F3DC2046FFF725FA032011B043E6D9
:1058700001694A1C02610878704700B58FB0CDE914
:1058800001310021059105497944CDE90310114604
:105890006846FFF7B1FA0FB000BD0000E5FFFFFF5B
:1058A0000A6802F8010B0A60704710B5436913B12A
:1058B000AFF3008001E0FFF70EFA012010BD12786F
:1058C00000F124010A7000224A700122EDE71168FC
:1058D0004FF0FF32E9E700002DE9FF4F064689B09F
:1058E0000878FF2806D0491C2D2805D000244FF049
:1058F000000908E000200CE00124F8E709EB890327
:10590000491C00EB43090878FF28F7D114B1C9F10D
:1059100000008146107800252C46AA4629462D28ED
:1059200001D02B2804D1521C2D2813D000208246F0
:105930008B461078FF280FD04FF0000C0A21521C24
:10594000A5FB017804FB018105FB0C11C5194BEB8C
:105950000104EEE70120EAE7002108464FF00000CD
:10596000BAF1000F02D000EB80004008C0F381586C
:10597000B8F1010F01DD4FF0FF380C9809EB00077B
:1059800055EA040009D04FF0020917F5FA7F0BDA47
:105990004FEACA70C6E900B012E04FEACA70C6E921
:1059A00000B00DB0BDE8F08FB7F5FA7F0DDDF0481F
:1059B0007844D0E90010C6E9001040EACA7070606F
:1059C000FFF79EFCC0F80090EBE7391E02DAC8F141
:1059D000000200E0424600DA794206A800F046FDE7
:1059E00006AB93E8070003AB83E8070044F23E00F0
:1059F0005BEA04010090584604D144F21E012C4693
:105A00005D460091210C0904014306D1009924044C
:105A100044EA15442D041039009104F07F410143FC
:105A200006D10099240244EA15642D020839009138
:105A300004F07041014306D10099240144EA157431
:105A40002D01091F009104F04041014306D1009946
:105A5000A40044EA9574AD00891E009104F0004151
:105A6000084304D100986D196441401E00904246DD
:105A70006846002FCDE9014503A902DD01F007FBCF
:105A800001E001F0DCFABAF1000F04460D4601D046
:105A900084F0004440F2FF7724F00040284303D014
:105AA000C4F30A50B84212D1FFF72AFCC0F80090A4
:105AB000C4F30A50B8420AD1AE487844D0E9001085
:105AC000C6E9001004F000410843706069E7C6E9C8
:105AD000005466E72DE9FF4F1F464FF0000A4FF0D4
:105AE000FF38454691B0D7E90146CDF83CA000F01B
:105AF00007FAC0680168405C1090B96912986D1C83
:105B00008847396A814688470028F6D1B9F1FF3FB6
:105B10000AD0002E24F4D06411DDB9F12B0F08D087
:105B2000B9F12D0F0BD102E0404615B03AE744F42D
:105B30008064B96912986D1C8847761E814660059D
:105B400004A901D52D2000E02B20002E01F1010B2E
:105B50000DF130088DF810003FDDB9F1690F08D064
:105B6000B9F1490F05D0B9F16E0F02D0B9F14E0F5E
:105B70001CD13B4601A8009580E85002DDE91212D5
:105B80006FF0020002F075FBC11CCED10EE0B969C6
:105B900012986D1C884781461398761E44F4007451
:105BA00005600F98401C002E0F9016DDB9F1300FE4
:105BB000EDD0B9F1780F02D0B9F1580F0DD10F988F
:105BC00001280AD13B46CDE90054DDE91212001F3D
:105BD000029602F04CFBC11CA7D1109989453ED119
:105BE00044F0800406E01399681CAAF1010A44F409
:105BF00000740860B9696D1C1298761E88473028B9
:105C00008146F0D02BE01099894505D1200603D4B8
:105C1000761E44F0800418E0484601F0E8FB08B323
:105C2000761E0DF123018B4544F4007408D2A9F1CE
:105C300030000BF8010B200607D5AAF1010003E0A4
:105C4000200602D40AF101008246A00502D513996C
:105C5000681C0860B96912986D1C88478146002E3F
:105C6000D1DC53E0002E51DDB9F1650F02D0B9F15E
:105C7000450F4BD1A00549D5B9696D1C1298761E08
:105C800024F440748847002E81460CDD2B2804D074
:105C9000B9F12D0F07D144F48074B96912986D1CC5
:105CA0008847761E8146E00501D52D2100E02B2195
:105CB00008F8011BCDF8008021E0761E0DF13901B6
:105CC000884544F400740CD2A9F1300010F0FF00B4
:105CD00088F8000002D10099884509D908F1010827
:105CE00006E0E00501D5244801E042F20F7082464B
:105CF000B96912986D1C8847814613980560002E7B
:105D000004DD484601F073FB0028D6D1F9691298EA
:105D10008847FF2053468BF8000088F800000020D9
:105D20000A900B9004AA0CA90AA8FFF7D5FDA005BC
:105D300002D46FF00100F8E614F0240F0AD0E00757
:105D400014D13868DDE90A12031D3B600068C0E920
:105D500000120BE00AA9684601F0F2FAE00705D14B
:105D60003868009A011D3960006802602846DCE648
:105D7000182C00000E2B0000F1D8FFFF0268114420
:105D80001378016018467047D16005497944516124
:105D900004497944116200211161114600F05CB997
:105DA000EDFFFFFF31020000426842B1016811F8C7
:105DB000013B23B1521EC0E9001218467047012171
:105DC000C160881E704742685AB1C368016843B910
:105DD00083688B4205D0491E521CC0E90012002086
:105DE00070474FF0FF3070470FB4002300B589B003
:105DF0000CA900910B99CB60204B7B440693204B60
:105E00007B44079304236FF00042CDE901321D4A21
:105E10007A446B4608920246002002F026FA09B046
:105E20005DF814FB70B506464FF0FF3015460C4682
:105E3000324686B00091CDE9010169460020049008
:105E400004A8FFF7D1FF03460498211825B108B133
:105E50000A4600E022462A6000280DD0002B02DD11
:105E60000098884208D03246081B69460094CDE964
:105E7000010404A8FFF7B8FF06B070BDABFFFFFF39
:105E8000C3FFFFFFB30100002DE9F04791460F4625
:105E900080460446002614F8015B2DB1FFF724FA72
:105EA0000068405DC007F6D12B2D02D02D2D18D0F3
:105EB000641E4A463946204600F088FA27B1396800
:105EC000A14201D1C7F800804FF0020471050BD543
:105ED0004042002803DDFFF713FA0460A007BDE885
:105EE000F08746F48066E4E70028F8DAFFF708FA5E
:105EF00004606FF00040F2E70048704734B30020C0
:105F00000048704754B30020034640688C46002880
:105F100018BF88423CBF03464068F8D3186818444D
:105F2000884207D00CF1030020F00700001D411A41
:105F3000521A0146081D0A60FEF700BE30B5B0F1E6
:105F40000A024FEA900E71F100034EEA817EB0EB37
:105F50000E0061EB91014FEA101E4EEA017E10EB3C
:105F60000E0041EB11114FEA102E4EEA016E10EBBC
:105F70000E0041EB11214FEA104E4EEA014E10EB9C
:105F80000E0041EB1141401841F100014FEAD000F1
:105F900040EA41704FEAD10110EB80054FEA8104DD
:105FA00044EA907444EB01046D1944EB0404521B61
:105FB000A3414FF0000348BF0A3200D530BD401C5A
:105FC00041F1000130BD10B50446FFF78DF90068BE
:105FD000005D00F0010010BD2DE9F0411F460446B0
:105FE00003260168072A01F4006004DB08B116A546
:105FF00005E016A503E008B115A500E015A521F000
:1060000010002060A069C01EA0610FB1401EA061F9
:106010002046FEF739FE4FB1D4E9012138469047BA
:10602000206A401C2062C01C206206E0206AFAE759
:10603000D4E9012115F8010B9047761EF8D22046CD
:10604000FEF738FEBDE8F0814E414E006E616E00F5
:10605000494E4600696E66002DE9F34F4FF0000A85
:106060000C4656468DB001200C9001F10C000B90AF
:1060700062690B980121904705002DD0252D2CD069
:10608000216A8847C0B162690B9801219047216A53
:1060900088470028F7D16269411E0B98904700E0BD
:1060A000761CA1690D988847216A88470028F7D196
:1060B000E1690D988847DBE7A1690D988847A842F8
:1060C000074601D1761CD3E7E1690D9888477F1C0C
:1060D00002D1BAF1000F6FD06BE162690B98002713
:1060E0003D46394690472A2804D162690B98012120
:1060F00090470125DFF8D08262690B980121904713
:10610000A0F130010A290AD24745E5DC07EB8701F7
:1061100000EB4107303FDFD445F01005ECE7E9061E
:1061200001D46FF000476C280AD04C2814D068289E
:1061300015D06A280DD074281CD07A281AD01DE0FA
:1061400062690B98012190476C2802D045F0040544
:1061500014E045F002050DE045F020050AE0626913
:106160000B9801219047682802D045F0080505E00A
:1061700045F4006562690B9801219047C4E9015715
:1061800065283DD019DC58287AD00CDC452837D05A
:1061900004DC252826D041289ED131E046282FD086
:1061A000472899D12CE05B2877D0612828D0632834
:1061B0007CD0642823D15AE0F6E06F2848D008DC70
:1061C00066281DD067281BD0692821D06E2816D1DB
:1061D00027E0702845D0732868D0752847D07828E4
:1061E0000DD14DE0A1690D988847252805463FF45B
:1061F00069AFE1690D9888476D1C3FF46AAFD8E03C
:106200000D9923466A466FF0010002F02EF8C5E0B2
:1062100045F0400023464FF000026060A80736D4E6
:106220003EE0E8077FF447AF2068011D2160006869
:10623000290501D506701BE7290701D5068017E758
:10624000A90703D5F117C0E9006111E706600FE760
:1062500045F0400023464FF008026060A80716D4BE
:106260001EE040F60E0125EA0100606016E045F0F0
:10627000400023464FF00A026060A80707D40FE0F1
:1062800045F040006060A80708D5234610220D990C
:106290006FF00100AFF3008080E007E0102223469A
:1062A0000D996FF00100AFF3008077E04FF0000927
:1062B00063284F46C8464B46CB4602D05B2806D0E3
:1062C00038E0E80601D40120A060012732E06269CD
:1062D000D4F80CB00B98012190475E2807D14FF0FD
:1062E000010949466269D4F80CB00B9890472169BE
:1062F00039B900210A4603AB43F82120491C08297B
:10630000FADBD8B3216949B308F1010862690B9837
:10631000012190475D28F4D1B9F1000F09D0002088
:1063200003A951F82020D24341F82020401C08281E
:10633000F7DB03AB2069002820794FEA40701ED0BC
:106340005B462246CDF80080CDE901970D990028E3
:106350006FF0010020DAAFF300801FE0C11703AA3D
:1063600000EBD1614B1121F01F0102EB8302411AB6
:1063700013680120884003431360C7E719E00D99B3
:10638000224600286FF00100009702DAAFF3008088
:1063900004E0AFF3008001E0AFF3008000280ADAE8
:1063A000401C06D10C9820B14FF0FF300FB0BDE873
:1063B000F08F5046FAE7E90701D10AF1010A0644D5
:1063C00000200C9054E60000CCCCCC0C2DE9F05F02
:1063D000824615468B4600270AF10104B94600782B
:1063E000302801D09DB113E014F8010B0127782863
:1063F00003D0582801D045B10AE00DB1102D07D1C6
:10640000002714F8010B102502E0082500E00A25FA
:106410000026B0460EE005FB080005FB06F101274B
:106420001FFA80F801EB1046B6F5803F00D3B9465D
:1064300014F8010B294600F0BEF80028EBDABBF196
:10644000000F05D00FB1641E00E05446CBF80040A9
:10645000B9F1000F06D0FEF753FF02210160C81EFC
:10646000BDE8F09F48EA0640FAE700002DE9F04752
:10647000814616468AB0334878440DC88DE80D0031
:1064800030487844801C03AC0DC884E80D0041F608
:106490009B300844372190FBF1F290FBF1F5A5F118
:1064A000800501FB12041B3C02D56442012000E080
:1064B0000020DFF890A080460027FA44AAF1BE0A27
:1064C0000DE0E00709D03246684607EB47010AEBCA
:1064D000810100F0C8FD8DE8070064107F1C002CCE
:1064E000EFD1184F7F44AC3F18E0E80714D007EB1A
:1064F00004100DF1180A90E80E008AE80E00C0683A
:10650000F04201D198190890324606A903A800F07C
:10651000AAFD03AB83E807006D10641C002DE4D1D5
:1065200032466946B8F1000F03A802D000F073FDAF
:1065300001E000F098FDC9E90001C9F808200AB09F
:10654000BDE8F087C01F000010B500F075FABDE887
:10655000104000F06BBA7546FFF7CEFCAE46050062
:106560006946534620F00700854618B020B5E9F784
:106570008FFFBDE820404FF000064FF000074FF0BE
:1065800000084FF0000B21F00701AC46ACE8C00951
:10659000ACE8C009ACE8C009ACE8C0098D4670475A
:1065A00010B5FEF7ADFE006810BD10B50446FEF74D
:1065B000A7FE046010BD3A2800D2303820F0200237
:1065C000412A01D3A2F13700884201D34FF0FF30B6
:1065D000704700002DE9FF4F1F464FF03C0987B080
:1065E0004FF00042DDE9141001F10108DDF858A078
:1065F00002EA40500390002004908346054604467A
:106600000590B969461E08988847AAF1010A0290C8
:10661000BAF1000F37DD02982E2815D01021FFF7B0
:10662000CAFF00282ADB4FF0010B0499014316D062
:10663000B9F1000F0BDB4A46C11700F025FA0543FC
:106640000C43A9F1040905E00120059007E008B119
:1066500045F0010501200490059800B9361DB9697F
:10666000089808F101088847BBF1000FAAF1010A58
:106670000290CDD00999C1F80080C9E7029870282E
:1066800008D0502806D0F96908988847BBF1000F58
:1066900014D04FE0002002900120BBF1000F0490C5
:1066A00009D0B969089808F101088847AAF10109D9
:1066B000B9F1000F07DCF969089888476FF001000D
:1066C0000BB0BDE8F08F2B2804D02D280CD14FF053
:1066D000FF300490B969089808F101088847A9F1CA
:1066E0000109B9F1000FE6DD411CE4D00A21FFF7F2
:1066F00062FF0028DFDB029908F1010801EB81014C
:1067000000EB41000290B969089888470A21FFF719
:1067100052FF099AA9F10109B9F1000FC2F80080EE
:1067200001DD0028E7DAF96908988847049902989A
:1067300000FB016655EA040004D004F04041090062
:1067400002D006E0039898E0A40044EA9574AD00F6
:10675000B61E04F00041080002D16D196441761E96
:10676000159810F0240F03D04FF00B095C4803E09C
:106770004FF028096FF07D008246564507DAAAEBF4
:1067800006018944B9F1410F01DD4FF041090120B3
:106790000021A9F1010200F077F9024628400B46DA
:1067A0002140084301D0012100E00021501E029148
:1067B00043F1FF3128402140084301D0012000E08F
:1067C00000200299834651EA0B014FD00021084670
:1067D0004FF00000039900F4400039B100EB800055
:1067E0004FF4400100EBD07001EA600080150128F1
:1067F00002DD4FF0FF3000E013D0401C36D002988D
:1068000060B3BBF1000F0CD14A460120002100F01B
:106810003BF928402140084301D0012000E000203E
:10682000E0B101204A46002100F02EF9034640194C
:106830000A4661412D1A8C4111D3B9F1400F09DD8F
:10684000159810F0240F02D0AAF1340603E0AAF143
:10685000170600E0761C00254FF0004406E05B1EA2
:1068600042F1FF3220EA030521EA0204CAF10100E5
:10687000B04206DA1B4903980843019000200090BB
:106880000EE0039AC4F3D321E80A0A43164940EA0A
:1068900044500A433146CDE90002684600F09CFDB1
:1068A000159810F0240F0BD01598C00715D1386833
:1068B000DDE90012031D3B600068C0E900120CE036
:1068C00002A8694600F03CFD1598C00705D138685C
:1068D000029A011D3960006802604046F0E600003F
:1068E00002FCFFFF0000F07F0000F03F2DE9FF4FAA
:1068F00092461D4685B04FF00041DDE9124BDDE9BF
:1069000014727F1E01EA4B50414940F0FF4940EAB2
:106910000108002122F020004928049102D04E28CD
:1069200028D04CE03BA0012607C88DE80700A969E4
:106930000698641C88477F1E014606D41DF8060091
:1069400018B121F0200181420BD0E96906988847EF
:10695000032E34D0082E32D06FF0010009B0BDE80C
:10696000F08F761C032E01D0082EE0D1601CCAF8EF
:106970000000DCE7A9690698641C88477F1E2AD4BA
:1069800020F02000412826D1A9690698641C884778
:106990007F1E20D420F020004E281CD1A969069823
:1069A000641C88477F1E48F4002849F48009CAF80F
:1069B000004001D4282806D0E969069888475FEA94
:1069C000CB7012D022E0A9690698641C88477F1E0C
:1069D00001D4002803DAE96906988847BCE729282A
:1069E000F1D1641CCAF80040E9E71BF0240F07D07E
:1069F00028680499031D2B600068C0E9001805E0B1
:106A00002868021D2A600068C0F800902046A5E7AB
:106A10000000F07F494E46494E495459000000009D
:106A20000446AFF300802046E9F710FC002801D0AF
:106A3000ECF7E0BE7047000010B5012805D000213A
:106A400003A000F034F8012010BD09A1F8E7000010
:106A500053494752544D454D3A204F7574206F6647
:106A60002068656170206D656D6F727900000000AF
:106A70003A2048656170206D656D6F727920636F93
:106A80007272757074656400B2F120030AD5C2F1A8
:106A9000200301FA02F120FA03F300FA02F041EABE
:106AA0000301704700FA03F14FF00000704770B522
:106AB00005460C460A2000E06D1CECF79EFE35B141
:106AC00028780028F8D102E0641CECF796FE14B197
:106AD00020780028F8D1BDE870400A20ECF78DBE80
:106AE0005FEA400C08BF91F0000F4FEA8C234FEA99
:106AF000C12243EA51514FEA1C5018BF00F5F04043
:106B00004FEA300018BF41F000415FEA6C5C00F0D2
:106B10002980BCF1FF3F08BF40F080407047130C54
:106B200006BF12044FF0100C4FF0000C130E04BF00
:106B300012020CF1080C130F04BF12010CF1040C2B
:106B4000930F04BF92000CF1020CD30F04BF52004C
:106B50000CF1010C11464FF00002A0F11F00A0EB58
:106B60000C00704711F0004F08BF704731F0004132
:106B70003FF4D5AF0B0C06BF09044FF0100C4FF0DB
:106B8000000C0B0E04BF09020CF1080C0B0F04BF24
:106B900009010CF1040C8B0F04BF89000CF1020CED
:106BA000CB0F04BF49000CF1010CCCF12003A0EB8A
:106BB0000C0022FA03F302FA0CF241EA030100F19D
:106BC0000100704720F07F4C80EA030023F07F47EC
:106BD000ACEB070303F57C5300F0004003F1FF0327
:106BE0002DE980494FEA154B09B44FEA144325EAD1
:106BF0000B4E24EA03480FF2042606EB132749083C
:106C00003E785FEA320203FB0667C7F5000707FB21
:106C100006F64FEA54374FEAD64606F1020607FB5E
:106C2000066CCCF1005C4FEA1C472CEA074C07FBD2
:106C300006F40CFB06F504EB15464FEA961634BF36
:106C400000204FF000404FEAD13706FB07FC4FEA27
:106C50001C4C0CFB0BF7D21B03FB0CF761EB070181
:106C60000CFB0EF7B0EB074072EB17420CFB08F77A
:106C700034BFA2EB0742B2EB074261EB17414FEA88
:106C80000C444FEA910706FB07FC4FEA1C4C0CFB37
:106C90000BF7B0EBC74072EB573203FB0CF734BF76
:106CA000A2EBC742B2EBC74261EB57310CFB0EF7C8
:106CB000B0EBC70072EB57720CFB08F734BFA2EBC6
:106CC000C702B2EBC70261EB5771039F4FEA8161C4
:106CD00041EA921104EBCC044FEAD1374FEA8262C9
:106CE00006FB07FC42EA90124FEA80604FEA1C4C18
:106CF0000CFB0BF7D21B03FB0CF761EB07010CFB42
:106D00000EF7B0EB074072EB17420CFB08F734BFED
:106D1000A2EB0742B2EB074261EB17414FEA8C55F9
:106D20004FEA910704EB9C2406FB07FC4FEA1C4C3E
:106D30000CFB0BF7B0EBC74072EB573203FB0CF7C1
:106D400034BFA2EBC742B2EBC74261EB57310CFB39
:106D50000EF7B0EBC70072EB57720CFB08F734BFAD
:106D6000A2EBC702B2EBC70261EB577115EB4C25E2
:106D70004FEA816141EA92114FEA82624FEAD137CC
:106D800042EA901206FB07FC44F100044FEA8060DF
:106D90004FEA1C4C0CFB0BF7D21B03FB0CF761EB0F
:106DA00007010CFB0EF7B0EB074072EB17420CFB30
:106DB00008F734BFA2EB0742B2EB074261EB174181
:106DC00015EB1C154FEA813141EA92414FEA8232BC
:106DD00042EA90424FEA80304FEA0C7644F10004D8
:106DE00048EA03434EEA0B484FF0000EB2EB080CA2
:106DF00071EB030724BF624639464EEB0E0E4FF08F
:106E0000000B0018524149414BEB0B0BB2EB080C45
:106E100071EB03077BF1000B24BF624639464EEB52
:106E20000E0E4FF0000B0018524149414BEB0B0B7B
:106E3000B2EB080C71EB03077BF1000B24BF624639
:106E400039464EEB0E0E51EA020718BF46F0010616
:106E500016EB0E7655F1000254F1000103D5BDE8A2
:106E60008901BDE80088BDE88901BDE80048B61980
:106E7000524141EB0101A3F10103704780807F7E05
:106E80007D7C7B7A797877767675747372717170A0
:106E90006F6E6E6D6C6C6B6A6A6968686766666552
:106EA0006464636362616160605F5F5E5E5D5D5CE0
:106EB0005C5B5B5A5A595958585757565655555551
:106EC0005454535352525251515050504F4F4F4EB1
:106ED0004E4D4D4D4C4C4C4B4B4B4A4A4A494949FF
:106EE0004848484747474746464645454544444441
:106EF00044434343434242424241414146EA0646FB
:106F0000A3F570534FEA164646EA42564FEAD2229C
:106F100042EA415210B54FEAD121A3F1010300F03A
:106F200017F820F0004000F1010C00F0004701EBE1
:106F300000501146BCF5006F40EA070000D210BDBA
:106F400002484FF0000140EA070010BD0000F07F4A
:106F5000002B26D4770021D01CB54FEA370703B4A5
:106F60004FF010004FF010014FF000000FBCBDE8D3
:106F700010400BF1010BBBF1010F08BF5FEA1707CF
:106F800022BF12F1010211F101014FF0004143F162
:106F9000000300F0004043EA00007047F9D35708AF
:106FA000DAE746EA064613F1400F4FEA16461FDDC0
:106FB00013F1200FDFBF16430A46002120335B4246
:106FC000C8D0C3F1200746EA064602FA07F74FEA9F
:106FD000164646EA0706C3F1200722FA03F201FA31
:106FE00007F721FA03F14FF0000342EA0702B1E785
:106FF00046EA020646EA06464FEA164646EA010611
:10700000BCBF46EA0646360C4FF000034FF00002C4
:107010004FF000019EE72DE9C048934630B491E857
:10702000380007C831EA400C48BF34EA430C03D5A6
:10703000FFF7C8FDFFF78CFFF0BCBDE800882DE925
:10704000C048934630B491E8380007C831EA400C94
:1070500048BF34EA430C03D5FFF7B4FDFFF74EFFFA
:10706000F0BCBDE800882DE9C048934630B491E8F3
:10707000380007C810F0804F08BF13F0804F03D1CD
:1070800000F019F8FFF764FFF0BCBDE800882DE9B7
:10709000C048934630B491E8380007C810F0804FDC
:1070A00008BF13F0804F03D100F005F8FFF726FF6B
:1070B000F0BCBDE8008820F07F4780EA030023F0A1
:1070C0007F4C07EB0C03A3F57C5300F00040A3F1C9
:1070D000FE0392F0000F00F0B38095F0000F00F077
:1070E00077802DE901494FEA11404FEA144621EA21
:1070F000004800FB06FC24EA064708FB06F607FBEF
:1071000008F800FB07F718EB06484CEB164C4FEA63
:10711000124B18EB07484FEA15464CEB174022EA92
:107120000B4E0BFB06FC25EA06470EFB06F607FB9B
:107130000EFE0BFB07F71EEB064E4CEB164C4FF00A
:1071400000061EEB074E4CEB174B18EB0B0840F1FB
:10715000000018EB0E0B58EB000840F100008F1AEE
:107160004FF000013CBFC943661B14BFB5EB040CD4
:1071700000213CBFC943F61B4FEA17444EEA8E0E6E
:1071800027EA04454FEA1C4704FB07622CEA074C38
:1071900005FB07F70CFB05F604FB0CFC16EB07469A
:1071A00042EB174216EB0C4642EB1C421BEB060669
:1071B00058EB0202414146EA9E0601D5BDE801892D
:1071C000B619524141EB0101A3F10103BDE8018968
:1071D0004FEA14454FEA114724EA054621EA074CD5
:1071E00005FB07F406FB07F70CFB06F105FB0CFC9F
:1071F00011EB074144EB17444FEA124711EB0C41E6
:1072000044EB1C4422EA074C05FB07F206FB07F798
:107210000CFB06F605FB0CFC16EB074642EB17428F
:1072200016EB0C4642EB1C456A1854F1000148BFAE
:107230007047B619524141EB0101A3F101037047B8
:1072400095F0000F37D04FEA11424FEA144721EA78
:10725000024624EA074C02FB07F106FB07F70CFB8A
:1072600006F402FB0CFC14EB074441EB17414FEA18
:10727000154714EB0C4441EB1C4125EA074C02FB7B
:1072800007F506FB07F70CFB06F602FB0CFC16EBFA
:10729000074645EB174516EB0C4645EB1C42121909
:1072A00051F1000148BF7047B619524141EB01014D
:1072B000A3F1010370474FEA14454FEA114724EA4E
:1072C000054621EA074C05FB07F106FB07F70CFB17
:1072D00006F24FF0000605FB0CFC12EB074241EBF7
:1072E000174112EB0C4251EB1C4148BF70479218FA
:1072F00041EB0101A3F101037047490050EAC120AD
:1073000018BF04204A0D18BF40F0010040F2FF7280
:10731000B2EB515F08BF40F00200012808BF052012
:10732000704740F2013200204FF0E04100F06FBFA3
:10733000024A0020110700F06ABF000001FDFFFFB4
:1073400010B50446D1E9000100F002F8206010BD3C
:10735000F8B504460D466A4600F050F800987E30B5
:10736000009000281FDC002213462046294600F02A
:1073700083FA18D0002140F608004FF000000646BE
:107380002046294600F0DAF8044640F6080006EAEE
:1073900000014FF0000034F0004004BF0220FFF76E
:1073A00004F92046F8BD0098FF280DDB0220FFF706
:1073B000FCF8002213462046294600F05BFC8CBFF7
:1073C00004484FF0FF40F8BD20462946BDE8F8408C
:1073D00000F0B4B8000080FF10B504460A46D4E9B6
:1073E0000003194600F036F8C4E9000110BD30383A
:1073F0000A2801D2012070470020704710B51446BA
:1074000000222260114A21F000439342A8BF10BD20
:1074100053EA000208BF10BDB3F5801FA8BF226861
:1074200007DA362200F0F3FE6FF0350221F0004358
:107430002260DFF81CC06FF31E510CEB23531A447B
:1074400041F0FF5141F00051226010BD0000F07F7B
:1074500002FCFFFF2DE9F04106460C4640F2FF75A5
:10746000174635EA14502BD000221346304600F060
:1074700003FA25D03A463046214600F0C8FE0646BB
:107480000C4635EA145010D000221346304600F066
:10749000F3F915D10220FFF788F8FFF749FF0A46F4
:1074A000214662F31E01BDE8F0810220FFF77DF85E
:1074B000FFF737FF0A46214662F31E01BDE8F0815F
:1074C00030462146BDE8F08100B583B00A46002170
:1074D000CDE9001101466846FEF7A4FCDDE9000194
:1074E00003B000BD10B500290AD00878002807D0E5
:1074F00005487844FDF7B4FE002801D0002010BDF7
:107500000248784410BD0000E2100000DA100000CC
:1075100010B500290AD00878002807D0054878441B
:10752000FDF79EFE002801D0002010BD02487844DF
:1075300010BD0000C6110000BE11000021F0004285
:10754000A2F16052B2F5801F01F0004328BFD2F1D2
:107550007F6C0BD95FEA001C43EAC20242EB507019
:1075600018BF704728BF20F001007047B2F5801F98
:10757000BCBF184670474FEA410C1CF5001F02D2F1
:10758000084600F0DABD70B500F020FB000000896D
:10759000FFF7F6BF4FF00040A0F5800070470000F5
:1075A00002494FF0000000F000BE00BF0000F87F6D
:1075B000491058BFC1F140415B1058BFC3F140436F
:1075C0008B42EFF3008070472DE9C04130B4DFF803
:1075D000A0C23CEA111418BF3CEA131400F0EC807E
:1075E00081EA03051CEA111444EAD57418BF1CEAA9
:1075F000131500F0C780A4EB05044FF0004545EAE1
:10760000C12145EAC32341EA505143EA525304F1F0
:107610007F74994204F500344FEAC0204FEAC22239
:1076200008BF904200F09C804FEA13650FF24016AD
:10763000765D4FEA134506FB05F7C7F1807706FB39
:1076400007F74FEAD737A7FB03687642C8F58038BB
:10765000A7FB06CE38BFA8F1010807FB08E64FF0EC
:10766000000EA6FB028CE6FB03CEDCF1000CCEF193
:10767000004E38BFAEF1010EA6FB0C584FF00007CC
:107680004FF00005E6FB0E87A1FB08C6A0FB07CE66
:1076900016EB0E0645F10005E1FB076515F1E04E1E
:1076A0007EBFA4F580345FEA46066D4116F180077F
:1076B00045F100054FEA17274FEA066647EA0567D6
:1076C000A6F1DE46B6F1805F4FEA15251FD9384690
:1076D00024F0010C05EBC471BCF1FE6F01EB0C1141
:1076E00002D8F0BCBDE8008124425CBF01F5801ED9
:1076F0009EEAC47F02D4F0BCBDE80081244238D4A5
:10770000F0BCA1F1C041BDE8004100F0ADBA4FEAC4
:10771000D22242EA43524FEAD323A7FB02864FEA22
:10772000D02040EA415007FB03661EEA0E0F4FEAE5
:10773000D12105FB026658BFA6EB0056B6EB0056FA
:107740004FEA520E4EEAC37E18EB0E0E56EB530E66
:10775000BDD518EB02085E417F1C55F10005B6E768
:107760004FF480154FF000074FF000064FF000086F
:10777000ADE7F0BC4FF0000001F1C04101F0004165
:10778000BDE8008111EA0C1F0CEA131500D00CE0D3
:1077900013EA0C1F00F025804FF00000F0BC81EAD6
:1077A000030101F00041BDE80081F0BCBDE80041EB
:1077B00081EA030100F058BAF0BCBDE8004170B5A1
:1077C00000F004FA097EFC3E00F007B881EA0301EC
:1077D0004FF0000001F00041704781EA030100F022
:1077E00043BAF0BCBDE800414FF0000021497047AA
:1077F000FFFDFBF9F7F5F4F2F0EEEDEBE9E8E6E476
:10780000E3E1E0DEDDDBDAD8D7D5D4D3D1D0CFCDFC
:10781000CCCBCAC8C7C6C5C4C2C1C0BFBEBDBCBB35
:10782000BAB9B8B7B6B5B4B3B2B1B0AFAEADACAB30
:10783000AAA9A8A8A7A6A5A4A3A3A2A1A09F9F9E0A
:107840009D9C9C9B9A9999989797969595949393BC
:10785000929191908F8F8E8E8D8C8C8B8B8A898953
:1078600088888787868585848483838282818180D6
:107870000000FF070000F87F51EA030C17D41CF545
:10788000801F58BFBCF5801F00F10680994218BFC9
:10789000704708BF9042704707D711F5801F58BF47
:1078A00013F5801F19D499427047894270471CF51F
:1078B000801F08D5BCF5801FF7D58B4218BF7047D5
:1078C00008BF824270474FF4001C1CEB410F38BFC9
:1078D0001CEB430F01D28B42704770B500F076F974
:1078E000922449004FF000514FF08053FFF760BEE3
:1078F0004FEA41034FEA5353A3F58063D3F11E03CC
:10790000C8BFD3F1210C0CDD4FF0004242EAC12286
:1079100042EA505232FA03FC8CEAE17CACEBE170B3
:107920007047102BC4BF0020704703F5787CBCF172
:10793000FF3F04D06FF0004282EA2100704770B52B
:1079400000F044F94992248000207047F2E70000DB
:107950004FEA1153A3F58063D3F11E03A8BFD3F1FF
:10796000200C08DB4FF0004242EAC12252EA50529A
:1079700032FA03F0704709420BD4102BC4BF002029
:10798000704703F5787CBCF1FF3F05D04FF0FF3026
:1079900070474FF00000704770B500F017F900BF56
:1079A0004992248000207047F0E710F0004248BF61
:1079B0004042B0FA80F310FA03F10AD0C3F11D037C
:1079C00003F580634FEA415002EB035202EBD121F1
:1079D00070474FF000007047B0FA80F310FA03F1DF
:1079E0000AD0C3F11D0303F580634FEA41504FEA0B
:1079F000035202EBD12170474FF0000070470000A6
:107A000051EA030C17D41CF5801F58BFBCF5801F2A
:107A100000F10680994218BF704708BF9042704736
:107A200007D711F5801F58BF13F5801F19D499424D
:107A30007047894270471CF5801F08D5BCF5801F30
:107A4000F7D58B4218BF704708BF824270474FF48A
:107A5000001C1CEB410F38BF1CEB430F01D28B42C3
:107A6000704770B500F0B2F8922449004FF0005111
:107A70004FF08053FFF79CBDDFF848C170B51CEA9A
:107A8000111E1EBF1CEA13159EEA0C0F95EA0C0F7F
:107A900000F06F8081EA030423EA4C134EEAD47E9F
:107AA00021EA4C1141F4801143F48013AE44A1FB50
:107AB000024CA0FB0365AEF17F7E361955EB0C0539
:107AC000A1FB034C4CF10003A0FB021C16EB0C06BF
:107AD000654153F10003094218BF46F0010613F453
:107AE000007F0BD14FEA03314FEA0530340341EAFE
:107AF000155140EA16506FF003020AE04FEAC32125
:107B00004FEAC520F40241EA555140EA56506FF061
:107B1000020202EB2E4201EB025585EACE710AD039
:107B20005FEA440C18BF24F0004450F1000041F11A
:107B3000000120EAD47040F2FE7C624500D270BDA4
:107B4000A84214BF4FF080444FF04044002E08BFBD
:107B50000024BEF1806FA8BFA1F1C041BDE8704014
:107B600080F282804FF0000001F1C04101F000413D
:107B700070479EEA0C0F0CEA131518BF95EA0C0F1C
:107B800006D04FF0000081EA030E0EF0004170BDF8
:107B900000F01CF88900013E00F007B800F009B8B9
:107BA0004FEA430C5FEA5C5C08D081EA030100F015
:107BB0005BB84FEA410C5FEA5C5CF6D14FF0000025
:107BC000014970470000FF070000F87F0EF1020E28
:107BD0002EF0030E5EF8046B364205D4012A43EB07
:107BE000030515F5001F12D8012841EB010C1CF507
:107BF000001F0CD80ED14FEAD17C15F5001F0CEBFD
:107C00004C0C0CF1020C08BF4CEBD37C04E04FF0A1
:107C1000080C01E04FEAD37C0CEB4C0526FA05F684
:107C200006F00706B6F1040C06D20EEB860CBDE892
:107C300070404CF0010C6047DFE80CF0090B0202C9
:107C40004FF000414FF00000A1F5002170BD194632
:107C50001046012851EB010418BFD4F5001484BF6D
:107C6000002001F0004170BD0808A0F500114FEAA6
:107C70003101704753EA010C17D41CF5801F58BF1F
:107C8000BCF5801F00F106808B4218BF704708BF0B
:107C90008242704707D713F5801F58BF11F5801F28
:107CA00019D48B4270479B4270471CF5801F08D542
:107CB000BCF5801FF7D5994218BF704708BF9042A6
:107CC00070474FF4001C1CEB430F38BF1CEB410FF7
:107CD00001D2994270470FB40CBC03BCFFF7C1BE80
:107CE00043004FEAD30C4FEA3C0C43401FBF400710
:107CF0000CF1605113F0FE4F70471CF0006F03D180
:107D000000200CF0004170470CF0004343EA507033
:107D100010B540EACC0000F0CAF900BF00000092A4
:107D20004FEA0001FFF7A0BF4FF000414FF0000005
:107D3000A1F500217047401058BFC0F140404910E4
:107D400058BFC1F140418142EFF30080704700000D
:107D50004FF47F0C1CEAD0121EBF1CEAD11392EA2A
:107D60000C0F93EA0C0F00F0858090EA010F48BFDA
:107D700042F4807240F4000C41F400002CF07F418A
:107D800020F07F4000B58142A2EB03020FF2081CF5
:107D9000ACEB504EC0F100009EF800E04FEA4E0EF2
:107DA00000FB0EFC38BF49004FEA2C1C02F5FA021A
:107DB0000CFB0EF34FEACE1E4FEA112C4FEAC12105
:107DC0000EEB635E42EB22420EFB0CFC4FEA1C53AF
:107DD00000FB03114FEA112C4FEA01310EFB0CFCA2
:107DE0004FEADC4C00FB0C11C14228BF09184CEBD8
:107DF00003335DF804EB10EB410143EBC250B2F5E5
:107E00007C0F38BF704729D512F0F00F1CBF00F16E
:107E1000C04000F0004070470081828384858687DF
:107E200088898B8C8D8E8F919293959697999A9C39
:107E30009D9FA0A2A3A5A7A8AAACAEB0B2B3B5B7A8
:107E4000B9BCBEC0C2C5C7C9CCCED1D4D7D9DCDF7E
:107E5000E2E6E9ECF0F3F7FAFE0000004FEA400C2E
:107E60000CF1807CBCF17E4F28BF7047B0F1C04060
:107E700000F063B990EA010F0CEAD11348BF42F455
:107E80008072624538BF634507D213F47F0F16D066
:107E900080EA010000F00040704710B500F007F9DB
:107EA000097EFC3E00F005B880EA010000F00040C9
:107EB000704780EA010000F0004000F03EB912F483
:107EC0007F0F04BF0248704780EA010000F035B917
:107ED0000000C07FC10DD1F19E0206DB4FEA0023F6
:107EE00043F0004323FA02F07047004207D54FEAFF
:107EF0004001B1F1FE4F02D24FF00000704710B5C3
:107F000000F0D5F849922480002070476FEA2000E5
:107F10007047000010F0004148BF4042B0FA80F3C3
:107F200010FA03F2C3F19D030BD051EAC35101EBE8
:107F30001220530638BF704700F1010008BF20F03F
:107F40000100704750EA010C00F113801CF5000F8E
:107F500058BFBCF5000F01D48842704707D710F511
:107F6000000F58BF11F5000F15D4884270478942A1
:107F700070471CF5000F04D5BCF5000FF7D5814202
:107F800070474FF0807C1CEB400F38BF1CEB410F5B
:107F900001D28142704710B500F089F8922449005F
:107FA0004FF000504FF08051FFF7C5BE4FF47F0CEB
:107FB0001CEAD0121EBF1CEAD11392EA0C0F93EAFE
:107FC0000C0F00F0478090EA010F48BF42F4807226
:107FD0004FF0004C4CEA00204CEA012102EB030276
:107FE000A0FB0113A2F50002002918BF43F0010312
:107FF0005B0028BF4FEA330342EB22425FEA132CB7
:108000004CEBC2502EBFBCEB436FB2F57C0F7047F8
:108010004FEA036CBCF1004F08BF20F00100B2F53D
:108020007C0F38BF70470BD582F0FF0212F5803FFE
:10803000C8BF704700F1C040D8BF00F00040704793
:1080400000F5000C5FEA4C0C48BF7047B0F1C0402F
:1080500000F073B890EA010F0CEAD11348BF42F464
:108060008072624538BF634504D280EA010000F0A7
:108070000040704710B500F01AF800BF8900013EBB
:1080800000F007B800F009B85FEA410C5FEA1C6C29
:1080900008D080EA010000F050B85FEA400C5FEAC7
:1080A0001C6CF6D14FF00040A0F5800070470EF137
:1080B000020E2EF0030E5EF8044B244204D44FEA65
:1080C0004102B2F17F4F11D84FEA4003B3F17F4F25
:1080D0000CD80ED14FEAD07CB2F17F4F0CEB4C0C98
:1080E0000CF1020C08BF4CEBD17C04E04FF0080C03
:1080F00001E04FEAD17C0CEB4C0324FA03F404F0CA
:108100000704B4F1040C06D20EEB840CBDE8104059
:108110004CF0010C6047DFE80CF0070802024FF05A
:108120000040A0F5800010BD0846420018BFD2F103
:10813000807288BF00F0004010BDFF2141EAD0509E
:10814000C005704751EA000C00F113801CF5000FC8
:1081500058BFBCF5000F01D48142704707D711F515
:10816000000F58BF10F5000F15D4814270478942A7
:1081700070471CF5000F04D5BCF5000FF7D58842F9
:1081800070474FF0807C1CEB410F38BF1CEB400F59
:1081900001D28842704780EA010081EA000180EA4A
:1081A0000100FFF7F8BEFDF72DBA0CF00F03092B05
:1081B00008BF082000F05F800A2B0BD0082B18BFE7
:1081C000704708BF1CF0400F0AD04FF000004FF07E
:1081D000000170471CF0400F18BF4FF0004070477F
:1081E0001CF0100F08D020F0704300F07F4242EAEC
:1081F000D3014FEA4370704700F0604021F07F42A6
:1082000042EA000201F07F4040EA727070474FF08E
:10821000FF0C4CF4E06C1CEA11531CBF9CEA030CED
:108220009445C2BFDA4201EB02517047002B0DD0DA
:10823000BCF1000F0FD0002A01F00041A4BF41F0B3
:10824000E04141F07F614FF00000704701F00041D4
:108250004FF00000704750EA01334FF09B0C18BFFD
:108260004CF0806C7FF49CA97047FDF733BCFEF79F
:10827000B1B9FEF73BBB1CF4801F11D01CF4E02FFA
:1082800003D06FEACC31490070474FF04050EFF314
:10829000008222F0704242EA000282F300887047B6
:1082A0004FF000007047666BD5667C62595E685A75
:1082B000A8561453AC4F6C4C53495F468E43DD4077
:1082C0004C3ED83B80394437203515332131432F7C
:1082D000792DC42B212A90281027A0254024EF2295
:1082E000AC2176204C1F301E1E1D181C1C1B2B1A87
:1082F000431964188E17C116FC153E158814D8133F
:1083000030138E12F2115C11CC104110BB0F3A0FDA
:10831000BE0E460ED30D640DFA0C930C2F0CCF0B32
:10832000730B1A0BC40A710A210AD509890941097C
:10833000FB08B80877083908FC07C1078907520706
:108340001D07EA06B80689065A062D060206D80554
:10835000AF05880562053D051905F604000303060F
:1083600001040602050003051F1C1F1E1F1E1F1F00
:108370001E1F1E1F303132333435363738394142F3
:10838000434445463031323334353637383941424B
:108390004344454640305800303132333435363767
:1083A0003839616263646566403078000400000813
:1083B00000000000000000020001000010000000AA
:1083C00002400000000000A0000000000540000086
:1083D000000000C8000000000C4000000000409CAD
:1083E00000000000194000000020BCBE000000009A
:1083F00034400000BFC91B8E00000004B5400000DF
:10840000504BCFD06607E2CF010000006C41000066
:108410003E8251AADFEEA73401000000D9420000DD
:10842000DCB5A0E23A301F97FFFFFFFFB445000024
:10843000FD25A0C8E9A3C14FFFFFFFFFFF3F0000DC
:108440000000008000000000FF3F000000000080EE
:108450000000000041542B435245470D0A00000024
:108460000D0A4F4B0D0A000041544F0D0A00000049
:1084700041542B4353510D0A0000000041542B522C
:108480004542540D0A0000000D0A434F4E4E45432D
:10849000540D0A000D0A2B4353513A2000000000EE
:1084A0002B2B2B007B224944223A222573222C229B
:1084B000534E223A222573222C22436D64223A2203
:1084C0003231222C2241636B223A223030222C227C
:1084D00054696D65223A7B2279656172223A25647E
:1084E0002C226D6F6E7468223A25642C22646179A7
:1084F000223A25642C22686F7572223A25642C2258
:108500006D696E757465223A25642C227365636FFC
:108510006E64223A25647D7D0000000047455420AA
:10852000257320485454502F312E310D0A486F7353
:10853000743A2025730D0A557365722D4167656E77
:10854000743A2047656E6572616C446F776E6C6F2C
:1085500061644170706C69636174696F6E0D0A5279
:10856000616E67653A2062797465733D25642D25D7
:10857000640D0A4163636570743A202A2F2A0D0A3C
:10858000436F6E6E656374696F6E3A206B656570DC
:108590002D616C6976650D0A446576696365496489
:1085A0003A2025730D0A0D0A00000000008701081B
:1085B00000000020740D00006C010008188A0108FA
:1085C000740D002024AC0000D00100080000000061
:1085D0000000F07F1001000043000000F8FFFFFFE3
:1085E00000404040404040404040414141414140C6
:1085F000404040404040404040404040404040407B
:108600004005020202020202020202020202020209
:10861000022020202020202020202002020202020E
:108620000202909090909090101010101010101066
:108630001010101010101010101010100202020272
:1086400002028888888888880808080808080808B6
:1086500008080808080808080808080802020202B2
:1086600040000000000000000000000000000000CA
:1086700000000000000000000000000000000000FA
:1086800000000000000000000000000000000000EA
:1086900000000000000000000000000000000000DA
:1086A00000000000000000000000000000000000CA
:1086B00000000000000000000000000000000000BA
:1086C00000000000000000000000000000000000AA
:1086D000000000000000000000000000000000009A
:1086E000000000001C00000043000000F8FFFFFF36
:1086F0000C0000000E0000000F0000002E00000023
:10870000500600A24A0400016009010203040607A2
:1087100008090C61102005020406082020068002CA
:10872000000020094012500000DF3200080533002D
:1087300008CC0F0020CC5F17A101037C8000011240
:1087400007C6F02C132700003444000040610000ED
:108750006489000009A8000002C300002BE30000A8
:108760006E1501001A2C0100E1520100A9D200048B
:1087700021183010613D0100D11401009B770000E9
:108780002DF30008430AD90843B3BD084387A00866
:1087900043866A0844073E3E00001E180413F5D6BF
:1087A000280006887E000003000170040100040414
:1087B00005CA6400061D10000800FF01021C3001FC
:1087C000091F54013E40E01C001800474C32303273
:1087D000313339383636383138333330363837304C
:1087E0003438356302F600013C049112233C031E29
:1087F000A05803040C3333392E39362E31302E3243
:1088000035113C0631313838338E045C0454435002
:108810009804B005474C485824C0083233343536E4
:10882000373810C9E8021306150A1F304F2805799A
:10883000D987B0A40223FFAE8983A98E1006A08435
:1088400001086804127008125408127C10126008A3
:108850001294041288149C06004E554C4C78050165
:108860001C0FD9CC9973251C0552701C04F04902C9
:108870006C045D7B040519F8D3F0D24C340B33370C
:108880003031323031393031690F103133AD032D91
:108890009506061110D4211040072D303531312DA9
:1088A000E20DFF75030D313C030004C3080700010E
:1088B000100ADF4A01083D4B01088B040D73510477
:1088C0000A1C01FC69F85F60EA64066D91040C08FB
:1088D0001039414243444546C007EC050001E02EF3
:1088E00059060E51148A050E5514E20503DB2000CB
:1088F000012008C1814001C0804104610C2108E1D0
:1089000018A11C011A30011638013660012E7001C1
:108910002F6000FF00C0C101C30302C2C60607C723
:1089200005C5C404CC0C0DCD0FCFCE0E0ACACB0B9F
:10893000C90908C8D81819D91BDBDA1A1EDEDF1FCF
:10894000DD1D1CDC14D4D515D71716D6D21213D3BF
:1089500011D1D010F03031F133F3F23236F6F7376F
:10896000F53534F43CFCFD3DFF3F3EFEFA3A3BFB5F
:1089700039F9F83828E8E929EB2B2AEAEE2E2FEF0F
:108980002DEDEC2CE42425E527E7E62622E2E3237F
:10899000E12120E0A06061A163A3A26266A6A767AF
:1089A000A56564A46CACAD6DAF6F6EAEAA6A6BAB1F
:1089B00069A9A86878B8B979BB7B7ABABE7E7FBF4F
:1089C0007DBDBC7CB47475B577B7B67672B2B3733F
:1089D000B17170B0509091519353529296565797EF
:1089E000559594549C5C5D9D5F9F9E5E5A9A9B5BDF
:1089F00099595898884849894B8B8A4A4E8E8F4F8F
:108A00008D4D4C8C448485458747468682424383FE
:088A10004181800A22407F0031
:0400000508000131BD
:00000001FF
