:020000040800F2
:2000000080160020D5030008DD010008DF010008E3010008E7010008EB01000800000000AC
:20002000000000000000000000000000EF010008F101000800000000F3010008ED030008DA
:20004000EF030008EF030008EF030008EF030008EF030008EF030008EF030008EF030008D0
:20006000EF030008EF030008EF030008EF030008EF030008EF030008EF030008EF030008B0
:20008000EF030008EF030008EF030008EF030008EF030008EF030008EF030008EF03000890
:2000A000EF030008EF030008EF030008EF030008EF030008EF030008EF030008EF03000870
:2000C000EF030008EF030008EF030008EF030008EF030008EF030008EF030008EF03000850
:2000E000EF030008EF030008EF030008EF030008EF030008EF030008EF030008EF03000830
:20010000EF030008EF030008EF030008EF030008EF030008EF030008EF030008EF0300080F
:20012000EF030008EF030008EF030008EF03000800F002F800F03AF80AA090E8000C8244D7
:200140008344AAF10107DA4501D100F02FF8AFF2090EBAE80F0013F0010F18BFFB1A43F092
:2001600001031847380B0000580B0000103A24BF78C878C1FAD8520724BF30C830C144BFD6
:2001800004680C60704700000023002400250026103A28BF78C1FBD8520728BF30C148BFC9
:2001A0000B6070471FB51FBD10B510BD00F03BFD1146FFF7F7FF00F00CF800F059FD03B47F
:2001C000FFF7F2FF03BC00F061FD000080F30888704710B500F05AFC002010BD704700BF03
:2001E000FEE700BFFEE700BFFEE700BFFEE77047704770470CB50020019000906C480068EB
:2002000040F480306A49086000BF6948006800F4003000900198401C0190009818B90198CB
:20022000B0F5A06FF1D16248006800F4003010B10120009001E0002000900098012843D13A
:200240005C48006840F010005A4908600846006820F0030008600846006840F002000860C6
:2002600053484068524948600846406848600846406840F4806048600846406820F47C1012
:2002800048600846406840F4E81048600846006840F08070086000BF4548006800F000709A
:2002A0000028F9D04248406820F00300404948600846406840F00200486000BF3C4840681C
:2002C00000F00C000828F9D10CBD10B5FFF792FF10BD10B53648006840F001003449086085
:2002E00008464068344908403149486008460068324908402E4908600846006820F480205F
:2003000008600846406820F4FE0048604FF41F008860FFF7DAFF4FF000602949086010BD66
:2003200010B5002100200022214B5B6803F00C0121B1042906D0082928D107E0214B224CA6
:20034000236027E01F4B204C236023E0184B5B6803F47010164B5B6803F48032022303EB3A
:20036000904022B9194B4343174C23600DE0104B5B6803F4003323B1144B4343124C236033
:2003800003E0104B4343104C236003E00D4B0E4C236000BF00BF064B5B68C3F303130C4CEC
:2003A000E15C094B1B68CB40074C236010BD000000100240002002400000FFF8FFFFF6FEDE
:2003C00008ED00E000127A000000002000093D00040000200948804709480047FEE7FEE7B8
:2003E000FEE7FEE7FEE7FEE7FEE7FEE7FEE7FEE704480549054A064B70470000D302000807
:20040000310100088010002080160020801200208012002001460020FE4A106800F0380089
:20042000084310607047FB49096821F00801F94A116011460968014311607047F5490968E4
:2004400021F01001F34A116011460968014311607047F148EF494860F04848607047EE48B2
:20046000EC494860ED4848607047EA48006940F08000E84908617047E648006940F0800028
:20048000E449086170470420E249C96801F0010109B101200EE0DF49C96801F0040109B1CA
:2004A000022007E0DB49C96801F0100109B1032000E00420704700B502460423FFF7E3FF48
:2004C000034603E0FFF7DFFF0346521E012B01D1002AF7D102B90523184600BD30B5044646
:2004E00004254FF43020FFF7E6FF0546042D17D1C848006940F00200C649086108464461EB
:20050000006940F0400008614FF43020FFF7D3FF0546C048006941F6FD710840BD49086126
:20052000284630BD10B504244FF43020FFF7C3FF0446042C16D1B748006940F00400B5492D
:2005400008610846006940F0400008614FF43020FFF7B1FF0446AF48006941F6FB710840D4
:20056000AC490861204610BD00B502460423FFF78AFF034603E0FFF786FF0346521E012BBB
:2005800001D1002AF7D102B90523184600BD10B504244FF43020FFF7E7FF0446042C16D1DC
:2005A0009C48006940F004009A4908610846006940F0400008614FF43020FFF7D5FF044637
:2005C0009448006941F6FB71084092490861204610BD00208F49C96901F0020109B101207B
:2005E00000E00020704730B5A5250424FFF7F1FF00B100254FF43020FFF75DFF0446042C52
:200600003AD1854883498860844888600846006940F0200008610846006940F0400008619A
:200620004FF43020FFF747FF0446042C1BD17948006941F6DF7108407649086108460069AD
:2006400040F01000086176480580E002FFF733FF0446052C10D06F48006941F6EF7108404A
:200660006C49086108E0052C06D06A48006941F6EF71084067490861204630BD78B506468E
:200680000C46042500200090E802FFF714FF0546042D24D15F48006940F001005D4908617B
:2006A0003480E802FFF707FF0546042D10D1B01C0090200C00990880E802FFF7FCFE054675
:2006C0005448006941F6FE7108405249086106E05048006941F6FE7108404E4908612846E0
:2006E00078BD70B504460D460426F002FFF7E3FE0646042E11D14748006940F001004549F9
:2007000008612580F002FFF7D6FE06464148006941F6FE7108403F490861304670BD70B52A
:2007200005460E460424E002FFF7C5FE0446042C17D13948374988603848886008460069ED
:2007400040F0100008612E80E002FFF7B4FE0446052C06D02F48006941F6EF7108402D4932
:200760000861204670BD2DE9F04304464FF6FF763746B046B1460425E443E6B2C4F30727F9
:20078000C4F307484FEA1469E802FFF794FE0546042D49D120481F4988602048886008463F
:2007A000006940F010000861FF2E06D01C4808300680E802FFF77FFE0546042D08D1FF2F22
:2007C00006D017480A300780E802FFF774FE0546042D0AD1B8F1FF0F07D011480C30A0F8BF
:2007E0000080E802FFF767FE0546042D0AD1B9F1FF0F07D00A480E30A0F80090E802FFF7B6
:200800005AFE0546052D0FD00248006941F6EF71084007E00020024023016745AB89EFCD89
:2008200000F8FF1F664908612846BDE8F08330B5054604244FF43020FFF73DFE0446042C6E
:2008400041D160485E4988605F4888600846006940F0200008610846006940F040000861C0
:200860004FF43020FFF727FE0446042C22D15448006941F6DF7108405149086108460069CF
:2008800040F0100008611DB100205049088002E0A5204E4908804FF43020FFF70CFE0446FD
:2008A000052C10D04648006941F6EF7108404449086108E0052C06D04148006941F6DF71F3
:2008C00008403F490861204630BDF0B505460E46174604243B483A4988603B488860E00288
:2008E000FFF7E9FD0446042C19D13548006940F010003349086147F0F80030432843334924
:20090000891C0880E002FFF7D6FD0446052C06D02B48006941F6EF710840294908612046B2
:20092000F0BD2748C069800870472548006A704700202349096801F0200109B1012000E0DB
:200940000020704729B11E4A126902431C4B1A6104E01B4A12698243194B1A617047014676
:200960000020012908D1164AD26902F001020AB1012008E0002006E0114AD2680A400AB160
:20098000012000E0002070470D49C860704704200B49C96801F0010109B101200EE0084994
:2009A000C96801F0040109B1022007E00449C96801F0100109B1032000E004207047000035
:2009C0000020024023016745AB89EFCD00F8FF1F012080F3138800BF00BF3848006800F456
:2009E000E06037490843001D34490860BFF34F8F00BF00BFFEE72DE9F05F06460F4690461B
:200A00000024B3463D46A14617E068784FEA002A28788244AD1C2046641C2A4921F810A0C4
:200A2000B4F5806F07D100244FF48062584600F07CF80BF5006B09F10209C145E5D324B1F8
:200A4000A2B22049584600F070F8BDE8F09F10B5044620681C490840B0F1005F08D16068CA
:200A60001A4908602068FFF7B1FB18480068804710BD08B54FF6FF700090022269461448F5
:200A800000F053F81348FFF7E2FF08BD08B5022269460F4800F038F8BDF800004FF6FF71B3
:200AA000884202D10B48FFF7D2FF4FF4C8320A490848FFF7A0FFFFF7DCFF08BD0CED00E09B
:200AC0000000FA05200000200000FE2F14000020001400080018000800A8010801460888B2
:200AE00070472DE9F04105460E461746002407E036F814102846FFF7F4FDAD1C601C84B2CF
:200B0000BC42F5DBBDE8F08130B503460C461546002207E01846FFF7E1FF24F812009B1CF4
:200B2000501C82B2AA42F5DB30BD2DE9F05F80468A461746B8F1006F02D33748804501D30F
:200B4000BDE8F09FFFF785FCA8F1006B4FEADB25CBF34909C9F58064A74200DC3C464DE087
:200B60004FF0006101EBC5204A142C49FFF7CCFF00260BE009EB0600284931F810004FF676
:200B8000FF71884200D003E0701C86B2A642F1DB00BFA6421BDA4FF0006101EBC520FFF7ED
:200BA0009DFC002608E03AF8160006EB09011B4A22F81100701C86B2A642F4DB4FF00061A0
:200BC00001EBC5204A141549FFF78BFF04E0224651464046FFF785FFA74200D10FE06D1CF3
:200BE0004FF000090AEB440AA044381B87B2B7F5806F02DD4FF4806400E03C46B0E700BFA1
:200C0000FFF733FC00BF9BE713B50446012201A92046FFF78AFF1CBD00000408200800207D
:200C2000704770477047754600F02CF8AE4605006946534620F00700854618B020B5FFF70A
:200C4000D7FBBDE820404FF000064FF000074FF000084FF0000B21F00701AC46ACE8C00939
:200C6000ACE8C009ACE8C009ACE8C0098D46704710B50446AFF300802046BDE81040FFF751
:200C80009EBA0000004870472010002001491820ABBEFEE7260002007047000004140008DE
:200CA00000000020200000006C0100082414000820000020601600008801000800000000F8
:200CC000000000000000000000000000000000000000000000000000000000000000000014
:200CE0000000000000000000000000000000000000000000000000000000000000000000F4
:200D00000000000000000000000000000000000000000000000000000000000000000000D3
:200D20000000000000000000000000000000000000000000000000000000000000000000B3
:200D4000000000000000000000000000000000000000000000000000000000000000000093
:200D6000000000000000000000000000000000000000000000000000000000000000000073
:200D8000000000000000000000000000000000000000000000000000000000000000000053
:200DA000000000000000000000000000000000000000000000000000000000000000000033
:200DC000000000000000000000000000000000000000000000000000000000000000000013
:200DE0000000000000000000000000000000000000000000000000000000000000000000F3
:200E00000000000000000000000000000000000000000000000000000000000000000000D2
:200E20000000000000000000000000000000000000000000000000000000000000000000B2
:200E4000000000000000000000000000000000000000000000000000000000000000000092
:200E6000000000000000000000000000000000000000000000000000000000000000000072
:200E8000000000000000000000000000000000000000000000000000000000000000000052
:200EA000000000000000000000000000000000000000000000000000000000000000000032
:200EC000000000000000000000000000000000000000000000000000000000000000000012
:200EE0000000000000000000000000000000000000000000000000000000000000000000F2
:200F00000000000000000000000000000000000000000000000000000000000000000000D1
:200F20000000000000000000000000000000000000000000000000000000000000000000B1
:200F4000000000000000000000000000000000000000000000000000000000000000000091
:200F6000000000000000000000000000000000000000000000000000000000000000000071
:200F8000000000000000000000000000000000000000000000000000000000000000000051
:200FA000000000000000000000000000000000000000000000000000000000000000000031
:200FC000000000000000000000000000000000000000000000000000000000000000000011
:200FE0000000000000000000000000000000000000000000000000000000000000000000F1
:201000000000000000000000000000000000000000000000000000000000000000000000D0
:201020000000000000000000000000000000000000000000000000000000000000000000B0
:20104000000000000000000000000000000000000000000000000000000000000000000090
:20106000000000000000000000000000000000000000000000000000000000000000000070
:20108000000000000000000000000000000000000000000000000000000000000000000050
:2010A000000000000000000000000000000000000000000000000000000000000000000030
:2010C000000000000000000000000000000000000000000000000000000000000000000010
:2010E0000000000000000000000000000000000000000000000000000000000000000000F0
:201100000000000000000000000000000000000000000000000000000000000000000000CF
:201120000000000000000000000000000000000000000000000000000000000000000000AF
:2011400000000000000000000000000000000000000000000000000000000000000000008F
:2011600000000000000000000000000000000000000000000000000000000000000000006F
:2011800000000000000000000000000000000000000000000000000000000000000000004F
:2011A00000000000000000000000000000000000000000000000000000000000000000002F
:2011C00000000000000000000000000000000000000000000000000000000000000000000F
:2011E0000000000000000000000000000000000000000000000000000000000000000000EF
:201200000000000000000000000000000000000000000000000000000000000000000000CE
:201220000000000000000000000000000000000000000000000000000000000000000000AE
:2012400000000000000000000000000000000000000000000000000000000000000000008E
:2012600000000000000000000000000000000000000000000000000000000000000000006E
:2012800000000000000000000000000000000000000000000000000000000000000000004E
:2012A00000000000000000000000000000000000000000000000000000000000000000002E
:2012C00000000000000000000000000000000000000000000000000000000000000000000E
:2012E0000000000000000000000000000000000000000000000000000000000000000000EE
:201300000000000000000000000000000000000000000000000000000000000000000000CD
:201320000000000000000000000000000000000000000000000000000000000000000000AD
:2013400000000000000000000000000000000000000000000000000000000000000000008D
:2013600000000000000000000000000000000000000000000000000000000000000000006D
:2013800000000000000000000000000000000000000000000000000000000000000000004D
:2013A00000000000000000000000000000000000000000000000000000000000000000002D
:2013C00000000000000000000000000000000000000000000000000000000000000000000D
:2013E0000000000000000000000000000000000000000000000000000000000000000000ED
:20140000FFFF000000A24A04000000000000000001020304060708090000000000000000B6
:0414200000000000C8
:20180000E0AC0020791C0008811A0008831A0008871A00088B1A00088F1A00080000000030
:20182000000000000000000000000000931A0008951A000800000000971A0008F54800083E
:20184000931C0008931C0008931C0008E99F0008931C0008931C0008931C0008931C0008F7
:20186000931C0008931C0008931C0008931C0008D7AD0008931C0008931C0008931C0008DB
:20188000931C000875AC0008931C0008931C0008931C0008931C0008931C0008931C00081E
:2018A000931C0008931C0008931C0008931C0008931C0008931C0008931C0008931C000870
:2018C000931C0008931C0008931C0008931C0008931C0008931C00083FAB00089BAC00087D
:2018E000931C0008931C0008931C0008931C0008931C0008931C0008931C0008931C000830
:20190000931C0008931C0008931C0008931C0008FBAD0008931C00086D460008931C000812
:20192000931C0008931C0008931C0008DDAE000800F002F800F081F80AA090E8000C8244A8
:201940008344AAF10107DA4501D100F076F8AFF2090EBAE80F0013F0010F18BFFB1A43F033
:201960000103184778C4010098C4010010F8013B0A4413F0030408BF10F8014B1D1108BFBE
:2019800010F8015B641E05D010F8016B641E01F8016BF9D1002D15D010F8014B03F00C03FF
:2019A0000C2BA1EB04040ABF10F8013BA4EB8314A4EB032405F1010314F8016B5B1E01F88F
:2019C000016BF9D5914238BF10F8013BD1D370470023002400250026103A28BF78C1FBD895
:2019E000520728BF30C148BF0B60704767291BF0F387692918F04085642918F03D85782921
:201A000018F07685732919F00083002070471FB59DE8030019F02CF819F03CFE04000020D4
:201A200000211BF075F9401C6060002000211BF085F9E0601FBD10B510BD1AF05AF91146C4
:201A4000FFF7E5FF00F014F81AF0BCFB03B4FFF7F2FF03BC03F0AEFA80F3088870470248F3
:201A600002490160FEE700000CED00E00100FA0503F078F902F04AFF01E002F0D4FFFCE7D4
:201A8000704700BFFEE700BFFEE700BFFEE700BFFEE77047704770470CB5002001900090D8
:201AA0006C48006840F480306A49086000BF6948006800F4003000900198401C0190009861
:201AC00018B90198B0F5A06FF1D16248006800F4003010B10120009001E000200090009855
:201AE000012843D15C48006840F010005A4908600846006820F0030008600846006840F03B
:201B00000200086053484068524948600846406848600846406840F480604860084640688F
:201B200020F47C1048600846406840F4E81048600846006840F08070086000BF45480068A1
:201B400000F000700028F9D04248406820F00300404948600846406840F00200486000BF2F
:201B60003C48406800F00C000828F9D10CBD10B5FFF792FF10BD10B53648006840F0010085
:201B80003449086008464068344908403149486008460068324908402E4908600846006875
:201BA00020F4802008600846406820F4FE0048604FF41F008860FFF7DAFF4FF0006029492F
:201BC000086010BD10B5002100200022214B5B6803F00C0121B1042906D0082928D107E093
:201BE000214B224C236027E01F4B204C236023E0184B5B6803F47010164B5B6803F48032BB
:201C0000022303EB904022B9194B4343174C23600DE0104B5B6803F4003323B1144B434348
:201C2000124C236003E0104B4343104C236003E00D4B0E4C236000BF00BF064B5B68C3F3C0
:201C400003130C4CE15C094B1B68CB40074C236010BD000000100240002002400000FFF8A9
:201C6000FFFFF6FE08ED00E000127A000000002000093D00040000200948804709480047D7
:201C8000FEE7FEE7FEE7FEE7FEE7FEE7FEE7FEE7FEE7FEE704480549054A064B7047000061
:201CA000771B000831190008E0A60020E0AC0020E0A80020E0A8002031490143314A1160EC
:201CC000704770B5002100230F22C47804B32D4C246804F4E064C4F5E064210AC1F104039E
:201CE000CA40447804FA03F18478144021430901254C0678A155047804F01F050124AC40E4
:201D000005786D11AD0005F1E025C5F8004109E0047804F01F050124AC401C4D0678761126
:201D200045F8264070BD1A4A0A400243154B1B1F1A60704739B1134A121D12680243114B84
:201D40001B1D1A6006E00F4A121D126882430D4B1B1D1A607047042808D14FF0E0210969AC
:201D600041F004014FF0E022116107E04FF0E021096921F004014FF0E02211617047000061
:201D80000000FA050CED00E000E400E080E100E080FFFF1F10B5012001F01CF8002001F0CD
:201DA00019F810BD2A49086070472949091F08607047274984310860704701460020254AE0
:201DC00010884FF67F4210400843224A10807047014600201F4A10884FF6807210400843DD
:201DE0001C4A1080704708B500220092194A2C3A0092009A02440092009A116008BD08B56B
:201E000001460020009013482C3800900098084400900098008808BD0D489C300068C0B228
:201E200070470C480830008840F0010009490831088070470648A0300068C0B270470548E0
:201E40000830008840F00200024908310880704704860D422C6C004001684FF6FE721140AD
:201E600001600021016041608160C1608D49884208D18C490839496841F00F01894A083A46
:201E800051608AE087491431884208D185490839496841F0F001834A083A51607DE08149A6
:201EA0002831884208D17F490839496841F470617C4A083A516070E07A493C31884208D18A
:201EC00078490839496841F47041764A083A516063E074495031884208D1724908394968E5
:201EE00041F470216F4A083A516056E06D496431884208D16B490839496841F47001694A4D
:201F0000083A516049E067497831884208D165490839496841F07061624A083A51603CE04C
:201F20006149884206D1011F096841F00F01021F116032E05C491431884208D15A49091F88
:201F4000096841F0F001584A121F116025E056492831884208D15449091F096841F47061CE
:201F6000514A121F116018E04F493C31884208D14D49091F096841F470414B4A121F116038
:201F80000BE049495031884207D14749091F096841F47021444A121F1160704710B50022E4
:201FA000026847F6F0739A430C6A8B6823430C6923434C6923438C692343CC6923434C6AC9
:201FC00023438C6A23431A430260CB6843600B6883604B68C36010BD0021016041608160AD
:201FE000C160016141618161C161016241628162704721B1026842F00102026004E00268F7
:202000004FF6FE731A40026070471AB103680B43036002E003688B43036070474160704723
:202020000146486880B2704701460020002201F080531BB11C4B083B1A6802E0194B083BF2
:202040001A6802EA01030BB1012000E00020704700F0805119B11449091F086002E01149C6
:2020600008394860704701460020002201F080531BB10D4B083B1A6802E00A4B083B1A688E
:2020800002EA01030BB1012000E00020704700F0805119B10449091F086002E001490839E7
:2020A00048607047080002400804024001460020FE4A106800F03800084310607047FB4924
:2020C000096821F00801F94A116011460968014311607047F549096821F01001F34A11600E
:2020E00011460968014311607047F148EF494860F04848607047EE48EC494860ED4848600C
:202100007047EA48006940F08000E84908617047E648006940F08000E449086170470420B4
:20212000E249C96801F0010109B101200EE0DF49C96801F0040109B1022007E0DB49C96820
:2021400001F0100109B1032000E00420704700B502460423FFF7E3FF034603E0FFF7DFFFE9
:202160000346521E012B01D1002AF7D102B90523184600BD30B5044604254FF43020FFF7D7
:20218000E6FF0546042D17D1C848006940F00200C649086108464461006940F0400008619E
:2021A0004FF43020FFF7D3FF0546C048006941F6FD710840BD490861284630BD10B5042464
:2021C0004FF43020FFF7C3FF0446042C16D1B748006940F00400B54908610846006940F069
:2021E000400008614FF43020FFF7B1FF0446AF48006941F6FB710840AC490861204610BDD7
:2022000000B502460423FFF78AFF034603E0FFF786FF0346521E012B01D1002AF7D102B910
:202220000523184600BD10B504244FF43020FFF7E7FF0446042C16D19C48006940F004001D
:202240009A4908610846006940F0400008614FF43020FFF7D5FF04469448006941F6FB7113
:20226000084092490861204610BD00208F49C96901F0020109B1012000E00020704730B50A
:20228000A5250424FFF7F1FF00B100254FF43020FFF75DFF0446042C3AD1854883498860A5
:2022A000844888600846006940F0200008610846006940F0400008614FF43020FFF747FF9B
:2022C0000446042C1BD17948006941F6DF710840764908610846006940F010000861764859
:2022E0000580E002FFF733FF0446052C10D06F48006941F6EF7108406C49086108E0052CBE
:2023000006D06A48006941F6EF71084067490861204630BD78B506460C46042500200090DD
:20232000E802FFF714FF0546042D24D15F48006940F001005D4908613480E802FFF707FF4F
:202340000546042D10D1B01C0090200C00990880E802FFF7FCFE05465448006941F6FE71A7
:2023600008405249086106E05048006941F6FE7108404E490861284678BD70B504460D46D7
:202380000426F002FFF7E3FE0646042E11D14748006940F00100454908612580F002FFF73D
:2023A000D6FE06464148006941F6FE7108403F490861304670BD70B505460E460424E002BB
:2023C000FFF7C5FE0446042C17D1394837498860384888600846006940F0100008612E8083
:2023E000E002FFF7B4FE0446052C06D02F48006941F6EF7108402D490861204670BD2DE9BB
:20240000F04304464FF6FF763746B046B1460425E443E6B2C4F30727C4F307484FEA146992
:20242000E802FFF794FE0546042D49D120481F498860204888600846006940F0100008612C
:20244000FF2E06D01C4808300680E802FFF77FFE0546042D08D1FF2F06D017480A30078081
:20246000E802FFF774FE0546042D0AD1B8F1FF0F07D011480C30A0F80080E802FFF767FE33
:202480000546042D0AD1B9F1FF0F07D00A480E30A0F80090E802FFF75AFE0546052D0FD00A
:2024A0000248006941F6EF71084007E00020024023016745AB89EFCD00F8FF1F6649086153
:2024C0002846BDE8F08330B5054604244FF43020FFF73DFE0446042C41D160485E49886097
:2024E0005F4888600846006940F0200008610846006940F0400008614FF43020FFF727FE9F
:202500000446042C22D15448006941F6DF710840514908610846006940F0100008611DB149
:2025200000205049088002E0A5204E4908804FF43020FFF70CFE0446052C10D046480069AF
:2025400041F6EF7108404449086108E0052C06D04148006941F6DF7108403F49086120469F
:2025600030BDF0B505460E46174604243B483A4988603B488860E002FFF7E9FD0446042C14
:2025800019D13548006940F010003349086147F0F800304328433349891C0880E002FFF7B8
:2025A000D6FD0446052C06D02B48006941F6EF710840294908612046F0BD2748C06980082E
:2025C00070472548006A704700202349096801F0200109B1012000E00020704729B11E4AD3
:2025E000126902431C4B1A6104E01B4A12698243194B1A61704701460020012908D1164A50
:20260000D26902F001020AB1012008E0002006E0114AD2680A400AB1012000E0002070474E
:202620000D49C860704704200B49C96801F0010109B101200EE00849C96801F0040109B1CE
:20264000022007E00449C96801F0100109B1032000E0042070470000002002402301674527
:20266000AB89EFCD00F8FF1F10B50446CC48844208D10121042000F093FB0021042000F099
:202680008FFB46E0C748844208D10121082000F087FB0021082000F083FB3AE0C24884427F
:2026A00008D10121102000F07BFB0021102000F077FB2EE0BD48844208D10121202000F0D2
:2026C0006FFB0021202000F06BFB22E0B848844208D10121402000F063FB0021402000F0F7
:2026E0005FFB16E0B348844208D10121802000F057FB0021802000F053FB0AE0AE48844247
:2027000007D10121801500F04BFB0021A01500F047FB10BD10B50121084600F041FB00219D
:20272000012000F03DFB10BD2DE9F041024600250026002000230024002791F803C00CF0D3
:202740000F0591F803C00CF0100CBCF1000F03D091F802C04CEA050591F800C0BCF1000FE2
:2027600031D0146800202BE04FF0010C0CFA00F3B1F800C00CEA03069E4220D183004FF071
:202780000F0C0CFA03F7BC4305FA03FC4CEA040491F803C0BCF1280F06D14FF0010C0CFA8A
:2027A00000FCC2F814C00AE091F803C0BCF1480F05D14FF0010C0CFA00FCC2F810C0401C4B
:2027C0000828D1D31460B1F800C0BCF1FF0F34DD546800202EE000F1080C4FF0010808FA43
:2027E0000CF3B1F800C00CEA03069E4221D183004FF00F0C0CFA03F7BC4305FA03FC4CEA90
:20280000040491F803C0BCF1280F05D100F1080C08FA0CF8C2F8148091F803C0BCF1480F01
:2028200007D100F1080C4FF0010808FA0CF8C2F81080401C0828CED35460BDE8F0814FF6E7
:20284000FF710180022181700421C17070470246002093680B400BB1012000E00020704724
:202860000146886880B2704702460020D3680B400BB1012000E0002070470146C86880B20D
:20288000704701617047416170470AB1016100E041617047C16070474FF480320A438261BC
:2028A0008161826182698269704702460020434B18684FF68073184040EA021008433F4BAF
:2028C000186070473E49C8617047F0B50A46002300240021002500F00046B6F1004F02D1E1
:2028E000364EF16901E0354E7168C0F3034583B200F44016B6F5401F08D121F070612F4E01
:20290000766826F070662D4F7E6012E000F48016B6F5801F06D1032606FA05F4A14341F0BF
:20292000706106E0460D360103FA06F6B14341F0706122B1460D360103FA06F6314300F0AD
:202940000046B6F1004F02D11C4EF16101E01B4E7160F0BD30B500228B071C0F0F2303FAF1
:2029600004F2164B08338C1053F824309343134C08348D1044F8253023468C1053F8243047
:202980008C07240F00FA04F423430C4C08348D1044F8253030BD0A49DC31086070470000EB
:2029A00000080140000C0140001001400014014000180140001C0140002001400000014083
:2029C0000000204210B50121080700F0F6F900214FF0805000F0F1F910BD2A490862704755
:2029E00028490861704701460020274A106820F0E0000843106070472249A0310860704739
:202A000010B502460020204B186820F00300104318601E4B1B6843F004031C4C2360012985
:202A200001D130BF00E020BF184B1B6823F00403164C236010BD1448006840F00400124911
:202A400008600846006840F0020008600F48006840F004000D49086000BF00BF30BF7047E9
:202A600001460020084A52680A400AB1012000E0002070470449096841EA8001024A1160DF
:202A80007047000000000E420070004010ED00E0DF48006840F00100DD490860084640685E
:202AA000DC490840DA49486008460068DA490840D74908600846006820F480200860084615
:202AC000406820F4FE0048604FF41F0088607047CF49096821F48031CD4A116011460968F4
:202AE00021F480211160B0F5803F03D0B0F5802F0ED106E0C649096841F48031C44A11607A
:202B000007E0C349096841F4A021C14A116000E000BF00BF704710B5014600220023002059
:202B20004A11012A02D1BA4C236806E0022A02D1B74C236A01E0B64C636A01F01F0201244F
:202B400094401C400CB1012000E0002010BD38B5002000900024002500BF3120FFF7DBFFD4
:202B600005460098401C00900098B0F5A06F01D0002DF2D03120FFF7CEFF08B1012400E0A8
:202B80000024204638BD01460020A14A106820F0F80040EAC10010607047A04908607047CA
:202BA000024600209A4B586820F47C1042EA01031843974B5860704798490866704701463F
:202BC0000020934A506820F003000843506070478F48406800F00C007047014600208C4A0C
:202BE000506820F0F00008435060704701460020874A506820F4E06008435060704701462E
:202C00000020834A506820F4605040EAC1005060704729B17E4A527A02437D4B5A7204E0CE
:202C20007B4A527A82437A4B5A7270477B49D8310860704701460020754A506820F4404098
:202C40000843506070470021714A20321170704A82F82010012802D004280AD104E00121A7
:202C60006B4A2032117005E00521694A2032117000E000BF00BF70476949086070476449A8
:202C8000096A0143624A11627047654944390860704730B500210022002400235C4D6D6870
:202CA00005F00C0121B1042905D0082923D105E05C4D056022E05B4D05601FE0544D6D68A2
:202CC00005F47012524D6D6805F48034022505EB92421CB9544D554305600BE04C4D6D68A1
:202CE00005F400351DB1504D5543056002E04D4D5543056002E04B4D056000BF00BF444DD7
:202D00006D6805F0F0010909484D6B5C0568DD4045603F4D6D6805F4E061090A434D6B5C56
:202D20004568DD4085603A4D6D6805F46051C90A3E4D6B5C4568DD40C560354D6D6805F47A
:202D40004041890B3A4D6B5CC568B5FBF3F5056130BD29B12E4A526902432D4B5A6104E08F
:202D60002B4A526982432A4B5A61704729B1284A92690243264B9A6104E0254A926982436C
:202D8000234B9A61704729B1214AD2690243204BDA6104E01E4AD26982431D4BDA61704702
:202DA00029B11B4AD2680243194BDA6004E0184AD2688243164BDA60704729B1144A12696D
:202DC0000243134B1A6104E0114A12698243104B1A61704712494039086070470F49C86452
:202DE00070470B49C87170470948406A40F0807007494862704701460020054A92680A4012
:202E00000AB1012000E000207047014988727047001002400000FFF8FFFFF6FE0000424265
:202E20008004424200127A0000093D00140000202400002010B50446FE48844208D101212A
:202E4000C014FFF7ADFF0021E014FFF7A9FFC4E0B4F1804F08D101210846FFF7AEFF002124
:202E60000120FFF7AAFFB8E0F348844208D101210220FFF7A2FF00210220FFF79EFFACE0E3
:202E8000EE48844208D101210420FFF796FF00210420FFF792FFA0E0E948844208D101214E
:202EA0000820FFF78AFF00210820FFF786FF94E0E448844208D101211020FFF77EFF002182
:202EC0001020FFF77AFF88E0DF48844208D101212020FFF772FF00212020FFF76EFF7CE03C
:202EE000DA48844208D101214014FFF759FF00216014FFF755FF70E0D548844209D101213F
:202F0000C804FFF74DFF00214FF40020FFF748FF63E0D048844209D101210805FFF740FF83
:202F200000214FF48010FFF73BFF56E0CA48844209D101214805FFF733FF00214FF400107A
:202F4000FFF72EFF49E0C548844208D101214020FFF733FF00214020FFF72FFF3DE0C04805
:202F6000844208D101218020FFF727FF00218020FFF723FF31E0BB48844208D10121801591
:202F8000FFF71BFF0021A015FFF717FF25E0B648844209D101210804FFF702FF00214FF413
:202FA0008030FFF7FDFE18E0B048844209D101214804FFF7F5FE00214FF40030FFF7F0FE11
:202FC0000BE0AB48844208D101218804FFF7E8FE00214FF48020FFF7E3FE10BD0022028896
:202FE000944B98420ED0994B98420BD0B0F1804F08D0914B984205D0904B984202D0904B6C
:20300000984204D14FF68F731A404B881A438D4B984207D08C4B984204D04FF6FF431A4041
:20302000CB881A4302808B8883850B880385814B98420BD0854B984208D08B4B984205D0A0
:203040008A4B984202D08A4B984201D10B7A038601238382704770B5002400220023058C61
:203060004FF6FE7635400584028C8388048B4FF68F752C40B51E2C400D882C43751E2A407C
:203080000D892A434D882A436A4DA8420BD06F4DA84208D0744DA84205D0744DA84202D0F4
:2030A000734DA84213D14FF6F7752A404D892A434FF6FB752A408D882A434FF6FF652B406F
:2030C0004FF6FF552B408D892B43CD892B4383800483CD888586028470BD70B5002400229C
:2030E0000023058C4FF6EF7635400584028C8388048B48F6FF752C404FF6FF452C400D88A4
:203100004FF6FF7606EA05252C434FF6DF752A400D8906EA05152A434D8806EA05152A4310
:20312000444DA84202D0494DA8421DD14FF67F752A404D894FF6FF7606EA05152A434FF6E5
:20314000BF752A408D8806EA05152A434FF6FF352B404FF2FF752B408D8906EA85052B4343
:20316000CD8906EA85052B4383800483CD880587028470BD70B5002400220023058C4FF68F
:20318000FF6635400584028C8388848B4FF68F752C404FF6FC752C400D882C434FF6FF55B0
:2031A0002A400D894FF6FF7606EA05252A434D8806EA05252A431F4DA84202D0234DA842F0
:2031C0001DD14FF2FF752A404D894FF6FF7606EA05252A434FF6FF352A408D8806EA0525B9
:2031E0002A434EF6FF752B404DF6FF752B408D8906EA05152B43CD8906EA05152B438380BE
:203200008483CD888587028470BD70B5002200230024058C4EF6FF7635400584038C848822
:20322000828B48F6FF752A404FF6FF452A400D8820E00000002C01400004004000080040E4
:20324000000C0040001000400014004000340140004C0140005001400054014000180040FE
:20326000001C0040002000400040014000440140004801404FF6FF7606EA05252A434DF67F
:20328000FF752B400D8906EA05352B434D8806EA05352B43FA4DA84202D0FA4DA84208D1A7
:2032A0004BF6FF752C408D894FF6FF7606EA85152C4384808283CD88A0F84050038470BDEA
:2032C000828B4FF2FF331A408283828B4FF6FF7303EA01231A4382837047F0B50C461546CF
:2032E000002200210026078C4EF6FF7C07EA0C070784828B018C4FF6FF7707EA043640F6CE
:20330000FF473A404FF6FF7707EA05273A434FF6FF7707EA03373A43D94FB8420ED0D94F0D
:20332000B8420BD0B0F1804F08D0D74FB84205D0D64FB84202D0D64FB84206D14DF6FF77DB
:20334000394046F48057394305E047F6FF57394044F48057394382830184F0BD828B4FF662
:20336000F3731A408283828B0A4382837047F0B50C461546002200210026078C4FF6FF6C74
:2033800007EA0C070784828B018C4FF6FF7707EA04264FF60C773A404FF6FF7707EA031726
:2033A0002F433A43B64FB8420ED0B64FB8420BD0B0F1804F08D0B44FB84205D0B34FB84251
:2033C00002D0B34FB84206D14FF6FF57394046F48077394305E04FF2FF57394044F4807763
:2033E000394382830184F0BD028B4FF2FF331A400283028B4FF6FF7303EA01231A43028304
:203400007047F0B50C461546002200210026078C4FF6EF7C07EA0C070784028B018C4FF609
:20342000FF7707EA041640F6FF473A404FF6FF7707EA03373A434FF6FF7707EA05273A435D
:203440008F4FB8420ED08F4FB8420BD0B0F1804F08D08D4FB84205D08C4FB84202D08C4F8E
:20346000B84206D14FF6DF77394046F01007394305E04FF65F77394044F0100739430283D9
:203480000184F0BD028B4FF6F3731A400283028B0A4302837047F0B50C4615460022002138
:2034A000068C4FF6FE773E400684028B018C4FF60C7632407E1C06EA03162E433243704E1E
:2034C000B0420ED06F4EB0420BD0B0F1804F08D06D4EB04205D06D4EB04202D06C4EB0429D
:2034E00006D14FF6FD76314044F00106314305E04FF6F576314044F001063143028301845E
:20350000F0BD70B505460C465D4885420ED05D4885420BD0B5F1804F08D05B48854205D01F
:203520005A48854202D05A48854200D100E000BF208850B92389A28861882846FFF7ABFFF9
:20354000E1882846FFF79EFF25E0208804280AD12389A28861882846FFF753FFE188284601
:20356000FFF742FF17E0208808280AD12389A28861882846FFF7FBFEE1882846FFF7EEFE95
:2035800009E02389A28861882846FFF7A6FEE1882846FFF795FE70BD2DE9F04105460C460A
:2035A00000260127608808B9022600E00026A088012801D1022700E001272088A0B92389E5
:2035C000A28861882846FFF766FFE1882846FFF759FF23893A4631462846FFF712FFE18869
:2035E0002846FFF701FF13E02389A28861882846FFF707FFE1882846FFF7F6FE23893A465E
:2036000031462846FFF747FFE1882846FFF73AFFBDE8F0810A884B881A438B881A43CB88E8
:203620001A430B891A434B891A438B891A43A0F8442070474FF6FF71818000210180C1804E
:203640004180017270470021018041808180C180018141818181C181704700210180418038
:20366000012181800021C180018170470021018041808180C18001814181818170470000EA
:20368000002C0140003401400004004000080040000C004021B1028842F00102028004E079
:2036A00002884FF6FE731A400280704731B1B0F8442042F40042A0F8442005E0B0F84420E4
:2036C000C2F30E02A0F8442070471AB183890B43838102E083898B43838170478182704718
:2036E00041EA0203A0F8483070471AB183890B43838102E083898B438381704701894FF664
:20370000F8721140018170470A46002101894FF68F73194011430181704730B504460D460B
:2037200029462046FFF7F0FF208940F00700208130BD2DE9F04104460D4616461F46602D2F
:2037400006D13B46012231462046FFF75AFE05E03B46012231462046FFF79DFE29462046F7
:20376000FFF7D2FF208940F007002081BDE8F08130B50C4600210189C9B24FF6FF7505EAE6
:203780000325154325432943018130BD2DE9F04105460E4617469846002443463A463146A1
:2037A0002846FFF7E5FF2C894FF6F870044044F007044FF68F70044044F070042C81BDE85A
:2037C000F081F0B504460D4616461F463B46324629462046FFF7CCFF208940F480402081A8
:2037E000F0BD0185828270470A46002101884FF68F731940114301807047F0B50C46154663
:203800001E460021002200230189028B038C4FF6F877394021434FF6FC473A4040F201175B
:203820003A434FF6DD773B404FF6FF7707EA06172F433B43018102830384F0BD0A46002192
:20384000018B4FF68F7319401143018370470A460021018B48F6FF7319404FF6FF7303EA03
:2038600002231943018370470A460021818B4FF68F7319401143818370470A460021818BE3
:2038800048F6FF7319404FF6FF7303EA022319438183704721B1028842F08002028004E0C9
:2038A00002884FF67F731A400280704721B1828842F00402828004E082884FF6FB731A40A3
:2038C0008280704721B1828842F00802828004E082884FF6F7731A408280704721B1828889
:2038E00042F00102828004E082884FF6FE731A40828070470A460021018B4FF6F7731940D5
:203900001143018370470A460021018B4FF2FF7319404FF6FF7303EA0223194301837047AF
:203920000A460021818B4FF6F77319401143818370470A460021818B4FF2FF7319404FF625
:20394000FF7303EA02231943818370470A460021018B4FF6FB7319401143018370470A46E4
:203960000021018B4FF6FF3319404FF6FF7303EA02231943018370470A460021818B4FF6A8
:20398000FB7319401143818370470A460021818B4FF6FF3319404FF6FF7303EA02231943DF
:2039A000818370470A460021018B4FF67F7319401143018370470A460021018BC1F30E0170
:2039C0004FF6FF7303EA02231943018370470A460021818B4FF67F7319401143818370476B
:2039E0000A460021818BC1F30E014FF6FF7303EA02231943818370470A460021018C4FF664
:203A0000FD7319401143018470470A460021018C4FF6F77319401143018470470A46002146
:203A2000018C4FF6DF7319404FF6FF7303EA02131943018470470A460021018C4FF67F7383
:203A400019404FF6FF7303EA02131943018470470A460021018C4FF6FF5319404FF6FF7317
:203A600003EA02231943018470470A460021018C4FF2FF7319404FF6FF7303EA022319436D
:203A8000018470470A460021018C4DF6FF7319404FF6FF7303EA023319430184704730B588
:203AA000002301248C40A3B2048C9C430484048C02FA01F5ADB22C43048430BD30B50023D9
:203AC00004248C40A3B2048C9C430484048C02FA01F5ADB22C43048430BD70B50346002053
:203AE00000241846183001258D40ACB21D8CA5431D8409B1082909D100EB6100056825F0E6
:203B0000700505600568154305600EE00D1FC5F34E052844056825F4E045056005684FF64E
:203B2000FF7606EA02263543056070BD21B1028842F00202028004E002884FF6FD731A405D
:203B40000280704721B1028842F00402028004E002884FF6FB731A400280704721B1828886
:203B600042F08002828004E082884FF67F731A408280704702884FF6F7731A4002800288B8
:203B80000A430280704782884FF68F731A40828082880A438280704702894FF6F8731A404D
:203BA000028102890A430281704702894FF67F731A40028102890A43028170478184704703
:203BC00081857047818670470187704781877047A0F84010704702884FF6FF431A400280E0
:203BE00002880A43028070470146888E70470146088F70470146888F70470146B1F84000C7
:203C000070470146888C70470146088D704702460020138A0B400BB1012000E00020704764
:203C2000CA430282704730B50246002000230024158A05EA0103958905EA010413B10CB183
:203C4000012000E0002030BDCA4302827047000010B50446FB48844209D101218803FFF779
:203C60009FF800214FF48040FFF79AF832E0F648844209D101214804FFF79FF800214FF4B2
:203C80000030FFF79AF825E0F048844209D101218804FFF792F800214FF48020FFF78DF8E2
:203CA00018E0EB48844209D10121C804FFF785F800214FF40020FFF780F80BE0E548844208
:203CC00008D101210805FFF778F800214FF48010FFF773F810BD2DE9F04786B005460E4632
:203CE0000024A24600BFA1460027B08900B100BF2F462C8A4CF6FF700440F08804432C82B5
:203D0000AC894EF6F3100440B08831890843718908430443AC81AC8A4FF6FF400440B089B6
:203D20000443AC8201A8FEF7B4FFC648874202D1DDF810A001E0DDF80CA0A88900F40040C7
:203D400040B10AEBCA0000EB0A1031684900B0FBF1F807E00AEBCA0000EB0A10316889006B
:203D6000B0FBF1F86420B8FBF0F004012009642101FB1089A88900F4004040B1322000EBBD
:203D8000C900B0FBF1F000F00700044308E0322000EB09106421B0FBF1F000F00F000443FB
:203DA0002C8106B0BDE8F0874FF41651016000218180C18001810C214181002181817047CB
:203DC00010B502460020108A4FF2FF0318400B884C8823438C882343CC8823431843108293
:203DE00010BD0021018041808180C180704721B1828942F40052828104E082894DF6FF738E
:203E00001A4082817047F0B50346002400260025002040F66A17B94200D100BF1846C1F3BD
:203E2000421401F01F06012707FA06F5012C01D10C3004E0022C01D1103000E014301AB1A4
:203E400007682F43076002E00768AF430760F0BD1AB1838A0B43838202E0838A8B438382D6
:203E60007047028A4FF6F0731A400282028A0A430282704782894FF2FF731A40828182893F
:203E80000A438281704721B1828942F00202828104E082894FF6FD731A4082817047028AC1
:203EA0004FF6DF731A400282028A0A430282704721B1028A42F48042028204E0028A4BF6EE
:203EC000FF731A4002827047C1F308028280704701468888C0F308007047818941F001015E
:203EE00081817047028BD2B20283028B42EA012202837047028B02F47F420283028B0A43B8
:203F00000283704721B1828A42F02002828204E0828A4FF6DF731A408282704721B1828AB5
:203F200042F01002828204E0828A4FF6EF731A408282704721B1828A42F00802828204E08B
:203F4000828A4FF6F7731A408282704721B1828942F40042828103E08289C2F30E02828183
:203F6000704721B1828A42F40062828204E0828A4FF2FF731A4082827047828A4FF6FB7399
:203F80001A408282828A0A438282704721B1828A42F00202828204E0828A4FF6FD731A4098
:203FA0008282704702460020B1F5007F00D100BF13880B400BB1012000E00020704701F4BA
:203FC0000072B2F5007F00D100BFCA430280704770B50246002400230025002040F66A16C4
:203FE000B14200D100BFC1F3421501F01F03012606FA03F3012D02D19689334006E0022D5B
:2040000002D1168A334001E0968A33400C12012606FA04F41688344013B10CB1012000E075
:20402000002070BD10B50022002340F66A14A14200D100BF0A1201249440A3B2DC430480F5
:2040400010BD0000003801400044004000480040004C00400050004010B50446FA488442DB
:2040600008D101214015FEF79BFE00216015FEF797FE17E0F548844208D101210015FEF743
:204080008FFE00212015FEF78BFE0BE0F048844208D10121C803FEF783FE00214FF40040F6
:2040A000FEF77EFE10BD30B50246002000235068E84C20400D790C6844EA052420435060A2
:2040C0009068E54C2040D1E902542C434D7944EA450420439060D06A20F470000C7C641E80
:2040E000E4B2234340EA0350D06230BD00210160017141718160C16001210174704721B160
:20410000826842F00102826003E0826822F001028260704721B1826842F48072826003E07A
:20412000826822F480728260704710B50023CBB21AB144681C43446002E044689C43446004
:2041400010BD816841F0080181607047014600208A6802F008020AB1012000E000207047EF
:20416000816841F0040181607047014600208A6802F004020AB1012000E00020704721B1D2
:20418000826842F4A002826003E0826822F4A00282607047014600208A6802F480020AB1D1
:2041A000012000E00020704710B50A4600210023416821F46041531E41EA4331416010BDF1
:2041C00021B1426842F40062426003E0426822F4006242607047F0B504460D460020002148
:2041E000092D11DDE068A5F10A0606EB4607072606FA07F18843A5F10A0606EB460603FA9F
:2042000006F10843E0600CE0206905EB4507072606FA07F1884305EB450603FA06F1084301
:204220002061072A0FDA606B561E06EB86071F2606FA07F18843561E06EB860605FA06F137
:204240000843606322E00D2A0FDA206BD61F06EB86071F2606FA07F18843D61F06EB8606B6
:2042600005FA06F10843206310E0E06AA2F10D0606EB86071F2606FA07F18843A2F10D066E
:2042800006EB860605FA06F10843E062F0BD21B1826842F48012826003E0826822F4801296
:2042A000826070470146C86C80B2704766484C300068704721B1426842F48062426003E09F
:2042C000426822F480624260704721B1426842F48052426003E0426822F4805242607047EF
:2042E0000A460021816821F4E04111438160704721B1826842F40042826003E0826822F449
:2043000000428260704721B1826842F40212826003E0826822F402128260704701460020E3
:204320008A6802F400120AB1012000E000207047F0B504461546002000220026092911DD1E
:20434000E068A1F10A0707EB470C072707FA0CF29043A1F10A0707EB470703FA07F2104301
:20436000E0600CE0206901EB410C072707FA0CF2904301EB410703FA07F210432061A06B46
:20438000C0F30156EF1C06F1010CA7EB0C0707EB870C1F2707FA0CF29043EF1C06F1010CB3
:2043A000A7EB0C0707EB870701FA07F21043A063F0BD10B50A4600210023816B21F4401136
:2043C000531E41EA0351816310BD08B5002300930090009B0B440093009B1A6008BD08B525
:2043E000024600200090009201F12800009B184400900098006880B208BD0A460021416881
:20440000164B19401143416070474162826270470A460021416821F01F0111434160704701
:2044200040B109490831096841F40001064A0832116007E004490831096821F40001024A1E
:2044400008321160704700000024014000280140003C0140FFFEF0FFFDF7F1FFFFFD3FFFA5
:204460000246002013680B400BB1012000E000207047CA430260704770B5024600200023A4
:2044800000240B125568CEB205EA060415681D4015B10CB1012000E0002070BD00220A12BC
:2044A000D34303607047000029B1504A128802434E4B1A8004E04D4A128882434B4B1A803C
:2044C00070474A48001D008840F010004749091D088070474548001D00884FF6EF7108409A
:2044E0004249091D08807047002140481C300188001F008841EA0040704700B50246FFF792
:20450000E0FF100C394918310880091D0A80FFF7E1FF00BD00B50246FFF7D3FFC2F303404D
:20452000324908310880091D0A80FFF7D3FF00BD00B50246FFF7C5FF100C2C4920310880E9
:20454000091D0A80FFF7C6FF00BD00202749103109880907080B2549143109880843704768
:2045600000BF2248001D008800F020000028F8D070471E48001D00884FF6F77108401B4952
:20458000091D088000BF1948001D008800F008000028F8D0704701460020144A121D12887B
:2045A0000A400AB1012000E0002070470F49091D098881430D4A121D118070470146002016
:2045C0000A4A121D12880A40D0B2084A12880A4012B108B1012000E0002070470349091DF6
:2045E00009888143014A121D118070470028004030BF704772B6704762B6704710B54FF4E0
:20460000A060FDF759FB10BD7FB505460C4601211020FEF7B8FBADF80850ADF804400020B4
:20462000ADF80A00ADF8060001A91948FEF7D6FC012211461648FFF748F836208DF8000065
:2046400003208DF801008DF8020001208DF803006846FDF736FB01210D48FFF71BF800200E
:204660000C4908607FBD0B490860704710B501210748FFF7D8FA012805D10648006810B15A
:2046800004480068804701210148FFF7DDFA10BD001000402800002010B56FF00400FDF7E6
:2046A0005AFB4FF0E020006940F002004FF0E021086142F2283048610846006940F0010005
:2046C000086110BDF0B504460D4600212AE001EB81008B4E56F8200010BB01EB810046F80D
:2046E0002040012001EB8106854F07EB8606707401EB81003E4606EB8000456001EB81001C
:2047000006EB8000826001EB810006EB80000374002001EB810607EB8606F0600846F0BD95
:20472000481CC1B21E29D2DBFF20F8E710B50146002027E000EB8002714B53F822208A42FB
:204740001ED1002200EB80036D4C44F8232000EB800304EB83035A7400EB800304EB83030E
:204760005A6000EB800304EB83039A6000EB800304EB83031A7400EB800304EB8303DA6014
:20478000421CD0B21E28D5DB10BD002100EB80025B4B43F8221000EB800203EB8202517431
:2047A00000EB800203EB8202516000EB800203EB8202916000EB800203EB8202117400EB4A
:2047C000800203EB8202D1607047002048E000EB80014B4A02EB8101097CE9BB00EB8001B0
:2047E00002EB8101497C012938D100EB800102EB8101C96881BB00EB800102EB810149687E
:2048000059B100EB800102EB81014968491E00EB80023B4B03EB8202516000EB8001384A97
:2048200002EB81014968B9B9012100EB8002344B03EB8202D16000EB80011A4602EB8101FA
:20484000896849B100EB800102EB8101896800EB800203EB820200E000E05160411CC8B27A
:204860001E28B4DB704710B5002440E004EB8400234901EB8000407C012836D104EB8400F9
:2048800051F8200088B304EB840001EB8000007C012806D104EB8401194A52F82100804710
:2048A00023E004EB8400164901EB8000007CE0B904EB840001EB8000C068B0B104EB8401C6
:2048C0000F4A52F821008047002004EB84010C4A02EB8101C86004EB8400114601EB800096
:2048E000806810B92046FFF750FF601CC4B21E2CBCDB10BD10B504F00BFCFFF766FF10BDD4
:20490000540C0020002000210160704710B5FFF7C3FE04F0A1FA04F047FB04F0F9F906F0A1
:2049200015FB03F04BFA02F00BF904F054F901F0C0FC01F05EFD01F08EFE01F01EF812F079
:2049400099FA07F07EFD05F01AFB07F045FC04460EF0E7FB01230A2211463548FFF7B2FE1C
:2049600000230A2211463348FFF7ACFE00230A2205213148FFF7A6FE0123002205212F480B
:20498000FFF7A0FE0023642208212D48FFF79AFE00234FF47A7205212A48FFF793FE00231A
:2049A0000A2211462848FFF78DFE00230A2211462648FFF787FE00230A2211462448FFF7EC
:2049C00081FE00230A2211462248FFF77BFE00230A2211462048FFF775FE00234FF47A7210
:2049E00064211E48FFF76EFE0023642219461C48FFF768FE00230A2219461A48FFF762FE3C
:204A000000230A2205211848FFF75CFE0123002205211648FFF756FE00230A22114614485B
:204A2000FFF750FE10BD10B5FFF71DFF10BD0000ED7D00083F7000082D5D0008575E000849
:204A4000B58D0008E58C0008378F0008E9980008BB6D0108933D0108B734010811490108DB
:204A60002DF70008C1AF0008F5E40008B1E6000845A1000870B503460C4603E014F8015B19
:204A800003F8015B151EA2F10102F7D170BD30B5034601E003F8011B141EA2F10102F9D149
:204AA00030BD00B57C494FF42072C8680021FFF7EEFF79494FF4A04288680021FFF7E7FFB2
:204AC00001207549087400BD0022002105E07248C068405C00B1521C491CB1F5207FF6D386
:204AE000642050434FF42073B0FBF3F0C0B270472DE9F04106460024A0466748007C10B981
:204B00006549086880471EB94FF0FF30BDE8F08162480068B6FBF0F085B260480068B6FBBA
:204B2000F0F100FB116008B1681C85B25C480068441E1BE05848C068005D20B908F1010053
:204B40001FFA80F801E04FF00008A8450DD1002704E05149C968E2198D547F1CAF42F8D3C8
:204B60004E49096804FB01F0D0E7641E002CE1DA4FF0FF30CAE770B505464748007C20B9AA
:204B8000454908688047012070BD46480068854212D242480068B5FBF0F13F48C068425C91
:204BA000002405E000203C4BDB680E199855641C9442F7DB0020E7E70220E5E72DE9F041A3
:204BC00005463548007C20B9334908688047BDE8F081314880682E1A3248006886421ED2AC
:204BE0002E4B1B68B6FBF3F02B4BDB68195C2A46002402E000231355641C284B1B684B43F2
:204C0000A342F7D8002407E00023234FFF6800EB040C07F80C30641C8C42F5DBD7E700BF08
:204C2000D5E770B5044604B970BD1B488068251AFFF7E0FC2046FFF7C1FFFFF7DDFC00BF59
:204C4000F2E770B50546FFF7D5FC2846FFF750FF0446FFF7D1FC601C08B9002070BD0E48A4
:204C600080682044FAE770B506460C462046FFF73FFF0546681C08B9002070BD064989688D
:204C8000481922463146FFF7F5FE3046FFF7C9FF014880682844F0E738000020300000209B
:204CA0002C00002034000020012080F3138800BF00BF6548006800F4E06064490843001D49
:204CC00061490860BFF34F8F00BF00BFFEE72DE9F05F06460F4690460024B3463D46A1466C
:204CE00017E068784FEA002A28788244AD1C2046641C574921F810A0B4F5806F07D1002468
:204D00004FF48062584600F0DAF80BF5006B09F10209C145E5D324B1A2B24D49584600F093
:204D2000CEF8BDE8F09F10B50446206849490840B0F1005F08D16068474908602068FCF7F4
:204D40008BFE45480068804710BD08B54FF6FF70009002226946414800F0B1F84048FFF7CD
:204D6000E2FF08BD3E483849091F08607047F0B59BB005460E461746684600F029F932461B
:204D80002946684600F0F9FC17A9684600F05AFD002409E0395D17A8005D814202D00020E8
:204DA0001BB0F0BD601CC4B2102CF3DBFF20F7E738B50446221D2B482168FFF7D8FF50B142
:204DC0000020009002226946244800F078F8FCF746FEFF2038BD0020FCE738B50446221DC0
:204DE00020482168FFF7C3FF40B100200090022269461A4800F063F8FF2038BD0020FCE7D2
:204E000000201949088019490860704710B50446208815490988884214D1628813490968FB
:204E2000104BC818211DFFF752FF0F480088401C0D49088060880D49096808440B490860E2
:204E4000FF2010BD0020FCE70CED00E00000FA052C6100200000FE2F4C0000200014000829
:204E60000018000800A8010850000020540000200146088870472DE9F04105460E461746AC
:204E8000002407E036F814102846FDF776FAAD1C601C84B2BC42F5DBBDE8F08130B5034656
:204EA0000C461546002207E01846FFF7E1FF24F812009B1C501C82B2AA42F5DB30BD2DE9C4
:204EC000F05F80468A461746B8F1006F02D33748804501D3BDE8F09FFDF707F9A8F1006B5F
:204EE0004FEADB25CBF34909C9F58064A74200DC3C464DE04FF0006101EBC5204A142C490F
:204F0000FFF7CCFF00260BE009EB0600284931F810004FF6FF71884200D003E0701C86B225
:204F2000A642F1DB00BFA6421BDA4FF0006101EBC520FDF71FF9002608E03AF8160006EB5D
:204F400009011B4A22F81100701C86B2A642F4DB4FF0006101EBC5204A141549FFF78BFF8F
:204F600004E0224651464046FFF785FFA74200D10FE06D1C4FF000090AEB440AA044381B5A
:204F800087B2B7F5806F02DD4FF4806400E03C46B0E700BFFDF7B5F800BF9BE713B504468B
:204FA000012201A92046FFF78AFF1CBD000004082C690020014600BF704700BF704770B54D
:204FC00004460D46E1B2002005F07FFD204670BD002101604160FE498160FE4AC260CA43BB
:204FE0000261FC4AD2434261704770B503460024002010E00E5C451C4D5D46EA0526851C86
:205000004D5D46EA0546C51C4D5D46EA056543F82450641C001D9042ECD370BD2DE9F043F3
:20502000C0B080468946D8F80040D8F80450D8F80860D8F80C70402249466846FFF7D5FF4A
:2050400005EA060027EA0501084300990844E24908440444E00140EA54642C4404EA05002F
:2050600026EA0401084301990844DC4908440744380340EA1757274407EA040025EA0701E4
:20508000084302990844D64908440644700440EAD6363E4406EA070024EA0601084303990A
:2050A0000844D04908440544A80540EA9525354405EA060027EA0501084304990844CA4999
:2050C00008440444E00140EA54642C4404EA050026EA0401084305990844C4490844074428
:2050E000380340EA1757274407EA040025EA0701084306990844BE4908440644700440EAF5
:20510000D6363E4406EA070024EA0601084307990844B84908440544A80540EA952535441E
:2051200005EA060027EA0501084308990844B24908440444E00140EA54642C4404EA050076
:2051400026EA0401084309990844AC4908440744380340EA1757274407EA040025EA07012B
:2051600008430A990844A0F524404F380644700440EAD6363E4406EA070024EA06010843A8
:205180000B9908449E4908440544A80540EA9525354405EA060027EA050108430C99084451
:2051A000984908440444E00140EA54642C4404EA050026EA040108430D99084492490844DB
:2051C0000744380340EA1757274407EA040025EA070108430E9908448C490844064470041D
:2051E00040EAD6363E4406EA070024EA060108430F990844864908440544A80540EA9525B7
:20520000354405EA070026EA0701084301990844804908440444600140EAD4642C4404EA58
:20522000060025EA06010843069908447A4908440744780240EAD757274407EA050024EA81
:20524000050108430B990844744908440644B00340EA96463E4406EA040027EA040108432A
:20526000009908446E4908440544280540EA1535354405EA070026EA0701084305990844A0
:20528000684908440444600140EAD4642C4404EA060025EA060108430A990844624908445B
:2052A0000744780240EAD757274407EA050024EA050108430F9908445C4908440644B0032F
:2052C00040EA96463E4406EA040027EA0401084304990844564908440544280540EA153533
:2052E000354405EA070026EA0701084309990844504908440444600140EAD4642C4404EAA0
:20530000060025EA060108430E9908444A4908440744780240EAD757274407EA050024EAC8
:205320000501084303990844444908440644B00340EA96463E4406EA040027EA0401084381
:20534000089908443E4908440544280540EA1535354405EA070026EA070108430D990844DF
:20536000384908440444600140EAD4642C4404EA060025EA060108430299084432490844E2
:205380000744780240EAD757274407EA050024EA05010843079908442C4908440644B00386
:2053A00040EA96463E4406EA040027EA040108430C990844264908440544280540EA15357A
:2053C000354485EA0600784005990844214943E00123456789ABCDEF78A46AD756B7C7E8D7
:2053E000DB702024EECEBDC1AF0F7CF52AC68747134630A8019546FDD8988069AFF7448B1F
:20540000BED75C892211906B937198FD8E4379A62108B44962251EF640B340C0515A5E2678
:20542000AAC7B6E95D102FD65314440281E6A1D8C8FBD3E7E6CDE121D60737C3870DD5F4F7
:20544000ED145A4505E9E3A9F8A3EFFCD9026F678A4C2A8D4239FAFF08440444200140EA1B
:2054600014742C4484EA0500704008990844FC4908440744F80240EA5757274487EA040096
:2054800068400B990844F74908440644300440EA16463E4486EA070060400E990844F2491D
:2054A00008440544E80540EA5525354485EA0600784001990844ED4908440444200140EA25
:2054C00014742C4484EA0500704004990844E84908440744F80240EA5757274487EA04004E
:2054E000684007990844E34908440644300440EA16463E4486EA070060400A990844DE49ED
:2055000008440544E80540EA5525354485EA060078400D990844D94908440444200140EACC
:2055200014742C4484EA0500704000990844D44908440744F80240EA5757274487EA040005
:20554000684003990844CF4908440644300440EA16463E4486EA0700604006990844CA49BC
:2055600008440544E80540EA5525354485EA0600784009990844C54908440444200140EA84
:2055800014742C4484EA050070400C990844C04908440744F80240EA5757274487EA0400AD
:2055A00068400F990844BB4908440644300440EA16463E4486EA0700604002990844B6497C
:2055C00008440544E80540EA5525354465EA0700704000990844B14908440444A00140EAE8
:2055E00094642C4464EA0600684007990844AC4908440744B80240EA9757274467EA05003C
:2056000060400E990844A74908440644F00340EA56463E4466EA0400784005990844A24955
:2056200008440544680540EAD525354465EA070070400C9908449D4908440444A00140EA8F
:2056400094642C4464EA0600684003990844984908440744B80240EA9757274467EA0500F3
:2056600060400A990844934908440644F00340EA56463E4466EA04007840019908448E4925
:2056800008440544680540EAD525354465EA0700704008990844894908440444A00140EA47
:2056A00094642C4464EA060068400F990844844908440744B80240EA9757274467EA05009B
:2056C0006040069908447F4908440644F00340EA56463E4466EA040078400D9908447A49E5
:2056E00008440544680540EAD525354465EA0700704004990844754908440444A00140EAFF
:2057000094642C4464EA060068400B990844704908440744B80240EA9757274467EA050052
:205720006040029908446B4908440644F00340EA56463E4466EA04007840099908446649B4
:2057400008440544680540EAD5253544D8F800002044C8F80000D8F804002844C8F80400B2
:20576000D8F808003044C8F80800D8F80C003844C8F80C0040B0BDE8F0832DE9F047044652
:205780000F4615460026B046B1462088C0F3C508C8F14009206800EBC50020602068B0EB41
:2057A000C50F02D26068401C6060606800EB557060604D451CD304F1180101EB08004A4612
:2057C000394615F028F804F1180104F10800FFF725FC4E4605E0B91904F10800FFF71EFCAB
:2057E000403606F14000A842F5D94FF0000800E00026AA1BB91904F1180303EB080015F055
:205800000AF8BDE8F08770B5034614460022002015E011F822501D5431F82250C5F30726FF
:20582000451C5E5551F82250C5F30746851C5E5551F822502D0EC61C9D55521C001DA04209
:20584000E7D370BD2DE9FC4104460E46002500272088C0F3C505382D40D2C5F138003FE07B
:2058600081F6718722619D6D0C38E5FD44EABEA4A9CFDE4B604BBBF670BCBFBEC67E9B28C9
:20588000FA27A1EA8530EFD4051D880439D0D4D9E599DBE6F87CA21F6556ACC4442229F45E
:2058A00097FF2A43A72394AB39A093FCC3595B6592CC0C8F7DF4EFFFD15D84854F7EA86F25
:2058C000E0E62CFE144301A3A111084E827E53F735F23ABDBBD2D72A91D386EBC5F17800DC
:2058E0000746082221466846FFF78DFF3A4608492046FFF742FF082269462046FFF73DFFBB
:20590000102204F108013046FFF77DFFBDE8FC815800002070B5054600240AE021460020D0
:2059200001F022F881B2FE4800EB44000180601CC4B2082CF2DB00240BE02146012001F0B8
:2059400013F881B2F648203000EB44000180601CC4B2082CF1DB00240BE02146022001F050
:2059600003F881B2EE48403000EB44000180601CC4B2082CF1DB70BD70470020E94981F802
:20598000010281F800024FF4FA70A1F8EC010020A1F8F201A1F8F001A1F8EE01012081F8FE
:2059A000EA01002081F8E80181F8020281F8E90181F8030281F80402A1F8FC01A1F8FE016F
:2059C00081F8E10181F8E001142081F8E201704770477047D34890F8E201704710B5044611
:2059E000D04890F8E20108B9002010BDCD4991F8E01101EB4101CB4A02EBC1001822214654
:205A0000FFF738F8C74890F8E001401CC54981F8E001084690F8E201401E81F8E201084663
:205A200090F8E001142802D1002081F8E001FF20DBE710B50446BB4890F8E201142801D108
:205A4000002010BDB74890F8E10100EB4000B54A02EBC00118222046FFF70CF8B14890F8FD
:205A6000E101401CAF4981F8E101084690F8E201401C81F8E201084690F8E101142802D15D
:205A8000002081F8E1010120DBE72DE9F04387B080460C4616461F46DDF838902546A97826
:205AA0008DF81210E9788DF8131028788DF8100069788DF81110CDF81490CDE902678DF86D
:205AC00000806846FFF78AFF07B0BDE8F083954981F802027047934890F80202704770B5F5
:205AE0000446207C01F01AF8002848D102208D4981F80002207C00F0E5FF48BB8948B0F81D
:205B0000EC01B0F5967F51DA207C02F095FA18B9207C02F07EFA20B1E07C401EE0740120BF
:205B200070BD8048B0F8EC0100283FD17D4890F8010258B101207B4981F80002084690F814
:205B40000102401E81F801020220E9E70320E7E7207C00F0B7FF0546012D0ED1207C02F05D
:205B60006BFA18B9207C02F054FA20B1E07C401EE0740520D4E70420D2E70620D0E7207CFE
:205B800000F0BDFF012811D1207C02F055FA18B9207C02F03EFA48B1E07C401EE074627CF5
:205BA000A17C207C00F0CBFE0120B9E70020B7E770B5044600265C48007830B1012811D058
:205BC000022828D003280CD151E00020554981F800020120544908704FF47A705149A1F89B
:205BE000F20191E0627CA17C207C00F079FE88B1207C02F021FA207C02F00BFA4FF4FA7021
:205C00004849A1F8EC0102204749087014204549A1F8F20178E0207C00F080FF022825D172
:205C2000207C02F009FA207C02F0F3F901F08BF820B13C4890F80002012804D10020394966
:205C400081F8010203E00120364981F801020120344981F800020320334908704FF47A706C
:205C60003049A1F8F2014010A1F8EC014CE02046FFF735FF0546072D44D2DFE805F0040533
:205C80000E1720313A003DE0FF2600202649087014202449A1F8F20134E0012022490870C6
:205CA0004FF47A701F49A1F8F2012BE0032600201D49087014201B49A1F8F20122E0627C8D
:205CC000A17C207C00F063FE08B1042600E0012600201549087014201249A1F8F20111E0CE
:205CE000052600201049087014200E49A1F8F20108E0022600200C49087014200949A1F855
:205D0000F20100BF00BF00BF00BF0648B0F8F20118B90E26002004490870304670BD00001E
:205D20006501002030710020C501002000B5FC4890F8000202280BD1F948B0F8EC010028AF
:205D400006DDF748B0F8EC01401EF549A1F8EC01F348B0F8F601642807DAF148B0F8F6014B
:205D6000401CEF49A1F8F60105E0FFF705FE0020EB49A1F8F601EA48B0F8F201002806DD65
:205D8000E748B0F8F201401EE549A1F8F201E448B0F8F001002806DDE148B0F8F001401E31
:205DA000DF49A1F8F001DE48B0F8EE01002806DDDB48B0F8EE01401ED949A1F8EE01D84887
:205DC000B0F8F401002806DDD548B0F8F401401ED349A1F8F401D248B0F8F801002806DD93
:205DE000CF48B0F8F801401ECD49A1F8F801CC48B0F8FA01002806DDC948B0F8FA01401E11
:205E0000C749A1F8FA01C648B0F8FC01002806DDC348B0F8FC01401EC149A1F8FC01C0486A
:205E2000B0F8FE01002806DDBD48B0F8FE01401EBB49A1F8FE0100BD4379821D02EB830280
:205E400011604279521C4271704701464879062202EB800070477FB5B14890F802021028F9
:205E60007ED2DFE800F0087DC27D7D7D7D4E89FC5994FBFA4AF9AB48FFF7DBFDE0B1012075
:205E8000A74981F8E901A748807CA7498870A548C07CC870A348007C0870A248407C48703E
:205EA0000020487108710FF02DFB062010F064F90E20FFF70CFE1FE0994890F80402D8B1C1
:205EC0009748B0F8FC01B8B90020954981F804020DF032F950B109F0F2FD18B1022010F054
:205EE0004BF906E0032010F047F902E0002010F043F901200FF006FBB6E10220FFF7E7FD23
:205F0000B2E141F6583364220121002003F050F80A20FFF7DCFDA7E1002003F06CF850BB26
:205F2000002003F07FF838B980497F48FFF784FF0220FFF7CCFD1EE07C4966317A48FFF7EA
:205F40007BFF7848406980B17748FFF77EFF85B27448C1688068CDE900017249087800E025
:205F600081E12A464B697049984702A80EF032FB0020FFF7ACFD77E141F6583364220021AE
:205F8000084603F015F80B20FFF7A1FD6CE1002003F031F840BB002003F044F838B9634984
:205FA0006148FFF749FF0220FFF791FD1CE05F4969315D48FFF740FF5A48406970B15A482E
:205FC000FFF743FF85B25749D1E90201CDE90001544908782A464B695349984702A80EF0DA
:205FE000F9FA0020FFF773FD3EE14E48FFF7E0FD04462046042C59D007DC68B101280CD096
:20600000022819D0032807D12AE005285ED00E2875D0FF28F7D193E0A9E045494248FFF791
:206020000BFF44494048FFF707FF00203E4908710D20FFF74CFD9AE03D49491E3A48FFF7DA
:20604000FBFE3C493848FFF7F7FE0020364908710D20FFF73CFD8AE0B1E08AE0D8E0CCE01A
:2060600035493148FFF7E8FE00202F4908712C4890F80302401C2A4981F80302084690F818
:206080000302022804DC2749087C01F0AFFF28B12849491C2448FFF7CFFE03E025492248C5
:2060A000FFF7CAFE0D20FFF712FD60E02049891E1D48FFF7C1FE1F491B48FFF7BDFE0020EA
:2060C000194908710D20FFF702FD50E00020144981F803021449087802F040FE1449891E87
:2060E0001148FFF7A9FE15490F48FFF7A5FE01200D4908710D20FFF7EAFC38E0FFE70C4910
:20610000491C0948FFF798FE0A490748FFF794FE0020054908710D20FFF7D9FC27E000002D
:20612000307100203873002050730020E0A50100B78B010001900100888A0100708E010083
:206140004A49087802F00AFE0020494981F8030248494648FFF770FE47494448FFF76CFE03
:206160000120424908710D20FFF7B1FC00BF00BF7AE04248406970B13C48FFF766FE85B2E9
:206180003E49D1E90201CDE900013C4908782A464B69364998473548D0F80A00334D00901E
:2061A000D5F80630AA786978287810F06CFF64202F49A1F8FE010F20FFF789FC54E02C48E8
:2061C000B0F8FE01C0B929480079012803D107200FF0D2FF02E008200FF0CEFF012024495D
:2061E00081F804024FF4FA70A1F8FC0102A80EF0F1F90020FFF76BFC36E041F65833642270
:206200000021084602F0D4FE0C20FFF760FC2BE0002002F0F0FE28BB002002F003FF20B9F2
:2062200017491248FFF708FE04E0154969310F48FFF702FE1148406970B10C48FFF705FE0F
:2062400085B20E48C1688068CDE900010B4908782A464B690549984702A80EF0BBF9002048
:20626000FFF735FC00E000BF00BF7FBD5073002030710020888A0100708E010038730020DC
:20628000E0A5010010B5044614B902F063FA10BD3A4800EBC400C079F9E710B504461CB952
:2062A00002F05BFAC0B210BD344800EBC4008079F9E710B5324800F0FCF8314B9A785978D2
:2062C0001B7803F0010002F04CFA04222C492B48FEF7D0FB04222A49091D28480830FEF7D5
:2062E000C9FB04222649083124481030FEF7C2FB10BD38B505460C46207820B9E278A17873
:20630000607802F02EFA617820781D4A12F8200061F30000217802F82100A078217802EBE3
:2063200081014870E07840B2217802EB81018870104600F0A6F861782078104A12F83000F0
:2063400061F30000217802F83100A078217802EBC1014870E07840B2217802EBC101887083
:2063600020788DF8000000208DF8020001208DF8010000208DF8030038BD0000767300200C
:206380008E7300200146F84830F811007047F74890F8FE007047F54890F8FC007047F0B5CC
:2063A0000346002400201A4600BF03E015682844121D641CB4EB910FF8D301F0030555B1AD
:2063C00001F00306C6F10406F7004FF0FF36FE40156835402844F0BD02460B46002104E0B0
:2063E000505C08B100207047491C9942F8D3FF20F9E710B5DE48DF4908604FF43171DD48D2
:206400000068FFF7CCFF0446DA480068D0F8C402A04226D1F4B94FF43171D6480068FFF70A
:20642000DBFFFF280FD14FF43171D048FFF7B7FF0446CE48C0F8C4424FF4B2720146CC48F2
:20644000FEF73DFD1CE04FF4B272C849C848FEF725FD15E04FF4B272C449C548FEF71EFDEC
:206460000EE04FF43171C148FFF799FF0446BF48C0F8C4424FF4B2720146BD48FEF71FFDDF
:2064800010BD70B504460C222146B8482430FEF7F1FA4FF43171B548FFF781FF0546B34859
:2064A000C0F8C4524FF4B2720146B148FEF707FD70BD10B504460C22AC4924312046FEF75F
:2064C000D9FA10BD70B50446CC222146A7483030FEF7D0FA4FF43171A448FFF760FF0546D9
:2064E000A248C0F8C4524FF4B2720146A048FEF7E6FC70BD10B50446CC229C4930312046A1
:20650000FEF7B8FA10BD70B50446242221469748FEF7B0FA4FF431719448FFF740FF05462C
:206520009248C0F8C4524FF4B27201469048FEF7C6FC70BD10B5044624228C492046FEF7C4
:2065400099FA10BD70B504468022214686482030FEF790FA4FF431718448FFF720FF0546B5
:206560008248C0F8C4524FF4B27201468048FEF7A6FC70BD10B5044680227B49203120461D
:20658000FEF778FA10BD70B505460C46224629467548A330FEF76EFA744880F8A1414FF4E8
:2065A0003171FFF7FCFE06467048C0F8C4624FF4B27201466E48FEF782FC70BD70B50546F3
:2065C0000C46224629466848C330FEF753FA674880F8A2414FF43171FFF7E1FE06466348F2
:2065E000C0F8C4624FF4B27201466148FEF767FC70BD10B504465D4890F8A12100F2A3113D
:206600002046FEF737FA10BD10B50446574890F8A22100F2C3112046FEF72CFA10BD534879
:2066200090F8A201704770B50446504880F8A0414FF43171FFF7B3FE05464C48C0F8C452DF
:206640004FF4B27201464A48FEF739FC70BD474890F8A001704710B50024474847490860C4
:20666000C42146480068FFF79AFE044643480068D0F8C400A04221D1D4B94048006800880F
:206680004AF2A00188420DD0C4213D48FFF787FE04463B48C0F8C440642201463648FEF7C8
:2066A0000EFC18E0642236493348FEF7F7FB12E0642233493048FEF7F1FB0CE0C4213048DB
:2066C000FFF76DFE04462E48C0F8C440642201462948FEF7F4FB10BD10B5044654222849F8
:2066E000091D2046FEF7C6F910BD70B50446542221462348001DFEF7BDF9C4212048FFF7CB
:206700004EFE05461E48C0F8C450642201461A48FEF7D5FB70BD10B5044620221849583154
:206720002046FEF7A7F910BD70B504462022214613485830FEF79EF9C4211148FFF72FFEA9
:2067400005460F48C0F8C450642201460A48FEF7B6FB70BD10B504462A220949783120461D
:20676000FEF788F910BD0000CC020020CC01002000D80308C801002000EC03089404002080
:206780009804002070B504462A2221465148FEF771F9C4214F487838FFF701FE05464D4822
:2067A0007838C0F8C450642201464B48FEF787FB70BD10B50446202246492A312046FEF7C3
:2067C00059F910BD70B504462022214641482A30FEF750F9C4213F487838FFF7E0FD054627
:2067E0003C487838C0F8C450642201463A48FEF766FB70BD08B50020009001226946374809
:20680000FEF74CFBBDF8000008BD08B500200090012269463148801CFEF740FBBDF8000089
:2068200008BD08B500200090012269462B48001DFEF734FBBDF8000008BD08B500200090B9
:20684000012269462548801DFEF728FBBDF8000008BD70B504460D46B4F5616F09DAC4EBFD
:20686000C4011E4A083202EB81000E222946FEF715FB70BD70B504460D46B4F5616F09DA54
:20688000C4EBC401154A083202EB81000E222946FEF715FB70BD01B5012269460F48FEF7D8
:2068A0000EFB08BD01B5012269460C48801CFEF706FB08BD01B5012269460848001DFEF7ED
:2068C000FEFA08BD01B5012269460448801DFEF7F6FA08BD1005002000EC03080048020862
:2068E00070B504460E46154624B92946304600F03DF970BD04EB840000EBC4008F4901EB7F
:20690000C000807808B10020F3E7012004EB840101EBC401894A02EBC101087104EB840058
:2069200000EBC400114601EBC000867104EB840000EBC40001EBC0004571FF20D9E770B526
:2069400004460D46164624B93146284600F01EF970BD002004EB840101EBC401774A02EB55
:20696000C101087100BFF3E770B504460D461CB9284600F010F970BD04EB840000EBC400F6
:206980006E4901EBC000083050F82500F3E770B504460E4615466CB929462046FFF7E4FF24
:2069A00004EB840101EBC401644A02EBC101083141F8250004EB840000EBC4005F4901EB08
:2069C000C000083050F825100120B040014009B1012070BD0020FCE7024602EB820000EB43
:2069E000C200564B03EBC000283050F831007047024602EB820000EBC200504B03EBC00051
:206A00004078704770B504460E4615466CB929462046FFF7E1FF04EB840101EBC401474A63
:206A200002EBC101283141F8350004EB840000EBC400424901EBC000283050F83510012081
:206A4000B040014009B1012070BD0020FCE770B504460D461CB9284600F04CF970BD04EBA4
:206A6000840000EBC400354901EBC000283000EBC5004068F2E770B504460E46154674B9E5
:206A800029462046FFF7E3FF04EB840101EBC4012A4A02EBC101283101EBC501486004EB5F
:206AA000840000EBC400254901EBC000283000EBC50040680121B140084008B1012070BD77
:206AC0000020FCE710B5044614B900F034F910BD04EB840000EBC400184901EBC000407806
:206AE000F5E710B5044614B900F029F910BD04EB840000EBC400114911F83000F6E710B5A8
:206B0000044614B900F01FF910BD04EB840000EBC4000A4901EBC000C078F5E710B5044645
:206B200014B900F0DBF810BD04EB840000EBC400024901EBC0008078F5E700009C730020DC
:206B400010B500240CE0002104EB440000EB0412FE4840F82210603840F82410601CC4B265
:206B6000082CF0DB00F05BFE10BD70470246F7487838807C08B1002070470120F34B783B74
:206B80001875184682754175FF20F5E70022EF4B783B1A7570470146EC48603850F8210091
:206BA00070470246E948603850F8210001239340184008B1012070470020FCE70146E3484F
:206BC000403850F8310070470146E0487838407C704710B50246DD48403850F83100012433
:206BE000944000EA04030BB1012010BD0020FCE730B5024601EB410000EB0114D34800EBC3
:206C0000840040680124944000EA040393B101EB410000EB0114CD4800EB840040689843E6
:206C200001EB410404EB0115C84C04EB85046060012030BD0020FCE730B5024601EB410067
:206C400000EB0114C14800EB840080680124944000EA040393B101EB410000EB0114BB4876
:206C600000EB84008068984301EB410404EB0115B64C04EB8504A060012030BD0020FCE721
:206C800010B5024601EB410000EB0114AF4850F824000124944000EA04030BB1012010BDC3
:206CA0000020FCE7024601EB410000EB0113A74800EB83000C3030F812007047A348783838
:206CC000C0687047024601EB410000EB01139F4800EB83002C3030F8120070479B4878382C
:206CE000807C704799487838017D09B1012070470020FCE701469548403800EBC10040684D
:206D0000704710B502469148403800EBC10040680124944000EA04030BB1012010BD002056
:206D2000FCE702460B4689487838417C09B1012070470020FCE785487838407C7047834849
:206D40007838007C704781487838C07C704710B57E487838007D38B100207D4908707D491F
:206D600008707D49087010BD79480078052808DA77480078401C764908707648007800F058
:206D80000DFB7348007805287ED173480178022000F0AEFE88B16D4860386F49097850F843
:206DA00021006C490A7801219140084367496039694A127841F8220010E064486038664979
:206DC000097850F8210063490A780121914088435E496039604A127841F822005E480178EF
:206DE000012000F085FEB8B15B48007800EB400101EB0011554850F8210056490A78012109
:206E0000914008435449097801EB410202EB01124E4941F8220016E04F48007800EB4001E6
:206E200001EB0011494850F821004A490A780121914088434849097801EB410202EB011247
:206E4000424941F8220044480178012000F0AEFEC0B14148007800EB400101EB00113B486C
:206E600000EB810040683B490A780121914008433949097801EB410202EB0112334901EB20
:206E800082014860344800E036E00178012000F068FEC0B13048007800EB400101EB0011DB
:206EA0002A4800EB810080682A490A780121914008432949097801EB410202EB011223494B
:206EC00001EB8201886000202149087022480078401C214908700846007808280CD1002046
:206EE00008701C480078401C1A49087008460078102801D10020087000F08DFC1349783919
:206F0000C86000BF2FE770B510487838007D18B10E487838807C00B970BD0C487838857D13
:206F2000447D284600F03AFA2146012000F0E0FDD0B104EB440000EB0411044850F8210040
:206F40000121A940084304EB440107E04C75002060050020610500206205002001EB04124B
:206F6000F94941F8220010E004EB440000EB0411F54850F821000121A940884304EB4401A1
:206F800001EB0412F04941F822002146012000F00DFE90B104EB440000EB0411EA4800EB47
:206FA000810041680120A840014304EB440000EB0412E54800EB820041602146012000F073
:206FC000D0FD90B104EB440000EB0411DE4800EB810081680120A840014304EB440000EB8A
:206FE0000412D94800EB820081602146012000F002FE014604EB440000EB0412D24800EB14
:2070000082000C3020F815102146012000F0FFFD04EB440101EB0412CB4901EB82012C31EB
:2070200021F8150000F0F7FBC7497839C86000BF72E710B5FFF78BFEFFF765FF10BD2DE9BE
:20704000F0410125FFF783FEFFF75DFFBE487838007D28B9BC487838807C08B9BDE8F08175
:20706000B9487838007D40B90021B7487838817400F082F900F072F96BE1B3487838807C6B
:2070800030B1B1487838C088401CAF497839C880AD487838807CF8B94FF41670AA49783912
:2070A00088800121A848783881740020A6497839C88048800021A448783841740020A249C4
:2070C000783948810874887D00F068F99E497839487D00F0EBFA3CE19B487838C08805280D
:2070E00020D1994A783A517D907DFFF7A5FD964A783A517D907DFFF77BFD934A783A517D5F
:20710000907DFFF7BDFD20B101218F487838C17403E000218C487838C17402218A487838A1
:20712000817416E188487838C0880528A4DD864878384088C0B384487838C08882497839F4
:207140004988401A282897DD7F487838867D477D807D05FA00F47C487838417D383000EB8D
:20716000C1004068A043784978394A7D383101EBC201486074487838417D383050F83100BF
:20718000A043714978394A7D383141F83200002038394880087500216B487838817400F0C7
:2071A000EBF800F0DBF8D4E0FFE7674A783A517D907DFFF741FD00284FD063487838867D78
:2071C000477D39463046FFF76DFD642844DD39463046FFF767FDB0F5167F30DD5A48783801
:2071E000807D05FA00F400205749783908740846417D383000EBC1004068A04352497839BB
:207200004A7D383101EBC20148604F487838417D383050F83100A0434B4978394A7D3831A9
:2072200041F832000020383948800875002146487838817400F0A0F800F090F80CE039464E
:207240003046FFF72FFD642806DD01203E49783908740846C08848807BE03B487838C0881E
:20726000394978398988884224D137487838807D05FA00F434487838417D383000EBC100EE
:2072800040682043304978394A7D383101EBC201486001212C487838417400202A497839F3
:2072A0000875002128487838817400F065F800F055F84EE0FFF702FD06464FF07E5116F00E
:2072C00057FB2FD2204878384089962807DA1E4878384089401C1C497839488139E01A4846
:2072E0007838807D05FA00F417487838417D383050F831002043144978394A7D383141F866
:207300003200022110487838417400200E497839087500210C487838817400F02DF800F097
:207320001DF816E008487838C088642811D1064A783A517D907DFFF7A3FC38B100200249C6
:207340007839087405E000004C75002001200249087400BF82E60000D47400200020FE495C
:207360000860FE49C1F8B001FB4908390860091F0860091F086070470020F9490860F94924
:20738000C1F89001F64908310860F7490860F4490C310860F349C1F89C0170470021F04A95
:2073A0001160F04AC2F89011ED4A08321160EE4A1160EB4A0C321160EA4AC2F89C11102885
:2073C0007ED2DFE800F0081B2F44586D859AAEC3D9F5F3F2F1F00021E14A1160E14AC2F885
:2073E0009011DF4A08321160DF4A1160DC4A0C3211600121DB4AC2F89C1155E10121D84A81
:2074000011600021D74AC2F89011D54A08321160D54A1160D24A0C3211600121D14AC2F842
:207420009C1141E10021CE4A11600121CD4AC2F890110021CA4A08321160CB4A1160C84AC7
:207440000C3211600121C74AC2F89C112CE10121C34A1160C34AC2F890110021C04A083269
:207460001160C14A1160BE4A0C3211600121BD4AC2F89C1118E10021B94A1160B94AC2F88D
:2074800090110121B64A083211600021B64A1160B34A0C3211600121B24AC2F89C1103E1D7
:2074A0000121AF4A11600021AE4AC2F890110121AB4A083211600021AB4A1160A84A00E0B1
:2074C000E0E00C3211600121A64AC2F89C11EBE00021A34A11600121A24AC2F89011A04A27
:2074E000083211600021A04A11609D4A0C32116001219C4AC2F89C11D6E00121984A116035
:20750000984AC2F89011964A083211600021964A1160934A0C3211600121924AC2F89C1140
:20752000C2E000218E4A11608E4AC2F890118C4A0832116001218C4A11600021884A0C32F1
:2075400011600121874AC2F89C11ADE00121844A11600021834AC2F89011814A08321160B3
:207560000121814A116000217D4A0C32116001217C4AC2F89C1197E00021794A11600121D9
:20758000784AC2F890110021754A083211600121754A11600021724A0C3211600121714A88
:2075A000C2F89C1180E059E043E02CE016E0FFE701216B4A11606B4AC2F890110021684A95
:2075C000083211600121684A11600021644A0C3211600121634AC2F89C1165E00021604AF7
:2075E0001160604AC2F8901101215D4A083211605D4A116000215A4A0C3211600121594A50
:20760000C2F89C1150E00121554A11600021554AC2F890110121524A08321160524A116010
:2076200000214F4A0C32116001214E4AC2F89C113AE000214A4A116001214A4AC2F890116F
:20764000474A08321160484A11600021444A0C3211600121434AC2F89C1125E00121404AC6
:207660001160404AC2F890113D4A083211603E4A116000213A4A0C3211600121394AC2F8D6
:207680009C1111E00021364A1160364AC2F89011334A08321160344A1160314A0C3211601E
:2076A000304AC2F89C1100BF00BF704700212A4A11602A4AC2F8B011274A083A1160121F6A
:2076C0001160121F1160082873D2DFE800F0041323344F60738400211F4A11601F4AC2F839
:2076E000B0111D4A083A1160121F11600121121F11608EE00121184A11600021174AC2F8AA
:20770000B011154A083A1160121F11600121121F11607EE00021104A116001210F4AC2F8B1
:20772000B01100210C4A083A1160121F11600121121F11606DE00121074A1160074AC2F8BC
:20774000B0110021044A083A1160121F11600121121F11605DE00000B40124420000244222
:207760008C81224200802242948121420021414A1160414AC2F8B01101213E4A083A1160BC
:207780000021121F11600121121F116041E00121384A11600021384AC2F8B0110121354A6D
:2077A000083A11600021121F11600121121F11602FE020E000212F4A116001212E4AC2F821
:2077C000B0112C4A083A11600021121F11600121121F11601DE00121264A1160264AC2F80E
:2077E000B011244A083A11600021121F11600121121F11600DE000211E4A11601E4AC2F817
:20780000B0111C4A083A1160121F1160121F116000BF00BF704710B500F0CBFC10BD08B50F
:2078200001214FF4B470FBF7A1FA01211348FBF74CF810208DF8030003208DF802004FF4DA
:207840007850ADF8000069460D48FAF76DFF2020ADF8000069460B48FAF766FFF820ADF860
:20786000000069460848FAF75FFFFFF777FDFFF783FD08BDB4012442000024420002300062
:2078800000200140000C01400014014000B591B001214FF40670FBF769FA01210846FBF75D
:2078A00058FA00208DF82F0003208DF82E003020ADF82C000BA94F48FAF736FF0120ADF874
:2078C0002C000BA94C48FAF72FFF4C48FCF7C4FB4A484C3000904A480190002002901E201E
:2078E000039000200490802005904000069080000790202008900002099000200A90694643
:207900004048FAF74BFB01213E48FAF772FB00200C9001208DF834008DF835004FF460208F
:207920000E9000200F9003208DF840000CA93348FCF7B9FB062301220E213048FCF74BFCFE
:20794000062302220F212D48FCF745FC0623032208212A48FCF73FFC01212848FCF7CFFB9B
:2079600001212648FCF7D6FB01212448FCF707FC01212448FAF73DFB2048FCF7E2FB00BF81
:207980001E48FCF7E3FB0028FAD11C48FCF7E8FB00BF1A48FCF7E9FB0028FAD10121174817
:2079A000FCF7EDFB01211748FAF723FB11B000BD10B503460021022B01DD002010BD002295
:2079C00009E002EB42000E4C04EB400030F813000144501CC2B20A2AF3DB0A20B1FBF0F1ED
:2079E000B1FBF0F400FB1410052800D9491C88B2E4E7000000100140000C01400024014065
:207A0000AC7700200800024010B50A4600210AE000EB4003C3EB8014D64B03EB8403D033B0
:207A20005A544B1CD9B200EB4003C3EB8014D14B13F824308B42EBDC10BD10B500F084FC25
:207A40003F20CC49083908600620486002200872C949C8480838C0F8F81005210020FFF741
:207A6000D3FF0821C348083880F8FC10C349C0F8EC1105210120FFF7C7FF0821BD4808380A
:207A800080F8F011BE49C0F8E01205210220FFF7BBFF0621B748083880F8E412B949C0F836
:207AA000D41305210320FFF7AFFF0621B148083880F8D813B449C0F8C81405210420FFF75E
:207AC000A3FF0421AB48083880F8CC14AF49C0F8BC1505210846FFF797FF10BD014601EBD3
:207AE0004100C0EB8112A34800EB820040687047024602EB4200C0EB82139E4800EB830045
:207B0000406801238B40184008B1012070470020FCE710B5014601EB4102C2EB8113954A87
:207B200002EB8302D068002301EB4102C2EB8114904A02EB8402D36010BD10B5014601EBC2
:207B40004102C2EB81138B4A02EB83029068002301EB4102C2EB8114864A02EB8402936098
:207B600010BD10B5024602EB4200C0EB8213814800EB8300C06801238B401840A0B102EBD8
:207B80004200C0EB82137B4800EB8300C06801238B40984302EB4203C3EB8214754B03EB1C
:207BA0008403D860012010BD0020FCE710B5024602EB4200C0EB82136E4800EB830080688D
:207BC00001238B401840A0B102EB4200C0EB8213684800EB8300806801238B40984302EBE1
:207BE0004203C3EB8214634B03EB84039860012010BD0020FCE7024602EB4200C0EB821339
:207C00005C4800EB8300103030F811007047024602EB4200C0EB8213564800EB83005030DF
:207C200030F81100704710B500F00EFD10BD2DE9F0410446012700257AE007FA05F6284625
:207C4000D4F8F0108847C0B304F19000405D20B9002104F1100020F8151004F1100030F88B
:207C600015004FF6FF71884209DA04F1100030F81500401C81B204F1100020F8151004F185
:207C80009000415D4030405D814208DA04F19000405D401CC1B204F19000415546E060680A
:207CA0003040A8BB002104F1B0004155606830436060A0683043A06038E0FFE704F1B0007C
:207CC000405D20B9002104F1500020F8151004F1500030F815004FF6FF71884209DA04F1B2
:207CE000500030F81500401C81B204F1500020F8151004F1B000415D2030405D814208DA11
:207D000004F1B000405D401CC1B204F1B00041550CE06068304048B1002104F190004155BE
:207D20006068B0436060E0683043E060681CC5B22078A84281DCBDE8F08170B5012600246D
:207D400011E006FA04F50B4808380068284040B104EB4401C1EB8412064901EB8200FFF7BC
:207D600066FF601CC4B2034808384068A042E8D870BD0000F0770020E7830008078400081E
:207D8000998400082D8500087D850008CD8500080146FB48C06801228A40104008B10120D7
:207DA00070470020FCE70146F548806901228A40104008B1012070470020FCE710B5FFF710
:207DC00065FDFFF73AFE10BD017801290AD14168B1F57A7F03D24168491C416005E00121F5
:207DE000C17002E00021C1704160704710B5FFF7A4FF03210420FFF77BFEE24908700321EA
:207E00000420FFF7D3FEDF4949780843DD49487003210420FFF7A5FEDA4989780843D949F3
:207E200088700846FFF7D0FF00210520FFF760FED44981F8380000210520FFF7B7FED149C4
:207E400091F839100843CF4981F8390000210520FFF787FECB4991F83A100843C94981F8BD
:207E60003A0001210520FFF743FEC64981F8400001210520FFF79AFEC24991F84110014384
:207E8000C04880F8411001210520FFF76AFEBD4991F842100143BB4880F842100221052032
:207EA000FFF726FEB74981F8480002210520FFF77DFEB44991F849100143B24880F8491040
:207EC00002210520FFF74DFEAE4991F84A100143AC4880F84A1003210520FFF709FEA949FD
:207EE00081F8500003210520FFF760FEA54991F851100143A34880F8511003210520FFF7FD
:207F000030FEA04991F8521001439E4880F8521004210320FFF7ECFD9A4981F8580004215B
:207F20000320FFF743FE974991F859100843954981F8590004210320FFF713FE914991F868
:207F40005A1008438F4981F85A0010BD8D4890F8580070478B4890F8590028B10021894809
:207F600080F85910012070470020FCE7854890F85A0028B10021834880F85A100120704717
:207F80000020FCE70146042901DB002070477D48383010F83100F9E70146042901DB002001
:207FA00070477848383000EBC100407838B100227448383000EBC10042700120F0E70020D9
:207FC000EEE70146042901DB002070476D48383000EBC100807838B100226A48383000EBD4
:207FE000C10082700120F0E70020EEE70146022901DB00207047634800EBC100C078F9E74D
:208000000146022901DB002070475E4810F83100FAE70146022901DB00207047594800EBCA
:20802000C100407830B10020564A02EBC10250700120F2E70020F0E70146022901DB002057
:208040007047504800EBC100807830B100204D4A02EBC10290700120F2E70020F0E70146AD
:20806000484800EBC100807870470146454800EBC100407870470146022901DB0020704701
:208080004048283010F83100F9E70146022901DB002070473B48283000EBC100407838B19A
:2080A00000223848283000EBC10042700120F0E70020EEE70146022901DB002070473148DD
:2080C000283000EBC100807838B100222D48283000EBC10082700120F0E70020EEE70146FA
:2080E000022901DB002070472648083010F83100F9E70146022901DB00207047214808301D
:2081000000EBC100407838B100221E48083000EBC10042700120F0E70020EEE70146022995
:2081200001DB002070471748083000EBC100807838B100221348083000EBC10082700120F4
:20814000F0E70020EEE70146022901DB002070470C48183010F83100F9E70146022901DB2B
:20816000002070470748183000EBC100407858B100220448183000EBC10042700120F0E718
:20818000087E0020A87D00200020EAE70146022901DB00207047634800EBC100807830B1AE
:2081A0000022604800EBC10082700120F2E70020F0E72DE9F05F0220FFF7FAFB834658468D
:2081C00015F020F88046584A584B15F06BF8064600224FF0804315F065F8044614F0C4FD2E
:2081E00082465046BDE8F09F2DE9FF5F83465846FFF7DEFB28301FFA80FACAF5805015F0C4
:208200009FFA0190504614F0FDFF07460022484B15F048F8054614F0A7FD0090019915F035
:20822000ADF903904349039815F0D6FA054615F067FA81464048B0F90000484504D33E4876
:20824000B0F9B400484503D9FF2004B0BDE8F09F00242AE0384830F91400484505D936497C
:20826000601C31F9100048450AD3334830F91400484505D03049601C31F91000484512D125
:208280002D49601C31F91000A9EB00012A4A601C32F91000A0EB0900814201D9029402E049
:2082A000601CC0B20290601CC4B25A2CD2DB0298CBE72DE9F84F04462046FFF779FB0090C6
:2082C000009814F09FFF07464FF066321B4B14F0E9FF054614F048FD83464FF08B4115F081
:2082E0004DF98146484615F011F90746144A154B14F080FD054614F041FF00F0FF0A50462A
:20830000BDE8F88F10B50120FFF76EFF10BD10B50020FFF769FFC01CC0B210BD32207047B4
:2083200032207047C07D0020B4D934E70C684A3F0000244000007A44D8DA010866660A403F
:20834000B81E85EB51B89E3F08B501217D20FAF70DFD0121D748FAF7B8FA48208DF80300A6
:2083600003208DF802004FF4F850ADF800006946D148FAF7D9F94FF47070ADF80000694621
:20838000CE48FAF7D1F94FF47F40ADF800006946CB48FAF7C9F94FF63070ADF800006946B7
:2083A000C848FAF7C1F94FF2C010ADF800006946C548FAF7B9F9F020ADF800006946BE4883
:2083C000FAF7B2F910208DF8030003208DF802000220ADF800006946BB48FAF7A5F9012076
:2083E000BA49086008BD014611B1012909D103E0B7480068C0B27047B548001F0068C0B2D7
:20840000F9E70020F7E70146082943D2DFE801F0040B131B232B323AAE48006808B9012002
:2084200070470020FCE7AB48001F006808B90120F6E70020F4E7A7480838006808B90120D5
:20844000EEE70020ECE7A3480C38006808B90120E6E70020E4E79F481038006808B90120AA
:20846000DEE70020DCE79C48006808B90120D7E70020D5E79848001F006808B90120CFE78D
:208480000020CDE794480838006808B90120C7E70020C5E70020C3E70146082944D2DFE809
:2084A00001F0040B131B232B333B8C48006808B9012070470020FCE78848001D006808B9E4
:2084C0000120F6E70020F4E784480830006808B90120EEE70020ECE780480C30006808B960
:2084E0000120E6E70020E4E77C481030006808B90120DEE70020DCE778481430006808B980
:208500000120D6E70020D4E774481830006808B90120CEE70020CCE76F480C38006808B9A8
:208520000120C6E70020C4E70020C2E70146062922D2DFE801F003080D12171C644824305A
:208540000068C0B27047624828300068C0B2F9E75E4850380068C0B2F4E75C484C3800685B
:20856000C0B2EFE7594848380068C0B2EAE75B48001F0068C0B2E5E70020E3E7014606291F
:2085800022D2DFE801F003080D12171C50480C300068C0B270474E4810300068C0B2F9E7DD
:2085A0004B4814300068C0B2F4E7494818300068C0B2EFE746481C300068C0B2EAE7444895
:2085C00020300068C0B2E5E70020E3E7014631B101290CD0022912D0032920D117E03D48E6
:2085E0001438006808B9012070470020FCE739481838006808B90120F6E70020F4E73548BB
:208600001C38006808B90120EEE70020ECE731482038006808B90120E6E70020E4E7002001
:20862000E2E708B501210420FAF7A0FB28208DF8030003208DF80200F020ADF80000694604
:208640001D48FAF771F808BD70B50024FFF7E9FF00252BE01848083001680F2020EA010400
:208660001C482038006810B944F0010401E024F0010418481C38006810B944F0020401E0DA
:2086800024F0020413481838006810B944F0040401E024F004040F481438006810B944F0A3
:2086A000080401E024F00804681C85B2FF2DD1DB204670BD000230000008014000100140BB
:2086C0000014014000180140000C0140848121421401234230012142240122422481224297
:2086E000704720B14FF40051194A116103E04FF40051174A51617047704720B14FF48041BC
:20870000134A116103E04FF48041114A5161704708B501211020FAF729FB4FF4C040ADF8D3
:20872000000010208DF8030003208DF8020069460748F9F7F9FF0020FFF7DFFF0020FFF7E7
:20874000DBFF0020FFF7CDFF0020FFF7C9FF08BD00100140FC48C0787047FB4890F9020068
:20876000704710B5F94B1B7860F30003F74C23702346597053B2A37010BD10B50446F34819
:20878000007864F34100F1490870084600784108ED48007861F34100EB490870EB49097865
:2087A000C1F34000FFF79DFF10BD10B50446E748007864F38200E5490870084600788108E2
:2087C000E148007861F38200DF490870DF490978C1F38000FFF791FF10BD10B50446DB4820
:2087E000007864F3C300D949087008460078C108D548007861F3C300D3490870D3490978E1
:20880000C1F3C000FFF778FF10BD10B50446CF48007864F30410CD49087008460078010943
:20882000C948007861F30410C7490870C7490978C1F30010FFF754FF10BD10B5FFF76EFD2E
:2088400040B2C149C870084690F90300642804DC084690F9030005280BDABB4840780221D4
:2088600041EA1010B849497860F30711B64841700DE0B548C07850B1B34840780D2101EAE2
:208880001010B149497860F30711AF484170FFF739FDFF2815D1AC484078012141EA101098
:2088A000A949497860F30711A7484170A748407818B90020A449887013E0FF20A249887088
:2088C0000FE0A14840780E2101EA10109E49497860F307119C484170FFF714FD40B29A494A
:2088E00088709A48407838BB974890F90200974991F90210884207DB934890F9020093491F
:2089000091F90210884207D18F48007820F0200020308D49087036E08B4890F902108B48A5
:2089200090F90200401C81422DDD8748007820F020008549087026E0834890F9020083499E
:2089400091F90210884207DC7F4890F902007F4991F90210884207D17B48007820F020000B
:208960002030794908700EE0774890F90210774890F90200401E814205DA7348007820F098
:2089800020007149087010BD10B56F48007800F0010000B36C480078C0F34000D8B96A48BE
:2089A0000078C0F34010B0B16748C08867498989884205DA6448C088401C6349C8800EE047
:2089C00000206149C88008460078C0F3800018B10020FFF7EAFE02E00120FFF7E6FE10BD1B
:2089E00010B55948408959494989884204DA56484089401C54494881534840895349498931
:208A000088421CD150480078C0F34010B8B90120FFF7B3FE0120FFF7C8FE00204A494881FA
:208A200008818880C8800846007820F0400008700846007820F00100401C087018E04348A1
:208A4000408942490979401A3F49498988420FD13E48407830B10020FFF7D7FE0120FFF7C1
:208A6000BCFE05E00120FFF7D0FE0020FFF7B5FE10BD10B53448007800F00100002850D0EA
:208A800031480078C0F34010002840D12E480078C0F3400020B92C480078C0F3801078B395
:208AA000294800892949C988884205DA26480089401C2549088136E0234800892349C9883F
:208AC000884211D120480078C0F3801060B90020FFF753FE00201C4988800846007820F0E4
:208AE0004000403008701EE01748808817490989884206DA14488088401C1349888012E037
:208B000002E0FFF76DFF0EE0FFF76AFF0BE00E48007820F040000C4908700020FFF72DFEAD
:208B200001E0FFF75DFF10BD10B500F0D0F918B901F07EFA01280BD10448007820F00100A3
:208B4000401C0249087009E02C7E0020387E00206948007820F001006749087066480078E5
:208B600000F0010000B3644840786449497801F00F01884215D0604841786048407861F3BA
:208B800003005E494870002048810846007820F0010008700020FFF7F0FD0020FFF705FE1F
:208BA00018E0FFF766FF15E05448007800F0010080B10020514948810846007820F00100DD
:208BC00008700020FFF7D9FD0020FFF7EEFD0020FFF71BFE10BD10B508204749887000209F
:208BE00048700846007820F00100401C08704FF4966088814FF4E150C880801008810520D6
:208C00000871B4204881FFF783FD10BD10B53C4800780A2805DA3A480078401C38490870DA
:208C20005FE0002036490870FFF76CFB3549097888420BD1FFF76BFB33490978884205D1E3
:208C400003F0BEFA3149096888424AD003F0B8FA2E490860FFF756FB2A490870FFF757FB9C
:208C600029490870FFF74EFBFF281CD100200DF00AF8FFF74CFBFF2809D100200CF0A1FF9E
:208C800003F09EFA08BB9A200DF0CAF829E0FFF73EFB04460CF095FF03F092FAA8B9982063
:208CA0000DF0BEF81DE0FFF72DFB04460CF0EBFFFFF72DFBFF2809D100200CF082FF03F007
:208CC0007FFA10B999200DF0ABF80AE0FFF71FFB04460CF076FF03F073FA10B997200DF067
:208CE0009FF810BD10B5FFF7A8FDFFF74DFEFFF71BFFFFF78BFF10BD387E00202C7E002072
:208D00006405002065050020660500206805002008B501213020FAF729F810208DF803002F
:208D200003208DF802000820ADF8000069464548F9F7FAFC0220ADF8000069464248F9F7AA
:208D4000F3FC08213F48F9F79EFD02213E48F9F79AFD08BD01203D490870704700B5024621
:208D600012B9FFF7F7FF03E00120394901F8220000BD10B537480078012809DA0221324879
:208D8000F9F77FFD33480078401C3249087010E030480078022809DA02212B48F9F773FD42
:208DA0002C480078401C2B49087002E000202949087010BD10B5FFF7DCFF2448007838B95B
:208DC0002248407820B908211E48F9F75AFD10BD1E48007838B900201C494870082119485F
:208DE000F9F74FFD2CE01948C078052805DA1748C078401C1549C87022E000201349C87047
:208E00000846407838B908210E48F9F73CFD01200E49487014E00D488078092805DA0B48DF
:208E20008078401C0949887003E0002007490870887008210348F9F724FD00200349487028
:208E400000BFC4E700100140001401406C050020467E00207405002008B501211920F9F7EC
:208E600085FF01214B48F9F730FD10208DF8030003208DF802004020ADF8000069464648F8
:208E8000F9F752FC40214448F9F7FDFC4FF40040ADF8000069464148F9F746FC4FF40041A8
:208EA0003E48F9F7F0FC08BD10B501203C494870C1033A48F9F7E5FC10BD10B5002038491E
:208EC00048704FF400413548F9F7DDFC10BD3548007808B90020704732480078012800D1CA
:208EE000F9E70220F7E72E488078704701202C490870704700202A490870704728480078FE
:208F0000704710B502210320FEF7F2FD2549087002210320FEF725FE224949780843214986
:208F2000487002210320FEF741FE1E49897808431C49887010BD10B5FFF7E3FF18480078AD
:208F400008B3FFF7B1FF1648C078642804DA1448C078401C1249C870FFF7B9FF30B9FFF7A0
:208F6000ACFF00200E490870887011E00C48C07864280DD1FFF7A1FF00200949C8700870C0
:208F80000120887004E0FFF798FF00200449C87010BD000000023000000C01400010014005
:208FA000750500207905002010B500F0D0FD10BD70B5022800DB70BD00EB8004F54D15F815
:208FC000244004B1F7E700EB8004F24D05EB8404617000EB800405EB8404A27000EB80043B
:208FE00005EB8404E380012400EB8005E94E06F8254000BFDFE70146022901DB00207047BD
:2090000001EB8100E34A12F82000F8E70146022901DB0020704701EB8100DE4A02EB800086
:20902000007AF7E70146022901DB0020704701EB8100D84A02EB8000407A00F00100F5E730
:209040000146022901DB0020704701EB8100D14A02EB8000407AC0F38000F5E701460229BB
:2090600001DB0020704701EB8100CA4A02EB8000407AC0F34000F5E70146022901DB002058
:20908000704701EB8100C34A02EB8000807AC0F34000F5E70146022901DB0020704701EB58
:2090A0008100BC4A02EB8000807A00F00100F5E710B50020FEF770FF38B141F6583364227B
:2090C00000210846FFF774FF0AE00020FEF779FF30B141F65833642201210020FFF768FF79
:2090E0000120FEF759FF38B141F65833642200210120FFF75DFF0AE00120FEF762FF30B1FB
:2091000041F65833642201210846FFF751FF10BD00200FE000EB80019E4A02EB8101498ADF
:20912000491C8AB200EB80019A4B03EB81014A82411CC8B20228EDDB704710B5002421E097
:209140002046FEF7CCFF04EB8401924A02EB8101897A60F3000104EB840002EB8000817200
:209160002046FEF7F0FF04EB84018A4A02EB8101897A60F3410104EB840002EB8000817283
:20918000601CC4B2022CDBDB10BD10B5002082490870A2E38048007800EB80007D4911F805
:2091A000200000287ED07C48007800EB800001EB8000007C082851D2DFE800F00451FFF339
:2091C000F2F1F0EB7448007800EB8000714901EB8000407A20F001016F48007800EB8000A6
:2091E0006C4A02EB800041726B48007800EB8000114601EB8000407A20F00401664800784B
:2092000000EB800002EB800041726348007800EB8000114601EB8000407A20F002015E48FF
:20922000007800EB800002EB8000417201205A49097801EB810102EB8101087200215648D0
:20924000007800EB800002EB8000418201205249097801EB810102EB8101087437E34E48B5
:209260000078FEF73CFFE8B34B480078FEF76BFFC0B300204849097801EB8101454A02EBB2
:209280008101087402204449097801EB810102EB810108724048007800EB8000114601EB9B
:2092A000800000E014E3407A20F00100401C3A49097801EB810102EB81014872364800789F
:2092C00000EB8000114601EB8000407A20F00200801C3149097801EB810102EB8101487266
:2092E000002000E006E02C49097801EB810102F8210061E02848007800EB8000254901EB1B
:209300008000407838BB24480078FEF7E8FEC0B100202149097801EB81011E4A02EB8101A2
:20932000087402201C49097801EB810102EB8101087200201849097801EB810102F82100C7
:209340003AE002201449097801EB8101114A02EB8101087430E010480078FEF7F4FE10B3B5
:2093600000200D49097801EB81010A4A02EB8101087402200849097801EB810102EB810178
:20938000087200200449097801EB810102F8210012E05DE2527E0020810500201FE2D1E162
:2093A0007FE14EE009E00220FE49097801EB8101FD4A02EB8101087489E2FA48007800EB9C
:2093C0008000F94901EB8000407860B9F5480078FEF78FFEF3480078FEF7A0FEF148007860
:2093E00000F09EFA0BE0EF480078FEF782FEED480078FEF793FEEB48007800F0A8FAE94835
:20940000007800EB8000E84A02EB80008178E548007800F050FBE348007800F073FA0021D0
:20942000E048007800EB8000DF4A02EB800041820320DC49097801EB810102EB81010874A6
:2094400045E2D8480078FEF74AFEE8B3D5480078FEF779FEC0B3D348007800F05AFA002109
:20946000D048007800F027FBCE48007800F086FA0020CC49097801EB8101CB4A02EB8101A4
:2094800008740220C749097801EB810102EB81010872C448007800EB8000114601EB800094
:2094A000407A20F00100401CBE49097801EB810102EB81014872BB48007800EB8000114629
:2094C00001EB8000407A00E011E020F00200801CB449097801EB810102EB810148720020B2
:2094E000B049097801EB810102F8210010BDAD48007800EB8000AC4901EB8000408AA949A7
:20950000097801EB8101A84A02EB8101C98888427DDAA448007800EB8000114601EB8000F7
:20952000407858BB9F480078FEF7D9FD002824D09C48007800F0EDF900219A48007800F07D
:20954000BAFA9848007800F019FA00209549097801EB8101944A02EB81010874022091494A
:20956000097801EB810102EB8101087200208D49097801EB810102F8210091E08948007859
:20958000FEF7E1FD002827D08648007800F0C1F900218448007800F08EFA8248007800F0DA
:2095A000EDF980480078C0B900207E49097801EB81017D4A02EB810108740220794909781F
:2095C00001EB810102EB8101087200207549097801EB810102F8210062E0002071490978AF
:2095E00001EB8101704A02EB8101087402206D49097801EB810102EB8101087200206949D6
:20960000097801EB810102F8210049E0FFE76548007800F07EF900216248007800F04BFA2D
:209620006048007800F0AAF900205E49097801EB81015D4A02EB810108745A48007800EB2A
:209640008000114601EB8000407A20F00100401C5449097801EB810102EB81014872514852
:20966000007800EB8000114601EB8000407A20F00400001D4B49097801EB810102EB810167
:20968000487202204749097801EB810102EB8101087200204349097801EB810102F82100D0
:2096A00015E100213F48007800EB80003E4A02EB800041823B480078E8B93C49087800EBE5
:2096C000D0714910A0EB410119B1012000F03FF902E0012000F024F93248007800EB8000A3
:2096E000314A02EB80008178012000F0E4F9012000F008F91CE02D49087800EBD071491012
:20970000A0EB410119B1002000F021F902E0002000F006F92348007800EB8000224A02EBF0
:2097200080008178002000F0C6F9002000F0EAF805201C49097801EB81011B4A02EB8101A2
:209740000874C4E01748007800EB8000164901EB8000408AC82841DD002000F0DAF8002101
:20976000084600F0A8F9002000F008F9012000F0D0F80021012000F09EF9012000F0FEF850
:2097800000210848007800EB8000074A02EB8000418206480078032814DA04480078401CF5
:2097A000024905E081050020527E002082050020087004205049097801EB810102EB8101A9
:2097C00008740BE000204D49087006204A49097801EB81014A4A02EB8101087477E0002155
:2097E0004548007800EB8000454A02EB800041824148007888B9012000F0A9F83E48007848
:2098000000EB80003E4A02EB80008178012000F052F9012000F076F810E0002000F097F885
:209820003548007800EB8000354A02EB80008178002000F040F9002000F064F807202E4990
:20984000097801EB81012E4A02EB810108743EE02948007800EB8000294901EB8000408A9C
:20986000002833DD002000F054F80021084600F022F9002000F082F8012000F04AF80021DC
:20988000012000F018F9012000F078F800211A48007800EB80001A4A02EB8000418200200B
:2098A0001549097801EB810102EB8101087402201149097801EB810102EB810108720020FC
:2098C0000D49097801EB810102F8210000BF00BF09480078401C08490870074800780228CB
:2098E000FFF658AC00BF01E610B5FFF7E1FBFFF74CFCFFF722FC10BD8105002082050020C6
:20990000527E002010B5044680219348F8F7B9FF10BD10B5044680218F48F8F7B4FF10BD62
:2099200010B50446012C08D101218C48F8F7ABFF02218A48F8F7A5FF08E03CB9042187482A
:20994000F8F7A1FF08218548F8F79BFF10BD10B50446012C08D101218048F8F792FF02218A
:209960007E48F8F790FF08E03CB904217B48F8F788FF08217948F8F786FF10BD10B504462E
:20998000012C08D101217548F8F77BFF02217348F8F777FF08E03CB904217048F8F771FF1D
:2099A00008216E48F8F76DFF10BD10B50446012C08D101216948F8F766FF02216748F8F7A3
:2099C00062FF08E03CB904216448F8F75CFF08216248F8F758FF10BD08B501214920F9F710
:2099E000C5F901215E48F8F770FF10208DF8030003208DF802008020ADF80000694656488F
:209A0000F8F792FE0F20ADF8000069465348F8F78BFE18208DF8030003208DF802000002C5
:209A2000ADF8000069464C48F8F77EFE08BD00B587B001210420F9F7A6F96320ADF8140011
:209A400040F2CF20ADF810000020ADF81600ADF8120004A94348F9F7C1FA01214148F9F720
:209A600019FF0020ADF806006020ADF800000120ADF802000020ADF8080069463948F9F729
:209A800079FB08213748F9F74BFF40213548F9F7EBFE69463348F9F7B8FB08213148F9F75A
:209AA00048FF40212F48F9F7E8FE01212D48F9F7F1FD07B000BD7FB504460D46022C00DDEC
:209AC0007FBD642D00DD6425ADF806506020ADF800000120ADF802000020ADF80800012C71
:209AE0000CD169461F48F9F745FB08211D48F9F717FF01211B48F9F7D9FD0CE05CB96946B4
:209B00001848F9F782FB08211648F9F712FF01211448F9F7CBFD00BFD2E710B5FFF75CFF2C
:209B2000FFF785FF0020FFF740FF0120FFF73DFF00210846FFF7BFFF00210120FFF7BBFFEE
:209B40000020FFF7E6FE0120FFF7E3FE10BD10B5FFF7E3FF10BD0000000C01400018014036
:209B6000000230000008004008B501211C20F9F7FDF801211948F8F7A8FE10208DF803009B
:209B800003208DF802000120ADF8000069461448F8F7CAFD0620ADF8000069461048F8F7D3
:209BA000C3FD02210E48F8F76EFE04210C48F8F76AFE01210A48F8F766FE01210848F8F719
:209BC00060FE08BD10B501210548F8F75AFE10BD10B501210248F8F756FE10BD00023000A7
:209BE0000010014008B503208DF8000001208DF803008DF801008DF802006846F8F761F803
:209C000008BD0146CA1701EB92729210A1EB82022AB9642291FBF2F302FB131232B94FF48B
:209C2000C87291FBF2F302FB13120AB1012070470020FCE72DE9FE4F07460C4690460020C9
:209C40000290C1468246834600260025019000903846FFF7D6FF002832D00D2C2CD2DFE8FD
:209C600004F02B070A0D101316191C1F222528004FF0050A23E04FF0010A20E04FF0020AC5
:209C80001DE04FF0050A1AE04FF0000A17E04FF0030A14E04FF0050A11E04FF0010A0EE088
:209CA0004FF0040A0BE04FF0060A08E04FF0020A05E04FF0040A02E00020BDE8FE8F31E073
:209CC0000D2C2CD2DFE804F02B070A0D101316191C1F222528004FF0060A22E04FF0020AB1
:209CE0001FE04FF0020A1CE04FF0050A19E04FF0000A16E04FF0030A13E04FF0050A10E01B
:209D00004FF0010A0DE04FF0040A0AE04FF0060A07E04FF0020A04E04FF0040A01E0002022
:209D2000CBE700BF642097FBF0F100FB1170C5B22846E91705EB9171891001910198284438
:209D4000C0B200900721009890FBF1F201FB120000F0FF0B0BEB0A004844C6B2072E01DAB7
:209D6000029606E0072096FBF0F100FB1160C0B202900298A1E72DE9F05F06460F4690465E
:209D80009946DDE90AAB002440F2B270864203DB40F63300864202DD0120BDE8F09F40F2B4
:209DA000B2750AE02846FFF72CFF10B19948044401E099480444681C85B2B542F2DB781EFA
:209DC000C7B2002510E09548405D40F2A321484304EBC0143046FFF714FF18B1012D01D1EF
:209DE0008F480444681C85B2BD42ECDBA8F1010040F2A321484304EBC014C9EB4910C0EB2D
:209E0000092004EB0014CAEB0A1004EB80045C4401214FF0C050F8F7B6FF0120F8F7DDFD35
:209E20002046FAF76AFBFAF79BFB0020B5E770B50026002400257B4806883604001D00885F
:209E400006447748B6FBF0F477480088A0423AD075490C8040F2B2750EE02846FFF7D1FE6D
:209E600030B1B4F5B77F02D3A4F5B77402E006E0A4F26D14681C85B2B4F5B67FEDD800BF8D
:209E80006A488580002516E068498888FFF7B9FE30B1012D04D11D2C01D31D3C09E00CE053
:209EA0005E48405DA04203D85C48405D241A00E003E0681C85B21C2CE6D200BF681C5B49BE
:209EC0008871601CC8715648B6FBF0F100FB11644FF46160B4FBF0F0544908704FF4616088
:209EE000B4FBF0F100FB11403C21B0FBF1F04F4948704FF46160B4FBF0F100FB11403C2110
:209F0000B0FBF1F201FB1200484988700B46DA7999799888FFF78EFE44490872002070BD70
:209F20002DE9FC4704460D4616461F46DDE90A89FAF7C7FAFAF714FB3B4632462946204691
:209F4000CDE90089FFF717FFFAF7C4FABDE8FC870146364880888880344880798871334821
:209F6000C079C8713148007A08723048007808702E48407848702D488078887070471CB5C7
:209F8000002401214FF0C050F8F7FDFE0120F8F724FDF7F7FFFE4FF44070F8F770FE0120B5
:209FA000F8F773FEFAF7DCFAFAF7E3FA01210846FAF77AFAFAF7D4FAFAF783FA4FF2244005
:209FC000FAF7A8FAFAF7CCFA002000900346024601460190FFF7CFFEFAF77CFAFFF702FEFE
:209FE000FFF725FF00201CBD10B50120FAF7E6FA08B1FFF71CFF0220FAF7E0FA20B10220ED
:20A00000FAF7ECFAFFF713FF0520FAF7E7FAFAF7A7FA10BD0085E2018033E1019ADB010890
:20A020008051010018280040840500207A7E0020D6480078704710B5D448007801283BD132
:20A04000FDF784FF002833D0D1480068642807D2FDF78CFFCE480068401CCD49086070E051
:20A060000020CB4908600320C84908700020487088700CF06CFB0CF095F90CF035F902F0BF
:20A080009CF818B109200CF077F85AE009F054F850B105F014FD18B102200CF06DF850E0CD
:20A0A00003200CF069F84CE000200CF065F848E00020B749086044E0B448007860BBFDF724
:20A0C00045FF28B3B2480068B0F5967F07D2FDF74DFFAF480068401CAD49086031E00020E2
:20A0E000AB4908600220A9490870012048700020887012200CF040F80020FDF79DFF002051
:20A10000FDF787FF0020A3490870A349087018E000209F49086014E09C480078022806D124
:20A12000FDF724FF68B101209849087009E097480078032805D1FDF719FF10B1002093496B
:20A14000087010BD10B5FFF776FF90484078002870D09048007868B90020FDF786FF18B9B7
:20A160000020FDF77CFF28B101200CF03FFA01208849087085488078052853D006DC052893
:20A1800013D2DFE800F00C131D254500062852D0072869D0082873D0472806D171E000209B
:20A1A0007A490871C87001208870E7E0774AD1781079FCF7DBFC10B1022074498870DDE099
:20A1C000FCF78CFD022802D1032070498870D5E0FCF784FDD8B9FCF7AEFD28B101206B492C
:20A1E00008720720887012E0FCF7ADFD18B10420664988700BE000206449087201200CF054
:20A200002FF9012064490870072060498870B5E05E4AD1781079FCF7A9FC10B105205B49D7
:20A220008870ABE0FCF75AFD022802D1062057498870A3E0A3E0FCF751FDA0B9FCF77BFD8B
:20A2400028B1012051490872072088700BE000204E49087201200CF003F901204E4908706C
:20A2600007204A49887089E0484B1A7A1979D8780CF028F8002045498881472088707DE02B
:20A280000FE042488089642805DA40488089401C3E49888104E000203C49888108208870A2
:20A2A0006CE03A48C078A0B938480079022805DA36480079401C3549087106E00020334971
:20A2C00008710846C078401CC87001202F49887053E02E48C078012814D12C480079062850
:20A2E00005DA2A480079401C2849087106E00020264908710846C078401CC87001202349B9
:20A3000088703AE02148C078022814D11F480079062805DA1D480079401C1C49087106E090
:20A3200000201A4908710846C078401CC87001201649887021E01548C07803281DD1134885
:20A340000079032807DA11480079401C0F4908710120887011E00F48007810B900200CF0BB
:20A3600045F90D48007810B900200CF079F800200649C87008718870487000BF04E00020E9
:20A380000249C8700871887010BD0000847E00208C050020880500208905002010B50446BF
:20A3A000FE4850F82400408948B1FC4850F824004089401EF94951F82410488120E0F7488B
:20A3C00050F824000078D8B10020F44951F824100870F24850F82400806988B1EF4B53F871
:20A3E00024305988ED4B53F82430D868EB4B53F824309A6990470020E84951F824104880CC
:20A4000010BD012809D1E649E44A5160E5495268D160E549E14A52681161022809D1E34990
:20A42000DE4A9160E2499268D160E249DB4A92681161032809D1E049D84AD160DF49D2680E
:20A44000D160DF49D54AD2681161704700B591B001214804F8F797FC01210846F8F779FC67
:20A4600001210420F8F782FC0420ADF8400003208DF8420018208DF8430010A9D148F8F775
:20A4800053F90820ADF8400004208DF8430010A9CC48F8F749F926208DF82C0000208DF8DD
:20A4A0002D0001208DF82E008DF82F000BA8F7F708FC11208DF82C0000208DF82D0002206C
:20A4C0008DF82E0001208DF82F000BA8F7F7F9FBBD480090B2480069019010200290800193
:20A4E0000390002004908020059000200690079008904FF40050099000200A906946B3486B
:20A50000F7F74CFD01220221B048F7F77EFD0021AE48F7F76EFD01228021AB48001FF9F727
:20A5200097FC4FF4E1300C900020ADF83400ADF83600ADF83800ADF83C000C20ADF83A00FB
:20A540000CA9A148001FF9F7C6FB012240F225519D48001FF9F757FC012240F224419A48DF
:20A56000001FF9F750FC012228219748001FF9F74AFC012260219448001FF9F744FC4021B0
:20A580009148001FF9F71BFD01218F48001FF9F72EFC11B000BD00B591B001210820F8F7DC
:20A5A000E5FB01218804F8F7EEFB01210846F8F7D0FB4FF48060ADF8400003208DF8420019
:20A5C00018208DF8430010A98148F8F7ADF84FF40060ADF8400004208DF8430010A97C4874
:20A5E000F8F7A2F827208DF82C0000208DF82D008DF82E0001208DF82F000BA8F7F761FB83
:20A600000C208DF82C0000208DF82D0002208DF82E0001208DF82F000BA8F7F752FB6D483E
:20A62000009062480069019010200290800103900020049080200590002006900790089042
:20A640004FF40050099000200A9069465F486438F7F7A4FC012202215C486438F7F7D5FC4F
:20A6600000215A486438F7F7C4FC012280215948001FF9F7EDFB574800904C48C0680190F5
:20A68000002002904FF480600390002004908020059000200690079008904FF44050099018
:20A6A00000200A90694649485038F7F777FC012146485038F7F79DFC012240214548001FC8
:20A6C000F9F7C6FB4FF4E1300C900020ADF83400ADF83600ADF83800ADF83C000C20ADF876
:20A6E0003A000CA93B48001FF9F7F5FA40213948001FF9F764FC012228213648001FF9F7A0
:20A7000082FB012260213348001FF9F77CFB012240F224412F48001FF9F775FB01212D48D0
:20A72000001FF9F764FB11B000BD00B591B001211020F8F71BFB0121C804F8F724FB0121C2
:20A740000220F8F706FB4FF48060ADF8400003208DF8420018208DF8430010A91E48F7F7E8
:20A76000E3FF4FF40060ADF8400004208DF8430010A91948F7F7D8FF34208DF82C0000207F
:20A780008DF82D0001208DF82E008DF82F000BA8F7F797FA3B208DF82C001FE0947E002010
:20A7A000A87E0020C4820020C47E0020C4860020E08A0020E0860020E08E0020FC920020D5
:20A7C000FC8E0020000801400444004080000240000C0140044800400010014000208DF86D
:20A7E0002D0002208DF82E0001208DF82F000BA8F7F767FAFE480090FE480069019010203A
:20A80000029080010390002004908020059000200690079008904FF44050099000200A909E
:20A820006946F548F7F7BAFB01220221F248F7F7ECFB0021F048F7F7DCFB01228021EC481E
:20A84000001FF9F705FBEA480090EA48C0680190002002904FF48060039000200490802080
:20A86000059000200690079008904FF44050099000200A906946E0482838F7F78FFB012167
:20A88000DD482838F7F7B5FB01224021D848001FF9F7DEFA4FF4E1300C900020ADF8340021
:20A8A000ADF83600ADF83800ADF83C000C20ADF83A000CA9CE48001FF9F70DFA4021CC489E
:20A8C000001FF9F77CFB01222821C948001FF9F79AFA01226021C648001FF9F794FA012260
:20A8E00040F22441C248001FF9F78DFA0121C048001FF9F77CFA11B000BD10B5044620467F
:20A90000FFF77FFD012C01D1FFF7A0FD022C01D1FFF741FE032C01D1FFF707FF10BD01280B
:20A9200001D1B64A5161022801D1B54A5161032801D1B04A51617047012801D1AF4A9161A0
:20A94000022801D1AE4A9161032801D1A94A916170470146AB4850F821000078012801D162
:20A9600000207047A74850F82100408820B1A54850F821004088F4E70020F2E70146A148ED
:20A9800050F821004078012804D19E4850F82100808870470020FCE710B502460B46994848
:20A9A00050F822000078012801D1002010BD002107E0944850F82200C068405C5854481CAB
:20A9C00081B2904850F8220040888842F1DC00208C4C54F822406080FF20E7E70021894A3C
:20A9E00052F82020518070472DE9F04104460F461646844850F824004078012863D08148EE
:20AA000050F824008680002507E0785D7D4951F8241009694855681C85B2B542F5DB0120EE
:20AA2000784951F8241048707CB9764850F82400808875498864734850F824000069086512
:20AA4000012171484430F7F7D4FA012C12D16D4850F8240080886C4984310860694850F8E7
:20AA6000240000696849C1F88C00012166488030F7F7BFFA022C0FD1624850F82400808800
:20AA8000614908625F4850F824000069886201215D481C30F7F7ADFA032C11D1594850F89A
:20AAA000240080885449091D0860564850F82400006951490C31086001214F48F7F799FA53
:20AAC0000120BDE8F0810020FBE770B504460D462E4654B929464D48F9F7F6F900BF4021F7
:20AAE0004A48F9F75FFA0128F9D1012C0AD129464748F9F7E9F900BF40214548F9F752FAC7
:20AB00000128F9D1022C0AD129464248F9F7DCF900BF40213F48F9F745FA0128F9D1032C83
:20AB20000CD129463248001FF9F7CEF900BF40212F48001FF9F736FA0128F8D170BD70B55F
:20AB400040F225513248F9F743FA10B32B48406940B12F48F9F7BCF9C4B2284841692046C4
:20AB6000884716E00120254908703220488108464088B0F5806F0CDA2548F9F7A9F9C1B2EC
:20AB80001E4842884088401C1C4B58801846C068815408211E48F9F705FA50B11C4800885C
:20ABA000C5B21B48001D0088C5B208211848F9F706FA04211648F9F7F5F950B114480088E0
:20ABC000C5B21348001D0088C5B204211048F9F7F6F902210E48F9F7E5F9F8B10C4800885F
:20ABE000C5B20B48001D0088C5B20221084813E0044C0040E08E002058040240A87E002007
:20AC0000C4860020947E002000000240003801400044004000480040F9F7D1F90121B848F5
:20AC2000F9F7C0F950B1B6480088C5B2B448001D0088C5B20121B248F9F7C1F940F22441F8
:20AC4000AF48F9F7C5F9A0B1AD480088C5B2AC48001D0088C5B2AB48806938B1A94B598860
:20AC6000D8689A6990470020A64948800020A549087070BD10B54FF00070F7F7F4F958B1D8
:20AC80004FF00070F7F703FA00209E494870888000219D48F7F7ADF910BD70B540F225511F
:20ACA0009A48F9F795F910B39948406940B19748F9F70EF9C4B2964841692046884716E0F7
:20ACC0000120934908700520488108464088B0F5806F0CDA8D48F9F7FBF8C1B28C484288B8
:20ACE0004088401C8A4B58801846C068815408218648F9F757F950B184480088C5B283485A
:20AD0000001D0088C5B208218048F9F758F904217E48F9F747F950B17C480088C5B27B4843
:20AD2000001D0088C5B204217848F9F748F902217648F9F737F950B174480088C5B2734869
:20AD4000001D0088C5B202217048F9F738F901216E48F9F727F950B16C480088C5B26B488C
:20AD6000001D0088C5B201216848F9F728F940F224416648F9F72CF960B364480088C5B2BC
:20AD80006248001D0088C5B200215F485038F7F730F95D485038F7F743F9C0F580605C49F5
:20ADA00048804FF4806158485038F7F737F9012155485038F7F71DF95548806938B1544B08
:20ADC0005988D8689A69904700205149488000204F49087070BD10B52020F7F744F958B160
:20ADE0002020F7F754F90020494948708880002145486438F7F7FDF810BD10B508214548F1
:20AE0000F9F7D0F850B143480088C4B24148001D0088C4B208213F48F9F7D1F804213D4839
:20AE2000F9F7C0F850B13B480088C4B23948001D0088C4B204213748F9F7C1F8022135485F
:20AE4000F9F7B0F850B133480088C4B23148001D0088C4B202212F48F9F7B1F801212D4882
:20AE6000F9F7A0F850B12B480088C4B22948001D0088C4B201212748F9F7A1F840F224419B
:20AE80002448F9F7A5F840B322480088C4B22148001D0088C4B200211F48F7F7AAF81E485C
:20AEA000F7F7BEF8C0F580601C4948804FF480611948F7F7B3F801211748F7F79AF81748AE
:20AEC000806938B1154B5988D8689A69904700201249488000201149087010BD10B5104826
:20AEE000F7F7C1F858B10E48F7F7D1F800200B4948708880002108482830F7F77AF810BD6B
:20AF000000440040A87E00208000024000480040C4860020004C004030040240E08E002023
:20AF20000000021010B5FEF71FFE10BD70B505460C46042D06D114B1FEF744FE01E0FEF7BF
:20AF400047FE00E000BF00BF70BD000010B5FFF7E9FF10BD2DE9FC47824688461646DDF891
:20AF600030900024002717E0022000FB07850DB9BDE8FC8769782878FFF7D8FF28780F49F2
:20AF800001F81400012001EB44014870042C01DA601CC4B2781CC7B206EBD671B7EB610F46
:20AFA000E2DBB9F1000F06D0002000906200034901905046C84700BFDAE70000900500207C
:20AFC0007047704710B5044654222146F048F9F751FD6421EF480FF095FCEFA3F0A2F4A19C
:20AFE000EC480FF0E3F910BDFA48007830B101280DD002281AD003282FD11EE00020F64938
:20B000000880F64908600120F249087025E0F2480088401CF049088008460088C82804DDA2
:20B02000002008800220EB49087016E00120EB4908600320E74908700FE0E7480088401C1A
:20B04000E549088008460088C82805DD00200880E0490870FF20704700BF00BF0020FAE7F4
:20B06000FF20704710B5DE48007878B10020DC490870C748FBF730FB6421C6480FF042FCB5
:20B08000C5A3C7A2CAA1C3480FF090F9FFF7E8FF10B1FF20D3490870FFF7A6FF10B1FF2015
:20B0A000D1490870CF480078FF280AD1CE480078FF2806D10020CB490870CB490870FF208A
:20B0C00010BD0020FCE7C9494870704710B5C848007810B1012838D10CE04FF40071C54832
:20B0E0000FF010FC0921C4A004F09EFA0120C04908702CE0C3A1BF480FF0EDFA40B100201B
:20B10000BB490870C1490880C1490880FF2010BDBE480088401CBD49088008460088C82865
:20B1200012DD00200880B2490870B9480088401CB749088008460088052805DD002008800B
:20B14000AB490870EE20E2E701E0EE20DFE700BF0020DCE770B50024AE48007822287DD205
:20B16000DFE800F0111E49568491C2CFEFEEEDECEBEA7C7CE9E8E7E67C7C7C7CE5E47C7CD2
:20B180007C7C7C7CE3E24FF400719A480FF0BAFB0421A1A004F048FA01209E49087010E3A1
:20B1A0009FA194480FF097FA40B102209949087000209C4908809C4908701BE09948008828
:20B1C000401C9849088008460088B0F5967F11DD002008808F49087093480078401C9249AA
:20B1E000087008460078052804DD00200870EE2088490870E5E24FF400717E480FF082FB57
:20B200000A218AA004F010FA032082490870D8E289A178480FF05FFA40B104207D49087026
:20B22000002080490880804908701EE07D480088401C7C49088008460088B0F5967F14DDE7
:20B240000020088002207349087077480078401C7549087008460078052800E07FE204DD12
:20B2600000200870EE206B490870AAE24FF4007160480FF047FB0A2171A004F0D5F90520B0
:20B28000644908709DE271A15A480FF024FA20B96FA158480FF01FFA40B106205D49087063
:20B2A000002060490880604908701CE05D480088401C5C49088008460088B0F5967F12DDEB
:20B2C0000020088004205349087057480078401C5549087008460078052804DD0020087099
:20B2E000EE204C4908706CE24FF4007141480FF009FB0B2157A004F097F9072045490870D1
:20B300005FE252A13B480FF0E6F920B950A139480FF0E1F9B0B108203E4908700020414942
:20B320000880414908702AE0DBE1C9E1C4E1BFE192E184E157E149E11BE10DE1D1E0C3E056
:20B3400095E01DE037480088401C3649088008460088B0F5967F12DD0020088006202D494E
:20B36000087031480078401C2F49087008460078052804DD00200870EE202649087020E2B5
:20B380004FF400711B480FF0BDFA1F2168E000001C0600200B970020313838330000000080
:20B3A0007A642E6A756D6961692E636E0000000041542B51494F50454E3D312C302C22540B
:20B3C0004350222C222573222C25732C302C310D0A000000780600207606002084012242F9
:20B3E0007B060020790600207A060020709700207C060020E08A002041542B43474D4D0D29
:20B400000A0000004543323000000000800600207E0600208206002041540D0A000000009A
:20B420004F4B0000840600208306002041542B4350494E3F0D0A000052454144590000006A
:20B4400041542B435245473F0D0A00002C3100002C35000041542B43475245473F0D0A0079
:20B46000F1A004F0E1F80920F7490870A9E1AFF25001F6480FF02FF940B10A20F2490870DE
:20B480000020F3490880F34908701CE0F0480088401CEF49088008460088B0F5967F12DDBD
:20B4A000002008800820E8490870EA480078401CE849087008460078052804DD00200870F8
:20B4C000EE20E14908707CE14FF40071DF480FF019FA0C21E0A004F0A7F80B20DA4908706C
:20B4E0006FE1AFF2C401D9480FF0F5F840B11020D54908700020D6490880D64908702AE06A
:20B50000D9A1D2480FF0E7F840B10C20CE4908700020CF490880CF4908701CE0CC48008825
:20B52000401CCB49088008460088B0F5967F12DD002008800A20C4490870C6480078401C5B
:20B54000C449087008460078052804DD00200870EE20BD49087034E14FF40071BB480FF0A3
:20B56000D1F90E21C2A004F05FF80D20B649087027E1AFF25411B5480FF0ADF840B10220BF
:20B58000B14908700020B2490880B24908701CE0AF480088401CAE49088008460088B0F552
:20B5A000967F12DD002008800C20A7490870A9480078401CA749087008460078052804DD4A
:20B5C00000200870EE20A0490870FAE04FF400719E480FF097F90B21A9A004F025F81120AA
:20B5E00099490870EDE0AFF2C81198480FF073F840B1002097490870954908801220924984
:20B6000008701BE092480088401C9149088008460088642812DD0020088010208A49087023
:20B620008C480078401C8B49087008460078032804DD00200870EE2083490870C1E04FF476
:20B64000007182480FF05EF9212190A003F0ECFF13207D490870B4E0AFF23C217B480FF044
:20B660003AF840B100207B490870794908801820754908701BE076480088401C74490880B1
:20B6800008460088642812DD0020088012206E49087070480078401C6E49087008460078CF
:20B6A000032804DD00200870EE206749087088E019206549087084E020206349087080E0C1
:20B6C0004FF4007161480FF01DF979480FF039F805462946764803F0A7FF21205A4908709A
:20B6E0006FE074A159480EF0F6FF40B10020564908705749088057490870FF2070BD71A18C
:20B7000052480EF0E8FF60B10E2171A003F08CFF00204F4908804F490870EE204A49087072
:20B720001CE04B480088401C4949088008460088B0F5967F12DD0020088020204249087012
:20B7400044480078401C4349087008460078052804DD00200870EE203B49087031E0604856
:20B76000007820B101280BD0022828D114E0FFF777FC0446FF2C02D10120594908701EE07B
:20B78000FFF732FC0446FF2C05D102205449087000202F49088012E02D480088B0F57A7F56
:20B7A00005DA2B480088401C2949088006E0002027490880244908704949087000BF00BFEE
:20B7C00000BF00BF002099E746487047464870474648007870474648704746487047002159
:20B7E00045484078022804D12D20444A5054481CC1B241488078414A5054481CC1B23E48A2
:20B80000C0785054481CC1B22E205054481CC1B2394800795054481CC1B23748407950545B
:20B82000481CC1B21046704741542B5149435347503D312C312C22434D494F54222C222276
:20B840002C22222C310D0A0082060020E08A0020840600208306002041542B51494143544D
:20B860003D310D0A000000004552524F5200000041542B514944454143543D310D0A000079
:20B8800041542B43545A553D330D0A0041542B514E54503D312C223230322E3131322E31A7
:20B8A000302E3336222C3132332C310D0A0000000B9700202B51494F50454E3A20302C30CA
:20B8C000000000002B51494F50454E3A20302C0041542B5149434C4F53453D300D0A000067
:20B8E00086060020FC960020D1050020D0050020E0050020EF0500209805002008060020FB
:20B900000021FA480078022804D12D20F84A5054481CC1B2F548007BF54A5054481CC1B2D1
:20B92000F248407B5054481CC1B2F048807B5054481CC1B22E205054481CC1B2EB48C07BB2
:20B940005054481CC1B2E948007C5054481CC1B2104670472DE9F041074688460024E54884
:20B960000078E8B9E4A1E6480EF0B5FE0446B4B1AFF2F80120460EF0AEFE851CE1A1E048A6
:20B980000EF0A9FE044654B104F109000EF096FE86B23146284608F046FC00BF00BF00BF8F
:20B9A00000BF0020BDE8F081002070470020D8490860704710B50024D54800684EF6602128
:20B9C000884205D2D2480068401CD149086088E0D048007830B1012814D0022871D00328EA
:20B9E0007ED172E00020CC4908704FF40071C4480EF088FF0821C9A003F016FE0120C549EC
:20BA000008706DE0AFF2E851BD480EF064FE28B3C5A1BB480EF05FFE0446B4B10F21C44898
:20BA20000EF070FFA41D02222146C148F9F722F82078322802DB2078382803DD0020BD496D
:20BA4000087002E00120BB4908700220B14908700020B9490880B949087030E0B8A1A848DE
:20BA60000EF039FE60B10020AA490870A8490860B1490880B14908700120A74908701EE021
:20BA8000AD480088401CAC49088008460088642815DD002008809F490870A8480078401C30
:20BAA000A649087008460078032808DD0020087098490870964908600120974908700FE0A9
:20BAC000FFE70320934908700AE000209B490870904908708E49086001208F49087000BFE3
:20BAE00000BF10BD10B50446542221469748F8F7C1FF2046FAF7F9FDFF2010BD70B5064696
:20BB00000D46934880680A2801D1002070BD4FF44370F9F796F804460CB90020F6E7258198
:20BB20002A46314604F10A00F8F7A4FF8848006850B900206060206085480460446080682F
:20BB4000401C834988600DE0002060608048406844607F48406820607D4844608068401C58
:20BB60007B498860FF20D1E77948006808B900207047774800680830FAE710B57448006858
:20BB800008B9002010BD724804680068406820B100206F490968496808606D4800684068C9
:20BBA0006B49086008468068401E88602046F9F738F8FF20E6E710B50020044608E06448B8
:20BBC000806800B906E0FFF7D8FF601CC0B204460A2CF4DB00BF10BD10B54F48007800B9BB
:20BBE00010BD5C480078032859D005DC48B1012813D0022877D131E0042866D0EE28F9D15D
:20BC0000F4E0FFF7B1FF544908600846006800B9E6E701204F490870F1E04FF40071384833
:20BC20000EF070FE4FF400714C480EF06BFE40214B480EF089FE48480068028849A1484874
:20BC40000EF0B4FB46480EF07CFD04462146444803F0EAFC02203F490870D0E046A12848F3
:20BC60000EF039FD40B103203A4908700020434908704349088011E041480088642805DADC
:20BC80003F480088401C3E49088007E000203C4908803A49087003202E490870AFE04FF437
:20BCA000007117480EF02EFE4FF400712B480EF029FE29480068018827480068801C03F076
:20BCC000B3FC04202349087099E02EA10C480EF002FD48B1EE201F49087000202749087025
:20BCE0002749088081E087E050E000009805002012060020870600202B51495552433A00C9
:20BD0000E08A00202272656376222C302C00000070060020880600207406002041542B433C
:20BD200053510D0A000000002B4353513A200000D1050020D00500208A0600208906002092
:20BD40002B434D45204552524F523A001C0600209C9700208C06002090060020E08600207C
:20BD6000A897002041542B514953454E443D302C25640D0A000000003E0000008D060020B6
:20BD80008E06002053454E44204F4B00AFF22851F7480EF0A0FCB0B1F6480078401CF54967
:20BDA00008700846007803281FDD0020087000F01FFA07F02AFAFFF7FEFE03F0AFFCEE20C4
:20BDC000ED49087011E0ED480088642805DAEB480088401CE949088007E00020E74908800C
:20BDE000E4490870EE20E449087008E0FFF7C5FE0020E149087000BF00BF00BF00BF00BFCD
:20BE000000BFEDE670B504460D4629462046FFF775FEFF2070BD30B585B00024D84800687E
:20BE200041F27071884205D2D5480068401CD44908608DE1D348007830B1012814D00228CE
:20BE40007ED003287DD128E10020CF4908704FF40071C7480EF056FD0A21CCA003F0E4FBE5
:20BE60000120C849087072E1AFF64C21C0480EF032FC002866D0C8A1BD480EF02CFC044643
:20BE8000002C7DD00834607830382178303901EB810100EB4100642190FBF1F201FB120010
:20BEA00000F5FA6080B2ADF80C00BDF80C0040F6330188420DDD0020BA490880BA4908704B
:20BEC000B0490870AE4908600120AF49087005B030BDE41C607830382178303901EB8101AF
:20BEE00000EB4100C0B28DF80E009DF80E000C280CDD0020AB490880AB490870A1490870E7
:20BF00009F4908600120A0490870E0E7E41C607830382178303901EB810100EB4100C0B23A
:20BF20008DF80F009DF80F001F2810DD00209D4908809D490870934908709149086002E031
:20BF40009DE003E186E001208F490870BFE7E41C607830382178303901EB810100EB410027
:20BF6000C0B28DF810009DF8100017280EDD00208C4908808C49087082490870804900E035
:20BF80005FE00860012080490870A0E7E41C607830382178303901EB810100EB4100C0B2C3
:20BFA0008DF811009DF811003B280CDD00207D4908807D49087073490870714908600120D6
:20BFC0007149087083E7E41C607830382178303901EB810100EB41003C2190FBF1F201FB22
:20BFE0001200C0B28DF812009DF812003B280CDD00206C4908806C490870624908706049DD
:20C00000086001206049087061E703A808F0FBFABDF80C00642190FBF1F201FB1200C5B25D
:20C020009DF812009DF811109DF81020CDE9002102909DF80F209DF80E100023284609F074
:20C0400045FD0020574908805749087002204D49087013E053480088401C5249088008462B
:20C06000008864280ADD002008804F490870454908704349086001204349087067E04FF464
:20C0800000713B480EF03EFC0821AFF2703003F0CBFA03203B49087059E0AFF67C4134481C
:20C0A0000EF019FB50B3AFF2803131480EF013FB0446B4B10F213D480EF024FCA41D02222D
:20C0C00021463A48F8F7D6FC2078322802DB2078382803DD00203649087002E00120344978
:20C0E0000870002027490870254908602D4908802D49087001202449087026E0AFF2C03160
:20C100001B480EF0E8FA60B100201E4908701C490860244908802449087001201A49087029
:20C1200013E020480088401C1E4908800846008864280ADD002008801B4908701149087032
:20C140000F49086001201049087000E000BF00BF00BFBCE610B500F097F800B110BD03F0B9
:20C160005DFB08B1FFF757FEFFF736FD00BFF5E7E08A00208D0600208C0600208E060020FC
:20C1800098060020940600207406002041542B43434C4B3F0D0A00002B43434C4B3A202296
:20C1A000000000009606002095060020D1050020D0050020FE48007A7047FD480078704732
:20C1C000FB484068704710B50446F94844600146486809F025FE10BDF64870470120F64994
:20C1E00081F8980070470020F34981F8980070470021F14A116151614FF4FA601146A1F846
:20C2000084000020A1F8860081F8800000219160D1604FF4FA601146A1F882000020A1F857
:20C2200096004EF27860A1F88E000020A1F89000012081F89800704710B502460B46002178
:20C240000AE0DE4800EBC10411CC50405C40204300D110BD481CC1B22029F2DBD7480838C8
:20C26000C478083000EBC4000CC0D4480838C078401CD24C083CE0702046C078202801D175
:20C280000020E070FF20E4E7CB4890F881007047C94890F88000704710B504460020C84961
:20C2A0000880C8490870C848006818B1C6480068F8F7B7FCC448046010BD0120C349087032
:20C2C00070470020C14908707047C0480078704730B50346002014E0141A641E0C5DBC4DB3
:20C2E00005EB1414247803F81040141A641E0C5D04F00F042C5D012505EB40055C55441C2A
:20C30000E0B29042E8DB30BD30B50346002010E00C5CAF4D05EB1414247803F810400C5C00
:20C3200004F00F042C5D012505EB40055C55441CE0B29042ECDB30BD30B50346002014E0A7
:20C34000141A641E0C5DA24D05EB1414247803F81040141A641E0C5D04F00F042C5D012507
:20C3600005EB40055C55441CE0B29042E8DB30BD01462F2906DD3A2904DAA1F13000C2B26A
:20C3800010467047602906DD672904DAA1F15700C2B21046F5E7402906DD472904DAA1F1FB
:20C3A0003700C2B21046ECE7FF20EAE7F0B504460E461546002313E00027012101EB43018C
:20C3C000605CFFF7D5FF074614F81300FFF7D0FF47EA0010C7B2681EC01A3754581CC3B218
:20C3E000AB42E9DBF0BDF0B504460D461646002311E00027012101EB4301605CFFF7B8FF4B
:20C40000074614F81300FFF7B3FF47EA0010C7B2EF54581CC3B2B342EBDBF0BD30B503468C
:20C42000002400BF09E018780D78A84201D0012030BD5B1C491C601CC4B29442F3DB0020C0
:20C44000F6E770B58CB00024002503F099F9614801906148029001A803F044FC03A8FAF7E3
:20C4600069F80023DDE9081059405840014305D0102208A94F48FFF747FF04E0102208A993
:20C480004C48FFF741FF4B48FAF793F95348FAF771F80F22514952A0FFF7C0FF04460F22E0
:20C4A0004E49403152A0FFF7B9FF054604B925B10020414981F88C0003E001203E4981F843
:20C4C0008C00FFF795FE80214D480EF03DFA394A4CA14B480DF06AFF49480EF032F9C6B241
:20C4E000314647480AF0D1FA32480AF03FFB0CB070BD2DE9F0438FB04DA000680E904DA072
:20C5000000680D904CA000680C904CA000680B9049A000680A90142249A105A80EF0C0F9C8
:20C520004CA0006804904BA00068039001A808F051F82148D0E90020521C40F100001E49FB
:20C54000C1E900200846D0E900101B4AC2E9021008221949083105A8FFF7BAFE04F01DFFA8
:20C56000814604F01AFF074604F017FF8046114A39A1484604F0CAFE05AA38A1484604F041
:20C58000C5FE0EAA36A1484604F0C0FE04AA35A1484604F0BBFE3A4633A1484604F091FDE6
:20C5A0000DAA33A1384604F0B1FE0CAA64E00000109A0020A8060020E89700209098002056
:20C5C000A0060020A2060020A4060020EF060020A6DB0108434C0008234C0008909900200D
:20C5E0006A756D692F646576696365636F6D6D006A756D692F736572766572636F6D6D0014
:20C600001C9A0020687474703A2F2F68352E6A756D6961692E636E2F626C6A2F696E64656D
:20C62000782E68746D6C3F6D6E6F3D257300000030320000303400003031000030330000B7
:20C6400046464646464646464646464646464646000000003030000049440000534E0000EC
:20C66000436D640041636B0064617461000000004465765479706500FCA1384604F046FEE9
:20C680000BAAFCA1384604F041FE03AAFBA1384604F03CFEFCA2FEA1384604F037FE424636
:20C6A000FCA1484604F00DFDBDF8040010F0AAFD05462A460B46F9A1404604F0F4FD9DF84B
:20C6C000060010F09FFD05462A460B46F5A1404604F0E9FD9DF8070010F094FD05462A46CE
:20C6E0000B46F2A1404604F0DEFD9DF8080010F089FD05462A460B46EDA1404604F0D3FDFA
:20C700009DF8090010F07EFD05462A460B46EAA1404604F0C8FD9DF80A0010F073FD0546D0
:20C720002A460B46E6A1404604F0BDFD484604F08EFB04462CB9484603F00AFB0FB0BDE859
:20C74000F08320787B2806D0484603F001FB2046F8F767FAF2E720460DF0F3FF0546F8F7BA
:20C7600070FAD94908600846006830B9484603F0EFFA2046F8F755FAE0E75020F8F761FA97
:20C78000D24908600846006850B9484603F0E0FA2046F8F746FACC480068F8F742FACDE70C
:20C7A0000020CA4909680870C8490968887006F0DDFEC649096888800020C4490968487034
:20C7C000C3480078C1490968C880C1480278C149BE4800680830F8F74DF920460DF0B1FF98
:20C7E000BA490968A1F84800B7480068B7490968C86420460DF0A5FF0546B44909682A46B0
:20C80000C86C2146F8F736F9B048006807F0A6FEAD480068F8F705FAAC480068F8F701FAD3
:20C820002046F8F7FEF9484603F092FA00BF85E72DE9F04F93B0A8A000681290AFF20820C1
:20C84000006811901422AFF208210CA80EF028F8AFF20C2207CA09AB07C3AFF208200068AE
:20C860000890012602A807F0B5FE9C48D0E90010491C40F10000994AC2E900101046D0E9B5
:20C880000010C2E916100822944958310CA8FFF71FFD04F082FD079004F07FFD049004F05F
:20C8A0007CFD069004F099FD824604F076FD059004F093FD81468A4AAFF26421079804F043
:20C8C00025FD12AAAFF26821079804F01FFD0CAAAFF27821079804F019FD08AAAFF27C2118
:20C8E000079804F013FDAFF28021DDE9062004F0E8FB52467BA1069804F0E3FB5046059938
:20C9000004F09BFB02F039FF834610F07BFC07463A460B4675A1069804F0C5FC03F0B7F8FA
:20C9200007463A4673A1069804F0F0FC03F0DFF807463A4671A1069804F0E8FC03F039F954
:20C9400007463A466EA1069804F0E0FC03F049F907463A466DA1069804F0D8FC0020F9F707
:20C960009CFC834610F04EFC07463A460B466AA1059804F098FC304610F044FC07463A463B
:20C980000B4667A1059804F08EFCF9F704FD834610F038FC07463A460B4663A1059804F082
:20C9A00082FCF9F7F4FC834610F02CFC07463A460B4660A1059804F076FC4A4660A10598D8
:20C9C00004F07FFB00252DE02846FAF7E4F88046002704F002FD83465946484604F02DFB8A
:20C9E00000BF19E00120B84000EA080048B10020554904F02FFC01460190584604F01DFB1C
:20CA000008E00020014604F025FC01460190584604F013FB781CC7B2F9F7BDFCB842E1DCCD
:20CA2000681CC5B2F9F7B3FCA842CDDC19A1049A079804F046FBBDF8080010F0E3FB0746B5
:20CA40003A460B4615A1049804F02DFC9DF80A0010F0D8FB07463A460B4612A1049804F0C3
:20CA600022FC9DF80B0010F0CDFB6FE04C61794E756D00004D6F746F4E756D004D6F646537
:20CA8000547970650000000056352E302E3000005665720054696D65000000007965617240
:20CAA000000000006D6F6E746800000064617900686F7572000000006D696E7574650000C2
:20CAC0007365636F6E640000F8060020F4060020EE060020D006002030380000E897002091
:20CAE000A80600204C697374000000004D6F64756C65000052737369000000004E6574009E
:20CB00004C61746974756465000000004C6F6E67697475646500000074656D700000000078
:20CB2000636F6E7461696E007261636B77696474680000007261636B68656967687400002E
:20CB400063757272656E74000000F03F07463A460B46AFF2A801049804F0A5FB9DF80C006A
:20CB600010F050FB07463A460B46AFF2BC01049804F099FB9DF80D0010F044FB07463A461C
:20CB80000B46AFF2CC01049804F08DFB9DF80E0010F038FB07463A460B46AFF2DC010498B0
:20CBA00004F081FB079804F052F904462CB9079803F0CEF813B0BDE8F08F20787B2806D0A8
:20CBC000079803F0C5F82046F8F72BF8F2E720460DF0B7FD0746F8F734F8FE490860084639
:20CBE000006830B9079803F0B3F82046F8F719F8E0E75020F8F725F8F749086008460068A0
:20CC000050B9079803F0A4F82046F8F70AF8F1480068F8F706F8CDE70020EF490968087003
:20CC2000ED490968887006F0A1FCEB49096888800020E94909684870E8480DF082FDE649BF
:20CC40000968C880E5480DF07CFD07463A46E349E14800680830F7F70DFF20460DF071FDEB
:20CC6000DD490968A1F84800DA480068DA490968C86420460DF065FD0746D74909683A46CF
:20CC8000C86C2146F7F7F6FED348006807F066FCD0480068F7F7C5FFCF480068F7F7C1FFDC
:20CCA0002046F7F7BEFF079803F052F800BF81E72DE9F04F8BB08146AFF2846000680A9082
:20CCC0001422AFF2846105A80DF0EAFDAFF27C6000680490AFF28460006803904FF0000BC4
:20CCE00001A807F077FC0822BD4905A8FFF7F0FA04F053FB8246BAF1000F03D14FF0020B80
:20CD000000BF00BF04F049FB05461DB94FF0030B00BF00BF04F041FB06461EB94FF0040BD0
:20CD200000BF00BFAF4AAFF2D061504604F0EEFA05AAAFF2D861504604F0E8FA0AAAAFF2EE
:20CD4000E061504604F0E2FA04AAAFF2E861504604F0DCFA3246AFF2F061504604F0B1F996
:20CD6000D9F8000010F04EFA07463A460B469EA1304604F098FA2A46AFF2E821504604F09D
:20CD8000A0F9BDF8040010F03DFA07463A460B46AFF2F821284604F086FA9DF8060010F0B5
:20CDA00031FA07463A460B46AFF20831284604F07AFA9DF8070010F025FA07463A460B46A1
:20CDC000AFF21831284604F06EFA9DF8080010F019FA07463A460B46AFF22C31284604F071
:20CDE00062FA9DF8090010F00DFA07463A460B46AFF23C31284604F056FA9DF80A0010F0B5
:20CE000001FA07463A460B46AFF24C31284604F04AFA504604F01BF804463CB94FF0050B0A
:20CE2000504602F095FF0BB0BDE8F08F20787B2808D04FF0060B504602F08AFF2046F7F72F
:20CE4000F0FEF0E720460DF07CFC0746F7F7F9FE684908600846006830B9504602F078FF49
:20CE60002046F7F7DEFEDEE75020F7F7EAFE624908600846006850B9504602F069FF20464F
:20CE8000F7F7CFFE5B480068F7F7CBFECBE7012059490968087000205749096888705649EF
:20CEA0000968C87006F062FB5349096888800020514909684870494840300DF042FC4E49AB
:20CEC0000968C880454840300DF03BFC07463A4642494031484800680830F7F7CBFD46482B
:20CEE0000068083008B900BF00BF20460DF029FC41490968A1F848003E4800683E49096809
:20CF0000C86420460DF01DFC07463B4909683A46C86C2146F7F7AEFD3748006807F01EFB7C
:20CF2000354800680078012808D032480068F7F778FE31480068F7F774FE11E001202E4983
:20CF4000096888702C48006806F07CFEFF2807D128480068F7F765FE27480068F7F761FED0
:20CF60002046F7F75EFE504602F0F2FE00BF5AE72DE9F04F93B00646AFF6401000681290A6
:20CF8000AFF64C10006811901422AFF64C110CA80DF086FCAFF65012D2E900109268CDE99A
:20CFA0000A020991AFF654100068089002A807F011FB08220A4948310CA8FFF789F904F0FF
:20CFC000ECF9824604F009FA814604F0E6F9069014E0000000070020FC06002090990020F7
:20CFE00000980020A806002041636B4572726F7200000000080700200407002004F0EDF95E
:20D00000059004F0CAF9049004F0C7F90790FE4AAFF6BC11079804F079F90CAAAFF6C411F6
:20D02000079804F073F912AAAFF6CC11079804F06DF908AAAFF6D411079804F067F95246F3
:20D04000AFF6DC11079804F03CF84A46AFF26C51504604F036F84846069903F0EEFF02F0D2
:20D060008CFB834610F0CEF807463A460B46AFF28451504604F017F902F009FD07463A46A7
:20D08000AFF29051504604F041F902F030FD07463A46AFF29851504604F038F90020F9F709
:20D0A000FCF8834610F0AEF807463A460B46AFF29851069804F0F7F8304610F0A3F8074686
:20D0C0003A460B46AFF2A851069804F0ECF8F9F762F9834610F096F807463A460B46AFF20E
:20D0E000B851069804F0DFF8F9F751F9834610F089F807463A460B46AFF2C851069804F0D0
:20D10000D2F8AFF2C451DDE9052003F0DAFF00252DE02846F9F73FFD8046002704F05DF9D5
:20D1200083465946059803F088FF00BF19E00120B84000EA080048B10020B44904F08AF821
:20D1400001460190584603F078FF08E00020014604F080F801460190584603F06EFF781CCA
:20D16000C7B2F9F718F9B842E1DC681CC5B2F9F70EF9A842CDDCAFF2E461049A079803F0E3
:20D18000A0FFBDF8080010F03DF807463A460B46AFF2F861049804F086F89DF80A0010F039
:20D1A00031F807463A460B46AFF20871049804F07AF89DF80B0010F025F807463A460B4631
:20D1C000AFF21871049804F06EF89DF80C0010F019F807463A460B46AFF22C71049804F091
:20D1E00062F89DF80D0010F00DF807463A460B46AFF23C71049804F056F89DF80E0010F041
:20D2000001F807463A460B46AFF24C71049804F04AF8079803F01BFE04462CB9079802F05C
:20D2200097FD13B0BDE8F08F20787B2806D0079802F08EFD2046F7F7F4FCF2E720460DF0C6
:20D2400080FA0746F7F7FDFC714908600846006830B9079802F07CFD2046F7F7E2FCE0E75C
:20D260005020F7F7EEFC6B4908600846006850B9079802F06DFD2046F7F7D3FC6448006859
:20D28000F7F7CFFCCDE7002062490968087061490968887006F06AF95E49096888800020C1
:20D2A0005C49096848705C480DF04BFA59490968C88059480DF045FA07463A465649554879
:20D2C00000680830F7F7D6FB20460DF03AFA51490968A1F848004E4800684E490968C8643A
:20D2E00020460DF02EFA07464A4909683A46C86C2146F7F7BFFB4748006807F02FF94448ED
:20D300000068F7F78EFC43480068F7F78AFC2046F7F787FC079802F01BFD00BF81E72DE909
:20D32000F0478EB00546AFF6F44000680D90AFF6F84000680C901422AFF6FC4107A80DF0AA
:20D34000AFFAAFF6FC4207CA04AB07C3AFF6FC400068039001A807F03DF908222F4907A8F4
:20D36000FEF7B6FF04F019F8824604F016F8804604F013F88146244AAFF62451504603F097
:20D38000C5FF07AAAFF62C51504603F0BFFF0DAAAFF63451504603F0B9FF03AAAFF63C51AE
:20D3A000504603F0B3FF4246AFF64451504603F088FE28460FF026FF064632460B4618A101
:20D3C000404603F070FF4A46AFF63811504603F078FEBDF804000FF015FF064632460B4607
:20D3E000AFF64811484603F05EFF9DF806000FF009FF064632460B46AFF65811484603F00B
:20D4000052FF9DF8070011E0A80600200000F03F100700200C0700209099002000980020C6
:20D42000436F6E7461696E4E756D00000FF0EAFE064632460B46AFF68C11484603F033FFFF
:20D440009DF808000FF0DEFE064632460B46AFF6A011484603F027FF9DF809000FF0D2FED5
:20D46000064632460B46AFF6B011484603F01BFF9DF80A000FF0C6FE064632460B46AFF67A
:20D48000C011484603F00FFF504603F0E0FC04462CB9504602F05CFC0EB0BDE8F087207846
:20D4A0007B2806D0504602F053FC2046F7F7B9FBF2E720460DF045F90646F7F7C2FBFE495C
:20D4C00008600846006830B9504602F041FC2046F7F7A7FBE0E75020F7F7B3FBF74908600F
:20D4E0000846006850B9504602F032FC2046F7F798FBF1480068F7F794FBCDE70020EF49A6
:20D5000009680870ED490968887006F02FF8EB49096888800020E94909684870E8480DF011
:20D5200010F9E6490968C880E5480DF00AF906463246E349E14800680830F7F79BFA20462B
:20D540000DF0FFF8DD490968A1F84800DA480068DA490968C86420460DF0F3F80646D7495B
:20D5600009683246C86C2146F7F784FAD348006806F0F4FFD0480068F7F753FBCF48006814
:20D58000F7F74FFB2046F7F74CFB504602F0E0FB00BF81E72DE9F0478EB00546C9A0006887
:20D5A0000D90AFF66C7000680C901422AFF6707107A80DF075F9AFF6707207CA04AB07C3A2
:20D5C000AFF670700068039001A807F003F80822BD4907A8FEF77CFE03F0DFFE824603F057
:20D5E000DCFE804603F0D9FE8146B84AAFF69871504603F08BFE07AAAFF6A071504603F048
:20D6000085FE0DAAAFF6A871504603F07FFE03AAAFF6B071504603F079FE4246AFF6B87143
:20D62000504603F04EFD28460FF0ECFD064632460B46AFF21421404603F035FE4A46AFF6F4
:20D64000AC31504603F03DFDBDF804000FF0DAFD064632460B46AFF6BC31484603F023FE52
:20D660009DF806000FF0CEFD064632460B46AFF6CC31484603F017FE9DF807000FF0C2FD9E
:20D68000064632460B46AFF6DC31484603F00BFE9DF808000FF0B6FD064632460B46AFF630
:20D6A000F031484603F0FFFD9DF809000FF0AAFD064632460B46AFF60041484603F0F3FD1C
:20D6C0009DF80A000FF09EFD064632460B46AFF61041484603F0E7FD504603F0B8FB04461B
:20D6E0002CB9504602F034FB0EB0BDE8F08720787B2806D0504602F02BFB2046F7F791FA16
:20D70000F2E720460DF01DF80646F7F79AFA704908600846006830B9504602F019FB204628
:20D72000F7F77FFAE0E75020F7F78BFA694908600846006850B9504602F00AFB2046F7F71E
:20D7400070FA63480068F7F76CFACDE700206149096808705F490968887005F007FF5D49DF
:20D760000968888000205B490968487054480CF0E8FF58490968C88051480CF0E2FF0646A8
:20D7800032464F49534800680830F7F773F920460CF0D7FF4F490968A1F848004C480068C6
:20D7A0004C490968C86420460CF0CBFF0646494909683246C86C2146F7F75CF94548006871
:20D7C00006F0CCFE42480068F7F72BFA41480068F7F727FA2046F7F724FA504602F0B8FAD8
:20D7E00000BF81E72DE9F1438CB03BA000680B9014223A4906A80DF053F8384A083207CA62
:20D8000003AB07C336A000680290684606F0E2FE08222D49103906A8FEF75AFD01220CA981
:20D8200002A8FEF755FD03F0B8FD804603F0B5FD814603F0B2FD0746244A2AA1404603F07C
:20D8400065FD06AA28A1404603F060FD0BAA23492031404603F05AFD02AA204924314046E5
:20D8600003F054FD3A46AFF6D451404603F029FCBDF800000FF0C6FC05462A460B46AFF655
:20D88000E451384603F00FFD9DF802000FF0BAFC05462A460B46AFF6F451384603F003FD23
:20D8A0009DF803000FF0AEFC05462A460B46AFF6046138461AE0000018070020140700201F
:20D8C000909900203039000038980020A8060020200700201C0700203043000040C60008CD
:20D8E0003030000049440000534E000003F0DBFC9DF804000FF086FC05462A460B46AFF605
:20D900005061384603F0CFFC9DF805000FF07AFC05462A460B46AFF66061384603F0C3FC69
:20D920009DF806000FF06EFC05462A460B46AFF67061384603F0B7FC404603F088FA0446F8
:20D940002CB9404602F004FA0DB0BDE8F08320787B2806D0404602F0FBF92046F7F761F96C
:20D96000F2E720460CF0EDFE0546F7F76AF9FE4908600846006830B9404602F0E9F92046D7
:20D98000F7F74FF9E0E75020F7F75BF9F74908600846006850B9404602F0DAF92046F7F7D2
:20D9A00040F9F1480068F7F73CF9CDE70020EF4909680870ED490968887005F0D7FDEB49D9
:20D9C000096888800020E94909684870E8480CF0B8FEE6490968C880E5480CF0B2FE054665
:20D9E0002A46E349E14800680830F7F743F820460CF0A7FEDD490968A1F84800DA48006890
:20DA0000DA490968C86420460CF09BFE0546D74909682A46C86C2146F7F72CF8D3480068CF
:20DA200006F09CFDD0480068F7F7FBF8CF480068F7F7F7F82046F7F7F4F8404602F088F961
:20DA400000BF81E72DE9F04F91B08A465446C9A000681090AFF2781000680F90AFF28010CD
:20DA600000680E901422C44909A80CF019FFC24A083207CA06AB07C3BEA00068059000208B
:20DA8000049002A806F0A6FD0020BC4981F8810008221AA909A8FEF71BFC2079012806D14D
:20DAA0000190012201A90FA8FEF712FC07E002200190012201A90FA8FEF70AFC00BF03F083
:20DAC0006CFC8346BBF1000F03D10220049000BF00BF03F062FC06461EB90320049000BF68
:20DAE00000BF03F05AFC8146B9F1000F03D10420049000BF00BFA24AAFF21821584603F03D
:20DB000005FC09AAAFF22021584603F0FFFB10AA99492031584603F0F9FB05AA964924318F
:20DB2000584603F0F3FB324693492831584603F0C8FA20780FF066FB07463A460B46AFF2AF
:20DB40002071304603F0AFFB60780FF05BFB07463A460B468B49304603F0A5FBA0780FF0E2
:20DB600051FB07463A460B4686490831304603F09AFB0FAA84A1304603F0C8FBD4F8060059
:20DB80000FF040FB07463A460B4681A1304603F08AFBD4F80A000FF035FB07463A460B46FA
:20DBA0007EA1304603F07FFB4A4676492831584603F087FABDF808000FF024FB07463A4601
:20DBC0000B4670493031484603F06DFB9DF80A000FF018FB07463A460B466A493831484678
:20DBE00003F061FB9DF80B000FF00CFB07463A460B4664494031484603F055FB9DF80C0082
:20DC00000FF000FB07463A460B465E494431484603F049FB9DF80D000FF0F4FA07463A46AF
:20DC20000B4658494C31484603F03DFB9DF80E000FF0E8FA07463A460B465249543148466C
:20DC400003F031FB584603F002F905463DB905200490584602F07CF811B0BDE8F08F287896
:20DC60007B2808D006200490584602F071F82846F6F7D7FFF0E728460CF063FD0746F6F76A
:20DC8000E0FF484908600846006830B9584602F05FF82846F6F7C5FFDEE75020F6F7D1FF15
:20DCA000414908600846006850B9584602F050F82846F6F7B6FF3B480068F6F7B2FFCBE790
:20DCC0000120394909680870002037490968887035490968C87005F049FC33490968888059
:20DCE0000020314909684870214840300CF029FD2D490968C8801E4840300CF022FD0746F9
:20DD00003A461B494031284800680830F6F7B2FE25480068083008B900BF00BF28460CF04B
:20DD200010FD21490968A1F848001E4800681E490968C86428460CF004FD07461A490968BC
:20DD40003A46C86C2946F6F795FE1748006806F005FC15480068007801282BD01148006840
:20DD6000F6F75FFF104821E02807002024070020909900203031000040C60008E89700200E
:20DD8000A80600206CCA000853746174757300004D6F746F72457272000000004972457247
:20DDA00072000000300700202C0700200068F6F738FF11E00120F84909688870F648006859
:20DDC00005F040FFFF2807D1F4480068F6F729FFF1480068F6F725FF2846F6F722FF58468B
:20DDE00001F0B6FF00BF37E72DE9F0418AB0ECA0006809901422EB4904A80CF051FDAFF291
:20DE000020500068039001A806F0E4FB0822E64904A8FEF75DFA03F0C0FA804603F0BDFAAB
:20DE20000746E24AAFF24451404603F06FFA04AAAFF24C51404603F069FA09AAD949203163
:20DE4000404603F063FA03AAD6492431404603F05DFA3A46D649404603F033F9BDF80400FE
:20DE60000FF0D0F905462A460B46D1490831384603F019FA9DF806000FF0C4F905462A46E5
:20DE80000B46CB491031384603F00DFA9DF807000FF0B8F905462A460B46C5491831384637
:20DEA00003F001FA9DF808000FF0ACF905462A460B46BF491C31384603F0F5F99DF80900D5
:20DEC0000FF0A0F905462A460B46B9492431384603F0E9F99DF80A000FF094F905462A460E
:20DEE0000B46B3492C31384603F0DDF9404602F0AEFF04462CB9404601F02AFF0AB0BDE8DE
:20DF0000F08120787B2806D0404601F021FF2046F6F787FEF2E720460CF013FC0546F6F78E
:20DF200090FEA44908600846006830B9404601F00FFF2046F6F775FEE0E75020F6F781FE71
:20DF40009D4908600846006850B9404601F000FF2046F6F766FE97480068F6F762FECDE73F
:20DF6000002095490968087093490968887005F0FDFA91490968888000208F490968487015
:20DF80008E480CF0DEFB8C490968C8808B480CF0D8FB05462A468949874800680830F6F7BD
:20DFA00069FD20460CF0CDFB83490968A1F848008048006880490968C86420460CF0C1FBFF
:20DFC00005467D4909682A46C86C2146F6F752FD7948006806F0C2FA76480068F6F721FE6B
:20DFE00075480068F6F71DFE2046F6F71AFE404601F0AEFE00BF81E72DE9F04F8DB0044663
:20E00000264667A000680C90AFF22C7000680B901422644906A80CF043FC624A0832D2E9DC
:20E0200000109268CDE904020391AFF2B82000680290684606F0CEFA08225B4906A8FEF736
:20E0400047F903F0AAF9834603F0A7F9814603F0A4F98246554AAFF27471584603F056F96A
:20E060000CAA50492031584603F050F902AA4D492431584603F04AF906AAAFF294715846C7
:20E0800003F044F94A4647492831584603F019F870680FF0A0F807463A460B4648A1484631
:20E0A00003F001F9B0680FF096F807463A460B46AFF22C31484603F0F6F8F0680FF08BF869
:20E0C00007463A460B4640A1484603F0ECF852463749584602F0F5FFBDF800000FF092F802
:20E0E00007463A460B4632490831504603F0DBF89DF802000FF086F807463A460B462C494B
:20E100001031504603F0CFF89DF803000FF07AF807463A460B4626491831504603F0C3F84B
:20E120009DF804000FF06EF807463A460B4620491C31504603F0B7F89DF805000FF062F8E2
:20E1400007463A460B461A492431504603F0ABF89DF806000FF056F807463A460B4614495A
:20E160002C31504603F09FF8584602F070FE054635B9584601F0ECFD00200DB0BDE8F08F72
:20E1800028787B2822D0584601F0E2FD2846F6F748FD0020F1E700002C070020300700209A
:20E1A0003041000040C6000830980020A806002094CA0008380700203407002090990020C1
:20E1C000526174696F0000004572720028460CF0B8FA0746F6F735FDFD490860084600682B
:20E1E00038B9584601F0B4FD2846F6F71AFD0020C3E75020F6F725FDF649086008460068D6
:20E2000058B9584601F0A4FD2846F6F70AFDF0480068F6F706FD0020AFE70020ED4909684E
:20E220000870EC490968887005F0A0F9E949096888800020E74909684870E7480CF081FA70
:20E24000E4490968C880E4480CF07BFA07463A46E149E04800680830F6F70CFC28460CF01D
:20E2600070FADC490968A1F84800D9480068D9490968C86428460CF064FA0746D5490968D1
:20E280003A46C86C2946F6F7F5FBD248006806F065F9CF480068F6F7C4FCCE480068F6F711
:20E2A000C0FC2846F6F7BDFC584601F051FD00BF63E72DE9F0418AB0C8A000680990C8A056
:20E2C000006808901422C74903A80CF0E9FAAFF6F01000680290684606F07CF9C248D0E9F3
:20E2E0000020521C40F10000BF49C1E9002003C9BD4AC2E90C010822BB49303103A8FDF7D4
:20E30000E7FF03F04AF8804603F047F80746B74AAFF63021404602F0F9FF03AAAFF638218B
:20E32000404602F0F3FF09AAAE492031404602F0EDFF02AAAB492431404602F0E7FF3A4641
:20E34000AB49404602F0BDFEBDF800000EF05AFF05462A460B46A6490831384602F0A3FF44
:20E360009DF802000EF04EFF05462A460B46A0491031384602F097FF9DF803000EF042FFA8
:20E3800005462A460B469A491831384602F08BFF9DF804000EF036FF05462A460B46944996
:20E3A0001C31384602F07FFF9DF805000EF02AFF05462A460B468E492431384602F073FF47
:20E3C0009DF806000EF01EFF05462A460B4688492C31384602F067FF404602F038FD044680
:20E3E0002CB9404601F0B4FC0AB0BDE8F08120787B2806D0404601F0ABFC2046F6F711FCB2
:20E40000F2E720460CF09DF90546F6F71AFC794908600846006830B9404601F099FC2046A2
:20E42000F6F7FFFBE0E75020F6F70BFC724908600846006850B9404601F08AFC2046F6F798
:20E44000F0FB6C480068F6F7ECFBCDE700206A490968087068490968887005F087F8664934
:20E460000968888000206449096848706348007861490968C8806148027861495E480068CC
:20E480000830F6F7F7FA20460CF05BF95A490968A1F848005748006857490968C864204611
:20E4A0000CF04FF90546544909682A46C86C2146F6F7E0FA5048006806F050F84D480068B2
:20E4C000F6F7AFFB4C480068F6F7ABFB2046F6F7A8FB404601F03CFC00BF85E710B5FAF790
:20E4E000F6FC18B901204749086002E000204549086010BD10B5FFF7F1FF3B4890F898002D
:20E5000000B910BD01F0A3F901F0A6FA00B9F8E704F012FE20B90020334981F88000F0E776
:20E52000314890F88C0068BB2F48B0F88800B0F57A7F07DA2C48B0F88800401C2A49A1F8F9
:20E54000880005E000202849A1F88800FFF7B1FE2548B0F88A0042F21071884207DA22488E
:20E56000B0F88A00401C2049A1F88A0072E000201D49A1F88A00FDF73BFE04F058FE01F01E
:20E58000CDF867E0184890F8800000BB1648B0F88200B0F5FA6F07DA1348B0F88200401CF4
:20E5A0001149A1F8820005E000200F49A1F88200FDF79FFF0C48B0F8960042F210718842CB
:20E5C00025DA0948B0F89600401C07491CE029E0400700203C070020909900203230000087
:20E5E0003034000040C60008E8970020A806002094CA00084807002044070020EE060020E8
:20E60000D0060020109A0020A1F8960022E00020FE49A1F89600FDF7EBFD04F008FE01F0AC
:20E620007DF817E0F948B0F88E004EF66021884207DAF648B0F88E00401CF449A1F88E0053
:20E6400008E001F00CFA28B90020F049A1F88E00FEF7EEF800BF54E770B50024002500F047
:20E66000FEFF18B300F0FBFFE949088000F0F7FF0646F6F7E6FAE74908600846006800B928
:20E6800070BDE448006800F0EFFFE1480188E148006801F0A3F920B9DE480068F6F7C1FAFC
:20E6A00004E0DC480068F6F7BCFAE9E700BFE7E72DE9F04F89B000260020079006900021C8
:20E6C00004910591039001F0C7F910B909B0BDE8F08FFFF7C1FFD048007840B1012812D0E3
:20E6E000022836D0032840F0538700F042BF05F038FDCA4908600846006810B10120C64978
:20E70000087000F045BFC548006802F0A6F9C449086008460068C0B1C249C148006802F07D
:20E7200036FCC14908600846006818B90320BA490870CBE7BC49096801220869BB49FDF75C
:20E7400035FE0220B449087002E00320B2490870D7E7B6480078212880F00587DFE810F037
:20E7600003072100A9012A025202A102A502A902AD023E032204CA05D205A606AA06AE0683
:20E78000B2060307030703070307030703070307030703070307CE05030703070307030762
:20E7A000B6060024A246A346A1460420F6F749FA044634B90120039003209749087000BF48
:20E7C00000BFAFF6DC619648006802F0E0FB964908600846006858B9022003909448206066
:20E7E0002046FEF765FA03208B49087000BF00BF8D4909680822086904A9FDF7D7FD834A4E
:20E80000DDE90410C2E9061005F0C6FF58B1012003908748801E20602046FEF749FA032038
:20E820007D49087052E7DDE90401FDF705FD00287ED080497A48006802F0A9FB7E49086072
:20E840007C4908317C48006802F0A1FB7649086008460068808A7949088076491031764811
:20E86000006802F094FB7049086008460068007D724988706F4918316F48006802F087FB14
:20E880006949086008460068007D6C49C87069491C316948006802F07AFB6349086008465D
:20E8A0000068007D65490871624924316248006802F06DFB5C49086008460068007D5F49F8
:20E8C00048715C492C315C48006802F060FB5649086008460068007D58498871084605F00D
:20E8E0001EFF58B1032003905148801E20602046FEF7DEF9032048490870E7E6504805F0CD
:20E9000069FE4E494E4805F0E0FE012813D14B494B4805F086FE3C2810D904200390444853
:20E92000C01E20602046FEF7C3F903203A4900E0B7E00870CAE6414805F065FE3949083181
:20E940003748006802F023FB3E4908600846006850B905200390364820602046FEF7A8F960
:20E9600003202D490870B1E6324950313548006802F00DFB8246BAF1000F0AD106200390FE
:20E980002B4820602046FEF793F90320224908709CE6504602F0B0FA00F0FF0BF7F71AF8E9
:20E9A00058450BDC072003902148401E20602046FEF77EF903201849087087E64FF000094F
:20E9C00067E04946504602F0B4FA02901E49029802F0DDFA1449086008460068007D069041
:20E9E00014492839029802F0D2FA0F49086008460068067D0F492039029802F0C8FA0A49B6
:20EA0000086008460068007D07901FE0E89700204C07002050070020640700206807002022
:20EA20006C07002060C60008740700206507002098BA010094CA0008700700205407002023
:20EA40005C0700207807002020D4000800208DF804008DF8056007988DF8060001208DF835
:20EA60000700FE480090FE48D0E906733A4601A90020F7F70AF820B10120F94981F88100D9
:20EA800003E00820039000BF00BF09F1010000F0FF09D94595DBF34820602046FEF708F9C2
:20EAA00003E00920039000BF00BF0320EE49087077E2EEA1EE48006802F069FAED490860EE
:20EAC00009680822086904A9FDF770FCE448D0E90232DDE9040158405140084366D101206D
:20EAE000DF4981F880000020A1F89600E249E048006802F04CFAE1490860DF490831DF4899
:20EB0000006802F044FADB49086008460068808ADB490880D8491031D848006802F037FA58
:20EB2000D449086008460068007DD5498870D2491831D248006802F02AFACE49086008463E
:20EB40000068007DCE49C870CB491C31CB48006802F01DFAC749086008460068007DC849E0
:20EB60000871C5492431C548006802F010FAC149086008460068007DC1494871BE492C317C
:20EB8000BE48006802F003FABA49086008460068007DBB498871084605F0C1FD18B1032090
:20EBA000B149087092E5B64805F02DFD0320AE4908707DE7ADA1AE48006802F0E8F9AD49E4
:20EBC000086009680822086904A9FDF7EFFBA44ADDE90410C2E91810AA49A548006802F061
:20EBE000D6F9A9490860A949A748006802F0CFF9A04908600968087DFEF7BAF903209A49F4
:20EC0000087055E799A19A48006802F0C0F90446082204A92069FDF7C9FB914ADDE90410FA
:20EC2000C2E9061097499248006802F0B0F981469649484602F0ABF9044694F8148094A1ED
:20EC4000484602F0A4F90446012202A92069FDF7ADFB90A1484602F09AF90446012201A9FF
:20EC60002069FDF7A3FB8CA1484602F090F90446277D00208DF800009DF808008DF801008D
:20EC80009DF804008DF802008DF8037069460020F7F72FFB4046FEF742FB03207249087067
:20ECA00006E703207049087002E703206E490870FEE603206C490870FAE66CA16C4800689B
:20ECC00002F065F96B49086009680822086904A9FDF76CFB6248D0E91632DDE90410594096
:20ECE0005040014376D164496148006802F04FF962490860604908316048006802F047F9CA
:20ED00005C49086008460068808A5D4908805A4910315A48006802F03AF956490860084690
:20ED20000068007D56498870534918315348006802F02DF94F49086008460068007D50498B
:20ED4000C8704D491C314D48006802F020F94949086008460068007D494908714649243174
:20ED60004648006802F013F94249086008460068007D4349487140492C314048006802F06C
:20ED800006F93C49086008460068007D3C498871084605F0C4FC18B103203349087095E47A
:20EDA000374805F030FC36480088642190FBF1F201FB1200C4B2324881794079304A127904
:20EDC000CDE9002002912E48C27881780023204606F07CFE032024490870C8E300200290C3
:20EDE00005F0DAFC18B103201F4908706EE41FA11F48006802F0CBF81E490860096808227C
:20EE0000086904A9FDF7D2FA154ADDE90410C2E914101C491648006802F0B9F81A49086073
:20EE20001A491948006802F0B2F81249086008460068057D10490E48006802F0A8F80F490E
:20EE400008600D4908310D48006802F0A0F80949086008460068808A094921E045DA000880
:20EE6000E897002068B9010064070020534E00006C0700207407002094CA0008700700207A
:20EE80005407002068C600087807002020D40008456E00004D6F640054656D7000000000BD
:20EEA0000880F849F848006802F071F8F749086008460068007DF6498870F2490831F248C6
:20EEC000006802F064F8F149086008460068007DEF49C870EB490C31EB48006802F057F8EA
:20EEE000EA49086008460068007DE9490871E5491431E548006802F04AF8E449086008467A
:20EF00000068007DE2494871DE491C31DE48006802F03DF8DD49086008460068007DDC4919
:20EF20008871084605F0FBFB18B10320D949087078E4D94805F04EFBD549D74805F0C5FB6C
:20EF400001280CD12846FEF725FBD149D24805F068FB3C2809D90320CE49087062E4CC484A
:20EF600005F051FB2846FEF715FBDDE90401FDF763F998B1AFF2E801C848006802F007F886
:20EF8000C249086009680122086902A9FDF70EFA9DF80800012801D1F9F7A8FF0320BD49FA
:20EFA0000870E4E2FDF774F918B90320B949087038E4AFF24811BA48006801F0E8FFB349F0
:20EFC000086009680822086904A9FDF7EFF9B54ADDE90401C2E91201AA491039B048006810
:20EFE00001F0D5FFA8490860A6490839A648006801F0CDFFA549086008460068808AA449AD
:20F000000880A049A048006801F0C1FF9F49086008460068007D9E4988709A4908319A481E
:20F02000006801F0B4FF9949086008460068007D9749C87093490C319348006801F0A7FF3C
:20F040009249086008460068007D914908718D4914318D48006801F09AFF8C49086008467A
:20F060000068007D8A49487186491C318648006801F08DFF8549086008460068007D84491A
:20F080008871084605F04BFB18B103208149087033E4814805F09EFA7D497F4805F015FBC1
:20F0A00001280BD1FEF7A0FE79497B4805F0B9FA782808D90320774908701EE4744805F0FC
:20F0C000A2FAFEF791FEDDE90401FDF7B5F800287DD02020F5F7B5FD04461CB903206D4959
:20F0E00008700AE470496E48006801F050FF6B4908606EA16948006801F049FF6349086002
:20F10000096808690BF01DFB0746604800683A4601696948F5F7AEFC5C49096808690BF0EA
:20F1200010FB654981F8800064A15C48006801F02EFF56490860096808690BF002FB0746C0
:20F14000524800683A4601695B484030F5F792FC4E49096808690BF0F4FA574981F881003A
:20F1600059A14E48006801F012FF48490860096808690BF0E6FA0746F5F763FD206043493A
:20F18000096808690BF0DDFA0746404A126811693A462068F5F76EFC4DA14048006801F0C3
:20F1A000F6FE3A490860096808690BF0CAFA0746F5F747FD60603549096808690BF0C1FA7C
:20F1C0000746324A126811693A46606800E054E0F5F750FC3FA13148006801F0D8FE2B49E2
:20F1E0000860096808690BF0ACFA0746F5F729FDA0602649096808690BF0A3FA0746234A22
:20F20000126811693A46A068F5F734FC33A12348006801F0BCFE1D490860084600684069D7
:20F22000E06030A11D48006801F0B1FE1749086009681022086904F11001FDF7D4F81E4848
:20F2400090F881100022403003F0C4FFFCF7D0FF03F0EDFF00F062FA244A2549204605F029
:20F26000E5FA6068F5F7DDFC2068F5F7DAFCA068F5F7D7FC2046F5F7D4FC03200549087006
:20F2800075E10000A4CA0008700700207407002054070020640700205C0700207807002048
:20F2A0006C070020E897002068C60008507562546F70696300000000D89D002053756254AD
:20F2C0006F70696300000000486F73740000000055524C004677566572000000467753698F
:20F2E0007A65000046774D4435000000DD340108F9DF00080320A849087038E10320A649FB
:20F30000087034E1002400200290FCF7C1FF18B90320A149087045E4AFF2B0419F48006877
:20F3200001F035FE9E49086009680822086904A9FDF73CF89B4ADDE90401C2E910019A492A
:20F340009648006801F023FE98490860964908319648006801F01BFE9149086008460068AC
:20F36000808A93490880904910319048006801F00EFE8B49086008460068007D8C4988708C
:20F38000894918318948006801F001FE8449086008460068007D8649C87083491C318348D6
:20F3A000006801F0F4FD7E49086008460068007D7F4908717C4924317C48006801F0E7FD45
:20F3C0007749086008460068007D7949487176492C317648006801F0DAFD714908600846DD
:20F3E0000068007D7249887172497048006801F0CEFD6B49086009680122086902A9FCF71E
:20F40000D5FF6B4805F08BF918B1032062490870C5E4694805F0DEF86549674805F055F918
:20F4200001280DD19DF80800FEF7DCF96049624805F0F7F878280AD9032057490870AEE4D7
:20F440005B4805F0E0F89DF80800FEF7CBF9DDE90401FCF7F1FE28B30620F5F7F2FB044615
:20F460001CB903204C49087099E45249091D4B48006801F08CFD5149086051A14F480068E1
:20F4800001F085FD4649086008460068808AA0800020608001202070204603F06AFE20464A
:20F4A000F5F7BFFB03203C49087060E003203A4908705CE003203849087058E003203649F6
:20F4C000087054E003203449087050E0AFF264613248006801F05BFD31490860096808222A
:20F4E000086904A9FCF762FF2E4ADDE90410C2E90C103049091D2948006801F048FD2F495B
:20F50000086032A12D48006801F041FD24490860096808690BF015F9044621480068224661
:20F5200001692D48F5F7A6FA2CA12448006801F02EFD1B490860096808690BF002F90446B5
:20F54000174800682246016923484030F5F792FA2148F6F7F7FF0120124981F88C000320CF
:20F560000D49087003E003200B49087000BF00BF0EE00A48006818B10848006800F0E8FB71
:20F5800019480068F5F74DFB00200349087000BF00BF00BF2AE40000640700206C07002021
:20F5A00074070020E897002094CA0008700700205407002064C600085C0700207807002045
:20F5C000446F776E54696D6500000000446576696365546F706963009099002053657276CC
:20F5E0006572546F706963006807002008B501211020F3F7BBFB0220ADF8000010208DF87B
:20F60000030003208DF8020069464148F3F78CF802213F48F3F737F908BD10B5FFF7E6FF6E
:20F620000220FBF76AF910BD70B504460D46AAB221460220FBF7D8F970BD70B505460E462B
:20F64000144631462846FFF7EFFF00BF0220FBF795F918B1201EA4F10104F7D170BD10B5CB
:20F660000220FBF776F910BD10B5044621460220FBF792F910BD2DE9F04106460F46144616
:20F680002448007810B101283FD10FE02248046030460BF056F8054629463046FFF7C4FF27
:20F6A00001201C4908700020BDE8F081FFF7D7FFD8B1FFF7D4FF8046F5F7C3FA054695B1F8
:20F6C0002846FFF7D1FF002012490870394628460BF001F820B12846F5F7A3FAFF20E3E771
:20F6E0002846F5F79EFA0020DEE70B48006828B109480068401E0849086004E0002005497D
:20F700000870EE20D0E70020CEE700BF00BFCBE70010014080070020840700200320FE499A
:20F72000487008460078FD494870704710B5FB48007800B910BDF94840881E2809DAF7481F
:20F740004088401CF54948800221F548F3F79BF811E0F24840883C2809DAF0484088401C0C
:20F76000EE4948800221EE48F3F78BF803E00020EA494880087000BFDCE7E748007870476E
:20F7800010B5FFF74AFFE749E348C16000218172E5490161E5494161E549C161E549016294
:20F7A000E54981610020DC4908720121DA48C172E2498162E2494162E249C162E24941630A
:20F7C000E2490163E24981634FF4FA61A0F84010E049C163E0498164002180F84610DF4993
:20F7E000C164DF490165DF498165DF49C165DF494165002180F84410022180F8471000212C
:20F800004166016681660167C166D94941674FF47A71A0F87C10D749816710BDBE484078B5
:20F82000042801DB012070470020FCE710B5BA4A1170507001231278C2EB0214B64A083230
:20F8400002EB840253700122B34B9A7010BD70B50025B1484078052829D2DFE800F0032974
:20F860004188B200AC480078C0EB0011AA48083010F82100D8B9A8480078C0EB0011A648EF
:20F88000083000EB8100006950B1A3490978C1EB0112A149083101EB820108698047054619
:20F8A000FF2D04D101209C4948700020888093E0994881880078C0EB00129748083000EBCD
:20F8C0008200008F814205DA93488088401C9249888004E0002090498880022048707BE039
:20F8E00000248D480078C0EB00118B48083000EB81004078B0BB88480078C0EB001186486F
:20F90000083000EB8100C06850B183490978C1EB01128149083101EB8201C868804704465B
:20F92000FF2C0FD101207C49887003204870012179480078C0EB00127748083000EB820087
:20F94000417013E0EE2C11D100207349487008460078401C087008460078022806D10020F2
:20F96000087003E0FFE703206B49487034E0002469480078C0EB00116748083000EB810047
:20F980008078D0B964480078C0EB00116248083000EB8100806850B15F490978C1EB0112E7
:20F9A0005D49083101EB8201886880470446FF2C06D104205849487002E00420564948701C
:20F9C0000AE055490978C1EB01125349083101EB82014868804700BF00BF70BD70B504468A
:20F9E0000D464D488078B0B14B480078C0EB00114948083000EB8100406960B1464800780A
:20FA0000C0EB00114448083000EB8100294642692046904770BD0020FCE770B504460D46B1
:20FA20003D488078B0B13C480078C0EB00113A48083000EB8100806960B137480078C0EB6E
:20FA400000113548083000EB8100294682692046904770BD0020FCE72F488078704710B5C2
:20FA60002D480078C0EB00112B48083000EB8100006B50B128490978C1EB01122649083101
:20FA800001EB8201086B804710BD0020FCE710B521480078C0EB00111F48083000EB810080
:20FAA000C06950B11C490978C1EB01121A49083101EB8201C869804710BD0020FCE710B5DF
:20FAC00015480078C0EB00111348083000EB8100406B50B110490978C1EB01120E490831C1
:20FAE00001EB8201486B804710BD0020FCE710B509480078C0EB00110748083000EB810010
:20FB0000006AC8B304490978C1EB01120249083101EB8201086A30E09C9A002088070020F9
:20FB20000010014055C1000855B10008CDB0000855B9000805BE000865B00008D7B700082F
:20FB4000CDB70008DBB70008DFB7000801B90008A9B90008D1B700080F2C0108E71C0108D5
:20FB6000852201080D230108672601087F1C01085D230108FD1B010801E0804710BD002023
:20FB8000FCE710B523480078C0EB00112148083000EB8100406A50B11E490978C1EB0112BF
:20FBA0001C49083101EB8201486A804710BD0020FCE710B517480078C0EB00111548083002
:20FBC00000EB8100C06A50B112490978C1EB01121049083101EB8201C86A804710BD00200C
:20FBE000FCE710B50B480078C0EB00110948083000EB8100806A50B106490978C1EB011267
:20FC00000449083101EB8201886A804710BD0020FCE700009C9A0020F7480068F649496879
:20FC200008447047014609B900207047087B102801D10120F9E70020F7E700B50246104602
:20FC4000FFF7F0FF08B9002000BD1069FCE708B5072003460122E9A10090EB480AF0A6FB8D
:20FC6000E94808BD70B504460D4604B10DB9012070BDAC4201D10020FAE705E0207808B904
:20FC80000020F5E7641C6D1C20780AF082FB064628780AF07EFB8642F0D020780AF079FB63
:20FCA000064628780AF075FB301AE1E72DE9F04104460D460026002714B90020BDE8F081A8
:20FCC00020460AF03EFD461C30462968884707460FB90020F2E73246214638460AF09BFD54
:20FCE0003846EBE738B9C949C94A1160C9495160C94991607047C549C54A1160016809B1FF
:20FD000001681160C349C24A5160416809B1416851600021BE4A916011460968BB4A9142C9
:20FD200007D1BB494968BB4A914202D1BA49B84A916000BFDEE770B5044628202168884702
:20FD400005461DB1282128460AF0FEFD284670BD70B50446002522E02568A08900F4807013
:20FD600020B9A06810B1A068FFF7F2FFA08900F4807028B9206918B1A54A206951688847B2
:20FD8000A08900F4007028B9206A18B1A04A206A516888479E484168204688472C46002C44
:20FDA000DAD170BD2E2070472DE9F04391B080460C4600BF00201090FFF7F4FF8146002570
:20FDC0000CB1206818B9002011B0BDE8F08300253CE0A16820680844405D342820D00ADC27
:20FDE000A0F12B0009282ED2DFE800F0202D212A2D1617181900382816D006DC352810D0D7
:20FE000036280FD037281ED10DE039280DD045280FD0652817D10BE000BF00BF00BF00BF84
:20FE200000BF00BF00BF00BF00BF00BF00BF00BF00BFA16820680844405D0DF8050003E0A4
:20FE40000DF8059000E00AE000BF6D1C3F2D05D224B1A068284461688842BAD300BF00206B
:20FE60000DF8050010A968460CF044FF06460F4668461099884201D10020A5E7C8E9066774
:20FE8000664A674B304639460DF00AFB04D86FF00040C8F8140011E00022624B3046394605
:20FEA0000DF0C4F904D84FF00040C8F8140005E0304639460DF032F9C8F814000820C8F89B
:20FEC0000C00A0686A461099891A0844A06001207AE770B5064614461D46504A504B20467B
:20FEE00029460DF0DDFA03D86FF0004070610FE000224C4B204629460DF098F903D84FF04F
:20FF00000040706104E0204629460DF007F9706120462946C6E9064570BD2DE9F0410446BC
:20FF20000D46002600270CB1206810B90020BDE8F081606828B1D4E90110884201D30020B0
:20FF4000F5E7B5F1004F01D30020F0E7A068401C05446068A84203D3A16820680844E6E726
:20FF6000206908B10020E2E7B5F1804F07D3B5F1004F02D26FF0004702E00020D7E76F0069
:20FF8000206A60B13946226A206890470646E6B9E16920688847002060602060C7E7384644
:20FFA000A1698847064636B9E16920688847002060602060BBE72EB1A068421C3046216846
:20FFC0000AF029FCE1692068884767602660A0683044ACE770B5044600250CB1206800B973
:20FFE00070BDA1682068451828460AF0AAFBA1680844A06000BFF3E78C07002025692E2557
:020000040801F1
:20000000692E2569000000001C9B00202FA20108940700208DA20108DBA201080000C0FFD2
:20002000FFFFDF410000E0C12DE9F04F8BB082460D464FF00009DAE9067800260024FFF78D
:20004000B1FE83461DB900200BB0BDE8F08F00221346384641460DF025F900221346CDE987
:2000600000010DF01FF805D0F9A104A80AF09EF906461BE03A464346F7A104A80AF096F9A2
:20008000064602AAF6A104A80AF0FAFA012806D13A464346DDE902010DF004F806D03A4616
:2000A0004346F0A104A80AF081F90646002E01DB192E01DD0020C7E7711C2846FFF72DFFA0
:2000C0008146B9F1000F01D10020BDE700240DE004A8005D584503D12E2009F8040004E048
:2000E00004A8005D09F8040000BF641CB442EFD3002009F80400A8683044A8600120A3E79F
:2001000002460023002100BF23E0505C302806DB505C392803DC505C3038034415E0505CC4
:20012000412806DB505C462803DC505C373803440BE0505C612806DB505C662803DC505C54
:200140005738034401E000207047032900D21B01491C0429D9D31846F6E72DE9FF5F804644
:200160008946154600240026C24600200390834602900190A9EB0A00062800DA81E00AF162
:200180000200FFF7BDFF0646B6F55C4F03D3B6F5604F00D275E0B6F5584F29D3B6F55C4F0E
:2001A00026D20AF10607002000900C200290A9EB0700062800DA64E038785C2802D17878F3
:2001C000752800D05DE0B81CFFF79AFF00900098B0F55C4F03D30098B0F5604F00D350E0D5
:2001E000C6F30901009861F39F2000F5803402E0062002903446802C02D20120039018E0A8
:20020000B4F5006F04D202200390C020019010E0B4F5803F04D203200390E020019008E06D
:20022000B4F5881F04D204200390F020019000E027E00398401E00F0FF0B0BE004F0BF00C8
:2002400040F08000296801F80B00A409ABF1010000F0FF0BBBF1000FF0DC0398012804DDE9
:20026000019820432968087003E004F07F00296808702968039808442860029804B0BDE827
:20028000F09F0020FAE72DE9F84F80460C46A16820680844461CA16820680844451C0020BC
:2002A00000900027A1682068405C222800D0A6E04FF0000AD1460DE028785C2809D1681CEB
:2002C0002168401A6168884200D398E009F101096D1C6D1C2068281A6168884202D2287876
:2002E0002228E9D12068281A6168884202D22878222800D083E0A16820680844281AA0EB02
:20030000090A0AF1010021698847074607B976E0009761E030785C2807D016F8010B009984
:2003200008700098401C009056E04FF00209A81B012800DA63E07078662819D008DC2228AB
:2003400032D02F2832D05C282FD0622840D108E06E2814D0722819D074281ED0752837D110
:200360002BE00820009908700098401C009030E00C20009908700098401C009029E00A20B1
:20038000009908700098401C009022E00D20009908700098401C00901BE0092000990870CF
:2003A0000098401C009014E000BF00BF7078009908700098401C00900BE06A46294630464A
:2003C000FFF7CBFE8146B9F1000F00D117E000E015E000BF4E4400BFAE429BD3002000991A
:2003E00008701020C8F80C00C8F810702068281AA060A068401CA0600120BDE8F88F17B106
:2004000038466169884716B12068301AA0600020F3E72DE9F04707468A4600240026002559
:20042000A046A146BAF1000F02D10020BDE8F087F7B903215046FFF770FD06460EB9002026
:20044000F4E70AA130460AF058F90120EEE700006E756C6C0000000025312E313567000053
:20046000256C670025312E3137670000222200003C4622E020780C2811D006DC08280DD0CD
:2004800009280FD00A2810D10AE00D2809D0222802D05C2809D100E000BF00BF00BF00BFEB
:2004A00000BF00BF09F1010905E02078202801DA09F1050900BF00BF641C20780028D9D1AA
:2004C000E01B00EB090808F103015046FFF725FD06460EB90020A9E7B9F1000F0FD12220DC
:2004E000307042463946701C0AF095F9222108F1010031540021401C3154012096E722209D
:200500003070751C3C463DE020781F2808DD2078222805D020785C2802D0207828702FE063
:200520005C2005F8010B20780C2815D006DC08280FD0092819D00A281AD110E00D2811D057
:20054000222803D05C2813D1287018E02220287015E06220287012E0662028700FE06E2010
:2005600028700CE07220287009E07420287006E02278F7A1284609F019FF2D1D00BF00BF59
:20058000641C6D1C20780028BED1222108F1010031540021401C3154012047E770B5044681
:2005A0000D4629462069FFF734FF70BD014609B1086808B90020704702E08868401C88607B
:2005C00041B1D1E90120904204D28A680868805C2028F2DDD1E90120904202D18868401E83
:2005E00088600846E7E710B504461CB1206808B1A06808B1002010BD7CB1A068001D616811
:2006000088420AD2A268216888180322D2A10AF0B7F810B9A068C01CA0602046EBE72DE9C5
:20062000F04180460C4600270025E068B0F57A7F02D30020BDE8F081E068401CE06044B15B
:20064000D4E90110884204D2A1682068405C7B2800D07BE0A068401CA0602046FFF7A6FFCC
:200660004CB1D4E90110884205D2A1682068405C7D2800D15DE01CB1D4E90110884203D3F3
:20068000A068401EA06061E0A068401EA06000BF04F11000FFF74FFB064606B956E017B938
:2006A0003746354602E02E6075603546A068401CA0602046FFF77AFF21462846FFF7E3FD9E
:2006C00000B943E02046FFF771FF286928620020286144B1D4E90110884204D2A1682068BA
:2006E000405C3A2800D031E0A068401CA0602046FFF75CFF2146284600F0A8F800B925E0DD
:200700002046FFF753FF44B1D4E90110884204D2A1682068405C2C28BAD044B1D4E90110FA
:20072000884204D2A1682068405C7D2800D00DE000BFE068401EE0604020C8F80C00C8F8F9
:200740000870A068401CA060012073E717B13846FFF7FEFA00206DE72DE9F04107460C46B4
:200760000026B046E068B0F57A7F02D30020BDE8F081E068401CE060A1682068405C5B28D8
:2007800000D05DE0A068401CA0602046FFF70EFF4CB1D4E90110884205D2A1682068405CE6
:2007A0005D2800D141E01CB1D4E90110884203D3A068401EA06043E0A068401EA06000BFD9
:2007C00004F11000FFF7B7FA054605B938E016B92E46A84604E0C8F80050C5F80480A846F8
:2007E000A068401CA0602046FFF7E0FE2146404600F02CF800B923E02046FFF7D7FE44B178
:20080000D4E90110884204D2A1682068405C2C28D6D044B1D4E90110884204D2A16820684F
:20082000405C5D2800D00BE000BFE068401EE0602020F860BE60A068401CA060012096E77F
:2008400016B13046FFF784FA002090E770B505460C460CB1206808B9002070BDA4B1A068DE
:20086000001D616888420FD8A268216888180422AFF2244109F084FF30B90420E860A068A9
:20088000001DA0600120E8E79CB1A068401D616888420ED8A2682168881805222FA109F0FD
:2008A0006FFF30B90120E860A068401DA0600120D3E7ACB1A068001D6168884210D8A26831
:2008C00021688818042227A109F05AFF40B90220E86001206861A068001DA0600120BCE779
:2008E0006CB1D4E90110884209D2A1682068405C222804D121462846FFF7C5FCADE7BCB18F
:20090000D4E90110884213D2A1682068405C2D2809D0A1682068405C302809DBA168206805
:20092000405C392804DC21462846FFF73DFA94E7E4B1D4E90110884218D2A1682068405C19
:200940005B2813D121462846FFF706FF85E700007525303478000000EFBBBF0066616C736F
:200960006500000074727565000000006CB1D4E90110884209D2A1682068405C7B2804D11D
:2009800021462846FFF74BFE67E7002065E72DE9F04389B004460D4617461C2102A809F02D
:2009A000D3FF00260020F7490860486004B934E00294204609F0C5FE401C039000200490A3
:2009C000F14A07CA06AB07C3EF48FFF7B4F9064606B922E002A8FFF706FE8146FFF7E6FD65
:2009E000804641463046FFF731FF00B915E05FB102A8FFF7DBFDDDE90310884203D20499C3
:200A00000298405C00B108E01DB10499029808442860304609B0BDE8F08316B13046FFF7B4
:200A200097F9C4B1009400200190DDE90310884202D20498019004E0039810B10398401E8F
:200A400001901DB1DDE9000108442860CD48DDE9001206C000BF0020DCE710B50446002216
:200A600011462046FFF793FF10BD2DE9F04781460C4600250026D9F8087014B90020BDE8D8
:200A8000F087606908B1022000E001200646711C2046FFF742FA05460DB90020EFE77B2027
:200AA00005F8010BE068401CE060606910B10A2005F8010BA0683044A06069E06069B8B195
:200AC0002046E168FFF729FA05460DB90020D6E74FF0000804E0092005F8010B08F1010801
:200AE000E0684045F7D8D4E902010844A06000BF2146386AFFF78DFC08B90020BFE720461A
:200B0000FFF768FA606908B1022000E00120064631462046FFF701FA05460DB90020AEE7F8
:200B20003A2005F8010B606910B1092005F8010BA0683044A0602146384600F0A9F808B9E3
:200B400000209CE72046FFF745FA606908B1012000E00020396809B1012100E000214618D8
:200B6000711C2046FFF7D9F905460DB9002086E7386810B12C2005F8010B606910B10A20B2
:200B800005F8010B00202870A0683044A0603F68002F93D1606910B1E068401C00E00220AE
:200BA00001462046FFF7B9F905460DB9002066E7606950B1002003E0092105F8011B401CF6
:200BC000E168491E8142F7D800BF7D2005F8010B00202870E068401EE06001204FE72DE963
:200BE000F04107460C460025A846BE6814B90020BDE8F08101212046FFF78FF905460DB9D2
:200C00000020F5E75B202870A068401CA060E068401CE06028E02146304600F039F808B9B6
:200C20000020E5E72046FFF7D5F93068D8B1606908B1022000E00120804608F101012046B1
:200C4000FFF76BF905460DB90020D1E72C2005F8010B606910B1202005F8010B0020287071
:200C6000A0684044A0603668002ED4D102212046FFF753F905460DB90020B9E75D2005F861
:200C8000010B00202870E068401EE0600120AFE72DE9F04104460E46002504B116B9002045
:200CA000BDE8F081207B10285AD008DC01281CD0022829D0042809D0082860D133E0202844
:200CC00053D0402856D0802859D131E005213046FFF723F905460DB90020E1E7AFF69001A3
:200CE000284609F00AFD0120DAE706213046FFF714F905460DB90020D2E7AFF2A03128463A
:200D000009F0FBFC0120CBE705213046FFF705F905460DB90020C3E7AFF2B831284609F0B4
:200D2000ECFC0120BCE731462046FFF77DF9B7E70027206908B90020B2E7206909F001FD76
:200D4000471C39463046FFF7E8F805460DB90020A6E73A462846216909F05DFD01209FE735
:200D600031462046FFF71AFC9AE731462046FFF736FF95E731462046FFF777FE90E70020A6
:200D80008EE700008C07002094070020F0B589B007460E46144600252421684609F0D4FDB5
:200DA0004FF480702168884700904FF480700190059694E8070006AB07C3009800B933E057
:200DC00069463846FFF764FF00B92DE06846FFF701F9A06850B1029B591C0098A268904795
:200DE000054605B920E0002000901AE0029A501C21688847054605B916E0DDE90130401C8E
:200E0000834201D2019801E00298401C02462846009909F000FD00200299685400986168AD
:200E20008847284609B0F0BD009810B100986168884715B12846616888470020F2E710B5FC
:200E40000446F74A01212046FFF7A0FF10BD10B50446F34A00212046FFF798FF10BD70B5CB
:200E60008AB006460C461546242101A809F06CFD002C02DA00200AB070BDE94801682046E0
:200E800088470190019808B90020F4E702940020039005900695E24A07CA07AB07C301A901
:200EA0003046FFF7F5FE28B9DD4A0198516888470020E0E70198DEE7F0B589B007460C46E8
:200EC00015461E462421684609F03EFD002D00DB14B9002009B0F0BD0094019500200290F5
:200EE000012004900596CE4A07CA06AB07C369463846FFF7CDFEEDE701460022002309B92E
:200F0000002070478A6801E05B1C1268002AFBD11846F6E702460B4600210AB900207047B1
:200F2000916801E05B1E096809B1002BFAD10846F5E770B505460C46002C01DA002070BDFD
:200F400021462846FFF7E6FFF9E72DE9F04105460E461746002405B116B90020BDE8F081DF
:200F6000AC684FB100E024687CB13046216A09F013FD0028F7D108E000E024682CB1304623
:200F8000216AFEF76FFE0028F7D12046E6E770B504460D46002229462046FFF7D6FF70BD90
:200FA00070B504460D46012229462046FFF7CDFF70BD70B504460D4629462046FFF7E7FF15
:200FC00008B1012070BD0020FCE701604860704770B505460E4600240DB9002070BD3046D6
:200FE000FEF7A9FE04460CB90020F7E728222946204609F055FC00202062E06840F48070D1
:20100000E0600020606020602046E7E770B504460E46002506B10CB9002070BDA5680DB978
:20102000A66008E000E02D6828680028FBD131462846FFF7CAFF0120EFE770B504460D466C
:2010400029462046FFF7E2FF70BD70472DE9F04707460D4614461E46DDF820904FF0000889
:20106000C2460FB105B114B90020BDE8F087B9F1000F07D02846FFF7E8FF8046E06840F4CC
:20108000007A0CE031462846FEF710FE8046B8F1000F01D10020E8E7E06820F4007AA089C4
:2010A00000F4007020B9206A10B1206A71688847C4F82080C4F80CA021463846FFF7A6FF32
:2010C000D3E7F8B504460D4616460020544B3246294600902046FFF7B9FFF8BDF8B50446BA
:2010E0000D46164601204E4B3246294600902046FFF7ACFFF8BD70B504460D4604B970BDA8
:2011000047492846FFF764FF064631462046FFF77DFF00BFF3E7F8B504460D46164604B1E9
:2011200005B9F8BD3E493046FFF752FF074600203B4B3A46294600902046FFF787FF00BFE5
:20114000EFE710B53648FEF7F6FD04460CB10420E060204610BDF8B504460D46FFF7F1FFC0
:20116000064600202E4B3246294600902046FFF76DFF08B13046F8BD3046FEF7E9FD0020F6
:20118000F9E710B52648FEF7D6FD04460CB10220E060204610BDF8B504460D46FFF7F1FFA8
:2011A000064600201E4B3246294600902046FFF74DFF08B13046F8BD3046FEF7C9FD002006
:2011C000F9E710B51648FEF7B6FD04460CB10120E060204610BDF8B504460D46FFF7F1FF99
:2011E000064600200E4B3246294600902046FFF72DFF08B13046F8BD3046FEF7A9FD002016
:20120000F9E770B505460648FEF795FD044624B10DB1022000E00120E060204670BD0000D6
:2012200094070020F8B505460E4614462046FFF7E8FF07460020F74B3A4631460090284666
:20124000FFF704FF08B13846F8BD3846FEF780FD0020F9E770B505460E46EE48FEF76BFD62
:201260000446F4B10820E060C4E90656EA4AEB4B284631460CF014F903D86FF0004060617B
:201280000FE00022E64B284631460BF0CFFF03D84FF00040606104E0284631460BF03EFF42
:2012A0006061204670BD2DE9F84306460F4614461D4620462946FFF7CDFF80460020D54B8E
:2012C0004246394600903046FFF7C0FE10B14046BDE8F8834046FEF73BFD0020F8E770B50F
:2012E0000546CC48FEF727FD04466CB11020E060C8492846FEF7DAFC2061206920B920460C
:20130000FEF726FD002070BD2046FCE7F8B505460E4614462046FFF7E2FF07460020BD4BC7
:201320003A46314600902846FFF790FE08B13846F8BD3846FEF70CFD0020F9E770B505465C
:20134000B448FEF7F8FC04466CB18020E060B1492846FEF7ABFC2061206920B92046FEF71F
:20136000F7FC002070BD2046FCE7F8B505460E4614462046FFF7E2FF07460020A54B3A4624
:20138000314600902846FFF761FE08B13846F8BD3846FEF7DDFC0020F9E710B59D48FEF7AC
:2013A000CAFC04460CB14020E060204610BDF8B504460D46FFF7F1FF06460020954B324699
:2013C000294600902046FFF741FE08B13046F8BD3046FEF7BDFC0020F9E710B58D48FEF7DC
:2013E000AAFC04460CB12020E060204610BDF8B504460D46FFF7F1FF06460020854B3246A9
:20140000294600902046FFF721FE08B13046F8BD3046FEF79DFC0020F9E7024602B109B9AD
:2014200000207047486810B1D1E900031860086810B1D1E9003058609068884201D1086858
:2014400090600020486008600846EAE770B505460C46002C01DA002070BD21462846FFF76C
:2014600059FD064631462846FFF7D7FFF4E770B504460D4629462046FFF7E8FF0646FEF789
:2014800067FC70BD70B504460D4629462046FFF77EFD064631462046FFF7BFFF70BD70B585
:2014A00004460D4629462046FFF77AFD064631462046FFF7B2FF70BD70B504460D4629461F
:2014C0002046FFF7DFFF0646FEF742FC70BD70B504460D4629462046FFF7E1FF0646FEF778
:2014E00037FC70BD2DE9F04106460F4614460025002F01DABDE8F08139463046FFF70AFD13
:20150000054625B921463046FFF780FDF2E72560686860606C60B068A84201D1B46001E0CF
:201520006068046000BFE5E770B506460D4614460EB104B10DB9002070BDAC4201D101206E
:20154000FAE72868206068686060206808B120684460606808B160680460B068A84200D11D
:20156000B4600020286068602846FEF7F1FB0120E2E72DE9F04105460C461646002C01DA67
:20158000BDE8F08121462846FFF7C4FC0746324639462846FFF7C8FF00BFF1E710B5044695
:2015A0001C4841682046884710BD2DE9F04107460D4614461E4604B115B90020BDE8F081BE
:2015C000A08900F4007020B9206A10B1206AFFF7E5FF10492846FEF769FB2062E06820F4F8
:2015E0000070E060324629463846FFF7AEFC8046224641463846FFF797FF0120DEE770B56C
:2016000004460D4616460023324629462046FFF7CCFF70BD940700200000C0FFFFFFDF41DB
:201620000000E0C170B504460D4616460123324629462046FFF7B9FF70BD70B50546F748F0
:20164000FEF779FB044634B14FF48870E0602846FFF7FBFC2061204670BD70B50546EF4861
:20166000FEF769FB044634B14FF4A070E0602846FFF7EBFCA060204670BD70B50546E748D2
:20168000FEF759FB044634B14FF49070E0602846FFF7DBFCA060204670BD2DE9F05F0646D0
:2016A000894600240025A346A246B9F1000F00DB16B90020BDE8F09FFFF78FFE824600241B
:2016C00017E056F824000BF086FD0746FFF7C2FD054625B95046FEF73BFB0020EAE714B979
:2016E000CAF8085003E029465846FFF76EFCAB46641CBAF1000F01D04C45E2D35046D9E7E8
:201700002DE9F05F0646894600240025A346A246B9F1000F00DB16B90020BDE8F09FFFF782
:201720005CFE8246002417E056F824000BF0EEFE0746FFF78FFD054625B95046FEF708FB8D
:201740000020EAE714B9CAF8085003E029465846FFF73BFCAB46641CBAF1000F01D04C4507
:20176000E2D35046D9E72DE9F04706460F4600240025A146A046002F00DB16B90020BDE8BC
:20178000F087FFF72AFE8046002417E006EBC400D0E900211046FFF75DFD054625B94046EF
:2017A000FEF7D6FA0020EAE714B9C8F8085003E029464846FFF709FCA946641CB8F1000F8C
:2017C00001D0BC42E2D34046D9E72DE9F04706460F4600240025A146A046002F00DB16B962
:2017E0000020BDE8F087FFF7F8FD8046002414E056F82400FFF773FD054625B94046FEF768
:20180000A7FA0020EDE714B9C8F8085003E029464846FFF7DAFBA946641CB8F1000F01D0AB
:20182000BC42E5D34046DCE72DE9F0470446894600250027A846002604B948E07748FEF74A
:201840007AFA054605B942E0E06820F48070E86060696861D4E90601C5E90601206938B1D8
:201860006E492069FEF722FA2861286900B92EE0206A68B1A08900F4007008B1206A03E0E0
:201880006649206AFEF712FA2862286A00B91EE0B9F1000F02D12846BDE8F087A76812E024
:2018A00001213846FFF7C0FF064606B90FE0B8F1000F05D0C8F80060C6F80480B04601E013
:2018C000AE60B0463F68002FEAD12846E4E715B12846FEF73DFA0020DEE7014600B970473E
:2018E00055E00278202A01D1401C50E00278092A01D1401C4BE002780D2A01D1401C46E086
:2019000002780A2A01D1401C41E002782F2A0BD142782F2A08D100E0401C0278002A36D049
:2019200002780A2A33D0F7E702782F2A0ED142782A2A0BD100E0401C02782AB102782A2A1D
:20194000F9D142782F2AF6D1801C20E00278222A19D110F8012B01F8012B0AE002785C2A54
:2019600003D110F8012B01F8012B10F8012B01F8012B027812B10278222AEFD110F8012BEA
:2019800001F8012B03E010F8012B01F8012B0278002AA6D10A7000BFA1E7014609B90020E1
:2019A0007047087B08B90120FAE70020F8E7014609B900207047087B012800D1FAE70020CD
:2019C000F8E7014609B900207047087B022801D10120F9E70020F7E7014609B900207047EA
:2019E000087B00F0030008B10120F8E70020F6E7014609B900207047087B042801D1012039
:201A0000F9E70020F7E7014609B900207047087B082801D10120F9E70020F7E794070020C9
:201A2000014609B900207047087B202801D10120F9E70020F7E7014609B900207047087BC7
:201A4000402801D10120F9E70020F7E7014609B900207047087B802801D10120F9E700204F
:201A6000F7E72DE9F0470446894692465CB1B9F1000F08D0207B99F80C10884203D1204660
:201A8000FFF78BFF10B10020BDE8F087207B102814D008DC01280DD002280CD004280BD01B
:201AA00008280FD109E020280AD0402809D0802808D104E000BF00BF00BF00BF00BF00BFEB
:201AC00000BF01E00020DFE700BF4C4501D10120DAE7207B102821D008DC01280DD00228A4
:201AE0000CD004280BD008287DD10AE0202827D040283CD0802876D111E000BF00BF012069
:201B0000C2E7D9E906532A46D4E9067138460BF0C9FA01D10120B7E70020B5E700BF20698C
:201B200010B1D9F8100008B90020ADE7D9F81010206908F031FF08B90120A5E70020A3E7D4
:201B4000A568D9F8086009E0524631462846FFF788FF08B9002097E72D6836680DB1002EDE
:201B6000F2D1B54201D000208EE701208CE7002500260CB1A06800E00020054611E05246CD
:201B80004846296AFFF7E1F906460EB900207BE7524631462846FFF764FF08B9002073E7AE
:201BA0002D68002DEBD1B9F1000F02D0D9F8080000E00020064612E052462046316AFFF776
:201BC000C4F9054615B900205EE70CE0524629463046FFF746FF08B9002055E73668002E3D
:201BE000EAD1012050E700204EE710B50446024801682046884710BD94070020FE48007840
:201C00007047FF207047FD48007830B101280DD002281AD003282FD11EE00020F84908806D
:201C2000F84908600120F549087025E0F4480088401CF349088008460088C82804DD002074
:201C400008800220ED49087016E00120ED4908600320EA4908700FE0E9480088401CE84974
:201C6000088008460088C82805DD00200880E3490870FF20704700BF00BF0020FAE710B5CE
:201C8000E148007800281DD00020DF490870DF48F4F722FD6421DE4808F056FEDDA3DFA2A5
:201CA000E2A1DB4808F082FBE748F4F734FD6421E64808F049FEE44B1033E34AE4A1E3487D
:201CC00008F074FBFFF79FFF10B1FF20E6490870E5480078FF2804D10020E3490870FF20FE
:201CE00010BD0020FCE770B50024E048007811287ED2DFE800F009164F5C8A97CCDDF3F272
:201D0000F1F0EFEEEDECEB004FF40071D84808F0F9FD0C21D7A0FDF787FC0120D3490870AF
:201D2000ADE2D8A1D24808F0D6FCB0B1D7A1D04808F0D1FC40B10420CC4908700020D64920
:201D40000880D649087024E00220C84908700020D1490880D14908701BE0CF480088401C6B
:201D6000CD49088008460088B0F5967F11DD00200880BE490870C9480078401CC7490870B3
:201D800008460078032804DD00200870EE20B749087074E24FF40071B54808F0B3FD0D2176
:201DA000BFA0FDF741FC0320B049087067E2C0A1AF4808F090FC40B10420AC490870002038
:201DC000B5490880B54908701EE0B3480088401CB149088008460088B0F5967F14DD002007
:201DE00008800220A1490870AC480078401C00E018E2AA49087008460078032804DD0020D8
:201E00000870EE209949087039E24FF40071984808F078FD0B21A7A0FDF706FC052093495C
:201E200008702CE2A2A1924808F055FC88B1A4A18F4808F050FC18B109208C49087002E0FC
:201E400006208A490870002093490880934908701CE091480088401C8F490880084600884A
:201E6000B0F5967F12DD0020088004207F4908708A480078401C89490870084600780328CC
:201E800004DD00200870EE2078490870F7E14FF40071774808F036FD6C4808F052FC0546C7
:201EA00029466A48FDF7C0FB072070490870E6E185A16F4808F00FFC88B108206B490870C6
:201EC0000020754908807549087025E07DE16FE118E181E07CE077E04AE03CE01DE06E48AD
:201EE0000088401C6C49088008460088B0F5FA7F12DD0020088006205C49087067480078CC
:201F0000401C6649087008460078032804DD00200870EE2055490870B1E165A1544808F084
:201F2000DAFB40B109205149087000205A4908805A4908700EE058480088401C56490880A1
:201F400008460088B0F5FA7F04DD0020088009204649087093E14FF40071454808F0D2FC59
:201F600025215DA0FDF760FB0A204049087086E14FA13F4808F0AFFB40B10B203B4908700C
:201F8000002045490880454908701CE042480088401C4149088008460088B0F5967F12DD0A
:201FA000002008800920314908703C480078401C3A49087008460078032804DD00200870A1
:201FC000EE202A4908705AE10C202849087056E10D202649087052E14FF40071244808F022
:201FE00091FC0B4808F0ADFB054629460848FDF71BFB0E201D4983E0A0070020180800204F
:2020000016080020840122421B080020A10700202C9B002031383833000000007A642E6A5D
:20202000756D6961692E636E0000000041542B43495053544152543D22544350222C222587
:2020400073222C25730D0A00F5070020909B002041542B43574A41503D222573222C2225E8
:2020600073220D0A000000001A0800201C080020E08A002041542B43574D4F44453F0D0ACF
:20208000000000002B43574D4F4445002B43574D4F44453A31000000200800201D08002074
:2020A00041542B43574D4F44453D310D0A0000004F4B000041542B43574A41503F0D0A00F7
:2020C0002B43574A41503A005749464920434F4E4E4543544544000041542B434950534E07
:2020E00054504346473D312C2D382C226E74702E616C6979756E2E636F6D220D0A00000067
:202100000870BCE0F7A1F94808F0E5FA28B9AFF26001F64808F0DFFA50B10020F449087033
:20212000F4490880F4490870F4490870FF2070BDF3A1EE4808F0CFFAE0B1F048007803282D
:202140000DDAEE480078401CEC4908700020E9490880E94908700F20E549087027E0002061
:20216000E4490880E4490870E4490870EE20E04908701CE0DF480088401CDE4908800846AD
:202180000088B0F5967F12DD002008800D20D8490870D9480078401CD7490870084600784D
:2021A000032804DD00200870EE20D149087066E04FF40071CD4808F0A5FB0D21D2A0FDF7A0
:2021C00033FA1020CA49087059E0AFF21C11C74808F081FA40B10D20C54908700020C549BC
:2021E0000880C54908701CE0C2480088401CC149088008460088B0F5967F12DD002008802E
:202200000F20BB490870BC480078401CBA49087008460078032804DD00200870EE20B4494B
:2022200008702CE0BC48007820B1012806D0022823D10FE00120B84908701EE0FFF7E3FC54
:202240000446FF2C05D10020AA4908800220B249087012E0A7480088B0F57A7F05DAA54830
:202260000088401CA349088006E00020A14908809F490870A849087000BF00BF00BF00BFC9
:20228000002054E710B5A548007810B1012838D10CE04FF40071954808F034FB0821A0A0B9
:2022A000FDF7C2F901209D4908702CE09FA18F4808F011FA40B10020984908709E490880F1
:2022C0009E490880FF2010BD9B480088401C9A49088008460088642812DD002008808F49A0
:2022E000087096480088401C9449088008460088052805DD0020088088490870EE20E2E792
:2023000001E0EE20DFE700BF0020DCE72DE9F0410746884600248A480078D8B989A1734820
:2023200008F0D9F90446A4B188A1204608F0D3F9451C84A16D4808F0CEF904464CB1601D23
:2023400008F0BCF986B23146284601F06CFF00BF00BF00BF00BF0020BDE8F081002070474E
:2023600070B506460D467A4880680A2801D1002070BD4FF44370F2F764FC04460CB9002030
:20238000F6E725812A46314604F10A00F2F772FB6F48006850B90020606020606C480460DE
:2023A00044608068401C6A4988600DE00020606067484068446066484068206064484460AC
:2023C0008068401C62498860FF20D1E76048006808B9002070475E4800680830FAE710B5BB
:2023E0005B48006808B9002010BD594804680068406820B100205649096849680860544851
:20240000006840685249086008468068401E88602046F2F706FCFF20E6E710B500200446C1
:2024200008E04B48806800B906E0FFF7D8FF601CC0B204460A2CF4DB00BF10BD10B54548B2
:20244000007800B910BD44480078032847D005DC48B1012813D0022842D131E0042840D0C8
:20246000EE28F9D1F3E0FFF7B1FF3C4908600846006800B9E6E7012037490870F0E04FF4AE
:2024800000711A4808F03EFA4FF40071344808F039FA4021334808F057FA3048006802884F
:2024A00031A1304807F082FF2E4808F04AF9044621462C48FDF7B8F8022027490870CFE027
:2024C0002DA10A4808F007F940B103202249087000202A4908702A49088082E052E081E0F2
:2024E000BBE095E0434F4E4E45435400E08A00201C080020200800201D0800201E08002021
:202500004552524F5200000041542B434950434C4F53450D0A000000220800202308002073
:2025200041542B474D520D0A0000000057524F4F4D2D33320000000026080020240800201E
:20254000280800202B4950442C0000003A000000149C002015080020290800203008002007
:20256000E0860020209C002041542B43495053454E443D25640D0A003E0000002A080020C6
:202580002C080020AFF28801F74808F0A4F8B0B1F6480078401CF5490870084600780328D0
:2025A0001FDD00200870F9F723FE00F02EFEFFF734FFFDF7B3F8EE20ED49087011E0ED48B0
:2025C0000088642805DAEB480088401CE949088007E00020E7490880E44908700320E44983
:2025E00008703DE04FF40071DF4808F08BF94FF40071E14808F086F9E04800680188DF485B
:202600000068801CFDF710F80420D949087027E0DBA1D54808F05FF840B1EE20D449087079
:202620000020D2490870D34908800FE0D1480088642805DACF480088401CCE49088005E0C9
:202640000020CC490880EE20C949087008E0FFF7C6FE0020C649087000BF00BF00BF00BFE0
:2026600000BF00BFEEE670B504460D4629462046FFF776FEFF2070BD30B585B00024C24873
:20268000006841F27071884205D2BF480068401CBD49086045E2BD48007830B1012815D051
:2026A00002284FD0032872D159E00020B84908704FF40071AC4808F025F90B21AFF20C609A
:2026C000FCF7B2FF0120B149087029E2AFF22061A54808F000F800B3AFF21C61A24807F007
:2026E000FAFF044684B1ABA19F4807F0F4FF044654B1641C2078372803DD0020A649087018
:2027000002E00120A44908700220A04908700020A2490880A249087013E0A0480088401C19
:202720009E4908800846008864280ADD00200880964908709A490870934908600120944945
:202740000870EDE14FF40071874808F0DBF8112194A0FCF769FF03208C490870E0E1AFF252
:20276000B061814807F0B7FF00287DD092A17E4807F0B1FF0446002C77D0113492A17A48C6
:2027800007F0A9FF20B101208DF80E0062E0C6E18EA1754807F09FFF18B102208DF80E002D
:2027A00058E08BA1704807F096FF18B103208DF80E004FE087A16C4807F08DFF18B1042077
:2027C0008DF80E0046E084A1674807F084FF18B105208DF80E003DE080A1634807F07BFF17
:2027E00018B106208DF80E0034E07DA15E4807F072FF18B107208DF80E002BE079A15A48CD
:2028000007F069FF18B108208DF80E0022E076A1554807F060FF18B109208DF80E0019E04B
:2028200073A1514807F057FF18B10A208DF80E0010E070A14C4807F04EFF18B10B208DF8C6
:202840000E0007E06CA1484807F045FF10B10C208DF80E009DF80E000C2810DD00204F49AF
:2028600008804A49087001E043E137E14C4908704549086001204649087005B030BD241D9A
:202880002078302815DB2078392812DC617830392278303A02EB820201EB4200C11700EBC9
:2028A000D1614911A0EB4111C9B28DF80F10E41C06E0641C20783038C0B28DF80F00A41C64
:2028C0009DF80F001F280CDD0020344908802F490870334908702C49086001202C49087030
:2028E000CBE7607830382178303901EB810100EB4100182190FBF1F201FB1200C0B28DF89E
:2029000010009DF8100017280CDD0020234908801E490870224908701B49086001201C49B2
:202920000870AAE7E41C607830382178303901EB810100EB41003C2190FBF1F201FB1200D9
:20294000C0B28DF811009DF811003B2856DD0020124908800D490870114908700A490860D5
:2029600001200B49087088E7E08A00202A080020290800202C080020E0860020300800209C
:2029800053454E44204F4B003808002034080020150800202D000000A00700203608002008
:2029A0003508002041542B434950534E545054494D453F0D0A0000002B434950534E545008
:2029C00054494D453A0000004A616E00466562004D617200417072004D6179004A756E00D1
:2029E0004A756C004175670053657074000000004F6374004E6F760044656300E41C6078B6
:202A000030382178303901EB810100EB41003C2190FBF1F201FB1200C0B28DF812009DF83B
:202A200012003B280CDD00207D4908807D4908707D4908707D49086001207D4908701CE7BE
:202A4000E41CE07830380A2190FBF1F201FB1202207830384FF47A7148436178303901EB26
:202A6000C10303EB011100EB8101A078303800EB800001EB4000104480B2ADF80C00BDF822
:202A80000C0040F6330188420CDD002064490880644908706449087064490860012064498B
:202AA0000870EAE603A801F0AEFDBDF80C00642190FBF1F201FB1200C5B29DF812009DF812
:202AC00011109DF81020CDE9002102909DF80F209DF80E100023284602F0F8FF00205249FB
:202AE0000870504908705149086001205049087014E04B480088401C4949088008460088BE
:202B000064280BDD00200880464908704649087046490860012046490870AEE600E000BF39
:202B200000BF00BFA9E610B500244248006841F27071884205D23F480068401C3D490860BF
:202B400064E03D48007810B101285DD110E00020374908704FF40071384807F0D3FE0B21EC
:202B6000AFF6B020FCF760FD0120334908704CE0AFF6C421314807F0AEFD20B3AFF6C02151
:202B80002E4807F0A8FD044684B12DA12B4807F0A2FD044654B1241D2078342803DD002049
:202BA0002949087002E001202749087000202249087026490880264908701E49086001206F
:202BC0001B4908701FE021480088401C1F49088008460088B0F5967F15DD00200880164954
:202BE00008701B480078401C1949087008460078032808DD002008700F4908700D49086050
:202C000001200B49087000E000BF00BF10BD10B5FFF714FCFCF702FE08B1FFF72DFD10BD38
:202C20003608002034080020350800203808002015080020400800203C080020E08A00208A
:202C40002C312C2D00000000A00700203E0800203D080020F748007A704770B50546F5480F
:202C6000046808E0294604F10B0007F095FE08B9204670BD6468002CF4D10020F9E770B5D1
:202C800005462846FFF7E9FF04460CB9002070BD04F10800FBE770B5054635B1288820B18B
:202CA000A878022801DCE81C20B900BF00BF4FF0FF3070BDDF48007A052804DB00BF00BFCC
:202CC0006FF00100F5E7E81CFFF7D9FF064626B1A878B0706FF00200EBE74C20F1F7B1FF4C
:202CE000044624B900BF00BF6FF00300E1E74422294604F10800F1F7BDFECE48006850B909
:202D0000002060602060CB4804604460007A401CC84908720DE000206060C64840684460B0
:202D2000C44840682060C3484460007A401CC1490872FF20BDE770B505462846FFF78DFF33
:202D4000044624B900BF00BF4FF0FF3070BDB948007A01280AD1B7480068B64949688842D3
:202D600004D10020B349086048601BE0B1480068A04206D1AF49606808600020096808601C
:202D800010E0AC484068A04206D1AA492068486000204968486005E0D4E900104860D4E93B
:202DA00000010860A348007A401EA24908722046F1F737FFFF20C9E770B505460026442035
:202DC000F1F73FFF04460CB9701E70BD25229AA1E01CF1F74FFE2022294604F10800F1F7BA
:202DE00049FE252020800120A0702046FFF753FF0646002E05DA2046F1F713FF6FF00100AF
:202E0000E3E72F2296A1E01CF1F734FE2022294604F11200F1F72EFE2F2020800120A0705E
:202E20002046FFF738FF06462046F1F7FAFE002E02DA6FF00100C8E7FF20C6E730B503465A
:202E4000002014E0141A641E0C5D914D05EB1414247803F81040141A641E0C5D04F00F0448
:202E60002C5D012505EB40055C55441CE0B29042E8DB30BD8748D0E90020521C40F1000002
:202E80008449C1E9002003C9704700B58FB0142281A10AA807F004FDFFF7ECFFCDE9080182
:202EA00006A801F097FB082208A90AA8FFF7C6FF00207E49C8844FF480717C48283007F01F
:202EC00021FD9DF81E009DF81D109DF81C209DF81B30CDE90232CDE904109DF81A00BDF896
:202EE00018100AAB724ACDE900107249A2F5847007F05CFA6D48283007F023FC6B49C884BD
:202F0000FF200FB000BD70B5044600253C20674908800846C07820F00200801CC87004205E
:202F20008870A1F82801042263A16148801FF1F7A1FD20205D49A1F82E01202221465C48E4
:202F4000F1F798FD5948C07820F0800080305749C8700720A1F85401072259A154482630D9
:202F6000F1F788FD5148C07820F0400040304F49C8700720A1F86001072251A14C48323051
:202F8000F1F778FD4948C07820F00400001D4749C8700846C07820F01800C8700846C078A6
:202FA00020F02000C8700F2088800F2246A13F48801DF1F75FFD70BD10B500203B49C88410
:202FC0004FF480713948283007F09CFC3748C07820F018003549C8700846C07820F020000A
:202FE000C8700846C07820F00400C87010BD10B5FFF74BFF2D48C07820F018002B49C87074
:203000000846C07820F02000C8700846C07820F00400001DC87010BD2449088070472349EE
:20302000887070472148C07820F00200801C1F49C8707047CC9D00206A756D692F3030303E
:20304000303030303030303030303030303030303030303030303030303030303000000000
:203060006A756D6953696E676C65436869702F303030303030303030303030303030303056
:20308000303030303030303030303030303030004808002058080020464646464646464640
:2030A000464646464646464600000000609C0020909D0020D4DC01084D5154540000000078
:2030C0006A756D69303031006A756D692F646576696365636F6E6E001648C07820F0020000
:2030E0001449C87070471348C07820F040001149C87070470F48C07820F0400040300D49B3
:20310000C87070470B48C07820F080000949C87070470848C07820F0800080300549C87016
:20312000704710B504462046FFF746FE2046FFF7EAFE10BD609C0020E34880787047E248F8
:20314000807820B10020E0494860C87010E0DE48406842F6E061884207D2DB484068401C7C
:20316000D94948600020C87002E00120D649C87070470178D54A117041885180818891804F
:20318000704710B5D148007818B3D0484088B0F57A7F02DD0020CC490870CC484188808868
:2031A0000A3000EBC00202EB0010B1EB800F05DAC6484088401CC54948800AE00020C34903
:2031C00008700120C04908700020C0494880F1F76BFD10BD70B592B005460C4616468DF8E2
:2031E0000660ADF80440224629460DF10700F1F741FC01A8FFF74FFD12B070BD42F6E0602D
:20320000B14948600120C87070470020AE4988704870AF490870488088750021AC48018367
:203220000020AB4988720021A9488181704700B5FFF7E4FFFFF7E9FF00BD0120A249087008
:2032400070470020A0490870704710B59E48007800B910BD9C484078062870D006DC0628BC
:2032600017D2DFE800F010162F356E74092867D004DC072879D008280BD1D5E0122809D0AE
:203280001F28F9D10CE1FCF7C9FA10B102208E4948700DE18F480068B0F57A7F05D28D4891
:2032A0000068401C8B49086005E00020894908600220854948708648007810B10320824932
:2032C0004870F5E001F011F903207F494870EFE07F48007888B17C48C07818B104207A49D0
:2032E000487004E0062078494870012088700020784908607849087020E076480068B0F52D
:203300007A7F05D273480068401C7249086015E000207049086070480078022808DA6E4813
:203320000078401C6C49087002206749487005E0002069490870082063494870B8E03AE095
:203340007DE001F0F3F805205F494870B0E06048807A58B101205C498870062048700020B8
:203360005C4908605C49087024E02AE059480068B0F57A7F05D257480068401C554908602E
:2033800018E000205349086053480078032808DA51480078401C5049087004204A49487004
:2033A00008E000204A4908700220474948700020494908707CE001F065F807204249487052
:2033C00076E044480068B0F57A7F05D241480068401C4049086026E000203E4908603C4857
:2033E000807D40B100203C4908703949887506203549487017E038480078062808DA36486A
:203400000078401C3449087006202F4948700AE000202F49087088722B4988702E4908703E
:203420001F202949487043E001F03EF809202649487042F6E06048600120C87038E024488C
:20344000007850B1002023490860234908702049087002201C49487021E01E480068B0F587
:203460007A7F05D21B480068401C1A49086016E000201849086018480078012808DA16486A
:203480000078401C1449087008200F49487006E00020114908701F200B494870D9E607E082
:2034A000F8F7A6FEFCF73AF900200749487000BF00BF00BFCDE610B5FFF741FEFFF761FEEC
:2034C000FFF7C3FE10BD000068080020600800205A9E002070080020740800202DE9F041BD
:2034E00006460D465020F1F7ACFB044614B90020BDE8F08100202070A07000F037F8A080E2
:2035000000206070184807F01CF9E080164807F018F907463A46144904F10800F1F7AAFAD6
:20352000A4F84850B4F84800F1F78BFBE064E06C10B92046F1F775FB2A463146E06CF1F7C3
:2035400099FA204601F00AF8E06CF1F76AFB2046F1F767FB00BFCBE770B504460D46294694
:20356000204601F029F970BDD89D0020FE480088401CFD490880084600887047F0B50022C4
:203580000023002600240546C71700EB5767C7F3C7121546D71702EB5767FB111D46DF1700
:2035A00003EB5767FE110546C71700EB5767FF11A0EBC717FCB2012E0CDB44F080050D700B
:2035C00042F080054D7043F080058D70CE7004250D7117E0012B09DB44F080050D7042F06E
:2035E00080054D708B7003250D710BE0012A06DB44F080050D704A7002250D7102E0087002
:2036000001250D71F0BD0020D849B1F828110831D64AB2F82E21114488B2D449C978C1F343
:20362000800139B1D1498988091DD04AD28C1144014488B2CD49C978C90929B1CB49B1F8C2
:203640005411891C014488B2C849C978C1F3801129B1C649B1F86011891C014488B270476C
:2036600070B50446FFF7CFFF05462146FFF786FF70BD1CB500246846FFF7F2FFFFF7C3FF7B
:203680009DF80410491C084484B220461CBD7CB50546002410202855641C6846FFF7E0FF0B
:2036A000002606E01DF806002855601C84B2701CC6B29DF80400B042F4DCAC49B1F828018E
:2036C000C11700EB1161C1F307212955601C84B2A649B1F82801C11700EB11610912A0EB0D
:2036E00001212955601C84B2A049B1F82821281901F59571F1F7BEF99C48B0F828012044A8
:2037000084B29A4880782855601C84B2281901229649C91CF1F7AEF9601C84B29349088895
:20372000C11700EB1161C1F307212955601C84B28E490888C11700EB11610912A0EB0121E4
:203740002955601C84B28949B1F82E01C11700EB1161C1F307212955601C84B28349B1F8D9
:203760002E01C11700EB11610912A0EB01212955601C84B27D49B1F82E21281901F59871EF
:20378000F1F778F97948B0F82E01204484B27748C078C0F3800000283DD074498888C1179A
:2037A00000EB1161C1F307212955601C84B26F498888C11700EB11610912A0EB012129555D
:2037C000601C84B269498A882819891DF1F752F966488088204484B26449C88CC11700EB45
:2037E0001161C1F307212955601C84B25F49C88CC11700EB11610912A0EB01212955601C58
:2038000084B25A49CA8C28192831F1F733F95748C08C204484B25548C078C00918B3534941
:20382000B1F85401C11700EB1161C1F307212955601C84B24D49B1F85401C11700EB116180
:203840000912A0EB01212955601C84B24749B1F85421281901F5AB71F1F70CF94348B0F84F
:203860005401204484B24148C078C0F3801018B33E49B1F86001C11700EB1161C1F30721E8
:203880002955601C84B23949B1F86001C11700EB11610912A0EB01212955601C84B23349C3
:2038A000B1F86021281901F5B171F1F7E3F82F48B0F86001204484B220467CBD042070472E
:2038C00010B50246002040231354401C02231354401C0B46CC1701EB1464C4F307241454CB
:2038E000401CCC1701EB14642412A1EB04241454401C10BD01460020CA88921CB1F8483022
:203900001A4490B20A78002A01DD821C90B2704770B504460D462046FFF7ECFF0646294622
:20392000FFF72CFE70BD7CB5044669462046FFF7EFFF2046FFF7DEFF9DF80410491C084433
:2039400085B228467CBD2DE9FC4106460D460027002469463046FFF7DBFF302028553078E2
:20396000012809D1285D03E076080020609C002040F00200285509E03078022804D1285D5E
:2039800040F00400285501E0285D2855B078012804D1285D40F00800285501E0285D285550
:2039A0007078012804D1285D40F00100285501E0285D2855601C84B2002706E01DF8070030
:2039C0002855601C84B2781CC7B29DF80400B842F4DCF088C11700EB1161C1F30721295541
:2039E000601C84B2F088C11700EB11610912A0EB01212955601C84B2F288281906F10801B5
:203A0000F1F738F8F088204484B2307890B1B088C11700EB1161C1F307212955601C84B21A
:203A2000B088C11700EB11610912A0EB01212955601C84B2B6F848202819F16CF1F71AF873
:203A4000B6F84800204484B22046BDE8FC8100203D4A1168022004E00A89D21C024490B21F
:203A600049680029F8D1704770B50446FFF7EFFF05462146FFF782FD70BD1CB500246846A2
:203A8000FFF7F2FFFFF7E3FF9DF80410491C084484B220461CBD2DE9FC41054600242A4864
:203AA0000668FFF763FD07466846FFF7DDFF82202855641C4FF0000808E01DF8080028550D
:203AC000601C84B208F1010000F0FF089DF804004045F2DC3846F91707EB1161C1F3072189
:203AE0002955601C84B23846F91707EB11610912A7EB01212955601C84B220E03089C11714
:203B000000EB1161C1F307212955601C84B23089C11700EB11610912A0EB01212955601C8C
:203B200084B23289281906F10B01F0F7A3FF3089204484B2B07A2855601C84B27668002E0F
:203B4000DCD12046BDE8FC81CC9D002094490880704794484078934A1278904205D191480F
:203B60004088142801D1002070478E480278001D50F822100022001F0378001D40F823205D
:203B8000001F0078401C874A107010464088401C508010460078142801D1002010700846CD
:203BA000E2E770B5054600247E4840787D490978884209D17B48408830B9FFF7CAFF0446C2
:203BC00014B12046F1F72DF876484178001D40F82150001F4078401C7249487008464088B4
:203BE000401E488008464078142801D100204870012070BD6C4840786B4A1278904205D112
:203C000069484088142801D10020704766480278001D50F822100022001F0378001D40F876
:203C20002320001F0078401C5F4A107010464088401C508010460078142801D1002010705F
:203C40000846E2E770B505460024574840785649097888420ED15448408858B9FFF7CAFF65
:203C600004463CB1E06C10B1E06CF0F7DAFF2046F0F7D7FF4C484178001D40F82150001F9F
:203C80004078401C4849487008464088401E488008464078142801D100204870012070BD51
:203CA00041484078404A1278904205D13E484088142801D1002070473B480278001D50F872
:203CC00022100846F7E710B5002438480068B0F5FA7F05D235480068401C3449086010BDCD
:203CE000002032490860FFF7DBFF0446002C41D02B480088A18888420CD1FFF77BFF0446E5
:203D00003CB1E06C10B1E06CF0F78BFF2046F0F788FFE4E7F8F7BCFA28B1204600F01EFC5F
:203D2000E078401CE070E07814280CDDFFF762FF04463CB1E06C10B1E06CF0F772FF20465D
:203D4000F0F76FFFCBE72078012806D104F1080018B1E08808B1E06C60B9FFF74BFF0446EE
:203D60003CB1E06C10B1E06CF0F75BFF2046F0F758FFB4E700BFB2E710B50024FFF7E9FE5F
:203D800004462CB1208800F004FC2046F0F749FF10BD10B5FFF797FFFFF7EEFF10BD000001
:203DA000780800207C080020D00800202409002010B502460B461146042B02D38878400879
:203DC00010B14FF0FF3010BD887800F00100F94C2071C8786071C87810B16FF00100F2E7D5
:203DE0000120F44C2070FF20EDE770B504460D462646042D01D2012070BDEE48C088401C85
:203E0000EC49C880F178B07801EB002081B2E948018101460889FFF799FEFF20ECE72DE935
:203E2000F04106460F463546FEF714FF804608F10400B84203D94FF0FF30BDE8F081DD48EB
:203E40008089401C81B2DB488181E978A87801EB002081B2D748C18100240DE0281D015DD0
:203E6000D44810300155281D005D802802D16FF00100E2E7601CC4B24445EFDB0120CD49CE
:203E80008872FF20D9E70246022902DA4FF0FF307047507810B16FF00100F9E70120C54BDB
:203EA00098751846008B401C83B2C2480383FF20EEE770B504460D4620783A283AD008DC4D
:203EC00020280FD0302831D0322831D0332837D132E03B2832D040280DD0902814D0D02854
:203EE0002ED11AE029462046FFF762FF002801DD202070BD26E029462046FFF776FF0028BC
:203F000001DD4020F5E71DE029462046FFF787FF002801DD9020ECE714E029462046FFF7F1
:203F2000B2FF002801DDD020E3E70BE03020E0E73220DEE73A20DCE73320DAE73B20D8E7AC
:203F40000020D6E700BF0020D3E710B50246002100200023491C545C04F08004002C2ED0C3
:203F6000545C04F07F040444A0B24C1CA1B2545C04F08004ECB1545C04F07F0400EBC41416
:203F8000A0B24C1CA1B2545C04F080045CB1545C00EB8434A0B24C1CA1B2545C00EB44544C
:203FA000A0B204230DE00323545C00EB8434A0B207E00223545C00EBC414A0B201E00123FA
:203FC000505C10BD024600210020491C535C03F080039BB14B1C99B2535C03F080035BB126
:203FE0004B1C99B2535C03F080031BB14B1C99B2042004E0032002E0022000E00120704785
:204000002DE9F04307468846144600250026A9462046FFF7D7FF0646042E02DD0120BDE853
:20402000F083601C30444178601C805D01EB00201FFA80F9C14501D00220F0E700250AE08E
:20404000795D601C3044801C405D814201D00320E5E7681C85B24D45F2DB0020DFE72DE9C8
:20406000F04180460C46002500272046FFF7AAFF0546042D02DD0020BDE8F081601C28442D
:204080004178601C405D01EB0020C7B2B8F1010F18D10220F0F7D5FD064676B1601C2844F1
:2040A000801C38444178601C2844801CC05D01EB002030803046FFF774FDE81C3844801CD9
:2040C000044402E0E81C384404442046D4E7014639484078384A1278904204D13648408854
:2040E00008B9FF20704734484278001D40F82210001F4078401C304A507010464088401E83
:20410000508010464078202801D1002050700120E8E729484078284A1278904205D126489C
:204120004088202801D10020704723480278001D50F822100022001F0378001D40F82320F6
:20414000001F0078401C1C4A107010464088401C508010460078202801D100201070084666
:20416000E2E700B5FFF7D5FF00BD2DE9F041054600240026284606F0E4FA0746F0F761FD8A
:20418000044614B90120BDE8F081284606F0D9FA07463A4629462046F0F76CFC2046FFF74D
:2041A00096FF0646FF2E09D114B12046F0F739FD0220E8E75A9E0020280900200020E2E78C
:2041C00070B50446002500262046FFF7FBFE0546042D01DD002070BD601C28444178601C0C
:2041E000405D01EB0020C6B23046F4E72DE9F04104460D464FF00008002600272846FFF771
:20420000A4FE06462846FFF7DBFF074624B9B81C301A1FFA80F803E0381D301A1FFA80F886
:204220004046BDE8F0812DE9FE4F05460C4600260027002002908246814601908046FBF70B
:20424000EDFA10B90020BDE8FE8F16E1002C01DC3046F8E72846FFF778FE02902846FFF737
:20426000B1FE8246BAF1040F03DD6D1C601E84B203E10AF10100029908441FFA80F9A145AD
:2042800003DD6D1C601E84B2F7E0E1B22846FFF710FE019001983B2874D00CDC32287AD0C8
:2042A00004DC202810D030286ED112E0332873D03A28F9D171E0402807D0902806D0B028AD
:2042C00005D0D028F0D103E0CDE0CCE0CBE0CAE0C9E06A4A12681189684A126802F10B0024
:2042E0002A46FFF78DFE98B929460020FFF7B7FE07460FB90220A6E73846FFF736FF80460F
:20430000B8F1000F01D003209DE7701CC6B241E05A4A126852681189584A1268526802F10D
:204320000B002A46FFF76CFE98B929460020FFF796FE07460FB9022085E73846FFF715FF0D
:204340008046B8F1000F01D003207CE7701CC6B220E04B4806F0F5F91FFA80FB2A4659466A
:204360004748FFF74DFE88B929460020FFF73EFF834629460020FFF772FE59460090FFF787
:20438000EBF807E00AE006E066E005E06D1C601E84B272E067E000BF00BF00BF374A12684A
:2043A0001189364A126802F10B002A46FFF728FE98B929460120FFF752FE07460FB9022081
:2043C00041E73846FFF7D1FE8046B8F1000F01D0032038E7701CC6B23DE0284A126852681A
:2043E0001189264A1268526802F10B002A46FFF707FE98B929460120FFF731FE07460FB9FB
:20440000022020E73846FFF7B0FE8046B8F1000F01D0032017E7701CC6B21CE0184806F08B
:2044200090F91FFA80FB2A4659461548FFF7E8FD68B929460120FFF7D9FE83462946012041
:20444000FFF70DFE59460090FFF786F803E06D1C601E84B211E006E0002C03DD6D1C601EAE
:2044600084B20AE000BF00BF4D44A4EB090084B2002002908246814600BFE7E6CC9D0020E9
:20448000189E002008B550A00068009002216846FBF7C3FA08BD08B54CA000680090022198
:2044A0006846FBF7BAFA08BD70B5002400254848C078C0F3800008B1FEF7E7FCFFF7D9F822
:2044C00005462846F0F7BDFB044604B970BDFEF7A9FD2046FFF7DBF829462046FBF79DFA28
:2044E0002046F0F79EFB00BFF0E770B500240025FEF7F2FD3648C078C0F3800008B1FEF757
:20450000C4FCFFF7B6F805462846F0F79AFB044604B970BD2046FFF7BAF829462046FBF7F9
:204520007CFA2046F0F77DFB00BFF2E770B500240025FFF7A2FA05462846F0F782FB044641
:2045400004B970BD2046FFF7A6FA29462046FBF764FA2046F0F765FB00BFF2E770B506469A
:20456000002400253046FFF7DEF905462846F0F768FB044604B970BD21463046FFF7E3F9C9
:2045800029462046FBF749FA2046F0F74AFB00BFF1E770B5044600250026FFF78FF9064664
:2045A0003046F0F74EFB054605B970BD21462846FFF786F931462846FBF72FFA2846F0F780
:2045C00030FB00BFF1E70000C0000000E0000000609C00203EB504466846F5F7B9FC9DF83C
:2045E0000200A0719DF8010060719DF8000020719DF80700E0709DF80600A070BDF80400CB
:20460000208000203EBD7CB50446A0796179CDE900102379E278A1782088F5F781FC00206B
:204620007CBD1CB5024600BF93798C79A34206DB93798C791B1BDBB28DF806300AE08B7915
:20464000C3F13C0394792344DBB28DF8063053795B1E537153794C79A34206DB53794C79BA
:204660001B1BDBB28DF805300AE04B79C3F13C0354792344DBB28DF8053013795B1E137118
:2046800013790C79A34206DB13790C791B1BDBB28DF8043007E00B79C3F118031479234488
:2046A000DBB28DF804309DF80430C3EB03139B00C3EB03139B009DF80540C4EB041403EB9E
:2046C00084039DF8064018191CBD024610790B79984201DD0120704710790B79984202DAC6
:2046E0004FF0FF30F7E750794B79984201DD0120F1E750794B79984202DA4FF0FF30EAE7AE
:2047000090798B79984201DD0120E4E790798B79984202DA4FF0FF30DDE70020DBE70146CA
:20472000088840F63402904204DC088840F2E372904202DA4FF0FF30704788780C2802DCCF
:204740008878012802DA4FF0FF30F5E7C8781F2802DCC878012802DA4FF0FF30ECE708799E
:20476000172802DC0879002802DA4FF0FF30E3E748793C2802DC4879002802DA4FF0FF3029
:20478000DAE788793C2802DC8879002802DA4FF0FF30D1E70020CFE710B50648FFF71AFFF2
:2047A0000448008840F2E371884201DA012010BD0020FCE7AC09002070B505460C46F94831
:2047C000007808B1FF2070BD2046F0F73AFAF54988600846806808B9FF20F4E7F149224622
:2047E00088682946F0F746F90120EE49087000BFE9E7EC48007808B9002070470020E9493F
:20480000087008468068F8E710B5E7490868F0F708FAE5494868F0F704FAE3498868F0F7F7
:2048200000FAE249886CF0F7FCF910BD2DE9F04104460E461546DD48007810B9DB48407835
:2048400010B10020BDE8F081206820B1606810B1A06800B10DB9FF20F4E7206805F071FF19
:204860000746F0F7EEF9D0490860606805F069FF0746F0F7E6F9CC494860A06805F061FF4A
:204880000746F0F7DEF9C84988604FF40170F0F7D8F9C6498864C448806840B1C248406816
:2048A00028B1C148006810B10846806C18B9FFF7ABFFFE20C6E7206805F043FF0746BA4A67
:2048C000216810683A46F0F7D5F8606805F039FF0746B54A616850683A46F0F7CBF8A068AF
:2048E00005F02FFF0746B04AA16890683A46F0F7C1F8142204F10C01AB480C30F0F7BAF82D
:20490000AA48C56186610120A849087000BF99E738B5FEF711FC00B938BDA448007818B9FD
:20492000A248407800B9F7E7A048007818B900209E494870D8E19D48407806287ED2DFE8B3
:2049400000F003466173D3FD9749486898A105F0C2FE40B39448816897A006F01DF870B1E1
:2049600001209249487096499048416400210164806958B38D4881693830884726E0FFF7BB
:2049800043FF8F4966318948416402210164806918B1864881693830884700208349087063
:2049A0000520487012E0FFF72FFF854965317F48416402210164806918B17C4881693830E4
:2049C0008847002079490870052048708BE1F0F717FA00217548C162816200207349086243
:2049E0000021724841620163806C001D6F4948630020896C08806D49896C488002206B4983
:204A0000487070E100216948C162816200206749086200216548416201630320634948701F
:204A200000204861C86000BF60484069802847DA5E484069401C5D49486100E04EE15A4801
:204A4000C068896B401AB0F5007F0AD25648C0685649896B401A5549896B084453498860CB
:204A600005E05248806B00F50070504988604F48C0694E4C0090A468631E4C4CA26B4A4C34
:204A80002168606800F03AF9401C98B9FFF7BCFE4B4967314548416402210164806918B1AD
:204AA00042488169383088470020404908700520487018E004203D4948700020C86012E0B9
:204AC000FFF7A2FE3E4968313848416402210164806918B135488169383088470020334987
:204AE000087005204870FEE03048C0680A2869DA2E48C068401C2D49C860FFF77AFE04461E
:204B0000002C7DD029492031204600F02BF9C5B22046F0F786F8281D062872D2DFE800F02F
:204B2000C3BFBBB7C7032148006A1F49C968884268D11E48806A1D49896800E0BDE088425A
:204B4000F6D11A48406A1949896B8842F0D11748816BC06A08441449C968884252D8134803
:204B6000816BC06A0844114988630846808D896C48800E49886CF0F749F920BBFFF744FEEF
:204B80000F4969310948416402210164806918B1064881693830884700200449087005207A
:204BA0004870B9E6E09E0020749E0020949E002058594A5F5600000056322E332E30000085
:204BC000C0D4010075E04948806C0088401C4749896C08804548806B4549C968884227D283
:204BE0004248806B642148434149C968B0FBF1F13E48C06B814217D03C48806B642102E0B7
:204C000056E054E034E048433949C968B0FBF1F13648C1633749416401210164806918B14B
:204C200032488169383088470220304948702DE02E48806B2E49C968884227D12C480C30FE
:204C4000F0F7CBF820B105202849487000204860FFF7DAFD27492548416402210164642167
:204C6000C163806990B121488169383088470DE004201E49487020491C4841640121016433
:204C8000806918B119488169383088470FE00420164948700BE004201449487007E0042087
:204CA0001249487003E004201049487000BF00BF02E003200D49487015E00C48406805281A
:204CC00005DA0A484068401C0849486005E0EFF7EBFF002005490870487004E00020034903
:204CE0000870487000BF00BF00BF15E6949E0020749E0020C0D4010056D601002DE9FE4FA3
:204D000004460D4616461F46DDF830904FF48060EFF797FF8046B8F1000F03D14FF0FF3041
:204D2000BDE8FE8F4A482B4622464A49CDE900670290404605F03AFBB9F1000F0AD04046CB
:204D400005F0FFFC824651464046C8474046EFF768FF05E04046EFF764FF6FF00100DFE7C2
:204D60000120DDE72DE9F04106460D46002706B11DB94FF0FF30BDE8F08137A1304605F0ED
:204D8000AAFC044614B94FF0FF30F4E704F1090005F094FC286133A104F1090005F09BFCA3
:204DA000044614B96FF00100E5E733A1304605F092FC044614B96FF00200DCE704F11000A3
:204DC00005F07CFCE86031A1304605F084FC044614B96FF00200CEE704F1150005F06EFCCB
:204DE000686030A104F1150005F075FC044614B96FF00200BFE7601C05F060FC401CA8605B
:204E000029A1601C05F067FC044614B96FF00200B1E7601C05F052FC286024A1304605F06D
:204E20005AFC044614B96FF00200A4E7686920B9E86810B16FF003009DE7201D05F081FCC9
:204E40000746211DEA686869EFF714FE012092E7A80600204CDD0108485454502F312E3113
:204E600020000000323036205061727469616C20436F6E74656E7400436F6E74656E742D8A
:204E80004C656E6774683A2000000000436F6E74656E742D52616E67653A206279746573E0
:204EA000200000002D0000002F0000000D0A0D0A00000000FE4908607047FE49086070477C
:204EC000FD4908607047FD4908607047FC4908607047FC4908607047FB4908607047FB4999
:204EE00008607047FA4908607047FA4908607047F94908607047F94908607047F849086064
:204F00007047F84908607047F74908607047F74908607047F64908607047F6490860704700
:204F2000F548807870470020F34988707047F24908800021F04A91707047F04880787047BD
:204F40000020EE4988707047EC4908800021EB4A9170704770B5044600256179207901EB8D
:204F6000002085B2E078822802D0832875D103E00120E149887019E1E0480088A84202D188
:204F80000120DE49887045F64001681A8D4270D01DDC45F23071A5EB01008D425ED00DDC7C
:204FA000A5F58040A0F5A150A8B3E02828D0B0F5987F31D0B0F5407F73D143E0202859D0BD
:204FC000502862D0602861D0E028F5D16BE0902868D008DC102871D0302870D060286FD0A9
:204FE0007028E9D19CE0D0286BD0F0286AD0B0F5BF5F68D0A0F5B850F0380028DCD1C6E023
:20500000BA48006830B1A078C01EC1B2201DB74A12689047C7E00AE0B548006830B1A0785E
:20502000C01EC1B2201DB24A12689047BBE0B148006830B1A078C01EC1B2201DAD4A1268A1
:205040009047B0E0A648006830B1A078C01EC1B2201DA34A12689047A5E0A6E0A148006872
:2050600030B1A078C01EC1B2201D9E4A1268904799E029E09C48006830B1A078C01EC1B258
:20508000201D994A126890478DE08CE09248006830B1A078C01EC1B2201D8F4A12689047D3
:2050A00081E07FE047E08D48006830B1A078C01EC1B2201D894A1268904774E00FE019E0E5
:2050C00023E043E04DE057E08048006830B1A078C01EC1B2201D7D4A1268904763E07C4870
:2050E000006830B1A078C01EC1B2201D784A1268904758E07748006830B1A078C01EC1B205
:20510000201D744A126890474DE06D48006830B1A078C01EC1B2201D694A1268904742E04C
:205120006848006830B1A078C01EC1B2201D654A1268904737E06448006830B1A078C01ECE
:20514000C1B2201D604A126890472CE05B48006830B1A078C01EC1B2201D584A1268904713
:2051600021E05548006830B1A078C01EC1B2201D514A1268904716E04E48006830B1A078C9
:20518000C01EC1B2201D4B4A126890470BE04848006830B1A078C01EC1B2201D444A126829
:2051A000904700E000BF00BF00E000BF00BF70BD2DE9F0410446002500270026504800781C
:2051C00001280FDA5A2C09D14E484D49097844544B480078401C4A490870C7E0002048494E
:2051E0000870C3E04648007802280FDAA52C09D1444843490978445441480078401C4049B9
:205200000870B3E000203E490870AFE03C48007803280FDAFA2C09DA3A483949097844549F
:2052200037480078401C364908709FE00020344908709BE032480078042811DA822C01D08D
:20524000832C09D12F482E49097844542C480078401C2B49087089E000202949087085E0B2
:2052600027480078FF2809DA264825490978445423480078401C2249087002E000202049BB
:2052800008701F480078C01E1E49897888426DDB1C488078801E81B21A48C01C00F01EF9ED
:2052A000074617480078401E1649095C14482BE0000A0020040A0020FC090020F8090020A3
:2052C000EC090020F0090020F4090020E0090020E4090020E8090020D8090020DC09002056
:2052E000CC090020D0090020D4090020C0090020C4090020C8090020B6090020BA0900203A
:20530000B4090020EC9F00200078801E1D4A105C01EB002086B2B74225D110464178007862
:2053200001EB0020184908801046807888701046C078C870002507E0281D1249095C124801
:20534000001D4155681CC5B20F488078C01EA842F2DC0D48A0F8FE6000200C4908700A4830
:20536000FFF7F8FD02E0002008490870BDE8F08110B50120F5F7C1FAAFF2CB110120F5F74A
:20538000CEFA10BDEC9F0020EC9E0020B409002070B5054600242888C11700EB1161C1F319
:2053A0000721404A1155641C2888C11700EB11610912A0EB01211155641CA87811460855EE
:2053C000641CE8780855641C002607E0281D805D34490855601CC4B2701CC6B2A878C01E13
:2053E000B042F3DCB5F8FE00C11700EB1161C1F307212C4A1155601CC4B2B5F8FE00C117DF
:2054000000EB11610912A0EB01211155601CC4B2224624490120F5F7E7FA70BD2DE9F041D8
:2054200006460F46154645F6A5201F490880E81C88700846C670002405E0395D1A48001DE2
:205440000155601CC4B2AC42F7DB17488078801E81B21548C01C00F041F81349A1F8FE00C7
:205460000846FFF795FFBDE8F08170B504460D46217862788818FFF75AFD2A4621468320A2
:20548000FFF7CCFF70BD70B504460D46217862788818FFF74CFD2A4621468220FFF7BEFFDE
:2054A00070BD0000ECA10020ECA0002070B502460C46FF25FF2309E012F8010B80EA0301F4
:2054C0000E48405C80EA05030D48455C201EA4F10106B4B2F0D143EA052070BDF0B5064601
:2054E0000F460024002539463046FFF7DFFF04462512E0B245EA00252846F0BD080A002091
:20550000080B002008B9012100E00021FE4A117070470022FD4B9A7201221A70704770B5F5
:2055200004460D46F1F771F9F849888108468089897A01EB8101A0EB410030B1F348807A88
:20554000401CF24988720120087070BDEF4A927A22B1EE4A927A521EEC4B9A720122EB4B8C
:205560001A707047704770B504460D46F3F7BEFC70BD70B505460E4606B970BD4021E44863
:2055800005F0E2F900240BE0E01C285CFF2804D0E01C285CDE49085500E004E0601CC4B2F7
:2055A000F01EA042F0DC00BF00BFE6E770B505460E4606B970BD0A21D548403005F0C4F9CA
:2055C00000240CE0E01C285CFF2805D0E01C295CCF484030015500E004E0601CC4B2F01E1D
:2055E000A042EFDC00BF00BFE4E770B504460D46C748F1F77AF870BD10B5024601B910BDC9
:20560000C44B00241C605C609C60DC6000200BE0C31CD35CFF2B04D0C31CD35CBD4C235442
:2056200000E004E0431CD8B2CB1E8342F0DC00BF00BFE4E710B5024601B910BDB54B002442
:205640001C615C619C61DC6100200CE0C31CD35CFF2B05D0C31CD45CAE4B10331C5400E022
:2056600004E0431CD8B2CB1E8342EFDC00BF00BFE3E770B504460D46A648F1F755F870BD8A
:2056800010B5024609B1112900DA10BD002005E0C31CD35CA04C2354431CD8B22028F7DBE9
:2056A00000BFF2E770B504460D469B48F1F78AF8202145F2907002F0C6FA70BD10B50246DF
:2056C00001B910BD0024954B83F83E40002014E0C31CD35CFF2B0DD0C31CD45C8F4B2A33D7
:2056E0001C542A3B93F83E305B1CDCB28B4B83F83E4000E004E0431CD8B2CB1E8342E7DCEA
:2057000000BF00BFDDE710B5024601B910BD0024824B83F85340002014E0C31CD35CFF2B68
:205720000DD0C31CD45C7D4B3F331C543F3B93F853305B1CDCB2794B83F8534000E004E0B0
:20574000431CD8B2CB1E8342E7DC00BF00BFDDE770B505460E46002406E070482A30005D70
:205760006E490855601CC4B26C4890F83E00A042F3DC6A4890F83E0068490875002406E048
:2057800066483F30015D2A380155601CC4B2634890F85300A042F3DC604890F853005F4982
:2057A00081F829000846F0F7EDFF70BD10B5024601B910BD0024594B83F83E40002014E090
:2057C000C31CD35CFF2B0DD0C31CD45C534B2A331C542A3B93F83E305B1CDCB24F4B83F8C2
:2057E0003E4000E004E0431CD8B2CB1E8342E7DC00BF00BFDDE710B5024601B910BD002413
:20580000464B83F85340002014E0C31CD35CFF2B0DD0C31CD45C414B3F331C543F3B93F83E
:2058200053305B1CDCB23D4B83F8534000E004E0431CD8B2CB1E8342E7DC00BF00BFDDE7EA
:205840000022364B83F8552083F85620A3F85820012283F85420704710B5304890F85400CF
:2058600000287AD02D4890F855000C2876D2DFE800F00676808A949EA8B2BCC6D0D8274886
:20588000017D90F83E00814206D1244890F8291090F8530081420AD000202049A1F858000B
:2058A00081F8560081F8550081F8540010BD002412E01A48015D2A30005D81420AD0002067
:2058C0001649A1F8580081F8560081F8550081F85400EBE7601CC4B21048007DA042E8DCCF
:2058E00000241FE00D481530015D2A30005D814216D000200949A1F8580081F8560081F882
:20590000550081F85400D1E7080C0020F0A400209CA400207CA400205CA4002002A400203F
:20592000601CC4B2F84890F82900A042DADC0120F54981F855001421F3482A3004F0E2FF20
:205940000021F14880F83E1014213F3004F0DAFF0021ED4880F85310B5E0B5E0B2E0142194
:205960004FF4AA4002F06FF90220E74981F85500A9E0142145F2505002F065F90320E2494D
:2059800081F855009FE0142145F2207002F05BF90420DD4981F8550095E0142145F23070DF
:2059A00002F051F90520D84981F855008BE0202145F2907002F047F90620D34981F8550072
:2059C00081E0142145F6400002F03DF90720CE4981F8550077E0142145F6500002F033F94D
:2059E0000820C94981F855006DE0202145F6A00002F029F90920C44981F8550063E00A21B0
:205A000045F6B00002F01FF90A20BF4981F8550059E0022002F004F90B20BB4981F855004A
:205A200051E0FFF77DFAC8B1F6F7CAFB6A2803D16620F6F7C8FB06E0F6F7C2FB682802D10E
:205A40000020F6F7C0FB0020AF49A1F8580081F8560081F8550081F8540032E0AA48B0F85F
:205A60005800642807DAA848B0F85800401CA649A1F8580025E00020A349A1F858000846E5
:205A800090F85600022809DA084690F85600401C81F85600002081F8550012E0F6F790FB6C
:205AA000662803D16A20F6F78EFB02E06820F6F78AFB0020944981F8560081F8550081F895
:205AC000540000E000BF00BF00BFEFE6F0B505AC70CC8E4FF88039727A72BB72FC723D73B7
:205AE0007E730027DFF824C28CF801708CF80270ACF8047001278CF80070F0BD3EB5834847
:205B0000007800285CD08148407810B1012856D113E07E48407B7D49097B7C4AD27A7B4C90
:205B2000CDE900210290A37A627A217AA07901F01CFF01202146487041E0FFF7F1F9A8B1A9
:205B4000F6F73EFB6A2803D16620F6F73CFB06E0F6F736FB682802D10020F6F734FB00204C
:205B60006A49888088704870087027E067488088642805DA65488088401C644988801DE056
:205B800000206249888008468078022806DA08468078401C8870002048700FE0F6F710FB89
:205BA000662803D16A20F6F70EFB02E06820F6F70AFB0020554988704870087000BF00BF43
:205BC0003EBD534988700021514A5170D170918001211170704710B54D480078002851D0F2
:205BE0004B48407810B101284AD107E04849887801F03FFF01204649487042E0FFF790F9A5
:205C0000A8B1F6F7DDFA6A2803D16620F6F7DBFA06E0F6F7D5FA682802D10020F6F7D3FADA
:205C200000203B498880C8704870087027E038488088642805DA36488088401C34498880EF
:205C40001DE00020324988800846C078022806DA0846C078401CC870002048700FE0F6F746
:205C6000AFFA662803D16A20F6F7ADFA02E06820F6F7A9FA00202649C8704870087000E02A
:205C800000BF00BF10BD234988700021214A5170D170918001211170704710B51D480078BA
:205CA00000285AD01B48407810B1012853D107E01849887801F09DFE0120164948704BE032
:205CC000FFF72EF9A8B1F6F77BFA6A2803D16620F6F779FA06E0F6F773FA682802D10020DD
:205CE000F6F771FA00200B498880C8704870087030E00848808864280EDA06488088401CDA
:205D00000449888026E0000002A40020F4A30020100C00200A0C00200020FA498880084680
:205D2000C078022806DA0846C078401CC870002048700FE0F6F744FA662803D16A20F6F73C
:205D400042FA02E06820F6F73EFA0020ED49C8704870087000E000BF00BF10BDEA49887064
:205D60000021E94A5170D170918001211170704710B5E5480078002851D0E348407810B10B
:205D800001284AD107E0E049887801F0E2FE0120DD49487042E0FFF7C3F8A8B1F6F710FABC
:205DA0006A2803D16620F6F70EFA06E0F6F708FA682802D10020F6F706FA0020D24988807A
:205DC000C8704870087027E0CF488088642805DACD488088401CCC4988801DE00020CA4904
:205DE00088800846C078022806DA0846C078401CC870002048700FE0F6F7E2F9662803D100
:205E00006A20F6F7E0F902E06820F6F7DCF90020BD49C8704870087000E000BF00BF10BD4D
:205E20000021BA4A5170917091801146886001211170704710B5B5480078002851D0B34853
:205E4000407810B101284AD107E0B049886801F0C7F80120AD49487042E0FFF761F8A8B16C
:205E6000F6F7AEF96A2803D16620F6F7ACF906E0F6F7A6F9682802D10020F6F7A4F9002071
:205E8000A249888088704870087027E09F488088642805DA9D488088401C9C4988801DE053
:205EA00000209A49888008468078022806DA08468078401C8870002048700FE0F6F780F9C0
:205EC000662803D16A20F6F77EF902E06820F6F77AF900208D4988704870087000E000BFEB
:205EE00000BF10BD00218A4A5170917091801146886001211170704710B585480078002883
:205F000051D08348407810B101284AD107E08049886801F041F801207D49487042E0FEF758
:205F2000FFFFA8B1F6F74CF96A2803D16620F6F74AF906E0F6F744F9682802D10020F6F73C
:205F400042F900207249888088704870087027E06F488088642805DA6D488088401C6C49FC
:205F600088801DE000206A49888008468078022806DA08468078401C8870002048700FE090
:205F8000F6F71EF9662803D16A20F6F71CF902E06820F6F718F900205D49887048700870B9
:205FA00000E000BF00BF10BD10B50446002059494870887088800C2221465648C01DEEF738
:205FC00059FD01205349087010BD10B551480078002851D04F48407810B101284AD107E00F
:205FE0004C48C01D01F020F801204A49487042E0FEF796FFA8B1F6F7E3F86A2803D1662002
:20600000F6F7E1F806E0F6F7DBF8682802D10020F6F7D9F800203F498880887048700870FB
:2060200027E03C488088642805DA3A488088401C384988801DE00020364988800846807809
:20604000022806DA08468078401C8870002048700FE0F6F7B5F8662803D16A20F6F7B3F8B7
:2060600002E06820F6F7AFF800202A4988704870087000E000BF00BF10BD274988700021B3
:20608000254A5170D170918001211170704710B5FDF752F821490978884207D0FDF74CF85D
:2060A0001E49087008460078FFF7E7FF1A480078002860D01848407810B1012859D107E01A
:2060C0001549887801F015FD01201349487051E0FEF726FFA8B1F6F773F86A2803D1662042
:2060E000F6F771F806E0F6F76BF8682802D10020F6F769F8002008498880C8704870087062
:2061000036E00DE00A0C0020220C002004A5002010A500201CA50020160C0020500C0020BB
:20612000F9488088642805DAF7488088401CF64988801DE00020F44988800846C0780228AF
:2061400006DA0846C078401CC870002048700FE0F6F736F8662803D16A20F6F734F802E07C
:206160006820F6F730F80020E749C8704870087000E000BF00BF10BD0021E44A917091803E
:20618000D1701146487001211170704710B5F1F74AFD00283FD1F3F74BFF00283BD1DC489D
:2061A0000078002837D1F6F708F848B1D948007848BB0120D74908700920FFF7DDFF2AE0F7
:2061C000FCF7BAFFD4490978884208D1D148007828B9F9F774FCD149097888421BD0F9F7C0
:2061E0006EFCCE490870FCF7A7FFCB4908700020C8490870FCF7A0FF50B1F9F760FC18B130
:206200000220FFF7B9FF06E00320FFF7B5FF02E00020FFF7B1FFBD480078002851D0BB488A
:20622000807810B101284AD107E0B849487801F0F7FC0120B549887042E0FEF771FEA8B1DF
:20624000F5F7BEFF6A2803D16620F5F7BCFF06E0F5F7B6FF682802D10020F5F7B4FF002039
:20626000AA498880C8708870087027E0A7488088642805DAA5488088401CA44988801DE0CF
:206280000020A24988800846C078022806DA0846C078401CC870002088700FE0F5F790FFBF
:2062A000662803D16A20F5F78EFF02E06820F5F78AFF00209549C8708870087000E000BF55
:2062C00000BF10BD10B5964B1B7803B110BD0023934C637063802371234658719971DA71A5
:2062E0000123237000BFF1E78E48007800B1704701208C49087000BFF9E710B5894800787F
:2063000000284ED08748407810B1012848D105E003F010F801208349487041E0FEF700FE14
:20632000A8B1F5F74DFF6A2803D16620F5F74BFF06E0F5F745FF682802D10020F5F743FFE3
:2063400000207849888088704870087027E075488088642805DA73488088401C7149888014
:206360001DE000206F49888008468078022806DA08468078401C8870002048700FE0F5F7A3
:206380001FFF662803D16A20F5F71DFF02E06820F5F719FF0020634988704870087000BFCA
:2063A00000BF10BD6048007800B1704701205E49087000BFF9E710B55B48007800284ED0C4
:2063C0005948407810B1012848D105E002F0C7FF01205549487041E0FEF7A2FDA8B1F5F753
:2063E000EFFE6A2803D16620F5F7EDFE06E0F5F7E7FE682802D10020F5F7E5FE00204A4931
:20640000888088704870087027E047488088642805DA45488088401C434988801DE00020A1
:206420004149888008468078022806DA08468078401C8870002048700FE0F5F7C1FE6628E0
:2064400003D16A20F5F7BFFE02E06820F5F7BBFE0020354988704870087000BF00BF10BD15
:206460003249097801B170473049C87001212F4A117000BFF7E710B52C480078002870D034
:206480002A48407830B101280CD0022861D0032807D167E02549C87802F06AFE01202349B2
:2064A0004870A1E0FEF73CFDA8B1F5F789FE6A2803D16620F5F787FE06E0F5F781FE68286B
:2064C00002D10020F5F77FFE0020184988808870022048703CE015488088642805DA1348BE
:2064E0008088401C1149888032E000200F4988800846807802281BDA08468078401C887045
:206500000020487024E00000160C00201C0C0020080C0020520C0020510C0020530C002067
:20652000280C0020300C0020360C00203C0C0020F5F746FE662803D16A20F5F744FE02E0B5
:206540006820F5F740FE0020FD498870487008704AE0FB49C87802F037FE0320F84948700A
:2065600042E042E0FEF7DCFCA8B1F5F729FE6A2803D16620F5F727FE06E0F5F721FE682820
:2065800002D10020F5F71FFE0020ED49888088704870087027E0EA488088642805DAE8489D
:2065A0008088401CE64988801DE00020E449888008468078022806DA08468078401C887004
:2065C000022048700FE0F5F7FBFD662803D16A20F5F7F9FD02E06820F5F7F5FD0020D849B7
:2065E00088704870087000BF00BF10BDD549097801B17047D349C8700121D24A117000BF4E
:20660000F7E710B5CF480078002874D0CD48407830B101280CD002284CD0032807D151E0AF
:20662000C849C87802F0BAFD0120C64948708CE0FEF776FCA8B1F5F7C3FD6A2803D16620B4
:20664000F5F7C1FD06E0F5F7BBFD682802D10020F5F7B9FD0020BB498880887002204870E3
:2066600027E0B8488088642805DAB6488088401CB44988801DE00020B249888008468078D3
:20668000022806DA08468078401C8870002048700FE0F5F795FD662803D16A20F5F793FDA9
:2066A00002E06820F5F78FFD0020A6498870487008704AE0A349C87802F0DBFD0320A14994
:2066C000487042E0FEF72CFCB0B1F5F779FD6A2803D16620F5F777FD06E0F5F771FD6828E4
:2066E00002D10020F5F76FFD00209649888088704870087028E029E092488088642805DAC2
:2067000090488088401C8F4988801DE000208D49888008468078022806DA08468078401C70
:206720008870022048700FE0F5F74AFD662803D16A20F5F748FD02E06820F5F744FD002091
:20674000804988704870087000BF00BF10BD7E48007800B1704701207B49087000BFF9E75B
:2067600010B57948007800287BD07748407820B101280ED002280BD14DE0734AD179907916
:2067800001F081FA002070498880887001204870C5E0FEF7C5FBA8B1F5F712FD6A2803D1C7
:2067A0006620F5F710FD06E0F5F70AFD682802D10020F5F708FD002063498880887002201F
:2067C000487027E060488088642805DA5E488088401C5D4988801DE000205B498880084610
:2067E0008078022806DA08468078401C8870002048700FE0F5F7E4FC662803D16A20F5F792
:20680000E2FC02E06820F5F7DEFC00204E4988704870087083E04C488079A0B94A48C07977
:20682000032805DA4848C079401C4749C87106E000204549C87108468079401C88710020D7
:20684000414948706AE040488079012815D13E48C0790A2806DA3C48C079401C3A49C87176
:2068600007E05DE000203849C87108468079401C887100203449487050E03348807902285B
:2068800014D13148C0790A2805DA2F48C079401C2D49C87106E000202B49C871084680799B
:2068A000401C887100202849487037E026488079032814D12448C0790A2805DA2248C07953
:2068C000401C2149C87106E000201F49C87108468079401C887100201B4948701EE01A48DA
:2068E0008079042814D11848C079052805DA1648C079401C1449C87106E000201249C871C6
:2069000008468079401C887100200F49487005E000200D498871C8714870087000BF00BF70
:2069200010BD10B509480078002872D00748407870B1012816D0022856D003286AD15DE068
:206940003C0C0020420C0020480C0020280C0020F74BDA799979587902F019FD0120F449BB
:20696000487090E0FEF7DCFAA8B1F5F729FC6A2803D16620F5F727FC06E0F5F721FC682840
:2069800002D10020F5F71FFC0020E949488008710220487027E0E6484088642805DAE448FC
:2069A0004088401CE24948801DE00020E049488008460079022806DA08460079401C087145
:2069C000002048700FE0F5F7FBFB662803D16A20F5F7F9FB02E06820F5F7F5FB0020D449BF
:2069E0000871487008704EE0D14BDA799979587901F0A9FE0320CE49487044E0FEF790FA41
:206A0000B8B1F5F7DDFB6A2805D16620F5F7DBFB08E039E036E0F5F7D3FB682802D1002045
:206A2000F5F7D1FB0020C249488008714870087027E0BF484088642805DABD484088401C98
:206A4000BB4948801DE00020B949488008460079022806DA08460079401C0871022048703C
:206A60000FE0F5F7ADFB662803D16A20F5F7ABFB02E06820F5F7A7FB0020AD4908714870D6
:206A8000087000E000BF00BF10BD10B50246A94B83F80611002005E0145CA64B9B1D1C5432
:206AA000431CD8B28842F7DB0023A24C6370A380A3700123237010BD10B59E480078002868
:206AC00053D09C48407810B101284CD109E0994890F80611801D00F021FF01209549487023
:206AE00042E0FEF71DFAA8B1F5F76AFB6A2803D16620F5F768FB06E0F5F762FB682802D1F1
:206B00000020F5F760FB00208A49888088704870087027E087488088642805DA85488088CD
:206B2000401C844988801DE000208249888008468078022806DA08468078401C887000202A
:206B400048700FE0F5F73CFB662803D16A20F5F73AFB02E06820F5F736FB00207549887001
:206B60004870087000E000BF00BF10BD01460022714B5A709A709A80002005E00B5C6E4A83
:206B8000921D1354421CD0B22028F7DB01226A4B1A70704710B568480078002851D06648E8
:206BA000407810B101284AD107E06348801D00F09FFE01206049487042E0FEF7B1F9A8B1C0
:206BC000F5F7FEFA6A2803D16620F5F7FCFA06E0F5F7F6FA682802D10020F5F7F4FA0020C4
:206BE0005549888088704870087027E052488088642805DA50488088401C4F4988801DE01A
:206C000000204D49888008468078022806DA08468078401C8870002048700FE0F5F7D0FA4F
:206C2000662803D16A20F5F7CEFA02E06820F5F7CAFA0020404988704870087000E000BF2A
:206C400000BF10BD3D48007870472DE9F04F09AC94E8F010DDE90F9ADDF838804FF0000B28
:206C6000DFF8D8E08EF801B08EF802B0AEF804B0F346ABF80600ABF808108BF80A208BF8EF
:206C80000B308BF80C408BF80D508BF80E608BF80F708BF810C08BF811808BF81290CBF8C8
:206CA00014A0DDF844B0CEF818B04FF0010B8EF800B0BDE8F08F10B58AB02048007800281D
:206CC00079D01E48407810B1012872D125E01B4880691A494969194A927C184B5B7CCDE959
:206CE0000532CDE907101548007C1449C97B134A927B124B5B7BCDE90132CDE903100F4870
:206D0000007B0E4C0090E37AA27A2189E08800F097FA0120214648704CE0FEF701F9E8B10E
:206D2000F5F74EFA6A280BD16620F5F74CFA0EE0280C0020ECA200203CA5002064A50020DF
:206D4000F5F73EFA682802D10020F5F73CFA00206C49888088704870087027E069488088A5
:206D6000642805DA67488088401C664988801DE000206449888008468078022806DA08466E
:206D80008078401C8870002048700FE0F5F718FA662803D16A20F5F716FA02E06820F5F7A4
:206DA00012FA0020574988704870087002E002E0FFE700BF00BF0AB010BD10B5FFF705F977
:206DC0005148007800B110BDFFF776FE4F48007800B1F8E7FFF7DEFE4D48007800B1F2E7B2
:206DE000FFF7D4F94B48007800B1ECE7FEF786FE4948007800B1E6E7FFF77EF847480078CE
:206E000000B1E0E7FFF716F84548007800B1DAE7FEF743FF4348007800B1D4E7FEF7DBFE0B
:206E20004148007800B1CEE7FFF77BFD3F48007800B1C8E7FFF794FC3D48007800B1C2E741
:206E4000FFF7DFFB3B48007800B1BCE7FFF7B3FA3948007800B1B6E7FFF70DFB3748007834
:206E600000B1B0E7FFF749FA3548007800B1AAE700BFA8E710B53348EFF76CFC00F088F80E
:206E80003148FEF744F83148FEF744F83048FEF744F83048FEF732F82F48FEF732F82F4851
:206EA000FEF732F82E48FEF723F82E48FEF723F82D48FEF714F82D48FEF714F82C48FEF752
:206EC00014F82C48FEF702F82B48FEF702F82B48FEF702F82A48FDF7F6FF2A48FDF7F0FFCF
:206EE0002948FDF7E7FF2948FDF7E7FF0020F1F76DFB18B10C20FFF73FF902E00020FFF771
:206F00003BF910BD64A500201CA50020ECA200203CA500201C0C0020F4A3002010A50020E3
:206F200004A500200A0C0020100C0020280C0020480C0020420C0020360C00203C0C002016
:206F4000300C002002A40020AD570108F757010841580108BD5601080757010851570108D5
:206F600081560108A5560108F9550108355601087356010873550108AD550108EB5501084B
:206F800067550108135501081F5501084D55010810B5FEF7EDF910BD10B504467120FE493F
:206FA000087060204870642094FBF0F030308870642094FBF0F100FB11400A2190FBF1F0FF
:206FC0003030F549C8700A2094FBF0F100FB11403030F14908710521EF48FEF754FA10BD75
:206FE00010B504467120EC49087020204870642094FBF0F030308870642094FBF0F100FB12
:2070000011400A2190FBF1F03030E349C8700A2094FBF0F100FB11403030DF4908710521B7
:20702000DD48FEF730FA10BD10B504467F20DA49087020204870207888706078C870A07846
:207040000871E0784871207988716079C871A0790872E0794872207A8872607AC872A07A9A
:207060000873E07A48730E21CB48FEF70CFA10BD10B57120C8490870802048700221C6480E
:20708000FEF701FA10BD2DE9FC4106460F4690461C46089DC1A103C9CDE900017120BE49E5
:2070A0000870002048709DF8000088709DF80100C8709DF8020008719DF8030048719DF82F
:2070C000040088719DF80500C8719DF8060008729DF8070048723A2088720A2096FBF0F086
:2070E0003030C8720A2096FBF0F100FB11603030A94908732D2048730A2097FBF0F030301D
:2071000088730A2097FBF0F100FB11703030A249C8732D2008740A2098FBF0F03030487453
:207120000A2098FBF0F100FB118030309A4988742C20C8749B48B4FBF0F03030087599482E
:20714000B4FBF0F100FB114042F21071B0FBF1F030309149487542F21070B4FBF0F100FBDC
:2071600011404FF47A71B0FBF1F030308A4988754FF47A70B4FBF0F100FB11406421B0FB9B
:20718000F1F030308449C8756420B4FBF0F100FB11400A21B0FBF1F030307F4908760A20BD
:2071A000B4FBF0F100FB114030307B4948762C2088767C48B5FBF0F03030C8767948B5FB64
:2071C000F0F100FB115042F21071B0FBF1F030307149087742F21070B5FBF0F100FB1150F7
:2071E0004FF47A71B0FBF1F030306B4948774FF47A70B5FBF0F100FB11506421B0FBF1F0D7
:207200003030654988776420B5FBF0F100FB11500A21B0FBF1F030305F49C8770A20B5FB18
:20722000F0F100FB115030305B4981F820002E2081F8210022215848FEF725F9BDE8FC8174
:207240002DE9F04FAFB004460D4616461F46DDE93AABDDE9388954A2D2E900109268CDE979
:207260002D022C9153A2D2E900109268CDE92A02299153A207CACDE92712269053A090E8F6
:207280000E00C068CDE923232291259053A30FCBCDE92023CDE91E01142254A119A803F0D7
:2072A000FFFA142256A114A803F0FAFA142259A10FA803F0F5FA14225BA10AA803F0F0FA7B
:2072C00014225EA105A803F0EBFA142260A1684603F0E6FA2046E11704EB1161090A2E4AF2
:2072E0001170E11704EB11610912A4EB012151704FF47A7095FBF0F03030114688704FF498
:207300007A7095FBF0F100FB1150642190FBF1F030301146C870642095FBF0F100FB115085
:207320000A2190FBF1F03030114608710A2095FBF0F100FB11503030114648712D208871D9
:207340000A2096FBF0F03030C8710A2096FBF0F100FB11603030114608722D2048720A208F
:2073600097FBF0F0303088720A2097FBF0F100FB117030301146C872202008730A2098FBBF
:20738000F0F0303048730A2098FBF0F100FB118030301146887365E080A50020B9CAD5CF65
:2073A000D0C5CFA2A0860100E8B4A7E69F9CE58FB73A2000E5B182E69EB6E58FB73A2000E0
:2073C000E8B4A7E98193E58FB73A2000E587BAE8B4A7E68890E58A9F00000000E587BAE865
:2073E000B4A7E5A4B1E8B4A500000000E7BAA2E5A496E6A380E6B58BE68890E58A9F2000FA
:20740000E7BAA2E5A496E6A380E6B58BE5A4B1E8B4A52000E7BAA2E5A496E6A8A1E59D9796
:20742000E69585E99A9C0000E8B4A7E98193E794B5E69CBAE6ADA3E5B8B80000E8B4A7E9CA
:207440008193E794B5E69CBAE8B685E697B60000E8B4A7E98193E794B5E69CBAE7A6BBE77B
:20746000BABF00003A20C8730A2099FBF0F0303008740A2099FBF0F100FB11903030114692
:2074800048743A2088740A209AFBF0F03030C8740A209AFBF0F100FB11A03030114608751F
:2074A000202048755B2088759DF8B000C8759DF8B10008769DF8B20048769DF8B3008876C6
:2074C0009DF8B400C8769DF8B50008779DF8B60048770A209BFBF0F0303088770A209BFB93
:2074E000F0F100FB11B030301146C8772C2081F820009DF8A40081F821009DF8A50081F88E
:2075000022009DF8A60081F823009DF8A70081F824009DF8A80081F825009DF8A90081F807
:2075200026009DF8AA0081F827000A213C9890FBF1F03030114681F828000A213C9890FBF9
:20754000F1F201FB12003030F94981F829002C2081F82A009DF8980081F82B009DF8990008
:2075600081F82C009DF89A0081F82D009DF89B0081F82E009DF89C0081F82F009DF89D00AF
:2075800081F830009DF89E0081F831000A213D9890FBF1F03030E64981F832000A213D98BF
:2075A00090FBF1F201FB12003030E14981F833002C2081F834003E9818B39DF8880081F8E9
:2075C00035009DF8890081F836009DF88A0081F837009DF88B0081F838009DF88C0081F86F
:2075E00039009DF88D0081F83A009DF88E0081F83B009DF88F0081F83C002C2081F83D00CB
:2076000023E09DF87800CA4981F835009DF8790081F836009DF87A0081F837009DF87B000D
:2076200081F838009DF87C0081F839009DF87D0081F83A009DF87E0081F83B009DF87F0036
:2076400081F83C002C2081F83D00BA493F98884234D19DF82800B64981F83E009DF8290099
:2076600081F83F009DF82A0081F840009DF82B0081F841009DF82C0081F842009DF82D0022
:2076800081F843009DF82E0081F844009DF82F0081F845009DF8300081F846009DF83100E2
:2076A00081F847009DF8320081F848009DF8330081F849002C2081F84A006CE09E493F98DF
:2076C000884234D19DF81400994981F83E009DF8150081F83F009DF8160081F840009DF83E
:2076E000170081F841009DF8180081F842009DF8190081F843009DF81A0081F844009DF8E6
:207700001B0081F845009DF81C0081F846009DF81D0081F847009DF81E0081F848009DF8A5
:207720001F0081F849002C2081F84A0033E09DF800007F4981F83E009DF8010081F83F00E4
:207740009DF8020081F840009DF8030081F841009DF8040081F842009DF8050081F84300DD
:207760009DF8060081F844009DF8070081F845009DF8080081F846009DF8090081F847009D
:207780009DF80A0081F848009DF80B0081F849002C2081F84A0069494098884234D19DF82A
:2077A0006400634981F84B009DF8650081F84C009DF8660081F84D009DF8670081F84E00B2
:2077C0009DF8680081F84F009DF8690081F850009DF86A0081F851009DF86B0081F8520089
:2077E0009DF86C0081F853009DF86D0081F854009DF86E0081F855009DF86F0081F8560049
:207800005D2081F857006CE04D494098884234D19DF85000464981F84B009DF8510081F8FB
:207820004C009DF8520081F84D009DF8530081F84E009DF8540081F84F009DF8550081F88C
:2078400050009DF8560081F851009DF8570081F852009DF8580081F853009DF8590081F84C
:2078600054009DF85A0081F855009DF85B0081F856005D2081F8570033E09DF83C002C4992
:2078800081F84B009DF83D0081F84C009DF83E0081F84D009DF83F0081F84E009DF8400084
:2078A00081F84F009DF8410081F850009DF8420081F851009DF8430081F852009DF8440044
:2078C00081F853009DF8450081F854009DF8460081F855009DF8470081F856005D2081F8EB
:2078E000570058211248FDF7CEFD2FB0BDE8F08F70B5054650200E490870002048700024F1
:2079000005E0295DA01C0A4A1154601CC4B2202CF7DB22210648FDF7B6FD70BD70B50646A1
:207920000C465220024908704020487000250FE080A50020888A0100B58B0100708E0100FC
:2079400001900100715DA81CFE4A1154681CC5B2A542F7DBFF21A01CFA4A1154E01C1154BC
:20796000211D1046FDF78FFD70BD2DE9F04705460E4614469A46DDE90989089F0020F14947
:2079800008709C2048705A208870A520C870642095FBF0F100FB1150EA4908710D2096FBD1
:2079A000F0F100FB1160E74948712046E11704EBD1614911A4EB4111E24A9171182097FBDF
:2079C000F0F100FB11701146C8713C2098FBF0F100FB1180114608723C2099FBF0F100FBC1
:2079E0001190114648720A211046FDF74CFDBDE8F0871FB50446D4A103C9CDE90201D4A16E
:207A000003C9CDE90001FF2C15D15020CD490870802048709DF8000088709DF80100C87021
:207A20009DF8020008719DF8030048710621C548FDF729FD1CE0632C00DD63245020C1492E
:207A4000087080204870202088700A2094FBF0F03030C8700A2094FBF0F100FB11403030A7
:207A6000B8490871202048710621B648FDF70BFD1FBD1FB50446B4A103C9CDE90201B4A149
:207A800003C9CDE90001FF2C15D17F20AD490870F02048709DF8000088709DF80100C87022
:207AA0009DF8020008719DF8030048710621A548FDF7E9FC1CE0632C00DD63247F20A14900
:207AC0000870F0204870202088700A2094FBF0F03030C8700A2094FBF0F100FB11403030B7
:207AE000984908712020487106219648FDF7CBFC1FBD1FB5044698A003C8CDE90201AFF21C
:207B0000A46103C9CDE9000150208E4908706020487064B19DF8080088709DF80900C87066
:207B20009DF80A0008719DF80B0048710CE09DF80000844988709DF80100C8709DF8020029
:207B400008719DF80300487106217E48FDF79BFC1FBD10B58AB00446142281A105A802F0C7
:207B60009FFE142283A1684602F09AFE5120754908700020487044B39DF8000088709DF83E
:207B80000100C8709DF8020008719DF8030048719DF8040088719DF80500C8719DF806004B
:207BA00008729DF8070048729DF8080088729DF80900C8729DF80A0008739DF80B00487311
:207BC0000E216048FDF75FFC28E09DF814005D4988709DF81500C8709DF8160008719DF895
:207BE000170048719DF8180088719DF81900C8719DF81A0008729DF81B0048729DF81C00E4
:207C000088729DF81D00C8729DF81E0008739DF81F0048730E214B48FDF735FC0AB010BD73
:207C200010B50446002047490870842048705A2088700120C8700020087108464471062123
:207C4000FDF721FC10BD70B504460D462046E11704EB1161090A3B4A1170E11704EB116153
:207C60000912A4EB01215170002605E02021B01C344A1154701CC6B2AE42F7DBA91C314878
:207C8000FDF701FC70BD70B505460C46052D80F05785DFE815F00500A800F80149039C0428
:207CA00034B1012C20D0022C3BD0032C6CD179E0752024490870202048708870C8700871A9
:207CC00048718871C871087248728872C872087348738873C873087448748874C874142140
:207CE0001848FDF7D0FB7BE07520164908703020487020208870C870087148718871C871C2
:207D0000087248728872C872087348738873C873087448748874C87414210A48FDF7B3FBF6
:207D20005EE07520074908704020487020208870C870087148718871C8710872487288728E
:207D4000C87222E080A50020E5BAA62000000000E5BC82E5B8B80000E59CA8E7BABF00003C
:207D6000E8AEBEE5A487E5B09AE69CAAE590AFE794A8000020E8AFB7E689ABE7A081E8B4D1
:207D8000ADE789A92000000029E0087348738873C873087448748874C8741421F848FDF7AF
:207DA00072FB1DE07520F64908705020487020208870C870087148718871C87108724872DD
:207DC0008872C872087348738873C873087448748874C8741421EA48FDF755FB00E000BF49
:207DE00000BF00F0AEBC0B2C7BD2DFE804F00623405D7B98B5D2F2F0EF007520E0490870C4
:207E00006020487020208870C870087148718871C871087248728872C872087348738873BD
:207E2000C873087448748874C8741421D448FDF72AFB26E17520D249087070204870202076
:207E40008870C870087148718871C871087248728872C872087348738873C8730874487482
:207E60008874C8741421C648FDF70DFB09E17520C34908708020487020208870C870087147
:207E800048718871C871087248728872C872087348738873C873087448748874C87414217E
:207EA000B748FDF7F0FAECE07520B54908709020487020208870C870087148718871C871D2
:207EC000087248728872C872087348738873C873087448748874C8741421A948FDF7D3FA77
:207EE000CFE0CDE07520A6490870A020487020208870C870087148718871C87108724872AA
:207F00008872C872087348738873C873087448748874C87414219A48FDF7B5FAB1E0752071
:207F200097490870B020487020208870C870087148718871C871087248728872C8720873AA
:207F400048738873C873087448748874C87414218B48FDF798FA94E0752089490870C020FF
:207F6000487020208870C870087148718871C871087248728872C872087348738873C873A1
:207F8000087448748874C87414217D48FDF77BFA77E075207A490870D02048702020887007
:207FA000C870087148718871C871087248728872C872087348738873C8730874487488741D
:207FC000C87414216E48FDF75EFA5AE03BE01DE0FFE775206A490870E02048702020887046
:207FE000C870087148718871C871087248728872C872087348738873C873087448748874DD
:20800000C87414215E48FDF73EFA3AE075205C490870F020487020208870C87008714871E7
:208020008871C871087248728872C872087348738873C873087448748874C87414215048FD
:20804000FDF721FA1DE076204D4908700020487020208870C870087148718871C87108724A
:2080600048728872C872087348738873C873087448748874C87414214148FDF704FA00E0A6
:2080800000BF00BF5DE30B2C7CD2DFE804F006233F5C7C99B6D3F3F1F0007620384908701D
:2080A0001020487020208870C870087148718871C871087248728872C8720873487388736B
:2080C000C873087448748874C87414212C48FDF7DAF927E176202A4908702020487088700C
:2080E000C870087148718871C871087248728872C872087348738873C873087448748874DC
:20810000C87414211E48FDF7BEF90BE176201C4908703020487020208870C87008714871D4
:208120008871C871087248728872C872087348738873C873087448748874C874142110483C
:20814000FDF7A1F9EEE076200D4908704020487020208870C870087148718871C8710872F9
:2081600048728872C872087348738873C873087448748874C87414210148FDF784F9D1E095
:2081800080A50020CDE07620FE4908705020487020208870C870087148718871C871087222
:2081A00048728872C872087348738873C873087448748874C8741421F248FDF764F9B1E0A4
:2081C0007620F04908706020487020208870C870087148718871C871087248728872C872E4
:2081E000087348738873C873087448748874C8741421E448FDF747F994E07620E149087062
:208200007020487020208870C870087148718871C871087248728872C872087348738873A9
:20822000C873087448748874C8741421D548FDF72AF977E07620D349087080204870202011
:208240008870C870087148718871C871087248728872C872087348738873C873087448747E
:208260008874C8741421C748FDF70DF95AE03BE01DE0FFE77620C34908709020487020208E
:208280008870C870087148718871C871087248728872C872087348738873C873087448743E
:2082A0008874C8741421B748FDF7EDF83AE07620B4490870A020487020208870C8700871F3
:2082C00048718871C871087248728872C872087348738873C873087448748874C87414213A
:2082E000A848FDF7D0F81DE07620A6490870B020487020208870C870087148718871C8717C
:20830000087248728872C872087348738873C873087448748874C87414219A48FDF7B3F863
:2083200000E000BF00BF0CE20B2C7BD2DFE804F00623405D7B98B5D1F1EFEE007620914915
:208340000870C020487020208870C870087148718871C871087248728872C872087348739B
:208360008873C873087448748874C87414218548FDF789F829E1762082490870D020487055
:2083800020208870C870087148718871C871087248728872C872087348738873C8730874B9
:2083A00048748874C87414217648FDF76CF80CE1762074490870E020487020208870C8709E
:2083C000087148718871C871087248728872C872087348738873C873087448748874C874F5
:2083E00014216848FDF74FF8EFE0762065490870F020487020208870C8700871487188716F
:20840000C871087248728872C872087348738873C873087448748874C87414215948FDF715
:2084200032F8D2E0D0E07720564908700020487020208870C870087148718871C8710872DC
:2084400048728872C872087348738873C873087448748874C87414214A48FDF714F8B4E0F7
:208460007720484908701020487020208870C870087148718871C871087248728872C87238
:20848000087348738873C873087448748874C87414213C48FCF7F7FF97E077203949087056
:2084A000202048708870C870087148718871C871087248728872C872087348738873C8735C
:2084C000087448748874C87414212E48FCF7DBFF7BE077202B490870302048702020887096
:2084E000C870087148718871C871087248728872C872087348738873C873087448748874D8
:20850000C87414211F48FCF7BEFF5EE03FE01DE0FFE777201B4908704020487020208870D0
:20852000C870087148718871C871087248728872C872087348738873C87308744874887497
:20854000C87414210F48FCF79EFF3EE077200D4908705020487020208870C8700871487176
:208560008871C871087248728872C872087348738873C873087448748874C8741421014807
:2085800002E0000080A50020FCF77DFF1DE07720F74908706020487020208870C8700871D8
:2085A00048718871C871087248728872C872087348738873C873087448748874C874142157
:2085C000EB48FCF760FF00E000BF00BFB9E0062C78D2DFE804F003203D5A78957720E4495D
:2085E00008707020487020208870C870087148718871C871087248728872C8720873487349
:208600008873C873087448748874C8741421D848FCF739FF92E07720D5490870802048703D
:2086200020208870C870087148718871C871087248728872C872087348738873C873087416
:2086400048748874C8741421C948FCF71CFF75E07720C74908709020487020208870C87086
:20866000087148718871C871087248728872C872087348738873C873087448748874C87452
:208680001421BB48FCF7FFFE58E07720B8490870A020487020208870C87008714871887157
:2086A000C871087248728872C872087348738873C873087448748874C8741421AC48FCF721
:2086C000E2FE3BE039E07720A9490870B020487020208870C870087148718871C8710872AF
:2086E00048728872C872087348738873C873087448748874C87414219D48FCF7C4FE1DE0E4
:2087000077209B490870C020487020208870C870087148718871C871087248728872C87292
:20872000087348738873C873087448748874C87414218F48FCF7A7FE00E000BF00BF00E07B
:2087400000BF00BF70BD70B506460D461446052E80F00885DFE816F005008100C8010F03F2
:20876000530435B1012D20D0022D3AD0032D71D153E06CB180207E49087003204870F820D1
:2087800088700020C87004217948FCF77CFE0BE08020774908700320487000208870C87048
:2087A00004217348FCF76FFE55E06CB180207049087013204870F82088700020C8700421DE
:2087C0006B48FCF760FE0BE08020694908701320487000208870C87004216548FCF753FE8F
:2087E00039E06CB180206249087023204870F82088700020C87004215D48FCF744FE0BE033
:2088000080205B4908702320487000208870C87004215748FCF737FE1DE06CB1802054490E
:20882000087033204870F82088700020C87004214F48FCF728FE0BE080204D49087033208C
:20884000487000208870C87004214948FCF71BFE01E0FFE700BF00BF8CE20B2D77D2DFE853
:2088600005F006223E5A7796B2CEEAFAF9006CB180203F49087043204870F82088700020D1
:20888000C87004213A48FCF7FEFD0BE08020384908704320487000208870C870042134487B
:2088A000FCF7F1FD1EE16CB180203149087053204870F82088700020C87004212C48FCF70A
:2088C000E2FD0BE080202A4908705320487000208870C87004212648FCF7D5FD02E16CB170
:2088E00080202349087063204870F82088700020C87004211E48FCF7C6FD0BE080201C4920
:2089000008706320487000208870C87004211848FCF7B9FDE6E06CB180201549087073203A
:208920004870F82088700020C87004211048FCF7AAFD0BE080200E4908707320487000203B
:208940008870C87004210A48FCF79DFDCAE0C8E084B180200649087083204870F82088708A
:208960000020C87004210248FCF78DFD0EE0000080A500208020FD490870832048700020A7
:208980008870C8700421F948FCF77DFDAAE06CB18020F649087093204870F820887000203B
:2089A000C8700421F148FCF76EFD0BE08020EF4908709320487000208870C8700421EB4875
:2089C000FCF761FD8EE06CB18020E8490870A3204870F82088700020C8700421E348FCF74C
:2089E00052FD0BE08020E1490870A320487000208870C8700421DD48FCF745FD72E06CB142
:208A00008020DA490870B3204870F82088700020C8700421D548FCF736FD0BE08020D34919
:208A20000870B320487000208870C8700421CF48FCF729FD56E07CB18020CC490870C3201B
:208A40004870F82088700020C8700421C748FCF71AFD0DE029E00CE08020C4490870C320CE
:208A6000487000208870C8700421C048FCF70BFD38E06CB18020BD490870D3204870F820B0
:208A800088700020C8700421B848FCF7FCFC0BE08020B6490870D320487000208870C87079
:208AA0000421B248FCF7EFFC1CE06CB18020AF490870E3204870F82088700020C870042148
:208AC000AA48FCF7E0FC0BE08020A8490870E320487000208870C8700421A448FCF7D3FC03
:208AE00000E000BF00BF3EE30B2D77D2DFE805F006223E5A7793AFCBE7F7F6006CB18020E5
:208B00009A490870F3204870F82088700020C87004219648FCF7B7FC0BE08020934908703F
:208B2000F320487000208870C87004218F48FCF7AAFC1EE16CB181208C49087003204870A0
:208B4000F82088700020C87004218848FCF79BFC0BE0812085490870032048700020887069
:208B6000C87004218148FCF78EFC02E16CB181207E49087013204870F82088700020C8701F
:208B800004217A48FCF77FFC0BE08120774908701320487000208870C87004217348FCF7AE
:208BA00072FCE6E06CB181207049087023204870F82088700020C87004216C48FCF763FC04
:208BC0000BE08120694908702320487000208870C87004216548FCF756FCCAE0C8E06CB10E
:208BE00081206249087033204870F82088700020C87004215D48FCF746FC0BE081205B490F
:208C000008703320487000208870C87004215748FCF739FCADE06CB18120544908704320D2
:208C20004870F82088700020C87004214F48FCF72AFC0BE081204D4908704320487000206A
:208C40008870C87004214948FCF71DFC91E06CB181204649087053204870F8208870002091
:208C6000C87004214148FCF70EFC0BE081203F4908705320487000208870C87004213B4862
:208C8000FCF701FC75E06CB181203849087063204870F82088700020C87004213348FCF7A2
:208CA000F2FB0BE08120314908706320487000208870C87004212D48FCF7E5FB59E07CB1EB
:208CC00081202A49087073204870F82088700020C87004212548FCF7D6FB0DE029E00CE01D
:208CE0008120224908707320487000208870C87004211E48FCF7C7FB3BE06CB181201B49D8
:208D0000087083204870F82088700020C87004211648FCF7B8FB0BE08120144908708320EB
:208D2000487000208870C87004211048FCF7ABFB1FE06CB181200D49087093204870F82007
:208D400088700020C87004210848FCF79CFB0BE08120064908709320487000208870C870B6
:208D600004210248FCF78FFB03E0000080A5002000BF00BFF7E10B2D77D2DFE805F0062224
:208D80003E5A7793AFCBE7F7F6006CB18120F7490870A3204870F82088700020C870042165
:208DA000F248FCF770FB0BE08120F0490870A320487000208870C8700421EC48FCF763FB69
:208DC0001BE16CB18120E9490870B3204870F82088700020C8700421E448FCF754FB0BE0BE
:208DE0008120E2490870B320487000208870C8700421DE48FCF747FBFFE06CB18120DB4913
:208E00000870C3204870F82088700020C8700421D648FCF738FB0BE08120D4490870C3206A
:208E2000487000208870C8700421D048FCF72BFBE3E06CB18120CD490870D3204870F82002
:208E400088700020C8700421C848FCF71CFB0BE08120C6490870D320487000208870C87075
:208E60000421C248FCF70FFBC7E0C5E06CB18120BE490870E3204870F82088700020C8701A
:208E80000421BA48FCF7FFFA0BE08120B7490870E320487000208870C8700421B348FCF79D
:208EA000F2FAAAE06CB18120B0490870F3204870F82088700020C8700421AC48FCF7E3FAF1
:208EC0000BE08120A9490870F320487000208870C8700421A548FCF7D6FA8EE06CB182207F
:208EE000A249087003204870F82088700020C87004219E48FCF7C7FA0BE082209B49087024
:208F00000320487000208870C87004219748FCF7BAFA72E06CB1822094490870132048702A
:208F2000F82088700020C87004219048FCF7ABFA0BE082208D490870132048700020887056
:208F4000C87004218948FCF79EFA56E07CB182208649087023204870F82088700020C870A9
:208F600004218248FCF78FFA0DE029E00CE082207E4908702320487000208870C870042153
:208F80007A48FCF780FA38E06CB182207749087033204870F82088700020C8700421734840
:208FA000FCF771FA0BE08220704908703320487000208870C87004216C48FCF764FA1CE014
:208FC0006CB182206949087043204870F82088700020C87004216548FCF755FA0BE0822084
:208FE000624908704320487000208870C87004215E48FCF748FA00E000BF00BFB3E0062DBF
:2090000074D2DFE805F0031F3B5774906CB182205649087053204870F82088700020C8702D
:2090200004215248FCF72FFA0BE082204F4908705320487000208870C87004214B48FCF792
:2090400022FA8DE06CB182204849087063204870F82088700020C87004214448FCF713FA6B
:209060000BE08220414908706320487000208870C87004213D48FCF706FA71E06CB1822029
:209080003A49087073204870F82088700020C87004213648FCF7F7F90BE08220334908701B
:2090A0007320487000208870C87004212F48FCF7EAF955E06CB182202C4908708320487067
:2090C000F82088700020C87004212848FCF7DBF90BE08220254908708320487000208870E6
:2090E000C87004212148FCF7CEF939E037E06CB182201E49087093204870F8208870002087
:20910000C87004211948FCF7BEF90BE08220174908709320487000208870C8700421134847
:20912000FCF7B1F91CE06CB1822010490870A3204870F82088700020C87004210B48FCF7B8
:20914000A2F90BE0822009490870A320487000208870C87004210548FCF795F900E000BFC0
:2091600000BF00E000BF00BF70BD000080A5002010B504468320FE490870032048701CB147
:2091800000208870C87004E0F820F94988700020C8700421F648FCF776F910BD10B5044650
:2091A0008320F3490870132048701CB100208870C87004E0F820EE4988700020C8700421A8
:2091C000EB48FCF760F910BD10B586B00446E9A207CA03AB07C3EAA207CA8DE807007820B9
:2091E000E349087020204870F4B19DF80C0088709DF80D00C8709DF80E0008719DF80F00FB
:2092000048719DF8100088719DF81100C8719DF8120008729DF8130048729DF814008872F2
:209220009DF81500C8721EE09DF80000D04988709DF80100C8709DF8020008719DF8030030
:2092400048719DF8040088719DF80500C8719DF8060008729DF8070048729DF808008872EE
:209260009DF80900C8720C21C148FCF70CF906B010BD10B586B00446C4A207CA03AB07C371
:20928000C5A207CA8DE807007820B94908703020487024B39DF80C0088709DF80D00C870B6
:2092A0009DF80E0008719DF80F0048719DF8100088719DF81100C8719DF8120008729DF802
:2092C000130048729DF8140088729DF81500C8729DF8160008739DF81700487324E09DF814
:2092E0000000A34988709DF80100C8709DF8020008719DF8030048719DF8040088719DF834
:209300000500C8719DF8060008729DF8070048729DF8080088729DF80900C8729DF80A0096
:2093200008739DF80B0048730E219148FCF7ABF806B010BD10B578208D4908702020487093
:209340008870C870087148718871C871087248728872C8720C218648FCF795F810BD10B504
:209360007820834908703020487020208870C870087148718871C871087248728872C872CD
:20938000087348730E217A48FCF77DF810BD7CB505460C4616467FA00068019080A00068A7
:2093A0000090042D00DB7CBD15B9032C00DBFAE7012D02D1072C00DBF5E7022D02D1072CFF
:2093C00000DBF0E7032D02D1042C00DBEBE745B1012D7DD0022D7CD0032D40F0208700F018
:2093E000C5BD24B1012C53D0022C73D1A6E075205F490870202048708870C8700871681CF4
:209400000A2190FBF1F0303059494871681C0A2190FBF1F201FB1200303055498871202098
:20942000C871087248728872601C0A2190FBF1F030304F49C872601C0A2190FBF1F201FB6F
:20944000120030304A490873202048738873C87366B99DF8040008749DF8050048749DF83C
:20946000060088749DF80700C8740CE09DF800003F4908749DF8010048749DF802008874A8
:209480009DF80300C87414213948FBF7FCFFC3E07520374908703020487020208870C870AD
:2094A0000871681C0A2190FBF1F0303030494871681C0A2190FBF1F201FB120030302C4986
:2094C00088712020C871087248728872601C02E0A5E0F8E29FE00A2190FBF1F0303024494C
:2094E000C872601C0A2190FBF1F201FB120030301F490873202048738873C87366B99DF8E7
:20950000040008749DF8050048749DF8060088749DF80700C8740CE09DF8000014490874AC
:209520009DF8010048749DF8020088749DF80300C87414210E48FBF7A6FF6DE075200C4919
:2095400008704020487020208870C8700871681C0A2190FBF1F0303005494871681C0A2161
:2095600090FBF1F201FB120030300149887119E080A50020C7FDB6AFB0E5D5FDB3A30000A8
:20958000C7FDB6AFB0E5B9CAD5CF0000B5F4BBF5BCECB2E2D5FDB3A3B5F4BBF5BCECB2E294
:2095A000B9CAD5CF2020C871087248728872601C0A2190FBF1F03030FE49C872601C0A2142
:2095C00090FBF1F201FB12003030FA490873202048738873C87366B99DF8040008749DF8F7
:2095E000050048749DF8060088749DF80700C8740CE09DF80000EF4908749DF801004874B4
:209600009DF8020088749DF80300C8741421E948FBF739FF00E000BF00BF00F001BE072C13
:209620007ED2DFE804F00456AAFDFCFBFA007520E04908705020487020208870C8700871E6
:20964000681C0A2190FBF1F03030DA494871681C0A2190FBF1F201FB12003030D549887111
:209660002020C871087248728872601C0A2190FBF1F03030CF49C872601C0A2190FBF1F269
:2096800001FB12003030CB490873202048738873C87366B99DF8040008749DF80500487412
:2096A0009DF8060088749DF80700C8740CE09DF80000C04908749DF8010048749DF802004C
:2096C00088749DF80300C8741421BA48FBF7DBFEF7E17520B7490870602048702020887063
:2096E000C8700871681C0A2190FBF1F03030B1494871681C0A2190FBF1F201FB1200303000
:20970000AC4988712020C871087248728872601C0A2190FBF1F03030A649C872601C00E0BC
:20972000CEE10A2190FBF1F201FB12003030A1490873202048738873C87366B99DF8040025
:2097400008749DF8050048749DF8060088749DF80700C8740CE09DF80000964908749DF857
:20976000010048749DF8020088749DF80300C87414219048FBF787FEA3E175208D490870DA
:209780007020487020208870C8700871681C0A2190FBF1F0303087494871681C0A2190FB5A
:2097A000F1F201FB12003030824988712020C871087248728872601C0A2190FBF1F030307A
:2097C0007C49C872601C0A2190FBF1F201FB1200303078490873202048738873C87366B97B
:2097E0009DF8040008749DF8050048749DF8060088749DF80700C8740CE09DF800006D4958
:2098000008749DF8010048749DF8020088749DF80300C8741421674803E0FFE0A8E055E0B0
:2098200002E0FBF730FE4CE17520624908708020487020208870C8700871681C0A2190FBC6
:20984000F1F030305B494871681C0A2190FBF1F201FB12003030574988712020C871087253
:2098600048728872601C0A2190FBF1F030305149C872601C0A2190FBF1F201FB120030306A
:209880004C490873202048738873C87366B99DF8040008749DF8050048749DF80600887466
:2098A0009DF80700C8740CE09DF80000414908749DF8010048749DF8020088749DF80300CC
:2098C000C87414213B48FBF7DEFDFAE07520394908709020487020208870C8700871681C89
:2098E0000A2190FBF1F0303032494871681C0A2190FBF1F201FB120030302E498871202002
:20990000C871087248728872601C0A2190FBF1F030302849C872601C0A2190FBF1F201FBB1
:209920001200303023490873202048738873C87366B99DF8040008749DF8050048749DF87E
:20994000060088749DF80700C8740CE09DF80000184908749DF8010048749DF802008874EA
:209960009DF80300C87414211248FBF78CFDA8E0752010490870A020487020208870C87033
:209980000871681C0A2190FBF1F0303009494871681C0A2190FBF1F201FB120030300549EF
:2099A00088712020C871087248728872601C0A2102E0000080A5002090FBF1F03030FE4926
:2099C000C872601C0A2190FBF1F201FB12003030F9490873202048738873C87366B99DF828
:2099E000040008749DF8050048749DF8060088749DF80700C8740CE09DF80000EE490874EE
:209A00009DF8010048749DF8020088749DF80300C8741421E848FBF736FD52E07520E6490D
:209A20000870B020487020208870C8700871681C0A2190FBF1F03030DF494871681C0A2132
:209A400090FBF1F201FB12003030DB4988712020C871087248728872601C0A2190FBF1F053
:209A60003030D549C872601C0A2190FBF1F201FB12003030D0490873202048738873C873E6
:209A800066B99DF8040008749DF8050048749DF8060088749DF80700C8740CE09DF800004C
:209AA000C54908749DF8010048749DF8020088749DF80300C8741421BF48FBF7E4FC00E075
:209AC00000BF00BFACE3072C7ED2DFE804F00456AAFDFCFBFA007520B7490870C0204870A4
:209AE00020208870C8700871681C0A2190FBF1F03030B1494871681C0A2190FBF1F201FB36
:209B000012003030AC4988712020C871087248728872601C0A2190FBF1F03030A649C872A2
:209B2000601C0A2190FBF1F201FB12003030A2490873202048738873C87366B99DF8040053
:209B400008749DF8050048749DF8060088749DF80700C8740CE09DF80000974908749DF852
:209B6000010048749DF8020088749DF80300C87414219148FBF787FCF6E175208E49087083
:209B8000D020487020208870C8700871681C0A2190FBF1F0303088494871681C0A2190FBF5
:209BA000F1F201FB12003030834988712020C871087248728872601C0A2190FBF1F0303075
:209BC0007D49C872601C00E0CDE10A2190FBF1F201FB120030307849087320204873887342
:209BE000C87366B99DF8040008749DF8050048749DF8060088749DF80700C8740CE09DF8B0
:209C000000006D4908749DF8010048749DF8020088749DF80300C87414216748FBF733FC54
:209C2000A2E1752064490870E020487020208870C8700871681C0A2190FBF1F030305E4924
:209C40004871681C0A2190FBF1F201FB12003030594988712020C871087248728872601C02
:209C60000A2190FBF1F030305349C872601C0A2190FBF1F201FB120030304F490873202041
:209C800048738873C87366B99DF8040008749DF8050048749DF8060088749DF80700C874DA
:209CA0000CE09DF80000444908749DF8010048749DF8020088749DF80300C87414213E48A6
:209CC00003E0FFE0ACE055E002E0FBF7DCFB4BE1752039490870F020487020208870C87063
:209CE0000871681C0A2190FBF1F0303032494871681C0A2190FBF1F201FB120030302E493A
:209D000088712020C871087248728872601C0A2190FBF1F030302849C872601C0A2190FB53
:209D2000F1F201FB1200303023490873202048738873C87366B99DF8040008749DF80500EC
:209D400048749DF8060088749DF80700C8740CE09DF80000184908749DF8010048749DF893
:209D6000020088749DF80300C87414211248FBF78AFBF9E0762010490870002048702020B3
:209D80008870C8700871681C0A2190FBF1F0303009494871681C0A2190FBF1F201FB120069
:209DA0003030054988712020C871087248728872601C0A2102E0000080A5002090FBF1F01B
:209DC0003030FE49C872601C0A2190FBF1F201FB12003030F9490873202048738873C87331
:209DE00066B99DF8040008749DF8050048749DF8060088749DF80700C8740CE09DF80000E9
:209E0000EE4908749DF8010048749DF8020088749DF80300C8741421E848FBF734FBA3E0CD
:209E20007620E64908701020487020208870C8700871681C0A2190FBF1F03030DF494871B8
:209E4000681C0A2190FBF1F201FB12003030DB4988712020C871087248728872601C0A210C
:209E600090FBF1F03030D549C872601C0A2190FBF1F201FB12003030D049087320204873AC
:209E80008873C87366B99DF8040008749DF8050048749DF8060088749DF80700C8740CE0A7
:209EA0009DF80000C54908749DF8010048749DF8020088749DF80300C8741421BF48FBF79C
:209EC000E2FA51E07620BD490870202048708870C8700871681C0A2190FBF1F03030B74945
:209EE0004871681C0A2190FBF1F201FB12003030B24988712020C871087248728872601C07
:209F00000A2190FBF1F03030AC49C872601C0A2190FBF1F201FB12003030A84908732020EC
:209F200048738873C87366B99DF8040008749DF8050048749DF8060088749DF80700C87437
:209F40000CE09DF800009D4908749DF8010048749DF8020088749DF80300C8741421974851
:209F6000FBF791FA00E000BF00BF59E134B1012C56D0022C7ED0032C7DD1F8E076208F4955
:209F800008703020487020208870C8700871681C0A2190FBF1F0303088494871681C0A21A4
:209FA00090FBF1F201FB12003030844988712020C871087248728872601C0A2190FBF1F045
:209FC00030307E49C872601C0A2190FBF1F201FB1200303079490873202048738873C8732F
:209FE00066B99DF8040008749DF8050048749DF8060088749DF80700C8740CE09DF80000E7
:20A000006E4908749DF8010048749DF8020088749DF80300C87414216848FBF734FAFCE073
:20A020007620664908704020487020208870C8700871681C0A2190FBF1F030305F49487186
:20A04000681C0A2190FBF1F201FB120030305B4988712020C871087248728872601C0A218A
:20A0600090FBF1F030305549C872601C0A2190FBF1F201E029E0CFE001FB120030304F4988
:20A080000873202048738873C87366B99DF8040008749DF8050048749DF8060088749DF85E
:20A0A0000700C8740CE09DF80000444908749DF8010048749DF8020088749DF80300C8741A
:20A0C00014213E48FBF7DFF9A7E076203B4908705020487020208870C8700871681C0A2122
:20A0E00090FBF1F0303035494871681C0A2190FBF1F201FB12003030304988712020C871E7
:20A10000087248728872601C0A2190FBF1F030302A49C872601C0A2190FBF1F201FB1200CE
:20A12000303026490873202048738873C87366B99DF8040008749DF8050048749DF806007F
:20A1400088749DF80700C8740CE09DF800001B4908749DF8010048749DF8020088749DF850
:20A160000300C87414211548FBF78DF955E07620124908706020487020208870C8700871D7
:20A18000681C0A2190FBF1F030300C494871681C0A2190FBF1F201FB120030300749887162
:20A1A0002020C871087248728872601C0A2190FBF1F030300149C872601C01E080A500205F
:20A1C0000A2190FBF1F201FB1200303016490873202048738873C87366B99DF80400087439
:20A1E0009DF8050048749DF8060088749DF80700C8740CE09DF800000B4908749DF80100B3
:20A2000048749DF8020088749DF80300C87414210548FBF738F900E000BF00BF00E000BF79
:20A2200000BF00BFFFF7BFB880A50020704770B5064600F0FDFB056806F10B0020F0070454
:20A24000B4429CBF002070BD2B466A68BAB11068A04210D304F1080188423CBF5068586042
:20A2600007D35168101941601168091B016058601460101D70BD13465268002AE7D12146A1
:20A28000284600F0E1FB0028DED170BD70B50446051F00F0CDFB0068002C14BF446870BDF5
:20A2A000002C18BFAC423CBF20466468F8D301680A18AA4218BF456003D12A6805461144BC
:20A2C000016028684119A1421CBF6C6070BD6168696021680844286070BD70B50D4606469C
:20A2E000041F00F0A5FBD0F800C0C5B1E6B105F10B0020F00703AB423CBF002070BD20683E
:20A30000984238BFDCF8042013D3C11A08292FD3E01840F8041B2360FFF7B8FF28E0304683
:20A32000FFF7B4FF002070BD2846BDE87040FFF77EBF002A18BFA2423CBF94465268F8D3F2
:20A340000119914216D111680844984212D3C11A08293CBF2060506808D35168E018416039
:20A36000216812681144C91A01602360CCF80400201D70BD181FFFF75AFF050007D02168A1
:20A380000A1F211D00F08CFA201DFFF77FFF284670BD10B5044600F043FB0068005DC006CC
:20A3A00002D504F1200010BD204610BD0FB41CB5084B06AA7B4469460090059800F0FBFD97
:20A3C00004460020694600F009FE20461CBC5DF814FB0000250C000070B5044685690068D5
:20A3E000C10601D5302600E02026C00707D070BDD4E9012130469047206A401C20626D1E5A
:20A40000F6D570BD70B5044685690078C00707D170BDD4E9012120209047206A401C206245
:20A420006D1EF6D570BD70B50C460546012A05D02878800600D5EA69002302E0012305E07B
:20A440005B1C934202D2E05C0028F9D1A869E618C01AA861286A184428622846FFF7BCFF25
:20A4600004E0D5E9012114F8010B9047B442F8D32846FFF7C7FF70BD2DE9F041064600245A
:20A4800010687529314616A510D0AFF30080002802DA404213A507E031688A0701D512A596
:20A4A00002E0490704D511A5012401E0AFF3008000210A2206F1240709E0B0FBF2FCB0FB17
:20A4C000F2F302FB1C00303078541846491C0028F3D123462A463046BDE8F04100F0FEBAD6
:20A4E000000000002D0000002B0000002000000070B504460D4621461068AFF30080218878
:20A50000090502D50F4A7A4402E00E4A7A440E32002104F1240305E000F00F060009965DE4
:20A520005E54491C0028F7D120780023000704D5702D02D009B1022311322046BDE870402D
:20A5400000F0CCBAAC3600002DE9F05F894604464FF0000ADFF824B1FB44C0F820A0204613
:20A56000E168884700287DD0252806D0D4E901219047206A401C2062F1E700255F46204605
:20A58000E16888472028064607DB312E05D2B81910F8200C08B10543F1E7A80701D525F07F
:20A5A0000405C4F81CA00027C4F818A02A2E09D0304602F032FB38B304EB8708303EC8F822
:20A5C000186019E059F8041B204604EB87029161E1688847012F064618D1E069002820DAE2
:20A5E00025F020051DE0D8F8180000EB800006EB40003038C8F818002046E1688847064696
:20A6000002F00BFB0028EED1012F0AD02E2E08D12046E16888477F1C0646022F45F020052C
:20A62000C4DBA069002803DA404245F00105A061E80701D025F01005A6B1A6F14100192855
:20A6400002D8203645F400654A463146204625604D46E7F7CBF960B1012807D0ED1D25F0D5
:20A66000070000E007E000F1080978E705F1040975E730467AE7206ABDE8F09F82360000FF
:20A680000FB400B58DB010A9099000910B904FF0FF300A9000200C900648784406900648D5
:20A6A00078446A4607900F9909A800F035FF0DB05DF814FB9B0E0000B30E000070B506461E
:20A6C00000F0BAF90468054630460A22002100F0A5FF2C6070BD30B505460B462A4613F814
:20A6E000014B12F8010B08B1A042F8D01CB1002802D06D1CF1E7284630BD40EA010302469C
:20A7000030B59B0710D14FF0013400E008C208C91D1B9D4315EAC41FF8D013F0FF0102F823
:20A72000011B0DD01B0AF8E711F8013B002B02F8013B05D011F8013B002B02F8013BF3D137
:20A7400030BD10B5431C02E010F8011B71B18107FAD14FF0013202C88C1A8C4314EAC211EB
:20A76000F9D0C01A0A0603D0C01E10BDC01A10BD0A0401D0801E10BD0902FCD0401E10BDB5
:20A7800040EA010370B59B072ED14FF00136042A2AD308C810C99D1B9D43121F15EAC615D8
:20A7A00017D0D8B2E1B2401A50EA056110D198B2A1B2401A50EA05410AD123F07F4024F082
:20A7C0007F41401A50EA052102D1180EA0EB146070BDA342DBD018BA21BA884201D90120D8
:20A7E00070BD4FF0FF3070BD0AB9002070BD10F8013B11F8014B63B1A3420AD1521E08D0CC
:20A8000010F8013B11F8014B1BB1A34201D1521EEDD1181B70BD032A40F2308010F0030C70
:20A8200000F0158011F8013BBCF1020F624498BF11F801CB00F8013B38BF11F8013BA2F1BB
:20A84000040298BF00F801CB38BF00F8013B11F0030300F02580083AC0F0088051F8043B0E
:20A86000083A51F804CBA0E80810F5E7121D5CBF51F8043B40F8043BAFF30080D20724BFDB
:20A8800011F8013B11F801CB48BF11F8012B24BF00F8013B00F801CB48BF00F8012B7047A5
:20A8A00010B5203AC0F00B80B1E81850203AA0E81850B1E81850A0E81850BFF4F5AF5FEA62
:20A8C000027C24BFB1E81850A0E8185044BF18C918C0BDE810405FEA827C24BF51F8043BC3
:20A8E00040F8043B08BF7047D20728BF31F8023B48BF11F8012B28BF20F8023B48BF00F8C6
:20A90000012B70474FF000020429C0F0128010F0030C00F01B80CCF1040CBCF1020F18BFA8
:20A9200000F8012BA8BF20F8022BA1EB0C0100F00DB85FEAC17C24BF00F8012B00F8012B48
:20A9400048BF00F8012B70474FF0000200B5134694469646203922BFA0E80C50A0E80C500E
:20A96000B1F12001BFF4F7AF090728BFA0E80C5048BF0CC05DF804EB890028BF40F8042BF2
:20A9800008BF704748BF20F8022B11F0804F18BF00F8012B704700004FF0013C50F8042B78
:20A9A00051F8043B9A4221D1A2EB0C03934313EACC1317D150F8042B51F8043B9A4215D14A
:20A9C000A2EB0C03934313EACC130BD150F8042B51F8043B9A4209D1A2EB0C03934313EA29
:20A9E000CC13DBD04FF00000704700BFD01A01BAB1FA81F101F0180122FA01F0CB40C1F182
:20AA00002001DBB2C0B2C01A2CFA01F3D11A914311EAC311E6D1704770477047704770474A
:20AA200010B500F037FE001D10BD00BFE52200000048704788A600200048704780A60020EA
:20AA4000704770477047704738B504460A4600206946AFF30080002808BF38BD02460099DD
:20AA6000204600F01BFE012038BD012001F03AB9F8B5AFF30080054600200C46102000BFD1
:20AA80000646A819A0420DD9324669460020AFF30080070008BF01F025F90098A04218BF4A
:20AAA0000546C419FFF7C4FF05600746F01D20F007004619284600F00AF8B44208BFF8BDAE
:20AAC000A21B31463868BDE8F84000F0E7BD00210160C0E901107047102070472DE9F0470A
:20AAE0000D4699469246044600F124080168880604D5E06921F01001216000E00120A8423E
:20AB000001DD471B00E00027A1697A1902EB0900081AA0612078C00602D42046FFF75CFC50
:20AB2000002608E0D4E901211AF806009047206A401C761C20624E45F4DB2078C0060AD5A0
:20AB40002046FFF749FC06E0D4E9012130209047206A401C2062381EA7F10107F4DC07E053
:20AB6000D4E9012118F805009047206A401C2062281EA5F10105F3DC2046FFF743FC2078BE
:20AB8000000602D50220BDE8F0870120FBE770472DE9FF4F0C461E464FF0FF378BB0D2E95B
:20ABA0000001DDF860800A908A46C1F30A5505B93D46002108464FF00000BAF1000F00F4C5
:20ABC000400005DA00EB80004FF4400101EA50004FEA9059B9F1010F00DDB9460A9850EA98
:20ABE0004A000ED044F61050A5F2FF3545432F14B8F1000F1ED07542291E1EDDC9F10002A2
:20AC00001CE0B8F1010F4FF0000001D0302103E0F24305E02154401CB042FBDB30460022F0
:20AC2000002121540B99C1F80880C1E900200FB0BDE8F08FBD1B6D1CDEE74A4600DA6942B1
:20AC400006A800F0DDFF06AB93E8070003AB83E8070050460A9901F017FB8DE80700A0F5DA
:20AC600000501F3800900398002D0ADD42F21F014A460844002303A90390684601F0C2FDFE
:20AC800009E0A0F500504A461F38002303A90390684601F0E1FD8DE807000004000C03D0C1
:20ACA0004FF0FF30410800E01046B8F1000F03D00022009215461EE0751E05D400F008FDAE
:20ACC000303262556D1EF9D5B3460122084302D000227F1C04E02078302801D100227F1EA7
:20ACE000002A099784D01DE0112D07DA00F0F0FC303262556D1C50EA0102F5D1084302D07C
:20AD00000098C8B10EE00021681E05E0235C625C63542254401E491C8142F7DBAB46A81B32
:20AD2000401E0990002004F80B000B98099AC0F80880C0E9002B7AE711264FF0000857E77E
:20AD40002DE9F04F88460446D21D22F0070191B0D1E90001CDE90A0101F0CAFE02460B981C
:20AD6000C00F01D02D2007E02068810701D52B2002E0202101EAC000032A099001D0072A38
:20AD800005DB03464146204600F0F0FC0BE12078800601D5E06900E00620B8F1650F8146AE
:20ADA00006D0B8F1660F18D0B8F1670F70D131E00020B9F1110F009001DB112301E009F1E1
:20ADC00001030AAA01A90CA8FFF7E2FEDDE90C70002609F10105834647E001204B460090ED
:20ADE0004FF000470AAA01A90CA8FFF7D1FEDDE90DB00C995D46002610B909F101000D181C
:20AE0000B9EB050003D4C0F1FF3609F10105A5EB09002BE0B9F1010F01DA4FF0010900202A
:20AE2000B9F1110F0090484601DD112300E003460AAA01A90CA8FFF7ABFEDDE90C704D4669
:20AE400000268346207800070AD4AB4500DA5D4601A8012D04DD411911F8011C302907D0B1
:20AE60004F4502DA17F1040F04DA012082460FE06D1EEEE7002F02DCED1B3E4403E0781C23
:20AE8000A84200DD7D1CB81B00F1010A4FF000472078000703D4AA4501DB4FF0FF3A002123
:20AEA000B7F1004F0DF143088DF8431024D002202B23002F01DA7F422D230A21021EA0F11F
:20AEC000010000DC5FB197FBF1FC97FBF1F201FB1C7C17460CF1300C08F801CDEEE7A8F12B
:20AEE000010003702188090501D5452100E06521A0F1010800F8011C09980FA9A1EB0807E2
:20AF0000FF1D00B10120411901EBEA70A1693844081A401EA0612078C00602D42046FFF70C
:20AF20005BFA099828B1D4E901219047206A401C20622078C00622D52046FFF74DFA1EE02E
:20AF4000002E04DBB34502DD01A8805D00E03020D4E901219047206A401C2062761CAAF10C
:20AF600001005FEA000A0AD100F094FBC0680168405CD4E901219047206A401C2062281E92
:20AF8000A5F10105DCDC07E0D4E9012118F8010B9047206A401C2062381EA7F10107F3DC77
:20AFA0002046FFF72FFA032011B041E601694A1C02610878704700B58FB0CDE9013100219A
:20AFC000059105497944CDE9031011466846FFF7BBFA0FB000BD0000E5FFFFFF0A6802F88D
:20AFE000010B0A60704710B5436913B1AFF3008001E0FFF718FA012010BD127800F1240156
:20B000000A7000224A700122EDE711684FF0FF32E9E700002DE9FF4F06468BB00878FF2898
:20B0200006D0491C2D2805D000244FF0000908E000200CE00124F8E709EB8903491C00EB77
:20B0400043090878FF28F7D114B1C9F100008146107800252C46AA4629462D2801D02B28F8
:20B0600004D1521C2D2813D0002082468B461078FF280FD04FF0000C0A21521CA5FB017811
:20B0800004FB018105FB0C11C5194BEB0104EEE70120EAE7002108464FF00000BAF1000FCA
:20B0A00002D000EB80004008C0F38157012F01DD4FF0FF370E9955EA040009EB01080BD03B
:20B0C0004FF0020918F5FA7F16DA4FEACA70002F706008DD012007E04FEACA70C6E900B07F
:20B0E0000FB0BDE8F08F00203060FFF7A5FCC0F800901821084616E0B8F5FA7F18DD002F17
:20B1000002DAF748784401E0F6487844D0E90010C6E9001040EACA707060FFF78DFCC0F88A
:20B120000090142108460FB0BDE8F04F02F051BC002108464FF00000B8F10001099002DA8D
:20B14000C7F1000200E03A4601DAC8F1000106A800F056FD06AB93E8070003AB83E80700FC
:20B1600044F23E005BEA04010090584604D144F21E012C465D460091210C0904014306D1BE
:20B180000099240444EA15442D041039009104F07F41014306D10099240244EA15642D02F8
:20B1A0000839009104F07041014306D10099240144EA15742D01091F009104F040410143E8
:20B1C00006D10099A40044EA9574AD00891E009104F00041084304D100986D196441401EC9
:20B1E00000904FF001033A466846B8F1000FCDE9014503A902DD01F044FB01E001F017FBFB
:20B20000BAF1000F04460D4601D084F00044002108464FF00000099940F2FF77484010F0CE
:20B220000C0F07D124F00040284303D0C4F30A50B84212D1FFF700FCC0F80090C4F30A5050
:20B24000B8420AD1A8487844D0E90010C6E9001004F000410843706042E7C6E900543FE743
:20B260002DE9FF4F1F464FF0000A4FF0FF38454691B0D7E90146CDF83CA000F00BFAC068B5
:20B280000168405C1090B96912986D1C8847396A814688470028F6D1B9F1FF3F0AD0002ECD
:20B2A00024F4D06411DDB9F12B0F08D0B9F12D0F0BD102E0404615B013E744F48064B96971
:20B2C00012986D1C8847761E8146600504A901D52D2000E02B20002E01F1010B0DF130084F
:20B2E0008DF810003FDDB9F1690F08D0B9F1490F05D0B9F16E0F02D0B9F14E0F1CD13B465E
:20B3000001A8009580E85002DDE912126FF0020002F0C8FBC11CCED10EE0B96912986D1C76
:20B32000884781461398761E44F4007405600F98401C002E0F9016DDB9F1300FEDD0B9F114
:20B34000780F02D0B9F1580F0DD10F9801280AD13B46CDE90054DDE91212001F029602F0DC
:20B360009FFBC11CA7D1109989453ED144F0800406E01399681CAAF1010A44F400740860D0
:20B38000B9696D1C1298761E884730288146F0D02BE01099894505D1200603D4761E44F0F9
:20B3A000800418E0484601F038FC08B3761E0DF123018B4544F4007408D2A9F130000BF8CA
:20B3C000010B200607D5AAF1010003E0200602D40AF101008246A00502D51399681C08600C
:20B3E000B96912986D1C88478146002ED1DC53E0002E51DDB9F1650F02D0B9F1450F4BD1EE
:20B40000A00549D5B9696D1C1298761E24F440748847002E81460CDD2B2804D0B9F12D0FFA
:20B4200007D144F48074B96912986D1C8847761E8146E00501D52D2100E02B2108F8011B38
:20B44000CDF8008021E0761E0DF13901884544F400740CD2A9F1300010F0FF0088F800003A
:20B4600002D10099884509D908F1010806E0E00501D51E4801E042F20F708246B969129880
:20B480006D1C8847814613980560002E04DD484601F0C3FB0028D6D1F96912988847FF2068
:20B4A00053468BF8000088F8000000200A900B9004AA0CA90AA8FFF7ADFDA00502D46FF00C
:20B4C0000100F8E614F0240F12D0E0071CD13868DDE90A12031D3B600068C0E9001213E04D
:20B4E000FC2C0000EE2C0000B22B0000F1D8FFFF0AA9684601F020FBE00705D13868009A02
:20B50000011D3960006802602846D4E6026811441378016018467047D160054979445161D4
:20B5200004497944116200211161114600F05EB9EDFFFFFF35020000426842B1016811F86D
:20B54000013B23B1521EC0E90012184670470121C160881E704742685AB1C368016843B9B6
:20B5600083688B4205D0491E521CC0E90012002070474FF0FF3070470FB4002300B589B0DE
:20B580000CA900910B99CB60214B7B440693214B7B44079304236FF00042CDE901321E4AF4
:20B5A0007A446B4608920246002002F077FA09B05DF814FB70B506464FF0FF3015460C460E
:20B5C000324686B00091CDE9010169460020049004A8FFF7D1FF02460498211825B108B1F3
:20B5E000084600E020462860049800280DD0002A02DD0098884208D03246081B694600946D
:20B60000CDE9010404A8FFF7B7FF06B070BD0000ABFFFFFFC3FFFFFFB70100002DE9F047C7
:20B6200091460F4680460446002614F8015B2DB1FFF7F6F90068405DC007F6D12B2D02D0C0
:20B640002D2D18D0641E4A463946204600F088FA27B13968A14201D1C7F800804FF002048D
:20B6600071050BD54042002803DDFFF7E5F90460A007BDE8F08746F48066E4E70028F8DA0A
:20B68000FFF7DAF904606FF00040F2E70048704780A6002000487047A0A60020034640686A
:20B6A0008C46002818BF88423CBF03464068F8D318681844884207D00CF1030020F00700A4
:20B6C000001D411A521A0146081D0A60FEF7DEBD30B5B0F10A024FEA900E71F100034EEA1A
:20B6E000817EB0EB0E0061EB91014FEA101E4EEA017E10EB0E0041EB11114FEA102E4EEAA0
:20B70000016E10EB0E0041EB11214FEA104E4EEA014E10EB0E0041EB1141401841F1000123
:20B720004FEAD00040EA41704FEAD10110EB80054FEA810444EA907444EB01046D1944EBC1
:20B740000404521BA3414FF0000348BF0A3200D530BD401C41F1000130BD10B50446FFF7C8
:20B760005FF90068005D00F0010010BD2DE9F0411F46044603260168072A01F4006004DB01
:20B7800008B116A505E016A503E008B115A500E015A521F010002060A069C01EA0610FB15C
:20B7A000401EA0612046FEF717FE4FB1D4E9012138469047206A401C2062C01C206206E0DA
:20B7C000206AFAE7D4E9012115F8010B9047761EF8D22046FEF716FEBDE8F0814E414E006F
:20B7E0006E616E00494E4600696E66002DE9F34F4FF0000A0C4656468DB001200C9001F177
:20B800000C000B9062690B9801219047051E2DD0252D2CD0216A8847C0B162690B98012151
:20B820009047216A88470028F7D16269411E0B98904700E0761CA1690D988847216A8847F9
:20B840000028F7D1E1690D988847DBE7A1690D988847A842074601D1761CD3E7E1690D98B6
:20B8600088477F1C02D1BAF1000F6FD06CE162690B9800273D46394690472A2804D16269E5
:20B880000B98012190470125DFF8D08262690B9801219047A0F130010A290AD24745E5DC38
:20B8A00007EB870100EB4107303FDFD445F01005ECE7E90601D46FF000476C280AD04C2850
:20B8C00014D0682815D06A280DD074281CD07A281AD01DE062690B98012190476C2802D0C2
:20B8E00045F0040514E045F002050DE045F020050AE062690B9801219047682802D045F0AB
:20B90000080505E045F4006562690B9801219047C4E9015765283DD019DC58287AD00CDCEA
:20B92000452837D004DC252826D041289ED131E046282FD0472899D12CE05B2877D06128E2
:20B9400028D063287CD0642823D15AE0F7E06F2848D008DC66281DD067281BD0692821D07D
:20B960006E2816D127E0702845D0732868D0752847D078280DD14DE0A1690D988847252899
:20B9800005463FF469AFE1690D9888476D1C3FF46AAFD9E00D9923466A466FF0010002F0B4
:20B9A0007DF8C6E045F0400023464FF000026060A80736D43EE0E8077FF447AF2068011DB8
:20B9C00021600068290501D506701BE7290701D5068017E7A90703D5F117C0E9006111E7E6
:20B9E00006600FE745F0400023464FF008026060A80716D41EE040F60E0125EA0100606058
:20BA000016E045F0400023464FF00A026060A80707D40FE045F040006060A80708D52346A4
:20BA200010220D996FF00100AFF3008081E007E0102223460D996FF00100AFF3008078E049
:20BA40004FF0000963284F46C8464B46CB4602D05B2807D039E02079C00601D40120A06034
:20BA6000012732E06269D4F80CB00B98012190475E2807D14FF0010949466269D4F80CB014
:20BA80000B989047216939B900210A4603AB43F82120491C0829FADBD8B3216949B308F1A0
:20BAA000010862690B98012190475D28F4D1B9F1000F09D0002003A951F82020D24341F897
:20BAC0002020401C0828F7DB03AB2069002820794FEA40701ED05B462246CDF80080CDE9F5
:20BAE00001970D9900286FF0010020DAAFF300801FE0C11703AA00EBD1614B1121F01F0136
:20BB000002EB8302411A13680120884003431360C7E719E00D99224600286FF00100009767
:20BB200002DAAFF3008004E0AFF3008001E0AFF3008000280ADA401C06D10C9820B14FF00B
:20BB4000FF300FB0BDE8F08F5046FAE7E90701D10AF1010A064400200C9053E6CCCCCC0CE5
:20BB60002DE9F05F824615468B4600270AF10104B9460078302801D09DB113E014F8010B4C
:20BB80000127782803D0582801D045B10AE00DB1102D07D1002714F8010B102502E0082583
:20BBA00000E00A250026B0460EE005FB080005FB06F101271FFA80F801EB1046B6F5803F08
:20BBC00000D3B94614F8010B294600F0C2F80028EBDABBF1000F05D00FB1641E00E0544629
:20BBE000CBF80040B9F1000F06D0FEF725FF02210160C81EBDE8F09F48EA0640FAE70000A3
:20BC00002DE9F047814616468AB0354878440DC88DE80D0032487844801C03AC0DC884E828
:20BC20000D0041F69B300844372190FBF1F290FBF1F5A5F1800501FB12041B3C02D5644271
:20BC4000012000E00020DFF898A080460027FA44AAF1BE0A0EE0E0070AD03246684607EB5F
:20BC6000470101230AEB810100F0F6FD8DE8070064107F1C002CEED1194F7F44AE3F19E077
:20BC8000E80715D007EB04100DF1180A90E80E008AE80E00C068F04201D1981908903246B7
:20BCA000012306A903A800F0D7FD03AB83E807006D10641C002DE3D14FF0010332466946DA
:20BCC000B8F1000F03A802D000F09CFD01E000F0C3FDC9E90001C9F808200AB0BDE8F087A3
:20BCE0005C20000010B500F07BFABDE8104000F072BA7546FFF7CAFCAE46050069465346D5
:20BD000020F00700854618B020B5E5F7C3FFBDE820404FF000064FF000074FF000084FF0F0
:20BD2000000B21F00701AC46ACE8C009ACE8C009ACE8C009ACE8C0098D46704710B5FEF735
:20BD40007BFE006810BD10B50446FEF775FE046010BD3A2800D2303820F02002412A01D380
:20BD6000A2F13700884201D34FF0FF30704700002DE9FF4F1F464FF03C0987B04FF0004231
:20BD8000DDE9141001F10108DDF858A002EA40500390002005908346054604460490B96919
:20BDA000461E08988847AAF1010A0290BAF1000F3BDD02982E2815D01021FFF7CAFF0028B9
:20BDC0002EDB4FF0010B0599014317D0B9F1000F0BDB4A46C11700F02BFA05430C43A9F1F9
:20BDE000040905E0012004900BE008B145F0010501200590049820B9361D02E0049800B110
:20BE0000361FB969089808F101088847BBF1000FAAF1010A0290C9D00999C1F80080C5E727
:20BE20000298702808D0502806D0F96908988847BBF1000F14D04FE0002002900120BBF18C
:20BE4000000F049009D0B969089808F101088847AAF10109B9F1000F07DCF96908988847C1
:20BE60006FF001000BB0BDE8F08F2B2804D02D280CD14FF0FF300490B969089808F1010864
:20BE80008847A9F10109B9F1000FE6DD411CE4D00A21FFF75EFF0028DFDB029908F10108A5
:20BEA00001EB810100EB41000290B969089888470A21FFF74EFF099AA9F10109B9F1000F57
:20BEC000C2F8008001DD0028E7DAF969089888470499029800FB016655EA040004D004F0EC
:20BEE0004041090002D006E0039898E0A40044EA9574AD00B61E04F00041080002D16D19FB
:20BF00006441761E159810F0240F03D04FF00B095C4803E04FF028096FF07D0082465645AC
:20BF200007DAAAEB06018944B9F1410F01DD4FF0410901200021A9F1010200F079F90246CD
:20BF400028400B462140084301D0012100E00021501E029143F1FF3128402140084301D03E
:20BF6000012000E000200299834651EA0B014FD0002108464FF00000039900F4400039B16E
:20BF800000EB80004FF4400100EBD07001EA60008015012802DD4FF0FF3000E013D0401C12
:20BFA00036D0029860B3BBF1000F0CD14A460120002100F03DF928402140084301D0012038
:20BFC00000E00020E0B101204A46002100F030F9034640190A4661412D1A8C4111D3B9F1AF
:20BFE000400F09DD159810F0240F02D0AAF1340603E0AAF1170600E0761C00254FF00044D0
:20C0000006E05B1E42F1FF3220EA030521EA0204CAF10100B04206DA1B49039808430190D1
:20C02000002000900EE0039AC4F3D321E80A0A43164940EA44500A433146CDE90002684694
:20C0400000F0E0FD159810F0240F0BD01598C00715D13868DDE90012031D3B600068C0E9BA
:20C0600000120CE002A8694600F066FD1598C00705D13868029A011D396000680260404689
:20C08000F0E6000002FCFFFF0000F07F0000F03F2DE9FF4F92461D4685B04FF00041DDE916
:20C0A000124BDDE914727F1E01EA4B50414940F0FF4940EA0108002122F020004928049126
:20C0C00002D04E2828D04CE03BA0012607C88DE80700A9690698641C88477F1E014606D4EA
:20C0E0001DF8060018B121F0200181420BD0E96906988847032E34D0082E32D06FF0010000
:20C1000009B0BDE8F08F761C032E01D0082EE0D1601CCAF80000DCE7A9690698641C8847C7
:20C120007F1E2AD420F02000412826D1A9690698641C88477F1E20D420F020004E281CD1B1
:20C14000A9690698641C88477F1E48F4002849F48009CAF8004001D4282806D0E96906982C
:20C1600088475FEACB7012D022E0A9690698641C88477F1E01D4002803DAE9690698884753
:20C18000BCE72928F1D1641CCAF80040E9E71BF0240F07D028680499031D2B600068C0E999
:20C1A000001805E02868021D2A600068C0F800902046A5E70000F07F494E46494E495459CE
:20C1C0000000000010B50446AFF300802046BDE81040E5F73BBC002801D0E8F7EBBE7047C8
:20C1E00010B5012805D0002103A000F034F8012010BD09A1F8E7000053494752544D454DBD
:20C200003A204F7574206F662068656170206D656D6F7279000000003A2048656170206DBB
:20C22000656D6F727920636F7272757074656400B2F120030AD5C2F1200301FA02F120FA57
:20C2400003F300FA02F041EA0301704700FA03F14FF00000704770B505460C460A2000E066
:20C260006D1CE8F7AAFE35B128780028F8D102E0641CE8F7A2FE14B120780028F8D1BDE863
:20C2800070400A20E8F799BE5FEA400C08BF91F0000F4FEA8C234FEAC12243EA51514FEA96
:20C2A0001C5018BF00F5F0404FEA300018BF41F000415FEA6C5C00F02980BCF1FF3F08BF08
:20C2C00040F080407047130C06BF12044FF0100C4FF0000C130E04BF12020CF1080C130FEC
:20C2E00004BF12010CF1040C930F04BF92000CF1020CD30F04BF52000CF1010C11464FF0C2
:20C300000002A0F11F00A0EB0C00704711F0004F08BF704731F000413FF4D5AF0B0C06BF5A
:20C3200009044FF0100C4FF0000C0B0E04BF09020CF1080C0B0F04BF09010CF1040C8B0FC4
:20C3400004BF89000CF1020CCB0F04BF49000CF1010CCCF12003A0EB0C0022FA03F302FA11
:20C360000CF241EA030100F10100704720F07F4C80EA030023F07F47ACEB070303F57C535E
:20C3800000F0004003F1FF032DE980494FEA154B09B44FEA144325EA0B4E24EA03480FF2F0
:20C3A000042606EB132749083E785FEA320203FB0667C7F5000707FB06F64FEA54374FEA7B
:20C3C000D64606F1020607FB066CCCF1005C4FEA1C472CEA074C07FB06F40CFB06F504EBC3
:20C3E00015464FEA961634BF00204FF000404FEAD13706FB07FC4FEA1C4C0CFB0BF7D21B8F
:20C4000003FB0CF761EB07010CFB0EF7B0EB074072EB17420CFB08F734BFA2EB0742B2EBB7
:20C42000074261EB17414FEA0C444FEA910706FB07FC4FEA1C4C0CFB0BF7B0EBC74072EB08
:20C44000573203FB0CF734BFA2EBC742B2EBC74261EB57310CFB0EF7B0EBC70072EB5772BB
:20C460000CFB08F734BFA2EBC702B2EBC70261EB5771039F4FEA816141EA921104EBCC04A9
:20C480004FEAD1374FEA826206FB07FC42EA90124FEA80604FEA1C4C0CFB0BF7D21B03FBBE
:20C4A0000CF761EB07010CFB0EF7B0EB074072EB17420CFB08F734BFA2EB0742B2EB0742CC
:20C4C00061EB17414FEA8C554FEA910704EB9C2406FB07FC4FEA1C4C0CFB0BF7B0EBC740CE
:20C4E00072EB573203FB0CF734BFA2EBC742B2EBC74261EB57310CFB0EF7B0EBC70072EB87
:20C5000057720CFB08F734BFA2EBC702B2EBC70261EB577115EB4C254FEA816141EA92112F
:20C520004FEA82624FEAD13742EA901206FB07FC44F100044FEA80604FEA1C4C0CFB0BF7CF
:20C54000D21B03FB0CF761EB07010CFB0EF7B0EB074072EB17420CFB08F734BFA2EB074226
:20C56000B2EB074261EB174115EB1C154FEA813141EA92414FEA823242EA90424FEA803043
:20C580004FEA0C7644F1000448EA03434EEA0B484FF0000EB2EB080C71EB030724BF6246B5
:20C5A00039464EEB0E0E4FF0000B0018524149414BEB0B0BB2EB080C71EB03077BF1000B4E
:20C5C00024BF624639464EEB0E0E4FF0000B0018524149414BEB0B0BB2EB080C71EB03071A
:20C5E0007BF1000B24BF624639464EEB0E0E51EA020718BF46F0010616EB0E7655F1000240
:20C6000054F1000103D5BDE88901BDE80088BDE88901BDE80048B619524141EB0101A3F160
:20C620000103704780807F7E7D7C7B7A7978777676757473727171706F6E6E6D6C6C6B6A7B
:20C640006A696868676666656464636362616160605F5F5E5E5D5D5C5C5B5B5A5A595958CD
:20C6600058575756565555555454535352525251515050504F4F4F4E4E4D4D4D4C4C4C4B94
:20C680004B4B4A4A4A494949484848474747474646464545454444444443434343424242D4
:20C6A0004241414146EA0646A3F570534FEA164646EA42564FEAD22242EA415210B54FEA57
:20C6C000D121A3F1010300F02FF820F0004000F1020C00F0004701EB00501146BCF5006F80
:20C6E00040EA070000D210BDBAF1000F0AD01CB503B44FF004004FF004014FF000000FBCBD
:20C70000BDE810404FF00001BBF1010FB9BF04484FF0FF310348002140EA070010BD00BFCC
:20C72000FFFFEF7F0000F07F002B9C4630D477002BD01CB54FEA370703B44FF010004FF00E
:20C740001001BAF1000F06D0BCF1000FDCBF40F0080040F008014FF000000FBCBDE8104071
:20C760000BF1010BBBF1010F08BF5FEA170722BF12F1010211F101014FF0004143F1000325
:20C7800000F0004043EA00007047F9D35708D0E746EA064613F1400F4FEA16461FDD13F13F
:20C7A000200FDFBF16430A46002120335B42BED0C3F1200746EA064602FA07F74FEA16467E
:20C7C00046EA0706C3F1200722FA03F201FA07F721FA03F14FF0000342EA0702A7E746EAF3
:20C7E000020646EA06464FEA164646EA0106BCBF46EA0646360C4FF000034FF000024FF0EE
:20C80000000194E72DE9804C9A46934670B491E8380007C831EA400C48BF34EA430C03D5AA
:20C82000FFF7A4FDFFF780FFF0BCBDE8008C2DE9804C9A46934670B491E8380007C831EAB5
:20C84000400C48BF34EA430C03D5FFF78FFDFFF729FFF0BCBDE8008C2DE9804C9A46934628
:20C8600070B491E8380007C810F0804F08BF13F0804F03D100F01AF8FFF756FFF0BCBDE83A
:20C88000008C2DE9804C9A46934670B491E8380007C810F0804F08BF13F0804F03D100F0A1
:20C8A00005F8FFF7FFFEF0BCBDE8008C20F07F4780EA030023F07F4C07EB0C03A3F57C5322
:20C8C00000F00040A3F1FE0392F0000F00F0B38095F0000F00F077802DE901494FEA11407A
:20C8E0004FEA144621EA004800FB06FC24EA064708FB06F607FB08F800FB07F718EB0648AF
:20C900004CEB164C4FEA124B18EB07484FEA15464CEB174022EA0B4E0BFB06FC25EA0647AB
:20C920000EFB06F607FB0EFE0BFB07F71EEB064E4CEB164C4FF000061EEB074E4CEB174BAE
:20C9400018EB0B0840F1000018EB0E0B58EB000840F100008F1A4FF000013CBFC943661B87
:20C9600014BFB5EB040C00213CBFC943F61B4FEA17444EEA8E0E27EA04454FEA1C4704FB9E
:20C9800007622CEA074C05FB07F70CFB05F604FB0CFC16EB074642EB174216EB0C4642EB6A
:20C9A0001C421BEB060658EB0202414146EA9E0601D5BDE80189B619524141EB0101A3F141
:20C9C0000103BDE801894FEA14454FEA114724EA054621EA074C05FB07F406FB07F70CFB49
:20C9E00006F105FB0CFC11EB074144EB17444FEA124711EB0C4144EB1C4422EA074C05FBA1
:20CA000007F206FB07F70CFB06F605FB0CFC16EB074642EB174216EB0C4642EB1C456A18DC
:20CA200054F1000148BF7047B619524141EB0101A3F10103704795F0000F37D04FEA1142EC
:20CA40004FEA144721EA024624EA074C02FB07F106FB07F70CFB06F402FB0CFC14EB07444A
:20CA600041EB17414FEA154714EB0C4441EB1C4125EA074C02FB07F506FB07F70CFB06F668
:20CA800002FB0CFC16EB074645EB174516EB0C4645EB1C42121951F1000148BF7047B619DB
:20CAA000524141EB0101A3F1010370474FEA14454FEA114724EA054621EA074C05FB07F194
:20CAC00006FB07F70CFB06F24FF0000605FB0CFC12EB074241EB174112EB0C4251EB1C415D
:20CAE00048BF7047921841EB0101A3F101037047490050EAC12018BF04204A0D18BF40F094
:20CB0000010040F2FF72B2EB515F08BF40F00200012808BF0520704740F2013200204FF09B
:20CB2000E04100F08DBF0000024A0020110700F087BF000001FDFFFF10B50446D1E9000118
:20CB400000F002F8206010BDF8B504460D466A4600F06AF800987E30009000281EDC002238
:20CB600013462046294600F09DFA17D0002140F608004FF0000006462046294600F0F4F87E
:20CB8000044640F6080006EA00014FF0000034F0004004BF0220FFF7D6F829E00098FF2808
:20CBA00028DB002108464FF0000000F44006002213462046294600F073FC8CBF0025012545
:20CBC0000220FFF7C0F84FF0FF4446B1002D0CBF4FF400004FF48000B04218BF084C0421CC
:20CBE00008464FF00000002D04BF84F00040F8BD2046F8BD20462946BDE8F84000F0B4B826
:20CC0000FFFF7F7F10B504460A46D4E90003194600F036F8C4E9000110BD30380A2801D294
:20CC2000012070470020704710B5144600222260114A21F000439342A8BF10BD53EA00028B
:20CC400008BF10BDB3F5801FA8BF226807DA362200F0F6FE6FF0350221F000432260DFF8A8
:20CC60001CC06FF31E510CEB23531A4441F0FF5141F00051226010BD0000F07F02FCFFFF7F
:20CC80002DE9F04106460C4640F2FF75174635EA14502BD000221346304600F003FA25D05B
:20CCA0003A463046214600F0CBFE06460C4635EA145010D000221346304600F0F3F915D1AA
:20CCC0000220FFF740F8FFF72FFF0A46214662F31E01BDE8F0810220FFF735F8FFF71CFF49
:20CCE0000A46214662F31E01BDE8F08130462146BDE8F08100B583B00A460021CDE90011E0
:20CD000001466846FEF756FCDDE9000103B000BD10B500290AD00878002807D00548784450
:20CD2000FDF73AFE002801D0002010BD0248784410BD0000EE100000E610000010B500292C
:20CD40000AD00878002807D005487844FDF724FE002801D0002010BD0248784410BD0000A2
:20CD6000D2110000CA11000021F00042A2F16052B2F5801F01F0004328BFD2F17F6C0BD96A
:20CD80005FEA001C43EAC20242EB507018BF704728BF20F001007047B2F5801FBCBF1846F4
:20CDA00070474FEA410C1CF5001F02D2084600F0DABD70B500F020FB00000089FFF7F6BFF9
:20CDC0004FF00040A0F580007047000002494FF0000000F003BE00BF0000F87F491058BF27
:20CDE000C1F140415B1058BFC3F140438B42EFF3008070472DE9C04130B4DFF8A0C23CEA07
:20CE0000111418BF3CEA131400F0EC8081EA03051CEA111444EAD57418BF1CEA131500F063
:20CE2000C780A4EB05044FF0004545EAC12145EAC32341EA505143EA525304F17F74994208
:20CE400004F500344FEAC0204FEAC22208BF904200F09C804FEA13650FF24016765D4FEAB6
:20CE6000134506FB05F7C7F1807706FB07F74FEAD737A7FB03687642C8F58038A7FB06CEB8
:20CE800038BFA8F1010807FB08E64FF0000EA6FB028CE6FB03CEDCF1000CCEF1004E38BFFE
:20CEA000AEF1010EA6FB0C584FF000074FF00005E6FB0E87A1FB08C6A0FB07CE16EB0E06D0
:20CEC00045F10005E1FB076515F1E04E7EBFA4F580345FEA46066D4116F1800745F1000505
:20CEE0004FEA17274FEA066647EA0567A6F1DE46B6F1805F4FEA15251FD9384624F0010C2E
:20CF000005EBC471BCF1FE6F01EB0C1102D8F0BCBDE8008124425CBF01F5801E9EEAC47F3D
:20CF200002D4F0BCBDE80081244238D4F0BCA1F1C041BDE8004100F0ADBA4FEAD22242EA02
:20CF400043524FEAD323A7FB02864FEAD02040EA415007FB03661EEA0E0F4FEAD12105FB44
:20CF6000026658BFA6EB0056B6EB00564FEA520E4EEAC37E18EB0E0E56EB530EBDD518EBEC
:20CF800002085E417F1C55F10005B6E74FF480154FF000074FF000064FF00008ADE7F0BC7B
:20CFA0004FF0000001F1C04101F00041BDE8008111EA0C1F0CEA131500D00CE013EA0C1FBF
:20CFC00000F025804FF00000F0BC81EA030101F00041BDE80081F0BCBDE8004181EA030109
:20CFE00000F058BAF0BCBDE8004170B500F004FA097EFC3E00F007B881EA03014FF000006C
:20D0000001F00041704781EA030100F043BAF0BCBDE800414FF0000021497047FFFDFBF9E9
:20D02000F7F5F4F2F0EEEDEBE9E8E6E4E3E1E0DEDDDBDAD8D7D5D4D3D1D0CFCDCCCBCAC828
:20D04000C7C6C5C4C2C1C0BFBEBDBCBBBAB9B8B7B6B5B4B3B2B1B0AFAEADACABAAA9A8A8FB
:20D06000A7A6A5A4A3A3A2A1A09F9F9E9D9C9C9B9A99999897979695959493939291919055
:20D080008F8F8E8E8D8C8C8B8B8A8989888887878685858484838382828181800000FF07B7
:20D0A0000000F87F51EA030C17D41CF5801F58BFBCF5801F00F10680994218BF704708BF06
:20D0C0009042704707D711F5801F58BF13F5801F19D499427047894270471CF5801F08D5F8
:20D0E000BCF5801FF7D58B4218BF704708BF824270474FF4001C1CEB410F38BF1CEB430F71
:20D1000001D28B42704770B500F076F9922449004FF000514FF08053FFF760BE4FEA410302
:20D120004FEA5353A3F58063D3F11E03C8BFD3F1210C0CDD4FF0004242EAC12242EA5052F1
:20D1400032FA03FC8CEAE17CACEBE1707047102BC4BF0020704703F5787CBCF1FF3F04D0F2
:20D160006FF0004282EA2100704770B500F044F94992248000207047F2E700004FEA1153AC
:20D18000A3F58063D3F11E03A8BFD3F1200C08DB4FF0004242EAC12252EA505232FA03F068
:20D1A000704709420BD4102BC4BF0020704703F5787CBCF1FF3F05D04FF0FF3070474FF0E9
:20D1C0000000704770B500F017F900BF4992248000207047F0E710F0004248BF4042B0FA12
:20D1E00080F310FA03F10AD0C3F11D0303F580634FEA415002EB035202EBD12170474FF054
:20D2000000007047B0FA80F310FA03F10AD0C3F11D0303F580634FEA41504FEA035202EB6E
:20D22000D12170474FF000007047000051EA030C17D41CF5801F58BFBCF5801F00F106808C
:20D24000994218BF704708BF9042704707D711F5801F58BF13F5801F19D49942704789428A
:20D2600070471CF5801F08D5BCF5801FF7D58B4218BF704708BF824270474FF4001C1CEB4B
:20D28000410F38BF1CEB430F01D28B42704770B500F0B2F8922449004FF000514FF0805337
:20D2A000FFF79CBDDFF848C170B51CEA111E1EBF1CEA13159EEA0C0F95EA0C0F00F06F80BE
:20D2C00081EA030423EA4C134EEAD47E21EA4C1141F4801143F48013AE44A1FB024CA0FB77
:20D2E0000365AEF17F7E361955EB0C05A1FB034C4CF10003A0FB021C16EB0C06654153F1A9
:20D300000003094218BF46F0010613F4007F0BD14FEA03314FEA0530340341EA155140EA7C
:20D3200016506FF003020AE04FEAC3214FEAC520F40241EA555140EA56506FF0020202EB17
:20D340002E4201EB025585EACE710AD05FEA440C18BF24F0004450F1000041F1000120EA4C
:20D36000D47040F2FE7C624500D270BDA84214BF4FF080444FF04044002E08BF0024BEF1CC
:20D38000806FA8BFA1F1C041BDE8704080F282804FF0000001F1C04101F0004170479EEA38
:20D3A0000C0F0CEA131518BF95EA0C0F06D04FF0000081EA030E0EF0004170BD00F01CF8C2
:20D3C0008900013E00F007B800F009B84FEA430C5FEA5C5C08D081EA030100F05BB84FEA19
:20D3E000410C5FEA5C5CF6D14FF00000014970470000FF070000F87F0EF1020E2EF0030E1D
:20D400005EF8046B364205D4012A43EB030515F5001F12D8012841EB010C1CF5001F0CD80C
:20D420000ED14FEAD17C15F5001F0CEB4C0C0CF1020C08BF4CEBD37C04E04FF0080C01E09F
:20D440004FEAD37C0CEB4C0526FA05F606F00706B6F1040C06D20EEB860CBDE870404CF033
:20D46000010C6047DFE80CF0090B02024FF000414FF00000A1F5002170BD1946104601289C
:20D4800051EB010418BFD4F5001484BF002001F0004170BD0808A0F500114FEA31017047FD
:20D4A00053EA010C17D41CF5801F58BFBCF5801F00F106808B4218BF704708BF824270470C
:20D4C00007D713F5801F58BF11F5801F19D48B4270479B4270471CF5801F08D5BCF5801F29
:20D4E000F7D5994218BF704708BF904270474FF4001C1CEB430F38BF1CEB410F01D29942F3
:20D5000070470FB40CBC03BCFFF7C1BE43004FEAD30C4FEA3C0C43401FBF40070CF1605163
:20D5200013F0FE4F70471CF0006F03D100200CF0004170470CF0004343EA507010B540EA66
:20D54000CC0000F0CAF900BF000000924FEA0001FFF7A0BF4FF000414FF00000A1F50021F6
:20D560007047401058BFC0F14040491058BFC1F140418142EFF30080704700004FF47F0C0F
:20D580001CEAD0121EBF1CEAD11392EA0C0F93EA0C0F00F0858090EA010F48BF42F48072FF
:20D5A00040F4000C41F400002CF07F4120F07F4000B58142A2EB03020FF2081CACEB504EE7
:20D5C000C0F100009EF800E04FEA4E0E00FB0EFC38BF49004FEA2C1C02F5FA020CFB0EF3CE
:20D5E0004FEACE1E4FEA112C4FEAC1210EEB635E42EB22420EFB0CFC4FEA1C5300FB031162
:20D600004FEA112C4FEA01310EFB0CFC4FEADC4C00FB0C11C14228BF09184CEB03335DF8D2
:20D6200004EB10EB410143EBC250B2F57C0F38BF704729D512F0F00F1CBF00F1C04000F0E3
:20D6400000407047008182838485868788898B8C8D8E8F919293959697999A9C9D9FA0A2A0
:20D66000A3A5A7A8AAACAEB0B2B3B5B7B9BCBEC0C2C5C7C9CCCED1D4D7D9DCDFE2E6E9EC3D
:20D68000F0F3F7FAFE0000004FEA400C0CF1807CBCF17E4F28BF7047B0F1C04000F063B975
:20D6A00090EA010F0CEAD11348BF42F48072624538BF634507D213F47F0F16D080EA0100D2
:20D6C00000F00040704710B500F007F9097EFC3E00F005B880EA010000F00040704780EA84
:20D6E000010000F0004000F03EB912F47F0F04BF0248704780EA010000F035B90000C07F32
:20D70000C10DD1F19E0206DB4FEA002343F0004323FA02F07047004207D54FEA4001B1F126
:20D72000FE4F02D24FF00000704710B500F0D5F849922480002070476FEA200070470000CA
:20D7400010F0004148BF4042B0FA80F310FA03F2C3F19D030BD051EAC35101EB12205306EE
:20D7600038BF704700F1010008BF20F00100704750EA010C00F113801CF5000F58BFBCF5C7
:20D78000000F01D48842704707D710F5000F58BF11F5000F15D488427047894270471CF509
:20D7A000000F04D5BCF5000FF7D5814270474FF0807C1CEB400F38BF1CEB410F01D2814206
:20D7C000704710B500F089F8922449004FF000504FF08051FFF7C5BE4FF47F0C1CEAD0128F
:20D7E0001EBF1CEAD11392EA0C0F93EA0C0F00F0478090EA010F48BF42F480724FF0004C38
:20D800004CEA00204CEA012102EB0302A0FB0113A2F50002002918BF43F001035B0028BFA7
:20D820004FEA330342EB22425FEA132C4CEBC2502EBFBCEB436FB2F57C0F70474FEA036C40
:20D84000BCF1004F08BF20F00100B2F57C0F38BF70470BD582F0FF0212F5803FC8BF7047BD
:20D8600000F1C040D8BF00F00040704700F5000C5FEA4C0C48BF7047B0F1C04000F073B81D
:20D8800090EA010F0CEAD11348BF42F48072624538BF634504D280EA010000F00040704787
:20D8A00010B500F01AF800BF8900013E00F007B800F009B85FEA410C5FEA1C6C08D080EA11
:20D8C000010000F050B85FEA400C5FEA1C6CF6D14FF00040A0F5800070470EF1020E2EF0AA
:20D8E000030E5EF8044B244204D44FEA4102B2F17F4F11D84FEA4003B3F17F4F0CD80ED1AD
:20D900004FEAD07CB2F17F4F0CEB4C0C0CF1020C08BF4CEBD17C04E04FF0080C01E04FEA1B
:20D92000D17C0CEB4C0324FA03F404F00704B4F1040C06D20EEB840CBDE810404CF0010CEC
:20D940006047DFE80CF0070802024FF00040A0F5800010BD0846420018BFD2F1807288BF86
:20D9600000F0004010BDFF2141EAD050C005704751EA000C00F113801CF5000F58BFBCF510
:20D98000000F01D48142704707D711F5000F58BF10F5000F15D481427047894270471CF515
:20D9A000000F04D5BCF5000FF7D5884270474FF0807C1CEB410F38BF1CEB400F01D28842F6
:20D9C000704780EA010081EA000180EA0100FFF7F8BE4FF000007047FDF7B2B90CF00F033F
:20D9E000092B08BF082000F05F800A2B0BD0082B18BF704708BF1CF0400F0AD04FF0000029
:20DA00004FF0000170471CF0400F18BF4FF0004070471CF0100F08D020F0704300F07F4230
:20DA200042EAD3014FEA4370704700F0604021F07F4242EA000201F07F4040EA7270704740
:20DA40004FF0FF0C4CF4E06C1CEA11531CBF9CEA030C9445C2BFDA4201EB02517047002B7F
:20DA60000DD0BCF1000F0FD0002A01F00041A4BF41F0E04141F07F614FF00000704701F025
:20DA800000414FF00000704750EA01334FF09B0C18BF4CF0806C7FF499A97047FDF7E0BB01
:20DAA000FEF766B9FEF7F4BA1CF4801F11D01CF4E02F03D06FEACC31490070474FF0405008
:20DAC000EFF3008222F0704242EA000282F3008870474FF000007047666BD5667C62595EA5
:20DAE000685AA8561453AC4F6C4C53495F468E43DD404C3ED83B803944372035153321315D
:20DB0000432F792DC42B212A90281027A0254024EF22AC2176204C1F301E1E1D181C1C1BC8
:20DB20002B1A431964188E17C116FC153E158814D81330138E12F2115C11CC104110BB0F17
:20DB40003A0FBE0E460ED30D640DFA0C930C2F0CCF0B730B1A0BC40A710A210AD5098909CA
:20DB60004109FB08B80877083908FC07C107890752071D07EA06B80689065A062D06020628
:20DB8000D805AF05880562053D051905F6040003030601040602050003051F1C1F1E1F1ECB
:20DBA0001F1F1E1F1E1F3031323334353637383941424344454630313233343536373839FE
:20DBC00041424344454640305800303132333435363738396162636465664030780004009A
:20DBE0000008000000000000000200010000100002400000000000A00000000005400000E3
:20DC0000000000C8000000000C4000000000409C00000000194000000020BCBE0000000021
:20DC200034400000BFC91B8E00000004B5400000504BCFD06607E2CF010000006C41000040
:20DC40003E8251AADFEEA73401000000D9420000DCB5A0E23A301F97FFFFFFFFB44500001D
:20DC6000FD25A0C8E9A3C14FFFFFFFFFFF3F00000000008000000000FF3F00000000008006
:20DC80000000000041542B435245470D0A0000000D0A4F4B0D0A000041544F0D0A000000C9
:20DCA00041542B4353510D0A0000000041542B524542540D0A0000000D0A434F4E4E4543D5
:20DCC000540D0A000D0A2B4353513A20000000002B2B2B007B224944223A222573222C2225
:20DCE000534E223A222573222C22436D64223A223231222C2241636B223A223030222C223B
:20DD000054696D65223A7B2279656172223A25642C226D6F6E7468223A25642C2264617900
:20DD2000223A25642C22686F7572223A25642C226D696E757465223A25642C227365636F50
:20DD40006E64223A25647D7D0000000047455420257320485454502F312E310D0A486F731A
:20DD6000743A2025730D0A557365722D4167656E743A2047656E6572616C446F776E6C6FE0
:20DD800061644170706C69636174696F6E0D0A52616E67653A2062797465733D25642D25AD
:20DDA000640D0A4163636570743A202A2F2A0D0A436F6E6E656374696F6E3A206B65657095
:20DDC0002D616C6976650D0A44657669636549643A2025730D0A0D0A0000000038DF0108B1
:20DDE00000000020540C00006C19000864E20108540C00208CA00000D0190008000000002A
:20DE00000000F07FFFFFFFFFFFFFEF7F1001000043000000F8FFFFFF004040404040404022
:20DE200040404141414141404040404040404040404040404040404040050202020202028C
:20DE4000020202020202020202202020202020202020200202020202020290909090909002
:20DE6000101010101010101010101010101010101010101002020202020288888888888826
:20DE800008080808080808080808080808080808080808080202020240000000000000009A
:20DEA000000000000000000000000000000000000000000000000000000000000000000062
:20DEC000000000000000000000000000000000000000000000000000000000000000000042
:20DEE000000000000000000000000000000000000000000000000000000000000000000022
:20DF0000000000000000000000000000000000000000000000000000000000001C000000E5
:20DF200043000000F8FFFFFF0C0000000E0000000F0000002E000000500600A24A0400010B
:20DF4000600901020304060708090C61102005020406082020068002000020091009500020
:20DF600000A34A0008C9044007AC0E0020AC5E17A101037C8000011207C6F02C13270000C6
:20DF800034440000406100006489000009A8000002C300002BE300006E1501001A2C01002C
:20DFA000E1520100A9D2000421183010613D0100D11401009B7700002DF30008430AD90848
:20DFC00043B3BD084387A00843866A0844073E3E00001E180413F5D6280006887E000003C3
:20DFE000000170040100040405CA6400061D10000800FF01021C3001091F54013E40E01CEF
:20E00000001800474C323032313339383636383138333330363837303438396302F6000173
:20E020003C049112233C031EA05803040C3333392E39362E31302E3235113C0631313838ED
:20E04000338E045C045443509804AC054A4D4B4AA80410066A756D6938017134C8063233B3
:20E06000343536E8021306150A1F304F04053879D987B00A8993A99E1006D0DC01089804A3
:20E0800012A00812840812AC1012900812C40412B8149006004E554C4CE0011C0FD9DC99CD
:20E0A000832DC40524047A642E1F04063361692E636E80657F95801C04F049027C045D8B52
:20E0C00004091908D3A00F4C340B33373031323031393031790F143133BD0325D0E00B2F3E
:20E0E000646576696365636F6EB703A20F000110062FA201088D0412DB08055385980C63AA
:20E1000072677456656E64696E67F57E378704062801A05F60EA1C0571440C07104142437B
:20E120004445467806EC050001E02E11050651143E0655149603DB2000012008C181400124
:20E14000C0804104610C2108E118A11C011A30011638013660012E70012F6000FF00C0C10E
:20E1600001C30302C2C60607C705C5C404CC0C0DCD0FCFCE0E0ACACB0BC90908C8D8181927
:20E18000D91BDBDA1A1EDEDF1FDD1D1CDC14D4D515D71716D6D21213D311D1D010F0303147
:20E1A000F133F3F23236F6F737F53534F43CFCFD3DFF3F3EFEFA3A3BFB39F9F83828E8E9C7
:20E1C00029EB2B2AEAEE2E2FEF2DEDEC2CE42425E527E7E62622E2E323E12120E0A06061E7
:20E1E000A163A3A26266A6A767A56564A46CACAD6DAF6F6EAEAA6A6BAB69A9A86878B8B9A7
:20E2000079BB7B7ABABE7E7FBF7DBDBC7CB47475B577B7B67672B2B373B17170B050909186
:20E22000519353529296565797559594549C5C5D9D5F9F9E5E5A9A9B5B9959589888484946
:20E24000894B8B8A4A4E8E8F4F8D4D4C8C4484854587474686824243834181800A4A407F14
:04E2600000000000BA
:00000001FF
