:020000040800F2
:1000000098B90020750400087D0200087F020008EE
:1000100083020008870200088B020008000000002D
:100020000000000000000000000000008F02000837
:10003000910200080000000093020008F13000085F
:100040008F0400088F0400088F040008D18A00087C
:100050008F0400088F0400088F0400088F04000834
:100060008F0400088F0400088F0400088F04000824
:100070007F9300088F0400088F0400088F04000895
:100080008F040008F79100088F0400088F0400080F
:100090008F0400088F0400088F0400088F040008F4
:1000A0008F0400088F0400088F0400088F040008E4
:1000B0008F0400088F0400088F0400088F040008D4
:1000C0008F0400088F0400088F0400088F040008C4
:1000D0008F0400088F040008EB9000081F920008AE
:1000E0008F0400088F0400088F0400088F040008A4
:1000F0008F0400088F0400088F0400088F04000894
:100100008F0400088F0400088F0400088F04000883
:100110008F0400088F040008692E00088F0400086F
:100120008F0400088F0400088F0400088F04000863
:1001300000F002F800F081F80AA090E8000C824478
:100140008344AAF10107DA4501D100F076F8AFF255
:10015000090EBAE80F0013F0010F18BFFB1A43F0A5
:1001600001031847788301009883010010F8013BD0
:100170000A4413F0030408BF10F8014B1D1108BF17
:1001800010F8015B641E05D010F8016B641E01F8C5
:10019000016BF9D1002D15D010F8014B03F00C03C1
:1001A0000C2BA1EB04040ABF10F8013BA4EB831451
:1001B000A4EB032405F1010314F8016B5B1E01F8A5
:1001C000016BF9D5914238BF10F8013BD1D370478C
:1001D0000023002400250026103A28BF78C1FBD850
:1001E000520728BF30C148BF0B607047672917F01E
:1001F0007287692914F03085642914F02D857829D7
:1002000014F06685732915F0FA82002070471FB537
:100210009DE8030015F028F815F00AFE0400002000
:10022000002117F0F7F8401C60600020002117F053
:1002300007F9E0601FBD10B510BD16F024F9114696
:10024000FFF7E5FF00F014F816F082FB03B4FFF7A8
:10025000F2FF03BC03F0A6FA80F308887047024857
:1002600002490160FEE700000CED00E00100FA0524
:1002700002F04AFF01E002F0D0FFFCE7704700BF48
:10028000FEE700BFFEE700BFFEE700BFFEE77047E6
:10029000704770470CB50020019000906C480068D2
:1002A00040F480306A49086000BF6948006800F483
:1002B000003000900198401C0190009818B90198F6
:1002C000B0F5A06FF1D16248006800F4003010B1C1
:1002D0000120009001E0002000900098012843D107
:1002E0005C48006840F010005A4908600846006801
:1002F00020F0030008600846006840F00200086033
:10030000534840685249486008464068486008467B
:10031000406840F4806048600846406820F47C10E3
:1003200048600846406840F4E810486008460068A5
:1003300040F08070086000BF4548006800F0007021
:100340000028F9D04248406820F003004049486046
:100350000846406840F00200486000BF3C484068E2
:1003600000F00C000828F9D10CBD10B5FFF792FF82
:1003700010BD10B53648006840F0010034490860EF
:1003800008464068344908403149486008460068DA
:10039000324908402E4908600846006820F4802051
:1003A00008600846406820F4FE0048604FF41F00D3
:1003B0008860FFF7DAFF4FF000602949086010BD40
:1003C00010B5002100200022214B5B6803F00C01D6
:1003D00021B1042906D0082928D107E0214B224C5D
:1003E000236027E01F4B204C236023E0184B5B6801
:1003F00003F47010164B5B6803F48032022303EBA6
:10040000904022B9194B4343174C23600DE0104B29
:100410005B6803F4003323B1144B4343124C236055
:1004200003E0104B4343104C236003E00D4B0E4C94
:10043000236000BF00BF064B5B68C3F303130C4C83
:10044000E15C094B1B68CB40074C236010BD0000EA
:1004500000100240002002400000FFF8FFFFF6FEFF
:1004600008ED00E000127A000000002000093D00C5
:10047000040000200948804709480047FEE7FEE7DE
:10048000FEE7FEE7FEE7FEE7FEE7FEE7FEE7FEE744
:1004900004480549054A064B7047000073030008ED
:1004A0003101000898B3002098B9002098B50020C9
:1004B00098B5002031490143314A1160704770B549
:1004C000002100230F22C47804B32D4C246804F4C7
:1004D000E064C4F5E064210AC1F10403CA40447831
:1004E00004FA03F18478144021430901254C06786D
:1004F000A155047804F01F050124AC4005786D1166
:10050000AD0005F1E025C5F8004109E0047804F0EC
:100510001F050124AC401C4D0678761145F8264095
:1005200070BD1A4A0A400243154B1B1F1A607047E0
:1005300039B1134A121D12680243114B1B1D1A6078
:1005400006E00F4A121D126882430D4B1B1D1A60F4
:100550007047042808D14FF0E021096941F00401F7
:100560004FF0E022116107E04FF0E021096921F02E
:1005700004014FF0E0221161704700000000FA050D
:100580000CED00E000E400E080E100E080FFFF1FF0
:1005900010B5012001F01CF8002001F019F810BD81
:1005A0002A49086070472949091F08607047274990
:1005B00084310860704701460020254A10884FF6B4
:1005C0007F4210400843224A1080704701460020B5
:1005D0001F4A10884FF68072104008431C4A108052
:1005E000704708B500220092194A2C3A0092009AEE
:1005F00002440092009A116008BD08B5014600202F
:10060000009013482C3800900098084400900098FF
:10061000008808BD0D489C300068C0B270470C4887
:100620000830008840F0010009490831088070470F
:100630000648A0300068C0B27047054808300088FE
:1006400040F00200024908310880704704860D42DC
:100650002C6C004001684FF6FE72114001600021D1
:10066000016041608160C1608D49884208D18C4938
:100670000839496841F00F01894A083A51608AE017
:1006800087491431884208D185490839496841F0C1
:10069000F001834A083A51607DE08149283188425F
:1006A00008D17F490839496841F470617C4A083AA9
:1006B000516070E07A493C31884208D17849083964
:1006C000496841F47041764A083A516063E07449E0
:1006D0005031884208D172490839496841F4702183
:1006E0006F4A083A516056E06D496431884208D13A
:1006F0006B490839496841F47001694A083A516008
:1007000049E067497831884208D165490839496824
:1007100041F07061624A083A51603CE061498842A8
:1007200006D1011F096841F00F01021F116032E07C
:100730005C491431884208D15A49091F096841F0BF
:10074000F001584A121F116025E0564928318842AD
:1007500008D15449091F096841F47061514A121FB8
:10076000116018E04F493C31884208D14D49091FBA
:10077000096841F470414B4A121F11600BE049496E
:100780005031884207D14749091F096841F4702157
:10079000444A121F1160704710B50022026847F6E4
:1007A000F0739A430C6A8B6823430C6923434C69AA
:1007B00023438C692343CC6923434C6A23438C6ACB
:1007C00023431A430260CB6843600B6883604B6825
:1007D000C36010BD0021016041608160C1600161A2
:1007E00041618161C161016241628162704721B1F1
:1007F000026842F00102026004E002684FF6FE73F4
:100800001A40026070471AB103680B43036002E0AC
:1008100003688B4303607047416070470146486836
:1008200080B2704701460020002201F080531BB1C6
:100830001C4B083B1A6802E0194B083B1A6802EA95
:1008400001030BB1012000E00020704700F080514F
:1008500019B11449091F086002E0114908394860BC
:10086000704701460020002201F080531BB10D4B60
:10087000083B1A6802E00A4B083B1A6802EA0103C7
:100880000BB1012000E00020704700F0805119B149
:100890000449091F086002E00149083948607047AF
:1008A000080002400804024001460020FE4A106889
:1008B00000F03800084310607047FB49096821F0D8
:1008C0000801F94A11601146096801431160704737
:1008D000F549096821F01001F34A116011460968D1
:1008E000014311607047F148EF494860F0484860A3
:1008F0007047EE48EC494860ED4848607047EA4868
:10090000006940F08000E84908617047E6480069E6
:1009100040F08000E449086170470420E249C9685A
:1009200001F0010109B101200EE0DF49C96801F0C1
:10093000040109B1022007E0DB49C96801F0100198
:1009400009B1032000E00420704700B502460423EB
:10095000FFF7E3FF034603E0FFF7DFFF0346521E06
:10096000012B01D1002AF7D102B90523184600BD99
:1009700030B5044604254FF43020FFF7E6FF054666
:10098000042D17D1C848006940F00200C64908612B
:1009900008464461006940F0400008614FF430208F
:1009A000FFF7D3FF0546C048006941F6FD710840D6
:1009B000BD490861284630BD10B504244FF43020ED
:1009C000FFF7C3FF0446042C16D1B748006940F076
:1009D0000400B54908610846006940F0400008611C
:1009E0004FF43020FFF7B1FF0446AF48006941F6ED
:1009F000FB710840AC490861204610BD00B50246B5
:100A00000423FFF78AFF034603E0FFF786FF034650
:100A1000521E012B01D1002AF7D102B90523184635
:100A200000BD10B504244FF43020FFF7E7FF044663
:100A3000042C16D19C48006940F004009A490861D2
:100A40000846006940F0400008614FF43020FFF78D
:100A5000D5FF04469448006941F6FB71084092496D
:100A60000861204610BD00208F49C96901F00201CC
:100A700009B1012000E00020704730B5A52504240D
:100A8000FFF7F1FF00B100254FF43020FFF75DFFC5
:100A90000446042C3AD1854883498860844888609C
:100AA0000846006940F0200008610846006940F0EF
:100AB000400008614FF43020FFF747FF0446042C44
:100AC0001BD17948006941F6DF7108407649086119
:100AD0000846006940F01000086176480580E00291
:100AE000FFF733FF0446052C10D06F48006941F62C
:100AF000EF7108406C49086108E0052C06D06A488F
:100B0000006941F6EF71084067490861204630BD31
:100B100078B506460C46042500200090E802FFF751
:100B200014FF0546042D24D15F48006940F0010000
:100B30005D4908613480E802FFF707FF0546042D90
:100B400010D1B01C0090200C00990880E802FFF73B
:100B5000FCFE05465448006941F6FE7108405249C2
:100B6000086106E05048006941F6FE7108404E49B0
:100B70000861284678BD70B504460D460426F0028B
:100B8000FFF7E3FE0646042E11D14748006940F006
:100B90000100454908612580F002FFF7D6FE0646B0
:100BA0004148006941F6FE7108403F4908613046FE
:100BB00070BD70B505460E460424E002FFF7C5FE81
:100BC0000446042C17D13948374988603848886072
:100BD0000846006940F0100008612E80E002FFF72F
:100BE000B4FE0446052C06D02F48006941F6EF718B
:100BF00008402D490861204670BD2DE9F0430446A8
:100C00004FF6FF763746B046B1460425E443E6B2D8
:100C1000C4F30727C4F307484FEA1469E802FFF753
:100C200094FE0546042D49D120481F49886020487C
:100C300088600846006940F010000861FF2E06D069
:100C40001C4808300680E802FFF77FFE0546042DA9
:100C500008D1FF2F06D017480A300780E802FFF7B7
:100C600074FE0546042D0AD1B8F1FF0F07D01148D4
:100C70000C30A0F80080E802FFF767FE0546042D5F
:100C80000AD1B9F1FF0F07D00A480E30A0F8009042
:100C9000E802FFF75AFE0546052D0FD0024800690D
:100CA00041F6EF71084007E000200240230167454C
:100CB000AB89EFCD00F8FF1F664908612846BDE803
:100CC000F08330B5054604244FF43020FFF73DFE95
:100CD0000446042C41D160485E4988605F488860C2
:100CE0000846006940F0200008610846006940F0AD
:100CF000400008614FF43020FFF727FE0446042C23
:100D000022D15448006941F6DF7108405149086119
:100D10000846006940F0100008611DB100205049EC
:100D2000088002E0A5204E4908804FF43020FFF7EC
:100D30000CFE0446052C10D04648006941F6EF71C0
:100D400008404449086108E0052C06D04148006984
:100D500041F6DF7108403F490861204630BDF0B5DB
:100D600005460E46174604243B483A4988603B48EE
:100D70008860E002FFF7E9FD0446042C19D13548EC
:100D8000006940F010003349086147F0F800304333
:100D900028433349891C0880E002FFF7D6FD04464A
:100DA000052C06D02B48006941F6EF71084029490F
:100DB00008612046F0BD2748C06980087047254873
:100DC000006A704700202349096801F0200109B139
:100DD000012000E00020704729B11E4A1269024339
:100DE0001C4B1A6104E01B4A12698243194B1A61B9
:100DF000704701460020012908D1164AD26902F045
:100E000001020AB1012008E0002006E0114AD26880
:100E10000A400AB1012000E0002070470D49C86077
:100E2000704704200B49C96801F0010109B1012094
:100E30000EE00849C96801F0040109B1022007E089
:100E40000449C96801F0100109B1032000E0042041
:100E5000704700000020024023016745AB89EFCDB9
:100E600000F8FF1F10B50446CC48844208D1012188
:100E7000042000F093FB0021042000F08FFB46E0EB
:100E8000C748844208D10121082000F087FB0021D7
:100E9000082000F083FB3AE0C248844208D10121D7
:100EA000102000F07BFB0021102000F077FB2EE0EB
:100EB000BD48844208D10121202000F06FFB0021B1
:100EC000202000F06BFB22E0B848844208D10121C9
:100ED000402000F063FB0021402000F05FFB16E0A3
:100EE000B348844208D10121802000F057FB002143
:100EF000802000F053FB0AE0AE48844207D1012174
:100F0000801500F04BFB0021A01500F047FB10BD41
:100F100010B50121084600F041FB0021012000F03E
:100F20003DFB10BD2DE9F0410246002500260020C2
:100F300000230024002791F803C00CF00F0591F85E
:100F400003C00CF0100CBCF1000F03D091F802C0EC
:100F50004CEA050591F800C0BCF1000F31D01468CF
:100F600000202BE04FF0010C0CFA00F3B1F800C0A8
:100F70000CEA03069E4220D183004FF00F0C0CFABE
:100F800003F7BC4305FA03FC4CEA040491F803C0E0
:100F9000BCF1280F06D14FF0010C0CFA00FCC2F88E
:100FA00014C00AE091F803C0BCF1480F05D14FF01E
:100FB000010C0CFA00FCC2F810C0401C0828D1D368
:100FC0001460B1F800C0BCF1FF0F34DD546800209C
:100FD0002EE000F1080C4FF0010808FA0CF3B1F80C
:100FE00000C00CEA03069E4221D183004FF00F0C93
:100FF0000CFA03F7BC4305FA03FC4CEA040491F82D
:1010000003C0BCF1280F05D100F1080C08FA0CF858
:10101000C2F8148091F803C0BCF1480F07D100F169
:10102000080C4FF0010808FA0CF8C2F81080401CB8
:101030000828CED35460BDE8F0814FF6FF710180DF
:10104000022181700421C17070470246002093681C
:101050000B400BB1012000E000207047014688687A
:1010600080B2704702460020D3680B400BB10120CC
:1010700000E0002070470146C86880B270470161F7
:101080007047416170470AB1016100E041617047FA
:10109000C16070474FF480320A438261816182618E
:1010A00082698269704702460020434B18684FF6F8
:1010B0008073184040EA021008433F4B18607047A5
:1010C0003E49C8617047F0B50A460023002400215C
:1010D000002500F00046B6F1004F02D1364EF1690E
:1010E00001E0354E7168C0F3034583B200F4401649
:1010F000B6F5401F08D121F070612F4E766826F0BA
:1011000070662D4F7E6012E000F48016B6F5801FE9
:1011100006D1032606FA05F4A14341F0706106E00A
:10112000460D360103FA06F6B14341F0706122B173
:10113000460D360103FA06F6314300F00046B6F1DB
:10114000004F02D11C4EF16101E01B4E7160F0BDF9
:1011500030B500228B071C0F0F2303FA04F2164B45
:1011600008338C1053F824309343134C08348D10FB
:1011700044F8253023468C1053F824308C07240F74
:1011800000FA04F423430C4C08348D1044F8253045
:1011900030BD0A49DC31086070470000000801409A
:1011A000000C0140001001400014014000180140F3
:1011B000001C0140002001400000014000002042CE
:1011C00010B50121080700F0F6F900214FF080501A
:1011D00000F0F1F910BD2A490862704728490861FA
:1011E000704701460020274A106820F0E0000843BD
:1011F000106070472249A0310860704710B5024660
:101200000020204B186820F00300104318601E4B8C
:101210001B6843F004031C4C2360012901D130BF3B
:1012200000E020BF184B1B6823F00403164C23601A
:1012300010BD1448006840F00400124908600846D8
:10124000006840F0020008600F48006840F00400A9
:101250000D49086000BF00BF30BF70470146002045
:10126000084A52680A400AB1012000E00020704795
:101270000449096841EA8001024A11607047000090
:1012800000000E420070004010ED00E0DF480068F2
:1012900040F00100DD49086008464068DC4908402C
:1012A000DA49486008460068DA490840D7490860CA
:1012B0000846006820F4802008600846406820F452
:1012C000FE0048604FF41F0088607047CF490968EE
:1012D00021F48031CD4A11601146096821F4802142
:1012E0001160B0F5803F03D0B0F5802F0ED106E03D
:1012F000C649096841F48031C44A116007E0C34916
:10130000096841F4A021C14A116000E000BF00BF9C
:10131000704710B501460022002300204A11012A1F
:1013200002D1BA4C236806E0022A02D1B74C236AE4
:1013300001E0B64C636A01F01F02012494401C4096
:101340000CB1012000E0002010BD38B50020009055
:101350000024002500BF3120FFF7DBFF0546009881
:10136000401C00900098B0F5A06F01D0002DF2D085
:101370003120FFF7CEFF08B1012400E00024204611
:1013800038BD01460020A14A106820F0F80040EA6C
:10139000C10010607047A0490860704702460020F5
:1013A0009A4B586820F47C1042EA01031843974B8B
:1013B0005860704798490866704701460020934A74
:1013C000506820F003000843506070478F48406821
:1013D00000F00C007047014600208C4A506820F055
:1013E000F00008435060704701460020874A50686B
:1013F00020F4E06008435060704701460020834AB3
:10140000506820F4605040EAC1005060704729B134
:101410007E4A527A02437D4B5A7204E07B4A527AEA
:1014200082437A4B5A7270477B49D83108607047C3
:1014300001460020754A506820F44040084350603F
:1014400070470021714A20321170704A82F82010D2
:10145000012802D004280AD104E001216B4A20327D
:10146000117005E00521694A2032117000E000BFCB
:1014700000BF70476949086070476449096A0143C1
:10148000624A11627047654944390860704730B557
:1014900000210022002400235C4D6D6805F00C0142
:1014A00021B1042905D0082923D105E05C4D056050
:1014B00022E05B4D05601FE0544D6D6805F470122D
:1014C000524D6D6805F48034022505EB92421CB93B
:1014D000544D554305600BE04C4D6D6805F40035E7
:1014E0001DB1504D5543056002E04D4D554305601B
:1014F00002E04B4D056000BF00BF444D6D6805F034
:10150000F0010909484D6B5C0568DD4045603F4DC1
:101510006D6805F4E061090A434D6B5C4568DD4088
:1015200085603A4D6D6805F46051C90A3E4D6B5CAB
:101530004568DD40C560354D6D6805F44041890B57
:101540003A4D6B5CC568B5FBF3F5056130BD29B15B
:101550002E4A526902432D4B5A6104E02B4A5269CC
:1015600082432A4B5A61704729B1284A9269024343
:10157000264B9A6104E0254A92698243234B9A6183
:10158000704729B1214AD2690243204BDA6104E055
:101590001E4AD26982431D4BDA61704729B11B4A4A
:1015A000D2680243194BDA6004E0184AD2688243D9
:1015B000164BDA60704729B1144A12690243134B83
:1015C0001A6104E0114A12698243104B1A61704794
:1015D00012494039086070470F49C86470470B4989
:1015E000C87170470948406A40F0807007494862F6
:1015F000704701460020054A92680A400AB101205E
:1016000000E00020704701498872704700100240D6
:101610000000FFF8FFFFF6FE000042428004424255
:1016200000127A0000093D00140000202400002070
:1016300010B50446FE48844208D10121C014FFF7CA
:10164000ADFF0021E014FFF7A9FFC4E0B4F1804F23
:1016500008D101210846FFF7AEFF00210120FFF766
:10166000AAFFB8E0F348844208D101210220FFF725
:10167000A2FF00210220FFF79EFFACE0EE4884426B
:1016800008D101210420FFF796FF00210420FFF775
:1016900092FFA0E0E948844208D101210820FFF729
:1016A0008AFF00210820FFF786FF94E0E448844287
:1016B00008D101211020FFF77EFF00211020FFF745
:1016C0007AFF88E0DF48844208D101212020FFF71B
:1016D00072FF00212020FFF76EFF7CE0DA48844291
:1016E00008D101214014FFF759FF00216014FFF7D2
:1016F00055FF70E0D548844209D10121C804FFF7A5
:101700004DFF00214FF40020FFF748FF63E0D04871
:10171000844209D101210805FFF740FF00214FF461
:101720008010FFF73BFF56E0CA48844209D10121EF
:101730004805FFF733FF00214FF40010FFF72EFF9D
:1017400049E0C548844208D101214020FFF733FF1A
:1017500000214020FFF72FFF3DE0C048844208D120
:1017600001218020FFF727FF00218020FFF723FFC2
:1017700031E0BB48844208D101218015FFF71BFFEF
:101780000021A015FFF717FF25E0B648844209D1D4
:1017900001210804FFF702FF00214FF48030FFF71A
:1017A000FDFE18E0B048844209D101214804FFF74A
:1017B000F5FE00214FF40030FFF7F0FE0BE0AB48E0
:1017C000844208D101218804FFF7E8FE00214FF48C
:1017D0008020FFF7E3FE10BD00220288944B984260
:1017E0000ED0994B98420BD0B0F1804F08D0914B5E
:1017F000984205D0904B984202D0904B984204D129
:101800004FF68F731A404B881A438D4B984207D07E
:101810008C4B984204D04FF6FF431A40CB881A43B2
:1018200002808B8883850B880385814B98420BD07F
:10183000854B984208D08B4B984205D08A4B9842F2
:1018400002D08A4B984201D10B7A0386012383820E
:10185000704770B5002400220023058C4FF6FE76F9
:1018600035400584028C8388048B4FF68F752C409D
:10187000B51E2C400D882C43751E2A400D892A4325
:101880004D882A436A4DA8420BD06F4DA84208D01C
:10189000744DA84205D0744DA84202D0734DA842A1
:1018A00013D14FF6F7752A404D892A434FF6FB7541
:1018B0002A408D882A434FF6FF652B404FF6FF558F
:1018C0002B408D892B43CD892B4383800483CD8886
:1018D0008586028470BD70B5002400220023058C2B
:1018E0004FF6EF7635400584028C8388048B48F6EA
:1018F000FF752C404FF6FF452C400D884FF6FF76C4
:1019000006EA05252C434FF6DF752A400D8906EAC5
:1019100005152A434D8806EA05152A43444DA84279
:1019200002D0494DA8421DD14FF67F752A404D89FE
:101930004FF6FF7606EA05152A434FF6BF752A4093
:101940008D8806EA05152A434FF6FF352B404FF2E6
:10195000FF752B408D8906EA85052B43CD8906EA64
:1019600085052B4383800483CD880587028470BD61
:1019700070B5002400220023058C4FF6FF66354029
:101980000584028C8388848B4FF68F752C404FF62C
:10199000FC752C400D882C434FF6FF552A400D89CD
:1019A0004FF6FF7606EA05252A434D8806EA052507
:1019B0002A431F4DA84202D0234DA8421DD14FF209
:1019C000FF752A404D894FF6FF7606EA05252A4322
:1019D0004FF6FF352A408D8806EA05252A434EF644
:1019E000FF752B404DF6FF752B408D8906EA0515D6
:1019F0002B43CD8906EA05152B4383808483CD884C
:101A00008587028470BD70B5002200230024058CF8
:101A10004EF6FF7635400584038C8488828B48F629
:101A2000FF752A404FF6FF452A400D8820E0000050
:101A3000002C01400004004000080040000C004061
:101A4000001000400014004000340140004C0140F0
:101A5000005001400054014000180040001C0040AC
:101A60000020004000400140004401400048014087
:101A70004FF6FF7606EA05252A434DF6FF752B4003
:101A80000D8906EA05352B434D8806EA05352B43BB
:101A9000FA4DA84202D0FA4DA84208D14BF6FF7584
:101AA0002C408D894FF6FF7606EA85152C438480FD
:101AB0008283CD88A0F84050038470BD828B4FF2A2
:101AC000FF331A408283828B4FF6FF7303EA0123B0
:101AD0001A4382837047F0B50C4615460022002158
:101AE0000026078C4EF6FF7C07EA0C070784828BE2
:101AF000018C4FF6FF7707EA043640F6FF473A407D
:101B00004FF6FF7707EA05273A434FF6FF7707EAD4
:101B100003373A43D94FB8420ED0D94FB8420BD011
:101B2000B0F1804F08D0D74FB84205D0D64FB84259
:101B300002D0D64FB84206D14DF6FF77394046F471
:101B40008057394305E047F6FF57394044F4805742
:101B5000394382830184F0BD828B4FF6F3731A40C0
:101B60008283828B0A4382837047F0B50C46154608
:101B7000002200210026078C4FF6FF6C07EA0C07B5
:101B80000784828B018C4FF6FF7707EA04264FF615
:101B90000C773A404FF6FF7707EA03172F433A4393
:101BA000B64FB8420ED0B64FB8420BD0B0F1804F0E
:101BB00008D0B44FB84205D0B34FB84202D0B34FAB
:101BC000B84206D14FF6FF57394046F48077394383
:101BD00005E04FF2FF57394044F480773943828360
:101BE0000184F0BD028B4FF2FF331A400283028B57
:101BF0004FF6FF7303EA01231A4302837047F0B5DF
:101C00000C461546002200210026078C4FF6EF7C7B
:101C100007EA0C070784028B018C4FF6FF7707EA6F
:101C2000041640F6FF473A404FF6FF7707EA0337BE
:101C30003A434FF6FF7707EA05273A438F4FB842FA
:101C40000ED08F4FB8420BD0B0F1804F08D08D4FDF
:101C5000B84205D08C4FB84202D08C4FB84206D162
:101C60004FF6DF77394046F01007394305E04FF66D
:101C70005F77394044F01007394302830184F0BD97
:101C8000028B4FF6F3731A400283028B0A430283DE
:101C90007047F0B50C46154600220021068C4FF621
:101CA000FE773E400684028B018C4FF60C76324064
:101CB0007E1C06EA03162E433243704EB0420ED00D
:101CC0006F4EB0420BD0B0F1804F08D06D4EB04295
:101CD00005D06D4EB04202D06C4EB04206D14FF6E8
:101CE000FD76314044F00106314305E04FF6F576CC
:101CF000314044F00106314302830184F0BD70B5E8
:101D000005460C465D4885420ED05D4885420BD0A5
:101D1000B5F1804F08D05B48854205D05A488542CE
:101D200002D05A48854200D100E000BF208850B957
:101D30002389A28861882846FFF7ABFFE1882846FF
:101D4000FFF79EFF25E0208804280AD12389A28876
:101D500061882846FFF753FFE1882846FFF742FFD6
:101D600017E0208808280AD12389A288618828469C
:101D7000FFF7FBFEE1882846FFF7EEFE09E0238926
:101D8000A28861882846FFF7A6FEE1882846FFF76B
:101D900095FE70BD2DE9F04105460C460026012751
:101DA000608808B9022600E00026A088012801D139
:101DB000022700E001272088A0B92389A288618832
:101DC0002846FFF766FFE1882846FFF759FF238979
:101DD0003A4631462846FFF712FFE1882846FFF7CA
:101DE00001FF13E02389A28861882846FFF707FFD7
:101DF000E1882846FFF7F6FE23893A463146284611
:101E0000FFF747FFE1882846FFF73AFFBDE8F0817A
:101E10000A884B881A438B881A43CB881A430B894C
:101E20001A434B891A438B891A43A0F84420704700
:101E30004FF6FF71818000210180C18041800172D5
:101E400070470021018041808180C18001814181F2
:101E50008181C18170470021018041800121818001
:101E60000021C18001817047002101804180818073
:101E7000C18001814181818170470000002C0140B7
:101E8000003401400004004000080040000C004005
:101E900021B1028842F00102028004E002884FF67C
:101EA000FE731A400280704731B1B0F8442042F40A
:101EB0000042A0F8442005E0B0F84420C2F30E022E
:101EC000A0F8442070471AB183890B43838102E054
:101ED00083898B43838170478182704741EA020383
:101EE000A0F8483070471AB183890B43838102E020
:101EF00083898B438381704701894FF6F8721140C3
:101F0000018170470A46002101894FF68F731940FD
:101F100011430181704730B504460D4629462046DD
:101F2000FFF7F0FF208940F00700208130BD2DE948
:101F3000F04104460D4616461F46602D06D13B462D
:101F4000012231462046FFF75AFE05E03B460122BA
:101F500031462046FFF79DFE29462046FFF7D2FF77
:101F6000208940F007002081BDE8F08130B50C46A3
:101F700000210189C9B24FF6FF7505EA0325154313
:101F800025432943018130BD2DE9F04105460E4628
:101F900017469846002443463A4631462846FFF7FE
:101FA000E5FF2C894FF6F870044044F007044FF623
:101FB0008F70044044F070042C81BDE8F081F0B5CE
:101FC00004460D4616461F463B46324629462046E5
:101FD000FFF7CCFF208940F480402081F0BD0185CF
:101FE000828270470A46002101884FF68F7319409C
:101FF000114301807047F0B50C4615461E4600217E
:10200000002200230189028B038C4FF6F8773940B8
:1020100021434FF6FC473A4040F201173A434FF64E
:10202000DD773B404FF6FF7707EA06172F433B4328
:10203000018102830384F0BD0A460021018B4FF623
:102040008F7319401143018370470A460021018BA9
:1020500048F6FF7319404FF6FF7303EA0223194352
:10206000018370470A460021818B4FF68F73194018
:102070001143818370470A460021818B48F6FF7324
:1020800019404FF6FF7303EA022319438183704717
:1020900021B1028842F08002028004E002884FF6FB
:1020A0007F731A400280704721B1828842F0040297
:1020B000828004E082884FF6FB731A40828070476A
:1020C00021B1828842F00802828004E082884FF6C3
:1020D000F7731A408280704721B1828842F0010272
:1020E000828004E082884FF6FE731A408280704737
:1020F0000A460021018B4FF6F77319401143018303
:1021000070470A460021018B4FF2FF7319404FF6CA
:10211000FF7303EA02231943018370470A46002133
:10212000818B4FF6F77319401143818370470A463C
:102130000021818B4FF2FF7319404FF6FF7303EAC2
:1021400002231943818370470A460021018B4FF611
:10215000FB7319401143018370470A460021018B2C
:102160004FF6FF3319404FF6FF7303EA022319437A
:10217000018370470A460021818B4FF6FB7319409B
:102180001143818370470A460021818B4FF6FF334C
:1021900019404FF6FF7303EA022319438183704706
:1021A0000A460021018B4FF67F73194011430183CA
:1021B00070470A460021018BC1F30E014FF6FF73F1
:1021C00003EA02231943018370470A460021818BE9
:1021D0004FF67F7319401143818370470A460021EF
:1021E000818BC1F30E014FF6FF7303EA02231943FB
:1021F000818370470A460021018C4FF6FD73194018
:102200001143018470470A460021018C4FF6F77391
:1022100019401143018470470A460021018C4FF692
:10222000DF7319404FF6FF7303EA02131943018469
:1022300070470A460021018C4FF67F7319404FF614
:10224000FF7303EA02131943018470470A46002111
:10225000018C4FF6FF5319404FF6FF7303EA022338
:102260001943018470470A460021018C4FF2FF7325
:1022700019404FF6FF7303EA0223194301847047A4
:102280000A460021018C4DF6FF7319404FF6FF738B
:1022900003EA023319430184704730B50023012457
:1022A0008C40A3B2048C9C430484048C02FA01F594
:1022B000ADB22C43048430BD30B5002304248C40DF
:1022C000A3B2048C9C430484048C02FA01F5ADB2E1
:1022D0002C43048430BD70B503460020002418460A
:1022E000183001258D40ACB21D8CA5431D8409B169
:1022F000082909D100EB6100056825F0700505602B
:102300000568154305600EE00D1FC5F34E05284412
:10231000056825F4E045056005684FF6FF7606EA96
:1023200002263543056070BD21B1028842F00202E9
:10233000028004E002884FF6FD731A400280704765
:1023400021B1028842F00402028004E002884FF6C4
:10235000FB731A400280704721B1828842F08002EC
:10236000828004E082884FF67F731A408280704733
:1023700002884FF6F7731A40028002880A430280EF
:10238000704782884FF68F731A40828082880A4392
:102390008280704702894FF6F8731A4002810289E1
:1023A0000A430281704702894FF67F731A40028107
:1023B00002890A4302817047818470478185704792
:1023C000818670470187704781877047A0F8401069
:1023D000704702884FF6FF431A40028002880A4382
:1023E000028070470146888E70470146088F70470B
:1023F0000146888F70470146B1F84000704701469A
:10240000888C70470146088D704702460020138A69
:102410000B400BB1012000E000207047CA4302824C
:10242000704730B50246002000230024158A05EAD3
:102430000103958905EA010413B10CB1012000E004
:10244000002030BDCA4302827047000010B5044628
:10245000FB48844209D101218803FFF79FF800213E
:102460004FF48040FFF79AF832E0F648844209D1F1
:1024700001214804FFF79FF800214FF40030FFF7D7
:102480009AF825E0F048844209D101218804FFF739
:1024900092F800214FF48020FFF78DF818E0EB4808
:1024A000844209D10121C804FFF785F800214FF4C7
:1024B0000020FFF780F80BE0E548844208D10121B5
:1024C0000805FFF778F800214FF48010FFF773F844
:1024D00010BD2DE9F04786B005460E460024A24601
:1024E00000BFA1460027B08900B100BF2F462C8A4B
:1024F0004CF6FF700440F08804432C82AC894EF601
:10250000F3100440B08831890843718908430443BB
:10251000AC81AC8A4FF6FF400440B0890443AC82E2
:1025200001A8FEF7B4FFC648874202D1DDF810A02B
:1025300001E0DDF80CA0A88900F4004040B10AEBEE
:10254000CA0000EB0A1031684900B0FBF1F807E05F
:102550000AEBCA0000EB0A1031688900B0FBF1F801
:102560006420B8FBF0F004012009642101FB10890C
:10257000A88900F4004040B1322000EBC900B0FB54
:10258000F1F000F00700044308E0322000EB0910EE
:102590006421B0FBF1F000F00F0004432C8106B081
:1025A000BDE8F0874FF41651016000218180C180A1
:1025B00001810C21418100218181704710B50246C3
:1025C0000020108A4FF2FF0318400B884C882343E9
:1025D0008C882343CC8823431843108210BD0021EC
:1025E000018041808180C180704721B1828942F49D
:1025F0000052828104E082894DF6FF731A40828185
:102600007047F0B50346002400260025002040F660
:102610006A17B94200D100BF1846C1F3421401F055
:102620001F06012707FA06F5012C01D10C3004E042
:10263000022C01D1103000E014301AB107682F438A
:10264000076002E00768AF430760F0BD1AB1838AF4
:102650000B43838202E0838A8B4383827047028A22
:102660004FF6F0731A400282028A0A4302827047D0
:1026700082894FF2FF731A40828182890A438281E4
:10268000704721B1828942F00202828104E082898E
:102690004FF6FD731A4082817047028A4FF6DF734E
:1026A0001A400282028A0A430282704721B1028ADA
:1026B00042F48042028204E0028A4BF6FF731A4021
:1026C00002827047C1F30802828070470146888801
:1026D000C0F308007047818941F001018181704792
:1026E000028BD2B20283028B42EA0122028370473C
:1026F000028B02F47F420283028B0A4302837047FB
:1027000021B1828A42F02002828204E0828A4FF65E
:10271000DF731A408282704721B1828A42F0100230
:10272000828204E0828A4FF6EF731A4082827047F9
:1027300021B1828A42F00802828204E0828A4FF646
:10274000F7731A408282704721B1828942F40042B5
:10275000828103E08289C2F30E028281704721B137
:10276000828A42F40062828204E0828A4FF2FF731E
:102770001A4082827047828A4FF6FB731A40828227
:10278000828A0A438282704721B1828A42F0020221
:10279000828204E0828A4FF6FD731A40828270477B
:1027A00002460020B1F5007F00D100BF13880B4026
:1027B0000BB1012000E00020704701F40072B2F577
:1027C000007F00D100BFCA430280704770B5024647
:1027D000002400230025002040F66A16B14200D1F3
:1027E00000BFC1F3421501F01F03012606FA03F3EF
:1027F000012D02D19689334006E0022D02D1168ABE
:10280000334001E0968A33400C12012606FA04F4A4
:102810001688344013B10CB1012000E0002070BDD7
:1028200010B50022002340F66A14A14200D100BF77
:102830000A1201249440A3B2DC43048010BD0000BE
:10284000003801400044004000480040004C004077
:102850000050004010B50446FA48844208D10121D6
:102860004015FEF79BFE00216015FEF797FE17E06E
:10287000F548844208D101210015FEF78FFE0021A2
:102880002015FEF78BFE0BE0F048844208D10121B1
:10289000C803FEF783FE00214FF40040FEF77EFEE2
:1028A00010BD30B50246002000235068E84C20409F
:1028B0000D790C6844EA0524204350609068E54C8B
:1028C0002040D1E902542C434D7944EA4504204389
:1028D0009060D06A20F470000C7C641EE4B2234344
:1028E00040EA0350D06230BD0021016001714171A6
:1028F0008160C16001210174704721B1826842F09A
:102900000102826003E0826822F001028260704767
:1029100021B1826842F48072826003E0826822F40E
:1029200080728260704710B50023CBB21AB1446840
:102930001C43446002E044689C43446010BD8168CD
:1029400041F0080181607047014600208A6802F06A
:1029500008020AB1012000E000207047816841F0C0
:10296000040181607047014600208A6802F0040279
:102970000AB1012000E00020704721B1826842F4D2
:10298000A002826003E0826822F4A00282607047A5
:10299000014600208A6802F480020AB1012000E0AA
:1029A0000020704710B50A4600210023416821F439
:1029B0006041531E41EA4331416010BD21B142687C
:1029C00042F40062426003E0426822F40062426026
:1029D0007047F0B504460D4600200021092D11DD99
:1029E000E068A5F10A0606EB4607072606FA07F196
:1029F0008843A5F10A0606EB460603FA06F10843EA
:102A0000E0600CE0206905EB4507072606FA07F1B0
:102A1000884305EB450603FA06F108432061072ABF
:102A20000FDA606B561E06EB86071F2606FA07F1C3
:102A30008843561E06EB860605FA06F108436063D6
:102A400022E00D2A0FDA206BD61F06EB86071F2621
:102A500006FA07F18843D61F06EB860605FA06F14B
:102A60000843206310E0E06AA2F10D0606EB86073A
:102A70001F2606FA07F18843A2F10D0606EB86062B
:102A800005FA06F10843E062F0BD21B1826842F424
:102A90008012826003E0826822F4801282607047B4
:102AA0000146C86C80B2704766484C300068704779
:102AB00021B1426842F48062426003E0426822F43D
:102AC00080624260704721B1426842F480524260A5
:102AD00003E0426822F48052426070470A460021B7
:102AE000816821F4E04111438160704721B182681F
:102AF00042F40042826003E0826822F40042826075
:102B0000704721B1826842F40212826003E0826859
:102B100022F4021282607047014600208A6802F4A3
:102B200000120AB1012000E000207047F0B5044611
:102B30001546002000220026092911DDE068A1F1D8
:102B40000A0707EB470C072707FA0CF29043A1F19D
:102B50000A0707EB470703FA07F21043E0600CE0AF
:102B6000206901EB410C072707FA0CF2904301EBB7
:102B7000410703FA07F210432061A06BC0F301562E
:102B8000EF1C06F1010CA7EB0C0707EB870C1F27C6
:102B900007FA0CF29043EF1C06F1010CA7EB0C07AF
:102BA00007EB870701FA07F21043A063F0BD10B5E9
:102BB0000A4600210023816B21F44011531E41EA93
:102BC0000351816310BD08B5002300930090009B62
:102BD0000B440093009B1A6008BD08B50246002014
:102BE0000090009201F12800009B1844009000988A
:102BF000006880B208BD0A4600214168164B1940A2
:102C00001143416070474162826270470A46002169
:102C1000416821F01F0111434160704740B10949EB
:102C20000831096841F40001064A0832116007E0E2
:102C300004490831096821F40001024A0832116090
:102C4000704700000024014000280140003C014082
:102C5000FFFEF0FFFDF7F1FFFFFD3FFF0246002002
:102C600013680B400BB1012000E000207047CA43FD
:102C70000260704770B502460020002300240B124A
:102C80005568CEB205EA060415681D4015B10CB1B1
:102C9000012000E0002070BD00220A12D34303602F
:102CA0007047000029B1504A128802434E4B1A80E7
:102CB00004E04D4A128882434B4B1A8070474A48C1
:102CC000001D008840F010004749091D088070472A
:102CD0004548001D00884FF6EF7108404249091D24
:102CE00008807047002140481C300188001F008880
:102CF00041EA0040704700B50246FFF7E0FF100CC4
:102D0000394918310880091D0A80FFF7E1FF00BD2D
:102D100000B50246FFF7D3FFC2F303403249083142
:102D20000880091D0A80FFF7D3FF00BD00B50246E9
:102D3000FFF7C5FF100C2C4920310880091D0A80BF
:102D4000FFF7C6FF00BD0020274910310988090799
:102D5000080B2549143109880843704700BF2248F1
:102D6000001D008800F020000028F8D070471E48A1
:102D7000001D00884FF6F77108401B49091D0880A7
:102D800000BF1948001D008800F008000028F8D096
:102D9000704701460020144A121D12880A400AB1E9
:102DA000012000E0002070470F49091D0988814378
:102DB0000D4A121D11807047014600200A4A121D5B
:102DC00012880A40D0B2084A12880A4012B108B1EB
:102DD000012000E0002070470349091D0988814354
:102DE000014A121D118070470028004030BF704713
:102DF00072B6704762B6704710B54FF4A060FDF729
:102E000059FB10BD7FB505460C4601211020FEF789
:102E1000B8FBADF80850ADF804400020ADF80A004A
:102E2000ADF8060001A91948FEF7D6FC01221146AB
:102E30001648FFF748F836208DF8000003208DF87B
:102E400001008DF8020001208DF803006846FDF7AF
:102E500036FB01210D48FFF71BF800200C490860E4
:102E60007FBD0B490860704710B501210748FFF787
:102E7000D8FA012805D10648006810B10448006856
:102E8000804701210148FFF7DDFA10BD0010004026
:102E90002800002010B56FF00400FDF75AFB4FF03A
:102EA000E020006940F002004FF0E021086142F2AA
:102EB000283048610846006940F00100086110BDF3
:102EC000F0B504460D4600212AE001EB81008B4E4F
:102ED00056F8200010BB01EB810046F8204001208D
:102EE00001EB8106854F07EB8606707401EB8100CC
:102EF0003E4606EB8000456001EB810006EB80005A
:102F0000826001EB810006EB80000374002001EB7E
:102F1000810607EB8606F0600846F0BD481CC1B28A
:102F20001E29D2DBFF20F8E710B50146002027E07C
:102F300000EB8002714B53F822208A421ED10022FE
:102F400000EB80036D4C44F8232000EB800304EB7E
:102F500083035A7400EB800304EB83035A6000EB95
:102F6000800304EB83039A6000EB800304EB83038C
:102F70001A7400EB800304EB8303DA60421CD0B2C6
:102F80001E28D5DB10BD002100EB80025B4B43F80F
:102F9000221000EB800203EB8202517400EB8002EE
:102FA00003EB8202516000EB800203EB820291602E
:102FB00000EB800203EB8202117400EB800203EB52
:102FC0008202D1607047002048E000EB80014B4A4C
:102FD00002EB8101097CE9BB00EB800102EB81017E
:102FE000497C012938D100EB800102EB8101C968DD
:102FF00081BB00EB800102EB8101496859B100EB14
:10300000800102EB81014968491E00EB80023B4BC5
:1030100003EB8202516000EB8001384A02EB810130
:103020004968B9B9012100EB8002344B03EB8202FD
:10303000D16000EB80011A4602EB8101896849B139
:1030400000EB800102EB8101896800EB800203EB59
:10305000820200E000E05160411CC8B21E28B4DBCF
:10306000704710B5002440E004EB8400234901EBD5
:103070008000407C012836D104EB840051F8200008
:1030800088B304EB840001EB8000007C012806D1AA
:1030900004EB8401194A52F82100804723E004EB35
:1030A0008400164901EB8000007CE0B904EB840049
:1030B00001EB8000C068B0B104EB84010F4A52F804
:1030C00021008047002004EB84010C4A02EB8101BF
:1030D000C86004EB8400114601EB8000806810B9E1
:1030E0002046FFF750FF601CC4B21E2CBCDB10BD95
:1030F00010B504F081FDFFF766FF10BD740D0020D0
:10310000002000210160704710B5FFF7C3FE04F0F6
:1031100017FC04F0BDFC04F079FB06F05BF903F04A
:10312000A1FB02F04FFA04F0FEFA01F048FC01F0B6
:10313000E6FC01F016FE02F004FA01F016F810F0B9
:1031400067FD07F08FFC05F08EFC07F02CFB0446B2
:103150000DF0ACFB01230A2211463248FFF7B0FE06
:1031600000230A2211463048FFF7AAFE00230A2254
:1031700005212E48FFF7A4FE0123002205212C483B
:10318000FFF79EFE0023642208212A48FFF798FEDD
:1031900000234FF47A7205212748FFF791FE0023A0
:1031A0000A2211462548FFF78BFE00230A2211460A
:1031B0002348FFF785FE00230A2211462148FFF726
:1031C0007FFE00230A2211461F48FFF779FE0023E5
:1031D0000A2211461D48FFF773FE00234FF47A724E
:1031E00064211B48FFF76CFE00236422194619482E
:1031F000FFF766FE00230A2219461748FFF760FE14
:1032000000230A2205211548FFF75AFE0123002258
:1032100005211348FFF754FE10BD10B5FFF721FF3D
:1032200010BD000095680008C35A00084345000817
:1032300057460008A1780008E17700081F7A0008C7
:10324000D18300089F3B01081B150108410C0108B0
:10325000CD200108F3D100084994000883CE00086E
:10326000ADCE000870B503460C4603E014F8015BD0
:1032700003F8015B1500A2F10102F7D170BD30B572
:10328000034601E003F8011B1400A2F10102F9D189
:1032900030BD00B57C494FF42072C8680021FFF7AB
:1032A000EEFF79494FF4A04288680021FFF7E7FF5D
:1032B00001207549087400BD0022002105E0724814
:1032C000C068405C00B1521C491CB1F5207FF6D3A8
:1032D000642050434FF42073B0FBF3F0C0B270474A
:1032E0002DE9F04106460024A0466748007C10B94D
:1032F0006549086880471EB94FF0FF30BDE8F0818E
:1033000062480068B6FBF0F085B260480068B6FB22
:10331000F0F100FB116008B1681C85B25C480068E0
:10332000441E1BE05848C068005D20B908F1010048
:103330001FFA80F801E04FF00008A8450DD10027E2
:1033400004E05149C968E2198D547F1CAF42F8D39B
:103350004E49096804FB01F0D0E7641E002CE1DA55
:103360004FF0FF30CAE770B505464748007C20B9EA
:10337000454908688047012070BD4648006885427D
:1033800012D242480068B5FBF0F13F48C068425C89
:10339000002405E000203C4BDB680E199855641CA6
:1033A0009442F7DB0020E7E70220E5E72DE9F04152
:1033B00005463548007C20B9334908688047BDE898
:1033C000F081314880682E1A3248006886421ED249
:1033D0002E4B1B68B6FBF3F02B4BDB68195C2A46BF
:1033E000002402E000231355641C284B1B684B4348
:1033F000A342F7D8002407E00023234FFF6800EB27
:10340000040C07F80C30641C8C42F5DBD7E700BFD6
:10341000D5E770B5044604B970BD1B488068251A0D
:10342000FFF7E6FC2046FFF7C1FFFFF7E3FC00BF14
:10343000F2E770B50546FFF7DBFC2846FFF750FFC3
:103440000446FFF7D7FC601C08B9002070BD0E4889
:1034500080682044FAE770B506460C462046FFF720
:103460003FFF0546681C08B9002070BD0649896801
:10347000481922463146FFF7F5FE3046FFF7C9FFEF
:10348000014880682844F0E7380000203000002020
:103490002C00002034000020012080F3138800BF9E
:1034A00000BF6548006800F4E06064490843001DFF
:1034B00061490860BFF3408F00BF00BFFEE72DE900
:1034C000F05F06460F4690460024B3463D46A146AF
:1034D00017E068784FEA002A28788244AD1C20461D
:1034E000641C574921F810A0B4F5806F07D100245F
:1034F0004FF48062584600F0DAF80BF5006B09F1E2
:103500000209C145E5D324B1A2B24D49584600F0A5
:10351000CEF8BDE8F09F10B5044620684949084040
:10352000B0F1005F08D16068474908602068FCF787
:1035300093FE45480068804710BD08B54FF6FF7000
:10354000009002226946414800F0B1F84048FFF778
:10355000E2FF08BD3E483849091F08607047F0B5D2
:103560009BB005460E461746684600F029F93246DC
:103570002946684600F0F9FC17A9684600F05AFD94
:10358000002409E0395D17A8005D814202D00020C7
:103590001BB0F0BD601CC4B2102CF3DBFF20F7E7BA
:1035A00038B50446221D2B482168FFF7D8FF50B1DB
:1035B0000020009002226946244800F078F8FCF7C9
:1035C0004EFEFF2038BD0020FCE738B50446221D22
:1035D00020482168FFF7C3FF40B10020009002227D
:1035E00069461A4800F063F8FF2038BD0020FCE768
:1035F00000201949088019490860704710B5044631
:10360000208815490988884214D1628813490968BD
:10361000104BC818211DFFF752FF0F480088401CAF
:103620000D49088060880D49096808440B49086005
:10363000FF2010BD0020FCE70CED00E00000FA05C3
:103640004C6200200000FE2F4C00002000140008F7
:103650000018000800A801085000002054000020B5
:103660000146088870472DE9F04105460E46174689
:10367000002407E036F814102846FDF77CFAAD1C4C
:10368000601C84B2BC42F5DBBDE8F08130B5034676
:103690000C461546002207E01846FFF7E1FF24F824
:1036A00012009B1C501C82B2AA42F5DB30BD2DE9F2
:1036B000F05F80468A461746B8F1006F02D337485C
:1036C000804501D3BDE8F09FFDF70DF9A8F1006B2F
:1036D0004FEADB25CBF34909C9F58064A74200DC3A
:1036E0003C464DE04FF0006101EBC5204A142C49E7
:1036F000FFF7CCFF00260BE009EB0600284931F864
:1037000010004FF6FF71884200D003E0701C86B2B3
:10371000A642F1DB00BFA6421BDA4FF0006101EBCD
:10372000C520FDF725F9002608E03AF8160006EB5B
:1037300009011B4A22F81100701C86B2A642F4DB74
:103740004FF0006101EBC5204A141549FFF78BFFCC
:1037500004E0224651464046FFF785FFA74200D1CC
:103760000FE06D1C4FF000090AEB440AA044381B1F
:1037700087B2B7F5806F02DD4FF4806400E03C460D
:10378000B0E700BFFDF7BBF800BF9BE713B50446E9
:10379000012201A92046FFF78AFF1CBD0000040892
:1037A0004C6A0020014600BF704700BF704770B5EB
:1037B00004460D46E1B2002005F05FFC204670BDD6
:1037C000002101604160FE498160FE4AC260CA4337
:1037D0000261FC4AD2434261704770B5034600243F
:1037E000002010E00E5C451C4D5D46EA0526851C58
:1037F0004D5D46EA0546C51C4D5D46EA056543F844
:103800002450641C001D9042ECD370BD2DE9F043A0
:10381000C0B080468946D8F80040D8F80450D8F89F
:103820000860D8F80C70402249466846FFF7D5FF7B
:1038300005EA060027EA0501084300990844E24921
:1038400008440444E00140EA54642C4404EA0500BE
:1038500026EA0401084301990844DC490844074466
:10386000380340EA1757274407EA040025EA07010E
:10387000084302990844D64908440644700440EAC3
:10388000D6363E4406EA070024EA060108430399B7
:103890000844D04908440544A80540EA9525354424
:1038A00005EA060027EA0501084304990844CA49C5
:1038B00008440444E00140EA54642C4404EA05004E
:1038C00026EA0401084305990844C449084407440A
:1038D000380340EA1757274407EA040025EA07019E
:1038E000084306990844BE4908440644700440EA67
:1038F000D6363E4406EA070024EA06010843079943
:103900000844B84908440544A80540EA95253544CB
:1039100005EA060027EA0501084308990844B24968
:1039200008440444E00140EA54642C4404EA0500DD
:1039300026EA0401084309990844AC4908440744AD
:10394000380340EA1757274407EA040025EA07012D
:1039500008430A990844A0F524404F3806447004EF
:1039600040EAD6363E4406EA070024EA0601084348
:103970000B9908449E4908440544A80540EA95254A
:10398000354405EA060027EA050108430C99084476
:10399000984908440444E00140EA54642C4404EA91
:1039A000050026EA040108430D9908449249084499
:1039B0000744380340EA1757274407EA040025EA7A
:1039C000070108430E9908448C49084406447004D2
:1039D00040EAD6363E4406EA070024EA06010843D8
:1039E0000F990844864908440544A80540EA9525EE
:1039F000354405EA070026EA07010843019908440F
:103A0000804908440444600140EAD4642C4404EA38
:103A1000060025EA06010843069908447A49084445
:103A20000744780240EAD757274407EA050024EA0A
:103A3000050108430B990844744908440644B0033F
:103A400040EA96463E4406EA040027EA0401084399
:103A5000009908446E4908440544280540EA153594
:103A6000354405EA070026EA07010843059908449A
:103A7000684908440444600140EAD4642C4404EAE0
:103A8000060025EA060108430A99084462490844E9
:103A90000744780240EAD757274407EA050024EA9A
:103AA000050108430F9908445C4908440644B003E3
:103AB00040EA96463E4406EA040027EA0401084329
:103AC00004990844564908440544280540EA153538
:103AD000354405EA070026EA070108430999084426
:103AE000504908440444600140EAD4642C4404EA88
:103AF000060025EA060108430E9908444A4908448D
:103B00000744780240EAD757274407EA050024EA29
:103B10000501084303990844444908440644B00396
:103B200040EA96463E4406EA040027EA04010843B8
:103B3000089908443E4908440544280540EA1535DB
:103B4000354405EA070026EA070108430D990844B1
:103B5000384908440444600140EAD4642C4404EA2F
:103B6000060025EA06010843029908443249084440
:103B70000744780240EAD757274407EA050024EAB9
:103B800005010843079908442C4908440644B0033A
:103B900040EA96463E4406EA040027EA0401084348
:103BA0000C990844264908440544280540EA15357F
:103BB000354485EA0600784005990844214943E0E8
:103BC0000123456789ABCDEF78A46AD756B7C7E81C
:103BD000DB702024EECEBDC1AF0F7CF52AC687472F
:103BE000134630A8019546FDD8988069AFF7448BFD
:103BF000BED75C892211906B937198FD8E4379A694
:103C00002108B44962251EF640B340C0515A5E26D1
:103C1000AAC7B6E95D102FD65314440281E6A1D895
:103C2000C8FBD3E7E6CDE121D60737C3870DD5F42E
:103C3000ED145A4505E9E3A9F8A3EFFCD9026F6733
:103C40008A4C2A8D4239FAFF08440444200140EA94
:103C500014742C4484EA0500704008990844FC4917
:103C600008440744F80240EA5757274487EA04000B
:103C700068400B990844F74908440644300440EA78
:103C800016463E4486EA070060400E990844F24911
:103C900008440544E80540EA5525354485EA060010
:103CA000784001990844ED4908440444200140EA61
:103CB00014742C4484EA0500704004990844E849CF
:103CC00008440744F80240EA5757274487EA0400AB
:103CD000684007990844E34908440644300440EA30
:103CE00016463E4486EA070060400A990844DE49C9
:103CF00008440544E80540EA5525354485EA0600B0
:103D000078400D990844D94908440444200140EA08
:103D100014742C4484EA0500704000990844D44986
:103D200008440744F80240EA5757274487EA04004A
:103D3000684003990844CF4908440644300440EAE7
:103D400016463E4486EA0700604006990844CA4980
:103D500008440544E80540EA5525354485EA06004F
:103D6000784009990844C54908440444200140EAC0
:103D700014742C4484EA050070400C990844C0492E
:103D800008440744F80240EA5757274487EA0400EA
:103D900068400F990844BB4908440644300440EA8F
:103DA00016463E4486EA0700604002990844B64938
:103DB00008440544E80540EA5525354465EA07000E
:103DC000704000990844B14908440444A00140EA05
:103DD00094642C4464EA0600684007990844AC499E
:103DE00008440744B80240EA9757274467EA0500A9
:103DF00060400E990844A74908440644F00340EA8D
:103E000056463E4466EA0400784005990844A249B3
:103E100008440544680540EAD525354465EA0700AD
:103E200070400C9908449D4908440444A00140EAAC
:103E300094642C4464EA0600684003990844984955
:103E400008440744B80240EA9757274467EA050048
:103E500060400A990844934908440644F00340EA44
:103E600056463E4466EA04007840019908448E496B
:103E700008440544680540EAD525354465EA07004D
:103E8000704008990844894908440444A00140EA64
:103E900094642C4464EA060068400F9908448449FD
:103EA00008440744B80240EA9757274467EA0500E8
:103EB0006040069908447F4908440644F00340EAFC
:103EC00056463E4466EA040078400D9908447A4913
:103ED00008440544680540EAD525354465EA0700ED
:103EE000704004990844754908440444A00140EA1C
:103EF00094642C4464EA060068400B9908447049B5
:103F000008440744B80240EA9757274467EA050087
:103F10006040029908446B4908440644F00340EAB3
:103F200056463E4466EA04007840099908446649CA
:103F300008440544680540EAD5253544D8F8000012
:103F40002044C8F80000D8F804002844C8F8040049
:103F5000D8F808003044C8F80800D8F80C003844F5
:103F6000C8F80C0040B0BDE8F0832DE9F0470446E6
:103F70000F4615460026B046B1462088C0F3C50856
:103F8000C8F14009206800EBC50020602068B0EB54
:103F9000C50F02D26068401C6060606800EB55701D
:103FA00060604D451CD304F1180101EB08004A463E
:103FB000394611F02CF804F1180104F10800FFF75C
:103FC00025FC4E4605E0B91904F10800FFF71EFC78
:103FD000403606F14000A842F5D94FF0000800E055
:103FE0000026AA1BB91904F1180303EB080011F00D
:103FF0000EF8BDE8F08770B5034614460022002095
:1040000015E011F822501D5431F82250C5F307264F
:10401000451C5E5551F82250C5F30746851C5E5578
:1040200051F822502D0EC61C9D55521C001DA04259
:10403000E7D370BD2DE9FC4104460E46002500275C
:104040002088C0F3C505382D40D2C5F138003FE0C7
:1040500081F6718722619D6D0C38E5FD44EABEA4AE
:10406000A9CFDE4B604BBBF670BCBFBEC67E9B28A3
:10407000FA27A1EA8530EFD4051D880439D0D4D9B8
:10408000E599DBE6F87CA21F6556ACC4442229F40E
:1040900097FF2A43A72394AB39A093FCC3595B65D0
:1040A00092CC0C8F7DF4EFFFD15D84854F7EA86F9D
:1040B000E0E62CFE144301A3A111084E827E53F7C3
:1040C00035F23ABDBBD2D72A91D386EBC5F1780041
:1040D0000746082221466846FFF78DFF3A46084901
:1040E0002046FFF742FF082269462046FFF73DFFC2
:1040F000102204F108013046FFF77DFFBDE8FC8186
:104100005800002070B5054600240AE02146002032
:1041100000F0B0FF81B2F84800EB44000180601C61
:10412000C4B2082CF2DB00240BE02146012000F091
:10413000A1FF81B2F048203000EB44000180601CF8
:10414000C4B2082CF1DB00240BE02146022000F071
:1041500091FF81B2E848403000EB44000180601CD0
:10416000C4B2082CF1DB70BD70470020E34981F830
:10417000A10281F8A0024FF4FA70A1F88C0200208D
:10418000A1F89202A1F89002A1F88E02012081F814
:104190008A02002081F8880281F8A20281F889024F
:1041A00081F8A30281F8810281F88002142081F84D
:1041B0008202704770477047D04890F8820270477B
:1041C00010B50446CD4890F8820208B9002010BD11
:1041D000CA4991F88012C94A02EB411020222146B7
:1041E000FFF740F8C54890F88002401CC34981F8A9
:1041F0008002084690F88202401E81F8820208463A
:1042000090F88002142802D1002081F88002FF205B
:10421000DDE710B50446B94890F88202142801D1B0
:10422000002010BDB54890F88102B44A02EB40115D
:1042300020222046FFF716F8B04890F88102401C73
:10424000AE4981F88102084690F88202401C81F84C
:104250008202084690F88102142802D1002081F8D9
:1042600081020120DDE7F0B589B004460D4616460F
:104270001F46F1B28DF8121000218DF813100020A6
:104280008DF81000E9B28DF8111005940797002100
:10429000029103918DF800006846FFF791FF09B085
:1042A000F0BD2DE9F04389B080460C4616461F4606
:1042B000DDF840902546A9788DF81210E9788DF840
:1042C000131028788DF8100069788DF81110CDF84A
:1042D0001890CDE902678DF800806846FFF770FFFF
:1042E00009B0BDE8F083854981F8A2027047834890
:1042F00090F8A202704770B50446207C00F094FF4D
:10430000002848D102207D4981F8A002207C00F0DD
:104310005FFF48BB7948B0F88C02B0F5967F51DA60
:10432000207C02F043FC18B9207C02F02CFC20B168
:10433000E07C401EE074012070BD7048B0F88C0233
:1043400000283FD16D4890F8A10258B101206B4977
:1043500081F8A002084690F8A102401E81F8A1024F
:104360000220E9E70320E7E7207C00F031FF054663
:10437000012D0ED1207C02F019FC18B9207C02F02E
:1043800002FC20B1E07C401EE0740520D4E704204C
:10439000D2E70620D0E7207C00F037FF012811D1BA
:1043A000207C02F003FC18B9207C02F0ECFB48B141
:1043B000E07C401EE074627CA17C207C00F045FE25
:1043C0000120B9E70020B7E770B5044600264C4845
:1043D000007830B1012811D0022828D003280CD150
:1043E00051E00020454981F8A002012044490870AD
:1043F0004FF47A704149A1F8920297E0627CA17C67
:10440000207C00F0F3FD88B1207C02F0CFFB207C03
:1044100002F0B9FB4FF4FA703849A1F88C0202207F
:104420003749087014203549A1F892027EE0207CBB
:1044300000F0FAFE022825D1207C02F0B7FB207C98
:1044400002F0A1FB01F0C1F920B12C4890F8A002C4
:10445000012804D10020294981F8A10203E00120AC
:10446000264981F8A1020120244981F8A0020320F5
:10447000234908704FF47A702049A1F89202401045
:10448000A1F88C0252E02046FFF735FF0546072DC4
:104490004AD2DFE805F004050E172037400043E05C
:1044A000FF2600201649087014201449A1F8920232
:1044B0003AE00120124908704FF47A700F49A1F8D0
:1044C000920231E0032600200D49087014200B49A8
:1044D000A1F8920228E0627CA17C207C00F0DDFD46
:1044E00008B1042600E001260020054908701420C8
:1044F0000249A1F8920217E06501002050720020E5
:10450000C501002005260020FB4908701420FB4946
:10451000A1F8920208E002260020F7490870142052
:10452000F649A1F8920200BF00BF00BF00BFF348E8
:10453000B0F8920218B90E260020EF4908703046F4
:1045400070BD00B5ED4890F8A00202280BD1EB48F1
:10455000B0F88C02002806DDE848B0F88C02401E56
:10456000E649A1F88C02E548B0F89602642807DA1B
:10457000E248B0F89602401CE049A1F8960205E036
:10458000FFF7F2FD0020DD49A1F89602DB48B0F804
:104590009202002806DDD948B0F89202401ED749A1
:1045A000A1F89202D548B0F89002002806DDD34861
:1045B000B0F89002401ED149A1F89002CF48B0F85F
:1045C0008E02002806DDCD48B0F88E02401ECB4991
:1045D000A1F88E02C948B0F89402002806DDC74849
:1045E000B0F89402401EC549A1F89402C348B0F83F
:1045F0009802002806DDC148B0F89802401EBF4965
:10460000A1F89802BD48B0F89A02002806DDBB4820
:10461000B0F89A02401EB949A1F89A02B748B0F81A
:104620009C02002806DDB548B0F89C02401EB34944
:10463000A1F89C0200BD437A00F10A0202EB83025A
:104640001160427A521C427270470146487A0A222F
:1046500002EB800070477CB5A84890F8A2020F28B2
:1046600073D2DFE800F00872A7727272723E73F1C3
:10467000497EF0EF3A00A248FFF7CBFDE8B10120F8
:104680009E4981F889029E48807C9E4988709C489A
:10469000C07CC8709A48007C08709948407C48707B
:1046A0009748406948600020487208720120C1F8AC
:1046B0002A000E20FFF717FE0EE09048B0F89E0289
:1046C00050B18E48B0F89C0230B900208B49A1F857
:1046D0009E0202200FF065F852E10220FFF703FE70
:1046E0004EE141F6583364220121002003F0D4F951
:1046F0000A20FFF7F8FD43E1002003F0F0F918BBB2
:10470000002003F003FA38B97F497E48FFF793FF92
:104710000220FFF7E8FD17E07B4966317948FFF793
:104720008AFF7748C06930B1764BD3F82A105868B1
:10473000734BDA699047734AD2F82A10506800F038
:10474000B4FD0020FFF7CFFD1AE118E141F6583320
:1047500064220021084603F09FF90B20FFF7C3FDF8
:104760000EE1002003F0BBF918BB002003F0CEF9E6
:1047700038B965496348FFF75EFF0220FFF7B3FDD4
:1047800017E0614969315F48FFF755FF5C48C06930
:1047900030B15C4BD3F82A105868594BDA6990470E
:1047A000584AD2F82A10506800F07FFD0020FFF729
:1047B0009AFDE5E05248FFF707FE04462046042C28
:1047C00034D007DC68B101280CD0022816D00328A9
:1047D00065D11FE0052838D00E2845D0FF285ED1CE
:1047E0004EE05CE008200EF0DCFF4FF49770454986
:1047F000C1F82A000D20FFF776FD50E008200EF0EA
:10480000D0FF4FF497703F49C1F82A000D20FFF701
:104810006AFD44E008200EF0C4FF40F22D10394933
:10482000C1F82A000D20FFF75EFD38E008200EF0E9
:10483000B8FF4FF497703349C1F82A000D20FFF7F5
:1048400052FD2CE02DE06CE060E02E49087802F08B
:10485000F9FF07200EF0A5FF02202A49C1F82A001F
:104860000D20FFF740FD1AE008200EF09AFF40F2FD
:104870002F102449C1F82A000D20FFF734FD0EE067
:104880002049087802F0DEFF07200EF08AFF0220A0
:104890001C49C1F82A000D20FFF725FD00BF00BF0D
:1048A0006EE01748C06930B1164BD3F82A1058682B
:1048B000134BDA6990471348D0F82A0040F22D11C3
:1048C000884201D1012000E0002010B1662005F0EF
:1048D000CDFE0C4AD2F82A10506800F0E6FC002009
:1048E000FFF701FD01200549A1F89E024FF4FA707F
:1048F000A1F89C0244E00000C50100205072002095
:10490000F874002018750020E0A5010041F6583326
:1049100064220021084603F0BFF80C20FFF7E3FCF7
:104920002EE0002003F0DBF840BB002003F0EEF89F
:1049300020B914491448FFF77EFE04E0114969319B
:104940001148FFF778FE1148806970B10E48FFF7F3
:104950007CFE85B20D48C1688068CDE900010B4935
:1049600008782A468B6908499847074AD2F82A10DE
:10497000506800F09AFC0020FFF7B5FC00E000BF93
:1049800000BF7CBDE0A5010018750020F874002070
:1049900010B5044614B902F089FC10BD3A4800EB8A
:1049A000C400C079F9E710B504461CB902F081FCD7
:1049B000C0B210BD344800EBC4008079F9E710B5EF
:1049C000324800F0FCF8314B9A7859781B7803F0A4
:1049D000010002F072FC04222C492B48FEF742FC35
:1049E00004222A49091D28480830FEF73BFC04220E
:1049F0002649083124481030FEF734FC10BD38B584
:104A000005460C46207820B9E278A178607802F05B
:104A100054FC617820781D4A12F8200061F30000F0
:104A2000217802F82100A078217802EB81014870FA
:104A3000E07840B2217802EB81018870104600F0E6
:104A4000A6F861782078104A12F8300061F300006F
:104A5000217802F83100A078217802EBC10148707A
:104A6000E07840B2217802EBC101887020788DF89F
:104A7000000000208DF8020001208DF801000020C8
:104A80008DF8030038BD0000467500205E750020DB
:104A90000146F84830F811007047F74890F8FE00DA
:104AA0007047F54890F8FC007047F0B503460024C5
:104AB00000201A4600BF03E015682844121D641C3C
:104AC000B4EB910FF8D301F0030555B101F00306E3
:104AD000C6F10406F7004FF0FF36FE40156835407A
:104AE0002844F0BD02460B46002104E0505C08B1AA
:104AF00000207047491C9942F8D3FF20F9E710B510
:104B0000DE48DF4908604FF43171DD480068FFF787
:104B1000CCFF0446DA480068D0F8C402A04226D18F
:104B2000F4B94FF43171D6480068FFF7DBFFFF2876
:104B30000FD14FF43171D048FFF7B7FF0446CE488C
:104B4000C0F8C4424FF4B2720146CC48FEF7AFFD44
:104B50001CE04FF4B272C849C848FEF797FD15E053
:104B60004FF4B272C449C548FEF790FD0EE04FF411
:104B70003171C148FFF799FF0446BF48C0F8C442ED
:104B80004FF4B2720146BD48FEF791FD10BD70B5FD
:104B900004460C222146B8482430FEF763FB4FF44C
:104BA0003171B548FFF781FF0546B348C0F8C452DC
:104BB0004FF4B2720146B148FEF779FD70BD10B5F1
:104BC00004460C22AC4924312046FEF74BFB10BDB5
:104BD00070B50446CC222146A7483030FEF742FB90
:104BE0004FF43171A448FFF760FF0546A248C0F8B2
:104BF000C4524FF4B2720146A048FEF758FD70BD92
:104C000010B50446CC229C4930312046FEF72AFBE1
:104C100010BD70B50446242221469748FEF722FBBA
:104C20004FF431719448FFF740FF05469248C0F8B1
:104C3000C4524FF4B27201469048FEF738FD70BD81
:104C400010B5044624228C492046FEF70BFB10BD0C
:104C500070B504468022214686482030FEF702FBCC
:104C60004FF431718448FFF720FF05468248C0F8B1
:104C7000C4524FF4B27201468048FEF718FD70BD71
:104C800010B5044680227B4920312046FEF7EAFA1F
:104C900010BD70B505460C46224629467548A3301E
:104CA000FEF7E0FA744880F8A1414FF43171FFF744
:104CB000FCFE06467048C0F8C4624FF4B27201466A
:104CC0006E48FEF7F4FC70BD70B505460C462246F2
:104CD00029466848C330FEF7C5FA674880F8A24104
:104CE0004FF43171FFF7E1FE06466348C0F8C46235
:104CF0004FF4B27201466148FEF7D9FC70BD10B5A1
:104D000004465D4890F8A12100F2A3112046FEF769
:104D1000A9FA10BD10B50446574890F8A22100F238
:104D2000C3112046FEF79EFA10BD534890F8A20129
:104D3000704770B50446504880F8A0414FF4317177
:104D4000FFF7B3FE05464C48C0F8C4524FF4B272A8
:104D500001464A48FEF7ABFC70BD474890F8A001F9
:104D6000704710B50024474847490860C4214648A9
:104D70000068FFF79AFE044643480068D0F8C40074
:104D8000A04221D1D4B94048006800884AF2A0016D
:104D900088420DD0C4213D48FFF787FE04463B48BA
:104DA000C0F8C440642201463648FEF780FC18E093
:104DB000642236493348FEF769FC12E06422334925
:104DC0003048FEF763FC0CE0C4213048FFF76DFE6D
:104DD00004462E48C0F8C440642201462948FEF724
:104DE00066FC10BD10B5044654222849091D204612
:104DF000FEF738FA10BD70B5044654222146234808
:104E0000001DFEF72FFAC4212048FFF74EFE05468D
:104E10001E48C0F8C450642201461A48FEF747FCF9
:104E200070BD10B504462022184958312046FEF7BF
:104E300019FA10BD70B50446202221461348583097
:104E4000FEF710FAC4211148FFF72FFE05460F4860
:104E5000C0F8C450642201460A48FEF728FC70BD21
:104E600010B504462A22094978312046FEF7FAF99E
:104E700010BD0000CC020020CC01002000D80308A7
:104E8000C801002000EC03089404002098040020CE
:104E900070B504462A2221465148FEF7E3F9C421A1
:104EA0004F487838FFF701FE05464D487838C0F87E
:104EB000C450642201464B48FEF7F9FB70BD10B5A3
:104EC0000446202246492A312046FEF7CBF910BD80
:104ED00070B504462022214641482A30FEF7C2F927
:104EE000C4213F487838FFF7E0FD05463C48783854
:104EF000C0F8C450642201463A48FEF7D8FB70BDA2
:104F000008B500200090012269463748FEF7BEFB35
:104F1000BDF8000008BD08B50020009001226946D8
:104F20003148801CFEF7B2FBBDF8000008BD08B593
:104F300000200090012269462B48001DFEF7A6FBC9
:104F4000BDF8000008BD08B50020009001226946A8
:104F50002548801DFEF79AFBBDF8000008BD70B51E
:104F600004460D46B4F57A6F09DAC4EBC4011E4A53
:104F7000083202EB81000E222946FEF787FB70BD46
:104F800070B504460D46B4F57A6F09DAC4EBC40176
:104F9000154A083202EB81000E222946FEF787FBF4
:104FA00070BD01B5012269460F48FEF780FB08BDC0
:104FB00001B5012269460C48801CFEF778FB08BD4C
:104FC00001B5012269460848001DFEF770FB08BDC7
:104FD00001B5012269460448801DFEF768FB08BD43
:104FE0001005002000EC030800A8010870B5044675
:104FF0000E46154624B92946304600F0F9FA70BD30
:1050000004EB840000EBC4008F4901EBC000807802
:1050100008B10020F3E7012004EB840101EBC40197
:10502000894A02EBC101087104EB840000EBC40063
:10503000114601EBC000867104EB840000EBC40054
:1050400001EBC0004571FF20D9E770B504460D465D
:10505000164624B93146284600F0DAFA70BD002021
:1050600004EB840101EBC401774A02EBC101087132
:1050700000BFF3E770B504460D461CB9284600F0A2
:10508000CCFA70BD04EB840000EBC4006E4901EB68
:10509000C000083050F82500F3E770B504460E460E
:1050A00015466CB929462046FFF7E4FF04EB84015E
:1050B00001EBC401644A02EBC101083141F825004B
:1050C00004EB840000EBC4005F4901EBC000083032
:1050D00050F825100120B040014009B1012070BDF9
:1050E0000020FCE7024602EB820000EBC200564BB8
:1050F00003EBC000283050F831007047024602EB45
:10510000820000EBC200504B03EBC00040787047B8
:1051100070B504460E4615466CB929462046FFF781
:10512000E1FF04EB840101EBC401474A02EBC1013A
:10513000283141F8350004EB840000EBC4004249FB
:1051400001EBC000283050F835100120B04001407C
:1051500009B1012070BD0020FCE770B504460D4682
:105160001CB9284600F008FB70BD04EB840000EB7E
:10517000C400354901EBC000283000EBC500406891
:10518000F2E770B504460E46154674B92946204626
:10519000FFF7E3FF04EB840101EBC4012A4A02EBB1
:1051A000C101283101EBC501486004EB840000EB2C
:1051B000C400254901EBC000283000EBC500406861
:1051C0000121B140084008B1012070BD0020FCE77A
:1051D00010B5044614B900F0F0FA10BD04EB8400D9
:1051E00000EBC400184901EBC0004078F5E710B5AA
:1051F000044614B900F0E5FA10BD04EB840000EB9E
:10520000C400114911F83000F6E710B5044614B98E
:1052100000F0DBFA10BD04EB840000EBC4000A4987
:1052200001EBC000C078F5E710B5044614B900F0F2
:1052300097FA10BD04EB840000EBC400024901EBB7
:10524000C0008078F5E700006C75002070B588B06C
:105250000546FFF760FE064600240AE0A0B201A959
:10526000FFF77DFE0398A84202D1012008B070BD6F
:10527000641CB442F2D30020F8E770B588B005464C
:10528000FFF749FE064600240AE0A0B201A9FFF795
:1052900066FE0398A84202D1069808B070BD641C4F
:1052A000B442F2D340F22F10F7E7F0B587B00546CD
:1052B0000E46FFF730FE074600240DE0A0B2694617
:1052C000FFF74DFE0298A84205D10596A0B26946A7
:1052D000FFF756FE02E0641CBC42EFD300BF07B0EC
:1052E000F0BDF0B587B007461C2239466846FDF789
:1052F000B9FFFFF710FE0546FFF719FE0646FFF758
:1053000022FE0446069469462046FFF739FEB5F5AD
:105310007A6F0ADA681C85B240F69F70844202DA1E
:10532000601C84B211E000240FE040F69F708442BC
:1053300002DA601C84B200E0002440F69F708642CE
:1053400002DA701C86B200E000262846FFF730FE25
:105350003046FFF735FE2046FFF73AFE07B0F0BDB6
:105360002DE9F04F9BB004460D4617464FF0000B59
:10537000D94620887E49A0FB0110A0787D4A504381
:105380000918E0787C4A00FB02F00918207942F203
:10539000107200FB02F0091860794FF0640200FB04
:1053A00002F00918A07908181A9028887049A0FB03
:1053B0000110A8786F4A00FB02F00918E8786E4ADD
:1053C00000FB02F00918287942F2107200FB02F08B
:1053D000091868794FF0640200FB02F00918A879F7
:1053E00008181990FFF797FD8246C84654E01FFA47
:1053F00088F012A9FFF7B3FDBDF848005C49A0FB97
:1054000001109DF84A005B4A504309189DF84B0073
:10541000594A00FB02F009189DF84C0042F2107244
:1054200000FB02F009189DF84D004FF0640200FBEC
:1054300002F009189DF84E000E181A98864229D3DA
:105440001998864226D8BBF5787F00DB26E009F163
:105450000109DDE91423DDE91610CDE90423CDE9C6
:1054600006109DF84E009DF84D109DF84C209DF8BB
:105470004B30CDE90032CDE902109DF84A30BDF83D
:1054800048203EA109A80FF081FB1FB109A93846A9
:105490000FF0B1FD08F10108D045A8D300BF484680
:1054A0001BB0BDE8F08F2DE9F04399B004460D46DE
:1054B0004FF000090027FFF72EFD8046002639E057
:1054C000B0B212A9FFF74BFDBDF848002188884211
:1054D0002FD19DF84A00A17888422AD19DF84B002F
:1054E000E178884225D1B9F5BF5F00DB24E07F1C5D
:1054F000DDE91423DDE91610CDE90423CDE906101A
:105500009DF84E009DF84D109DF84C209DF84B30B5
:10551000CDE90032CDE902109DF84A30BDF84820AF
:105520001EA109A80FF032FB1DB109A928460FF0F2
:1055300062FD761C4645C3D300BF384619B0BDE8AE
:10554000F08310B50024FFF7DBFC0446012C0CD0DF
:105550000020FFF72DFD0020FFF732FD0020FFF7B0
:1055600037FD0120FFF71DFD01E000BF00BF10BDAA
:1055700000E40B5400E1F50540420F00253464259A
:1055800032642532642532642532642532642F2545
:10559000642F25642F25642F25642300253034646F
:1055A000253032642530326425303264253032644F
:1055B000253032642F25642F25642F25642F256420
:1055C0002300000010B500240CE0002104EB44008F
:1055D00000EB0412FE4840F82210603840F8241016
:1055E000601CC4B2082CF0DB00F06CFE10BD7047EC
:1055F0000246F7487838807C08B1002070470120C7
:10560000F34B783B1875184682754175FF20F5E716
:105610000022EF4B783B1A7570470146EC48603822
:1056200050F8210070470246E948603850F82100E0
:1056300001239340184008B1012070470020FCE787
:105640000146E348403850F8310070470146E048D1
:105650007838407C704710B50246DD48403850F835
:1056600031000124944000EA04030BB1012010BD75
:105670000020FCE730B5024601EB410000EB0114CD
:10568000D34800EB840040680124944000EA0403FE
:1056900093B101EB410000EB0114CD4800EB840015
:1056A0004068984301EB410404EB0115C84C04EB3E
:1056B00085046060012030BD0020FCE730B5024663
:1056C00001EB410000EB0114C14800EB840080684D
:1056D0000124944000EA040393B101EB410000EB84
:1056E0000114BB4800EB84008068984301EB41043F
:1056F00004EB0115B64C04EB8504A060012030BD1D
:105700000020FCE710B5024601EB410000EB01145C
:10571000AF4850F824000124944000EA04030BB180
:10572000012010BD0020FCE7024601EB410000EB28
:105730000113A74800EB83000C3030F812007047CB
:10574000A3487838C0687047024601EB410000EB7F
:1057500001139F4800EB83002C3030F81200704793
:105760009B487838807C704799487838017D09B12A
:10577000012070470020FCE701469548403800EBC7
:10578000C1004068704710B502469148403800EBB0
:10579000C10040680124944000EA04030BB10120D9
:1057A00010BD0020FCE702460B4689487838417C52
:1057B00009B1012070470020FCE785487838407C1B
:1057C000704783487838007C704781487838C07CBF
:1057D000704710B57E487838007D38B100207D498B
:1057E00008707D4908707D49087010BD79480078BF
:1057F000052808DA77480078401C76490870764812
:10580000007800F00EFB7348007805287ED17348BD
:105810000178022000F0C0FE88B16D4860386F4901
:10582000097850F821006C490A7801219140084319
:1058300067496039694A127841F8220010E06448EB
:1058400060386649097850F8210063490A780121D7
:10585000914088435E496039604A127841F82200DD
:105860005E480178012000F097FEB8B15B480078EF
:1058700000EB400101EB0011554850F8210056495A
:105880000A780121914008435449097801EB41020B
:1058900002EB01124E4941F8220016E04F48007811
:1058A00000EB400101EB0011494850F821004A4942
:1058B0000A780121914088434849097801EB410267
:1058C00002EB0112424941F82200444801780120CC
:1058D00000F0C0FEC0B14148007800EB400101EB90
:1058E00000113B4800EB810040683B490A780121E8
:1058F000914008433949097801EB410202EB01125A
:10590000334901EB82014860344800E036E0017819
:10591000012000F07AFEC0B13048007800EB400171
:1059200001EB00112A4800EB810080682A490A78BF
:105930000121914008432949097801EB410202EB1A
:105940000112234901EB820188600020214908707F
:1059500022480078401C2149087008460078082831
:105960000CD1002008701C480078401C1A490870AF
:1059700008460078102801D10020087000F09EFC35
:1059800013497839C86000BF2FE770B510487838E0
:10599000007D18B10E487838807C00B970BD0C4885
:1059A0007838857D447D284600F03BFA2146012069
:1059B00000F0F2FDD0B104EB440000EB0411044808
:1059C00050F821000121A940084304EB440107E0FD
:1059D0001C77002060050020610500206205002082
:1059E00001EB0412F94941F8220010E004EB4400F5
:1059F00000EB0411F54850F821000121A94088432B
:105A000004EB440101EB0412F04941F82200214665
:105A1000012000F01FFE90B104EB440000EB0411E4
:105A2000EA4800EB810041680120A840014304EBF3
:105A3000440000EB0412E54800EB8200416021467F
:105A4000012000F0E2FD90B104EB440000EB0411F2
:105A5000DE4800EB810081680120A840014304EB8F
:105A6000440000EB0412D94800EB8200816021461B
:105A7000012000F014FE014604EB440000EB041288
:105A8000D24800EB82000C3020F81510214601208E
:105A900000F011FE04EB440101EB0412CB4901EBD1
:105AA00082012C3121F8150000F008FCC749783933
:105AB000C86000BF72E710B5FFF78BFEFFF765FF08
:105AC00010BD2DE9F0410125FFF783FEFFF75DFFD3
:105AD000BE487838007D28B9BC487838807C08B941
:105AE000BDE8F081B9487838007D40B90021B74859
:105AF0007838817400F082F900F072F96BE1B348F4
:105B00007838807C30B1B1487838C088401CAF49C3
:105B10007839C880AD487838807CF8B94FF4167071
:105B2000AA49783988800121A848783881740020F2
:105B3000A6497839C88048800021A4487838417443
:105B40000020A249783948810874887D00F069F9FD
:105B50009E497839487D00F0FEFA3CE19B48783850
:105B6000C088052820D1994A783A517D907DFFF769
:105B7000A5FD964A783A517D907DFFF77BFD934ACB
:105B8000783A517D907DFFF7BDFD20B101218F480E
:105B90007838C17403E000218C487838C174022140
:105BA0008A487838817416E188487838C088052892
:105BB000A4DD864878384088C0B384487838C088E7
:105BC000824978394988401A282897DD7F487838F3
:105BD000867D477D807D05FA00F47C487838417DDC
:105BE000383000EBC1004068A043784978394A7DDD
:105BF000383101EBC201486074487838417D383053
:105C000050F83100A043714978394A7D383141F864
:105C10003200002038394880087500216B487838F8
:105C2000817400F0EBF800F0DBF8D4E0FFE7674A9E
:105C3000783A517D907DFFF741FD00284FD06348B1
:105C40007838867D477D39463046FFF76DFD6428FC
:105C500044DD39463046FFF767FDB0F5167F30DD8D
:105C60005A487838807D05FA00F400205749783981
:105C700008740846417D383000EBC1004068A043FD
:105C8000524978394A7D383101EBC20148604F48AA
:105C90007838417D383050F83100A0434B4978398D
:105CA0004A7D383141F83200002038394880087583
:105CB000002146487838817400F0A0F800F090F890
:105CC0000CE039463046FFF72FFD642806DD012041
:105CD0003E49783908740846C08848807BE03B48D4
:105CE0007838C088394978398988884224D137483A
:105CF0007838807D05FA00F434487838417D3830B2
:105D000000EBC10040682043304978394A7D383182
:105D100001EBC201486001212C4878384174002011
:105D20002A4978390875002128487838817400F0AC
:105D300065F800F055F84EE0FFF702FD06464FF01B
:105D40007E5112F097F92FD2204878384089962852
:105D500007DA1E4878384089401C1C497839488148
:105D600039E01A487838807D05FA00F41748783809
:105D7000417D383050F831002043144978394A7D4C
:105D8000383141F83200022110487838417400203F
:105D90000E497839087500210C487838817400F074
:105DA0002DF800F01DF816E008487838C0886428FF
:105DB00011D1064A783A517D907DFFF7A3FC38B1A6
:105DC000002002497839087405E000001C770020A3
:105DD00001200249087400BF82E60000A47600207A
:105DE0000020F7490860F749C1F88401F4490839EF
:105DF0000860F5490860091F086070470020F049F5
:105E0000091D0860EF49C1F89001ED490C310860A7
:105E1000EE490860EA4910310860EA49C1F89C017E
:105E200070470021E64A121D1160E64AC2F890113F
:105E3000E34A0C321160E54A1160E14A1032116008
:105E4000E04AC2F89C11102873D2DFE800F0081C69
:105E500031475C738AA0B5CBE2FCFBFAF9F800216C
:105E6000D74A121D1160D74AC2F89011D44A0C3299
:105E70001160D64A1160D24A103211600121D14A14
:105E8000C2F89C1165E10121CD4A121D116000216B
:105E9000CC4AC2F89011CA4A0C321160CB4A116048
:105EA000C74A103211600121C64AC2F89C1150E164
:105EB0000021C34A121D11600121C24AC2F890118B
:105EC0000021BF4A0C321160C04A1160BC4A103236
:105ED00011600121BB4AC2F89C113AE10121B84A84
:105EE000121D1160B74AC2F890110021B44A0C3259
:105EF0001160B64A1160B24A103211600121B14AF4
:105F0000C2F89C1125E10021AD4A121D1160AD4A75
:105F1000C2F890110121AA4A0C3211600021AB4A4B
:105F20001160A74A103211600121A64AC2F89C11E3
:105F30000FE1FBE00121A24A121D11600021A14ADC
:105F4000C2F8901101219E4A0C32116000219F4A33
:105F500011609B4A1032116001219A4AC2F89C11CB
:105F6000F7E00021964A121D11600121954AC2F8FE
:105F70009011934A0C3211600021944A1160904AAA
:105F80001032116001218F4AC2F89C11E1E0012119
:105F90008B4A121D11608B4AC2F89011884A0C324C
:105FA00011600021894A1160854A10321160012177
:105FB000844AC2F89C11CCE00021814A121D116074
:105FC000804AC2F890117E4A0C32116001217F4A4A
:105FD000116000217A4A103211600121794AC2F819
:105FE0009C11B6E00121764A121D11600021754A0C
:105FF000C2F89011724A0C3211600121734A11608B
:1060000000216F4A1032116001216E4AC2F89C11C2
:106010009FE000216A4A121D11600121694AC2F8FD
:1060200090110021664A0C3211600121674A11600B
:106030000021634A103211600121624A04E060E0ED
:1060400049E031E01AE002E0C2F89C1181E0012150
:106050005B4A121D11605B4AC2F890110021584A38
:106060000C3211600121594A11600021544A10324A
:1060700011600121534AC2F89C116AE00021504A84
:10608000121D11604F4AC2F8901101214C4A0C3286
:1060900011604E4A11600021494A103211600121FD
:1060A000484AC2F89C1154E00121454A121D116072
:1060B0000021444AC2F890110121414A0C3211607A
:1060C000424A116000213E4A1032116001213D4ACE
:1060D000C2F89C113DE00021394A121D11600121D6
:1060E000384AC2F89011364A0C321160374A1160B2
:1060F0000021334A103211600121324AC2F89C114A
:1061000027E001212E4A121D11602E4AC2F890117B
:106110002B4A0C3211602D4A11600021284A10329E
:1061200011600121274AC2F89C1112E00021244A83
:10613000121D1160234AC2F89011214A0C321160DD
:10614000224A11601E4A103211601E4AC2F89C1188
:1061500000BF00BF70470021194A1160194AC2F8F8
:106160008411174A083A1160174A1160121F116012
:10617000082871D2DFE800F004132C3D4D5E7182D7
:1061800000210F4A11600F4AC2F884110C4A083AE4
:1061900011600D4A11600121121F11608CE0012174
:1061A000074A11600021074AC2F88411044A083ADC
:1061B0001160054A11600121121F11607CE000008E
:1061C0008881224200802242B001224294812142F1
:1061D0000021514A11600121504AC2F88411002166
:1061E0004D4A083A11604E4A11600121121F116098
:1061F00062E00121484A1160484AC2F88411002136
:10620000454A083A1160464A11600121121F116087
:1062100052E00021404A1160404AC2F88411012135
:106220003D4A083A116000213D4A11600121121FC8
:10623000116041E00121384A11600021374AC2F85B
:1062400084110121344A083A11600021344A116056
:106250000121121F11602FE020E000212E4A116061
:1062600001212E4AC2F884112B4A083A11600021FC
:106270002B4A11600121121F11601DE00121264AE5
:106280001160264AC2F88411234A083A116000219D
:10629000234A11600121121F11600DE000211E4AE6
:1062A00011601E4AC2F884111B4A083A11601C4A48
:1062B0001160121F116000BF00BF704710B500F0E1
:1062C00027FD10BD08B501216020FBF74DF9012124
:1062D0001448FAF7F8FE10208DF8030003208DF81B
:1062E0000200FF20ADF8000069460F48FAF71AFED9
:1062F0002020ADF8000069460C48FAF713FE4FF471
:10630000C050ADF8000069460948FAF70BFEFFF7E8
:1063100067FDFFF773FD08BD88812242008022429D
:10632000B00122420002300000140140000C014084
:106330000010014000B591B001214FF40670FBF749
:1063400013F901210846FBF702F900208DF82F0010
:1063500003208DF82E003020ADF82C000BA94F48FB
:10636000FAF7E0FD0120ADF82C000BA94C48FAF734
:10637000D9FD4C48FCF76EFA4A484C3000904A4828
:106380000190002002901E200390002004908020A5
:1063900005904000069080000790202008900002A1
:1063A000099000200A9069464048FAF7F5F9012162
:1063B0003E48FAF71CFA00200C9001208DF83400BA
:1063C0008DF835004FF460200E9000200F900320D0
:1063D0008DF840000CA93348FCF763FA062301222C
:1063E0000E213048FCF7F5FA062302220F212D4832
:1063F000FCF7EFFA0623032208212A48FCF7E9FA02
:1064000001212848FCF779FA01212648FCF780FA97
:1064100001212448FCF7B1FA01212448FAF7E7F9F1
:106420002048FCF78CFA00BF1E48FCF78DFA0028C4
:10643000FAD11C48FCF792FA00BF1A48FCF793FA0D
:106440000028FAD101211748FCF797FA01211748D3
:10645000FAF7CDF911B000BD10B503460021022BAB
:1064600001DD002010BD002209E002EB42000E4CCD
:1064700004EB400030F813000144501CC2B20A2A59
:10648000F3DB0A20B1FBF0F1B1FBF0F400FB1410D8
:10649000052800D9491C88B2E4E70000001001403B
:1064A000000C0140002401407C79002008000240DB
:1064B00010B50A4600210AE000EB4003C3EB80144C
:1064C000D64B03EB8403D0335A544B1CD9B200EBA8
:1064D0004003C3EB8014D14B13F824308B42EBDC28
:1064E00010BD10B500F0DCFC3F20CC490839086035
:1064F0000620486002200872C949C8480838C0F818
:10650000F81005210020FFF7D3FF0821C348083801
:1065100080F8FC10C349C0F8EC1105210120FFF7F9
:10652000C7FF0821BD48083880F8F011BE49C0F8FF
:10653000E01205210220FFF7BBFF0621B74808380B
:1065400080F8E412B949C0F8D41305210320FFF7FD
:10655000AFFF0621B148083880F8D813B449C0F815
:10656000C81405210420FFF7A3FF0421AB48083815
:1065700080F8CC14AF49C0F8BC1505210846FFF7D8
:1065800097FF10BD014601EB4100C0EB8112A3480B
:1065900000EB820040687047024602EB4200C0EB0D
:1065A00082139E4800EB8300406801238B40184013
:1065B00008B1012070470020FCE710B5014601EB4F
:1065C0004102C2EB8113954A02EB8302D06800239B
:1065D00001EB4102C2EB8114904A02EB8402D360CA
:1065E00010BD10B5014601EB4102C2EB81138B4A8D
:1065F00002EB83029068002301EB4102C2EB81149D
:10660000864A02EB8402936010BD10B5024602EB8D
:106610004200C0EB8213814800EB8300C068012375
:106620008B401840A0B102EB4200C0EB82137B48C4
:1066300000EB8300C06801238B40984302EB4203C8
:10664000C3EB8214754B03EB8403D860012010BDAB
:106650000020FCE710B5024602EB4200C0EB8213BB
:106660006E4800EB8300806801238B401840A0B186
:1066700002EB4200C0EB8213684800EB83008068A5
:1066800001238B40984302EB4203C3EB8214634B1C
:1066900003EB84039860012010BD0020FCE7024654
:1066A00002EB4200C0EB82135C4800EB8300103029
:1066B00030F811007047024602EB4200C0EB821333
:1066C000564800EB8300503030F81100704710B589
:1066D00000F066FD10BD2DE9F041044601270025BC
:1066E0007AE007FA05F62846D4F8F0108847C0B3D8
:1066F00004F19000405D20B9002104F1100020F861
:10670000151004F1100030F815004FF6FF718842A3
:1067100009DA04F1100030F81500401C81B204F1D0
:10672000100020F8151004F19000415D4030405DEC
:10673000814208DA04F19000405D401CC1B204F1CE
:106740009000415546E060683040A8BB002104F14C
:10675000B0004155606830436060A0683043A0607D
:1067600038E0FFE704F1B000405D20B9002104F1FA
:10677000500020F8151004F1500030F815004FF6C5
:10678000FF71884209DA04F1500030F81500401C0E
:1067900081B204F1500020F8151004F1B000415D01
:1067A0002030405D814208DA04F1B000405D401CB9
:1067B000C1B204F1B00041550CE06068304048B10E
:1067C000002104F1900041556068B0436060E068CA
:1067D0003043E060681CC5B22078A84281DCBDE887
:1067E000F08170B50126002411E006FA04F50B488B
:1067F00008380068284040B104EB4401C1EB841222
:10680000064901EB8200FFF766FF601CC4B2034833
:1068100008384068A042E8D870BD0000C079002068
:106820003F6F00085F6F0008F16F00088570000877
:10683000D5700008257100080146F848C06801229B
:106840008A40104008B1012070470020FCE7014653
:10685000F248806901228A40104008B10120704747
:106860000020FCE710B5FFF765FDFFF73AFE10BD0D
:10687000017801290AD14168B1F57A7F03D24168D4
:10688000491C416005E00121C17002E00021C17096
:106890004160704710B5FFF7A4FF03210420FFF704
:1068A0007BFEDF49087003210420FFF7D3FEDC499B
:1068B00049780843DA49487003210420FFF7A5FE10
:1068C000D74989780843D64988700846FFF7D0FF32
:1068D00000210846FFF760FED14981F82800002119
:1068E0000846FFF7B7FECE4991F829100843CC4976
:1068F00081F8290000210846FFF787FEC84991F872
:106900002A100843C64981F82A0001210020FFF718
:1069100043FEC34981F8300001210020FFF79AFEB1
:10692000BF4991F831100143BD4880F83110012171
:106930000020FFF76AFEBA4991F832100143B848C7
:1069400080F8321000210320FFF726FEB4490872B8
:1069500000210320FFF77EFEB149497A0843B04980
:10696000487200210320FFF750FEAD49897A0843A1
:10697000AB49887201210320FFF70EFEA849087673
:1069800001210320FFF766FEA549497E0843A4497B
:10699000487601210320FFF738FEA149897E08438C
:1069A0009F49887603210846FFF7F6FD9C49087445
:1069B00003210846FFF74EFE9949497C0143984858
:1069C000417403210846FFF720FE9549897C014365
:1069D0009348817404210320FFF7DEFD904981F87C
:1069E000200004210320FFF735FE8D4991F8211086
:1069F00001438B4880F8211004210320FFF705FE96
:106A0000874991F822100143854880F8221000211F
:106A10000520FFF7C1FD824981F8380000210520DB
:106A2000FFF718FE7E4991F8391008437C4981F838
:106A3000390000210520FFF7E8FD794991F83A1067
:106A40000843774981F83A0001210520FFF7A4FDAA
:106A5000734981F8400001210520FFF7FBFD7049D3
:106A600091F8411001436E4880F841100121052042
:106A7000FFF7CBFD6A4991F842100143684880F85E
:106A8000421002210520FFF787FD654981F8480083
:106A900002210520FFF7DEFD614991F8491001430D
:106AA0005F4880F8491002210520FFF7AEFD5C49E0
:106AB00091F84A1001435A4880F84A1003210520F2
:106AC000FFF76AFD564981F8500003210520FFF7C2
:106AD000C1FD534991F851100143514880F85110BC
:106AE00003210520FFF791FD4D4991F85210014314
:106AF0004B4880F8521010BD0146042901DB0020EC
:106B000070474748383010F83100F9E7014604294A
:106B100001DB002070474248383000EBC10040786C
:106B200038B100223E48383000EBC10042700120ED
:106B3000F0E70020EEE70146042901DB0020704762
:106B40003748383000EBC100807838B10022344833
:106B5000383000EBC10082700120F0E70020EEE742
:106B60000146022901DB002070472D4800EBC100DF
:106B7000C078F9E70146022901DB00207047284868
:106B800010F83100FAE70146022901DB00207047C6
:106B9000234800EBC100407830B10020204A02EBCE
:106BA000C10250700120F2E70020F0E701460229FF
:106BB00001DB002070471A4800EBC100807830B13B
:106BC0000020174A02EBC10290700120F2E700207A
:106BD000F0E70146022901DB002070471048283009
:106BE00010F83100F9E70146022901DB0020704767
:106BF0000B48283000EBC100407838B1002208482B
:106C0000283000EBC10042700120F0E70020EEE7E1
:106C10000146022906DB002070470000D07F0020DB
:106C2000787F0020954800EBC100807830B10022C9
:106C3000924800EBC10082700120EDE70020EBE7F5
:106C40000146022901DB002070478C48203810F8EB
:106C50003100F9E70146022901DB0020704787482F
:106C6000203800EBC100407838B10022834820383A
:106C700000EBC10042700120F0E70020EEE7014682
:106C8000022901DB002070477C48203800EBC1005E
:106C9000807838B100227948203800EBC10082703A
:106CA0000120F0E70020EEE70146022901DB002089
:106CB00070477248103810F83100F9E70146022990
:106CC00001DB002070476D48103800EBC1004078B0
:106CD00038B100226948103800EBC1004270012031
:106CE000F0E70020EEE70146022901DB00207047B3
:106CF0006248103800EBC100807838B100225F484C
:106D0000103800EBC10082700120F0E70020EEE7B0
:106D10002DE9F05F0220FFF79FFB8346584610F0F5
:106D2000F3FD8046564A574B10F03EFE06460022C1
:106D30004FF0804310F038FE044610F097FB824677
:106D40005046BDE8F09F2DE9FF5F83465846FFF7A8
:106D500083FB8246CAF5805011F074F801905046CA
:106D600010F0D2FD07460022474B10F01DFE0546ED
:106D700010F07CFB0090019910F082FF03904349D2
:106D8000039811F0ABF8054611F03CF881464048F5
:106D9000B0F90000484504D33D48B0F9B400484577
:106DA00003D9FF2004B0BDE8F09F00242AE0384852
:106DB00030F91400484505D93549601C31F91000F7
:106DC00048450AD3324830F91400484505D03049C7
:106DD000601C31F91000484512D12D49601C31F971
:106DE0001000A9EB00012A4A601C32F91000A0EB48
:106DF0000900814201D9029402E0601CC0B20290F5
:106E0000601CC4B25A2CD2DB0298CBE72DE9F84FB4
:106E100004462046FFF720FB0090009810F074FD18
:106E200007464FF066321B4B10F0BEFD054610F0D2
:106E30001DFB83464FF08B4110F022FF81464846F0
:106E400010F0E6FE0746144A144B10F055FB0546B9
:106E500010F016FD00F0FF0A5046BDE8F88F10B59F
:106E60000120FFF770FF10BD10B50020FFF76BFF8A
:106E700010BD32207047322070470000A07F0020F4
:106E8000B4D934E70C684A3F0000244000007A443B
:106E9000D681010866660A40B81E85EB51B89E3F50
:106EA00008B501217D20FAF75FFB0121D748FAF7E9
:106EB0000AF948208DF8030003208DF802004FF4F2
:106EC000F850ADF800006946D148FAF72BF84FF4B6
:106ED0007070ADF800006946CE48FAF723F84FF419
:106EE0007F40ADF800006946CB48FAF71BF84FF633
:106EF0003070ADF800006946C848FAF713F84FF44F
:106F00006040ADF800006946C548FAF70BF8F0207C
:106F1000ADF800006946BE48FAF704F810208DF875
:106F2000030003208DF802000220ADF8000069463E
:106F3000BB48F9F7F7FF0120BA49086008BD0146D0
:106F400011B1012909D103E0B7480068C0B2704708
:106F5000B548001F0068C0B2F9E70020F7E7014616
:106F6000082943D2DFE801F0040B131B232B323A2C
:106F7000AE48006808B9012070470020FCE7AB4824
:106F8000001F006808B90120F6E70020F4E7A748D1
:106F90000838006808B90120EEE70020ECE7A348B4
:106FA0000C38006808B90120E6E70020E4E79F48B4
:106FB0001038006808B90120DEE70020DCE79C48B3
:106FC000006808B90120D7E70020D5E79848001FDE
:106FD000006808B90120CFE70020CDE794480838C1
:106FE000006808B90120C7E70020C5E70020C3E713
:106FF0000146082944D2DFE801F0040B131B232BC0
:10700000333B8C48006808B9012070470020FCE73A
:107010008848001D006808B90120F6E70020F4E761
:1070200084480830006808B90120EEE70020ECE74A
:1070300080480C30006808B90120E6E70020E4E74A
:107040007C481030006808B90120DEE70020DCE74A
:1070500078481430006808B90120D6E70020D4E74A
:1070600074481830006808B90120CEE70020CCE74A
:107070006F480C38006808B90120C6E70020C4E753
:107080000020C2E70146062922D2DFE801F003080A
:107090000D12171C644824300068C0B27047624863
:1070A00028300068C0B2F9E75E4850380068C0B2C6
:1070B000F4E75C484C380068C0B2EFE759484838FC
:1070C0000068C0B2EAE75B48001F0068C0B2E5E7AD
:1070D0000020E3E70146062922D2DFE801F0030899
:1070E0000D12171C50480C300068C0B270474E4853
:1070F00010300068C0B2F9E74B4814300068C0B2E5
:10710000F4E7494818300068C0B2EFE746481C3041
:107110000068C0B2EAE7444820300068C0B2E5E742
:107120000020E3E7014631B101290CD0022912D039
:10713000032920D117E03D481438006808B9012020
:1071400070470020FCE739481838006808B901206A
:10715000F6E70020F4E735481C38006808B901203C
:10716000EEE70020ECE731482038006808B901203C
:10717000E6E70020E4E70020E2E708B5012104206B
:10718000FAF7F2F928208DF8030003208DF80200A9
:10719000F020ADF8000069461D48F9F7C3FE08BDB0
:1071A00070B50024FFF7E9FF00252BE018480830F0
:1071B00001680F2020EA01041C482038006810B93B
:1071C00044F0010401E024F0010418481C38006870
:1071D00010B944F0020401E024F002041348183806
:1071E000006810B944F0040401E024F004040F48DE
:1071F0001438006810B944F0080401E024F00804D1
:10720000681C85B2FF2DD1DB204670BD0002300026
:107210000008014000100140001401400018014026
:10722000000C01408481214214012342300121429B
:107230002401224224812242704720B14FF40051A0
:10724000194A116103E04FF40051174A5161704728
:10725000704720B14FF48041134A116103E04FF4AD
:107260008041114A5161704708B501211020FAF799
:107270007BF94FF4C040ADF8000010208DF80300FA
:1072800003208DF8020069460748F9F74BFE0020FD
:10729000FFF7DFFF0020FFF7DBFF0020FFF7CDFF48
:1072A0000020FFF7C9FF08BD00100140FA48C07870
:1072B0007047F94890F90200704710B5F74B1B78FA
:1072C00060F30003F54C23702346597053B2A3704A
:1072D00010BD10B50446F148007864F34100EF4951
:1072E0000870084600784108EB48007861F34100D7
:1072F000E9490870E9490978C1F34000FFF79DFFAB
:1073000010BD10B50446E548007864F38200E349F7
:107310000870084600788108DF48007861F3820031
:10732000DD490870DD490978C1F38000FFF791FF5E
:1073300010BD10B50446D948007864F3C300D7499E
:10734000087008460078C108D348007861F3C3008C
:10735000D1490870D1490978C1F3C000FFF778FF1F
:1073600010BD10B50446CD48007864F30410CB4935
:107370000870084600780109C748007861F30410D6
:10738000C5490870C5490978C1F30010FFF754FFDB
:1073900010BD10B5FFF76DFD40B2BF49C87008467B
:1073A00090F90300642804DC084690F903000528DE
:1073B0000BDAB9484078022141EA1010B649497801
:1073C00060F30711B44841700DE0B348C07850B184
:1073D000B14840780D2101EA1010AF49497860F3B7
:1073E0000711AD484170FFF73AFDFF2815D1AA48B3
:1073F0004078012141EA1010A749497860F307114C
:10740000A5484170A548407818B90020A249887065
:1074100013E0FF20A04988700FE09F4840780E21BC
:1074200001EA10109C49497860F307119A484170AD
:10743000FFF715FD40B2984988709848407838BBEE
:10744000954890F90200954991F90210884207DBAE
:10745000914890F90200914991F90210884207D1B0
:107460008D48007820F0200020308B49087036E0ED
:10747000894890F90210894890F90200C01C8142A5
:107480002DDD8548007820F020008349087026E033
:10749000814890F90200814991F90210884207DC85
:1074A0007D4890F902007D4991F90210884207D188
:1074B0007948007820F020002030774908700EE0ED
:1074C000754890F90210754890F90200C01E81427B
:1074D00005DA7148007820F020006F49087010BD6F
:1074E00010B56D48007800F0010000B36A480078DC
:1074F000C0F34000D8B968480078C0F34010B0B17C
:107500006548C08865498989884205DA6248C0882B
:10751000401C6149C8800EE000205F49C8800846D1
:107520000078C0F3800018B10020FFF7EAFE02E007
:107530000120FFF7E6FE10BD10B5574840895749B6
:107540004989884204DA54484089401C524948819C
:10755000514840895149498988421CD14E48007898
:10756000C0F34010B8B90120FFF7B3FE0120FFF7C8
:10757000C8FE00204849488108818880C8800846A4
:10758000007820F0400008700846007820F00100E4
:10759000401C087018E04148408940490979401A68
:1075A0003D49498988420FD13C48407830B100209C
:1075B000FFF7D7FE0120FFF7BCFE05E00120FFF733
:1075C000D0FE0020FFF7B5FE10BD10B532480078A0
:1075D00000F00100002850D02F480078C0F3401080
:1075E000002840D12C480078C0F3400020B92A4838
:1075F0000078C0F3801078B3274800892749C988EC
:10760000884205DA24480089401C2349088136E075
:10761000214800892149C988884211D11E48007833
:10762000C0F3801060B90020FFF753FE00201A4914
:1076300088800846007820F04000403008701EE046
:107640001548808815490989884206DA12488088D9
:10765000401C1149888012E002E0FFF76DFF0EE048
:10766000FFF76AFF0BE00C48007820F040000A4961
:1076700008700020FFF72DFE01E0FFF75DFF10BD51
:1076800010B500F098F958B10448007820F00100D6
:10769000401C0249087009E0F47F002000800020AF
:1076A0005448007820F00100524908705148007891
:1076B00000F0010000B34F4840784F49497801F08D
:1076C0000F01884215D04B4841784B48407861F310
:1076D000030049494870002048810846007820F09E
:1076E000010008700020FFF7F4FD0020FFF709FEFD
:1076F00018E0FFF76AFF15E03F48007800F001004E
:1077000080B100203C4948810846007820F0010003
:1077100008700020FFF7DDFD0020FFF7F2FD0020DC
:10772000FFF71FFE10BD10B50420324988700020FD
:1077300048700846007820F00100401C08704FF4A3
:10774000966088814FF4E150C88080100881052040
:107750000871B4204881FFF787FD10BD10B5274898
:1077600000780A2805DA25480078401C234908706B
:1077700035E00020214908701F48407820490978E9
:10778000B1EB101F08D01C48407800091C49087054
:10779000FF200BF012FE13E017484078000978B97B
:1077A000FFF787FD17490978884209D0FFF781FD67
:1077B00014490870FFF77DFDC4B220460BF0FDFDB3
:1077C000FFF752FB10490978884208D0FFF74CFBBD
:1077D0000D490870FFF748FB04460BF0A0FD10BDF3
:1077E00010B5FFF7D6FDFFF77BFEFFF749FFFFF768
:1077F000B5FF10BD00800020F47F0020630500204D
:1078000066050020640500206505002008B50121FB
:107810001020F9F7A9FE10208DF8030003208DF841
:1078200002004FF48160ADF8000069464048F9F766
:1078300079FB08213E48F9F724FC08BD01203D49A9
:107840000870704700B5024612B9FFF7F7FF03E072
:107850000120394901F8220000BD10B537480078F1
:1078600001280ADA4FF480613148F9F708FC3348FF
:107870000078401C3149087011E030480078022837
:107880000ADA4FF480612A48F9F7FBFB2B480078AD
:10789000401C2A49087002E000202849087010BDE9
:1078A00010B5FFF7DAFF2348007838B9214840784F
:1078B00020B908211E48F9F7E2FB10BD1D480078E9
:1078C00038B900201B49487008211948F9F7D7FB3F
:1078D0002CE01848C078052805DA1648C078401C06
:1078E0001449C87022E000201249C8700846407848
:1078F00038B908210E48F9F7C4FB01200D4948703A
:1079000014E00C488078092805DA0A488078401C81
:107910000849887003E00020064908708870082133
:107920000348F9F7ACFB00200249487000BFC4E7E8
:1079300000100140670500200E8000206F05002028
:1079400008B501211920F9F70FFE01214B48F9F77D
:10795000BAFB10208DF8030003208DF802004020B0
:10796000ADF8000069464648F9F7DCFA4021444882
:10797000F9F787FB4FF40040ADF800006946414835
:10798000F9F7D0FA4FF400413E48F9F77AFB08BD09
:1079900010B501203C494870C1033A48F9F76FFB24
:1079A00010BD10B50020384948704FF400413548EB
:1079B000F9F767FB10BD3548007808B9002070471B
:1079C00032480078012800D1F9E70220F7E72E4875
:1079D0008078704701202C490870704700202A49A0
:1079E0000870704728480078704710B502210320BE
:1079F000FEF7D2FD2549087002210320FEF705FE9F
:107A00002249497808432149487002210320FEF7A2
:107A100021FE1E49897808431C49887010BD10B5A5
:107A2000FFF7E3FF1848007808B3FFF7B1FF1648E7
:107A3000C078642804DA1448C078401C1249C87021
:107A4000FFF7B9FF30B9FFF7ACFF00200E4908700F
:107A5000887011E00C48C07864280DD1FFF7A1FFB1
:107A600000200949C87008700120887004E0FFF701
:107A700098FF00200449C87010BD000000023000CB
:107A8000000C01400010014070050020740500202A
:107A900010B500F0D0FD10BD70B5022800DB70BD40
:107AA00000EB8004F54D15F8244004B1F7E700EB36
:107AB0008004F24D05EB8404617000EB800405EB5B
:107AC0008404A27000EB800405EB8404E3800124AD
:107AD00000EB8005E94E06F8254000BFDFE70146D0
:107AE000022901DB0020704701EB8100E34A12F814
:107AF0002000F8E70146022901DB0020704701EB76
:107B00008100DE4A02EB8000007AF7E70146022995
:107B100001DB0020704701EB8100D84A02EB8000B6
:107B2000407A00F00100F5E70146022901DB002060
:107B3000704701EB8100D14A02EB8000407AC0F32C
:107B40008000F5E70146022901DB0020704701EBC8
:107B50008100CA4A02EB8000407AC0F34000F5E79A
:107B60000146022901DB0020704701EB8100C34A76
:107B700002EB8000807AC0F34000F5E7014602295D
:107B800001DB0020704701EB8100BC4A02EB800062
:107B9000807A00F00100F5E710B50020FEF7B6FF8F
:107BA00038B141F65833642200210846FFF774FFCC
:107BB0000AE00020FEF7BFFF30B141F658336422DF
:107BC00001210020FFF768FF0120FEF79FFF38B179
:107BD00041F65833642200210120FFF75DFF0AE0DF
:107BE0000120FEF7A8FF30B141F65833642201218D
:107BF0000846FFF751FF10BD00200FE000EB8001A9
:107C00009E4A02EB8101498A491C8AB200EB80013D
:107C10009A4B03EB81014A82411CC8B20228EDDB7A
:107C2000704710B5002421E02046FFF709F804EB67
:107C30008401924A02EB8101897A60F3000104EB2E
:107C4000840002EB800081722046FFF72DF804EBE0
:107C500084018A4A02EB8101897A60F3410104EBD5
:107C6000840002EB80008172601CC4B2022CDBDB5A
:107C700010BD10B5002082490870A2E3804800784A
:107C800000EB80007D4911F8200000287ED07C4860
:107C9000007800EB800001EB8000007C082851D2C6
:107CA000DFE800F00451FFF3F2F1F0EB74480078E4
:107CB00000EB8000714901EB8000407A20F0010167
:107CC0006F48007800EB80006C4A02EB8000417244
:107CD0006B48007800EB8000114601EB8000407A91
:107CE00020F004016648007800EB800002EB800081
:107CF00041726348007800EB8000114601EB800080
:107D0000407A20F002015E48007800EB800002EB30
:107D10008000417201205A49097801EB810102EB90
:107D20008101087200215648007800EB800002EBC8
:107D30008000418201205249097801EB810102EB68
:107D40008101087437E34E480078FEF779FFE8B305
:107D50004B480078FEF7A8FFC0B3002048490978D7
:107D600001EB8101454A02EB81010874022044497C
:107D7000097801EB810102EB81010872404800782B
:107D800000EB8000114601EB800000E014E3407A34
:107D900020F00100401C3A49097801EB810102EB17
:107DA000810148723648007800EB8000114601EBF3
:107DB0008000407A20F00200801C3149097801EBF4
:107DC000810102EB81014872002000E006E02C49AD
:107DD000097801EB810102F8210061E02848007870
:107DE00000EB8000254901EB8000407838BB244837
:107DF0000078FEF725FFC0B100202149097801EB8A
:107E000081011E4A02EB8101087402201C49097895
:107E100001EB810102EB8101087200201849097809
:107E200001EB810102F821003AE0022014490978AF
:107E300001EB8101114A02EB8101087430E0104826
:107E40000078FEF731FF10B300200D49097801EBEF
:107E500081010A4A02EB810108740220084909786D
:107E600001EB810102EB81010872002004490978CD
:107E700001EB810102F8210012E05DE21A8000208E
:107E80007C0500201FE2D1E17FE14EE009E0022005
:107E9000FE49097801EB8101FD4A02EB810108747A
:107EA00089E2FA48007800EB8000F94901EB800094
:107EB000407860B9F5480078FEF7CCFEF3480078CA
:107EC000FEF7DDFEF148007800F09EFA0BE0EF4887
:107ED0000078FEF7BFFEED480078FEF7D0FEEB48D5
:107EE000007800F0A8FAE948007800EB8000E84A42
:107EF00002EB80008178E548007800F050FBE34811
:107F0000007800F073FA0021E048007800EB800070
:107F1000DF4A02EB800041820320DC49097801EB53
:107F2000810102EB8101087445E2D8480078FEF730
:107F300087FEE8B3D5480078FEF7B6FEC0B3D34855
:107F4000007800F05AFA0021D048007800F027FBB2
:107F5000CE48007800F086FA0020CC49097801EB81
:107F60008101CB4A02EB810108740220C7490978DC
:107F700001EB810102EB81010872C448007800EB3B
:107F80008000114601EB8000407A20F00100401C87
:107F9000BE49097801EB810102EB81014872BB48BF
:107FA000007800EB8000114601EB8000407A00E091
:107FB00011E020F00200801CB449097801EB810136
:107FC00002EB810148720020B049097801EB810180
:107FD00002F8210010BDAD48007800EB8000AC49EC
:107FE00001EB8000408AA949097801EB8101A84A88
:107FF00002EB8101C98888427DDAA448007800EB51
:108000008000114601EB8000407858BB9F48007803
:10801000FEF716FE002824D09C48007800F0EDF909
:1080200000219A48007800F0BAFA9848007800F0E9
:1080300019FA00209549097801EB8101944A02EB75
:108040008101087402209149097801EB810102EB5A
:108050008101087200208D49097801EB810102F845
:10806000210091E089480078FEF71EFE002827D005
:108070008648007800F0C1F900218448007800F0BB
:108080008EFA8248007800F0EDF980480078C0B997
:1080900000207E49097801EB81017D4A02EB8101D4
:1080A000087402207949097801EB810102EB810112
:1080B000087200207549097801EB810102F821005E
:1080C00062E000207149097801EB8101704A02EBFE
:1080D0008101087402206D49097801EB810102EBEE
:1080E0008101087200206949097801EB810102F8D9
:1080F000210049E0FFE76548007800F07EF90021A3
:108100006248007800F04BFA6048007800F0AAF965
:1081100000205E49097801EB81015D4A02EB810193
:1081200008745A48007800EB8000114601EB80008B
:10813000407A20F00100401C5449097801EB81018C
:1081400002EB810148725148007800EB8000114633
:1081500001EB8000407A20F00400001D4B490978B3
:1081600001EB810102EB8101487202204749097845
:1081700001EB810102EB810108720020434909787B
:1081800001EB810102F8210015E100213F48007850
:1081900000EB80003E4A02EB800041823B480078C1
:1081A000E8B93C49087800EBD0714910A0EB4101D7
:1081B00019B1012000F03FF902E0012000F024F99C
:1081C0003248007800EB8000314A02EB8000817871
:1081D000012000F0E4F9012000F008F91CE02D492D
:1081E000087800EBD0714910A0EB410119B10020D3
:1081F00000F021F902E0002000F006F923480078A1
:1082000000EB8000224A02EB80008178002000F021
:10821000C6F9002000F0EAF805201C49097801EBB6
:1082200081011B4A02EB81010874C4E01748007801
:1082300000EB8000164901EB8000408AC82841DD30
:10824000002000F0DAF80021084600F0A8F900202C
:1082500000F008F9012000F0D0F80021012000F022
:108260009EF9012000F0FEF800210848007800EB9C
:108270008000074A02EB800041820648007803280C
:1082800014DA04480078401C024905E07C0500200F
:108290001A8000207D0500200870042050490978CC
:1082A00001EB810102EB810108740BE000204D49D4
:1082B000087006204A49097801EB81014A4A02EB1D
:1082C0008101087477E000214548007800EB8000C8
:1082D000454A02EB800041824148007888B901207C
:1082E00000F0A9F83E48007800EB80003E4A02EB1F
:1082F00080008178012000F052F9012000F076F82A
:1083000010E0002000F097F83548007800EB80007E
:10831000354A02EB80008178002000F040F900200F
:1083200000F064F807202E49097801EB81012E4AFC
:1083300002EB810108743EE02948007800EB8000E0
:10834000294901EB8000408A002833DD002000F03D
:1083500054F80021084600F022F9002000F082F8CD
:10836000012000F04AF80021012000F018F9012056
:1083700000F078F800211A48007800EB80001A4AD3
:1083800002EB8000418200201549097801EB810150
:1083900002EB8101087402201149097801EB810187
:1083A00002EB8101087200200D49097801EB81017F
:1083B00002F8210000BF00BF09480078401C0849AE
:1083C0000870074800780228FFF658AC00BF01E6A5
:1083D00010B5FFF7E1FBFFF74CFCFFF722FC10BDE7
:1083E0007C0500207D0500201A80002010B5044681
:1083F00080219348F8F743FE10BD10B50446802154
:108400008F48F8F73EFE10BD10B50446012C08D188
:1084100001218C48F8F735FE02218A48F8F72FFE33
:1084200008E03CB904218748F8F72BFE082185486D
:10843000F8F725FE10BD10B50446012C08D1012126
:108440008048F8F71CFE02217E48F8F71AFE08E083
:108450003CB904217B48F8F712FE08217948F8F767
:1084600010FE10BD10B50446012C08D1012175483D
:10847000F8F705FE02217348F8F701FE08E03CB961
:1084800004217048F8F7FBFD08216E48F8F7F7FD66
:1084900010BD10B50446012C08D101216948F8F738
:1084A000F0FD02216748F8F7ECFD08E03CB9042133
:1084B0006448F8F7E6FD08216248F8F7E2FD10BDD0
:1084C00008B501214920F9F74FF801215E48F8F776
:1084D000FAFD10208DF8030003208DF802008020A3
:1084E000ADF8000069465648F8F71CFD0F20ADF8BE
:1084F000000069465348F8F715FD18208DF8030071
:1085000003208DF802000002ADF8000069464C48D7
:10851000F8F708FD08BD00B587B001210420F9F780
:1085200030F86320ADF8140040F2CF20ADF8100011
:108530000020ADF81600ADF8120004A94348F9F781
:108540004BF901214148F9F7A3FD0020ADF80600E1
:108550006020ADF800000120ADF802000020ADF869
:10856000080069463948F9F703FA08213748F9F74E
:10857000D5FD40213548F9F775FD69463348F9F7CF
:1085800042FA08213148F9F7D2FD40212F48F9F786
:1085900072FD01212D48F9F77BFC07B000BD7FB5C6
:1085A00004460D46022C00DD7FBD642D00DD6425F0
:1085B000ADF806506020ADF800000120ADF80200D3
:1085C0000020ADF80800012C0CD169461F48F9F7CE
:1085D000CFF908211D48F9F7A1FD01211B48F9F742
:1085E00063FC0CE05CB969461848F9F70CFA0821FD
:1085F0001648F9F79CFD01211448F9F755FC00BF16
:10860000D2E710B5FFF75CFFFFF785FF0020FFF70B
:1086100040FF0120FFF73DFF00210846FFF7BFFFA5
:1086200000210120FFF7BBFF0020FFF7E6FE01203D
:10863000FFF7E3FE10BD10B5FFF7E3FF10BD00002C
:10864000000C01400018014000023000000800400A
:1086500008B501211C20F8F787FF01211948F8F718
:1086600032FD10208DF8030003208DF80200012058
:10867000ADF8000069461448F8F754FC0620ADF840
:10868000000069461048F8F74DFC02210E48F8F743
:10869000F8FC04210C48F8F7F4FC01210A48F8F72B
:1086A000F0FC01210848F8F7EAFC08BD10B50121EB
:1086B0000548F8F7E4FC10BD10B501210248F8F7B1
:1086C000E0FC10BD000230000010014008B503209E
:1086D0008DF8000001208DF803008DF801008DF861
:1086E00002006846F7F7EBFE08BD0146CA1701EB2A
:1086F00092729210A1EB82022AB9642291FBF2F3EA
:1087000002FB131232B94FF4C87291FBF2F302FB71
:1087100013120AB1012070470020FCE72DE9FE4F3B
:1087200007460C46904600200290C146824683468A
:1087300000260025019000903846FFF7D6FF00285C
:1087400032D00D2C2CD2DFE804F02B070A0D1013C9
:1087500016191C1F222528004FF0050A23E04FF0B0
:10876000010A20E04FF0020A1DE04FF0050A1AE06E
:108770004FF0000A17E04FF0030A14E04FF0050A2B
:1087800011E04FF0010A0EE04FF0040A0BE04FF049
:10879000060A08E04FF0020A05E04FF0040A02E082
:1087A0000020BDE8FE8F31E00D2C2CD2DFE804F074
:1087B0002B070A0D101316191C1F222528004FF035
:1087C000060A22E04FF0020A1FE04FF0020A1CE006
:1087D0004FF0050A19E04FF0000A16E04FF0030AC7
:1087E00013E04FF0050A10E04FF0010A0DE04FF0E2
:1087F000040A0AE04FF0060A07E04FF0020A04E01C
:108800004FF0040A01E00020CBE700BF642097FB93
:10881000F0F100FB1170C5B22846E91705EB917124
:108820008910019101982844C0B200900721009856
:1088300090FBF1F201FB120000F0FF0B0BEB0A00C2
:108840004844C6B2072E01DA029606E0072096FBDE
:10885000F0F100FB1160C0B202900298A1E72DE98F
:10886000F05F06460F4690469946DDE90AAB0024C4
:1088700040F2B270864203DB40F63300864202DDEE
:108880000120BDE8F09F40F2B2750AE02846FFF7EC
:108890002CFF10B19948044401E099480444681C35
:1088A00085B2B542F2DB781EC7B2002510E09548CC
:1088B000405D40F2A321484304EBC0143046FFF76B
:1088C00014FF18B1012D01D18F480444681C85B2F2
:1088D000BD42ECDBA8F1010040F2A321484304EBC8
:1088E000C014C9EB4910C0EB092004EB0014CAEB1B
:1088F0000A1004EB80045C4401214FF0C050F8F7EB
:1089000040FE0120F8F767FC2046FAF7F4F9FAF781
:1089100025FA0020B5E770B50026002400257B4825
:1089200006883604001D008806447748B6FBF0F43C
:1089300077480088A0423AD075490C8040F2B27561
:108940000EE02846FFF7D1FE30B1B4F5B77F02D371
:10895000A4F5B77402E006E0A4F26D14681C85B2B9
:10896000B4F5B67FEDD800BF6A488580002516E0D3
:1089700068498888FFF7B9FE30B1012D04D11D2C5C
:1089800001D31D3C09E00CE05E48405DA04203D8E5
:108990005C48405D241A00E003E0681C85B21C2C92
:1089A000E6D200BF681C5B498871601CC8715648DC
:1089B000B6FBF0F100FB11644FF46160B4FBF0F022
:1089C000544908704FF46160B4FBF0F100FB1140B2
:1089D0003C21B0FBF1F04F4948704FF46160B4FBAB
:1089E000F0F100FB11403C21B0FBF1F201FB120061
:1089F000484988700B46DA7999799888FFF78EFE96
:108A000044490872002070BD2DE9FC4704460D461C
:108A100016461F46DDE90A89FAF751F9FAF79EF979
:108A20003B46324629462046CDE90089FFF717FF2D
:108A3000FAF74EF9BDE8FC87014636488088888001
:108A40003448807988713348C079C8713148007AD8
:108A500008723048007808702E48407848702D48D9
:108A60008078887070471CB5002401214FF0C050F9
:108A7000F8F787FD0120F8F7AEFBF7F789FD4FF413
:108A80004070F8F7FAFC0120F8F7FDFCFAF766F9F8
:108A9000FAF76DF901210846FAF704F9FAF75EF9D9
:108AA000FAF70DF94FF22440FAF732F9FAF756F9CE
:108AB000002000900346024601460190FFF7CFFEDA
:108AC000FAF706F9FFF702FEFFF725FF00201CBDAD
:108AD00010B50120FAF770F908B1FFF71CFF02206A
:108AE000FAF76AF920B10220FAF776F9FFF713FFD7
:108AF0000520FAF771F9FAF731F910BD0085E201A6
:108B00008033E1019882010880510100182800405B
:108B10007E0500204280002010B50446F74850F83A
:108B20002400408948B1F54850F824004089401E8F
:108B3000F24951F82410488120E0F04850F8240010
:108B40000078D8B10020ED4951F824100870EB48A6
:108B500050F82400806988B1E84B53F824305988D4
:108B6000E64B53F82430D868E44B53F824309A6924
:108B700090470020E14951F82410488010BD012899
:108B800009D1DF49DD4A5160DE495268D160DE49D2
:108B9000DA4A52681161022809D1DC49D74A91604A
:108BA000DB499268D160DB49D44A92681161704711
:108BB00000B591B001214804F8F7E3FC0121084613
:108BC000F8F7C5FC01210420F8F7CEFC0420ADF82D
:108BD000400003208DF8420018208DF8430010A9B2
:108BE000CD48F8F79FF90820ADF8400004208DF833
:108BF000430010A9C848F8F795F926208DF82C00F5
:108C000000208DF82D0001208DF82E008DF82F000A
:108C10000BA8F7F754FC11208DF82C0000208DF8DC
:108C20002D0002208DF82E0001208DF82F000BA8BA
:108C3000F7F745FCB9480090B14800690190102051
:108C40000290800103900020049080200590002075
:108C50000690079008904FF40050099000200A9069
:108C60006946AF48F7F798FD01220221AC48F7F7B3
:108C7000CAFD0021AA48F7F7BAFD01228021A748C2
:108C8000001FF9F7E3FC4FF4E1300C900020ADF841
:108C90003400ADF83600ADF83800ADF83C000C20DB
:108CA000ADF83A000CA99D48001FF9F712FC01220B
:108CB00040F225519948001FF9F7A3FC012240F228
:108CC00024419648001FF9F79CFC01222821934873
:108CD000001FF9F796FC012260219048001FF9F768
:108CE00090FC40218D48001FF9F767FD01218B485A
:108CF000001FF9F77AFC11B000BD00B591B0012159
:108D00000820F8F731FC01218804F8F73AFC01212A
:108D10000846F8F71CFC4FF48060ADF840000320D3
:108D20008DF8420018208DF8430010A97D48F8F70F
:108D3000F9F84FF40060ADF8400004208DF84300CE
:108D400010A97848F8F7EEF827208DF82C000020BD
:108D50008DF82D008DF82E0001208DF82F000BA826
:108D6000F7F7ADFB0C208DF82C0000208DF82D00BE
:108D700002208DF82E0001208DF82F000BA8F7F7A8
:108D80009EFB6948009061480069019010200290A4
:108D90004FF4C050039000200490802005900020E4
:108DA0000690079008904FF40050099000200A9018
:108DB00069465B486438F7F7EFFC01220221584806
:108DC0006438F7F720FD002155486438F7F70FFDA8
:108DD000012280215448001FF9F738FC52480090C6
:108DE0004A48C0680190002002904FF480600390D0
:108DF00000200490802005900020069007900890A5
:108E00004FF44050099000200A9069464448503879
:108E1000F7F7C2FC012142485038F7F7E8FC01227D
:108E200040214148001FF9F711FC4FF4E1300C904C
:108E30000020ADF83400ADF83600ADF83800ADF8DC
:108E40003C000C20ADF83A000CA93748001FF9F798
:108E500040FB40213448001FF9F7AFFC01222821D4
:108E60003148001FF9F7CDFB012260212E48001F79
:108E7000F9F7C7FB012240F224412B48001FF9F704
:108E8000C0FB01212848001FF9F7AFFB11B000BD5E
:108E900010B504462046FFF772FE012C01D1FFF702
:108EA00087FE022C01D1FFF728FF10BD012801D158
:108EB000134A5161022801D1144A516170470128B7
:108EC00001D10F4A9161022801D1104A9161704786
:108ED00001460A4850F821000078012801D10020FD
:108EE0007047064850F82100408820B1034850F8E8
:108EF00021004088F4E70020F2E700004C800020C9
:108F0000608000207C8400207C8000207C88002001
:108F100098A00020988800200008014004440040E8
:108F200080000240000C0140044800400146FE4819
:108F300050F821004078012804D1FB4850F8210066
:108F4000808870470020FCE710B502460B46F648C3
:108F500050F822000078012801D1002010BD002126
:108F600007E0F14850F82200C068405C5854481CA3
:108F700081B2ED4850F8220040888842F1DC0020A0
:108F8000E94C54F822406080FF20E7E70021E64AE0
:108F900052F82020518070472DE9F04104460F46D9
:108FA0001646E14850F824004078012863D0DE4896
:108FB00050F824008680002507E0785DDA4951F8F2
:108FC000241009694855681C85B2B542F5DB0120BB
:108FD000D54951F8241048707CB9D34850F8240082
:108FE0008088D2498864D04850F824000069086518
:108FF0000121CE484430F7F7FAFB012C12D1CA48C0
:1090000050F824008088C94984310860C64850F867
:1090100024000069C549C1F88C000121C348803093
:10902000F7F7E5FB022C0FD1BF4850F824008088E9
:10903000BE490862BC4850F82400006988620121DA
:10904000BA481C30F7F7D3FB032C11D1B64850F8BF
:1090500024008088B6490860B34850F824000069AD
:10906000B349083108600121B148001FF7F7BFFB81
:109070000120BDE8F0810020FBE770B504460D46F5
:109080002E4654B92946AB48F9F71CFB00BF4021D6
:10909000A848F9F785FB0128F9D1012C0AD1294606
:1090A000A548F9F70FFB00BF4021A348F9F778FB6B
:1090B0000128F9D1022C0AD12946A048F9F702FB70
:1090C00000BF40219D48F9F76BFB0128F9D1032C23
:1090D0000AD129469A48F9F7F5FA00BF4021984885
:1090E000F9F75EFB0128F9D170BD70B540F225514A
:1090F0009148F9F76BFB10B39248406940B18E4834
:10910000F9F7E4FAC4B28F4841692046884716E06F
:1091100001208C4908703220488108464088B0F50B
:10912000806F0CDA8448F9F7D1FAC1B285484288D9
:109130004088401C834B58801846C06881540821E1
:109140007D48F9F72DFB50B17B480088C5B27A48BD
:10915000001D0088C5B208217748F9F72EFB0421CD
:109160007548F9F71DFB50B173480088C5B27248C5
:10917000001D0088C5B204216F48F9F71EFB0221CB
:109180006D48F9F70DFB50B16B480088C5B26A48CD
:10919000001D0088C5B202216748F9F70EFB0121C6
:1091A0006548F9F7FDFA50B163480088C5B26248D6
:1091B000001D0088C5B201215F48F9F7FEFA40F2B0
:1091C00024415D48F9F702FBA0B15B480088C5B2B5
:1091D0005948001D0088C5B25A48806938B1594BBA
:1091E0005988D8689A6990470020564948800020DD
:1091F0005449087070BD10B54FF00070F7F731FB9F
:1092000060B14FF00070F7F740FB00204D49487007
:109210008880002145488030F7F7E9FA10BD70B525
:1092200040F225514548F9F7D1FA10B34648406954
:1092300040B14248F9F74AFAC4B24348416920466E
:10924000884716E0012040490870052048810846FB
:109250004088B0F5806F0CDA3848F9F737FAC1B2B8
:10926000394842884088401C374B58801846C068AF
:10927000815408213148F9F793FA50B12F480088FA
:10928000C5B22E48001D0088C5B208212B48F9F749
:1092900094FA04212948F9F783FA50B12748008845
:1092A000C5B22648001D0088C5B204212348F9F73D
:1092B00084FA02212148F9F773FA50B11F48008857
:1092C000C5B21E48001D0088C5B202211B48F9F72F
:1092D00074FA01211948F9F763FA50B11748008868
:1092E000C5B21648001D0088C5B201211348F9F720
:1092F00064FA40F224411148F9F768FA30B30F4894
:109300000088C5B20D48001D0088C5B2002107487D
:109310003030F7F76CFA05483030F7F77FFAC0F5D0
:1093200080600949488012E04C8000200000024023
:109330005C04024000380140004400400048004006
:10934000004C0040608000207C88002016E04FF434
:1093500080611448F7F760FA01211248F7F747FADD
:109360001148806938B1104B5988D8689A6990477C
:1093700000200D49488000200B49087070BD10B5D1
:109380002020F7F76EFA58B12020F7F77EFA002078
:10939000054948708880002102481438F7F727FAF9
:1093A00010BD0000300002407C88002010B5FFF79F
:1093B0004FF910BD70B505460C46042D06D114B109
:1093C000FFF774F901E0FFF777F900E000BF00BF95
:1093D00070BD000010B5FFF7E9FF10BD2DE9FC4797
:1093E000824688461646DDF830900024002717E0B4
:1093F000022000FB07850DB9BDE8FC876978287855
:10940000FFF7D8FF28780F4901F81400012001EB7D
:1094100044014870042C01DA601CC4B2781CC7B245
:1094200006EBD671B7EB610FE2DBB9F1000F06D0A6
:10943000002000906200034901905046C84700BFD9
:10944000DAE70000800500207047704710B5044639
:1094500054222146F048F9F705FF6421EF480BF04C
:109460004DFEEFA3F0A2F4A1EC480BF08FFB10BD72
:10947000FA48007830B101280DD002281AD003280C
:109480002FD11EE00020F6490880F649086001202F
:10949000F249087025E0F2480088401CF049088035
:1094A00008460088C82804DD002008800220EB4917
:1094B000087016E00120EB4908600320E7490870B6
:1094C0000FE0E7480088401CE5490880084600880E
:1094D000C82805DD00200880E0490870FF2070479B
:1094E00000BF00BF0020FAE7FF20704710B5DE483C
:1094F000007878B10020DC490870C748FBF772FC9F
:109500006421C6480BF0FAFDC5A3C7A2CAA1C3488F
:109510000BF03CFBFFF7E8FF10B1FF20D3490870C8
:10952000FFF7A6FF10B1FF20D1490870CF4800789F
:10953000FF280AD1CE480078FF2806D10020CB4969
:109540000870CB490870FF2010BD0020FCE7C94916
:109550004870704710B5C848007810B1012838D15C
:109560000CE04FF40071C5480BF0C8FD0921C4A000
:1095700003F0BAFD0120C04908702CE0C3A1BF4828
:109580000BF099FC40B10020BB490870C14908802C
:10959000C1490880FF2010BDBE480088401CBD495D
:1095A000088008460088C82812DD00200880B249DB
:1095B0000870B9480088401CB749088008460088F0
:1095C000052805DD00200880AB490870EE20E2E7A1
:1095D00001E0EE20DFE700BF0020DCE770B50024EB
:1095E000AE48007822287DD2DFE800F0111E4956EF
:1095F0008491C2CFEFEEEDECEBEA7C7CE9E8E7E6A4
:109600007C7C7C7CE5E47C7C7C7C7C7CE3E24FF4B1
:1096100000719A480BF072FD0421A1A003F064FDD3
:1096200001209E49087000E39FA194480BF043FC81
:1096300040B102209949087000209C4908809C494B
:1096400008701BE099480088401C9849088008462B
:109650000088B0F5967F11DD002008808F490870E2
:1096600093480078401C9249087008460078052805
:1096700004DD00200870EE2088490870D5E24FF420
:1096800000717E480BF03AFD0A218AA003F02CFD00
:10969000032082490870C8E289A178480BF00BFCCE
:1096A00040B104207D49087000208049088080492D
:1096B00008701EE07D480088401C7C4908800846F0
:1096C0000088B0F5967F14DD0020088002207349E1
:1096D000087077480078401C754908700846007883
:1096E000052800E07FE204DD00200870EE206B49D1
:1096F00008709AE24FF4007160480BF0FFFC0A21F9
:1097000071A003F0F1FC0520644908708DE271A19D
:109710005A480BF0D0FB20B96FA158480BF0CBFB97
:1097200040B106205D49087000206049088060490A
:1097300008701CE05D480088401C5C4908800846B1
:109740000088B0F5967F12DD002008800420534980
:10975000087057480078401C554908700846007842
:10976000052804DD00200870EE204C4908705CE2FA
:109770004FF4007141480BF0C1FC0B2157A003F0DE
:10978000B3FC0720454908704FE252A13B480BF05B
:1097900092FB20B950A139480BF08DFBB0B10820E5
:1097A0003E490870002041490880414908702AE07C
:1097B000DBE1C9E1C4E1BFE192E184E157E149E1C4
:1097C0001BE10DE1D1E0C3E095E01DE037480088E2
:1097D000401C3649088008460088B0F5967F12DDA7
:1097E0000020088006202D49087031480078401C70
:1097F0002F49087008460078052804DD002008700D
:10980000EE202649087010E24FF400711B480BF05F
:1098100075FC1F2168E000000C060020A7A40020B2
:10982000313138383300000033392E39362E31309B
:109830002E3235300000000041542B51494F504525
:109840004E3D312C302C22544350222C22257322A1
:109850002C25732C302C310D0A00000068060020E6
:1098600066060020840122426B0600206906002063
:109870006A0600200CA500206C06002098A000209D
:1098800041542B43474D4D0D0A00000045433230F3
:1098900000000000700600206E0600207206002006
:1098A00041540D0A000000004F4B000074060020D8
:1098B0007306002041542B4350494E3F0D0A0000CF
:1098C000524541445900000041542B435245473F03
:1098D0000D0A00002C3100002C35000041542B43B0
:1098E000475245473F0D0A00F8A003F0FDFB092051
:1098F000FE49087099E1AFF25001FD480BF0DBFA28
:1099000040B10A20F94908700020FA490880FA4954
:1099100008701CE0F7480088401CF649088008469B
:109920000088B0F5967F12DD002008800820EF49FE
:109930000870F1480078401CEF490870084600782C
:10994000052804DD00200870EE20E84908706CE16D
:109950004FF40071E6480BF0D1FB0C21E7A003F0B7
:10996000C3FB0B20E14908705FE1AFF2C401E0489E
:109970000BF0A1FA40B11020DC4908700020DD494D
:109980000880DD4908702AE0E0A1D9480BF093FA7D
:1099900040B10C20D54908700020D6490880D6492E
:1099A00008701CE0D3480088401CD2490880084653
:1099B0000088B0F5967F12DD002008800A20CB4990
:1099C0000870CD480078401CCB49087008460078E4
:1099D000052804DD00200870EE20C449087024E149
:1099E0004FF40071C2480BF089FB0E21C9A003F0AF
:1099F0007BFB0D20BD49087017E1AFF25411BC4844
:109A00000BF059FA40B10220B84908700020B9495A
:109A10000880B94908701CE0B6480088401CB54968
:109A2000088008460088B0F5967F12DD0020088087
:109A30000C20AE490870B0480078401CAE49087050
:109A400008460078052804DD00200870EE20A749AC
:109A50000870EAE04FF40071A5480BF04FFB0B21B2
:109A6000B0A003F041FB1120A0490870DDE0AFF287
:109A7000C8119F480BF01FFA40B100209E490870A2
:109A80009C4908801220994908701BE09948008879
:109A9000401C9849088008460088642812DD002090
:109AA000088010209149087093480078401C924922
:109AB000087008460078032804DD00200870EE20B6
:109AC0008A490870B1E04FF4007189480BF016FB29
:109AD000212197A003F008FB132084490870A4E01B
:109AE000AFF23C2182480BF0E6F940B100208249F8
:109AF00008708049088018207C4908701BE07D4868
:109B00000088401C7B49088008460088642812DDD4
:109B10000020088012207549087077480078401CA2
:109B20007549087008460078032804DD0020087095
:109B3000EE206E49087078E019206C49087074E0D6
:109B400020206A49087070E04FF4007168480BF0FB
:109B5000D5FA80480BF0E5F9054629467D4803F023
:109B6000C3FA2120614908705FE07BA160480BF0D7
:109B7000A2F940B100205D4908705E4908805E4945
:109B80000870FF2070BD78A159480BF094F960B1BE
:109B90000E2178A003F0A8FA002056490880564903
:109BA0000870EE20514908701CE052480088401CA3
:109BB0005049088008460088B0F5967F12DD0020E5
:109BC00008802020494908704B480078401C4A49C9
:109BD000087008460078052804DD00200870EE2093
:109BE0004249087021E06748007820B101280BD075
:109BF000022818D111E0FFF777FC0446FF2C02D1B0
:109C00000120604908700EE0FFF732FC0446FF2C8B
:109C100002D102205B49087005E00020334908703A
:109C20005849087000BF00BF00BF00BF0020A9E76F
:109C30005548704755487047554800787047554813
:109C4000704755487047002154484078022804D195
:109C50002D20534A5054481CC1B250488078504A75
:109C60005054481CC1B24D48C0785054481CC1B231
:109C70002E205054481CC1B2484800795054481C0A
:109C8000C1B2464840795054481CC1B21046704792
:109C9000002142480078022804D12D20414A505426
:109CA000481CC1B23D48007B3E4A5054481CC1B2DA
:109CB0003A48407B5054481CC1B23848807B5054CD
:109CC000481CC1B22E205054481C6DE041542B5109
:109CD00049435347503D312C312C22434D494F5479
:109CE000222C22222C22222C310D0A007206002066
:109CF00098A00020740600207306002041542B51C8
:109D0000494143543D310D0A000000004552524F75
:109D10005200000041542B514944454143543D31C8
:109D20000D0A000041542B43545A553D330D0A008F
:109D300041542B514E54503D312C223230322E3171
:109D400031322E31302E3336222C3132332C310D3C
:109D50000A000000A7A400202B51494F50454E3A5D
:109D600020302C30000000002B51494F50454E3A16
:109D700020302C0041542B5149434C4F53453D302A
:109D80000D0A00007606002098A40020C1050020DE
:109D9000C0050020D0050020DF0500208805002038
:109DA000F805002002060020C1B2FD48C07B5054D7
:109DB000481CC1B2FA48007C5054481CC1B210463D
:109DC00070472DE9F041074688460024F5480078A1
:109DD000E8B9F5A1F6480BF06EF80446B4B1AFF25D
:109DE000C00120460BF067F8851CF2A1F0480BF08B
:109DF00062F8044654B104F109000BF04FF886B242
:109E00003146284607F0D3FD00BF00BF00BF00BFAA
:109E10000020BDE8F081002070470020E84908607C
:109E2000704710B50024E64800684EF6602188426D
:109E300005D2E3480068401CE149086088E0E14839
:109E4000007830B1012814D0022871D003287ED1C7
:109E500072E00020DC4908704FF40071D4480BF028
:109E60004DF90821D9A003F03FF90120D549087028
:109E70006DE0AFF2CC51CE480BF01DF828B3D6A15F
:109E8000CB480BF018F80446B4B10F21D4480BF0BE
:109E900035F9A41D02222146D148F9F7E3F92078CB
:109EA000322802DB2078382803DD0020CD490870F5
:109EB00002E00120CB4908700220C249087000204E
:109EC000C9490880C949087030E0C9A1B8480AF0FA
:109ED000F2FF60B10020BB490870B9490860C2496F
:109EE0000880C24908700120B74908701EE0BE48CA
:109EF0000088401CBC49088008460088642815DD9D
:109F000000200880AF490870B8480078401CB74965
:109F1000087008460078032808DD00200870A94969
:109F20000870A74908600120A74908700FE0FFE703
:109F30000320A44908700AE00020AC490870A14938
:109F400008709F49086001209F49087000BF00BF4A
:109F500010BD10B5044654222146A848F9F782F9ED
:109F60002046FAF748FFFF2010BD70B506460D46A3
:109F7000A34880680A2801D1002070BD4FF44370C7
:109F8000F9F757FA04460CB90020F6E725812A466E
:109F9000314604F10A00F9F765F99948006850B9AB
:109FA0000020606020609648046044608068401C27
:109FB000934988600DE000206060914840684460EB
:109FC0008F48406820608E4844608068401C8C49FF
:109FD0008860FF20D1E78A48006808B900207047F0
:109FE000874800680830FAE710B58548006808B966
:109FF000002010BD824804680068406820B100203D
:10A000007F490968496808607D48006840687C4964
:10A01000086008468068401E88602046F9F7F9F914
:10A02000FF20E6E710B56848007800B910BD754814
:10A030000078032859D005DC48B1012813D0022844
:10A0400077D131E0042866D0EE28F9D183E0FFF71C
:10A05000C2FF6D4908600846006800B9E6E70120C4
:10A060006849087080E04FF4007151480BF046F8E1
:10A070004FF4007165480BF041F8402164480BF043
:10A080005FF861480068028862A161480AF07EFDBD
:10A090005F480AF046FF044621465D4803F024F875
:10A0A0000220584908705FE05FA141480AF003FFB1
:10A0B00040B103205349087000205C4908705C4996
:10A0C000088011E05A480088642805DA584800885A
:10A0D000401C5749088007E0002055490880534933
:10A0E00008700320474908703EE04FF40071304883
:10A0F0000BF004F84FF4007144480AF0FFFF4248A7
:10A100000068018840480068801C02F0EDFF0420D0
:10A110003C49087028E047A125480AF0CCFE48B128
:10A12000EE203849087000204049087040490880F6
:10A1300010E016E03E480088642805DA3C480088B4
:10A14000401C3B49088005E0002039490880EE208A
:10A150002C49087008E0FFF747FF002029490870E4
:10A1600000BF00BF00BF00BF00BF00BF5EE770B50B
:10A1700004460D4629462046FFF7F7FEFF2070BD36
:10A1800030B585B000242D48006841F270718842D6
:10A1900056D22A480068401C2849086034E2000072
:10A1A00088050020770600202B51495552433A007C
:10A1B00098A000202272656376222C302C000000CB
:10A1C00060060020780600206406002041542B43DE
:10A1D00053510D0A000000002B4353513A20000058
:10A1E000C1050020C00500207A0600207906002065
:10A1F0002B434D45204552524F523A000C06002049
:10A2000038A500207C0600208006002098880020C9
:10A2100044A5002041542B514953454E443D302C18
:10A2200025640D0A000000003E0000007D060020AD
:10A230007E06002053454E44204F4B0088060020E8
:10A24000F948007830B1012814D002287AD00328C8
:10A2500079D172E10020F54908704FF40071F4489B
:10A260000AF04CFF0A21F3A002F03EFF0120EE4964
:10A270000870C8E1AFF6D011ED480AF01CFE0028C6
:10A280007ED0EFA1EA480AF016FE0446002C78D0F2
:10A290000834607830382178303901EB810100EBE7
:10A2A0004100642190FBF1F201FB120000F5FA601D
:10A2B00080B2ADF80C00BDF80C0040F633018842C6
:10A2C00018DD0020E1490880D7490870E04800788F
:10A2D000401CDF49087008460078032808DD00208C
:10A2E0000870D1490870DB4908600120CF49087027
:10A2F00005B030BDE41C607830382178303901EB8E
:10A30000810100EB4100C0B28DF80E009DF80E00F7
:10A310000C2819DD0020CD490880C3490870CC48BD
:10A320000078401CCA49087008460078032808DDF8
:10A3300000200870BC490870C64908600120BB496C
:10A340000870D5E7EBE05DE1E41C607830382178F7
:10A35000303901EB810100EB4100C0B28DF80F00F4
:10A360009DF80F001F281ADD0020B8490880AE496B
:10A370000870B7480078401CB5490870084601E0ED
:10A38000ADE0A5E00078032808DD00200870A649AC
:10A390000870B04908600120A4490870A8E7E41CCF
:10A3A000607830382178303901EB810100EB4100D1
:10A3B000C0B28DF810009DF81000172817DD00209E
:10A3C000A249088098490870A1480078401CA0491B
:10A3D000087008460078032808DD002008709249BC
:10A3E00008709C49086001209049087080E7E41CCF
:10A3F000607830382178303901EB810100EB410081
:10A40000C0B28DF811009DF811003B2817DD002027
:10A410008E490880844908708D480078401C8C491A
:10A42000087008460078032808DD002008707E497F
:10A4300008708849086001207C49087058E7E41CCE
:10A44000607830382178303901EB810100EB410030
:10A450003C2190FBF1F201FB1200C0B28DF812001A
:10A460009DF812003B2817DD0020784908806E49CE
:10A47000087077480078401C7549087008460078D5
:10A48000032808DD002008706749087071490860DA
:10A490000120664908702BE703A807F092FCBDF87D
:10A4A0000C00642190FBF1F201FB1200C5B29DF893
:10A4B00012009DF811109DF81020CDE900210290A6
:10A4C0009DF80F209DF80E100023284608F0C0FECE
:10A4D00000205F4908700220534908701EE05B4865
:10A4E0000088401C5949088008460088642815DD0A
:10A4F000002008804C49087055480078401C544999
:10A50000087008460078032808DD002008704649D6
:10A5100008705049086001204449087073E04FF406
:10A52000007143480AF0EAFD0821AFF2603002F002
:10A53000DBFD03203C49087065E0AFF694413C48E0
:10A540000AF0B9FC50B3AFF2703139480AF0B3FCED
:10A550000446B4B10F2140480AF0D0FDA41D0222E8
:10A5600021463D48F8F77EFE2078322802DB20782D
:10A57000382803DD00203949087002E001203749FE
:10A580000870002028490870324908602F49088067
:10A590002F49087001202549087032E0AFF2B03130
:10A5A00023480AF088FC60B100201F49087029493F
:10A5B0000860264908802649087001201B49087058
:10A5C0001FE022480088401C204908800846008877
:10A5D000642816DD002008800220134908701C48FA
:10A5E0000078401C1A49087008460078032808DDE6
:10A5F000002008700C4908701649086001200B49BA
:10A60000087000E000BF00BF00BF71E610B500F0A9
:10A6100022F900B110BD02F064FE08B1FFF7B0FDF1
:10A62000FFF700FD00BFF5E7840600206406002068
:10A6300098A0002041542B43434C4B3F0D0A00008F
:10A640002B43434C4B3A202200000000860600209A
:10A650008506002088060020C1050020C0050020D6
:10A66000F648007A7047F5480078704710B5044600
:10A67000F248406838B1F1484068A04205D06A20ED
:10A68000EE49486001E0ED484460EC49486808F054
:10A690003BFF10BD10B5EA48006808B9002010BDA6
:10A6A000E74804680068406820B10020E449096870
:10A6B00049680860E24800684068E1490860084667
:10A6C0008068401E88602046F8F7A3FEFF20E6E77A
:10A6D0002DE9F04705460E4617469846D84880684B
:10A6E000202801D1FFF7D6FF2420F8F7A2FE044668
:10A6F00014B90020BDE8F08730460AF012FC81460C
:10A700004A46314604F10800F8F7ACFD6561A761DF
:10A71000C4F81C8001212162C948006850B900209A
:10A7200060602060C648046044608068401CC44982
:10A7300088600DE000206060C14840684460C04807
:10A7400040682060BE4844608068401CBC49886006
:10A75000FF20CFE70246BA48016805E04869904209
:10A7600001D1086A704749680029F7D140F22F10DB
:10A77000F8E70246B248016805E04869904201D115
:10A780000846704749680029F7D10020F9E70246DA
:10A79000AB4B186804E04369934200D10162406802
:10A7A0000028F8D17047A74870470120A64981F8D2
:10A7B000980070470020A44981F898007047002154
:10A7C000A14A116151614FF4FA601146A1F8840069
:10A7D0000020A1F8860081F8800000219160D160FE
:10A7E0004FF4FA601146A1F882000020A1F896000B
:10A7F0004EF27860A1F88E000020A1F890000120B0
:10A8000081F89800704710B502460B4600210AE017
:10A810008E4800EBC10411CC50405C40204300D175
:10A8200010BD481CC1B22029F2DB88480838C47822
:10A83000083000EBC4000CC084480838C078401CC5
:10A84000824C083CE0702046C078202801D10020CE
:10A85000E070FF20E4E77C4890F8810070477A4878
:10A8600090F88000704710B50446002078490880B1
:10A87000784908707848006818B177480068F8F798
:10A88000C8FD7548046010BD012074490870704708
:10A89000002072490870704770480078704730B5E2
:10A8A0000346002014E0141A641E0C5D6C4D05EB89
:10A8B0001414247803F81040141A641E0C5D04F07C
:10A8C0000F042C5D012505EB40055C55441CE0B2EE
:10A8D0009042E8DB30BD30B50346002010E00C5C50
:10A8E0005F4D05EB1414247803F810400C5C04F061
:10A8F0000F042C5D012505EB40055C55441CE0B2BE
:10A900009042ECDB30BD30B50346002014E0141A51
:10A91000641E0C5D524D05EB1414247803F81040AE
:10A92000141A641E0C5D04F00F042C5D012505EB68
:10A9300040055C55441CE0B29042E8DB30BD014666
:10A940002F2906DD3A2904DAA1F13000C2B21046FF
:10A950007047602906DD672904DAA1F15700C2B209
:10A960001046F5E7402906DD472904DAA1F1370052
:10A97000C2B21046ECE7FF20EAE7F0B504460E4607
:10A980001546002313E00027012101EB4301605C21
:10A99000FFF7D5FF074614F81300FFF7D0FF47EA8B
:10A9A0000010C7B2681EC01A3754581CC3B2AB425D
:10A9B000E9DBF0BDF0B504460D461646002311E074
:10A9C0000027012101EB4301605CFFF7B8FF074658
:10A9D00014F81300FFF7B3FF47EA0010C7B2EF54B3
:10A9E000581CC3B2B342EBDBF0BD10B5FCF7E3FF7C
:10A9F00018B901201149086002E000200F490860E1
:10AA000010BD10B50F48FAF77AF90E482030FAF762
:10AA100081F9FAF78AF948B10A4820300AF081FA38
:10AA2000C4B221460748203008F068FF054808F006
:10AA3000C2FFFAF792F90149886010BD30A70020E3
:10AA400064A70020E406002088A5002030A600208E
:10AA500090060020920600209406002004080020A2
:10AA6000A48201081CB502F0EEFBFE480090FE48EF
:10AA70000190684602F098FEFFF7C3FF1CBD2DE968
:10AA8000F04104F0ECF907460022F84BF8A13846F3
:10AA900004F06BF9F84AF9A1384604F099F9F64A3E
:10AAA0001032F8A1384604F093F9F34A2032F7A1A6
:10AAB000384604F08DF9F049083908680CF00DFFAC
:10AAC00005462A460B46F4A1384604F04EF9EA49F9
:10AAD000083948680CF001FF05462A460B46EFA1ED
:10AAE000384604F042F90022EE4BEFA1384604F05C
:10AAF0003CF9384603F00DFF044624B9384602F00D
:10AB000089FEBDE8F08120787B2806D0384602F027
:10AB100081FE2046F8F77DFCF3E720460AF001FAB3
:10AB20000546F8F786FCE24908600846006830B937
:10AB3000384602F06FFE2046F8F76BFCE1E7502044
:10AB4000F8F777FCDB4908600846006850B93846DA
:10AB500002F060FE2046F8F75CFCD5480068F8F784
:10AB600058FCCEE70020D34909680870D14909682C
:10AB7000887006F0BFF8CF49096888800020CD4969
:10AB8000096848700C20CB490968C8800C22CAA10A
:10AB9000C84800680830F8F765FB20460AF0C1F99C
:10ABA000C4490968A1F84800C1480068C14909685A
:10ABB000C86420460AF0B5F90546BE4909682A4628
:10ABC000C86C2146F8F74EFBBA48006807F0A4F8B5
:10ABD000B7480068F8F71DFCB6480068F8F719FC9C
:10ABE0002046F8F716FC384602F014FE00BF88E74E
:10ABF0002DE9F04104F033F9804604F030F90746BE
:10AC00000022B14B9AA1404604F0AFF89A4A9BA1AA
:10AC1000404604F0DDF8984A10329AA1404604F00C
:10AC2000D7F8954A203299A1404604F0D1F89249CC
:10AC3000083908680CF051FE05462A460B4696A1D5
:10AC4000404604F092F88C49083948680CF045FEFB
:10AC500005462A460B4691A1404604F086F83A463E
:10AC60009AA1404603F08FFF9A4908680CF035FE20
:10AC700005462A460B4698A1384604F076F89549D1
:10AC800048680CF02AFE05462A460B4695A1384630
:10AC900004F06BF88F4988680CF01FFE05462A46C1
:10ACA0000B4694A1384604F060F8404603F031FEAC
:10ACB000044624B9404602F0ADFDBDE8F08120789D
:10ACC0007B2806D0404602F0A5FD2046F8F7A1FB00
:10ACD000F3E720460AF025F90546F8F7AAFB88496C
:10ACE00008600846006830B9404602F093FD2046EF
:10ACF000F8F78FFBE1E75020F8F79BFB81490860EC
:10AD00000846006850B9404602F084FD2046F8F736
:10AD100080FB7B480068F8F77CFBCEE70020794990
:10AD20000968087077490968887005F0E3FF75497C
:10AD30000968888000207349096848700C207149AF
:10AD40000968C8800C225CA16E4800680830F8F7DA
:10AD500089FA20460AF0E5F86A490968A1F848002E
:10AD60006748006867490968C86420460AF0D9F84E
:10AD70000546644909682A46C86C2146F8F772FA04
:10AD80006048006806F0C8FF5D480068F8F741FBBE
:10AD90005C480068F8F73DFB2046F8F73AFB404670
:10ADA00002F038FD00BF88E710B557480088B0F5BD
:10ADB000FA6F05DA54480088401C5349088012E0B5
:10ADC0000020514908805148007810B9FFF757FE1C
:10ADD00001E0FFF70DFF4D48007808B9012000E0C1
:10ADE00000204A49087010BD2DE9F047054604F0DF
:10ADF00036F8814604F033F880460022444B1CA10B
:10AE0000484603F0B2FF1C4A1CA1484603F0E0FF8D
:10AE1000194A10321BA1484603F0DAFF164A2032C5
:10AE20001AA1484603F0D4FF1349083908680CF00A
:10AE300054FD064632460B4617A1484603F095FFDF
:10AE40000D49083948680CF048FD064632460B4665
:10AE500012A1484603F089FF2A462EA1484603F076
:10AE6000B7FF59E0333400081334000800408F4026
:10AE7000636D644964000000C40600206272616E64
:10AE8000640000006D6F64656C00000064657669A5
:10AE90006365496400000000726F7700636F6C7532
:10AEA0006D6E00000000F03F6D61636E6F0000008A
:10AEB0000C080020080800207465726D696E616CD2
:10AEC0005F6D73670000000000488F40646174612B
:10AED0000000000030A70020646F6F72207374615F
:10AEE0007465000073797374656D207374617465A3
:10AEF0000000000073746F726520737461746500E4
:10AF00001408002010080020180800201A0800204B
:10AF100000588F40747300004246AFF2500148461B
:10AF200003F031FEF84908680CF0D7FC06463246BB
:10AF30000B46AFF25C01404603F017FFF249486848
:10AF40000CF0CBFC064632460B46AFF26801404699
:10AF500003F00BFFEC4988680CF0BFFC0646324654
:10AF60000B46AFF27001404603F0FFFE484603F087
:10AF7000D0FC044624B9484602F04CFCBDE8F087FA
:10AF800020787B2806D0484602F044FC2046F8F79B
:10AF900040FAF3E7204609F0C4FF0646F8F749FAFD
:10AFA000DA4908600846006830B9484602F032FCC9
:10AFB0002046F8F72EFAE1E75020F8F73AFAD4499C
:10AFC00008600846006850B9484602F023FC204655
:10AFD000F8F71FFACD480068F8F71BFACEE7012012
:10AFE000CB49096808700020C94909688870C849B8
:10AFF0000968C87005F07EFEC54909688880002090
:10B00000C349096848700C20C1490968C8800C22EE
:10B01000AFF25C11BE4800680830F8F723F9BC486D
:10B020000068083008B900BF00BF204609F079FF6A
:10B03000B7490968A1F84800B4480068B4490968EC
:10B04000C864204609F06DFF0646B14909683246DA
:10B05000C86C2146F8F706F9AD48006806F05CFEBA
:10B06000AB4800680078012808D0A8480068F8F7C5
:10B07000D0F9A7480068F8F7CCF911E00120A449FD
:10B0800009688870A248006806F0A0F9FF2807D177
:10B090009E480068F8F7BDF99D480068F8F7B9F9CF
:10B0A0002046F8F7B6F9484602F0B4FB00BF65E762
:10B0B00070B5054600240026AFF24021284603F073
:10B0C000C8FC044604B970BD924920690AF060F8D2
:10B0D00000B1F8E7AFF25421284603F0BAFC044669
:10B0E00004B9F0E78B49103120690AF051F800B13A
:10B0F000E9E7AFF26821284603F0ABFC044604B947
:10B10000E1E78449203120690AF042F800B1DAE72A
:10B11000AFF20021284603F09CFC044604B9D2E7B4
:10B1200026693046FFF760FE00BFCCE72DE9F0410D
:10B13000054603F094FE06460022774BAFF2D0217D
:10B14000304603F012FE734AAFF2D021304603F0CE
:10B150003FFE704A1032AFF2D421304603F038FE81
:10B160006C4A2032AFF2DC21304603F031FE00227F
:10B170006A4B6BA1304603F0F8FD6BA26CA1304620
:10B1800003F026FE2A46AFF27421304603F020FE7B
:10B19000304603F0BEFB044624B9304602F03AFBC9
:10B1A000BDE8F08120787B2806D0304602F032FBE3
:10B1B0002046F8F72EF9F3E7204609F0B2FE0746DD
:10B1C000F8F737F95B4908600846006830B930463F
:10B1D00002F020FB2046F8F71CF9E1E75020F8F7D1
:10B1E00028F9554908600846006850B9304602F011
:10B1F00011FB2046F8F70DF94E480068F8F709F9F9
:10B20000CEE701204C490968087000204A490968C6
:10B21000887049490968C87005F06CFD464909689D
:10B22000888000204449096848700C204249096818
:10B23000C8800C22AFF280313F4800680830F8F730
:10B2400011F83D480068083008B900BF00BF20462B
:10B2500009F067FE38490968A1F8480035480068D8
:10B2600035490968C864204609F05BFE0746324943
:10B2700009683A46C86C2146F7F7F4FF2E48006883
:10B2800006F04AFD2C4800680078012808D02948BB
:10B290000068F8F7BEF828480068F8F7BAF811E037
:10B2A00001202549096888702348006806F08EF857
:10B2B000FF2807D11F480068F8F7ABF81E48006860
:10B2C000F8F7A7F82046F8F7A4F8304602F0A2FAFB
:10B2D00000BF65E770B5054600240026AFF2644163
:10B2E000284603F0B6FB044604B970BD094920693D
:10B2F00009F04EFF00B1F8E7AFF27841284603F0BD
:10B30000A8FB0446D4B9F0E730A7002020080020AD
:10B310001C080020C406002000688F400000F03F99
:10B32000666C61670000000073756363657373008A
:10B330006D7367002808002024080020FE4920695A
:10B3400009F026FF00B1D0E7AFF2C041284603F074
:10B3500080FB044604B9C8E7F7491031206909F0B9
:10B3600017FF00B1C1E7AFF27441284603F071FB4B
:10B37000044604B9B9E7F149606988600846806805
:10B3800030B10120F9F7D5FC032008F00AFA05E0F6
:10B390000020F9F7CEFC042008F003FAAFF28C414C
:10B3A000284603F056FB044604B99EE7266930465A
:10B3B000FFF7BCFE00BF98E72DE9F04705460E46B3
:10B3C000914603F04CFD82460022DD4BAFF2605106
:10B3D000504603F0CAFCD84A103AAFF260515046CA
:10B3E00003F0F6FCD44AAFF26451504603F0F0FC8F
:10B3F000D14A1032AFF26C51504603F0E9FC3046AE
:10B400000CF06BFA07463A460B46CEA1504603F0C5
:10B41000ACFC4A46CDA1504603F0DAFC0022CD4BED
:10B42000AFF20411504603F0A0FCAFF20412AFF2E9
:10B430000011504603F0CCFC2A46AFF2285150468A
:10B4400003F0C6FC504603F064FA044624B95046A3
:10B4500002F0E0F9BDE8F08720787B2806D050465E
:10B4600002F0D8F92046F7F7D4FFF3E7204609F0B9
:10B4700058FD0746F7F7DDFFB74908600846006842
:10B4800030B9504602F0C6F92046F7F7C2FFE1E7AF
:10B490005020F7F7CEFFB14908600846006850B960
:10B4A000504602F0B7F92046F7F7B3FFAA48006804
:10B4B000F7F7AFFFCEE70120A84909680870002020
:10B4C000A64909688870A5490968C87005F012FC8A
:10B4D000A249096888800020A049096848700C20AA
:10B4E0009E490968C8800C22AFF234619B4800680D
:10B4F0000830F7F7B7FE99480068083008B900BF70
:10B5000000BF204609F00DFD94490968A1F84800E4
:10B510009148006891490968C864204609F001FD16
:10B5200007468E4909683A46C86C2146F7F79AFEE5
:10B530008A48006806F0F0FB884800680078012817
:10B5400008D085480068F7F764FF84480068F7F77B
:10B5500060FF11E001208149096888707F48006818
:10B5600005F034FFFF2807D17B480068F7F751FF4B
:10B570007A480068F7F74DFF2046F7F74AFF504634
:10B5800002F048F900BF65E72DE9F04387B0804637
:10B590000027B946AFF21C71404603F05AFA7049D1
:10B5A00008600846006810B907B0BDE8F0836C4930
:10B5B000096808696049103909F0EAFD00B1F3E74C
:10B5C000AFF24071404603F044FA6549086008460E
:10B5D000006800B9E8E7624909680869564909F056
:10B5E000D7FD00B1E0E7AFF25C71404603F031FAFD
:10B5F0005B4908600846006800B9D5E75849096802
:10B6000008694D49103109F0C3FD00B1CCE74DA1E7
:10B61000404603F01EFA524908600846006800B927
:10B62000C2E74F48006844692046F9F70FFE00B1B1
:10B63000BAE746A1404603F00CFA494908600846BB
:10B64000006800B9B0E746480068076945A1404670
:10B6500003F0FFF9444908600846006800B9A3E711
:10B66000AFF2CC714048006803F0F3F93C49086040
:10B670000846006800B997E7394800684569AFF2A5
:10B68000E4713948006803F0E4F935490860084678
:10B69000006800B988E7324800684669721E691E72
:10B6A000AFF615732046F8F7DEFD384607F0C8FF01
:10B6B000062008F076F80294039504960120059080
:10B6C000684606F065FB6846F9F70BFEAFF2BC7101
:10B6D000404603F0BEF9224908600846006800B9F8
:10B6E00062E71F480068D0F810903A462146484665
:10B6F000FFF762FE00BF57E72DE9F041054603F072
:10B70000AEFB06460022194BAFF69C01304603F013
:10B710002CFB094A103AAFF69C01304603F058FB67
:10B72000054AAFF6A001304603F052FB024A103240
:10B73000AFF6A80130461BE0D406002030A7002059
:10B7400000788F40636F6465000000006F7264656D
:10B75000724964000000F03F300800202C080020EF
:10B7600034080020766172003808002000888F407D
:10B7700003F02EFB0022FE4BAFF25C41304603F09B
:10B78000F4FAAFF25C42AFF25841304603F020FBCE
:10B790002A46AFF68001304603F01AFB304603F02C
:10B7A000B8F8044624B9304602F034F8BDE8F08118
:10B7B00020787B2806D0304602F02CF82046F7F798
:10B7C00028FEF3E7204609F0ACFB0746F7F731FE09
:10B7D000E84908600846006830B9304602F01AF8B7
:10B7E0002046F7F716FEE1E75020F7F722FEE24980
:10B7F00008600846006850B9304602F00BF8204651
:10B80000F7F707FEDB480068F7F703FECEE70120F5
:10B81000D949096808700020D74909688870D64955
:10B820000968C87005F066FAD34909688880002065
:10B83000D149096848700C20CF490968C8800C229A
:10B84000AFF68C11CC4800680830F7F70BFDCA48FA
:10B850000068083008B900BF00BF204609F061FB4E
:10B86000C5490968A1F84800C2480068C24909688A
:10B87000C864204609F055FB0746BF4909683A46A7
:10B88000C86C2146F7F7EEFCBB48006806F044FAA6
:10B89000B94800680078012808D0B6480068F7F772
:10B8A000B8FDB5480068F7F7B4FD11E00120B249D2
:10B8B00009688870B048006805F088FDFF2807D146
:10B8C000AC480068F7F7A5FDAB480068F7F7A1FDA5
:10B8D0002046F7F79EFD304601F09CFF00BF65E76C
:10B8E00070B505460026AFF66C21284603F0B1F886
:10B8F000A24908600846006800B970BD9F49096800
:10B9000008699F4909F044FC00B1F6E7AFF68C21C5
:10B91000284603F09EF8994908600846006800B977
:10B92000EBE79649096808699549103109F030FC40
:10B9300000B1E2E7AFF6AC21284603F08AF88F4960
:10B9400008600846006800B9D7E78C4909680869AB
:10B950008B49203109F01CFC00B1CEE7AFF68821FD
:10B96000284603F076F8854908600846006800B963
:10B97000C3E782480068446914B1FCF72BF801E082
:10B98000FCF72CF8AFF67421284603F062F87B49E7
:10B9900008600846006800B9AFE7784800680669A3
:10B9A0003046FFF7A9FE00BFA7E72DE9F05F054687
:10B9B0000E46914603F053FA82460022714BAFF6D1
:10B9C0005031504603F0D1F96D4AAFF65031504630
:10B9D00003F0FEF96A4A1032AFF65831504603F0D0
:10B9E000F7F9674A2032AFF65C31504603F0F0F9C0
:10B9F00030460BF072FF07463A460B46AFF2BC21C9
:10BA0000504603F0B2F94A46AFF2C021504603F067
:10BA1000DFF93046F9F731FC834658460BF05DFFFD
:10BA200007463A460B4658A1504603F09EF92A466F
:10BA3000AFF62031504603F0CBF9504602F069FFD3
:10BA4000044624B9504601F0E5FEBDE8F09F207899
:10BA50007B2806D0504601F0DDFE2046F7F7D9FCE2
:10BA6000F3E7204609F05DFA0746F7F7E2FC4A499A
:10BA700008600846006830B9504601F0CBFE204609
:10BA8000F7F7C7FCE1E75020F7F7D3FC434908601C
:10BA90000846006850B9504601F0BCFE2046F7F752
:10BAA000B8FC3D480068F7F7B4FCCEE701203B49FD
:10BAB00009680870002039490968887037490968A1
:10BAC000C87005F017F935490968888000203349A6
:10BAD000096848700C2031490968C8800C22AFF60B
:10BAE00028412E4800680830F7F7BCFB2B48006857
:10BAF000083008B900BF00BF204609F012FA2749F4
:10BB00000968A1F848002448006824490968C86405
:10BB1000204609F006FA0746204909683A46C86CEB
:10BB20002146F7F79FFB1D48006806F0F5F81B4813
:10BB300000680078012808D017480068F7F769FC0A
:10BB400016480068F7F765FC11E001201349096801
:10BB500088701248006805F039FCFF2807D10E48AC
:10BB60000068F7F756FC0D480068F7F752FC17E03D
:10BB70000000F03F400800203C080020440800205E
:10BB8000C4060020005C9140736869706D656E7436
:10BB900020737461746500004C0800204808002080
:10BBA0002046F7F736FC504601F034FE00BF4CE764
:10BBB0002DE9F041054600260027AFF64051284602
:10BBC00002F047FFFE4908600846006808B9BDE872
:10BBD000F081FB4909680869FA4909F0D9FA00B10E
:10BBE000F5E7AFF66051284602F033FFF4490860EC
:10BBF0000846006800B9EAE7F14909680869F149AF
:10BC0000103109F0C5FA00B1E1E7AFF680512846DE
:10BC100002F01FFFEA4908600846006800B9D6E74D
:10BC2000E74909680869E749203109F0B1FA00B12C
:10BC3000CDE7AFF2F041284602F00BFFE049086083
:10BC40000846006800B9C2E7DD4800684469AFF201
:10BC50000451284602F0FDFED949086008460068F4
:10BC600000B9B4E7D64800680669AFF658512846CF
:10BC700002F0EFFED24908600846006800B9A6E766
:10BC8000CF4800680769324621463846FFF78DFEE7
:10BC900000BF9CE72DE9F041054603F0E0F80646B9
:10BCA0000022C94BAFF63861304603F05EF8C54A52
:10BCB000AFF63861304603F08BF8C24A1032AFF667
:10BCC0003C61304603F084F8BE4A2032AFF644614E
:10BCD000304603F07DF80022BC4BAFF6BC11304675
:10BCE00003F043F8AFF6C012B9A1304603F070F884
:10BCF0002A46AFF6E051304603F06AF8304602F0CB
:10BD000008FE044624B9304601F084FDBDE8F08108
:10BD100020787B2806D0304601F07CFD2046F7F7DE
:10BD200078FBF3E7204609F0FCF80746F7F781FBBC
:10BD3000A94908600846006830B9304601F06AFD3C
:10BD40002046F7F766FBE1E75020F7F772FBA349BF
:10BD500008600846006850B9304601F05BFD204697
:10BD6000F7F757FB9C480068F7F753FBCEE7012035
:10BD70009A490968087000209849096888709749AD
:10BD80000968C87004F0B6FF9449096888800020EB
:10BD90009249096848700C2090490968C8800C22B3
:10BDA000AFF6EC618D4800680830F7F75BFA8B4816
:10BDB0000068083008B900BF00BF204609F0B1F89C
:10BDC00086490968A1F848008348006883490968E2
:10BDD000C864204609F0A5F80746804909683A4634
:10BDE000C86C2146F7F73EFA7C48006805F094FFDE
:10BDF0007A4800680078012808D077480068F7F78B
:10BE000008FB76480068F7F704FB11E0012073494E
:10BE1000096888707148006805F0D8FAFF2807D1D2
:10BE20006D480068F7F7F5FA6C480068F7F7F1FA23
:10BE30002046F7F7EEFA304601F0ECFC00BF65E76C
:10BE400070B504460025AFF6CC71204602F001FE25
:10BE5000634908600846006800B970BD6049096818
:10BE60000869584909F094F900B1F6E7AFF6EC71AA
:10BE7000204602F0EEFD5A4908600846006800B905
:10BE8000EBE75749096808694E49103109F080F914
:10BE900000B1E2E75349204602F0DBFD504908605B
:10BEA0000846006800B9D8E74D490968086945495E
:10BEB000203109F06DF900B1CFE74BA1204602F027
:10BEC000C8FD474908600846006800B9C5E74FF457
:10BED00080713C48403009F033F9414909680869EC
:10BEE00009F01FF806463E480068324601693548A9
:10BEF0004030F7F7B7F93A490968086909F011F8CD
:10BF0000C6B231462F484030F8F7DEFE3748806829
:10BF100070B1032007F045FC31490968086909F050
:10BF200000F8C6B231462748403007F0E7FC0DE084
:10BF3000052007F036FC2A490968086908F0F1FF76
:10BF4000C6B231461F48403007F0D8FC28A1204631
:10BF500002F07FFD224908600846006800B97CE7CE
:10BF60001F48006805692846FFF794FE00BF74E784
:10BF700010B5002409E021460020F9F77BF881B2D2
:10BF80001C4820F81410601CC4B2082CF3DB0220FB
:10BF90001849891E087010BD2DE9F041054602F0D0
:10BFA0005EFF06460022144B0E491C39304602F053
:10BFB000DCFE044A0B491039304602F009FF1DE04F
:10BFC00050080020C4060020006C91400000F03FA3
:10BFD0006D65737361676500580800205408002080
:10BFE0005C0800208CAE000875726C0030A7002041
:10BFF0007473000052A7002000749140FD4AFE496E
:10C00000304602F0E5FEFB4A1032FB49083130466B
:10C0100002F0DEFE0022F94BAFF6FC41304602F0A2
:10C02000A4FEAFF6FC42AFF25801304602F0D0FE5B
:10C030002A46AFF24401304602F0CAFE304602F012
:10C0400068FC044624B9304601F0E4FBBDE8F08109
:10C0500020787B2806D0304601F0DCFB2046F7F73D
:10C06000D8F9F3E7204608F05CFF0746F7F7E1F957
:10C07000E34908600846006830B9304601F0CAFB61
:10C080002046F7F7C6F9E1E75020F7F7D2F9DD4986
:10C0900008600846006850B9304601F0BBFB2046F6
:10C0A000F7F7B7F9D6480068F7F7B3F9CEE70120FC
:10C0B000D449096808700020D24909688870D149BC
:10C0C0000968C87004F016FECE490968888000200F
:10C0D000CC49096848700C20CA490968C8800C22FC
:10C0E000C5493431C74800680830F7F7BBF8C54880
:10C0F0000068083008B900BF00BF204608F011FFF3
:10C10000C0490968A1F84800BD480068BD490968F0
:10C11000C864204608F005FF0746BA4909683A4650
:10C12000C86C2146F7F79EF8B648006805F0F4FDA4
:10C13000B44800680078012808D0B1480068F7F7D3
:10C1400068F9B0480068F7F764F911E00120AD49DB
:10C1500009688870AB48006805F038F9FF2807D1F6
:10C16000A7480068F7F755F9A6480068F7F751F9AE
:10C170002046F7F74EF9304601F04CFB00BF65E76B
:10C1800070B5044600259C490839204602F061FC40
:10C190009D4908600846006800B970BD9A49096861
:10C1A00008699449103908F0F3FF00B1F5E79249A6
:10C1B000204602F04EFC944908600846006800B929
:10C1C000EBE79149096808698A4908F0E1FF00B185
:10C1D000E3E789490831204602F03BFC8A490860C0
:10C1E0000846006800B9D8E78749096808698149A5
:10C1F000103108F0CDFF00B1CFE7AFF6982120460F
:10C2000002F027FC814908600846006800B9C4E7CD
:10C21000794914317D48006802F01BFC7A490860B6
:10C220000846006800B9B8E777480068007D78499B
:10C230008874714918317548006802F00AFC724927
:10C2400008600846006800B9A7E76F480068007DED
:10C250006F49C874FFF78CFEAFF26C21204602F0E4
:10C26000F8FB694908600846006800B995E7664828
:10C27000006805692846FFF78FFE00BF8DE72DE9AE
:10C28000F047054600266248807C401E6049891CB4
:10C2900031F81000891EC97C491E01228A401040D5
:10C2A00008B1022600E0032602F0D9FD81460022F3
:10C2B000584B51491439484602F057FD4D4A103A3F
:10C2C0004D490839484602F083FD4A4A4A494846E2
:10C2D00002F07EFD474A103247490831484602F0D5
:10C2E00077FD30460BF0F9FA07463A460B464AA16D
:10C2F000484602F03AFD2A46AFF20C31484602F0B9
:10C3000067FD484602F005FB044624B9484601F0A3
:10C3100081FABDE8F08720787B2806D0484601F0F6
:10C3200079FA2046F7F775F8F3E7204608F0F9FDAB
:10C330000746F7F77EF83B4908600846006830B9C1
:10C34000484601F067FA2046F7F763F8E1E7502026
:10C35000F7F76FF8344908600846006850B9484656
:10C3600001F058FA2046F7F754F82E480068F7F71E
:10C3700050F8CEE701202C490968087000202A49AE
:10C380000968887028490968C87004F0B3FC264918
:10C390000968888000202449096848700C202249D7
:10C3A0000968C8800C22144934311F4800680830DD
:10C3B000F6F758FF1C480068083008B900BF00BFF6
:10C3C000204608F0AEFD18490968A1F84800154854
:10C3D000006815490968C864204608F0A2FD0746B0
:10C3E000114909683A46C86C2146F6F73BFF0E48EA
:10C3F00000681BE0D406002084AE00080000F03F77
:10C400006408002060080020680800206C080020F4
:10C4100050A70020007C91406173696C65207374A3
:10C4200061746500740800207008002005F074FC39
:10C43000FE4800680078012808D0FD480068F6F73B
:10C44000E8FFFA480068F6F7E4FF11E00120F74939
:10C4500009688870F548006804F0B8FFFF2807D124
:10C46000F3480068F6F7D5FFF0480068F6F7D1FF0B
:10C470002046F6F7CEFF484601F0CCF900BF48E76A
:10C4800070B504460025EB49204602F0E2FAEA497D
:10C4900008600846006800B970BDE7490968086986
:10C4A000E64908F075FE00B1F6E7E249083120469A
:10C4B00002F0CFFAE04908600846006800B9EBE7EF
:10C4C000DD4909680869DD49103108F061FE00B1F5
:10C4D000E2E7D8491031204602F0BBFAD64908609D
:10C4E0000846006800B9D7E7D34909680869D34905
:10C4F000203108F04DFE00B1CEE7AFF20C512046DE
:10C5000002F0A7FACC4908600846006800B9C3E702
:10C51000C948006805692846FFF7B1FE00BFBBE7C0
:10C520002DE9F041054602F09AFC06460022C44B74
:10C53000C0490C39304602F018FCC04ABD493046AB
:10C5400002F046FCBD4A1032BA490831304602F0CA
:10C550003FFCBA4A2032B7491031304602F038FC6D
:10C560000022B84BB849304602F0FFFBB64A083209
:10C57000AFF2A451304602F02BFC2A46AFF29051A4
:10C58000304602F025FC304602F0C3F9044624B9D7
:10C59000304601F03FF9BDE8F08120787B2806D0D5
:10C5A000304601F037F92046F6F733FFF3E720462F
:10C5B00008F0B7FC0746F6F73CFFA44908600846B8
:10C5C000006830B9304601F025F92046F6F721FF22
:10C5D000E1E75020F6F72DFF9D4908600846006806
:10C5E00050B9304601F016F92046F6F712FF974889
:10C5F0000068F6F70EFFCEE701209549096808703C
:10C60000002093490968887091490968C87004F04E
:10C6100071FB8F490968888000208D49096848703E
:10C620000C208B490968C8800C2282493C3188481B
:10C6300000680830F6F716FE85480068083008B92B
:10C6400000BF00BF204608F06CFC81490968A1F8D2
:10C6500048007E4800687E490968C864204608F0A2
:10C6600060FC07467A4909683A46C86C2146F6F7E5
:10C67000F9FD7748006805F04FFB754800680078C1
:10C68000012808D071480068F6F7C3FE70480068BA
:10C69000F6F7BFFE11E001206D49096888706C480B
:10C6A000006804F093FEFF2807D168480068F6F799
:10C6B000B0FE67480068F6F7ACFE2046F6F7A9FE24
:10C6C000304601F0A7F800BF65E770B504460025C5
:10C6D0005849204602F0BDF95E49086008460068E6
:10C6E00000B970BD5B4909680869544908F050FDFC
:10C6F00000B1F6E74F490831204602F0AAF9554942
:10C7000008600846006800B9EBE752490968086903
:10C710004A49103108F03CFD00B1E2E745491031CB
:10C72000204602F096F94B4908600846006800B9B7
:10C73000D7E74849096808694049203108F028FDD1
:10C7400000B1CEE7FFF714FCAFF25C71204602F0B7
:10C7500080F9404908600846006800B9C1E73D48D3
:10C76000006805692846FFF7DBFE00BFB9E72DE941
:10C77000FC41054638A103C9CDE9000102F06FFB79
:10C7800080460022364B2B490C39404602F0EDFA28
:10C790002A4A2849404602F01BFB284A1032254904
:10C7A0000831404602F014FB244A2032214910315E
:10C7B000404602F00DFB2A46AFF2CC71404602F033
:10C7C00007FB284908780BF09FF8064632460B46CF
:10C7D00025A1404602F0C9FA02222249891C0DF126
:10C7E0000200FEF778F86A4622A1404602F0F0FA0D
:10C7F00002221C49091D0DF10200FEF76CF86A4681
:10C800001EA1404602F0E4FA02221649891D0DF1EC
:10C810000200FEF760F86A461AA1404602F0D8FA14
:10C820000222104908310DF102002FE070080020AB
:10C83000740800207CAE000878080020C4060020A0
:10C84000008491400000F03F20B3000884080020DD
:10C850008008002088080020307830303030000018
:10C86000008C914050A70020636865636B2073744F
:10C8700061746500726F772031000000726F77205D
:10C8800032000000726F772033000000FEF723F8BB
:10C890006A46FEA1404602F09BFA0222FD490DF1D4
:10C8A0000200FEF718F86A46FBA1404602F090FA33
:10C8B0000222F849891C0DF10200FEF70CF86A46C5
:10C8C000F7A1404602F084FA0222F249091D0DF157
:10C8D0000200FEF700F86A46F3A1404602F078FA3B
:10C8E0000222EC49891D0DF10200FDF7F4FF6A46B2
:10C8F000EFA1404602F06CFA404602F00AF8044606
:10C9000024B9404600F086FFBDE8FC8120787B28F2
:10C9100006D0404600F07EFF2046F6F77AFDF3E7AA
:10C92000204608F0FEFA0646F6F783FDE249086065
:10C930000846006830B9404600F06CFF2046F6F724
:10C9400068FDE1E75020F6F774FDDC490860084611
:10C95000006850B9404600F05DFF2046F6F759FDEB
:10C96000D5480068F6F755FDCEE70120D3490968A0
:10C9700008700020D14909688870D0490968C870DA
:10C9800004F0B8F9CD49096888800020CB490968CE
:10C9900048700C20C9490968C8800C22C849C7489A
:10C9A00000680830F6F75EFCC4480068083008B933
:10C9B00000BF00BF204608F0B4FAC0490968A1F8DA
:10C9C0004800BD480068BD490968C864204608F0B1
:10C9D000A8FA0646B94909683246C86C2146F6F7F6
:10C9E00041FCB648006805F097F9B4480068007843
:10C9F000012808D0B0480068F6F70BFDAF48006882
:10CA0000F6F707FD11E00120AC4909688870AB48D2
:10CA1000006804F0DBFCFF2807D1A7480068F6F7A0
:10CA2000F8FCA6480068F6F7F4FC2046F6F7F1FC9F
:10CA3000404600F0EFFE00BF66E770B504460025F3
:10CA40009F493C39204602F004F89E490860084698
:10CA5000006800B970BD9B49096808699A4908F0E7
:10CA600097FB00B1F6E796493439204601F0F1FF13
:10CA7000944908600846006800B9EBE791490968E5
:10CA800008699149103108F083FB00B1E2E78C4955
:10CA90002C39204601F0DDFF8A490860084600680D
:10CAA00000B9D7E78749096808698749203108F044
:10CAB0006FFB00B1CEE7AFF6C821204601F0C9FFF9
:10CAC000804908600846006800B9C3E77D480068EF
:10CAD00005692846FFF74BFE00BFBBE72DE9FC5F69
:10CAE00081460C46002602F0BAF983460022774BB5
:10CAF00073494839584602F038F9734A70493C394D
:10CB0000584602F065F9704A10326D49343958467A
:10CB100002F05EF96C4A203269492C39584602F01D
:10CB200057F900226A4B6B49584602F01EF9694AD0
:10CB3000083202F10801584602F04AF94A46AFF6B7
:10CB40005031584602F044F9207830384FF47A7169
:10CB500048436178303901EBC10202EB011100EB6F
:10CB60008101A078303800EB800001EB4001E078D3
:10CB70003038084480B2ADF800006079303821794F
:10CB8000303901EB810100EB4100C0B28DF80200A9
:10CB9000E0793038A179303901EB810100EB4100B7
:10CBA000C0B28DF8030000208DF804008DF8050058
:10CBB0008DF8060031466846F8F775FC82460AEBA8
:10CBC0004A10F6F736FC064626B131466846F8F7B5
:10CBD0006AFC8246324640A1584602F0F9F85046B7
:10CBE0000AF07BFE07463A460B463CA1584602F047
:10CBF000BCF8584601F08DFE054625B9584600F0B0
:10CC000009FEBDE8FC9F28787B2806D0584600F036
:10CC100001FE2846F6F7FDFBF3E7284608F081F908
:10CC20000746F6F706FC2F4908600846006830B949
:10CC3000584600F0EFFD2846F6F7EBFBE1E7502001
:10CC4000F6F7F7FB284908600846006850B95846CF
:10CC500000F0E0FD2846F6F7DCFB22480068F6F716
:10CC6000D8FBCEE7012020490968087000201E4942
:10CC7000096888701C490968C87004F03BF81A49B3
:10CC8000096888800020184909682FE0726F7720B2
:10CC9000340000005AA70020726F77203500000092
:10CCA000726F772036000000726F77203700000027
:10CCB000726F772038000000940800209008002050
:10CCC000B8AE000898080020C4060020009C9140DF
:10CCD0000000F03F20B300086C6F67006C6F674E78
:10CCE000756D0000A4080020A008002048700C20EA
:10CCF000E0490968C8800C22DF49DE480068083036
:10CD0000F6F7B0FADB480068083008B900BF00BF8A
:10CD1000284608F006F9D7490968A1F84800D7481D
:10CD20000068D4490968C864284608F0FAF807463C
:10CD3000D04909683A46C86C2946F6F793FACD48B7
:10CD4000006804F0E9FFCB4800680078012808D0AB
:10CD5000CA480068F6F75DFBC6480068F6F759FB5D
:10CD600011E00120C34909688870C248006804F0D6
:10CD70002DFBFF2807D1C1480068F6F74AFBBD48E4
:10CD80000068F6F746FB2846F6F743FB584600F0E6
:10CD900041FD00BF35E72DE9F0410546002400269E
:10CDA0000027B5493C39284601F053FE04460CB92A
:10CDB000BDE8F081B249206908F0EAF900B1F7E76F
:10CDC000AD493439284601F044FE044604B9EFE782
:10CDD000AB491031206908F0DBF900B1E8E7A6495A
:10CDE0002C39284601F035FE044604B9E0E7A44991
:10CDF0002031206908F0CCF900B1D9E7A1A128467B
:10CE000001F027FE044604B9D2E72769AFF6206196
:10CE1000284601F01EFE044604B9C9E726693946D2
:10CE20003046FFF75BFE00BFC2E770B50024002567
:10CE300000F075F918B300F072F99449088000F019
:10CE40006EF90646F6F7F5FA91490860084600685B
:10CE500000B970BD8E48006800F066F98B48018803
:10CE60008B48006800F01DFB20B989480068F6F780
:10CE7000D0FA04E086480068F6F7CBFAE9E700BF8D
:10CE8000E7E710B500F046FA00F049FB00B910BD25
:10CE900003F018FD20B900207E4981F88000F6E7F4
:10CEA000FDF782FFFDF7A1FD00BFF0E72DE9F0419E
:10CEB00000240025002600BF002700F012FA08B960
:10CEC000BDE8F081FFF7B1FF03F0FCFC00B9F7E724
:10CED0007148007830B101280FD0022832D00328E1
:10CEE0000AD1B4E004F001FD6C490860084600680E
:10CEF00010B1012068490870B8E06848006801F086
:10CF00000EFB6749086008460068B8B15A494839BD
:10CF10006348006801F09DFD6249086008460068AA
:10CF200018B903205C490870CAE75E480068808A27
:10CF30005D49088002205849087002E003205649E4
:10CF4000087093E05848008840F25A42811A904293
:10CF500047D011DC40F2EE32A0EB0201904228D023
:10CF600005DCA0F2EA30A0B102286AD119E002295A
:10CF700027D0682965D12CE006294AD004DC022993
:10CF800037D004295DD13CE008294AD00C2958D17A
:10CF90004FE043480068FEF78BF803203E490870D5
:10CFA00053E03F480068FEF795F903203A490870BE
:10CFB0004BE03B480068FEF7E7FA0320364908706B
:10CFC00043E037480068FEF78BFC032032490870C5
:10CFD0003BE033480068FEF7EBFD03202E49087064
:10CFE00033E02F480068FEF72BFF03202A49087022
:10CFF0002BE02B480068FFF7C3F803202649087090
:10D0000023E027480068FFF73BFA03202249087015
:10D010001BE023480068FFF758FB03201E490870F7
:10D0200013E01F480068FFF708FD03201A49087045
:10D030000BE01B480068FFF7AEFE0320164908709E
:10D0400003E003201449087000BF00BF0EE014483D
:10D05000006818B11248006800F0DCFB0F48006857
:10D06000F6F7D7F900200C49087000BF00BF00BFD9
:10D0700026E70000A0080020B8AE0008A4080020A1
:10D08000C40600206461746500000000A808002048
:10D09000AC08002088A50020B0080020B4080020BB
:10D0A000B8080020C0080020B208002008B50121FF
:10D0B0001020F4F759FA0220ADF8000010208DF886
:10D0C000030003208DF8020069464148F3F72AFF68
:10D0D00002213F48F3F7D5FF08BD10B5FFF7E6FF83
:10D0E0000220FBF7D5FE10BD70B504460D46AAB26E
:10D0F00021460220FBF750FF70BD70B505460E4675
:10D10000144631462846FFF7EFFF00BF0220FBF729
:10D110000DFF18B12000A4F10104F7D170BD10B5C6
:10D120000220FBF7D5FE10BD10B5044621460220B3
:10D13000FBF70AFF10BD2DE9F04106460F461446E5
:10D140002448007810B101283FD10FE02248046044
:10D15000304607F0E6FE054629463046FFF7C4FF95
:10D1600001201C4908700020BDE8F081FFF7D7FFBF
:10D17000D8B1FFF7D4FF8046F6F75BF9054695B1C5
:10D180002846FFF7D1FF002012490870394628468B
:10D1900007F091FE20B12846F6F73BF9FF20E3E7C0
:10D1A0002846F6F736F90020DEE70B48006828B17C
:10D1B00009480068401E0849086004E0002005494D
:10D1C0000870EE20D0E70020CEE700BF00BFCBE71D
:10D1D00000100140CC080020D00800200120FE49AA
:10D1E0004870FE49087000204880FB48007848706D
:10D1F000704710B5F948007800B910BDF74840886D
:10D200001E2809DAF5484088401CF449488002216C
:10D21000F348F3F736FF11E0F04840883C2809DA7C
:10D22000EE484088401CED4948800221EC48F3F765
:10D2300026FF03E00020E9494880087000BFDCE7D2
:10D24000E5480078704710B5FFF747FFE549E24829
:10D25000C16000218172E4490161E4494161E4490E
:10D26000C161E4490162E44981610020DA49087240
:10D270000121D948C172E1498162E1494162E14934
:10D28000C162E1494163E1490163E149816340F2DF
:10D29000DC51A0F84010DF49C163DF4981640021FF
:10D2A00080F84610DD49C164DD490165DD498165CD
:10D2B000DD49C165DD494165002180F84410022146
:10D2C00080F8471000214166016681660167C166EA
:10D2D000D74941674FF47A71A0F87C10D54981672E
:10D2E00010BDBD484078042801DB012070470020B4
:10D2F000FCE710B5B84A1170507001231278C2EBE8
:10D300000214B54A083202EB840253700122B24B78
:10D310009A7010BD70B50025AF484078052829D215
:10D32000DFE800F003294188B200AB480078C0EB89
:10D330000011A948083010F82100D8B9A648007893
:10D34000C0EB0011A448083000EB8100006950B127
:10D35000A1490978C1EB01129F49083101EB820113
:10D36000086980470546FF2D04D101209A4948707D
:10D370000020888093E0984881880078C0EB0012F4
:10D380009548083000EB8200008F814205DA924810
:10D390008088401C9049888004E000208E49888065
:10D3A000022048707BE000248B480078C0EB00111D
:10D3B0008948083000EB81004078B0BB864800788F
:10D3C000C0EB00118448083000EB8100C06850B108
:10D3D00081490978C1EB01127F49083101EB8201D3
:10D3E000C86880470446FF2C0FD101207A49887015
:10D3F00003204870012178480078C0EB001276487D
:10D40000083000EB8200417013E0EE2C11D10020B7
:10D410007149487008460078401C0870084600783A
:10D42000022806D10020087003E0FFE703206A49C4
:10D43000487034E0002468480078C0EB001166486A
:10D44000083000EB81008078D0B963480078C0EBE9
:10D4500000116148083000EB8100806850B15E49DE
:10D460000978C1EB01125C49083101EB820188683F
:10D4700080470446FF2C06D104205749487002E03B
:10D480000420554948700AE053490978C1EB01125C
:10D490005149083101EB82014868804700BF00BF55
:10D4A00070BD70B504460D464B488078B0B14A480F
:10D4B0000078C0EB00114848083000EB810040695B
:10D4C00060B145480078C0EB00114348083000EBDC
:10D4D0008100294642692046904770BD0020FCE744
:10D4E00070B504460D463C488078B0B13A480078A3
:10D4F000C0EB00113848083000EB8100806960B152
:10D5000035480078C0EB00113348083000EB81004B
:10D51000294682692046904770BD0020FCE72E48CE
:10D520008078704710B52C480078C0EB00112A486D
:10D53000083000EB8100006B50B127490978C1EB3E
:10D5400001122549083101EB8201086B804710BDAB
:10D550000020FCE710B520480078C0EB00111E4801
:10D56000083000EB8100C06950B11B490978C1EB5C
:10D5700001121949083101EB8201C869804710BDC9
:10D580000020FCE710B514480078C0EB00111248E9
:10D59000083000EB8100406B50B10F490978C1EBB6
:10D5A00001120D49083101EB8201486B804710BD23
:10D5B0000020FCE710B508480078C0EB00110648D1
:10D5C000083000EB8100006AB0B303490978C1EB71
:10D5D00001120149083130E070A70020D408002072
:10D5E000001001400DA60008DD95000855950008C3
:10D5F000C39D00086FA10008ED9400083F9C00083F
:10D60000359C0008439C0008479C0008919C00083A
:10D61000179E0008399C0008F3030108ABF70008C7
:10D62000D7F900085FFA0008B9FD000843F70008C1
:10D63000B1FB0008C1F6000804E001EB8201086AB2
:10D64000804710BD0020FCE710B523480078C0EBF0
:10D6500000112148083000EB8100406A50B11E499A
:10D660000978C1EB01121C49083101EB8201486ABB
:10D67000804710BD0020FCE710B517480078C0EBCC
:10D6800000111548083000EB8100C06A50B1124902
:10D690000978C1EB01121049083101EB8201C86A17
:10D6A000804710BD0020FCE710B50B480078C0EBA8
:10D6B00000110948083000EB8100806A50B106492A
:10D6C0000978C1EB01120449083101EB8201886A33
:10D6D000804710BD0020FCE770A70020F7480068D5
:10D6E000F649496808447047014609B90020704767
:10D6F000087B102801D10120F9E70020F7E700B5E9
:10D7000002461046FFF7F0FF08B9002000BD10697F
:10D71000FCE708B5072003460122E9A10090EB4889
:10D7200007F034FAE94808BD70B504460D4604B167
:10D730000DB9012070BDAC4201D10020FAE705E02F
:10D74000207808B90020F5E7641C6D1C207807F0EC
:10D7500010FA0646287807F00CFA8642F0D02078B6
:10D7600007F007FA0646287807F003FA301AE1E7CF
:10D770002DE9F04104460D460026002714B900208B
:10D78000BDE8F081204607F0CCFB461C30462968F6
:10D79000884707460FB90020F2E73246214638464F
:10D7A00007F035FC3846EBE738B9C949C94A11607A
:10D7B000C9495160C94991607047C549C54A11605E
:10D7C000016809B101681160C349C24A51604168EA
:10D7D00009B1416851600021BE4A91601146096853
:10D7E000BB4A914207D1BB494968BB4A914202D129
:10D7F000BA49B84A916000BFDEE770B504462820F8
:10D800002168884705461DB12821284607F098FC65
:10D81000284670BD70B50446002522E02568A08921
:10D8200000F4807020B9A06810B1A068FFF7F2FF83
:10D83000A08900F4807028B9206918B1A54A206930
:10D8400051688847A08900F4007028B9206A18B18F
:10D85000A04A206A516888479E4841682046884708
:10D860002C46002CDAD170BD2E2070472DE9F043F4
:10D8700091B080460C4600BF00201090FFF7F4FFE7
:10D88000814600250CB1206818B9002011B0BDE810
:10D89000F08300253CE0A16820680844405D3428FE
:10D8A00020D00ADCA0F12B0009282ED2DFE800F0FE
:10D8B000202D212A2D1617181900382816D006DC1D
:10D8C000352810D036280FD037281ED10DE0392842
:10D8D0000DD045280FD0652817D10BE000BF00BF41
:10D8E00000BF00BF00BF00BF00BF00BF00BF00BF40
:10D8F00000BF00BF00BFA16820680844405D0DF86C
:10D90000050003E00DF8059000E00AE000BF6D1C83
:10D910003F2D05D224B1A068284461688842BAD35B
:10D9200000BF00200DF8050010A9684609F064FD4D
:10D9300006460F4668461099884201D10020A5E7A7
:10D94000C8E90667664A674B304639460AF02AF945
:10D9500004D86FF00040C8F8140011E00022624BB8
:10D960003046394609F0E4FF04D84FF00040C8F8CB
:10D97000140005E03046394609F052FFC8F814009B
:10D980000820C8F80C00A0686A461099891A084453
:10D99000A06001207AE770B5064614461D46504A3D
:10D9A000504B204629460AF0FDF803D86FF000409E
:10D9B00070610FE000224C4B2046294609F0B8FF69
:10D9C00003D84FF00040706104E02046294609F07A
:10D9D00027FF706120462946C6E9064570BD2DE93E
:10D9E000F04104460D46002600270CB1206810B90E
:10D9F0000020BDE8F081606828B1D4E901108842B8
:10DA000001D30020F5E7B5F1004F01D30020F0E786
:10DA1000A068401C05446068A84203D3A168206840
:10DA20000844E6E7206908B10020E2E7B5F1804F3D
:10DA300007D3B5F1004F02D26FF0004702E000209B
:10DA4000D7E76F00206A60B13946226A20689047A4
:10DA50000646E6B9E16920688847002060602060DA
:10DA6000C7E73846A1698847064636B9E1692068A4
:10DA70008847002060602060BBE72EB1A068421C90
:10DA80003046216807F0C3FAE1692068884767607B
:10DA90002660A0683044ACE770B5044600250CB1A0
:10DAA000206800B970BDA16820684518284607F0B5
:10DAB00038FAA1680844A06000BFF3E7D808002046
:10DAC00025692E25692E256900000000F0A7002099
:10DAD0000F4A0108E00800206D4A0108BB4A01080E
:10DAE0000000C0FFFFFFDF410000E0C12DE9F04F63
:10DAF0008BB082460D464FF00009DAE90678002621
:10DB00000024FFF7B1FE83461DB900200BB0BDE82D
:10DB1000F08F002213463846414609F045FF0022A7
:10DB20001346CDE9000109F03FFE05D0F9A104A894
:10DB300007F02CF806461BE03A464346F7A104A836
:10DB400007F024F8064602AAF6A104A807F088F90F
:10DB5000012806D13A464346DDE9020109F024FED8
:10DB600006D03A464346F0A104A807F00FF806464F
:10DB7000002E01DB192E01DD0020C7E7711C2846AD
:10DB8000FFF72DFF8146B9F1000F01D10020BDE75D
:10DB900000240DE004A8005D584503D12E2009F8AB
:10DBA000040004E004A8005D09F8040000BF641C40
:10DBB000B442EFD3002009F80400A8683044A860FC
:10DBC0000120A3E702460023002100BF23E0505CB0
:10DBD000302806DB505C392803DC505C30380344C5
:10DBE00015E0505C412806DB505C462803DC505CA5
:10DBF000373803440BE0505C612806DB505C662834
:10DC000003DC505C5738034401E0002070470329CF
:10DC100000D21B01491C0429D9D31846F6E72DE987
:10DC2000FF5F80468946154600240026C246002034
:10DC30000390834602900190A9EB0A00062800DABF
:10DC400081E00AF10200FFF7BDFF0646B6F55C4F22
:10DC500003D3B6F5604F00D275E0B6F5584F29D31F
:10DC6000B6F55C4F26D20AF10607002000900C2082
:10DC70000290A9EB0700062800DA64E038785C28F7
:10DC800002D17878752800D05DE0B81CFFF79AFFC4
:10DC900000900098B0F55C4F03D30098B0F5604F4A
:10DCA00000D350E0C6F30901009861F39F2000F50E
:10DCB000803402E0062002903446802C02D20120FB
:10DCC000039018E0B4F5006F04D202200390C02046
:10DCD000019010E0B4F5803F04D203200390E020CF
:10DCE000019008E0B4F5881F04D204200390F020CE
:10DCF000019000E027E00398401E00F0FF0B0BE0CE
:10DD000004F0BF0040F08000296801F80B00A4096E
:10DD1000ABF1010000F0FF0BBBF1000FF0DC03984A
:10DD2000012804DD019820432968087003E004F00D
:10DD30007F002968087029680398084428600298C1
:10DD400004B0BDE8F09F0020FAE72DE9F84F8046C7
:10DD50000C46A16820680844461CA1682068084455
:10DD6000451C002000900027A1682068405C222804
:10DD700000D0A6E04FF0000AD1460DE028785C28DC
:10DD800009D1681C2168401A6168884200D398E074
:10DD900009F101096D1C6D1C2068281A6168884210
:10DDA00002D228782228E9D12068281A616888429E
:10DDB00002D22878222800D083E0A1682068084495
:10DDC000281AA0EB090A0AF10100216988470746D1
:10DDD00007B976E0009761E030785C2807D016F844
:10DDE000010B009908700098401C009056E04FF01D
:10DDF0000209A81B012800DA63E07078662819D0B0
:10DE000008DC222832D02F2832D05C282FD062287C
:10DE100040D108E06E2814D0722819D074281ED082
:10DE2000752837D12BE00820009908700098401C15
:10DE3000009030E00C20009908700098401C009081
:10DE400029E00A20009908700098401C009022E008
:10DE50000D20009908700098401C00901BE00920DC
:10DE6000009908700098401C009014E000BF00BFAB
:10DE70007078009908700098401C00900BE06A468A
:10DE800029463046FFF7CBFE8146B9F1000F00D19D
:10DE900017E000E015E000BF4E4400BFAE429BD348
:10DEA0000020009908701020C8F80C00C8F8107005
:10DEB0002068281AA060A068401CA0600120BDE86E
:10DEC000F88F17B138466169884716B12068301A53
:10DED000A0600020F3E72DE9F04707468A460024BA
:10DEE00000260025A046A146BAF1000F02D100206D
:10DEF000BDE8F087F7B903215046FFF770FD0646ED
:10DF00000EB90020F4E70AA1304606F0E6FF012032
:10DF1000EEE700006E756C6C0000000025312E31BC
:10DF200035670000256C670025312E31376700000A
:10DF3000222200003C4622E020780C2811D006DC8A
:10DF400008280DD009280FD00A2810D10AE00D2882
:10DF500009D0222802D05C2809D100E000BF00BF10
:10DF600000BF00BF00BF00BF09F1010905E0207834
:10DF7000202801DA09F1050900BF00BF641C2078E0
:10DF80000028D9D1E01B00EB090808F10301504635
:10DF9000FFF725FD06460EB90020A9E7B9F1000FED
:10DFA0000FD12220307042463946701C07F02FF8FE
:10DFB000222108F1010031540021401C315401207C
:10DFC00096E722203070751C3C463DE020781F28E3
:10DFD00008DD2078222805D020785C2802D020781F
:10DFE00028702FE05C2005F8010B20780C2815D054
:10DFF00006DC08280FD0092819D00A281AD110E009
:10E000000D2811D0222803D05C2813D1287018E0E5
:10E010002220287015E06220287012E06620287007
:10E020000FE06E2028700CE07220287009E0742048
:10E03000287006E02278F7A1284606F0A7FD2D1DDE
:10E0400000BF00BF641C6D1C20780028BED12221B7
:10E0500008F1010031540021401C3154012047E7F0
:10E0600070B504460D4629462069FFF734FF70BDA0
:10E07000014609B1086808B90020704702E08868C5
:10E08000401C886041B1D1E90120904204D28A68E5
:10E090000868805C2028F2DDD1E90120904202D19D
:10E0A0008868401E88600846E7E710B504461CB142
:10E0B000206808B1A06808B1002010BD7CB1A0683C
:10E0C000001D616888420AD2A2682168881803226C
:10E0D000D2A106F045FF10B9A068C01CA060204680
:10E0E000EBE72DE9F04180460C4600270025E0686B
:10E0F000B0F57A7F02D30020BDE8F081E068401CD3
:10E10000E06044B1D4E90110884204D2A1682068DB
:10E11000405C7B2800D07BE0A068401CA0602046CB
:10E12000FFF7A6FF4CB1D4E90110884205D2A168DF
:10E130002068405C7D2800D15DE01CB1D4E901106D
:10E14000884203D3A068401EA06061E0A068401E22
:10E15000A06000BF04F11000FFF74FFB064606B9B0
:10E1600056E017B93746354602E02E6075603546F1
:10E17000A068401CA0602046FFF77AFF2146284691
:10E18000FFF7E3FD00B943E02046FFF771FF286980
:10E1900028620020286144B1D4E90110884204D2E9
:10E1A000A1682068405C3A2800D031E0A068401C9B
:10E1B000A0602046FFF75CFF2146284600F0A8F843
:10E1C00000B925E02046FFF753FF44B1D4E9011020
:10E1D000884204D2A1682068405C2C28BAD044B19F
:10E1E000D4E90110884204D2A1682068405C7D28EF
:10E1F00000D00DE000BFE068401EE0604020C8F89D
:10E200000C00C8F80870A068401CA060012073E7EB
:10E2100017B13846FFF7FEFA00206DE72DE9F0410F
:10E2200007460C460026B046E068B0F57A7F02D378
:10E230000020BDE8F081E068401CE060A168206833
:10E24000405C5B2800D05DE0A068401CA0602046D8
:10E25000FFF70EFF4CB1D4E90110884205D2A16846
:10E260002068405C5D2800D141E01CB1D4E9011078
:10E27000884203D3A068401EA06043E0A068401E0F
:10E28000A06000BF04F11000FFF7B7FA054605B91A
:10E2900038E016B92E46A84604E0C8F80050C5F884
:10E2A0000480A846A068401CA0602046FFF7E0FE5E
:10E2B0002146404600F02CF800B923E02046FFF745
:10E2C000D7FE44B1D4E90110884204D2A168206885
:10E2D000405C2C28D6D044B1D4E90110884204D245
:10E2E000A1682068405C5D2800D00BE000BFE068BA
:10E2F000401EE0602020F860BE60A068401CA06066
:10E30000012096E716B13046FFF784FA002090E727
:10E3100070B505460C460CB1206808B9002070BDE8
:10E32000A4B1A068001D616888420FD8A268216866
:10E3300088180422AFF2244106F012FE30B90420FE
:10E34000E860A068001DA0600120E8E79CB1A0681B
:10E35000401D616888420ED8A2682168881805228D
:10E360002FA106F0FDFD30B90120E860A068401D36
:10E37000A0600120D3E7ACB1A068001D61688842AD
:10E3800010D8A26821688818042227A106F0E8FDA9
:10E3900040B90220E86001206861A068001DA0600B
:10E3A0000120BCE76CB1D4E90110884209D2A16810
:10E3B0002068405C222804D121462846FFF7C5FC8E
:10E3C000ADE7BCB1D4E90110884213D2A16820683E
:10E3D000405C2D2809D0A1682068405C302809DB0A
:10E3E000A1682068405C392804DC21462846FFF7F4
:10E3F0003DFA94E7E4B1D4E90110884218D2A1684B
:10E400002068405C5B2813D121462846FFF706FFB1
:10E4100085E700007525303478000000EFBBBF00B1
:10E4200066616C7365000000747275650000000021
:10E430006CB1D4E90110884209D2A1682068405C1F
:10E440007B2804D121462846FFF74BFE67E70020D2
:10E4500065E72DE9F04389B004460D4617461C21B7
:10E4600002A806F06DFE00260020F749086048600B
:10E4700004B934E00294204606F053FD401C03909A
:10E4800000200490F14A07CA06AB07C3EF48FFF724
:10E49000B4F9064606B922E002A8FFF706FE814657
:10E4A000FFF7E6FD804641463046FFF731FF00B9F1
:10E4B00015E05FB102A8FFF7DBFDDDE9031088423C
:10E4C00003D204990298405C00B108E01DB10499A0
:10E4D000029808442860304609B0BDE8F08316B1C0
:10E4E0003046FFF797F9C4B1009400200190DDE9B0
:10E4F0000310884202D20498019004E0039810B1FE
:10E500000398401E01901DB1DDE900010844286018
:10E51000CD48DDE9001206C000BF0020DCE710B5E1
:10E520000446002211462046FFF793FF10BD2DE957
:10E53000F04781460C4600250026D9F8087014B92A
:10E540000020BDE8F087606908B1022000E00120EA
:10E550000646711C2046FFF742FA05460DB9002019
:10E56000EFE77B2005F8010BE068401CE060606984
:10E5700010B10A2005F8010BA0683044A06069E0E2
:10E580006069B8B12046E168FFF729FA05460DB980
:10E590000020D6E74FF0000804E0092005F8010B41
:10E5A00008F10108E0684045F7D8D4E902010844C1
:10E5B000A06000BF2146386AFFF78DFC08B9002033
:10E5C000BFE72046FFF768FA606908B1022000E063
:10E5D0000120064631462046FFF701FA05460DB9EF
:10E5E0000020AEE73A2005F8010B606910B1092060
:10E5F00005F8010BA0683044A0602146384600F0C1
:10E60000A9F808B900209CE72046FFF745FA6069A1
:10E6100008B1012000E00020396809B1012100E0C3
:10E6200000214618711C2046FFF7D9F905460DB99F
:10E63000002086E7386810B12C2005F8010B6069CE
:10E6400010B10A2005F8010B00202870A0683044A2
:10E65000A0603F68002F93D1606910B1E068401C52
:10E6600000E0022001462046FFF7B9F905460DB942
:10E67000002066E7606950B1002003E0092105F839
:10E68000011B401CE168491E8142F7D800BF7D2074
:10E6900005F8010B00202870E068401EE0600120B2
:10E6A0004FE72DE9F04107460C460025A846BE6815
:10E6B00014B90020BDE8F08101212046FFF78FF951
:10E6C00005460DB90020F5E75B202870A068401CC6
:10E6D000A060E068401CE06028E02146304600F081
:10E6E00039F808B90020E5E72046FFF7D5F930688A
:10E6F000D8B1606908B1022000E00120804608F12D
:10E7000001012046FFF76BF905460DB90020D1E75E
:10E710002C2005F8010B606910B1202005F8010BD1
:10E7200000202870A0684044A0603668002ED4D134
:10E7300002212046FFF753F905460DB90020B9E73D
:10E740005D2005F8010B00202870E068401EE060A5
:10E750000120AFE72DE9F04104460E46002504B143
:10E7600016B90020BDE8F081207B10285AD008DCC3
:10E7700001281CD0022829D0042809D0082860D1FB
:10E7800033E0202853D0402856D0802859D131E09A
:10E7900005213046FFF723F905460DB90020E1E7D2
:10E7A000AFF69001284606F098FB0120DAE7062133
:10E7B0003046FFF714F905460DB90020D2E7AFF255
:10E7C000A031284606F089FB0120CBE70521304621
:10E7D000FFF705F905460DB90020C3E7AFF2B831E0
:10E7E000284606F07AFB0120BCE731462046FFF7B9
:10E7F0007DF9B7E70027206908B90020B2E7206952
:10E8000006F08FFB471C39463046FFF7E8F805460F
:10E810000DB90020A6E73A462846216906F0F7FB25
:10E8200001209FE731462046FFF71AFC9AE7314660
:10E830002046FFF736FF95E731462046FFF777FE83
:10E8400090E700208EE70000D8080020E0080020B4
:10E85000F0B589B007460E461446002524216846C7
:10E8600006F06EFC4FF480702168884700904FF4EA
:10E8700080700190059694E8070006AB07C30098E6
:10E8800000B933E069463846FFF764FF00B92DE070
:10E890006846FFF701F9A06850B1029B591C009827
:10E8A000A2689047054605B920E0002000901AE0D4
:10E8B000029A501C21688847054605B916E0DDE933
:10E8C0000130401C834201D2019801E00298401CB3
:10E8D00002462846009906F09AFB002002996854E7
:10E8E000009861688847284609B0F0BD009810B1CB
:10E8F00000986168884715B12846616888470020FC
:10E90000F2E710B50446F74A01212046FFF7A0FFC1
:10E9100010BD10B50446F34A00212046FFF798FFCA
:10E9200010BD70B58AB006460C461546242101A8D4
:10E9300006F006FC002C02DA00200AB070BDE9489F
:10E940000168204688470190019808B90020F4E743
:10E9500002940020039005900695E24A07CA07AB8F
:10E9600007C301A93046FFF7F5FE28B9DD4A019833
:10E97000516888470020E0E70198DEE7F0B589B0EC
:10E9800007460C4615461E462421684606F0D8FB6D
:10E99000002D00DB14B9002009B0F0BD00940195F2
:10E9A00000200290012004900596CE4A07CA06ABCB
:10E9B00007C369463846FFF7CDFEEDE70146002262
:10E9C000002309B9002070478A6801E05B1C1268C7
:10E9D000002AFBD11846F6E702460B4600210AB989
:10E9E00000207047916801E05B1E096809B1002BA7
:10E9F000FAD10846F5E770B505460C46002C01DA59
:10EA0000002070BD21462846FFF7E6FFF9E72DE913
:10EA1000F04105460E461746002405B116B9002000
:10EA2000BDE8F081AC684FB100E024687CB13046AD
:10EA3000216A06F0ADFB0028F7D108E000E0246869
:10EA40002CB13046216AFEF76FFE0028F7D1204630
:10EA5000E6E770B504460D46002229462046FFF73A
:10EA6000D6FF70BD70B504460D46012229462046EA
:10EA7000FFF7CDFF70BD70B504460D462946204610
:10EA8000FFF7E7FF08B1012070BD0020FCE701603F
:10EA90004860704770B505460E4600240DB9002049
:10EAA00070BD3046FEF7A9FE04460CB90020F7E71A
:10EAB00028222946204606F0EFFA00202062E0686E
:10EAC00040F48070E0600020606020602046E7E74E
:10EAD00070B504460E46002506B10CB9002070BD85
:10EAE000A5680DB9A66008E000E02D682868002838
:10EAF000FBD131462846FFF7CAFF0120EFE770B58A
:10EB000004460D4629462046FFF7E2FF70BD7047D8
:10EB10002DE9F04707460D4614461E46DDF82090C5
:10EB20004FF00008C2460FB105B114B90020BDE88E
:10EB3000F087B9F1000F07D02846FFF7E8FF8046BD
:10EB4000E06840F4007A0CE031462846FEF710FEFB
:10EB50008046B8F1000F01D10020E8E7E06820F41A
:10EB6000007AA08900F4007020B9206A10B1206AF0
:10EB700071688847C4F82080C4F80CA02146384644
:10EB8000FFF7A6FFD3E7F8B504460D46164600206A
:10EB9000544B3246294600902046FFF7B9FFF8BD96
:10EBA000F8B504460D46164601204E4B324629461E
:10EBB00000902046FFF7ACFFF8BD70B504460D4647
:10EBC00004B970BD47492846FFF764FF0646314641
:10EBD0002046FFF77DFF00BFF3E7F8B504460D467A
:10EBE000164604B105B9F8BD3E493046FFF752FF5D
:10EBF000074600203B4B3A46294600902046FFF747
:10EC000087FF00BFEFE710B53648FEF7F6FD044674
:10EC10000CB10420E060204610BDF8B504460D4656
:10EC2000FFF7F1FF064600202E4B324629460090A2
:10EC30002046FFF76DFF08B13046F8BD3046FEF7BD
:10EC4000E9FD0020F9E710B52648FEF7D6FD044699
:10EC50000CB10220E060204610BDF8B504460D4618
:10EC6000FFF7F1FF064600201E4B32462946009072
:10EC70002046FFF74DFF08B13046F8BD3046FEF79D
:10EC8000C9FD0020F9E710B51648FEF7B6FD0446A9
:10EC90000CB10120E060204610BDF8B504460D46D9
:10ECA000FFF7F1FF064600200E4B32462946009042
:10ECB0002046FFF72DFF08B13046F8BD3046FEF77D
:10ECC000A9FD0020F9E770B505460648FEF795FD59
:10ECD000044624B10DB1022000E00120E06020468E
:10ECE00070BD0000E0080020F8B505460E46144649
:10ECF0002046FFF7E8FF07460020F74B3A4631462B
:10ED000000902846FFF704FF08B13846F8BD3846A2
:10ED1000FEF780FD0020F9E770B505460E46EE4887
:10ED2000FEF76BFD0446F4B10820E060C4E9065626
:10ED3000EA4AEB4B2846314608F034FF03D86FF01F
:10ED4000004060610FE00022E64B2846314608F0A3
:10ED5000EFFD03D84FF00040606104E028463146E3
:10ED600008F05EFD6061204670BD2DE9F84306465F
:10ED70000F4614461D4620462946FFF7CDFF804624
:10ED80000020D54B4246394600903046FFF7C0FE82
:10ED900010B14046BDE8F8834046FEF73BFD002039
:10EDA000F8E770B50546CC48FEF727FD04466CB180
:10EDB0001020E060C8492846FEF7DAFC206120698F
:10EDC00020B92046FEF726FD002070BD2046FCE756
:10EDD000F8B505460E4614462046FFF7E2FF074603
:10EDE0000020BD4B3A46314600902846FFF790FE82
:10EDF00008B13846F8BD3846FEF70CFD0020F9E7AB
:10EE000070B50546B448FEF7F8FC04466CB18020A6
:10EE1000E060B1492846FEF7ABFC2061206920B9CB
:10EE20002046FEF7F7FC002070BD2046FCE7F8B551
:10EE300005460E4614462046FFF7E2FF074600202F
:10EE4000A54B3A46314600902846FFF761FE08B1CF
:10EE50003846F8BD3846FEF7DDFC0020F9E710B56E
:10EE60009D48FEF7CAFC04460CB14020E0602046F5
:10EE700010BDF8B504460D46FFF7F1FF0646002029
:10EE8000954B3246294600902046FFF741FE08B1D7
:10EE90003046F8BD3046FEF7BDFC0020F9E710B55E
:10EEA0008D48FEF7AAFC04460CB12020E060204605
:10EEB00010BDF8B504460D46FFF7F1FF06460020E9
:10EEC000854B3246294600902046FFF721FE08B1C7
:10EED0003046F8BD3046FEF79DFC0020F9E70246BB
:10EEE00002B109B900207047486810B1D1E90003A8
:10EEF0001860086810B1D1E9003058609068884205
:10EF000001D1086890600020486008600846EAE780
:10EF100070B505460C46002C01DA002070BD214674
:10EF20002846FFF759FD064631462846FFF7D7FF2A
:10EF3000F4E770B504460D4629462046FFF7E8FF82
:10EF40000646FEF767FC70BD70B504460D462946BF
:10EF50002046FFF77EFD064631462046FFF7BFFFFD
:10EF600070BD70B504460D4629462046FFF77AFD70
:10EF7000064631462046FFF7B2FF70BD70B5044625
:10EF80000D4629462046FFF7DFFF0646FEF742FC06
:10EF900070BD70B504460D4629462046FFF7E1FFD7
:10EFA0000646FEF737FC70BD2DE9F04106460F46D8
:10EFB00014460025002F01DABDE8F08139463046BD
:10EFC000FFF70AFD054625B921463046FFF780FDCB
:10EFD000F2E72560686860606C60B068A84201D1A3
:10EFE000B46001E06068046000BFE5E770B5064604
:10EFF0000D4614460EB104B10DB9002070BDAC42EF
:10F0000001D10120FAE72868206068686060206804
:10F0100008B120684460606808B160680460B06846
:10F02000A84200D1B4600020286068602846FEF73E
:10F03000F1FB0120E2E72DE9F04105460C461646BA
:10F04000002C01DABDE8F08121462846FFF7C4FC18
:10F050000746324639462846FFF7C8FF00BFF1E7AA
:10F0600010B504461C4841682046884710BD2DE96C
:10F07000F04107460D4614461E4604B115B900205E
:10F08000BDE8F081A08900F4007020B9206A10B1B9
:10F09000206AFFF7E5FF10492846FEF769FB20626A
:10F0A000E06820F40070E060324629463846FFF7F9
:10F0B000AEFC8046224641463846FFF797FF0120C6
:10F0C000DEE770B504460D46164600233246294653
:10F0D0002046FFF7CCFF70BDE00800200000C0FF15
:10F0E000FFFFDF410000E0C170B504460D46164643
:10F0F0000123324629462046FFF7B9FF70BD70B59F
:10F100000546F748FEF779FB044634B14FF48870A2
:10F11000E0602846FFF7FBFC2061204670BD70B51B
:10F120000546EF48FEF769FB044634B14FF4A07082
:10F13000E0602846FFF7EBFCA060204670BD70B58C
:10F140000546E748FEF759FB044634B14FF490708A
:10F15000E0602846FFF7DBFCA060204670BD2DE98B
:10F16000F05F0646894600240025A346A246B9F171
:10F17000000F00DB16B90020BDE8F09FFFF78FFEFF
:10F180008246002417E056F8240008F0A6FB074644
:10F19000FFF7C2FD054625B95046FEF73BFB0020B0
:10F1A000EAE714B9CAF8085003E029465846FFF7C1
:10F1B0006EFCAB46641CBAF1000F01D04C45E2D3A3
:10F1C0005046D9E72DE9F05F064689460024002520
:10F1D000A346A246B9F1000F00DB16B90020BDE836
:10F1E000F09FFFF75CFE8246002417E056F82400EB
:10F1F00008F00EFD0746FFF78FFD054625B950467E
:10F20000FEF708FB0020EAE714B9CAF8085003E04B
:10F2100029465846FFF73BFCAB46641CBAF1000F89
:10F2200001D04C45E2D35046D9E72DE9F0470646D8
:10F230000F4600240025A146A046002F00DB16B98A
:10F240000020BDE8F087FFF72AFE8046002417E083
:10F2500006EBC400D0E900211046FFF75DFD05462E
:10F2600025B94046FEF7D6FA0020EAE714B9C8F8F7
:10F27000085003E029464846FFF709FCA946641CEC
:10F28000B8F1000F01D0BC42E2D34046D9E72DE9E6
:10F29000F04706460F4600240025A146A046002F51
:10F2A00000DB16B90020BDE8F087FFF7F8FD8046C7
:10F2B000002414E056F82400FFF773FD054625B935
:10F2C0004046FEF7A7FA0020EDE714B9C8F8085049
:10F2D00003E029464846FFF7DAFBA946641CB8F16B
:10F2E000000F01D0BC42E5D34046DCE72DE9F047F2
:10F2F0000446894600250027A846002604B948E0B0
:10F300007748FEF77AFA054605B942E0E06820F44E
:10F310008070E86060696861D4E90601C5E90601AA
:10F32000206938B16E492069FEF722FA2861286900
:10F3300000B92EE0206A68B1A08900F4007008B11D
:10F34000206A03E06649206AFEF712FA2862286AFA
:10F3500000B91EE0B9F1000F02D12846BDE8F087E0
:10F36000A76812E001213846FFF7C0FF064606B93C
:10F370000FE0B8F1000F05D0C8F80060C6F80480AF
:10F38000B04601E0AE60B0463F68002FEAD12846A3
:10F39000E4E715B12846FEF73DFA0020DEE7014616
:10F3A00000B9704755E00278202A01D1401C50E096
:10F3B0000278092A01D1401C4BE002780D2A01D1C4
:10F3C000401C46E002780A2A01D1401C41E0027844
:10F3D0002F2A0BD142782F2A08D100E0401C027856
:10F3E000002A36D002780A2A33D0F7E702782F2A8B
:10F3F0000ED142782A2A0BD100E0401C02782AB1B3
:10F4000002782A2AF9D142782F2AF6D1801C20E0EE
:10F410000278222A19D110F8012B01F8012B0AE0F9
:10F4200002785C2A03D110F8012B01F8012B10F8A7
:10F43000012B01F8012B027812B10278222AEFD1B8
:10F4400010F8012B01F8012B03E010F8012B01F853
:10F45000012B0278002AA6D10A7000BFA1E701465D
:10F4600009B900207047087B08B90120FAE700209D
:10F47000F8E7014609B900207047087B012800D150
:10F48000FAE70020F8E7014609B900207047087B39
:10F49000022801D10120F9E70020F7E7014609B968
:10F4A00000207047087B00F0030008B10120F8E756
:10F4B0000020F6E7014609B900207047087B0428C0
:10F4C00001D10120F9E70020F7E7014609B9002042
:10F4D0007047087B082801D10120F9E70020F7E7F1
:10F4E000E0080020014609B900207047087B202869
:10F4F00001D10120F9E70020F7E7014609B9002012
:10F500007047087B402801D10120F9E70020F7E788
:10F51000014609B900207047087B802801D10120ED
:10F52000F9E70020F7E72DE9F047044689469246BF
:10F530005CB1B9F1000F08D0207B99F80C1088421B
:10F5400003D12046FFF78BFF10B10020BDE8F08704
:10F55000207B102814D008DC01280DD002280CD004
:10F5600004280BD008280FD109E020280AD0402811
:10F5700009D0802808D104E000BF00BF00BF00BF51
:10F5800000BF00BF00BF01E00020DFE700BF4C4527
:10F5900001D10120DAE7207B102821D008DC0128E6
:10F5A0000DD002280CD004280BD008287DD10AE009
:10F5B000202827D040283CD0802876D111E000BFF9
:10F5C00000BF0120C2E7D9E906532A46D4E90671F3
:10F5D000384608F0E9F801D10120B7E70020B5E787
:10F5E00000BF206910B1D9F8100008B90020ADE7BC
:10F5F000D9F81010206905F0CBFD08B90120A5E766
:10F600000020A3E7A568D9F8086009E05246314612
:10F610002846FFF788FF08B9002097E72D6836686D
:10F620000DB1002EF2D1B54201D000208EE70120AD
:10F630008CE7002500260CB1A06800E000200546FC
:10F6400011E052464846296AFFF7E1F906460EB92D
:10F6500000207BE7524631462846FFF764FF08B991
:10F66000002073E72D68002DEBD1B9F1000F02D017
:10F67000D9F8080000E00020064612E05246204675
:10F68000316AFFF7C4F9054615B900205EE70CE0C2
:10F69000524629463046FFF746FF08B9002055E795
:10F6A0003668002EEAD1012050E700204EE710B561
:10F6B0000446024801682046884710BDE008002043
:10F6C000FB4800787047FF207047FA48007830B157
:10F6D00001280DD002281AD003282FD11EE00020C7
:10F6E000F5490880F54908600120F249087025E0D5
:10F6F000F1480088401CF049088008460088C82866
:10F7000004DD002008800220EA49087016E001208C
:10F71000EA4908600320E74908700FE0E6480088DE
:10F72000401CE549088008460088C82805DD0020FF
:10F730000880E0490870FF20704700BF00BF00202C
:10F74000FAE710B5DE48007800281DD00020DC491B
:10F750000870DC48F5F746FB6421DB4805F0F0FC57
:10F76000DAA3DCA2DFA1D84805F010FAE448F5F7E7
:10F7700058FB6421E34805F0E3FCE14B1033E04A19
:10F78000E1A1E04805F002FAFFF79FFF10B1FF206A
:10F79000E3490870E2480078FF2804D10020E049DE
:10F7A0000870FF2010BD0020FCE770B50024DD4884
:10F7B0000078082879D2DFE800F004113B4C798604
:10F7C000B1C24FF40071D84805F098FC0D21D7A0C4
:10F7D000FDF78AFC0120D3490870F9E0D7A1D2488F
:10F7E00005F069FB40B10220CE4908700020D449E1
:10F7F0000880D44908701AE0D1480088401CD049DC
:10F80000088008460088642811DD00200880C5496A
:10F810000870CC480078401CCA4908700846007837
:10F82000052804DD00200870EE20BE490870CFE0F6
:10F830004FF40071BC4805F061FCB24805F071FB63
:10F8400005462946AF48FDF74FFC0320B54908702F
:10F85000BEE0BDA1B44805F02EFB40B10420B14983
:10F8600008700020B6490880B64908701CE0B4480A
:10F870000088401CB249088008460088B0F5FA7F2D
:10F8800012DD002008800220A6490870AD480078EB
:10F89000401CAC49087008460078032804DD0020AD
:10F8A0000870EE209F49087092E074E04FF40071F8
:10F8B0009D4805F023FC1421A7A0FDF715FC0520A9
:10F8C0009849087084E09DA1974805F0F4FA40B18A
:10F8D00006209449087000209949088099490870C9
:10F8E0001BE097480088401C95490880084600881E
:10F8F000B0F5967F11DD002008800420894908704A
:10F9000090480078401C8F4908700846007803280A
:10F9100003DD002008708349087059E04FF400713E
:10F92000814805F0EBFB684805F0FBFA05462946DF
:10F930006548FDF7D9FB07207A49087048E08CA19B
:10F94000794805F0B8FA40B10020764908707C4942
:10F9500008807C490870FF2070BD79480088401CF1
:10F960007749088008460088B0F5FA7F12DD00204C
:10F97000088006206B49087072480078401C714965
:10F98000087008460078032804DD00200870EE2087
:10F99000644908701CE07848007820B1012806D03E
:10F9A000022813D10CE00120734908700EE0FFF724
:10F9B0008CFE0446FF2C02D102206F49087005E03E
:10F9C0000020584908706C49087000BF00BF00BF94
:10F9D00000BF0020C0E710B56848007810B10128CA
:10F9E00038D10CE04FF400714F4805F087FB082137
:10F9F00063A0FDF779FB0120604908702CE063A14A
:10FA0000494805F058FA40B100205C490870624945
:10FA1000088062490880FF2010BD5F480088401CB4
:10FA20005D49088008460088642812DD00200880AF
:10FA30005249087059480088401C584908800846B7
:10FA40000088052805DD002008804C490870EE205C
:10FA5000E2E701E0EE20DFE700BF0020DCE72DE970
:10FA6000F0410746884600244D480078D8B94DA19A
:10FA70002D4805F020FA0446A4B14CA1204605F01B
:10FA80001AFA451C47A1284805F015FA04464CB15E
:10FA9000601D05F003FA86B23146284601F087FF63
:10FAA00000BF00BF00BF00BF0020BDE8F081000024
:10FAB000EC08002064090020620900208401224231
:10FAC00067090020ED08002000A8002031313838F7
:10FAD0003300000033392E39362E31302E32353096
:10FAE0000000000041542B43495053544152543DAF
:10FAF00022544350222C222573222C25730D0A00F8
:10FB00004109002064A8002041542B43574A41502A
:10FB10003D222573222C222573220D0A00000000AD
:10FB2000660900206809002098A0002041542B435A
:10FB3000574D4F44453D310D0A0000004F4B00002A
:10FB40006A090020690900205749464920434F4E61
:10FB50004E4543544544000041542B434950534EB5
:10FB600054504346473D312C2D380D0A000000000B
:10FB7000434F4E4E454354006C0900206D09002050
:10FB800041542B474D520D0A0000000057524F4F71
:10FB90004D2D333200000000700900206E09002056
:10FBA000720900202B4950442C0000003A0000004C
:10FBB0000020704770B506460D46FD4880680A284B
:10FBC00001D1002070BD4FF44370F3F732FC0446BE
:10FBD0000CB90020F6E725812A46314604F10A00D7
:10FBE000F3F740FBF248006850B9002060602060E5
:10FBF000EF48046044608068401CED4988600DE077
:10FC000000206060EA4840684460E948406820603D
:10FC1000E74844608068401CE5498860FF20D1E7E0
:10FC2000E348006808B900207047E14800680830E0
:10FC3000FAE710B5DE48006808B9002010BDDC48BE
:10FC400004680068406820B10020D9490968496803
:10FC50000860D74800684068D54908600846806851
:10FC6000401E88602046F3F7D4FBFF20E6E710B57E
:10FC7000D048007800B910BDCF480078032859D08B
:10FC800005DC48B1012813D0022877D131E00428DF
:10FC900066D0EE28F9D183E0FFF7C2FFC7490860BC
:10FCA0000846006800B9E6E70120C349087080E013
:10FCB0004FF40071C24805F021FA4FF40071C148B9
:10FCC00005F01CFA4021C04805F03AFABB4800682C
:10FCD0000288BEA1BC4804F059FFBB4805F021F9D9
:10FCE00004462146B848FDF7FFF90220B2490870E2
:10FCF0005FE0BAA1B24805F0DEF840B10320AE499A
:10FD000008700020B6490870B649088011E0B5486F
:10FD10000088642805DAB3480088401CB14908808F
:10FD200007E00020AF490880AD4908700320A249D0
:10FD300008703EE04FF40071A14805F0DFF94FF480
:10FD40000071A04805F0DAF99C48006801889B48DA
:10FD50000068801CFDF7C8F904209749087028E066
:10FD6000A1A1974805F0A7F848B1EE209249087084
:10FD700000209B4908709B49088010E016E09948D4
:10FD80000088642805DA97480088401C9549088057
:10FD900005E0002093490880EE208749087008E0BC
:10FDA000FFF747FF00208449087000BF00BF00BF75
:10FDB00000BF00BF00BF5EE770B504460D46294690
:10FDC0002046FFF7F7FEFF2070BD30B585B0002458
:10FDD0008748006841F27071884205D28448006803
:10FDE000401C8349086091E28248007830B10128C4
:10FDF00014D0022872D0032871D139E200206D4955
:10FE000008704FF400716E4805F078F911217AA05E
:10FE1000FDF76AF901207749087076E2AFF2E42134
:10FE2000674805F048F800287ED078A1644805F0BE
:10FE300042F80446002C78D0113478A1604805F0CF
:10FE40003AF818B101208DF80E0063E074A15C4807
:10FE500005F031F818B102208DF80E005AE071A1BA
:10FE6000574805F028F818B103208DF80E0051E02E
:10FE70006DA1534805F01FF818B104208DF80E004D
:10FE800048E06AA14E4805F016F818B105208DF833
:10FE90000E003FE066A14A4805F00DF818B10620B3
:10FEA0008DF80E0036E063A1454805F004F818B15E
:10FEB00007208DF80E002DE05FA1414804F0FBFF04
:10FEC00018B108208DF80E0024E05CA13C4804F035
:10FED000F2FF28B109208DF80E001BE0BBE113E210
:10FEE00058A1374804F0E7FF18B10A208DF80E003A
:10FEF00010E055A1324804F0DEFF18B10B208DF858
:10FF00000E0007E051A12E4804F0D5FF10B10C20DF
:10FF10008DF80E009DF80E000C281BDD00204C49CA
:10FF200008803449087001E074E16AE149480078CA
:10FF3000401C4849087008460078032808DD002066
:10FF400008702C4908702A49086001201949087076
:10FF500005B030BD241D617830392278303A02EB8B
:10FF6000820201EB4200C11700EBD1614911A0EB05
:10FF70004111C9B28DF80F109DF80F001F286CDDDC
:10FF80000020334908801B49087032480078401C23
:10FF90003049087008460078032808DD0020087002
:10FFA0001449087012490860012002490870CFE71F
:10FFB000C8A80020610900207309002078090020EA
:10FFC00098A0002098880020D4A8002041542B43FA
:10FFD000495053454E443D25640D0A003E00000043
:10FFE000740900207609002053454E44204F4B00F1
:10FFF000800900207C09002041542B434950534E76
:020000040801F1
:10000000545054494D453F0D0A0000002B434950C0
:10001000534E545054494D453A0000004A616E0019
:10002000466562004D617200417072004D61790059
:100030004A756E004A756C004175670053657074AF
:10004000000000004F6374004E6F7600446563004B
:100050007E0900207D090020FFE7E41C607830382D
:100060002178303901EB810100EB4100182190FB30
:10007000F1F201FB1200C0B28DF810009DF81000E3
:10008000172817DD0020DF490880DF490870DF48A6
:100090000078401CDD49087008460078032808DD18
:1000A00000200870D8490870D94908600120D94952
:1000B00008704DE7E41C607830382178303901EB66
:1000C000810100EB41003C2190FBF1F201FB1200A9
:1000D000C0B28DF811009DF811003B2817DD0020FB
:1000E000C8490880C8490870C8480078401CC749FA
:1000F000087008460078032808DD00200870C2490F
:100100000870C34908600120C249087020E7E41C58
:10011000607830382178303901EB810100EB410003
:100120003C2190FBF1F201FB1200C0B28DF81200ED
:100130009DF812003B2817DD0020B2490880B24923
:100140000870B2480078401CB04908700846007832
:10015000032808DD00200870AB490870AC4908602E
:100160000120AC490870F3E6E41C6078303821784F
:10017000303901EB810100EB4100642190FBF1F289
:1001800001FB120000F5FA6080B2ADF80C00BDF87A
:100190000C0040F63301884217DD002099490880A1
:1001A0009949087099480078401C98490870084699
:1001B0000078032808DD00200870934908709449EE
:1001C0000860012093490870C2E603A801F0F9FD18
:1001D000BDF80C00642190FBF1F201FB1200C5B2E6
:1001E0009DF812009DF811109DF81020CDE9002116
:1001F00002909DF80F209DF80E100023284603F072
:1002000027F802208049087000207E4908807F4935
:1002100008701FE07B480088401C7A490880084627
:100220000088B0F5967F15DD0020088076490870BB
:1002300076480078401C7549087008460078032805
:1002400008DD0020087070490870714908600120BD
:100250007049087059E04FF400716F4804F04EFF88
:100260000B216EA0FCF740FF0320674908704CE0AB
:10027000AFF23871684804F01EFE18B36AA16648F0
:1002800004F019FE044684B169A1634804F013FE2A
:10029000044654B1241D2078342803DD002066492B
:1002A000087002E001206449087000205649087077
:1002B000544908805549087055490860012055493E
:1002C000087020E04F480088401C4E4908800846CE
:1002D0000088B0F5967F16DD0020088002204A498C
:1002E00008704A480078401C484908700846007861
:1002F000032808DD0020087043490870444908605D
:1003000001204449087000E000BF00BF00BF1FE6A5
:1003100010B5002449480068B0F5FA7F05D2474877
:100320000068401C4549086062E04548007810B10B
:1003300001285BD10FE00020364908704FF40071AE
:10034000354804F0DBFE0B2134A0FCF7CDFE012084
:100350003B4908704BE0AFF61C012F4804F0ABFDA1
:1003600018B331A12C4804F0A6FD044684B130A195
:10037000294804F0A0FD044654B1241D20783428F7
:1003800003DD00202C49087002E001202A49087092
:1003900000202B4908702B4908802B4908702749F9
:1003A000086001201B4908701FE026480088401C97
:1003B0002449088008460088B0F5967F15DD0020A6
:1003C00008801F49087020480078401C1E490870AA
:1003D00008460078032808DD0020087018490870D6
:1003E0001649086001200B49087000E000BF00BFFB
:1003F00010BD10B5FFF73BFCFCF773FF08B1FFF72A
:10040000E4FC10BD7E0900207C0900207D0900204D
:10041000800900206109002098A0002041542B434E
:10042000574A41503F0D0A002B43574A41503A006A
:100430002C312C2D00000000EC0800208809002041
:10044000840900208609002085090020F748007AE9
:10045000704770B50546F548046808E0294604F180
:100460000B0004F095FE08B9204670BD6468002CAE
:10047000F4D10020F9E770B505462846FFF7E9FFFB
:1004800004460CB9002070BD04F10800FBE770B50C
:10049000054635B1288820B1A878022801DCE81C7F
:1004A00020B900BF00BF4FF0FF3070BDDF48007AB9
:1004B000012804DB00BF00BF6FF00100F5E7E81C76
:1004C000FFF7D9FF064626B1A878B0706FF002009A
:1004D000EBE74C20F2F7ADFF044624B900BF00BFA4
:1004E0006FF00300E1E74422294604F10800F2F727
:1004F000B9FECE48006850B9002060602060CB484B
:1005000004604460007A401CC84908720DE0002075
:100510006060C64840684460C44840682060C34882
:100520004460007A401CC1490872FF20BDE770B5E5
:1005300005462846FFF78DFF044624B900BF00BFDB
:100540004FF0FF3070BDB948007A01280AD1B74892
:100550000068B6494968884204D10020B349086060
:1005600048601BE0B1480068A04206D1AF4960680E
:10057000086000200968086010E0AC484068A042AC
:1005800006D1AA492068486000204968486005E013
:10059000D4E900104860D4E900010860A348007A5B
:1005A000401EA24908722046F2F733FFFF20C9E738
:1005B00070B5054600264420F2F73BFF04460CB90F
:1005C000701E70BD27229AA1E01CF2F74BFE182284
:1005D000294604F11200F2F745FE27202080012071
:1005E000A0702046FFF753FF0646002E05DA20468E
:1005F000F2F70FFF6FF00100E3E7FF20E1E730B50E
:100600000346002014E0141A641E0C5D8C4D05EBAB
:100610001414247803F81040141A641E0C5D04F0BE
:100620000F042C5D012505EB40055C55441CE0B230
:100630009042E8DB30BD8348D0E90020521C40F1F5
:1006400000008049C1E9002003C9704700B58FB0A0
:1006500014227DA10AA804F01FFDFFF7ECFFCDE9ED
:10066000080106A801F094FB082208A90AA8FFF7D0
:10067000C6FF00207949C8844FF48071774828303C
:1006800004F03CFD9DF81E009DF81D109DF81C20F7
:100690009DF81B30CDE90232CDE904109DF81A0017
:1006A000BDF818100AAB6E4ACDE900106D49A2F5ED
:1006B000847004F06BFA6948283004F032FC674912
:1006C000C884FF200FB000BD70B5054600243C2053
:1006D000624908800846C07820F00200801CC8707B
:1006E00004208870A1F8280104225FA15C48801FC3
:1006F000F2F7B8FD18205949A1F82E015848F4F72F
:10070000FEFA5648C07820F0800080305349C87007
:100710000820A1F85401082255A151482630F2F7CB
:10072000A1FD4E48C07820F0400040304B49C870D1
:100730000C20A1F860010C2250A149483230F2F798
:1007400091FD4648C07820F004004449C87008462E
:10075000C07820F01800C8700846C07820F020004B
:10076000C8700C2088800C2248A13C48801DF2F7FC
:1007700079FD70BD10B500203849C8844FF48071F0
:100780003648283004F0BAFC3448C07820F018000D
:100790003249C8700846C07820F02000C87008466A
:1007A000C07820F00400C87010BD10B5FFF74EFFF0
:1007B0002A48C07820F018002849C8700846C07838
:1007C00020F02000C8700846C07820F00400001D0A
:1007D000C87010BD21490880704720498870704753
:1007E0001E48C07820F00200801C1C49C870704769
:1007F0001A48C07820F002001849C870704717489E
:10080000C07820F040001549C87070471348C07880
:1008100020F0400040301149C87070470F48C07840
:1008200020F080000D49C8707047000084AA0020A5
:10083000636F6E74726F6C6C65725F6D73672F009F
:1008400090090020A00900204646464646464646F6
:1008500046464646464646460000000014A900208B
:1008600044AA0020D48301084D51545400000000D4
:100870007465726D696E616C0000000076656E646F
:10088000696E673132333036000000007465726D76
:10089000696E616C5F6D7367000000000848C07886
:1008A00020F0800080300649C870704710B50446BB
:1008B0002046FFF77DFE2046FFF706FF10BD000033
:1008C00014A90020E24880787047E148807820B180
:1008D0000020DF494860C87010E0DD48406842F6FB
:1008E000E061884207D2DA484068401CD849486035
:1008F0000020C87002E00120D549C8707047017817
:10090000D44A11704188518081889180704710B518
:10091000D048007818B3CF484088B0F57A7F02DD20
:100920000020CB490870CB48418880880A3000EB12
:10093000C00202EB0010B1EB800F05DAC548408819
:10094000401CC44948800AE00020C24908700120C8
:10095000BF4908700020BF494880F2F79DFD10BDD7
:1009600070B592B005460C4616468DF80660ADF897
:100970000440224629460DF10700F2F773FC01A856
:10098000FFF785FD12B070BD42F6E060B0494860E7
:100990000120C87070470020AD4988704870AE498A
:1009A0000870488088740021AB4881820020AA49E1
:1009B00088720021A8488181704700B5FFF7E4FFE5
:1009C000FFF7E9FF00BD0120A14908707047002032
:1009D0009F490870704710B59D48007800B910BD58
:1009E0009B48407806286FD005DC17D2DFE800F07E
:1009F00010162F356E74092867D004DC072879D0CB
:100A000008280BD1D5E0122809D01F28F9D10CE114
:100A1000FCF767FC10B102208D4948700DE18F484A
:100A20000068B0F57A7F05D28C480068401C8B497D
:100A3000086005E000208949086002208449487068
:100A40008548007810B1032081494870F5E001F035
:100A50002AF903207E494870EFE07F48007888B18A
:100A60007B48C07818B104207949487004E006201A
:100A700077494870012088700020784908607849DB
:100A8000087020E075480068B0F57A7F05D2734899
:100A90000068401C7149086015E000206F4908603B
:100AA0006F480078022808DA6D480078401C6C49CD
:100AB000087002206649487005E000206849087007
:100AC000082063494870B8E03AE07DE001F00CF995
:100AD00005205F494870B0E05F48807A58B1012036
:100AE0005B4988700620487000205C4908605C49BA
:100AF000087024E02AE059480068B0F57A7F05D2F2
:100B000056480068401C5549086018E000205349C9
:100B1000086053480078032808DA51480078401CE0
:100B20004F49087004204A49487008E000204A49AB
:100B300008700220464948700020494908707CE04E
:100B400001F07EF807204249487076E0434800688B
:100B5000B0F57A7F05D241480068401C3F490860E3
:100B600026E000203D4908603B48807C40B10020E1
:100B70003B4908703849887406203549487017E0A9
:100B800037480078062808DA35480078401C344990
:100B9000087006202E4948700AE000202E4908708F
:100BA00088722B4988702E4908701F202849487088
:100BB00043E001F057F809202549487042F6E0600B
:100BC00048600120C87038E02348007850B1002008
:100BD00022490860224908701F49087002201C49F8
:100BE000487021E01D480068B0F57A7F05D21B48A7
:100BF0000068401C1949086016E000201749086089
:100C000017480078012808DA15480078401C144974
:100C1000087008200E49487006E00020104908704E
:100C20001F200B494870DAE607E0F9F7C8FDFCF72A
:100C3000D5FA00200649487000BF00BF00BFCEE6CD
:100C400010B5FFF742FEFFF762FEFFF7C4FE10BDCE
:100C5000B0090020A809002012AB0020B80900202C
:100C6000BC0900202DE9F04106460D465020F2F760
:100C7000E0FB044614B90020BDE8F081002020709C
:100C8000A07000F037F8A08000206070184804F0D1
:100C900048F9E080164804F044F907463A461449FA
:100CA00004F10800F2F7DEFAA4F84850B4F848005E
:100CB000F2F7BFFBE064E06C10B92046F2F7A9FB45
:100CC0002A463146E06CF2F7CDFA204601F024F8CE
:100CD000E06CF2F79EFB2046F2F79BFB00BFCBE7F0
:100CE00070B504460D462946204601F043F970BD13
:100CF00090AA0020FE480088401CFD490880084654
:100D000000887047F0B50022002300260024054625
:100D1000C71700EB5767C7F3C7121546D71702EB83
:100D20005767FB111D46DF1703EB5767FE1105469A
:100D3000C71700EB5767FF11A0EBC717FCB2012ED6
:100D40000CDB44F080050D7042F080054D7043F0DF
:100D500080058D70CE7004250D7117E0012B09DB25
:100D600044F080050D7042F080054D708B700325B6
:100D70000D710BE0012A06DB44F080050D704A700E
:100D800002250D7102E0087001250D71F0BD0020F3
:100D9000D849B1F828110831D64AB2F82E211144A9
:100DA00088B2D449C978C1F3800139B1D149898861
:100DB000091DD04AD28C1144014488B2CD49C9786A
:100DC000C90929B1CB49B1F85411891C014488B231
:100DD000C849C978C1F3801129B1C649B1F8601179
:100DE000891C014488B2704770B50446FFF7CFFFF5
:100DF00005462146FFF786FF70BD1CB500246846F6
:100E0000FFF7F2FFFFF7C3FF9DF80410491C0844E9
:100E100084B220461CBD7CB5054600241020285510
:100E2000641C6846FFF7E0FF002606E01DF8060098
:100E30002855601C84B2701CC6B29DF80400B042F4
:100E4000F4DCAC49B1F82801C11700EB1161C1F322
:100E500007212955601C84B2A649B1F82801C117A1
:100E600000EB11610912A0EB01212955601C84B22D
:100E7000A049B1F82821281901F59571F2F7F2F986
:100E80009C48B0F82801204484B29A4880782855BC
:100E9000601C84B2281901229649C91CF2F7E2F9B4
:100EA000601C84B293490888C11700EB1161C1F33B
:100EB00007212955601C84B28E490888C11700EBB0
:100EC00011610912A0EB01212955601C84B28949E6
:100ED000B1F82E01C11700EB1161C1F307212955AB
:100EE000601C84B28349B1F82E01C11700EB116177
:100EF0000912A0EB01212955601C84B27D49B1F88B
:100F00002E21281901F59871F2F7ACF97948B0F85B
:100F10002E01204484B27748C078C0F380000028B6
:100F20003DD074498888C11700EB1161C1F30721D6
:100F30002955601C84B26F498888C11700EB116184
:100F40000912A0EB01212955601C84B269498A88E5
:100F50002819891DF2F786F966488088204484B2F2
:100F60006449C88CC11700EB1161C1F307212955F1
:100F7000601C84B25F49C88CC11700EB1161091273
:100F8000A0EB01212955601C84B25A49CA8C28194A
:100F90002831F2F767F95748C08C204484B255488D
:100FA000C078C00918B35349B1F85401C11700EB18
:100FB0001161C1F307212955601C84B24D49B1F874
:100FC0005401C11700EB11610912A0EB0121295551
:100FD000601C84B24749B1F85421281901F5AB715E
:100FE000F2F740F94348B0F85401204484B2414834
:100FF000C078C0F3801018B33E49B1F86001C11742
:1010000000EB1161C1F307212955601C84B23949F5
:10101000B1F86001C11700EB11610912A0EB0121C9
:101020002955601C84B23349B1F86021281901F5B3
:10103000B171F2F717F92F48B0F86001204484B27B
:1010400020467CBD0420704710B502460020402396
:101050001354401C02231354401C0B46CC1701EBC5
:101060001464C4F307241454401CCC1701EB14641B
:101070002412A1EB04241454401C10BD014600208E
:10108000CA88921CB1F848301A4490B20A78002AF3
:1010900001DD821C90B2704770B504460D462046B3
:1010A000FFF7ECFF06462946FFF72CFE70BD7CB526
:1010B000044669462046FFF7EFFF2046FFF7DEFFB4
:1010C0009DF80410491C084485B228467CBD2DE9D2
:1010D000FC4106460D460027002469463046FFF7CE
:1010E000DBFF302028553078012809D1285D03E046
:1010F000BE09002014A9002040F00200285509E094
:101100003078022804D1285D40F00400285501E021
:10111000285D2855B078012804D1285D40F00800EA
:10112000285501E0285D28557078012804D1285DF4
:1011300040F00100285501E0285D2855601C84B26C
:10114000002706E01DF807002855601C84B2781CB3
:10115000C7B29DF80400B842F4DCF088C11700EB78
:101160001161C1F307212955601C84B2F088C117B1
:1011700000EB11610912A0EB01212955601C84B21A
:10118000F288281906F10801F2F76CF8F08820447B
:1011900084B2307890B1B088C11700EB1161C1F30F
:1011A00007212955601C84B2B088C11700EB11617A
:1011B0000912A0EB01212955601C84B2B6F8482021
:1011C0002819F16CF2F74EF8B6F84800204484B2C2
:1011D0002046BDE8FC8100203D4A1168022004E061
:1011E0000A89D21C024490B249680029F8D170479C
:1011F00070B50446FFF7EFFF05462146FFF782FD75
:1012000070BD1CB500246846FFF7F2FFFFF7E3FF4F
:101210009DF80410491C084484B220461CBD2DE9E9
:10122000FC41054600242A480668FFF763FD07468F
:101230006846FFF7DDFF82202855641C4FF0000848
:1012400008E01DF808002855601C84B208F1010070
:1012500000F0FF089DF804004045F2DC3846F9171D
:1012600007EB1161C1F307212955601C84B2384690
:10127000F91707EB11610912A7EB01212955601C31
:1012800084B220E03089C11700EB1161C1F307215E
:101290002955601C84B23089C11700EB1161091215
:1012A000A0EB01212955601C84B23289281906F16E
:1012B0000B01F1F7D7FF3089204484B2B07A28556A
:1012C000601C84B27668002EDCD12046BDE8FC812B
:1012D00084AA002094490880704794484078934A33
:1012E0001278904205D191484088142801D10020FD
:1012F00070478E480278001D50F822100022001F0F
:101300000378001D40F82320001F0078401C874A06
:10131000107010464088401C5080104600781428F9
:1013200001D1002010700846E2E770B505460024A0
:101330007E4840787D490978884209D17B484088B9
:1013400030B9FFF7CAFF044614B12046F2F761F83E
:1013500076484178001D40F82150001F4078401C1D
:101360007249487008464088401E488008464078C8
:10137000142801D100204870012070BD6C484078CD
:101380006B4A1278904205D169484088142801D1EF
:101390000020704766480278001D50F82210002295
:1013A000001F0378001D40F82320001F0078401C18
:1013B0005F4A107010464088401C508010460078EC
:1013C000142801D1002010700846E2E770B50546E8
:1013D0000024574840785649097888420ED154482D
:1013E000408858B9FFF7CAFF04463CB1E06C10B121
:1013F000E06CF2F70EF82046F2F70BF84C48417813
:10140000001D40F82150001F4078401C484948709A
:1014100008464088401E488008464078142801D17C
:1014200000204870012070BD41484078404A127841
:10143000904205D13E484088142801D100207047D1
:101440003B480278001D50F822100846F7E710B517
:10145000002438480068B0F5FA7F05D235480068A6
:10146000401C3449086010BD002032490860FFF775
:10147000DBFF0446002C41D02B480088A18888421D
:101480000CD1FFF77BFF04463CB1E06C10B1E06C7F
:10149000F1F7BFFF2046F1F7BCFFE4E7F9F7DFF90A
:1014A00028B1204600F038FCE078401CE070E0787D
:1014B00014280CDDFFF762FF04463CB1E06C10B16C
:1014C000E06CF1F7A6FF2046F1F7A3FFCBE7207809
:1014D000012806D104F1080018B1E08808B1E06CD9
:1014E00060B9FFF74BFF04463CB1E06C10B1E06C13
:1014F000F1F78FFF2046F1F78CFFB4E700BFB2E7AA
:1015000010B50024FFF7E9FE04462CB1208800F056
:101510001EFC2046F1F77DFF10BD10B5FFF797FFC9
:10152000FFF7EEFF10BD0000C0090020C409002035
:10153000180A00206C0A002010B502460B4611461E
:10154000042B02D38878400810B14FF0FF3010BD53
:10155000887800F00100F94C2071C8786071C87873
:1015600010B16FF00100F2E70120F44C2070FF2071
:10157000EDE770B504460D462646042D01D2012044
:1015800070BDEE48C088401CEC49C880F178B07846
:1015900001EB002081B2E948018101460889FFF78B
:1015A00099FEFF20ECE72DE9F04106460F4635464F
:1015B000FEF74CFF804608F10400B84203D94FF013
:1015C000FF30BDE8F081DD488089401C81B2DB48F6
:1015D0008181E978A87801EB002081B2D748C181E8
:1015E00000240DE0281D015DD44810300155281D50
:1015F000005D802802D16FF00100E2E7601CC4B2F8
:101600004445EFDB0120CD498872FF20D9E702462F
:10161000022902DA4FF0FF307047507810B16FF0B6
:101620000100F9E70120C54B98741846808A401CD8
:1016300083B2C2488382FF20EEE770B504460D46B0
:1016400020783A283AD008DC20280FD0302831D032
:10165000322831D0332837D132E03B2832D04028ED
:101660000DD0902814D0D0282ED11AE0294620463B
:10167000FFF762FF002801DD202070BD26E029462B
:101680002046FFF776FF002801DD4020F5E71DE04A
:1016900029462046FFF787FF002801DD9020ECE770
:1016A00014E029462046FFF7B2FF002801DDD020D4
:1016B000E3E70BE03020E0E73220DEE73A20DCE72A
:1016C0003320DAE73B20D8E70020D6E700BF002030
:1016D000D3E710B50246002100200023491C545CCA
:1016E00004F08004002C2ED0545C04F07F040444E9
:1016F000A0B24C1CA1B2545C04F08004ECB1545C68
:1017000004F07F0400EBC414A0B24C1CA1B2545CE2
:1017100004F080045CB1545C00EB8434A0B24C1C37
:10172000A1B2545C00EB4454A0B204230DE00323A7
:10173000545C00EB8434A0B207E00223545C00EB5D
:10174000C414A0B201E00123505C10BD0246002188
:101750000020491C535C03F080039BB14B1C99B2E1
:10176000535C03F080035BB14B1C99B2535C03F0F4
:1017700080031BB14B1C99B2042004E0032002E05B
:10178000022000E0012070472DE9F043074688461B
:10179000144600250026A9462046FFF7D7FF064637
:1017A000042E02DD0120BDE8F083601C3044417846
:1017B000601C805D01EB00201FFA80F9C14501D05B
:1017C0000220F0E700250AE0795D601C3044801CAF
:1017D000405D814201D00320E5E7681C85B24D459C
:1017E000F2DB0020DFE72DE9F04180460C460025C2
:1017F00000272046FFF7AAFF0546042D02DD002042
:10180000BDE8F081601C28444178601C405D01EB1C
:101810000020C7B2B8F1010F18D10220F1F709FE7C
:10182000064676B1601C2844801C38444178601C10
:101830002844801CC05D01EB002030803046FFF75B
:1018400074FDE81C3844801C044402E0E81C384461
:1018500004442046D4E7014639484078384A127893
:10186000904204D13648408808B9FF207047344878
:101870004278001D40F82210001F4078401C304A7A
:10188000507010464088401E5080104640782028F6
:1018900001D1002050700120E8E729484078284A0B
:1018A0001278904205D126484088202801D1002096
:1018B000704723480278001D50F822100022001FB4
:1018C0000378001D40F82320001F0078401C1C4AAC
:1018D000107010464088401C508010460078202828
:1018E00001D1002010700846E2E700B5FFF7D5FFF0
:1018F00000BD2DE9F041054600240026284603F0EE
:1019000010FB0746F1F795FD044614B90120BDE828
:10191000F081284603F005FB07463A462946204653
:10192000F1F7A0FC2046FFF796FF0646FF2E09D1EF
:1019300014B12046F1F76DFD0220E8E712AB00205C
:10194000700A00200020E2E770B50446002500265A
:101950002046FFF7FBFE0546042D01DD002070BD8B
:10196000601C28444178601C405D01EB0020C6B239
:101970003046F4E72DE9F04104460D464FF00008EB
:10198000002600272846FFF7A4FE06462846FFF754
:10199000DBFF074624B9B81C301A1FFA80F803E0B1
:1019A000381D301A1FFA80F84046BDE8F0812DE955
:1019B000FF5F05460C460026002700200390824664
:1019C0008146029080460190FBF78BFC18B90020FD
:1019D00004B0BDE8F09F2DE1002C01DC3046F7E7B4
:1019E0002846FFF776FE03902846FFF7AFFE8246B3
:1019F000BAF1040F03DD6D1C601E84B21AE10AF116
:101A00000100039908441FFA80F9A14503DD6D1C0C
:101A1000601E84B20EE1E1B22846FFF70EFE02908E
:101A200002983B287DD00CDC32287BD004DC2028B7
:101A300010D0302877D112E033287FD03A28F9D15E
:101A40007DE0402807D0902806D0B02805D0D028C7
:101A5000F0D103E0E4E0E3E0E2E0E1E0E0E0764A58
:101A600012681189744A126802F10B002A46FFF7C6
:101A70008BFE0190704A126811896F4A126802F158
:101A80000B002A46FFF780FE98B929460020FFF791
:101A9000AAFE07460FB902209AE73846FFF729FF4A
:101AA0008046B8F1000F01D0032091E7701CC6B248
:101AB00042E0614A1268526811895F4A12685268AE
:101AC00002F10B002A46FFF75FFE98B92946002075
:101AD000FFF789FE07460FB9022079E73846FFF77E
:101AE00008FF8046B8F1000F01D0032070E7701C9A
:101AF000C6B221E0514803F014FA1FFA80FB2A46CF
:101B000059464E48FFF740FE90B929460020FFF79E
:101B100031FF834629460020FFF765FE59460090B5
:101B200003E00DE009E074E008E0FFF7D9F803E016
:101B30006D1C601E84B27DE072E000BF00BF00BF7C
:101B40003D4A126811893C4A126802F10B002A468C
:101B5000FFF71AFE0190384A12681189364A126856
:101B600002F10B002A46FFF70FFE98B92946012023
:101B7000FFF739FE07460FB9022029E73846FFF77D
:101B8000B8FE8046B8F1000F01D0032020E7701C9A
:101B9000C6B23DE0284A126852681189264A126886
:101BA000526802F10B002A46FFF7EEFD98B929466C
:101BB0000120FFF718FE07460FB9022008E7384654
:101BC000FFF797FE8046B8F1000F01D00320FFE633
:101BD000701CC6B21CE0194803F0A3F91FFA80FB81
:101BE0002A4659461548FFF7CFFD68B92946012016
:101BF000FFF7C0FE834629460120FFF7F4FD594652
:101C00000090FFF76DF803E06D1C601E84B211E0D8
:101C100006E0002C03DD6D1C601E84B20AE000BFEC
:101C200000BF4D44A4EB090084B20020039082461B
:101C3000814600BFD0E6000084AA0020D0AA002080
:101C400008B550A00068009002216846FBF748FCE8
:101C500008BD08B54CA00068009002216846FBF75B
:101C60003FFC08BD70B5002400254848C078C0F38B
:101C7000800008B1FEF7EAFCFFF7BFF805462846EA
:101C8000F1F7D7FB044604B970BDFEF7A9FD204665
:101C9000FFF7C1F829462046FBF722FC2046F1F762
:101CA000B8FB00BFF0E770B500240025FEF7A0FDEB
:101CB0003648C078C0F3800008B1FEF7C7FCFFF7D4
:101CC0009CF805462846F1F7B4FB044604B970BDFC
:101CD0002046FFF7A0F829462046FBF701FC2046E6
:101CE000F1F797FB00BFF2E770B500240025FFF77E
:101CF00088FA05462846F1F79CFB044604B970BDF6
:101D00002046FFF78CFA29462046FBF7E9FB2046E0
:101D1000F1F77FFB00BFF2E770B50646002400250F
:101D20003046FFF7C4F905462846F1F782FB044622
:101D300004B970BD21463046FFF7C9F9294620464F
:101D4000FBF7CEFB2046F1F764FB00BFF1E770B56F
:101D5000044600250026FFF775F906463046F1F7E0
:101D600068FB054605B970BD21462846FFF76CF9AA
:101D700031462846FBF7B4FB2846F1F74AFB00BF83
:101D8000F1E70000C0000000E000000014A90020FE
:101D90003EB504466846F6F74FFE9DF80200A07176
:101DA0009DF8010060719DF8000020719DF807000A
:101DB000E0709DF80600A070BDF8040020800020AF
:101DC0003EBD7CB50446A0796179CDE90010237948
:101DD000E278A1782088F6F717FE00207CBD1CB5BC
:101DE000024600BF93798C79A34206DB93798C7904
:101DF0001B1BDBB28DF806300AE08B79C3F13C0384
:101E000094792344DBB28DF8063053795B1E53710D
:101E100053794C79A34206DB53794C791B1BDBB217
:101E20008DF805300AE04B79C3F13C035479234423
:101E3000DBB28DF8053013795B1E137113790C79C1
:101E4000A34206DB13790C791B1BDBB28DF804303F
:101E500007E00B79C3F1180314792344DBB28DF842
:101E600004309DF80430C3EB03139B00C3EB031352
:101E70009B009DF80540C4EB041403EB84039DF81C
:101E8000064018191CBD024610790B79984201DDF5
:101E90000120704710790B79984202DA4FF0FF3039
:101EA000F7E750794B79984201DD0120F1E750794D
:101EB0004B79984202DA4FF0FF30EAE790798B795C
:101EC000984201DD0120E4E790798B79984202DAAB
:101ED0004FF0FF30DDE70020DBE70146088840F6E1
:101EE0003402904204DC088840F2E372904202DA45
:101EF0004FF0FF30704788780C2802DC8878012882
:101F000002DA4FF0FF30F5E7C8781F2802DCC87806
:101F1000012802DA4FF0FF30ECE70879172802DCDD
:101F20000879002802DA4FF0FF30E3E748793C28CF
:101F300002DC4879002802DA4FF0FF30DAE78879CE
:101F40003C2802DC8879002802DA4FF0FF30D1E724
:101F50000020CFE710B50648FFF71AFF04480088B5
:101F600040F2E371884201DA012010BD0020FCE755
:101F7000F40A002070B505460C46F948007808B10F
:101F8000FF2070BD2046F1F754FAF54988600846F5
:101F9000806808B9FF20F4E7F1492246886829469D
:101FA000F1F760F90120EE49087000BFE9E7EC485D
:101FB000007808B9002070470020E94908700846F9
:101FC0008068F8E710B5E7490868F1F722FAE549B3
:101FD0004868F1F71EFAE3498868F1F71AFAE2490E
:101FE000886CF1F716FA10BD2DE9F04104460E4653
:101FF0001546DD48007810B9DB48407810B1002064
:10200000BDE8F081206820B1606810B1A06800B11F
:102010000DB9FF20F4E7206802F083FF0746F1F7CF
:1020200008FAD0490860606802F07BFF0746F1F7C4
:1020300000FACC494860A06802F073FF0746F1F748
:10204000F8F9C84988604FF40170F1F7F2F9C64910
:102050008864C448806840B1C248406828B1C1481B
:10206000006810B10846806C18B9FFF7ABFFFE207E
:10207000C6E7206802F055FF0746BA4A2168106893
:102080003A46F1F7EFF8606802F04BFF0746B54AB1
:10209000616850683A46F1F7E5F8A06802F041FF40
:1020A0000746B04AA16890683A46F1F7DBF8142277
:1020B00004F10C01AB480C30F1F7D4F8AA48C56123
:1020C00086610120A849087000BF99E738B5FEF77E
:1020D000F9FB00B938BDA448007818B9A248407887
:1020E00000B9F7E7A048007818B900209E49487069
:1020F000D8E19D48407806287ED2DFE800F003460C
:102100006173D3FD9749486898A102F0D4FE40B3AB
:102110009448816897A003F03BF870B10120924980
:10212000487096499048416400210164806958B321
:102130008D4881693830884726E0FFF743FF8F4993
:1021400066318948416402210164806918B186487A
:10215000816938308847002083490870052048701D
:1021600012E0FFF72FFF854965317F484164022166
:102170000164806918B17C48816938308847002043
:1021800079490870052048708BE1F1F731FA002198
:102190007548C1628162002073490862002172485B
:1021A00041620163806C001D6F4948630020896CA7
:1021B00008806D49896C488002206B49487070E145
:1021C00000216948C16281620020674908620021DC
:1021D00065484162016303206349487000204861FB
:1021E000C86000BF60484069802847DA5E4840699F
:1021F000401C5D49486100E04EE15A48C068896B67
:10220000401AB0F5007F0AD25648C0685649896B1B
:10221000401A5549896B08445349886005E0524883
:10222000806B00F50070504988604F48C0694E4C83
:102230000090A468631E4C4CA26B4A4C21686068F5
:1022400000F03AF9401C98B9FFF7BCFE4B496731E2
:102250004548416402210164806918B1424881699E
:10226000383088470020404908700520487018E041
:1022700004203D4948700020C86012E0FFF7A2FE2C
:102280003E4968313848416402210164806918B1CF
:102290003548816938308847002033490870052067
:1022A0004870FEE03048C0680A2869DA2E48C068E5
:1022B000401C2D49C860FFF77AFE0446002C7DD0F3
:1022C00029492031204600F02BF9C5B22046F1F70C
:1022D000A0F8281D062872D2DFE800F0C3BFBBB704
:1022E000C7032148006A1F49C968884268D11E484F
:1022F000806A1D49896800E0BDE08842F6D11A482D
:10230000406A1949896B8842F0D11748816BC06ACD
:1023100008441449C968884252D81348816BC06A7E
:102320000844114988630846808D896C48800E49AD
:10233000886CF1F763F920BBFFF744FE0F49693160
:102340000948416402210164806918B10648816925
:102350003830884700200449087005204870B9E6E5
:1023600094AB002028AB002048AB002058594A5FAE
:102370005600000056322E332E300000C0D401002B
:1023800075E04948806C0088401C4749896C08808A
:102390004548806B4549C968884227D24248806BCE
:1023A000642148434149C968B0FBF1F13E48C06B24
:1023B000814217D03C48806B642102E056E054E033
:1023C00034E048433949C968B0FBF1F13648C1638C
:1023D0003749416401210164806918B1324881693B
:1023E000383088470220304948702DE02E48806BF5
:1023F0002E49C968884227D12C480C30F1F7E5F8FE
:1024000020B105202849487000204860FFF7DAFD18
:10241000274925484164022101646421C163806920
:1024200090B121488169383088470DE004201E4969
:10243000487020491C48416401210164806918B139
:1024400019488169383088470FE0042016494870E0
:102450000BE004201449487007E00420124948703A
:1024600003E004201049487000BF00BF02E00320D1
:102470000D49487015E00C484068052805DA0A48FF
:102480004068401C0849486005E0F1F705F8002065
:1024900005490870487004E000200349087048703E
:1024A00000BF00BF00BF15E648AB002028AB0020EE
:1024B000C0D4010056D601002DE9FE4F04460D465A
:1024C00016461F46DDF830904FF48060F0F7B1FFFC
:1024D0008046B8F1000F03D14FF0FF30BDE8FE8F0A
:1024E0004A482B4622464A49CDE9006702904046B9
:1024F00002F04CFBB9F1000F0AD0404602F011FD8A
:10250000824651464046C8474046F0F782FF05E004
:102510004046F0F77EFF6FF00100DFE70120DDE7C6
:102520002DE9F04106460D46002706B11DB94FF0D2
:10253000FF30BDE8F08137A1304602F0BCFC044614
:1025400014B94FF0FF30F4E704F1090002F0A6FCE3
:10255000286133A104F1090002F0ADFC044614B96E
:102560006FF00100E5E733A1304602F0A4FC044619
:1025700014B96FF00200DCE704F1100002F08EFCE9
:10258000E86031A1304602F096FC044614B96FF0C1
:102590000200CEE704F1150002F080FC686030A173
:1025A00004F1150002F087FC044614B96FF0020034
:1025B000BFE7601C02F072FC401CA86029A1601CEF
:1025C00002F079FC044614B96FF00200B1E7601C18
:1025D00002F064FC286024A1304602F06CFC044642
:1025E00014B96FF00200A4E7686920B9E86810B177
:1025F0006FF003009DE7201D02F093FC0746211DAC
:10260000EA686869F0F72EFE012092E7980600203C
:102610004C840108485454502F312E3120000000C2
:10262000323036205061727469616C20436F6E7471
:10263000656E7400436F6E74656E742D4C656E67C5
:1026400074683A2000000000436F6E74656E742D4C
:1026500052616E67653A20627974657320000000EC
:102660002D0000002F0000000D0A0D0A00000000E0
:10267000FE4908607047FE4908607047FD490860E0
:102680007047FD4908607047FC4908607047FC4985
:1026900008607047FB4908607047FB490860704755
:1026A000FA4908607047FA4908607047F9490860BC
:1026B0007047F94908607047F84908607047F84961
:1026C00008607047F74908607047F749086070472D
:1026D000F64908607047F64908607047F548807809
:1026E00070470020F34988707047F2490880002144
:1026F000F04A91707047F048807870470020EE49AA
:1027000088707047EC4908800021EB4A917070474F
:1027100070B5044600256179207901EB002085B26F
:10272000E078822802D0832875D103E00120E149B6
:10273000887019E1E0480088A84202D10120DE49F2
:10274000887045F64001681A8D4270D01DDC45F254
:102750003071A5EB01008D425ED00DDCA5F5804007
:10276000A0F5A150A8B3E02828D0B0F5987F31D0CB
:10277000B0F5407F73D143E0202859D0502862D073
:10278000602861D0E028F5D16BE0902868D008DCA3
:10279000102871D0302870D060286FD07028E9D10F
:1027A0009CE0D0286BD0F0286AD0B0F5BF5F68D02D
:1027B000A0F5B850F0380028DCD1C6E0BA4800686F
:1027C00030B1A078C01EC1B2201DB74A1268904730
:1027D000C7E00AE0B548006830B1A078C01EC1B2B9
:1027E000201DB24A12689047BBE0B148006830B182
:1027F000A078C01EC1B2201DAD4A12689047B0E05B
:10280000A648006830B1A078C01EC1B2201DA34AFE
:1028100012689047A5E0A6E0A148006830B1A07812
:10282000C01EC1B2201D9E4A1268904799E029E05F
:102830009C48006830B1A078C01EC1B2201D994AE2
:10284000126890478DE08CE09248006830B1A07823
:10285000C01EC1B2201D8F4A1268904781E07FE000
:1028600047E08D48006830B1A078C01EC1B2201D7D
:10287000894A1268904774E00FE019E023E043E0D2
:102880004DE057E08048006830B1A078C01EC1B26A
:10289000201D7D4A1268904763E07C48006830B193
:1028A000A078C01EC1B2201D784A1268904758E037
:1028B0007748006830B1A078C01EC1B2201D744AAC
:1028C000126890474DE06D48006830B1A078C01E96
:1028D000C1B2201D694A1268904742E0684800680A
:1028E00030B1A078C01EC1B2201D654A1268904761
:1028F00037E06448006830B1A078C01EC1B2201D26
:10290000604A126890472CE05B48006830B1A078BC
:10291000C01EC1B2201D584A1268904721E0554898
:10292000006830B1A078C01EC1B2201D514A1268A3
:10293000904716E04E48006830B1A078C01EC1B282
:10294000201D4B4A126890470BE04848006830B1A0
:10295000A078C01EC1B2201D444A1268904700E012
:1029600000BF00BF00E000BF00BF70BD2DE9F04117
:1029700004460025002700265048007801280FDA79
:102980005A2C09D14E484D49097844544B48007897
:10299000401C4A490870C7E0002048490870C3E05D
:1029A0004648007802280FDAA52C09D1444843494B
:1029B0000978445441480078401C40490870B3E00D
:1029C00000203E490870AFE03C48007803280FDA49
:1029D000FA2C09DA3A4839490978445437480078DA
:1029E000401C364908709FE00020344908709BE085
:1029F00032480078042811DA822C01D0832C09D1C6
:102A00002F482E49097844542C480078401C2B4903
:102A1000087089E000202949087085E0274800787F
:102A2000FF2809DA264825490978445423480078C4
:102A3000401C2249087002E00020204908701F480D
:102A40000078C01E1E49897888426DDB1C4880785A
:102A5000801E81B21A48C01C00F01EF907461748B4
:102A60000078401E1649095C14482BE0480B0020F2
:102A70004C0B0020440B0020400B0020340B0020A6
:102A8000380B00203C0B0020280B00202C0B0020D2
:102A9000300B0020200B0020240B0020140B002002
:102AA000180B00201C0B0020080B00200C0B002032
:102AB000100B0020FE0A0020020B0020FC0A002060
:102AC000A0AC00200078801E1D4A105C01EB0020A5
:102AD00086B2B74225D110464178007801EB00203C
:102AE000184908801046807888701046C078C870F1
:102AF000002507E0281D1249095C1248001D4155B8
:102B0000681CC5B20F488078C01EA842F2DC0D4890
:102B1000A0F8FE6000200C4908700A48FFF7F8FD95
:102B200002E0002008490870BDE8F08110B50120DE
:102B3000F6F7AEF9AFF2CB110120F6F7B7F910BDF9
:102B4000A0AC0020A0AB0020FC0A002070B5054618
:102B500000242888C11700EB1161C1F30721404A06
:102B60001155641C2888C11700EB11610912A0EBF4
:102B700001211155641CA87811460855641CE87899
:102B80000855641C002607E0281D805D344908555F
:102B9000601CC4B2701CC6B2A878C01EB042F3DC80
:102BA000B5F8FE00C11700EB1161C1F307212C4AF3
:102BB0001155601CC4B2B5F8FE00C11700EB1161DD
:102BC0000912A0EB01211155601CC4B22246244910
:102BD0000120F6F7E1F970BD2DE9F04106460F46F8
:102BE000154645F6A5201F490880E81C8870084650
:102BF000C670002405E0395D1A48001D0155601CAF
:102C0000C4B2AC42F7DB17488078801E81B2154809
:102C1000C01C00F041F81349A1F8FE000846FFF778
:102C200095FFBDE8F08170B504460D4621786278C5
:102C30008818FFF75AFD2A4621468320FFF7CCFF6C
:102C400070BD70B504460D46217862788818FFF78C
:102C50004CFD2A4621468220FFF7BEFF70BD0000D2
:102C6000A0AE0020A0AD002070B502460C46FF25A6
:102C7000FF2309E012F8010B80EA03010E48405CD3
:102C800080EA05030D48455C2000A4F10106B4B2BA
:102C9000F0D143EA052070BDF0B506460F4600248A
:102CA000002539463046FFF7DFFF04462512E0B223
:102CB00045EA00252846F0BD500B0020500C0020AE
:102CC0000022FD4B9A7201221A70704770B50446BB
:102CD0000D46F2F720F9F849888108468089897AFB
:102CE00001EB8101A0EB410030B1F348807A401C38
:102CF000F14988720120087070BDEF4A927A22B1C2
:102D0000ED4A927A521EEC4B9A720122EA4B1A70EB
:102D10007047704770B504460D46F4F75BFE70BD12
:102D200070B505460E4606B970BD4021E34802F075
:102D300007FA00240BE0E01C285CFF2804D0E01C0C
:102D4000285CDE49085500E004E0601CC4B2F01EB7
:102D5000A042F0DC00BF00BFE6E770B505460E46B6
:102D600006B970BD0A21D548403002F0E9F90024C7
:102D70000CE0E01C285CFF2805D0E01C295CCF4853
:102D80004030015500E004E0601CC4B2F01EA042D7
:102D9000EFDC00BF00BFE4E770B504460D46C7484E
:102DA000F2F729F870BD10B5024601B910BDC44B49
:102DB00000241C605C609C60DC6000200BE0C31C95
:102DC000D35CFF2B04D0C31CD35CBD4C235400E068
:102DD00004E0431CD8B2CB1E8342F0DC00BF00BF2E
:102DE000E4E710B5024601B910BDB54B00241C61E3
:102DF0005C619C61DC6100200CE0C31CD35CFF2B98
:102E000005D0C31CD45CAE4B10331C5400E004E06E
:102E1000431CD8B2CB1E8342EFDC00BF00BFE3E708
:102E200070B504460D46A648F2F704F870BD10B51B
:102E3000024609B1112900DA10BD002005E0C31CCB
:102E4000D35CA04C2354431CD8B21828F7DB00BF36
:102E5000F2E770B504460D4618219A48F1F719FFBC
:102E6000182145F2907001F094FD70BD10B5024636
:102E700001B910BD0024944B83F83E40002014E0BB
:102E8000C31CD35CFF2B0DD0C31CD45C8E4B2A33E8
:102E90001C542A3B93F83E305B1CDCB28A4B83F80F
:102EA0003E4000E004E0431CD8B2CB1E8342E7DC86
:102EB00000BF00BFDDE710B5024601B910BD002418
:102EC000814B83F85340002014E0C31CD35CFF2BDC
:102ED0000DD0C31CD45C7C4B3F331C543F3B93F858
:102EE00053305B1CDCB2784B83F8534000E004E0C5
:102EF000431CD8B2CB1E8342E7DC00BF00BFDDE736
:102F000070B505460E46002406E06F482A30005D85
:102F10006D490855601CC4B26B4890F83E00A04251
:102F2000F3DC694890F83E0067490875002406E024
:102F300065483F30015D2A380155601CC4B26248C3
:102F400090F85300A042F3DC5F4890F853005E49CC
:102F500081F829000846F1F79BFF70BD10B50246C5
:102F600001B910BD0024584B83F83E40002014E006
:102F7000C31CD35CFF2B0DD0C31CD45C524B2A3333
:102F80001C542A3B93F83E305B1CDCB24E4B83F85A
:102F90003E4000E004E0431CD8B2CB1E8342E7DC95
:102FA00000BF00BFDDE710B5024601B910BD002427
:102FB000454B83F85340002014E0C31CD35CFF2B27
:102FC0000DD0C31CD45C404B3F331C543F3B93F8A3
:102FD00053305B1CDCB23C4B83F8534000E004E010
:102FE000431CD8B2CB1E8342E7DC00BF00BFDDE745
:102FF0000022354B83F8552083F85620A3F858203B
:10300000012283F85420704710B52F4890F85400DF
:10301000002878D02C4890F855000C2874D2DFE8AE
:1030200000F006747E88929CA6B0BAC4CED626481C
:10303000017D90F83E00814206D1234890F8291086
:1030400090F8530081420AD000201F49A1F858008F
:1030500081F8560081F8550081F8540010BD002415
:1030600012E01948015D2A30005D81420AD000203B
:103070001549A1F8580081F8560081F8550081F8EB
:103080005400EBE7601CC4B20F48007DA042E8DCAE
:1030900000241DE00C481530015D2A30005D81429E
:1030A00014D000200849A1F8580081F8560081F892
:1030B000550081F85400D1E7A4B1002050B10020A0
:1030C00030B1002010B10020B6B00020601CC4B2A6
:1030D000FB4890F82900A042DCDC0120F84981F887
:1030E00055001421F6482A3002F008F80021F4486F
:1030F00080F83E1014213F3002F000F80021F04823
:1031000080F85310A1E0A1E09EE014214FF4AA4002
:1031100001F03FFC0220EA4981F8550095E01421B6
:1031200045F2505001F035FC0320E54981F8550087
:103130008BE0142145F2207001F02BFC0420E049C3
:1031400081F8550081E0142145F2307001F021FC36
:103150000520DB4981F8550077E0202145F2907089
:1031600001F017FC0620D64981F855006DE01421C6
:1031700045F6400001F00DFC0720D14981F85500CB
:1031800063E0142145F6500001F003FC0820CC490F
:1031900081F8550059E0202145F6A00001F0F9FB27
:1031A0000920C74981F855004FE00A2145F6B000D3
:1031B00001F0EFFB0A20C24981F8550045E00220EA
:1031C00001F0D4FB0B20BE4981F855003DE0FFF72C
:1031D00085FA68B10020F7F749FA0020B849A1F84C
:1031E000580081F8560081F8550081F854002AE013
:1031F000B348B0F85800642807DAB148B0F858006E
:10320000401CAF49A1F858001DE00020AC49A1F8CE
:103210005800084690F85600022809DA084690F847
:103220005600401C81F85600002081F855000AE045
:103230006820F7F71BFA0020A14981F8560081F8B1
:10324000550081F8540000E000BF00BF00BF05E753
:10325000F0B505AC70CC9B4FF88039727A72BB72B6
:10326000FC723D737E730027DFF858C28CF8017042
:103270008CF80270ACF8047001278CF80070F0BD77
:103280003EB590480078002848D08E48407810B16C
:10329000012842D113E08B48407B8A49097B894A47
:1032A000D27A884CCDE900210290A37A627A217A01
:1032B000A07901F002FA0120214648702DE0FFF7C5
:1032C0000DFA48B10020F7F7D1F900207D49888038
:1032D0008870487008701FE07A488088642805DA92
:1032E00078488088401C7749888015E0002075491F
:1032F000888008468078022806DA08468078401CD4
:1033000088700020487007E06820F7F7AFF90020C8
:103310006C4988704870087000BF00BF3EBD6A49A4
:1033200088700021684A5170D1709180012111701C
:10333000704710B56448007800283DD06248407856
:1033400010B1012836D107E05F49887801F034FADE
:1033500001205D4948702EE0FFF7C0F948B1002018
:10336000F7F784F9002058498880C87048700870C1
:103370001FE055488088642805DA53488088401C3F
:103380005149888015E000204F4988800846C07860
:10339000022806DA0846C078401CC8700020487031
:1033A00007E06820F7F762F900204749C8704870C5
:1033B000087000E000BF00BF10BD444988700021C4
:1033C000424A5170D170918001211170704710B53F
:1033D0003E48007800283DD03C48407810B1012894
:1033E00036D107E03949887801F0ABF90120374937
:1033F00048702EE0FFF772F948B10020F7F736F970
:10340000002032498880C870487008701FE02F483B
:103410008088642805DA2D488088401C2B498880E4
:1034200015E00020294988800846C078022806DA7D
:103430000846C078401CC8700020487007E068202B
:10344000F7F714F900202149C8704870087000E0AF
:1034500000BF00BF10BD1E49887000211C4A51707A
:10346000D170918001211170704710B51848007813
:10347000002848D01648407810B1012841D107E013
:103480001349887801F003FA01201149487039E0A6
:10349000FFF724F948B10020F7F7E8F800200C49BD
:1034A0008880C870487008702AE0094880886428BD
:1034B00010DA07488088401C0549888020E0000019
:1034C000B6B00020A8B00020560D0020500D0020FE
:1034D000680D00200020F94988800846C07802283D
:1034E00006DA0846C078401CC8700020487007E023
:1034F0006820F7F7BBF80020F049C87048700870E2
:1035000000E000BF00BF10BD0021ED4A5170917076
:1035100091801146886001211170704710B5E8480C
:10352000007800283DD0E648407810B1012836D117
:1035300007E0E349886800F003FC0120E049487097
:103540002EE0FFF7CBF848B10020F7F78FF8002006
:10355000DB4988808870487008701FE0D8488088F0
:10356000642805DAD6488088401CD549888015E053
:103570000020D349888008468078022806DA084669
:103580008078401C88700020487007E06820F7F7BA
:103590006DF80020CA4988704870087000E000BFCC
:1035A00000BF10BD0021C74A517091709180114633
:1035B000886001211170704710B5C248007800285A
:1035C0003DD0C048407810B1012836D107E0BD4950
:1035D000886800F091FB0120BA4948702EE0FFF79F
:1035E0007DF848B10020F7F741F80020B549888000
:1035F0008870487008701FE0B2488088642805DA37
:10360000B0488088401CAF49888015E00020AD4953
:10361000888008468078022806DA08468078401CB0
:1036200088700020487007E06820F7F71FF8002036
:10363000A44988704870087000E000BF00BF10BD4A
:1036400010B504460020A0494870887088800C227C
:1036500021469D48C01DEFF705FE01209A490870DC
:1036600010BD10B59848007800283DD096484078A5
:1036700010B1012836D107E09348C01D00F084FB4B
:103680000120914948702EE0FFF728F848B100204A
:10369000F6F7ECFF00208C4988808870487008702D
:1036A0001FE089488088642805DA87488088401CA4
:1036B0008549888015E00020834988800846807805
:1036C000022806DA08468078401C8870002048707E
:1036D00007E06820F6F7CAFF00207B498870487031
:1036E000087000E000BF00BF10BD7849887000215D
:1036F000764A5170D170918001211170704710B5D8
:10370000FDF7E0F872490978884207D0FDF7DAF84A
:103710006F49087008460078FFF7E7FF6B480078AC
:1037200000283DD06948407810B1012836D107E023
:103730006649887801F07BF80120644948702EE0E2
:10374000FEF7CCFF48B10020F6F790FF00205F495C
:103750008880C870487008701FE05C4880886428C2
:1037600005DA5A488088401C5849888015E00020B6
:10377000564988800846C078022806DA0846C0788C
:10378000401CC8700020487007E06820F6F76EFF04
:1037900000204E49C8704870087000E000BF00BFAC
:1037A00010BD00214B4A91709180D1701146487034
:1037B00001211170704710B5F2F789FF002846D13A
:1037C000F6F751FF50B14448007800283FD101205E
:1037D000414908700920FFF7E4FF38E0FDF772F86F
:1037E0003E490978884208D13B48007828B9F9F762
:1037F000C9FE3B490978884229D0F9F7C3FE384908
:103800000870FDF75FF835490870002032490870EC
:10381000FDF758F8C0B1F1F7A0FA50B1F9F7B2FED0
:1038200018B10220FFF7BDFF11E00320FFF7B9FF39
:103830000DE0F1F77AFA18B10520FFF7B2FF06E0C4
:103840000420FFF7AEFF02E00020FFF7AAFF2148A7
:103850000078002851D01F48807810B101284AD143
:1038600007E01C49487801F081F801201949887067
:1038700042E0FEF733FF48B10020F6F7F7FE0020E4
:1038800014498880C8708870087033E011488088B7
:10389000642805DA0F488088401C0E49888029E09A
:1038A00000200C4988800846C07802281ADA0846A9
:1038B000C078401CC870002088701BE0680D002094
:1038C000B8B10020C4B10020D0B100205C0D0020B0
:1038D0006E0D0020620D0020700D00206F0D002085
:1038E000710D00206820F6F7C1FE0020F549C87070
:1038F0008870087000E000BF00BF10BD10B5024620
:10390000F14B83F80611002005E0145CEE4B9B1D83
:103910001C54431CD8B28842F7DB0023EA4C637086
:10392000A380A3700123237010BD10B5E648007872
:1039300000283FD0E448407810B1012838D109E090
:10394000E14890F80611801D00F090FE0120DE494C
:1039500048702EE0FEF7C2FE48B10020F6F786FE62
:103960000020D94988808870487008701FE0D648C8
:103970008088642805DAD4488088401CD249888031
:1039800015E00020D049888008468078022806DAB1
:1039900008468078401C88700020487007E0682046
:1039A000F6F764FE0020C84988704870087000E08F
:1039B00000BF00BF10BD01460022C44B5A709A7070
:1039C0009A80002005E00B5CC04A921D1354421CF3
:1039D000D0B22028F7DB0122BC4B1A70704710B51B
:1039E000BA48007800283DD0B848407810B1012886
:1039F00036D107E0B548801D00F022FE0120B34912
:103A000048702EE0FEF76AFE48B10020F6F72EFE61
:103A10000020AE4988808870487008701FE0AB486D
:103A20008088642805DAA9488088401CA7498880D6
:103A300015E00020A549888008468078022806DA2B
:103A400008468078401C88700020487007E0682095
:103A5000F6F70CFE00209D4988704870087000E061
:103A600000BF00BF10BD9A48007870472DE9F04FA5
:103A700009AC94E8F010DDE90F9ADDF838804FF0DA
:103A8000000BDFF84CE28EF801B08EF802B0AEF811
:103A900004B0F346ABF80600ABF808108BF80A2028
:103AA0008BF80B308BF80C408BF80D508BF80E60B8
:103AB0008BF80F708BF810C08BF811808BF8129078
:103AC000CBF814A0DDF844B0CEF818B04FF0010BDD
:103AD0008EF800B0BDE8F08F10B58AB07C48007851
:103AE00000285AD07A48407810B1012853D124E0F8
:103AF0007748806976494969754A927C744B5B7C4A
:103B0000CDE90532CDE907107148007C7049CA7BC8
:103B1000897B6F4B5B7BCDE90131CDE903206C489C
:103B2000007B6B4C0090E37AA27A2189E08800F058
:103B300037FA0120214648702EE0FEF7CFFD48B14C
:103B40000020F6F793FD0020614988808870487056
:103B500008701FE05E488088642805DA5C48808829
:103B6000401C5B49888015E0002059498880084640
:103B70008078022806DA08468078401C8870002089
:103B8000487007E06820F6F771FD00205049887002
:103B90004870087000E000BF00BF0AB010BD10B54B
:103BA000FFF75FFD4B48007800B110BDFFF7BDFE89
:103BB0004548007800B1F8E7FFF711FF4348007867
:103BC00000B1F2E7FFF7F7FD3E48007800B1ECE7FF
:103BD000FFF756FB4048007800B1E6E7FFF7ECFC42
:103BE0003E48007800B1E0E7FFF798FC3C480078D9
:103BF00000B1DAE7FFF7EBFB3A48007800B1D4E711
:103C0000FFF797FB3848007800B1CEE700BFCCE75C
:103C100010B53648F1F724F900F06AF8AFF6C34062
:103C2000FEF753FDAFF68140FEF752FDAFF63F4081
:103C3000FEF751FDAFF6CB50FEF73EFDAFF68950D3
:103C4000FEF73DFDAFF64750FEF73CFDAFF62160B5
:103C5000FEF72CFDAFF60560FEF72BFDAFF6B96061
:103C6000FEF71BFDAFF68560FEF71AFDAFF64F605D
:103C7000FEF719FDAFF65770FEF706FDAFF625709B
:103C8000FEF705FDAFF6EF60FEF704FDAFF67B70C3
:103C9000FEF7F7FCAFF6D770FEF7F0FCAFF6D37087
:103CA000FEF7E6FCAFF6AD70FEF7E5FCF2F70FFDB0
:103CB00018B10C20FFF775FD02E00020FFF771FD41
:103CC00010BD0000620D0020A0AF0020F0B1002068
:103CD00018B20020D0B10020A8B00020C4B100204C
:103CE000B8B10020500D0020560D0020B6B00020C5
:103CF00010B5FEF71BFF10BD10B504467120FE493C
:103D0000087060204870642094FBF0F030308870B8
:103D1000642094FBF0F100FB11400A2190FBF1F0CC
:103D20003030F549C8700A2094FBF0F100FB1140D7
:103D30003030F14908710521EF48FEF782FF10BDD0
:103D400010B504467120EC490870202048706420AA
:103D500094FBF0F030308870642094FBF0F100FBAD
:103D600011400A2190FBF1F03030E349C8700A207D
:103D700094FBF0F100FB11403030DF490871052160
:103D8000DD48FEF75EFF10BD10B504467F20DA491E
:103D9000087020204870207888706078C870A078FB
:103DA0000871E0784871207988716079C871A079CC
:103DB0000872E0794872207A8872607AC872A07AB4
:103DC0000873E07A48730E21CB48FEF73AFF10BD26
:103DD00010B57120C8490870802048700221C6487B
:103DE000FEF72FFF10BD2DE9FE4306460F46904615
:103DF0001C460A9DC1A207CA8DE807007120BE4972
:103E00000870002048709DF8000088709DF801003F
:103E1000C8709DF8020008719DF8030048719DF874
:103E2000040088719DF80500C8719DF806000872AD
:103E30009DF8070048723A2088720A2096FBF0F03D
:103E40003030C8720A2096FBF0F100FB1160303070
:103E5000A94908732D2048730A2097FBF0F03030F1
:103E600088730A2097FBF0F100FB11703030A249F3
:103E7000C8732D2008740A2098FBF0F03030487485
:103E80000A2098FBF0F100FB118030309A498874C9
:103E90002C20C8749C48B4FBF0F0303008759A4868
:103EA000B4FBF0F100FB114042F21071B0FBF1F0F5
:103EB00030309149487542F21070B4FBF0F100FBCC
:103EC00011404FF47A71B0FBF1F030308A498875B7
:103ED0004FF47A70B4FBF0F100FB11406421B0FBA9
:103EE000F1F030308449C8756420B4FBF0F100FB78
:103EF00011400A21B0FBF1F030307F4908760A20EA
:103F0000B4FBF0F100FB114030307B4948762C20A7
:103F100088767D48B5FBF0F03030C8767A48B5FB3E
:103F2000F0F100FB115042F21071B0FBF1F03030B3
:103F30007149087742F21070B5FBF0F100FB1150A7
:103F40004FF47A71B0FBF1F030306B4948774FF4A1
:103F50007A70B5FBF0F100FB11506421B0FBF1F079
:103F60003030654988776420B5FBF0F100FB1150D3
:103F70000A21B0FBF1F030305F49C8770A20B5FB69
:103F8000F0F100FB115030305B4981F820002E2009
:103F900081F8210022215848FEF753FEBDE8FE8338
:103FA0002DE9F04FA5B004460D4616461F46DDE943
:103FB00030ABDDE92E8955A103C9CDE9230155A117
:103FC00003C9CDE9210155A103C9CDE91F0155A2BE
:103FD00007CA1CAB07C356A2D2E900109268CDE90C
:103FE0001A02199155A30FCBCDE91723CDE915017D
:103FF00056A2D2E90030D2E90212CDE91130CDE962
:10400000131256A3D3E90012D3E90203CDE90F033B
:10401000CDE90D1255A3D3E901021968DB68CDE99A
:104020000B23CDE9091055A3D3E901211868DB68FA
:10403000CDE90713CDE9050254A3D3E90021D3E963
:104040000203CDE90303CDE901212046E11704EB8A
:104050001161090A284A1170E11704EB1161091274
:10406000A4EB012151704FF47A7095FBF0F03030E1
:10407000114688704FF47A7095FBF0F100FB1150F7
:10408000642190FBF1F030301146C870642095FB3C
:10409000F0F100FB11500A2190FBF1F03030114695
:1040A00008710A2095FBF0F100FB115030301146E9
:1040B00048712D2088710A2096FBF0F03030C871CD
:1040C0000A2096FBF0F100FB1160303011460872B7
:1040D0002D2048720A2097FBF0F0303088720A20B9
:1040E00097FBF0F100FB117030301146C8722020B0
:1040F00008730A2052E0000034B20020B9CAD5CFBC
:10410000D0C5CFA200000000A0860100BBF5B9F128
:10411000BAC53A00B2E3BCDCBAC53A00BBF5B5C0DB
:10412000BAC53A00B3F6BBF5B3C9B9A600000000A2
:10413000B3F6BBF5CAA7B0DC00000000BAECCDE2D4
:10414000BCECB2E2B3C9B9A600000000BAECCDE203
:10415000BCECB2E2CAA7B0DC00000000BAECCDE2D1
:10416000C4A3BFE9B9CAD5CF00000000BBF5B5C0F4
:10417000B5E7BBFAD5FDB3A300000000BBF5B5C0A1
:10418000B5E7BBFAB3ACCAB100000000BBF5B5C0DF
:10419000B5E7BBFAC0EBCFDF0000000098FBF0F002
:1041A000303048730A2098FBF0F100FB118030306A
:1041B000114688733A20C8730A2099FBF0F030301A
:1041C00008740A2099FBF0F100FB11903030114681
:1041D00048743A2088740A209AFBF0F03030C87492
:1041E0000A209AFBF0F100FB11A03030114608754F
:1041F000202048755B2088759DF88C00C8759DF857
:104200008D0008769DF88E0048769DF88F008876A0
:104210009DF89000C8769DF8910008779DF892006F
:1042200048770A209BFBF0F0303088770A209BFB10
:10423000F0F100FB11B030301146C8772C2081F826
:1042400020009DF8840081F821009DF8850081F808
:1042500022009DF8860081F823009DF8870081F8F0
:1042600024009DF8880081F825009DF8890081F8D8
:1042700026009DF88A0081F827000A21329890FBD9
:10428000F1F03030114681F828000A21329890FB75
:10429000F1F201FB12003030F94981F829002C209D
:1042A00081F82A009DF87C0081F82B009DF87D00A4
:1042B00081F82C009DF87E0081F82D009DF87F008C
:1042C00081F82E009DF8800081F82F009DF8810074
:1042D00081F830009DF8820081F831000A2133987E
:1042E00090FBF1F03030E64981F832000A21339832
:1042F00090FBF1F201FB12003030E14981F833000C
:104300002C2081F83400349818B39DF8700081F89F
:1043100035009DF8710081F836009DF8720081F833
:1043200037009DF8730081F838009DF8740081F81B
:1043300039009DF8750081F83A009DF8760081F803
:104340003B009DF8770081F83C002C2081F83D006F
:1043500023E09DF86400CA4981F835009DF86500A6
:1043600081F836009DF8660081F837009DF86700F7
:1043700081F838009DF8680081F839009DF86900DF
:1043800081F83A009DF86A0081F83B009DF86B00C7
:1043900081F83C002C2081F83D00BA4935988842CC
:1043A00034D19DF82400B64981F83E009DF82500DF
:1043B00081F83F009DF8260081F840009DF8270015
:1043C00081F841009DF8280081F842009DF82900FD
:1043D00081F843009DF82A0081F844009DF82B00E5
:1043E00081F845009DF82C0081F846009DF82D00CD
:1043F00081F847009DF82E0081F848009DF82F00B5
:1044000081F849002C2081F84A006CE09E493598DB
:10441000884234D19DF81400994981F83E009DF8F6
:10442000150081F83F009DF8160081F840009DF8C6
:10443000170081F841009DF8180081F842009DF8AE
:10444000190081F843009DF81A0081F844009DF896
:104450001B0081F845009DF81C0081F846009DF87E
:104460001D0081F847009DF81E0081F848009DF866
:104470001F0081F849002C2081F84A0033E09DF8A4
:1044800004007F4981F83E009DF8050081F83F0057
:104490009DF8060081F840009DF8070081F8410072
:1044A0009DF8080081F842009DF8090081F843005A
:1044B0009DF80A0081F844009DF80B0081F8450042
:1044C0009DF80C0081F846009DF80D0081F847002A
:1044D0009DF80E0081F848009DF80F0081F8490012
:1044E0002C2081F84A0069493698884234D19DF8D9
:1044F0005400634981F84B009DF8550081F84C0049
:104500009DF8560081F84D009DF8570081F84E0047
:104510009DF8580081F84F009DF8590081F850002F
:104520009DF85A0081F851009DF85B0081F8520017
:104530009DF85C0081F853009DF85D0081F85400FF
:104540009DF85E0081F855009DF85F0081F85600E7
:104550005D2081F857006CE04D493698884234D18F
:104560009DF84400464981F84B009DF8450081F8CC
:104570004C009DF8460081F84D009DF8470081F8F9
:104580004E009DF8480081F84F009DF8490081F8E1
:1045900050009DF84A0081F851009DF84B0081F8C9
:1045A00052009DF84C0081F853009DF84D0081F8B1
:1045B00054009DF84E0081F855009DF84F0081F899
:1045C00056005D2081F8570033E09DF834002C49F7
:1045D00081F84B009DF8350081F84C009DF83600BD
:1045E00081F84D009DF8370081F84E009DF83800A5
:1045F00081F84F009DF8390081F850009DF83A008D
:1046000081F851009DF83B0081F852009DF83C0074
:1046100081F853009DF83D0081F854009DF83E005C
:1046200081F855009DF83F0081F856005D2081F823
:10463000570058211248FEF704FB25B0BDE8F08F63
:1046400070B5054650200E490870002048700024BF
:1046500005E0295DA01C0A4A1154601CC4B2202C3C
:10466000F7DB22210648FEF7ECFA70BD70B506466E
:104670000C465220024908704020487000250FE087
:1046800034B20020888A0100B58B0100708E0100D1
:1046900001900100715DA81CCE4A1154681CC5B27E
:1046A000A542F7DBFF21A01CCA4A1154E01C11549B
:1046B000211D1046FEF7C5FA70BD2DE9F0470546ED
:1046C0000E4614469A46DDE90989089F0020C14933
:1046D00008709C2048705A208870A520C8706420FB
:1046E00095FBF0F100FB1150BA4908710D2096FBC3
:1046F000F0F100FB1160B74948712046E11704EB67
:10470000D1614911A4EB4111B24A9171182097FB74
:10471000F0F100FB11701146C8713C2098FBF0F1DC
:1047200000FB1180114608723C2099FBF0F100FB60
:104730001190114648720A211046FEF782FABDE830
:10474000F0873EB50446A4A000680290A3A103C967
:10475000CDE90001FF2C15D150209E490870802022
:1047600048709DF8000088709DF80100C8709DF8A1
:10477000020008719DF80300487106219548FEF774
:1047800060FA18E0632C00DD632450209149087022
:10479000802048700A2094FBF0F0303088700A20A6
:1047A00094FBF0F100FB114030308A49C8700421BD
:1047B0008848FEF746FA3EBD3EB5044686A000682E
:1047C000029086A103C9CDE90001FF2C15D17F20FD
:1047D00080490870F02048709DF8000088709DF8AE
:1047E0000100C8709DF8020008719DF8030048712F
:1047F00006217848FEF725FA18E0632C00DD6324D3
:104800007F2074490870F02048700A2094FBF0F073
:10481000303088700A2094FBF0F100FB11403030FA
:104820006C49C87004216B48FEF70BFA3EBD1FB5FA
:1048300004466CA003C8CDE90201AFF2A86103C928
:10484000CDE900015020634908706020487064B1D0
:104850009DF8080088709DF80900C8709DF80A004E
:1048600008719DF80B0048710CE09DF80000594953
:1048700088709DF80100C8709DF8020008719DF8CD
:104880000300487106215348FEF7DBF91FBD10B540
:1048900088B0044655A1D1E90023D1E90201CDE950
:1048A0000423CDE9060155A3D3E90012D3E902039D
:1048B000CDE90203CDE900125120464908700020DD
:1048C000487044B39DF8000088709DF80100C870DE
:1048D0009DF8020008719DF8030048719DF80400DE
:1048E00088719DF80500C8719DF8060008729DF852
:1048F000070048729DF8080088729DF80900C87288
:104900009DF80A0008739DF80B0048730E2131488A
:10491000FEF797F928E09DF810002E4988709DF861
:104920001100C8709DF8120008719DF813004871BD
:104930009DF8140088719DF81500C8719DF8160047
:1049400008729DF8170048729DF8180088729DF84B
:104950001900C8729DF81A0008739DF81B0048736F
:104960000E211C48FEF76DF908B010BD10B50446C5
:10497000002018490870842048705A20887001204F
:10498000C87000200871084644710621FEF759F9E5
:1049900010BD70B504460D462046E11704EB1161C9
:1049A000090A0C4A1170E11704EB11610912A4EB1A
:1049B00001215170002605E02021B01C054A115448
:1049C000701CC6B2AE42F7DBA91C0248FEF739F9EB
:1049D00070BD000034B20020B6C80000D2ECB3A312
:1049E00000000000D4DACFDF00000000C9E8B1B851
:1049F000C9D0CEB4C6F4D3C30000000020C7EBC9B1
:104A0000A8C2EBB9BACEEF2000000000704770B525
:104A1000064600F009FC056806F10B0020F00704CB
:104A2000B4429CBF002070BD2B466A68BAB11068C2
:104A3000A04210D304F1080188423CBF506858607E
:104A400007D35168101941601168091B0160586053
:104A50001460101D70BD13465268002AE7D121462C
:104A6000284600F0EDFB0028DED170BD70B504468D
:104A7000051F00F0D9FB0068002C14BF446870BD0E
:104A8000002C18BFAC423CBF20466468F8D30168D4
:104A90000A18AA4218BF456003D12A680546114486
:104AA000016028684119A1421CBF6C6070BD61683B
:104AB000696021680844286070BD70B50D460646DF
:104AC000041F00F0B1FBD0F800C0C5B1E6B105F19C
:104AD0000B0020F00703AB423CBF002070BD2068F4
:104AE000984238BFDCF8042013D3C11A08292FD309
:104AF000E01840F8041B2360FFF7B8FF28E03046B9
:104B0000FFF7B4FF002070BD2846BDE87040FFF7F6
:104B10007EBF002A18BFA2423CBF94465268F8D319
:104B20000119914216D111680844984212D3C11A52
:104B300008293CBF2060506808D35168E0184160E4
:104B4000216812681144C91A01602360CCF804007E
:104B5000201D70BD181FFFF75AFF050007D0216800
:104B60000A1F211D00F098FA201DFFF77FFF28463D
:104B700070BD10B5044600F04FFB0068005DC00634
:104B800002D504F1200010BD204610BD0FB41CB5A5
:104B9000084B06AA7B4469460090059800F005FE84
:104BA00004460020694600F013FE20461CBC5DF858
:104BB00014FB0000390C000070B5044685690068DC
:104BC000C10601D5302600E02026C00707D070BD01
:104BD000D4E9012130469047206A401C20626D1EB6
:104BE000F6D570BD70B5044685690078C00707D159
:104BF00070BDD4E9012120209047206A401C20622A
:104C00006D1EF6D570BD70B50C460546012A05D05F
:104C10002878800600D5EA69002302E0012305E038
:104C20005B1C934202D2E05C0028F9D1A869E61827
:104C3000C01AA861286A184428622846FFF7BCFFFA
:104C400004E0D5E9012114F8010B9047B442F8D3F0
:104C50002846FFF7C7FF70BD2DE9F0410646002446
:104C600010687529314616A510D0AFF300800028D2
:104C700002DA404213A507E031688A0701D512A580
:104C800002E0490704D511A5012401E0AFF300803B
:104C900000210A2206F1240709E0B0FBF2FCB0FB78
:104CA000F2F302FB1C00303078541846491C0028EF
:104CB000F3D123462A463046BDE8F04100F00ABB56
:104CC000000000002D0000002B000000200000006C
:104CD00070B504460D4621461068AFF30080218868
:104CE000090502D50F4A7A4402E00E4A7A440E3290
:104CF000002104F1240305E000F00F060009965D91
:104D00005E54491C0028F7D120780023000704D501
:104D1000702D02D009B1022311322046BDE8704047
:104D200000F0D8BACA3500002DE9F05F8946044684
:104D30004FF0000ADFF824B1FB44C0F820A0204661
:104D4000E168884700287DD0252806D0D4E90121D4
:104D50009047206A401C2062F1E700255F4620460C
:104D6000E16888472028064607DB312E05D2B819AE
:104D700010F8200C08B10543F1E7A80701D525F08C
:104D80000405C4F81CA00027C4F818A02A2E09D0D6
:104D9000304602F0C4FA38B304EB8708303EC8F856
:104DA000186019E059F8041B204604EB8702916152
:104DB000E1688847012F064618D1E069002820DA0B
:104DC00025F020051DE0D8F8180000EB800006EB68
:104DD00040003038C8F818002046E1688847064689
:104DE00002F09DFA0028EED1012F0AD02E2E08D114
:104DF0002046E16888477F1C0646022F45F02005C3
:104E0000C4DBA069002803DA404245F00105A06137
:104E1000E80701D025F01005A6B1A6F14100192838
:104E200002D8203645F400654A46314620462560C2
:104E30004D46EBF7DBF960B1012807D0ED1D25F0F9
:104E4000070000E007E000F1080978E705F1040930
:104E500075E730467AE7206ABDE8F09FA03500008C
:104E60000FB400B58DB010A9099000910B904FF0D0
:104E7000FF300A9000200C900648784406900648BF
:104E800078446A4607900F9909A800F015FF0DB005
:104E90005DF814FB5B0E0000730E000070B5064653
:104EA00000F0C6F90468054630460A22002100F0E9
:104EB00083FF2C6070BD30B505460B462A4613F8BB
:104EC000014B12F8010B08B1A042F8D01CB1002828
:104ED00002D06D1CF1E7284630BD40EA01030246CE
:104EE00030B59B0710D14FF0013400E008C208C96B
:104EF0001D1B9D4315EAC41FF8D013F0FF0102F8F3
:104F0000011B0DD01B0AF8E711F8013B002B02F83A
:104F1000013B05D011F8013B002B02F8013BF3D116
:104F200030BD10B5431C02E010F8011B71B18107C0
:104F3000FAD14FF0013202C88C1A8C4314EAC21124
:104F4000F9D0C01A0A0603D0C01E10BDC01A10BD89
:104F50000A0401D0801E10BD0902FCD0401E10BD05
:104F600040EA010370B59B072ED14FF00136042AA9
:104F70002AD308C810C99D1B9D43121F15EAC615E8
:104F800017D0D8B2E1B2401A50EA056110D198B2F8
:104F9000A1B2401A50EA05410AD123F07F4024F023
:104FA0007F41401A50EA052102D1180EA0EB14608F
:104FB00070BDA342DBD018BA21BA884201D90120C2
:104FC00070BD4FF0FF3070BD0AB9002070BD10F801
:104FD000013B11F8014B63B1A3420AD1521E08D024
:104FE00010F8013B11F8014B1BB1A34201D1521E35
:104FF000EDD1181B70BD421E12F8013F002BFBD1F2
:1050000011F8013B002B02F8013BF9D17047032A4C
:1050100040F2308010F0030C00F0158011F8013BD5
:10502000BCF1020F624498BF11F801CB00F8013BBC
:1050300038BF11F8013BA2F1040298BF00F801CB80
:1050400038BF00F8013B11F0030300F02580083A57
:10505000C0F0088051F8043B083A51F804CBA0E8AE
:105060000810F5E7121D5CBF51F8043B40F8043B03
:10507000AFF30080D20724BF11F8013B11F801CB38
:1050800048BF11F8012B24BF00F8013B00F801CB09
:1050900048BF00F8012B704710B5203AC0F00B80D4
:1050A000B1E81850203AA0E81850B1E81850A0E82C
:1050B0001850BFF4F5AF5FEA027C24BFB1E8185086
:1050C000A0E8185044BF18C918C0BDE810405FEAF6
:1050D000827C24BF51F8043B40F8043B08BF704772
:1050E000D20728BF31F8023B48BF11F8012B28BF77
:1050F00020F8023B48BF00F8012B70474FF0000238
:105100000429C0F0128010F0030C00F01B80CCF1D9
:10511000040CBCF1020F18BF00F8012BA8BF20F847
:10512000022BA1EB0C0100F00DB85FEAC17C24BF9B
:1051300000F8012B00F8012B48BF00F8012B704745
:105140004FF0000200B5134694469646203922BF20
:10515000A0E80C50A0E80C50B1F12001BFF4F7AF6B
:10516000090728BFA0E80C5048BF0CC05DF804EB4D
:10517000890028BF40F8042B08BF704748BF20F8BB
:10518000022B11F0804F18BF00F8012B7047000070
:105190004FF0013C50F8042B51F8043B9A4221D1C6
:1051A000A2EB0C03934313EACC1317D150F8042B52
:1051B00051F8043B9A4215D1A2EB0C03934313EA36
:1051C000CC130BD150F8042B51F8043B9A4209D16F
:1051D000A2EB0C03934313EACC13DBD04FF0000097
:1051E000704700BFD01A01BAB1FA81F101F018017D
:1051F00022FA01F0CB40C1F12001DBB2C0B2C01AEB
:105200002CFA01F3D11A914311EAC311E6D1704788
:10521000704770477047704710B500F009FE001DD9
:1052200010BD00BFF1210000004870473CB30020D2
:105230000048704734B3002070477047704770478C
:1052400038B504460A4600206946AFF300800028BE
:1052500008BF38BD02460099204600F0EDFD012050
:1052600038BD012001F008B9F8B5AFF3008005465C
:1052700000200C46102000BF0646A819A0420DD9F8
:10528000324669460020AFF30080070008BF01F0F6
:10529000F3F80098A04218BF0546C419FFF7C4FFF1
:1052A00005600746F01D20F007004619284600F06B
:1052B0000AF8B44208BFF8BDA21B31463868BDE801
:1052C000F84000F0B9BD00210160C0E9011070474D
:1052D000102070472DE9F0470D4699469246044646
:1052E00000F124080168880604D5E06921F0100166
:1052F000216000E00120A84201DD471B00E00027FB
:10530000A1697A1902EB0900081AA0612078C00689
:1053100002D42046FFF750FC002608E0D4E9012122
:105320001AF806009047206A401C761C20624E4501
:10533000F4DB2078C0060AD52046FFF73DFC06E0E6
:10534000D4E9012130209047206A401C2062381E99
:10535000A7F10107F4DC07E0D4E9012118F8050002
:105360009047206A401C2062281EA5F10105F3DC4D
:105370002046FFF737FC2078000602D50220BDE862
:10538000F0870120FBE770472DE9FF4F0C461E46D2
:105390004FF0FF378BB0D2E90001DDF860800A9052
:1053A0008A46C1F30A5505B93D46002108464FF02B
:1053B0000000BAF1000F00F4400005DA00EB8000B5
:1053C0004FF4400101EA50004FEA9059B9F1010F42
:1053D00000DDB9460A9850EA4A000ED044F6105053
:1053E000A5F2FF3545432F14B8F1000F1ED07542CA
:1053F000291E1EDDC9F100021CE0B8F1010F4FF0BB
:10540000000001D0302103E0F24305E02154401CAC
:10541000B042FBDB30460022002121540B99C1F839
:105420000880C1E900200FB0BDE8F08FBD1B6D1CE6
:10543000DEE74A4600DA694206A800F0AFFF06AB95
:1054400093E8070003AB83E8070050460A9901F090
:10545000DFFA8DE80700A0F500501F380090039890
:10546000002D09DD42F21F014A46084403A90390BA
:10547000684601F068FD08E0A0F500504A461F3874
:1054800003A90390684601F086FD8DE8070000043B
:10549000000C03D04FF0FF30410800E01046B8F197
:1054A000000F03D00022009215461EE0751E05D4A1
:1054B00000F0DCFC303262556D1EF9D5B346012296
:1054C000084302D000227F1C04E02078302801D15C
:1054D00000227F1E002A099786D01DE0112D07DAD1
:1054E00000F0C4FC303262556D1C50EA0102F5D167
:1054F000084302D00098C8B10EE00021681E05E004
:10550000235C625C63542254401E491C8142F7DBD9
:10551000AB46A81B401E0990002004F80B000B9816
:10552000099AC0F80880C0E9002B7CE711264FF0EB
:10553000000859E72DE9F04F88460446D21D22F0B5
:10554000070191B0D1E90001CDE90A0101F06DFE3A
:1055500002460B98C00F01D02D2007E0206881077C
:1055600001D52B2002E0202101EAC000032A099086
:1055700001D0072A05DB03464146204600F0C4FC63
:105580000BE12078800601D5E06900E00620B8F143
:10559000650F814606D0B8F1660F18D0B8F1670FD5
:1055A00070D131E00020B9F1110F009001DB11231F
:1055B00001E009F101030AAA01A90CA8FFF7E4FE22
:1055C000DDE90C70002609F10105834647E0012062
:1055D0004B4600904FF000470AAA01A90CA8FFF71C
:1055E000D3FEDDE90DB00C995D46002610B909F136
:1055F00001000D18B9EB050003D4C0F1FF3609F125
:105600000105A5EB09002BE0B9F1010F01DA4FF01C
:1056100001090020B9F1110F0090484601DD112366
:1056200000E003460AAA01A90CA8FFF7ADFEDDE9D8
:105630000C704D4600268346207800070AD4AB45FF
:1056400000DA5D4601A8012D04DD411911F8011CA5
:10565000302907D04F4502DA17F1040F04DA012090
:1056600082460FE06D1EEEE7002F02DCED1B3E448C
:1056700003E0781CA84200DD7D1CB81B00F1010A84
:105680004FF000472078000703D4AA4501DB4FF014
:10569000FF3A0021B7F1004F0DF143088DF8431098
:1056A00024D002202B23002F01DA7F422D230A2150
:1056B000021EA0F1010000DC5FB197FBF1FC97FB3B
:1056C000F1F201FB1C7C17460CF1300C08F801CDFF
:1056D000EEE7A8F1010003702188090501D54521F5
:1056E00000E06521A0F1010800F8011C09980FA94C
:1056F000A1EB0807FF1D00B10120411901EBEA7081
:10570000A1693844081A401EA0612078C00602D45E
:105710002046FFF751FA099828B1D4E901219047B2
:10572000206A401C20622078C00622D52046FFF760
:1057300043FA1EE0002E04DBB34502DD01A8805DC4
:1057400000E03020D4E901219047206A401C20620B
:10575000761CAAF101005FEA000A0AD100F068FB9A
:10576000C0680168405CD4E901219047206A401C70
:105770002062281EA5F10105DCDC07E0D4E9012147
:1057800018F8010B9047206A401C2062381EA7F1D0
:105790000107F3DC2046FFF725FA032011B043E6AA
:1057A00001694A1C02610878704700B58FB0CDE9E5
:1057B00001310021059105497944CDE903101146D5
:1057C0006846FFF7B1FA0FB000BD0000E5FFFFFF2C
:1057D0000A6802F8010B0A60704710B5436913B1FB
:1057E000AFF3008001E0FFF70EFA012010BD127840
:1057F00000F124010A7000224A700122EDE71168CD
:105800004FF0FF32E9E700002DE9FF4F064689B06F
:105810000878FF2806D0491C2D2805D000244FF019
:10582000000908E000200CE00124F8E709EB8903F7
:10583000491C00EB43090878FF28F7D114B1C9F1DE
:1058400000008146107800252C46AA4629462D28BE
:1058500001D02B2804D1521C2D2813D000208246C1
:105860008B461078FF280FD04FF0000C0A21521CF5
:10587000A5FB017804FB018105FB0C11C5194BEB5D
:105880000104EEE70120EAE7002108464FF000009E
:10589000BAF1000F02D000EB80004008C0F381583D
:1058A000B8F1010F01DD4FF0FF380C9809EB00074C
:1058B00055EA040009D04FF0020917F5FA7F0BDA18
:1058C0004FEACA70C6E900B012E04FEACA70C6E9F2
:1058D00000B00DB0BDE8F08FB7F5FA7F0DDDF048F0
:1058E0007844D0E90010C6E9001040EACA70706040
:1058F000FFF79EFCC0F80090EBE7391E02DAC8F112
:10590000000200E0424600DA794206A800F046FDB7
:1059100006AB93E8070003AB83E8070044F23E00C0
:105920005BEA04010090584604D144F21E012C4663
:105930005D460091210C0904014306D1009924041D
:1059400044EA15442D041039009104F07F410143CD
:1059500006D10099240244EA15642D020839009109
:1059600004F07041014306D10099240144EA157402
:105970002D01091F009104F04041014306D1009917
:10598000A40044EA9574AD00891E009104F0004122
:10599000084304D100986D196441401E00904246AE
:1059A0006846002FCDE9014503A902DD01F007FBA0
:1059B00001E001F0DCFABAF1000F04460D4601D017
:1059C00084F0004440F2FF7724F00040284303D0E5
:1059D000C4F30A50B84212D1FFF72AFCC0F8009075
:1059E000C4F30A50B8420AD1AE487844D0E9001056
:1059F000C6E9001004F000410843706069E7C6E999
:105A0000005466E72DE9FF4F1F464FF0000A4FF0A4
:105A1000FF38454691B0D7E90146CDF83CA000F0EB
:105A200007FAC0680168405C1090B96912986D1C53
:105A30008847396A814688470028F6D1B9F1FF3F87
:105A40000AD0002E24F4D06411DDB9F12B0F08D058
:105A5000B9F12D0F0BD102E0404615B03AE744F4FE
:105A60008064B96912986D1C8847761E814660056E
:105A700004A901D52D2000E02B20002E01F1010BFF
:105A80000DF130088DF810003FDDB9F1690F08D035
:105A9000B9F1490F05D0B9F16E0F02D0B9F14E0F2F
:105AA0001CD13B4601A8009580E85002DDE91212A6
:105AB0006FF0020002F075FBC11CCED10EE0B96997
:105AC00012986D1C884781461398761E44F4007422
:105AD00005600F98401C002E0F9016DDB9F1300FB5
:105AE000EDD0B9F1780F02D0B9F1580F0DD10F9860
:105AF00001280AD13B46CDE90054DDE91212001F0E
:105B0000029602F04CFBC11CA7D1109989453ED1E9
:105B100044F0800406E01399681CAAF1010A44F4D9
:105B200000740860B9696D1C1298761E8847302889
:105B30008146F0D02BE01099894505D1200603D489
:105B4000761E44F0800418E0484601F0E8FB08B3F4
:105B5000761E0DF123018B4544F4007408D2A9F19F
:105B600030000BF8010B200607D5AAF1010003E075
:105B7000200602D40AF101008246A00502D513993D
:105B8000681C0860B96912986D1C88478146002E10
:105B9000D1DC53E0002E51DDB9F1650F02D0B9F12F
:105BA000450F4BD1A00549D5B9696D1C1298761ED9
:105BB00024F440748847002E81460CDD2B2804D045
:105BC000B9F12D0F07D144F48074B96912986D1C96
:105BD0008847761E8146E00501D52D2100E02B2166
:105BE00008F8011BCDF8008021E0761E0DF1390187
:105BF000884544F400740CD2A9F1300010F0FF0085
:105C000088F8000002D10099884509D908F10108F7
:105C100006E0E00501D5244801E042F20F7082461B
:105C2000B96912986D1C8847814613980560002E4B
:105C300004DD484601F073FB0028D6D1F9691298BB
:105C40008847FF2053468BF8000088F800000020AA
:105C50000A900B9004AA0CA90AA8FFF7D5FDA0058D
:105C600002D46FF00100F8E614F0240F0AD0E00728
:105C700014D13868DDE90A12031D3B600068C0E9F1
:105C800000120BE00AA9684601F0F2FAE00705D11C
:105C90003868009A011D3960006802602846DCE619
:105CA000182C00000E2B0000F1D8FFFF02681144F1
:105CB0001378016018467047D160054979445161F5
:105CC00004497944116200211161114600F05CB968
:105CD000EDFFFFFF31020000426842B1016811F898
:105CE000013B23B1521EC0E9001218467047012142
:105CF000C160881E704742685AB1C368016843B9E1
:105D000083688B4205D0491E521CC0E90012002056
:105D100070474FF0FF3070470FB4002300B589B0D3
:105D20000CA900910B99CB60204B7B440693204B30
:105D30007B44079304236FF00042CDE901321D4AF2
:105D40007A446B4608920246002002F026FA09B017
:105D50005DF814FB70B506464FF0FF3015460C4653
:105D6000324686B00091CDE90101694600200490D9
:105D700004A8FFF7D1FF03460498211825B108B104
:105D80000A4600E022462A6000280DD0002B02DDE2
:105D90000098884208D03246081B69460094CDE935
:105DA000010404A8FFF7B8FF06B070BDABFFFFFF0A
:105DB000C3FFFFFFB30100002DE9F04791460F46F6
:105DC00080460446002614F8015B2DB1FFF724FA43
:105DD0000068405DC007F6D12B2D02D02D2D18D0C4
:105DE000641E4A463946204600F088FA27B13968D1
:105DF000A14201D1C7F800804FF0020471050BD514
:105E00004042002803DDFFF713FA0460A007BDE855
:105E1000F08746F48066E4E70028F8DAFFF708FA2E
:105E200004606FF00040F2E70048704734B3002090
:105E30000048704754B30020034640688C46002851
:105E400018BF88423CBF03464068F8D3186818441E
:105E5000884207D00CF1030020F00700001D411A12
:105E6000521A0146081D0A60FEF700BE30B5B0F1B7
:105E70000A024FEA900E71F100034EEA817EB0EB08
:105E80000E0061EB91014FEA101E4EEA017E10EB0D
:105E90000E0041EB11114FEA102E4EEA016E10EB8D
:105EA0000E0041EB11214FEA104E4EEA014E10EB6D
:105EB0000E0041EB1141401841F100014FEAD000C2
:105EC00040EA41704FEAD10110EB80054FEA8104AE
:105ED00044EA907444EB01046D1944EB0404521B32
:105EE000A3414FF0000348BF0A3200D530BD401C2B
:105EF00041F1000130BD10B50446FFF78DF900688F
:105F0000005D00F0010010BD2DE9F0411F46044680
:105F100003260168072A01F4006004DB08B116A516
:105F200005E016A503E008B115A500E015A521F0D0
:105F300010002060A069C01EA0610FB1401EA061CA
:105F40002046FEF739FE4FB1D4E90121384690478B
:105F5000206A401C2062C01C206206E0206AFAE72A
:105F6000D4E9012115F8010B9047761EF8D220469E
:105F7000FEF738FEBDE8F0814E414E006E616E00C6
:105F8000494E4600696E66002DE9F34F4FF0000A56
:105F90000C4656468DB001200C9001F10C000B9080
:105FA00062690B980121904705002DD0252D2CD03A
:105FB000216A8847C0B162690B9801219047216A24
:105FC00088470028F7D16269411E0B98904700E08E
:105FD000761CA1690D988847216A88470028F7D167
:105FE000E1690D988847DBE7A1690D988847A842C9
:105FF000074601D1761CD3E7E1690D9888477F1CDD
:1060000002D1BAF1000F6FD06BE162690B980027E3
:106010003D46394690472A2804D162690B980121F0
:1060200090470125DFF8D08262690B9801219047E3
:10603000A0F130010A290AD24745E5DC07EB8701C8
:1060400000EB4107303FDFD445F01005ECE7E906EF
:1060500001D46FF000476C280AD04C2814D068286F
:1060600015D06A280DD074281CD07A281AD01DE0CB
:1060700062690B98012190476C2802D045F0040515
:1060800014E045F002050DE045F020050AE06269E4
:106090000B9801219047682802D045F0080505E0DB
:1060A00045F4006562690B9801219047C4E90157E6
:1060B00065283DD019DC58287AD00CDC452837D02B
:1060C00004DC252826D041289ED131E046282FD057
:1060D000472899D12CE05B2877D0612828D0632805
:1060E0007CD0642823D15AE0F6E06F2848D008DC41
:1060F00066281DD067281BD0692821D06E2816D1AC
:1061000027E0702845D0732868D0752847D07828B4
:106110000DD14DE0A1690D988847252805463FF42B
:1061200069AFE1690D9888476D1C3FF46AAFD8E00C
:106130000D9923466A466FF0010002F02EF8C5E083
:1061400045F0400023464FF000026060A80736D4B7
:106150003EE0E8077FF447AF2068011D216000683A
:10616000290501D506701BE7290701D5068017E729
:10617000A90703D5F117C0E9006111E706600FE731
:1061800045F0400023464FF008026060A80716D48F
:106190001EE040F60E0125EA0100606016E045F0C1
:1061A000400023464FF00A026060A80707D40FE0C2
:1061B00045F040006060A80708D5234610220D99DD
:1061C0006FF00100AFF3008080E007E0102223466B
:1061D0000D996FF00100AFF3008077E04FF00009F8
:1061E00063284F46C8464B46CB4602D05B2806D0B4
:1061F00038E0E80601D40120A060012732E062699E
:10620000D4F80CB00B98012190475E2807D14FF0CD
:10621000010949466269D4F80CB00B98904721698E
:1062200039B900210A4603AB43F82120491C08294B
:10623000FADBD8B3216949B308F1010862690B9808
:10624000012190475D28F4D1B9F1000F09D0002059
:1062500003A951F82020D24341F82020401C0828EF
:10626000F7DB03AB2069002820794FEA40701ED08D
:106270005B462246CDF80080CDE901970D990028B4
:106280006FF0010020DAAFF300801FE0C11703AA0E
:1062900000EBD1614B1121F01F0102EB8302411A87
:1062A00013680120884003431360C7E719E00D9984
:1062B000224600286FF00100009702DAAFF3008059
:1062C00004E0AFF3008001E0AFF3008000280ADAB9
:1062D000401C06D10C9820B14FF0FF300FB0BDE844
:1062E000F08F5046FAE7E90701D10AF1010A0644A6
:1062F00000200C9054E60000CCCCCC0C2DE9F05FD3
:10630000824615468B4600270AF10104B9460078FB
:10631000302801D09DB113E014F8010B0127782833
:1063200003D0582801D045B10AE00DB1102D07D196
:10633000002714F8010B102502E0082500E00A25CB
:106340000026B0460EE005FB080005FB06F101271C
:106350001FFA80F801EB1046B6F5803F00D3B9462E
:1063600014F8010B294600F0BEF80028EBDABBF167
:10637000000F05D00FB1641E00E05446CBF800407A
:10638000B9F1000F06D0FEF753FF02210160C81ECD
:10639000BDE8F09F48EA0640FAE700002DE9F04723
:1063A000814616468AB0334878440DC88DE80D0002
:1063B00030487844801C03AC0DC884E80D0041F6D9
:1063C0009B300844372190FBF1F290FBF1F5A5F1E9
:1063D000800501FB12041B3C02D56442012000E051
:1063E0000020DFF890A080460027FA44AAF1BE0AF8
:1063F0000DE0E00709D03246684607EB47010AEB9B
:10640000810100F0C8FD8DE8070064107F1C002C9E
:10641000EFD1184F7F44AC3F18E0E80714D007EBEA
:1064200004100DF1180A90E80E008AE80E00C0680A
:10643000F04201D198190890324606A903A800F04D
:10644000AAFD03AB83E807006D10641C002DE4D1A6
:1064500032466946B8F1000F03A802D000F073FD80
:1064600001E000F098FDC9E90001C9F808200AB070
:10647000BDE8F087C01F000010B500F075FABDE858
:10648000104000F06BBA7546FFF7CEFCAE46050033
:106490006946534620F00700854618B020B5E9F755
:1064A000F7FFBDE820404FF000064FF000074FF027
:1064B00000084FF0000B21F00701AC46ACE8C00922
:1064C000ACE8C009ACE8C009ACE8C0098D4670472B
:1064D00010B5FEF7ADFE006810BD10B50446FEF71E
:1064E000A7FE046010BD3A2800D2303820F0200208
:1064F000412A01D3A2F13700884201D34FF0FF3087
:10650000704700002DE9FF4F1F464FF03C0987B050
:106510004FF00042DDE9141001F10108DDF858A048
:1065200002EA40500390002004908346054604464A
:106530000590B969461E08988847AAF1010A029099
:10654000BAF1000F37DD02982E2815D01021FFF781
:10655000CAFF00282ADB4FF0010B0499014316D033
:10656000B9F1000F0BDB4A46C11700F025FA0543CD
:106570000C43A9F1040905E00120059007E008B1EA
:1065800045F0010501200490059800B9361DB96950
:10659000089808F101088847BBF1000FAAF1010A29
:1065A0000290CDD00999C1F80080C9E702987028FF
:1065B00008D0502806D0F96908988847BBF1000F29
:1065C00014D04FE0002002900120BBF1000F049096
:1065D00009D0B969089808F101088847AAF10109AA
:1065E000B9F1000F07DCF969089888476FF00100DE
:1065F0000BB0BDE8F08F2B2804D02D280CD14FF024
:10660000FF300490B969089808F101088847A9F19A
:106610000109B9F1000FE6DD411CE4D00A21FFF7C2
:1066200062FF0028DFDB029908F1010801EB81011C
:1066300000EB41000290B969089888470A21FFF7EA
:1066400052FF099AA9F10109B9F1000FC2F80080BF
:1066500001DD0028E7DAF96908988847049902986B
:1066600000FB016655EA040004D004F04041090033
:1066700002D006E0039898E0A40044EA9574AD00C7
:10668000B61E04F00041080002D16D196441761E67
:10669000159810F0240F03D04FF00B095C4803E06D
:1066A0004FF028096FF07D008246564507DAAAEBC5
:1066B00006018944B9F1410F01DD4FF04109012084
:1066C0000021A9F1010200F077F9024628400B46AB
:1066D0002140084301D0012100E00021501E029119
:1066E00043F1FF3128402140084301D0012000E060
:1066F00000200299834651EA0B014FD00021084641
:106700004FF00000039900F4400039B100EB800025
:106710004FF4400100EBD07001EA600080150128C1
:1067200002DD4FF0FF3000E013D0401C36D002985D
:1067300060B3BBF1000F0CD14A460120002100F0EC
:106740003BF928402140084301D0012000E000200F
:10675000E0B101204A46002100F02EF9034640191D
:106760000A4661412D1A8C4111D3B9F1400F09DD60
:10677000159810F0240F02D0AAF1340603E0AAF114
:10678000170600E0761C00254FF0004406E05B1E73
:1067900042F1FF3220EA030521EA0204CAF10100B6
:1067A000B04206DA1B49039808430190002000908C
:1067B0000EE0039AC4F3D321E80A0A43164940EADB
:1067C00044500A433146CDE90002684600F09CFD82
:1067D000159810F0240F0BD01598C00715D1386804
:1067E000DDE90012031D3B600068C0E900120CE007
:1067F00002A8694600F03CFD1598C00705D138682D
:10680000029A011D3960006802604046F0E600000F
:1068100002FCFFFF0000F07F0000F03F2DE9FF4F7A
:1068200092461D4685B04FF00041DDE9124BDDE98F
:1068300014727F1E01EA4B50414940F0FF4940EA83
:106840000108002122F020004928049102D04E289E
:1068500028D04CE03BA0012607C88DE80700A969B5
:106860000698641C88477F1E014606D41DF8060062
:1068700018B121F0200181420BD0E96906988847C0
:10688000032E34D0082E32D06FF0010009B0BDE8DD
:10689000F08F761C032E01D0082EE0D1601CCAF8C0
:1068A0000000DCE7A9690698641C88477F1E2AD48B
:1068B00020F02000412826D1A9690698641C884749
:1068C0007F1E20D420F020004E281CD1A9690698F4
:1068D000641C88477F1E48F4002849F48009CAF8E0
:1068E000004001D4282806D0E969069888475FEA65
:1068F000CB7012D022E0A9690698641C88477F1EDD
:1069000001D4002803DAE96906988847BCE72928FA
:10691000F1D1641CCAF80040E9E71BF0240F07D04E
:1069200028680499031D2B600068C0E9001805E081
:106930002868021D2A600068C0F800902046A5E77C
:106940000000F07F494E46494E495459000000006E
:106950000446AFF300802046E9F778FC002801D018
:10696000ECF720BF7047000010B5012805D00021CA
:1069700003A000F034F8012010BD09A1F8E70000E1
:1069800053494752544D454D3A204F7574206F6618
:106990002068656170206D656D6F72790000000080
:1069A0003A2048656170206D656D6F727920636F64
:1069B0007272757074656400B2F120030AD5C2F179
:1069C000200301FA02F120FA03F300FA02F041EA8F
:1069D0000301704700FA03F14FF00000704770B5F3
:1069E00005460C460A2000E06D1CECF7DEFE35B1D2
:1069F00028780028F8D102E0641CECF7D6FE14B128
:106A000020780028F8D1BDE870400A20ECF7CDBE10
:106A10005FEA400C08BF91F0000F4FEA8C234FEA69
:106A2000C12243EA51514FEA1C5018BF00F5F04013
:106A30004FEA300018BF41F000415FEA6C5C00F0A3
:106A40002980BCF1FF3F08BF40F080407047130C25
:106A500006BF12044FF0100C4FF0000C130E04BFD1
:106A600012020CF1080C130F04BF12010CF1040CFC
:106A7000930F04BF92000CF1020CD30F04BF52001D
:106A80000CF1010C11464FF00002A0F11F00A0EB29
:106A90000C00704711F0004F08BF704731F0004103
:106AA0003FF4D5AF0B0C06BF09044FF0100C4FF0AC
:106AB000000C0B0E04BF09020CF1080C0B0F04BFF5
:106AC00009010CF1040C8B0F04BF89000CF1020CBE
:106AD000CB0F04BF49000CF1010CCCF12003A0EB5B
:106AE0000C0022FA03F302FA0CF241EA030100F16E
:106AF0000100704720F07F4C80EA030023F07F47BD
:106B0000ACEB070303F57C5300F0004003F1FF03F7
:106B10002DE980494FEA154B09B44FEA144325EAA1
:106B20000B4E24EA03480FF2042606EB132749080C
:106B30003E785FEA320203FB0667C7F5000707FBF2
:106B400006F64FEA54374FEAD64606F1020607FB2F
:106B5000066CCCF1005C4FEA1C472CEA074C07FBA3
:106B600006F40CFB06F504EB15464FEA961634BF07
:106B700000204FF000404FEAD13706FB07FC4FEAF8
:106B80001C4C0CFB0BF7D21B03FB0CF761EB070152
:106B90000CFB0EF7B0EB074072EB17420CFB08F74B
:106BA00034BFA2EB0742B2EB074261EB17414FEA59
:106BB0000C444FEA910706FB07FC4FEA1C4C0CFB08
:106BC0000BF7B0EBC74072EB573203FB0CF734BF47
:106BD000A2EBC742B2EBC74261EB57310CFB0EF799
:106BE000B0EBC70072EB57720CFB08F734BFA2EB97
:106BF000C702B2EBC70261EB5771039F4FEA816195
:106C000041EA921104EBCC044FEAD1374FEA826299
:106C100006FB07FC42EA90124FEA80604FEA1C4CE8
:106C20000CFB0BF7D21B03FB0CF761EB07010CFB12
:106C30000EF7B0EB074072EB17420CFB08F734BFBE
:106C4000A2EB0742B2EB074261EB17414FEA8C55CA
:106C50004FEA910704EB9C2406FB07FC4FEA1C4C0F
:106C60000CFB0BF7B0EBC74072EB573203FB0CF792
:106C700034BFA2EBC742B2EBC74261EB57310CFB0A
:106C80000EF7B0EBC70072EB57720CFB08F734BF7E
:106C9000A2EBC702B2EBC70261EB577115EB4C25B3
:106CA0004FEA816141EA92114FEA82624FEAD1379D
:106CB00042EA901206FB07FC44F100044FEA8060B0
:106CC0004FEA1C4C0CFB0BF7D21B03FB0CF761EBE0
:106CD00007010CFB0EF7B0EB074072EB17420CFB01
:106CE00008F734BFA2EB0742B2EB074261EB174152
:106CF00015EB1C154FEA813141EA92414FEA82328D
:106D000042EA90424FEA80304FEA0C7644F10004A8
:106D100048EA03434EEA0B484FF0000EB2EB080C72
:106D200071EB030724BF624639464EEB0E0E4FF05F
:106D3000000B0018524149414BEB0B0BB2EB080C16
:106D400071EB03077BF1000B24BF624639464EEB23
:106D50000E0E4FF0000B0018524149414BEB0B0B4C
:106D6000B2EB080C71EB03077BF1000B24BF62460A
:106D700039464EEB0E0E51EA020718BF46F00106E7
:106D800016EB0E7655F1000254F1000103D5BDE873
:106D90008901BDE80088BDE88901BDE80048B61951
:106DA000524141EB0101A3F10103704780807F7ED6
:106DB0007D7C7B7A79787776767574737271717071
:106DC0006F6E6E6D6C6C6B6A6A6968686766666523
:106DD0006464636362616160605F5F5E5E5D5D5CB1
:106DE0005C5B5B5A5A595958585757565655555522
:106DF0005454535352525251515050504F4F4F4E82
:106E00004E4D4D4D4C4C4C4B4B4B4A4A4A494949CF
:106E10004848484747474746464645454544444411
:106E200044434343434242424241414146EA0646CB
:106E3000A3F570534FEA164646EA42564FEAD2226D
:106E400042EA415210B54FEAD121A3F1010300F00B
:106E500017F820F0004000F1010C00F0004701EBB2
:106E600000501146BCF5006F40EA070000D210BD8B
:106E700002484FF0000140EA070010BD0000F07F1B
:106E8000002B26D4770021D01CB54FEA370703B476
:106E90004FF010004FF010014FF000000FBCBDE8A4
:106EA00010400BF1010BBBF1010F08BF5FEA1707A0
:106EB00022BF12F1010211F101014FF0004143F133
:106EC000000300F0004043EA00007047F9D3570880
:106ED000DAE746EA064613F1400F4FEA16461FDD91
:106EE00013F1200FDFBF16430A46002120335B4217
:106EF000C8D0C3F1200746EA064602FA07F74FEA70
:106F0000164646EA0706C3F1200722FA03F201FA01
:106F100007F721FA03F14FF0000342EA0702B1E755
:106F200046EA020646EA06464FEA164646EA0106E1
:106F3000BCBF46EA0646360C4FF000034FF0000295
:106F40004FF000019EE72DE9C048934630B491E828
:106F5000380007C831EA400C48BF34EA430C03D577
:106F6000FFF7C8FDFFF78CFFF0BCBDE800882DE9F6
:106F7000C048934630B491E8380007C831EA400C65
:106F800048BF34EA430C03D5FFF7B4FDFFF74EFFCB
:106F9000F0BCBDE800882DE9C048934630B491E8C4
:106FA000380007C810F0804F08BF13F0804F03D19E
:106FB00000F019F8FFF764FFF0BCBDE800882DE988
:106FC000C048934630B491E8380007C810F0804FAD
:106FD00008BF13F0804F03D100F005F8FFF726FF3C
:106FE000F0BCBDE8008820F07F4780EA030023F072
:106FF0007F4C07EB0C03A3F57C5300F00040A3F19A
:10700000FE0392F0000F00F0B38095F0000F00F047
:1070100077802DE901494FEA11404FEA144621EAF1
:10702000004800FB06FC24EA064708FB06F607FBBF
:1070300008F800FB07F718EB06484CEB164C4FEA34
:10704000124B18EB07484FEA15464CEB174022EA63
:107050000B4E0BFB06FC25EA06470EFB06F607FB6C
:107060000EFE0BFB07F71EEB064E4CEB164C4FF0DB
:1070700000061EEB074E4CEB174B18EB0B0840F1CC
:10708000000018EB0E0B58EB000840F100008F1ABF
:107090004FF000013CBFC943661B14BFB5EB040CA5
:1070A00000213CBFC943F61B4FEA17444EEA8E0E3F
:1070B00027EA04454FEA1C4704FB07622CEA074C09
:1070C00005FB07F70CFB05F604FB0CFC16EB07466B
:1070D00042EB174216EB0C4642EB1C421BEB06063A
:1070E00058EB0202414146EA9E0601D5BDE80189FE
:1070F000B619524141EB0101A3F10103BDE8018939
:107100004FEA14454FEA114724EA054621EA074CA5
:1071100005FB07F406FB07F70CFB06F105FB0CFC6F
:1071200011EB074144EB17444FEA124711EB0C41B6
:1071300044EB1C4422EA074C05FB07F206FB07F769
:107140000CFB06F605FB0CFC16EB074642EB174260
:1071500016EB0C4642EB1C456A1854F1000148BF7F
:107160007047B619524141EB0101A3F10103704789
:1071700095F0000F37D04FEA11424FEA144721EA49
:10718000024624EA074C02FB07F106FB07F70CFB5B
:1071900006F402FB0CFC14EB074441EB17414FEAE9
:1071A000154714EB0C4441EB1C4125EA074C02FB4C
:1071B00007F506FB07F70CFB06F602FB0CFC16EBCB
:1071C000074645EB174516EB0C4645EB1C421219DA
:1071D00051F1000148BF7047B619524141EB01011E
:1071E000A3F1010370474FEA14454FEA114724EA1F
:1071F000054621EA074C05FB07F106FB07F70CFBE8
:1072000006F24FF0000605FB0CFC12EB074241EBC7
:10721000174112EB0C4251EB1C4148BF70479218CA
:1072200041EB0101A3F101037047490050EAC1207D
:1072300018BF04204A0D18BF40F0010040F2FF7251
:10724000B2EB515F08BF40F00200012808BF0520E3
:10725000704740F2013200204FF0E04100F06FBF74
:10726000024A0020110700F06ABF000001FDFFFF85
:1072700010B50446D1E9000100F002F8206010BD0D
:10728000F8B504460D466A4600F050F800987E3086
:10729000009000281FDC002213462046294600F0FB
:1072A00083FA18D0002140F608004FF0000006468F
:1072B0002046294600F0DAF8044640F6080006EABF
:1072C00000014FF0000034F0004004BF0220FFF73F
:1072D00004F92046F8BD0098FF280DDB0220FFF7D7
:1072E000FCF8002213462046294600F05BFC8CBFC8
:1072F00004484FF0FF40F8BD20462946BDE8F8405D
:1073000000F0B4B8000080FF10B504460A46D4E986
:107310000003194600F036F8C4E9000110BD30380A
:107320000A2801D2012070470020704710B514468A
:1073300000222260114A21F000439342A8BF10BDF1
:1073400053EA000208BF10BDB3F5801FA8BF226832
:1073500007DA362200F0F3FE6FF0350221F0004329
:107360002260DFF81CC06FF31E510CEB23531A444C
:1073700041F0FF5141F00051226010BD0000F07F4C
:1073800002FCFFFF2DE9F04106460C4640F2FF7576
:10739000174635EA14502BD000221346304600F031
:1073A00003FA25D03A463046214600F0C8FE06468C
:1073B0000C4635EA145010D000221346304600F037
:1073C000F3F915D10220FFF788F8FFF749FF0A46C5
:1073D000214662F31E01BDE8F0810220FFF77DF82F
:1073E000FFF737FF0A46214662F31E01BDE8F08130
:1073F00030462146BDE8F08100B583B00A46002141
:10740000CDE9001101466846FEF7A4FCDDE9000164
:1074100003B000BD10B500290AD00878002807D0B5
:1074200005487844FDF7B4FE002801D0002010BDC7
:107430000248784410BD0000E2100000DA1000009D
:1074400010B500290AD00878002807D005487844EC
:10745000FDF79EFE002801D0002010BD02487844B0
:1074600010BD0000C6110000BE11000021F0004256
:10747000A2F16052B2F5801F01F0004328BFD2F1A3
:107480007F6C0BD95FEA001C43EAC20242EB5070EA
:1074900018BF704728BF20F001007047B2F5801F69
:1074A000BCBF184670474FEA410C1CF5001F02D2C2
:1074B000084600F0DABD70B500F020FB000000893E
:1074C000FFF7F6BF4FF00040A0F5800070470000C6
:1074D00002494FF0000000F000BE00BF0000F87F3E
:1074E000491058BFC1F140415B1058BFC3F1404340
:1074F0008B42EFF3008070472DE9C04130B4DFF8D4
:10750000A0C23CEA111418BF3CEA131400F0EC804E
:1075100081EA03051CEA111444EAD57418BF1CEA79
:10752000131500F0C780A4EB05044FF0004545EAB1
:10753000C12145EAC32341EA505143EA525304F1C1
:107540007F74994204F500344FEAC0204FEAC2220A
:1075500008BF904200F09C804FEA13650FF240167E
:10756000765D4FEA134506FB05F7C7F1807706FB0A
:1075700007F74FEAD737A7FB03687642C8F580388C
:10758000A7FB06CE38BFA8F1010807FB08E64FF0BD
:10759000000EA6FB028CE6FB03CEDCF1000CCEF164
:1075A000004E38BFAEF1010EA6FB0C584FF000079D
:1075B0004FF00005E6FB0E87A1FB08C6A0FB07CE37
:1075C00016EB0E0645F10005E1FB076515F1E04EEF
:1075D0007EBFA4F580345FEA46066D4116F1800750
:1075E00045F100054FEA17274FEA066647EA0567A7
:1075F000A6F1DE46B6F1805F4FEA15251FD9384661
:1076000024F0010C05EBC471BCF1FE6F01EB0C1111
:1076100002D8F0BCBDE8008124425CBF01F5801EA9
:107620009EEAC47F02D4F0BCBDE80081244238D475
:10763000F0BCA1F1C041BDE8004100F0ADBA4FEA95
:10764000D22242EA43524FEAD323A7FB02864FEAF3
:10765000D02040EA415007FB03661EEA0E0F4FEAB6
:10766000D12105FB026658BFA6EB0056B6EB0056CB
:107670004FEA520E4EEAC37E18EB0E0E56EB530E37
:10768000BDD518EB02085E417F1C55F10005B6E739
:107690004FF480154FF000074FF000064FF0000840
:1076A000ADE7F0BC4FF0000001F1C04101F0004136
:1076B000BDE8008111EA0C1F0CEA131500D00CE0A4
:1076C00013EA0C1F00F025804FF00000F0BC81EAA7
:1076D000030101F00041BDE80081F0BCBDE80041BC
:1076E00081EA030100F058BAF0BCBDE8004170B572
:1076F00000F004FA097EFC3E00F007B881EA0301BD
:107700004FF0000001F00041704781EA030100F0F2
:1077100043BAF0BCBDE800414FF00000214970477A
:10772000FFFDFBF9F7F5F4F2F0EEEDEBE9E8E6E446
:10773000E3E1E0DEDDDBDAD8D7D5D4D3D1D0CFCDCD
:10774000CCCBCAC8C7C6C5C4C2C1C0BFBEBDBCBB06
:10775000BAB9B8B7B6B5B4B3B2B1B0AFAEADACAB01
:10776000AAA9A8A8A7A6A5A4A3A3A2A1A09F9F9EDB
:107770009D9C9C9B9A99999897979695959493938D
:10778000929191908F8F8E8E8D8C8C8B8B8A898924
:1077900088888787868585848483838282818180A7
:1077A0000000FF070000F87F51EA030C17D41CF516
:1077B000801F58BFBCF5801F00F10680994218BF9A
:1077C000704708BF9042704707D711F5801F58BF18
:1077D00013F5801F19D499427047894270471CF5F0
:1077E000801F08D5BCF5801FF7D58B4218BF7047A6
:1077F00008BF824270474FF4001C1CEB410F38BF9A
:107800001CEB430F01D28B42704770B500F076F944
:10781000922449004FF000514FF08053FFF760BEB3
:107820004FEA41034FEA5353A3F58063D3F11E039C
:10783000C8BFD3F1210C0CDD4FF0004242EAC12257
:1078400042EA505232FA03FC8CEAE17CACEBE17084
:107850007047102BC4BF0020704703F5787CBCF143
:10786000FF3F04D06FF0004282EA2100704770B5FC
:1078700000F044F94992248000207047F2E70000AC
:107880004FEA1153A3F58063D3F11E03A8BFD3F1D0
:10789000200C08DB4FF0004242EAC12252EA50526B
:1078A00032FA03F0704709420BD4102BC4BF0020FA
:1078B000704703F5787CBCF1FF3F05D04FF0FF30F7
:1078C00070474FF00000704770B500F017F900BF27
:1078D0004992248000207047F0E710F0004248BF32
:1078E0004042B0FA80F310FA03F10AD0C3F11D034D
:1078F00003F580634FEA415002EB035202EBD121C2
:1079000070474FF000007047B0FA80F310FA03F1AF
:107910000AD0C3F11D0303F580634FEA41504FEADB
:10792000035202EBD12170474FF000007047000076
:1079300051EA030C17D41CF5801F58BFBCF5801FFB
:1079400000F10680994218BF704708BF9042704707
:1079500007D711F5801F58BF13F5801F19D499421E
:107960007047894270471CF5801F08D5BCF5801F01
:10797000F7D58B4218BF704708BF824270474FF45B
:10798000001C1CEB410F38BF1CEB430F01D28B4294
:10799000704770B500F0B2F8922449004FF00051E2
:1079A0004FF08053FFF79CBDDFF848C170B51CEA6B
:1079B000111E1EBF1CEA13159EEA0C0F95EA0C0F50
:1079C00000F06F8081EA030423EA4C134EEAD47E70
:1079D00021EA4C1141F4801143F48013AE44A1FB21
:1079E000024CA0FB0365AEF17F7E361955EB0C050A
:1079F000A1FB034C4CF10003A0FB021C16EB0C0690
:107A0000654153F10003094218BF46F0010613F423
:107A1000007F0BD14FEA03314FEA0530340341EACE
:107A2000155140EA16506FF003020AE04FEAC321F5
:107A30004FEAC520F40241EA555140EA56506FF032
:107A4000020202EB2E4201EB025585EACE710AD00A
:107A50005FEA440C18BF24F0004450F1000041F1EB
:107A6000000120EAD47040F2FE7C624500D270BD75
:107A7000A84214BF4FF080444FF04044002E08BF8E
:107A80000024BEF1806FA8BFA1F1C041BDE87040E5
:107A900080F282804FF0000001F1C04101F000410E
:107AA00070479EEA0C0F0CEA131518BF95EA0C0FED
:107AB00006D04FF0000081EA030E0EF0004170BDC9
:107AC00000F01CF88900013E00F007B800F009B88A
:107AD0004FEA430C5FEA5C5C08D081EA030100F0E6
:107AE0005BB84FEA410C5FEA5C5CF6D14FF00000F6
:107AF000014970470000FF070000F87F0EF1020EF9
:107B00002EF0030E5EF8046B364205D4012A43EBD7
:107B1000030515F5001F12D8012841EB010C1CF5D7
:107B2000001F0CD80ED14FEAD17C15F5001F0CEBCD
:107B30004C0C0CF1020C08BF4CEBD37C04E04FF072
:107B4000080C01E04FEAD37C0CEB4C0526FA05F655
:107B500006F00706B6F1040C06D20EEB860CBDE863
:107B600070404CF0010C6047DFE80CF0090B02029A
:107B70004FF000414FF00000A1F5002170BD194603
:107B80001046012851EB010418BFD4F5001484BF3E
:107B9000002001F0004170BD0808A0F500114FEA77
:107BA0003101704753EA010C17D41CF5801F58BFF0
:107BB000BCF5801F00F106808B4218BF704708BFDC
:107BC0008242704707D713F5801F58BF11F5801FF9
:107BD00019D48B4270479B4270471CF5801F08D513
:107BE000BCF5801FF7D5994218BF704708BF904277
:107BF00070474FF4001C1CEB430F38BF1CEB410FC8
:107C000001D2994270470FB40CBC03BCFFF7C1BE50
:107C100043004FEAD30C4FEA3C0C43401FBF4007E0
:107C20000CF1605113F0FE4F70471CF0006F03D150
:107C300000200CF0004170470CF0004343EA507004
:107C400010B540EACC0000F0CAF900BF0000009275
:107C50004FEA0001FFF7A0BF4FF000414FF00000D6
:107C6000A1F500217047401058BFC0F140404910B5
:107C700058BFC1F140418142EFF3008070470000DE
:107C80004FF47F0C1CEAD0121EBF1CEAD11392EAFB
:107C90000C0F93EA0C0F00F0858090EA010F48BFAB
:107CA00042F4807240F4000C41F400002CF07F415B
:107CB00020F07F4000B58142A2EB03020FF2081CC6
:107CC000ACEB504EC0F100009EF800E04FEA4E0EC3
:107CD00000FB0EFC38BF49004FEA2C1C02F5FA02EB
:107CE0000CFB0EF34FEACE1E4FEA112C4FEAC121D6
:107CF0000EEB635E42EB22420EFB0CFC4FEA1C5380
:107D000000FB03114FEA112C4FEA01310EFB0CFC72
:107D10004FEADC4C00FB0C11C14228BF09184CEBA8
:107D200003335DF804EB10EB410143EBC250B2F5B5
:107D30007C0F38BF704729D512F0F00F1CBF00F13F
:107D4000C04000F0004070470081828384858687B0
:107D500088898B8C8D8E8F919293959697999A9C0A
:107D60009D9FA0A2A3A5A7A8AAACAEB0B2B3B5B779
:107D7000B9BCBEC0C2C5C7C9CCCED1D4D7D9DCDF4F
:107D8000E2E6E9ECF0F3F7FAFE0000004FEA400CFF
:107D90000CF1807CBCF17E4F28BF7047B0F1C04031
:107DA00000F063B990EA010F0CEAD11348BF42F426
:107DB0008072624538BF634507D213F47F0F16D037
:107DC00080EA010000F00040704710B500F007F9AC
:107DD000097EFC3E00F005B880EA010000F000409A
:107DE000704780EA010000F0004000F03EB912F454
:107DF0007F0F04BF0248704780EA010000F035B9E8
:107E00000000C07FC10DD1F19E0206DB4FEA0023C6
:107E100043F0004323FA02F07047004207D54FEACF
:107E20004001B1F1FE4F02D24FF00000704710B593
:107E300000F0D5F849922480002070476FEA2000B6
:107E40007047000010F0004148BF4042B0FA80F394
:107E500010FA03F2C3F19D030BD051EAC35101EBB9
:107E60001220530638BF704700F1010008BF20F010
:107E70000100704750EA010C00F113801CF5000F5F
:107E800058BFBCF5000F01D48842704707D710F5E2
:107E9000000F58BF11F5000F15D488427047894272
:107EA00070471CF5000F04D5BCF5000FF7D58142D3
:107EB00070474FF0807C1CEB400F38BF1CEB410F2C
:107EC00001D28142704710B500F089F89224490030
:107ED0004FF000504FF08051FFF7C5BE4FF47F0CBC
:107EE0001CEAD0121EBF1CEAD11392EA0C0F93EACF
:107EF0000C0F00F0478090EA010F48BF42F48072F7
:107F00004FF0004C4CEA00204CEA012102EB030246
:107F1000A0FB0113A2F50002002918BF43F00103E2
:107F20005B0028BF4FEA330342EB22425FEA132C87
:107F30004CEBC2502EBFBCEB436FB2F57C0F7047C9
:107F40004FEA036CBCF1004F08BF20F00100B2F50E
:107F50007C0F38BF70470BD582F0FF0212F5803FCF
:107F6000C8BF704700F1C040D8BF00F00040704764
:107F700000F5000C5FEA4C0C48BF7047B0F1C04000
:107F800000F073B890EA010F0CEAD11348BF42F435
:107F90008072624538BF634504D280EA010000F078
:107FA0000040704710B500F01AF800BF8900013E8C
:107FB00000F007B800F009B85FEA410C5FEA1C6CFA
:107FC00008D080EA010000F050B85FEA400C5FEA98
:107FD0001C6CF6D14FF00040A0F5800070470EF108
:107FE000020E2EF0030E5EF8044B244204D44FEA36
:107FF0004102B2F17F4F11D84FEA4003B3F17F4FF6
:108000000CD80ED14FEAD07CB2F17F4F0CEB4C0C68
:108010000CF1020C08BF4CEBD17C04E04FF0080CD3
:1080200001E04FEAD17C0CEB4C0324FA03F404F09A
:108030000704B4F1040C06D20EEB840CBDE810402A
:108040004CF0010C6047DFE80CF0070802024FF02B
:108050000040A0F5800010BD0846420018BFD2F1D4
:10806000807288BF00F0004010BDFF2141EAD0506F
:10807000C005704751EA000C00F113801CF5000F99
:1080800058BFBCF5000F01D48142704707D711F5E6
:10809000000F58BF10F5000F15D481427047894278
:1080A00070471CF5000F04D5BCF5000FF7D58842CA
:1080B00070474FF0807C1CEB410F38BF1CEB400F2A
:1080C00001D28842704780EA010081EA000180EA1B
:1080D0000100FFF7F8BEFDF72DBA0CF00F03092BD6
:1080E00008BF082000F05F800A2B0BD0082B18BFB8
:1080F000704708BF1CF0400F0AD04FF000004FF04F
:10810000000170471CF0400F18BF4FF0004070474F
:108110001CF0100F08D020F0704300F07F4242EABC
:10812000D3014FEA4370704700F0604021F07F4276
:1081300042EA000201F07F4040EA727070474FF05F
:10814000FF0C4CF4E06C1CEA11531CBF9CEA030CBE
:108150009445C2BFDA4201EB02517047002B0DD0AB
:10816000BCF1000F0FD0002A01F00041A4BF41F084
:10817000E04141F07F614FF00000704701F00041A5
:108180004FF00000704750EA01334FF09B0C18BFCE
:108190004CF0806C7FF49CA97047FDF733BCFEF770
:1081A000B1B9FEF73BBB1CF4801F11D01CF4E02FCB
:1081B00003D06FEACC31490070474FF04050EFF3E5
:1081C000008222F0704242EA000282F30088704787
:1081D0004FF000007047666BD5667C62595E685A46
:1081E000A8561453AC4F6C4C53495F468E43DD4048
:1081F0004C3ED83B80394437203515332131432F4D
:10820000792DC42B212A90281027A0254024EF2265
:10821000AC2176204C1F301E1E1D181C1C1B2B1A57
:10822000431964188E17C116FC153E158814D8130F
:1082300030138E12F2115C11CC104110BB0F3A0FAB
:10824000BE0E460ED30D640DFA0C930C2F0CCF0B03
:10825000730B1A0BC40A710A210AD509890941094D
:10826000FB08B80877083908FC07C10789075207D7
:108270001D07EA06B80689065A062D060206D80525
:10828000AF05880562053D051905F60400030306E0
:1082900001040602050003051F1C1F1E1F1E1F1FD1
:1082A0001E1F1E1F303132333435363738394142C4
:1082B000434445463031323334353637383941421C
:1082C0004344454640305800303132333435363738
:1082D00038396162636465664030780004000008E4
:1082E000000000000000000200010000100000007B
:1082F00002400000000000A0000000000540000057
:10830000000000C8000000000C4000000000409C7D
:1083100000000000194000000020BCBE000000006A
:1083200034400000BFC91B8E00000004B5400000AF
:10833000504BCFD06607E2CF010000006C41000037
:108340003E8251AADFEEA73401000000D9420000AE
:10835000DCB5A0E23A301F97FFFFFFFFB4450000F5
:10836000FD25A0C8E9A3C14FFFFFFFFFFF3F0000AD
:108370000000008000000000FF3F000000000080BF
:108380000000000041542B435245470D0A000000F5
:108390000D0A4F4B0D0A000041544F0D0A0000001A
:1083A00041542B4353510D0A0000000041542B52FD
:1083B0004542540D0A0000000D0A434F4E4E4543FE
:1083C000540D0A000D0A2B4353513A2000000000BF
:1083D0002B2B2B007B224944223A222573222C226C
:1083E000534E223A222573222C22436D64223A22D4
:1083F0003231222C2241636B223A223030222C224D
:1084000054696D65223A7B2279656172223A25644E
:108410002C226D6F6E7468223A25642C2264617977
:10842000223A25642C22686F7572223A25642C2228
:108430006D696E757465223A25642C227365636FCD
:108440006E64223A25647D7D00000000474554207B
:10845000257320485454502F312E310D0A486F7324
:10846000743A2025730D0A557365722D4167656E48
:10847000743A2047656E6572616C446F776E6C6FFD
:1084800061644170706C69636174696F6E0D0A524A
:10849000616E67653A2062797465733D25642D25A8
:1084A000640D0A4163636570743A202A2F2A0D0A0D
:1084B000436F6E6E656374696F6E3A206B656570AD
:1084C0002D616C6976650D0A44657669636549645A
:1084D0003A2025730D0A0D0A0000000030860108BD
:1084E00000000020740D00006C010008488901089C
:1084F000740D002024AC0000D00100080000000032
:108500000000F07F1001000043000000F8FFFFFFB3
:108510000040404040404040404041414141414096
:10852000404040404040404040404040404040404B
:1085300040050202020202020202020202020202DA
:1085400002202020202020202020200202020202DF
:108550000202909090909090101010101010101037
:108560001010101010101010101010100202020243
:108570000202888888888888080808080808080887
:108580000808080808080808080808080202020283
:10859000400000000000000000000000000000009B
:1085A00000000000000000000000000000000000CB
:1085B00000000000000000000000000000000000BB
:1085C00000000000000000000000000000000000AB
:1085D000000000000000000000000000000000009B
:1085E000000000000000000000000000000000008B
:1085F000000000000000000000000000000000007B
:10860000000000000000000000000000000000006A
:10861000000000001C00000043000000F8FFFFFF06
:108620000C0000000E0000000F0000002E000000F3
:10863000500600A24A040001600901020304060773
:1086400008090C611020050204060820200680029B
:1086500000002009100950000093320008B90440BE
:1086600007CC0F0020CC5F17A101037C8000011212
:1086700007C6F02C132700003444000040610000BE
:108680006489000009A8000002C300002BE3000079
:108690006E1501001A2C0100E1520100A9D200045C
:1086A00021183010613D0100D11401009B770000BA
:1086B0002DF30008430AD90843B3BD084387A00837
:1086C00043866A0844073E3E00001E180413F5D690
:1086D000280006887E0000030001700401000404E5
:1086E00005CA6400061D10000800FF01021C3001CD
:1086F000091F54013E40E01C001800474C32303244
:10870000313339383636383138333330363837301C
:108710003438356302F600013C049112233C031EF9
:10872000A05803040C3333392E39362E31302E3213
:1087300035113C0631313838338E045C04544350D3
:108740009804B005474C485824C0083233343536B5
:10875000373810C9E8021306150A1F304F2805796B
:10876000D987B0A40223FFAE8983A98E1006D083D7
:108770000108980412A00812840812AC1012900884
:1087800012C40412B8149C06004E554C4C780501D6
:108790001C0FD9CC9973251C0552701C04F049029A
:1087A0006C045D7B040519F8D3F0D24C340B3337DD
:1087B0003031323031393031690F103133AD032D62
:1087C0009506061110D4211040072D303531312D7A
:1087D000E20DFF75030D313C030004C308070001DF
:1087E00010060F4A01086D0412BB080D7351040AEC
:1087F0001C01FC69F85F60EA64066D91040C0810C6
:1088000039414243444546C007EC050001E02E597A
:10881000060E51148A050E5514E20503DB200001F3
:108820002008C1814001C0804104610C2108E11889
:10883000A11C011A30011638013660012E70012F7B
:108840006000FF00C0C101C30302C2C60607C7051E
:10885000C5C404CC0C0DCD0FCFCE0E0ACACB0BC9AC
:108860000908C8D81819D91BDBDA1A1EDEDF1FDD8C
:108870001D1CDC14D4D515D71716D6D21213D3115C
:10888000D1D010F03031F133F3F23236F6F737F55C
:108890003534F43CFCFD3DFF3F3EFEFA3A3BFB39EC
:1088A000F9F83828E8E929EB2B2AEAEE2E2FEF2DEC
:1088B000EDEC2CE42425E527E7E62622E2E323E19C
:1088C0002120E0A06061A163A3A26266A6A767A5BC
:1088D0006564A46CACAD6DAF6F6EAEAA6A6BAB692C
:1088E000A9A86878B8B979BB7B7ABABE7E7FBF7D0C
:1088F000BDBC7CB47475B577B7B67672B2B373B1DC
:108900007170B0509091519353529296565797551B
:108910009594549C5C5D9D5F9F9E5E5A9A9B5B996B
:10892000595898884849894B8B8A4A4E8E8F4F8D6B
:108930004D4C8C448485458747468682424383411B
:0889400081800A22407F000043
:0400000508000131BD
:00000001FF
