:020000040800F2
:10000000F0B90020750400087D0200087F02000896
:1000100083020008870200088B020008000000002D
:100020000000000000000000000000008F02000837
:10003000910200080000000093020008313100081E
:100040008F0400088F0400088F040008A58C0008A6
:100050008F0400088F0400088F0400088F04000834
:100060008F0400088F0400088F0400088F04000824
:10007000739800088F0400088F0400088F0400089C
:100080008F040008EB9600088F0400088F04000816
:100090008F0400088F0400088F0400088F040008F4
:1000A0008F0400088F0400088F0400088F040008E4
:1000B0008F0400088F0400088F0400088F040008D4
:1000C0008F0400088F0400088F0400088F040008C4
:1000D0008F0400088F040008DF95000813970008BC
:1000E0008F0400088F0400088F0400088F040008A4
:1000F0008F0400088F0400088F0400088F04000894
:100100008F0400088F0400088F0400088F04000883
:100110008F0400088F040008A92E00088F0400082F
:100120008F0400088F0400088F0400088F04000863
:1001300000F002F800F081F80AA090E8000C824478
:100140008344AAF10107DA4501D100F076F8AFF255
:10015000090EBAE80F0013F0010F18BFFB1A43F0A5
:1001600001031847603702008037020010F8013B96
:100170000A4413F0030408BF10F8014B1D1108BF17
:1001800010F8015B641E05D010F8016B641E01F8C5
:10019000016BF9D1002D15D010F8014B03F00C03C1
:1001A0000C2BA1EB04040ABF10F8013BA4EB831451
:1001B000A4EB032405F1010314F8016B5B1E01F8A5
:1001C000016BF9D5914238BF10F8013BD1D370478C
:1001D0000023002400250026103A28BF78C1FBD850
:1001E000520728BF30C148BF0B60704767291BF01A
:1001F0008487692918F02C85642918F029857829C5
:1002000018F06285732919F0F682002070471FB537
:100210009DE8030019F024F819F018FE04000020EE
:1002200000211BF009F9401C6060002000211BF038
:1002300019F9E0601FBD10B510BD1AF036F911466E
:10024000FFF7E5FF00F014F81AF094FB03B4FFF792
:10025000F2FF03BC03F0D6FA80F308887047024827
:1002600002490160FEE700000CED00E00100FA0524
:1002700002F06AFF01E002F0FBFFFCE7704700BFFD
:10028000FEE700BFFEE700BFFEE700BFFEE77047E6
:10029000704770470CB50020019000906C480068D2
:1002A00040F480306A49086000BF6948006800F483
:1002B000003000900198401C0190009818B90198F6
:1002C000B0F5A06FF1D16248006800F4003010B1C1
:1002D0000120009001E0002000900098012843D107
:1002E0005C48006840F010005A4908600846006801
:1002F00020F0030008600846006840F00200086033
:10030000534840685249486008464068486008467B
:10031000406840F4806048600846406820F47C10E3
:1003200048600846406840F4E810486008460068A5
:1003300040F08070086000BF4548006800F0007021
:100340000028F9D04248406820F003004049486046
:100350000846406840F00200486000BF3C484068E2
:1003600000F00C000828F9D10CBD10B5FFF792FF82
:1003700010BD10B53648006840F0010034490860EF
:1003800008464068344908403149486008460068DA
:10039000324908402E4908600846006820F4802051
:1003A00008600846406820F4FE0048604FF41F00D3
:1003B0008860FFF7DAFF4FF000602949086010BD40
:1003C00010B5002100200022214B5B6803F00C01D6
:1003D00021B1042906D0082928D107E0214B224C5D
:1003E000236027E01F4B204C236023E0184B5B6801
:1003F00003F47010164B5B6803F48032022303EBA6
:10040000904022B9194B4343174C23600DE0104B29
:100410005B6803F4003323B1144B4343124C236055
:1004200003E0104B4343104C236003E00D4B0E4C94
:10043000236000BF00BF064B5B68C3F303130C4C83
:10044000E15C094B1B68CB40074C236010BD0000EA
:1004500000100240002002400000FFF8FFFFF6FEFF
:1004600008ED00E000127A000000002000093D00C5
:10047000040000200948804709480047FEE7FEE7DE
:10048000FEE7FEE7FEE7FEE7FEE7FEE7FEE7FEE744
:1004900004480549054A064B7047000073030008ED
:1004A00031010008F0B30020F0B90020F0B50020C1
:1004B000F0B5002031490143314A1160704770B5F1
:1004C000002100230F22C47804B32D4C246804F4C7
:1004D000E064C4F5E064210AC1F10403CA40447831
:1004E00004FA03F18478144021430901254C06786D
:1004F000A155047804F01F050124AC4005786D1166
:10050000AD0005F1E025C5F8004109E0047804F0EC
:100510001F050124AC401C4D0678761145F8264095
:1005200070BD1A4A0A400243154B1B1F1A607047E0
:1005300039B1134A121D12680243114B1B1D1A6078
:1005400006E00F4A121D126882430D4B1B1D1A60F4
:100550007047042808D14FF0E021096941F00401F7
:100560004FF0E022116107E04FF0E021096921F02E
:1005700004014FF0E0221161704700000000FA050D
:100580000CED00E000E400E080E100E080FFFF1FF0
:1005900010B5012001F03CF8002001F039F810BD41
:1005A0002A49086070472949091F08607047274990
:1005B00084310860704701460020254A10884FF6B4
:1005C0007F4210400843224A1080704701460020B5
:1005D0001F4A10884FF68072104008431C4A108052
:1005E000704708B500220092194A2C3A0092009AEE
:1005F00002440092009A116008BD08B5014600202F
:10060000009013482C3800900098084400900098FF
:10061000008808BD0D489C300068C0B270470C4887
:100620000830008840F0010009490831088070470F
:100630000648A0300068C0B27047054808300088FE
:1006400040F00200024908310880704704860D42DC
:100650002C6C004001684FF6FE72114001600021D1
:10066000016041608160C1608D49884208D18C4938
:100670000839496841F00F01894A083A51608AE017
:1006800087491431884208D185490839496841F0C1
:10069000F001834A083A51607DE08149283188425F
:1006A00008D17F490839496841F470617C4A083AA9
:1006B000516070E07A493C31884208D17849083964
:1006C000496841F47041764A083A516063E07449E0
:1006D0005031884208D172490839496841F4702183
:1006E0006F4A083A516056E06D496431884208D13A
:1006F0006B490839496841F47001694A083A516008
:1007000049E067497831884208D165490839496824
:1007100041F07061624A083A51603CE061498842A8
:1007200006D1011F096841F00F01021F116032E07C
:100730005C491431884208D15A49091F096841F0BF
:10074000F001584A121F116025E0564928318842AD
:1007500008D15449091F096841F47061514A121FB8
:10076000116018E04F493C31884208D14D49091FBA
:10077000096841F470414B4A121F11600BE049496E
:100780005031884207D14749091F096841F4702157
:10079000444A121F1160704710B50022026847F6E4
:1007A000F0739A430C6A8B6823430C6923434C69AA
:1007B00023438C692343CC6923434C6A23438C6ACB
:1007C00023431A430260CB6843600B6883604B6825
:1007D000C36010BD0021016041608160C1600161A2
:1007E00041618161C161016241628162704721B1F1
:1007F000026842F00102026004E002684FF6FE73F4
:100800001A40026070471AB103680B43036002E0AC
:1008100003688B4303607047416070470146486836
:1008200080B2704701460020002201F080531BB1C6
:100830001C4B083B1A6802E0194B083B1A6802EA95
:1008400001030BB1012000E00020704700F080514F
:1008500019B11449091F086002E0114908394860BC
:10086000704701460020002201F080531BB10D4B60
:10087000083B1A6802E00A4B083B1A6802EA0103C7
:100880000BB1012000E00020704700F0805119B149
:100890000449091F086002E00149083948607047AF
:1008A000080002400804024001460020FE4A106889
:1008B00000F03800084310607047FB49096821F0D8
:1008C0000801F94A11601146096801431160704737
:1008D000F549096821F01001F34A116011460968D1
:1008E000014311607047F148EF494860F0484860A3
:1008F0007047EE48EC494860ED4848607047EA4868
:10090000006940F08000E84908617047E6480069E6
:1009100040F08000E449086170470420E249C9685A
:1009200001F0010109B101200EE0DF49C96801F0C1
:10093000040109B1022007E0DB49C96801F0100198
:1009400009B1032000E00420704700B502460423EB
:10095000FFF7E3FF034603E0FFF7DFFF0346521E06
:10096000012B01D1002AF7D102B90523184600BD99
:1009700030B5044604254FF43020FFF7E6FF054666
:10098000042D17D1C848006940F00200C64908612B
:1009900008464461006940F0400008614FF430208F
:1009A000FFF7D3FF0546C048006941F6FD710840D6
:1009B000BD490861284630BD10B504244FF43020ED
:1009C000FFF7C3FF0446042C16D1B748006940F076
:1009D0000400B54908610846006940F0400008611C
:1009E0004FF43020FFF7B1FF0446AF48006941F6ED
:1009F000FB710840AC490861204610BD00B50246B5
:100A00000423FFF78AFF034603E0FFF786FF034650
:100A1000521E012B01D1002AF7D102B90523184635
:100A200000BD10B504244FF43020FFF7E7FF044663
:100A3000042C16D19C48006940F004009A490861D2
:100A40000846006940F0400008614FF43020FFF78D
:100A5000D5FF04469448006941F6FB71084092496D
:100A60000861204610BD00208F49C96901F00201CC
:100A700009B1012000E00020704730B5A52504240D
:100A8000FFF7F1FF00B100254FF43020FFF75DFFC5
:100A90000446042C3AD1854883498860844888609C
:100AA0000846006940F0200008610846006940F0EF
:100AB000400008614FF43020FFF747FF0446042C44
:100AC0001BD17948006941F6DF7108407649086119
:100AD0000846006940F01000086176480580E00291
:100AE000FFF733FF0446052C10D06F48006941F62C
:100AF000EF7108406C49086108E0052C06D06A488F
:100B0000006941F6EF71084067490861204630BD31
:100B100078B506460C46042500200090E802FFF751
:100B200014FF0546042D24D15F48006940F0010000
:100B30005D4908613480E802FFF707FF0546042D90
:100B400010D1B01C0090200C00990880E802FFF73B
:100B5000FCFE05465448006941F6FE7108405249C2
:100B6000086106E05048006941F6FE7108404E49B0
:100B70000861284678BD70B504460D460426F0028B
:100B8000FFF7E3FE0646042E11D14748006940F006
:100B90000100454908612580F002FFF7D6FE0646B0
:100BA0004148006941F6FE7108403F4908613046FE
:100BB00070BD70B505460E460424E002FFF7C5FE81
:100BC0000446042C17D13948374988603848886072
:100BD0000846006940F0100008612E80E002FFF72F
:100BE000B4FE0446052C06D02F48006941F6EF718B
:100BF00008402D490861204670BD2DE9F0430446A8
:100C00004FF6FF763746B046B1460425E443E6B2D8
:100C1000C4F30727C4F307484FEA1469E802FFF753
:100C200094FE0546042D49D120481F49886020487C
:100C300088600846006940F010000861FF2E06D069
:100C40001C4808300680E802FFF77FFE0546042DA9
:100C500008D1FF2F06D017480A300780E802FFF7B7
:100C600074FE0546042D0AD1B8F1FF0F07D01148D4
:100C70000C30A0F80080E802FFF767FE0546042D5F
:100C80000AD1B9F1FF0F07D00A480E30A0F8009042
:100C9000E802FFF75AFE0546052D0FD0024800690D
:100CA00041F6EF71084007E000200240230167454C
:100CB000AB89EFCD00F8FF1F664908612846BDE803
:100CC000F08330B5054604244FF43020FFF73DFE95
:100CD0000446042C41D160485E4988605F488860C2
:100CE0000846006940F0200008610846006940F0AD
:100CF000400008614FF43020FFF727FE0446042C23
:100D000022D15448006941F6DF7108405149086119
:100D10000846006940F0100008611DB100205049EC
:100D2000088002E0A5204E4908804FF43020FFF7EC
:100D30000CFE0446052C10D04648006941F6EF71C0
:100D400008404449086108E0052C06D04148006984
:100D500041F6DF7108403F490861204630BDF0B5DB
:100D600005460E46174604243B483A4988603B48EE
:100D70008860E002FFF7E9FD0446042C19D13548EC
:100D8000006940F010003349086147F0F800304333
:100D900028433349891C0880E002FFF7D6FD04464A
:100DA000052C06D02B48006941F6EF71084029490F
:100DB00008612046F0BD2748C06980087047254873
:100DC000006A704700202349096801F0200109B139
:100DD000012000E00020704729B11E4A1269024339
:100DE0001C4B1A6104E01B4A12698243194B1A61B9
:100DF000704701460020012908D1164AD26902F045
:100E000001020AB1012008E0002006E0114AD26880
:100E10000A400AB1012000E0002070470D49C86077
:100E2000704704200B49C96801F0010109B1012094
:100E30000EE00849C96801F0040109B1022007E089
:100E40000449C96801F0100109B1032000E0042041
:100E5000704700000020024023016745AB89EFCDB9
:100E600000F8FF1F10B50446CC48844208D1012188
:100E7000042000F0B3FB0021042000F0AFFB46E0AB
:100E8000C748844208D10121082000F0A7FB0021B7
:100E9000082000F0A3FB3AE0C248844208D10121B7
:100EA000102000F09BFB0021102000F097FB2EE0AB
:100EB000BD48844208D10121202000F08FFB002191
:100EC000202000F08BFB22E0B848844208D10121A9
:100ED000402000F083FB0021402000F07FFB16E063
:100EE000B348844208D10121802000F077FB002123
:100EF000802000F073FB0AE0AE48844207D1012154
:100F0000801500F06BFB0021A01500F067FB10BD01
:100F100010B50121084600F061FB0021012000F01E
:100F20005DFB10BD2DE9F0410246002500260020A2
:100F300000230024002791F803C00CF00F0591F85E
:100F400003C00CF0100CBCF1000F03D091F802C0EC
:100F50004CEA050591F800C0BCF1000F31D01468CF
:100F600000202BE04FF0010C0CFA00F3B1F800C0A8
:100F70000CEA03069E4220D183004FF00F0C0CFABE
:100F800003F7BC4305FA03FC4CEA040491F803C0E0
:100F9000BCF1280F06D14FF0010C0CFA00FCC2F88E
:100FA00014C00AE091F803C0BCF1480F05D14FF01E
:100FB000010C0CFA00FCC2F810C0401C0828D1D368
:100FC0001460B1F800C0BCF1FF0F34DD546800209C
:100FD0002EE000F1080C4FF0010808FA0CF3B1F80C
:100FE00000C00CEA03069E4221D183004FF00F0C93
:100FF0000CFA03F7BC4305FA03FC4CEA040491F82D
:1010000003C0BCF1280F05D100F1080C08FA0CF858
:10101000C2F8148091F803C0BCF1480F07D100F169
:10102000080C4FF0010808FA0CF8C2F81080401CB8
:101030000828CED35460BDE8F0814FF6FF710180DF
:10104000022181700421C17070470246002093681C
:101050000B400BB1012000E000207047014688687A
:1010600080B2704702460020D3680B400BB10120CC
:1010700000E0002070470146C86880B270470161F7
:101080007047416170470AB1016100E041617047FA
:10109000C16070474FF480320A438261816182618E
:1010A00082698269704702460020434B18684FF6F8
:1010B0008073184040EA021008433F4B18607047A5
:1010C0003E49C8617047F0B50A460023002400215C
:1010D000002500F00046B6F1004F02D1364EF1690E
:1010E00001E0354E7168C0F3034583B200F4401649
:1010F000B6F5401F08D121F070612F4E766826F0BA
:1011000070662D4F7E6012E000F48016B6F5801FE9
:1011100006D1032606FA05F4A14341F0706106E00A
:10112000460D360103FA06F6B14341F0706122B173
:10113000460D360103FA06F6314300F00046B6F1DB
:10114000004F02D11C4EF16101E01B4E7160F0BDF9
:1011500030B500228B071C0F0F2303FA04F2164B45
:1011600008338C1053F824309343134C08348D10FB
:1011700044F8253023468C1053F824308C07240F74
:1011800000FA04F423430C4C08348D1044F8253045
:1011900030BD0A49DC31086070470000000801409A
:1011A000000C0140001001400014014000180140F3
:1011B000001C0140002001400000014000002042CE
:1011C0000E49086070470D49486070470B498860B8
:1011D00070474AF6AA200949086070474CF6CC408F
:1011E00006490860704701460020044AD2680A4058
:1011F0000AB1012000E000207047000000300040EC
:1012000010B50121080700F0F6F900214FF08050D9
:1012100000F0F1F910BD2A490862704728490861B9
:10122000704701460020274A106820F0E00008437C
:10123000106070472249A0310860704710B502461F
:101240000020204B186820F00300104318601E4B4C
:101250001B6843F004031C4C2360012901D130BFFB
:1012600000E020BF184B1B6823F00403164C2360DA
:1012700010BD1448006840F0040012490860084698
:10128000006840F0020008600F48006840F0040069
:101290000D49086000BF00BF30BF70470146002005
:1012A000084A52680A400AB1012000E00020704755
:1012B0000449096841EA8001024A11607047000050
:1012C00000000E420070004010ED00E0DF480068B2
:1012D00040F00100DD49086008464068DC490840EC
:1012E000DA49486008460068DA490840D74908608A
:1012F0000846006820F4802008600846406820F412
:10130000FE0048604FF41F0088607047CF490968AD
:1013100021F48031CD4A11601146096821F4802101
:101320001160B0F5803F03D0B0F5802F0ED106E0FC
:10133000C649096841F48031C44A116007E0C349D5
:10134000096841F4A021C14A116000E000BF00BF5C
:10135000704710B501460022002300204A11012ADF
:1013600002D1BA4C236806E0022A02D1B74C236AA4
:1013700001E0B64C636A01F01F02012494401C4056
:101380000CB1012000E0002010BD38B50020009015
:101390000024002500BF3120FFF7DBFF0546009841
:1013A000401C00900098B0F5A06F01D0002DF2D045
:1013B0003120FFF7CEFF08B1012400E000242046D1
:1013C00038BD01460020A14A106820F0F80040EA2C
:1013D000C10010607047A0490860704702460020B5
:1013E0009A4B586820F47C1042EA01031843974B4B
:1013F0005860704798490866704701460020934A34
:10140000506820F003000843506070478F484068E0
:1014100000F00C007047014600208C4A506820F014
:10142000F00008435060704701460020874A50682A
:1014300020F4E06008435060704701460020834A72
:10144000506820F4605040EAC1005060704729B1F4
:101450007E4A527A02437D4B5A7204E07B4A527AAA
:1014600082437A4B5A7270477B49D8310860704783
:1014700001460020754A506820F4404008435060FF
:1014800070470021714A20321170704A82F8201092
:10149000012802D004280AD104E001216B4A20323D
:1014A000117005E00521694A2032117000E000BF8B
:1014B00000BF70476949086070476449096A014381
:1014C000624A11627047654944390860704730B517
:1014D00000210022002400235C4D6D6805F00C0102
:1014E00021B1042905D0082923D105E05C4D056010
:1014F00022E05B4D05601FE0544D6D6805F47012ED
:10150000524D6D6805F48034022505EB92421CB9FA
:10151000544D554305600BE04C4D6D6805F40035A6
:101520001DB1504D5543056002E04D4D55430560DA
:1015300002E04B4D056000BF00BF444D6D6805F0F3
:10154000F0010909484D6B5C0568DD4045603F4D81
:101550006D6805F4E061090A434D6B5C4568DD4048
:1015600085603A4D6D6805F46051C90A3E4D6B5C6B
:101570004568DD40C560354D6D6805F44041890B17
:101580003A4D6B5CC568B5FBF3F5056130BD29B11B
:101590002E4A526902432D4B5A6104E02B4A52698C
:1015A00082432A4B5A61704729B1284A9269024303
:1015B000264B9A6104E0254A92698243234B9A6143
:1015C000704729B1214AD2690243204BDA6104E015
:1015D0001E4AD26982431D4BDA61704729B11B4A0A
:1015E000D2680243194BDA6004E0184AD268824399
:1015F000164BDA60704729B1144A12690243134B43
:101600001A6104E0114A12698243104B1A61704753
:1016100012494039086070470F49C86470470B4948
:10162000C87170470948406A40F0807007494862B5
:10163000704701460020054A92680A400AB101201D
:1016400000E0002070470149887270470010024096
:101650000000FFF8FFFFF6FE000042428004424215
:1016600000127A0000093D00140000202400002030
:1016700010B50446FE48844208D10121C014FFF78A
:10168000ADFF0021E014FFF7A9FFC4E0B4F1804FE3
:1016900008D101210846FFF7AEFF00210120FFF726
:1016A000AAFFB8E0F348844208D101210220FFF7E5
:1016B000A2FF00210220FFF79EFFACE0EE4884422B
:1016C00008D101210420FFF796FF00210420FFF735
:1016D00092FFA0E0E948844208D101210820FFF7E9
:1016E0008AFF00210820FFF786FF94E0E448844247
:1016F00008D101211020FFF77EFF00211020FFF705
:101700007AFF88E0DF48844208D101212020FFF7DA
:1017100072FF00212020FFF76EFF7CE0DA48844250
:1017200008D101214014FFF759FF00216014FFF791
:1017300055FF70E0D548844209D10121C804FFF764
:101740004DFF00214FF40020FFF748FF63E0D04831
:10175000844209D101210805FFF740FF00214FF421
:101760008010FFF73BFF56E0CA48844209D10121AF
:101770004805FFF733FF00214FF40010FFF72EFF5D
:1017800049E0C548844208D101214020FFF733FFDA
:1017900000214020FFF72FFF3DE0C048844208D1E0
:1017A00001218020FFF727FF00218020FFF723FF82
:1017B00031E0BB48844208D101218015FFF71BFFAF
:1017C0000021A015FFF717FF25E0B648844209D194
:1017D00001210804FFF702FF00214FF48030FFF7DA
:1017E000FDFE18E0B048844209D101214804FFF70A
:1017F000F5FE00214FF40030FFF7F0FE0BE0AB48A0
:10180000844208D101218804FFF7E8FE00214FF44B
:101810008020FFF7E3FE10BD00220288944B98421F
:101820000ED0994B98420BD0B0F1804F08D0914B1D
:10183000984205D0904B984202D0904B984204D1E8
:101840004FF68F731A404B881A438D4B984207D03E
:101850008C4B984204D04FF6FF431A40CB881A4372
:1018600002808B8883850B880385814B98420BD03F
:10187000854B984208D08B4B984205D08A4B9842B2
:1018800002D08A4B984201D10B7A038601238382CE
:10189000704770B5002400220023058C4FF6FE76B9
:1018A00035400584028C8388048B4FF68F752C405D
:1018B000B51E2C400D882C43751E2A400D892A43E5
:1018C0004D882A436A4DA8420BD06F4DA84208D0DC
:1018D000744DA84205D0744DA84202D0734DA84261
:1018E00013D14FF6F7752A404D892A434FF6FB7501
:1018F0002A408D882A434FF6FF652B404FF6FF554F
:101900002B408D892B43CD892B4383800483CD8845
:101910008586028470BD70B5002400220023058CEA
:101920004FF6EF7635400584028C8388048B48F6A9
:10193000FF752C404FF6FF452C400D884FF6FF7683
:1019400006EA05252C434FF6DF752A400D8906EA85
:1019500005152A434D8806EA05152A43444DA84239
:1019600002D0494DA8421DD14FF67F752A404D89BE
:101970004FF6FF7606EA05152A434FF6BF752A4053
:101980008D8806EA05152A434FF6FF352B404FF2A6
:10199000FF752B408D8906EA85052B43CD8906EA24
:1019A00085052B4383800483CD880587028470BD21
:1019B00070B5002400220023058C4FF6FF663540E9
:1019C0000584028C8388848B4FF68F752C404FF6EC
:1019D000FC752C400D882C434FF6FF552A400D898D
:1019E0004FF6FF7606EA05252A434D8806EA0525C7
:1019F0002A431F4DA84202D0234DA8421DD14FF2C9
:101A0000FF752A404D894FF6FF7606EA05252A43E1
:101A10004FF6FF352A408D8806EA05252A434EF603
:101A2000FF752B404DF6FF752B408D8906EA051595
:101A30002B43CD8906EA05152B4383808483CD880B
:101A40008587028470BD70B5002200230024058CB8
:101A50004EF6FF7635400584038C8488828B48F6E9
:101A6000FF752A404FF6FF452A400D8820E0000010
:101A7000002C01400004004000080040000C004021
:101A8000001000400014004000340140004C0140B0
:101A9000005001400054014000180040001C00406C
:101AA0000020004000400140004401400048014047
:101AB0004FF6FF7606EA05252A434DF6FF752B40C3
:101AC0000D8906EA05352B434D8806EA05352B437B
:101AD000FA4DA84202D0FA4DA84208D14BF6FF7544
:101AE0002C408D894FF6FF7606EA85152C438480BD
:101AF0008283CD88A0F84050038470BD828B4FF262
:101B0000FF331A408283828B4FF6FF7303EA01236F
:101B10001A4382837047F0B50C4615460022002117
:101B20000026078C4EF6FF7C07EA0C070784828BA1
:101B3000018C4FF6FF7707EA043640F6FF473A403C
:101B40004FF6FF7707EA05273A434FF6FF7707EA94
:101B500003373A43D94FB8420ED0D94FB8420BD0D1
:101B6000B0F1804F08D0D74FB84205D0D64FB84219
:101B700002D0D64FB84206D14DF6FF77394046F431
:101B80008057394305E047F6FF57394044F4805702
:101B9000394382830184F0BD828B4FF6F3731A4080
:101BA0008283828B0A4382837047F0B50C461546C8
:101BB000002200210026078C4FF6FF6C07EA0C0775
:101BC0000784828B018C4FF6FF7707EA04264FF6D5
:101BD0000C773A404FF6FF7707EA03172F433A4353
:101BE000B64FB8420ED0B64FB8420BD0B0F1804FCE
:101BF00008D0B44FB84205D0B34FB84202D0B34F6B
:101C0000B84206D14FF6FF57394046F48077394342
:101C100005E04FF2FF57394044F48077394382831F
:101C20000184F0BD028B4FF2FF331A400283028B16
:101C30004FF6FF7303EA01231A4302837047F0B59E
:101C40000C461546002200210026078C4FF6EF7C3B
:101C500007EA0C070784028B018C4FF6FF7707EA2F
:101C6000041640F6FF473A404FF6FF7707EA03377E
:101C70003A434FF6FF7707EA05273A438F4FB842BA
:101C80000ED08F4FB8420BD0B0F1804F08D08D4F9F
:101C9000B84205D08C4FB84202D08C4FB84206D122
:101CA0004FF6DF77394046F01007394305E04FF62D
:101CB0005F77394044F01007394302830184F0BD57
:101CC000028B4FF6F3731A400283028B0A4302839E
:101CD0007047F0B50C46154600220021068C4FF6E1
:101CE000FE773E400684028B018C4FF60C76324024
:101CF0007E1C06EA03162E433243704EB0420ED0CD
:101D00006F4EB0420BD0B0F1804F08D06D4EB04254
:101D100005D06D4EB04202D06C4EB04206D14FF6A7
:101D2000FD76314044F00106314305E04FF6F5768B
:101D3000314044F00106314302830184F0BD70B5A7
:101D400005460C465D4885420ED05D4885420BD065
:101D5000B5F1804F08D05B48854205D05A4885428E
:101D600002D05A48854200D100E000BF208850B917
:101D70002389A28861882846FFF7ABFFE1882846BF
:101D8000FFF79EFF25E0208804280AD12389A28836
:101D900061882846FFF753FFE1882846FFF742FF96
:101DA00017E0208808280AD12389A288618828465C
:101DB000FFF7FBFEE1882846FFF7EEFE09E02389E6
:101DC000A28861882846FFF7A6FEE1882846FFF72B
:101DD00095FE70BD2DE9F04105460C460026012711
:101DE000608808B9022600E00026A088012801D1F9
:101DF000022700E001272088A0B92389A2886188F2
:101E00002846FFF766FFE1882846FFF759FF238938
:101E10003A4631462846FFF712FFE1882846FFF789
:101E200001FF13E02389A28861882846FFF707FF96
:101E3000E1882846FFF7F6FE23893A4631462846D0
:101E4000FFF747FFE1882846FFF73AFFBDE8F0813A
:101E50000A884B881A438B881A43CB881A430B890C
:101E60001A434B891A438B891A43A0F844207047C0
:101E70004FF6FF71818000210180C1804180017295
:101E800070470021018041808180C18001814181B2
:101E90008181C181704700210180418001218180C1
:101EA0000021C18001817047002101804180818033
:101EB000C18001814181818170470000002C014077
:101EC000003401400004004000080040000C0040C5
:101ED00021B1028842F00102028004E002884FF63C
:101EE000FE731A400280704731B1B0F8442042F4CA
:101EF0000042A0F8442005E0B0F84420C2F30E02EE
:101F0000A0F8442070471AB183890B43838102E013
:101F100083898B43838170478182704741EA020342
:101F2000A0F8483070471AB183890B43838102E0DF
:101F300083898B438381704701894FF6F872114082
:101F4000018170470A46002101894FF68F731940BD
:101F500011430181704730B504460D46294620469D
:101F6000FFF7F0FF208940F00700208130BD2DE908
:101F7000F04104460D4616461F46602D06D13B46ED
:101F8000012231462046FFF75AFE05E03B4601227A
:101F900031462046FFF79DFE29462046FFF7D2FF37
:101FA000208940F007002081BDE8F08130B50C4663
:101FB00000210189C9B24FF6FF7505EA03251543D3
:101FC00025432943018130BD2DE9F04105460E46E8
:101FD00017469846002443463A4631462846FFF7BE
:101FE000E5FF2C894FF6F870044044F007044FF6E3
:101FF0008F70044044F070042C81BDE8F081F0B58E
:1020000004460D4616461F463B46324629462046A4
:10201000FFF7CCFF208940F480402081F0BD01858E
:10202000828270470A46002101884FF68F7319405B
:10203000114301807047F0B50C4615461E4600213D
:10204000002200230189028B038C4FF6F877394078
:1020500021434FF6FC473A4040F201173A434FF60E
:10206000DD773B404FF6FF7707EA06172F433B43E8
:10207000018102830384F0BD0A460021018B4FF6E3
:102080008F7319401143018370470A460021018B69
:1020900048F6FF7319404FF6FF7303EA0223194312
:1020A000018370470A460021818B4FF68F731940D8
:1020B0001143818370470A460021818B48F6FF73E4
:1020C00019404FF6FF7303EA0223194381837047D7
:1020D00021B1028842F08002028004E002884FF6BB
:1020E0007F731A400280704721B1828842F0040257
:1020F000828004E082884FF6FB731A40828070472A
:1021000021B1828842F00802828004E082884FF682
:10211000F7731A408280704721B1828842F0010231
:10212000828004E082884FF6FE731A4082807047F6
:102130000A460021018B4FF6F773194011430183C2
:1021400070470A460021018B4FF2FF7319404FF68A
:10215000FF7303EA02231943018370470A460021F3
:10216000818B4FF6F77319401143818370470A46FC
:102170000021818B4FF2FF7319404FF6FF7303EA82
:1021800002231943818370470A460021018B4FF6D1
:10219000FB7319401143018370470A460021018BEC
:1021A0004FF6FF3319404FF6FF7303EA022319433A
:1021B000018370470A460021818B4FF6FB7319405B
:1021C0001143818370470A460021818B4FF6FF330C
:1021D00019404FF6FF7303EA0223194381837047C6
:1021E0000A460021018B4FF67F731940114301838A
:1021F00070470A460021018BC1F30E014FF6FF73B1
:1022000003EA02231943018370470A460021818BA8
:102210004FF67F7319401143818370470A460021AE
:10222000818BC1F30E014FF6FF7303EA02231943BA
:10223000818370470A460021018C4FF6FD731940D7
:102240001143018470470A460021018C4FF6F77351
:1022500019401143018470470A460021018C4FF652
:10226000DF7319404FF6FF7303EA02131943018429
:1022700070470A460021018C4FF67F7319404FF6D4
:10228000FF7303EA02131943018470470A460021D1
:10229000018C4FF6FF5319404FF6FF7303EA0223F8
:1022A0001943018470470A460021018C4FF2FF73E5
:1022B00019404FF6FF7303EA022319430184704764
:1022C0000A460021018C4DF6FF7319404FF6FF734B
:1022D00003EA023319430184704730B50023012417
:1022E0008C40A3B2048C9C430484048C02FA01F554
:1022F000ADB22C43048430BD30B5002304248C409F
:10230000A3B2048C9C430484048C02FA01F5ADB2A0
:102310002C43048430BD70B50346002000241846C9
:10232000183001258D40ACB21D8CA5431D8409B128
:10233000082909D100EB6100056825F070050560EA
:102340000568154305600EE00D1FC5F34E052844D2
:10235000056825F4E045056005684FF6FF7606EA56
:1023600002263543056070BD21B1028842F00202A9
:10237000028004E002884FF6FD731A400280704725
:1023800021B1028842F00402028004E002884FF684
:10239000FB731A400280704721B1828842F08002AC
:1023A000828004E082884FF67F731A4082807047F3
:1023B00002884FF6F7731A40028002880A430280AF
:1023C000704782884FF68F731A40828082880A4352
:1023D0008280704702894FF6F8731A4002810289A1
:1023E0000A430281704702894FF67F731A400281C7
:1023F00002890A4302817047818470478185704752
:10240000818670470187704781877047A0F8401028
:10241000704702884FF6FF431A40028002880A4341
:10242000028070470146888E70470146088F7047CA
:102430000146888F70470146B1F840007047014659
:10244000888C70470146088D704702460020138A29
:102450000B400BB1012000E000207047CA4302820C
:10246000704730B50246002000230024158A05EA93
:102470000103958905EA010413B10CB1012000E0C4
:10248000002030BDCA4302827047000010B50446E8
:10249000FB48844209D101218803FFF79FF80021FE
:1024A0004FF48040FFF79AF832E0F648844209D1B1
:1024B00001214804FFF79FF800214FF40030FFF797
:1024C0009AF825E0F048844209D101218804FFF7F9
:1024D00092F800214FF48020FFF78DF818E0EB48C8
:1024E000844209D10121C804FFF785F800214FF487
:1024F0000020FFF780F80BE0E548844208D1012175
:102500000805FFF778F800214FF48010FFF773F803
:1025100010BD2DE9F04786B005460E460024A246C0
:1025200000BFA1460027B08900B100BF2F462C8A0A
:102530004CF6FF700440F08804432C82AC894EF6C0
:10254000F3100440B088318908437189084304437B
:10255000AC81AC8A4FF6FF400440B0890443AC82A2
:1025600001A8FEF7B4FFC648874202D1DDF810A0EB
:1025700001E0DDF80CA0A88900F4004040B10AEBAE
:10258000CA0000EB0A1031684900B0FBF1F807E01F
:102590000AEBCA0000EB0A1031688900B0FBF1F8C1
:1025A0006420B8FBF0F004012009642101FB1089CC
:1025B000A88900F4004040B1322000EBC900B0FB14
:1025C000F1F000F00700044308E0322000EB0910AE
:1025D0006421B0FBF1F000F00F0004432C8106B041
:1025E000BDE8F0874FF41651016000218180C18061
:1025F00001810C21418100218181704710B5024683
:102600000020108A4FF2FF0318400B884C882343A8
:102610008C882343CC8823431843108210BD0021AB
:10262000018041808180C180704721B1828942F45C
:102630000052828104E082894DF6FF731A40828144
:102640007047F0B50346002400260025002040F620
:102650006A17B94200D100BF1846C1F3421401F015
:102660001F06012707FA06F5012C01D10C3004E002
:10267000022C01D1103000E014301AB107682F434A
:10268000076002E00768AF430760F0BD1AB1838AB4
:102690000B43838202E0838A8B4383827047028AE2
:1026A0004FF6F0731A400282028A0A430282704790
:1026B00082894FF2FF731A40828182890A438281A4
:1026C000704721B1828942F00202828104E082894E
:1026D0004FF6FD731A4082817047028A4FF6DF730E
:1026E0001A400282028A0A430282704721B1028A9A
:1026F00042F48042028204E0028A4BF6FF731A40E1
:1027000002827047C1F308028280704701468888C0
:10271000C0F308007047818941F001018181704751
:10272000028BD2B20283028B42EA012202837047FB
:10273000028B02F47F420283028B0A4302837047BA
:1027400021B1828A42F02002828204E0828A4FF61E
:10275000DF731A408282704721B1828A42F01002F0
:10276000828204E0828A4FF6EF731A4082827047B9
:1027700021B1828A42F00802828204E0828A4FF606
:10278000F7731A408282704721B1828942F4004275
:10279000828103E08289C2F30E028281704721B1F7
:1027A000828A42F40062828204E0828A4FF2FF73DE
:1027B0001A4082827047828A4FF6FB731A408282E7
:1027C000828A0A438282704721B1828A42F00202E1
:1027D000828204E0828A4FF6FD731A40828270473B
:1027E00002460020B1F5007F00D100BF13880B40E6
:1027F0000BB1012000E00020704701F40072B2F537
:10280000007F00D100BFCA430280704770B5024606
:10281000002400230025002040F66A16B14200D1B2
:1028200000BFC1F3421501F01F03012606FA03F3AE
:10283000012D02D19689334006E0022D02D1168A7D
:10284000334001E0968A33400C12012606FA04F464
:102850001688344013B10CB1012000E0002070BD97
:1028600010B50022002340F66A14A14200D100BF37
:102870000A1201249440A3B2DC43048010BD00007E
:10288000003801400044004000480040004C004037
:102890000050004010B50446FA48844208D1012196
:1028A0004015FEF79BFE00216015FEF797FE17E02E
:1028B000F548844208D101210015FEF78FFE002162
:1028C0002015FEF78BFE0BE0F048844208D1012171
:1028D000C803FEF783FE00214FF40040FEF77EFEA2
:1028E00010BD30B50246002000235068E84C20405F
:1028F0000D790C6844EA0524204350609068E54C4B
:102900002040D1E902542C434D7944EA4504204348
:102910009060D06A20F470000C7C641EE4B2234303
:1029200040EA0350D06230BD002101600171417165
:102930008160C16001210174704721B1826842F059
:102940000102826003E0826822F001028260704727
:1029500021B1826842F48072826003E0826822F4CE
:1029600080728260704710B50023CBB21AB1446800
:102970001C43446002E044689C43446010BD81688D
:1029800041F0080181607047014600208A6802F02A
:1029900008020AB1012000E000207047816841F080
:1029A000040181607047014600208A6802F0040239
:1029B0000AB1012000E00020704721B1826842F492
:1029C000A002826003E0826822F4A0028260704765
:1029D000014600208A6802F480020AB1012000E06A
:1029E0000020704710B50A4600210023416821F4F9
:1029F0006041531E41EA4331416010BD21B142683C
:102A000042F40062426003E0426822F400624260E5
:102A10007047F0B504460D4600200021092D11DD58
:102A2000E068A5F10A0606EB4607072606FA07F155
:102A30008843A5F10A0606EB460603FA06F10843A9
:102A4000E0600CE0206905EB4507072606FA07F170
:102A5000884305EB450603FA06F108432061072A7F
:102A60000FDA606B561E06EB86071F2606FA07F183
:102A70008843561E06EB860605FA06F10843606396
:102A800022E00D2A0FDA206BD61F06EB86071F26E1
:102A900006FA07F18843D61F06EB860605FA06F10B
:102AA0000843206310E0E06AA2F10D0606EB8607FA
:102AB0001F2606FA07F18843A2F10D0606EB8606EB
:102AC00005FA06F10843E062F0BD21B1826842F4E4
:102AD0008012826003E0826822F480128260704774
:102AE0000146C86C80B2704766484C300068704739
:102AF00021B1426842F48062426003E0426822F4FD
:102B000080624260704721B1426842F48052426064
:102B100003E0426822F48052426070470A46002176
:102B2000816821F4E04111438160704721B18268DE
:102B300042F40042826003E0826822F40042826034
:102B4000704721B1826842F40212826003E0826819
:102B500022F4021282607047014600208A6802F463
:102B600000120AB1012000E000207047F0B50446D1
:102B70001546002000220026092911DDE068A1F198
:102B80000A0707EB470C072707FA0CF29043A1F15D
:102B90000A0707EB470703FA07F21043E0600CE06F
:102BA000206901EB410C072707FA0CF2904301EB77
:102BB000410703FA07F210432061A06BC0F30156EE
:102BC000EF1C06F1010CA7EB0C0707EB870C1F2786
:102BD00007FA0CF29043EF1C06F1010CA7EB0C076F
:102BE00007EB870701FA07F21043A063F0BD10B5A9
:102BF0000A4600210023816B21F44011531E41EA53
:102C00000351816310BD08B5002300930090009B21
:102C10000B440093009B1A6008BD08B502460020D3
:102C20000090009201F12800009B18440090009849
:102C3000006880B208BD0A4600214168164B194061
:102C40001143416070474162826270470A46002129
:102C5000416821F01F0111434160704740B10949AB
:102C60000831096841F40001064A0832116007E0A2
:102C700004490831096821F40001024A0832116050
:102C8000704700000024014000280140003C014042
:102C9000FFFEF0FFFDF7F1FFFFFD3FFF02460020C2
:102CA00013680B400BB1012000E000207047CA43BD
:102CB0000260704770B502460020002300240B120A
:102CC0005568CEB205EA060415681D4015B10CB171
:102CD000012000E0002070BD00220A12D3430360EF
:102CE0007047000029B1504A128802434E4B1A80A7
:102CF00004E04D4A128882434B4B1A8070474A4881
:102D0000001D008840F010004749091D08807047E9
:102D10004548001D00884FF6EF7108404249091DE3
:102D200008807047002140481C300188001F00883F
:102D300041EA0040704700B50246FFF7E0FF100C83
:102D4000394918310880091D0A80FFF7E1FF00BDED
:102D500000B50246FFF7D3FFC2F303403249083102
:102D60000880091D0A80FFF7D3FF00BD00B50246A9
:102D7000FFF7C5FF100C2C4920310880091D0A807F
:102D8000FFF7C6FF00BD0020274910310988090759
:102D9000080B2549143109880843704700BF2248B1
:102DA000001D008800F020000028F8D070471E4861
:102DB000001D00884FF6F77108401B49091D088067
:102DC00000BF1948001D008800F008000028F8D056
:102DD000704701460020144A121D12880A400AB1A9
:102DE000012000E0002070470F49091D0988814338
:102DF0000D4A121D11807047014600200A4A121D1B
:102E000012880A40D0B2084A12880A4012B108B1AA
:102E1000012000E0002070470349091D0988814313
:102E2000014A121D118070470028004030BF7047D2
:102E300072B6704762B6704710B54FF4A060FDF7E8
:102E400039FB10BD7FB505460C4601211020FEF769
:102E5000B8FBADF80850ADF804400020ADF80A000A
:102E6000ADF8060001A91948FEF7D6FC012211466B
:102E70001648FFF748F836208DF8000003208DF83B
:102E800001008DF8020001208DF803006846FDF76F
:102E900016FB01210D48FFF71BF800200C490860C4
:102EA0007FBD0B490860704710B501210748FFF747
:102EB000D8FA012805D10648006810B10448006816
:102EC000804701210148FFF7DDFA10BD00100040E6
:102ED0002800002010B56FF00400FDF73AFB4FF01A
:102EE000E020006940F002004FF0E021086142F26A
:102EF000283048610846006940F00100086110BDB3
:102F0000F0B504460D4600212AE001EB81008B4E0E
:102F100056F8200010BB01EB810046F8204001204C
:102F200001EB8106854F07EB8606707401EB81008B
:102F30003E4606EB8000456001EB810006EB800019
:102F4000826001EB810006EB80000374002001EB3E
:102F5000810607EB8606F0600846F0BD481CC1B24A
:102F60001E29D2DBFF20F8E710B50146002027E03C
:102F700000EB8002714B53F822208A421ED10022BE
:102F800000EB80036D4C44F8232000EB800304EB3E
:102F900083035A7400EB800304EB83035A6000EB55
:102FA000800304EB83039A6000EB800304EB83034C
:102FB0001A7400EB800304EB8303DA60421CD0B286
:102FC0001E28D5DB10BD002100EB80025B4B43F8CF
:102FD000221000EB800203EB8202517400EB8002AE
:102FE00003EB8202516000EB800203EB82029160EE
:102FF00000EB800203EB8202117400EB800203EB12
:103000008202D1607047002048E000EB80014B4A0B
:1030100002EB8101097CE9BB00EB800102EB81013D
:10302000497C012938D100EB800102EB8101C9689C
:1030300081BB00EB800102EB8101496859B100EBD3
:10304000800102EB81014968491E00EB80023B4B85
:1030500003EB8202516000EB8001384A02EB8101F0
:103060004968B9B9012100EB8002344B03EB8202BD
:10307000D16000EB80011A4602EB8101896849B1F9
:1030800000EB800102EB8101896800EB800203EB19
:10309000820200E000E05160411CC8B21E28B4DB8F
:1030A000704710B5002440E004EB8400234901EB95
:1030B0008000407C012836D104EB840051F82000C8
:1030C00088B304EB840001EB8000007C012806D16A
:1030D00004EB8401194A52F82100804723E004EBF5
:1030E0008400164901EB8000007CE0B904EB840009
:1030F00001EB8000C068B0B104EB84010F4A52F8C4
:1031000021008047002004EB84010C4A02EB81017E
:10311000C86004EB8400114601EB8000806810B9A0
:103120002046FFF750FF601CC4B21E2CBCDB10BD54
:1031300010B504F04AFEFFF766FF10BDC40D002075
:10314000002000210160704710B5FFF7C3FE04F0B6
:1031500019FD04F0B5FD04F07BFC06F0B5FB03F0AF
:10316000D1FC02F079FB04F0D6FB01F0CAFC01F0BF
:1031700068FD01F098FE02F055F901F044F811F0F5
:1031800021FB07F085FE05F058FD07F036FD0446EB
:103190000EF006F840F25371032000F0E3FF012324
:1031A0000A2211463548FFF7ABFE00230A221146DA
:1031B0003348FFF7A5FE00230A2205213148FFF717
:1031C0009FFE0123002205212F48FFF799FE0023CF
:1031D000642208212D48FFF793FE00234FF47A72F2
:1031E00005212B48FFF78CFE00230A2211462948AF
:1031F000FFF786FE00230A2211462748FFF780FECC
:1032000000230A2211462548FFF77AFE00230A22EE
:1032100011462348FFF774FE00230A221146214875
:10322000FFF76EFE0023642219461F48FFF768FE71
:1032300000230A2219461D48FFF762FE00230A22D6
:1032400005211B48FFF75CFE0123002205211948D8
:10325000FFF756FE00230A224FF4FA611648FFF7E3
:103260004FFE00230A2211461448FFF749FE10BD05
:1032700010B5FFF716FF00F08CFF10BD356B00088E
:10328000575D0008E3450008F7460008E57A0008A6
:10329000257A0008637C0008A78500080B47010811
:1032A0007F1D0108351501084DD600083D9900081D
:1032B000E5D200080FD300088B5400081D8E0008CB
:1032C00070B503460C4603E014F8015B03F8015B9C
:1032D0001500A2F10102F7D170BD30B5034601E03F
:1032E00003F8011B1400A2F10102F9D130BD00B5B1
:1032F0007C494FF42072C8680021FFF7EEFF79493E
:103300004FF4A04288680021FFF7E7FF01207549CC
:10331000087400BD0022002105E07248C068405CCE
:1033200000B1521C491CB1F5207FF6D364205043F4
:103330004FF42073B0FBF3F0C0B270472DE9F041B9
:1033400006460024A0466748007C10B96549086815
:1033500080471EB94FF0FF30BDE8F0816248006839
:10336000B6FBF0F085B260480068B6FBF0F100FBF8
:10337000116008B1681C85B25C480068441E1BE0FF
:103380005848C068005D20B908F101001FFA80F8B4
:1033900001E04FF00008A8450DD1002704E0514995
:1033A000C968E2198D547F1CAF42F8D34E490968B1
:1033B00004FB01F0D0E7641E002CE1DA4FF0FF308F
:1033C000CAE770B505464748007C20B945490868FA
:1033D0008047012070BD46480068854212D24248AD
:1033E0000068B5FBF0F13F48C068425C002405E08E
:1033F00000203C4BDB680E199855641C9442F7DBA7
:103400000020E7E70220E5E72DE9F04105463548D1
:10341000007C20B9334908688047BDE8F081314815
:1034200080682E1A3248006886421ED22E4B1B68D6
:10343000B6FBF3F02B4BDB68195C2A46002402E054
:1034400000231355641C284B1B684B43A342F7D839
:10345000002407E00023234FFF6800EB040C07F86B
:103460000C30641C8C42F5DBD7E700BFD5E770B5A4
:10347000044604B970BD1B488068251AFFF7D8FCC4
:103480002046FFF7C1FFFFF7D5FC00BFF2E770B59C
:103490000546FFF7CDFC2846FFF750FF0446FFF72F
:1034A000C9FC601C08B9002070BD0E48806820442B
:1034B000FAE770B506460C462046FFF73FFF054683
:1034C000681C08B9002070BD064989684819224661
:1034D0003146FFF7F5FE3046FFF7C9FF0148806827
:1034E0002844F0E738000020300000202C000020A5
:1034F00034000020012080F3138800BF00BF65481E
:10350000006800F4E06064490843001D61490860F8
:10351000BFF3408F00BF00BFFEE72DE9F05F064616
:103520000F4690460024B3463D46A14617E0687812
:103530004FEA002A28788244AD1C2046641C574973
:1035400021F810A0B4F5806F07D100244FF48062F9
:10355000584600F0DAF80BF5006B09F10209C14595
:10356000E5D324B1A2B24D49584600F0CEF8BDE8EB
:10357000F09F10B50446206849490840B0F1005F4B
:1035800008D16068474908602068FCF765FE454837
:103590000068804710BD08B54FF6FF70009002220A
:1035A0006946414800F0B1F84048FFF7E2FF08BD26
:1035B0003E483849091F08607047F0B59BB0054682
:1035C0000E461746684600F02BF9324629466846F3
:1035D00000F0FBFC17A9684600F05CFD002409E040
:1035E000395D17A8005D814202D000201BB0F0BDFC
:1035F000601CC4B2102CF3DBFF20F7E738B504469B
:10360000221D2B482168FFF7D8FF50B10020009001
:1036100002226946244800F078F8FCF720FEFF20DB
:1036200038BD0020FCE738B50446221D204821683B
:10363000FFF7C3FF40B100200090022269461A48FC
:1036400000F063F8FF2038BD0020FCE70020194996
:10365000088019490860704710B50446208815494C
:103660000988884214D1628813490968104BC81828
:10367000211DFFF752FF0F480088401C0D490880AC
:1036800060880D49096808440B490860FF2010BD97
:103690000020FCE70CED00E00000FA059C62002031
:1036A0000000FE2F4C000020001400080018000845
:1036B00000A801085000002054000020014608889E
:1036C00070472DE9F04105460E461746002407E0F5
:1036D00036F814102846FDF74EFAAD1C601C84B273
:1036E000BC42F5DBBDE8F08130B503460C4615461B
:1036F000002207E01846FFF7E1FF24F812009B1CA8
:10370000501C82B2AA42F5DB30BD2DE9F05F804645
:103710008A461746B8F1006F02D33848804501D376
:10372000BDE8F09FFDF7DFF8A8F1006B4FEADB255D
:10373000CBF34909C9F58064A74200DC3C464EE062
:103740004FF0006101EBC5204A142D49FFF7CCFF73
:1037500000260BE009EB0600294931F810004FF66E
:10376000FF71884200D003E0701C86B2A642F1DBF4
:1037700000BFA6421BDA4FF0006101EBC520FDF748
:10378000F7F8002608E03AF8160006EB09011C4A93
:1037900022F81100701C86B2A642F4DB4FF00061E3
:1037A00001EBC5204A141649FFF78BFF04E02246BF
:1037B00051464046FFF785FFA74200D110E06D1C3F
:1037C0004FF000090AEB440A08EB4408381B87B2A3
:1037D000B7F5806F02DD4FF4806400E03C46AFE750
:1037E00000BFFDF78CF800BF9AE713B5044601222D
:1037F00001A92046FFF789FF1CBD00000000040856
:103800009C6A0020014600BF704700BF704770B53A
:1038100004460D46E1B2012005F0A9FE204670BD28
:10382000002101604160FE498160FE4AC260CA43D6
:103830000261FC4AD2434261704770B503460024DE
:10384000002010E00E5C451C4D5D46EA0526851CF7
:103850004D5D46EA0546C51C4D5D46EA056543F8E3
:103860002450641C001D9042ECD370BD2DE9F04340
:10387000C0B080468946D8F80040D8F80450D8F83F
:103880000860D8F80C70402249466846FFF7D5FF1B
:1038900005EA060027EA0501084300990844E249C1
:1038A00008440444E00140EA54642C4404EA05005E
:1038B00026EA0401084301990844DC490844074406
:1038C000380340EA1757274407EA040025EA0701AE
:1038D000084302990844D64908440644700440EA63
:1038E000D6363E4406EA070024EA06010843039957
:1038F0000844D04908440544A80540EA95253544C4
:1039000005EA060027EA0501084304990844CA4964
:1039100008440444E00140EA54642C4404EA0500ED
:1039200026EA0401084305990844C44908440744A9
:10393000380340EA1757274407EA040025EA07013D
:10394000084306990844BE4908440644700440EA06
:10395000D6363E4406EA070024EA060108430799E2
:103960000844B84908440544A80540EA952535446B
:1039700005EA060027EA0501084308990844B24908
:1039800008440444E00140EA54642C4404EA05007D
:1039900026EA0401084309990844AC49084407444D
:1039A000380340EA1757274407EA040025EA0701CD
:1039B00008430A990844A0F524404F38064470048F
:1039C00040EAD6363E4406EA070024EA06010843E8
:1039D0000B9908449E4908440544A80540EA9525EA
:1039E000354405EA060027EA050108430C99084416
:1039F000984908440444E00140EA54642C4404EA31
:103A0000050026EA040108430D9908449249084438
:103A10000744380340EA1757274407EA040025EA19
:103A2000070108430E9908448C4908440644700471
:103A300040EAD6363E4406EA070024EA0601084377
:103A40000F990844864908440544A80540EA95258D
:103A5000354405EA070026EA0701084301990844AE
:103A6000804908440444600140EAD4642C4404EAD8
:103A7000060025EA06010843069908447A490844E5
:103A80000744780240EAD757274407EA050024EAAA
:103A9000050108430B990844744908440644B003DF
:103AA00040EA96463E4406EA040027EA0401084339
:103AB000009908446E4908440544280540EA153534
:103AC000354405EA070026EA07010843059908443A
:103AD000684908440444600140EAD4642C4404EA80
:103AE000060025EA060108430A9908446249084489
:103AF0000744780240EAD757274407EA050024EA3A
:103B0000050108430F9908445C4908440644B00382
:103B100040EA96463E4406EA040027EA04010843C8
:103B200004990844564908440544280540EA1535D7
:103B3000354405EA070026EA0701084309990844C5
:103B4000504908440444600140EAD4642C4404EA27
:103B5000060025EA060108430E9908444A4908442C
:103B60000744780240EAD757274407EA050024EAC9
:103B70000501084303990844444908440644B00336
:103B800040EA96463E4406EA040027EA0401084358
:103B9000089908443E4908440544280540EA15357B
:103BA000354405EA070026EA070108430D99084451
:103BB000384908440444600140EAD4642C4404EACF
:103BC000060025EA060108430299084432490844E0
:103BD0000744780240EAD757274407EA050024EA59
:103BE00005010843079908442C4908440644B003DA
:103BF00040EA96463E4406EA040027EA04010843E8
:103C00000C990844264908440544280540EA15351E
:103C1000354485EA0600784005990844214943E087
:103C20000123456789ABCDEF78A46AD756B7C7E8BB
:103C3000DB702024EECEBDC1AF0F7CF52AC68747CE
:103C4000134630A8019546FDD8988069AFF7448B9C
:103C5000BED75C892211906B937198FD8E4379A633
:103C60002108B44962251EF640B340C0515A5E2671
:103C7000AAC7B6E95D102FD65314440281E6A1D835
:103C8000C8FBD3E7E6CDE121D60737C3870DD5F4CE
:103C9000ED145A4505E9E3A9F8A3EFFCD9026F67D3
:103CA0008A4C2A8D4239FAFF08440444200140EA34
:103CB00014742C4484EA0500704008990844FC49B7
:103CC00008440744F80240EA5757274487EA0400AB
:103CD00068400B990844F74908440644300440EA18
:103CE00016463E4486EA070060400E990844F249B1
:103CF00008440544E80540EA5525354485EA0600B0
:103D0000784001990844ED4908440444200140EA00
:103D100014742C4484EA0500704004990844E8496E
:103D200008440744F80240EA5757274487EA04004A
:103D3000684007990844E34908440644300440EACF
:103D400016463E4486EA070060400A990844DE4968
:103D500008440544E80540EA5525354485EA06004F
:103D600078400D990844D94908440444200140EAA8
:103D700014742C4484EA0500704000990844D44926
:103D800008440744F80240EA5757274487EA0400EA
:103D9000684003990844CF4908440644300440EA87
:103DA00016463E4486EA0700604006990844CA4920
:103DB00008440544E80540EA5525354485EA0600EF
:103DC000784009990844C54908440444200140EA60
:103DD00014742C4484EA050070400C990844C049CE
:103DE00008440744F80240EA5757274487EA04008A
:103DF00068400F990844BB4908440644300440EA2F
:103E000016463E4486EA0700604002990844B649D7
:103E100008440544E80540EA5525354465EA0700AD
:103E2000704000990844B14908440444A00140EAA4
:103E300094642C4464EA0600684007990844AC493D
:103E400008440744B80240EA9757274467EA050048
:103E500060400E990844A74908440644F00340EA2C
:103E600056463E4466EA0400784005990844A24953
:103E700008440544680540EAD525354465EA07004D
:103E800070400C9908449D4908440444A00140EA4C
:103E900094642C4464EA06006840039908449849F5
:103EA00008440744B80240EA9757274467EA0500E8
:103EB00060400A990844934908440644F00340EAE4
:103EC00056463E4466EA04007840019908448E490B
:103ED00008440544680540EAD525354465EA0700ED
:103EE000704008990844894908440444A00140EA04
:103EF00094642C4464EA060068400F99084484499D
:103F000008440744B80240EA9757274467EA050087
:103F10006040069908447F4908440644F00340EA9B
:103F200056463E4466EA040078400D9908447A49B2
:103F300008440544680540EAD525354465EA07008C
:103F4000704004990844754908440444A00140EABB
:103F500094642C4464EA060068400B990844704954
:103F600008440744B80240EA9757274467EA050027
:103F70006040029908446B4908440644F00340EA53
:103F800056463E4466EA040078400999084466496A
:103F900008440544680540EAD5253544D8F80000B2
:103FA0002044C8F80000D8F804002844C8F80400E9
:103FB000D8F808003044C8F80800D8F80C00384495
:103FC000C8F80C0040B0BDE8F0832DE9F047044686
:103FD0000F4615460026B046B1462088C0F3C508F6
:103FE000C8F14009206800EBC50020602068B0EBF4
:103FF000C50F02D26068401C6060606800EB5570BD
:1040000060604D451CD304F1180101EB08004A46DD
:10401000394614F0F8FF04F1180104F10800FFF725
:1040200025FC4E4605E0B91904F10800FFF71EFC17
:10403000403606F14000A842F5D94FF0000800E0F4
:104040000026AA1BB91904F1180303EB080014F0A9
:10405000DAFFBDE8F08770B5034614460022002061
:1040600015E011F822501D5431F82250C5F30726EF
:10407000451C5E5551F82250C5F30746851C5E5518
:1040800051F822502D0EC61C9D55521C001DA042F9
:10409000E7D370BD2DE9FC4104460E4600250027FC
:1040A0002088C0F3C505382D40D2C5F138003FE067
:1040B00081F6718722619D6D0C38E5FD44EABEA44E
:1040C000A9CFDE4B604BBBF670BCBFBEC67E9B2843
:1040D000FA27A1EA8530EFD4051D880439D0D4D958
:1040E000E599DBE6F87CA21F6556ACC4442229F4AE
:1040F00097FF2A43A72394AB39A093FCC3595B6570
:1041000092CC0C8F7DF4EFFFD15D84854F7EA86F3C
:10411000E0E62CFE144301A3A111084E827E53F762
:1041200035F23ABDBBD2D72A91D386EBC5F17800E0
:104130000746082221466846FFF78DFF3A460849A0
:104140002046FFF742FF082269462046FFF73DFF61
:10415000102204F108013046FFF77DFFBDE8FC8125
:104160005C00002070B505460C4645F25550FDF741
:1041700027F82846FDF727F82046FDF727F8FDF732
:1041800028F8FDF72BF870BD4AF6AA20034908600D
:10419000704700B5FFF7F8FF00BD00000030004099
:1041A00070B5054600240AE02146002001F068FAB7
:1041B00081B2F94800EB44000180601CC4B2082CB5
:1041C000F2DB00240BE02146012001F059FA81B214
:1041D000F148203000EB44000180601CC4B2082C80
:1041E000F1DB00240BE02146022001F049FA81B204
:1041F000E948403000EB44000180601CC4B2082C48
:10420000F1DB70BD70470020E44981F8A10281F81C
:10421000A0024FF41670A1F88C020020A1F89202BF
:10422000A1F89002A1F88E02012081F88A020020F4
:1042300081F8880281F8A20281F8890281F8A3023C
:1042400081F8810281F88002142081F8820270478F
:1042500070477047D14890F88202704710B5044605
:10426000CE4890F8820208B9002010BDCB4991F8E1
:104270008012CA4A02EB411020222146FFF720F8A3
:10428000C64890F88002401CC44981F88002084664
:1042900090F88202401E81F88202084690F880025F
:1042A000142802D1002081F88002FF20DDE710B53C
:1042B0000446BA4890F88202142801D1002010BDAB
:1042C000B64890F88102B54A02EB40112022204600
:1042D000FEF7F6FFB14890F88102401CAF4981F823
:1042E0008102084690F88202401C81F8820208464A
:1042F00090F88102142802D1002081F88102012067
:10430000DDE7F0B589B004460D4616461F46F1B20A
:104310008DF8121000218DF8131000208DF8100078
:10432000E9B28DF8111005940797002102910391CD
:104330008DF800006846FFF791FF09B0F0BD2DE948
:10434000F04389B080460C4616461F46DDF8409083
:104350002546A9788DF81210E9788DF81310287881
:104360008DF8100069788DF81110CDF81890CDE90E
:1043700002678DF800806846FFF770FF09B0BDE85E
:10438000F083864981F8A2027047844890F8A2021F
:10439000704770B50446207C01F04CFA002848D1E3
:1043A00002207E4981F8A002207C01F017FA48BB68
:1043B0007A48B0F88C02B0F5967F51DA207C02F092
:1043C000DFFC18B9207C02F0C8FC20B1E07C401E64
:1043D000E074012070BD7148B0F88C0200283FD114
:1043E0006E4890F8A10258B101206C4981F8A002F2
:1043F000084690F8A102401E81F8A1020220E9E7D8
:104400000320E7E7207C01F0E9F90546012D0ED1F4
:10441000207C02F0B5FC18B9207C02F09EFC20B193
:10442000E07C401EE0740520D4E70420D2E706209B
:10443000D0E7207C01F0EFF9012811D1207C02F0B7
:104440009FFC18B9207C02F088FC48B1E07C401E3B
:10445000E074627CA17C207C01F0FDF80120B9E7CA
:104460000020B7E770B5044600264D48007830B10B
:10447000012811D0022828D003280CD152E00020B6
:10448000464981F8A00201204549087040F2DC50FD
:104490004249A1F8920299E0627CA17C207C01F063
:1044A000ABF888B1207C02F06BFC207C02F055FC5C
:1044B0004FF416703949A1F88C020220384908706F
:1044C0001E203649A1F8920280E0207C01F0B2F96A
:1044D000022826D1207C02F053FC207C02F03DFC17
:1044E00001F0BDFA20B12D4890F8A002012804D1B6
:1044F00000202A4981F8A10203E00120274981F820
:10450000A1020120254981F8A00203202449087056
:1045100040F2DC502149A1F892024FF41670A1F844
:104520008C0253E02046FFF734FF0546072D4BD29F
:10453000DFE805F004050E172038410044E0FF26AF
:104540000020174908701E201449A1F892023BE090
:1045500001201349087040F2DC501049A1F8920282
:1045600032E0032600200E4908701E200B49A1F8F6
:10457000920229E0627CA17C207C01F094F808B1D1
:10458000042600E001260020054908701E2003498A
:10459000A1F8920218E0000069010020A07200203A
:1045A000C901002005260020FD4908701E20FD4994
:1045B000A1F8920208E002260020F94908701E20A6
:1045C000F849A1F8920200BF00BF00BF00BFF54844
:1045D000B0F8920218B90E260020F1490870304652
:1045E00070BD00B5EF4890F8A00202280BD1ED484D
:1045F000B0F88C02002806DDEA48B0F88C02401EB4
:10460000E849A1F88C02E748B0F89602642807DA76
:10461000E448B0F89602401CE249A1F8960205E091
:10462000FFF7F0FD0020DF49A1F89602DD48B0F861
:104630009202002806DDDB48B0F89202401ED949FC
:10464000A1F89202D748B0F89002002806DDD548BC
:10465000B0F89002401ED349A1F89002D148B0F8BA
:104660008E02002806DDCF48B0F88E02401ECD49EC
:10467000A1F88E02CB48B0F89402002806DDC948A4
:10468000B0F89402401EC749A1F89402C548B0F89A
:104690009802002806DDC348B0F89802401EC149C0
:1046A000A1F89802BF48B0F89A02002806DDBD487C
:1046B000B0F89A02401EBB49A1F89A02B948B0F876
:1046C0009C02002806DDB748B0F89C02401EB549A0
:1046D000A1F89C0200BD437A00F10A0202EB8302BA
:1046E0001160427A521C427270470146487A0A228F
:1046F00002EB800070477CB5AA4890F8A2020F2810
:1047000076D2DFE800F00875C3757575755A8FF5B8
:10471000659AF4F35600A448FFF7C9FDE8B10120FB
:10472000A04981F88902A048807CA04988709E48F1
:10473000C07CC8709C48007C08709B48407C4870D6
:104740009948406948600020487208720120C1F809
:104750002A000E20FFF715FE2AE09248B0F89E02CC
:1047600010B39048B0F89C02F0B900208D49A1F830
:104770009E020CF021FDC0B100F091FB50B109F098
:104780002EF918B102200FF095F911E003200FF077
:1047900091F90DE000F06BFB18B105200FF08AF9DC
:1047A00006E004200FF086F902E000200FF082F905
:1047B00086E10220FFF7E5FD82E141F658336422ED
:1047C0000121002003F080FA0A20FFF7DAFD77E1EB
:1047D000002003F09CFA20BB002003F0AFFA40B9A0
:1047E00073497248FFF777FF0220FFF7CAFD18E010
:1047F00065E16F4966316D48FFF76DFF6A48C06932
:1048000030B16A4BD3F82A105868674BDA69904781
:10481000664AD2F82A10506800F0B8FC0020FFF772
:10482000B0FD4DE141F6583364220021084603F003
:104830004BFA0B20FFF7A5FD42E1002003F067FAD9
:1048400018BB002003F07AFA38B959495748FFF7E6
:1048500042FF0220FFF795FD17E0554969315348A3
:10486000FFF739FF5048C06930B1504BD3F82A10D8
:1048700058684D4BDA6990474C4AD2F82A10506874
:1048800000F084FC0020FFF77CFD19E14648FFF7AB
:10489000E9FD04462046042C37D007DC68B1012826
:1048A0000CD0022816D0032865D122E0052838D084
:1048B0000E2845D0FF285ED14EE05CE008200FF0C6
:1048C000F9F84FF497703949C1F82A000D20FFF725
:1048D00058FD50E008200FF0EDF84FF49870334980
:1048E000C1F82A000D20FFF74CFD44E045E0B8E098
:1048F000ACE008200FF0DEF840F22D102B49C1F893
:104900002A000D20FFF73DFD35E008200FF0D2F81A
:104910004FF497702549C1F82A000D20FFF731FDAB
:1049200029E02249087803F0AFF807200FF0C2F819
:1049300002201E49C1F82A000D20FFF722FD1AE0CF
:1049400008200FF0B7F84FF497701849C1F82A0003
:104950000D20FFF716FD0EE01449087803F094F8D7
:1049600007200FF0A7F802201049C1F82A000D20F7
:10497000FFF707FD00BF00BFA2E00B48C06930B1E0
:104980000A4BD3F82A105868074BDA699047074852
:10499000D0F82A0040F22D1188420BD101200AE004
:1049A000C9010020A0720020487500206875002011
:1049B000E0A501000020D8B1424890F8A3020228E7
:1049C00007DA404890F8A302401C3E4981F8A30250
:1049D0002AE006F07DF8682803D16A2006F07BF80B
:1049E00022E006F075F8F8B9662006F074F81BE0CE
:1049F0003548D0F82A00022801D1012000E000202B
:104A000090B100202F4981F8A30206F061F86A28CE
:104A100003D1682006F05FF806E006F059F8662832
:104A200002D1002006F057F8274AD2F82A10506821
:104A300000F0ACFB0020FFF7A4FC01202149A1F805
:104A40009E024FF4FA70A1F89C0239E041F6583307
:104A500064220021084603F037F90C20FFF791FC8F
:104A60002EE0002003F053F940BB002003F066F96C
:104A700020B916491448FFF72EFE04E013496931A6
:104A80001148FFF728FE1248806970B10E48FFF701
:104A90002CFE85B20E48C1688068CDE900010C4942
:104AA00008782A468B6908499847074AD2F82A109D
:104AB000506800F06BFB0020FFF763FC00E000BFD4
:104AC00000BF7CBDA072002068750020E0A5010039
:104AD0004875002010B5044614B902F0DBFC10BD87
:104AE0003A4800EBC400C079F9E710B504461CB998
:104AF00002F0D3FCC0B210BD344800EBC400807992
:104B0000F9E710B5324800F0FCF8314B9A78597843
:104B10001B7803F0010002F0C4FC04222C492B484E
:104B2000FEF7CEFB04222A49091D28480830FEF76B
:104B3000C7FB04222649083124481030FEF7C0FB89
:104B400010BD38B505460C46207820B9E278A1782A
:104B5000607802F0A6FC617820781D4A12F82000E7
:104B600061F30000217802F82100A078217802EB9F
:104B700081014870E07840B2217802EB81018870B1
:104B8000104600F0A6F861782078104A12F830003C
:104B900061F30000217802F83100A078217802EB5F
:104BA000C1014870E07840B2217802EBC101887001
:104BB00020788DF8000000208DF8020001208DF88B
:104BC000010000208DF8030038BD0000967500201C
:104BD000AE7500200146F84830F811007047F748DC
:104BE00090F8FE007047F54890F8FC007047F0B56B
:104BF0000346002400201A4600BF03E0156828443D
:104C0000121D641CB4EB910FF8D301F0030555B1EC
:104C100001F00306C6F10406F7004FF0FF36FE4030
:104C2000156835402844F0BD02460B46002104E0DB
:104C3000505C08B100207047491C9942F8D3FF200E
:104C4000F9E710B5DE48DF4908604FF43171DD48FF
:104C50000068FFF7CCFF0446DA480068D0F8C402C9
:104C6000A04226D1F4B94FF43171D6480068FFF75D
:104C7000DBFFFF280FD14FF43171D048FFF7B7FFAA
:104C80000446CE48C0F8C4424FF4B2720146CC4844
:104C9000FEF73BFD1CE04FF4B272C849C848FEF76E
:104CA00023FD15E04FF4B272C449C548FEF71CFD60
:104CB0000EE04FF43171C148FFF799FF0446BF4839
:104CC000C0F8C4424FF4B2720146BD48FEF71DFD64
:104CD00010BD70B504460C222146B8482430FEF7BA
:104CE000EFFA4FF43171B548FFF781FF0546B3483D
:104CF000C0F8C4524FF4B2720146B148FEF705FD48
:104D000070BD10B504460C22AC4924312046FEF794
:104D1000D7FA10BD70B50446CC222146A7483030E2
:104D2000FEF7CEFA4FF43171A448FFF760FF054655
:104D3000A248C0F8C4524FF4B2720146A048FEF730
:104D4000E4FC70BD10B50446CC229C4930312046AD
:104D5000FEF7B6FA10BD70B50446242221469748E6
:104D6000FEF7AEFA4FF431719448FFF740FF054665
:104D70009248C0F8C4524FF4B27201469048FEF710
:104D8000C4FC70BD10B5044624228C492046FEF7B1
:104D900097FA10BD70B5044680222146864820301F
:104DA000FEF78EFA4FF431718448FFF720FF054675
:104DB0008248C0F8C4524FF4B27201468048FEF7F0
:104DC000A4FC70BD10B5044680227B4920312046EA
:104DD000FEF776FA10BD70B505460C462246294608
:104DE0007548A330FEF76CFA744880F8A1414FF47F
:104DF0003171FFF7FCFE06467048C0F8C4624FF4FC
:104E0000B27201466E48FEF780FC70BD70B5054673
:104E10000C46224629466848C330FEF751FA6748D7
:104E200080F8A2414FF43171FFF7E1FE0646634876
:104E3000C0F8C4624FF4B27201466148FEF765FCE7
:104E400070BD10B504465D4890F8A12100F2A31191
:104E50002046FEF735FA10BD10B50446574890F8C5
:104E6000A22100F2C3112046FEF72AFA10BD5348D2
:104E700090F8A201704770B50446504880F8A041F0
:104E80004FF43171FFF7B3FE05464C48C0F8C452E9
:104E90004FF4B27201464A48FEF737FC70BD4748EE
:104EA00090F8A001704710B50024474847490860B2
:104EB000C42146480068FFF79AFE0446434800684C
:104EC000D0F8C400A04221D1D4B94048006800887D
:104ED0004AF2A00188420DD0C4213D48FFF787FE69
:104EE00004463B48C0F8C440642201463648FEF7F9
:104EF0000CFC18E0642236493348FEF7F5FB12E05B
:104F0000642233493048FEF7EFFB0CE0C4213048FF
:104F1000FFF76DFE04462E48C0F8C44064220146E7
:104F20002948FEF7F2FB10BD10B50446542228496B
:104F3000091D2046FEF7C4F910BD70B50446542281
:104F400021462348001DFEF7BBF9C4212048FFF786
:104F50004EFE05461E48C0F8C450642201461A4859
:104F6000FEF7D3FB70BD10B5044620221849583116
:104F70002046FEF7A5F910BD70B504462022214653
:104F800013485830FEF79CF9C4211148FFF72FFE53
:104F900005460F48C0F8C450642201460A48FEF78F
:104FA000B4FB70BD10B504462A2209497831204669
:104FB000FEF786F910BD0000D0020020D0010020CD
:104FC00000D80308CC01002000EC0308980400205E
:104FD0009C04002070B504462A2221465148FEF761
:104FE0006FF9C4214F487838FFF701FE05464D4858
:104FF0007838C0F8C450642201464B48FEF785FB60
:1050000070BD10B50446202246492A312046FEF7DD
:1050100057F910BD70B504462022214641482A3078
:10502000FEF74EF9C4213F487838FFF7E0FD05460A
:105030003C487838C0F8C450642201463A48FEF72C
:1050400064FB70BD08B50020009001226946374816
:10505000FEF74AFBBDF8000008BD08B5002000902F
:10506000012269463148801CFEF73EFBBDF8000076
:1050700008BD08B500200090012269462B48001D9C
:10508000FEF732FBBDF8000008BD08B50020009017
:10509000012269462548801DFEF726FBBDF8000069
:1050A00008BD70B504460D46B4F5616F09DAC4EB6E
:1050B000C4011E4A083202EB81000E222946FEF787
:1050C00013FB70BD70B504460D46B4F5616F09DA87
:1050D000C4EBC401154A083202EB81000E222946B6
:1050E000FEF713FB70BD01B5012269460F48FEF7BC
:1050F0000CFB08BD01B5012269460C48801CFEF777
:1051000004FB08BD01B5012269460848001DFEF7F1
:10511000FCFA08BD01B5012269460448801DFEF76E
:10512000F4FA08BD1405002000EC0308004802084A
:1051300070B588B00546FFF790FF064600240AE0E8
:10514000A0B201A9FFF7ADFF0398A84202D1012048
:1051500008B070BD641CB442F2D30020F8E770B50B
:1051600088B00546FFF779FF064600240AE0A0B2A2
:1051700001A9FFF796FF0398A84202D1069808B04C
:1051800070BD641CB442F2D30220F8E7F0B587B0DA
:1051900005460E46FFF761FF074600240DE0A0B26A
:1051A0006946FFF77EFF0298A84205D10596A0B296
:1051B0006946FFF787FF02E0641CBC42EFD300BFE3
:1051C00007B0F0BDF0B587B007461C2239466846E7
:1051D000FEF776F8FFF741FF0546FFF74AFF064660
:1051E000FFF753FF0446069469462046FFF76AFF1F
:1051F000B5F5616F0ADA681C85B240F60F6084422B
:1052000002DA601C84B211E000240FE040F60F6067
:10521000844202DA601C84B200E0002440F60F6091
:10522000864202DA701C86B200E000262846FFF7AC
:1052300061FF3046FFF766FF2046FFF76BFF07B0C0
:10524000F0BD2DE9F04F9BB004460D4617464FF0D8
:10525000000BD9462088BA49A0FB0110A078B94AB2
:1052600050430918E078B84A00FB02F00918207989
:1052700042F2107200FB02F0091860794FF06402EC
:1052800000FB02F00918A07908181A902888AC4988
:10529000A0FB0110A878AB4A00FB02F00918E878DF
:1052A000A94A00FB02F00918287942F2107200FBAB
:1052B00002F0091868794FF0640200FB02F0091847
:1052C000A87908181990FFF7C8FE8246C84654E02E
:1052D0001FFA88F012A9FFF7E4FEBDF848009849CC
:1052E000A0FB01109DF84A00964A504309189DF80A
:1052F0004B00954A00FB02F009189DF84C0042F261
:10530000107200FB02F009189DF84D004FF0640286
:1053100000FB02F009189DF84E000E181A988642FC
:1053200029D31998864226D8BBF5787F00DB26E082
:1053300009F10109DDE91423DDE91610CDE90423A3
:10534000CDE906109DF84E009DF84D109DF84C20BB
:105350009DF84B30CDE90032CDE902109DF84A307E
:10536000BDF8482079A109A813F00CFC1FB109A9C8
:10537000384613F03CFE08F10108D045A8D300BF21
:1053800048461BB0BDE8F08F2DE9F04399B00446C4
:105390000D464FF000090027FFF75FFE804600260C
:1053A00039E0B0B212A9FFF77CFEBDF848002188B1
:1053B00088422FD19DF84A00A17888422AD19DF8D1
:1053C0004B00E178884225D1B9F5BF5F00DB24E0CE
:1053D0007F1CDDE91423DDE91610CDE90423CDE9B6
:1053E00006109DF84E009DF84D109DF84C209DF83C
:1053F0004B30CDE90032CDE902109DF84A30BDF8BE
:1054000048205AA109A813F0BDFB1DB109A92846DF
:1054100013F0EDFD761C4645C3D300BF384619B0E6
:10542000BDE8F08310B50024FFF70CFE0446012C04
:105430000CD00020FFF75EFE0020FFF763FE002087
:10544000FFF768FE0120FFF74EFE01E000BF00BF3E
:1054500010BD88B0002413E0039401200690482C6E
:1054600001D100BF00BF01A8FFF7ACFE2046FFF747
:1054700076FE06900698012801D000BFFEE7641C66
:10548000B4F57A6FE8D300BFFEE770B596B000249C
:1054900000250026032001F023FC10B101203D4926
:1054A00008703C480078002847D03A48407810B14E
:1054B000012841D115E03848FFF7C3FC364937A031
:1054C00013F054FB0EA8FFF74EFD0EA937A013F002
:1054D0004DFB12A939A013F049FB01202D4948705A
:1054E0002AE0FFF7BAFD054600241EE0A0B207A996
:1054F000FFF7D7FDDDE90923DDE90B10CDE9032333
:10550000CDE905109DF822109DF821009DF820207E
:10551000CDE9002002919DF81F309DF81E20BDF8B6
:105520001C102BA013F022FB641CAC42DED3002025
:1055300018494870087000BF00BF16B070BD000069
:1055400000E40B5400E1F50540420F0025346425CA
:1055500032642532642532642532642532642F2575
:10556000642F25642F25642F25642300253034649F
:10557000253032642530326425303264253032647F
:10558000253032642F25642F25642F25642F256450
:105590002300000064050020BA7500200D0A0D0AE2
:1055A000C9E8B1B849443A25730D0A00574946493C
:1055B000C3FBB3C63A25730D0A000000574946499C
:1055C000C3DCC2EBA3BA25730D0A0D0A000000006C
:1055D000253034642530326425303264253032641D
:1055E00025303264253032642F25642F25642F2521
:1055F000642F25640D0A000070B504460E4615465A
:1056000024B92946304600F03DF970BD04EB840012
:1056100000EBC4008F4901EBC000807808B1002086
:10562000F3E7012004EB840101EBC401894A02EB9A
:10563000C101087104EB840000EBC400114601EBCA
:10564000C000867104EB840000EBC40001EBC000D5
:105650004571FF20D9E770B504460D46164624B9BA
:105660003146284600F01EF970BD002004EB84018D
:1056700001EBC401774A02EBC101087100BFF3E7F7
:1056800070B504460D461CB9284600F010F970BDEF
:1056900004EB840000EBC4006E4901EBC00008304D
:1056A00050F82500F3E770B504460E4615466CB970
:1056B00029462046FFF7E4FF04EB840101EBC40117
:1056C000644A02EBC101083141F8250004EB840073
:1056D00000EBC4005F4901EBC000083050F8251012
:1056E0000120B040014009B1012070BD0020FCE75D
:1056F000024602EB820000EBC200564B03EBC000F7
:10570000283050F831007047024602EB820000EB6F
:10571000C200504B03EBC0004078704770B50446A0
:105720000E4615466CB929462046FFF7E1FF04EB0B
:10573000840101EBC401474A02EBC101283141F861
:10574000350004EB840000EBC400424901EBC000CB
:10575000283050F835100120B040014009B1012037
:1057600070BD0020FCE770B504460D461CB9284604
:1057700000F04CF970BD04EB840000EBC400354927
:1057800001EBC000283000EBC5004068F2E770B5BF
:1057900004460E46154674B929462046FFF7E3FF36
:1057A00004EB840101EBC4012A4A02EBC101283158
:1057B00001EBC501486004EB840000EBC4002549FF
:1057C00001EBC000283000EBC50040680121B1406A
:1057D000084008B1012070BD0020FCE710B5044668
:1057E00014B900F034F910BD04EB840000EBC400E0
:1057F000184901EBC0004078F5E710B5044614B92C
:1058000000F029F910BD04EB840000EBC40011493D
:1058100011F83000F6E710B5044614B900F01FF98E
:1058200010BD04EB840000EBC4000A4901EBC0008A
:10583000C078F5E710B5044614B900F0DBF810BDE8
:1058400004EB840000EBC400024901EBC000807847
:10585000F5E70000FC75002010B500240CE00021E5
:1058600004EB440000EB0412FE4840F822106038BC
:1058700040F82410601CC4B2082CF0DB00F06CFE71
:1058800010BD70470246F7487838807C08B1002088
:1058900070470120F34B783B1875184682754175A7
:1058A000FF20F5E70022EF4B783B1A757047014661
:1058B000EC48603850F8210070470246E9486038EB
:1058C00050F8210001239340184008B1012070478F
:1058D0000020FCE70146E348403850F831007047AB
:1058E0000146E0487838407C704710B50246DD48F4
:1058F000403850F831000124944000EA04030BB111
:10590000012010BD0020FCE730B5024601EB41004C
:1059100000EB0114D34800EB84004068012494405C
:1059200000EA040393B101EB410000EB0114CD4800
:1059300000EB84004068984301EB410404EB01153F
:10594000C84C04EB85046060012030BD0020FCE7FA
:1059500030B5024601EB410000EB0114C14800EBF9
:10596000840080680124944000EA040393B101EBB1
:10597000410000EB0114BB4800EB840080689843B1
:1059800001EB410404EB0115B64C04EB8504A06067
:10599000012030BD0020FCE710B5024601EB4100BC
:1059A00000EB0114AF4850F824000124944000EAB1
:1059B00004030BB1012010BD0020FCE7024601EBFF
:1059C000410000EB0113A74800EB83000C3030F8D6
:1059D00012007047A3487838C0687047024601EB50
:1059E000410000EB01139F4800EB83002C3030F89E
:1059F000120070479B487838807C70479948783807
:105A0000017D09B1012070470020FCE7014695485F
:105A1000403800EBC1004068704710B5024691481D
:105A2000403800EBC10040680124944000EA0403C0
:105A30000BB1012010BD0020FCE702460B4689484F
:105A40007838417C09B1012070470020FCE7854887
:105A50007838407C704783487838007C70478148AC
:105A60007838C07C704710B57E487838007D38B1F2
:105A700000207D4908707D4908707D49087010BD7F
:105A800079480078052808DA77480078401C76497C
:105A900008707648007800F00EFB734800780528FF
:105AA0007ED173480178022000F0C6FE88B16D48AF
:105AB00060386F49097850F821006C490A78012153
:105AC0009140084367496039694A127841F82200D9
:105AD00010E0644860386649097850F8210063494D
:105AE0000A780121914088435E496039604A127802
:105AF00041F822005E480178012000F09DFEB8B117
:105B00005B48007800EB400101EB0011554850F86C
:105B1000210056490A7801219140084354490978E7
:105B200001EB410202EB01124E4941F8220016E05E
:105B30004F48007800EB400101EB0011494850F854
:105B400021004A490A78012191408843484909784F
:105B500001EB410202EB0112424941F822004448A4
:105B60000178012000F0C6FEC0B14148007800EB8A
:105B7000400101EB00113B4800EB810040683B49CC
:105B80000A780121914008433949097801EB410223
:105B900002EB0112334901EB82014860344800E016
:105BA00036E00178012000F080FEC0B13048007876
:105BB00000EB400101EB00112A4800EB81008068F6
:105BC0002A490A780121914008432949097801EBC3
:105BD000410202EB0112234901EB8201886000209F
:105BE0002149087022480078401C21490870084665
:105BF000007808280CD1002008701C480078401C50
:105C00001A49087008460078102801D10020087051
:105C100000F09EFC13497839C86000BF2FE770B5CB
:105C200010487838007D18B10E487838807C00B96B
:105C300070BD0C487838857D447D284600F03BFADD
:105C40002146012000F0F8FDD0B104EB440000EB48
:105C50000411044850F821000121A940084304EB35
:105C6000440107E0AC7700206705002068050020AC
:105C70006905002001EB0412F84941F8220010E008
:105C800004EB440000EB0411F44850F8210001211A
:105C9000A940884304EB440101EB0412EF4941F8A9
:105CA00022002146012000F025FE90B104EB4400C3
:105CB00000EB0411E94800EB810041680120A84095
:105CC000014304EB440000EB0412E44800EB8200C3
:105CD00041602146012000F0E8FD90B104EB440052
:105CE00000EB0411DD4800EB810081680120A84031
:105CF000014304EB440000EB0412D84800EB82009F
:105D000081602146012000F01AFE014604EB4400A8
:105D100000EB0412D14800EB82000C3020F8151083
:105D20002146012000F017FE04EB440101EB0412B0
:105D3000CA4901EB82012C3121F8150000F008FC62
:105D4000C6497839C86000BF72E710B5FFF78BFE0F
:105D5000FFF765FF10BD2DE9F0410125FFF783FE38
:105D6000FFF75DFFBD487838007D28B9BB4878381B
:105D7000807C08B9BDE8F081B8487838007D40B92A
:105D80000021B6487838817400F082F900F072F989
:105D90006BE1B2487838807C30B1B0487838C08840
:105DA000401CAE497839C880AC487838807CF8B956
:105DB0004FF41670A949783988800121A7487838AE
:105DC00081740020A5497839C88048800021A34803
:105DD000783841740020A149783948810874887D59
:105DE00000F069F99D497839487D00F0FEFA3CE100
:105DF0009A487838C088052820D1984A783A517D49
:105E0000907DFFF7A5FD954A783A517D907DFFF78B
:105E10007BFD924A783A517D907DFFF7BDFD20B120
:105E200001218E487838C17403E000218B4878380E
:105E3000C174022189487838817416E1874878381E
:105E4000C0880528A4DD854878384088C0B38348D9
:105E50007838C088814978394988401A282897DDE0
:105E60007E487838867D477D807D05FA00F47B4842
:105E70007838417D383000EBC1004068A043774955
:105E800078394A7D383101EBC2014860734878386F
:105E9000417D383050F83100A043704978394A7D4F
:105EA000383141F832000020383948800875002127
:105EB0006A487838817400F0EBF800F0DBF8D4E041
:105EC000FFE7664A783A517D907DFFF741FD002853
:105ED0004FD062487838867D477D39463046FFF797
:105EE0006DFD642844DD39463046FFF767FDB0F5A7
:105EF000167F30DD59487838807D05FA00F400209F
:105F00005649783908740846417D383000EBC100A5
:105F10004068A043514978394A7D383101EBC201CC
:105F200048604E487838417D383050F83100A04301
:105F30004A4978394A7D383141F8320000203839F1
:105F400048800875002145487838817400F0A0F831
:105F500000F090F80CE039463046FFF72FFD64283A
:105F600006DD01203D49783908740846C08848801C
:105F70007BE03A487838C08838497839898888423F
:105F800024D136487838807D05FA00F433487838D3
:105F9000417D383000EBC100406820432F497839FB
:105FA0004A7D383101EBC201486001212B48783825
:105FB000417400202949783908750021274878382C
:105FC000817400F065F800F055F84EE0FFF702FD2F
:105FD0000646234916F060F82FD2204878384089C9
:105FE000962807DA1D4878384089401C1B497839C3
:105FF00048813AE019487838807D05FA00F417485E
:106000007838417D383050F83100204313497839D1
:106010004A7D383141F83200022110487838417405
:1060200000200E497839087500210C4878388174B1
:1060300000F02EF800F01EF817E008487838C08805
:10604000642812D1054A783A517D907DFFF7A4FC6F
:1060500040B1002001497839087406E0AC7700208F
:10606000CDCC4C3F01200249087400BF82E60000FD
:10607000347700200020F7490860F749C1F884010F
:10608000F44908390860F5490860091F086070473D
:106090000020F049091D0860EF49C1F89001ED4961
:1060A0000C310860EE490860EA4910310860EA499D
:1060B000C1F89C0170470021E64A121D1160E64AB2
:1060C000C2F89011E34A0C321160E54A1160E14ACE
:1060D00010321160E04AC2F89C11102873D2DFE838
:1060E00000F0081C31475C738AA0B5CBE2FCFBFAD8
:1060F000F9F80021D74A121D1160D74AC2F8901151
:10610000D44A0C321160D64A1160D24A1032116062
:106110000121D14AC2F89C1165E10121CD4A121D2D
:1061200011600021CC4AC2F89011CA4A0C321160A9
:10613000CB4A1160C74A103211600121C64AC2F829
:106140009C1150E10021C34A121D11600121C24A75
:10615000C2F890110021BF4A0C321160C04A116090
:10616000BC4A103211600121BB4AC2F89C113AE1CD
:106170000121B84A121D1160B74AC2F890110021DE
:10618000B44A0C321160B64A1160B24A1032116042
:106190000121B14AC2F89C1125E10021AD4A121D2E
:1061A0001160AD4AC2F890110121AA4A0C32116067
:1061B0000021AB4A1160A74A103211600121A64AA2
:1061C000C2F89C110FE1FBE00121A24A121D1160EF
:1061D0000021A14AC2F8901101219E4A0C3211609F
:1061E00000219F4A11609B4A1032116001219A4A96
:1061F000C2F89C11F7E00021964A121D116001219E
:10620000954AC2F89011934A0C3211600021944AC9
:106210001160904A1032116001218F4AC2F89C111E
:10622000E1E001218B4A121D11608B4AC2F89011E6
:10623000884A0C3211600021894A1160854A103267
:1062400011600121844AC2F89C11CCE00021814AEE
:10625000121D1160804AC2F890117E4A0C32116002
:1062600001217F4A116000217A4A10321160012118
:10627000794AC2F89C11B6E00121764A121D1160DC
:106280000021754AC2F89011724A0C321160012146
:10629000734A116000216F4A1032116001216E4A69
:1062A000C2F89C119FE000216A4A121D1160012171
:1062B000694AC2F890110021664A0C32116001212E
:1062C000674A11600021634A103211600121624A5D
:1062D00004E060E049E031E01AE002E0C2F89C111D
:1062E00081E001215B4A121D11605B4AC2F89011E6
:1062F0000021584A0C3211600121594A11600021D5
:10630000544A103211600121534AC2F89C116AE0CC
:106310000021504A121D11604F4AC2F8901101210C
:106320004C4A0C3211604E4A11600021494A103229
:1063300011600121484AC2F89C1154E00121454AEC
:10634000121D11600021444AC2F890110121414AF6
:106350000C321160424A116000213E4A1032116035
:1063600001213D4AC2F89C113DE00021394A121D2D
:1063700011600121384AC2F89011364A0C3211607E
:10638000374A11600021334A103211600121324A2C
:10639000C2F89C1127E001212E4A121D11602E4ADD
:1063A000C2F890112B4A0C3211602D4A1160002165
:1063B000284A103211600121274AC2F89C1112E0CC
:1063C0000021244A121D1160234AC2F89011214A6B
:1063D0000C321160224A11601E4A103211601E4AAE
:1063E000C2F89C1100BF00BF70470021194A11601C
:1063F000194AC2F88411174A083A1160174A116005
:10640000121F1160082871D2DFE800F004132C3D40
:106410004D5E718200210F4A11600F4AC2F884114B
:106420000C4A083A11600D4A11600121121F1160D7
:106430008CE00121074A11600021074AC2F884114B
:10644000044A083A1160054A11600121121F1160C7
:106450007CE000008881224200802242B00122427A
:10646000948121420021514A11600121504AC2F811
:10647000841100214D4A083A11604E4A11600121F1
:10648000121F116062E00121484A1160484AC2F8B7
:1064900084110021454A083A1160464A11600121E1
:1064A000121F116052E00021404A1160404AC2F8B8
:1064B000841101213D4A083A116000213D4A1160D2
:1064C0000121121F116041E00121384A11600021B1
:1064D000374AC2F884110121344A083A1160002178
:1064E000344A11600121121F11602FE020E00021C9
:1064F0002E4A116001212E4AC2F884112B4A083A13
:10650000116000212B4A11600121121F11601DE052
:106510000121264A1160264AC2F88411234A083A0A
:1065200011600021234A11600121121F11600DE04A
:1065300000211E4A11601E4AC2F884111B4A083A03
:1065400011601C4A1160121F116000BF00BF70472C
:1065500010B500F0D2FC10BD08B501216020FBF79A
:1065600023F801211448FAF7AEFD10208DF803003E
:1065700003208DF80200FF20ADF8000069460F48A7
:10658000FAF7D0FC2020ADF8000069460C48FAF775
:10659000C9FC4FF4C050ADF8000069460948FAF74D
:1065A000C1FCFFF767FDFFF773FD08BD888122423C
:1065B00000802242B001224200023000001401405B
:1065C000000C01400010014000B591B001214FF4D2
:1065D0000670FAF7E9FF01210846FAF7D8FF012112
:1065E0005548FAF770FD00208DF82F0003208DF834
:1065F0002E003020ADF82C000BA95048FAF792FC81
:106600000120ADF82C000BA94D48FAF78BFC4D4842
:10661000FCF740F94B484C3000904B48019000206B
:1066200002901E20039000200490802005904000DE
:10663000069080000790202008900002099000201A
:106640000A9069464148FAF7A7F801213F48FAF74E
:10665000CEF800200C9001208DF834008DF8350024
:106660004FF460200E9000200F9003208DF8400022
:106670000CA93448FCF735F9062301220E213148D4
:10668000FCF7C7F9062302220F212E48FCF7C1F9B7
:106690000623032208212B48FCF7BBF901212948D6
:1066A000FCF74BF901212748FCF752F90121254855
:1066B000FCF783F901212548FAF799F82148FCF7FE
:1066C0005EF900BF1F48FCF75FF90028FAD11D48AA
:1066D000FCF764F900BF1B48FCF765F90028FAD104
:1066E00001211848FCF769F901211848FAF77FF8E9
:1066F00011B000BD10B503460021022B01DD0020C2
:1067000010BD002209E002EB42000F4C04EB4000F8
:1067100030F813000144501CC2B20A2AF3DB0A20ED
:10672000B1FBF0F1B1FBF0F400FB1410052800D927
:10673000491C88B2E4E7000000023000001001406C
:10674000000C0140002401400C7A002008000240A7
:1067500010B50A4600210AE000EB4003C3EB8014A9
:10676000D64B03EB8403D0335A544B1CD9B200EB05
:106770004003C3EB8014D14B13F824308B42EBDC85
:1067800010BD10B500F080FC3F20CC4908390860EE
:106790000620486002200872C949C8480838C0F875
:1067A000F81005210020FFF7D3FF0821C34808385F
:1067B00080F8FC10C349C0F8EC1105210120FFF757
:1067C000C7FF0821BD48083880F8F011BE49C0F85D
:1067D000E01205210220FFF7BBFF0621B748083869
:1067E00080F8E412B949C0F8D41305210320FFF75B
:1067F000AFFF0621B148083880F8D813B449C0F873
:10680000C81405210420FFF7A3FF0421AB48083872
:1068100080F8CC14AF49C0F8BC1505210846FFF735
:1068200097FF10BD014601EB4100C0EB8112A34868
:1068300000EB820040687047024602EB4200C0EB6A
:1068400082139E4800EB8300406801238B40184070
:1068500008B1012070470020FCE710B5014601EBAC
:106860004102C2EB8113954A02EB8302D0680023F8
:1068700001EB4102C2EB8114904A02EB8402D36027
:1068800010BD10B5014601EB4102C2EB81138B4AEA
:1068900002EB83029068002301EB4102C2EB8114FA
:1068A000864A02EB8402936010BD10B5024602EBEB
:1068B0004200C0EB8213814800EB8300C0680123D3
:1068C0008B401840A0B102EB4200C0EB82137B4822
:1068D00000EB8300C06801238B40984302EB420326
:1068E000C3EB8214754B03EB8403D860012010BD09
:1068F0000020FCE710B5024602EB4200C0EB821319
:106900006E4800EB8300806801238B401840A0B1E3
:1069100002EB4200C0EB8213684800EB8300806802
:1069200001238B40984302EB4203C3EB8214634B79
:1069300003EB84039860012010BD0020FCE70246B1
:1069400002EB4200C0EB82135C4800EB8300103086
:1069500030F811007047024602EB4200C0EB821390
:10696000564800EB8300503030F81100704710B5E6
:1069700000F00AFD10BD2DE9F04104460127002575
:106980007AE007FA05F62846D4F8F0108847C0B335
:1069900004F19000405D20B9002104F1100020F8BE
:1069A000151004F1100030F815004FF6FF71884201
:1069B00009DA04F1100030F81500401C81B204F12E
:1069C000100020F8151004F19000415D4030405D4A
:1069D000814208DA04F19000405D401CC1B204F12C
:1069E0009000415546E060683040A8BB002104F1AA
:1069F000B0004155606830436060A0683043A060DB
:106A000038E0FFE704F1B000405D20B9002104F157
:106A1000500020F8151004F1500030F815004FF622
:106A2000FF71884209DA04F1500030F81500401C6B
:106A300081B204F1500020F8151004F1B000415D5E
:106A40002030405D814208DA04F1B000405D401C16
:106A5000C1B204F1B00041550CE06068304048B16B
:106A6000002104F1900041556068B0436060E06827
:106A70003043E060681CC5B22078A84281DCBDE8E4
:106A8000F08170B50126002411E006FA04F50B48E8
:106A900008380068284040B104EB4401C1EB84127F
:106AA000064901EB8200FFF766FF601CC4B2034891
:106AB00008384068A042E8D870BD0000507A002035
:106AC0002771000847710008D97100086D7200082D
:106AD000BD7200080D7300080146FB48C068012222
:106AE0008A40104008B1012070470020FCE70146B1
:106AF000F548806901228A40104008B101207047A2
:106B00000020FCE710B5FFF75FFDFFF73AFE10BD70
:106B1000017801290AD14168B1F57A7F03D2416831
:106B2000491C416005E00121C17002E00021C170F3
:106B30004160704710B5FFF7A4FF03210420FFF761
:106B40007BFEE249087003210420FFF7D3FEDF49F2
:106B500049780843DD49487003210420FFF7A5FE6A
:106B6000DA4989780843D94988700846FFF7D0FF89
:106B700000210520FFF760FED44981F8380000218C
:106B80000520FFF7B7FED14991F839100843CF49E6
:106B900081F8390000210520FFF787FECB4991F8E5
:106BA0003A100843C94981F83A0001210520FFF74E
:106BB00043FEC64981F8400001210520FFF79AFEF7
:106BC000C24991F841100143C04880F841100121A9
:106BD0000520FFF76AFEBD4991F842100143BB480A
:106BE00080F8421002210520FFF726FEB74981F800
:106BF000480002210520FFF77DFEB44991F84910B5
:106C00000143B24880F8491002210520FFF74DFEEC
:106C1000AE4991F84A100143AC4880F84A1003216C
:106C20000520FFF709FEA94981F85000032105203E
:106C3000FFF760FEA54991F851100143A34880F881
:106C4000511003210520FFF730FEA04991F85210A2
:106C500001439E4880F8521004210320FFF7ECFD09
:106C60009A4981F8580004210320FFF743FE974911
:106C700091F859100843954981F8590004210320DF
:106C8000FFF713FE914991F85A1008438F4981F894
:106C90005A0010BD8D4890F8580070478B4890F806
:106CA000590028B10021894880F859100120704707
:106CB0000020FCE7854890F85A0028B1002183485D
:106CC00080F85A10012070470020FCE70146042993
:106CD00001DB002070477D48383010F83100F9E7BB
:106CE0000146042901DB002070477848383000EB6A
:106CF000C100407838B100227448383000EBC10040
:106D000042700120F0E70020EEE70146042901DB94
:106D1000002070476D48383000EBC100807838B1F2
:106D200000226A48383000EBC10082700120F0E791
:106D30000020EEE70146022901DB0020704763488E
:106D400000EBC100C078F9E70146022901DB002011
:106D500070475E4810F83100FAE70146022901DB6E
:106D600000207047594800EBC100407830B1002046
:106D7000564A02EBC10250700120F2E70020F0E712
:106D80000146022901DB00207047504800EBC1009A
:106D9000807830B100204D4A02EBC1029070012092
:106DA000F2E70020F0E70146484800EBC100807898
:106DB00070470146454800EBC100407870470146E6
:106DC000022901DB002070474048283010F83100CC
:106DD000F9E70146022901DB002070473B482830D3
:106DE00000EBC100407838B100223848283000EB71
:106DF000C10042700120F0E70020EEE701460229C1
:106E000001DB002070473148283000EBC10080785A
:106E100038B100222D48283000EBC10082700120DB
:106E2000F0E70020EEE70146022901DB0020704771
:106E30002648083010F83100F9E70146022901DB45
:106E4000002070472148083000EBC100407838B17D
:106E500000221E48083000EBC10042700120F0E71C
:106E60000020EEE70146022901DB002070471748A9
:106E7000083000EBC100807838B100221348083098
:106E800000EBC10082700120F0E70020EEE7014630
:106E9000022901DB002070470C48183010F831003F
:106EA000F9E70146022901DB002070470748183046
:106EB00000EBC100407858B100220448183000EBC4
:106EC000C10042700120F0E76880002008800020A7
:106ED0000020EAE70146022901DB002070476148F3
:106EE00000EBC100807830B100225E4800EBC100A9
:106EF00082700120F2E70020F0E72DE9F05F022028
:106F0000FFF7F8FB8346584614F010FD8046564ABA
:106F1000564B14F05BFD064600224FF0804314F000
:106F200055FD044614F0B4FA82465046BDE8F09F81
:106F30002DE9FF5F83465846FFF7DCFB8246CAF522
:106F4000805014F091FF0190504614F0EFFC07467A
:106F50000022474B14F03AFD054614F099FA0090D0
:106F6000019914F09FFE03904249039814F0C8FF62
:106F7000054614F059FF81463F48B0F900004845E6
:106F800004D33D48B0F9B400484503D9FF2004B00C
:106F9000BDE8F09F00242AE0374830F91400484546
:106FA00005D93549601C31F9100048450AD33248EB
:106FB00030F91400484505D02F49601C31F9100004
:106FC000484512D12C49601C31F91000A9EB000191
:106FD000294A601C32F91000A0EB0900814201D956
:106FE000029402E0601CC0B20290601CC4B25A2C31
:106FF000D2DB0298CBE72DE9F84F04462046FFF795
:1070000079FB0090009814F091FC07464FF066322F
:107010001A4B14F0DBFC054614F03AFA83464FF0A5
:107020008B4114F03FFE8146484614F003FE0746AC
:10703000134A144B14F072FA054614F033FC00F0B6
:10704000FF0A5046BDE8F88F10B50120FFF770FF2A
:1070500010BD10B50020FFF76BFF10BD3220704748
:107060003220704720800020B4D934E70C684A3FB2
:107070000000244000007A44FAC1010866660A4014
:10708000B81E85EB51B89E3F08B501217D20FAF767
:107090008BFA0121D748FAF716F848208DF803003B
:1070A00003208DF802004FF4F850ADF80000694657
:1070B000D148F9F737FF4FF47070ADF8000069461A
:1070C000CE48F9F72FFF4FF47F40ADF80000694636
:1070D000CB48F9F727FF4FF63070ADF8000069464E
:1070E000C848F9F71FFF4FF46040ADF8000069464B
:1070F000C548F9F717FFF020ADF800006946BE4813
:10710000F9F710FF10208DF8030003208DF802001E
:107110000220ADF800006946BB48F9F703FF0120E3
:10712000BA49086008BD014611B1012909D103E03F
:10713000B7480068C0B27047B548001F0068C0B2C9
:10714000F9E70020F7E70146082943D2DFE801F01C
:10715000040B131B232B323AAE48006808B90120F8
:1071600070470020FCE7AB48001F006808B9012009
:10717000F6E70020F4E7A7480838006808B90120BE
:10718000EEE70020ECE7A3480C38006808B90120BE
:10719000E6E70020E4E79F481038006808B90120BE
:1071A000DEE70020DCE79C48006808B90120D7E74B
:1071B0000020D5E79848001F006808B90120CFE7F4
:1071C0000020CDE794480838006808B90120C7E7D7
:1071D0000020C5E70020C3E70146082944D2DFE8C4
:1071E00001F0040B131B232B333B8C48006808B9B8
:1071F000012070470020FCE78848001D006808B99E
:107200000120F6E70020F4E784480830006808B958
:107210000120EEE70020ECE780480C30006808B958
:107220000120E6E70020E4E77C481030006808B958
:107230000120DEE70020DCE778481430006808B958
:107240000120D6E70020D4E774481830006808B958
:107250000120CEE70020CCE76F480C38006808B961
:107260000120C6E70020C4E70020C2E70146062946
:1072700022D2DFE801F003080D12171C6448243005
:107280000068C0B27047624828300068C0B2F9E7B1
:107290005E4850380068C0B2F4E75C484C3800687B
:1072A000C0B2EFE7594848380068C0B2EAE75B4827
:1072B000001F0068C0B2E5E70020E3E701460629A9
:1072C00022D2DFE801F003080D12171C50480C30E1
:1072D0000068C0B270474E4810300068C0B2F9E78D
:1072E0004B4814300068C0B2F4E7494818300068D1
:1072F000C0B2EFE746481C300068C0B2EAE7444835
:1073000020300068C0B2E5E70020E3E7014631B174
:1073100001290CD0022912D0032920D117E03D48C1
:107320001438006808B9012070470020FCE739488C
:107330001838006808B90120F6E70020F4E735485E
:107340001C38006808B90120EEE70020ECE731485E
:107350002038006808B90120E6E70020E4E70020B3
:10736000E2E708B501210420FAF71EF928208DF87C
:10737000030003208DF80200F020ADF800006946FC
:107380001D48F9F7CFFD08BD70B50024FFF7E9FFF0
:1073900000252BE01848083001680F2020EA01047E
:1073A0001C482038006810B944F0010401E024F0C2
:1073B000010418481C38006810B944F0020401E0C8
:1073C00024F0020413481838006810B944F004048B
:1073D00001E024F004040F481438006810B944F0A8
:1073E000080401E024F00804681C85B2FF2DD1DBFD
:1073F000204670BD0002300000080140001001402E
:107400000014014000180140000C01408481214219
:1074100014012342300121422401224224812242CC
:10742000704720B14FF40051194A116103E04FF445
:107430000051174A51617047704720B14FF48041A5
:10744000134A116103E04FF48041114A51617047C2
:1074500008B501211020FAF7A7F84FF4C040ADF8A5
:10746000000010208DF8030003208DF8020069460B
:107470000748F9F757FD0020FFF7DFFF0020FFF76F
:10748000DBFF0020FFF7CDFF0020FFF7C9FF08BD9D
:1074900000100140FC48C0787047FB4890F902009A
:1074A000704710B5F94B1B7860F30003F74C23705D
:1074B0002346597053B2A37010BD10B50446F3486B
:1074C000007864F34100F1490870084600784108EB
:1074D000ED48007861F34100EB490870EB49097809
:1074E000C1F34000FFF79DFF10BD10B50446E7480B
:1074F000007864F38200E549087008460078810846
:10750000E148007861F38200DF490870DF490978BB
:10751000C1F38000FFF791FF10BD10B50446DB48B2
:10752000007864F3C300D949087008460078C108A0
:10753000D548007861F3C300D3490870D34909786E
:10754000C1F3C000FFF778FF10BD10B50446CF4867
:10755000007864F30410CD490870084600780109EA
:10756000C948007861F30410C7490870C749097811
:10757000C1F30010FFF754FF10BD10B5FFF76EFD0B
:1075800040B2C149C870084690F90300642804DC81
:10759000084690F9030005280BDABB484078022121
:1075A00041EA1010B849497860F30711B6484170B4
:1075B0000DE0B548C07850B1B34840780D2101EADC
:1075C0001010B149497860F30711AF484170FFF7D7
:1075D0003BFDFF2815D1AC484078012141EA10104D
:1075E000A949497860F30711A7484170A748407836
:1075F00018B90020A449887013E0FF20A2498870C0
:107600000FE0A14840780E2101EA10109E49497808
:1076100060F307119C484170FFF716FD40B29A498C
:1076200088709A48407838BB974890F9020097498B
:1076300091F90210884207DB934890F902009349C0
:1076400091F90210884207D18F48007820F020007D
:1076500020308D49087036E08B4890F902108B4835
:1076600090F90200C01C81422DDD8748007820F08F
:1076700020008549087026E0834890F9020083497C
:1076800091F90210884207DC7F4890F902007F4997
:1076900091F90210884207D17B48007820F0200041
:1076A0002030794908700EE0774890F90210774849
:1076B00090F90200C01E814205DA7348007820F07C
:1076C00020007149087010BD10B56F48007800F0B7
:1076D000010000B36C480078C0F34000D8B96A4894
:1076E0000078C0F34010B0B16748C0886749898905
:1076F000884205DA6448C088401C6349C8800EE0AF
:1077000000206149C88008460078C0F3800018B1A5
:107710000020FFF7EAFE02E00120FFF7E6FE10BDC1
:1077200010B55948408959494989884204DA564870
:107730004089401C544948815348408953494989EC
:1077400088421CD150480078C0F34010B8B90120DD
:10775000FFF7B3FE0120FFF7C8FE00204A49488129
:1077600008818880C8800846007820F040000870B2
:107770000846007820F00100401C087018E04348DB
:10778000408942490979401A3F49498988420FD1C5
:107790003E48407830B10020FFF7D7FE0120FFF7C8
:1077A000BCFE05E00120FFF7D0FE0020FFF7B5FE8C
:1077B00010BD10B53448007800F00100002850D00A
:1077C00031480078C0F34010002840D12E4800789E
:1077D000C0F3400020B92C480078C0F3801078B383
:1077E000294800892949C988884205DA264800893C
:1077F000401C2549088136E0234800892349C9886F
:10780000884211D120480078C0F3801060B9002070
:10781000FFF753FE00201C4988800846007820F0BE
:107820004000403008701EE01748808817490989D9
:10783000884206DA14488088401C1349888012E088
:1078400002E0FFF76DFF0EE0FFF76AFF0BE00E4866
:10785000007820F040000C4908700020FFF72DFE52
:1078600001E0FFF75DFF10BD10B500F0C6F918B9D3
:1078700001F03CFA01280BD10448007820F0010007
:10788000401C0249087009E08C800020988000208C
:107890006948007820F00100674908706648007860
:1078A00000F0010000B3644840786449497801F071
:1078B0000F01884215D0604841786048407861F3F4
:1078C00003005E494870002048810846007820F097
:1078D000010008700020FFF7F0FD0020FFF705FE13
:1078E00018E0FFF766FF15E05448007800F001004B
:1078F00080B10020514948810846007820F00100FD
:1079000008700020FFF7D9FD0020FFF7EEFD0020F2
:10791000FFF71BFE10BD10B50620474988700020F8
:1079200048700846007820F00100401C08704FF4B1
:10793000966088814FF4E150C8808010088105204E
:107940000871B4204881FFF783FD10BD10B53C4895
:1079500000780A2805DA3A480078401C384908704F
:107960005FE0002036490870FFF76EFB3549097863
:1079700088420BD1FFF76DFB33490978884205D166
:1079800003F0A6F83149096888424AD003F0A0F80C
:107990002E490860FFF758FB2A490870FFF759FB8A
:1079A00029490870FFF750FBFF281CD100200BF07D
:1079B00008FEFFF74EFBFF2809D100200BF09FFDCA
:1079C00003F086F808BB9A200BF0C8FE29E0FFF709
:1079D00040FB04460BF093FD03F07AF8A8B9982019
:1079E0000BF0BCFE1DE0FFF72FFB04460BF0E9FD9A
:1079F000FFF72FFBFF2809D100200BF080FD03F0DB
:107A000067F810B999200BF0A9FE0AE0FFF721FBF7
:107A100004460BF074FD03F05BF810B997200BF0EF
:107A20009DFE10BD10B5FFF7A8FDFFF74DFEFFF757
:107A30001BFFFFF78BFF10BD988000208C8000207B
:107A40006C0500206D0500206E05002070050020EB
:107A500008B501211020F9F7A7FD10208DF80300CB
:107A600003208DF802004FF48160ADF800006946F4
:107A70004048F9F757FA08213E48F9F702FB08BDDC
:107A800001203D490870704700B5024612B9FFF762
:107A9000F7FF03E00120394901F8220000BD10B5CD
:107AA0003748007801280ADA4FF480613148F9F745
:107AB000E6FA33480078401C3149087011E030483C
:107AC000007802280ADA4FF480612A48F9F7D9FAD7
:107AD0002B480078401C2A49087002E00020284901
:107AE000087010BD10B5FFF7DAFF2348007838B9E9
:107AF0002148407820B908211E48F9F7C0FA10BD86
:107B00001D48007838B900201B49487008211948E1
:107B1000F9F7B5FA2CE01848C078052805DA1648B8
:107B2000C078401C1449C87022E000201249C87077
:107B30000846407838B908210E48F9F7A2FA012022
:107B40000D49487014E00C488078092805DA0A4885
:107B50008078401C0849887003E0002006490870BE
:107B6000887008210348F9F78AFA00200249487012
:107B700000BFC4E70010014074050020A68000206B
:107B80007C05002008B501211920F9F70DFD012120
:107B90004648F9F798FA10208DF8030003208DF875
:107BA00002004020ADF8000069464148F9F7BAF9F3
:107BB00040213F48F9F765FA4FF40040ADF8000066
:107BC00069463C48F9F7AEF94FF400413948F9F7F6
:107BD00058FA08BD10B5012037494870C10335482F
:107BE000F9F74DFA10BD10B50020334948704FF435
:107BF00000413048F9F745FA10BD3048007808B91F
:107C0000002070472D480078012800D1F9E70220B4
:107C1000F7E72948807870470120274908707047A6
:107C2000002025490870704723480078704710B538
:107C300002210320FEF700FE2049087002210320E4
:107C4000FEF733FE1D49497808431C49487002215C
:107C50000320FEF74FFE19498978084317498870B9
:107C600010BD10B5FFF7E3FF13480078C0B1FFF770
:107C7000B1FF1148C078642805DA0F48C078401C6D
:107C80000D49C87011E00C48C07864280DD1FFF789
:107C9000AAFF00200849C87008700120887004E01D
:107CA000FFF7A1FF00200449C87010BD000230009A
:107CB000000C0140001001407D05002081050020DE
:107CC00010B500F0A2FD10BD70B5022800DB70BD3C
:107CD00000EB8004FE4D15F8244004B1F7E700EBFB
:107CE0008004FB4D05EB8404617000EB800405EB20
:107CF0008404A27000EB800405EB8404E38001247B
:107D000000EB8005F24E06F8254000BFDFE7014694
:107D1000022901DB0020704701EB8100EC4A12F8D8
:107D20002000F8E70146022901DB0020704701EB43
:107D30008100E74A02EB8000007AF7E7014602295A
:107D400001DB0020704701EB8100E14A02EB80007B
:107D5000407A00F00100F5E70146022901DB00202E
:107D6000704701EB8100DA4A02EB8000407AC0F3F1
:107D70008000F5E70146022901DB0020704701EB96
:107D80008100D34A02EB8000407AC0F34000F5E75F
:107D90000146022901DB0020704701EB8100CC4A3B
:107DA00002EB8000807AC0F34000F5E7014602292B
:107DB00001DB0020704701EB8100C54A02EB800027
:107DC000807A00F00100F5E7704700200FE000EB3B
:107DD0008001BF4A02EB8101498A491C8AB200EB4B
:107DE0008001BB4B03EB81014A82411CC8B20228CF
:107DF000EDDB704710B5002421E02046FFF713F8B3
:107E000004EB8401B24A02EB8101897A60F300013C
:107E100004EB840002EB800081722046FFF737F804
:107E200004EB8401AA4A02EB8101897A60F34101E3
:107E300004EB840002EB80008172601CC4B2022C4F
:107E4000DBDB10BD10B50020A2490870A4E3A148F7
:107E5000007800EB80009E4911F8200000287CD0BB
:107E60009C48007800EB800001EB8000007C082833
:107E700051D2DFE800F00451FBEFEEEDECEB95485A
:107E8000007800EB8000924901EB8000407A20F0FE
:107E900001019048007800EB80008D4A02EB8000E1
:107EA00041728C48007800EB8000114601EB8000A5
:107EB000407A20F004018748007800EB800002EB54
:107EC000800041728348007800EB8000114601EB8E
:107ED0008000407A20F002017E48007800EB8000AC
:107EE00002EB8000417201207A49097801EB81019F
:107EF00002EB8101087200217648007800EB8000D7
:107F000002EB8000418201207249097801EB810176
:107F100002EB8101087439E36E480078FEF783FFB5
:107F2000F0B36C480078FEF7B2FFC8B3002069498F
:107F3000097801EB8101664A02EB81010874022095
:107F40006449097801EB810102EB81010872614803
:107F5000007800EB8000114600E018E301EB8000A0
:107F6000407A20F00100401C5A49097801EB810158
:107F700002EB810148725748007800EB80001146FF
:107F800001EB8000407A20F00200801C5149097802
:107F900001EB810102EB8101487200204D4900E0B4
:107FA00005E0097801EB810102F821005DE0494814
:107FB000007800EB8000464901EB8000407838BB38
:107FC00044480078FEF72FFFC0B1002041490978EE
:107FD00001EB81013E4A02EB8101087402203D4918
:107FE000097801EB810102EB810108720020394917
:107FF000097801EB810102F8210036E002203549C1
:10800000097801EB8101324A02EB810108742CE00E
:1080100030480078FEF73BFFF0B100202D49097889
:1080200001EB81012A4A02EB8101087402202949EF
:10803000097801EB810102EB8101087200202549DA
:10804000097801EB810102F821000EE05FE21EE2F7
:10805000D7E185E154E009E002201E49097801EBEF
:1080600081011B4A02EB810108748FE219480078F4
:1080700000EB8000164901EB8000407860B915489C
:108080000078FEF7DAFE13480078FEF7EBFE1148A1
:10809000007800F0A3FA0BE00E480078FEF7CDFE62
:1080A0000C480078FEF7DEFE0A48007800F0ADFAD2
:1080B0000848007800EB8000054A02EB80008178D8
:1080C0000448007800F055FB0248007804E0000006
:1080D000B28000208905002000F072FA0021FB48E0
:1080E000007800EB8000FA4A02EB80004182032016
:1080F000F649097801EB810102EB8101087445E240
:10810000F2480078FEF78FFEE8B3F0480078FEF7FB
:10811000BEFEC0B3ED48007800F059FA0021EB48EC
:10812000007800F026FBE948007800F085FA00208E
:10813000E649097801EB8101E54A02EB8101087407
:108140000220E249097801EB810102EB810108720A
:10815000DE48007800EB8000114601EB8000407A99
:1081600020F00100401CD949097801EB810102EBA4
:1081700081014872D548007800EB8000114601EB80
:108180008000407A00E011E020F00200801CCF491E
:10819000097801EB810102EB810148720020CB4993
:1081A000097801EB810102F8210010BDC748007871
:1081B00000EB8000C64901EB8000408AC349097882
:1081C00001EB8101C24A02EB8101C98888427DDA54
:1081D000BE48007800EB8000114601EB800040783B
:1081E00058BBBA480078FEF71EFE002824D0B748D6
:1081F000007800F0ECF90021B448007800F0B9FAFA
:10820000B248007800F018FA0020B049097801EB74
:108210008101AF4A02EB810108740220AB49097861
:1082200001EB810102EB810108720020A749097866
:1082300001EB810102F8210091E0A4480078FEF7EB
:1082400026FE002827D0A148007800F0C0F90021C0
:108250009E48007800F08DFA9C48007800F0ECF918
:108260009A480078C0B900209849097801EB81014B
:10827000974A02EB8101087402209449097801EBC6
:10828000810102EB8101087200209049097801EB1D
:10829000810102F8210062E000208C49097801EB9D
:1082A00081018B4A02EB8101087402208749097819
:1082B00001EB810102EB81010872002083490978FA
:1082C00001EB810102F8210049E0FFE77F480078D7
:1082D00000F07DF900217D48007800F04AFA7B48E3
:1082E000007800F0A9F900207849097801EB8101B4
:1082F000774A02EB810108747448007800EB800033
:10830000114601EB8000407A20F00100401C6F49CB
:10831000097801EB810102EB810148726B4800781A
:1083200000EB8000114601EB8000407A20F0040051
:10833000001D6649097801EB810102EB8101487259
:1083400002206249097801EB810102EB8101087288
:1083500000205E49097801EB810102F8210015E156
:1083600000215A48007800EB8000594A02EB800057
:10837000418256480078E8B95649087800EBD07138
:108380004910A0EB410119B1012000F03EF902E0D3
:10839000012000F023F94D48007800EB80004C4AA2
:1083A00002EB80008178012000F0E3F9012000F069
:1083B00007F91CE04749087800EBD0714910A0EBA1
:1083C000410119B1002000F020F902E0002000F086
:1083D00005F93E48007800EB80003D4A02EB800042
:1083E0008178002000F0C5F9002000F0E9F80520B0
:1083F0003649097801EB8101354A02EB81010874A5
:10840000C4E03248007800EB8000314901EB800085
:10841000408AC8283ADD002000F0D9F8002108463B
:1084200000F0A7F9002000F007F9012000F0CFF8D4
:108430000021012000F09DF9012000F0FDF800214D
:108440002248007800EB8000214A02EB8000418244
:108450002048007803280DDA1E480078401C1D498A
:10846000087004201949097801EB810102EB8101B0
:1084700008740BE00020174908700620134909789A
:1084800001EB8101124A02EB810108747EE00021B8
:108490000E48007800EB80000D4A02EB800041821C
:1084A0000A480078C0B9012000F0AFF8074800780A
:1084B00000EB8000064A02EB80008178012000F08A
:1084C00058F9012000F07CF817E000008905002031
:1084D000B28000208A050020002000F096F836487F
:1084E000007800EB8000354A02EB800081780020A4
:1084F00000F03FF9002000F063F807202E490978CA
:1085000001EB81012D4A02EB810108743EE02A480B
:10851000007800EB8000294901EB8000408A0028A8
:1085200033DD002000F053F80021084600F021F967
:10853000002000F081F8012000F049F8002101201E
:1085400000F017F9012000F077F800211A480078B0
:1085500000EB8000194A02EB80004182002016499E
:10856000097801EB810102EB8101087402201249B4
:10857000097801EB810102EB8101087200200E49AC
:10858000097801EB810102F8210000BF00BF0A4811
:108590000078401C08490870074800780228FFF658
:1085A00056AC00BF01E610B5FFF70EFCFFF74AFC22
:1085B000FFF720FC10BD000089050020B2800020DC
:1085C00010B5044680219348F8F759FD10BD10B549
:1085D000044680218F48F8F754FD10BD10B50446BD
:1085E000012C08D101218C48F8F74BFD02218A4863
:1085F000F8F745FD08E03CB904218748F8F741FD4C
:1086000008218548F8F73BFD10BD10B50446012C44
:1086100008D101218048F8F732FD02217E48F8F7A1
:1086200030FD08E03CB904217B48F8F728FD08211B
:108630007948F8F726FD10BD10B50446012C08D185
:1086400001217548F8F71BFD02217348F8F717FD63
:1086500008E03CB904217048F8F711FD08216E4884
:10866000F8F70DFD10BD10B50446012C08D101210D
:108670006948F8F706FD02216748F8F702FD08E0AF
:108680003CB904216448F8F7FCFC08216248F8F77B
:10869000F8FC10BD08B501214920F8F785FF01213C
:1086A0005E48F8F710FD10208DF8030003208DF8C8
:1086B00002008020ADF8000069465648F8F732FC09
:1086C0000F20ADF8000069465348F8F72BFC18203E
:1086D0008DF8030003208DF802000002ADF80000C1
:1086E00069464C48F8F71EFC08BD00B587B001216B
:1086F0000420F8F766FF6320ADF8140040F2CF20A5
:10870000ADF810000020ADF81600ADF8120004A975
:108710004348F9F781F801214148F9F7D9FC0020D5
:10872000ADF806006020ADF800000120ADF80200B1
:108730000020ADF8080069463948F9F739F90821F1
:108740003748F9F70BFD40213548F9F7ABFC69468E
:108750003348F9F778F908213148F9F708FD402145
:108760002F48F9F7A8FC01212D48F9F7B1FB07B014
:1087700000BD7FB504460D46022C00DD7FBD642D93
:1087800000DD6425ADF806506020ADF80000012042
:10879000ADF802000020ADF80800012C0CD16946AC
:1087A0001F48F9F705F908211D48F9F7D7FC012101
:1087B0001B48F9F799FB0CE05CB969461848F9F7D2
:1087C00042F908211648F9F7D2FC01211448F9F7BB
:1087D0008BFB00BFD2E710B5FFF75CFFFFF785FF0B
:1087E0000020FFF740FF0120FFF73DFF0021084672
:1087F000FFF7BFFF00210120FFF7BBFF0020FFF7BD
:10880000E6FE0120FFF7E3FE10BD10B5FFF7E3FF22
:1088100010BD0000000C01400018014000023000B3
:108820000008004008B501211C20F8F7BDFE012119
:108830001948F8F748FC10208DF8030003208DF844
:1088400002000120ADF8000069461448F8F76AFB01
:108850000620ADF8000069461048F8F763FB0221D6
:108860000E48F8F70EFC04210C48F8F70AFC012129
:108870000A48F8F706FC01210848F8F700FC08BD93
:1088800010B501210548F8F7FAFB10BD10B501211C
:108890000248F8F7F6FB10BD00023000001001405E
:1088A00008B503208DF8000001208DF803008DF835
:1088B00001008DF802006846F7F701FE08BD014689
:1088C000CA1701EB92729210A1EB82022AB96422BC
:1088D00091FBF2F302FB131232B94FF4C87291FB11
:1088E000F2F302FB13120AB1012070470020FCE7EB
:1088F0002DE9FE4F07460C46904600200290C146E7
:108900008246834600260025019000903846FFF7F6
:10891000D6FF002832D00D2C2CD2DFE804F02B0734
:108920000A0D101316191C1F222528004FF0050AE6
:1089300023E04FF0010A20E04FF0020A1DE04FF063
:10894000050A1AE04FF0000A17E04FF0030A14E09E
:108950004FF0050A11E04FF0010A0EE04FF0040A53
:108960000BE04FF0060A08E04FF0020A05E04FF076
:10897000040A02E00020BDE8FE8F31E00D2C2CD26D
:10898000DFE804F02B070A0D101316191C1F22250F
:1089900028004FF0060A22E04FF0020A1FE04FF0D5
:1089A000020A1CE04FF0050A19E04FF0000A16E039
:1089B0004FF0030A13E04FF0050A10E04FF0010AF0
:1089C0000DE04FF0040A0AE04FF0060A07E04FF00E
:1089D000020A04E04FF0040A01E00020CBE700BFE8
:1089E000642097FBF0F100FB1170C5B22846E9172F
:1089F00005EB91718910019101982844C0B2009053
:108A00000721009890FBF1F201FB120000F0FF0B30
:108A10000BEB0A004844C6B2072E01DA029606E0C4
:108A2000072096FBF0F100FB1160C0B202900298A3
:108A3000A1E72DE9F05F06460F4690469946DDE92D
:108A40000AAB002440F2B270864203DB40F63300EA
:108A5000864202DD0120BDE8F09F40F2B2750AE0D7
:108A60002846FFF72CFF10B19948044401E09948CB
:108A70000444681C85B2B542F2DB781EC7B20025FB
:108A800010E09548405D40F2A321484304EBC01438
:108A90003046FFF714FF18B1012D01D18F4804446F
:108AA000681C85B2BD42ECDBA8F1010040F2A321B5
:108AB000484304EBC014C9EB4910C0EB092004EB98
:108AC0000014CAEB0A1004EB80045C4401214FF04F
:108AD000C050F8F776FD0120F8F79DFB2046FAF725
:108AE0002AF9FAF75BF90020B5E770B500260024F3
:108AF00000257B4806883604001D00880644774818
:108B0000B6FBF0F477480088A0423AD075490C8053
:108B100040F2B2750EE02846FFF7D1FE30B1B4F551
:108B2000B77F02D3A4F5B77402E006E0A4F26D1497
:108B3000681C85B2B4F5B67FEDD800BF6A48858061
:108B4000002516E068498888FFF7B9FE30B1012D8D
:108B500004D11D2C01D31D3C09E00CE05E48405DB2
:108B6000A04203D85C48405D241A00E003E0681C82
:108B700085B21C2CE6D200BF681C5B498871601C62
:108B8000C8715648B6FBF0F100FB11644FF4616008
:108B9000B4FBF0F0544908704FF46160B4FBF0F19D
:108BA00000FB11403C21B0FBF1F04F4948704FF4FD
:108BB0006160B4FBF0F100FB11403C21B0FBF1F22D
:108BC00001FB1200484988700B46DA799979988838
:108BD000FFF78EFE44490872002070BD2DE9FC4766
:108BE00004460D4616461F46DDE90A89FAF787F85E
:108BF000FAF7D4F83B46324629462046CDE90089AB
:108C0000FFF717FFFAF784F8BDE8FC8701463648FE
:108C1000808888803448807988713348C079C871E9
:108C20003148007A08723048007808702E48407841
:108C300048702D488078887070471CB50024012149
:108C40004FF0C050F8F7BDFC0120F8F7E4FAF7F751
:108C50009FFC4FF44070F8F730FC0120F8F733FC2C
:108C6000FAF79CF8FAF7A3F801210846FAF73AF860
:108C7000FAF794F8FAF743F84FF22440FAF768F855
:108C8000FAF78CF800200090034602460146019056
:108C9000FFF7CFFEFAF73CF8FFF702FEFFF725FFDC
:108CA00000201CBD10B50120FAF7A6F808B1FFF7A7
:108CB0001CFF0220FAF7A0F820B10220FAF7ACF866
:108CC000FFF713FF0520FAF7A7F8FAF767F810BDCA
:108CD0000085E2018033E101BCC20108805101003E
:108CE000182800408C050020DA800020C348007856
:108CF000704710B5C1480078012849D1FDF7CAFF77
:108D0000002841D0BE480068642807D2FDF7D2FF92
:108D1000BB480068401CBA4908607EE00020B849A2
:108D200008600320B54908700020487088700BF077
:108D3000B4F90AF0E0FF0AF080FF01F0C6FE18B1B6
:108D400009200AF0B7FE68E008F036FAC0B1FCF777
:108D5000A6F850B104F043FE18B102200AF0AAFEB2
:108D60005BE003200AF0A6FE57E0FCF780F818B19C
:108D700005200AF09FFE50E004200AF09BFE4CE024
:108D800000200AF097FE48E000209D49086044E07A
:108D90009A48007860BBFDF77DFF28B398480068CB
:108DA000B0F5967F07D2FDF785FF95480068401C17
:108DB0009349086031E000209149086002208F4902
:108DC0000870012048700020887012200AF072FE9E
:108DD0000020FDF7D5FF0020FDF7BFFF00208949E7
:108DE00008708949087018E000208549086014E07F
:108DF00082480078022806D1FDF75CFF68B10120A7
:108E00007E49087009E07D480078032805D1FDF708
:108E100051FF10B100207949087010BD10B5FFF75F
:108E200068FF76484078002877D07648007868B99F
:108E30000020FDF7BEFF18B90020FDF7B4FF28B1F0
:108E400001200BF079F801206E4908706B4880789A
:108E500006280AD2DFE800F0030A132D313B002078
:108E600066490871C87001208870C0E0634AD178F3
:108E70001079FCF707FD022060498870B7E0FCF725
:108E8000B9FDA8B9FCF7E3FD18B101205B490872F0
:108E900008E000205949087201200AF08AFF0120E9
:108EA000594908704FF496705449C880032088705F
:108EB0009DE004205149887099E0504B1A7A197945
:108EC000D8780AF0A8FE05204C4988708FE04B48FE
:108ED000C078A0B949480079032805DA47480079E5
:108EE000401C4649087106E00020444908710846C4
:108EF000C078401CC87001204049887076E03F4827
:108F0000C078012815D13D4800790A2806DA3B4887
:108F10000079401C3949087107E069E000203749B1
:108F200008710846C078401CC87001203349887019
:108F30005CE03248C078022814D1304800790A2811
:108F400005DA2E480079401C2C49087106E0002003
:108F50002A4908710846C078401CC870012027497A
:108F6000887043E02548C078032814D1234800794D
:108F70000A2805DA21480079401C2049087106E0DA
:108F800000201E4908710846C078401CC8700120A6
:108F90001A4988702AE01948C078042814D1174863
:108FA0000079052805DA15480079401C1349087135
:108FB00006E00020114908710846C078401CC870BE
:108FC00001200E49887011E00E48007810B9002089
:108FD0000AF0B2FF0C48007810B900200AF0E9FE50
:108FE00000200649C87008718870487000BF04E00E
:108FF00000200249C8700871887010BDE48000200C
:1090000094050020900500209105002010B504462D
:10901000F74850F82400408948B1F54850F824003A
:109020004089401EF24951F82410488120E0F04860
:1090300050F824000078D8B10020ED4951F82410F0
:109040000870EB4850F82400806988B1E84B53F869
:1090500024305988E64B53F82430D868E44B53F851
:1090600024309A6990470020E14951F82410488043
:1090700010BD012809D1DF49DD4A5160DE4952683F
:10908000D160DE49DA4A52681161022809D1DC490F
:10909000D74A9160DB499268D160DB49D44A926833
:1090A0001161704700B591B001214804F8F789FAC1
:1090B00001210846F8F76BFA01210420F8F774FA49
:1090C0000420ADF8400003208DF8420018208DF8F0
:1090D000430010A9CD48F7F725FF0820ADF8400060
:1090E00004208DF8430010A9C848F7F71BFF26207D
:1090F0008DF82C0000208DF82D0001208DF82E0019
:109100008DF82F000BA8F7F7DAF911208DF82C0055
:1091100000208DF82D0002208DF82E0001208DF802
:109120002F000BA8F7F7CBF9B9480090B1480069B8
:109130000190102002908001039000200490802074
:10914000059000200690079008904FF40050099079
:1091500000200A906946AF48F7F71EFB0122022162
:10916000AC48F7F750FB0021AA48F7F740FB012273
:109170008021A748001FF9F789FA4FF4E1300C90DD
:109180000020ADF83400ADF83600ADF83800ADF889
:109190003C000C20ADF83A000CA99D48001FF9F7DF
:1091A000B8F9012240F225519948001FF9F749FA10
:1091B000012240F224419648001FF9F742FA0122A9
:1091C00028219348001FF9F73CFA012260219048BA
:1091D000001FF9F736FA40218D48001FF9F70DFB03
:1091E00001218B48001FF9F720FA11B000BD00B52E
:1091F00091B001210820F8F7D7F901218804F8F788
:10920000E0F901210846F8F7C2F94FF48060ADF8A3
:10921000400003208DF8420018208DF8430010A96B
:109220007D48F7F77FFE4FF40060ADF84000042062
:109230008DF8430010A97848F7F774FE27208DF8C1
:109240002C0000208DF82D008DF82E0001208DF8C7
:109250002F000BA8F7F733F90C208DF82C00002015
:109260008DF82D0002208DF82E0001208DF82F00A2
:109270000BA8F7F724F9694800906148006901904C
:10928000102002904FF4C0500390002004908020E2
:10929000059000200690079008904FF40050099028
:1092A00000200A9069465B486438F7F775FA012296
:1092B000022158486438F7F7A6FA00215548643867
:1092C000F7F795FA012280215448001FF9F7DEF9DB
:1092D000524800904A48C0680190002002904FF424
:1092E000806003900020049080200590002006906C
:1092F000079008904FF44050099000200A9069466A
:1093000044485038F7F748FA012142485038F7F7F7
:109310006EFA012240214148001FF9F7B7F94FF4D6
:10932000E1300C900020ADF83400ADF83600ADF817
:109330003800ADF83C000C20ADF83A000CA93748D5
:10934000001FF9F7E6F840213448001FF9F755FAF5
:10935000012228213148001FF9F773F90122602109
:109360002E48001FF9F76DF9012240F224412B48E5
:10937000001FF9F766F901212848001FF9F755F990
:1093800011B000BD10B504462046FFF772FE012C57
:1093900001D1FFF787FE022C01D1FFF728FF10BD96
:1093A000012801D1134A5161022801D1144A5161A7
:1093B0007047012801D10F4A9161022801D1104A5A
:1093C0009161704701460A4850F821000078012851
:1093D00001D100207047064850F82100408820B194
:1093E000034850F821004088F4E70020F2E700002D
:1093F000F0800020048100202085002020810020B2
:10940000208900203CA100203C8900200008014068
:109410000444004080000240000C01400448004029
:109420000146FE4850F821004078012804D1FB484D
:1094300050F82100808870470020FCE710B50246F4
:109440000B46F64850F822000078012801D1002090
:1094500010BD002107E0F14850F82200C068405CD0
:109460005854481C81B2ED4850F822004088884288
:10947000F1DC0020E94C54F822406080FF20E7E74F
:109480000021E64A52F82020518070472DE9F04132
:1094900004460F461646E14850F82400407801285B
:1094A00063D0DE4850F824008680002507E0785D10
:1094B000DA4951F8241009694855681C85B2B5424B
:1094C000F5DB0120D54951F8241048707CB9D34808
:1094D00050F824008088D2498864D04850F824008D
:1094E000006908650121CE484430F7F780F9012C66
:1094F00012D1CA4850F824008088C94984310860D4
:10950000C64850F824000069C549C1F88C00012103
:10951000C3488030F7F76BF9022C0FD1BF4850F8E1
:1095200024008088BE490862BC4850F824000069C5
:1095300088620121BA481C30F7F759F9032C11D180
:10954000B64850F824008088B6490860B34850F8FF
:1095500024000069B349083108600121B148001FA7
:10956000F7F745F90120BDE8F0810020FBE770B571
:1095700004460D462E4654B92946AB48F9F7C2F8C1
:1095800000BF4021A848F9F72BF90128F9D1012C97
:109590000AD12946A548F9F7B5F800BF4021A348EC
:1095A000F9F71EF90128F9D1022C0AD12946A04861
:1095B000F9F7A8F800BF40219D48F9F711F90128F3
:1095C000F9D1032C0AD129469A48F9F79BF800BF34
:1095D00040219848F9F704F90128F9D170BD70B518
:1095E00040F225519148F9F711F910B392484069BA
:1095F00040B18E48F9F78AF8C4B28F4841692046D5
:10960000884716E001208C490870322048810846BE
:109610004088B0F5806F0CDA8448F9F777F8C1B26A
:10962000854842884088401C834B58801846C06853
:10963000815408217D48F9F7D3F850B17B48008860
:10964000C5B27A48001D0088C5B208217748F9F7ED
:10965000D4F804217548F9F7C3F850B1734800886D
:10966000C5B27248001D0088C5B204216F48F9F7E1
:10967000C4F802216D48F9F7B3F850B16B4800887F
:10968000C5B26A48001D0088C5B202216748F9F7D3
:10969000B4F801216548F9F7A3F850B16348008890
:1096A000C5B26248001D0088C5B201215F48F9F7C4
:1096B000A4F840F224415D48F9F7A8F8A0B15B484E
:1096C0000088C5B25948001D0088C5B25A48806953
:1096D00038B1594B5988D8689A6990470020564943
:1096E000488000205449087070BD10B54FF00070DC
:1096F000F7F7B7F860B14FF00070F7F7C6F8002041
:109700004D4948708880002145488030F7F76FF850
:1097100010BD70B540F225514548F9F777F810B300
:109720004648406940B14248F8F7F0FFC4B24348A8
:1097300041692046884716E001204049087005200D
:10974000488108464088B0F5806F0CDA3848F8F751
:10975000DDFFC1B2394842884088401C374B5880F1
:109760001846C068815408213148F9F739F850B1DA
:109770002F480088C5B22E48001D0088C5B20821B8
:109780002B48F9F73AF804212948F9F729F850B19C
:1097900027480088C5B22648001D0088C5B20421AC
:1097A0002348F9F72AF802212148F9F719F850B1AE
:1097B0001F480088C5B21E48001D0088C5B202219E
:1097C0001B48F9F71AF801211948F9F709F850B1BF
:1097D00017480088C5B21648001D0088C5B201218F
:1097E0001348F9F70AF840F224411148F9F70EF846
:1097F00030B30F480088C5B20D48001D0088C5B2BF
:10980000002107483030F6F7F2FF05483030F7F70F
:1098100005F8C0F580600949488012E0F08000201A
:10982000000002405C040240003801400044004057
:1098300000480040004C00400481002020890020A6
:1098400016E04FF480611448F6F7E6FF0121124854
:10985000F6F7CDFF1148806938B1104B5988D868A8
:109860009A69904700200D49488000200B490870F4
:1098700070BD10B52020F6F7F4FF58B12020F7F79F
:1098800004F80020054948708880002102481438F7
:10989000F6F7ADFF10BD0000300002402089002027
:1098A00010B5FEF7BFFF10BD70B505460C46042D80
:1098B00006D114B1FEF7E4FF01E0FEF7E7FF00E098
:1098C00000BF00BF70BD000010B5FFF7E9FF10BD7D
:1098D0002DE9FC47824688461646DDF83090002484
:1098E000002717E0022000FB07850DB9BDE8FC87C3
:1098F00069782878FFF7D8FF28780F4901F8140015
:10990000012001EB44014870042C01DA601CC4B250
:10991000781CC7B206EBD671B7EB610FE2DBB9F189
:10992000000F06D0002000906200034901905046CD
:10993000C84700BFDAE7000098050020704770476D
:1099400010B5044654222146F048F9F7B9FC6421C9
:10995000EF480FF0CFFBEFA3F0A2F4A1EC480FF01B
:1099600011F910BDFA48007830B101280DD0022855
:109970001AD003282FD11EE00020F6490880F649AE
:1099800008600120F249087025E0F2480088401C78
:10999000F049088008460088C82804DD00200880B7
:1099A0000220EB49087016E00120EB490860032013
:1099B000E74908700FE0E7480088401CE549088047
:1099C00008460088C82805DD00200880E0490870A6
:1099D000FF20704700BF00BF0020FAE7FF2070475C
:1099E00010B5DE48007878B10020DC490870C7481F
:1099F000FBF79AFA6421C6480FF07CFBC5A3C7A207
:109A0000CAA1C3480FF0BEF8FFF7E8FF10B1FF206E
:109A1000D3490870FFF7A6FF10B1FF20D1490870A5
:109A2000CF480078FF280AD1CE480078FF2806D119
:109A30000020CB490870CB490870FF2010BD0020E2
:109A4000FCE7C9494870704710B5C848007810B1A4
:109A5000012838D10CE04FF40071C5480FF04AFBE3
:109A60000921C4A003F06CFD0120C04908702CE05E
:109A7000C3A1BF480FF01BFA40B10020BB490870DA
:109A8000C1490880C1490880FF2010BDBE48008838
:109A9000401CBD49088008460088C82812DD002007
:109AA0000880B2490870B9480088401CB74908804E
:109AB00008460088052805DD00200880AB490870AD
:109AC000EE20E2E701E0EE20DFE700BF0020DCE768
:109AD00070B50024AE48007822287DD2DFE800F07F
:109AE000111E49568491C2CFEFEEEDECEBEA7C7C7F
:109AF000E9E8E7E67C7C7C7CE5E47C7C7C7C7C7C27
:109B0000E3E24FF400719A480FF0F4FA0421A1A0A7
:109B100003F016FD01209E49087010E39FA19448B0
:109B20000FF0C5F940B102209949087000209C4906
:109B300008809C4908701BE099480088401C98499F
:109B4000088008460088B0F5967F11DD0020088067
:109B50008F49087093480078401C92490870084665
:109B60000078052804DD00200870EE208849087080
:109B7000E5E24FF400717E480FF0BCFA0A218AA09A
:109B800003F0DEFC032082490870D8E289A17848FE
:109B90000FF08DF940B104207D4908700020804904
:109BA0000880804908701EE07D480088401C7C4980
:109BB000088008460088B0F5967F14DD00200880F4
:109BC00002207349087077480078401C7549087076
:109BD00008460078052800E07FE204DD00200870D8
:109BE000EE206B490870AAE24FF4007160480FF054
:109BF00081FA0A2171A003F0A3FC052064490870D2
:109C00009DE271A15A480FF052F920B96FA158484E
:109C10000FF04DF940B106205D4908700020604901
:109C20000880604908701CE05D480088401C5C4961
:109C3000088008460088B0F5967F12DD0020088075
:109C400004205349087057480078401C5549087053
:109C500008460078052804DD00200870EE204C49F5
:109C600008706CE24FF4007141480FF043FA0B2189
:109C700057A003F065FC0720454908705FE252A138
:109C80003B480FF014F920B950A139480FF00FF9F3
:109C9000B0B108203E490870002041490880414980
:109CA00008702AE0DBE1C9E1C4E1BFE192E184E1AF
:109CB00057E149E11BE10DE1D1E0C3E095E01DE092
:109CC00037480088401C3649088008460088B0F5AF
:109CD000967F12DD0020088006202D49087031484B
:109CE0000078401C2F49087008460078052804DDDC
:109CF00000200870EE202649087020E24FF4007121
:109D00001B480FF0F7F91F2168E00000240600202F
:109D10004BA50020313138383300000033392E395B
:109D2000362E31302E3235300000000041542B5198
:109D3000494F50454E3D312C302C22544350222C5B
:109D4000222573222C25732C302C310D0A000000A3
:109D5000800600207E060020840122428306002027
:109D60008106002082060020B0A500208406002085
:109D70003CA1002041542B43474D4D0D0A000000EB
:109D8000454332300000000088060020860600208F
:109D90008A06002041540D0A000000004F4B0000CD
:109DA0008C0600208B06002041542B4350494E3F27
:109DB0000D0A0000524541445900000041542B4314
:109DC0005245473F0D0A00002C3100002C350000A1
:109DD00041542B43475245473F0D0A00F1A003F081
:109DE000AFFB0920F7490870A9E1AFF25001F6482E
:109DF0000FF05DF840B10A20F24908700020F349E5
:109E00000880F34908701CE0F0480088401CEF49C6
:109E1000088008460088B0F5967F12DD0020088093
:109E20000820E8490870EA480078401CE8490870B2
:109E300008460078052804DD00200870EE20E1497E
:109E400008707CE14FF40071DF480FF053F90C21EA
:109E5000E0A003F075FB0B20DA4908706FE1AFF268
:109E6000C401D9480FF023F840B11020D54908703B
:109E70000020D6490880D64908702AE0D9A1D248E6
:109E80000FF015F840B10C20CE4908700020CF49E2
:109E90000880CF4908701CE0CC480088401CCB49A2
:109EA000088008460088B0F5967F12DD0020088003
:109EB0000A20C4490870C6480078401CC44908708C
:109EC00008460078052804DD00200870EE20BD4912
:109ED000087034E14FF40071BB480FF00BF90E210C
:109EE000C2A003F02DFB0D20B649087027E1AFF2A8
:109EF0005411B5480EF0DBFF40B10220B1490870A3
:109F00000020B2490880B24908701CE0AF480088C0
:109F1000401CAE49088008460088B0F5967F12DDE7
:109F2000002008800C20A7490870A9480078401C30
:109F3000A749087008460078052804DD002008704D
:109F4000EE20A0490870FAE04FF400719E480FF02F
:109F5000D1F80B21A9A003F0F3FA11209949087058
:109F6000EDE0AFF2C81198480EF0A1FF40B100201B
:109F700097490870954908801220924908701BE0A3
:109F800092480088401C914908800846008864284F
:109F900012DD0020088010208A4908708C48007863
:109FA000401C8B49087008460078032804DD002017
:109FB0000870EE2083490870C1E04FF400718248B8
:109FC0000FF098F8212190A003F0BAFA13207D49F0
:109FD0000870B4E0AFF23C217B480EF068FF40B15E
:109FE00000207B490870794908801820754908705D
:109FF0001BE076480088401C7449088008460088A9
:10A00000642812DD0020088012206E490870704814
:10A010000078401C6E49087008460078032804DD6B
:10A0200000200870EE206749087088E01920654913
:10A03000087084E020206349087080E04FF40071CC
:10A0400061480FF057F879480EF067FF054629463A
:10A05000764803F075FA21205A4908706FE074A120
:10A0600059480EF024FF40B1002056490870574966
:10A07000088057490870FF2070BD71A152480EF04A
:10A0800016FF60B10E2171A003F05AFA00204F496B
:10A0900008804F490870EE204A4908701CE04B4880
:10A0A0000088401C4949088008460088B0F5967F22
:10A0B00012DD0020088020204249087044480078C2
:10A0C000401C4349087008460078052804DD00203C
:10A0D0000870EE203B49087031E06048007820B1FC
:10A0E00001280BD0022828D114E0FFF777FC0446A2
:10A0F000FF2C02D10120594908701EE0FFF732FC05
:10A100000446FF2C05D102205449087000202F4935
:10A11000088012E02D480088B0F57A7F05DA2B48D8
:10A120000088401C2949088006E000202749088053
:10A13000244908704949087000BF00BF00BF00BF34
:10A14000002099E7464870474648704746480078DF
:10A150007047464870474648704700214548407858
:10A16000022804D12D20444A5054481CC1B2414811
:10A170008078414A5054481CC1B23E48C07850547F
:10A18000481CC1B22E205054481CC1B23948007935
:10A190005054481CC1B2374840795054481CC1B291
:10A1A0001046704741542B5149435347503D312C81
:10A1B000312C22434D494F54222C22222C22222C76
:10A1C000310D0A008A0600203CA100208C060020E8
:10A1D0008B06002041542B51494143543D310D0A17
:10A1E000000000004552524F5200000041542B51D4
:10A1F0004944454143543D310D0A000041542B432D
:10A20000545A553D330D0A0041542B514E54503D84
:10A21000312C223230322E3131322E31302E333643
:10A22000222C3132332C310D0A0000004BA50020C6
:10A230002B51494F50454E3A20302C300000000041
:10A240002B51494F50454E3A20302C0041542B5150
:10A2500049434C4F53453D300D0A00008E06002007
:10A260003CA50020D9050020D8050020E8050020E5
:10A27000F7050020A0050020100600200021F94865
:10A280000078022804D12D20F74A5054481CC1B24E
:10A29000F448007BF44A5054481CC1B2F148407B5A
:10A2A0005054481CC1B2EF48807B5054481CC1B286
:10A2B0002E205054481CC1B2EA48C07B5054481C60
:10A2C000C1B2E848007C5054481CC1B210467047E7
:10A2D0002DE9F041074688460024E4480078E8B9B3
:10A2E000E3A1E5480EF0E3FD0446B4B1AFF2F80196
:10A2F00020460EF0DCFD851CE0A1DF480EF0D7FD06
:10A30000044654B104F109000EF0C4FD86B2314692
:10A31000284607F08EFF00BF00BF00BF00BF00202F
:10A32000BDE8F081002070470020D74908607047E1
:10A3300010B50024D44800684EF66021884205D24A
:10A34000D1480068401CD049086088E0CF480078B8
:10A3500030B1012814D0022871D003287ED172E0D8
:10A360000020CB4908704FF40071C3480EF0C2FEC4
:10A370000821C8A003F0E4F80120C44908706DE08A
:10A38000AFF2E851BC480EF092FD28B3C4A1BA4820
:10A390000EF08DFD0446B4B10F21C3480EF0AAFEA5
:10A3A000A41D02222146C048F8F78AFF20783228EF
:10A3B00002DB2078382803DD0020BC49087002E069
:10A3C0000120BA4908700220B04908700020B8493D
:10A3D0000880B849087030E0B7A1A7480EF067FDC3
:10A3E00060B10020A9490870A7490860B0490880F9
:10A3F000B04908700120A64908701EE0AC480088EA
:10A40000401CAB49088008460088642815DD002000
:10A4100008809E490870A7480078401CA54908702C
:10A4200008460078032808DD002008709749087066
:10A43000954908600120964908700FE0FFE7032066
:10A44000924908700AE000209A4908708F49087004
:10A450008D49086001208E49087000BF00BF10BD03
:10A4600010B50446542221469648F8F729FF2046A5
:10A47000FAF763FDFF2010BD70B506460D46924801
:10A4800080680A2801D1002070BD4FF44370F8F7AE
:10A49000FEFF04460CB90020F6E725812A46314626
:10A4A00004F10A00F8F70CFF8748006850B9002053
:10A4B000606020608448046044608068401C824979
:10A4C00088600DE0002060607F48406844607E48FE
:10A4D000406820607C4844608068401C7A498860FD
:10A4E000FF20D1E77848006808B900207047764817
:10A4F00000680830FAE710B57348006808B9002012
:10A5000010BD714804680068406820B100206E49A1
:10A510000968496808606C48006840686A490860D2
:10A5200008468068401E88602046F8F7A0FFFF209C
:10A53000E6E710B55648007800B910BD63480078CA
:10A54000032859D005DC48B1012813D0022877D15F
:10A5500031E0042866D0EE28F9D1D3E0FFF7C2FF3E
:10A560005B4908600846006800B9E6E701205749E2
:10A570000870D0E04FF400713F480EF0BBFD4FF47F
:10A58000007154480EF0B6FD402153480EF0D4FD42
:10A590004F480068028851A14F480EF0F3FA4E4828
:10A5A0000EF0BBFC044621464B4802F0C9FF0220D6
:10A5B00046490870AFE04EA12F480EF078FC40B13C
:10A5C00003204249087000204A4908704A4908801F
:10A5D00011E049480088642805DA47480088401C93
:10A5E0004549088007E00020434908804149087038
:10A5F0000320364908708EE04FF400711E480EF0BB
:10A6000079FD4FF4007133480EF074FD3048006856
:10A6100001882F480068801C02F092FF04202B491B
:10A62000087078E035A114480EF041FC48B1EE20E6
:10A630002649087000202F4908702F49088010E033
:10A6400066E02D480088642805DA2B480088401C05
:10A650002949088005E0002027490880EE201B4991
:10A66000087058E0A00500201A0600208F06002080
:10A670002B51495552433A003CA100202272656398
:10A6800076222C302C000000780600209006002056
:10A690007C06002041542B4353510D0A000000005A
:10A6A0002B4353513A200000D9050020D805002043
:10A6B00092060020910600202B434D452045525222
:10A6C0004F523A0024060020DCA50020940600200A
:10A6D000980600203C890020E8A5002041542B5119
:10A6E0004953454E443D302C25640D0A00000000BE
:10A6F0003E000000950600209606002053454E447B
:10A70000204F4B00FFF7F7FE0020DF49087000BF25
:10A7100000BF00BF00BF00BF00BF0EE770B504461A
:10A720000D4629462046FFF7A7FEFF2070BD30B535
:10A7300085B00024D548006841F27071884205D286
:10A74000D2480068401CD14908608DE1D0480078AB
:10A7500030B1012814D002287ED003287DD128E111
:10A760000020CC4908704FF40071CB480EF0C2FCB9
:10A770000A21CAA002F0E4FE0120C549087072E176
:10A78000AFF6E811C4480EF092FB002866D0C6A1CF
:10A79000C1480EF08CFB0446002C7DD00834607854
:10A7A00030382178303901EB810100EB4100642120
:10A7B00090FBF1F201FB120000F5FA6080B2ADF8F7
:10A7C0000C00BDF80C0040F6330188420DDD00207E
:10A7D000B8490880B8490870AD490870AB490860AD
:10A7E0000120AC49087005B030BDE41C60783038F9
:10A7F0002178303901EB810100EB4100C0B28DF8C6
:10A800000E009DF80E000C280CDD0020A9490880E0
:10A81000A94908709E4908709C49086001209D491B
:10A820000870E0E7E41C607830382178303901EBBB
:10A83000810100EB4100C0B28DF80F009DF80F00C0
:10A840001F2810DD00209B4908809B490870904913
:10A8500008708E49086002E09DE003E186E0012077
:10A860008C490870BFE7E41C6078303821783039B3
:10A8700001EB810100EB4100C0B28DF810009DF8A2
:10A88000100017280EDD00208A4908808A490870C8
:10A890007F4908707D4900E05FE0086001207D4944
:10A8A0000870A0E7E41C607830382178303901EB7B
:10A8B000810100EB4100C0B28DF811009DF811003C
:10A8C0003B280CDD00207B4908807B4908707049DB
:10A8D00008706E49086001206E49087083E7E41C27
:10A8E000607830382178303901EB810100EB41008C
:10A8F0003C2190FBF1F201FB1200C0B28DF8120076
:10A900009DF812003B280CDD00206A4908806A4946
:10A9100008705F4908705D49086001205D49087052
:10A9200061E703A807F08FFEBDF80C00642190FBDF
:10A93000F1F201FB1200C5B29DF812009DF8111052
:10A940009DF81020CDE9002102909DF80F209DF880
:10A950000E100023284608F057FD002055490880B6
:10A960005549087002204A49087013E05148008890
:10A97000401C504908800846008864280ADD0020F1
:10A9800008804D490870424908704049086001201C
:10A990004049087067E04FF400713F480EF0AAFB91
:10A9A0000821AFF2103002F0CBFD032038490870C7
:10A9B00059E0AFF6184138480EF079FA50B3AFF2CB
:10A9C000203135480EF073FA0446B4B10F213B48EC
:10A9D0000EF090FBA41D022221463848F8F770FCC7
:10A9E0002078322802DB2078382803DD0020344923
:10A9F000087002E0012032490870002024490870E4
:10AA0000224908602B4908802B4908700120214900
:10AA1000087026E0AFF260311F480EF048FA60B1CE
:10AA200000201B4908701949086022490880224902
:10AA3000087001201749087013E01E480088401C68
:10AA40001C4908800846008864280ADD0020088028
:10AA5000194908700E4908700C49086001200D4919
:10AA6000087000E000BF00BF00BFBCE610B500F0FA
:10AA70001CF900B110BD02F061FE08B1FFF757FEEE
:10AA8000FFF757FD00BFF5E794060020A006002061
:10AA90009C0600207C0600203CA1002041542B4352
:10AAA000434C4B3F0D0A00002B43434C4B3A2022B2
:10AAB000000000009E0600209D060020D905002011
:10AAC000D8050020F948007A7047F84800787047A8
:10AAD000F6484068704710B50446F44844600146A3
:10AAE000486808F03BFE10BD10B5F148006808B991
:10AAF000002010BDEE4804680068406820B10020C6
:10AB0000EB49096849680860E94800684068E84915
:10AB1000086008468068401E88602046F8F7A7FC59
:10AB2000FF20E6E72DE9F04705460E461746984612
:10AB3000DF488068202801D1FFF7D6FF2420F8F7EE
:10AB4000A6FC044614B90020BDE8F08730460EF09C
:10AB5000E4F981464A46314604F10800F8F7B0FBB3
:10AB60006561A761C4F81C8001212162D04800689A
:10AB700050B9002060602060CD4804604460806867
:10AB8000401CCB4988600DE000206060C8484068E8
:10AB90004460C74840682060C54844608068401CE5
:10ABA000C3498860FF20CFE70246C148016805E03D
:10ABB0004869904201D1086A704749680029F7D175
:10ABC00040F22F10F8E70246B948016805E04869ED
:10ABD000904201D10846704749680029F7D100200A
:10ABE000F9E70246B24B186804E04369934200D18A
:10ABF000016240680028F8D17047AE4870470120D4
:10AC0000AD4981F8980070470020AB4981F8980061
:10AC100070470021A84A116151614FF4FA60114652
:10AC2000A1F884000020A1F8860081F880000021AE
:10AC30009160D1604FF4FA601146A1F882000020C3
:10AC4000A1F896004EF27860A1F88E000020A1F8DD
:10AC50009000012081F89800704710B502460B461D
:10AC600000210AE0954800EBC10411CC50405C4043
:10AC7000204300D110BD481CC1B22029F2DB8F480F
:10AC80000838C478083000EBC4000CC08B48083882
:10AC9000C078401C894C083CE0702046C0782028D1
:10ACA00001D10020E070FF20E4E7834890F88100A4
:10ACB0007047814890F88000704710B50446002026
:10ACC0007F4908807F4908707F48006818B17E4836
:10ACD0000068F8F7CCFB7C48046010BD01207B497C
:10ACE00008707047002079490870704777480078ED
:10ACF000704730B50346002014E0141A641E0C5D42
:10AD0000734D05EB1414247803F81040141A641ED4
:10AD10000C5D04F00F042C5D012505EB40055C552E
:10AD2000441CE0B29042E8DB30BD30B50346002061
:10AD300010E00C5C664D05EB1414247803F8104009
:10AD40000C5C04F00F042C5D012505EB40055C55FF
:10AD5000441CE0B29042ECDB30BD30B5034600202D
:10AD600014E0141A641E0C5D594D05EB141424787C
:10AD700003F81040141A641E0C5D04F00F042C5DDF
:10AD8000012505EB40055C55441CE0B29042E8DB30
:10AD900030BD01462F2906DD3A2904DAA1F1300041
:10ADA000C2B210467047602906DD672904DAA1F1B6
:10ADB0005700C2B21046F5E7402906DD472904DAFC
:10ADC000A1F13700C2B21046ECE7FF20EAE7F0B588
:10ADD00004460E461546002313E00027012101EB2F
:10ADE0004301605CFFF7D5FF074614F81300FFF737
:10ADF000D0FF47EA0010C7B2681EC01A3754581C6B
:10AE0000C3B2AB42E9DBF0BDF0B504460D461646D1
:10AE1000002311E00027012101EB4301605CFFF7F3
:10AE2000B8FF074614F81300FFF7B3FF47EA001016
:10AE3000C7B2EF54581CC3B2B342EBDBF0BD10B540
:10AE4000FCF7DBFE18B901201849086002E0002079
:10AE50001649086010BD10B51648F9F7F2FF1548FD
:10AE60002030F9F7F9FFFAF702F848B1114820301D
:10AE70000EF053F8C4B221460E48203009F0AAFA69
:10AE80000C4809F018FBFAF70AF80849886010BD69
:10AE90001CB502F005FC0F4800900F480190684671
:10AEA00002F0B0FEFFF7D7FF1CBD0000D0A70020C6
:10AEB00004A80020FC06002028A60020D0A6002020
:10AEC000A8060020AA060020AC0600201C080020CE
:10AED000C8C201088F3400086F3400082DE9F04122
:10AEE00004F0EBF907460022FD4BFEA1384604F0C2
:10AEF0006AF9FE4AFEA1384604F098F9FB4A10327E
:10AF0000FDA1384604F092F9F84A2032FCA13846F7
:10AF100004F08CF9F5490839086810F0F0FC054692
:10AF20002A460B46F9A1384604F04DF9EF49083995
:10AF3000486810F0E4FC05462A460B46F4A1384662
:10AF400004F041F90022F44BF4A1384604F03BF937
:10AF5000384603F00CFF044624B9384602F088FE58
:10AF6000BDE8F08120787B2806D0384602F080FECC
:10AF70002046F8F77CFAF3E720460DF0CEFF0546B1
:10AF8000F8F785FAE74908600846006830B938469E
:10AF900002F06EFE2046F8F76AFAE1E75020F8F773
:10AFA00076FAE14908600846006850B9384602F070
:10AFB0005FFE2046F8F75BFADA480068F8F757FAC0
:10AFC000CEE70020D84909680870D7490968887019
:10AFD00006F0C2FAD449096888800020D24909687D
:10AFE00048700C20D0490968C8800C22CFA1CE48F7
:10AFF00000680830F8F764F920460DF08EFFCA4962
:10B000000968A1F84800C7480068C7490968C864CA
:10B0100020460DF082FF0546C34909682A46C86CE0
:10B020002146F8F74DF9C048006807F0B7FABD4867
:10B030000068F8F71CFABC480068F8F718FA2046D0
:10B04000F8F715FA384602F013FE00BF88E72DE93D
:10B05000F04104F032F9804604F02FF9074600224F
:10B06000B64BA0A1404604F0AEF8A04AA0A14046CD
:10B0700004F0DCF89D4A10329FA1404604F0D6F857
:10B080009A4A20329EA1404604F0D0F897490839E8
:10B09000086810F034FC05462A460B469BA1404642
:10B0A00004F091F891490839486810F028FC0546E9
:10B0B0002A460B4696A1404604F085F83A46A0A1E0
:10B0C000404603F08EFFA049086810F018FC0546C2
:10B0D0002A460B469DA1384604F075F89A494868FF
:10B0E00010F00DFC05462A460B469BA1384604F09D
:10B0F0006AF89549886810F002FC05462A460B4616
:10B1000099A1384604F05FF8404603F030FE04464B
:10B1100024B9404602F0ACFDBDE8F08120787B28E0
:10B1200006D0404602F0A4FD2046F8F7A0F9F3E768
:10B1300020460DF0F2FE0546F8F7A9F98D490860A2
:10B140000846006830B9404602F092FD2046F8F704
:10B150008EF9E1E75020F8F79AF987490860084628
:10B16000006850B9404602F083FD2046F8F77FF9A9
:10B1700080480068F8F77BF9CEE700207E4909682F
:10B1800008707D490968887006F0E6F97A4909680F
:10B19000888000207849096848700C207649096841
:10B1A000C8800C2261A1744800680830F8F788F85C
:10B1B00020460DF0B2FE70490968A1F848006D48BC
:10B1C00000686D490968C86420460DF0A6FE054672
:10B1D000694909682A46C86C2146F8F771F866483B
:10B1E000006807F0DBF963480068F8F740F9624847
:10B1F0000068F8F73CF92046F8F739F9404602F0C4
:10B2000037FD00BF88E710B55C480088B0F5FA6FDD
:10B2100005DA5A480088401C5849088012E000208E
:10B22000564908805648007810B9FFF757FE01E0EC
:10B23000FFF70DFF5248007808B9012000E0002018
:10B240004F49087010BD2DE9F047054604F035F868
:10B25000814604F032F8804600224A4B21A148463C
:10B2600003F0B1FF214A22A1484603F0DFFF1F4A45
:10B27000103221A1484603F0D9FF1C4A203220A1F8
:10B28000484603F0D3FF19490839086810F037FB26
:10B29000064632460B461DA1484603F094FF13496B
:10B2A0000839486810F02BFB064632460B4618A1B9
:10B2B000484603F088FF2A4633A1484603F0B6FF0C
:10B2C00042461FA1484603F08CFE1F49086810F053
:10B2D00016FB064632460B461CA1404656E00000CF
:10B2E00000408F40636D644964000000DC0600206C
:10B2F0006272616E640000006D6F64656C00000036
:10B30000646576696365496400000000726F7700C8
:10B31000636F6C756D6E00000000F03F6D61636ED1
:10B320006F00000024080020200800207465726D62
:10B33000696E616C5F6D73670000000000488F40AC
:10B340006461746100000000D0A70020646F6F7218
:10B35000207374617465000073797374656D207374
:10B36000746174650000000073746F7265207374FB
:10B37000617465002C080020280800203008002097
:10B380003208002000588F407473000003F01BFF48
:10B39000FA49486810F0B3FA064632460B46AFF257
:10B3A0004801404603F00FFFF449886810F0A7FAFF
:10B3B000064632460B46AFF25001404603F003FF0B
:10B3C000484603F0D4FC044624B9484602F050FC39
:10B3D000BDE8F08720787B2806D0484602F048FC7C
:10B3E0002046F8F744F8F3E720460DF096FD0646B0
:10B3F000F8F74DF8E24908600846006830B9484659
:10B4000002F036FC2046F8F732F8E1E75020F8F772
:10B410003EF8DC4908600846006850B9484602F02A
:10B4200027FC2046F8F723F8D5480068F8F71FF8FE
:10B43000CEE70120D349096808700020D149096886
:10B440008870D0490968C87006F086F8CD49096847
:10B4500088800020CB49096848700C20C9490968D8
:10B46000C8800C22AFF23C11C64800680830F7F7DC
:10B4700027FFC4480068083008B900BF00BF204655
:10B480000DF04BFDBF490968A1F84800BC480068B1
:10B49000BC490968C86420460DF03FFD0646B9491D
:10B4A00009683246C86C2146F7F70AFFB5480068BC
:10B4B00007F074F8B34800680078012808D0B04855
:10B4C0000068F7F7D4FFAF480068F7F7D0FF11E046
:10B4D0000120AC4909688870AA48006806F0A8FBFA
:10B4E000FF2807D1A6480068F7F7C1FFA548006804
:10B4F000F7F7BDFF2046F7F7BAFF484602F0B8FB62
:10B5000000BF65E770B5054600240026AFF2202194
:10B51000284603F0CCFC044604B970BD9A49206962
:10B520000DF032FE00B1F8E7AFF23421284603F007
:10B53000BEFC044604B9F0E79349103120690DF0D0
:10B5400023FE00B1E9E7AFF24821284603F0AFFC43
:10B55000044604B9E1E78C49203120690DF014FE5E
:10B5600000B1DAE7AFF2E011284603F0A0FC044690
:10B5700004B9D2E726693046FFF765FE00BFCCE785
:10B580002DE9F041054603F098FE064600227F4B68
:10B59000AFF2B021304603F016FE7B4AAFF2B02185
:10B5A000304603F043FE784A1032AFF2B421304601
:10B5B00003F03CFE744A2032AFF2BC21304603F067
:10B5C00035FE0022724B73A1304603F0FCFD73A2DE
:10B5D00074A1304603F02AFE2A46AFF254213046C9
:10B5E00003F024FE304603F0C2FB044624B9304683
:10B5F00002F03EFBBDE8F08120787B2806D0304683
:10B6000002F036FB2046F7F732FFF3E720460DF055
:10B6100084FC0746F7F73BFF63490860084600686B
:10B6200030B9304602F024FB2046F7F720FFE1E76F
:10B630005020F7F72CFF5D4908600846006850B9B4
:10B64000304602F015FB2046F7F711FF5648006818
:10B65000F7F70DFFCEE70120544909680870002074
:10B6600052490968887051490968C87005F074FF2B
:10B670004E490968888000204C49096848700C20B0
:10B680004A490968C8800C22AFF260314748006817
:10B690000830F7F715FE45480068083008B900BFC4
:10B6A00000BF20460DF039FC40490968A1F8480068
:10B6B0003D4800683D490968C86420460DF02DFCEE
:10B6C00007463A4909683A46C86C2146F7F7F8FD3B
:10B6D0003648006806F062FF3448006800780128A8
:10B6E00008D031480068F7F7C2FE30480068F7F725
:10B6F000BEFE11E001202D49096888702B480068C2
:10B7000006F096FAFF2807D127480068F7F7AFFE42
:10B7100026480068F7F7ABFE2046F7F7A8FE30464C
:10B7200002F0A6FA00BF65E770B5054600240026C2
:10B73000AFF24441284603F0BAFB044604B970BD99
:10B74000114920690DF020FD00B1F8E7AFF2584132
:10B75000284603F0ACFB044604B9F0E70A4910316F
:10B7600020690DF011FD00B1E9E7AFF26C41284608
:10B7700003F09DFB0446DCB9E1E70000D0A7002000
:10B780003808002034080020DC06002000688F40C4
:10B790000000F03F666C6167000000007375636332
:10B7A000657373006D736700400800203C0800203B
:10B7B000FE4920690DF0E8FC00B1C0E7AFF2584146
:10B7C000284603F074FB044604B9B8E7F8496069F9
:10B7D00088600846806830B10120F9F74CFB0320EF
:10B7E00008F068F90CE00020F9F745FBF9F73FFB9A
:10B7F00018B1052008F05EF902E0042008F05AF9BB
:10B80000AFF27C41284603F052FB044604B996E7A8
:10B8100026693046FFF7B4FE00BF90E72DE9F047F8
:10B8200005460E46914603F048FD82460022E14B54
:10B83000AFF25051504603F0C6FCDC4A203AAFF25A
:10B840005051504603F0F2FCD84A103AAFF258512A
:10B85000504603F0EBFCD54AAFF25C51504603F082
:10B86000E5FC304610F04BF807463A460B46D2A1AD
:10B87000504603F0A8FC4A46D1A1504603F0D6FC3E
:10B880000022D14BAFF2F401504603F09CFCAFF222
:10B89000F402AFF2F001504603F0C8FC2A46AFF2C2
:10B8A0001851504603F0C2FC504603F060FA0446BB
:10B8B00024B9504602F0DCF9BDE8F08720787B28F7
:10B8C00006D0504602F0D4F92046F7F7D0FDF3E752
:10B8D00020460DF022FB0746F7F7D9FDBB4908606B
:10B8E0000846006830B9504602F0C2F92046F7F722
:10B8F000BEFDE1E75020F7F7CAFDB54908600846EC
:10B90000006850B9504602F0B3F92046F7F7AFFD92
:10B91000AE480068F7F7ABFDCEE70120AC490968F7
:10B9200008700020AA4909688870A9490968C87088
:10B9300005F012FEA649096888800020A44909681C
:10B9400048700C20A2490968C8800C22AFF224611B
:10B950009F4800680830F7F7B3FC9D48006808303E
:10B9600008B900BF00BF20460DF0D7FA9849096812
:10B97000A1F848009548006895490968C8642046C0
:10B980000DF0CBFA0746924909683A46C86C214641
:10B99000F7F796FC8E48006806F000FE8C480068B9
:10B9A0000078012808D089480068F7F760FD8848CA
:10B9B0000068F7F75CFD11E001208549096888708F
:10B9C0008348006806F034F9FF2807D17F480068F3
:10B9D000F7F74DFD7E480068F7F749FD2046F7F779
:10B9E00046FD504602F044F900BF65E72DE9F043FB
:10B9F00087B080460027B946AFF20C71404603F08D
:10BA000056FA744908600846006810B907B0BDE8E6
:10BA1000F083704909680869644920390DF0B4FB66
:10BA200000B1F3E7AFF23071404603F040FA6949E4
:10BA300008600846006800B9E8E7664909680869CF
:10BA40005A4910390DF0A0FB00B1DFE7AFF2507199
:10BA5000404603F02CFA5F4908600846006800B9C8
:10BA6000D4E75C490968086950490DF08DFB00B1C5
:10BA7000CCE751A1404603F01AFA5649086008463F
:10BA8000006800B9C2E75348006844692046F9F7E6
:10BA90004FFB00B1BAE74AA1404603F008FA4D490E
:10BAA00008600846006800B9B0E74A4800680769BE
:10BAB00049A1404603F0FBF9484908600846006880
:10BAC00000B9A3E7AFF2BC714448006803F0EFF996
:10BAD000404908600846006800B997E73D4800689B
:10BAE0004569AFF2D4713D48006803F0E0F9394987
:10BAF00008600846006800B988E73648006846696B
:10BB0000721E691EAFF625732046F8F7FAFB384619
:10BB100007F0E8FE062007F0CDFF02940395049697
:10BB200001200590684606F075FD6846F9F74AFB66
:10BB3000AFF2AC71404603F0BAF9264908600846F6
:10BB4000006800B962E723480068D0F810903A46D0
:10BB500021464846FFF762FE00BF57E72DE9F04156
:10BB6000054603F0AAFB064600221D4BAFF68C01EA
:10BB7000304603F028FB0D4A203AAFF68C013046E0
:10BB800003F054FB094A103AAFF69401304603F033
:10BB90004DFB064AAFF69801304603F047FB002202
:10BBA000094BAFF2104130461CE00000FC060020BB
:10BBB000D0A7002000788F40636F6465000000000C
:10BBC0006F726465724964000000F03F480800200D
:10BBD000440800204C0800207661720050080020C4
:10BBE00000888F4003F0EFFAAFF25042AFF24C41C1
:10BBF000304603F01BFB2A46AFF67401304603F0D3
:10BC000015FB304603F0B3F8044624B9304602F081
:10BC10002FF8BDE8F08120787B2806D0304602F06E
:10BC200027F82046F7F723FCF3E720460DF075F9D7
:10BC30000746F7F72CFCF74908600846006830B95A
:10BC4000304602F015F82046F7F711FCE1E75020E6
:10BC5000F7F71DFCF04908600846006850B9304607
:10BC600002F006F82046F7F702FCEA480068F7F70A
:10BC7000FEFBCEE70120E849096808700020E6498C
:10BC800009688870E4490968C87005F065FCE249F4
:10BC9000096888800020E049096848700C20DE4966
:10BCA0000968C8800C22AFF67C11DB4800680830B8
:10BCB000F7F706FBD8480068083008B900BF00BF96
:10BCC00020460DF02AF9D4490968A1F84800D14866
:10BCD0000068D1490968C86420460DF01EF907467E
:10BCE000CD4909683A46C86C2146F7F7E9FACA48CF
:10BCF000006806F053FCC84800680078012808D0A6
:10BD0000C4480068F7F7B3FBC3480068F7F7AFFB18
:10BD100011E00120C04909688870BF48006805F03B
:10BD200087FFFF2807D1BB480068F7F7A0FBBA4898
:10BD30000068F7F79CFB2046F7F799FB304601F0C7
:10BD400097FF00BF65E770B505460026AFF6602196
:10BD5000284603F0ACF8B14908600846006800B90D
:10BD600070BDAE4909680869AD490DF00DFA00B122
:10BD7000F6E7AFF67C21284603F099F8A74908605A
:10BD80000846006800B9EBE7A44909680869A449B6
:10BD900010310DF0F9F900B1E2E7AFF69C21284629
:10BDA00003F085F89D4908600846006800B9D7E7A8
:10BDB0009A49096808699A4920310DF0E5F900B1FE
:10BDC000CEE798A1284603F072F894490860084627
:10BDD000006800B9C4E791480068446914B1FBF7F2
:10BDE0001BFF01E0FBF71CFFAFF66421284603F0C0
:10BDF0005EF88A4908600846006800B9B0E78748DD
:10BE0000006806693046FFF7A9FE00BFA8E72DE9E4
:10BE1000F05F05460E46914603F04FFA8246002237
:10BE2000834BAFF64031504603F0CDF97C4AAFF674
:10BE30004031504603F0FAF9794A1032AFF64831F2
:10BE4000504603F0F3F9764A2032AFF64C315046B3
:10BE500003F0ECF930460FF052FD07463A460B4628
:10BE6000AFF2AC21504603F0AEF94A46AFF2B02132
:10BE7000504603F0DBF93046F9F771F9834658462E
:10BE80000FF03DFD07463A460B466AA1504603F0C7
:10BE90009AF92A46AFF61031504603F0C7F95046DA
:10BEA00002F065FF044624B9504601F0E1FEBDE80A
:10BEB000F09F20787B2806D0504601F0D9FE20461E
:10BEC000F7F7D5FAF3E720460DF027F80746F7F71E
:10BED000DEFA5C4908600846006830B9504601F057
:10BEE000C7FE2046F7F7C3FAE1E75020F7F7CFFA8D
:10BEF000554908600846006850B9504601F0B8FE40
:10BF00002046F7F7B4FA4F480068F7F7B0FACEE7E3
:10BF100001204D490968087000204B490968887064
:10BF200049490968C87005F017FB474909688880C6
:10BF300000204549096848700C2043490968C880B9
:10BF40000C22AFF61841404800680830F7F7B8F9FE
:10BF50003D480068083008B900BF00BF20460CF01B
:10BF6000DCFF39490968A1F84800364800683649BD
:10BF70000968C86420460CF0D0FF074632490968BA
:10BF80003A46C86C2146F7F79BF92F48006806F03F
:10BF900005FB2D4800680078012808D02948006872
:10BFA000F7F765FA28480068F7F761FA11E0012011
:10BFB0002549096888702448006805F039FEFF2883
:10BFC00007D120480068F7F752FA1F480068F7F7D2
:10BFD0004EFA2046F7F74BFA504601F049FE00BFF3
:10BFE00065E72DE9F041054600260027AFF6005130
:10BFF000284602F05CFF154908600846006808B949
:10C00000BDE8F08111490968086905490DF0BCF8DF
:10C01000F0B1F5E758080020540800205C08002023
:10C02000DC060020646F6F72737461746500000039
:10C03000005C9140736869706D656E742073746103
:10C040007465000064080020600800206808002073
:10C05000AFF65C51284602F02AFFFE490860084608
:10C06000006800B9CCE7FB4909680869FA490DF096
:10C070008BF800B1C4E7AFF67851284602F017FFFD
:10C08000F44908600846006800B9B9E7F149096851
:10C090000869F14910310DF077F800B1B0E7AFF25F
:10C0A000E841284602F003FFEA49086008460068B4
:10C0B00000B9A5E7E74800684469AFF2FC412846AB
:10C0C00002F0F5FEE34908600846006800B997E70A
:10C0D000E04800680669AFF65051284602F0E7FED6
:10C0E000DC4908600846006800B989E7D94800685B
:10C0F0000769324621463846FFF789FE00BF7FE7D1
:10C100002DE9F041054603F0D8F806460022D34B4E
:10C11000AFF63061304603F056F8CF4A103AAFF62A
:10C120003061304603F082F8CB4AAFF634613046D6
:10C1300003F07CF8C84A1032AFF63C61304603F099
:10C1400075F80022C64BAFF6B411304603F03BF849
:10C15000AFF6B812C3A1304603F068F82A46AFF62E
:10C16000D851304603F062F8304602F000FE044633
:10C1700024B9304601F07CFDBDE8F08120787B28B1
:10C1800006D0304601F074FD2046F7F770F9F3E76A
:10C1900020460CF0C2FE0746F7F779F9B34908606C
:10C1A0000846006830B9304601F062FD2046F7F7D6
:10C1B0005EF9E1E75020F7F76AF9AD4908600846F3
:10C1C000006850B9304601F053FD2046F7F74FF9AB
:10C1D000A6480068F7F74BF9CEE70120A4490968A3
:10C1E00008700020A24909688870A1490968C870D0
:10C1F00005F0B2F99E490968888000209C490968C9
:10C2000048700C209A490968C8800C22AFF6E46196
:10C21000974800680830F7F753F8954800680830E9
:10C2200008B900BF00BF20460CF077FE90490968AE
:10C23000A1F848008D4800688D490968C864204607
:10C240000CF06BFE07468A4909683A46C86C2146DD
:10C25000F7F736F88648006806F0A0F984480068C9
:10C260000078012808D081480068F7F700F9804875
:10C270000068F7F7FCF811E001207D490968887033
:10C280007B48006805F0D4FCFF2807D17748006898
:10C29000F7F7EDF876480068F7F7E9F82046F7F782
:10C2A000E6F8304601F0E4FC00BF65E770B50446EF
:10C2B0000025AFF6C471204602F0F9FD6D49086013
:10C2C0000846006800B970BD6A4909680869624992
:10C2D00010390CF059FF00B1F5E7AFF6E4712046D4
:10C2E00002F0E5FD634908600846006800B9EAE726
:10C2F00060490968086958490CF046FF00B1E2E757
:10C300005D49204602F0D3FD5A490860084600689E
:10C3100000B9D8E75749096808694F4910310CF04E
:10C3200033FF00B1CFE755A1204602F0C0FD5149CF
:10C3300008600846006800B9C5E74FF480714648B8
:10C3400030300CF0F9FE4B49096808690CF0E5FD46
:10C35000064648480068324601693F483030F6F7E3
:10C36000AFFF4449096808690CF0D7FDC6B23146F1
:10C3700039483030F8F74AFD4148806870B10320F1
:10C3800007F098FB3B49096808690CF0C6FDC6B286
:10C3900031463148303008F01DF80DE0052007F037
:10C3A00089FB3449096808690CF0B7FDC6B231460B
:10C3B0002948303008F00EF832A1204602F077FD0F
:10C3C0002C4908600846006800B97CE729480068E5
:10C3D00005692846FFF794FE00BF74E710B50024F6
:10C3E00009E021460020F9F74BF981B2264820F8F0
:10C3F0001410601CC4B2082CF3DB02202249891EF1
:10C40000087010BD2DE9F041054602F056FF0646C2
:10C4100000221E4B18491C39304602F0D4FE0E4A49
:10C42000103A15491039304602F000FF0A4A124905
:10C430000839304602F0FAFE074A10320E493046FB
:10C4400002F0F4FE0022064BAFF6B841304602F08F
:10C45000BAFE1DE068080020EC060020006C914048
:10C460000000F03F6D657373616765007008002020
:10C470006C0800207408002000B3000875726C007E
:10C48000D0A7002074730000F2A700200074914030
:10C49000AFF6F842AFF23401304602F0C7FE2A464A
:10C4A000AFF22001304602F0C1FE304602F05FFCE0
:10C4B000044624B9304601F0DBFBBDE8F08120786A
:10C4C0007B2806D0304601F0D3FB2046F6F7CFFF9D
:10C4D000F3E720460CF021FD0746F6F7D8FFFC49AC
:10C4E00008600846006830B9304601F0C1FB2046BC
:10C4F000F6F7BDFFE1E75020F6F7C9FFF549086000
:10C500000846006850B9304601F0B2FB2046F6F705
:10C51000AEFFEF480068F6F7AAFFCEE70120ED492D
:10C52000096808700020EB4909688870E9490968C2
:10C53000C87005F011F8E749096888800020E549CE
:10C54000096848700C20E3490968C8800C22E24958
:10C55000E04800680830F6F7B3FEDE4800680830AF
:10C5600008B900BF00BF20460CF0D7FCD9490968C4
:10C57000A1F84800D6480068D6490968C864204632
:10C580000CF0CBFC0746D34909683A46C86C2146F3
:10C59000F6F796FECF48006806F000F8CD48006830
:10C5A0000078012808D0CA480068F6F760FFC9483B
:10C5B0000068F6F75CFF11E00120C6490968887041
:10C5C000C448006805F034FBFF2807D1C048006864
:10C5D000F6F74DFFBF480068F6F749FF2046F6F72B
:10C5E00046FF304601F044FB00BF66E770B50446E5
:10C5F0000025B9493C39204602F059FCB74908608A
:10C600000846006800B970BDB44909680869B449B2
:10C610000CF0BAFD00B1F6E7AF493439204602F01C
:10C6200046FCAE4908600846006800B9EBE7AB4934
:10C6300009680869AA4910310CF0A6FD00B1E2E7CB
:10C64000A5492C39204602F032FCA449086008466E
:10C65000006800B9D7E7A14909680869A0492031F5
:10C660000CF092FD00B1CEE7AFF69421204602F027
:10C670001EFC9C4908600846006800B9C3E796495B
:10C6800020399848006802F012FC94490860084676
:10C69000006800B9B7E791480068007D9249887446
:10C6A0008D491C398F48006802F001FC8B490860F5
:10C6B0000846006800B9A6E788480068007D8A49F6
:10C6C000C874FFF78BFEAFF24421204602F0EFFB67
:10C6D000824908600846006800B994E77F4800680E
:10C6E00005692846FFF78EFE00BF8CE72DE9F0476D
:10C6F000054600267C48807C401E7B49891C31F819
:10C700001000891EC97C491E01228A40104008B1D0
:10C71000022600E0032602F0D0FD81460022734B82
:10C720006D494839484602F04EFD6D4A6A493C3928
:10C73000484602F07BFD6A4A103267493439484660
:10C7400002F074FD664A203263492C39484602F0F3
:10C750006DFD30460FF0D3F807463A460B4664A10C
:10C76000484602F030FD2A46AFF2E821484602F082
:10C770005DFD484602F0FBFA044624B9484601F044
:10C7800077FABDE8F08720787B2806D0484601F08C
:10C790006FFA2046F6F76BFEF3E720460CF0BDFB80
:10C7A0000746F6F774FE554908600846006830B938
:10C7B000484601F05DFA2046F6F759FEE1E75020C1
:10C7C000F6F765FE4E4908600846006850B94846CD
:10C7D00001F04EFA2046F6F74AFE48480068F6F7A0
:10C7E00046FECEE70120464909680870002044490A
:10C7F0000968887042490968C87004F0ADFE404974
:10C800000968888000203E49096848700C203C492E
:10C810000968C8800C223049394800680830F6F7AA
:10C820004FFD37480068083008B900BF00BF2046F8
:10C830000CF073FB32490968A1F848002F480068E2
:10C840002F490968C86420460CF067FB07462C494D
:10C8500009683A46C86C2146F6F732FD2848006858
:10C8600005F09CFE264800680078012808D023487F
:10C870000068F6F7FCFD22480068F6F7F8FD11E0C5
:10C8800001201F49096888701D48006805F0D0F92B
:10C89000FF2807D119480068F6F7E9FD1848006835
:10C8A000F6F7E5FD2046F6F7E2FD484601F0E0F92F
:10C8B00000BF66E770B50446002507493C392046AD
:10C8C00002F0F5FA0F49086008460068E0B970BD4B
:10C8D0007C080020780800202CB300088008002085
:10C8E000DC06002084080020F0A70020007C914096
:10C8F0006173696C65207374617465008C08002035
:10C900008808002090080020FE4909680869FE494F
:10C910000CF03AFC00B170BDFC49204602F0C7FAA9
:10C92000F84908600846006800B9F4E7F549096865
:10C930000869F54910310CF027FC00B1EBE7F34929
:10C940000831204602F0B3FAEE4908600846006854
:10C9500000B9E0E7EB4909680869EB4920310CF0C0
:10C9600013FC00B1D7E7AFF2E441204602F09FFA92
:10C97000E44908600846006800B9CCE7E14800686F
:10C9800005692846FFF7B2FE00BFC4E72DE9F04174
:10C99000054602F092FC06460022DD4BDB491439C5
:10C9A000304602F010FCD84AD8490839304602F027
:10C9B0003DFCD54A1032D549304602F037FCD24A08
:10C9C0002032D2490831304602F030FC0022D14BEF
:10C9D000D149304602F0F7FBCF4A0832AFF27C5122
:10C9E000304602F023FC2A46AFF26851304602F08E
:10C9F0001DFC304602F0BBF9044624B9304601F074
:10CA000037F9BDE8F08120787B2806D0304601F068
:10CA10002FF92046F6F72BFDF3E720460CF07DFAC0
:10CA20000746F6F734FDBD4908600846006830B98E
:10CA3000304601F01DF92046F6F719FDE1E75020D8
:10CA4000F6F725FDB64908600846006850B930463B
:10CA500001F00EF92046F6F70AFDB0480068F6F737
:10CA600006FDCEE70120AE49096808700020AC49F8
:10CA700009688870AA490968C87004F06DFDA84962
:10CA8000096888800020A649096848700C20A449DC
:10CA90000968C8800C229D493431A14800680830DB
:10CAA000F6F70EFC9E480068083008B900BF00BFCA
:10CAB00020460CF032FA9A490968A1F848009748D4
:10CAC000006897490968C86420460CF026FA0746B2
:10CAD000934909683A46C86C2146F6F7F1FB90483D
:10CAE000006805F05BFD8E4800680078012808D0DA
:10CAF0008A480068F6F7BBFC89480068F6F7B7FC7F
:10CB000011E001208649096888708548006805F0B1
:10CB10008FF8FF2807D181480068F6F7A8FC804805
:10CB20000068F6F7A4FC2046F6F7A1FC304601F0B9
:10CB30009FF800BF65E770B50446002573490839C2
:10CB4000204602F0B4F9774908600846006800B949
:10CB500070BD7449096808696B490CF015FB00B198
:10CB6000F6E76A49204602F0A2F96E4908600846D5
:10CB7000006800B9ECE76B4909680869624910313F
:10CB80000CF002FB00B1E3E760490831204602F0F7
:10CB90008EF9644908600846006800B9D8E7614921
:10CBA00009680869584920310CF0EEFA00B1CFE766
:10CBB000FFF714FCAFF23471204602F078F95949BE
:10CBC00008600846006800B9C2E756480068056971
:10CBD0002846FFF7DBFE00BFBAE72DE9FC4105461A
:10CBE00051A103C9CDE9000102F067FB8046002294
:10CBF0004F4B46491439404602F0E5FA424A434950
:10CC00000839404602F012FB3F4A10323F49404685
:10CC100002F00CFB3C4A20323C490831404602F00D
:10CC200005FB2A46AFF2A471404602F0FFFA4149E3
:10CC300008780EF07BFE064632460B463EA1404683
:10CC400002F0C1FA02223B49891C0DF10200FEF7F5
:10CC50006CF86A463BA1404602F0E8FA02223549E8
:10CC6000091D0DF10200FEF760F86A4637A1404643
:10CC700002F0DCFA02222F49891D0DF10200FEF7B5
:10CC800054F86A4633A1404602F0D0FA02222949FC
:10CC900008310DF10200FEF748F86A462FA1404620
:10CCA00002F0C4FA022223490A310DF10200FEF714
:10CCB0003CF86A462BA1404602F0B8FA02221D4910
:10CCC0000C310DF10200FEF730F86A4627A140460C
:10CCD00002F0ACFA022217490E310DF10200FEF704
:10CCE00024F86A4623A1404602F0A0FA0222114924
:10CCF00010310DF10200FEF718F86A461FA14046F8
:10CD000040E0000090080020DC060020F8B2000897
:10CD1000008491400000F03F94B700089C08002078
:10CD200098080020A0080020307830303030000013
:10CD3000008C9140F0A70020636865636B207374DA
:10CD400061746500726F772031000000726F772088
:10CD500032000000726F772033000000726F77207E
:10CD600034000000726F772035000000726F77206A
:10CD700036000000726F772037000000726F772056
:10CD80003800000002F052FA404601F0F0FF04467D
:10CD900024B9404600F06CFFBDE8FC8120787B2878
:10CDA00006D0404600F064FF2046F6F760FBF3E74C
:10CDB00020460CF0B2F80646F6F769FBFE4908601B
:10CDC0000846006830B9404600F052FF2046F6F7AA
:10CDD0004EFBE1E75020F6F75AFBF8490860084699
:10CDE000006850B9404600F043FF2046F6F73FFB8D
:10CDF000F1480068F6F73BFBCEE70120EF490968F0
:10CE000008700020ED4909688870EC490968C8700D
:10CE100004F0A2FBE949096888800020E749096815
:10CE200048700C20E5490968C8800C22E449E348B1
:10CE300000680830F6F744FAE0480068083008B99E
:10CE400000BF00BF20460CF068F8DC490968A1F873
:10CE50004800D9480068D9490968C86420460CF0E0
:10CE60005CF80646D54909683246C86C2146F6F793
:10CE700027FAD248006805F091FBD0480068007896
:10CE8000012808D0CC480068F6F7F1FACB480068D2
:10CE9000F6F7EDFA11E00120C84909688870C74823
:10CEA000006804F0C5FEFF2807D1C3480068F6F704
:10CEB000DEFAC2480068F6F7DAFA2046F6F7D7FA43
:10CEC000404600F0D5FE00BF66E770B50446002579
:10CED000BB493C39204601F0EAFFBA4908600846E0
:10CEE000006800B970BDB74909680869B6490CF017
:10CEF0004BF900B1F6E7B2493439204601F0D7FFCB
:10CF0000B04908600846006800B9EBE7AD49096818
:10CF10000869AD4910310CF037F900B1E2E7A849D2
:10CF20002C39204601F0C3FFA64908600846006876
:10CF300000B9D7E7A34909680869A34920310CF073
:10CF400023F900B1CEE7AFF6C421204601F0AFFFD0
:10CF50009C4908600846006800B9C3E79948006822
:10CF600005692846FFF739FE00BFBBE72DE9FC5FE6
:10CF700081460C46002602F0A0F983460022934B1E
:10CF80008F494839584602F01EF98F4A8C493C397E
:10CF9000584602F04BF98C4A1032894934395846C8
:10CFA00002F044F9884A203285492C39584602F06B
:10CFB0003DF90022864B8749584602F004F9854A1C
:10CFC000083202F10801584602F030F94A46AFF63D
:10CFD0004C31584602F02AF9207830384FF47A71F3
:10CFE00048436178303901EBC10202EB011100EBDB
:10CFF0008101A078303800EB800001EB4001E0783F
:10D000003038084480B2ADF80000607930382179BA
:10D01000303901EB810100EB4100C0B28DF8020014
:10D02000E0793038A179303901EB810100EB410022
:10D03000C0B28DF8030000208DF804008DF80500C3
:10D040008DF8060031466846F8F79EF982460AEBED
:10D050004A10F6F71CFA064626B131466846F8F73C
:10D0600093F9824632465CA1584602F0DFF85046FA
:10D070000EF045FC07463A460B4658A1584602F0CA
:10D08000A2F8584601F073FE054625B9584600F04F
:10D09000EFFDBDE8FC9F28787B2806D0584600F0BD
:10D0A000E7FD2846F6F7E3F9F3E728460BF035FFEE
:10D0B0000746F6F7ECF94B4908600846006830B9B6
:10D0C000584600F0D5FD2846F6F7D1F9E1E75020A3
:10D0D000F6F7DDF9444908600846006850B958463B
:10D0E00000F0C6FD2846F6F7C2F93E480068F6F79C
:10D0F000BEF9CEE701203C490968087000203A4992
:10D100000968887038490968C87004F025FA3649FA
:10D110000968888000203449096848700C20324929
:10D120000968C8800C2226492F4800680830F6F7A5
:10D13000C7F82D480068083008B900BF00BF28466E
:10D140000BF0EBFE28490968A1F848002548006863
:10D1500025490968C86428460BF0DFFE07462249C6
:10D1600009683A46C86C2946F6F7AAF81E480068CE
:10D1700005F014FA1C4800680078012808D0194806
:10D180000068F6F774F918480068F6F770F911E0CE
:10D1900001201549096888701348006804F048FDAB
:10D1A000FF2807D10F480068F6F761F90E480068BC
:10D1B000F6F75DF9284619E0AC080020A808002021
:10D1C0002CB30008B0080020DC060020009C914031
:10D1D0000000F03F94B700086C6F67006C6F674EFB
:10D1E000756D0000BC080020B8080020F6F73FF974
:10D1F000584600F03DFD00BF4BE72DE9F0410546E4
:10D20000002400260027B349284601F050FE0446BA
:10D210000CB9BDE8F081B04920690BF0B5FF00B151
:10D22000F7E7AC490831284601F041FE044604B94D
:10D23000EFE7A949103120690BF0A6FF00B1E8E73C
:10D24000A4491031284601F032FE044604B9E0E753
:10D25000A149203120690BF097FF00B1D9E79FA1C8
:10D26000284601F024FE044604B9D2E72769AFF648
:10D27000EC51284601F01BFE044604B9C9E72669B3
:10D2800039463046FFF772FE00BFC2E770B5002492
:10D29000002500F070F918B300F06DF9914908808D
:10D2A00000F069F90646F6F7F2F88F49086008467B
:10D2B000006800B970BD8C48006800F061F98948C9
:10D2C00001888948006800F019FB20B98648006889
:10D2D000F6F7CDF804E084480068F6F7C8F8E9E707
:10D2E00000BFE7E710B500F042FA00F045FB00B9D7
:10D2F00010BD03F061FF20B900207C4981F8800057
:10D30000F6E7FDF780FFFDF79AFD00BFF0E72DE996
:10D31000F04100240025002600BF002700F00EFA8F
:10D3200008B9BDE8F081FFF7B1FF03F045FF00B990
:10D33000F7E76F48007830B101280FD0022832D0CB
:10D3400003280AD1B4E004F011FF6A4908600846D6
:10D35000006810B1012066490870B8E065480068AF
:10D3600001F00BFB6449086008460068B8B15949F0
:10D370000C396148006801F09AFD60490860084670
:10D38000006818B903205A490870CAE75B4800686A
:10D39000808A5B49088002205549087002E003201A
:10D3A0005349087093E05648008840F25A42811A67
:10D3B000904247D011DC40F2EE32A0EB02019042E5
:10D3C00028D005DCA0F2EA30A0B102286AD119E029
:10D3D000022927D0682965D12CE006294AD004DC2F
:10D3E000022937D004295DD13CE008294AD00C2914
:10D3F00058D14FE040480068FEF784F803203C49CC
:10D40000087053E03C480068FEF78EF90320384965
:10D4100008704BE038480068FEF7E8FA032034490A
:10D42000087043E034480068FEF78DFC0320304963
:10D4300008703BE030480068FEF7D3FD03202C491C
:10D44000087033E02C480068FEF730FF03202849BD
:10D4500008702BE028480068FFF7C8F8032024492B
:10D46000087023E024480068FFF724FA03202049CD
:10D4700008701BE020480068FFF75DFB03201C4993
:10D48000087013E01C480068FFF71FFD03201849CF
:10D4900008700BE018480068FFF7AFFE032014493E
:10D4A000087003E003201249087000BF00BF0EE0BF
:10D4B0001148006818B11048006800F0D9FB0D4809
:10D4C0000068F5F7D4FF00200949087000BF00BFCD
:10D4D00000BF26E7F0B20008DC0600206461746536
:10D4E00000000000C0080020C408002028A600207A
:10D4F000C8080020CC080020D0080020D808002050
:10D50000CA08002008B501211020F4F74DF80220C8
:10D51000ADF8000010208DF8030003208DF8020004
:10D5200069464148F3F7FEFC02213F48F3F7A9FDA5
:10D5300008BD10B5FFF7E6FF0220FBF723FF10BD83
:10D5400070B504460D46AAB221460220FBF79EFFA5
:10D5500070BD70B505460E46144631462846FFF7A5
:10D56000EFFF00BF0220FBF75BFF18B12000A4F122
:10D570000104F7D170BD10B50220FBF723FF10BDE9
:10D5800010B5044621460220FBF758FF10BD2DE9D7
:10D59000F04106460F4614462448007810B1012891
:10D5A0003FD10FE02248046030460BF0B6FC054640
:10D5B00029463046FFF7C4FF01201C4908700020AF
:10D5C000BDE8F081FFF7D7FFD8B1FFF7D4FF804661
:10D5D000F5F75DFF054695B12846FFF7D1FF00201E
:10D5E00012490870394628460BF061FC20B12846E4
:10D5F000F5F73DFFFF20E3E72846F5F738FF002069
:10D60000DEE70B48006828B109480068401E084959
:10D61000086004E0002005490870EE20D0E70020F3
:10D62000CEE700BF00BFCBE700100140E4080020B8
:10D63000E80800200320FE4948700120FD490870D9
:10D6400000204880FA4800784870704710B5F948C3
:10D65000007800B910BDF74840881E2809DAF5485F
:10D660004088401CF34948800221F348F3F709FD44
:10D6700011E0F04840883C2809DAEE484088401C18
:10D68000EC4948800221EC48F3F7F9FC03E0002064
:10D69000E8494880087000BFDCE7E548007870473B
:10D6A00010B5FFF746FFE549E148C16000218172EE
:10D6B000E3490161E3494161E349C161E349016231
:10D6C000E34981610020DA4908720121D848C1721A
:10D6D000E0498162E0494162E049C162E049416359
:10D6E000E0490163E049816340F2DC51A0F8401059
:10D6F000DE49C163DE498164002180F84610DD49BE
:10D70000C164DD490165DD498165DD49C165DD49EA
:10D710004165002180F84410022180F84710002163
:10D720004166016681660167C166D74941674FF46A
:10D730007A71A0F87C10D549816710BDBC4840784B
:10D74000042801DB012070470020FCE710B5B84A2F
:10D750001170507001231278C2EB0214B44A0832DF
:10D7600002EB840253700122B14B9A7010BD70B568
:10D770000025AF484078052829D2DFE800F00329CA
:10D780004188B200AA480078C0EB0011A8480830D0
:10D7900010F82100D8B9A6480078C0EB0011A448C1
:10D7A000083000EB8100006950B1A1490978C1EB54
:10D7B00001129F49083101EB820108698047054643
:10D7C000FF2D04D101209A4948700020888093E001
:10D7D000974881880078C0EB00129548083000EB2C
:10D7E0008200008F814205DA91488088401C904970
:10D7F000888004E000208E498880022048707BE009
:10D8000000248B480078C0EB00118948083000EBF9
:10D8100081004078B0BB86480078C0EB0011844896
:10D82000083000EB8100C06850B181490978C1EB34
:10D8300001127F49083101EB8201C8688047044624
:10D84000FF2C0FD101207A498870032048700121F4
:10D8500077480078C0EB00127548083000EB820072
:10D86000417013E0EE2C11D1002071494870084638
:10D870000078401C087008460078022806D1002075
:10D88000087003E0FFE703206949487034E0002492
:10D8900067480078C0EB00116548083000EB810054
:10D8A0008078D0B962480078C0EB00116048083039
:10D8B00000EB8100806850B15D490978C1EB01122D
:10D8C0005B49083101EB8201886880470446FF2CE0
:10D8D00006D104205649487002E00420544948709B
:10D8E0000AE053490978C1EB01125149083101EBB3
:10D8F00082014868804700BF00BF70BD70B5044614
:10D900000D464B488078B0B149480078C0EB001113
:10D910004748083000EB8100406960B14448007816
:10D92000C0EB00114248083000EB810029464269F3
:10D930002046904770BD0020FCE770B504460D46B8
:10D940003B488078B0B13A480078C0EB00113848C5
:10D95000083000EB8100806960B135480078C0EB89
:10D9600000113348083000EB8100294682692046C7
:10D97000904770BD0020FCE72D488078704710B5B7
:10D980002B480078C0EB00112948083000EB8100DB
:10D99000006B50B126490978C1EB011224490831C6
:10D9A00001EB8201086B804710BD0020FCE710B539
:10D9B0001F480078C0EB00111D48083000EB8100C3
:10D9C000C06950B11A490978C1EB011218490831F0
:10D9D00001EB8201C869804710BD0020FCE710B54B
:10D9E00013480078C0EB00111148083000EB8100AB
:10D9F000406B50B10E490978C1EB01120C49083156
:10DA000001EB8201486B804710BD0020FCE710B598
:10DA100007480078C0EB00110548083000EB810092
:10DA2000006AA8B302490978C1EB0112004930E04D
:10DA300010A80020EC080020001001406DAA00088A
:10DA4000D19A0008499A0008D1A200081DA7000831
:10DA5000E199000853A1000849A1000857A1000856
:10DA60005BA100087DA2000825A300084DA10008C5
:10DA7000210B010819FC0008BB0101084302010841
:10DA8000770501089FFB0008930201081DFB0008B1
:10DA900005E0083101EB8201086A804710BD0020D3
:10DAA000FCE710B523480078C0EB0011214808308E
:10DAB00000EB8100406A50B11E490978C1EB0112A8
:10DAC0001C49083101EB8201486A804710BD0020E3
:10DAD000FCE710B517480078C0EB00111548083076
:10DAE00000EB8100C06A50B112490978C1EB011204
:10DAF0001049083101EB8201C86A804710BD00203F
:10DB0000FCE710B50B480078C0EB0011094808305D
:10DB100000EB8100806A50B106490978C1EB01121F
:10DB20000449083101EB8201886A804710BD00205A
:10DB3000FCE7000010A80020F7480068F649496893
:10DB400008447047014609B900207047087B102837
:10DB500001D10120F9E70020F7E700B502461046A1
:10DB6000FFF7F0FF08B9002000BD1069FCE708B519
:10DB7000072003460122E9A10090EB480BF002F8D0
:10DB8000E94808BD70B504460D4604B10DB9012041
:10DB900070BDAC4201D10020FAE705E0207808B959
:10DBA0000020F5E7641C6D1C20780AF0D2FF0646C1
:10DBB00028780AF0CEFF8642F0D020780AF0C9FF1C
:10DBC000064628780AF0C5FF301AE1E72DE9F04152
:10DBD00004460D460026002714B90020BDE8F08158
:10DBE00020460BF09AF9461C3046296888470746BC
:10DBF0000FB90020F2E73246214638460BF003FA0F
:10DC00003846EBE738B9C949C94A1160C94951607A
:10DC1000C94991607047C549C54A1160016809B199
:10DC200001681160C349C24A5160416809B1416845
:10DC300051600021BE4A916011460968BB4A914279
:10DC400007D1BB494968BB4A914202D1BA49B84A97
:10DC5000916000BFDEE770B5044628202168884740
:10DC600005461DB1282128460BF066FA284670BDEE
:10DC700070B50446002522E02568A08900F4807074
:10DC800020B9A06810B1A068FFF7F2FFA08900F4E6
:10DC9000807028B9206918B1A54A20695168884761
:10DCA000A08900F4007028B9206A18B1A04A206A3F
:10DCB000516888479E484168204688472C46002C7A
:10DCC000DAD170BD2E2070472DE9F04391B0804627
:10DCD0000C4600BF00201090FFF7F4FF814600259E
:10DCE0000CB1206818B9002011B0BDE8F083002500
:10DCF0003CE0A16820680844405D342820D00ADC5C
:10DD0000A0F12B0009282ED2DFE800F0202D212AD7
:10DD10002D1617181900382816D006DC352810D013
:10DD200036280FD037281ED10DE039280DD04528D0
:10DD30000FD0652817D10BE000BF00BF00BF00BFA8
:10DD400000BF00BF00BF00BF00BF00BF00BF00BFDB
:10DD500000BFA16820680844405D0DF8050003E09D
:10DD60000DF8059000E00AE000BF6D1C3F2D05D2C4
:10DD700024B1A068284461688842BAD300BF00205B
:10DD80000DF8050010A968460DF048FB06460F4641
:10DD900068461099884201D10020A5E7C8E90667C6
:10DDA000664A674B304639460DF00EFF04D86FF0D7
:10DDB0000040C8F8140011E00022624B304639469A
:10DDC0000DF0C8FD04D84FF00040C8F8140005E07D
:10DDD000304639460DF036FDC8F814000820C8F862
:10DDE0000C00A0686A461099891A0844A0600120B6
:10DDF0007AE770B5064614461D46504A504B2046F9
:10DE000029460DF0E1FE03D86FF0004070610FE08D
:10DE100000224C4B204629460DF09CFD03D84FF0C4
:10DE20000040706104E0204629460DF00BFD706152
:10DE300020462946C6E9064570BD2DE9F041044655
:10DE40000D46002600270CB1206810B90020BDE85F
:10DE5000F081606828B1D4E90110884201D3002024
:10DE6000F5E7B5F1004F01D30020F0E7A068401CB2
:10DE700005446068A84203D3A16820680844E6E727
:10DE8000206908B10020E2E7B5F1804F07D3B5F172
:10DE9000004F02D26FF0004702E00020D7E76F008A
:10DEA000206A60B13946226A206890470646E6B982
:10DEB000E16920688847002060602060C7E7384635
:10DEC000A1698847064636B9E1692068884700207D
:10DED00060602060BBE72EB1A068421C304621681C
:10DEE0000BF091F8E1692068884767602660A068B8
:10DEF0003044ACE770B5044600250CB1206800B989
:10DF000070BDA1682068451828460BF006F8A16886
:10DF10000844A06000BFF3E7F008002025692E2523
:10DF2000692E25690000000090A80020EF890108F3
:10DF3000F80800204D8A01089B8A01080000C0FFF4
:10DF4000FFFFDF410000E0C12DE9F04F8BB08246BA
:10DF50000D464FF00009DAE9067800260024FFF7A5
:10DF6000B1FE83461DB900200BB0BDE8F08F002242
:10DF70001346384641460DF029FD00221346CDE9EF
:10DF800000010DF023FC05D0F9A104A80AF0FAFD68
:10DF900006461BE03A464346F7A104A80AF0F2FD04
:10DFA000064602AAF6A104A80AF056FF012806D1E7
:10DFB0003A464346DDE902010DF008FC06D03A4638
:10DFC0004346F0A104A80AF0DDFD0646002E01DB61
:10DFD000192E01DD0020C7E7711C2846FFF72DFF31
:10DFE0008146B9F1000F01D10020BDE700240DE00A
:10DFF00004A8005D584503D12E2009F8040004E070
:10E0000004A8005D09F8040000BF641CB442EFD30B
:10E01000002009F80400A8683044A8600120A3E7A4
:10E0200002460023002100BF23E0505C302806DBBD
:10E03000505C392803DC505C3038034415E0505CF8
:10E04000412806DB505C462803DC505C373803442B
:10E050000BE0505C612806DB505C662803DC505CFA
:10E060005738034401E000207047032900D21B0108
:10E07000491C0429D9D31846F6E72DE9FF5F8046ED
:10E080008946154600240026C24600200390834698
:10E0900002900190A9EB0A00062800DA81E00AF15B
:10E0A0000200FFF7BDFF0646B6F55C4F03D3B6F599
:10E0B000604F00D275E0B6F5584F29D3B6F55C4FE6
:10E0C00026D20AF10607002000900C200290A9EB4E
:10E0D0000700062800DA64E038785C2802D17878F6
:10E0E000752800D05DE0B81CFFF79AFF00900098FB
:10E0F000B0F55C4F03D30098B0F5604F00D350E00B
:10E10000C6F30901009861F39F2000F5803402E016
:10E11000062002903446802C02D20120039018E0A1
:10E12000B4F5006F04D202200390C020019010E0EB
:10E13000B4F5803F04D203200390E020019008E072
:10E14000B4F5881F04D204200390F020019000E071
:10E1500027E00398401E00F0FF0B0BE004F0BF0027
:10E1600040F08000296801F80B00A409ABF1010020
:10E1700000F0FF0BBBF1000FF0DC0398012804DD79
:10E18000019820432968087003E004F07F002968A3
:10E1900008702968039808442860029804B0BDE814
:10E1A000F09F0020FAE72DE9F84F80460C46A16861
:10E1B00020680844461CA16820680844451C0020CB
:10E1C00000900027A1682068405C222800D0A6E0CB
:10E1D0004FF0000AD1460DE028785C2809D1681C70
:10E1E0002168401A6168884200D398E009F101096A
:10E1F0006D1C6D1C2068281A6168884202D228783C
:10E200002228E9D12068281A6168884202D2287839
:10E21000222800D083E0A16820680844281AA0EBD7
:10E22000090A0AF1010021698847074607B976E023
:10E23000009761E030785C2807D016F8010B009950
:10E2400008700098401C009056E04FF00209A81B8F
:10E25000012800DA63E07078662819D008DC2228EB
:10E2600032D02F2832D05C282FD0622840D108E04D
:10E270006E2814D0722819D074281ED0752837D172
:10E280002BE00820009908700098401C009030E0B6
:10E290000C20009908700098401C009029E00A208A
:10E2A000009908700098401C009022E00D20009911
:10E2B00008700098401C00901BE00920009908702D
:10E2C0000098401C009014E000BF00BF70780099D7
:10E2D00008700098401C00900BE06A4629463046C2
:10E2E000FFF7CBFE8146B9F1000F00D117E000E047
:10E2F00015E000BF4E4400BFAE429BD30020009902
:10E3000008701020C8F80C00C8F810702068281A8F
:10E31000A060A068401CA0600120BDE8F88F17B184
:10E3200038466169884716B12068301AA06000201D
:10E33000F3E72DE9F04707468A460024002600252A
:10E34000A046A146BAF1000F02D10020BDE8F08737
:10E35000F7B903215046FFF770FD06460EB90020BD
:10E36000F4E70AA130460AF0B4FD0120EEE7000010
:10E370006E756C6C0000000025312E313567000091
:10E38000256C670025312E313767000022220000FE
:10E390003C4622E020780C2811D006DC08280DD05D
:10E3A00009280FD00A2810D10AE00D2809D0222808
:10E3B00002D05C2809D100E000BF00BF00BF00BF51
:10E3C00000BF00BF09F1010905E02078202801DA2B
:10E3D00009F1050900BF00BF641C20780028D9D1CD
:10E3E000E01B00EB090808F103015046FFF725FD8B
:10E3F00006460EB90020A9E7B9F1000F0FD122207F
:10E40000307042463946701C0AF0FDFD222108F1A9
:10E41000010031540021401C3154012096E7222094
:10E420003070751C3C463DE020781F2808DD2078C0
:10E43000222805D020785C2802D0207828702FE090
:10E440005C2005F8010B20780C2815D006DC082884
:10E450000FD0092819D00A281AD110E00D2811D0A0
:10E46000222803D05C2813D1287018E022202870BD
:10E4700015E06220287012E0662028700FE06E2000
:10E4800028700CE07220287009E07420287006E0E3
:10E490002278F7A128460AF075FB2D1D00BF00BFAA
:10E4A000641C6D1C20780028BED1222108F10100D7
:10E4B00031540021401C3154012047E770B5044617
:10E4C0000D4629462069FFF734FF70BD014609B1AA
:10E4D000086808B90020704702E08868401C88601E
:10E4E00041B1D1E90120904204D28A680868805C79
:10E4F0002028F2DDD1E90120904202D18868401E37
:10E5000088600846E7E710B504461CB1206808B1EA
:10E51000A06808B1002010BD7CB1A068001D616832
:10E5200088420AD2A268216888180322D2A10AF080
:10E5300013FD10B9A068C01CA0602046EBE72DE9D0
:10E54000F04180460C4600270025E068B0F57A7F50
:10E5500002D30020BDE8F081E068401CE06044B1D7
:10E56000D4E90110884204D2A1682068405C7B286D
:10E5700000D07BE0A068401CA0602046FFF7A6FF0B
:10E580004CB1D4E90110884205D2A1682068405CF2
:10E590007D2800D15DE01CB1D4E90110884203D38D
:10E5A000A068401EA06061E0A068401EA06000BF9F
:10E5B00004F11000FFF74FFB064606B956E017B905
:10E5C0003746354602E02E6075603546A068401C2F
:10E5D000A0602046FFF77AFF21462846FFF7E3FDBB
:10E5E00000B943E02046FFF771FF28692862002048
:10E5F000286144B1D4E90110884204D2A16820689E
:10E60000405C3A2800D031E0A068401CA060204661
:10E61000FFF75CFF2146284600F0A8F800B925E086
:10E620002046FFF753FF44B1D4E90110884204D2D9
:10E63000A1682068405C2C28BAD044B1D4E901100C
:10E64000884204D2A1682068405C7D2800D00DE09B
:10E6500000BFE068401EE0604020C8F80C00C8F829
:10E660000870A068401CA060012073E717B138460D
:10E67000FFF7FEFA00206DE72DE9F04107460C4652
:10E680000026B046E068B0F57A7F02D30020BDE8EE
:10E69000F081E068401CE060A1682068405C5B2875
:10E6A00000D05DE0A068401CA0602046FFF70EFF90
:10E6B0004CB1D4E90110884205D2A1682068405CC1
:10E6C0005D2800D141E01CB1D4E90110884203D398
:10E6D000A068401EA06043E0A068401EA06000BF8C
:10E6E00004F11000FFF7B7FA054605B938E016B98E
:10E6F0002E46A84604E0C8F80050C5F80480A84695
:10E70000A068401CA0602046FFF7E0FE214640467E
:10E7100000F02CF800B923E02046FFF7D7FE44B103
:10E72000D4E90110884204D2A1682068405C2C28FA
:10E73000D6D044B1D4E90110884204D2A16820683F
:10E74000405C5D2800D00BE000BFE068401EE06048
:10E750002020F860BE60A068401CA060012096E701
:10E7600016B13046FFF784FA002090E770B50546F1
:10E770000C460CB1206808B9002070BDA4B1A06897
:10E78000001D616888420FD8A26821688818042299
:10E79000AFF224410AF0E0FB30B90420E860A06841
:10E7A000001DA0600120E8E79CB1A068401D6168E1
:10E7B00088420ED8A2682168881805222FA10AF085
:10E7C000CBFB30B90120E860A068401DA0600120AB
:10E7D000D3E7ACB1A068001D6168884210D8A26878
:10E7E00021688818042227A10AF0B6FB40B902204C
:10E7F000E86001206861A068001DA0600120BCE7FE
:10E800006CB1D4E90110884209D2A1682068405C4B
:10E81000222804D121462846FFF7C5FCADE7BCB14C
:10E82000D4E90110884213D2A1682068405C2D28E9
:10E8300009D0A1682068405C302809DBA168206805
:10E84000405C392804DC21462846FFF73DFA94E76E
:10E85000E4B1D4E90110884218D2A1682068405C74
:10E860005B2813D121462846FFF706FF85E7000005
:10E870007525303478000000EFBBBF0066616C7313
:10E880006500000074727565000000006CB1D4E989
:10E890000110884209D2A1682068405C7B2804D11D
:10E8A00021462846FFF74BFE67E7002065E72DE984
:10E8B000F04389B004460D4617461C2102A80AF011
:10E8C0003BFC00260020F7490860486004B934E0AA
:10E8D000029420460AF021FB401C03900020049083
:10E8E000F14A07CA06AB07C3EF48FFF7B4F906467B
:10E8F00006B922E002A8FFF706FE8146FFF7E6FD13
:10E90000804641463046FFF731FF00B915E05FB160
:10E9100002A8FFF7DBFDDDE90310884203D204996A
:10E920000298405C00B108E01DB1049902980844C7
:10E930002860304609B0BDE8F08316B13046FFF7D5
:10E9400097F9C4B1009400200190DDE903108842DA
:10E9500002D20498019004E0039810B10398401E7D
:10E9600001901DB1DDE9000108442860CD48DDE9D2
:10E97000001206C000BF0020DCE710B504460022EC
:10E9800011462046FFF793FF10BD2DE9F047814661
:10E990000C4600250026D9F8087014B90020BDE8FF
:10E9A000F087606908B1022000E001200646711C72
:10E9B0002046FFF742FA05460DB90020EFE77B201D
:10E9C00005F8010BE068401CE060606910B10A20A6
:10E9D00005F8010BA0683044A06069E06069B8B137
:10E9E0002046E168FFF729FA05460DB90020D6E771
:10E9F0004FF0000804E0092005F8010B08F10108B8
:10EA0000E0684045F7D8D4E902010844A06000BF9F
:10EA10002146386AFFF78DFC08B90020BFE7204681
:10EA2000FFF768FA606908B1022000E0012006469D
:10EA300031462046FFF701FA05460DB90020AEE742
:10EA40003A2005F8010B606910B1092005F8010BA7
:10EA5000A0683044A0602146384600F0A9F808B903
:10EA600000209CE72046FFF745FA606908B10120C5
:10EA700000E00020396809B1012100E000214618BA
:10EA8000711C2046FFF7D9F905460DB9002086E72D
:10EA9000386810B12C2005F8010B606910B10A200C
:10EAA00005F8010B00202870A0683044A0603F6882
:10EAB000002F93D1606910B1E068401C00E0022093
:10EAC00001462046FFF7B9F905460DB9002066E773
:10EAD000606950B1002003E0092105F8011B401CCA
:10EAE000E168491E8142F7D800BF7D2005F8010B7F
:10EAF00000202870E068401EE06001204FE72DE90B
:10EB0000F04107460C460025A846BE6814B900200F
:10EB1000BDE8F08101212046FFF78FF905460DB9C8
:10EB20000020F5E75B202870A068401CA060E0682A
:10EB3000401CE06028E02146304600F039F808B972
:10EB40000020E5E72046FFF7D5F93068D8B16069C5
:10EB500008B1022000E00120804608F101012046B2
:10EB6000FFF76BF905460DB90020D1E72C2005F819
:10EB7000010B606910B1202005F8010B00202870FE
:10EB8000A0684044A0603668002ED4D102212046FF
:10EB9000FFF753F905460DB90020B9E75D2005F8E8
:10EBA000010B00202870E068401EE0600120AFE704
:10EBB0002DE9F04104460E46002504B116B90020A7
:10EBC000BDE8F081207B10285AD008DC01281CD039
:10EBD000022829D0042809D0082860D133E0202851
:10EBE00053D0402856D0802859D131E005213046F5
:10EBF000FFF723F905460DB90020E1E7AFF69001D4
:10EC000028460AF066F90120DAE706213046FFF7C8
:10EC100014F905460DB90020D2E7AFF2A03128461D
:10EC20000AF057F90120CBE705213046FFF705F937
:10EC300005460DB90020C3E7AFF2B83128460AF007
:10EC400048F90120BCE731462046FFF77DF9B7E7D8
:10EC50000027206908B90020B2E720690AF05DF9B1
:10EC6000471C39463046FFF7E8F805460DB9002045
:10EC7000A6E73A46284621690AF0C5F901209FE730
:10EC800031462046FFF71AFC9AE731462046FFF747
:10EC900036FF95E731462046FFF777FE90E70020E4
:10ECA0008EE70000F0080020F8080020F0B589B0D9
:10ECB00007460E4614460025242168460AF03CFA11
:10ECC0004FF480702168884700904FF48070019065
:10ECD000059694E8070006AB07C3009800B933E037
:10ECE00069463846FFF764FF00B92DE06846FFF734
:10ECF00001F9A06850B1029B591C0098A268904786
:10ED0000054605B920E0002000901AE0029A501C48
:10ED100021688847054605B916E0DDE90130401C49
:10ED2000834201D2019801E00298401C0246284625
:10ED300000990AF068F90020029968540098616807
:10ED40008847284609B0F0BD009810B10098616866
:10ED5000884715B12846616888470020F2E710B55A
:10ED60000446F74A01212046FFF7A0FF10BD10B569
:10ED70000446F34A00212046FFF798FF10BD70B506
:10ED80008AB006460C461546242101A80AF0D4F99B
:10ED9000002C02DA00200AB070BDE9480168204664
:10EDA00088470190019808B90020F4E702940020F8
:10EDB000039005900695E24A07CA07AB07C301A96D
:10EDC0003046FFF7F5FE28B9DD4A019851688847BB
:10EDD0000020E0E70198DEE7F0B589B007460C4671
:10EDE00015461E46242168460AF0A6F9002D00DBD0
:10EDF00014B9002009B0F0BD0094019500200290E4
:10EE0000012004900596CE4A07CA06AB07C369469F
:10EE10003846FFF7CDFEEDE701460022002309B991
:10EE2000002070478A6801E05B1C1268002AFBD151
:10EE30001846F6E702460B4600210AB90020704743
:10EE4000916801E05B1E096809B1002BFAD1084600
:10EE5000F5E770B505460C46002C01DA002070BDC0
:10EE600021462846FFF7E6FFF9E72DE9F041054680
:10EE70000E461746002405B116B90020BDE8F08102
:10EE8000AC684FB100E024687CB13046216A0AF0DA
:10EE90007BF90028F7D108E000E024682CB1304667
:10EEA000216AFEF76FFE0028F7D12046E6E770B52D
:10EEB00004460D46002229462046FFF7D6FF70BDC6
:10EEC00070B504460D46012229462046FFF7CDFFC6
:10EED00070BD70B504460D4629462046FFF7E7FF92
:10EEE00008B1012070BD0020FCE701604860704758
:10EEF00070B505460E4600240DB9002070BD3046A1
:10EF0000FEF7A9FE04460CB90020F7E7282229469F
:10EF100020460AF0BDF800202062E06840F48070CE
:10EF2000E0600020606020602046E7E770B504469E
:10EF30000E46002506B10CB9002070BDA5680DB9BC
:10EF4000A66008E000E02D6828680028FBD1314663
:10EF50002846FFF7CAFF0120EFE770B504460D46CB
:10EF600029462046FFF7E2FF70BD70472DE9F047C4
:10EF700007460D4614461E46DDF820904FF0000867
:10EF8000C2460FB105B114B90020BDE8F087B9F150
:10EF9000000F07D02846FFF7E8FF8046E06840F4FE
:10EFA000007A0CE031462846FEF710FE8046B8F1A4
:10EFB000000F01D10020E8E7E06820F4007AA08982
:10EFC00000F4007020B9206A10B1206A7168884787
:10EFD000C4F82080C4F80CA021463846FFF7A6FFED
:10EFE000D3E7F8B504460D4616460020544B32468A
:10EFF000294600902046FFF7B9FFF8BDF8B5044652
:10F000000D46164601204E4B3246294600902046BA
:10F01000FFF7ACFFF8BD70B504460D4604B970BDEE
:10F0200047492846FFF764FF064631462046FFF76A
:10F030007DFF00BFF3E7F8B504460D46164604B160
:10F0400005B9F8BD3E493046FFF752FF074600209C
:10F050003B4B3A46294600902046FFF787FF00BF0A
:10F06000EFE710B53648FEF7F6FD04460CB1042074
:10F07000E060204610BDF8B504460D46FFF7F1FFED
:10F08000064600202E4B3246294600902046FFF7C8
:10F090006DFF08B13046F8BD3046FEF7E9FD0020AF
:10F0A000F9E710B52648FEF7D6FD04460CB102205C
:10F0B000E060204610BDF8B504460D46FFF7F1FFAD
:10F0C000064600201E4B3246294600902046FFF798
:10F0D0004DFF08B13046F8BD3046FEF7C9FD0020AF
:10F0E000F9E710B51648FEF7B6FD04460CB101204D
:10F0F000E060204610BDF8B504460D46FFF7F1FF6D
:10F10000064600200E4B3246294600902046FFF767
:10F110002DFF08B13046F8BD3046FEF7A9FD0020AE
:10F12000F9E770B505460648FEF795FD044624B19B
:10F130000DB1022000E00120E060204670BD00001B
:10F14000F8080020F8B505460E4614462046FFF79D
:10F15000E8FF07460020F74B3A4631460090284624
:10F16000FFF704FF08B13846F8BD3846FEF780FDCA
:10F170000020F9E770B505460E46EE48FEF76BFD38
:10F180000446F4B10820E060C4E90656EA4AEB4BB5
:10F19000284631460CF018FD03D86FF0004060613E
:10F1A0000FE00022E64B284631460CF0D3FB03D893
:10F1B0004FF00040606104E0284631460CF042FB0D
:10F1C0006061204670BD2DE9F84306460F4614469F
:10F1D0001D4620462946FFF7CDFF80460020D54B2F
:10F1E0004246394600903046FFF7C0FE10B1404617
:10F1F000BDE8F8834046FEF73BFD0020F8E770B518
:10F200000546CC48FEF727FD04466CB11020E060AF
:10F21000C8492846FEF7DAFC2061206920B920465B
:10F22000FEF726FD002070BD2046FCE7F8B5054638
:10F230000E4614462046FFF7E2FF07460020BD4B6E
:10F240003A46314600902846FFF790FE08B138460E
:10F25000F8BD3846FEF70CFD0020F9E770B505460D
:10F26000B448FEF7F8FC04466CB18020E060B14978
:10F270002846FEF7ABFC2061206920B92046FEF746
:10F28000F7FC002070BD2046FCE7F8B505460E46A9
:10F2900014462046FFF7E2FF07460020A54B3A46FA
:10F2A000314600902846FFF761FE08B13846F8BDA8
:10F2B0003846FEF7DDFC0020F9E710B59D48FEF763
:10F2C000CAFC04460CB14020E060204610BDF8B5F1
:10F2D00004460D46FFF7F1FF06460020954B3246E7
:10F2E000294600902046FFF741FE08B13046F8BDA0
:10F2F0003046FEF7BDFC0020F9E710B58D48FEF75B
:10F30000AAFC04460CB12020E060204610BDF8B5F0
:10F3100004460D46FFF7F1FF06460020854B3246B6
:10F32000294600902046FFF721FE08B13046F8BD7F
:10F330003046FEF79DFC0020F9E7024602B109B90C
:10F3400000207047486810B1D1E9000318600868D0
:10F3500010B1D1E9003058609068884201D1086846
:10F3600090600020486008600846EAE770B50546EE
:10F370000C46002C01DA002070BD21462846FFF71C
:10F3800059FD064631462846FFF7D7FFF4E770B52A
:10F3900004460D4629462046FFF7E8FF0646FEF7DD
:10F3A00067FC70BD70B504460D4629462046FFF740
:10F3B0007EFD064631462046FFF7BFFF70BD70B5A3
:10F3C00004460D4629462046FFF77AFD064631469B
:10F3D0002046FFF7B2FF70BD70B504460D462946C2
:10F3E0002046FFF7DFFF0646FEF742FC70BD70B512
:10F3F00004460D4629462046FFF7E1FF0646FEF784
:10F4000037FC70BD2DE9F04106460F461446002535
:10F41000002F01DABDE8F08139463046FFF70AFDDA
:10F42000054625B921463046FFF780FDF2E7256005
:10F43000686860606C60B068A84201D1B46001E0A7
:10F440006068046000BFE5E770B506460D461446E7
:10F450000EB104B10DB9002070BDAC4201D1012044
:10F46000FAE72868206068686060206808B1206852
:10F470004460606808B160680460B068A84200D168
:10F48000B4600020286068602846FEF7F1FB012088
:10F49000E2E72DE9F04105460C461646002C01DA5C
:10F4A000BDE8F08121462846FFF7C4FC07463246F6
:10F4B00039462846FFF7C8FF00BFF1E710B50446FC
:10F4C0001C4841682046884710BD2DE9F041074699
:10F4D0000D4614461E4604B115B90020BDE8F08162
:10F4E000A08900F4007020B9206A10B1206AFFF7EB
:10F4F000E5FF10492846FEF769FB2062E06820F42A
:10F500000070E060324629463846FFF7AEFC804680
:10F51000224641463846FFF797FF0120DEE770B5E7
:10F5200004460D4616460023324629462046FFF77C
:10F53000CCFF70BDF80800200000C0FFFFFFDF41D6
:10F540000000E0C170B504460D4616460123324660
:10F5500029462046FFF7B9FF70BD70B50546F7484C
:10F56000FEF779FB044634B14FF48870E06028461A
:10F57000FFF7FBFC2061204670BD70B50546EF48E3
:10F58000FEF769FB044634B14FF4A070E0602846F2
:10F59000FFF7EBFCA060204670BD70B50546E7485C
:10F5A000FEF759FB044634B14FF49070E0602846F2
:10F5B000FFF7DBFCA060204670BD2DE9F05F06463A
:10F5C000894600240025A346A246B9F1000F00DBBE
:10F5D00016B90020BDE8F09FFFF78FFE8246002499
:10F5E00017E056F824000CF08AF90746FFF7C2FD31
:10F5F000054625B95046FEF73BFB0020EAE714B963
:10F60000CAF8085003E029465846FFF76EFCAB469F
:10F61000641CBAF1000F01D04C45E2D35046D9E743
:10F620002DE9F05F0646894600240025A346A24640
:10F63000B9F1000F00DB16B90020BDE8F09FFFF71D
:10F640005CFE8246002417E056F824000CF0F2FA23
:10F650000746FFF78FFD054625B95046FEF708FB24
:10F660000020EAE714B9CAF8085003E029465846D2
:10F67000FFF73BFCAB46641CBAF1000F01D04C45D0
:10F68000E2D35046D9E72DE9F04706460F4600245D
:10F690000025A146A046002F00DB16B90020BDE8DA
:10F6A000F087FFF72AFE8046002417E006EBC4002F
:10F6B000D0E900211046FFF75DFD054625B940461B
:10F6C000FEF7D6FA0020EAE714B9C8F8085003E0BC
:10F6D00029464846FFF709FCA946641CB8F1000F0B
:10F6E00001D0BC42E2D34046D9E72DE9F0470646B7
:10F6F0000F4600240025A146A046002F00DB16B9C6
:10F700000020BDE8F087FFF7F8FD8046002414E0F4
:10F7100056F82400FFF773FD054625B94046FEF76D
:10F72000A7FA0020EDE714B9C8F8085003E029460D
:10F730004846FFF7DAFBA946641CB8F1000F01D078
:10F74000BC42E5D34046DCE72DE9F0470446894654
:10F7500000250027A846002604B948E07748FEF7B0
:10F760007AFA054605B942E0E06820F48070E86066
:10F7700060696861D4E90601C5E90601206938B10C
:10F780006E492069FEF722FA2861286900B92EE047
:10F79000206A68B1A08900F4007008B1206A03E013
:10F7A0006649206AFEF712FA2862286A00B91EE04C
:10F7B000B9F1000F02D12846BDE8F087A76812E032
:10F7C00001213846FFF7C0FF064606B90FE0B8F141
:10F7D000000F05D0C8F80060C6F80480B04601E00C
:10F7E000AE60B0463F68002FEAD12846E4E715B185
:10F7F0002846FEF73DFA0020DEE7014600B97047D3
:10F8000055E00278202A01D1401C50E00278092AF4
:10F8100001D1401C4BE002780D2A01D1401C46E08A
:10F8200002780A2A01D1401C41E002782F2A0BD12C
:10F8300042782F2A08D100E0401C0278002A36D0F6
:10F8400002780A2A33D0F7E702782F2A0ED14278BD
:10F850002A2A0BD100E0401C02782AB102782A2A19
:10F86000F9D142782F2AF6D1801C20E00278222A92
:10F8700019D110F8012B01F8012B0AE002785C2A5B
:10F8800003D110F8012B01F8012B10F8012B01F81E
:10F89000012B027812B10278222AEFD110F8012B45
:10F8A00001F8012B03E010F8012B01F8012B02787D
:10F8B000002AA6D10A7000BFA1E7014609B90020BD
:10F8C0007047087B08B90120FAE70020F8E70146F5
:10F8D00009B900207047087B012800D1FAE7002011
:10F8E000F8E7014609B900207047087B022801D1DA
:10F8F0000120F9E70020F7E7014609B90020704729
:10F90000087B00F0030008B10120F8E70020F6E7CB
:10F91000014609B900207047087B042801D1012065
:10F92000F9E70020F7E7014609B900207047087B96
:10F93000082801D10120F9E70020F7E7F8080020A6
:10F94000014609B900207047087B202801D1012019
:10F95000F9E70020F7E7014609B900207047087B66
:10F96000402801D10120F9E70020F7E7014609B955
:10F9700000207047087B802801D10120F9E7002092
:10F98000F7E72DE9F0470446894692465CB1B9F1A4
:10F99000000F08D0207B99F80C10884203D1204634
:10F9A000FFF78BFF10B10020BDE8F087207B102807
:10F9B00014D008DC01280DD002280CD004280BD06C
:10F9C00008280FD109E020280AD0402809D0802833
:10F9D00008D104E000BF00BF00BF00BF00BF00BFF0
:10F9E00000BF01E00020DFE700BF4C4501D101204E
:10F9F000DAE7207B102821D008DC01280DD002286E
:10FA00000CD004280BD008287DD10AE0202827D06C
:10FA100040283CD0802876D111E000BF00BF0120F3
:10FA2000C2E7D9E906532A46D4E9067138460BF0F5
:10FA3000CDFE01D10120B7E70020B5E700BF206966
:10FA400010B1D9F8100008B90020ADE7D9F81010AE
:10FA5000206909F099FB08B90120A5E70020A3E778
:10FA6000A568D9F8086009E0524631462846FFF7F4
:10FA700088FF08B9002097E72D6836680DB1002E81
:10FA8000F2D1B54201D000208EE701208CE700259D
:10FA900000260CB1A06800E00020054611E05246A7
:10FAA0004846296AFFF7E1F906460EB900207BE7D0
:10FAB000524631462846FFF764FF08B9002073E735
:10FAC0002D68002DEBD1B9F1000F02D0D9F8080054
:10FAD00000E00020064612E052462046316AFFF759
:10FAE000C4F9054615B900205EE70CE052462946E8
:10FAF0003046FFF746FF08B9002055E73668002E6C
:10FB0000EAD1012050E700204EE710B50446024834
:10FB100001682046884710BDF8080020F7480078A3
:10FB20007047FF207047F648007830B101280DD0AB
:10FB300002281AD003282FD11EE00020F1490880A6
:10FB4000F14908600120EE49087025E0ED48008881
:10FB5000401CEC49088008460088C82804DD0020C5
:10FB600008800220E649087016E00120E649086096
:10FB70000320E34908700FE0E2480088401CE14997
:10FB8000088008460088C82805DD00200880DC4978
:10FB90000870FF20704700BF00BF0020FAE710B5D3
:10FBA000DA480078002826D00020D8490870D848C4
:10FBB000F5F7BAF96421D74809F0BEFAD6A3D8A25E
:10FBC000DBA1D44808F0DEFFE048F5F7CCF9DF48C8
:10FBD00009F0A3F9C4B22246DC49DD4801F06EF811
:10FBE0006421DC4809F0A8FAD84B1033D84ADAA1CE
:10FBF000D84808F0C7FFFFF796FF10B1FF20DC4997
:10FC00000870DB480078FF2804D10020D84908702C
:10FC1000FF2010BD0020FCE770B50024D548007817
:10FC200011287DD2DFE800F009164F5C8A97CCDD01
:10FC3000F3F2F1F0EFEEEDECEB004FF40071CE4893
:10FC400009F058FA0C21CDA0FDF77AFC0120C94932
:10FC50000870AFE2CDA1C84809F029F9B0B1CDA133
:10FC6000C54809F024F940B10420C24908700020B9
:10FC7000CB490880CB49087024E00220BD490870B8
:10FC80000020C7490880C74908701BE0C4480088A5
:10FC9000401CC349088008460088B0F5967F11DDF6
:10FCA00000200880B3490870BE480078401CBD4958
:10FCB000087008460078032804DD00200870EE2054
:10FCC000AC49087076E24FF40071AB4809F012FAC3
:10FCD0000D21B5A0FDF734FC0320A649087069E2A8
:10FCE000B5A1A54809F0E3F840B10420A149087086
:10FCF0000020AB490880AB4908701EE0A848008886
:10FD0000401CA749088008460088B0F5967F14DD9E
:10FD100000200880022097490870A248007800E07F
:10FD20001BE2401C9F49087008460078032804DD48
:10FD300000200870EE208F4908703BE24FF40071FC
:10FD40008D4809F0D7F90B219CA0FDF7F9FB0520A0
:10FD5000884908702EE298A1874809F0A8F888B170
:10FD600099A1854809F0A3F818B1092081490870C4
:10FD700002E006207F4908700020894908808949EF
:10FD800008701CE086480088401C854908800846A9
:10FD90000088B0F5967F12DD0020088004207549A8
:10FDA000087080480078401C7E490870084600783A
:10FDB000032804DD00200870EE206E490870F9E188
:10FDC0004FF400716C4809F095F9624809F0A5F804
:10FDD000054629465F48FDF7B3FB072065490870D3
:10FDE000E8E17BA1644809F062F888B10820614924
:10FDF000087000206A4908806A49087025E07FE1A0
:10FE000071E11AE108E103E1FEE04AE03CE01DE0B7
:10FE100063480088401C6249088008460088B0F5A5
:10FE2000FA7F12DD002008800620524908705D48E4
:10FE30000078401C5B49087008460078032804DD00
:10FE400000200870EE204B490870B3E15AA14A48DF
:10FE500009F02DF840B109204649087000205049AA
:10FE60000880504908700EE04D480088401C4C49FD
:10FE7000088008460088B0F5FA7F04DD002008807D
:10FE800009203C49087095E14FF400713A4809F0A7
:10FE900031F9242152A0FDF753FB0A20354908709F
:10FEA00088E145A1344809F002F840B10B203149FE
:10FEB000087000203A4908803A4908701CE0384828
:10FEC0000088401C3649088008460088B0F5967FB7
:10FED00012DD00200880092026490870314800788A
:10FEE000401C3049087008460078032804DD0020D3
:10FEF0000870EE201F4908705CE100000409002032
:10FF00007C0900207A090020840122427F09002018
:10FF100005090020A0A80020313138383300000046
:10FF200033392E39362E31302E3235300000000074
:10FF300041542B43495053544152543D2254435051
:10FF4000222C222573222C25730D0A00590900202A
:10FF500068A9002004A9002041542B43574A41506E
:10FF60003D222573222C222573220D0A0000000059
:10FF70007E090020800900203CA1002041542B4331
:10FF8000574D4F44453F0D0A000000002B43574D8D
:10FF90004F4445002B43574D4F44453A3100000034
:10FFA000840900208109002041542B43574D4F44C0
:10FFB000453D310D0A0000004F4B000041542B43DA
:10FFC000574A41503F0D0A002B43574A41503A00CF
:10FFD0005749464920434F4E4E454354454400003F
:10FFE00041542B434950534E54504346473D312CC6
:10FFF000382C226E74702E616C6979756E2E636F69
:020000040801F1
:100000006D220D0A000000000C20FB490870D1E0B1
:100010000D20F9490870CDE04FF40071F74809F060
:1000200069F8F74808F079FF05462946F448FDF7D6
:1000300087FA0E20F0490870BCE0F2A1EF4808F002
:1000400036FF28B9AFF29001EC4808F030FF50B10C
:100050000020E9490870ED490880ED490870ED4934
:100060000870FF2070BDECA1E44808F020FFE0B16B
:10007000E848007803280DDAE6480078401CE54996
:1000800008700020E1490880E14908700F20DA4932
:10009000087027E00020DD490880DD490870DD494F
:1000A0000870EE20D44908701CE0D8480088401C35
:1000B000D649088008460088B0F5967F12DD0020FA
:1000C00008800D20CC490870D1480078401CD049E8
:1000D000087008460078032804DD00200870EE2030
:1000E000C549087066E04FF40071C44809F002F891
:1000F0000D21CBA0FDF724FA1020BF49087059E06C
:10010000AFF24C11BD4808F0D2FE40B10D20BA4903
:1001100008700020BD490880BD4908701CE0BB483C
:100120000088401CB949088008460088B0F5967FD1
:1001300012DD002008800F20AF490870B448007815
:10014000401CB349087008460078032804DD0020ED
:100150000870EE20A84908702CE0B548007820B15E
:10016000012806D0022823D10FE00120B0490870F1
:100170001EE0FFF7D8FC0446FF2C05D10020A34960
:1001800008800220AA49087012E0A0480088B0F553
:100190007A7F05DA9D480088401C9C49088006E06B
:1001A00000209A49088094490870A149087000BF4E
:1001B00000BF00BF00BF002054E710B59D48007885
:1001C00010B1012838D10CE04FF400718B4808F0D1
:1001D00091FF082198A0FDF7B3F901209549087017
:1001E0002CE098A1854808F062FE40B100209149BA
:1001F00008709749088097490880FF2010BD9448EF
:100200000088401C9249088008460088642812DD56
:1002100000200880874908708E480088401C8D495E
:10022000088008460088052805DD002008808149EF
:100230000870EE20E2E701E0EE20DFE700BF0020DB
:10024000DCE72DE9F0410746884600248248007823
:10025000D8B982A1694808F02AFE0446A4B181A158
:10026000204608F024FE451C7CA1644808F01FFECF
:1002700004464CB1601D08F00DFE86B2314628469A
:1002800001F0D7FF00BF00BF00BF00BF0020BDE8E6
:10029000F0810020704770B506460D4672488068B0
:1002A0000A2801D1002070BD4FF44370F3F7EFF836
:1002B00004460CB90020F6E725812A46314604F1B0
:1002C0000A00F2F7FDFF6848006850B9002060603E
:1002D00020606548046044608068401C6249886012
:1002E0000DE0002060606048406844605E484068FF
:1002F00020605D4844608068401C5B498860FF2046
:10030000D1E75948006808B900207047564800688E
:100310000830FAE710B55448006808B9002010BD4D
:10032000514804680068406820B100204E490968BF
:10033000496808604C48006840684B4908600846B6
:100340008068401E88602046F3F791F8FF20E6E7BA
:1003500010B54648007800B910BD4548007803281C
:1003600047D005DC48B1012813D0022842D131E042
:10037000042840D0EE28F9D1F1E0FFF7C2FF3D4953
:1003800008600846006800B9E6E7012038490870AF
:10039000EEE04FF40071194808F0ACFE4FF4007124
:1003A000354808F0A7FE4021344808F0C5FE314822
:1003B0000068028832A1314808F0E4FB2F4808F0B9
:1003C000ACFD044621462D48FDF7BAF80220284925
:1003D0000870CDE02EA1094808F069FD40B1032066
:1003E0002349087000202B4908702B49088080E0C1
:1003F00054E07FE0B9E093E0800900203CA10020B8
:10040000A0A80020434F4E4E4543540084090020CD
:1004100081090020820900204552524F52000000FD
:1004200041542B434950434C4F53450D0A000000A3
:10043000860900208709002041542B474D520D0AA0
:100440000000000057524F4F4D2D33320000000086
:100450008A090020880900208C0900202B4950447B
:100460002C0000003A00000088A900207909002033
:100470008D090020940900203C89002094A90020C7
:1004800041542B43495053454E443D25640D0A00C9
:100490003E0000008E09002090090020AFF2880184
:1004A000FE4808F004FD90B1FD480078401CFC496E
:1004B00008700846007803281BDD00200870FAF752
:1004C000A8FBFDF7B7F8EE20F649087011E0F648F2
:1004D0000088642805DAF4480088401CF249088046
:1004E00007E00020F0490880ED4908700320ED493D
:1004F00008703DE04FF40071E84808F0FBFD4FF450
:100500000071EA4808F0F6FDE94800680188E8480B
:100510000068801CFDF714F80420E249087027E009
:10052000E4A1DE4808F0C3FC40B1EE20DD490870CC
:100530000020DB490870DC4908800FE0DA480088B9
:10054000642805DAD8480088401CD749088005E0AF
:100550000020D5490880EE20D249087008E0FFF756
:10056000D9FE0020CF49087000BF00BF00BF00BF08
:1005700000BF00BFF0E670B504460D462946204690
:10058000FFF789FEFF2070BD30B585B00024CB4851
:10059000006841F27071884205D2C8480068401C6A
:1005A000C649086046E2C648007830B1012815D037
:1005B00002284FD0032872D159E00020C1490870A9
:1005C0004FF40071B54808F095FD0B21AFF21460AF
:1005D000FCF7B6FF0120BA4908702AE2AFF22861A1
:1005E000AE4808F064FC00B3AFF22461AB4808F0F9
:1005F0005EFC044684B1B4A1A84808F058FC044647
:1006000054B1641C2078372803DD0020AF490870FE
:1006100002E00120AD4908700220A94908700020BD
:10062000AB490880AB49087013E0A9480088401C1A
:10063000A74908800846008864280ADD0020088051
:100640009F490870A34908709C49086001209D4992
:100650000870EEE14FF40071904808F04BFD112155
:100660009DA0FCF76DFF032095490870E1E1AFF212
:10067000B8618A4808F01BFC00287DD09BA1874800
:1006800008F015FC0446002C77D011349BA1834858
:1006900008F00DFC20B101208DF80E0062E0C7E1EA
:1006A00097A17E4808F003FC18B102208DF80E00D7
:1006B00058E094A1794808F0FAFB18B103208DF8AE
:1006C0000E004FE090A1754808F0F1FB18B104202E
:1006D0008DF80E0046E08DA1704808F0E8FB18B1D7
:1006E00005208DF80E003DE089A16C4808F0DFFB85
:1006F00018B106208DF80E0034E086A1674808F096
:10070000D6FB18B107208DF80E002BE082A16348BC
:1007100008F0CDFB18B108208DF80E0022E07FA173
:100720005E4808F0C4FB18B109208DF80E0019E0EE
:100730007CA15A4808F0BBFB18B10A208DF80E00C6
:1007400010E079A1554808F0B2FB18B10B208DF8E4
:100750000E0007E075A1514808F0A9FB10B10C206C
:100760008DF80E009DF80E000C2810DD0020584971
:1007700008805349087001E044E138E155490870A8
:100780004E49086001204F49087005B030BD2078FF
:10079000302816DB2078392813DC241D61783039A5
:1007A0002278303A02EB820201EB4200C11700EBE3
:1007B000D1614911A0EB4111C9B28DF80F10E41CB1
:1007C00006E0641D20783038C0B28DF80F00A41CFC
:1007D0009DF80F001F280CDD00203D490880384996
:1007E00008703C4908703549086001203549087097
:1007F000CBE7607830382178303901EB810100EBAC
:100800004100182190FBF1F201FB1200C0B28DF8FB
:1008100010009DF8100017280CDD00202C490880DE
:10082000274908702B490870244908600120254990
:100830000870AAE7E41C607830382178303901EB81
:10084000810100EB41003C2190FBF1F201FB120021
:10085000C0B28DF811009DF811003B280CDD00207E
:100860001B490880164908701A4908701349086026
:1008700001201449087088E7E41C6078303821783A
:10088000303901EB810100EB41003C2190FBF1F29A
:1008900001FB1200C0B28DF8120049E03CA100201B
:1008A0008E0900208D090020900900203C8900203D
:1008B0009409002053454E44204F4B009C090020D2
:1008C00098090020790900202D000000040900206B
:1008D0009A0900209909002041542B434950534E56
:1008E000545054494D453F0D0A0000002B434950D8
:1008F000534E545054494D453A0000004A616E0031
:10090000466562004D617200417072004D61790070
:100910004A756E004A756C004175670053657074C6
:10092000000000004F6374004E6F76004465630062
:100930009DF812003B280CDD00207E4908807E498E
:1009400008707E4908707E49086001207D49087062
:100950001BE7E41CE07830380A2190FBF1F201FB40
:100960001202207830384FF47A7148436178303978
:1009700001EBC10303EB011100EB8101A0783038DA
:1009800000EB800001EB4000104480B2ADF80C0099
:10099000BDF80C0040F6330188420CDD00206549AB
:1009A000088065490870654908706549086001203C
:1009B00064490870E9E603A801F045FEBDF80C00A3
:1009C000642190FBF1F201FB1200C5B29DF8120008
:1009D0009DF811109DF81020CDE9002102909DF89E
:1009E0000F209DF80E100023284602F00DFD002078
:1009F0005249087050490870514908600120514916
:100A0000087014E04B480088401C4A49088008469A
:100A1000008864280BDD002008804749087047499A
:100A2000087047490860012046490870ADE600E0BB
:100A300000BF00BF00BFA8E610B500244248006810
:100A400041F27071884205D23F480068401C3E491F
:100A5000086064E03D48007810B101285DD110E0E5
:100A60000020384908704FF40071394808F042FB03
:100A70000B21AFF6B820FCF763FD01203349087065
:100A80004CE0AFF6CC21324808F011FA20B3AFF6B3
:100A9000C8212F4808F00BFA044684B12DA12C4838
:100AA00008F005FA044654B1241D2078342803DDEB
:100AB00000202A49087002E001202849087000201F
:100AC0002249087026490880264908701E49086096
:100AD00001201C4908701FE021480088401C204963
:100AE000088008460088B0F5967F15DD0020088054
:100AF000164908701B480078401C1A4908700846BF
:100B00000078032808DD00200870104908700E499D
:100B1000086001200B49087000E000BF00BF10BD55
:100B200010B5FFF715FCFCF709FE08B1FFF72CFD27
:100B300010BD00009A0900209809002099090020A2
:100B40009C09002079090020A4090020A0090020A8
:100B50003CA100202C312C2D0000000004090020B5
:100B6000A2090020A10900200246002100BF0AE0DE
:100B7000704800EB81004088904203D16D4830F806
:100B800021007047491C41F615508142F0D30020E6
:100B9000F7E703467F2B04D803F07F00087001209D
:100BA0007047802B0ED3B3F5006F0BD203F03F00DC
:100BB00040F080004870C3F3841040F0C00008701B
:100BC0000220EDE7B3F5006F13D3B3F5803F10D2E9
:100BD00003F03F0040F080008870C3F3851040F0C0
:100BE00080004870C3F3033040F0E0000870032039
:100BF000D6E7B3F5803F18D3B3F5001F15D203F045
:100C00003F0040F08000C870C3F3851040F08000C2
:100C10008870C3F3053040F080004870C3F3824011
:100C200040F0F00008700420BAE7B3F5001F1DD3B0
:100C3000B3F1806F1AD203F03F0040F080000871DA
:100C4000C3F3851040F08000C870C3F3053040F056
:100C500080008870C3F3854040F080004870C3F383
:100C6000016040F0F8000870052099E7B3F1806F4B
:100C700022D3B3F1004F1FD203F03F0040F08000B9
:100C80004871C3F3851040F080000871C3F305304C
:100C900040F08000C870C3F3854040F08000887049
:100CA000C3F3056040F080004870C3F3807040F0EB
:100CB000FC000870062073E7002071E72DE9F05F63
:100CC00007460D4690464FF000090026002420E01C
:100CD000285D7F2814DD601C295C285D01EB002065
:100CE0001FFA80FA5046FFF73FFF8346B9190622E4
:100CF0005846FFF74EFF81464E44A01CC4B208E0A0
:100D0000B919285D0622FFF744FF81464E44601C56
:100D1000C4B24445DCDB3046BDE8F09F10B5064860
:100D200008F0FBF8C4B2224603490448FFF7C6FFA7
:100D300010BD0000D8C20108A8090020D4A90020D5
:100D4000F748007A704770B50546F548046808E032
:100D5000294604F10B0008F017FA08B9204670BDC7
:100D60006468002CF4D10020F9E770B505462846E8
:100D7000FFF7E9FF04460CB9002070BD04F108003C
:100D8000FBE770B5054635B1288820B1A878022860
:100D900001DCE81C20B900BF00BF4FF0FF3070BD80
:100DA000DF48007A012804DB00BF00BF6FF00100BC
:100DB000F5E7E81CFFF7D9FF064626B1A878B07022
:100DC0006FF00200EBE74C20F2F761FB044624B918
:100DD00000BF00BF6FF00300E1E74422294604F1A1
:100DE0000800F2F76DFACE48006850B90020606044
:100DF0002060CB4804604460007A401CC8490872F7
:100E00000DE000206060C64840684460C448406807
:100E10002060C3484460007A401CC1490872FF202A
:100E2000BDE770B505462846FFF78DFF044624B997
:100E300000BF00BF4FF0FF3070BDB948007A0128F5
:100E40000AD1B7480068B6494968884204D10020F1
:100E5000B349086048601BE0B1480068A04206D171
:100E6000AF496068086000200968086010E0AC487D
:100E70004068A04206D1AA4920684860002049681D
:100E8000486005E0D4E900104860D4E9000108603A
:100E9000A348007A401EA24908722046F2F7E7FAFA
:100EA000FF20C9E770B5054600264420F2F7EFFAA7
:100EB00004460CB9701E70BD27229AA1E01CF2F7FF
:100EC000FFF91822294604F11200F2F7F9F9272058
:100ED00020800120A0702046FFF753FF0646002E19
:100EE00005DA2046F2F7C3FA6FF00100E3E7FF20CE
:100EF000E1E730B50346002014E0141A641E0C5DCF
:100F00008C4D05EB1414247803F81040141A641E59
:100F10000C5D04F00F042C5D012505EB40055C55CC
:100F2000441CE0B29042E8DB30BD8348D0E90020A9
:100F3000521C40F100008049C1E9002003C97047FC
:100F400000B58FB014227DA10AA808F0A1F8FFF720
:100F5000ECFFCDE9080106A801F05CFB082208A916
:100F60000AA8FFF7C6FF00207949C8844FF48071B2
:100F70007748283008F0BEF89DF81E009DF81D1037
:100F80009DF81C209DF81B30CDE90232CDE90410FC
:100F90009DF81A00BDF818100AAB6E4ACDE9001092
:100FA0006D49A2F5847007F0EDFD6948283007F01F
:100FB000B4FF6749C884FF200FB000BD70B5054677
:100FC00000243C20624908800846C07820F00200D6
:100FD000801CC87004208870A1F8280104225FA139
:100FE0005C48801FF2F76CF918205949A1F82E01CE
:100FF0005848F3F726FF5648C07820F0800080302C
:101000005349C8700820A1F85401082255A151483D
:101010002630F2F755F94E48C07820F040004030B5
:101020004B49C8700C20A1F860010C2250A149481E
:101030003230F2F745F94648C07820F004004449C0
:10104000C8700846C07820F01800C8700846C078FC
:1010500020F02000C8700C2088800C2248A13C4859
:10106000801DF2F72DF970BD10B500203849C884F5
:101070004FF480713648283008F03CF83448C07886
:1010800020F018003249C8700846C07820F02000CF
:10109000C8700846C07820F00400C87010BD10B5B4
:1010A000FFF74EFF2A48C07820F018002849C87082
:1010B0000846C07820F02000C8700846C07820F0AC
:1010C0000400001DC87010BD2149088070472049E8
:1010D000887070471E48C07820F00200801C1C49B0
:1010E000C87070471A48C07820F002001849C870CC
:1010F00070471748C07820F040001549C870704705
:101100001348C07820F0400040301149C870704743
:101110000F48C07820F080000D49C870704700006B
:1011200058AB0020636F6E74726F6C6C65725F6D8C
:1011300073672F00B0090020C009002046464646CC
:101140004646464646464646464646460000000057
:10115000E8A9002018AB00204C3802084D51545427
:10116000000000007465726D696E616C0000000023
:1011700076656E64696E6731323330360000000088
:101180007465726D696E616C5F6D7367000000005D
:101190000848C07820F0800080300649C870704749
:1011A00010B504462046FFF77DFE2046FFF706FFF8
:1011B00010BD0000E8A90020E24880787047E148AF
:1011C000807820B10020DF494860C87010E0DD4819
:1011D000406842F6E061884207D2DA484068401C25
:1011E000D84948600020C87002E00120D549C87085
:1011F00070470178D44A117041885180818891806C
:10120000704710B5D048007818B3CF484088B0F583
:101210007A7F02DD0020CB490870CB484188808866
:101220000A3000EBC00202EB0010B1EB800F05DAD0
:10123000C5484088401CC44948800AE00020C24993
:1012400008700120BF4908700020BF494880F2F7AC
:1012500051F910BD70B592B005460C4616468DF892
:101260000660ADF80440224629460DF10700F2F76A
:1012700027F801A8FFF785FD12B070BD42F6E060C7
:10128000B04948600120C87070470020AD4988709F
:101290004870AE490870488088740021AB4881824C
:1012A0000020AA4988720021A8488181704700B5B2
:1012B000FFF7E4FFFFF7E9FF00BD0120A149087037
:1012C000704700209F490870704710B59D4800780E
:1012D00000B910BD9B48407806286FD005DC17D2B6
:1012E000DFE800F010162F356E74092867D004DC93
:1012F000072879D008280BD1D5E0122809D01F285B
:10130000F9D10CE1FCF71AFA10B102208D494870AE
:101310000DE18F480068B0F57A7F05D28C480068EF
:10132000401C8B49086005E00020894908600220C4
:10133000844948708548007810B10320814948707D
:10134000F5E001F0F2F803207E494870EFE07F48B5
:10135000007888B17B48C07818B10420794948707A
:1013600004E0062077494870012088700020784901
:1013700008607849087020E075480068B0F57A7F09
:1013800005D273480068401C7149086015E00020D0
:101390006F4908606F480078022808DA6D480078C5
:1013A000401C6C49087002206649487005E0002026
:1013B00068490870082063494870B8E03AE07DE069
:1013C00001F0D4F805205F494870B0E05F48807AAA
:1013D00058B101205B4988700620487000205C49A4
:1013E00008605C49087024E02AE059480068B0F5BC
:1013F0007A7F05D256480068401C5549086018E0BD
:1014000000205349086053480078032808DA5148FF
:101410000078401C4F49087004204A49487008E091
:1014200000204A4908700220464948700020494976
:1014300008707CE001F046F807204249487076E0E9
:1014400043480068B0F57A7F05D241480068401CE7
:101450003F49086026E000203D4908603B48807C09
:1014600040B100203B49087038498874062035494E
:10147000487017E037480078062808DA35480078C1
:10148000401C3449087006202E4948700AE00020AC
:101490002E49087088722B4988702E4908701F20C9
:1014A0002849487043E001F01FF809202549487099
:1014B00042F6E06048600120C87038E023480078B8
:1014C00050B1002022490860224908701F49087065
:1014D00002201C49487021E01D480068B0F57A7F61
:1014E00005D21B480068401C1949086016E000201E
:1014F0001749086017480078012808DA154800786D
:10150000401C1449087008200E49487006E000206D
:10151000104908701F200B494870DAE607E0F9F718
:1015200078FBFCF787F800200649487000BF00BF31
:1015300000BFCEE610B5FFF742FEFFF762FEFFF7F1
:10154000C4FE10BDD0090020C809002064AB0020F3
:10155000D8090020DC090020FE480088401CFD4915
:101560000880084600887047F0B500220023002656
:1015700000240546C71700EB5767C7F3C712154687
:10158000D71702EB5767FB111D46DF1703EB5767B1
:10159000FE110546C71700EB5767FF11A0EBC717F1
:1015A000FCB2012E0CDB44F080050D7042F080058A
:1015B0004D7043F080058D70CE7004250D7117E0DD
:1015C000012B09DB44F080050D7042F080054D7061
:1015D0008B7003250D710BE0012A06DB44F08005BA
:1015E0000D704A7002250D7102E0087001250D7121
:1015F000F0BD0020D849B1F828110831D64AB2F818
:101600002E21114488B2D449C978C1F3800139B17F
:10161000D1498988091DD04AD28C1144014488B22D
:10162000CD49C978C90929B1CB49B1F85411891CF0
:10163000014488B2C849C978C1F3801129B1C649AB
:10164000B1F86011891C014488B2704770B5044636
:10165000FFF7CFFF05462146FFF786FF70BD1CB59B
:1016600000246846FFF7F2FFFFF7C3FF9DF8041060
:10167000491C084484B220461CBD7CB505460024A4
:1016800010202855641C6846FFF7E0FF002606E09E
:101690001DF806002855601C84B2701CC6B29DF867
:1016A0000400B042F4DCAC49B1F82801C11700EBEA
:1016B0001161C1F307212955601C84B2A649B1F814
:1016C0002801C11700EB11610912A0EB0121295576
:1016D000601C84B2A049B1F82821281901F5957140
:1016E000F1F7EEFD9C48B0F82801204484B29A48F6
:1016F00080782855601C84B2281901229649C91C9B
:10170000F1F7DEFD601C84B293490888C11700EB35
:101710001161C1F307212955601C84B28E490888E4
:10172000C11700EB11610912A0EB01212955601CC2
:1017300084B28949B1F82E01C11700EB1161C1F3E0
:1017400007212955601C84B28349B1F82E01C117C5
:1017500000EB11610912A0EB01212955601C84B234
:101760007D49B1F82E21281901F59871F1F7A8FDEE
:101770007948B0F82E01204484B27748C078C0F38D
:10178000800000283DD074498888C11700EB1161A2
:10179000C1F307212955601C84B26F498888C1179D
:1017A00000EB11610912A0EB01212955601C84B2E4
:1017B00069498A882819891DF1F782FD6648808861
:1017C000204484B26449C88CC11700EB1161C1F395
:1017D00007212955601C84B25F49C88CC11700EBF2
:1017E00011610912A0EB01212955601C84B25A49EC
:1017F000CA8C28192831F1F763FD5748C08C204462
:1018000084B25548C078C00918B35349B1F854019F
:10181000C11700EB1161C1F307212955601C84B287
:101820004D49B1F85401C11700EB11610912A0EB49
:1018300001212955601C84B24749B1F85421281967
:1018400001F5AB71F1F73CFD4348B0F85401204479
:1018500084B24148C078C0F3801018B33E49B1F853
:101860006001C11700EB1161C1F307212955601C0C
:1018700084B23949B1F86001C11700EB1161091256
:10188000A0EB01212955601C84B23349B1F86021D5
:10189000281901F5B171F1F713FD2F48B0F8600177
:1018A000204484B220467CBD0420704710B5024617
:1018B000002040231354401C02231354401C0B46A9
:1018C000CC1701EB1464C4F307241454401CCC1748
:1018D00001EB14642412A1EB04241454401C10BD29
:1018E00001460020CA88921CB1F848301A4490B2D0
:1018F0000A78002A01DD821C90B2704770B5044658
:101900000D462046FFF7ECFF06462946FFF72CFE62
:1019100070BD7CB5044669462046FFF7EFFF2046C0
:10192000FFF7DEFF9DF80410491C084485B22846E5
:101930007CBD2DE9FC4106460D4600270024694682
:101940003046FFF7DBFF302028553078012809D1D9
:10195000285D03E0DE090020E8A9002040F0020035
:10196000285509E03078022804D1285D40F00400B1
:10197000285501E0285D2855B078012804D1285D5C
:1019800040F00800285501E0285D285570780128AE
:1019900004D1285D40F00100285501E0285D28555C
:1019A000601C84B2002706E01DF807002855601C63
:1019B00084B2781CC7B29DF80400B842F4DCF08809
:1019C000C11700EB1161C1F307212955601C84B2D6
:1019D000F088C11700EB11610912A0EB0121295514
:1019E000601C84B2F288281906F10801F1F768FC3E
:1019F000F088204484B2307890B1B088C11700EBF1
:101A00001161C1F307212955601C84B2B088C11748
:101A100000EB11610912A0EB01212955601C84B271
:101A2000B6F848202819F16CF1F74AFCB6F84800DE
:101A3000204484B22046BDE8FC8100203D4A116864
:101A4000022004E00A89D21C024490B249680029AD
:101A5000F8D1704770B50446FFF7EFFF0546214601
:101A6000FFF782FD70BD1CB500246846FFF7F2FF4A
:101A7000FFF7E3FF9DF80410491C084484B2204698
:101A80001CBD2DE9FC41054600242A480668FFF7E5
:101A900063FD07466846FFF7DDFF82202855641C7A
:101AA0004FF0000808E01DF808002855601C84B2BB
:101AB00008F1010000F0FF089DF804004045F2DC49
:101AC0003846F91707EB1161C1F307212955601C4E
:101AD00084B23846F91707EB11610912A7EB01210F
:101AE0002955601C84B220E03089C11700EB1161D8
:101AF000C1F307212955601C84B23089C11700EB5E
:101B000011610912A0EB01212955601C84B23289B0
:101B1000281906F10B01F1F7D3FB3089204484B278
:101B2000B07A2855601C84B27668002EDCD120463D
:101B3000BDE8FC8158AB0020944908807047944868
:101B40004078934A1278904205D1914840881428F1
:101B500001D1002070478E480278001D50F82210F5
:101B60000022001F0378001D40F82320001F00788A
:101B7000401C874A107010464088401C5080104618
:101B80000078142801D1002010700846E2E770B5F3
:101B9000054600247E4840787D490978884209D16D
:101BA0007B48408830B9FFF7CAFF044614B120468D
:101BB000F1F75DFC76484178001D40F82150001F88
:101BC0004078401C7249487008464088401E488052
:101BD00008464078142801D100204870012070BDCB
:101BE0006C4840786B4A1278904205D16948408829
:101BF000142801D10020704766480278001D50F873
:101C000022100022001F0378001D40F82320001F2F
:101C10000078401C5F4A107010464088401C50807D
:101C200010460078142801D1002010700846E2E721
:101C300070B50546002457484078564909788842CF
:101C40000ED15448408858B9FFF7CAFF04463CB14A
:101C5000E06C10B1E06CF1F70AFC2046F1F707FCEC
:101C60004C484178001D40F82150001F4078401C2E
:101C70004849487008464088401E488008464078D9
:101C8000142801D100204870012070BD41484078DF
:101C9000404A1278904205D13E484088142801D12C
:101CA000002070473B480278001D50F8221008467B
:101CB000F7E710B5002438480068B0F5FA7F05D280
:101CC00035480068401C3449086010BD0020324986
:101CD0000860FFF7DBFF0446002C41D02B4800884A
:101CE000A18888420CD1FFF77BFF04463CB1E06C31
:101CF00010B1E06CF1F7BBFB2046F1F7B8FBE4E76D
:101D0000F8F7D7FF28B1204600F048FCE078401CE7
:101D1000E070E07814280CDDFFF762FF04463CB168
:101D2000E06C10B1E06CF1F7A2FB2046F1F79FFBED
:101D3000CBE72078012806D104F1080018B1E0882B
:101D400008B1E06C60B9FFF74BFF04463CB1E06CB2
:101D500010B1E06CF1F78BFB2046F1F788FBB4E79C
:101D600000BFB2E710B50024FFF7E9FE04462CB12E
:101D7000208800F02EFC2046F1F779FB10BD10B54D
:101D8000FFF797FFFFF7EEFF10BD0000E00900200E
:101D9000E4090020380A00208C0A002010B5024611
:101DA0000B461146042B02D38878400810B14FF03F
:101DB000FF3010BD887800F00100FE4C2071C8781B
:101DC0006071C87810B16FF00100F2E70120F94CA2
:101DD0002070FF20EDE770B504460D462646042D21
:101DE00001D2012070BDF348C088401CF149C88071
:101DF000F178B07801EB002081B2EE480181014614
:101E00000889FFF799FEFF20ECE72DE9F04106462F
:101E10000F463546FEF794FF804608F10400B842AD
:101E200003D94FF0FF30BDE8F081E2488089401CC3
:101E300081B2E0488181E978A87801EB002081B285
:101E4000DC48C18100240DE0281D015DD948103017
:101E50000155281D005D802802D16FF00100E2E7E6
:101E6000601CC4B24445EFDB0120D2498872FF20D8
:101E7000D9E70246022902DA4FF0FF307047507866
:101E800010B16FF00100F9E70120CA4B98741846B1
:101E9000808A401C83B2C7488382FF20EEE770B57A
:101EA00004460D4620783A2840D008DC20280FD080
:101EB000302831D0322834D0332846D13BE03B287B
:101EC0003ED040280DD0902814D0D0283DD11AE023
:101ED00029462046FFF762FF002801DD202070BD63
:101EE00035E029462046FFF776FF002801DD402037
:101EF000F5E72CE029462046FFF787FF002801DDA3
:101F00009020ECE723E029462046FFF7B2FF0028A7
:101F100001DDD020E3E71AE00120A64988743020D3
:101F2000DDE70120A34988743220D8E70120A149C8
:101F300088743A20D3E701209E4988743320CEE785
:101F400001209C4988743B20C9E70020C7E700BFF7
:101F50000020C4E710B50246002100200023491CE0
:101F6000545C04F08004002C2ED0545C04F07F04F8
:101F70000444A0B24C1CA1B2545C04F08004ECB147
:101F8000545C04F07F0400EBC414A0B24C1CA1B25A
:101F9000545C04F080045CB1545C00EB8434A0B267
:101FA0004C1CA1B2545C00EB4454A0B204230DE0DD
:101FB0000323545C00EB8434A0B207E00223545C9A
:101FC00000EBC414A0B201E00123505C10BD024636
:101FD00000210020491C535C03F080039BB14B1C83
:101FE00099B2535C03F080035BB14B1C99B2535C14
:101FF00003F080031BB14B1C99B2042004E00320C2
:1020000002E0022000E0012070472DE9F04307467E
:102010008846144600250026A9462046FFF7D7FF2C
:102020000646042E02DD0120BDE8F083601C30442A
:102030004178601C805D01EB00201FFA80F9C145EA
:1020400001D00220F0E700250AE0795D601C3044F1
:10205000801C405D814201D00320E5E7681C85B209
:102060004D45F2DB0020DFE72DE9F04180460C46CC
:10207000002500272046FFF7AAFF0546042D02DDB4
:102080000020BDE8F081601C28444178601C405D60
:1020900001EB0020C7B2B8F1010F18D10220F1F70F
:1020A000F6F9064676B1601C2844801C3844417815
:1020B000601C2844801CC05D01EB0020308030464D
:1020C000FFF765FDE81C3844801C044402E0E81C6E
:1020D000384404442046D4E7014637484078364A1D
:1020E0001278904204D13448408808B9FF207047E4
:1020F00031484278001D40F82210001F4078401CF3
:102100002D4A507010464088401E5080104640783E
:10211000202801D1002050700120E8E726484078AF
:10212000254A1278904205D123484088202801D1C1
:102130000020704720480278001D50F8221000222D
:10214000001F0378001D40F82320001F0078401C6A
:10215000194A107010464088401C50801046007884
:10216000202801D1002010700846E2E700B5FFF7F3
:10217000D5FF00BD2DE9F041054600240026284684
:1021800006F0CBFE0746F1F782F9044614B90120A8
:10219000BDE8F081284606F0C0FE07463A462946CB
:1021A0002046F1F78DF82046FFF796FF0646FF2EF2
:1021B0000AD103E064AB0020900A002014B120464D
:1021C000F1F755F90220E3E70020E1E770B5044696
:1021D000002500262046FFF7FAFE0546042D01DD06
:1021E000002070BD601C28444178601C405D01EBFC
:1021F0000020C6B23046F4E72DE9F04104460D4612
:102200004FF00008002600272846FFF7A3FE0646E9
:102210002846FFF7DBFF074624B9B81C301A1FFA1F
:1022200080F803E0381D301A1FFA80F84046BDE8F8
:10223000F0812DE9FF5F05460C46002600270020AF
:10224000039082468146029080460190FBF776FA21
:1022500018B9002004B0BDE8F09F2DE1002C01DC8E
:102260003046F7E72846FFF775FE03902846FFF74C
:10227000AEFE8246BAF1040F03DD6D1C601E84B20F
:102280001AE10AF10100039908441FFA80F9A145F7
:1022900003DD6D1C601E84B20EE1E1B22846FFF73B
:1022A000FEFD029002983B287DD00CDC32287BD0CA
:1022B00004DC202810D0302877D112E033287FD0DA
:1022C0003A28F9D17DE0402807D0902806D0B028E0
:1022D00005D0D028F0D103E0E4E0E3E0E2E0E1E083
:1022E000E0E0764A12681189744A126802F10B0024
:1022F0002A46FFF78AFE0190704A126811896F4AD8
:10230000126802F10B002A46FFF77FFE98B92946B2
:102310000020FFF7A9FE07460FB902209AE73846CA
:10232000FFF728FF8046B8F1000F01D0032091E7A6
:10233000701CC6B242E0614A1268526811895F4A55
:102340001268526802F10B002A46FFF75EFE98B948
:1023500029460020FFF788FE07460FB9022079E7DB
:102360003846FFF707FF8046B8F1000F01D0032081
:1023700070E7701CC6B221E0514806F0CEFD1FFA8E
:1023800080FB2A4659464E48FFF73FFE90B9294642
:102390000020FFF731FF834629460020FFF764FE47
:1023A0005946009003E00DE009E074E008E000F019
:1023B00025FA03E06D1C601E84B27DE072E000BF70
:1023C00000BF00BF3D4A126811893C4A126802F101
:1023D0000B002A46FFF719FE0190384A126811894E
:1023E000364A126802F10B002A46FFF70EFE98B932
:1023F00029460120FFF738FE07460FB9022029E7DA
:102400003846FFF7B7FE8046B8F1000F01D0032031
:1024100020E7701CC6B23DE0284A12685268118954
:10242000264A1268526802F10B002A46FFF7EDFDBA
:1024300098B929460120FFF717FE07460FB9022079
:1024400008E73846FFF796FE8046B8F1000F01D046
:102450000320FFE6701CC6B21CE0194806F05DFDC3
:102460001FFA80FB2A4659461548FFF7CEFD68B98A
:1024700029460120FFF7C0FE834629460120FFF7C9
:10248000F3FD5946009000F0B9F903E06D1C601EA1
:1024900084B211E006E0002C03DD6D1C601E84B2E6
:1024A0000AE000BF00BF4D44A4EB090084B2002045
:1024B00003908246814600BFD0E6000058AB002062
:1024C000BAAB002008B550A0006800900221684611
:1024D000FBF733FA08BD08B54CA000680090022154
:1024E0006846FBF72AFA08BD70B500240025484865
:1024F000C078C0F3800008B1FEF722FDFFF7AFF807
:1025000005462846F0F7C3FF044604B970BDFEF740
:10251000E1FD2046FFF7B1F829462046FBF70DFA0A
:102520002046F0F7A4FF00BFF0E770B500240025B7
:10253000FEF7D8FD3648C078C0F3800008B1FEF73A
:10254000FFFCFFF78CF805462846F0F7A0FF04468D
:1025500004B970BD2046FFF790F829462046FBF7E6
:10256000ECF92046F0F783FF00BFF2E770B50024D6
:102570000025FFF778FA05462846F0F788FF04465D
:1025800004B970BD2046FFF77CFA29462046FBF7C8
:10259000D4F92046F0F76BFF00BFF2E770B50646AE
:1025A000002400253046FFF7B4F905462846F0F729
:1025B0006EFF044604B970BD21463046FFF7B9F9F5
:1025C00029462046FBF7B9F92046F0F750FF00BF37
:1025D000F1E770B5044600250026FFF765F90646C9
:1025E0003046F0F754FF054605B970BD2146284630
:1025F000FFF75CF931462846FBF79FF92846F0F7CC
:1026000036FF00BFF1E70000C0000000E00000005E
:10261000E8A900203EB504466846F6F7F7FA9DF8AB
:102620000200A0719DF8010060719DF8000020710A
:102630009DF80700E0709DF80600A070BDF804004A
:10264000208000203EBD7CB50446A0796179CDE9AB
:1026500000102379E278A1782088F6F7BFFA0020ED
:102660007CBD1CB5024600BF93798C79A34206DB82
:1026700093798C791B1BDBB28DF806300AE08B79DD
:10268000C3F13C0394792344DBB28DF806305379CF
:102690005B1E537153794C79A34206DB53794C7915
:1026A0001B1BDBB28DF805300AE04B79C3F13C030C
:1026B00054792344DBB28DF8053013795B1E137116
:1026C00013790C79A34206DB13790C791B1BDBB25F
:1026D0008DF8043007E00B79C3F118031479234413
:1026E000DBB28DF804309DF80430C3EB03139B007C
:1026F000C3EB03139B009DF80540C4EB041403EBEC
:1027000084039DF8064018191CBD024610790B7908
:10271000984201DD0120704710790B79984202DA66
:102720004FF0FF30F7E750794B79984201DD0120F7
:10273000F1E750794B79984202DA4FF0FF30EAE73F
:1027400090798B79984201DD0120E4E790798B79CB
:10275000984202DA4FF0FF30DDE70020DBE7014668
:10276000088840F63402904204DC088840F2E372A4
:10277000904202DA4FF0FF30704788780C2802DC74
:102780008878012802DA4FF0FF30F5E7C8781F2873
:1027900002DCC878012802DA4FF0FF30ECE7087954
:1027A000172802DC0879002802DA4FF0FF30E3E74F
:1027B00048793C2802DC4879002802DA4FF0FF30E3
:1027C000DAE788793C2802DC8879002802DA4FF0C1
:1027D000FF30D1E70020CFE710B50648FFF71AFF1A
:1027E0000448008840F2E371884201DA012010BDFC
:1027F0000020FCE7140B00200246704770470000E1
:10280000FE4908607047FE4908607047FD4908604E
:102810007047FD4908607047FC4908607047FC49F3
:1028200008607047FB4908607047FB4908607047C3
:10283000FA4908607047FA4908607047F94908602A
:102840007047F94908607047F84908607047F849CF
:1028500008607047F74908607047F749086070479B
:10286000F64908607047F64908607047F548807877
:1028700070470020F34988707047F24908800021B2
:10288000F04A91707047F048807870470020EE4918
:1028900088707047EC4908800021EB4A91707047BE
:1028A00070B5044600256179207901EB002085B2DE
:1028B000E078822802D0832875D103E00120E14925
:1028C000887019E1E0480088A84202D10120DE4961
:1028D000887045F64001681A8D4270D01DDC45F2C3
:1028E0003071A5EB01008D425ED00DDCA5F5804076
:1028F000A0F5A150A8B3E02828D0B0F5987F31D03A
:10290000B0F5407F73D143E0202859D0502862D0E1
:10291000602861D0E028F5D16BE0902868D008DC11
:10292000102871D0302870D060286FD07028E9D17D
:102930009CE0D0286BD0F0286AD0B0F5BF5F68D09B
:10294000A0F5B850F0380028DCD1C6E0BA480068DD
:1029500030B1A078C01EC1B2201DB74A126890479E
:10296000C7E00AE0B548006830B1A078C01EC1B227
:10297000201DB24A12689047BBE0B148006830B1F0
:10298000A078C01EC1B2201DAD4A12689047B0E0C9
:10299000A648006830B1A078C01EC1B2201DA34A6D
:1029A00012689047A5E0A6E0A148006830B1A07881
:1029B000C01EC1B2201D9E4A1268904799E029E0CE
:1029C0009C48006830B1A078C01EC1B2201D994A51
:1029D000126890478DE08CE09248006830B1A07892
:1029E000C01EC1B2201D8F4A1268904781E07FE06F
:1029F00047E08D48006830B1A078C01EC1B2201DEC
:102A0000894A1268904774E00FE019E023E043E040
:102A10004DE057E08048006830B1A078C01EC1B2D8
:102A2000201D7D4A1268904763E07C48006830B101
:102A3000A078C01EC1B2201D784A1268904758E0A5
:102A40007748006830B1A078C01EC1B2201D744A1A
:102A5000126890474DE06D48006830B1A078C01E04
:102A6000C1B2201D694A1268904742E06848006878
:102A700030B1A078C01EC1B2201D654A12689047CF
:102A800037E06448006830B1A078C01EC1B2201D94
:102A9000604A126890472CE05B48006830B1A0782B
:102AA000C01EC1B2201D584A1268904721E0554807
:102AB000006830B1A078C01EC1B2201D514A126812
:102AC000904716E04E48006830B1A078C01EC1B2F1
:102AD000201D4B4A126890470BE04848006830B10F
:102AE000A078C01EC1B2201D444A1268904700E081
:102AF00000BF00BF00E000BF00BF70BD2DE9F04186
:102B000004460025002700265048007801280FDAE7
:102B10005A2C09D14E484D49097844544B48007805
:102B2000401C4A490870C7E0002048490870C3E0CB
:102B30004648007802280FDAA52C09D144484349B9
:102B40000978445441480078401C40490870B3E07B
:102B500000203E490870AFE03C48007803280FDAB7
:102B6000FA2C09DA3A483949097844543748007848
:102B7000401C364908709FE00020344908709BE0F3
:102B800032480078042811DA822C01D0832C09D134
:102B90002F482E49097844542C480078401C2B4972
:102BA000087089E000202949087085E027480078EE
:102BB000FF2809DA26482549097844542348007833
:102BC000401C2249087002E00020204908701F487C
:102BD0000078C01E1E49897888426DDB1C488078C9
:102BE000801E81B21A48C01C00F01EF90746174823
:102BF0000078401E1649095C14482BE0680B002041
:102C00006C0B0020640B0020600B0020540B002094
:102C1000580B00205C0B0020480B00204C0B0020C0
:102C2000500B0020400B0020440B0020340B0020F0
:102C3000380B00203C0B0020280B00202C0B002020
:102C4000300B00201E0B0020220B00201C0B00204C
:102C5000FCAC00200078801E1D4A105C01EB0020B7
:102C600086B2B74225D110464178007801EB0020AA
:102C7000184908801046807888701046C078C8705F
:102C8000002507E0281D1249095C1248001D415526
:102C9000681CC5B20F488078C01EA842F2DC0D48FF
:102CA000A0F8FE6000200C4908700A48FFF7F8FD04
:102CB00002E0002008490870BDE8F08110B501204D
:102CC000F6F760FBAFF2CB110120F6F769FB10BD00
:102CD000FCAC0020FCAB00201C0B002070B50546AE
:102CE00000242888C11700EB1161C1F30721404A75
:102CF0001155641C2888C11700EB11610912A0EB63
:102D000001211155641CA87811460855641CE87807
:102D10000855641C002607E0281D805D34490855CD
:102D2000601CC4B2701CC6B2A878C01EB042F3DCEE
:102D3000B5F8FE00C11700EB1161C1F307212C4A61
:102D40001155601CC4B2B5F8FE00C11700EB11614B
:102D50000912A0EB01211155601CC4B2224624497E
:102D60000120F6F793FB70BD2DE9F04106460F46B2
:102D7000154645F6A5201F490880E81C88700846BE
:102D8000C670002405E0395D1A48001D0155601C1D
:102D9000C4B2AC42F7DB17488078801E81B2154878
:102DA000C01C00F041F81349A1F8FE000846FFF7E7
:102DB00095FFBDE8F08170B504460D462178627834
:102DC0008818FFF75AFD2A4621468320FFF7CCFFDB
:102DD00070BD70B504460D46217862788818FFF7FB
:102DE0004CFD2A4621468220FFF7BEFF70BD000041
:102DF000FCAE0020FCAD002070B502460C46FF255D
:102E0000FF2309E012F8010B80EA03010E48405C41
:102E100080EA05030D48455C2000A4F10106B4B228
:102E2000F0D143EA052070BDF0B506460F460024F8
:102E3000002539463046FFF7DFFF04462512E0B291
:102E400045EA00252846F0BD700B0020700C0020DC
:102E50000022FD4B9A7201221A70704770B5044629
:102E60000D46F2F7FAF8F849888108468089897A90
:102E700001EB8101A0EB410030B1F348807A401CA6
:102E8000F14988720120087070BDEF4A927A22B130
:102E9000ED4A927A521EEC4B9A720122EA4B1A705A
:102EA0007047704770B504460D46F4F7B5FE70BD27
:102EB00070B505460E4606B970BD4021E34806F0E0
:102EC0003BF900240BE0E01C285CFF2804D0E01C48
:102ED000285CDE49085500E004E0601CC4B2F01E26
:102EE000A042F0DC00BF00BFE6E770B505460E4625
:102EF00006B970BD0A21D548403006F01DF90024FE
:102F00000CE0E01C285CFF2805D0E01C295CCF48C1
:102F10004030015500E004E0601CC4B2F01EA04245
:102F2000EFDC00BF00BFE4E770B504460D46C748BC
:102F3000F2F703F870BD10B5024601B910BDC44BDD
:102F400000241C605C609C60DC6000200BE0C31C03
:102F5000D35CFF2B04D0C31CD35CBD4C235400E0D6
:102F600004E0431CD8B2CB1E8342F0DC00BF00BF9C
:102F7000E4E710B5024601B910BDB54B00241C6151
:102F80005C619C61DC6100200CE0C31CD35CFF2B06
:102F900005D0C31CD45CAE4B10331C5400E004E0DD
:102FA000431CD8B2CB1E8342EFDC00BF00BFE3E777
:102FB00070B504460D46A648F1F7DEFF70BD10B5AA
:102FC000024609B1112900DA10BD002005E0C31C3A
:102FD000D35CA04C2354431CD8B21828F7DB00BFA5
:102FE000F2E770B504460D4618219A48F1F7F3FE52
:102FF000182145F2907002F0CCFA70BD10B502466F
:1030000001B910BD0024944B83F83E40002014E029
:10301000C31CD35CFF2B0DD0C31CD45C8E4B2A3356
:103020001C542A3B93F83E305B1CDCB28A4B83F87D
:103030003E4000E004E0431CD8B2CB1E8342E7DCF4
:1030400000BF00BFDDE710B5024601B910BD002486
:10305000814B83F85340002014E0C31CD35CFF2B4A
:103060000DD0C31CD45C7C4B3F331C543F3B93F8C6
:1030700053305B1CDCB2784B83F8534000E004E033
:10308000431CD8B2CB1E8342E7DC00BF00BFDDE7A4
:1030900070B505460E46002406E06F482A30005DF4
:1030A0006D490855601CC4B26B4890F83E00A042C0
:1030B000F3DC694890F83E0067490875002406E093
:1030C00065483F30015D2A380155601CC4B2624832
:1030D00090F85300A042F3DC5F4890F853005E493B
:1030E00081F829000846F1F775FF70BD10B502465A
:1030F00001B910BD0024584B83F83E40002014E075
:10310000C31CD35CFF2B0DD0C31CD45C524B2A33A1
:103110001C542A3B93F83E305B1CDCB24E4B83F8C8
:103120003E4000E004E0431CD8B2CB1E8342E7DC03
:1031300000BF00BFDDE710B5024601B910BD002495
:10314000454B83F85340002014E0C31CD35CFF2B95
:103150000DD0C31CD45C404B3F331C543F3B93F811
:1031600053305B1CDCB23C4B83F8534000E004E07E
:10317000431CD8B2CB1E8342E7DC00BF00BFDDE7B3
:103180000022354B83F8552083F85620A3F85820A9
:10319000012283F85420704710B52F4890F854004E
:1031A000002878D02C4890F855000C2874D2DFE81D
:1031B00000F006747E88929CA6B0BAC4CED626488B
:1031C000017D90F83E00814206D1234890F82910F5
:1031D00090F8530081420AD000201F49A1F85800FE
:1031E00081F8560081F8550081F8540010BD002484
:1031F00012E01948015D2A30005D81420AD00020AA
:103200001549A1F8580081F8560081F8550081F859
:103210005400EBE7601CC4B20F48007DA042E8DC1C
:1032200000241DE00C481530015D2A30005D81420C
:1032300014D000200849A1F8580081F8560081F800
:10324000550081F85400D1E700B20020ACB1002055
:103250008CB100206CB1002012B10020601CC4B2FF
:10326000F84890F82900A042DCDC0120F54981F8FB
:1032700055001421F3482A3005F03CFF0021F148A5
:1032800080F83E1014213F3005F034FF0021ED4856
:1032900080F85310B5E0B5E0B2E014214FF4AA4035
:1032A00002F077F90220E74981F85500A9E01421DE
:1032B00045F2505002F06DF90320E24981F85500C3
:1032C0009FE0142145F2207002F063F90420DD49EB
:1032D00081F8550095E0142145F2307002F059F95B
:1032E0000520D84981F855008BE0202145F29070E7
:1032F00002F04FF90620D34981F8550081E01421EE
:1033000045F6400002F045F90720CE4981F8550006
:1033100077E0142145F6500002F03BF90820C94936
:1033200081F855006DE0202145F6A00002F031F94A
:103330000920C44981F8550063E00A2145F6B00030
:1033400002F027F90A20BF4981F8550059E0022010
:1033500002F00CF90B20BB4981F8550051E0FFF752
:1033600085FAC8B1F7F7B4FB6A2803D16620F7F7EE
:10337000B2FB06E0F7F7ACFB682802D10020F7F7B4
:10338000AAFB0020AF49A1F8580081F8560081F847
:10339000550081F8540032E0AA48B0F8580064287B
:1033A00007DAA848B0F85800401CA649A1F8580010
:1033B00025E00020A349A1F85800084690F85600DF
:1033C000022809DA084690F85600401C81F8560099
:1033D000002081F8550012E0F7F77AFB662803D148
:1033E0006A20F7F778FB02E06820F7F774FB00200B
:1033F000944981F8560081F8550081F8540000E0A6
:1034000000BF00BF00BFF1E6F0B505AC70CC8E4F39
:10341000F88039727A72BB72FC723D737E7300273A
:10342000DFF824C28CF801708CF80270ACF80470DC
:1034300001278CF80070F0BD3EB583480078002865
:103440005CD08148407810B1012856D113E07E4805
:10345000407B7D49097B7C4AD27A7B4CCDE90021B7
:103460000290A37A627A217AA07901F01EFF0120EE
:103470002146487041E0FFF7F9F9A8B1F7F728FBBA
:103480006A2803D16620F7F726FB06E0F7F720FB52
:10349000682802D10020F7F71EFB00206A498880C7
:1034A00088704870087027E067488088642805DACB
:1034B00065488088401C644988801DE0002062497E
:1034C000888008468078022806DA08468078401C02
:1034D0008870002048700FE0F7F7FAFA662803D1E9
:1034E0006A20F7F7F8FA02E06820F7F7F4FA00200C
:1034F000554988704870087000BF00BF3EBD5349F1
:1035000088700021514A5170D17091800121117051
:10351000704710B54D480078002851D04B4840788E
:1035200010B101284AD107E04849887801F040FFEE
:1035300001204649487042E0FFF798F9A8B1F7F733
:10354000C7FA6A2803D16620F7F7C5FA06E0F7F74D
:10355000BFFA682802D10020F7F7BDFA00203B49E6
:103560008880C8704870087027E0384880886428D0
:1035700005DA36488088401C344988801DE00020E8
:10358000324988800846C078022806DA0846C078A2
:10359000401CC870002048700FE0F7F799FA6628C1
:1035A00003D16A20F7F797FA02E06820F7F793FA59
:1035B00000202649C8704870087000E000BF00BFB6
:1035C00010BD234988700021214A5170D17091802B
:1035D00001211170704710B51D48007800285AD09D
:1035E0001B48407810B1012853D107E0184988786A
:1035F00001F09FFE0120164948704BE0FFF736F9B5
:10360000A8B1F7F765FA6A2803D16620F7F763FADD
:1036100006E0F7F75DFA682802D10020F7F75BFAB9
:1036200000200B498880C8704870087030E0084856
:10363000808864280EDA06488088401C0449888007
:1036400026E0000012B1002004B10020760D002019
:10365000700D00200020FA4988800846C0780228B2
:1036600006DA0846C078401CC870002048700FE099
:10367000F7F72EFA662803D16A20F7F72CFA02E052
:103680006820F7F728FA0020ED49C87048700870E4
:1036900000E000BF00BF10BDEA4988700021E94A80
:1036A0005170D170918001211170704710B5E548BB
:1036B0000078002851D0E348407810B101284AD161
:1036C00007E0E049887801F0E2FE0120DD4948701A
:1036D00042E0FFF7CBF8A8B1F7F7FAF96A2803D16F
:1036E0006620F7F7F8F906E0F7F7F2F9682802D153
:1036F0000020F7F7F0F90020D2498880C8704870A0
:10370000087027E0CF488088642805DACD48808893
:10371000401CCC4988801DE00020CA4988800846AA
:10372000C078022806DA0846C078401CC87000201D
:1037300048700FE0F7F7CCF9662803D16A20F7F755
:10374000CAF902E06820F7F7C6F90020BD49C87041
:103750004870087000E000BF00BF10BD0021BA4AE9
:1037600051709170918011468860012111707047ED
:1037700010B5B5480078002851D0B348407810B152
:1037800001284AD107E0B049886801F0D1F801204A
:10379000AD49487042E0FFF769F8A8B1F7F798F92A
:1037A0006A2803D16620F7F796F906E0F7F790F953
:1037B000682802D10020F7F78EF90020A2498880FE
:1037C00088704870087027E09F488088642805DA70
:1037D0009D488088401C9C4988801DE000209A49B3
:1037E000888008468078022806DA08468078401CDF
:1037F0008870002048700FE0F7F76AF9662803D157
:103800006A20F7F768F902E06820F7F764F900200A
:103810008D4988704870087000E000BF00BF10BD7F
:1038200000218A4A5170917091801146886001216F
:103830001170704710B585480078002851D0834832
:10384000407810B101284AD107E08049886801F02A
:103850004BF801207D49487042E0FFF707F8A8B116
:10386000F7F736F96A2803D16620F7F734F906E04E
:10387000F7F72EF9682802D10020F7F72CF900207D
:103880007249888088704870087027E06F48808887
:10389000642805DA6D488088401C6C4988801DE0EA
:1038A00000206A49888008468078022806DA08469F
:1038B0008078401C8870002048700FE0F7F708F906
:1038C000662803D16A20F7F706F902E06820F7F7C7
:1038D00002F900205D4988704870087000E000BF60
:1038E00000BF10BD10B504460020594948708870CB
:1038F00088800C2221465648C01DEFF7E1FC0120CC
:103900005349087010BD10B551480078002851D0B7
:103910004F48407810B101284AD107E04C48C01DFB
:1039200001F02AF801204A49487042E0FEF79EFF64
:10393000A8B1F7F7CDF86A2803D16620F7F7CBF8DE
:1039400006E0F7F7C5F8682802D10020F7F7C3F8BA
:1039500000203F49888088704870087027E03C4804
:103960008088642805DA3A488088401C3849888075
:103970001DE000203649888008468078022806DA53
:1039800008468078401C8870002048700FE0F7F7E8
:103990009FF8662803D16A20F7F79DF802E06820B7
:1039A000F7F799F800202A4988704870087000E0FD
:1039B00000BF00BF10BD274988700021254A517003
:1039C000D170918001211170704710B5FDF7F4FBA3
:1039D00021490978884207D0FDF7EEFB1E4908709F
:1039E00008460078FFF7E7FF1A480078002860D003
:1039F0001848407810B1012859D107E01549887856
:103A000001F015FD01201349487051E0FEF72EFF2B
:103A1000A8B1F7F75DF86A2803D16620F7F75BF8DD
:103A200006E0F7F755F8682802D10020F7F753F8B9
:103A3000002008498880C8704870087036E00DE0A2
:103A4000700D0020880D002014B2002020B200204C
:103A50002CB200207C0D0020B60D0020F748808895
:103A6000642805DAF5488088401CF44988801DE008
:103A70000020F24988800846C078022806DA084605
:103A8000C078401CC870002048700FE0F7F720F89D
:103A9000662803D16A20F7F71EF802E06820F7F7DE
:103AA0001AF80020E549C8704870087000E000BFAF
:103AB00000BF10BD0021E24A91709180D170114683
:103AC000487001211170704710B5F2F750FF0028BF
:103AD0004AD1F5F70BF9002846D1F6F7F6FF50B1B9
:103AE000D848007800283FD10120D6490870092025
:103AF000FFF7E0FF38E0FDF75FFBD3490978884224
:103B000008D1D048007828B9F9F769FFCF4909787A
:103B1000884229D0F9F763FFCC490870FDF74CFBC8
:103B2000C94908700020C7490870FDF745FBC0B1BE
:103B3000F1F7B5F950B1F9F752FF18B10220FFF7CC
:103B4000B9FF11E00320FFF7B5FF0DE0F1F78FF9A2
:103B500018B10520FFF7AEFF06E00420FFF7AAFF2B
:103B600002E00020FFF7A6FFB5480078002851D0FA
:103B7000B348807810B101284AD107E0B0494878AD
:103B800001F0F4FC0120AE49887042E0FEF76EFEC1
:103B9000A8B1F6F79DFF6A2803D16620F6F79BFFD0
:103BA00006E0F6F795FF682802D10020F6F793FFAC
:103BB0000020A3498880C8708870087027E0A0485A
:103BC0008088642805DA9E488088401C9C4988804B
:103BD0001DE000209A4988800846C078022806DA4D
:103BE0000846C078401CC870002088700FE0F6F7C7
:103BF0006FFF662803D16A20F6F76DFF02E06820A8
:103C0000F6F769FF00208E49C8708870087000E0E0
:103C100000BF00BF10BD10B58D4B1B7803B110BDA8
:103C200000238B4C63706380237123465871997114
:103C3000DA710123237000BFF1E78648007800B1F4
:103C4000704701208349087000BFF9E710B581482B
:103C5000007800284ED07F48407810B1012848D124
:103C600005E003F00FF801207A49487041E0FEF7C3
:103C7000FDFDA8B1F6F72CFF6A2803D16620F6F700
:103C80002AFF06E0F6F724FF682802D10020F6F7A5
:103C900022FF00206F49888088704870087027E0F4
:103CA0006C488088642805DA6A488088401C694925
:103CB00088801DE0002067498880084680780228B7
:103CC00006DA08468078401C8870002048700FE0B3
:103CD000F6F7FEFE662803D16A20F6F7FCFE02E046
:103CE0006820F6F7F8FE00205A498870487008707E
:103CF00000BF00BF10BD5848007800B170470120D8
:103D00005549087000BFF9E710B5534800780028FE
:103D10004ED05148407810B1012848D105E002F05A
:103D2000C6FF01204C49487041E0FEF79FFDA8B155
:103D3000F6F7CEFE6A2803D16620F6F7CCFE06E041
:103D4000F6F7C6FE682802D10020F6F7C4FE002070
:103D50004149888088704870087027E03E48808814
:103D6000642805DA3C488088401C3B4988801DE077
:103D700000203949888008468078022806DA0846FB
:103D80008078401C8870002048700FE0F6F7A0FE95
:103D9000662803D16A20F6F79EFE02E06820F6F757
:103DA0009AFE00202C4988704870087000BF00BF40
:103DB00010BD2A49097801B170472849C87001210E
:103DC000264A117000BFF7E710B524480078002894
:103DD00078D02248407830B101280CD002285ED03B
:103DE000032807D163E01D49C87802F05FFE012077
:103DF0001A4948709EE0FEF739FDA8B1F6F768FE53
:103E00006A2803D16620F6F766FE06E0F6F760FE44
:103E1000682802D10020F6F75EFE00200F49888056
:103E200088700220487039E00C488088642817DACE
:103E30000A488088401C094988802FE07C0D0020BA
:103E4000820D0020B80D0020B70D0020B90D002014
:103E50008E0D0020960D00209C0D0020A20D00204C
:103E60000020F949888008468078022806DA08464A
:103E70008078401C8870002048700FE0F6F728FE1C
:103E8000662803D16A20F6F726FE02E06820F6F7DE
:103E900022FE0020EC498870487008704AE0EA4928
:103EA000C87802F02FFE0320E749487042E0FEF791
:103EB000DDFCB0B1F6F70CFE6A2804D16620F6F7F7
:103EC0000AFE07E037E0F6F703FE682802D100207B
:103ED000F6F701FE0020DC49888088704870087081
:103EE00027E0D9488088642805DAD7488088401CB4
:103EF000D54988801DE00020D34988800846807815
:103F0000022806DA08468078401C88700220487033
:103F10000FE0F6F7DDFD662803D16A20F6F7DBFD3A
:103F200002E06820F6F7D7FD0020C7498870487086
:103F3000087000BF00BF10BDC449097801B17047C7
:103F4000C249C8700121C14A117000BFF7E710B51E
:103F5000BE480078002874D0BC48407830B10128B1
:103F60000CD002284CD0032807D151E0B749C878BB
:103F700002F0B2FD0120B54948708CE0FEF776FCF6
:103F8000A8B1F6F7A5FD6A2803D16620F6F7A3FDD0
:103F900006E0F6F79DFD682802D10020F6F79BFDAC
:103FA0000020AA49888088700220487027E0A7482E
:103FB0008088642805DAA5488088401CA349888049
:103FC0001DE00020A149888008468078022806DA92
:103FD00008468078401C8870002048700FE0F6F793
:103FE00077FD662803D16A20F6F775FD02E06820A8
:103FF000F6F771FD002095498870487008704AE016
:104000009249C87802F0D3FD03209049487042E0FD
:10401000FEF72CFCB0B1F6F75BFD6A2803D16620F1
:10402000F6F759FD06E0F6F753FD682802D10020A7
:10403000F6F751FD00208549888088704870087027
:1040400028E029E081488088642805DA7F48808854
:10405000401C7E4988801DE000207C4988800846FD
:104060008078022806DA08468078401C8870022092
:1040700048700FE0F6F72CFD662803D16A20F6F7AA
:104080002AFD02E06820F6F726FD00206F498870BF
:104090004870087000BF00BF10BD6D48007800B1C7
:1040A000704701206A49087000BFF9E710B56848F9
:1040B000007800287BD06648407820B101280ED0D7
:1040C00002280BD14DE0624AD179907901F081FA52
:1040D00000205F498880887001204870CCE0FEF79E
:1040E000C5FBA8B1F6F7F4FC6A2803D16620F6F701
:1040F000F2FC06E0F6F7ECFC682802D10020F6F7A7
:10410000EAFC00205249888088700220487027E02D
:104110004F488088642805DA4D488088401C4C4907
:1041200088801DE000204A4988800846807802285F
:1041300006DA08468078401C8870002048700FE03E
:10414000F6F7C6FC662803D16A20F6F7C4FC02E045
:104150006820F6F7C0FC00203D4988704870087060
:104160008AE03B488079A0B93948C079032805DA4C
:104170003748C079401C3649C87106E000203449F0
:10418000C87108468079401C887100203049487009
:1041900071E02F488079012815D12D48C0790A286F
:1041A00006DA2B48C079401C2949C87107E064E051
:1041B00000202749C87108468079401C887100207A
:1041C0002349487057E022488079022814D12048BA
:1041D000C0790A2805DA1E48C079401C1C49C871FC
:1041E00006E000201A49C87108468079401C887191
:1041F0000020174948703EE015488079032814D103
:104200001348C0790A2805DA1148C079401C1049C2
:10421000C87106E000200E49C87108468079401C2C
:10422000887100200A49487025E0094880790428EF
:104230001BD10748C07905280CDA0548C079401C15
:104240000349C8710DE00000A20D0020A80D002058
:10425000AE0D00200020FE49C87108468079401C40
:1042600088710020FA49487005E00020F8498871FB
:10427000C8714870087000BF00BF10BD10B5F54888
:104280000078002878D0F348407830B101280ED06B
:1042900002284ED0032870D155E0EE4BDA79997997
:1042A000587902F01CFD0120EA49487090E0FEF7C1
:1042B000DDFAA8B1F6F70CFC6A2803D16620F6F700
:1042C0000AFC06E0F6F704FC682802D10020F6F7A5
:1042D00002FC0020DF49488008710220487027E076
:1042E000DC484088642805DADA484088401CD9490F
:1042F00048801DE00020D749488008460079022800
:1043000006DA08460079401C0871002048700FE06A
:10431000F6F7DEFB662803D16A20F6F7DCFB02E045
:104320006820F6F7D8FB0020CA4908714870087069
:104330004EE0C84BDA799979587901F0A3FE032051
:10434000C449487044E0FEF791FAB8B1F6F7C0FBF3
:104350006A2803D16620F6F7BEFB06E0F6F7B8FB45
:10436000682802D10020F6F7B6FB0020B949488042
:1043700008714870087029E02BE028E0B5484088B3
:10438000642805DAB3484088401CB24948801DE0E3
:104390000020B049488008460079022806DA08461D
:1043A0000079401C0871022048700FE0F6F790FB7E
:1043B000662803D16A20F6F78EFB02E06820F6F744
:1043C0008AFB0020A34908714870087000E000BF14
:1043D00000BF10BD10B502469F4B83F806110020A8
:1043E00005E0145C9C4B9B1D1C54431CD8B28842B6
:1043F000F7DB0023984C6370A380A3700123237024
:1044000010BD10B594480078002853D092484078E9
:1044100010B101284CD109E08F4890F80611801D99
:1044200000F01CFF01208C49487042E0FEF71EFAA4
:10443000A8B1F6F74DFB6A2803D16620F6F74BFBCF
:1044400006E0F6F745FB682802D10020F6F743FBAB
:1044500000208149888088704870087027E07E4875
:104460008088642805DA7C488088401C7A498880E6
:104470001DE000207849888008468078022806DA06
:1044800008468078401C8870002048700FE0F6F7DE
:104490001FFB662803D16A20F6F71DFB02E06820A7
:1044A000F6F719FB00206C4988704870087000E02E
:1044B00000BF00BF10BD01460022684B5A709A70C1
:1044C0009A80002005E00B5C644A921D1354421C44
:1044D000D0B22028F7DB0122604B1A70704710B56C
:1044E0005E480078002851D05C48407810B101281F
:1044F0004AD107E05948801D00F09AFE0120574933
:10450000487042E0FEF7B2F9A8B1F6F7E1FA6A287E
:1045100003D16620F6F7DFFA06E0F6F7D9FA682845
:1045200002D10020F6F7D7FA00204C498880887025
:104530004870087027E049488088642805DA4748B1
:104540008088401C454988801DE0002043498880C0
:1045500008468078022806DA08468078401C887071
:10456000002048700FE0F6F7B3FA662803D16A20FE
:10457000F6F7B1FA02E06820F6F7ADFA0020374905
:1045800088704870087000E000BF00BF10BD34485C
:10459000007870472DE9F04F09AC94E8F010DDE9A0
:1045A0000F9ADDF838804FF0000BDFF8B4E08EF89A
:1045B00001B08EF802B0AEF804B0F346ABF80600D6
:1045C000ABF808108BF80A208BF80B308BF80C40F6
:1045D0008BF80D508BF80E608BF80F708BF810C0B5
:1045E0008BF811808BF81290CBF814A0DDF844B052
:1045F000CEF818B04FF0010B8EF800B0BDE8F08F88
:1046000010B58AB01648007800287CD0144840784D
:1046100010B1012875D130E011488069104949690D
:104620000F4A927C0E4B5B7CCDE90532CDE9071039
:104630000B48007C0A49C97B094A927B084B5B7B8B
:10464000CDE90132CDE903100548007B044C09E0B7
:10465000AE0D00208E0D0020FCAF00204CB20020DB
:1046600074B200200090E37AA27A2189E08800F0F9
:104670008FFA01202146487044E0FEF7F7F8A8B110
:10468000F6F726FA6A2803D16620F6F724FA06E040
:10469000F6F71EFA682802D10020F6F71CFA00206F
:1046A0006C49888088704870087029E06948808863
:1046B000642805DA67488088401C664988801FE0C6
:1046C00000206449888008468078022806DA084677
:1046D0008078401C88700020487011E0F6F7F8F9E7
:1046E000662805D16A20F6F7F6F904E00BE008E049
:1046F0006820F6F7F0F90020564988704870087075
:1047000000E000BF00BF0AB010BD10B5FFF7FBF816
:104710005148007800B110BDFFF773FE4F48007894
:1047200000B1F8E7FFF7DBFE4D48007800B1F2E793
:10473000FFF7CAF94B48007800B1ECE7FEF77CFEC2
:104740004948007800B1E6E7FFF774F84748007879
:1047500000B1E0E7FFF70CF84548007800B1DAE770
:10476000FEF739FF4348007800B1D4E7FEF7D1FEE9
:104770004148007800B1CEE7FFF780FD3F48007860
:1047800000B1C8E7FFF792FC3D48007800B1C2E7EE
:10479000FFF7DDFB3B48007800B1BCE7FFF7B4FA58
:1047A0003948007800B1B6E7FFF70EFB37480078CC
:1047B00000B1B0E7FFF74AFA3548007800B1AAE740
:1047C00000BFA8E710B53348F0F7ECFB00F088F81D
:1047D0003148FEF742F83148FEF742F83048FEF71C
:1047E00042F83048FEF730F82F48FEF730F82F48EF
:1047F000FEF730F82E48FEF721F82E48FEF721F894
:104800002D48FEF712F82D48FEF712F82C48FEF757
:1048100012F82C48FEF700F82B48FEF700F82B485A
:10482000FEF700F82A48FDF7F4FF2A48FDF7EEFFEF
:104830002948FDF7E5FF2948FDF7E5FF0020F2F7DD
:1048400065FD18B10C20FFF735F902E00020FFF7F5
:1048500031F910BD74B200202CB20020FCAF002052
:104860004CB20020820D002004B1002020B20020B4
:1048700014B20020700D0020760D00208E0D002057
:10488000AE0D0020A80D00209C0D0020A20D0020E0
:10489000960D002012B10020ED30010837310108DB
:1048A00081310108FD2F01084730010891300108CE
:1048B000BF2F0108E32F0108372F0108732F0108CC
:1048C000B12F0108B12E0108EB2E0108292F010894
:1048D000A52E0108512E01085D2E01088B2E01081E
:1048E00010B5FEF7EBF910BD10B504467120FE4976
:1048F000087060204870642094FBF0F030308870BD
:10490000642094FBF0F100FB11400A2190FBF1F0D0
:104910003030F549C8700A2094FBF0F100FB1140DB
:104920003030F14908710521EF48FEF752FA10BD09
:1049300010B504467120EC490870202048706420AE
:1049400094FBF0F030308870642094FBF0F100FBB1
:1049500011400A2190FBF1F03030E349C8700A2081
:1049600094FBF0F100FB11403030DF490871052164
:10497000DD48FEF72EFA10BD10B504467F20DA4957
:10498000087020204870207888706078C870A078FF
:104990000871E0784871207988716079C871A079D0
:1049A0000872E0794872207A8872607AC872A07AB8
:1049B0000873E07A48730E21CB48FEF70AFA10BD5F
:1049C00010B57120C8490870802048700221C6487F
:1049D000FEF7FFF910BD2DE9FE4306460F4690464F
:1049E0001C460A9DC1A207CA8DE807007120BE4976
:1049F0000870002048709DF8000088709DF8010044
:104A0000C8709DF8020008719DF8030048719DF878
:104A1000040088719DF80500C8719DF806000872B1
:104A20009DF8070048723A2088720A2096FBF0F041
:104A30003030C8720A2096FBF0F100FB1160303074
:104A4000A94908732D2048730A2097FBF0F03030F5
:104A500088730A2097FBF0F100FB11703030A249F7
:104A6000C8732D2008740A2098FBF0F03030487489
:104A70000A2098FBF0F100FB118030309A498874CD
:104A80002C20C8749C48B4FBF0F0303008759A486C
:104A9000B4FBF0F100FB114042F21071B0FBF1F0F9
:104AA00030309149487542F21070B4FBF0F100FBD0
:104AB00011404FF47A71B0FBF1F030308A498875BB
:104AC0004FF47A70B4FBF0F100FB11406421B0FBAD
:104AD000F1F030308449C8756420B4FBF0F100FB7C
:104AE00011400A21B0FBF1F030307F4908760A20EE
:104AF000B4FBF0F100FB114030307B4948762C20AC
:104B000088767D48B5FBF0F03030C8767A48B5FB42
:104B1000F0F100FB115042F21071B0FBF1F03030B7
:104B20007149087742F21070B5FBF0F100FB1150AB
:104B30004FF47A71B0FBF1F030306B4948774FF4A5
:104B40007A70B5FBF0F100FB11506421B0FBF1F07D
:104B50003030654988776420B5FBF0F100FB1150D7
:104B60000A21B0FBF1F030305F49C8770A20B5FB6D
:104B7000F0F100FB115030305B4981F820002E200D
:104B800081F8210022215848FEF723F9BDE8FE8371
:104B90002DE9F04FA5B004460D4616461F46DDE947
:104BA00030ABDDE92E8955A103C9CDE9230155A11B
:104BB00003C9CDE9210155A103C9CDE91F0155A2C2
:104BC00007CA1CAB07C356A2D2E900109268CDE910
:104BD0001A02199155A30FCBCDE91723CDE9150181
:104BE00056A2D2E90030D2E90212CDE91130CDE966
:104BF000131256A3D3E90012D3E90203CDE90F0340
:104C0000CDE90D1255A3D3E901021968DB68CDE99E
:104C10000B23CDE9091055A3D3E901211868DB68FE
:104C2000CDE90713CDE9050254A3D3E90021D3E967
:104C30000203CDE90303CDE901212046E11704EB8E
:104C40001161090A284A1170E11704EB1161091278
:104C5000A4EB012151704FF47A7095FBF0F03030E5
:104C6000114688704FF47A7095FBF0F100FB1150FB
:104C7000642190FBF1F030301146C870642095FB40
:104C8000F0F100FB11500A2190FBF1F03030114699
:104C900008710A2095FBF0F100FB115030301146ED
:104CA00048712D2088710A2096FBF0F03030C871D1
:104CB0000A2096FBF0F100FB1160303011460872BB
:104CC0002D2048720A2097FBF0F0303088720A20BD
:104CD00097FBF0F100FB117030301146C8722020B4
:104CE00008730A2052E0000090B20020B9CAD5CF64
:104CF000D0C5CFA200000000A0860100BBF5B9F12D
:104D0000BAC53A00B2E3BCDCBAC53A00BBF5B5C0DF
:104D1000BAC53A00B3F6BBF5B3C9B9A600000000A6
:104D2000B3F6BBF5CAA7B0DC00000000BAECCDE2D8
:104D3000BCECB2E2B3C9B9A600000000BAECCDE207
:104D4000BCECB2E2CAA7B0DC00000000BAECCDE2D5
:104D5000C4A3BFE9B9CAD5CF00000000BBF5B5C0F8
:104D6000B5E7BBFAD5FDB3A300000000BBF5B5C0A5
:104D7000B5E7BBFAB3ACCAB100000000BBF5B5C0E3
:104D8000B5E7BBFAC0EBCFDF0000000098FBF0F006
:104D9000303048730A2098FBF0F100FB118030306E
:104DA000114688733A20C8730A2099FBF0F030301E
:104DB00008740A2099FBF0F100FB11903030114685
:104DC00048743A2088740A209AFBF0F03030C87496
:104DD0000A209AFBF0F100FB11A030301146087553
:104DE000202048755B2088759DF88C00C8759DF85B
:104DF0008D0008769DF88E0048769DF88F008876A5
:104E00009DF89000C8769DF8910008779DF8920073
:104E100048770A209BFBF0F0303088770A209BFB14
:104E2000F0F100FB11B030301146C8772C2081F82A
:104E300020009DF8840081F821009DF8850081F80C
:104E400022009DF8860081F823009DF8870081F8F4
:104E500024009DF8880081F825009DF8890081F8DC
:104E600026009DF88A0081F827000A21329890FBDD
:104E7000F1F03030114681F828000A21329890FB79
:104E8000F1F201FB12003030F94981F829002C20A1
:104E900081F82A009DF87C0081F82B009DF87D00A8
:104EA00081F82C009DF87E0081F82D009DF87F0090
:104EB00081F82E009DF8800081F82F009DF8810078
:104EC00081F830009DF8820081F831000A21339882
:104ED00090FBF1F03030E64981F832000A21339836
:104EE00090FBF1F201FB12003030E14981F8330010
:104EF0002C2081F83400349818B39DF8700081F8A4
:104F000035009DF8710081F836009DF8720081F837
:104F100037009DF8730081F838009DF8740081F81F
:104F200039009DF8750081F83A009DF8760081F807
:104F30003B009DF8770081F83C002C2081F83D0073
:104F400023E09DF86400CA4981F835009DF86500AA
:104F500081F836009DF8660081F837009DF86700FB
:104F600081F838009DF8680081F839009DF86900E3
:104F700081F83A009DF86A0081F83B009DF86B00CB
:104F800081F83C002C2081F83D00BA4935988842D0
:104F900034D19DF82400B64981F83E009DF82500E3
:104FA00081F83F009DF8260081F840009DF8270019
:104FB00081F841009DF8280081F842009DF8290001
:104FC00081F843009DF82A0081F844009DF82B00E9
:104FD00081F845009DF82C0081F846009DF82D00D1
:104FE00081F847009DF82E0081F848009DF82F00B9
:104FF00081F849002C2081F84A006CE09E493598E0
:10500000884234D19DF81400994981F83E009DF8FA
:10501000150081F83F009DF8160081F840009DF8CA
:10502000170081F841009DF8180081F842009DF8B2
:10503000190081F843009DF81A0081F844009DF89A
:105040001B0081F845009DF81C0081F846009DF882
:105050001D0081F847009DF81E0081F848009DF86A
:105060001F0081F849002C2081F84A0033E09DF8A8
:1050700004007F4981F83E009DF8050081F83F005B
:105080009DF8060081F840009DF8070081F8410076
:105090009DF8080081F842009DF8090081F843005E
:1050A0009DF80A0081F844009DF80B0081F8450046
:1050B0009DF80C0081F846009DF80D0081F847002E
:1050C0009DF80E0081F848009DF80F0081F8490016
:1050D0002C2081F84A0069493698884234D19DF8DD
:1050E0005400634981F84B009DF8550081F84C004D
:1050F0009DF8560081F84D009DF8570081F84E004C
:105100009DF8580081F84F009DF8590081F8500033
:105110009DF85A0081F851009DF85B0081F852001B
:105120009DF85C0081F853009DF85D0081F8540003
:105130009DF85E0081F855009DF85F0081F85600EB
:105140005D2081F857006CE04D493698884234D193
:105150009DF84400464981F84B009DF8450081F8D0
:105160004C009DF8460081F84D009DF8470081F8FD
:105170004E009DF8480081F84F009DF8490081F8E5
:1051800050009DF84A0081F851009DF84B0081F8CD
:1051900052009DF84C0081F853009DF84D0081F8B5
:1051A00054009DF84E0081F855009DF84F0081F89D
:1051B00056005D2081F8570033E09DF834002C49FB
:1051C00081F84B009DF8350081F84C009DF83600C1
:1051D00081F84D009DF8370081F84E009DF83800A9
:1051E00081F84F009DF8390081F850009DF83A0091
:1051F00081F851009DF83B0081F852009DF83C0079
:1052000081F853009DF83D0081F854009DF83E0060
:1052100081F855009DF83F0081F856005D2081F827
:10522000570058211248FDF7D4FD25B0BDE8F08F96
:1052300070B5054650200E490870002048700024C3
:1052400005E0295DA01C0A4A1154601CC4B2202C40
:10525000F7DB22210648FDF7BCFD70BD70B50646A0
:105260000C465220024908704020487000250FE08B
:1052700090B20020888A0100B58B0100708E010079
:1052800001900100715DA81CF94A1154681CC5B257
:10529000A542F7DBFF21A01CF54A1154E01C115474
:1052A000211D1046FDF795FD70BD2DE9F04705461F
:1052B0000E4614469A46DDE90989089F0020EC490C
:1052C00008709C2048705A208870A520C8706420FF
:1052D00095FBF0F100FB1150E54908710D2096FB9C
:1052E000F0F100FB1160E24948712046E11704EB40
:1052F000D1614911A4EB4111DD4A9171182097FB4E
:10530000F0F100FB11701146C8713C2098FBF0F1E0
:1053100000FB1180114608723C2099FBF0F100FB64
:105320001190114648720A211046FDF752FDBDE862
:10533000F0873EB50446CFA000680290CEA103C915
:10534000CDE90001FF2C15D15020C94908708020FB
:1053500048709DF8000088709DF80100C8709DF8A5
:10536000020008719DF8030048710621C048FDF74E
:1053700030FD1CE0632C00DD63245020BC49087024
:1053800080204870202088700A2094FBF0F0303094
:10539000C8700A2094FBF0F100FB11403030B44992
:1053A0000871202048710621B148FDF712FD3EBD6D
:1053B0003EB50446AFA000680290AFA103C9CDE995
:1053C0000001FF2C15D17F20A9490870F0204870FA
:1053D0009DF8000088709DF80100C8709DF80200DB
:1053E00008719DF8030048710621A148FDF7F1FC02
:1053F0001CE0632C00DD63247F209D490870F020B1
:105400004870202088700A2094FBF0F03030C8707B
:105410000A2094FBF0F100FB1140303094490871F0
:105420002020487106219248FDF7D3FC3EBD1FB5F0
:10543000044693A003C8CDE90201AFF2B86103C9E5
:10544000CDE9000150208A4908706020487064B19D
:105450009DF8080088709DF80900C8709DF80A0042
:1054600008719DF80B0048710CE09DF80000804920
:1054700088709DF80100C8709DF8020008719DF8C1
:105480000300487106217A48FDF7A3FC1FBD10B543
:1054900088B004467CA1D1E90023D1E90201CDE91D
:1054A0000423CDE906017CA3D3E90012D3E902036A
:1054B000CDE90203CDE9001251206D4908700020AA
:1054C000487044B39DF8000088709DF80100C870D2
:1054D0009DF8020008719DF8030048719DF80400D2
:1054E00088719DF80500C8719DF8060008729DF846
:1054F000070048729DF8080088729DF80900C8727C
:105500009DF80A0008739DF80B0048730E21584857
:10551000FDF75FFC28E09DF81000554988709DF864
:105520001100C8709DF8120008719DF813004871B1
:105530009DF8140088719DF81500C8719DF816003B
:1055400008729DF8170048729DF8180088729DF83F
:105550001900C8729DF81A0008739DF81B00487363
:105560000E214348FDF735FC08B010BD10B50446C8
:1055700000203F490870842048705A20887001201C
:10558000C87000200871084644710621FDF721FC0F
:1055900010BD70B504460D462046E11704EB1161BD
:1055A000090A334A1170E11704EB11610912A4EBE7
:1055B00001215170002605E02021B01C2C4A115415
:1055C000701CC6B2AE42F7DBA91C2948FDF701FCEE
:1055D00070BD70B505460C46052D80F05085DFE89E
:1055E00015F00500A200F2014303950434B1012C2B
:1055F00020D0022C58D0032C73D173E075201C49A5
:105600000870202048708870C870087148718871CF
:10561000C871087248728872C872087348738873B8
:10562000C873087448748874C87414211048FDF74E
:10563000D0FB75E075200E4908703020487020209E
:105640008870C870087148718871C8710872487292
:105650008872C872087348738873C8730874487472
:105660008874C87414210248FDF7B3FB58E00000A9
:1056700090B20020B6C80000D2ECB3A30000000036
:10568000D4DACFDF00000000C9E8B1B8C9D0CEB489
:10569000C6F4D3C30000000020C7EBC9A8C2EBB911
:1056A000BACEEF20000000007520F74908704020B6
:1056B000487020208870C870087148718871C8715E
:1056C000087248728872C872087348738873C87306
:1056D000087448748874C8741421EB48FDF779FB8A
:1056E0001EE01CE07520E84908705020487020201A
:1056F0008870C870087148718871C87108724872E2
:105700008872C872087348738873C87308744874C1
:105710008874C8741421DC48FDF75BFB00E000BF0F
:1057200000BF00F0ADBC0B2C7BD2DFE804F00623F9
:10573000405D7B98B5D2F2F0EF007520D249087039
:105740006020487020208870C87008714871887186
:10575000C871087248728872C87208734873887377
:10576000C873087448748874C8741421C648FDF757
:1057700030FB26E17520C449087070204870202055
:105780008870C870087148718871C8710872487251
:105790008872C872087348738873C8730874487431
:1057A0008874C8741421B848FDF713FB09E175200B
:1057B000B54908708020487020208870C870087132
:1057C00048718871C871087248728872C87208730B
:1057D00048738873C873087448748874C874142133
:1057E000A948FDF7F6FAECE07520A749087090206B
:1057F000487020208870C870087148718871C8711D
:10580000087248728872C872087348738873C873C4
:10581000087448748874C87414219B48FDF7D9FA39
:10582000CFE0CDE0752098490870A0204870202076
:105830008870C870087148718871C87108724872A0
:105840008872C872087348738873C8730874487480
:105850008874C87414218C48FDF7BBFAB1E0752038
:1058600089490870B020487020208870C87008717D
:1058700048718871C871087248728872C87208735A
:1058800048738873C873087448748874C874142182
:105890007D48FDF79EFA94E075207B490870C02092
:1058A000487020208870C870087148718871C8716C
:1058B000087248728872C872087348738873C87314
:1058C000087448748874C87414216F48FDF781FA0D
:1058D00077E075206C490870D020487020208870CF
:1058E000C870087148718871C871087248728872EE
:1058F000C872087348738873C873087448748874CE
:10590000C87414216048FDF764FA5AE03BE01DE0DA
:10591000FFE775205C490870E020487020208870FF
:10592000C870087148718871C871087248728872AD
:10593000C872087348738873C8730874487488748D
:10594000C87414215048FDF744FA3AE075204E49D6
:105950000870F020487020208870C8700871487165
:105960008871C871087248728872C8720873487367
:105970008873C873087448748874C87414214248C2
:10598000FDF727FA1DE076203F4908700020487097
:1059900020208870C870087148718871C8710872B9
:1059A00048728872C872087348738873C873087421
:1059B00048748874C87414213348FDF70AFA00E06B
:1059C00000BF00BF5CE30B2C5DD2DFE804F00623D0
:1059D0003F5F7C99B6D3F3F1F00076202A49087036
:1059E0001020487020208870C87008714871887134
:1059F000C871087248728872C872087348738873D5
:105A0000C873087448748874C87414211E48FDF75C
:105A1000E0F927E176201C49087020204870887042
:105A2000C870087148718871C871087248728872AC
:105A3000C872087348738873C8730874487488748C
:105A4000C87414211048FDF7C4F90BE176200E4903
:105A500008703020487020208870C8700871487124
:105A60008871C871087248728872C8720873487366
:105A70008873C873087448748874C8741421024801
:105A8000FDF7A7F9EEE0ECE090B200207620FE49A9
:105A900008704020487020208870C87008714871D4
:105AA0008871C871087248728872C8720873487326
:105AB0008873C873087448748874C8741421F248D1
:105AC000FDF787F9CEE07620EF4908705020487046
:105AD00020208870C870087148718871C871087278
:105AE00048728872C872087348738873C8730874E0
:105AF00048748874C8741421E348FDF76AF9B1E06A
:105B00007620E14908706020487020208870C870B5
:105B1000087148718871C871087248728872C872B9
:105B2000087348738873C873087448748874C87499
:105B30001421D548FDF74DF994E07620D24908703C
:105B40007020487020208870C87008714871887172
:105B5000C871087248728872C87208734873887373
:105B6000C873087448748874C8741421C648FDF753
:105B700030F977E07620C4490870802048702020F2
:105B80008870C870087148718871C871087248724D
:105B90008872C872087348738873C873087448742D
:105BA0008874C8741421B848FDF713F95AE03BE033
:105BB0001DE0FFE77620B44908709020487020204F
:105BC0008870C870087148718871C871087248720D
:105BD0008872C872087348738873C87308744874ED
:105BE0008874C8741421A848FDF7F3F83AE07620C9
:105BF000A5490870A020487020208870C8700871DE
:105C000048718871C871087248728872C8720873C6
:105C100048738873C873087448748874C8741421EE
:105C20009948FDF7D6F81DE0762097490870B02016
:105C3000487020208870C870087148718871C871D8
:105C4000087248728872C872087348738873C87380
:105C5000087448748874C87414218B48FDF7B9F827
:105C600000E000BF00BF0BE20B2C7BD2DFE804F0AA
:105C70000623405D7B98B5D1F1EFEE007620824996
:105C80000870C020487020208870C8700871487162
:105C90008871C871087248728872C8720873487334
:105CA0008873C873087448748874C874142176485B
:105CB000FDF78FF828E1762073490870D0204870EE
:105CC00020208870C870087148718871C871087286
:105CD00048728872C872087348738873C8730874EE
:105CE00048748874C87414216748FDF772F80BE192
:105CF000762065490870E020487020208870C870C0
:105D0000087148718871C871087248728872C872C7
:105D1000087348738873C873087448748874C874A7
:105D200014215948FDF755F8EEE0762056490870E1
:105D3000F020487020208870C87008714871887100
:105D4000C871087248728872C87208734873887381
:105D5000C873087448748874C87414214A48FDF7DD
:105D600038F8D1E0CFE0772047490870002048702C
:105D700020208870C870087148718871C8710872D5
:105D800048728872C872087348738873C87308743D
:105D900048748874C87414213B48FDF71AF8B3E0BE
:105DA0007720394908701020487020208870C8700A
:105DB000087148718871C871087248728872C87217
:105DC000087348738873C873087448748874C874F7
:105DD00014212D48FCF7FDFF96E077202A49087032
:105DE000202048708870C870087148718871C87127
:105DF000087248728872C872087348738873C873CF
:105E0000087448748874C87414211F48FCF7E1FFB3
:105E10007AE077201C490870302048702020887074
:105E2000C870087148718871C871087248728872A8
:105E3000C872087348738873C87308744874887488
:105E4000C87414211048FCF7C4FF5DE03EE020E078
:105E5000FFE777200C4908704020487020208870A8
:105E6000C870087148718871C87108724872887268
:105E7000C872087348738873C87308744874887448
:105E8000C8741421004801E090B20020FCF7A1FF83
:105E90003AE07720F7490870502048702020887039
:105EA000C870087148718871C87108724872887228
:105EB000C872087348738873C87308744874887408
:105EC000C8741421EB48FCF784FF1DE07720E949F2
:105ED00008706020487020208870C8700871487170
:105EE0008871C871087248728872C87208734873E2
:105EF0008873C873087448748874C8741421DD48A2
:105F0000FCF767FF00E000BF00BFB9E0062C78D2C5
:105F1000DFE804F003203D5A78957720D5490870D2
:105F20007020487020208870C8700871487188718E
:105F3000C871087248728872C8720873487388738F
:105F4000C873087448748874C8741421C948FCF76D
:105F500040FF92E07720C7490870802048702020D9
:105F60008870C870087148718871C8710872487269
:105F70008872C872087348738873C8730874487449
:105F80008874C8741421BB48FCF723FF75E07720A0
:105F9000B84908709020487020208870C870087137
:105FA00048718871C871087248728872C872087323
:105FB00048738873C873087448748874C87414214B
:105FC000AC48FCF706FF58E07720AA490870A020EB
:105FD000487020208870C870087148718871C87135
:105FE000087248728872C872087348738873C873DD
:105FF000087448748874C87414219E48FCF7E9FE3C
:106000003BE039E077209B490870B02048702020A1
:106010008870C870087148718871C87108724872B8
:106020008872C872087348738873C8730874487498
:106030008874C87414218F48FCF7CBFE1DE07720CC
:106040008C490870C020487020208870C870087182
:1060500048718871C871087248728872C872087372
:1060600048738873C873087448748874C87414219A
:106070008048FCF7AEFE00E000BF00BF00E000BFBC
:1060800000BF70BD70B506460D461446052E80F063
:106090000A85DFE816F005008100C7010E035204EF
:1060A00035B1012D20D0022D3AD0032D71D153E00E
:1060B0006CB180206F49087003204870F820887008
:1060C0000020C87004216B48FCF783FE0BE08020A1
:1060D000684908700320487000208870C870042147
:1060E0006448FCF776FE55E06CB180206149087089
:1060F00013204870F82088700020C87004215D4883
:10610000FCF767FE0BE080205A49087013204870A6
:1061100000208870C87004215648FCF75AFE39E008
:106120006CB180205349087023204870F820887093
:106130000020C87004214F48FCF74BFE0BE0802084
:106140004C4908702320487000208870C8700421D2
:106150004848FCF73EFE1DE06CB1802045490870C0
:1061600033204870F82088700020C870042141480E
:10617000FCF72FFE0BE080203E490870332048706A
:1061800000208870C87004213A48FCF722FE01E024
:10619000FFE700BF00BF8BE20B2D6AD2DFE805F0FE
:1061A00006223E5A7995B1CDE9F9F8006CB180200C
:1061B0003049087043204870F82088700020C8706B
:1061C00004212C48FCF705FE0BE0802029490870CB
:1061D0004320487000208870C87004212548FCF7CF
:1061E000F8FD1DE16CB180202249087053204870F1
:1061F000F82088700020C87004211E48FCF7E9FDD3
:106200000BE080201B4908705320487000208870E4
:10621000C87004211748FCF7DCFD01E16CB1802057
:106220001449087063204870F82088700020C870F6
:1062300004211048FCF7CDFD0BE080200D490870CB
:106240006320487000208870C87004210948FCF75A
:10625000C0FDE5E084B180200649087073204870D5
:10626000F82088700020C87004210248FCF7B1FDB6
:106270000EE0D4E090B200208020FD490870732029
:10628000487000208870C8700421F948FCF7A1FD0F
:10629000C6E06CB18020F649087083204870F82071
:1062A00088700020C8700421F148FCF792FD0BE0D3
:1062B0008020EF4908708320487000208870C870E3
:1062C0000421EB48FCF785FDAAE06CB18020E84989
:1062D000087093204870F82088700020C87004214E
:1062E000E348FCF776FD0BE08020E149087093203D
:1062F000487000208870C8700421DD48FCF769FDF3
:106300008EE06CB18020DA490870A3204870F82034
:1063100088700020C8700421D548FCF75AFD0BE0B6
:106320008020D3490870A320487000208870C8706E
:106330000421CF48FCF74DFD72E06CB18020CC49C0
:106340000870B3204870F82088700020C8700421BD
:10635000C748FCF73EFD0BE08020C5490870B3201C
:10636000487000208870C8700421C148FCF731FDD6
:1063700056E07CB18020BE490870C3204870F820E8
:1063800088700020C8700421B948FCF722FD0DE098
:1063900029E00CE08020B6490870C3204870002036
:1063A0008870C8700421B248FCF713FD38E06CB166
:1063B0008020AF490870D3204870F82088700020F2
:1063C000C8700421AA48FCF704FD0BE08020A8490E
:1063D0000870D320487000208870C8700421A44839
:1063E000FCF7F7FC1CE06CB18020A1490870E320A9
:1063F0004870F82088700020C87004219C48FCF781
:10640000E8FC0BE080209A490870E32048700020E7
:106410008870C87004219648FCF7DBFC00E000BFE0
:1064200000BF41E30B2D77D2DFE805F006223E5A8C
:106430007793AFCBE7F7F6006CB180208C490870FA
:10644000F3204870F82088700020C8700421884824
:10645000FCF7BFFC0BE0802085490870F3204870F2
:1064600000208870C87004218148FCF7B2FC1EE14E
:106470006CB181207E49087003204870F820887034
:106480000020C87004217A48FCF7A3FC0BE08120AF
:10649000774908700320487000208870C870042174
:1064A0007348FCF796FC02E16CB1812070490870DA
:1064B00013204870F82088700020C87004216C48B0
:1064C000FCF787FC0BE081206949087013204870B5
:1064D00000208870C87004216548FCF77AFCE6E06B
:1064E0006CB181206249087023204870F8208870C0
:1064F0000020C87004215E48FCF76BFC0BE0812093
:106500005B4908702320487000208870C8700421FF
:106510005748FCF75EFCCAE0C8E06CB181205449E2
:10652000087033204870F82088700020C87004215B
:106530004F48FCF74EFC0BE081204D49087033209A
:10654000487000208870C87004214948FCF741FC5D
:10655000ADE06CB181204649087043204870F820B6
:1065600088700020C87004214148FCF732FC0BE021
:1065700081203F4908704320487000208870C8700F
:1065800004213B48FCF725FC91E06CB1812038499F
:10659000087053204870F82088700020C8700421CB
:1065A0003348FCF716FC0BE081203149087053207A
:1065B000487000208870C87004212D48FCF709FC41
:1065C00075E06CB181202A49087063204870F8207A
:1065D00088700020C87004212548FCF7FAFB0BE006
:1065E0008120234908706320487000208870C8709B
:1065F00004211F48FCF7EDFB59E07CB181201C49C8
:10660000087073204870F82088700020C87004213A
:106610001748FCF7DEFB0DE02CE00CE0812014496C
:1066200008707320487000208870C87004211048DA
:10663000FCF7CFFB3BE06CB181200D490870832053
:106640004870F82088700020C87004210848FCF7C2
:10665000C0FB0BE0812006490870832048700020B1
:106660008870C87004210248FCF7B3FB1FE00000EB
:1066700090B200206CB18120FA49087093204870D4
:10668000F82088700020C8700421F648FCF7A1FBB0
:106690000BE08120F3490870932048700020887037
:1066A000C8700421EF48FCF794FB00E000BF00BF76
:1066B000FAE10B2D77D2DFE805F006223E5A7793F8
:1066C000AFCBE7F7F6006CB18120E6490870A32054
:1066D0004870F82088700020C8700421E148FCF759
:1066E00078FB0BE08120DF490870A3204870002070
:1066F0008870C8700421DB48FCF76BFB1BE16CB1B0
:106700008120D8490870B3204870F8208870002094
:10671000C8700421D348FCF75CFB0BE08120D14911
:106720000870B320487000208870C8700421CD48DC
:10673000FCF74FFBFFE06CB18120CA490870C32011
:106740004870F82088700020C8700421C548FCF704
:1067500040FB0BE08120C3490870C3204870002033
:106760008870C8700421BF48FCF733FBE3E06CB1CC
:106770008120BC490870D3204870F8208870002020
:10678000C8700421B748FCF724FB0BE08120B54911
:106790000870D320487000208870C8700421B14868
:1067A000FCF717FBC7E0C5E06CB18120AD4908706C
:1067B000E3204870F82088700020C8700421A948A0
:1067C000FCF707FB0BE08120A6490870E320487026
:1067D00000208870C8700421A248FCF7FAFAAAE0E9
:1067E0006CB181209F490870F3204870F8208870B0
:1067F0000020C87004219B48FCF7EBFA0BE08120D5
:1068000098490870F320487000208870C8700421EF
:106810009448FCF7DEFA8EE06CB182209149087052
:1068200003204870F82088700020C87004218D482B
:10683000FCF7CFFA0BE082208A49087003204870E9
:1068400000208870C87004218648FCF7C2FA72E004
:106850006CB182208349087013204870F82088703A
:106860000020C87004217F48FCF7B3FA0BE08220B7
:106870007C4908701320487000208870C87004217B
:106880007848FCF7A6FA56E07CB18220754908707A
:1068900023204870F82088700020C87004217148B7
:1068A000FCF797FA0DE029E00CE082206D490870B2
:1068B0002320487000208870C87004216948FCF7C4
:1068C00088FA38E06CB1822066490870332048703D
:1068D000F82088700020C87004216248FCF779FA1B
:1068E0000BE082205F4908703320487000208870D8
:1068F000C87004215B48FCF76CFA1CE06CB1822084
:106900005849087043204870F82088700020C870EB
:1069100004215448FCF75DFA0BE0822051490870CD
:106920004320487000208870C87004214D48FCF74F
:1069300050FA00E000BF00BFB6E0062D74D2DFE8D9
:1069400005F0031F3B5774936CB1822045490870D2
:1069500053204870F82088700020C87004214148F6
:10696000FCF737FA0BE082203E490870532048704C
:1069700000208870C87004213A48FCF72AFA90E099
:106980006CB182203749087063204870F820887005
:106990000020C87004213348FCF71BFA0BE082206A
:1069A000304908706320487000208870C870042146
:1069B0002C48FCF70EFA74E06CB18220294908706B
:1069C00073204870F82088700020C8700421254882
:1069D000FCF7FFF90BE08220224908707320487011
:1069E00000208870C87004211E48FCF7F2F958E0B6
:1069F0006CB182201B49087083204870F820887091
:106A00000020C87004211748FCF7E3F90BE082204E
:106A1000144908708320487000208870C8700421D1
:106A20001048FCF7D6F93CE03AE06CB182200D4901
:106A3000087093204870F82088700020C8700421E6
:106A40000848FCF7C6F90BE082200649087093203D
:106A5000487000208870C87004210248FCF7B9F91A
:106A60001FE0000090B200206CB18220FA4908704B
:106A7000A3204870F82088700020C8700421F648D0
:106A8000FCF7A7F90BE08220F3490870A3204870B7
:106A900000208870C8700421EF48FCF79AF900E0E4
:106AA00000BF00BF00E000BF00BF70BD10B50446CE
:106AB0008320E9490870032048701CB100208870C9
:106AC000C87004E0F820E44988700020C8700421F0
:106AD000E148FCF77EF910BD10B504468320DE497D
:106AE0000870132048701CB100208870C87004E042
:106AF000F820D94988700020C8700421D648FCF7D6
:106B000068F910BD10B586B00446D4A207CA03AB1D
:106B100007C3D5A207CA8DE807007820CE490870C0
:106B200020204870F4B19DF80C0088709DF80D008D
:106B3000C8709DF80E0008719DF80F0048719DF80F
:106B4000100088719DF81100C8719DF8120008723C
:106B50009DF8130048729DF8140088729DF8150086
:106B6000C8721EE09DF80000BB4988709DF80100C6
:106B7000C8709DF8020008719DF8030048719DF8E7
:106B8000040088719DF80500C8719DF80600087220
:106B90009DF8070048729DF8080088729DF809006A
:106BA000C8720C21AC48FCF714F906B010BD10B542
:106BB00088B00446AFA1D1E90023D1E90201CDE9B3
:106BC0000423CDE90601AFA3D3E90012D3E9020300
:106BD000CDE90203CDE9001278209F4908703020EA
:106BE000487024B39DF8100088709DF81100C8709B
:106BF0009DF8120008719DF8130048719DF814006B
:106C000088719DF81500C8719DF8160008729DF8EE
:106C1000170048729DF8180088729DF81900C87214
:106C20009DF81A0008739DF81B00487324E09DF836
:106C30000000894988709DF80100C8709DF8020025
:106C400008719DF8030048719DF8040088719DF853
:106C50000500C8719DF8060008729DF8070048728B
:106C60009DF8080088729DF80900C8729DF80A0016
:106C700008739DF80B0048730E217748FCF7A9F8BC
:106C800008B010BD10B578207349087020204870F6
:106C90008870C870087148718871C871087248722C
:106CA0008872C8720C216C48FCF793F810BD10B5BF
:106CB0007820694908703020487020208870C8709A
:106CC000087148718871C871087248728872C872F8
:106CD000087348730E216048FCF77BF810BD70B54F
:106CE00005460C461646052D81F07686DFE815F040
:106CF00005007E012705CF08720C34B1012C55D058
:106D0000022C7DD0032C7CD11AE1752052490870E9
:106D1000202048708870C8700871681C0A2190FB98
:106D2000F1F030304C494871681C0A2190FBF1F2B7
:106D300001FB12003030484988712020C871087268
:106D400048728872601C0A2190FBF1F03030424991
:106D5000C872601C0A2190FBF1F201FB1200303076
:106D60003D490873202048738873C87366B9494841
:106D7000007808744748407848744648807888749A
:106D80004448C078C8740CE043480078324908741D
:106D90004148407848744048807888743E48C078BC
:106DA000C87414212C48FCF714F81CE175202A49FA
:106DB00008703020487020208870C8700871681CE6
:106DC0000A2190FBF1F0303023494871681C0A21F8
:106DD00090FBF1F201FB120030301F498871202036
:106DE000C871087248728872601C0A2190FBF1F029
:106DF00030301949C872601C0A2190FBF1F201E0A1
:106E00004CE0EFE001FB1200303013490873202002
:106E100048738873C87366B91E48007808741D48A3
:106E2000407848741B48807888741A48C078C874C1
:106E30000CE01948007808490874174840784874ED
:106E40001548807888741448C078C87414210248A2
:106E5000FBF7BFFFC7E0000090B20020C7FDB6AF50
:106E6000B0E5D5FDB3A30000C7FDB6AFB0E5B9CA24
:106E7000D5CF0000B5F4BBF5BCECB2E2D5FDB3A3B1
:106E800000000000B5F4BBF5BCECB2E2B9CAD5CF46
:106E900000000000BA0D0020BF0D00207520F84949
:106EA00008704020487020208870C8700871681CE5
:106EB0000A2190FBF1F03030F1494871681C0A2139
:106EC00090FBF1F201FB12003030ED498871202077
:106ED000C871087248728872601C0A2190FBF1F038
:106EE0003030E749C872601C0A2190FBF1F201FBC7
:106EF00012003030E2490873202048738873C87349
:106F000066B9E04800780874DE4840784874DD4887
:106F100080788874DB48C078C8740CE0DA48007860
:106F2000D7490874D84840784874D748807888741E
:106F3000D548C078C8741421D148FBF74AFF52E005
:106F40007520CF4908705020487020208870C87084
:106F50000871681C0A2190FBF1F03030C849487173
:106F6000681C0A2190FBF1F201FB12003030C44989
:106F700088712020C871087248728872601C0A21CA
:106F800090FBF1F03030BE49C872601C0A2190FBC2
:106F9000F1F201FB12003030B94908732020487328
:106FA0008873C87366B9B74800780874B5484078E4
:106FB0004874B44880788874B248C078C8740CE0CB
:106FC000B1480078AE490874AF4840784874AE487C
:106FD00080788874AC48C078C8741421A848FBF73E
:106FE000F8FE00E000BF00BF01F0F7BC0B2C7DD223
:106FF000DFE804F00658ACF3F2F1F0EFEEEDEC0050
:1070000075209F4908706020487020208870C870E3
:107010000871681C0A2190FBF1F0303098494871E2
:10702000681C0A2190FBF1F201FB120030309449F8
:1070300088712020C871087248728872601C0A2109
:1070400090FBF1F030308E49C872601C0A2190FB31
:10705000F1F201FB12003030894908732020487397
:107060008873C87366B98748007808748548407883
:1070700048748448807888748248C078C8740CE06A
:10708000814800787E4908747F48407848747E487B
:10709000807888747C48C078C87414217848FBF7DD
:1070A00098FE4AE3752076490870702048702020C9
:1070B0008870C8700871681C0A2190FBF1F03030AC
:1070C0006F494871681C0A2190FBF1F201FB120024
:1070D00030306B4988712020C871087248728872FC
:1070E000601C0A2190FBF1F0303000E024E3644999
:1070F000C872601C0A2190FBF1F201FB12003030D3
:107100005F490873202048738873C87366B95D4867
:10711000007808745B48407848745A4880788874CE
:107120005848C078C8740CE057480078544908742F
:107130005548407848745448807888745248C078DC
:10714000C87414214E48FBF744FEF6E275204C4902
:1071500008708020487020208870C8700871681CF2
:107160000A2190FBF1F0303045494871681C0A2132
:1071700090FBF1F201FB1200303041498871202070
:10718000C871087248728872601C0A2190FBF1F085
:1071900030303B49C872601C0A2190FBF1F201FBC0
:1071A0001200303036490873202048738873C87342
:1071B000A6B9344800780874324840784874314899
:1071C000807888742F48C078C87414E062E209E2BD
:1071D000B6E163E110E1BDE06AE011E02A48007821
:1071E000274908742848407848742748807888746C
:1071F0002548C078C87414212148FBF7EAFD9CE2B9
:1072000075201F4908709020487020208870C87031
:107210000871681C0A2190FBF1F030301849487160
:10722000681C0A2190FBF1F201FB12003030144976
:1072300088712020C871087248728872601C0A2107
:1072400090FBF1F030300E49C872601C0A2190FBAF
:10725000F1F201FB12003030094908732020487315
:107260008873C87396B90748007808740548407851
:1072700048740448807888740248C078C87412E062
:1072800090B20020BA0D0020BF0D0020FE4800780B
:10729000FE490874FC4840784874FB48807888743C
:1072A000F948C078C8741421F848FBF792FD44E20D
:1072B0007520F6490870A020487020208870C8709A
:1072C0000871681C0A2190FBF1F03030EF494871D9
:1072D000681C0A2190FBF1F201FB12003030EB49EF
:1072E00088712020C871087248728872601C0A2157
:1072F00090FBF1F03030E549C872601C0A2190FB28
:10730000F1F201FB12003030E0490873202048738D
:107310008873C87366B9DE4800780874DC48407822
:107320004874DB4880788874D948C078C8740CE009
:10733000D5480078D5490874D34840784874D24875
:1073400080788874D048C078C8741421CF48FBF77F
:1073500040FDF2E17520CD490870B0204870202032
:107360008870C8700871681C0A2190FBF1F03030F9
:10737000C6494871681C0A2190FBF1F201FB12001A
:107380003030C24988712020C871087248728872F2
:10739000601C0A2190FBF1F03030BC49C872601CBF
:1073A0000A2190FBF1F201FB12003030B74908735B
:1073B000202048738873C87366B9B548007808748C
:1073C000B34840784874B24880788874B048C07830
:1073D000C8740CE0AC480078AC490874AA484078FE
:1073E0004874A94880788874A748C078C874142164
:1073F000A648FBF7EEFCA0E17520A4490870C02068
:10740000487020208870C8700871681C0A2190FBA1
:10741000F1F030309D494871681C0A2190FBF1F26F
:1074200001FB12003030994988712020C871087220
:1074300048728872601C0A2190FBF1F03030934949
:10744000C872601C0A2190FBF1F201FB120030307F
:107450008E490873202048738873C87366B98C48B6
:10746000007808748A48407848748948807888741D
:107470008748C078C8740CE0834800788349087452
:107480008148407848748048807888747E48C07805
:10749000C87414217D48FBF79CFC4EE175207B49A4
:1074A0000870D020487020208870C8700871681C4F
:1074B0000A2190FBF1F0303074494871681C0A21B0
:1074C00090FBF1F201FB12003030704988712020EE
:1074D000C871087248728872601C0A2190FBF1F032
:1074E00030306A49C872601C0A2190FBF1F201FB3E
:1074F0001200303065490873202048738873C873C0
:1075000066B96348007808746148407848746048F8
:10751000807888745E48C078C8740CE05A48007857
:107520005A49087458484078487457488078887495
:107530005548C078C87414215448FBF74AFCFCE055
:10754000752052490870E020487020208870C8706B
:107550000871681C0A2190FBF1F030304B494871EA
:10756000681C0A2190FBF1F201FB12003030474900
:1075700088712020C871087248728872601C0A21C4
:1075800090FBF1F030304149C872601C0A2190FB39
:10759000F1F201FB120030303C490873202048739F
:1075A0008873C87366B93A480078087438484078D8
:1075B00048743748807888743548C078C8740CE0BF
:1075C00031480078314908742F48407848742E4873
:1075D000807888742C48C078C87414212B48FBF735
:1075E000F8FBAAE0752029490870F0204870202097
:1075F0008870C8700871681C0A2190FBF1F0303067
:1076000022494871681C0A2190FBF1F201FB12002B
:1076100030301E4988712020C87108724872887203
:10762000601C0A2190FBF1F030301849C872601CD0
:107630000A2190FBF1F201FB12003030134908736C
:10764000202048738873C87366B91148007808749D
:107650000F48407848740E48807888740C48C07889
:10766000C8740CE008480078084908740648407857
:1076700048740548807888740348C078C874142119
:107680000248FBF7A6FB58E0BF0D002090B2002097
:10769000BA0D00207620F74908700020487020209D
:1076A0008870C8700871681C0A2190FBF1F03030B6
:1076B000F0494871681C0A2190FBF1F201FB1200AD
:1076C0003030EC4988712020C87108724872887285
:1076D000601C0A2190FBF1F03030E649C872601C52
:1076E0000A2190FBF1F201FB12003030E1490873EE
:1076F000202048738873C87366B9DF48007808741F
:10770000DD4840784874DC4880788874DA48C0786E
:10771000C8740CE0D9480078D6490874D748407836
:107720004874D64880788874D448C078C8741421C6
:10773000D048FBF74EFB00E000BF00BF54E40B2C29
:107740007ED2DFE804F00658ABF2F1F0EFEEEDEC9C
:10775000EB007620C7490870102048702020887000
:10776000C8700871681C0A2190FBF1F03030C149E3
:107770004871681C0A2190FBF1F201FB12003030C5
:10778000BC4988712020C871087248728872601CD8
:107790000A2190FBF1F03030B649C872601C0A2112
:1077A00090FBF1F201FB12003030B2490873202047
:1077B00048738873C87366B9AF4800780874AE48D8
:1077C00040784874AC4880788874AB48C078C874F6
:1077D0000CE0AA480078A7490874A8484078487483
:1077E000A64880788874A548C078C8741421A14838
:1077F000FBF7EFFA49E376209E4908702020487095
:107800008870C8700871681C0A2190FBF1F0303054
:1078100098494871681C0A2190FBF1F201FB1200A3
:107820003030944988712020C8710872487288727B
:10783000601C0A2190FBF1F030308E49C87200E0E4
:1078400022E3601C0A2190FBF1F201FB12003030B0
:1078500088490873202048738873C87366B98648BE
:107860000078087484484078487483488078887425
:107870008148C078C8740CE0804800787D4908745D
:107880007E48407848747D48807888747B48C0780A
:10789000C87414217748FBF79CFAF6E27620754904
:1078A00008703020487020208870C8700871681CEB
:1078B0000A2190FBF1F030306E494871681C0A21B2
:1078C00090FBF1F201FB120030306A4988712020F0
:1078D000C871087248728872601C0A2190FBF1F02E
:1078E00030306449C872601C0A2190FBF1F201FB40
:1078F000120030305F490873202048738873C873C2
:10790000A6B95D48007808745B48407848745A48C6
:10791000807888745848C078C87414E05CE209E242
:10792000B6E163E110E1BDE064E011E053480078A6
:107930005049087451484078487450488078887499
:107940004E48C078C87414214A48FBF742FA9CE2BA
:107950007620484908704020487020208870C87000
:107960000871681C0A2190FBF1F0303041494871E0
:10797000681C0A2190FBF1F201FB120030303D49F6
:1079800088712020C871087248728872601C0A21B0
:1079900090FBF1F030303749C872601C0A2190FB2F
:1079A000F1F201FB12003030324908732020487395
:1079B0008873C87366B93048007808742E484078D8
:1079C00048742D48807888742B48C078C8740CE0BF
:1079D0002A4800782749087428484078487427487E
:1079E000807888742548C078C87414212148FBF732
:1079F000F0F94AE276201F49087050204870202094
:107A00008870C8700871681C0A2190FBF1F0303052
:107A100018494871681C0A2190FBF1F201FB120021
:107A20003030144988712020C871087248728872F9
:107A3000601C0A2190FBF1F030300E49C872601CC6
:107A40000A2190FBF1F201FB120030300949087362
:107A5000202048738873C87396B907480078087463
:107A60000548407848740448807888740248C07893
:107A7000C87412E090B20020BA0D0020BF0D0020A3
:107A8000FE480078FE490874FC4840784874FB487A
:107A900080788874F948C078C8741421F848FBF7D6
:107AA00098F9F2E17620F6490870602048702020AD
:107AB0008870C8700871681C0A2190FBF1F03030A2
:107AC000EF494871681C0A2190FBF1F201FB12009A
:107AD0003030EB4988712020C87108724872887272
:107AE000601C0A2190FBF1F03030E549C872601C3F
:107AF0000A2190FBF1F201FB12003030E0490873DB
:107B0000202048738873C87366B9DE48007808740B
:107B1000DC4840784874DB4880788874D948C0785D
:107B2000C8740CE0D5480078D5490874D34840782B
:107B30004874D24880788874D048C078C8741421BA
:107B4000CF48FBF746F9A0E17620CD4908707020B8
:107B5000487020208870C8700871681C0A2190FB4A
:107B6000F1F03030C6494871681C0A2190FBF1F2EF
:107B700001FB12003030C24988712020C8710872A0
:107B800048728872601C0A2190FBF1F03030BC49C9
:107B9000C872601C0A2190FBF1F201FB1200303028
:107BA000B7490873202048738873C87366B9B5480D
:107BB00000780874B34840784874B2488078887474
:107BC000B048C078C8740CE0AC480078AC49087480
:107BD000AA4840784874A94880788874A748C07833
:107BE000C8741421A648FBF7F4F84EE17620A449A6
:107BF00008708020487020208870C8700871681C48
:107C00000A2190FBF1F030309D494871681C0A212F
:107C100090FBF1F201FB120030309949887120206D
:107C2000C871087248728872601C0A2190FBF1F0DA
:107C300030309349C872601C0A2190FBF1F201FBBD
:107C4000120030308E490873202048738873C8733F
:107C500066B98C48007808748A4840784874894826
:107C6000807888748748C078C8740CE083480078AE
:107C700083490874814840784874804880788874C3
:107C80007E48C078C87414217D48FBF7A2F8FCE058
:107C900076207B4908709020487020208870C8703A
:107CA0000871681C0A2190FBF1F03030744948716A
:107CB000681C0A2190FBF1F201FB12003030704980
:107CC00088712020C871087248728872601C0A216D
:107CD00090FBF1F030306A49C872601C0A2190FBB9
:107CE000F1F201FB1200303065490873202048731F
:107CF0008873C87366B9634800780874614840782F
:107D000048746048807888745E48C078C8740CE015
:107D10005A4800785A490874584840784874574877
:107D2000807888745548C078C87414215448FBF78B
:107D300050F8AAE0762052490870A0204870202010
:107D40008870C8700871681C0A2190FBF1F030300F
:107D50004B494871681C0A2190FBF1F201FB1200AB
:107D60003030474988712020C87108724872887283
:107D7000601C0A2190FBF1F030304149C872601C50
:107D80000A2190FBF1F201FB120030303C490873EC
:107D9000202048738873C87366B93A48007808741D
:107DA0003848407848743748807888743548C078B7
:107DB000C8740CE031480078314908742F48407885
:107DC00048742E48807888742C48C078C874142170
:107DD0002B48FAF7FEFF58E0762029490870B020BA
:107DE000487020208870C8700871681C0A2190FBB8
:107DF000F1F0303022494871681C0A2190FBF1F201
:107E000001FB120030301E4988712020C8710872B1
:107E100048728872601C0A2190FBF1F030301849DA
:107E2000C872601C0A2190FBF1F201FB1200303095
:107E300013490873202048738873C87366B91148C2
:107E4000007808740F48407848740E488078887429
:107E50000C48C078C8740CE00848007808490874D9
:107E60000648407848740548807888740348C0788C
:107E7000C87414210248FAF7ACFF06E0BF0D0020D9
:107E800090B20020BA0D002000BF00BF56E40B2CBA
:107E90007ED2DFE804F00658ACF3F2F1F0EFEEED3D
:107EA000EC007620FA490870C020487020208870C5
:107EB000C8700871681C0A2190FBF1F03030F44959
:107EC0004871681C0A2190FBF1F201FB120030306E
:107ED000EF4988712020C871087248728872601C4E
:107EE0000A2190FBF1F03030E949C872601C0A2188
:107EF00090FBF1F201FB12003030E54908732020BD
:107F000048738873C87366B9E24800780874E1481A
:107F100040784874DF4880788874DE48C078C87438
:107F20000CE0DD480078DA490874DB484078487492
:107F3000D94880788874D848C078C8741421D44847
:107F4000FAF747FF44E37620D1490870D020487003
:107F500020208870C8700871681C0A2190FBF1F01D
:107F60003030CB494871681C0A2190FBF1F201FBCB
:107F700012003030C64988712020C87108724872DA
:107F80008872601C0A2190FBF1F03030C04900E09B
:107F90001DE3C872601C0A2190FBF1F201FB120084
:107FA0003030BB490873202048738873C87366B9A2
:107FB000B84800780874B74840784874B548807865
:107FC0008874B448C078C8740CE0B3480078B049ED
:107FD0000874B14840784874AF4880788874AE48D7
:107FE000C078C8741421AA48FAF7F3FEF0E27620AC
:107FF000A7490870E020487020208870C870087178
:10800000681C0A2190FBF1F03030A1494871681CCE
:108010000A2190FBF1F201FB120030309C4988717B
:108020002020C871087248728872601C0A2190FB77
:10803000F1F030309649C872601C0A2190FBF1F2D1
:1080400001FB120030309249087320204873887376
:10805000C873A6B98F48007808748E484078487471
:108060008C48807888748B48C078C87414E05CE2CF
:1080700009E2B6E163E111E1B7E064E011E08648AE
:10808000007883490874844840784874824880782E
:1080900088748148C078C87414217D48FAF799FE25
:1080A00096E276207A490870F02048702020887087
:1080B000C8700871681C0A2190FBF1F030307449D7
:1080C0004871681C0A2190FBF1F201FB120030306C
:1080D0006F4988712020C871087248728872601CCC
:1080E0000A2190FBF1F030306949C872601C0A2106
:1080F00090FBF1F201FB120030306549087320203B
:1081000048738873C87366B9624800780874614818
:10811000407848745F48807888745E48C078C87436
:108120000CE05D4800785A4908745B484078487410
:108130005948807888745848C078C87414215448C5
:10814000FAF747FE44E27720514908700020487052
:1081500020208870C8700871681C0A2190FBF1F01B
:1081600030304B494871681C0A2190FBF1F201FB49
:1081700012003030464988712020C8710872487258
:108180008872601C0A2190FBF1F030304049C872BF
:10819000601C0A2190FBF1F201FB120030303C49D7
:1081A0000873202048738873C87366B9394800780B
:1081B0000874384840784874364880788874354860
:1081C000C078C8740CE034480078314908743248EB
:1081D000407848743048807888742F48C078C874D4
:1081E00014212B48FAF7F5FDF2E1772028490870B1
:1081F0001020487020208870C8700871681C0A21FF
:1082000090FBF1F0303022494871681C0A2190FB44
:10821000F1F201FB120030301D4988712020C87135
:10822000087248728872601C0A2190FBF1F03030AD
:108230001749C872601C0A2190FBF1F201FB120081
:10824000303013490873202048738873C87366B9A7
:108250001048007808740F48407848740D488078BA
:1082600088740C48C078C8740CE00B480078084942
:10827000087409484078487407488078887406482C
:10828000C078C87414210248FAF7A3FDA0E10000E9
:1082900090B20020BA0D0020BF0D00207720FA49CF
:1082A0000870202048708870C8700871681C0A2106
:1082B00090FBF1F03030F4494871681C0A2190FBC2
:1082C000F1F201FB12003030EF4988712020C871B3
:1082D000087248728872601C0A2190FBF1F03030FD
:1082E000E949C872601C0A2190FBF1F201FB1200FF
:1082F0003030E5490873202048738873C87366B925
:10830000E24800780874E14840784874DF48807893
:108310008874DE48C078C8740CE0DD480078DA491B
:108320000874DB4840784874D94880788874D84805
:10833000C078C8741421D448FAF74BFD48E177207F
:10834000D14908703020487020208870C8700871AA
:10835000681C0A2190FBF1F03030CB494871681C51
:108360000A2190FBF1F201FB12003030C6498871FE
:108370002020C871087248728872601C0A2190FB24
:10838000F1F03030C049C872601C0A2190FBF1F254
:1083900001FB12003030BC490873202048738873F9
:1083A000C87366B9B94800780874B848407848740A
:1083B000B64880788874B548C078C8740CE0B44872
:1083C0000078B1490874B24840784874B048807861
:1083D0008874AF48C078C8741421AB48FAF7F9FC28
:1083E000F6E07720A8490870402048702020887067
:1083F000C8700871681C0A2190FBF1F03030A24966
:108400004871681C0A2190FBF1F201FB1200303028
:108410009D4988712020C871087248728872601C5A
:108420000A2190FBF1F030309749C872601C0A2194
:1084300090FBF1F201FB12003030934908732020C9
:1084400048738873C87366B99048007808748F4879
:10845000407848748D48807888748C48C078C87497
:108460000CE08B4800788849087489484078487443
:108470008748807888748648C078C87414218248F8
:10848000FAF7A7FCA4E077207F49087050204870D5
:1084900020208870C8700871681C0A2190FBF1F0D8
:1084A000303079494871681C0A2190FBF1F201FBD8
:1084B00012003030744988712020C87108724872E7
:1084C0008872601C0A2190FBF1F030306E49C8724E
:1084D000601C0A2190FBF1F201FB120030306A4966
:1084E0000873202048738873C87366B9674800789A
:1084F0000874664840784874644880788874634893
:10850000C078C8740CE0624800785F49087460481D
:10851000407848745E48807888745D48C078C87434
:1085200014215948FAF755FC52E077205649087053
:108530006020487020208870C8700871681C0A216B
:1085400090FBF1F0303050494871681C0A2190FBD3
:10855000F1F201FB120030304B4988712020C871C4
:10856000087248728872601C0A2190FBF1F030306A
:108570004549C872601C0A2190FBF1F201FB120010
:10858000303041490873202048738873C87366B936
:108590003E48007808743D48407848743B488078ED
:1085A00088743A48C078C8740CE039480078364975
:1085B000087437484078487435488078887434485F
:1085C000C078C87414213048FAF703FC00E000BFFB
:1085D00000BF02E2062C7DD2DFE804F0035CB0F2BB
:1085E000F1F07720284908707020487020208870AA
:1085F000C8700871681C0A2190FBF1F030302249E4
:108600004871681C0A2190FBF1F201FB1200303026
:108610001D4988712020C871087248728872601CD8
:108620000A2190FBF1F030301749C872601C0A2112
:1086300090FBF1F201FB1200303013490873202047
:1086400048738873C87366B91048007808740F4877
:10865000407848740D48807888740C48C078C87495
:108660000CE00B48007808490874094840784874C1
:108670000748807888740648C078C8741421024876
:10868000FAF7A7FBA6E1000090B20020BA0D002087
:10869000BF0D00207720D24908708020487020202C
:1086A0008870C8700871681C0A2190FBF1F03030A6
:1086B000CB494871681C0A2190FBF1F201FB1200C2
:1086C0003030C74988712020C8710872487288729A
:1086D000601C00E07DE10A2190FBF1F03030C049E0
:1086E000C872601C0A2190FBF1F201FB12003030CD
:1086F000BB490873202048738873C87366B9B948AA
:1087000000780874B74840784874B6488078887410
:10871000B448C078C8740CE0B3480078B049087415
:10872000B14840784874B04880788874AE48C078C2
:10873000C8741421AA48FAF74CFB4BE17720A849EA
:1087400008709020487020208870C8700871681CDC
:108750000A2190FBF1F03030A1494871681C0A21D0
:1087600090FBF1F201FB120030309D49887120200E
:10877000C871087248728872601C0A2190FBF1F07F
:1087800030309749C872601C0A2190FBF1F201FB5E
:108790001200303092490873202048738873C873E0
:1087A0007EB99048007808748E48407848748D48A7
:1087B000807888748B48C078C8740FE0B7E064E0B4
:1087C00011E08948007886490874874840784874E1
:1087D0008548807888748448C078C874142180489B
:1087E000FAF7F7FAF6E077207D490870A020487084
:1087F00020208870C8700871681C0A2190FBF1F075
:10880000303077494871681C0A2190FBF1F201FB76
:1088100012003030724988712020C8710872487285
:108820008872601C0A2190FBF1F030306C49C872EC
:10883000601C0A2190FBF1F201FB12003030684904
:108840000873202048738873C87366B96548007838
:108850000874644840784874624880788874614835
:10886000C078C8740CE0604800785D4908745E48C0
:10887000407848745C48807888745B48C078C874D5
:1088800014215748FAF7A5FAA4E077205449087054
:10889000B020487020208870C8700871681C0A21B8
:1088A00090FBF1F030304E494871681C0A2190FB72
:1088B000F1F201FB12003030494988712020C87163
:1088C000087248728872601C0A2190FBF1F0303007
:1088D0004349C872601C0A2190FBF1F201FB1200AF
:1088E00030303F490873202048738873C87366B9D5
:1088F0003C48007808743B48407848743948807890
:1089000088743848C078C8740CE037480078344917
:108910000874354840784874334880788874324801
:10892000C078C87414212E48FAF753FA52E0772021
:108930002B490870C020487020208870C8700871CA
:10894000681C0A2190FBF1F0303025494871681C01
:108950000A2190FBF1F201FB1200303020498871AE
:108960002020C871087248728872601C0A2190FB2E
:10897000F1F030301A49C872601C0A2190FBF1F204
:1089800001FB1200303016490873202048738873A9
:10899000C87366B913480078087412484078487460
:1089A0001048807888740F48C078C8740CE00E486E
:1089B00000780B4908740C48407848740A4880785D
:1089C00088740948C078C87414210548FAF701FA78
:1089D00000E000BF00BF00E000BF00BF70BD0000AE
:1089E00090B20020BA0D0020BF0D0020704770B576
:1089F000064600F015FC056806F10B0020F00704A0
:108A0000B4429CBF002070BD2B466A68BAB11068A2
:108A1000A04210D304F1080188423CBF506858605E
:108A200007D35168101941601168091B0160586033
:108A30001460101D70BD13465268002AE7D121460C
:108A4000284600F0F9FB0028DED170BD70B5044661
:108A5000051F00F0E5FB0068002C14BF446870BDE2
:108A6000002C18BFAC423CBF20466468F8D30168B4
:108A70000A18AA4218BF456003D12A680546114466
:108A8000016028684119A1421CBF6C6070BD61681B
:108A9000696021680844286070BD70B50D460646BF
:108AA000041F00F0BDFBD0F800C0C5B1E6B105F170
:108AB0000B0020F00703AB423CBF002070BD2068D4
:108AC000984238BFDCF8042013D3C11A08292FD3E9
:108AD000E01840F8041B2360FFF7B8FF28E0304699
:108AE000FFF7B4FF002070BD2846BDE87040FFF7D7
:108AF0007EBF002A18BFA2423CBF94465268F8D3FA
:108B00000119914216D111680844984212D3C11A32
:108B100008293CBF2060506808D35168E0184160C4
:108B2000216812681144C91A01602360CCF804005E
:108B3000201D70BD181FFFF75AFF050007D02168E0
:108B40000A1F211D00F0A4FA201DFFF77FFF284611
:108B500070BD10B5044600F05BFB0068005DC00608
:108B600002D504F1200010BD204610BD0FB4044909
:108B700010B503AA029800F043FE10BC5DF814FB88
:108B8000580000200FB41CB5084B06AA7B44694668
:108B90000090059800F005FE04460020694600F0AC
:108BA00013FE20461CBC5DF814FB0000390C0000CD
:108BB00070B5044685690068C10601D5302600E01D
:108BC0002026C00707D070BDD4E901213046904768
:108BD000206A401C20626D1EF6D570BD70B504463B
:108BE00085690078C00707D170BDD4E90121202034
:108BF0009047206A401C20626D1EF6D570BD70B58E
:108C00000C460546012A05D02878800600D5EA6979
:108C1000002302E0012305E05B1C934202D2E05CEA
:108C20000028F9D1A869E618C01AA861286A184472
:108C300028622846FFF7BCFF04E0D5E9012114F8BB
:108C4000010B9047B442F8D32846FFF7C7FF70BD29
:108C50002DE9F0410646002410687529314616A515
:108C600010D0AFF30080002802DA404213A507E0DD
:108C700031688A0701D512A502E0490704D511A57C
:108C8000012401E0AFF3008000210A2206F124074D
:108C900009E0B0FBF2FCB0FBF2F302FB1C00303049
:108CA00078541846491C0028F3D123462A463046FA
:108CB000BDE8F04100F00ABB000000002D000000FC
:108CC0002B0000002000000070B504460D46214630
:108CD0001068AFF300802188090502D50F4A7A4455
:108CE00002E00E4A7A440E32002104F1240305E02A
:108CF00000F00F060009965D5E54491C0028F7D16C
:108D000020780023000704D5702D02D009B102237A
:108D100011322046BDE8704000F0D8BA4AAA0000DF
:108D20002DE9F05F894604464FF0000ADFF824B1D0
:108D3000FB44C0F820A02046E168884700287DD089
:108D4000252806D0D4E901219047206A401C2062E2
:108D5000F1E700255F462046E1688847202806465F
:108D600007DB312E05D2B81910F8200C08B10543E5
:108D7000F1E7A80701D525F00405C4F81CA00027D9
:108D8000C4F818A02A2E09D0304602F0DAFA38B317
:108D900004EB8708303EC8F8186019E059F8041B46
:108DA000204604EB87029161E1688847012F06465F
:108DB00018D1E069002820DA25F020051DE0D8F858
:108DC000180000EB800006EB40003038C8F81800AF
:108DD0002046E1688847064602F0B3FA0028EED143
:108DE000012F0AD02E2E08D12046E16888477F1C2B
:108DF0000646022F45F02005C4DBA069002803DAEF
:108E0000404245F00105A061E80701D025F01005BA
:108E1000A6B1A6F14100192802D8203645F4006514
:108E20004A463146204625604D46E7F7DFF960B1F6
:108E3000012807D0ED1D25F0070000E007E000F154
:108E4000080978E705F1040975E730467AE7206AF2
:108E5000BDE8F09F20AA00000FB400B58DB010A9A6
:108E6000099000910B904FF0FF300A9000200C9079
:108E7000064878440690064878446A4607900F9959
:108E800009A800F027FF0DB05DF814FB7F0E00006D
:108E9000970E000070B5064600F0C6F90468054656
:108EA00030460A22002100F095FF2C6070BD30B5DD
:108EB00005460B462A4613F8014B12F8010B08B180
:108EC000A042F8D01CB1002802D06D1CF1E7284662
:108ED00030BD40EA0103024630B59B0710D14FF088
:108EE000013400E008C208C91D1B9D4315EAC41FD8
:108EF000F8D013F0FF0102F8011B0DD01B0AF8E7B0
:108F000011F8013B002B02F8013B05D011F8013BA1
:108F1000002B02F8013BF3D130BD10B5431C02E039
:108F200010F8011B71B18107FAD14FF0013202C86C
:108F30008C1A8C4314EAC211F9D0C01A0A0603D065
:108F4000C01E10BDC01A10BD0A0401D0801E10BD85
:108F50000902FCD0401E10BD40EA010370B59B071A
:108F60002ED14FF00136042A2AD308C810C99D1B00
:108F70009D43121F15EAC61517D0D8B2E1B2401AA8
:108F800050EA056110D198B2A1B2401A50EA0541E9
:108F90000AD123F07F4024F07F41401A50EA052196
:108FA00002D1180EA0EB146070BDA342DBD018BA3A
:108FB00021BA884201D9012070BD4FF0FF3070BD49
:108FC0000AB9002070BD10F8013B11F8014B63B1E4
:108FD000A3420AD1521E08D010F8013B11F8014BF0
:108FE0001BB1A34201D1521EEDD1181B70BD421E10
:108FF00012F8013F002BFBD111F8013B002B02F8C6
:10900000013BF9D17047032A40F2308010F0030C85
:1090100000F0158011F8013BBCF1020F624498BFCB
:1090200011F801CB00F8013B38BF11F8013BA2F168
:10903000040298BF00F801CB38BF00F8013B11F0E3
:10904000030300F02580083AC0F0088051F8043B83
:10905000083A51F804CBA0E80810F5E7121D5CBFF0
:1090600051F8043B40F8043BAFF30080D20724BF23
:1090700011F8013B11F801CB48BF11F8012B24BFB7
:1090800000F8013B00F801CB48BF00F8012B704706
:1090900010B5203AC0F00B80B1E81850203AA0E893
:1090A0001850B1E81850A0E81850BFF4F5AF5FEAC7
:1090B000027C24BFB1E81850A0E8185044BF18C97A
:1090C00018C0BDE810405FEA827C24BF51F8043B21
:1090D00040F8043B08BF7047D20728BF31F8023B75
:1090E00048BF11F8012B28BF20F8023B48BF00F809
:1090F000012B70474FF000020429C0F0128010F0DD
:10910000030C00F01B80CCF1040CBCF1020F18BF63
:1091100000F8012BA8BF20F8022BA1EB0C0100F0F6
:109120000DB85FEAC17C24BF00F8012B00F8012BC9
:1091300048BF00F8012B70474FF0000200B51346FE
:1091400094469646203922BFA0E80C50A0E80C5067
:10915000B1F12001BFF4F7AF090728BFA0E80C5018
:1091600048BF0CC05DF804EB890028BF40F8042B11
:1091700008BF704748BF20F8022B11F0804F18BF7E
:1091800000F8012B704700004FF0013C50F8042B11
:1091900051F8043B9A4221D1A2EB0C03934313EA0A
:1091A000CC1317D150F8042B51F8043B9A4215D137
:1091B000A2EB0C03934313EACC130BD150F8042B0E
:1091C00051F8043B9A4209D1A2EB0C03934313EAF2
:1091D000CC13DBD04FF00000704700BFD01A01BAAB
:1091E000B1FA81F101F0180122FA01F0CB40C1F18E
:1091F0002001DBB2C0B2C01A2CFA01F3D11A91439C
:1092000011EAC311E6D17047704770477047704745
:1092100010B500F01BFE001D10BD00BF1D22000098
:109220000048704798B300200048704790B3002072
:10923000704770477047704738B504460A460020AB
:109240006946AFF30080002808BF38BD0246009988
:10925000204600F0FFFD012038BD012001F01EB9BD
:10926000F8B5AFF30080054600200C46102000BF83
:109270000646A819A0420DD9324669460020AFF330
:109280000080070008BF01F009F90098A04218BF4C
:109290000546C419FFF7C4FF05600746F01D20F01E
:1092A00007004619284600F00AF8B44208BFF8BD86
:1092B000A21B31463868BDE8F84000F0CBBD002164
:1092C0000160C0E901107047102070472DE9F04798
:1092D0000D4699469246044600F124080168880626
:1092E00004D5E06921F01001216000E00120A842CE
:1092F00001DD471B00E00027A1697A1902EB090094
:10930000081AA0612078C00602D42046FFF750FC5E
:10931000002608E0D4E901211AF806009047206AE7
:10932000401C761C20624E45F4DB2078C0060AD52E
:109330002046FFF73DFC06E0D4E9012130209047AC
:10934000206A401C2062381EA7F10107F4DC07E008
:10935000D4E9012118F805009047206A401C2062DA
:10936000281EA5F10105F3DC2046FFF737FC207825
:10937000000602D50220BDE8F0870120FBE7704718
:109380002DE9FF4F0C461E464FF0FF378BB0D2E958
:109390000001DDF860800A908A46C1F30A5505B9DC
:1093A0003D46002108464FF00000BAF1000F00F4DE
:1093B000400005DA00EB80004FF4400101EA500064
:1093C0004FEA9059B9F1010F00DDB9460A9850EA09
:1093D0004A000ED044F61050A5F2FF3545432F1435
:1093E000B8F1000F1ED07542291E1EDDC9F1000222
:1093F0001CE0B8F1010F4FF0000001D0302103E074
:10940000F24305E02154401CB042FBDB3046002211
:10941000002121540B99C1F80880C1E900200FB048
:10942000BDE8F08FBD1B6D1CDEE74A4600DA6942DD
:1094300006A800F0C1FF06AB93E8070003AB83E882
:10944000070050460A9901F0F5FA8DE80700A0F5EB
:1094500000501F3800900398002D09DD42F21F01D3
:109460004A46084403A90390684601F07EFD08E0DF
:10947000A0F500504A461F3803A90390684601F042
:109480009CFD8DE807000004000C03D04FF0FF3076
:10949000410800E01046B8F1000F03D0002200920E
:1094A00015461EE0751E05D400F0EEFC3032625504
:1094B0006D1EF9D5B3460122084302D000227F1C5D
:1094C00004E02078302801D100227F1E002A09976D
:1094D00086D01DE0112D07DA00F0D6FC303262553F
:1094E0006D1C50EA0102F5D1084302D00098C8B1C2
:1094F0000EE00021681E05E0235C625C6354225488
:10950000401E491C8142F7DBAB46A81B401E099058
:10951000002004F80B000B98099AC0F80880C0E9F5
:10952000002B7CE711264FF0000859E72DE9F04F9A
:1095300088460446D21D22F0070191B0D1E900010E
:10954000CDE90A0101F083FE02460B98C00F01D05D
:109550002D2007E02068810701D52B2002E0202183
:1095600001EAC000032A099001D0072A05DB03465F
:109570004146204600F0D6FC0BE12078800601D55C
:10958000E06900E00620B8F1650F814606D0B8F129
:10959000660F18D0B8F1670F70D131E00020B9F133
:1095A000110F009001DB112301E009F101030AAA68
:1095B00001A90CA8FFF7E4FEDDE90C70002609F113
:1095C0000105834647E001204B4600904FF00047DD
:1095D0000AAA01A90CA8FFF7D3FEDDE90DB00C998A
:1095E0005D46002610B909F101000D18B9EB050020
:1095F00003D4C0F1FF3609F10105A5EB09002BE00A
:10960000B9F1010F01DA4FF001090020B9F1110F92
:109610000090484601DD112300E003460AAA01A993
:109620000CA8FFF7ADFEDDE90C704D460026834621
:10963000207800070AD4AB4500DA5D4601A8012D69
:1096400004DD411911F8011C302907D04F4502DA19
:1096500017F1040F04DA012082460FE06D1EEEE7D9
:10966000002F02DCED1B3E4403E0781CA84200DD25
:109670007D1CB81B00F1010A4FF00047207800075D
:1096800003D4AA4501DB4FF0FF3A0021B7F1004FA8
:109690000DF143088DF8431024D002202B23002F16
:1096A00001DA7F422D230A21021EA0F1010000DC15
:1096B0005FB197FBF1FC97FBF1F201FB1C7C1746B5
:1096C0000CF1300C08F801CDEEE7A8F101000370B1
:1096D0002188090501D5452100E06521A0F1010897
:1096E00000F8011C09980FA9A1EB0807FF1D00B1A4
:1096F0000120411901EBEA70A1693844081A401EA3
:10970000A0612078C00602D42046FFF751FA0998DC
:1097100028B1D4E901219047206A401C20622078BA
:10972000C00622D52046FFF743FA1EE0002E04DBD8
:10973000B34502DD01A8805D00E03020D4E90121BD
:109740009047206A401C2062761CAAF101005FEA63
:10975000000A0AD100F07AFBC0680168405CD4E9D5
:1097600001219047206A401C2062281EA5F10105B6
:10977000DCDC07E0D4E9012118F8010B9047206AEE
:10978000401C2062381EA7F10107F3DC2046FFF7DA
:1097900025FA032011B043E601694A1C02610878EA
:1097A000704700B58FB0CDE9013100210591054921
:1097B0007944CDE9031011466846FFF7B1FA0FB0BE
:1097C00000BD0000E5FFFFFF0A6802F8010B0A6018
:1097D000704710B5436913B1AFF3008001E0FFF7A4
:1097E0000EFA012010BD127800F124010A70002247
:1097F0004A700122EDE711684FF0FF32E9E70000FF
:10980000074B70B50D467B44FFF7CBFF0446284657
:1098100000F040FE10B14FF0FF3070BD204670BD2B
:1098200005A0FEFF2DE9FF4F064689B00878FF2806
:1098300006D0491C2D2805D000244FF0000908E06F
:1098400000200CE00124F8E709EB8903491C00EB38
:1098500043090878FF28F7D114B1C9F10000814607
:10986000107800252C46AA4629462D2801D02B2801
:1098700004D1521C2D2813D0002082468B4610782C
:10988000FF280FD04FF0000C0A21521CA5FB0178D5
:1098900004FB018105FB0C11C5194BEB0104EEE73C
:1098A0000120EAE7002108464FF00000BAF1000F5E
:1098B00002D000EB80004008C0F38158B8F1010FDE
:1098C00001DD4FF0FF380C9809EB000755EA040062
:1098D00009D04FF0020917F5FA7F0BDA4FEACA7088
:1098E000C6E900B012E04FEACA70C6E900B00DB098
:1098F000BDE8F08FB7F5FA7F0DDDF0487844D0E988
:109900000010C6E9001040EACA707060FFF78CFCD6
:10991000C0F80090EBE7391E02DAC8F1000200E05F
:10992000424600DA794206A800F046FD06AB93E80D
:10993000070003AB83E8070044F23E005BEA040142
:109940000090584604D144F21E012C465D46009119
:10995000210C0904014306D10099240444EA15446A
:109960002D041039009104F07F41014306D1009984
:10997000240244EA15642D020839009104F0704174
:10998000014306D10099240144EA15742D01091FF1
:10999000009104F04041014306D10099A40044EA3B
:1099A0009574AD00891E009104F00041084304D174
:1099B00000986D196441401E009042466846002F91
:1099C000CDE9014503A902DD01F00BFB01E001F047
:1099D000E0FABAF1000F04460D4601D084F00044CD
:1099E00040F2FF7724F00040284303D0C4F30A502C
:1099F000B84212D1FFF718FCC0F80090C4F30A5027
:109A0000B8420AD1AE487844D0E90010C6E9001047
:109A100004F000410843706069E7C6E9005466E756
:109A20002DE9FF4F1F464FF0000A4FF0FF38454623
:109A300091B0D7E90146CDF83CA000F007FAC06824
:109A40000168405C1090B96912986D1C8847396AAA
:109A5000814688470028F6D1B9F1FF3F0AD0002E91
:109A600024F4D06411DDB9F12B0F08D0B9F12D0F1A
:109A70000BD102E0404615B03AE744F48064B9697E
:109A800012986D1C8847761E8146600504A901D591
:109A90002D2000E02B20002E01F1010B0DF13008EC
:109AA0008DF810003FDDB9F1690F08D0B9F1490F09
:109AB00005D0B9F16E0F02D0B9F14E0F1CD13B4663
:109AC00001A8009580E85002DDE912126FF0020053
:109AD00002F079FBC11CCED10EE0B96912986D1C61
:109AE000884781461398761E44F4007405600F98E9
:109AF000401C002E0F9016DDB9F1300FEDD0B9F1FA
:109B0000780F02D0B9F1580F0DD10F9801280AD162
:109B10003B46CDE90054DDE91212001F029602F027
:109B200050FBC11CA7D1109989453ED144F0800457
:109B300006E01399681CAAF1010A44F40074086055
:109B4000B9696D1C1298761E884730288146F0D07E
:109B50002BE01099894505D1200603D4761E44F0E8
:109B6000800418E0484601F0ECFB08B3761E0DF1C6
:109B700023018B4544F4007408D2A9F130000BF89E
:109B8000010B200607D5AAF1010003E0200602D44C
:109B90000AF101008246A00502D51399681C0860ED
:109BA000B96912986D1C88478146002ED1DC53E0BC
:109BB000002E51DDB9F1650F02D0B9F1450F4BD13F
:109BC000A00549D5B9696D1C1298761E24F440741D
:109BD0008847002E81460CDD2B2804D0B9F12D0FCB
:109BE00007D144F48074B96912986D1C8847761EB9
:109BF0008146E00501D52D2100E02B2108F8011B4D
:109C0000CDF8008021E0761E0DF13901884544F43D
:109C100000740CD2A9F1300010F0FF0088F80000A9
:109C200002D10099884509D908F1010806E0E0054C
:109C300001D5244801E042F20F708246B9691298BA
:109C40006D1C8847814613980560002E04DD484648
:109C500001F077FB0028D6D1F96912988847FF20D8
:109C600053468BF8000088F8000000200A900B9003
:109C700004AA0CA90AA8FFF7D5FDA00502D46FF02D
:109C80000100F8E614F0240F0AD0E00714D1386878
:109C9000DDE90A12031D3B600068C0E900120BE019
:109CA0000AA9684601F0F6FAE00705D13868009A7B
:109CB000011D3960006802602846DCE6E49F000070
:109CC000DA9E0000F1D8FFFF0268114413780160AA
:109CD00018467047D1600549794451610449794477
:109CE000116200211161114600F05CB9EDFFFFFF28
:109CF00031020000426842B1016811F8013B23B112
:109D0000521EC0E90012184670470121C160881E2A
:109D1000704742685AB1C368016843B983688B428F
:109D200005D0491E521CC0E90012002070474FF0B8
:109D3000FF3070470FB4002300B589B00CA9009123
:109D40000B99CB60204B7B440693204B7B440793BD
:109D500004236FF00042CDE901321D4A7A446B467C
:109D600008920246002002F02AFA09B05DF814FBBE
:109D700070B506464FF0FF3015460C46324686B0A9
:109D80000091CDE9010169460020049004A8FFF785
:109D9000D1FF03460498211825B108B10A4600E016
:109DA00022462A6000280DD0002B02DD0098884250
:109DB00008D03246081B69460094CDE9010404A886
:109DC000FFF7B8FF06B070BDABFFFFFFC3FFFFFF9B
:109DD000B30100002DE9F04791460F468046044646
:109DE000002614F8015B2DB1FFF712FA0068405D00
:109DF000C007F6D12B2D02D02D2D18D0641E4A4657
:109E00003946204600F088FA27B13968A14201D1CD
:109E1000C7F800804FF0020471050BD540420028BE
:109E200003DDFFF701FA0460A007BDE8F08746F400
:109E30008066E4E70028F8DAFFF7F6F904606FF0CF
:109E40000040F2E70048704790B300200048704798
:109E5000B0B30020034640688C46002818BF8842F3
:109E60003CBF03464068F8D318681844884207D0BE
:109E70000CF1030020F00700001D411A521A0146A0
:109E8000081D0A60FEF7E2BD30B5B0F10A024FEAE4
:109E9000900E71F100034EEA817EB0EB0E0061EB93
:109EA00091014FEA101E4EEA017E10EB0E0041EBCD
:109EB00011114FEA102E4EEA016E10EB0E0041EB2D
:109EC00011214FEA104E4EEA014E10EB0E0041EB0D
:109ED0001141401841F100014FEAD00040EA4170C1
:109EE0004FEAD10110EB80054FEA810444EA9074F7
:109EF00044EB01046D1944EB0404521BA3414FF0E1
:109F0000000348BF0A3200D530BD401C41F10001BA
:109F100030BD10B50446FFF77BF90068005D00F026
:109F2000010010BD2DE9F0411F46044603260168DB
:109F3000072A01F4006004DB08B116A505E016A5A8
:109F400003E008B115A500E015A521F01000206080
:109F5000A069C01EA0610FB1401EA0612046FEF79F
:109F600027FE4FB1D4E9012138469047206A401CB2
:109F70002062C01C206206E0206AFAE7D4E90121D1
:109F800015F8010B9047761EF8D22046FEF726FE04
:109F9000BDE8F0814E414E006E616E00494E4600B4
:109FA000696E66002DE9F34F4FF0000A0C465646E5
:109FB0008DB001200C9001F10C000B9062690B98A0
:109FC0000121904705002DD0252D2CD0216A8847EE
:109FD000C0B162690B9801219047216A8847002827
:109FE000F7D16269411E0B98904700E0761CA16989
:109FF0000D988847216A88470028F7D1E1690D98B4
:10A000008847DBE7A1690D988847A842074601D138
:10A01000761CD3E7E1690D9888477F1C02D1BAF11D
:10A02000000F6FD06BE162690B9800273D463946FF
:10A0300090472A2804D162690B9801219047012595
:10A04000DFF8D08262690B9801219047A0F13001BE
:10A050000A290AD24745E5DC07EB870100EB4107F7
:10A06000303FDFD445F01005ECE7E90601D46FF08E
:10A0700000476C280AD04C2814D0682815D06A28CC
:10A080000DD074281CD07A281AD01DE062690B9874
:10A09000012190476C2802D045F0040514E045F0FA
:10A0A00002050DE045F020050AE062690B980121E8
:10A0B0009047682802D045F0080505E045F40065A2
:10A0C00062690B9801219047C4E9015765283DD08A
:10A0D00019DC58287AD00CDC452837D004DC252838
:10A0E00026D041289ED131E046282FD0472899D14B
:10A0F0002CE05B2877D0612828D063287CD06428A6
:10A1000023D15AE0F6E06F2848D008DC66281DD03D
:10A1100067281BD0692821D06E2816D127E0702827
:10A1200045D0732868D0752847D078280DD14DE0E8
:10A13000A1690D988847252805463FF469AFE16974
:10A140000D9888476D1C3FF46AAFD8E00D992346FF
:10A150006A466FF0010002F032F8C5E045F04000B9
:10A1600023464FF000026060A80736D43EE0E807BF
:10A170007FF447AF2068011D21600068290501D5E3
:10A1800006701BE7290701D5068017E7A90703D545
:10A19000F117C0E9006111E706600FE745F04000E4
:10A1A00023464FF008026060A80716D41EE040F670
:10A1B0000E0125EA0100606016E045F040002346EC
:10A1C0004FF00A026060A80707D40FE045F0400096
:10A1D0006060A80708D5234610220D996FF0010092
:10A1E000AFF3008080E007E0102223460D996FF066
:10A1F0000100AFF3008077E04FF0000963284F467D
:10A20000C8464B46CB4602D05B2806D038E0E8066D
:10A2100001D40120A060012732E06269D4F80CB0BB
:10A220000B98012190475E2807D14FF0010949465C
:10A230006269D4F80CB00B989047216939B90021B4
:10A240000A4603AB43F82120491C0829FADBD8B39E
:10A25000216949B308F1010862690B98012190470F
:10A260005D28F4D1B9F1000F09D0002003A951F8FD
:10A270002020D24341F82020401C0828F7DB03AB04
:10A280002069002820794FEA40701ED05B462246A4
:10A29000CDF80080CDE901970D9900286FF00100FD
:10A2A00020DAAFF300801FE0C11703AA00EBD161F1
:10A2B0004B1121F01F0102EB8302411A13680120A8
:10A2C000884003431360C7E719E00D992246002830
:10A2D0006FF00100009702DAAFF3008004E0AFF303
:10A2E000008001E0AFF3008000280ADA401C06D1AC
:10A2F0000C9820B14FF0FF300FB0BDE8F08F504602
:10A30000FAE7E90701D10AF1010A064400200C909E
:10A3100054E60000CCCCCC0C2DE9F05F824615460B
:10A320008B4600270AF10104B9460078302801D095
:10A330009DB113E014F8010B0127782803D05828A9
:10A3400001D045B10AE00DB1102D07D1002714F856
:10A35000010B102502E0082500E00A250026B04682
:10A360000EE005FB080005FB06F101271FFA80F847
:10A3700001EB1046B6F5803F00D3B94614F8010B47
:10A38000294600F0C2F80028EBDABBF1000F05D037
:10A390000FB1641E00E05446CBF80040B9F1000F45
:10A3A00006D0FEF741FF02210160C81EBDE8F09F04
:10A3B00048EA0640FAE700002DE9F04781461646D4
:10A3C0008AB0334878440DC88DE80D003048784491
:10A3D000801C03AC0DC884E80D0041F69B30084496
:10A3E000372190FBF1F290FBF1F5A5F1800501FB1F
:10A3F00012041B3C02D56442012000E00020DFF87B
:10A4000090A080460027FA44AAF1BE0A0DE0E007BA
:10A4100009D03246684607EB47010AEB810100F09C
:10A42000CCFD8DE8070064107F1C002CEFD1184F85
:10A430007F44AC3F18E0E80714D007EB04100DF19F
:10A44000180A90E80E008AE80E00C068F04201D1B8
:10A4500098190890324606A903A800F0AEFD03AB98
:10A4600083E807006D10641C002DE4D13246694674
:10A47000B8F1000F03A802D000F077FD01E000F072
:10A480009CFDC9E90001C9F808200AB0BDE8F087C1
:10A490001C940000007B00F08000704710B500F0B5
:10A4A00075FABDE8104000F06BBA7546FFF7CAFCBC
:10A4B000AE4605006946534620F00700854618B0B1
:10A4C00020B5E5F7E5FFBDE820404FF000064FF06E
:10A4D00000074FF000084FF0000B21F00701AC46D9
:10A4E000ACE8C009ACE8C009ACE8C009ACE8C009F8
:10A4F0008D46704710B5FEF797FE006810BD10B589
:10A500000446FEF791FE046010BD3A2800D23038B0
:10A5100020F02002412A01D3A2F13700884201D362
:10A520004FF0FF30704700002DE9FF4F1F464FF0FE
:10A530003C0987B04FF00042DDE9141001F1010839
:10A54000DDF858A002EA40500390002004908346B2
:10A55000054604460590B969461E08988847AAF141
:10A56000010A0290BAF1000F37DD02982E2815D0AB
:10A570001021FFF7CAFF00282ADB4FF0010B0499D6
:10A58000014316D0B9F1000F0BDB4A46C11700F0AA
:10A5900025FA05430C43A9F1040905E001200590C3
:10A5A00007E008B145F0010501200490059800B9C5
:10A5B000361DB969089808F101088847BBF1000FFA
:10A5C000AAF1010A0290CDD00999C1F80080C9E72B
:10A5D0000298702808D0502806D0F9690898884752
:10A5E000BBF1000F14D04FE0002002900120BBF11E
:10A5F000000F049009D0B969089808F1010888474C
:10A60000AAF10109B9F1000F07DCF9690898884738
:10A610006FF001000BB0BDE8F08F2B2804D02D287F
:10A620000CD14FF0FF300490B969089808F1010887
:10A630008847A9F10109B9F1000FE6DD411CE4D01A
:10A640000A21FFF762FF0028DFDB029908F1010809
:10A6500001EB810100EB41000290B969089888473D
:10A660000A21FFF752FF099AA9F10109B9F1000F78
:10A67000C2F8008001DD0028E7DAF9690898884708
:10A680000499029800FB016655EA040004D004F026
:10A690004041090002D006E0039898E0A40044EA93
:10A6A0009574AD00B61E04F00041080002D16D198A
:10A6B0006441761E159810F0240F03D04FF00B095B
:10A6C0005C4803E04FF028096FF07D008246564554
:10A6D00007DAAAEB06018944B9F1410F01DD4FF019
:10A6E000410901200021A9F1010200F077F9024699
:10A6F00028400B462140084301D0012100E0002101
:10A70000501E029143F1FF3128402140084301D0FF
:10A71000012000E000200299834651EA0B014FD04E
:10A72000002108464FF00000039900F4400039B1C1
:10A7300000EB80004FF4400100EBD07001EA6000B4
:10A740008015012802DD4FF0FF3000E013D0401CDF
:10A7500036D0029860B3BBF1000F0CD14A460120FD
:10A76000002100F03BF928402140084301D001209E
:10A7700000E00020E0B101204A46002100F02EF95F
:10A78000034640190A4661412D1A8C4111D3B9F193
:10A79000400F09DD159810F0240F02D0AAF13406FD
:10A7A00003E0AAF1170600E0761C00254FF00044F4
:10A7B00006E05B1E42F1FF3220EA030521EA0204B3
:10A7C000CAF10100B04206DA1B4903980843019020
:10A7D000002000900EE0039AC4F3D321E80A0A4354
:10A7E000164940EA44500A433146CDE90002684622
:10A7F00000F09CFD159810F0240F0BD01598C007A1
:10A8000015D13868DDE90012031D3B600068C0E91E
:10A8100000120CE002A8694600F03CFD1598C00744
:10A8200005D13868029A011D39600068026040460F
:10A83000F0E6000002FCFFFF0000F07F0000F03FA8
:10A840002DE9FF4F92461D4685B04FF00041DDE9EE
:10A85000124BDDE914727F1E01EA4B50414940F072
:10A86000FF4940EA0108002122F020004928049114
:10A8700002D04E2828D04CE03BA0012607C88DE826
:10A880000700A9690698641C88477F1E014606D404
:10A890001DF8060018B121F0200181420BD0E969B2
:10A8A00006988847032E34D0082E32D06FF001006E
:10A8B00009B0BDE8F08F761C032E01D0082EE0D140
:10A8C000601CCAF80000DCE7A9690698641C884788
:10A8D0007F1E2AD420F02000412826D1A96906989D
:10A8E000641C88477F1E20D420F020004E281CD1F5
:10A8F000A9690698641C88477F1E48F4002849F41B
:10A900008009CAF8004001D4282806D0E9690698D1
:10A9100088475FEACB7012D022E0A9690698641CD0
:10A9200088477F1E01D4002803DAE9690698884722
:10A93000BCE72928F1D1641CCAF80040E9E71BF004
:10A94000240F07D028680499031D2B600068C0E914
:10A95000001805E02868021D2A600068C0F8009011
:10A960002046A5E70000F07F494E46494E4954591C
:10A97000000000000446AFF300802046E5F766FCC7
:10A98000002801D0E8F73EBF7047000010B501284D
:10A9900005D0002103A000F034F8012010BD09A16A
:10A9A000F8E7000053494752544D454D3A204F7542
:10A9B00074206F662068656170206D656D6F7279B7
:10A9C000000000003A2048656170206D656D6F726F
:10A9D0007920636F7272757074656400B2F1200340
:10A9E0000AD5C2F1200301FA02F120FA03F300FABA
:10A9F00002F041EA0301704700FA03F14FF0000052
:10AA0000704770B505460C460A2000E06D1CE8F75B
:10AA1000FCFE35B128780028F8D102E0641CE8F784
:10AA2000F4FE14B120780028F8D1BDE870400A2067
:10AA3000E8F7EBBE5FEA400C08BF91F0000F4FEA69
:10AA40008C234FEAC12243EA51514FEA1C5018BFF0
:10AA500000F5F0404FEA300018BF41F000415FEAD6
:10AA60006C5C00F02980BCF1FF3F08BF40F08040E3
:10AA70007047130C06BF12044FF0100C4FF0000C7F
:10AA8000130E04BF12020CF1080C130F04BF1201C5
:10AA90000CF1040C930F04BF92000CF1020CD30FC5
:10AAA00004BF52000CF1010C11464FF00002A0F15E
:10AAB0001F00A0EB0C00704711F0004F08BF70475B
:10AAC00031F000413FF4D5AF0B0C06BF09044FF045
:10AAD000100C4FF0000C0B0E04BF09020CF1080C17
:10AAE0000B0F04BF09010CF1040C8B0F04BF89008C
:10AAF0000CF1020CCB0F04BF49000CF1010CCCF19E
:10AB00002003A0EB0C0022FA03F302FA0CF241EA54
:10AB1000030100F10100704720F07F4C80EA030040
:10AB200023F07F47ACEB070303F57C5300F00040B4
:10AB300003F1FF032DE980494FEA154B09B44FEAB1
:10AB4000144325EA0B4E24EA03480FF2042606EBD1
:10AB5000132749083E785FEA320203FB0667C7F510
:10AB6000000707FB06F64FEA54374FEAD64606F1D0
:10AB7000020607FB066CCCF1005C4FEA1C472CEA8E
:10AB8000074C07FB06F40CFB06F504EB15464FEAF1
:10AB9000961634BF00204FF000404FEAD13706FB35
:10ABA00007FC4FEA1C4C0CFB0BF7D21B03FB0CF70A
:10ABB00061EB07010CFB0EF7B0EB074072EB17429D
:10ABC0000CFB08F734BFA2EB0742B2EB074261EB84
:10ABD00017414FEA0C444FEA910706FB07FC4FEA86
:10ABE0001C4C0CFB0BF7B0EBC74072EB573203FB6E
:10ABF0000CF734BFA2EBC742B2EBC74261EB57314F
:10AC00000CFB0EF7B0EBC70072EB57720CFB08F7AA
:10AC100034BFA2EBC702B2EBC70261EB5771039FCF
:10AC20004FEA816141EA921104EBCC044FEAD1373B
:10AC30004FEA826206FB07FC42EA90124FEA80600C
:10AC40004FEA1C4C0CFB0BF7D21B03FB0CF761EB20
:10AC500007010CFB0EF7B0EB074072EB17420CFB41
:10AC600008F734BFA2EB0742B2EB074261EB174192
:10AC70004FEA8C554FEA910704EB9C2406FB07FC36
:10AC80004FEA1C4C0CFB0BF7B0EBC74072EB573292
:10AC900003FB0CF734BFA2EBC742B2EBC74261EB38
:10ACA00057310CFB0EF7B0EBC70072EB57720CFB81
:10ACB00008F734BFA2EBC702B2EBC70261EB5771D2
:10ACC00015EB4C254FEA816141EA92114FEA82620D
:10ACD0004FEAD13742EA901206FB07FC44F1000428
:10ACE0004FEA80604FEA1C4C0CFB0BF7D21B03FBB6
:10ACF0000CF761EB07010CFB0EF7B0EB074072EBB2
:10AD000017420CFB08F734BFA2EB0742B2EB074235
:10AD100061EB174115EB1C154FEA813141EA924175
:10AD20004FEA823242EA90424FEA80304FEA0C7694
:10AD300044F1000448EA03434EEA0B484FF0000E8A
:10AD4000B2EB080C71EB030724BF624639464EEBA9
:10AD50000E0E4FF0000B0018524149414BEB0B0B0C
:10AD6000B2EB080C71EB03077BF1000B24BF6246CA
:10AD700039464EEB0E0E4FF0000B00185241494180
:10AD80004BEB0B0BB2EB080C71EB03077BF1000BE9
:10AD900024BF624639464EEB0E0E51EA020718BF39
:10ADA00046F0010616EB0E7655F1000254F1000153
:10ADB00003D5BDE88901BDE80088BDE88901BDE88B
:10ADC0000048B619524141EB0101A3F1010370475C
:10ADD00080807F7E7D7C7B7A7978777676757473D8
:10ADE000727171706F6E6E6D6C6C6B6A6A69686897
:10ADF000676666656464636362616160605F5F5E2D
:10AE00005E5D5D5C5C5B5B5A5A59595858575756A2
:10AE10005655555554545353525252515150505007
:10AE20004F4F4F4E4E4D4D4D4C4C4C4B4B4B4A4A59
:10AE30004A4949494848484747474746464645459D
:10AE400045444444444343434342424242414141D6
:10AE500046EA0646A3F570534FEA164646EA4256BE
:10AE60004FEAD22242EA415210B54FEAD121A3F172
:10AE7000010300F017F820F0004000F1010C00F091
:10AE8000004701EB00501146BCF5006F40EA070097
:10AE900000D210BD02484FF0000140EA070010BD8B
:10AEA0000000F07F002B26D4770021D01CB54FEA9C
:10AEB000370703B44FF010004FF010014FF00000BF
:10AEC0000FBCBDE810400BF1010BBBF1010F08BF37
:10AED0005FEA170722BF12F1010211F101014FF0E1
:10AEE000004143F1000300F0004043EA00007047D6
:10AEF000F9D35708DAE746EA064613F1400F4FEA5E
:10AF000016461FDD13F1200FDFBF16430A4600214E
:10AF100020335B42C8D0C3F1200746EA064602FA56
:10AF200007F74FEA164646EA0706C3F1200722FA5A
:10AF300003F201FA07F721FA03F14FF0000342EAA6
:10AF40000702B1E746EA020646EA06464FEA164617
:10AF500046EA0106BCBF46EA0646360C4FF000033F
:10AF60004FF000024FF000019EE72DE9C0489346E4
:10AF700030B491E8380007C831EA400C48BF34EAE1
:10AF8000430C03D5FFF7C8FDFFF78CFFF0BCBDE80D
:10AF900000882DE9C048934630B491E8380007C8CE
:10AFA00031EA400C48BF34EA430C03D5FFF7B4FD47
:10AFB000FFF74EFFF0BCBDE800882DE9C04893467E
:10AFC00030B491E8380007C810F0804F08BF13F084
:10AFD000804F03D100F019F8FFF764FFF0BCBDE823
:10AFE00000882DE9C048934630B491E8380007C87E
:10AFF00010F0804F08BF13F0804F03D100F005F828
:10B00000FFF726FFF0BCBDE8008820F07F4780EA0C
:10B01000030023F07F4C07EB0C03A3F57C5300F0F7
:10B020000040A3F1FE0392F0000F00F0B38095F012
:10B03000000F00F077802DE901494FEA11404FEAF7
:10B04000144621EA004800FB06FC24EA064708FBF8
:10B0500006F607FB08F800FB07F718EB06484CEB71
:10B06000164C4FEA124B18EB07484FEA15464CEBCB
:10B07000174022EA0B4E0BFB06FC25EA06470EFBA7
:10B0800006F607FB0EFE0BFB07F71EEB064E4CEB1E
:10B09000164C4FF000061EEB074E4CEB174B18EB0F
:10B0A0000B0840F1000018EB0E0B58EB000840F1C4
:10B0B00000008F1A4FF000013CBFC943661B14BF4C
:10B0C000B5EB040C00213CBFC943F61B4FEA174403
:10B0D0004EEA8E0E27EA04454FEA1C4704FB07623E
:10B0E0002CEA074C05FB07F70CFB05F604FB0CFCF0
:10B0F00016EB074642EB174216EB0C4642EB1C429E
:10B100001BEB060658EB0202414146EA9E0601D5BA
:10B11000BDE80189B619524141EB0101A3F10103D8
:10B12000BDE801894FEA14454FEA114724EA054674
:10B1300021EA074C05FB07F406FB07F70CFB06F1B9
:10B1400005FB0CFC11EB074144EB17444FEA124797
:10B1500011EB0C4144EB1C4422EA074C05FB07F2BF
:10B1600006FB07F70CFB06F605FB0CFC16EB074687
:10B1700042EB174216EB0C4642EB1C456A1854F1A1
:10B18000000148BF7047B619524141EB0101A3F1DC
:10B190000103704795F0000F37D04FEA11424FEA94
:10B1A000144721EA024624EA074C02FB07F106FB9A
:10B1B00007F70CFB06F402FB0CFC14EB074441EB15
:10B1C00017414FEA154714EB0C4441EB1C4125EAAB
:10B1D000074C02FB07F506FB07F70CFB06F602FB24
:10B1E0000CFC16EB074645EB174516EB0C4645EBFA
:10B1F0001C42121951F1000148BF7047B619524163
:10B2000041EB0101A3F1010370474FEA14454FEAF6
:10B21000114724EA054621EA074C05FB07F106FB26
:10B2200007F70CFB06F24FF0000605FB0CFC12EBD7
:10B23000074241EB174112EB0C4251EB1C4148BF56
:10B240007047921841EB0101A3F1010370474900D7
:10B2500050EAC12018BF04204A0D18BF40F0010079
:10B2600040F2FF72B2EB515F08BF40F002000128CC
:10B2700008BF0520704740F2013200204FF0E04146
:10B2800000F06FBF024A0020110700F06ABF000003
:10B2900001FDFFFF10B50446D1E9000100F002F8FE
:10B2A000206010BDF8B504460D466A4600F050F81F
:10B2B00000987E30009000281FDC002213462046B4
:10B2C000294600F083FA18D0002140F608004FF01C
:10B2D000000006462046294600F0DAF8044640F60B
:10B2E000080006EA00014FF0000034F0004004BFFF
:10B2F0000220FFF704F92046F8BD0098FF280DDB77
:10B300000220FFF7FCF8002213462046294600F0F1
:10B310005BFC8CBF04484FF0FF40F8BD2046294637
:10B32000BDE8F84000F0B4B8000080FF10B5044656
:10B330000A46D4E90003194600F036F8C4E90001D2
:10B3400010BD30380A2801D2012070470020704714
:10B3500010B5144600222260114A21F000439342A6
:10B36000A8BF10BD53EA000208BF10BDB3F5801F8F
:10B37000A8BF226807DA362200F0F3FE6FF035022C
:10B3800021F000432260DFF81CC06FF31E510CEB6C
:10B3900023531A4441F0FF5141F00051226010BD87
:10B3A0000000F07F02FCFFFF2DE9F04106460C464D
:10B3B00040F2FF75174635EA14502BD00022134691
:10B3C000304600F003FA25D03A463046214600F0D8
:10B3D000C8FE06460C4635EA145010D0002213462B
:10B3E000304600F0F3F915D10220FFF788F8FFF797
:10B3F00049FF0A46214662F31E01BDE8F0810220A2
:10B40000FFF77DF8FFF737FF0A46214662F31E017A
:10B41000BDE8F08130462146BDE8F08100B583B03B
:10B420000A460021CDE9001101466846FEF7A0FC5E
:10B43000DDE9000103B000BD10B500290AD008788D
:10B44000002807D005487844FDF79EFE002801D06B
:10B45000002010BD0248784410BD0000A684000002
:10B460009E84000010B500290AD00878002807D073
:10B4700005487844FDF788FE002801D0002010BD63
:10B480000248784410BD00008A85000082850000D3
:10B4900021F00042A2F16052B2F5801F01F000439A
:10B4A00028BFD2F17F6C0BD95FEA001C43EAC202CD
:10B4B00042EB507018BF704728BF20F00100704762
:10B4C000B2F5801FBCBF184670474FEA410C1CF50F
:10B4D000001F02D2084600F0DABD70B500F020FB74
:10B4E00000000089FFF7F6BF4FF00040A0F5800094
:10B4F0007047000002494FF0000000F000BE00BF9E
:10B500000000F87F491058BFC1F140415B1058BF9F
:10B51000C3F140438B42EFF3008070472DE9C041F7
:10B5200030B4DFF8A0C23CEA111418BF3CEA13148F
:10B5300000F0EC8081EA03051CEA111444EAD5749A
:10B5400018BF1CEA131500F0C780A4EB05044FF0E8
:10B55000004545EAC12145EAC32341EA505143EA87
:10B56000525304F17F74994204F500344FEAC0202D
:10B570004FEAC22208BF904200F09C804FEA136558
:10B580000FF24016765D4FEA134506FB05F7C7F14B
:10B59000807706FB07F74FEAD737A7FB03687642A9
:10B5A000C8F58038A7FB06CE38BFA8F1010807FB15
:10B5B00008E64FF0000EA6FB028CE6FB03CEDCF1A2
:10B5C000000CCEF1004E38BFAEF1010EA6FB0C58B8
:10B5D0004FF000074FF00005E6FB0E87A1FB08C601
:10B5E000A0FB07CE16EB0E0645F10005E1FB076553
:10B5F00015F1E04E7EBFA4F580345FEA46066D414A
:10B6000016F1800745F100054FEA17274FEA066655
:10B6100047EA0567A6F1DE46B6F1805F4FEA1525D9
:10B620001FD9384624F0010C05EBC471BCF1FE6F44
:10B6300001EB0C1102D8F0BCBDE8008124425CBFD4
:10B6400001F5801E9EEAC47F02D4F0BCBDE80081F3
:10B65000244238D4F0BCA1F1C041BDE8004100F063
:10B66000ADBA4FEAD22242EA43524FEAD323A7FBB4
:10B6700002864FEAD02040EA415007FB03661EEAEB
:10B680000E0F4FEAD12105FB026658BFA6EB00560C
:10B69000B6EB00564FEA520E4EEAC37E18EB0E0E82
:10B6A00056EB530EBDD518EB02085E417F1C55F1D9
:10B6B0000005B6E74FF480154FF000074FF0000685
:10B6C0004FF00008ADE7F0BC4FF0000001F1C041C1
:10B6D00001F00041BDE8008111EA0C1F0CEA1315CE
:10B6E00000D00CE013EA0C1F00F025804FF00000A2
:10B6F000F0BC81EA030101F00041BDE80081F0BC2B
:10B70000BDE8004181EA030100F058BAF0BCBDE891
:10B71000004170B500F004FA097EFC3E00F007B865
:10B7200081EA03014FF0000001F00041704781EA17
:10B73000030100F043BAF0BCBDE800414FF0000047
:10B7400021497047FFFDFBF9F7F5F4F2F0EEEDEB60
:10B75000E9E8E6E4E3E1E0DEDDDBDAD8D7D5D4D30F
:10B76000D1D0CFCDCCCBCAC8C7C6C5C4C2C1C0BF5B
:10B77000BEBDBCBBBAB9B8B7B6B5B4B3B2B1B0AF61
:10B78000AEADACABAAA9A8A8A7A6A5A4A3A3A2A145
:10B79000A09F9F9E9D9C9C9B9A9999989797969500
:10B7A00095949393929191908F8F8E8E8D8C8C8B9C
:10B7B0008B8A898988888787868585848483838224
:10B7C000828181800000FF070000F87F51EA030CAE
:10B7D00017D41CF5801F58BFBCF5801F00F10680F0
:10B7E000994218BF704708BF9042704707D711F5BC
:10B7F000801F58BF13F5801F19D4994270478942A2
:10B8000070471CF5801F08D5BCF5801FF7D58B420B
:10B8100018BF704708BF824270474FF4001C1CEBF2
:10B82000410F38BF1CEB430F01D28B42704770B5FC
:10B8300000F076F9922449004FF000514FF0805308
:10B84000FFF760BE4FEA41034FEA5353A3F580630D
:10B85000D3F11E03C8BFD3F1210C0CDD4FF0004221
:10B8600042EAC12242EA505232FA03FC8CEAE17CFD
:10B87000ACEBE1707047102BC4BF0020704703F59C
:10B88000787CBCF1FF3F04D06FF0004282EA2100D7
:10B89000704770B500F044F9499224800020704749
:10B8A000F2E700004FEA1153A3F58063D3F11E03C2
:10B8B000A8BFD3F1200C08DB4FF0004242EAC122BE
:10B8C00052EA505232FA03F0704709420BD4102B5F
:10B8D000C4BF0020704703F5787CBCF1FF3F05D062
:10B8E0004FF0FF3070474FF00000704770B500F028
:10B8F00017F900BF4992248000207047F0E710F04C
:10B90000004248BF4042B0FA80F310FA03F10AD077
:10B91000C3F11D0303F580634FEA415002EB03526C
:10B9200002EBD12170474FF000007047B0FA80F36E
:10B9300010FA03F10AD0C3F11D0303F580634FEA47
:10B9400041504FEA035202EBD12170474FF0000003
:10B950007047000051EA030C17D41CF5801F58BF34
:10B96000BCF5801F00F10680994218BF704708BFE0
:10B970009042704707D711F5801F58BF13F5801FFD
:10B9800019D499427047894270471CF5801F08D529
:10B99000BCF5801FF7D58B4218BF704708BF8242A5
:10B9A00070474FF4001C1CEB410F38BF1CEB430FDA
:10B9B00001D28B42704770B500F0B2F89224490072
:10B9C0004FF000514FF08053FFF79CBDDFF848C1A6
:10B9D00070B51CEA111E1EBF1CEA13159EEA0C0F5F
:10B9E00095EA0C0F00F06F8081EA030423EA4C1300
:10B9F0004EEAD47E21EA4C1141F4801143F48013C5
:10BA0000AE44A1FB024CA0FB0365AEF17F7E36196C
:10BA100055EB0C05A1FB034C4CF10003A0FB021CF1
:10BA200016EB0C06654153F10003094218BF46F0BE
:10BA3000010613F4007F0BD14FEA03314FEA0530C2
:10BA4000340341EA155140EA16506FF003020AE050
:10BA50004FEAC3214FEAC520F40241EA555140EABA
:10BA600056506FF0020202EB2E4201EB025585EABE
:10BA7000CE710AD05FEA440C18BF24F0004450F1A4
:10BA8000000041F1000120EAD47040F2FE7C6245E2
:10BA900000D270BDA84214BF4FF080444FF0404424
:10BAA000002E08BF0024BEF1806FA8BFA1F1C041E5
:10BAB000BDE8704080F282804FF0000001F1C0418B
:10BAC00001F0004170479EEA0C0F0CEA131518BFF5
:10BAD00095EA0C0F06D04FF0000081EA030E0EF03D
:10BAE000004170BD00F01CF88900013E00F007B86D
:10BAF00000F009B84FEA430C5FEA5C5C08D081EAC9
:10BB0000030100F05BB84FEA410C5FEA5C5CF6D1E0
:10BB10004FF00000014970470000FF070000F87F68
:10BB20000EF1020E2EF0030E5EF8046B364205D4C1
:10BB3000012A43EB030515F5001F12D8012841EB3C
:10BB4000010C1CF5001F0CD80ED14FEAD17C15F565
:10BB5000001F0CEB4C0C0CF1020C08BF4CEBD37C1F
:10BB600004E04FF0080C01E04FEAD37C0CEB4C05ED
:10BB700026FA05F606F00706B6F1040C06D20EEB1F
:10BB8000860CBDE870404CF0010C6047DFE80CF01B
:10BB9000090B02024FF000414FF00000A1F5002117
:10BBA00070BD19461046012851EB010418BFD4F5A9
:10BBB000001484BF002001F0004170BD0808A0F50A
:10BBC00000114FEA3101704753EA010C17D41CF5FC
:10BBD000801F58BFBCF5801F00F106808B4218BF44
:10BBE000704708BF8242704707D713F5801F58BFC0
:10BBF00011F5801F19D48B4270479B4270471CF58A
:10BC0000801F08D5BCF5801FF7D5994218BF704733
:10BC100008BF904270474FF4001C1CEB430F38BF25
:10BC20001CEB410F01D2994270470FB40CBC03BC0E
:10BC3000FFF7C1BE43004FEAD30C4FEA3C0C434030
:10BC40001FBF40070CF1605113F0FE4F70471CF00E
:10BC5000006F03D100200CF0004170470CF000434E
:10BC600043EA507010B540EACC0000F0CAF900BFBA
:10BC7000000000924FEA0001FFF7A0BF4FF0004123
:10BC80004FF00000A1F500217047401058BFC0F1EF
:10BC90004040491058BFC1F140418142EFF300805C
:10BCA000704700004FF47F0C1CEAD0121EBF1CEA44
:10BCB000D11392EA0C0F93EA0C0F00F0858090EA02
:10BCC000010F48BF42F4807240F4000C41F40000C0
:10BCD0002CF07F4120F07F4000B58142A2EB0302AF
:10BCE0000FF2081CACEB504EC0F100009EF800E0D3
:10BCF0004FEA4E0E00FB0EFC38BF49004FEA2C1CE9
:10BD000002F5FA020CFB0EF34FEACE1E4FEA112C9D
:10BD10004FEAC1210EEB635E42EB22420EFB0CFCAC
:10BD20004FEA1C5300FB03114FEA112C4FEA01317B
:10BD30000EFB0CFC4FEADC4C00FB0C11C14228BF8F
:10BD400009184CEB03335DF804EB10EB410143EBB6
:10BD5000C250B2F57C0F38BF704729D512F0F00FF2
:10BD60001CBF00F1C04000F000407047008182839A
:10BD70008485868788898B8C8D8E8F9192939596FA
:10BD800097999A9C9D9FA0A2A3A5A7A8AAACAEB084
:10BD9000B2B3B5B7B9BCBEC0C2C5C7C9CCCED1D489
:10BDA000D7D9DCDFE2E6E9ECF0F3F7FAFE000000B9
:10BDB0004FEA400C0CF1807CBCF17E4F28BF7047ED
:10BDC000B0F1C04000F063B990EA010F0CEAD11362
:10BDD00048BF42F48072624538BF634507D213F40E
:10BDE0007F0F16D080EA010000F00040704710B5C8
:10BDF00000F007F9097EFC3E00F005B880EA01007A
:10BE000000F00040704780EA010000F0004000F0C0
:10BE10003EB912F47F0F04BF0248704780EA010068
:10BE200000F035B90000C07FC10DD1F19E0206DBE4
:10BE30004FEA002343F0004323FA02F07047004228
:10BE400007D54FEA4001B1F1FE4F02D24FF000009A
:10BE5000704710B500F0D5F8499224800020704753
:10BE60006FEA20007047000010F0004148BF4042D8
:10BE7000B0FA80F310FA03F2C3F19D030BD051EA3C
:10BE8000C35101EB1220530638BF704700F1010087
:10BE900008BF20F00100704750EA010C00F1138048
:10BEA0001CF5000F58BFBCF5000F01D48842704745
:10BEB00007D710F5000F58BF11F5000F15D48842B1
:10BEC0007047894270471CF5000F04D5BCF5000F80
:10BED000F7D5814270474FF0807C1CEB400F38BF94
:10BEE0001CEB410F01D28142704710B500F089F878
:10BEF000922449004FF000504FF08051FFF7C5BE2B
:10BF00004FF47F0C1CEAD0121EBF1CEAD11392EA38
:10BF10000C0F93EA0C0F00F0478090EA010F48BF26
:10BF200042F480724FF0004C4CEA00204CEA0121B0
:10BF300002EB0302A0FB0113A2F50002002918BFC7
:10BF400043F001035B0028BF4FEA330342EB224278
:10BF50005FEA132C4CEBC2502EBFBCEB436FB2F523
:10BF60007C0F70474FEA036CBCF1004F08BF20F014
:10BF70000100B2F57C0F38BF70470BD582F0FF028D
:10BF800012F5803FC8BF704700F1C040D8BF00F035
:10BF90000040704700F5000C5FEA4C0C48BF70474A
:10BFA000B0F1C04000F073B890EA010F0CEAD11371
:10BFB00048BF42F48072624538BF634504D280EACC
:10BFC000010000F00040704710B500F01AF800BF03
:10BFD0008900013E00F007B800F009B85FEA410CA3
:10BFE0005FEA1C6C08D080EA010000F050B85FEAFC
:10BFF000400C5FEA1C6CF6D14FF00040A0F58000C9
:10C0000070470EF1020E2EF0030E5EF8044B244230
:10C0100004D44FEA4102B2F17F4F11D84FEA4003F6
:10C02000B3F17F4F0CD80ED14FEAD07CB2F17F4FE5
:10C030000CEB4C0C0CF1020C08BF4CEBD17C04E077
:10C040004FF0080C01E04FEAD17C0CEB4C0324FAD2
:10C0500003F404F00704B4F1040C06D20EEB840CD4
:10C06000BDE810404CF0010C6047DFE80CF0070819
:10C0700002024FF00040A0F5800010BD08464200CB
:10C0800018BFD2F1807288BF00F0004010BDFF21C0
:10C0900041EAD050C005704751EA000C00F113800E
:10C0A0001CF5000F58BFBCF5000F01D4814270474A
:10C0B00007D711F5000F58BF10F5000F15D48142B6
:10C0C0007047894270471CF5000F04D5BCF5000F7E
:10C0D000F7D5884270474FF0807C1CEB410F38BF8A
:10C0E0001CEB400F01D28842704780EA010081EAD0
:10C0F000000180EA0100FFF7F8BEFDF717BA0CF067
:10C100000F03092B08BF082000F05F800A2B0BD01B
:10C11000082B18BF704708BF1CF0400F0AD04FF023
:10C1200000004FF0000170471CF0400F18BF4FF0A7
:10C13000004070471CF0100F08D020F0704300F052
:10C140007F4242EAD3014FEA4370704700F06040FB
:10C1500021F07F4242EA000201F07F4040EA727023
:10C1600070474FF0FF0C4CF4E06C1CEA11531CBFFD
:10C170009CEA030C9445C2BFDA4201EB02517047BE
:10C18000002B0DD0BCF1000F0FD0002A01F00041B0
:10C19000A4BF41F0E04141F07F614FF000007047E3
:10C1A00001F000414FF00000704750EA01334FF0BA
:10C1B0009B0C18BF4CF0806C7FF49CA97047FDF776
:10C1C0002FBCFEF7B1B9FEF73BBB1CF4801F11D0AA
:10C1D0001CF4E02F03D06FEACC31490070474FF0D8
:10C1E0004050EFF3008222F0704242EA000282F3F4
:10C1F000008870474FF000007047666BD5667C6220
:10C20000595E685AA8561453AC4F6C4C53495F465C
:10C210008E43DD404C3ED83B8039443720351533C2
:10C220002131432F792DC42B212A90281027A025B6
:10C230004024EF22AC2176204C1F301E1E1D181CFE
:10C240001C1B2B1A431964188E17C116FC153E15BA
:10C250008814D81330138E12F2115C11CC104110D7
:10C26000BB0F3A0FBE0E460ED30D640DFA0C930CA5
:10C270002F0CCF0B730B1A0BC40A710A210AD509B4
:10C2800089094109FB08B80877083908FC07C10784
:10C29000890752071D07EA06B80689065A062D06C1
:10C2A0000206D805AF05880562053D051905F604A7
:10C2B0000003030601040602050003051F1C1F1EE0
:10C2C0001F1E1F1F1E1F1E1F3031323334353637DD
:10C2D0003839414243444546A400E8A1A700ECA1F7
:10C2E000A800A7A1B000E3A1B100C0A1B700A4A11C
:10C2F000D700C1A1E000A4A8E100A2A8E800A8A876
:10C30000E900A6A8EA00BAA8EC00ACA8ED00AAA82B
:10C31000F200B0A8F300AEA8F700C2A1F900B4A8DB
:10C32000FA00B2A8FC00B9A80101A1A81301A5A8B0
:10C330001B01A7A82B01A9A84D01ADA86B01B1A8AD
:10C34000CE01A3A8D001ABA8D201AFA8D401B3A855
:10C35000D601B5A8D801B6A8DA01B7A8DC01B8A8FB
:10C36000C702A6A1C902A5A19103A1A69203A2A6F4
:10C370009303A3A69403A4A69503A5A69603A6A635
:10C380009703A7A69803A8A69903A9A69A03AAA605
:10C390009B03ABA69C03ACA69D03ADA69E03AEA6D5
:10C3A0009F03AFA6A003B0A6A103B1A6A303B2A6A4
:10C3B000A403B3A6A503B4A6A603B5A6A703B6A671
:10C3C000A803B7A6A903B8A6B103C1A6B203C2A623
:10C3D000B303C3A6B403C4A6B503C5A6B603C6A6D5
:10C3E000B703C7A6B803C8A6B903C9A6BA03CAA6A5
:10C3F000BB03CBA6BC03CCA6BD03CDA6BE03CEA675
:10C40000BF03CFA6C003D0A6C103D1A6C303D2A643
:10C41000C403D3A6C503D4A6C603D5A6C703D6A610
:10C42000C803D7A6C903D8A60104A7A71004A1A7CB
:10C430001104A2A71204A3A71304A4A71404A5A778
:10C440001504A6A71604A8A71704A9A71804AAA745
:10C450001904ABA71A04ACA71B04ADA71C04AEA714
:10C460001D04AFA71E04B0A71F04B1A72004B2A7E4
:10C470002104B3A72204B4A72304B5A72404B6A7B4
:10C480002504B7A72604B8A72704B9A72804BAA784
:10C490002904BBA72A04BCA72B04BDA72C04BEA754
:10C4A0002D04BFA72E04C0A72F04C1A73004D1A715
:10C4B0003104D2A73204D3A73304D4A73404D5A7B8
:10C4C0003504D6A73604D8A73704D9A73804DAA785
:10C4D0003904DBA73A04DCA73B04DDA73C04DEA754
:10C4E0003D04DFA73E04E0A73F04E1A74004E2A724
:10C4F0004104E3A74204E4A74304E5A74404E6A7F4
:10C500004504E7A74604E8A74704E9A74804EAA7C3
:10C510004904EBA74A04ECA74B04EDA74C04EEA793
:10C520004D04EFA74E04F0A74F04F1A75104D7A77D
:10C530001420AAA11620ACA11820AEA11920AFA1E9
:10C540001C20B0A11D20B1A12620ADA13020EBA15F
:10C550003220E4A13320E5A13B20F9A10321E6A18B
:10C560001621EDA16021F1A26121F2A26221F3A2C4
:10C570006321F4A26421F5A26521F6A26621F7A247
:10C580006721F8A26821F9A26921FAA26A21FBA217
:10C590006B21FCA29021FBA19121FCA19221FAA187
:10C5A0009321FDA10822CAA10F22C7A11122C6A171
:10C5B0001A22CCA11D22D8A11E22DEA12022CFA1A9
:10C5C0002522CEA12722C4A12822C5A12922C9A1A2
:10C5D0002A22C8A12B22D2A12E22D3A13422E0A14B
:10C5E0003522DFA13622C3A13722CBA13D22D7A11C
:10C5F0004822D6A14C22D5A16022D9A16122D4A182
:10C600006422DCA16522DDA16E22DAA16F22DBA10A
:10C610009922D1A1A522CDA11223D0A16024D9A213
:10C620006124DAA26224DBA26324DCA26424DDA2FA
:10C630006524DEA26624DFA26724E0A26824E1A2CA
:10C640006924E2A27424C5A27524C6A27624C7A2D6
:10C650007724C8A27824C9A27924CAA27A24CBA2BA
:10C660007B24CCA27C24CDA27D24CEA27E24CFA28A
:10C670007F24D0A28024D1A28124D2A28224D3A25A
:10C680008324D4A28424D5A28524D6A28624D7A22A
:10C690008724D8A28824B1A28924B2A28A24B3A272
:10C6A0008B24B4A28C24B5A28D24B6A28E24B7A26A
:10C6B0008F24B8A29024B9A29124BAA29224BBA23A
:10C6C0009324BCA29424BDA29524BEA29624BFA20A
:10C6D0009724C0A29824C1A29924C2A29A24C3A2DA
:10C6E0009B24C4A20025A4A90125A5A90225A6A9C9
:10C6F0000325A7A90425A8A90525A9A90625AAA94E
:10C700000725ABA90825ACA90925ADA90A25AEA91D
:10C710000B25AFA90C25B0A90D25B1A90E25B2A9ED
:10C720000F25B3A91025B4A91125B5A91225B6A9BD
:10C730001325B7A91425B8A91525B9A91625BAA98D
:10C740001725BBA91825BCA91925BDA91A25BEA95D
:10C750001B25BFA91C25C0A91D25C1A91E25C2A92D
:10C760001F25C3A92025C4A92125C5A92225C6A9FD
:10C770002325C7A92425C8A92525C9A92625CAA9CD
:10C780002725CBA92825CCA92925CDA92A25CEA99D
:10C790002B25CFA92C25D0A92D25D1A92E25D2A96D
:10C7A0002F25D3A93025D4A93125D5A93225D6A93D
:10C7B0003325D7A93425D8A93525D9A93625DAA90D
:10C7C0003725DBA93825DCA93925DDA93A25DEA9DD
:10C7D0003B25DFA93C25E0A93D25E1A93E25E2A9AD
:10C7E0003F25E3A94025E4A94125E5A94225E6A97D
:10C7F0004325E7A94425E8A94525E9A94625EAA94D
:10C800004725EBA94825ECA94925EDA94A25EEA91C
:10C810004B25EFA9A025F6A1A125F5A1B225F8A1E8
:10C82000B325F7A1C625F4A1C725F3A1CB25F0A117
:10C83000CE25F2A1CF25F1A10526EFA10626EEA176
:10C840004026E2A14226E1A10030A1A10130A2A12F
:10C850000230A3A10330A8A10530A9A10830B4A1DA
:10C860000930B5A10A30B6A10B30B7A10C30B8A180
:10C870000D30B9A10E30BAA10F30BBA11030BEA14E
:10C880001130BFA11330FEA11430B2A11530B3A1F5
:10C890001630BCA11730BDA14130A1A44230A2A4E2
:10C8A0004330A3A44430A4A44530A5A44630A6A494
:10C8B0004730A7A44830A8A44930A9A44A30AAA464
:10C8C0004B30ABA44C30ACA44D30ADA44E30AEA434
:10C8D0004F30AFA45030B0A45130B1A45230B2A404
:10C8E0005330B3A45430B4A45530B5A45630B6A4D4
:10C8F0005730B7A45830B8A45930B9A45A30BAA4A4
:10C900005B30BBA45C30BCA45D30BDA45E30BEA473
:10C910005F30BFA46030C0A46130C1A46230C2A443
:10C920006330C3A46430C4A46530C5A46630C6A413
:10C930006730C7A46830C8A46930C9A46A30CAA4E3
:10C940006B30CBA46C30CCA46D30CDA46E30CEA4B3
:10C950006F30CFA47030D0A47130D1A47230D2A483
:10C960007330D3A47430D4A47530D5A47630D6A453
:10C970007730D7A47830D8A47930D9A47A30DAA423
:10C980007B30DBA47C30DCA47D30DDA47E30DEA4F3
:10C990007F30DFA48030E0A48130E1A48230E2A4C3
:10C9A0008330E3A48430E4A48530E5A48630E6A493
:10C9B0008730E7A48830E8A48930E9A48A30EAA463
:10C9C0008B30EBA48C30ECA48D30EDA48E30EEA433
:10C9D0008F30EFA49030F0A49130F1A49230F2A403
:10C9E0009330F3A4A130A1A5A230A2A5A330A3A5A2
:10C9F000A430A4A5A530A5A5A630A6A5A730A7A5B7
:10CA0000A830A8A5A930A9A5AA30AAA5AB30ABA586
:10CA1000AC30ACA5AD30ADA5AE30AEA5AF30AFA556
:10CA2000B030B0A5B130B1A5B230B2A5B330B3A526
:10CA3000B430B4A5B530B5A5B630B6A5B730B7A5F6
:10CA4000B830B8A5B930B9A5BA30BAA5BB30BBA5C6
:10CA5000BC30BCA5BD30BDA5BE30BEA5BF30BFA596
:10CA6000C030C0A5C130C1A5C230C2A5C330C3A566
:10CA7000C430C4A5C530C5A5C630C6A5C730C7A536
:10CA8000C830C8A5C930C9A5CA30CAA5CB30CBA506
:10CA9000CC30CCA5CD30CDA5CE30CEA5CF30CFA5D6
:10CAA000D030D0A5D130D1A5D230D2A5D330D3A5A6
:10CAB000D430D4A5D530D5A5D630D6A5D730D7A576
:10CAC000D830D8A5D930D9A5DA30DAA5DB30DBA546
:10CAD000DC30DCA5DD30DDA5DE30DEA5DF30DFA516
:10CAE000E030E0A5E130E1A5E230E2A5E330E3A5E6
:10CAF000E430E4A5E530E5A5E630E6A5E730E7A5B6
:10CB0000E830E8A5E930E9A5EA30EAA5EB30EBA585
:10CB1000EC30ECA5ED30EDA5EE30EEA5EF30EFA555
:10CB2000F030F0A5F130F1A5F230F2A5F330F3A525
:10CB3000F430F4A5F530F5A5F630F6A50531C5A815
:10CB40000631C6A80731C7A80831C8A80931C9A845
:10CB50000A31CAA80B31CBA80C31CCA80D31CDA815
:10CB60000E31CEA80F31CFA81031D0A81131D1A8E5
:10CB70001231D2A81331D3A81431D4A81531D5A8B5
:10CB80001631D6A81731D7A81831D8A81931D9A885
:10CB90001A31DAA81B31DBA81C31DCA81D31DDA855
:10CBA0001E31DEA81F31DFA82031E0A82131E1A825
:10CBB0002231E2A82331E3A82431E4A82531E5A8F5
:10CBC0002631E6A82731E7A82831E8A82931E9A8C5
:10CBD0002032E5A22132E6A22232E7A22332E8A2E5
:10CBE0002432E9A22532EAA22632EBA22732ECA2B5
:10CBF0002832EDA22932EEA2004EBBD2014EA1B6E0
:10CC0000034EDFC6074EF2CD084EC9D5094EFDC80A
:10CC10000A4ECFC90B4EC2CF0C4EA2D80D4EBBB29E
:10CC20000E4EEBD3104EA4D8114EF3B3134EA8D72B
:10CC3000144ED2C7154EA7D8164EC0CA184EF0C70C
:10CC4000194EFBB11A4EB5D21B4ED4B41C4EABB626
:10CC50001D4EBFCB1E4EA9D8224EAAB6244EBDC132
:10CC6000254ECFD1274EA5C9284EADD82A4EF6B8AD
:10CC70002B4EBED12C4EDCE32D4ED0D6304EE1B73C
:10CC8000324EAEB4344ED9C1364EBCD8384EE8CD53
:10CC9000394EA4B53A4EAACE3B4EF7D63D4EF6C01D
:10CCA0003E4ED9BE3F4EAFD8434ECBC4454EC3BE19
:10CCB000474EB1D8484EB4C3494EE5D24B4EAED6DE
:10CCC0004C4EDACE4D4EA7D54E4EF5BA4F4EA6B7C6
:10CCD000504ED6C0524EB9C6534ED2C5544EC7C799
:10CCE000564ED4B9584ECBB3594ED2D25C4EBFD863
:10CCF0005D4EC5BE5E4EF2C65F4EB2D2604EB0CF44
:10CD0000614EE7CF664EE9CA694EC0D8704EF2C296
:10CD1000714ED2C2734EE9C87E4EACC7864ECBC1AF
:10CD2000884EE8D3894EF9D58B4EC2CA8C4EFEB6DA
:10CD30008D4EA1D88E4EDAD38F4EF7BF914EC6D40A
:10CD4000924EA5BB934EC1D8944EE5CE954EAEBE45
:10CD5000984EA8D89A4EC7D19B4EA9D09F4EBDD809
:10CD6000A04EEFD9A14EF6CDA24EBABFA44EBBBD88
:10CD7000A54EA5BAA64EE0D2A74EFAB2A84EE0BA8A
:10CD8000A94EB6C4AB4EEDCFAC4EA9BEAD4EA4CDB0
:10CD9000AE4EC1C1B24ED7C7B34EF1D9B54EF4D9DC
:10CDA000BA4ECBC8BB4EE9D8BF4EDAD2C04EB2CADB
:10CDB000C14ECAC8C24EECD8C34EEAD8C44EC6D87B
:10CDC000C54EF6BDC64ECDC6C74EF0B3C94EEBD864
:10CDD000CA4EF1BDCB4EE9BDCD4ED4C8CE4ED3B474
:10CDE000D14ED8C2D34ED6B2D44ED0D7D54ECBCA60
:10CDF000D64EFBCBD74ECCD5D84EB6B8D94EC9CF30
:10CE0000DD4EDAD9DE4EF0D8DF4EAAC7E14EEED8BD
:10CE1000E34EFAB4E44EEEC1E54ED4D2E84EEDD87E
:10CE2000EA4EC7D2EB4EEFD8EC4EC7C3F04EF6D168
:10CE3000F24ED9D6F34EF2D8F54EF5D8F64EFEBCEA
:10CE4000F74EDBBCFB4ECEC8FD4EDDB7FF4EC2B782
:10CE5000014FF3C6094FF8D80A4FC1D20D4FE9CEA2
:10CE60000E4FBFBC0F4FFCB7104FA5B7114FDDD011
:10CE7000174FDAD6184FC5D3194FEFBB1A4FE1BB86
:10CE80001B4FF1D81E4FA1C91F4FB0CE204FABB4DE
:10CE9000224FF3D8244FCBC9254FF6D8264FD7C2FF
:10CEA000274FF7D82A4FB1CE2B4FF9D82F4FAEB21C
:10CEB000304FC0B9324FA3D9344FE9B0364FE6C135
:10CEC000384FECC93A4FC5CB3C4FC6CB3D4FA4D9E8
:10CED000434FE8B5464FABB54D4FBBCE4E4FCDB5EA
:10CEE0004F4FA1D7504FF4D7514FD3D3534FE5CC29
:10CEF000554FCEBA574FA2D9584FDCD9594FE0D32E
:10CF00005A4FFDD85B4FF0B75C4FF7D75D4FFED857
:10CF10005E4FFAD85F4FA1D9604FE3C4634FB6D3D9
:10CF2000644FF4D8654FDDD9674FFBD8694FE5C52D
:10CF30006C4FD0C06F4FF0D1704FDBB0734FD1BC8E
:10CF4000744FA6D9764FA5D97B4FACD97C4FAED9BB
:10CF50007E4FABD97F4FB9CA834FA9D9844FB6D67C
:10CF6000884FDEB3894FA8D98B4FFDC08D4FCCCAF7
:10CF70008F4FAAD9914FA7D9944FB0D9974FB1B637
:10CF80009B4FA9B99D4FC0D2A04FC0CFA34FC2C2E3
:10CF9000A54FC4BDA64FECD5A74FE0B2A84FC8C758
:10CFA000A94FEBBFAA4FADD9AC4FAFD9AE4FEACE28
:10CFB000AF4FEEBAB54FD6C7BF4FE3B1C34FD9B4E9
:10CFC000C44FEDB6C54FB4D9CA4FA1BFCE4FDED9BD
:10CFD000CF4FCEC7D04FFEC0D14FB8D9D74FD7CB48
:10CFE000D84FFDB7DA4FB5D9DC4FB7D9DD4FA3B174
:10CFF000DE4FE1D3DF4FB9D9E14FC5D0E34FB6D90A
:10D00000E64FB1D9E84FB2D9E94FA9C1EA4FB3D938
:10D01000ED4FF3BCEE4FDED0EF4FA9B8F14FE3BEBA
:10D02000F34FBDD9F84FBAD9FA4FB3B0FE4FC2D9BA
:10D030000C50C4D90D50B6B10F50BFD91250B9B56C
:10D040001450F3BE1850C8CC1950F2BA1A50D0D2AE
:10D050001C50C3D91F50E8BD2150ABB32550C5D9D2
:10D060002650EBBE2850C6D92950BBD92A50DFC460
:10D070002C50BED92D50C1D92E50C0D93A50AED562
:10D080003C50B5D63E50E3C74350C8D94750D9BCF1
:10D090004850CAD94C50BCD94E50CBD94F50ABC6D2
:10D0A0005550C9D95A50F6D75C50A3CD6550A1BD93
:10D0B0006C50CCD97650BCC57750B5CD7B50CDD90E
:10D0C0007E50C7D97F50A5B38050FEBF8550B5B8FC
:10D0D0008850FCC08D50F8B0A350F6B4A550CED9FE
:10D0E000A750CFD9A850A2B4A950D0D9AC50DFB422
:10D0F000B250C1B0BA50D1D9BB50B5C9CF50F1CFA1
:10D10000D650D2D9DA50C5C1E650D6D9E750AEC90B
:10D11000EC50D5D9ED50D4D9EE50D7D9F350DBCB64
:10D12000F550A9BDFB50A7C60651D3D90751D8D990
:10D130000B51D9D91251E5C82151DCC03F51F9B684
:10D140004051A3D84151CAD44351AAD44451D6D056
:10D150004551E4B34651D7D54851C8CF4951E2B9FA
:10D160004B51CBBF4D51E2C35151D2B65451C3CDF7
:10D170005551EED95651F0D95A51B3B55C51B5B6A7
:10D180006251A4BE6551EBC86851ABC86B51CBB0BE
:10D190006C51ABB96D51F9C16E51E2D97051BCC03F
:10D1A0007151B2B97351D8B97451CBD07551F8B12E
:10D1B0007651E4C67751DFBE7851E4B57951C8D7CE
:10D1C0007B51F8D17C51E6BC7D51DECA8051BDBC9B
:10D1D0008151E6D98251E7D88551DAC48851D4B853
:10D1E0008951BDC88C51E1B28D51D9D49251B0C38F
:10D1F0009551E1C39651A2DA9751DFC89951B4D045
:10D200009B51FCBE9C51A9C5A051DAB9A251A3DA29
:10D21000A451A9D4A551A4DAAB51FBD9AC51ACB6F9
:10D22000AF51EBB7B051F9B1B151FCD9B251E5B33F
:10D23000B351F6BEB551F6BFB651B1D2B751E4C045
:10D24000BB51B3B6BC51FED9BD51FDD9C051BBBE17
:10D25000C451E0C6C651BCD7C751A1DAC951B9C142
:10D26000CB51F2B5CC51E8C1CF51F5BCD151D5B4B9
:10D27000DB51DDC1DD51FDC4E051B8BCE151B2B7B5
:10D28000E451EFB7EB51ECD9ED51BEC6EF51ADBF54
:10D29000F051CBBBF351CAB5F551C9DBF651D7D02C
:10D2A000F851B9CDF951BCB0FA51F6B3FB51F7BB07
:10D2B000FC51CADBFD51AFBAFF51E4D40052B6B500
:10D2C0000152F3B50252D6D80352D0C80652D6B78F
:10D2D0000752D0C70852D7D80A52AFBF0D52BBDB96
:10D2E0000E52D8D81152CCD01252AEBB1652BEEB51
:10D2F0001752D0C11852F5C11952F2D41A52D5B8EA
:10D300001B52B4B41D52F5B32052BEC92452D0C52D
:10D310002852D9C52952FBC02B52F0B12D52D9D871
:10D320002E52CEB93052BDB53352DAD83652C6D6A7
:10D330003752A2CB3852AFC83952B2C93A52CCB4E4
:10D340003B52CCBF3D52F4B93F52DBD84052DCD8FF
:10D350004152E7B64252C1BC4352EACC4A52F7CFDF
:10D360004C52DDD84D52B0C75052D0B95152A3BD26
:10D370005452DECC5652CAC65C52E0D85E52DED859
:10D380006152DFD86552FEB06752E7BE6952A3CA48
:10D390006A52F4BC6F52B1B87252EEB87D52E2D804
:10D3A0007F52CBBD8152E4D88252E3D88852FCC56B
:10D3B0009052E5D89352E6D89B52A6C19D52B0C870
:10D3C0009E52ECB09F52A6B9A052D3BCA152F1CE4E
:10D3D000A252BDDBA352D3C1A852AFB6A952FAD60E
:10D3E000AA52ACC5AB52D9BDAC52BEDBAD52BFDB0D
:10D3F000B152F8C0B252A2BEB352CDC0BE52C0DBD1
:10D40000BF52C6CAC352AAB2C752C2D3C952E3C39B
:10D41000CB52ABD1D052C2DBD252D5C0D652C3DB35
:10D42000D852B1BFDF52BCC4E452DAC7F052C4DBF9
:10D43000F952E8D9FA52D7C9FE52B4B9FF52F0CE28
:10D440000053C8D40553FCB00653D2B40853D9D006
:10D450000D53E9D90F53CBDE1053EBD91553B0D888
:10D460001653AFBB1753B1B11953D7B31A53CED814
:10D470001D53D1D42053B3BD2153EFBF2353BBCF92
:10D480002653D0D82A53CBB72E53D1D83953A5C65B
:10D490003A53F8C73B53BDD23E53D2D83F53E4C4AE
:10D4A0004153AECA4353A7C74553A6D84753FDC9F6
:10D4B0004853E7CE4953DCBB4A53EBB04E53AABBAB
:10D4C0004F53ADD05153B0B15253E4D75353BFD79C
:10D4D0005553A5B55653F4C25753CFC45A53A9B2A6
:10D4E0005C53B7B25E53E5B15F53B2DF6053BCD556
:10D4F0006153A8BF6253ACC26353D5D86453B1C261
:10D500006653D4D86753D4CE6953E0DA6B53C0CE98
:10D510006E53B4D86F53AEC37053A1D37153A3CE1F
:10D520007353B4BC7453B4C87553D1C27753EDBEB2
:10D530007853B6D07A53E1DA7F53E4C78253A7B366
:10D540008453F2B68553FCCC8653FAC08953F7C096
:10D550008B53B9D18C53E1D18D53C7D89553DEB2DB
:10D560009853E5C09A53F1BA9D53C8D89F53ADD490
:10D57000A253E1CFA353C9D8A553CAD8A653C3CF4A
:10D58000A853F8B3A953C7BEAE53CBD8B653CCDB20
:10D59000BB53A5C8BF53D8CFC153FEC8C253CEB2E8
:10D5A000C853D6D3C953E6B2CA53B0BCCB53D1D3B8
:10D5B000CC53ABCBCD53B4B7D153A2B7D453E5CAF8
:10D5C000D653A1C8D753DCCAD853E4B1D953F0D04D
:10D5D000DB53D1C5DF53C5DBE053FEB5E353DABF00
:10D5E000E453C5B9E553E4BEE653EDC1E853B6DFF5
:10D5F000E953B5DFEA53BBD6EB53D0BDEC53D9D5D5
:10D60000ED53C8B0EE53A3B6EF53C9BFF053A8CC47
:10D61000F153B3DFF253B7CAF353D2D3F553CFD894
:10D62000F653B6D2F753C5BAF853BECBF953BECCB6
:10D63000FB53B7DFFC53F0B5FD53B4DF0154F5D312
:10D640000354D4B30454F7B80654BADF0854CFBA1D
:10D650000954AABC0A54F5B50C54ACCD0D54FBC307
:10D660000E54F3BA0F54F4C01054C2CD1154F2CF7B
:10D670001254B8DF1354C5CF1554C0C21654B9DFC5
:10D680001754F0C21B54FDBE1D54DFC11E54CCCD37
:10D690001F54F7D22054CDB72154C1DF2354C4DF27
:10D6A0002654F1B72754C9B02854D6B62954D4B754
:10D6B0002B54ACBA2C54FDCC2D54D4BF2E54B1CB2A
:10D6C0002F54F4C63154A8D63254C5DF3454E2CEB8
:10D6D0003554B3B33854FCCE3954B5B43B54C7CEEB
:10D6E0003C54F0BA3E54E1CE4054BDD14354C0DF67
:10D6F0004654F4B44854CAB34A54E6B84B54BBDF5A
:10D700005054C5C45254BCDF5354BDDF5454BEDF23
:10D710005554BBC55654BFDF5754C2DF5854B1D41B
:10D720005954C3DF5B54BAC75C54D8CE6254D8C4D2
:10D730006454CADF6654CFDF6854DCD67154C9DF45
:10D740007254DADF7354B6CE7554C7BA7654CEDF4E
:10D750007754C8DF7854DEC57B54EBC97C54F4BAE7
:10D760007D54FCC38054D7BE8254C6DF8454CDDFC1
:10D770008654D8C58B54A6D58C54CDBA8E54CCBE05
:10D780008F54BDD39054C0B89254E4D69454C7DF9C
:10D790009554BEB99654A7BF9954FCC19A54CBDF97
:10D7A0009B54CCDF9D54D0DFA354DBDFA454E5DFD2
:10D7B000A654D7DFA754D6DFA854C9D7A954E3DFAE
:10D7C000AA54E4DFAB54EBE5AC54A7D2AD54D2DF9E
:10D7D000AF54A9BFB154DBD4B354C8BFB454D4DFE1
:10D7E000B854CCCFBB54DDDFBD54CAD1BF54DEDF4B
:10D7F000C054A7B0C154B7C6C254D3DFC454E5BAAD
:10D80000C654DFB6C754DBCDC854FEB9C954D5D40D
:10D81000CC54DFDFCD54ECCFCE54A5B0CF54E7DFEE
:10D82000D054D1DFD154C6D1D254D5DFD354D8DFB0
:10D83000D454D9DFD554DCDFD754A9BBD954E0DFA9
:10D84000DA54E1DFDC54E2DFDD54E6DFDE54E8DF0A
:10D85000DF54B4D3E554E7B8E654B6C5E754EADF7D
:10D86000E854DAC9E954A8C1EA54C4C4ED54DEBF8F
:10D87000EE54F8CFF254DCD5F354EEDFFA54B8B2DC
:10D88000FC54DFBAFD54ECDFFF54C1DB0155E4D199
:10D890000655F4CB0755BDB40955A6B00F55F1DFB9
:10D8A0001055C6CC1155F2DF1455EDDF1B55E9DFDD
:10D8B0002055EBDF2255EFDF2355F0DF2455BDBBAC
:10D8C0002755F3DF2A55F4DF2C55A3BB2E55DBCAB1
:10D8D0002F55A8CE3055A7E03155AAB33355A6E051
:10D8E0003755A1E03C55FEDF3E55D9CD3F55FCDF15
:10D8F0004155FADF4355D0BF4455C4D74655CCC92E
:10D900004955F8DF4A55A1B05055FDDF5555FBDFAD
:10D910005655A2E05C55A8E06155C8B76455A1C64C
:10D920006555B6C96655B2C06755F5DF6A55BEC5BF
:10D930006C55C4D86D55F9DF6E55F6C47555A3E026
:10D940007655A4E07755A5E07855A5D07B55B4E091
:10D950007C55E4CC7E55B1E08055A6BF8155AFE043
:10D960008255B9CE8355ABE08455C6C98755AEC044
:10D970008855AEE08955EDBA8A55B0BA8B55A9E005
:10D980008F55F6DF9155B3E09455B8E09855ADB496
:10D990009955B9E09C55B2CF9D55C8BA9F55B0E096
:10D9A000A755FAD0B155ACE0B355FBD4B555F7DF68
:10D9B000B755E7C5B955ADE0BB55F7D3BD55B6E092
:10D9C000BE55B7E0C455C4E0C555E1D0C955BCE06B
:10D9D000CC55C9E0CD55CAE0D155BEE0D255AAE03C
:10D9E000D355A4C9D455C1E0D655B2E0DC55C8CA58
:10D9F000DD55C3E0DF55B5E0E155CBCEE355C3CBF4
:10DA0000E455CDE0E555C6E0E655C2E0E855CBE08B
:10DA1000EA55BAE0EB55BFE0EC55C0E0EF55C5E084
:10DA2000F255C7E0F355C8E0F555CCE0F755BBE03B
:10DA3000FD55D4CBFE55D5E00056D6E00156D2E0D8
:10DA40000856D0E00956CEBC0C56D1E00E56C2B8EE
:10DA50000F56C5D81856EAD01B56EFC21E56CFE057
:10DA60001F56BDE02356D4E02456D3E02756D7E016
:10DA70002C56DCE02D56D8E03156F6D63256B0B3EF
:10DA80003456ECD73656BBCB3956DAE03B56FBCE94
:10DA90003F56D9BA4C56E1E04D56DDE04E56ADD278
:10DAA0005456E2E05756DBE05856D9E05956DFE0CD
:10DAB0005C56E0E06256DEE06456E4E06856F7C685
:10DAC0006956ACD86A56EBD46B56E6E06C56C9CAB8
:10DAD0007156E5E07656C1B87B56E7E07C56E8E043
:10DAE0008556E9E08656E3E08E56BFBA8F56E7CCFE
:10DAF0009356EAE0A356F9CFAF56EBE0B756C2C84B
:10DB0000BC56C0BDCA56D2C4D456ECE0D756EDE0E0
:10DB1000DA56F4C7DB56C4CBDD56EEE0DE56D8BB92
:10DB2000DF56B6D8E056F2D2E156EFE0E256C5CD68
:10DB3000E456DAB6EB56F1E0ED56B0D4F056A7C095
:10DB4000F156D1B4F456A7CEF556F0E0F956F2E00E
:10DB5000FA56CCB9FD56FAB9FE56BCCDFF56F3E0E5
:10DB60000357D4C60457F4E00657B2D40857A6C8E2
:10DB70000957F6E00A57F5E01C57F7E01F57C1CDEB
:10DB80002357A5CA2857DAD42957D7DB2A57D9DB18
:10DB90002C57D8DB2D57E7B92E57DCDB2F57DDDBB1
:10DBA0003057D8B53357DADB3957DBDB3A57A1B3F7
:10DBB0003B57DFDB3E57F8BB4057B7D64257E0DB59
:10DBC0004757F9BE4A57BBB74C57D0DB4D57AECC81
:10DBD0004E57B2BF4F57B5BB5057F8D75157D3BF69
:10DBE0005757E9BF5A57E1BC5B57B3CC5C57DEDBF4
:10DBF0005D57D3B05E57EBCE5F57D8B76057B9D7F4
:10DC00006157C2C66457A4C06657B9CC6857E7DBF2
:10DC10006957E1DB6A57BAC66B57E3DB6D57E8DB40
:10DC20006F57F7C57357EADB7657E9DB7757C0BF05
:10DC30007B57E6DB7C57E5DB8257B9B48357ACC032
:10DC40008457A2C28557E2DB8657E4DB8B57CDD0E1
:10DC50008C57EDDB9257DDC09357F2DB9B57E2B652
:10DC6000A057F3DBA157D2DBA257B8B9A357ABD467
:10DC7000A457ECDBA657D1BFA757F0DBA957D1DBE0
:10DC8000AB57E6B5AD57EBDBAE57E5BFB257EEDBB2
:10DC9000B457F1DBB857F9DBC257A1B9C357A3B0EA
:10DCA000CB57F1C2CE57C7B3CF57EFDBD257F8DB14
:10DCB000D457D2C6D557F4DBD857F5DBD957F7DBA5
:10DCC000DA57F6DBDD57FEDBDF57F2D3E057BAB2A7
:10DCD000E457FDDBED57A4DCEF57FBDBF457FADB31
:10DCE000F857FCDBF957E0C5FA57F9BBFD57A3DC41
:10DCF0000058A5DC0258C3CC0658D1B60758C0DD81
:10DD00000B58A1DC0D58A2DC1158B5C71558E9B65F
:10DD10001958A7DC1E58A6DC2058A9DC2158A4B14C
:10DD20002458CCB52A58B0BF3058DFD13558C2B6C8
:10DD30004458A8DC4C58FACB4D58F3EB5158DCCB87
:10DD40005458FECB5858C1CC5E58FBC86558AADC65
:10DD50006B58EECC6C58ABDC7E58D3DB8058AFDC14
:10DD60008158ACDC8358B3BE8558FBCA8958ADDCFA
:10DD70009258CAC99358B9C49958BDC79A58AEDCCD
:10DD80009E58F6D49F58E6D0A858ABC4A958D5B62B
:10DD9000BC58D4DBC158DAB1C558D5DBD158D6DB75
:10DDA000D558BEBAE458C0C8EB58BFCAEC58C9C869
:10DDB000EE58B3D7F058F9C9F358C7BFF658F8BAB8
:10DDC000F958BCD20259BAE20459A6B40759B8B1FD
:10DDD0000D59B4B80F59C4CF1459E7D91559A6CF66
:10DDE0001659E2CD1959EDD91A59E0B61C59B9D2D4
:10DDF0001F59BBB92459B9E22559B7E22759F3B4E1
:10DE00002959ECCC2A59ABCC2B59F2B72D59B2D8A1
:10DE10002E59EBD12F59BBBA3159A7CA3459B7CDB6
:10DE20003759C4D23859E4BF3959D0BC3A59E1B650
:10DE30003C59C5DE4159C6DE4259BCDB4459D9D1F3
:10DE40004759E6C64859CEC44959EEB74B59DCB7D5
:10DE50004E59FCBF4F59E0D75159F5C65459BCB182
:10DE60005559C8DE5659B1BD5759D7CC5859CADE95
:10DE70005A59C9DE6059ECB56259DDC96559C2B05D
:10DE80007359AEC57459ABC57659CCC47859E9BC41
:10DE90007959FDCB7D59C3BA8159F9E58259E7C853
:10DEA0008359FAE58459FDCD8659B1D78759BEB853
:10DEB0008859E8C28A59D1C88D59FBE59259CAB62A
:10DEC0009359CBBC9659FDD19759A1E69959EEC308
:10DED0009E59A4E6A359FEE5A459A5E6A559D7CDB8
:10DEE000A859C1B7A959FCE5AA59FDE5AB59A3E664
:10DEF000AE59DDC4AF59A8E6B259A7E6B959C3C3B4
:10DF0000BB59DEC6BE59AAE6C659B7C4CA59A2E66D
:10DF1000CB59BCCAD059E3BDD159C3B9D259A6E631
:10DF2000D359D5D0D459AFCED759A9E6D859B0E6F0
:10DF3000DA59A6D2DC59AABDDD59ADE6E359AFE600
:10DF4000E559D1C0E859CCD2EC59A7BCF959B1E692
:10DF5000FB59F6D2FF59CBD7015AFECD035ADECD7D
:10DF6000045AA6C2055AABE6065AACE6075ABFBD2C
:10DF7000085AAEE6095AB3E60C5AB2E6115AB6E6AA
:10DF8000135AB8E6185AEFC41C5AC8C41F5AEABE3E
:10DF9000205AEFC9235AB7E6255AF0B6295AE4C3E6
:10DFA000315AE9D3325AB4E6345AB5E6365AA2C8E1
:10DFB0003C5ABDE6405AB9E6465AC5C6495AF1CD63
:10DFC0004A5ABBE6555ABCE65A5AE9BB625ABEE603
:10DFD000675ABAE66A5AB7C0745AA4D3755ABFE6EC
:10DFE000765AF4C9775AC3E67A5AC4E67F5AF6D00D
:10DFF000925ABDC39A5AC4C39B5AC2E6AA5AC1E6F2
:10E00000B25AC7E6B35AB1CFB55AF4EBB85ACAE61A
:10E01000BE5AC5E6C15ADEBCC25AA9C9C95AB5BC66
:10E02000CC5AD3CFD25AC8E6D45AC9E6D65ACEE68D
:10E03000D85AD0E6DC5AD1E6E05ACBE6E15AD5B55B
:10E04000E35ACCE6E65ACFE6E95ADBC4EB5AC6E619
:10E05000F15ACDE6095BD2E6165BD4E6175BD3E650
:10E06000325BD5E6345BF8D9375BD6E6405BD7E662
:10E07000505BD3D7515BDDE6535BDEE6545BD7BF25
:10E08000555BD0D4575BD6D7585BE6B4595BEFCB22
:10E090005A5BDAE65B5BC3D85C5BCED75D5BA2D034
:10E0A0005F5BCFC3625BDFE6635BBEBC645BC2B930
:10E0B000655BDBE6665BA7D1695BA2BA6A5BCFC230
:10E0C0006C5BABD8705BEBCA715BEEE5735BDCE657
:10E0D000755BF5B77A5BE6C87D5BF5C4805BB2E53E
:10E0E000815BFEC4835BFCCB845BB3E5855BACD515
:10E0F000875BEED3885BD8CA895BB2B08B5BCECB33
:10E100008C5BEACD8F5BEABA935BB5E5955BB4E5D2
:10E11000975BDAD7985BD9B9995BE6D69A5BA8B6D4
:10E120009B5BF0CD9C5BCBD29D5BA6B19E5BB5CAE1
:10E13000A05BE8B3A15BF3C9A25BCDBFA35BFBD03F
:10E14000A45BD2CAA55BB6E5A65BC2BBAA5BDCCF6B
:10E15000AB5BACB9B05BD7D4B35BA6BAB45BE7D169
:10E16000B55BFCCFB65BD2BCB85BB7E5B95BDDC8CD
:10E17000BD5BEDBFBE5BF6B1BF5BDECBC25BC5BCBA
:10E18000C45BC4BCC55BFAD2C65BDCC3C75BDCBF87
:10E19000CC5BBBB8D05BC2C3D25BAEBAD35BA2D4FC
:10E1A000DD5BDEC7DE5BAFC4DF5BECB2E15BD1B948
:10E1B000E45BBBE5E55BC8C1E85BAFD5EE5BBCE506
:10E1C000F05BBEE5F85BE7B4F95BD4B6FA5BC2CBB3
:10E1D000FB5BB0D1FC5BBCB5FF5BD9CA015CE2B7AD
:10E1E000045CE4C9065CABBD095CBECE0A5CF0D73A
:10E1F0000F5CA1D0115CD9C9145CFBB6155CD8E6E4
:10E20000165CE2BC185CBEB31A5CD0C91C5CD9E6D3
:10E210001D5CA2B3225CCCDE245CC8D3255CCDDEC1
:10E22000275CA2D22C5CCEDE315CCDBE345CCFDE6E
:10E23000385CACCA395CFCD23A5CDFB33B5CEAE5E3
:10E240003C5CE1C43D5CA1BE3E5CB2CE3F5CF2C42E
:10E25000405CD6BE415CA8C6425CE3B2455CD3BE1E
:10E26000485CFCC7495CEBCC4A5CECBD4B5CDDCE4A
:10E270004E5CBACA4F5CC1C6505CECE5515CBCD088
:10E28000555CB9D5595CEDE55E5CF4CA605CC0CD07
:10E29000615CC5C2635CEFE5655CC4C2665CF0E5C9
:10E2A0006E5CF8E56F5CCDCD715CBDC9795CD9D28F
:10E2B0007A5CA8E17F5CECD3815CEACB825CF1C63E
:10E2C000885CACE18C5CA7E18D5CA9E1905CAAE183
:10E2D000915CAFE1945CEDB2965CABE1975CDAB82F
:10E2E000985CADE1995CAEE19A5CB0E19B5CBAB53B
:10E2F0009C5CB1E1A25CB3E1A35CB8E1A95CD2D1C2
:10E30000AB5CB6E1AC5CB5E1AD5CEBC1B15CB7E177
:10E31000B35CC0D4B55CB2E1B75CBAE1B85CB6B08E
:10E32000BD5CB4E1BF5CF9BFC15CB9E1C45CBBE1F9
:10E33000CB5CBEE1D25CBCE1D95CC5D6E15CBFCFB1
:10E34000E45CBDE1E55CBFE1E65CCDC2E85CEBB658
:10E35000EA5CF8D3ED5CCDC7F05CE5B7FB5CFEBED4
:10E36000025DC0E1035DC1E1065DC7E1075DE7B3A2
:10E370000E5DE9C6145DDEB4165DC2D11B5DC8E159
:10E380001E5DC6E1245DC5E1265DC3E1275DC2E1F6
:10E39000295DC0B12D5DB8D52E5DC4E1345DCBE102
:10E3A0003D5DCCE13E5DCAE1475DFAEF4A5DD3E1F8
:10E3B0004B5DD2E14C5DB6C7585DC9E15B5DCEE116
:10E3C0005D5DD0E1695DD4E16B5DD1E16C5DCDE176
:10E3D0006F5DCFE1745DD5E1825DD6E1995DD7E1F6
:10E3E0009D5DD8E1B75DDAE1C55DDBE1CD5DA1CE34
:10E3F000DB5DDDE7DD5DA8B4DE5DDDD6E15DB2D1DC
:10E40000E25DB2B3E55DA4B9E65DF3D7E75DC9C7E8
:10E41000E85DDEBEE95DAEB9EB5DD7CEEE5DEEB296
:10E42000EF5DCFDBF15DBABCF25DD1D2F35DC8CB5D
:10E43000F45DCDB0F75DEFCFFD5DE3D9FE5DEDBDE1
:10E44000015ED2B1025ED0CA035EBCB2055EA7CB4C
:10E45000065EABB7085EA6CA0C5EA3CF0F5EF8E0FF
:10E46000105ECAD5115EFBE0145EFAE0155EC1C510
:10E47000165EFBCC185EB1C1195EF9E01A5EE3D6F8
:10E480001B5EAFB21C5EC4D61D5EDBB5265EF8B463
:10E49000275EA1D62D5EAFCF2E5EEFB0315EFCE0E1
:10E4A000375EA1E1385EA3B33B5EFDE03C5EFEE07B
:10E4B0003D5EB1C3425EDDC3445EA2E1455EF9B795
:10E4C0004C5ECFBB545EA3E1555EBBC45B5EA4E172
:10E4D0005E5EA5E1615EA6E1625EB1B4725EC9B83E
:10E4E000735EBDC6745EEAC4765EA2B2785ED2D0B8
:10E4F0007A5EDBE77B5EC3BB7C5ED7D37D5EC4D335
:10E500007F5EE3B9805ECFE2845EAFD7865EECC704
:10E51000875ED3B18A5EB2B48B5ED1E28F5EF2D0F9
:10E52000905EAEC2915ED0E2935EE2BF945EA6D3EF
:10E53000955ED7B5965ED2E2975EEAB5995EEDC379
:10E540009A5EFDB89C5EAEB89E5ED3C59F5ECFB7A7
:10E55000A05ED4E2A55ED3E2A65EC8B6A75EF9D7F8
:10E56000AD5EA5CDB35ED8E2B55ED6E2B65EFCCABE
:10E57000B75EB5BFB85EB9D3B95ED5E2BE5ED7E2CD
:10E58000C95EAEC1CA5EC8C0D15EDBE2D25EDAE26D
:10E59000D35EAAC0D65ECEC1DB5EDCE2E85EDDE221
:10E5A000EA5EDEE2F45EC8DBF65ED3D1F75EA2CDB2
:10E5B000FA5EA8BDFE5EC3DEFF5EA5D8005FAABFFF
:10E5C000015FCDDB025FECD2035FFAC6045FAAC530
:10E5D000085FC4DE0A5FD7B10B5FAEDF0F5FBDCA55
:10E5E000115FB1DF135FADB9155FFDD2175FA5B83D
:10E5F000185FEBBA1B5FDAB31F5FDCB5205FC5D5D0
:10E60000255FD6C3265FD2CF275FA1BB295FF3E585
:10E610002A5FF2E52D5FF4E52F5FE4CD315FF5C8A9
:10E62000395FAFB53A5FBFC73C5FF6E5405FB0EC1E
:10E63000505FE6E5525FE9B9535FB1B5555FBCC2C3
:10E64000565FE8E5575FE7E5585FE9E55D5FCDD2E6
:10E65000615FEAE1625FCED0645FAECD665FE5D117
:10E66000695FCAB26A5FEBB16C5FF2B16D5FEDC515
:10E67000705FC3D5715FB0D3735FDCE1775FDDE1BD
:10E68000795FDBD27B5FB9B37C5FCBB1805FF9CDC3
:10E69000815FF7D5825FDEE1845FB6BE855FFDB442
:10E6A000875FDFE1885FDCBA895FE0E18A5FB2BB48
:10E6B0008B5FC9C28C5FE1E1905FECD0925FBDCD12
:10E6C000955FE2E1975FC3B5985FC7C5995FE3E1E6
:10E6D0009C5FE4E1A15FF9D3A85FE5E1AA5FADD15A
:10E6E000AD5FE6E1AE5FA2CEB55FE7E1B75FC2B571
:10E6F000BC5FE8E1BD5FD5BBC35FC4D0C45FE0E2EF
:10E70000C55FD8B1C65FE4D2C95FE1E2CC5FC9BCE6
:10E71000CD5FCCC8CF5FE3E2D05FFEECD15FFDEC14
:10E72000D25FAFDFD65FE2E2D75FBED6D85FFCCD67
:10E73000D95FA6C3DD5FC3E3E05FD2D6E15FE7E266
:10E74000E45FE8E2E75FC7D3EA5FECE2EB5FECBFD0
:10E75000ED5FEDE2EE5FE5E2F15FC0B3F55FEEC4C1
:10E76000F85FEEE2FB5FC3D0FD5FF6BAFE5FE9E261
:10E77000FF5FDEB70060B3BB0160ACCC0260CBCB07
:10E780000360E4E20460E6E20560EAE20660EBE2D0
:10E790000A60F7E20D60F4E20E60F5D40F60F3E278
:10E7A0001260ADC51460FAD51560C2C51660C0B25E
:10E7B0001960EFE21B60F2E21C60AFC11D60BCCBD0
:10E7C0002060A1B52160F9E22560B1BC2660F1E2CC
:10E7D0002760D4D02860B9D42960F5E22A60D6B980
:10E7E0002B60F6E22F60D3C73560F0E23B60DCD7E8
:10E7F0003C60A1ED3F60F8E24160A5ED4260FEE2C1
:10E800004360D1CA4B60B5C14D60D0BB5060D6BF2C
:10E810005260E3BA5560A1CB5960A6ED5A60A3EDF2
:10E820005D60A2ED6260D6BB6360A7ED6460F4D06A
:10E830006760A4ED6860DEBA6960F7B66A60A1E35C
:10E840006B60B2B66C60F1CC6D60A7B96F60A2CF9F
:10E850007060A1C77360D2BF7660F1B67860FAE2EB
:10E860007960FBE27A60FDE27B60FCE27C60D5C40B
:10E870007D60A2E37F60C1D38360A7E38460C4C7E7
:10E880008960A4CF8C60A9E38D60B7BA9260A8E3D9
:10E890009460DABB9660A3E39A60A4E39B60AAE36A
:10E8A0009D60A6E39F60F2CEA060C6D3A360BCBB10
:10E8B000A660C3D4A860FAC4AB60A8EDAC60FCD07D
:10E8C000AD60A5E3AF60F5C3B160ADE3B260AFB1D9
:10E8D000B460B2E3B860C2BCBB60ACE3BC60BFB5BF
:10E8E000C560E9C7C660B0E3CA60AABECB60EFCD21
:10E8F000D160F3BBD560E8CCD860AFE3DA60B1E3B8
:10E90000DC60A7CFDD60AEE3DF60A9CEE060DDBBF9
:10E91000E660EBB5E760E5BEE860D2B2E960CDB392
:10E92000EB60B9B1EC60ABE3ED60D1B2EE60ACB5D9
:10E93000EF60DFB9F060E8B6F360EBCFF460B7E307
:10E94000F660CCBBF960C7C8FA60CAD00061B8E312
:10E950000161EEB30661A9ED0861FAD30961E4D360
:10E960000D61AAED0E61B9E30F61E2D21561B5E365
:10E970001A61DED31F61D0B82061B3E32361B6E32F
:10E980002461DFB72661B4E32761A2C02B61BAE33B
:10E990003F61B8D44861C8B44A61BBE34C61C5BBB0
:10E9A0004E61F7C95161E5C95561BDC45D61ABED0B
:10E9B0006261FDC26761DBBB6861AEBF7061BFCEE3
:10E9C0007561BCE37761B6BF8B61EFB18E61F7D43F
:10E9D0009461BEE39D61ADEDA761BFE3A861A9BAF3
:10E9E000A961ACEDAC61BDE3B761C0E3BE61B6BA8D
:10E9F000C261AEB6C861B8D0CA61C3B0CB61AEED7A
:10EA0000D161AFEDD261C1C0D461C1E3E661B3C5EC
:10EA1000F561C2E3FF61B2DC0662B0ED0862EAB8FC
:10EA20000A62ECCE0B62A7EA0C62E7D00D62F9CA6B
:10EA30000E62D6C80F62B7CF1062C9B31162D2CED0
:10EA40001262E4BD1562DEE31662F2BB1762A8EA49
:10EA50001862BDD51A62DDC61B62A9EA1F62AAEA66
:10EA60002162ACEA2262ABEA2462AEEA2562ADEA38
:10EA70002A62D8BD2C62AFEA2E62BEC23362C1B434
:10EA80003462F7B43762A7BB3D62E6EC3E62E5EC68
:10EA90003F62BFB74062F9CB4162E2B14362E7EC4B
:10EAA0004762C8C94862E8EC4962E9EC4B62D6CAE1
:10EAB0004C62D0DE4D62C5B24E62FAD45162CBC612
:10EAC0005262C7B05362F2B45462D3C85862D0CD18
:10EAD0005B62B8BF6362DBBF6662A4C76762B4D61D
:10EAE0006962A9C06A62D1DE6B62A8C96C62EFD1AB
:10EAF0006D62A4C56E62E7B06F62B6B37062C5C8DE
:10EB00007362E2B07662F6B77962FAC57C62F3B6F8
:10EB10007E62D2D57F62D0B38062BCBC8462ADB36A
:10EB20008962F1BE8A62D1B09162D6D29262E3CAA2
:10EB30009362A5D79562B6CD9662B6B69762B9BF15
:10EB40009862DBD59A62A7B89B62D7C59F62D2DE76
:10EB5000A062D9BFA162D5C2A262C0C7A462A4BB91
:10EB6000A562A8B1A862EAC5AB62FBC5AC62A7CC3E
:10EB7000B162A7B1B562D6B5B962A8C4BB62D3DE33
:10EB8000BC62BAD1BD62E9B3BF62F2C3C262F7B779
:10EB9000C462F4D6C562A3B5C662F0B2C762B4C49B
:10EBA000C862E9C4C962ADC0CA62D4DECC62E8B052
:10EBB000CD62C4C5CE62E0C1D062D5B9D262DCBE3E
:10EBC000D362D8CDD462CEB0D662CFCDD762D6DEF6
:10EBD000D862D0BED962BED7DA62D5DEDB62D0D5CC
:10EBE000DC62DDB0DF62E2C4E262A3C2E362F0BCD9
:10EBF000E562B5D3E662B9C0E762A1C5E862A6B234
:10EC0000E962F1D4EC62A8C0ED62C3CAEE62D7DE5D
:10EC1000EF62FCD5F162B0B9F362ADC8F462A9CB82
:10EC2000F662D9DEF762BDBFFC62B4C6FD62A7D74B
:10EC3000FE62B0CAFF62C3C40163D6B30263D2B935
:10EC40000763B8D60863FCEA0963B4B00E63E6BF95
:10EC50001163F4CC1663DACD1A63BFD61B63CEC240
:10EC60001D63CECE1E63A2CC1F63AED02063D3C47F
:10EC70002163B2B52263D8DE2363F5D52463B7BC24
:10EC80002563D3BB2863A4B02A63B2C52B63ECB45D
:10EC90002F63F1D53263FDEA3963DADE3A63A6CD3C
:10ECA0003D63ECCD4263E6CE4363DCDE4563B1CD2C
:10ECB0004663A6C04963BDD74B63DBDE4C63C6B079
:10ECC0004D63B4BA4E63D3C94F63F3C45063E8BE17
:10ECD0005563B6B25E63CCC05F63F0CB6163F1BCD9
:10ECE0006263BBBB6363B7B56763F5C56963E6DEA3
:10ECF0006D63E3DE6E63DDBE7163DFDE7663B7B442
:10ED00007763DDBD7A63E0DE7B63EDC48063C6CFED
:10ED10008263E0B58763DEB68863DACA8963F4B5D7
:10ED20008A63E5DE8C63C6D58E63E1DE8F63CDCC6E
:10ED30009063FEC69263C5C59663B4D29863F2BE73
:10ED4000A063D3C2A263BDCCA363B8B3A563D3BD94
:10ED5000A763D8BFA863C6CDA963DAD1AA63EBB411
:10ED6000AC63E4DEAD63DDDEAE63E7DEB063FEEA36
:10ED7000B363B0C2B463E2DEB763C0D6B863A7B50D
:10ED8000BA63F4B2BC63E8DEBE63F2DEC463EDDEF8
:10ED9000C663F1DEC963E0C8CD63E1D7CE63EFDEC1
:10EDA000CF63E8C3D063E1CCD263E5B2D663BED211
:10EDB000DE63EEDEE063EBDEE163D5CEE363A7B4B2
:10EDC000E963ABBFEA63BEBEED63D2BDF263E9DEC9
:10EDD000F463AED4F663DEDEF863EADEFD63BFC043
:10EDE000FF63ECDE0064F3B20164E9B80264A7C219
:10EDF0000564C1BD0B64F5DE0C64F8DE0F64ABB2D4
:10EE00001064A4B41364EAB41464A6C91B64F6DEE7
:10EE10001C64D1CB1E64E3B82064F7DE2164FADE03
:10EE20002664F9DE2A64C2CC2C64E1B02D64EEB411
:10EE30003464BAE53A64AFD03D64EBB23F64A1EB11
:10EE40004164F4DE4464E3C94564F3DE4664DAB049
:10EE50004764A1D24864F7B14A64AFCC5264F0DE93
:10EE60005464A4CB5864AAD55E64FBDE6764DDB449
:10EE70006964A6C46D64FDDE7864FEC37964A1C4D0
:10EE80007A64A1DF8264CCC18464FCDE8564EFBE59
:10EE90008764B2C69164C5B39264F6C89564BACB70
:10EEA0009664FEDE9964A4DF9E64B2D7A464B7B30F
:10EEB000A964C3C1AC64CBC7AD64A5B2AE64E9B408
:10EEC000B064ABD7B564ECC4B764A2DFB864A3DFA9
:10EED000BA64A5DFBC64B3BAC064A6DFC264DEC096
:10EEE000C564C3C9CD64D9B2CE64E6C7D064A7DF18
:10EEF000D264DCC7D764A8DFD864A2EBDE64D3CBCE
:10EF0000E264AADFE464A9DFE664C1B20065CAC5B1
:10EF10000965ABDF1265DCD41865C1C82565ACDFB7
:10EF20002B65F0BE2E65ADDF2F65A7D63465B7EA39
:10EF30003565B6EB3665D5CA3865FCD83965C4B8D1
:10EF40003B65A5B93E65C5B73F65FED54565CAB900
:10EF50004865A7D04965CDF44C65D0B54F65F4C37D
:10EF60005165C8BE5565B7EB5665BDB05965CCBD9A
:10EF70005B65B2C15D65D6B15E65A8B36265D2B8A6
:10EF80006365A2C96665D8B66B65B8EB6C65B4BE3F
:10EF90007065FDCA7265C3C77465FBD57765F3B745
:10EFA0008765C4CE8B65ABD58C65F3B19065B3EC4A
:10EFB0009165DFB09365B5EC9765B7B69965CFC13C
:10EFC0009B65FAF59C65B1D09F65E5D5A165D3CE6B
:10EFD000A465EFBDA565E2B3A765ABB8A965B6D5D5
:10EFE000AB65BDEDAD65CFB6AF65B9CBB065C2D091
:10EFF000B965BDB7BC65B6ECBD65A9CAC165D4C568
:10F00000C365B9ECC465B8ECC565C3C2C665B7ECE9
:10F01000CB65FDD0CC65BAECCE65BBECCF65E5D752
:10F02000D265BCECD665BDECD765ECC6E065DECE3E
:10F03000E265C8BCE565D5C8E665A9B5E765C9BEA2
:10F04000E865BCD6E965E7D4EC65AED1ED65F1D0F5
:10F05000EE65B8EAEF65B9EAF065BAEAF165B5BA06
:10F06000F665B1CAF765F5BFFA65FACD0066C0EA84
:10F070000266BAB00366BEEA0666A5C00A66BBEAC7
:10F080000C66FDB20E66F7C30F66E8BB1366D7D2F7
:10F090001466F4CE1566BFEA1966BCEA1D66C3EABB
:10F0A0001F66C7D02066B3D32566BAB42766C1C32E
:10F0B0002866F2D72D66D1D52F66C7CA3166C5EA54
:10F0C0003466C4EA3566C7EA3666C6EA3C66E7D601
:10F0D0003E66D4CF4166CBEA4366CEBB4B66FABDF3
:10F0E0004C66CEC94F66CCEA5266B9C95366FECFAC
:10F0F0005466CAEA5566CED45666CDEA5766CFEA5C
:10F100005A66EDCD5F66C9EA6166CEEA6466EECE08
:10F110006666DEBB6866BFB36E66D5C66F66B0BE98
:10F120007066FACE7466E7C77666A7BE7766D0EAE1
:10F130007A66C7D67E66C0C18266DDD48466D1EAAF
:10F140008766BECF8C66D2EA9166EECA9666AFC578
:10F150009766B5B09D66D4EAA766D3EAA866DFF4E1
:10F16000AE66BAC4B466A9B1B966DFE5BE66D5EAD3
:10F17000D966EFCADB66D6EADC66D7EADD66D8C6B2
:10F18000E666D8EAE966D9EAF066BBD4F266FAC761
:10F19000F366B7D2F466FCB8F766C2EAF966DCB289
:10F1A000FC66FCC2FE66F8D4FF66E6CC0067EED7CC
:10F1B0000867C2D40967D0D30A67C3EB0B67F3C5EE
:10F1C0000D67FEB71067D4EB1467B7CB1567DEEB9E
:10F1D0001767CAC01B67FBCD1D67AFB31F67DAC6D1
:10F1E0002667FCEB2867BEC42A67B4CE2B67A9C488
:10F1F0002C67BEB12D67FDD42F67F5CA3167ECD6F9
:10F200003467D3C63567E4B63A67FABB3D67E0D0EA
:10F210004067B1C94267D3D44367A8C84667CBB833
:10F220004867BEE84967BCC94C67BBE84E67EEC09B
:10F230004F67D3D05067C4B25167E5B45367BCE899
:10F240005667C8D55C67C5B65E67BDE85F67F8CA34
:10F250006067DCB86167F5CC6567B4C06867EED1FC
:10F260006967BFE86A67C2E86D67BCBA6F67ADB12E
:10F270007067DCBD7267BDEA7367C3E87567C6E88F
:10F280007767CBE87C67CCE87E67C9CB7F67E5B062
:10F290008167ABBC8467B9B98767C1E88967F7CD77
:10F2A0008B67CAE89067F6CE9567EDD59767D6C1AC
:10F2B0009867C4E89A67B6C39C67FBB99D67A6D6F2
:10F2C0009E67C8E8A267E0CAA367E6D4A567C0E85E
:10F2D000A767C5E8A867C7E8AA67B9C7AB67E3B778
:10F2E000AD67C9E8AF67DDBFB067D2E8B367D7E8FD
:10F2F000B567D5E8B667DCBCB767CFBCB867DBE8F5
:10F30000C167DEE8C367DAE8C467FAB1CF67D8B08F
:10F31000D067B3C4D167CCB8D267E2C6D367BEC8E2
:10F32000D467E1C8D867CFE8D967D4E8DA67D6E808
:10F33000DC67F1B9DD67D8E8DE67F5D7E067FBC4C5
:10F34000E267DCE8E567E9B2E967D1E8EC67EDBCC4
:10F35000EF67C2BFF067CDE8F167F9D6F367F8C190
:10F36000F467F1B2FD67DFE8FF67C1CA0068D9E85A
:10F370000568A4D50768EAB10868BBD50968CEE876
:10F380000A68D0E80B68B0B60C68D3E80E68DDE810
:10F390000F68B8C01168F7CA1368A8CB1668DCC636
:10F3A0001768F5C01D68E9E82168A3D02968F2E86C
:10F3B0002A68EAD63268E0E83368E1E83768F9D1CC
:10F3C0003868CBBA3968F9B83C68F1B83D68D4D42C
:10F3D0003E68EFE84068EEE84168ECE84268F0B962
:10F3E0004368D2CC4468E6E84568A6CE4668F2BFDA
:10F3F0004868B8B04968F1E84A68F0E84C68C0D796
:10F400004E68E4E85068A9CD5168A3C95368B8BBF9
:10F410005468DBBD5568EAE86068E2E86168E3E8E3
:10F420006268E5E86368B5B56468E7E86568C5C71C
:10F430006668EBE86768EDE86868B0BD6968AED7F4
:10F440006B68F8E87468F5E87668B0CD7768F6E838
:10F450008168BAC18368E8E88568B7C38668F0B098
:10F460008F68F4E89368F7E89768A3B9A268D2C9EF
:10F47000A668CEC3A768E0CEA868E6C0AD68F3CBA7
:10F48000AF68DDCCB068B5D0B368E1CAB568F3E861
:10F49000C068ECBCC268F9E8C968DEC3CB68E5C6E1
:10F4A000CD68F7B9D268F4B0D568D8D7D868ACBC05
:10F4B000DA68EFC5E068C4CCE368A6E9EE68ADC9D8
:10F4C000F068A2E9F168E2C0F568C3BFF968FEE838
:10F4D000FA68D7B9FC68FBE80169A4E90569CED2EE
:10F4E0000B69A3E90D69B2D60E69B5D71069A7E912
:10F4F0001269B7BD1F69FCE82069FDE82469A1E92C
:10F500002D69D6CD3069ACD23469B2E93969A9E93F
:10F510003D69AAB43F69BBB44269ABE95469A8D05C
:10F520005769A5E95A69FEB35D69ACE95E69E3C054
:10F530006069AAE96369B9E96669B8E96B69AEE926
:10F540006E69FAE87169A8E97769ACBF7869B1E9D1
:10F550007969BAE97C69A5C28069AFE98269C5B8F1
:10F560008469ADE98669DCD38769B4E98869B5E95E
:10F570008969B7E98D69C7E99469C6C09569C5E924
:10F580009869B0E99B69BBE99C69F1B0A769BCE9DE
:10F59000A869A5D5AB69BEE9AD69BFE9B169C1E9A3
:10F5A000B469F1C1B769B6C8BB69BDE9C169C2E94F
:10F5B000CA69C3E9CC69B3E9CE69B6E9D069B1BB20
:10F5C000D469C0E9DB69F7BCDF69C4E9E069C6E971
:10F5D000ED69CAE9F269CEE9FD69DBB2FF69C8E904
:10F5E0000A6AAEB7176ACBE9186ACCE91F6AC1D5B7
:10F5F000216AA3C4286AD8E92A6AE1BA2F6AC9E94C
:10F60000316AA3D3356AD4E93D6AD7E93E6AD0E9C5
:10F61000446ACFE9476AC1C7506AD2E9586AD9E952
:10F62000596AC8B35B6AD3E9616AF0CF656ACDE90C
:10F63000716AF7B3796AD6E97C6ADAE9806AB4CC90
:10F64000846AADCF8E6AD5E9906ADCE9916ADBE91C
:10F65000976ADEE9A06AD1E9A96ADDE9AB6ADFE968
:10F66000AC6ACAC3206BB7C7216BCEB4226BB6BBE2
:10F67000236BC0D0246BA3EC276BB7C5326BFBD3D5
:10F68000376BA4EC396BA5EC3A6BDBC63E6BEEBF77
:10F69000436BA6EC466BA7EC476BAAD0496BB8C787
:10F6A0004C6BE8B8596BA8EC626BB9D6636BFDD5AF
:10F6B000646BCBB4656BBDB2666BE4CE676BE7C6BB
:10F6C0006A6BE1CD796BF5B47B6BC0CB7C6BDFBC37
:10F6D000816BE2E9826BE3E9836BEAD1846BE5E954
:10F6E000866BF9B4876BE4E9896BB3D18A6BE2CAA4
:10F6F0008B6BD0B28D6BE8E9926BE6E9936BE7E92F
:10F70000966BB3D69A6BE9E99B6BEAE9A16BEBE9DF
:10F71000AA6BECE9B36BAFECB46BB9C5B56BCEB605
:10F72000B76BF3D2BF6BEEB5C16BD9BBC26BB1EC9B
:10F73000C56BE3D2CB6BE3CECD6BB8C4CF6BBFC38D
:10F74000D26BBEB6D36BB9D8D46BC8B1D56BCFB1C1
:10F75000D66BD1B1D76BFEC5D96BD0B1DB6BABC368
:10F76000E16BB1D5EA6BA4EBEB6BC1BAEF6BBACC32
:10F77000F36BA5EBF56BA7EBF96BA8EBFD6BA6EBB9
:10F78000056CA9EB066CABEB076CAAEB0D6CACEB54
:10F790000F6CCFCA106CB5D8116CF1C3136CA5C334
:10F7A000146CF8C6156CADEB166CCAC4186CAEEBD5
:10F7B000196CAFEB1A6CB0EB1B6CD5B71F6CFAB7BA
:10F7C000216CB1EB226CE2C7246CB3EB266CA4BABB
:10F7D000276CF5D1286CB1B0296CB2EB2A6CB4EB74
:10F7E0002E6CAAB52F6CC8C2306CE8C7326CB5EB72
:10F7F000346CAECB356CDFE3386CC0D33D6CDBD9F9
:10F80000406CA1CD416CADD6426CF3C7466CE0D9DB
:10F81000476CE3BB496CBABA4A6CE2E3506CABCFBD
:10F82000546CE0E3556CC7C9576CB9BA5B6CB4D182
:10F830005C6CE1E35D6CEAC85E6CAFB95F6CADBD5A
:10F84000606CD8B3616CDBCE646CC0CC686CE8E3F0
:10F85000696CE9E36A6CF4CD706CADCC726CB3BCCE
:10F86000746CEAE3766CEBE3796CDAD07D6CFBC602
:10F870007E6CDAB7816CDFC7826CCAD2836CD6CE5D
:10F88000856CE4E3866CECE3886CF2C9896CC1B3E7
:10F890008C6CE7E38F6CE3C6906CE5E3936CB3ED9F
:10F8A000946CE6E3996CB3C99B6CE6C59F6CB5B9E3
:10F8B000A16CBBC3A36CE3E3A46CBDC5A56CA4C1E0
:10F8C000A66CD9C2A76CD7B2A96CEDE3AA6CA6BB93
:10F8D000AB6CADC4AD6CF0E3AE6CDABEB16CFBE307
:10F8E000B26CF5E3B36CD3BAB86CD0B7B96CCDD306
:10F8F000BB6CCED6BC6CD3D5BD6CC1B9BE6CB4D517
:10F90000BF6CD8D1C46CB9D0C56CF6C7C96CAAC8D5
:10F91000CA6CB4B2CC6CDAC3D06CEEE3D36CFCE34B
:10F92000D46CEFE3D56CA8B7D66CF7E3D76CF4E3EF
:10F93000DB6CBAB7DE6CA2C5E06CF6E3E16CDDC54A
:10F94000E26CA8B2E36CFCC6E56CE0C4E86CA2D73C
:10F95000EA6CE1C0EB6CF9E3EE6CFAE3EF6CFDE30B
:10F96000F06CA9CCF16CF3E3F36CBED3F56CC3B1CE
:10F97000F66CB4EDF76CF1E3F86CF2E3FA6CF8E3D3
:10F98000FB6CBAD0FC6CC3C6FD6CF3D4FE6CFEE31A
:10F99000016DE0BD046DA7E4076DA6E40B6DF3D126
:10F9A0000C6DA3E40E6DA9E4126DF7C8176DB4CF0A
:10F9B000196DA8E41A6DAEE41B6DE5C21E6DB4B6F8
:10F9C000256DF2BD276DA2E42A6DE9BA2B6DAAE47C
:10F9D0002E6DACE4316DFDB6326DDED6336DB2E422
:10F9E000356DADE4396DA1E43B6DEEBB3C6DDDCD15
:10F9F0003D6DA2C73E6DC9C5416DF7C1436DA4E41D
:10FA0000456DB3C7466DACBD476DBDBD486DA5E442
:10FA10004A6DC7D74B6DE2B24D6DABE44E6DC3BCC2
:10FA20004F6DAFE4516DEBBB526DB0E4536DA8C5A3
:10FA3000546DB1E4596DE3D55A6DA3BF5C6DBAE462
:10FA40005E6DB7E4606DBBE4636DBDE4666DD6C604
:10FA5000696DC6BA6A6DCBC06E6DA1B86F6DB4E446
:10FA6000746DA1D4776DA3BA786DFEBD7C6DBCE4D6
:10FA7000826DBFCD856DF9C4886DFBCF896DE6C9F8
:10FA80008C6DBFD38E6DD1CF916DB3E4936DB8E41F
:10FA9000946DB9E4956DE9CC9B6DCECC9D6DD4C0D1
:10FAA0009E6DB5E49F6DB0C1A06DB6E4A16DD0CEE2
:10FAB000A36DC1BBA46DD3B5A66DF3C8A76DA7BDDB
:10FAC000A86DC7D5A96DACC9AA6DA2B8AB6DCAE4C3
:10FAD000AE6DCCE4AF6DC4D1B26DBAD2B56DADBA76
:10FAE000B86DD4BABF6DC3E4C06DEDB5C46DCDD7EC
:10FAF000C56DC0E4C66DFDCFC76DBFE4CB6DDCC185
:10FB0000CC6DCACCD16DE7CAD66DD7C4D86DD4CC74
:10FB1000D96DC8E4DD6DC7E4DE6DC1E4E06DC4E419
:10FB2000E16DADB5E46DD9D3E66DC6E4EB6DF9D208
:10FB3000EC6DE3B4EE6DB4BBF16DEEC9F36DBEB424
:10FB4000F76DECBBF96DCDD1FB6DEDCCFC6DB5ED7A
:10FB5000056EE5C70A6EA8D40C6ECBE40D6ED5D742
:10FB60000E6EC2E4106EA5BD116EC5E4146EE6D330
:10FB7000166EC9E4176EF8C91A6EBEE41D6EE5D3A1
:10FB8000206EFEC7216EC9B6236EFCD4246EB3B2BC
:10FB9000256ED7E4296EC2CE2B6ECDE42D6EBCCE81
:10FBA0002F6EDBB8326ED6E4346ECABF386ECED359
:10FBB0003A6EECC3436EC8C5446ED8E44D6EC4CDF6
:10FBC0004E6ECFE4536ED4E4546ED5E4566EFEBA56
:10FBD000586EE6CF5B6EBFD55F6ED2E46B6ED0E43D
:10FBE0006E6ECEE47E6EE5CD7F6EAACA836EA3C034
:10FBF000856EA6BD866ED3E4896EC8B88F6EE7E4C5
:10FC0000906EB4D4986EDBE49C6EEFC19F6EE9E415
:10FC1000A26EE7D2A56EDFE4A76EE0E4AA6EAACFDB
:10FC2000AF6EDDCBB16EDAE4B26ED1E4B46EE5E472
:10FC3000B66EDCC8B76EE3E4BA6EE7C4BB6EE2E44E
:10FC4000BD6EE1E4C16EFCB3C26EE8E4C76EE1B51F
:10FC5000CB6ECCD7CF6EE6E4D16EACBBD36ED2D731
:10FC6000D46ECFCCD56EF8EBD76EE4E4DA6EF6B98D
:10FC7000DE6ECDD6DF6ED9E4E06EDCE4E16EFAC272
:10FC8000E26EDEE4E46ECBC2E56EC4C0E66ED0C2C6
:10FC9000E86EF5B1E96EB2CCF46ECEB5F96EEFE474
:10FCA000026FAFC6066FE1C6096FF5E40F6FA9C218
:10FCB000136FECC0146FDDD1156FEEE4206FAEC48E
:10FCC000246FEDE4296FF6E42A6FF4E42B6FFEC293
:10FCD0002D6FDDE42F6FF0E4316FFECA336FC4D5B2
:10FCE000366FF1E43E6FFAD1466FEBE4476FECE418
:10FCF0004B6FF2E44D6FABCE586FCBC55C6FB1C7A5
:10FD00005E6FBAC2626FEAE4666FCAC16D6FB6CC4D
:10FD10006E6FB1B3726FFBE4746FF3E4786FFAE463
:10FD20007A6FFDE47C6FFCE4846FCEB3886FBAB366
:10FD3000896FF7E48C6FF9E48D6FF8E48E6FECC592
:10FD40009C6FBDC0A16FE8D4A76FA2E5B36FC4B02C
:10FD5000B66FA4E5B96FA3E5C06FA4BCC26FA5E5FB
:10FD6000C96FA1E5D16FFEE4D26FF4B1DE6FA8E5F3
:10FD7000E06FA9E5E16FA6E5EE6FA7E5EF6FAAE5F5
:10FD80001170D9C61A70ABE51B70ADE52370ACE5F8
:10FD90003570AFE53970AEE54C70E0B94F70B0E545
:10FDA0005E70B1E56B70F0BB6C70E1EC6D70F0C330
:10FDB0006F70C6B57070D2BB7570E9C17670EED445
:10FDC0007870C4BE7C70C6D77E70D6D47F70D3B234
:10FDD0008070BEEC8570C1EA8970AFC28A70B6B41B
:10FDE0008E70D7D19270B4B39470B2C89570BBBF07
:10FDF0009670C0EC9970CBD69C70BFEC9D70C1EC36
:10FE0000AB70C5ECAC70E6BEAD70BFCCAE70DAC501
:10FE1000AF70BCBEB170C6ECB370FEB1B770C4ECCD
:10FE2000B870A8D5B970E3B5BB70C2ECBC70B6C1F0
:10FE3000BD70E3B3C070C3ECC170B8CBC270C3C0B7
:10FE4000C370FECCC870D2C1CA70C8ECD870E6BA14
:10FE5000D970D3C0DB70F2D6DF70CCD1E470BEBFF6
:10FE6000E670B3B7E770D5C9E870C7ECE970E2BBDC
:10FE7000EB70CCCCEC70FDBDED70C8C8EF70A9CFB5
:10FE8000F770E9CDF970EBC5FD70E9B70971C9D11B
:10FE90000A71B8BA1071C9EC1371CAEC1571C0BB04
:10FEA0001671CBEC1871E2EC1971BAB11A71D9B7AD
:10FEB0002671B9BD2F71CCEC3071E6D13171CDEC2A
:10FEC0003671BBC84571D1EC4A71D3EC4C71CDBBD6
:10FED0004E71E5BC5C71CFEC5E71B7C96471BAC399
:10FEE0006671E3EC6771D5D56871D0EC6E71F3D6AD
:10FEF0007271D2EC7371CEEC7871D4EC7A71D5EC6E
:10FF00007D71BFC98471A8CF8A71DCD08F71ACD1EB
:10FF10009471DBC89871D6EC9971F5CE9F71ECCADB
:10FF2000A071DAECA871D9ECAC71BEB0B371D7ECAA
:10FF3000B571D8ECB971E4ECC371BCC8CE71C7C15E
:10FF4000D471DCECD571E0D1E071DBECE571EFD47C
:10FF5000E771DDECEE71C6DBF971DEEC0672ACB177
:10FF60001D72DFEC2872E0EC2A72A6D72C72C0C595
:10FF70003072BCEB3172AEB03572F4BE3672B8B8C6
:10FF80003772AFD23872D6B03972F9B53B72B3D886
:10FF90003D72ACCB3F72DDE34772ACC64872E6B04F
:10FFA0004C72C6C54D72B9EB5272BAEB5672BBEBCE
:10FFB0005972C0D15B72A3C55D72F2EA5F72B2C4BE
:10FFC0006172B5C46272CEC06672F3EA6772C1C470
:10FFD0006972EFCE6E72F0EA6F72F4EA7272FCC967
:10FFE0007572A3C77972D8CC7A72FECE7E72F5EAAA
:10FFF0007F72F6EA8072ACCF8172E7C08472F7EA52
:020000040802F0
:100000008A72BFB68B72F8EA8D72F9EA8F72FAEAD9
:100010009272FBEA9F72F1EAAC72AEC8AD72EBE18C
:10002000AF72B8B7B072ECE1B472EDE1B672B4D7AA
:10003000B772EEE1B872EFE1B972CCD3C172F1E1FF
:10004000C272F1BFC372F0E1C472D2B5C872B7B167
:10005000CD72F3E1CE72F2E1D072FCBAD272F4E169
:10006000D772B7B9D972D1BEDE72FCC4E072DDBA04
:10007000E172C6BDE872F5E1E972F7E1EC72C0B673
:10008000ED72C1CFEE72A8CAEF72F6E1F072F8D548
:10009000F172FCD3F272F8E1F372FCE1F472F9E16F
:1000A000F772FAE1F872EAC0FA72FEE1FB72A1E2BD
:1000B000FC72C7C00173FBE10373FDE10A73A5E2A3
:1000C0000E73D4C11373A3E21573A8E21673FEB2C4
:1000D0001773A2E21B73CDC31C73C2B21D73A7E2D8
:1000E0001E73A6E22173A4E22273A9E22573ABE298
:1000F0002973C9D02A73EDD62B73A8C32C73ACE235
:100100002E73D7CF3173AEE23473EFBA3773E0E9B1
:100110003873ADE23973AAE23E73ABBB3F73B3D41D
:100120004D73B0E25073AFE25273E1E95773B1E23D
:100130006073B2E26C73B3E26D73A1CC6F73B4E21F
:100140007E73B5E28473FED08773CAC28973F1D31C
:100150008B73F5CD8E73E0E79173E1E79673C1BEC3
:100160009B73EAC29F73E4E7A273E3E7A973E6CD4A
:10017000AB73B5C3AE73E2E7AF73B7BBB073D6CFA3
:10018000B273E1C1B373E9E7B773E8E7BA73F4E7B1
:10019000BB73A3B2C073EAE7C273E6E7C873ECE7C8
:1001A000C973EBE7CA73BAC9CD73E4D5CF73E5E77A
:1001B000D073A9B7D173E7E7D973EEE7DE73F3E73E
:1001C000E073E9D6E573EDE7E773F2E7E973F1E78A
:1001D000ED73E0B0F273F5E70374F2C70574C5C0C0
:1001E0000674EDC00974F0C10A74F0E70F74F6E705
:1001F0001074F6CB1A74A2E81B74A1E82274C1D75C
:100200002574FAE72674F9E72874FBE72A74F7E700
:100210002C74FEE72E74FDE73074FCE73374D5C10F
:100220003474D9C73574FDC53674C3C53C74EDC785
:100230004174A3E85574A6E85774A5E85974A7E873
:100240005A74F7BA5B74F8E75C74A4E85E74F0C89B
:100250005F74AAC96D74A9E87074E5B97674FED1AB
:100260007774A8E87E74AAE88074ADE88174AEE87B
:100270008374A7C18774AFE88B74B0E88E74ACE860
:100280009074B4E89C74ABE89E74B1E8A774B5E8C8
:10029000A874B2E8A974B3E8BA74B7E8D274B6E83F
:1002A000DC74CFB9DE74ACF0E074ADF0E274B0C6CB
:1002B000E374EAB0E474BFC8E674DFCDEE74CDCE6B
:1002C000EF74B1EAF474B2EAF674BFC6F774C9B455
:1002D000FF74B3EA0475E7D50D75F9DD0F75B4EA5F
:1002E0001175B5EA1375B6EA1875CAB81975B0DF95
:1002F0001A75F5C91C75F0CC1F75FAC92575FBC9AF
:100300002875C3D32975A6CB2B75A6B82C75AEF06E
:100310002D75C2B12F75B8E53075EFCC3175C9D3E5
:100320003275D7BC3375EAC93575E7B53775D0C4B2
:100330003875E9B53A75AEEE3B75ADBB3E75DEE797
:100340004075AFEE4575A9B34875B2EE4B75B1EE89
:100350004C75E7BD4E75B0EE4F75B7CE5475CFC531
:100360005975F4C15A75CEDB5B75B3EE5C75F3D08D
:100370006575D4C26675E8C66A75ACB77275B4EEB9
:100380007475EBB37875FBBB7975B5EE7F75DCE7FB
:100390008375B6EE8675AEBD8B75E2F18F75E8CAD2
:1003A0009175C9D29275DAF09475DBF09675DCF030
:1003B0009775C6C19975EDB89A75CEBE9D75DEF07C
:1003C0009F75B1C5A075DDF0A175F1D1A375E0F001
:1003D000A475CCB0A575EABDAB75DFD2AC75DFF006
:1003E000AE75AFB4AF75E8B7B075E6F0B175E5F0CE
:1003F000B275A3C6B375E1F0B475E2F0B575C3B4D8
:10040000B875E3F0B975EED5BC75DBCCBD75D2BE61
:10041000BE75B2BCC275E8F0C375E7F0C475E4F010
:10042000C575A1B2C775A2D6C875B8D3C975B7BE10
:10043000CA75ACC8CD75EAF0D275F7D1D475CCD6F3
:10044000D575DBBAD675E9F0D875BBB6DB75B4CD1A
:10045000DE75A6C6E275A1C1E375EBF0E475EEF0BA
:10046000E675EDF0E775F0F0E875ECF0EA75BEBB07
:10047000EB75EFF0F075B5CCF175F2F0F475D5B31E
:10048000F975D4B1FC75F3F0FF75F4F00076F6F071
:100490000176E1B40376F1F00576F7F00A76FAF02A
:1004A0000C76F8F01076F5F01576FDF01776F9F089
:1004B0001876FCF01976FEF01B76A1F11F76C1CEFE
:1004C0002076A4F12276A3F12476F6C12576FBF0FE
:1004D0002676DDCA2976F1B42A76F1B12B76B1CC35
:1004E0002D76A6F13076A7F13376ACF13476CED501
:1004F0003576A9F13876B3C83C76A2F13E76ABF1F9
:100500003F76A8F14076A5F14376AAF14C76A9B0E2
:100510004D76ADF15476AFF15676B1F15C76B0F12F
:100520005E76AEF16376A2D16B76B2F16F76B3F1FF
:100530007876EFB97B76C7B57D76D7B07E76D9B0C1
:100540008276EDD48476C4B58676D4BD8776CABB70
:100550008876A7F08B76DEB88E76A8F09176A8B074
:100560009376A9F09676EECD9976AAF0A476ABF0C4
:10057000AE76A4C6B176E5D6B276E4F1B476E5F10E
:10058000BF76F3C3C276DBD3C576D1D6C676E8C5CF
:10059000C876AFD3CA76E6D2CD76C1EECE76BBB002
:1005A000CF76B5D5D076CED1D176E0BCD276D0BAE2
:1005B000D476F8BFD676C7B8D776C1B5D876CCC5CD
:1005C000DB76A2CADF76CBC3E576C2EEEE76BFC499
:1005D000EF76A2B6F176ECEDF276A4C3F476B1D65E
:1005E000F876E0CFF976EFEDFC76CEC5FE76DCB698
:1005F0000177A1CA0477EDED0777F0ED0877F1ED0B
:100600000977BCC30B77B4BF0D77EEED1977F4ED26
:100610001A77F2ED1F77E6D52077DFC32277F3ED67
:100620002677F6ED2877A3D52977A3D12D77F5ED99
:100630002F77D0C33577F7ED3677F4BF3777ECBE39
:100640003877F8ED3A77F7CC3C77DBD14077C5D7F0
:100650004177F6D54377FCED4777FBED5077F9ED21
:100660005177FAED5A77FDED5B77A6BE6177AFCB98
:100670006277A1EE6377BDB66577A2EE6677C0C4F8
:100680006877FEED6B77DEBD6C77C7B27977C3B65E
:100690007D77A5EE7E77BAD87F77A3EE8077A6EE3A
:1006A0008477E9C38577F2B38C77A7EE8D77A4EED4
:1006B0008E77B9CF9177A8EE9277F7C29F77A9EEA0
:1006C000A077AAEEA277ABDEA577B3C6A777C6C799
:1006D000A977F5D6AA77C9B5AC77B2CBB077ABEE30
:1006E000B377ABCDB577ACEEBB77B0D5BD77ADEE1C
:1006F000BF77C4F6CD77C7DBD777A3B4DB77ACC3BE
:10070000DC77E6F1E277B8CAE377D3D2E577AAD609
:10071000E777F2EFE977D8BEEB77C3BDEC77F3EF7D
:10072000ED77CCB6EE77ABB0F377AFCAF677B6ED30
:10073000F877B7EDFD77F9CEFE77AFB7FF77F3BF68
:100740000078B8ED0178EBC20278B0C90978B9ED4C
:100750000C78F6C60D78B3BF1178BCED1278F8C5E9
:100760001478D0D11678A9D71778BAED1878BBEDE0
:100770001A78E2D11C78BFED1D78C0ED1F78C4ED6A
:100780002378C8ED2578C6ED2678CEED2778E8D514
:100790002978C9ED2C78C7ED2D78BEED3078E9C504
:1007A0003478C6C63778E9C93878D2D43978C1EDFB
:1007B0003A78C2ED3B78C3ED3C78C5ED3E78F9C0A0
:1007C0004078A1B44578E8B94778D0ED4C78D1EDC0
:1007D0004E78CAED5078CFED5278F8CE5578B6CB3A
:1007E0005678CCED5778CDED5D78F5CF6A78D2EDBF
:1007F0006B78F2C16C78B2D36D78CBED6E78B7C8F8
:100800007778EFBC7C78F0C58778D6ED8978EFB53E
:100810008C78B5C28D78ADB08E78E9CB9178AEB1D9
:100820009378D4ED9778EBCD9878E2B59A78D5EDBA
:100830009B78D3ED9C78D7ED9F78FAB5A178D8ED69
:10084000A378D9EDA578DCEDA778CCB1B078F6C562
:10085000B178EEBCB278DAEDB378BCCCB478EAB259
:10086000B978DBEDBE78EBC4C178C5B4C578F5B016
:10087000C978DFEDCA78DAC0CB78E8B4D078CDC5D6
:10088000D478DDEDD578C4BFD978DEEDE878A5C49D
:10089000EC78E0EDF278E1EDF478E3EDF778D7C1AC
:1008A000FA78C7BB0179B8BD0579E2ED1379E4EDBB
:1008B0001E79E6ED2479E5ED3479E7ED3A79BECAA3
:1008C0003B79EAEC3C79F1C03E79E7C94079EBEC41
:1008D0004179EEC64679ECEC4879EDC64979EDEC04
:1008E0005379F0EC5679E6D75779F3EC5A79F1EC75
:1008F0005B79EEEC5C79EFEC5D79A3D75E79F1C9B9
:100900005F79EECB6079F4EC6279F2EC6579E9CF4E
:100910006779F6EC6879B1C66D79C0BC6F79F5EC92
:100920007779BBB57879F6BB7A79F7EC8079F7D926
:100930008179FBBD8479BBC28579F8EC8A79F9ECC1
:100940008F79A3B89A79FAECA779FBECB379FCEC30
:10095000B979EDD3BA79AED8BB79EBC0BD79DDC733
:10096000BE79CCBAC079E3D0C179BDCBC379BACD59
:10097000C679D1B8C979FCB1CB79EFC7CD79D6D6D4
:10098000D179C6BFD279EBC3D579F5EFD879D8C381
:10099000DF79E2D7E379F7EFE479D3B3E679D8C723
:1009A000E779EDD1E979C8D6EB79F8EFED79F6EF93
:1009B000EF79FDBBF079C6B3F879D5BDFB79C6D226
:1009C000FD79E0BB007AA1CF027AFCEF037AFBEF5E
:1009D000067AF9EF0B7ACCB30D7AD4C90E7AB0CB84
:1009E000147AFEEF177ADEB01A7AC9D61E7AFDEFB6
:1009F000207AEDB3237AD5F6337AC8CE377AA2F0CF
:100A0000397AA1F03B7ABEB53C7ADABC3D7AFCBBC0
:100A10003F7AE5B8467AC2C4517AA3F0577AEBCB55
:100A2000707AA6F0747AA8D1767ABFBE777AEEC7CC
:100A3000787AB6F1797AB7F17A7AD5BF7F7AA9B4A4
:100A4000807AB8F1817ABBCD837AD4C7847AADD568
:100A5000867AB9F1887ABAF18D7ACFC7917AA4D221
:100A6000927ACFD6957ABBF1967AD1BD977AB0B407
:100A7000987ABDBE9C7ADCB49D7AD1CE9F7ADFBFD6
:100A8000A07ABDF1A57AFABFA67ABCF1A87ABFF127
:100A9000AC7ABEF1AD7AC0F1B37AC1F1BF7AFEC1D2
:100AA000CB7AA2C1D67AFACAD97ABED5DE7ABABED4
:100AB000DF7AB9BEE07AC2D5E37AA2BFE57AAFCDDC
:100AC000E67AB5F1ED7ADFBDEF7ACBB6F97AF1D6F9
:100AD000FA7AC3F3FD7AC4F3FF7ACDB8037BC6F389
:100AE000047BC7F3067BCAB0087BC5F30A7BC9F356
:100AF0000B7BF1CB0F7BCBF3117BA6D0147BCAB160
:100B0000157BC8F3197BCFF31B7BD1B51E7BD7F3C5
:100B1000207BD2F3247BD4F3257BD3F3267BFBB756
:100B2000287BBFB12A7BCEF32B7BCAF32C7BDAB5B3
:100B30002E7BD0F3317BD1F3337BD5F3387BCDF3F0
:100B40003A7BE3BC3C7BFDC13E7BD6F3457BDAF3CD
:100B5000477BCCF3497BC8B54B7BEEBD4C7BDCF3CC
:100B60004F7BA4B7507BF0BF517BFED6527BB2CDFA
:100B7000547BF0B4567BDFB2587BD8F35A7BD9F361
:100B80005B7BB8C95D7BDDF3607BDEF3627BE1F309
:100B90006E7BDFF3717BE3F3727BE2F3757BDBF358
:100BA000777BEABF797BEFB37B7BE0F37E7BA9C7E2
:100BB000807BF2BC857BEBF38D7BBFB9907BE4F34C
:100BC000947BADB2957BFEBB977BE3CB9C7BEDF337
:100BD0009D7BE9F3A17BDCB9A27BEEF3A67BE5F379
:100BE000A77BE6F3A87BEAF3A97BE1C2AA7BECF33F
:100BF000AB7BEFF3AC7BE8F3AD7BFDBCB17BE4CF2B
:100C0000B47BF0F3B87BE7F3C17BF2F3C67BADD7DF
:100C1000C77BAAC6CC7BF3F3D17BF1F3D37BA8C20D
:100C2000D97BDDB8DA7BF5F3DD7BF4F3E17BDBB474
:100C3000E57BF6F3E67BF7F3EA7BF8F3EE7BBAC0ED
:100C4000F17BE9C0F77BF1C5FC7BFBF3FE7BFAF39C
:100C5000077CD8B40B7CFEF30C7CF9F30F7CFCF31F
:100C6000167CFDF31F7CA1F4267CA3F4277CC9BB72
:100C70002A7CA2F4387CA4F43F7CBEB2407CA6F46B
:100C8000417CA5F44D7CAEBC737CD7C3747CE1D9A8
:100C90007B7CE0C07C7CCCF47D7CD1D7897CDBB7CD
:100CA000917CCEF4927CA3C1957CC9C6977CD6B4C6
:100CB000987CB3D59C7CD0F49D7CCFF49E7CD1F401
:100CC0009F7CDACBA27CD2F4A47CC1D4A57CE0D6F4
:100CD000AA7CE0B7AE7CB8C1B17CBBC1B27CD3F416
:100CE000B37CACBEB97CE2B4BC7CD4F4BD7CD5F49E
:100CF000BE7CABBEC17CD6F4C57CDBF4C77CD7F42C
:100D0000C87CDAF4CA7CFDBACC7CD8F4CD7CD9F4AA
:100D1000D57CE2B8D67CC7CCD77CDCF4D97CDAB2FF
:100D2000DC7CD3C3DF7CE3D4E07CB7BFE87CDDF4BC
:100D3000EF7CB4C5F87CE9F4FB7CB5CF0A7DC9CE65
:100D4000207DD8CB227DF7CB277DF4BD2B7DCFD75F
:100D50002F7DDBC06E7DF5D0777DEAF4A67DEBF4C8
:100D6000AE7DECF43B7EE3F7417EB1B7477EEDF418
:100D7000827EEBD79B7EEEF49F7EF9E6A07EC0BE1E
:100D8000A17EFAE6A27EECBAA37EFBE6A47ECBCFE0
:100D9000A57EFCE6A67EBCD4A77EB6BCA87EFDE6FA
:100DA000A97EFEE6AA7ECDBCAB7ED2C8AC7EB3CE19
:100DB000AD7EA1E7AF7EBFB4B07EA2E7B17EB4C97D
:100DC000B27ED9B8B37EC9C4B57EDDD7B67EDAC2ED
:100DD000B77ED7B7B87EBDD6B97EC6CEBA7EC4B709
:100DE000BD7EA6C5BE7EA3E7BF7EDFCFC07EA4E7E3
:100DF000C17EA5E7C27EA6E7C37EB7C1C47EE9D7A0
:100E0000C57EF0C9C67EB8CFC77EAFD6C87ED5D660
:100E1000C97EA7E7CA7EEDB0CB7EA8E7CC7EA9E766
:100E2000CD7EDCC9CE7EEFD2CF7EADBED07EAAE72E
:100E3000D17EF3B0D27EDEC8D37EE1BDD47EABE7F7
:100E4000D57EC6C8D77EACE7D87EE6BBD97EF8B8DB
:100E5000DA7EA4D1DB7EADE7DC7EE7C2DD7EF8BEC4
:100E6000DE7ECABDDF7EB3CDE07EAEE7E17EAFE7DA
:100E7000E27EEEBEE37EE5D0E57EE7CBE67ED0CC3B
:100E8000E77ECCBCE87EB0E7E97EA8BCEA7EF7D07E
:100E9000EB7EB1E7ED7EF8D0EE7EB2E7EF7EB3E712
:100EA000F07EC2B4F17EB4E7F27EB5E7F37EFEC910
:100EB000F47EACCEF57EE0C3F67EB7E7F77EC1B137
:100EC000F87EF1B3FA7EB8E7FB7EB9E7FC7EDBD7AC
:100ED000FD7EC0D5FE7EBAE7FF7ECCC2007FBAD7CA
:100EE000017FBBE7027FBCE7037FBDE7047FEABC6D
:100EF000057FE5C3067FC2C0077FBEE7087FBFE767
:100F0000097FA9BC0B7FC0E70C7FC1E70D7FB6E767
:100F10000E7FD0B60F7FC2E7117FC3E7127FC4E711
:100F2000137FBABB147FDEB5157FC6C2167FE0B152
:100F3000177FC5E7187FB5D4197FC6E71A7FBFB8FA
:100F40001B7FC8E71C7FC7E71D7FECB71F7FC9E782
:100F5000207FF8B2217FCAE7227FCBE7237FCCE74F
:100F6000247FCDE7257FCEE7267FCFE7277FD0E719
:100F7000287FA7D3297FF5CB2A7FD1E72B7FD2E724
:100F80002C7FD3E72D7FD4E72E7FC9C92F7FD5E7EC
:100F9000307FD6E7317FD7E7327FD8E7337FD9E795
:100FA000347FC9BD357FDAE7367FBEF3387FD7B8E7
:100FB0003A7FB1C8427FBFF3447FC0F3457FC1F39E
:100FC000507FDEB9517FF8CD547FE8D8557FB1BA54
:100FD000577FDEC2587FB7EE5A7FA3B75F7FB9EE67
:100FE000617FB8EE627FD5B0687FBBEE697FD6D5F2
:100FF0006A7FEFD76E7FC3D6717FBDEE727FF0CA76
:10100000747FBCEE797FBEEE7E7FC0EE817FBFEE47
:101010008A7FF2D18C7FBCC78E7FC0C3947FE1B83A
:101020009A7FE7C19D7FC6F49E7FDFD09F7FC7F484
:10103000A17FDBCFA47FBAC8A77FC8F4AF7FC9F474
:10104000B07FCAF4B27FCBF4B87FFAD9B97FFEB8CB
:10105000BC7FF1E5BD7FF0D3BF7FE0F4C17FCCCE94
:10106000C57FE1B3CA7FB4F1CC7FEED2CE7FE1F48D
:10107000D47FE8CFD57FE2F4D87FCCC7DF7FD4B56B
:10108000E07FE4B4E17FE4F4E57FE3F4E67FE5F4B8
:10109000E97FE6F4EE7FE7F4F07FB2BAF17FBFB00C
:1010A000F37FE8F4FB7FADB7FC7FEDD20080ABD2DD
:1010B0000180CFC00380BCBF0480A3EB0580DFD5D7
:1010C0000680C8EA0B80F3F10C80F8B60D80A3CB44
:1010D0001080CDC41280E7F11480E8F11580FBB8D0
:1010E0001680E9F11780C4BA1880C5D41980D2B02F
:1010F0001C80EAF12080EBF12280ECF12580EDF1FB
:101100002680EEF12780EFF12880F1F12980F0F1BF
:101110002A80D5C53180F2F13380FAB63580F4F1FA
:101120003680AED23780C7DE3880CACB3B80DCB396
:101130003D80A2B53F80A2B94280F4C44380F5F15E
:101140004680F6F14A80C4C14B80FBC14C80B0D6CA
:101150004D80F7F15280F8F15480AAC15880B8C68A
:101160005A80DBBE6980F9F16A80CFB47180FAF1F0
:101170007F80B2ED8080B1ED8380E0CB8480DED2D1
:101180008680C1CB8780D8D58980E2C88B80DFC0BC
:101190008C80A1BC9380C1EB9680A4D09880E2D6CD
:1011A0009A80C7B69B80D8B89C80C0EB9D80CEB893
:1011B0009F80BFEBA080A6B3A180C9B9A280ABD6A7
:1011C000A480F4B7A580CAB7A980E7BCAA80BEB73F
:1011D000AB80C6EBAD80C7EBAE80B9B0AF80CFBF00
:1011E000B180C5EBB280FDD3B480C8EBB780C9EB4A
:1011F000BA80CEB7BC80C2EBBD80C4EBBE80F6C95E
:10120000BF80D7D6C080CDD5C180B2D0C280CFEB51
:10121000C380B8CEC480D0EBC680A8B5CC80B3B1B3
:10122000CD80D2EBCE80A5CCD680D6C5D780D3EBEF
:10123000D980D1EBDA80DFC5DB80CEEBDC80A4CABD
:10124000DD80D5EBDE80FBB0E180FABAE480B7D870
:10125000E580E3F1E780CAEBE880CBEBE980CCEBFB
:10126000EA80CDEBEB80D6EBEC80C0E6ED80D9EBED
:10127000EF80E8BFF080C8D2F180D7EBF280DCEBE2
:10128000F380ECB8F480D8EBF680BABDF880D8D003
:10129000FA80B7B0FC80DDEBFD80DCC40281ACD607
:1012A0000681E0B40981F6C20A81B9BC0D81DAEB8E
:1012B0000E81DBEB0F81E0D41081EAC61181D4C42A
:1012C0001281DFEB1381A7C51481F5D91681B1B264
:1012D0001881E4EB1A81C5BD1E81E2EB2C81E3EBA2
:1012E0002F81ACB83181D1CD3281E5EB3681E1EB94
:1012F0003881B3C13E81A2C64681F3CC4881E6EB7A
:101300004A81B0C04B81B8D24C81E7EB5081AFB875
:101310005181ADB85381E8EB5481BBC75581F3CD02
:101320005981EAEB5A81EBEB6081EDEB6581C8D026
:101330006781F2EB6981EEEB6D81F1EB6E81F9C8AB
:101340007081FCD17181ECEB7481E9EB7981B9B8E2
:101350007A81D9CF7B81E5C47C81EFEB7D81F0EB95
:101360007E81DACC7F81C8CD8081F2B08281F6EBBC
:101370008881F5EB8A81B2B28F81E0B89181F7EB79
:101380009881ECB19B81C5CC9C81A4C49D81A5CFE3
:10139000A381F9EBA681A2ECA881F2C5AA81FAEBA0
:1013A000B381C5C9BA81DFE2BB81FEEBC081CECD7E
:1013B000C181A1ECC281DBB1C381B7D3C681DCD2CC
:1013C000CA81FDEBCC81FBEBE381BCB3E781B0EAE2
:1013D000EA81D4D7EC81ABF4ED81F4B3F381C1D6CB
:1013E000F481C2D6FB81E9D5FC81CABEFE81A7F497
:1013F0000082A8D20182A8F40282A9F40482AAF48D
:101400000582CBBE0682DFD30C82E0C90D82E1C922
:101410001082C2F31282E6CA1482F2CC1B82B6E2B8
:101420001C82B4CB1E82E8CE1F82DBD62182ADF4B3
:101430002282AEF42382AFF42882B2F42A82BDBAAB
:101440002B82B3F42C82E3B02D82B0F42F82B1F45E
:101450003082A2BD3182D5B23382B6F43482B7F481
:101460003582E6B63682B0B23782CFCF3882B4F456
:101470003982ACB43B82B5F43E82B8F44482B9F40C
:101480004782A7CD4982BAF44B82BBF44F82BCF4A9
:101490005882D2CB5A82BDF45F82BEF46882BFF418
:1014A0006E82DEF46F82BCC17082E8BC7282ABC90E
:1014B0007382DED17482F5E57982B3DC7A82D5D28B
:1014C0007D82B4DC7E82ACB07F82B5DC8282DABD04
:1014D0008482B9DC8882C2D88A82B7DC8B82F3D35B
:1014E0008D82D6C98E82BADC8F82B6DC9182BBDC5B
:1014F0009282A2C39782BCDC9882C5DC9982BDDC53
:101500009C82DFCE9D82A5D69F82CFDCA182CDDCDE
:10151000A482D2DCA582E6BDA682ABC2A882B8DCDA
:10152000A982CBDCAA82CEDCAB82BEDCAC82D2B795
:10153000AD82C5B0AE82C7DCAF82BED0B082C1DCA6
:10154000B182A8BBB382BCB7B482CCDCB782C6DCA4
:10155000B882BFDCB982DBC7BD82BFD1BE82C0DC2E
:10156000C182CADCC482D0DCC782ADCEC882C2DCF4
:10157000CA82C3DCCB82C8DCCC82C9DCCD82D4B2C7
:10158000CE82D1DCCF82D5CBD182B7D4D282DBDC84
:10159000D382DFDCD482A6CCD582E6DCD782E7C357
:1015A000D882DCDCDB82C1BFDC82D9DCDE82FAB02F
:1015B000DF82B6B9E082E5DCE182D3DCE382C4DC21
:1015C000E482D6DCE582F4C8E682E0BFEB82BBC9E8
:1015D000EF82BDB1F182A2D3F482DADCF782D5DCEE
:1015E000F982BBC6FB82DEDC0183C2D70283AFC3B4
:1015F0000383B6B70483D1C70583A9C30683E2DC9E
:101600000783D8DC0883EBDC0983D4DC0C83DDDCC6
:101610000E83A5BE0F83D7DC1183E0DC1483E3DCEB
:101620001583E4DC1783F8DC1A83E1DC1B83A2DD7D
:101630001C83E7DC2783EBBC2883C4B42B83A3C3C0
:101640002C83E7B22D83FADC2F83F2DC3183EFDCCD
:101650003383FCDC3483EEDC3583F0D23683E8B2AE
:101660003883D7C83983E3C83A83FBDC3C83EDDC9D
:101670004083F7DC4383F5DC4683A3BE4783F4DC79
:101680004983DDB24F83F3DC5083F6BC5183E8DC41
:101690005283C4BB5483F3C05A83D4BC5B83E9DC5C
:1016A0005C83EADC5E83F1DC5F83F6DC6083F9DC7B
:1016B0006183B4B56383D9C86483E7BB6583FEDC0B
:1016C0006683FDDC6783ABD36883A1DD6983A3DD1B
:1016D0006A83A5DD6B83F1D26C83A4DD6D83A6DD07
:1016E0006E83A7DD6F83A9D27783C9BA7883A9DD1A
:1016F0007B83B6DD7C83B1DD7D83B4DD8583B0DDA6
:101700008683CEC68983F2C08E83AFC99283ECDC18
:101710009383AEDD9883B7DD9B83F0DC9C83AFDDE4
:101720009E83B8DDA083ACDDA883B9DDA983B3DDDA
:10173000AA83ADDDAB83AAC4B083A8DDB183B3C0F7
:10174000B283ABC1B383AADDB483ABDDB683B2DDB4
:10175000B783F1BBB883B5DDB983A8D3BA83BADD4B
:10176000BC83BBDDBD83A7C3C083D2DDC183BCDD29
:10177000C583D1DDC783BDB9CA83D5BECC83FABECC
:10178000CF83CABAD483CADDD683C5DDD883BFDD93
:10179000DC83CBB2DD83C3DDDF83CBDDE083A4B2AA
:1017A000E183D5DDE583BEDDE983D0C6EA83D0DD04
:1017B000F083D4DDF183E2C1F283C6B7F883CEDDD6
:1017C000F983CFDDFD83C4DD0184BDDD0384CDDD80
:1017D0000484D1CC0684C9DD0B84C2DD0C84C8C36B
:1017E0000D84BCC60E84AECE0F84CCDD1184C8DD62
:1017F0001884C1DD1C84C6DD1D84DCC22484A9D309
:101800002584AAD32684D3DD2784F4CF2884F8C87E
:101810003184E6DD3884C7DD3C84E0DD3D84E4C20C
:101820004684E1DD5184D7DD5784F8D65984D9DD6B
:101830005A84D8DD5B84F0B85C84D6DD6184CFC681
:101840006384ADB66984E2DD6B84F9BA6C84E1D45B
:101850006D84E7DD7184D0B47384DADD7584FBBFF9
:101860007684E3DD7884DFDD7A84DDDD8284D9B5BA
:101870008784DBDD8884DCDD8984DEDD8B84AFBD9D
:101880008C84E4DD8E84E5DD9784F5DD9984C9C31D
:101890009C84E2CBA184F2DDAF84E1D8B284D1C6CE
:1018A000B484F4DDB884F4D5B984F3DDBA84F0DD12
:1018B000BD84ECDDBF84EFDDC184E8DDC484EED0FF
:1018C000C984D8C8CA84EEDDCD84E9DDD084EADDE0
:1018D000D184F2CBD384EDDDD684CDB1DD84B6C026
:1018E000DF84BBBCE084F1DDE384F7DDE584F6DD75
:1018F000E684EBDDEC84EEC5F084FBDDFC84A4DE45
:10190000FF84A3DE0C85F8DD1185EFC31385FBC2D0
:101910001785E1D51A85B5CE1F85FDDD2185CCB2B1
:101920002B85E8C42C85DFCA3785BEC73885FADD2C
:101930003985FCDD3A85FEDD3B85A2DE3C85AAB01B
:101940003D85CEB14385ACDE4885A6DE4985B6BD72
:101950004A85EFC85685A1DE5985A5DE5E85A9DEDC
:101960006485A8DE6885A7DE7285ADDE7485CCD47B
:101970007985B3DE7A85AADE7B85AEDE7E85D9C029
:101980008485A1B18585B6DE8785B1DE8F85B2DE1F
:101990009B85A6D19C85B5DEA485AFDEA885B0DE8B
:1019A000AA85BDD0AE85B4DEAF85EDCAB085B9DEFF
:1019B000B785B8DEB985B7DEC185BBDEC985E5BDB3
:1019C000CF85D8B2D085EAC3D385BADED585BAC56E
:1019D000DC85BCDEE485D9CCE985AAB7FB85E5D4F6
:1019E000FF85BDDE0586BFDE1186A2C41686C1DE78
:1019F0002786BEDE2986C0DE3886BAD53C86C2DEA2
:101A00004D86AEF24E86A2BB4F86B2C25086B0C59E
:101A10005186C7C25486AFF25A86E9D05E86DDD3BE
:101A20006286BDEB6B86E6B36C86B0F26E86B1F271
:101A30007186ADCA7986E7BA7A86B3F27B86B5F24B
:101A40007C86B4F27D86E4CB7E86BACF7F86B2F206
:101A50008086B4CA8186CFD28286ECC28A86C3CE03
:101A60008B86B8F28C86F6B08D86B7F29386BEF27E
:101A70009586CFB29C86C1D19D86BAF2A386BCF270
:101A8000A486E9D4A786BBF2A886B6F2A986BFF2DF
:101A9000AA86BDF2AC86B9F2AF86C7F2B086C4F2B0
:101AA000B186C6F2B486CAF2B586C2F2B686C0F274
:101AB000BA86C5F2C086FBD6C486C1F2C686F9C70F
:101AC000C786DFC9C986C8F2CA86C6B9CB86B0B593
:101AD000CE86C3F2CF86C9F2D086D0F2D186D6F2B6
:101AE000D486D7BBD886D5F2D986DCCDDB86EBD6BB
:101AF000DE86D2F2DF86D4F2E486F2B8E986CBF253
:101B0000ED86CEF2EE86F9C2F086DDD5F186CCF216
:101B1000F286CDF2F386CFF2F486D3F2F886D9F2CC
:101B2000F986BCD3FE86EAB60087F1CA0287E4B71D
:101B30000387D7F20787D8F20887DAF20987DDF240
:101B40000A87DBF20D87DCF21287D1D11387D1F23D
:101B50001587C9CD1787CFCE1887A9D61A87E3F284
:101B60001C87DBC31E87E0F22187AFC02287ECF21F
:101B70002387DEF22587E1F22987E8F22E87E2F259
:101B80003187E7F23487E6F23787E9F23B87DFF205
:101B90003E87E4F23F87EAF24787ACD34887E5F215
:101BA0004987F5B24C87F2F24E87ABD05387F5F2F6
:101BB0005787C8BB5987F9F26087F0F26387F6F25E
:101BC0006487F8F26587FAF26E87F3F27087F1F2B4
:101BD0007487FBBA7687FBB57B87EFF27C87F7F2D9
:101BE0007D87EDF27E87EEF28287EBF28387A6F3A4
:101BF0008587A3F38887A2F38B87F4F28D87DAC8F1
:101C00009387FBF29787A5F39F87F8C3A887FDF218
:101C1000AB87A7F3AC87A9F3AD87A4F3AF87FCF23A
:101C2000B387ABF3B587AAF3BA87DDC2BD87AEF33E
:101C3000C087B0F3C687A1F3CA87B1F3CB87ACF3F3
:101C4000D187AFF3D287FEF2D387ADF3DB87B2F350
:101C5000E087B4F3E587A8F3EA87B3F3EE87B5F33B
:101C6000F987B7D0FE87B8F30388F9D90A88B9F3A2
:101C70001388B7F31588E4C81688B6F31B88BAF33F
:101C80002188BBF32288C0B43288C3EE3988BCF304
:101C90003C88BDF34088AAD14488ACF44588C6D0BE
:101CA0004C88D0D04D88DCD15488CECF5788D6BD53
:101CB0005988C3D16188E2BA6288E9E16388C2D2F7
:101CC0006488C2F16588B9B26888EDB16988C3F1EA
:101CD0006B88C0C96C88C4B36E88F2D97088A5CBF4
:101CE0007288C4F17788D4D67D88C5F17E88C0F427
:101CF0007F88C6F18188ACD48288C7F18488C0B05F
:101D00008588C1F48888C2F48B88FCB48D88DBC5D3
:101D10009288BBCC9688E4D09C88E0CDA288C8F19C
:101D2000A488F3D9AB88BBB1AD88AECFB188A4B8D5
:101D3000B788CAF1BC88CBF1C188C3B2C288D1C10F
:101D4000C588B0D7C688C9F1C988CCF1CE88CEF194
:101D5000D288F6D9D488E1D2D588A3D4D888C3F460
:101D6000D988B9C8DF88C4F4E288CDF1E388CFF11F
:101D7000E488E3BFE588D0F1E888D4F1F088D6F1B3
:101D8000F188D1F1F388D1C9F488E1C5F888E3C2BC
:101D9000F988FCB9FC88D3F1FE88D5F10289D3B962
:101DA0000A89DBF11089D6BA1289FDB01389D9F1FD
:101DB0001989D8F11A89D2F11B89DAF12189D7F171
:101DC0002589ECC82A89CACD2B89DDF13089BDE58A
:101DD0003489DCF13689DEF14189DFF14489E5CFD0
:101DE0005E89C5F45F89F3BD6689E0F17B89E1F125
:101DF0007F89F7CE8189AAD28389FBF18689B2B81F
:101E0000C189FBBCC289DBB9C489E6B9C589D9C31C
:101E1000C689D3CAC789E8EAC889C0C0C989F5BEDE
:101E2000CA89E9EACB89EAEACC89EBEACE89ECEA0D
:101E3000CF89EDEAD089EEEAD189EFEAD289C7BD30
:101E4000D689FBF5DA89FDF5DC89FEF5DE89FCF53E
:101E5000E389E2BDE589A1F6E689A5B4EB89A2F69E
:101E6000EF89A3F6F389B2EC008AD4D1078AEAD9C4
:101E70003E8AA4F6488ABAEE798AB2D5898AFED318
:101E80008A8ADCCC938AC4CA078BC0E5268BA5F668
:101E9000668BAFBE6C8BA9C6A08BA5DAA18BC6BC26
:101EA000A28BA9B6A38BBCB8A48BCFC8A58BA5BCAD
:101EB000A68BA6DAA78BA7DAA88BD6CCA98BC3C82A
:101EC000AA8BA8DAAB8BFDC6AD8BB5D1AE8BE9D2B0
:101ED000AF8BB6D1B08BC7BCB28BB2BDB38BE4BBFA
:101EE000B48BA9DAB58BAADAB68BC8D1B78BABDACB
:101EF000B88BEDD0B98BEFB6BA8BDBC2BC8BCFCB36
:101F0000BD8BEDB7BE8BE8C9BF8BC3B7C08BF7BE27
:101F1000C18BA4D6C28BACDAC38BADDAC48BC0C67E
:101F2000C58BE7D7C68BB6CAC88BA9D5C98BDFCB03
:101F3000CA8BEFD5CB8BAEDACC8BDFD6CD8BCAB4C8
:101F4000CE8BB0DACF8BAFDAD18BEBD2D28BB1DACA
:101F5000D38BB2DAD48BB3DAD58BD4CAD68BB4DABE
:101F6000D78BABCAD88BB5DAD98BB6DADA8BCFB3CD
:101F7000DB8BEFD6DC8BB7DADD8BB0BBDE8BAEB59F
:101F8000DF8BB8DAE08BB9DAE18BEEB9E28BAFD157
:101F9000E38BE8D2E48BBADAE58BC3B8E68BEACF01
:101FA000E78BEFB2E88BBBDAE98BBCDAEB8BEBBDEE
:101FB000EC8BDCCEED8BEFD3EE8BBDDAEF8BF3CE7B
:101FC000F08BBEDAF18BD5D3F28BE5BBF38BBFDAA6
:101FD000F48BB5CBF58BD0CBF68BC0DAF78BEBC798
:101FE000F88BEED6F98BC1DAFA8BB5C5FB8BC1B68F
:101FF000FC8BC2DAFD8BCCB7FE8BCEBFFF8BC3DA76
:10200000008CC4DA018CADCB028CC5DA038CF7B539
:10201000048CC6DA058CC2C1068CBBD7078CC7DA24
:10202000088CB8CC0A8CEAD20B8CB1C40C8CC8DA00
:102030000D8CFDB50E8CD1BB0F8CC9DA108CB3D0D2
:10204000118CCADA128CCBDA138CBDCE148CCCDA9C
:10205000158CCDDA168CCEDA178CF7B2188CD1DA53
:10206000198CCFDA1A8CE8D11B8CD0DA1C8CD5C332
:102070001D8CD2DA1F8CD3DA208CD4DA218CD5DAFD
:10208000228CBBD0238CA5D2248CF9B0258CD6DA37
:10209000268CABC7278CD7DA288CF7BD298CA1C337
:1020A0002A8CD8DA2B8CD9DA2C8CFDC32D8CB7CCAA
:1020B0002E8CDADA2F8CDBDA308CBEC0318CD7C6AE
:1020C000328CDCDA338CDDDA348CB4C7358CDEDA72
:1020D000368CDFDA378CC8B9418CEDBB468CB9B68B
:1020E000478CF8F4498CF9F44C8CE3CD558CB9F558
:1020F0005A8CE0EB618CF3CF628CBFBB6A8CC0BAA8
:102100006B8CA5D4738CD9E1788CF4F5798CAAB159
:102110007A8CF2B2828CF5F5858CF7F5898CD1BA80
:102120008A8CF6F58C8CB2C3948CF9F5988CF8F502
:102130001D8DB4B11E8DEAD51F8DBAB8218DB1B9F0
:10214000228DC6B2238DF0D4248DCDCF258DDCB069
:10215000268DCBD5278DF5BB288DCAD6298DB7B74F
:102160002A8DB0CC2B8DB6C62C8DE1B12D8DBAB990
:102170002E8DFCD62F8DE1B9308DA1B7318DFABCF3
:10218000328DDAEA338DDBEA348DF9CC358DF3B953
:10219000368DDCEA378DFBB4388DB3C3398DD1B7BA
:1021A0003A8DD8BA3B8DDDEA3C8DF4D43D8DDEEA24
:1021B0003E8DD6BC3F8DDFBB408DDFEA418DDEC159
:1021C000428DB8C2438DDFD4448DCAD7458DE0EA35
:1021D000468DE1EA478DE4EA488DE2EA498DE3EA7B
:1021E0004A8DDEC94B8DB3B84C8DC4B64D8DE5EA32
:1021F0004E8DEACA4F8DCDC9508DCDB4538DD9E2E5
:10220000548DE2C5558DE6EA568DB5C0588DB8D7C8
:10221000598DE7EA5A8DACD75B8DFCC85C8DD3D85D
:102220005D8DCDD85E8DDED4608DF9D4618DC4C94D
:10223000628DAED3638DD3B8648DE0B3668DE2C991
:10224000678DF6F46B8DD5BA6D8DF7F4708DDFD791
:10225000738DF1F4748DB0B8758DD4D5768DCFB8FB
:10226000778DF0C6818DC3B3848DF2F4858DACB3C8
:102270008A8DBDD48B8DF7C7918DF4F4948DF3F4D2
:102280009F8DCBCCA38DA4C8B18DF5F4B38DE3D7CE
:10229000B48DBFC5B58DC0F5B88DBBF5BA8DC3F58E
:1022A000BC8DC2F5BE8DBAD6BF8DC1F5C38DBED46F
:1022B000C48DC4F5C68DCCF5CB8DCFB0CC8DF8B523
:1022C000CE8DC9F5CF8DCAF5D18DDCC5D68DC5F5BE
:1022D000D78DC6F5DA8DC7F5DB8DCBF5DD8DE0BE8C
:1022E000DE8DC8F5DF8DFAB8E38DD0F5E48DD3F53A
:1022F000E88DE7BFEA8DF2B9EB8DBCF5EC8DCDF53D
:10230000EF8DB7C2F38DF8CCF58DF9BCF78DCEF516
:10231000F88DCFF5F98DD1F5FA8DE5B6FB8DD2F5B7
:10232000FD8DD5F5058EBDF5098ED4F50A8EBBD38E
:102330000C8EECB30F8EA4CC148ED6F51D8ED7F573
:102340001E8EE1BE1F8ED8F5228EDFCC238EDBF5EC
:10235000298EC8B22A8ED9D72C8ED9F52E8EDAF5D1
:102360002F8EDCF5318EE2F5358EE0F5398EDFF516
:102370003A8EDDF53D8EE1F5408EDEF5418EE4F5D9
:10238000428EE5F5448EE3CC478EBFE5488EB8B566
:10239000498EE3F54A8EE8F54B8EA3CC518EE6F5D7
:1023A000528EE7F5598EBEF5668EC4B1698EBFF5C3
:1023B0006C8EC5B56D8EE4B26F8EECF5708EE9F55E
:1023C000728ED7B6748EEDF5768EEAF57C8EEBF5CF
:1023D0007F8EDAB4818EEAD4858EEEF5878EF9B3DE
:1023E0008F8EEFF5908EF1F5948EF0F59C8EF2F5D0
:1023F0009E8EF3F5AB8EEDC9AC8EAAB9AF8EFBC73E
:10240000B28EE3B6BA8EC9CCCE8EA6EA668FB5B3CD
:10241000678FFED4688FECB9698FF9D06B8FEDE9C7
:102420006C8FAAD76D8FEEE96E8FD6C26F8FEDC815
:10243000708FE4BA718FEFE9728FF0E9738FF1E971
:10244000748FE1D6758FF2E9768FF3E9778FF5E92E
:10245000788FF4E9798FF6E97A8FF7E97B8FE1C716
:102460007C8FF8E97D8FD8D47E8FF9E97F8FCEBD40
:10247000818FFAE9828FFBE9838FCFBD848FFCE9DE
:10248000858FA8B8868FBEC1878FFDE9888FB2B1CE
:10249000898FD4BB8A8FF5B98B8FFEE98D8FA1EA26
:1024A0008E8FA2EA8F8FA3EA908FF8B7918FADBC81
:1024B000938FE4CA948FCEE0958FAFD4968FBDCF23
:1024C000978FB7D5988FA4EA998FDED59A8FA5EA12
:1024D0009B8FC1D09C8FBCB99E8FC7B49F8FD9B141
:1024E000A38FB1C0A88FE6B1A98FE7B1AB8FE8B1D8
:1024F000B08FBDB3B18FE8C8B68FC1E5B98FDFB17A
:10250000BD8FC9C1BE8FEFB4C18FA8C7C28FD8D34A
:10251000C48FF9C6C58FB8D1C78FFDB9C88FF5C2B2
:10252000CE8FADD3D08FCBD4D18FFCBDD38FC2E5AE
:10253000D48FB5B7D58FC3E5D88FB9BBD98FE2D5C6
:10254000DB8FF8BDDC8FB6D4DD8FA5CEDE8FACC1BE
:10255000DF8FD9B3E28FF6CCE48FC6E5E58FC4E513
:10256000E68FC8E5E88FCAE5E98FC7E5EA8FCFB502
:10257000EB8FC8C6ED8FFCB5EE8FC5E5F08FF6CAC0
:10258000F38FC9E5F78FD4C3F88FC5B1F98FA3BC1A
:10259000FD8FB7D70090CBCD0190CDCB0290CACAAA
:1025A0000390D3CC0490CCE50590CBE50690E6C42F
:1025B0000990A1D10A90B7D10B90CDE50D90D0E54F
:1025C0000F90B8CD1090F0D61190CFE51290DDB5F8
:1025D0001490BECD1690D1E51790BAB61A90A8CD3A
:1025E0001B90E4B91D90C5CA1E90D1B31F90D9CBE2
:1025F0002090ECD42190D2E52290EAB72690CEE547
:102600002D90D5E52E90FEB42F90D6E53590D3E5EC
:102610003690D4E53890DDD23B90DFC23C90C6B115
:102620003E90E2D34190DDB64290ECCB4490D7E5AA
:102630004790F6D34D90E9B14F90F4B65090DAE55B
:102640005190D8E55290D9E55390C0B55790C5D276
:102650005890DCE55B90DEE56290DDE56390B2C703
:102660006590A3D26890DBE56D90E2D46E90DAD5E8
:102670007490E0E57590F1D77D90E1E57F90DCB155
:102680008090FBD18290E2E58390E4E58890E3E5D9
:102690008B90E5E59190D8D29390CBB59590DFE7FC
:1026A0009790F5DA9990F8DA9B90F6DA9D90F7DA40
:1026B000A190FADAA290CFD0A390C7C4A690EEB0B2
:1026C000AA90B0D0AC90F9DAAE90CAD3AF90AABAC3
:1026D000B090A2DBB190F1C7B390FCDAB490FBDA12
:1026E000B590DBC9B690FDDAB890A1DBB990DED722
:1026F000BA90FEDABB90DAC1BE90A5DBC190F4D3EC
:10270000C490A7DBC590A4DBC790A8DBCA90BCBD72
:10271000CE90C9C0CF90A3DBD090A6DBD190A3D63A
:10272000D390A9DBD790ADDBDB90AEDBDC90ACDBEC
:10273000DD90C2BAE190A4BFE290ABDBE690AADBE9
:10274000E790C7D4E890BFB2EB90AFDBED90F9B95A
:10275000EF90B0DBF490BBB3F890A6B5FD90BCB69B
:10276000FE90B1DB0291F5B60491B2DB1991C9B1CB
:102770001E91B4DB2291B3DB2391B5DB2F91B7DB44
:102780003191B6DB3991B8DB4391B9DB4691BADBC5
:102790004991CFD34A91FAF44B91F5C74C91C3D7E5
:1027A0004D91E4C54E91FCF44F91FDF45091FBF432
:1027B0005291C6BE5791EFD05A91D3B75D91CDD407
:1027C0005E91AACC6191A2F56291A1F56391A8BA3C
:1027D0006491FEF46591D6CB6991A4F56A91D2C05B
:1027E0006C91EAB36E91AACD6F91A5F57091A3F5A6
:1027F0007191B4BD7291A8F57491A9F57591CDBD93
:102800007691B8C37791E1BF7891E1CB7991AAF540
:102810007D91A6F57E91A7F57F91F0C48591ACF5E9
:102820008791BCB48991EDD78B91D7B48C91ABF5DE
:102830008D91AEF59091ADF59191AFF59291D1D08A
:102840009A91D1C39B91A9C8A291B0F5A391B1F57A
:10285000AA91B2F5AD91B3F5AE91B4F5AF91B5F5DE
:10286000B491B7F5B591B6F5BA91B8F5C791C9B2BB
:10287000C991D4D3CA91CDCACC91EFC0CD91D8D64D
:10288000CE91B0D2CF91BFC1D191F0BDDC91AAB8A9
:102890007492F8BC8E92C6F6AE92C7F6C892C8F68D
:1028A0003E93C9F66A93CAF68F93CCF6CA93CBF6D9
:1028B000D693E9F73E94CDF66B94CEF68594C4EEAC
:1028C0008694C5EE8794C6EE8894EBD58994A4B619
:1028D0008A94C8EE8B94C7EE8C94C9EE8D94CAEEA0
:1028E0008E94A5C78F94CBEE9094CCEE9294B0B713
:1028F0009394F6B59494CDEE9594CFEE9794CEEE56
:102900009994C6B89A94D0EE9B94D1EE9C94D2EE52
:102910009D94DBB69E94AEB39F94D3D6A094C6C4C8
:10292000A194B5B1A294D6B8A394D3EEA494D4EE56
:10293000A594BFD4A694D5C7A794FBBEA894D9CE1E
:10294000A994B3B9AA94D6EEAB94D5EEAC94D8EED4
:10295000AD94D7EEAE94A5C5AF94D9EEB094DAEEAF
:10296000B194AEC7B294DBEEB394AFC7B494DCEECF
:10297000B594A7B2B694DDEEB794DEEEB894DFEE70
:10298000B994E0EEBA94E1EEBB94EAD7BC94E2EEDF
:10299000BD94E3EEBE94D8BCBF94E4EEC094CBD318
:1029A000C194FACCC294ACB2C394E5C1C494E5EE30
:1029B000C594A6C7C694ADC3C894E6EEC994E7EE25
:1029C000CA94E8EECB94E9EECC94EAEECD94EBEE2B
:1029D000CE94ECEED094EDEED194EEEED294EFEEF8
:1029E000D594F0EED694F1EED794F2EED894F4EEBE
:1029F000D994F3EEDB94F5EEDC94ADCDDD94C1C259
:102A0000DE94F6EEDF94F7EEE094F8EEE194A1D5D3
:102A1000E294F9EEE394B3CFE494FAEEE594FBEE9E
:102A2000E794FCEEE894FDEEE994A1EFEA94FEEE63
:102A3000EB94A2EFEC94F5B8ED94FAC3EE94A3EF07
:102A4000EF94A4EFF094C2BDF194BFD2F294F9B226
:102A5000F394A5EFF494A6EFF594A7EFF694F8D2CB
:102A6000F794A8EFF894FDD6F994A9EFFA94CCC6A0
:102A7000FC94AAEFFD94ABEFFE94B4C1FF94ACEFCD
:102A80000095FACF0195F8CB0295AEEF0395ADEF27
:102A90000495FAB30595F8B90695AFEF0795B0EF31
:102AA0000895E2D00995B1EF0A95B2EF0B95E6B71C
:102AB0000C95BFD00D95B3EF0E95B4EF0F95B5EF14
:102AC0001095F1C81195E0CC1295B6EF1395B7EFBC
:102AD0001495B8EF1595B9EF1695BAEF1795E0D59F
:102AE0001895BBEF1995EDB41A95AAC31B95BCEFC9
:102AF0001D95BDEF1E95BEEF1F95BFEF2195FDCE35
:102B00002295C0EF2395E0C22495B8B42595B6D799
:102B10002695F5BD2895C7CF2995C3EF2A95C1EF16
:102B20002B95C2EF2C95C4EF2D95A7B62E95FCBC26
:102B30002F95E2BE3095CCC33195C5EF3295C6EFE7
:102B40003495C7EF3595CFEF3695C8EF3795C9EF78
:102B50003895CAEF3995C2C73A95F1EF3B95CDB696
:102B60003C95CBEF3E95CCEF3F95CDEF4095C6B66B
:102B70004195BEC34295CEEF4495D0EF4595D1EF38
:102B80004695D2EF4795F2D54995D3EF4A95F7C4CC
:102B90004C95D4EF4D95F8C44E95D5EF4F95D6EFA3
:102BA0005095E4B85195F7B05295D7EF5395D8EFBB
:102BB0005495D9EF5695DAEF5795DBEF5895DCEF42
:102BC0005995DDEF5B95DEEF5C95B5BE5D95E1EF68
:102BD0005E95DFEF5F95E0EF6195E2EF6295E3EFE1
:102BE0006395CDC16495E4EF6595E5EF6695E6EFF5
:102BF0006795E7EF6895E8EF6995E9EF6A95EAEF81
:102C00006B95EBEF6C95ECEF6D95D8C06F95EDEF94
:102C10007095ADC17195EEEF7295EFEF7395F0EF92
:102C20007695E2CF7F95A4B3E895C5C3E995C5E352
:102C3000EA95C1C9EB95C6E3ED95D5B1EE95CACE3F
:102C4000EF95B3B4F095F2C8F195C7E3F295D0CF04
:102C5000F395C8E3F495E4BCF595C9E3F695CAE3AA
:102C6000F795C6C3F895A2D5F995D6C4FA95EBB9F0
:102C7000FB95C5CEFC95CBE3FD95F6C3FE95CCE365
:102C80000096A7B70196F3B80296D2BA0396CDE3A1
:102C90000496CEE30596C4D40696CFE30896D0E317
:102CA0000996CBD10A96D1E30B96D2E30C96D3E3E7
:102CB0000D96D4E30E96D6D10F96D5E31096FBB2BF
:102CC0001196BBC01296D6E31496ABC01596D7E307
:102CD0001696D8E31796D9E31996DAE31A96DBE34A
:102CE0001C96B7B81D96E2DA1F96D3B62196E4DAA1
:102CF0002296E3DA2A96E6DA2E96EEC83196E5DADF
:102D00003296C0B73396F4D13496F5D23596F3D5D2
:102D10003696D7BD3B96E8D73C96E8DA3D96E7DA9B
:102D20003F96A2B04096D3CD4296E9DA4496BDB81C
:102D30004596CABC4696BDC24796A4C24896C2B341
:102D40004996EADA4B96AAC24C96B0C44D96B5BDE8
:102D50005096DECF5496EBDA5596C2C95B96DDB13C
:102D60005F96ECDA6196B8B66296BAD46496FDB313
:102D70006796EDDA6896C9D46996D5CF6A96E3C5A9
:102D80006C96EEDA7296EFDA7496F0DA7596EAC11E
:102D90007696D5CC7796DDCF8596E7D38696A1C279
:102DA0008896F1DA8B96E5CB8D96F2DA8F96E6CBA4
:102DB0009096FED29496F4B89796F3DA9896AFB0C0
:102DC0009996B6CF9C96CFD5A796EDCBB096F4DA70
:102DD000B396C4E3B696A5C1B996BFF6BC96C0F645
:102DE000BD96C1F6BE96D1C4C096B8C8C196E3D10F
:102DF000C496DBD0C596C5D1C696AFBCC796CDB933
:102E0000C996F4EFCC96C6B4CD96BAD3CE96C2F698
:102E1000CF96FBB3D296C3F6D596F1B5E096C5F63C
:102E2000E896EAD3E996A7F6EA96A9D1EF96A9F62D
:102E3000F396A8F6F696E3C1F796D7C0F996A2B135
:102E4000FE96EDCE0097E8D00197ABF60497F6CF4B
:102E50000697AAF60797F0D50897ACF60997B9C375
:102E60000D97F4BB0E97AEF60F97ADF61397DEC431
:102E70001697D8C11C97AACB1E97BCCF2A97AFF63E
:102E80002D97B0F63097B1F63297B6C23897D4B0D6
:102E90003997F9C53E97B2F65297E0C75397A6F611
:102EA0005697B8BE5997B2BE5B97E5B55E97C7B760
:102EB0006097BFBF6197D2C36297E6C36597CCD8CE
:102EC0006997EFB87397F9BD7497A5D17697D0B08D
:102ED0007C97B0F78597B1F78B97ACD08D97B0B052
:102EE0009197B2F79297B3F79497B4F79897CAC7A8
:102EF000A097CFBEA397B7F7AB97B6F7AD97DEB164
:102F0000AF97B5F7B297B8F7B497B9F7E697A4CEED
:102F1000E797CDC8E997ABBAEA97B8E8EB97B9E875
:102F2000EC97BAE8ED97C2BEF397F4D2F597CFD4F9
:102F3000F697D8C97598B3D27698A5B67798EAC7A8
:102F40007898FCF17998EECF7A98B3CB7B98EBD058
:102F50007C98EFE77D98E7CD7E98CBB97F98D9B67E
:102F60008098FDF18198E4B08298CCCB8398FEF1F3
:102F70008498A4D48598ADC28698ECC18798C4C6BD
:102F80008898B1BE8998A1F28A98D5BC8C98A2F293
:102F90008D98A3F28F98A4F29098C3D29198B5C659
:102FA0009398C7CD9498A5F29698B1D39798C5BF3A
:102FB0009898E2CC9A98A6F29B98A7F29C98D5D1C3
:102FC0009D98EEB69E98A8F29F98A9F2A098DFB5BA
:102FD000A198AAF2A298ABF2A498FCB2A598ACF280
:102FE000A698ADF2A798A7C8CE98E7B7D198A9EC54
:102FF000D298AAECD398ABECD598ACECD898AEC6E6
:10300000D998ADECDA98AEECDE98C9B7DF98B3CAC0
:10301000E798B8E2E898CFF70D99D0F71099CDB2BC
:103020002E99D1F75499D3F75599D2F76399BBE20A
:103030006599A2BC6799BCE26899BDE26999BEE254
:103040006A99BFE26B99C0E26C99C1E26D99B9B718
:103050006E99FBD26F99A4BD7099CECA7199A5B132
:103060007299C7CB7499C2E27599FCB67699C4C8B7
:103070007799C3E27A99C8BD7C99FDB17D99C4E284
:103080007F99F6B68099C5E28199D9C48499C6E240
:103090008599DACF8699DDB98799C7E28899A1C069
:1030A0008A99C8E28B99F6B28D99C9E28F99F3C1DA
:1030B0009099CAE29199CBE29299F8C29399CCE2A5
:1030C0009499CDE29599CEE29699D7CA9799B8D8B6
:1030D0009899E5D99999E3CFA599A5F0A899B0DC7D
:1030E0006C9AEDC26D9AA6D46E9AD4CD6F9AB1D176
:1030F000709ADBB3719AFDC7739AB5B2749ABFC266
:10310000759AE0E6769ABBCA779AE1E6789AE2E6A3
:10311000799AD4BE7A9AE3E67B9AA4D77C9AD5CDE5
:103120007D9AE5E67E9ADDBC7F9AE4E6809AE6E643
:10313000819AE7E6829AEEC2849ABEBD859AE8E655
:10314000869AE6C2879AA7BA889AE9E68A9AEAE650
:103150008B9AD2B38C9AE9D18F9AA5BF909AEBE65D
:10316000919AEFC6929AECE6939AEDE6969AEEE67D
:10317000979AADC6989AEFE69A9AA7C99B9AF0E6F5
:103180009C9AF1E69D9AF2E69E9AB9E59F9AF3E63B
:10319000A09AF4E6A19AE2C2A29AF5E6A39AF6E60C
:1031A000A49AE8D6A59AF7E6A79AF8E6A89AC7B926
:1031B000B09ABBF7B19ABAF7B69ABEF7B79ABCF70E
:1031C000B89AA1BABA9ABFF7BC9AC0F7C09AC2F728
:1031D000C19AC1F7C29AC4F7C59AC3F7CB9AC5F78B
:1031E000CC9AC6F7D19AC7F7D39AE8CBD89ADFB86A
:1031F000DF9AD4F7E19AD5F7E69AD6F7EB9AD8F7A3
:10320000ED9ADAF7EF9AD7F7F99ADBF7FB9AD9F745
:10321000039BD7D7089BDCF70F9BDDF7139BDEF7EB
:103220001F9BDFF7239BE0F72F9BCBDB329BAAD8BA
:103230003B9BF7E53C9BEDB9419BFDBF429BEABB45
:10324000439BC9F7449BC7C6459BC8F7479BCAF732
:10325000489BCCF7499BCBF74D9BCDF74F9BBACE04
:10326000519BCEF7549BA7C47C9CE3D37F9CCFF6A5
:10327000819CB3C2829CD0F6859CD1F6869CD2F606
:10328000879CD3F6889CD4F68B9CD6F68D9CABB1EC
:103290008E9CD7F6909CD8F6919CD9F6929CDAF643
:1032A000949CDBF6959CDCF69A9CDDF69B9CDEF606
:1032B0009C9CCACF9E9CDFF69F9CE0F6A09CE1F60A
:1032C000A19CE2F6A29CE3F6A39CE4F6A49CF0C0C9
:1032D000A59CE5F6A69CE6F6A79CE7F6A89CE8F672
:1032E000A99CE9F6AB9CEAF6AD9CEBF6AE9CECF63D
:1032F000B09CEDF6B19CEEF6B29CEFF6B39CF0F606
:10330000B49CF1F6B59CF2F6B69CF3F6B79CF4F6D5
:10331000B89CA8BEBA9CF5F6BB9CF6F6BC9CF7F62A
:10332000BD9CF8F6C39CFAC8C49CF9F6C59CFAF695
:10333000C69CFBF6C79CFCF6CA9CFDF6CB9CFEF631
:10334000CC9CA1F7CD9CA2F7CE9CA3F7CF9CA4F771
:10335000D09CA5F7D39CA6F7D49CA7F7D59CA8F73B
:10336000D69CEEB1D79CA9F7D89CAAF7D99CABF70D
:10337000DC9CACF7DD9CADF7DE9CDBC1DF9CAEF7DF
:10338000E29CAFF71F9EF1C4209EAFF0219EA6BC29
:10339000229EB0F0239EF9C3259EB8C5269EBBD1C0
:1033A000289EB1F0299EB2F02A9EB3F02B9EB4F075
:1033B0002C9EB5F02D9EBCD12F9EECD1319EB7F046
:1033C000329EB6F0339EA7D4359ED2CD369EB8F04D
:1033D000379EBAF0389EB9F0399EBBF03A9EBCF0E9
:1033E0003D9EEBB83E9EBDF03F9EE8BA419EBEF0CA
:1033F000429EBFF0439EE9BE449EC0F0459EECB69F
:10340000469EC1F0479EC2F0489EC3F0499EC4F05C
:103410004A9EB5C84B9EC5F04C9EC6F04E9EC7F066
:103420004F9EF4C5519EC8F0559EC9F0579ECAF0F4
:10343000589EBDF75A9ECBF05B9ECCF05C9ECDF0C3
:103440005E9ECEF0639ECFF0649ED7BA669ED0F0AB
:10345000679ED1F0689ED2F0699ED3F06A9ED4F048
:103460006B9ED5F06C9ED6F06D9ED8F0709EA5D365
:10347000719ED7F0739ED9F07E9EBAF57F9EB9C239
:10348000829EE4F7879EE5F7889EE6F78B9EE7F736
:10349000929EE8F7939EB4C29D9EEAF79F9EEBF73B
:1034A000A69EF3C2B49EF0F4B89EEFF4BB9EE9C2B0
:1034B000BD9EE1F7BE9EE2F7C49EC6BBC99EE4D99D
:1034C000CD9EF2CACE9EE8C0CF9EA4F0D19EDABABD
:1034D000D49EADC7D89EACC4DB9EECF7DC9EEDF766
:1034E000DD9EEEF7DF9EF0F7E09EEFF7E29EF1F74C
:1034F000E59EF4F7E79EF3F7E99EF2F7EA9EF5F70B
:10350000EF9EF6F7F99EE9EDFB9EEAEDFC9EEBEDF2
:10351000FE9EBCF60B9FBDF60D9FBEF60E9FA6B697
:10352000109FBED8139FC4B9179FBBD8199FB1DC99
:10353000209FF3CA229FF7F72C9FF8F72F9FF9F7E8
:10354000379FFBF7399FFAF73B9FC7B13D9FFCF7C9
:103550003E9FFDF7449FFEF7509FEBC6519FB4EC92
:103560007F9FDDB3809FB3F6839FB4F6849FE4C151
:10357000859FB5F6869FB6F6879FB7F6889FB8F603
:10358000899FB9F68A9FBAF68B9FA3C88C9FBBF61A
:10359000999FFAC19A9FA8B99B9FE8ED9F9FEAB9AE
:1035A000A09FDFD901FFA1A302FFA2A303FFA3A352
:1035B00004FFE7A105FFA5A306FFA6A307FFA7A396
:1035C00008FFA8A309FFA9A30AFFAAA30BFFABA3A7
:1035D0000CFFACA30DFFADA30EFFAEA30FFFAFA377
:1035E00010FFB0A311FFB1A312FFB2A313FFB3A347
:1035F00014FFB4A315FFB5A316FFB6A317FFB7A317
:1036000018FFB8A319FFB9A31AFFBAA31BFFBBA3E6
:103610001CFFBCA31DFFBDA31EFFBEA31FFFBFA3B6
:1036200020FFC0A321FFC1A322FFC2A323FFC3A386
:1036300024FFC4A325FFC5A326FFC6A327FFC7A356
:1036400028FFC8A329FFC9A32AFFCAA32BFFCBA326
:103650002CFFCCA32DFFCDA32EFFCEA32FFFCFA3F6
:1036600030FFD0A331FFD1A332FFD2A333FFD3A3C6
:1036700034FFD4A335FFD5A336FFD6A337FFD7A396
:1036800038FFD8A339FFD9A33AFFDAA33BFFDBA366
:103690003CFFDCA33DFFDDA33EFFDEA33FFFDFA336
:1036A00040FFE0A341FFE1A342FFE2A343FFE3A306
:1036B00044FFE4A345FFE5A346FFE6A347FFE7A3D6
:1036C00048FFE8A349FFE9A34AFFEAA34BFFEBA3A6
:1036D0004CFFECA34DFFEDA34EFFEEA34FFFEFA376
:1036E00050FFF0A351FFF1A352FFF2A353FFF3A346
:1036F00054FFF4A355FFF5A356FFF6A357FFF7A316
:1037000058FFF8A359FFF9A35AFFFAA35BFFFBA3E5
:103710005CFFFCA35DFFFDA35EFFABA1E0FFE9A1A1
:10372000E1FFEAA1E3FFFEA3E5FFA4A330313233BA
:1037300034353637383941424344454640305800E5
:103740003031323334353637383961626364656617
:103750004030780004000008000000000000000273
:10376000000100001000000002400000000000A066
:103770000000000005400000000000C8000000003C
:103780000C4000000000409C0000000019400000B8
:103790000020BCBE0000000034400000BFC91B8EEA
:1037A00000000004B5400000504BCFD06607E2CFC8
:1037B000010000006C4100003E8251AADFEEA734F8
:1037C00001000000D9420000DCB5A0E23A301F97AA
:1037D000FFFFFFFFB4450000FD25A0C8E9A3C14FCE
:1037E000FFFFFFFFFF3F000000000080000000001F
:1037F000FF3F0000000000800000000041542B4308
:103800005245470D0A0000000D0A4F4B0D0A0000FB
:1038100041544F0D0A00000041542B4353510D0AEF
:103820000000000041542B524542540D0A00000094
:103830000D0A434F4E4E4543540D0A000D0A2B43CB
:1038400053513A20000000002B2B2B007B224944CF
:10385000223A222573222C22534E223A2225732209
:103860002C22436D64223A223231222C2241636B96
:10387000223A223030222C2254696D65223A7B2272
:1038800079656172223A25642C226D6F6E7468220C
:103890003A25642C22646179223A25642C22686FCF
:1038A0007572223A25642C226D696E757465223A10
:1038B00025642C227365636F6E64223A25647D7DD6
:1038C00000000000183A020800000020C40D0000AB
:1038D0006C010008543D0208C40D00202CAC00000F
:1038E000D0010008000000000000F07F100100007F
:1038F00043000000F8FFFFFF0040404040404040D0
:1039000040404141414141404040404040404040B2
:103910004040404040404040400502020202020256
:1039200002020202020202020220202020202020A5
:1039300020202002020202020202909090909090B9
:103940001010101010101010101010101010101077
:1039500010101010020202020202888888888888EB
:1039600008080808080808080808080808080808D7
:1039700008080808020202024000000000000000DF
:103980000000000000000000000000000000000037
:103990000000000000000000000000000000000027
:1039A0000000000000000000000000000000000017
:1039B0000000000000000000000000000000000007
:1039C00000000000000000000000000000000000F7
:1039D00000000000000000000000000000000000E7
:1039E00000000000000000000000000000000000D7
:1039F0000000000000000000000000001C000000AB
:103A000043000000F8FFFFFF0C0000000E00000064
:103A10000F0000002E000000500600A24A04000122
:103A2000600901020304060708090C611020050261
:103A300004060820200680020000200940125000E1
:103A400000EF320008153300081C1000201C60171E
:103A5000E101037C8000011207CAF02C132700004B
:103A600034440000406100006489000009A800009F
:103A700002C300002BE300006E1501001A2C0100A8
:103A8000E1520100A9D2000421183010613D01006B
:103A9000D11401009B7700002DF30008430AD908D8
:103AA00043B3BD084387A00843866A0844073E3EE7
:103AB00000001E180413F5D6280006887E000003B7
:103AC000000170040100040405CA6400061D100012
:103AD0000800FF01021C3001091F54013E40E01C98
:103AE000001800474C3230323133393836363831ED
:103AF00038333330363837303438356302F6000126
:103B00003C049112233C031EA05803040C333339A8
:103B10002E39362E31302E3235113C0631313838BF
:103B2000338E045C045443509804400C63726774F1
:103B300056656E64696E67246009323334353637F2
:103B40003839343110C9E8021306150A1F304F0402
:103B5000053C79D987B00E8997A9A210064838028A
:103B60000810041218041006FC370208241012086A
:103B70000C123C0412300C9C06004E554C4C8C052B
:103B8000011C0FD9E09987216C0552841C04F0496F
:103B90000280045D8F0409190CD3A00F4C340B3341
:103BA0003730313230313930317D0F103133C1038C
:103BB0002DAD06161024AC05474C48589006211030
:103BC00040072D303531312DE20DFF890309318E4B
:103BD0000004C308070001100AEF8901084D8A019B
:103BE000089B040D7365040A2801FC7C0E60EA0042
:103BF00000E5B7A8E7B1B3410030AD040C071041B0
:103C00004243444546DC07EC050001E02E75060EF4
:103C10005114A6050E5514FE0503DB2000012008F3
:103C2000C1814001C0804104610C2108E118A11C40
:103C3000011A30011638013660012E70012F600024
:103C4000FF00C0C101C30302C2C60607C705C5C441
:103C500004CC0C0DCD0FCFCE0E0ACACB0BC9090870
:103C6000C8D81819D91BDBDA1A1EDEDF1FDD1D1CB0
:103C7000DC14D4D515D71716D6D21213D311D1D040
:103C800010F03031F133F3F23236F6F737F53534E0
:103C9000F43CFCFD3DFF3F3EFEFA3A3BFB39F9F8B0
:103CA0003828E8E929EB2B2AEAEE2E2FEF2DEDEC50
:103CB0002CE42425E527E7E62622E2E323E1212080
:103CC000E0A06061A163A3A26266A6A767A5656480
:103CD000A46CACAD6DAF6F6EAEAA6A6BAB69A9A8F0
:103CE0006878B8B979BB7B7ABABE7E7FBF7DBDBC30
:103CF0007CB47475B577B7B67672B2B373B17170C0
:103D0000B05090915193535292965657975595941F
:103D1000549C5C5D9D5F9F9E5E5A9A9B5B9959582F
:103D200098884849894B8B8A4A4E8E8F4F8D4D4CCF
:103D30008C448485458747468682424383418180FF
:103D40000E4840C204000B00D5FDB3A300B9CAD58C
:043D5000CF000000A0
:0400000508000131BD
:00000001FF
